timestamp,sequence_id,mid_price,spread,best_bid,best_bid_size,best_ask,best_ask_size,total_bid_depth,total_ask_depth,last_trade_price,last_trade_size,last_trade_side,num_recent_trades,bid_price_0,bid_size_0,bid_price_1,bid_size_1,bid_price_2,bid_size_2,bid_price_3,bid_size_3,bid_price_4,bid_size_4,ask_price_0,ask_size_0,ask_price_1,ask_size_1,ask_price_2,ask_size_2,ask_price_3,ask_size_3,ask_price_4,ask_size_4
1700000000.0,0,99.985,0.06999999999999318,99.95,294.7,100.02,856.0,2636.3,5530.1,100.02,41.8,BUY,5,99.95,294.7,99.94,58.7,99.93,1659.6,99.92,601.8,99.91,21.5,100.02,856.0,100.03,533.5,100.04,2285.6,100.05,68.1,100.06,1786.9
1700000000.5,1,99.96000000000001,0.05999999999998806,99.93,102.5,99.99,26.7,2166.0,5438.4,99.99,18.1,BUY,6,99.93,102.5,99.92,1150.8,99.91,245.1,99.9,77.5,99.89,590.1,99.99,26.7,100.0,280.3,100.01,1621.2,100.02,52.5,100.03,3457.7
1700000001.0,2,99.94,0.060000000000002274,99.91,449.6,99.97,181.2,2938.1000000000004,5180.2,99.97,14.9,BUY,3,99.91,449.6,99.9,226.0,99.89,753.6,99.88,1247.6,99.87,261.3,99.97,181.2,99.98,1148.2,99.99,289.9,100.0,2440.1,100.01,1120.8
1700000001.5,3,99.92,0.060000000000002274,99.89,34.2,99.95,50.1,2166.3999999999996,5147.799999999999,99.95,48.6,BUY,2,99.89,34.2,99.88,507.2,99.87,43.0,99.86,894.2,99.85,687.8,99.95,50.1,99.96,163.0,99.97,241.3,99.98,1460.8,99.99,3232.6
1700000002.0,4,99.91,0.060000000000002274,99.88,125.1,99.94,1124.5,782.1999999999999,3150.4,99.94,30.4,BUY,1,99.88,125.1,99.87,170.7,99.86,360.2,99.85,103.8,99.84,22.4,99.94,1124.5,99.95,252.5,99.96,666.2,99.97,384.7,99.98,722.5
1700000002.5,5,99.88,0.060000000000002274,99.85,249.4,99.91,1883.6,2794.3,4271.4,99.91,14.2,BUY,3,99.85,249.4,99.84,118.1,99.83,1102.4,99.82,519.5,99.81,804.9,99.91,1883.6,99.92,33.8,99.93,951.4,99.94,754.6,99.95,648.0
1700000003.0,6,99.84,0.060000000000002274,99.81,141.7,99.87,606.0,2240.6000000000004,2197.3,99.87,5.0,BUY,3,99.81,141.7,99.8,505.7,99.79,712.0,99.78,130.7,99.77,750.5,99.87,606.0,99.88,231.0,99.89,672.0,99.9,512.5,99.91,175.8
1700000003.5,7,99.84,0.060000000000002274,99.81,194.1,99.87,87.5,5659.7,5112.6,99.84,0.0,BUY,0,99.81,194.1,99.8,3011.3,99.79,1336.6,99.78,176.0,99.77,941.7,99.87,87.5,99.88,2387.0,99.89,293.6,99.9,2069.0,99.91,275.5
1700000004.0,8,99.845,0.06999999999999318,99.81,165.6,99.88,869.4,1843.7,3880.7,99.845,0.0,BUY,0,99.81,165.6,99.8,38.0,99.79,693.2,99.78,10.0,99.77,936.9,99.88,869.4,99.89,46.9,99.9,520.3,99.91,2295.9,99.92,148.2
1700000004.5,9,99.83,0.060000000000002274,99.8,61.0,99.86,2547.4,1257.1,4911.700000000001,99.86,24.6,BUY,2,99.8,61.0,99.79,243.7,99.78,595.9,99.77,281.1,99.76,75.4,99.86,2547.4,99.87,597.0,99.88,33.3,99.89,1216.2,99.9,517.8
1700000005.0,10,99.81,0.060000000000002274,99.78,321.2,99.84,944.8,1445.3000000000002,5940.700000000001,99.78,14.0,SELL,3,99.78,321.2,99.77,172.4,99.76,582.8,99.75,275.2,99.74,93.7,99.84,944.8,99.85,28.6,99.86,935.0,99.87,3843.7,99.88,188.6
1700000005.5,11,99.77,0.060000000000002274,99.74,10.0,99.8,263.7,6026.0,6935.8,99.8,9.6,BUY,5,99.74,10.0,99.73,634.5,99.72,1055.4,99.71,1192.9,99.7,3133.2,99.8,263.7,99.81,657.8,99.82,846.2,99.83,2963.4,99.84,2204.7
1700000006.0,12,99.75,0.060000000000002274,99.72,2012.2,99.78,544.3,3093.3,10338.099999999999,99.78,32.2,BUY,1,99.72,2012.2,99.71,297.8,99.7,486.1,99.69,205.8,99.68,91.4,99.78,544.3,99.79,301.9,99.8,1501.8,99.81,3972.4,99.82,4017.7
1700000006.5,13,99.72,0.060000000000002274,99.69,90.6,99.75,574.4,1550.6,4875.299999999999,99.69,8.8,SELL,1,99.69,90.6,99.68,145.6,99.67,157.1,99.66,317.9,99.65,839.4,99.75,574.4,99.76,1888.8,99.77,76.7,99.78,29.7,99.79,2305.7
1700000007.0,14,99.69,0.060000000000002274,99.66,41.5,99.72,960.9,1697.5,6828.700000000001,99.72,11.1,BUY,5,99.66,41.5,99.65,71.5,99.64,500.3,99.63,161.7,99.62,922.5,99.72,960.9,99.73,618.7,99.74,2809.4,99.75,1223.3,99.76,1216.4
1700000007.5,15,99.66,0.060000000000002274,99.63,974.3,99.69,577.2,2547.9,4299.8,99.69,11.6,BUY,2,99.63,974.3,99.62,674.9,99.61,752.3,99.6,87.9,99.59,58.5,99.69,577.2,99.7,827.2,99.71,1591.3,99.72,189.8,99.73,1114.3
1700000008.0,16,99.65,0.060000000000002274,99.62,245.3,99.68,775.7,3103.8,3884.0,99.68,15.9,BUY,8,99.62,245.3,99.61,924.0,99.6,189.2,99.59,1563.0,99.58,182.3,99.68,775.7,99.69,163.7,99.7,708.4,99.71,1228.9,99.72,1007.3
1700000008.5,17,99.62,0.060000000000002274,99.59,1480.3,99.65,307.9,4104.7,6385.5,99.65,21.1,BUY,7,99.59,1480.3,99.58,120.5,99.57,321.8,99.56,1419.7,99.55,762.4,99.65,307.9,99.66,265.9,99.67,822.2,99.68,356.6,99.69,4632.9
1700000009.0,18,99.6,0.060000000000002274,99.57,267.6,99.63,558.7,1076.3000000000002,5160.0,99.63,42.9,BUY,3,99.57,267.6,99.56,74.1,99.55,23.1,99.54,441.3,99.53,270.2,99.63,558.7,99.64,641.1,99.65,2400.1,99.66,503.5,99.67,1056.6
1700000009.5,19,99.56,0.060000000000002274,99.53,81.9,99.59,810.8,1313.6,3404.1000000000004,99.53,23.7,SELL,4,99.53,81.9,99.52,241.7,99.51,195.1,99.5,108.8,99.49,686.1,99.59,810.8,99.6,166.4,99.61,369.1,99.62,1462.0,99.63,595.8
1700000010.0,20,99.53,0.060000000000002274,99.5,133.0,99.56,204.7,1812.0,2944.0,99.56,45.0,BUY,3,99.5,133.0,99.49,104.9,99.48,633.6,99.47,643.3,99.46,297.2,99.56,204.7,99.57,513.3,99.58,76.2,99.59,460.9,99.6,1688.9
1700000010.5,21,90.77,0.060000000000002274,90.74,69.2,90.8,1070.5,2332.3,4323.9,90.8,59.8,BUY,3,90.74,69.2,90.73,10.0,90.72,551.0,90.71,1098.3,90.7,603.8,90.8,1070.5,90.81,387.5,90.82,605.0,90.83,10.0,90.84,2250.9
1700000011.0,22,90.75,0.060000000000002274,90.72,230.8,90.78,2924.0,5279.900000000001,8204.2,90.78,30.9,BUY,1,90.72,230.8,90.71,668.6,90.7,1974.2,90.69,461.9,90.68,1944.4,90.78,2924.0,90.79,1146.1,90.8,972.7,90.81,1195.2,90.82,1966.2
1700000011.5,23,90.73,0.060000000000002274,90.7,33.1,90.76,641.5,2457.9,7569.3,90.76,10.5,BUY,3,90.7,33.1,90.69,275.3,90.68,135.8,90.67,1904.6,90.66,109.1,90.76,641.5,90.77,519.0,90.78,253.1,90.79,3230.4,90.8,2925.3
1700000012.0,24,90.71000000000001,0.05999999999998806,90.68,179.3,90.74,1184.7,4478.7,6874.799999999999,90.74,30.3,BUY,4,90.68,179.3,90.67,424.8,90.66,465.5,90.65,1792.6,90.64,1616.5,90.74,1184.7,90.75,1763.1,90.76,324.7,90.77,1698.4,90.78,1903.9
1700000012.5,25,90.7,0.060000000000002274,90.67,75.5,90.73,137.4,696.2,5688.0,90.73,5.0,BUY,1,90.67,75.5,90.66,15.1,90.65,185.5,90.64,13.9,90.63,406.2,90.73,137.4,90.74,204.5,90.75,585.9,90.76,779.5,90.77,3980.7
1700000013.0,26,90.68,0.05999999999998806,90.65,219.2,90.71,194.5,2374.7,4055.5,90.68,0.0,BUY,0,90.65,219.2,90.64,313.1,90.63,241.8,90.62,433.8,90.61,1166.8,90.71,194.5,90.72,1689.7,90.73,47.3,90.74,466.8,90.75,1657.2
1700000013.5,27,90.67,0.060000000000002274,90.64,203.8,90.7,276.2,1817.6,3581.6000000000004,90.7,80.9,BUY,1,90.64,203.8,90.63,553.5,90.62,329.0,90.61,174.1,90.6,557.2,90.7,276.2,90.71,646.3,90.72,109.7,90.73,2268.1,90.74,281.3
1700000014.0,28,90.65,0.060000000000002274,90.62,134.3,90.68,111.8,5240.6,2183.7,90.68,16.0,BUY,2,90.62,134.3,90.61,436.1,90.6,67.7,90.59,1466.7,90.58,3135.8,90.68,111.8,90.69,134.6,90.7,1349.7,90.71,571.9,90.72,15.7
1700000014.5,29,90.64,0.060000000000002274,90.61,505.4,90.67,613.1,3778.2,2996.6000000000004,90.61,66.7,SELL,7,90.61,505.4,90.6,534.3,90.59,1307.2,90.58,1343.4,90.57,87.9,90.67,613.1,90.68,554.4,90.69,38.7,90.7,317.6,90.71,1472.8
1700000015.0,30,90.62,0.060000000000002274,90.59,817.7,90.65,33.0,3085.0,2501.0,90.59,25.3,SELL,6,90.59,817.7,90.58,516.2,90.57,628.3,90.56,177.3,90.55,945.5,90.65,33.0,90.66,170.5,90.67,501.7,90.68,194.3,90.69,1601.5
1700000015.5,31,90.61,0.060000000000002274,90.58,236.0,90.64,2526.6,1719.7,6233.2,90.64,18.6,BUY,8,90.58,236.0,90.57,76.3,90.56,446.7,90.55,786.4,90.54,174.3,90.64,2526.6,90.65,131.4,90.66,2558.5,90.67,96.5,90.68,920.2
1700000016.0,32,90.59,0.060000000000002274,90.56,245.7,90.62,442.6,1257.4,5017.0,90.62,23.6,BUY,2,90.56,245.7,90.55,141.6,90.54,342.0,90.53,86.2,90.52,441.9,90.62,442.6,90.63,1214.2,90.64,408.9,90.65,2177.1,90.66,774.2
1700000016.5,33,90.565,0.06999999999999318,90.53,200.1,90.6,1126.3,1659.3999999999999,5727.3,90.6,33.9,BUY,2,90.53,200.1,90.52,397.4,90.51,599.1,90.5,432.2,90.49,30.6,90.6,1126.3,90.61,2054.9,90.62,2095.5,90.63,276.1,90.64,174.5
1700000017.0,34,90.53999999999999,0.05999999999998806,90.51,214.9,90.57,631.3,1172.2,8988.3,90.57,16.4,BUY,2,90.51,214.9,90.5,25.0,90.49,377.4,90.48,71.1,90.47,483.8,90.57,631.3,90.58,1998.2,90.59,741.3,90.6,443.8,90.61,5173.7
1700000017.5,35,90.53999999999999,0.05999999999998806,90.51,642.9,90.57,180.7,3983.7000000000003,9290.599999999999,90.57,12.7,BUY,7,90.51,642.9,90.5,387.0,90.49,77.4,90.48,2268.8,90.47,607.6,90.57,180.7,90.58,1879.8,90.59,77.0,90.6,7037.8,90.61,115.3
1700000018.0,36,90.53,0.060000000000002274,90.5,602.3,90.56,270.4,1144.3000000000002,3544.6000000000004,90.56,86.3,BUY,3,90.5,602.3,90.49,52.7,90.48,10.0,90.47,399.9,90.46,79.4,90.56,270.4,90.57,1383.1,90.58,41.0,90.59,375.8,90.6,1474.3
1700000018.5,37,90.51,0.060000000000002274,90.48,160.9,90.54,2124.2,886.0,5475.0,90.54,26.8,BUY,3,90.48,160.9,90.47,99.5,90.46,181.0,90.45,60.9,90.44,383.7,90.54,2124.2,90.55,903.4,90.56,355.3,90.57,800.9,90.58,1291.2
1700000019.0,38,90.485,0.06999999999999318,90.45,786.5,90.52,312.6,3674.5,3722.6,90.52,15.5,BUY,2,90.45,786.5,90.44,613.8,90.43,736.4,90.42,694.8,90.41,843.0,90.52,312.6,90.53,1806.5,90.54,340.8,90.55,582.3,90.56,680.4
1700000019.5,39,90.45,0.060000000000002274,90.42,45.7,90.48,94.6,2381.7999999999997,4576.599999999999,90.45,0.0,BUY,0,90.42,45.7,90.41,134.7,90.4,542.8,90.39,1418.9,90.38,239.7,90.48,94.6,90.49,1873.8,90.5,521.7,90.51,930.8,90.52,1155.7
1700000020.0,40,90.42,0.060000000000002274,90.39,487.5,90.45,555.2,1500.9,1854.1,90.39,48.0,SELL,2,90.39,487.5,90.38,590.2,90.37,231.9,90.36,77.7,90.35,113.6,90.45,555.2,90.46,18.5,90.47,444.8,90.48,456.7,90.49,378.9
1700000020.5,41,90.41,0.060000000000002274,90.38,185.1,90.44,76.4,2261.3,3424.3999999999996,90.41,0.0,BUY,0,90.38,185.1,90.37,285.3,90.36,897.6,90.35,543.0,90.34,350.3,90.44,76.4,90.45,531.8,90.46,501.3,90.47,1569.6,90.48,745.3
1700000021.0,42,90.4,0.060000000000002274,90.37,543.5,90.43,139.4,3818.5,4883.2,90.4,0.0,BUY,0,90.37,543.5,90.36,1227.5,90.35,997.1,90.34,673.6,90.33,376.8,90.43,139.4,90.44,1093.5,90.45,366.7,90.46,1856.1,90.47,1427.5
1700000021.5,43,90.38,0.060000000000002274,90.35,459.3,90.41,528.3,3999.3,4790.5,90.41,32.7,BUY,4,90.35,459.3,90.34,605.3,90.33,1535.7,90.32,1251.9,90.31,147.1,90.41,528.3,90.42,1948.9,90.43,789.3,90.44,1376.3,90.45,147.7
1700000022.0,44,90.7,0.060000000000002274,90.67,527.0,90.73,46.1,3151.1000000000004,2702.8,90.73,10.6,BUY,4,90.67,527.0,90.66,295.1,90.65,809.3,90.64,470.0,90.63,1049.7,90.73,46.1,90.74,308.0,90.75,103.1,90.76,519.1,90.77,1726.5
1700000022.5,45,90.685,0.04999999999999716,90.66,347.2,90.71,994.0,1671.4,2368.7,90.71,5.0,BUY,3,90.66,347.2,90.65,467.5,90.64,313.6,90.63,143.3,90.62,399.8,90.71,994.0,90.72,191.7,90.73,473.4,90.74,149.9,90.75,559.7
1700000023.0,46,90.65,0.060000000000002274,90.62,78.8,90.68,970.8,1391.0,8396.7,90.62,54.7,SELL,4,90.62,78.8,90.61,202.8,90.6,546.9,90.59,376.9,90.58,185.6,90.68,970.8,90.69,916.1,90.7,1551.7,90.71,3540.0,90.72,1418.1
1700000023.5,47,90.63,0.060000000000002274,90.6,511.3,90.66,548.7,3121.3,4826.0,90.66,30.2,BUY,3,90.6,511.3,90.59,189.0,90.58,479.7,90.57,455.7,90.56,1485.6,90.66,548.7,90.67,1474.9,90.68,1146.3,90.69,1622.3,90.7,33.8
1700000024.0,48,90.63,0.060000000000002274,90.6,94.4,90.66,36.1,1225.8,4436.4,90.66,49.8,BUY,3,90.6,94.4,90.59,259.4,90.58,263.8,90.57,387.2,90.56,221.0,90.66,36.1,90.67,659.4,90.68,776.6,90.69,390.3,90.7,2574.0
1700000024.5,49,90.64,0.060000000000002274,90.61,487.1,90.67,627.2,2004.8,4858.999999999999,90.67,19.4,BUY,1,90.61,487.1,90.6,81.6,90.59,687.2,90.58,649.3,90.57,99.6,90.67,627.2,90.68,280.0,90.69,3005.7,90.7,689.7,90.71,256.4
1700000025.0,50,90.65,0.060000000000002274,90.62,93.9,90.68,1443.2,3272.5,4291.6,90.68,36.1,BUY,5,90.62,93.9,90.61,1702.1,90.6,27.1,90.59,413.7,90.58,1035.7,90.68,1443.2,90.69,354.6,90.7,442.3,90.71,1594.2,90.72,457.3
1700000025.5,51,90.63,0.060000000000002274,90.6,997.0,90.66,57.4,2467.6,2460.1000000000004,90.63,0.0,BUY,0,90.6,997.0,90.59,35.1,90.58,578.6,90.57,91.8,90.56,765.1,90.66,57.4,90.67,448.0,90.68,1225.0,90.69,557.9,90.7,171.8
1700000026.0,52,90.62,0.060000000000002274,90.59,107.1,90.65,752.1,1402.1,2527.8,90.65,34.5,BUY,1,90.59,107.1,90.58,671.3,90.57,244.7,90.56,212.0,90.55,167.0,90.65,752.1,90.66,671.4,90.67,115.6,90.68,13.5,90.69,975.2
1700000026.5,53,90.6,0.060000000000002274,90.57,10.0,90.63,208.5,1153.6,5059.8,90.63,47.7,BUY,4,90.57,10.0,90.56,201.4,90.55,339.2,90.54,296.0,90.53,307.0,90.63,208.5,90.64,478.7,90.65,1888.6,90.66,2242.8,90.67,241.2
1700000027.0,54,90.58,0.060000000000002274,90.55,79.1,90.61,29.1,3289.5,6938.0,90.61,179.2,BUY,3,90.55,79.1,90.54,244.2,90.53,703.4,90.52,1226.4,90.51,1036.4,90.61,29.1,90.62,44.3,90.63,799.1,90.64,578.8,90.65,5486.7
1700000027.5,55,90.56,0.060000000000002274,90.53,415.1,90.59,60.1,2068.5,4246.7,90.53,17.4,SELL,4,90.53,415.1,90.52,371.8,90.51,743.9,90.5,161.2,90.49,376.5,90.59,60.1,90.6,92.6,90.61,426.5,90.62,1442.5,90.63,2225.0
1700000028.0,56,69.87,0.060000000000002274,69.84,311.1,69.9,788.2,1659.2,4404.2,69.84,87.5,SELL,3,69.84,311.1,69.83,533.5,69.82,124.6,69.81,14.7,69.8,675.3,69.9,788.2,69.91,531.4,69.92,1613.6,69.93,912.1,69.94,558.9
1700000028.5,57,69.87,0.060000000000002274,69.84,69.0,69.9,85.0,3140.1,4002.3999999999996,69.9,143.1,BUY,2,69.84,69.0,69.83,10.0,69.82,1966.3,69.81,534.3,69.8,560.5,69.9,85.0,69.91,291.2,69.92,1224.1,69.93,581.8,69.94,1820.3
1700000029.0,58,69.85,0.060000000000002274,69.82,293.5,69.88,250.2,1011.5,4506.0,69.88,8.0,BUY,4,69.82,293.5,69.81,344.7,69.8,99.4,69.79,250.6,69.78,23.3,69.88,250.2,69.89,42.4,69.9,1061.1,69.91,2680.1,69.92,472.2
1700000029.5,59,69.83,0.060000000000002274,69.8,504.3,69.86,385.9,4566.9,4201.0,69.8,80.0,SELL,1,69.8,504.3,69.79,189.3,69.78,100.1,69.77,426.1,69.76,3347.1,69.86,385.9,69.87,1095.6,69.88,788.3,69.89,86.5,69.9,1844.7
1700000030.0,60,69.81,0.060000000000002274,69.78,254.3,69.84,137.2,1356.8999999999999,3104.3999999999996,69.84,66.1,BUY,3,69.78,254.3,69.77,165.7,69.76,148.3,69.75,132.3,69.74,656.3,69.84,137.2,69.85,139.3,69.86,1830.9,69.87,591.8,69.88,405.2
1700000030.5,61,69.8,0.060000000000002274,69.77,201.6,69.83,497.8,1571.0,2421.1000000000004,69.77,57.9,SELL,3,69.77,201.6,69.76,53.1,69.75,480.5,69.74,310.5,69.73,525.3,69.83,497.8,69.84,404.6,69.85,85.2,69.86,195.2,69.87,1238.3
1700000031.0,62,69.78999999999999,0.05999999999998806,69.76,417.2,69.82,1553.6,1771.4,6328.7,69.76,11.6,SELL,2,69.76,417.2,69.75,375.1,69.74,783.1,69.73,152.5,69.72,43.5,69.82,1553.6,69.83,108.8,69.84,809.2,69.85,1600.5,69.86,2256.6
1700000031.5,63,69.78,0.060000000000002274,69.75,75.0,69.81,407.1,1382.3000000000002,2340.9,69.81,19.6,BUY,5,69.75,75.0,69.74,399.6,69.73,52.2,69.72,288.0,69.71,567.5,69.81,407.1,69.82,10.0,69.83,1407.5,69.84,354.8,69.85,161.5
1700000032.0,64,69.76,0.060000000000002274,69.73,91.8,69.79,2535.6,933.0,3872.8999999999996,69.79,72.7,BUY,2,69.73,91.8,69.72,297.7,69.71,419.5,69.7,41.8,69.69,82.2,69.79,2535.6,69.8,201.7,69.81,105.4,69.82,391.7,69.83,638.5
1700000032.5,65,69.74,0.060000000000002274,69.71,712.5,69.77,70.8,2218.3999999999996,7742.4,69.71,24.4,SELL,3,69.71,712.5,69.7,152.9,69.69,33.5,69.68,1292.3,69.67,27.2,69.77,70.8,69.78,899.5,69.79,1204.5,69.8,66.9,69.81,5500.7
1700000033.0,66,69.735,0.06999999999999318,69.7,68.9,69.77,503.8,1859.0000000000002,6326.5,69.77,23.8,BUY,3,69.7,68.9,69.69,352.1,69.68,1271.4,69.67,94.2,69.66,72.4,69.77,503.8,69.78,1279.2,69.79,408.2,69.8,554.6,69.81,3580.7
1700000033.5,67,69.71000000000001,0.05999999999998806,69.68,271.6,69.74,692.1,2883.7999999999997,7158.099999999999,69.74,26.9,BUY,2,69.68,271.6,69.67,177.7,69.66,258.7,69.65,1975.7,69.64,200.1,69.74,692.1,69.75,490.0,69.76,1662.5,69.77,4121.7,69.78,191.8
1700000034.0,68,69.68,0.05999999999998806,69.65,210.4,69.71,1449.6,1923.2,4455.400000000001,69.71,15.6,BUY,4,69.65,210.4,69.64,686.6,69.63,109.2,69.62,270.5,69.61,646.5,69.71,1449.6,69.72,727.9,69.73,369.9,69.74,1041.2,69.75,866.8
1700000034.5,69,69.69,0.060000000000002274,69.66,82.3,69.72,1148.9,943.6,2623.5000000000005,69.72,9.1,BUY,2,69.66,82.3,69.65,160.2,69.64,510.7,69.63,88.8,69.62,101.6,69.72,1148.9,69.73,264.2,69.74,227.4,69.75,865.2,69.76,117.8
1700000035.0,70,69.685,0.04999999999999716,69.66,277.4,69.71,157.8,2600.3,5821.5,69.66,10.1,SELL,3,69.66,277.4,69.65,275.0,69.64,194.0,69.63,264.2,69.62,1589.7,69.71,157.8,69.72,11.7,69.73,2884.1,69.74,1230.2,69.75,1537.7
1700000035.5,71,69.67,0.060000000000002274,69.64,320.2,69.7,312.4,3194.7999999999997,4856.8,69.64,144.4,SELL,6,69.64,320.2,69.63,239.4,69.62,54.3,69.61,243.7,69.6,2337.2,69.7,312.4,69.71,325.2,69.72,759.7,69.73,952.7,69.74,2506.8
1700000036.0,72,69.65,0.060000000000002274,69.62,28.5,69.68,46.2,937.5999999999999,7912.900000000001,69.68,52.0,BUY,1,69.62,28.5,69.61,85.6,69.6,360.8,69.59,178.4,69.58,284.3,69.68,46.2,69.69,1965.7,69.7,406.9,69.71,4945.0,69.72,549.1
1700000036.5,73,69.64,0.060000000000002274,69.61,78.0,69.67,394.2,1050.4,1876.8,69.67,53.4,BUY,3,69.61,78.0,69.6,221.4,69.59,126.3,69.58,296.6,69.57,328.1,69.67,394.2,69.68,139.9,69.69,488.7,69.7,716.8,69.71,137.2
1700000037.0,74,69.62,0.060000000000002274,69.59,536.7,69.65,269.6,3320.8,2701.8,69.65,48.7,BUY,6,69.59,536.7,69.58,1103.6,69.57,812.3,69.56,145.5,69.55,722.7,69.65,269.6,69.66,810.0,69.67,600.2,69.68,295.1,69.69,726.9
1700000037.5,75,69.61,0.060000000000002274,69.58,257.6,69.64,13.9,2369.5,6328.1,69.58,10.9,SELL,3,69.58,257.6,69.57,213.6,69.56,706.6,69.55,1181.7,69.54,10.0,69.64,13.9,69.65,10.0,69.66,598.1,69.67,158.8,69.68,5547.3
1700000038.0,76,69.59,0.060000000000002274,69.56,18.8,69.62,153.9,1539.4,4253.9,69.62,60.3,BUY,4,69.56,18.8,69.55,41.2,69.54,140.2,69.53,421.8,69.52,917.4,69.62,153.9,69.63,10.0,69.64,1398.8,69.65,2063.0,69.66,628.2
1700000038.5,77,69.57,0.05999999999998806,69.54,93.3,69.6,712.8,1107.8999999999999,2778.8,69.6,22.8,BUY,4,69.54,93.3,69.53,106.2,69.52,257.8,69.51,583.3,69.5,67.3,69.6,712.8,69.61,590.1,69.62,987.2,69.63,150.2,69.64,338.5
1700000039.0,78,69.57,0.05999999999998806,69.54,33.3,69.6,2802.8,3608.8,5983.700000000001,69.6,15.1,BUY,2,69.54,33.3,69.53,43.6,69.52,420.2,69.51,735.7,69.5,2376.0,69.6,2802.8,69.61,2037.3,69.62,146.1,69.63,234.2,69.64,763.3
1700000039.5,79,69.55,0.060000000000002274,69.52,64.8,69.58,2055.8,1487.5,3675.1000000000004,69.58,9.1,BUY,2,69.52,64.8,69.51,442.9,69.5,125.7,69.49,418.6,69.48,435.5,69.58,2055.8,69.59,710.9,69.6,391.1,69.61,185.0,69.62,332.3
1700000040.0,80,69.53,0.060000000000002274,69.5,19.7,69.56,580.2,1517.9,5835.4,69.56,85.2,BUY,2,69.5,19.7,69.49,425.6,69.48,586.6,69.47,418.8,69.46,67.2,69.56,580.2,69.57,597.9,69.58,915.6,69.59,972.5,69.6,2769.2
1700000040.5,81,69.51,0.060000000000002274,69.48,833.2,69.54,713.8,4136.0,3636.4000000000005,69.54,28.7,BUY,4,69.48,833.2,69.47,426.3,69.46,667.2,69.45,104.5,69.44,2104.8,69.54,713.8,69.55,775.5,69.56,486.1,69.57,920.2,69.58,740.8
1700000041.0,82,69.49,0.060000000000002274,69.46,584.5,69.52,189.0,1907.6,9866.2,69.52,151.9,BUY,4,69.46,584.5,69.45,10.0,69.44,330.7,69.43,390.4,69.42,592.0,69.52,189.0,69.53,2515.4,69.54,1505.2,69.55,850.6,69.56,4806.0
1700000041.5,83,69.47,0.060000000000002274,69.44,93.4,69.5,688.1,2343.2,2827.0,69.44,19.1,SELL,5,69.44,93.4,69.43,279.1,69.42,1100.4,69.41,342.0,69.4,528.3,69.5,688.1,69.51,25.4,69.52,417.2,69.53,758.5,69.54,937.8
1700000042.0,84,69.46000000000001,0.05999999999998806,69.43,30.9,69.49,95.6,2906.9,4335.7,69.49,17.9,BUY,4,69.43,30.9,69.42,12.0,69.41,1241.8,69.4,697.8,69.39,924.4,69.49,95.6,69.5,747.8,69.51,1737.2,69.52,1723.7,69.53,31.4
1700000042.5,85,69.765,0.06999999999999318,69.73,336.4,69.8,639.7,1331.8999999999999,1706.9999999999998,69.8,17.4,BUY,6,69.73,336.4,69.72,189.4,69.71,342.9,69.7,209.6,69.69,253.6,69.8,639.7,69.81,585.9,69.82,339.6,69.83,95.1,69.84,46.7
1700000043.0,86,69.76,0.060000000000002274,69.73,140.9,69.79,677.8,3466.7,4452.1,69.79,23.5,BUY,1,69.73,140.9,69.72,396.9,69.71,987.7,69.7,776.2,69.69,1165.0,69.79,677.8,69.8,749.1,69.81,184.3,69.82,1632.4,69.83,1208.5
1700000043.5,87,69.75,0.060000000000002274,69.72,52.9,69.78,1564.2,1707.3000000000002,6904.200000000001,69.78,105.9,BUY,1,69.72,52.9,69.71,79.5,69.7,1102.7,69.69,173.0,69.68,299.2,69.78,1564.2,69.79,712.8,69.8,1371.7,69.81,2236.4,69.82,1019.1
1700000044.0,88,69.735,0.06999999999999318,69.7,215.3,69.77,186.6,2256.0999999999995,3806.0,69.77,61.4,BUY,3,69.7,215.3,69.69,156.5,69.68,311.0,69.67,1410.1,69.66,163.2,69.77,186.6,69.78,33.2,69.79,828.5,69.8,136.3,69.81,2621.4
1700000044.5,89,69.45,0.060000000000002274,69.42,234.5,69.48,461.1,1336.1000000000001,4596.8,69.42,7.1,SELL,2,69.42,234.5,69.41,37.0,69.4,359.1,69.39,268.8,69.38,436.7,69.48,461.1,69.49,819.3,69.5,1999.0,69.51,991.8,69.52,325.6
1700000045.0,90,69.44,0.060000000000002274,69.41,67.9,69.47,72.5,2039.6000000000001,3392.1000000000004,69.41,74.3,SELL,4,69.41,67.9,69.4,377.8,69.39,1415.9,69.38,168.0,69.37,10.0,69.47,72.5,69.48,170.5,69.49,887.7,69.5,164.0,69.51,2097.4
1700000045.5,91,69.42,0.060000000000002274,69.39,452.7,69.45,232.8,1790.6000000000001,3781.3,69.45,124.2,BUY,2,69.39,452.7,69.38,403.2,69.37,222.4,69.36,506.6,69.35,205.7,69.45,232.8,69.46,118.3,69.47,3262.8,69.48,129.6,69.49,37.8
1700000046.0,92,69.41,0.060000000000002274,69.38,516.0,69.44,1205.3,2660.9,6896.0,69.44,85.4,BUY,2,69.38,516.0,69.37,456.0,69.36,326.4,69.35,384.5,69.34,978.0,69.44,1205.3,69.45,2453.9,69.46,972.5,69.47,513.7,69.48,1750.6
1700000046.5,93,69.4,0.060000000000002274,69.37,62.6,69.43,501.1,3231.7000000000003,3711.4,69.43,5.0,BUY,5,69.37,62.6,69.36,745.3,69.35,1942.5,69.34,346.0,69.33,135.3,69.43,501.1,69.44,451.8,69.45,2412.4,69.46,189.1,69.47,157.0
1700000047.0,94,69.37,0.060000000000002274,69.34,163.2,69.4,14.9,1856.0,1635.6,69.4,33.9,BUY,5,69.34,163.2,69.33,784.3,69.32,78.3,69.31,128.3,69.3,701.9,69.4,14.9,69.41,704.2,69.42,866.5,69.43,18.0,69.44,32.0
1700000047.5,95,69.375,0.06999999999999318,69.34,1029.3,69.41,78.6,3557.2999999999997,2881.7999999999997,69.41,12.4,BUY,6,69.34,1029.3,69.33,1500.6,69.32,138.9,69.31,172.5,69.3,716.0,69.41,78.6,69.42,10.0,69.43,2243.2,69.44,69.3,69.45,480.7
1700000048.0,96,69.35,0.060000000000002274,69.32,210.7,69.38,803.4,1108.5,4586.5,69.38,22.8,BUY,3,69.32,210.7,69.31,61.5,69.3,287.3,69.29,449.7,69.28,99.3,69.38,803.4,69.39,205.7,69.4,1792.5,69.41,1477.9,69.42,307.0
1700000048.5,97,69.34,0.060000000000002274,69.31,1175.5,69.37,945.8,2258.6,4037.8,69.37,5.0,BUY,1,69.31,1175.5,69.3,144.0,69.29,26.4,69.28,508.1,69.27,404.6,69.37,945.8,69.38,1877.2,69.39,509.9,69.4,96.5,69.41,608.4
1700000049.0,98,69.34,0.060000000000002274,69.31,151.2,69.37,556.2,876.2,4226.8,69.31,153.8,SELL,4,69.31,151.2,69.3,329.8,69.29,146.0,69.28,113.4,69.27,135.8,69.37,556.2,69.38,239.4,69.39,212.2,69.4,1340.0,69.41,1879.0
1700000049.5,99,69.33,0.060000000000002274,69.3,118.4,69.36,10.0,1600.2,4184.1,69.3,39.7,SELL,3,69.3,118.4,69.29,180.0,69.28,482.4,69.27,670.6,69.26,148.8,69.36,10.0,69.37,201.7,69.38,500.5,69.39,2857.6,69.4,614.3
1700000050.0,100,69.32,0.05999999999998806,69.29,293.8,69.35,214.1,1525.0,2411.0,69.35,14.2,BUY,3,69.29,293.8,69.28,74.9,69.27,492.9,69.26,544.0,69.25,119.4,69.35,214.1,69.36,416.4,69.37,1120.1,69.38,43.3,69.39,617.1
1700000050.5,101,69.31,0.060000000000002274,69.28,413.4,69.34,214.5,2178.7999999999997,4275.0,69.34,93.2,BUY,3,69.28,413.4,69.27,952.4,69.26,359.4,69.25,152.8,69.24,300.8,69.34,214.5,69.35,173.0,69.36,1285.6,69.37,23.5,69.38,2578.4
1700000051.0,102,69.3,0.060000000000002274,69.27,476.3,69.33,822.4,1182.0,3649.1,69.33,91.1,BUY,3,69.27,476.3,69.26,43.6,69.25,24.3,69.24,380.0,69.23,257.8,69.33,822.4,69.34,1897.1,69.35,542.4,69.36,10.0,69.37,377.2
1700000051.5,103,77.99,0.060000000000002274,77.96,265.4,78.02,1257.7,2978.9,2867.5,78.02,25.6,BUY,1,77.96,265.4,77.95,59.4,77.94,132.8,77.93,286.5,77.92,2234.8,78.02,1257.7,78.03,459.6,78.04,259.5,78.05,262.4,78.06,628.3
1700000052.0,104,77.97,0.060000000000002274,77.94,358.3,78.0,348.2,3176.2999999999997,4262.1,78.0,31.3,BUY,5,77.94,358.3,77.93,420.8,77.92,30.4,77.91,1784.7,77.9,582.1,78.0,348.2,78.01,105.8,78.02,269.2,78.03,72.5,78.04,3466.4
1700000052.5,105,77.95,0.060000000000002274,77.92,222.1,77.98,1176.5,2186.1,4828.0,77.98,18.9,BUY,5,77.92,222.1,77.91,296.8,77.9,924.9,77.89,172.6,77.88,569.7,77.98,1176.5,77.99,133.7,78.0,443.0,78.01,2668.3,78.02,406.5
1700000053.0,106,77.94,0.060000000000002274,77.91,136.4,77.97,1155.9,715.5,6537.6,77.97,84.5,BUY,7,77.91,136.4,77.9,38.9,77.89,234.7,77.88,216.2,77.87,89.3,77.97,1155.9,77.98,1330.8,77.99,238.6,78.0,1646.2,78.01,2166.1
1700000053.5,107,77.92,0.060000000000002274,77.89,140.8,77.95,479.5,2145.0,3406.2999999999997,77.95,6.5,BUY,1,77.89,140.8,77.88,59.1,77.87,62.8,77.86,1617.3,77.85,265.0,77.95,479.5,77.96,942.1,77.97,216.0,77.98,1607.3,77.99,161.4
1700000054.0,108,77.89,0.060000000000002274,77.86,147.9,77.92,101.4,2286.9,6560.6,77.92,69.1,BUY,2,77.86,147.9,77.85,69.6,77.84,1307.3,77.83,144.7,77.82,617.4,77.92,101.4,77.93,1751.3,77.94,1588.2,77.95,1168.4,77.96,1951.3
1700000054.5,109,77.88,0.060000000000002274,77.85,174.9,77.91,502.7,2291.9,4863.9,77.85,52.6,SELL,2,77.85,174.9,77.84,1277.0,77.83,21.6,77.82,738.4,77.81,80.0,77.91,502.7,77.92,2408.0,77.93,1809.0,77.94,134.2,77.95,10.0
1700000055.0,110,77.88,0.060000000000002274,77.85,67.6,77.91,479.4,2088.0,5384.5,77.91,12.3,BUY,3,77.85,67.6,77.84,862.1,77.83,485.7,77.82,630.5,77.81,42.1,77.91,479.4,77.92,666.7,77.93,1926.5,77.94,835.6,77.95,1476.3
1700000055.5,111,77.88,0.060000000000002274,77.85,955.9,77.91,2599.0,2202.3,7890.900000000001,77.88,0.0,BUY,0,77.85,955.9,77.84,512.5,77.83,339.9,77.82,89.5,77.81,304.5,77.91,2599.0,77.92,447.4,77.93,743.0,77.94,3713.8,77.95,387.7
1700000056.0,112,77.86,0.060000000000002274,77.83,174.3,77.89,277.4,2154.6,7522.8,77.89,78.0,BUY,4,77.83,174.3,77.82,999.7,77.81,344.8,77.8,624.8,77.79,11.0,77.89,277.4,77.9,233.2,77.91,4071.2,77.92,1452.7,77.93,1488.3
1700000056.5,113,77.84,0.060000000000002274,77.81,131.9,77.87,845.9,3436.0999999999995,5758.400000000001,77.81,27.9,SELL,1,77.81,131.9,77.8,526.7,77.79,228.2,77.78,1177.1,77.77,1372.2,77.87,845.9,77.88,390.6,77.89,3805.0,77.9,322.3,77.91,394.6
1700000057.0,114,77.82,0.05999999999998806,77.79,115.9,77.85,61.0,3193.3999999999996,1966.1999999999998,77.82,0.0,BUY,0,77.79,115.9,77.78,234.1,77.77,1018.6,77.76,1046.6,77.75,778.2,77.85,61.0,77.86,1003.8,77.87,244.8,77.88,606.6,77.89,50.0
1700000057.5,115,77.8,0.060000000000002274,77.77,644.9,77.83,90.0,2847.5,2998.2000000000003,77.83,49.6,BUY,1,77.77,644.9,77.76,463.5,77.75,694.7,77.74,483.7,77.73,560.7,77.83,90.0,77.84,584.8,77.85,1231.7,77.86,270.8,77.87,820.9
1700000058.0,116,77.79499999999999,0.04999999999999716,77.77,332.1,77.82,332.3,1414.6999999999998,4980.9,77.82,16.3,BUY,5,77.77,332.1,77.76,314.5,77.75,290.7,77.74,137.5,77.73,339.9,77.82,332.3,77.83,536.6,77.84,783.3,77.85,166.3,77.86,3162.4
1700000058.5,117,77.76,0.060000000000002274,77.73,104.2,77.79,181.3,1656.8,1234.6,77.76,0.0,BUY,0,77.73,104.2,77.72,162.0,77.71,506.4,77.7,634.8,77.69,249.4,77.79,181.3,77.8,71.3,77.81,126.4,77.82,318.2,77.83,537.4
1700000059.0,118,77.75,0.060000000000002274,77.72,256.4,77.78,1518.6,2161.6,7295.2,77.72,231.6,SELL,4,77.72,256.4,77.71,101.2,77.7,361.5,77.69,119.9,77.68,1322.6,77.78,1518.6,77.79,675.4,77.8,154.6,77.81,3513.8,77.82,1432.8
1700000059.5,119,77.73,0.060000000000002274,77.7,830.6,77.76,326.1,2028.5,1869.1,77.76,83.0,BUY,4,77.7,830.6,77.69,238.4,77.68,509.8,77.67,38.9,77.66,410.8,77.76,326.1,77.77,377.5,77.78,499.7,77.79,499.9,77.8,165.9
1700000060.0,120,77.70500000000001,0.04999999999999716,77.68,218.5,77.73,1205.4,2819.7,11255.5,77.73,72.7,BUY,7,77.68,218.5,77.67,2107.1,77.66,75.0,77.65,316.1,77.64,103.0,77.73,1205.4,77.74,1442.7,77.75,3937.1,77.76,1362.8,77.77,3307.5
1700000060.5,121,77.69,0.060000000000002274,77.66,316.4,77.72,57.8,3581.6,4629.0,77.72,12.3,BUY,1,77.66,316.4,77.65,166.0,77.64,846.3,77.63,415.2,77.62,1837.7,77.72,57.8,77.73,293.7,77.74,707.9,77.75,3412.6,77.76,157.0
1700000061.0,122,77.67,0.060000000000002274,77.64,587.6,77.7,247.5,3390.6,3692.1,77.7,24.3,BUY,2,77.64,587.6,77.63,969.5,77.62,1114.9,77.61,629.2,77.6,89.4,77.7,247.5,77.71,418.9,77.72,2293.0,77.73,460.1,77.74,272.6
1700000061.5,123,77.65,0.060000000000002274,77.62,519.6,77.68,26.3,1089.2,3194.0,77.62,6.5,SELL,3,77.62,519.6,77.61,269.2,77.6,68.2,77.59,68.1,77.58,164.1,77.68,26.3,77.69,10.0,77.7,950.9,77.71,282.4,77.72,1924.4
1700000062.0,124,77.63,0.060000000000002274,77.6,728.4,77.66,371.8,2057.1,7035.5,77.6,66.2,SELL,2,77.6,728.4,77.59,288.4,77.58,746.1,77.57,218.6,77.56,75.6,77.66,371.8,77.67,639.0,77.68,3012.0,77.69,875.1,77.7,2137.6
1700000062.5,125,73.7,0.060000000000002274,73.67,49.6,73.73,351.9,2083.3,6723.400000000001,73.67,44.3,SELL,4,73.67,49.6,73.66,38.7,73.65,657.0,73.64,66.5,73.63,1271.5,73.73,351.9,73.74,1746.2,73.75,822.2,73.76,1951.8,73.77,1851.3
1700000063.0,126,73.69,0.060000000000002274,73.66,247.9,73.72,351.5,2142.9,2631.2,73.72,5.0,BUY,5,73.66,247.9,73.65,566.4,73.64,51.8,73.63,1091.5,73.62,185.3,73.72,351.5,73.73,1190.5,73.74,282.5,73.75,465.5,73.76,341.2
1700000063.5,127,73.655,0.06999999999999318,73.62,204.8,73.69,27.7,3480.7999999999997,1846.4,73.69,56.6,BUY,2,73.62,204.8,73.61,446.7,73.6,2289.7,73.59,457.1,73.58,82.5,73.69,27.7,73.7,229.0,73.71,665.5,73.72,487.3,73.73,436.9
1700000064.0,128,73.65,0.060000000000002274,73.62,66.6,73.68,137.4,3469.0,4025.5,73.68,98.1,BUY,3,73.62,66.6,73.61,52.8,73.6,136.6,73.59,961.7,73.58,2251.3,73.68,137.4,73.69,2653.6,73.7,489.6,73.71,234.5,73.72,510.4
1700000064.5,129,72.48,0.060000000000002274,72.45,102.2,72.51,379.4,788.4000000000001,7099.4,72.45,6.1,SELL,1,72.45,102.2,72.44,429.7,72.43,184.1,72.42,60.7,72.41,11.7,72.51,379.4,72.52,591.6,72.53,1610.3,72.54,615.0,72.55,3903.1
1700000065.0,130,72.47,0.060000000000002274,72.44,98.6,72.5,90.7,1206.6000000000001,3639.3,72.5,10.9,BUY,3,72.44,98.6,72.43,456.6,72.42,361.5,72.41,213.7,72.4,76.2,72.5,90.7,72.51,914.5,72.52,317.1,72.53,1509.7,72.54,807.3
1700000065.5,131,72.45,0.060000000000002274,72.42,306.7,72.48,902.2,3441.6000000000004,4135.5,72.48,11.3,BUY,4,72.42,306.7,72.41,1637.7,72.4,126.8,72.39,1061.2,72.38,309.2,72.48,902.2,72.49,61.3,72.5,324.2,72.51,2229.2,72.52,618.6
1700000066.0,132,72.44,0.060000000000002274,72.41,750.2,72.47,82.2,2652.3,4235.700000000001,72.47,44.3,BUY,2,72.41,750.2,72.4,356.7,72.39,737.4,72.38,271.0,72.37,537.0,72.47,82.2,72.48,66.6,72.49,2938.9,72.5,1138.0,72.51,10.0
1700000066.5,133,72.42,0.060000000000002274,72.39,105.9,72.45,1560.9,1485.3000000000002,2941.9,72.45,45.9,BUY,1,72.39,105.9,72.38,177.3,72.37,437.3,72.36,337.4,72.35,427.4,72.45,1560.9,72.46,369.7,72.47,640.8,72.48,278.4,72.49,92.1
1700000067.0,134,72.41,0.060000000000002274,72.38,51.9,72.44,867.1,1205.8,7417.1,72.44,5.0,BUY,1,72.38,51.9,72.37,27.2,72.36,646.0,72.35,353.6,72.34,127.1,72.44,867.1,72.45,271.2,72.46,3195.8,72.47,536.6,72.48,2546.4
1700000067.5,135,64.66,0.060000000000002274,64.63,137.1,64.69,1671.4,926.8999999999999,7291.299999999999,64.69,27.8,BUY,3,64.63,137.1,64.62,129.2,64.61,204.1,64.6,397.2,64.59,59.3,64.69,1671.4,64.7,439.2,64.71,1718.0,64.72,158.6,64.73,3304.1
1700000068.0,136,64.64,0.060000000000002274,64.61,226.0,64.67,125.2,5230.299999999999,3733.3,64.67,39.9,BUY,1,64.61,226.0,64.6,1827.7,64.59,574.2,64.58,1417.4,64.57,1185.0,64.67,125.2,64.68,1790.6,64.69,653.0,64.7,859.3,64.71,305.2
1700000068.5,137,64.63,0.060000000000002274,64.6,291.1,64.66,19.4,1158.5,6036.599999999999,64.6,135.5,SELL,1,64.6,291.1,64.59,240.6,64.58,75.4,64.57,124.5,64.56,426.9,64.66,19.4,64.67,161.8,64.68,1243.6,64.69,3230.6,64.7,1381.2
1700000069.0,138,64.63,0.060000000000002274,64.6,545.9,64.66,908.9,2811.4,9839.0,64.66,103.7,BUY,3,64.6,545.9,64.59,158.3,64.58,122.9,64.57,658.2,64.56,1326.1,64.66,908.9,64.67,142.6,64.68,102.4,64.69,2768.7,64.7,5916.4
1700000069.5,139,64.62,0.060000000000002274,64.59,191.2,64.65,245.5,1303.8,2929.5,64.62,0.0,BUY,0,64.59,191.2,64.58,10.0,64.57,725.3,64.56,48.0,64.55,329.3,64.65,245.5,64.66,267.2,64.67,271.7,64.68,389.9,64.69,1755.2
1700000070.0,140,64.61,0.060000000000002274,64.58,365.0,64.64,1372.3,3001.7,13192.099999999999,64.58,5.1,SELL,4,64.58,365.0,64.57,406.1,64.56,1004.6,64.55,343.0,64.54,883.0,64.64,1372.3,64.65,704.4,64.66,7376.9,64.67,2483.8,64.68,1254.7
1700000070.5,141,64.59,0.060000000000002274,64.56,262.4,64.62,1311.0,1140.4,3601.7000000000003,64.56,5.0,SELL,2,64.56,262.4,64.55,183.6,64.54,13.7,64.53,174.7,64.52,506.0,64.62,1311.0,64.63,405.2,64.64,739.8,64.65,978.9,64.66,166.8
1700000071.0,142,64.57,0.05999999999998806,64.54,637.7,64.6,206.6,3812.1000000000004,6288.0,64.6,5.0,BUY,2,64.54,637.7,64.53,302.4,64.52,67.9,64.51,510.7,64.5,2293.4,64.6,206.6,64.61,113.8,64.62,3235.6,64.63,2080.9,64.64,651.1
1700000071.5,143,64.55,0.060000000000002274,64.52,735.6,64.58,247.6,4686.1,4593.799999999999,64.58,46.3,BUY,4,64.52,735.6,64.51,372.6,64.5,554.9,64.49,830.7,64.48,2192.3,64.58,247.6,64.59,182.0,64.6,1662.6,64.61,1830.7,64.62,670.9
1700000072.0,144,64.53,0.060000000000002274,64.5,76.2,64.56,27.8,949.5,2735.8999999999996,64.56,129.0,BUY,3,64.5,76.2,64.49,237.1,64.48,174.4,64.47,344.0,64.46,117.8,64.56,27.8,64.57,145.9,64.58,1114.6,64.59,1369.1,64.6,78.5
1700000072.5,145,64.52,0.060000000000002274,64.49,73.9,64.55,530.3,2654.2,6011.099999999999,64.52,0.0,BUY,0,64.49,73.9,64.48,41.6,64.47,687.0,64.46,1016.0,64.45,835.7,64.55,530.3,64.56,908.0,64.57,28.7,64.58,2812.9,64.59,1731.2
1700000073.0,146,64.51,0.060000000000002274,64.48,195.9,64.54,1418.2,2325.1,6848.8,64.54,30.8,BUY,3,64.48,195.9,64.47,196.6,64.46,314.8,64.45,874.7,64.44,743.1,64.54,1418.2,64.55,648.1,64.56,2135.3,64.57,1891.0,64.58,756.2
1700000073.5,147,64.49,0.060000000000002274,64.46,64.0,64.52,465.8,1133.3,5381.8,64.52,77.5,BUY,5,64.46,64.0,64.45,139.0,64.44,529.2,64.43,46.3,64.42,354.8,64.52,465.8,64.53,581.6,64.54,478.2,64.55,3033.2,64.56,823.0
1700000074.0,148,64.48,0.060000000000002274,64.45,17.1,64.51,2068.9,2336.4,3130.6000000000004,64.48,0.0,BUY,0,64.45,17.1,64.44,77.1,64.43,340.0,64.42,559.3,64.41,1342.9,64.51,2068.9,64.52,280.4,64.53,334.1,64.54,122.4,64.55,324.8
1700000074.5,149,64.455,0.06999999999999318,64.42,101.2,64.49,145.2,4093.5,3431.7,64.49,69.8,BUY,2,64.42,101.2,64.41,38.9,64.4,174.1,64.39,3529.8,64.38,249.5,64.49,145.2,64.5,325.5,64.51,166.1,64.52,1455.9,64.53,1339.0
1700000075.0,150,64.45500000000001,0.04999999999999716,64.43,459.7,64.48,355.2,1766.3999999999999,2547.8,64.43,7.7,SELL,1,64.43,459.7,64.42,24.6,64.41,888.0,64.4,169.3,64.39,224.8,64.48,355.2,64.49,555.6,64.5,195.4,64.51,291.9,64.52,1149.7
1700000075.5,151,64.45,0.060000000000002274,64.42,1025.6,64.48,29.2,3785.8,3241.2,64.48,31.2,BUY,2,64.42,1025.6,64.41,226.5,64.4,53.1,64.39,1114.8,64.38,1365.8,64.48,29.2,64.49,2185.4,64.5,170.4,64.51,385.5,64.52,470.7
1700000076.0,152,64.44,0.060000000000002274,64.41,65.4,64.47,385.6,686.0,4836.500000000001,64.41,85.0,SELL,2,64.41,65.4,64.4,495.8,64.39,10.0,64.38,51.3,64.37,63.5,64.47,385.6,64.48,640.3,64.49,2191.8,64.5,921.2,64.51,697.6
1700000076.5,153,64.44,0.060000000000002274,64.41,1036.9,64.47,754.6,4489.5,3288.2,64.41,7.9,SELL,1,64.41,1036.9,64.4,316.8,64.39,395.5,64.38,2727.8,64.37,12.5,64.47,754.6,64.48,867.4,64.49,173.1,64.5,349.2,64.51,1143.9
1700000077.0,154,64.43,0.05999999999998806,64.4,125.6,64.46,149.5,2324.8999999999996,1916.6000000000001,64.4,25.7,SELL,1,64.4,125.6,64.39,683.3,64.38,10.0,64.37,1280.8,64.36,225.2,64.46,149.5,64.47,656.9,64.48,54.1,64.49,710.4,64.5,345.7
1700000077.5,155,64.41,0.060000000000002274,64.38,71.0,64.44,1623.4,1201.7,4498.900000000001,64.38,16.9,SELL,4,64.38,71.0,64.37,309.0,64.36,665.4,64.35,26.7,64.34,129.6,64.44,1623.4,64.45,433.8,64.46,700.9,64.47,1159.0,64.48,581.8
1700000078.0,156,64.39,0.060000000000002274,64.36,131.5,64.42,31.7,1664.3,14080.9,64.36,15.2,SELL,3,64.36,131.5,64.35,163.5,64.34,175.2,64.33,1165.1,64.32,29.0,64.42,31.7,64.43,456.3,64.44,1136.2,64.45,6197.0,64.46,6259.7
1700000078.5,157,64.375,0.06999999999999318,64.34,12.3,64.41,244.4,444.0,4379.6,64.41,51.1,BUY,4,64.34,12.3,64.33,114.3,64.32,72.7,64.31,162.7,64.3,82.0,64.41,244.4,64.42,1545.3,64.43,641.9,64.44,1537.0,64.45,411.0
1700000079.0,158,64.36,0.060000000000002274,64.33,219.9,64.39,185.9,2435.6,5743.3,64.39,5.0,BUY,2,64.33,219.9,64.32,499.1,64.31,443.0,64.3,215.6,64.29,1058.0,64.39,185.9,64.4,1723.2,64.41,1789.3,64.42,928.7,64.43,1116.2
1700000079.5,159,64.34,0.060000000000002274,64.31,338.8,64.37,1163.4,1093.8000000000002,9464.0,64.37,17.1,BUY,3,64.31,338.8,64.3,122.3,64.29,602.3,64.28,20.4,64.27,10.0,64.37,1163.4,64.38,988.6,64.39,2578.6,64.4,784.4,64.41,3949.0
1700000080.0,160,64.33,0.060000000000002274,64.3,272.3,64.36,54.0,722.2,7563.1,64.36,120.7,BUY,4,64.3,272.3,64.29,153.4,64.28,64.2,64.27,66.1,64.26,166.2,64.36,54.0,64.37,536.6,64.38,2116.9,64.39,4240.3,64.4,615.3
1700000080.5,161,64.32,0.05999999999998806,64.29,32.4,64.35,1435.0,2814.5000000000005,10853.400000000001,64.35,23.2,BUY,3,64.29,32.4,64.28,1055.7,64.27,1501.5,64.26,35.3,64.25,189.6,64.35,1435.0,64.36,1198.8,64.37,1511.2,64.38,819.8,64.39,5888.6
1700000081.0,162,64.31,0.060000000000002274,64.28,252.9,64.34,255.1,737.3,7259.599999999999,64.34,44.4,BUY,4,64.28,252.9,64.27,76.4,64.26,92.8,64.25,10.0,64.24,305.2,64.34,255.1,64.35,2841.5,64.36,1079.6,64.37,2366.2,64.38,717.2
1700000081.5,163,64.3,0.060000000000002274,64.27,220.6,64.33,292.2,723.8,3416.1,64.33,67.5,BUY,2,64.27,220.6,64.26,51.0,64.25,200.1,64.24,76.3,64.23,175.8,64.33,292.2,64.34,373.6,64.35,507.3,64.36,518.3,64.37,1724.7
1700000082.0,164,60.290000000000006,0.03999999999999915,60.27,103.2,60.31,319.4,1105.3,1454.6999999999998,60.31,6.4,BUY,2,60.27,103.2,60.26,376.5,60.25,366.9,60.24,248.7,60.23,10.0,60.31,319.4,60.32,348.2,60.33,180.5,60.34,381.6,60.35,225.0
1700000082.5,165,60.28,0.060000000000002274,60.25,319.4,60.31,219.6,1781.7999999999997,4904.299999999999,60.25,50.8,SELL,2,60.25,319.4,60.24,82.5,60.23,479.7,60.22,643.3,60.21,256.9,60.31,219.6,60.32,2146.5,60.33,38.5,60.34,2007.8,60.35,491.9
1700000083.0,166,60.269999999999996,0.05999999999999517,60.24,126.7,60.3,18.4,1187.1,3082.4,60.3,126.0,BUY,2,60.24,126.7,60.23,282.7,60.22,602.8,60.21,153.0,60.2,21.9,60.3,18.4,60.31,10.0,60.32,85.8,60.33,290.6,60.34,2677.6
1700000083.5,167,60.25,0.060000000000002274,60.22,336.0,60.28,108.9,1687.9,2806.3,60.28,15.6,BUY,1,60.22,336.0,60.21,107.2,60.2,178.5,60.19,69.9,60.18,996.3,60.28,108.9,60.29,229.5,60.3,876.6,60.31,1275.8,60.32,315.5
1700000084.0,168,60.25,0.04000000000000625,60.23,564.6,60.27,149.7,3315.9,3091.0,60.27,19.3,BUY,4,60.23,564.6,60.22,857.2,60.21,931.0,60.2,903.6,60.19,59.5,60.27,149.7,60.28,1078.5,60.29,325.3,60.3,195.7,60.31,1341.8
1700000084.5,169,60.24,0.060000000000002274,60.21,415.9,60.27,625.2,1694.4,3372.6,60.27,66.6,BUY,3,60.21,415.9,60.2,71.9,60.19,153.0,60.18,905.7,60.17,147.9,60.27,625.2,60.28,92.8,60.29,829.5,60.3,1601.1,60.31,224.0
1700000085.0,170,60.230000000000004,0.05999999999999517,60.2,154.1,60.26,461.4,1398.6,6454.0,60.26,18.1,BUY,4,60.2,154.1,60.19,424.4,60.18,382.8,60.17,240.2,60.16,197.1,60.26,461.4,60.27,219.5,60.28,229.9,60.29,3597.1,60.3,1946.1
1700000085.5,171,60.22,0.060000000000002274,60.19,546.6,60.25,246.4,1798.2,5920.4,60.19,23.2,SELL,1,60.19,546.6,60.18,54.8,60.17,212.3,60.16,348.2,60.15,636.3,60.25,246.4,60.26,626.8,60.27,155.5,60.28,582.7,60.29,4309.0
1700000086.0,172,60.2,0.05999999999999517,60.17,406.8,60.23,1030.0,2123.7999999999997,5677.299999999999,60.23,36.8,BUY,1,60.17,406.8,60.16,538.7,60.15,632.8,60.14,409.8,60.13,135.7,60.23,1030.0,60.24,409.0,60.25,3120.7,60.26,406.7,60.27,710.9
1700000086.5,173,60.185,0.05000000000000426,60.16,121.9,60.21,296.2,1264.0,3746.7,60.21,5.0,BUY,2,60.16,121.9,60.15,478.7,60.14,121.5,60.13,516.0,60.12,25.9,60.21,296.2,60.22,1500.1,60.23,139.7,60.24,1282.0,60.25,528.7
1700000087.0,174,60.17,0.060000000000002274,60.14,84.6,60.2,78.3,3100.9,7307.2,60.14,123.0,SELL,1,60.14,84.6,60.13,211.4,60.12,595.4,60.11,1832.1,60.1,377.4,60.2,78.3,60.21,69.0,60.22,503.2,60.23,32.3,60.24,6624.4
1700000087.5,175,60.16,0.05999999999999517,60.13,18.3,60.19,346.1,2958.2,4445.4,60.13,5.0,SELL,3,60.13,18.3,60.12,630.7,60.11,318.0,60.1,1239.5,60.09,751.7,60.19,346.1,60.2,153.7,60.21,1359.1,60.22,206.0,60.23,2380.5
1700000088.0,176,60.144999999999996,0.05000000000000426,60.12,63.0,60.17,110.4,2342.2,5002.5,60.17,19.2,BUY,1,60.12,63.0,60.11,55.3,60.1,341.1,60.09,625.7,60.08,1257.1,60.17,110.4,60.18,331.0,60.19,537.0,60.2,574.4,60.21,3449.7
1700000088.5,177,60.14,0.060000000000002274,60.11,646.6,60.17,14.6,2091.6,2760.1,60.11,12.8,SELL,4,60.11,646.6,60.1,124.9,60.09,51.0,60.08,645.2,60.07,623.9,60.17,14.6,60.18,1151.4,60.19,175.1,60.2,1284.5,60.21,134.5
1700000089.0,178,60.120000000000005,0.05999999999999517,60.09,40.2,60.15,222.0,1331.8,7266.099999999999,60.09,35.4,SELL,3,60.09,40.2,60.08,718.3,60.07,93.8,60.06,334.0,60.05,145.5,60.15,222.0,60.16,486.9,60.17,5242.4,60.18,1250.2,60.19,64.6
1700000089.5,179,60.1,0.060000000000002274,60.07,146.5,60.13,183.5,3659.6,1602.6,60.1,0.0,BUY,0,60.07,146.5,60.06,221.3,60.05,752.5,60.04,1330.8,60.03,1208.5,60.13,183.5,60.14,978.2,60.15,148.2,60.16,40.1,60.17,252.6
1700000090.0,180,60.1,0.060000000000002274,60.07,116.0,60.13,811.6,2937.8,8091.900000000001,60.13,162.9,BUY,2,60.07,116.0,60.06,1088.4,60.05,79.4,60.04,410.4,60.03,1243.6,60.13,811.6,60.14,1005.6,60.15,410.7,60.16,1257.4,60.17,4606.6
1700000090.5,181,60.1,0.060000000000002274,60.07,13.4,60.13,111.6,1038.8000000000002,3164.8999999999996,60.1,0.0,BUY,0,60.07,13.4,60.06,183.9,60.05,379.6,60.04,383.5,60.03,78.4,60.13,111.6,60.14,77.2,60.15,209.3,60.16,409.2,60.17,2357.6
1700000091.0,182,60.095,0.04999999999999716,60.07,335.9,60.12,5512.6,4180.0,7636.900000000001,60.07,23.0,SELL,2,60.07,335.9,60.06,754.0,60.05,10.0,60.04,358.9,60.03,2721.2,60.12,5512.6,60.13,266.2,60.14,197.0,60.15,534.8,60.16,1126.3
1700000091.5,183,60.075,0.05000000000000426,60.05,118.1,60.1,1097.1,2842.3,7628.3,60.1,5.0,BUY,1,60.05,118.1,60.04,825.2,60.03,483.3,60.02,1034.4,60.01,381.3,60.1,1097.1,60.11,206.6,60.12,678.1,60.13,1633.7,60.14,4012.8
1700000092.0,184,60.06,0.060000000000002274,60.03,142.9,60.09,598.4,1040.8,4964.200000000001,60.09,57.6,BUY,3,60.03,142.9,60.02,298.0,60.01,75.1,60.0,503.6,59.99,21.2,60.09,598.4,60.1,300.4,60.11,985.1,60.12,1600.2,60.13,1480.1
1700000092.5,185,60.05,0.05999999999999517,60.02,1227.9,60.08,16.9,4494.8,5747.2,60.05,0.0,BUY,0,60.02,1227.9,60.01,891.8,60.0,977.1,59.99,349.3,59.98,1048.7,60.08,16.9,60.09,2759.6,60.1,150.0,60.11,1115.6,60.12,1705.1
1700000093.0,186,60.03,0.03999999999999915,60.01,594.0,60.05,176.5,2685.1000000000004,3637.8999999999996,60.05,16.6,BUY,2,60.01,594.0,60.0,1194.2,59.99,223.3,59.98,245.8,59.97,427.8,60.05,176.5,60.06,679.8,60.07,2383.6,60.08,345.4,60.09,52.6
1700000093.5,187,60.01,0.060000000000002274,59.98,13.5,60.04,2431.7,1795.3,9121.0,60.04,51.1,BUY,3,59.98,13.5,59.97,324.3,59.96,502.2,59.95,86.4,59.94,868.9,60.04,2431.7,60.05,1234.7,60.06,588.5,60.07,1649.3,60.08,3216.8
1700000094.0,188,60.0,0.060000000000002274,59.97,350.3,60.03,700.2,864.6000000000001,6590.7,60.03,18.8,BUY,2,59.97,350.3,59.96,165.4,59.95,296.7,59.94,42.2,59.93,10.0,60.03,700.2,60.04,87.0,60.05,4494.7,60.06,793.6,60.07,515.2
1700000094.5,189,59.99,0.060000000000002274,59.96,850.5,60.02,201.6,2508.2000000000003,8043.3,59.96,81.6,SELL,1,59.96,850.5,59.95,427.2,59.94,555.0,59.93,389.2,59.92,286.3,60.02,201.6,60.03,46.6,60.04,6059.6,60.05,294.8,60.06,1440.7
1700000095.0,190,59.99,0.060000000000002274,59.96,186.6,60.02,81.6,2403.0,2393.2,59.96,50.5,SELL,2,59.96,186.6,59.95,358.9,59.94,260.3,59.93,1352.2,59.92,245.0,60.02,81.6,60.03,1627.6,60.04,105.5,60.05,267.4,60.06,311.1
1700000095.5,191,59.97,0.060000000000002274,59.94,606.3,60.0,1079.2,2903.3999999999996,4435.3,60.0,137.1,BUY,3,59.94,606.3,59.93,415.4,59.92,14.9,59.91,327.1,59.9,1539.7,60.0,1079.2,60.01,983.7,60.02,1271.3,60.03,115.0,60.04,986.1
1700000096.0,192,59.95,0.05999999999999517,59.92,394.1,59.98,95.4,2441.8999999999996,2019.1999999999998,59.95,0.0,BUY,0,59.92,394.1,59.91,973.0,59.9,420.3,59.89,10.0,59.88,644.5,59.98,95.4,59.99,855.9,60.0,42.4,60.01,245.0,60.02,780.5
1700000096.5,193,59.94,0.060000000000002274,59.91,239.5,59.97,1582.5,1682.8000000000002,5246.700000000001,59.97,19.4,BUY,8,59.91,239.5,59.9,85.3,59.89,39.6,59.88,991.7,59.87,326.7,59.97,1582.5,59.98,150.5,59.99,333.8,60.0,225.6,60.01,2954.3
1700000097.0,194,59.93,0.060000000000002274,59.9,206.8,59.96,1266.5,3620.8,7006.4,59.96,22.7,BUY,4,59.9,206.8,59.89,254.0,59.88,847.6,59.87,935.1,59.86,1377.3,59.96,1266.5,59.97,653.4,59.98,922.1,59.99,1968.0,60.0,2196.4
1700000097.5,195,59.925,0.05000000000000426,59.9,390.3,59.95,632.9,1495.0000000000002,3083.7999999999997,59.925,0.0,BUY,0,59.9,390.3,59.89,55.4,59.88,69.0,59.87,656.6,59.86,323.7,59.95,632.9,59.96,361.2,59.97,114.1,59.98,1837.1,59.99,138.5
1700000098.0,196,59.9,0.060000000000002274,59.87,87.8,59.93,496.3,1663.5,4155.4,59.93,5.0,BUY,2,59.87,87.8,59.86,156.9,59.85,909.9,59.84,491.7,59.83,17.2,59.93,496.3,59.94,43.6,59.95,1285.0,59.96,242.1,59.97,2088.4
1700000098.5,197,59.879999999999995,0.05999999999999517,59.85,794.9,59.91,288.5,2537.1,6003.6,59.91,18.7,BUY,3,59.85,794.9,59.84,384.0,59.83,536.8,59.82,520.3,59.81,301.1,59.91,288.5,59.92,3072.0,59.93,1676.0,59.94,804.3,59.95,162.8
1700000099.0,198,59.879999999999995,0.05999999999999517,59.85,172.7,59.91,216.4,3284.2,5842.0,59.91,44.3,BUY,3,59.85,172.7,59.84,349.4,59.83,670.0,59.82,965.4,59.81,1126.7,59.91,216.4,59.92,900.9,59.93,1007.7,59.94,203.8,59.95,3513.2
1700000099.5,199,59.86,0.060000000000002274,59.83,58.8,59.89,679.4,1539.6,9040.1,59.89,127.2,BUY,2,59.83,58.8,59.82,313.7,59.81,144.8,59.8,362.7,59.79,659.6,59.89,679.4,59.9,431.1,59.91,5784.1,59.92,733.4,59.93,1412.1
1700000100.0,200,59.84,0.05999999999999517,59.81,158.3,59.87,12.7,1791.1,2183.7000000000003,59.81,44.0,SELL,1,59.81,158.3,59.8,203.7,59.79,157.6,59.78,447.0,59.77,824.5,59.87,12.7,59.88,562.7,59.89,871.4,59.9,579.7,59.91,157.2
1700000100.5,201,59.83,0.060000000000002274,59.8,377.9,59.86,269.0,3532.7,5582.3,59.86,21.3,BUY,2,59.8,377.9,59.79,306.9,59.78,1225.0,59.77,1151.7,59.76,471.2,59.86,269.0,59.87,415.5,59.88,967.3,59.89,1894.2,59.9,2036.3
1700000101.0,202,59.83,0.060000000000002274,59.8,80.7,59.86,651.6,1271.1,4771.2,59.86,5.0,BUY,3,59.8,80.7,59.79,76.9,59.78,404.7,59.77,422.1,59.76,286.7,59.86,651.6,59.87,55.9,59.88,2240.5,59.89,399.9,59.9,1423.3
1700000101.5,203,59.815,0.05000000000000426,59.79,134.3,59.84,225.9,786.5,8187.0,59.79,14.8,SELL,3,59.79,134.3,59.78,91.1,59.77,278.6,59.76,43.9,59.75,238.6,59.84,225.9,59.85,226.8,59.86,2375.5,59.87,5289.8,59.88,69.0
1700000102.0,204,59.8,0.05999999999999517,59.77,277.9,59.83,25.2,2689.5,4145.3,59.77,54.3,SELL,6,59.77,277.9,59.76,696.9,59.75,485.7,59.74,1153.3,59.73,75.7,59.83,25.2,59.84,951.9,59.85,2457.3,59.86,598.3,59.87,112.6
1700000102.5,205,59.78,0.03999999999999915,59.76,744.2,59.8,317.3,3737.9,4007.7000000000003,59.8,40.2,BUY,5,59.76,744.2,59.75,356.0,59.74,981.8,59.73,57.3,59.72,1598.6,59.8,317.3,59.81,539.1,59.82,1716.2,59.83,1162.5,59.84,272.6
1700000103.0,206,59.769999999999996,0.05999999999999517,59.74,44.7,59.8,767.2,2730.8,7038.0,59.74,17.8,SELL,2,59.74,44.7,59.73,94.6,59.72,425.9,59.71,1411.0,59.7,754.6,59.8,767.2,59.81,1467.3,59.82,4244.7,59.83,254.7,59.84,304.1
1700000103.5,207,59.769999999999996,0.05999999999999517,59.74,604.1,59.8,300.1,3327.7,8429.9,59.8,16.6,BUY,3,59.74,604.1,59.73,475.5,59.72,452.8,59.71,124.5,59.7,1670.8,59.8,300.1,59.81,1102.2,59.82,108.1,59.83,6672.0,59.84,247.5
1700000104.0,208,59.75,0.04000000000000625,59.73,63.7,59.77,297.0,1769.6,1038.6000000000001,59.77,33.8,BUY,2,59.73,63.7,59.72,41.7,59.71,700.9,59.7,225.0,59.69,738.3,59.77,297.0,59.78,502.2,59.79,189.5,59.8,27.7,59.81,22.2
1700000104.5,209,59.725,0.04999999999999716,59.7,242.3,59.75,85.8,2438.4,7353.2,59.75,67.1,BUY,2,59.7,242.3,59.69,570.4,59.68,42.8,59.67,796.3,59.66,786.6,59.75,85.8,59.76,2129.2,59.77,820.4,59.78,2698.0,59.79,1619.8
1700000105.0,210,59.71,0.060000000000002274,59.68,65.1,59.74,266.2,4800.5,2846.5,59.68,5.2,SELL,2,59.68,65.1,59.67,135.9,59.66,2636.3,59.65,1659.5,59.64,303.7,59.74,266.2,59.75,1009.9,59.76,452.5,59.77,363.1,59.78,754.8
1700000105.5,211,59.7,0.05999999999999517,59.67,31.9,59.73,1364.5,1547.3000000000002,4752.7,59.67,46.6,SELL,5,59.67,31.9,59.66,39.1,59.65,676.7,59.64,443.0,59.63,356.6,59.73,1364.5,59.74,132.5,59.75,243.6,59.76,479.2,59.77,2532.9
1700000106.0,212,59.69,0.060000000000002274,59.66,24.4,59.72,1339.3,2301.3999999999996,4816.9,59.69,0.0,BUY,0,59.66,24.4,59.65,782.1,59.64,64.5,59.63,140.8,59.62,1289.6,59.72,1339.3,59.73,928.6,59.74,130.0,59.75,705.9,59.76,1713.1
1700000106.5,213,59.68,0.060000000000002274,59.65,231.2,59.71,58.3,2734.8,2610.8,59.65,66.0,SELL,5,59.65,231.2,59.64,295.0,59.63,91.7,59.62,431.1,59.61,1685.8,59.71,58.3,59.72,41.3,59.73,1557.9,59.74,222.2,59.75,731.1
1700000107.0,214,59.66,0.05999999999999517,59.63,140.2,59.69,40.0,1495.0,7347.8,59.66,0.0,BUY,0,59.63,140.2,59.62,24.6,59.61,236.6,59.6,186.0,59.59,907.6,59.69,40.0,59.7,2524.3,59.71,2357.7,59.72,863.6,59.73,1562.2
1700000107.5,215,59.66,0.05999999999999517,59.63,171.7,59.69,89.3,1372.3,4719.4,59.69,39.5,BUY,6,59.63,171.7,59.62,343.1,59.61,95.5,59.6,752.0,59.59,10.0,59.69,89.3,59.7,798.7,59.71,238.5,59.72,2482.6,59.73,1110.3
1700000108.0,216,59.65,0.060000000000002274,59.62,544.2,59.68,502.8,1674.0,12230.099999999999,59.68,28.6,BUY,2,59.62,544.2,59.61,255.2,59.6,100.5,59.59,672.8,59.58,101.3,59.68,502.8,59.69,1900.9,59.7,823.3,59.71,2596.7,59.72,6406.4
1700000108.5,217,59.64,0.060000000000002274,59.61,214.5,59.67,280.1,1038.6000000000001,1964.6999999999998,59.67,20.9,BUY,4,59.61,214.5,59.6,10.0,59.59,37.6,59.58,381.3,59.57,395.2,59.67,280.1,59.68,76.5,59.69,496.5,59.7,647.0,59.71,464.6
1700000109.0,218,59.620000000000005,0.05999999999999517,59.59,1171.3,59.65,131.0,7367.4,3187.0,59.620000000000005,0.0,BUY,0,59.59,1171.3,59.58,250.8,59.57,1216.4,59.56,2780.3,59.55,1948.6,59.65,131.0,59.66,55.3,59.67,1797.3,59.68,1099.7,59.69,103.7
1700000109.5,219,59.61,0.060000000000002274,59.58,210.2,59.64,88.5,3665.8999999999996,1246.4,59.64,9.0,BUY,2,59.58,210.2,59.57,174.9,59.56,1443.5,59.55,1542.1,59.54,295.2,59.64,88.5,59.65,163.7,59.66,587.6,59.67,23.5,59.68,383.1
1700000110.0,220,59.61,0.060000000000002274,59.58,142.4,59.64,1327.3,5816.6,6526.5,59.58,54.1,SELL,2,59.58,142.4,59.57,353.3,59.56,3606.1,59.55,312.7,59.54,1402.1,59.64,1327.3,59.65,247.4,59.66,63.4,59.67,2426.7,59.68,2461.7
1700000110.5,221,59.59,0.05999999999999517,59.56,54.1,59.62,1118.4,3184.3,5427.6,59.59,0.0,BUY,0,59.56,54.1,59.55,446.2,59.54,349.7,59.53,1599.4,59.52,734.9,59.62,1118.4,59.63,813.0,59.64,432.1,59.65,1233.3,59.66,1830.8
1700000111.0,222,59.58,0.060000000000002274,59.55,65.6,59.61,2011.3,2409.6,11521.7,59.61,67.9,BUY,3,59.55,65.6,59.54,754.8,59.53,67.8,59.52,325.4,59.51,1196.0,59.61,2011.3,59.62,85.0,59.63,888.0,59.64,3669.1,59.65,4868.3
1700000111.5,223,59.55,0.05999999999999517,59.52,732.5,59.58,1473.8,1841.1999999999998,5205.700000000001,59.52,33.4,SELL,3,59.52,732.5,59.51,253.9,59.5,335.1,59.49,74.3,59.48,445.4,59.58,1473.8,59.59,937.8,59.6,444.3,59.61,387.4,59.62,1962.4
1700000112.0,224,59.54,0.060000000000002274,59.51,43.6,59.57,1203.4,3646.1000000000004,2943.1,59.57,84.4,BUY,1,59.51,43.6,59.5,1457.2,59.49,1134.0,59.48,266.9,59.47,744.4,59.57,1203.4,59.58,334.5,59.59,177.3,59.6,738.0,59.61,489.9
1700000112.5,225,58.25,0.060000000000002274,58.22,394.3,58.28,1036.9,2469.0,4798.0,58.28,110.1,BUY,2,58.22,394.3,58.21,218.1,58.2,135.6,58.19,606.4,58.18,1114.6,58.28,1036.9,58.29,524.2,58.3,2288.1,58.31,405.3,58.32,543.5
1700000113.0,226,58.24,0.060000000000002274,58.21,603.0,58.27,712.8,2332.3999999999996,7848.7,58.21,26.3,SELL,3,58.21,603.0,58.2,148.6,58.19,830.9,58.18,12.6,58.17,737.3,58.27,712.8,58.28,188.3,58.29,1714.4,58.3,1372.2,58.31,3861.0
1700000113.5,227,58.230000000000004,0.05999999999999517,58.2,31.8,58.26,70.2,2119.6,5150.3,58.26,132.7,BUY,9,58.2,31.8,58.19,41.3,58.18,260.5,58.17,1703.3,58.16,82.7,58.26,70.2,58.27,1373.8,58.28,1722.6,58.29,458.4,58.3,1525.3
1700000114.0,228,58.22,0.060000000000002274,58.19,240.5,58.25,54.2,1623.3,1073.3000000000002,58.25,33.5,BUY,4,58.19,240.5,58.18,761.8,58.17,144.1,58.16,84.4,58.15,392.5,58.25,54.2,58.26,33.7,58.27,22.6,58.28,510.7,58.29,452.1
1700000114.5,229,58.2,0.05999999999999517,58.17,402.1,58.23,173.7,2695.2999999999997,3924.8999999999996,58.23,40.5,BUY,5,58.17,402.1,58.16,24.4,58.15,630.7,58.14,1200.0,58.13,438.1,58.23,173.7,58.24,123.6,58.25,82.0,58.26,3276.6,58.27,269.0
1700000115.0,230,58.19,0.060000000000002274,58.16,283.7,58.22,1274.9,4483.200000000001,4447.7,58.22,72.9,BUY,2,58.16,283.7,58.15,1047.0,58.14,603.7,58.13,1011.9,58.12,1536.9,58.22,1274.9,58.23,1074.3,58.24,1179.9,58.25,120.0,58.26,798.6
1700000115.5,231,58.18,0.060000000000002274,58.15,325.8,58.21,539.7,1224.7,2732.6,58.21,17.1,BUY,2,58.15,325.8,58.14,202.2,58.13,228.1,58.12,161.9,58.11,306.7,58.21,539.7,58.22,113.1,58.23,1637.7,58.24,26.9,58.25,415.2
1700000116.0,232,58.18,0.060000000000002274,58.15,209.7,58.21,562.4,2445.7999999999997,4254.9,58.18,0.0,BUY,0,58.15,209.7,58.14,723.9,58.13,318.8,58.12,40.3,58.11,1153.1,58.21,562.4,58.22,642.4,58.23,604.4,58.24,471.0,58.25,1974.7
1700000116.5,233,58.17,0.060000000000002274,58.14,245.8,58.2,94.8,3002.9,2143.3,58.2,92.4,BUY,2,58.14,245.8,58.13,813.7,58.12,1058.1,58.11,620.7,58.1,264.6,58.2,94.8,58.21,175.3,58.22,374.5,58.23,117.0,58.24,1381.7
1700000117.0,234,58.14,0.060000000000002274,58.11,393.9,58.17,1058.4,2185.7,9221.8,58.17,6.6,BUY,4,58.11,393.9,58.1,76.8,58.09,84.3,58.08,83.2,58.07,1547.5,58.17,1058.4,58.18,140.9,58.19,3265.1,58.2,2755.5,58.21,2001.9
1700000117.5,235,58.14,0.060000000000002274,58.11,30.5,58.17,934.6,2360.6,2575.0,58.17,71.0,BUY,6,58.11,30.5,58.1,40.8,58.09,500.3,58.08,63.3,58.07,1725.7,58.17,934.6,58.18,364.1,58.19,433.8,58.2,358.9,58.21,483.6
1700000118.0,236,58.129999999999995,0.05999999999999517,58.1,342.4,58.16,435.8,2333.6,6732.7,58.16,178.6,BUY,1,58.1,342.4,58.09,90.0,58.08,139.0,58.07,665.8,58.06,1096.4,58.16,435.8,58.17,522.3,58.18,1783.8,58.19,3542.7,58.2,448.1
1700000118.5,237,58.120000000000005,0.05999999999999517,58.09,39.8,58.15,621.2,807.3999999999999,6995.0,58.15,17.4,BUY,1,58.09,39.8,58.08,228.3,58.07,394.2,58.06,108.8,58.05,36.3,58.15,621.2,58.16,305.5,58.17,1869.2,58.18,2713.7,58.19,1485.4
1700000119.0,238,58.11,0.060000000000002274,58.08,59.5,58.14,601.7,3019.0,5625.3,58.14,61.0,BUY,2,58.08,59.5,58.07,1819.3,58.06,112.4,58.05,156.0,58.04,871.8,58.14,601.7,58.15,1201.4,58.16,2860.1,58.17,320.1,58.18,642.0
1700000119.5,239,58.099999999999994,0.03999999999999915,58.08,467.8,58.12,60.5,1228.4,9163.3,58.08,32.1,SELL,3,58.08,467.8,58.07,107.8,58.06,208.3,58.05,134.1,58.04,310.4,58.12,60.5,58.13,1090.8,58.14,2158.7,58.15,2155.8,58.16,3697.5
1700000120.0,240,58.1,0.060000000000002274,58.07,39.8,58.13,1223.2,1756.0,3547.2,58.13,6.4,BUY,2,58.07,39.8,58.06,79.0,58.05,682.4,58.04,932.9,58.03,21.9,58.13,1223.2,58.14,676.4,58.15,10.0,58.16,233.3,58.17,1404.3
1700000120.5,241,58.09,0.05999999999999517,58.06,598.3,58.12,784.1,2929.1000000000004,10624.4,58.09,0.0,BUY,0,58.06,598.3,58.05,644.6,58.04,85.7,58.03,132.1,58.02,1468.4,58.12,784.1,58.13,681.0,58.14,3728.9,58.15,850.7,58.16,4579.7
1700000121.0,242,58.07,0.060000000000002274,58.04,108.5,58.1,399.8,1730.2,2912.0999999999995,58.1,137.7,BUY,4,58.04,108.5,58.03,322.4,58.02,125.7,58.01,205.4,58.0,968.2,58.1,399.8,58.11,747.5,58.12,577.4,58.13,178.1,58.14,1009.3
1700000121.5,243,58.06,0.060000000000002274,58.03,1386.5,58.09,1249.3,3860.5000000000005,4305.0,58.09,25.6,BUY,2,58.03,1386.5,58.02,889.9,58.01,91.5,58.0,1014.2,57.99,478.4,58.09,1249.3,58.1,324.3,58.11,1827.7,58.12,665.3,58.13,238.4
1700000122.0,244,58.05,0.05999999999999517,58.02,65.2,58.08,1505.7,1417.7,6790.2,58.08,20.5,BUY,1,58.02,65.2,58.01,761.1,58.0,61.6,57.99,209.1,57.98,320.7,58.08,1505.7,58.09,1531.5,58.1,390.5,58.11,423.0,58.12,2939.5
1700000122.5,245,58.05,0.05999999999999517,58.02,214.4,58.08,510.5,3784.4,3306.3,58.08,53.8,BUY,2,58.02,214.4,58.01,254.7,58.0,783.9,57.99,1085.3,57.98,1446.1,58.08,510.5,58.09,21.4,58.1,719.1,58.11,1737.0,58.12,318.3
1700000123.0,246,58.03,0.060000000000002274,58.0,13.0,58.06,4053.3,5218.2,9277.4,58.03,0.0,BUY,0,58.0,13.0,57.99,436.0,57.98,1860.5,57.97,2620.9,57.96,287.8,58.06,4053.3,58.07,528.2,58.08,238.5,58.09,1470.2,58.1,2987.2
1700000123.5,247,58.019999999999996,0.05999999999999517,57.99,246.9,58.05,61.9,2990.6,1924.9,58.05,20.0,BUY,5,57.99,246.9,57.98,47.5,57.97,2469.2,57.96,24.2,57.95,202.8,58.05,61.9,58.06,362.1,58.07,173.2,58.08,1100.5,58.09,227.2
1700000124.0,248,58.0,0.060000000000002274,57.97,314.8,58.03,80.5,2021.2,1829.3000000000002,58.03,5.0,BUY,5,57.97,314.8,57.96,1025.6,57.95,311.6,57.94,93.0,57.93,276.2,58.03,80.5,58.04,59.6,58.05,642.7,58.06,741.6,58.07,304.9
1700000124.5,249,57.99,0.060000000000002274,57.96,830.1,58.02,223.5,2755.6,3789.1000000000004,58.02,39.2,BUY,6,57.96,830.1,57.95,617.8,57.94,630.6,57.93,576.2,57.92,100.9,58.02,223.5,58.03,680.0,58.04,1374.9,58.05,19.4,58.06,1491.3
1700000125.0,250,57.97,0.060000000000002274,57.94,568.7,58.0,218.4,4211.0,3240.3999999999996,58.0,5.0,BUY,5,57.94,568.7,57.93,1203.9,57.92,1048.0,57.91,326.5,57.9,1063.9,58.0,218.4,58.01,373.8,58.02,1595.0,58.03,635.6,58.04,417.6
1700000125.5,251,57.96,0.060000000000002274,57.93,111.3,57.99,835.6,2943.2000000000003,5874.5,57.99,17.3,BUY,3,57.93,111.3,57.92,348.2,57.91,674.9,57.9,846.2,57.89,962.6,57.99,835.6,58.0,478.6,58.01,2785.0,58.02,1120.4,58.03,654.9
1700000126.0,252,57.95,0.05999999999999517,57.92,122.8,57.98,175.5,1017.8,3417.3,57.98,71.0,BUY,3,57.92,122.8,57.91,420.9,57.9,339.0,57.89,54.4,57.88,80.7,57.98,175.5,57.99,212.0,58.0,657.7,58.01,514.6,58.02,1857.5
1700000126.5,253,57.95,0.05999999999999517,57.92,503.5,57.98,598.4,1153.0,4162.9,57.98,28.6,BUY,3,57.92,503.5,57.91,101.4,57.9,88.1,57.89,433.4,57.88,26.6,57.98,598.4,57.99,263.1,58.0,2088.4,58.01,358.0,58.02,855.0
1700000127.0,254,57.95,0.05999999999999517,57.92,152.9,57.98,383.9,1726.1000000000001,838.2,57.92,9.2,SELL,2,57.92,152.9,57.91,663.2,57.9,724.4,57.89,171.2,57.88,14.4,57.98,383.9,57.99,21.9,58.0,98.9,58.01,140.8,58.02,192.7
1700000127.5,255,57.93,0.060000000000002274,57.9,373.8,57.96,1213.4,1953.9,4591.3,57.9,37.6,SELL,2,57.9,373.8,57.89,48.4,57.88,952.0,57.87,316.6,57.86,263.1,57.96,1213.4,57.97,398.7,57.98,10.0,57.99,505.8,58.0,2463.4
1700000128.0,256,57.93,0.060000000000002274,57.9,136.1,57.96,48.5,2133.5,6568.0,57.96,264.4,BUY,3,57.9,136.1,57.89,165.6,57.88,741.9,57.87,878.1,57.86,211.8,57.96,48.5,57.97,1355.0,57.98,336.4,57.99,2515.7,58.0,2312.4
1700000128.5,257,57.905,0.04999999999999716,57.88,93.4,57.93,452.3,1331.3999999999999,5109.700000000001,57.88,5.0,SELL,3,57.88,93.4,57.87,598.1,57.86,257.5,57.85,193.6,57.84,188.8,57.93,452.3,57.94,168.5,57.95,266.1,57.96,2109.4,57.97,2113.4
1700000129.0,258,57.89,0.060000000000002274,57.86,259.0,57.92,481.8,2132.1,10233.4,57.86,64.1,SELL,2,57.86,259.0,57.85,90.3,57.84,99.3,57.83,1428.8,57.82,254.7,57.92,481.8,57.93,219.9,57.94,565.7,57.95,2823.8,57.96,6142.2
1700000129.5,259,57.870000000000005,0.05999999999999517,57.84,433.3,57.9,287.3,2278.8,2590.7,57.9,5.0,BUY,2,57.84,433.3,57.83,153.0,57.82,91.9,57.81,19.1,57.8,1581.5,57.9,287.3,57.91,622.7,57.92,232.8,57.93,736.0,57.94,711.9
1700000130.0,260,57.85,0.060000000000002274,57.82,19.8,57.88,229.7,3109.6,3370.5,57.82,12.6,SELL,2,57.82,19.8,57.81,979.2,57.8,416.4,57.79,1348.5,57.78,345.7,57.88,229.7,57.89,1069.3,57.9,688.5,57.91,586.6,57.92,796.4
1700000130.5,261,57.85,0.060000000000002274,57.82,44.9,57.88,245.2,1710.3,5440.6,57.88,21.2,BUY,2,57.82,44.9,57.81,151.1,57.8,636.4,57.79,749.7,57.78,128.2,57.88,245.2,57.89,839.0,57.9,288.4,57.91,1239.4,57.92,2828.6
1700000131.0,262,57.83,0.060000000000002274,57.8,366.9,57.86,10.0,1525.6,4961.0,57.86,87.4,BUY,2,57.8,366.9,57.79,200.6,57.78,591.8,57.77,195.3,57.76,171.0,57.86,10.0,57.87,1123.8,57.88,1744.3,57.89,523.5,57.9,1559.4
1700000131.5,263,57.82,0.04000000000000625,57.8,487.3,57.84,801.8,2040.3000000000002,5200.1,57.84,8.2,BUY,3,57.8,487.3,57.79,385.1,57.78,118.0,57.77,433.8,57.76,616.1,57.84,801.8,57.85,1099.1,57.86,835.2,57.87,1341.9,57.88,1122.1
1700000132.0,264,57.8,0.05999999999999517,57.77,940.9,57.83,300.9,3282.4,1011.8,57.77,25.6,SELL,4,57.77,940.9,57.76,401.3,57.75,814.6,57.74,10.0,57.73,1115.6,57.83,300.9,57.84,152.9,57.85,460.3,57.86,10.0,57.87,87.7
1700000132.5,265,57.79,0.060000000000002274,57.76,145.6,57.82,1201.3,2487.9,3818.0,57.82,86.0,BUY,3,57.76,145.6,57.75,420.0,57.74,52.2,57.73,297.9,57.72,1572.2,57.82,1201.3,57.83,107.6,57.84,758.7,57.85,968.1,57.86,782.3
1700000133.0,266,57.78,0.060000000000002274,57.75,46.7,57.81,183.3,1610.0,2185.3,57.81,17.3,BUY,2,57.75,46.7,57.74,217.8,57.73,938.0,57.72,124.2,57.71,283.3,57.81,183.3,57.82,758.3,57.83,443.4,57.84,171.5,57.85,628.8
1700000133.5,267,57.769999999999996,0.05999999999999517,57.74,282.9,57.8,512.0,1488.5,2230.7999999999997,57.8,8.5,BUY,4,57.74,282.9,57.73,304.6,57.72,10.0,57.71,327.2,57.7,563.8,57.8,512.0,57.81,157.2,57.82,1184.1,57.83,186.6,57.84,190.9
1700000134.0,268,57.75,0.060000000000002274,57.72,33.4,57.78,185.4,2427.7999999999997,4154.1,57.72,15.8,SELL,1,57.72,33.4,57.71,749.1,57.7,1005.3,57.69,334.9,57.68,305.1,57.78,185.4,57.79,241.3,57.8,838.4,57.81,1996.0,57.82,893.0
1700000134.5,269,57.74,0.060000000000002274,57.71,252.2,57.77,337.2,1231.3,7259.5999999999985,57.77,93.5,BUY,2,57.71,252.2,57.7,179.0,57.69,454.0,57.68,83.4,57.67,262.7,57.77,337.2,57.78,348.9,57.79,4190.2,57.8,911.9,57.81,1471.4
1700000135.0,270,57.730000000000004,0.05999999999999517,57.7,192.1,57.76,1202.7,1408.0,10962.0,57.7,9.1,SELL,6,57.7,192.1,57.69,259.1,57.68,726.2,57.67,123.8,57.66,106.8,57.76,1202.7,57.77,2808.0,57.78,161.9,57.79,989.3,57.8,5800.1
1700000135.5,271,57.72,0.03999999999999915,57.7,180.2,57.74,324.4,2032.8,5845.8,57.7,41.7,SELL,4,57.7,180.2,57.69,612.1,57.68,34.9,57.67,1016.1,57.66,189.5,57.74,324.4,57.75,3082.8,57.76,361.8,57.77,2062.1,57.78,14.7
1700000136.0,272,57.71,0.060000000000002274,57.68,253.1,57.74,946.2,2384.1,6750.700000000001,57.74,232.4,BUY,1,57.68,253.1,57.67,224.2,57.66,439.0,57.65,923.0,57.64,544.8,57.74,946.2,57.75,2078.9,57.76,508.3,57.77,307.1,57.78,2910.2
1700000136.5,273,57.7,0.05999999999999517,57.67,617.3,57.73,170.3,2344.3,3357.2,57.73,27.0,BUY,3,57.67,617.3,57.66,296.0,57.65,361.8,57.64,690.4,57.63,378.8,57.73,170.3,57.74,10.0,57.75,1795.7,57.76,640.2,57.77,741.0
1700000137.0,274,57.69,0.060000000000002274,57.66,98.8,57.72,373.7,2033.8,11021.800000000001,57.72,11.9,BUY,5,57.66,98.8,57.65,544.5,57.64,98.2,57.63,239.5,57.62,1052.8,57.72,373.7,57.73,341.9,57.74,1341.7,57.75,5613.1,57.76,3351.4
1700000137.5,275,57.655,0.07000000000000028,57.62,175.3,57.69,801.5,2875.8,4246.6,57.62,6.4,SELL,1,57.62,175.3,57.61,126.8,57.6,359.1,57.59,1172.7,57.58,1041.9,57.69,801.5,57.7,1939.5,57.71,819.8,57.72,144.0,57.73,541.8
1700000138.0,276,57.65,0.060000000000002274,57.62,10.0,57.68,368.7,2146.3,2330.2,57.68,32.1,BUY,3,57.62,10.0,57.61,76.6,57.6,541.9,57.59,61.7,57.58,1456.1,57.68,368.7,57.69,39.3,57.7,123.6,57.71,645.8,57.72,1152.8
1700000138.5,277,57.64,0.060000000000002274,57.61,85.5,57.67,3068.6,2733.0,7288.4,57.67,39.4,BUY,2,57.61,85.5,57.6,382.3,57.59,673.6,57.58,1120.3,57.57,471.3,57.67,3068.6,57.68,647.7,57.69,178.6,57.7,256.5,57.71,3137.0
1700000139.0,278,57.629999999999995,0.05999999999999517,57.6,143.7,57.66,1170.1,5056.9,6218.5,57.66,77.5,BUY,2,57.6,143.7,57.59,621.0,57.58,944.8,57.57,1484.5,57.56,1862.9,57.66,1170.1,57.67,232.8,57.68,492.7,57.69,1964.1,57.7,2358.8
1700000139.5,279,57.620000000000005,0.05999999999999517,57.59,72.0,57.65,777.1,1904.4,5544.000000000001,57.65,24.0,BUY,3,57.59,72.0,57.58,555.1,57.57,11.7,57.56,262.4,57.55,1003.2,57.65,777.1,57.66,1186.2,57.67,445.3,57.68,2464.6,57.69,670.8
1700000140.0,280,57.6,0.060000000000002274,57.57,10.0,57.63,506.8,1573.4,2920.3999999999996,57.63,76.7,BUY,1,57.57,10.0,57.56,155.9,57.55,1093.2,57.54,34.1,57.53,280.2,57.63,506.8,57.64,1059.3,57.65,325.3,57.66,922.3,57.67,106.7
1700000140.5,281,57.59,0.05999999999999517,57.56,182.5,57.62,907.3,6577.5,4898.299999999999,57.62,5.0,BUY,3,57.56,182.5,57.55,1817.6,57.54,280.6,57.53,399.2,57.52,3897.6,57.62,907.3,57.63,813.2,57.64,194.2,57.65,2244.7,57.66,738.9
1700000141.0,282,57.58,0.060000000000002274,57.55,141.9,57.61,744.9,1718.6999999999998,4833.0,57.61,10.5,BUY,5,57.55,141.9,57.54,20.9,57.53,90.9,57.52,145.7,57.51,1319.3,57.61,744.9,57.62,161.8,57.63,541.1,57.64,2781.5,57.65,603.7
1700000141.5,283,57.57,0.060000000000002274,57.54,341.3,57.6,82.4,1139.8999999999999,6008.3,57.6,10.4,BUY,1,57.54,341.3,57.53,102.7,57.52,227.1,57.51,381.7,57.5,87.1,57.6,82.4,57.61,230.6,57.62,2556.3,57.63,2940.2,57.64,198.8
1700000142.0,284,57.565,0.05000000000000426,57.54,147.0,57.59,1727.6,2693.2,5296.0,57.54,252.7,SELL,3,57.54,147.0,57.53,1407.2,57.52,101.9,57.51,656.4,57.5,380.7,57.59,1727.6,57.6,1407.3,57.61,635.7,57.62,201.0,57.63,1324.4
1700000142.5,285,57.545,0.04999999999999716,57.52,323.9,57.57,447.8,1371.0,3155.0,57.545,0.0,BUY,0,57.52,323.9,57.51,41.5,57.5,162.4,57.49,522.6,57.48,320.6,57.57,447.8,57.58,769.6,57.59,1217.5,57.6,368.4,57.61,351.7
1700000143.0,286,57.53,0.060000000000002274,57.5,366.7,57.56,482.2,3370.8999999999996,2487.7999999999997,57.56,57.3,BUY,3,57.5,366.7,57.49,47.5,57.48,842.4,57.47,1636.8,57.46,477.5,57.56,482.2,57.57,956.3,57.58,575.1,57.59,464.2,57.6,10.0
1700000143.5,287,57.519999999999996,0.05999999999999517,57.49,43.0,57.55,19.7,2899.7999999999997,5382.7,57.49,43.0,SELL,3,57.49,43.0,57.48,175.9,57.47,417.2,57.46,183.5,57.45,2080.2,57.55,19.7,57.56,272.0,57.57,297.4,57.58,782.4,57.59,4011.2
1700000144.0,288,57.51,0.060000000000002274,57.48,190.1,57.54,174.9,6587.2,3200.5,57.54,26.8,BUY,3,57.48,190.1,57.47,1828.8,57.46,1301.5,57.45,492.5,57.44,2774.3,57.54,174.9,57.55,1295.4,57.56,227.0,57.57,651.5,57.58,851.7
1700000144.5,289,57.5,0.060000000000002274,57.47,313.6,57.53,248.4,1796.8999999999999,2042.8999999999999,57.53,6.3,BUY,3,57.47,313.6,57.46,1161.3,57.45,176.1,57.44,27.3,57.43,118.6,57.53,248.4,57.54,574.0,57.55,1010.3,57.56,97.2,57.57,113.0
1700000145.0,290,57.49,0.060000000000002274,57.46,13.0,57.52,1399.3,1548.6,6913.400000000001,57.49,0.0,BUY,0,57.46,13.0,57.45,99.2,57.44,303.9,57.43,448.0,57.42,684.5,57.52,1399.3,57.53,743.5,57.54,1462.3,57.55,3150.3,57.56,158.0
1700000145.5,291,57.47,0.060000000000002274,57.44,174.4,57.5,244.9,2013.3999999999999,4333.8,57.5,67.0,BUY,4,57.44,174.4,57.43,293.1,57.42,358.2,57.41,300.4,57.4,887.3,57.5,244.9,57.51,459.5,57.52,84.1,57.53,2887.3,57.54,658.0
1700000146.0,292,57.46,0.060000000000002274,57.43,100.2,57.49,142.3,1803.1,3498.2,57.49,46.5,BUY,3,57.43,100.2,57.42,70.7,57.41,137.2,57.4,303.9,57.39,1191.1,57.49,142.3,57.5,520.7,57.51,1463.7,57.52,407.4,57.53,964.1
1700000146.5,293,57.45,0.05999999999999517,57.42,10.0,57.48,1063.9,764.0,6154.8,57.42,5.0,SELL,3,57.42,10.0,57.41,274.3,57.4,171.3,57.39,229.5,57.38,78.9,57.48,1063.9,57.49,414.4,57.5,1515.4,57.51,1756.1,57.52,1405.0
1700000147.0,294,57.43,0.060000000000002274,57.4,157.8,57.46,1077.4,1687.3,5277.099999999999,57.46,68.5,BUY,2,57.4,157.8,57.39,263.2,57.38,382.0,57.37,313.8,57.36,570.5,57.46,1077.4,57.47,735.8,57.48,328.0,57.49,1019.2,57.5,2116.7
1700000147.5,295,57.41,0.05999999999999517,57.38,81.8,57.44,91.3,2234.8,2698.5000000000005,57.44,38.2,BUY,2,57.38,81.8,57.37,499.5,57.36,873.1,57.35,724.7,57.34,55.7,57.44,91.3,57.45,116.6,57.46,2306.9,57.47,86.8,57.48,96.9
1700000148.0,296,57.39,0.060000000000002274,57.36,1681.3,57.42,365.9,3108.1,4231.6,57.42,10.1,BUY,4,57.36,1681.3,57.35,154.7,57.34,160.5,57.33,349.0,57.32,762.6,57.42,365.9,57.43,926.7,57.44,441.7,57.45,645.6,57.46,1851.7
1700000148.5,297,57.365,0.04999999999999716,57.34,233.8,57.39,512.9,1945.4,12110.8,57.39,18.1,BUY,4,57.34,233.8,57.33,10.0,57.32,689.1,57.31,844.3,57.3,168.2,57.39,512.9,57.4,1541.9,57.41,1653.4,57.42,4780.8,57.43,3621.8
1700000149.0,298,57.370000000000005,0.05999999999999517,57.34,397.7,57.4,229.3,1458.2,5113.7,57.4,149.0,BUY,4,57.34,397.7,57.33,136.0,57.32,325.0,57.31,10.0,57.3,589.5,57.4,229.3,57.41,834.9,57.42,1921.1,57.43,2083.2,57.44,45.2
1700000149.5,299,57.36,0.060000000000002274,57.33,358.4,57.39,55.7,1696.8,8617.7,57.39,17.7,BUY,2,57.33,358.4,57.32,413.1,57.31,470.8,57.3,444.5,57.29,10.0,57.39,55.7,57.4,1181.8,57.41,2720.2,57.42,622.5,57.43,4037.5
1700000150.0,300,57.355000000000004,0.05000000000000426,57.33,207.6,57.38,1675.4,1520.1,3061.1000000000004,57.38,36.1,BUY,3,57.33,207.6,57.32,304.9,57.31,183.2,57.3,776.4,57.29,48.0,57.38,1675.4,57.39,347.5,57.4,475.0,57.41,206.8,57.42,356.4
1700000150.5,301,57.34,0.05999999999999517,57.31,441.2,57.37,202.7,2961.2,3980.1,57.37,31.8,BUY,8,57.31,441.2,57.3,1091.6,57.29,276.9,57.28,351.1,57.27,800.4,57.37,202.7,57.38,1335.3,57.39,917.2,57.4,471.3,57.41,1053.6
1700000151.0,302,58.379999999999995,0.05999999999999517,58.35,12.0,58.41,941.3,587.0,2383.6,58.379999999999995,0.0,BUY,0,58.35,12.0,58.34,14.5,58.33,426.3,58.32,23.8,58.31,110.4,58.41,941.3,58.42,222.4,58.43,27.1,58.44,799.0,58.45,393.8
1700000151.5,303,58.36,0.060000000000002274,58.33,59.8,58.39,829.3,892.2,6333.2,58.36,0.0,BUY,0,58.33,59.8,58.32,57.8,58.31,144.5,58.3,164.3,58.29,465.8,58.39,829.3,58.4,4103.8,58.41,796.7,58.42,194.4,58.43,409.0
1700000152.0,304,58.34,0.05999999999999517,58.31,55.3,58.37,406.2,1783.6,10703.0,58.37,41.9,BUY,3,58.31,55.3,58.3,271.8,58.29,1033.6,58.28,152.5,58.27,270.4,58.37,406.2,58.38,1066.0,58.39,4436.2,58.4,280.8,58.41,4513.8
1700000152.5,305,58.33,0.060000000000002274,58.3,78.2,58.36,2370.6,504.40000000000003,6654.7,58.36,49.9,BUY,2,58.3,78.2,58.29,23.5,58.28,81.1,58.27,195.3,58.26,126.3,58.36,2370.6,58.37,482.8,58.38,3326.6,58.39,198.3,58.4,276.4
1700000153.0,306,58.32,0.04000000000000625,58.3,25.6,58.34,818.7,2256.4,4275.7,58.3,21.2,SELL,3,58.3,25.6,58.29,53.3,58.28,125.5,58.27,737.5,58.26,1314.5,58.34,818.7,58.35,217.1,58.36,1996.4,58.37,530.9,58.38,712.6
1700000153.5,307,58.3,0.05999999999999517,58.27,396.1,58.33,33.0,3393.4,3381.3999999999996,58.33,15.5,BUY,2,58.27,396.1,58.26,543.8,58.25,410.6,58.24,1721.9,58.23,321.0,58.33,33.0,58.34,2788.5,58.35,202.0,58.36,323.7,58.37,34.2
1700000154.0,308,58.29,0.060000000000002274,58.26,442.2,58.32,85.2,1788.3999999999999,2349.4,58.32,45.3,BUY,4,58.26,442.2,58.25,369.8,58.24,381.8,58.23,16.1,58.22,578.5,58.32,85.2,58.33,255.6,58.34,40.5,58.35,62.2,58.36,1905.9
1700000154.5,309,52.68,0.04000000000000625,52.66,25.9,52.7,124.1,1229.3000000000002,2047.1999999999998,52.7,129.8,BUY,2,52.66,25.9,52.65,116.5,52.64,155.2,52.63,167.1,52.62,764.6,52.7,124.1,52.71,267.4,52.72,164.3,52.73,331.4,52.74,1160.0
1700000155.0,310,52.67,0.060000000000002274,52.64,235.8,52.7,342.1,3069.9,5442.3,52.67,0.0,BUY,0,52.64,235.8,52.63,54.0,52.62,576.5,52.61,244.7,52.6,1958.9,52.7,342.1,52.71,74.8,52.72,1702.4,52.73,378.7,52.74,2944.3
1700000155.5,311,52.655,0.04999999999999716,52.63,708.0,52.68,1235.7,2451.3,6800.4,52.655,0.0,BUY,0,52.63,708.0,52.62,177.9,52.61,408.5,52.6,743.4,52.59,413.5,52.68,1235.7,52.69,832.1,52.7,131.8,52.71,674.6,52.72,3926.2
1700000156.0,312,52.65,0.060000000000002274,52.62,524.2,52.68,450.0,1381.9,3449.0,52.68,107.8,BUY,3,52.62,524.2,52.61,348.9,52.6,10.0,52.59,366.4,52.58,132.4,52.68,450.0,52.69,384.1,52.7,337.9,52.71,419.0,52.72,1858.0
1700000156.5,313,52.635,0.04999999999999716,52.61,347.0,52.66,15.0,3340.7,4916.0,52.66,5.0,BUY,2,52.61,347.0,52.6,276.0,52.59,575.6,52.58,1347.6,52.57,794.5,52.66,15.0,52.67,199.7,52.68,2616.5,52.69,202.7,52.7,1882.1
1700000157.0,314,52.61,0.060000000000002274,52.58,279.8,52.64,1588.5,2402.6,3612.7000000000003,52.64,22.8,BUY,1,52.58,279.8,52.57,515.6,52.56,975.1,52.55,111.7,52.54,520.4,52.64,1588.5,52.65,671.8,52.66,1175.5,52.67,64.0,52.68,112.9
1700000157.5,315,52.61,0.060000000000002274,52.58,106.3,52.64,2836.5,1241.5,6173.599999999999,52.58,10.2,SELL,1,52.58,106.3,52.57,459.8,52.56,131.6,52.55,415.2,52.54,128.6,52.64,2836.5,52.65,1567.0,52.66,1420.9,52.67,113.3,52.68,235.9
1700000158.0,316,52.6,0.060000000000002274,52.57,325.7,52.63,360.9,775.6999999999999,4529.8,52.63,20.9,BUY,1,52.57,325.7,52.56,50.7,52.55,121.2,52.54,163.1,52.53,115.0,52.63,360.9,52.64,170.4,52.65,123.5,52.66,229.2,52.67,3645.8
1700000158.5,317,52.6,0.060000000000002274,52.57,774.6,52.63,1315.6,1876.8000000000002,9442.8,52.63,29.3,BUY,2,52.57,774.6,52.56,70.4,52.55,482.2,52.54,38.2,52.53,511.4,52.63,1315.6,52.64,1170.6,52.65,585.0,52.66,573.3,52.67,5798.3
1700000159.0,318,48.74,0.060000000000002274,48.71,498.4,48.77,696.6,2695.2999999999997,10547.6,48.71,32.2,SELL,3,48.71,498.4,48.7,896.3,48.69,1217.1,48.68,10.0,48.67,73.5,48.77,696.6,48.78,479.0,48.79,7336.5,48.8,450.1,48.81,1585.4
1700000159.5,319,48.745000000000005,0.05000000000000426,48.72,459.9,48.77,1589.0,1322.8999999999999,3941.1000000000004,48.77,65.8,BUY,5,48.72,459.9,48.71,339.2,48.7,362.1,48.69,126.8,48.68,34.9,48.77,1589.0,48.78,533.8,48.79,1137.5,48.8,84.0,48.81,596.8
1700000160.0,320,48.725,0.04999999999999716,48.7,386.8,48.75,178.8,5178.4,6693.8,48.7,5.0,SELL,4,48.7,386.8,48.69,914.6,48.68,407.1,48.67,1428.5,48.66,2041.4,48.75,178.8,48.76,617.8,48.77,3018.6,48.78,753.3,48.79,2125.3
1700000160.5,321,48.72,0.03999999999999915,48.7,166.3,48.74,178.7,1574.3000000000002,2606.4999999999995,48.72,0.0,BUY,0,48.7,166.3,48.69,20.3,48.68,1004.1,48.67,274.2,48.66,109.4,48.74,178.7,48.75,93.5,48.76,696.1,48.77,1193.1,48.78,445.1
1700000161.0,322,48.71,0.060000000000002274,48.68,10.0,48.74,203.1,2159.3,6510.5,48.68,72.6,SELL,3,48.68,10.0,48.67,299.7,48.66,264.9,48.65,882.2,48.64,702.5,48.74,203.1,48.75,93.9,48.76,223.9,48.77,4405.6,48.78,1584.0
1700000161.5,323,48.69,0.060000000000002274,48.66,29.5,48.72,98.1,2322.1,3246.2,48.72,11.2,BUY,1,48.66,29.5,48.65,120.1,48.64,102.9,48.63,1902.9,48.62,166.7,48.72,98.1,48.73,248.5,48.74,676.7,48.75,790.1,48.76,1432.8
1700000162.0,324,48.68,0.060000000000002274,48.65,78.6,48.71,1314.7,1651.0,3136.5,48.71,116.8,BUY,2,48.65,78.6,48.64,154.6,48.63,994.2,48.62,348.6,48.61,75.0,48.71,1314.7,48.72,219.5,48.73,85.5,48.74,1238.2,48.75,278.6
1700000162.5,325,48.67,0.060000000000002274,48.64,10.0,48.7,928.8,3052.2999999999997,6731.200000000001,48.64,117.8,SELL,1,48.64,10.0,48.63,862.5,48.62,523.8,48.61,1589.6,48.6,66.4,48.7,928.8,48.71,673.7,48.72,857.9,48.73,2845.9,48.74,1424.9
1700000163.0,326,48.655,0.07000000000000028,48.62,401.6,48.69,611.0,3382.5,4173.0,48.62,5.0,SELL,2,48.62,401.6,48.61,1048.3,48.6,398.7,48.59,26.3,48.58,1507.6,48.69,611.0,48.7,659.2,48.71,868.2,48.72,617.8,48.73,1416.8
1700000163.5,327,48.66,0.05999999999999517,48.63,1115.8,48.69,291.6,5100.3,9101.6,48.69,27.5,BUY,1,48.63,1115.8,48.62,657.1,48.61,2126.5,48.6,306.3,48.59,894.6,48.69,291.6,48.7,1143.2,48.71,1891.0,48.72,1098.9,48.73,4676.9
1700000164.0,328,48.644999999999996,0.05000000000000426,48.62,42.6,48.67,1487.1,1090.9,3485.6,48.62,79.3,SELL,3,48.62,42.6,48.61,115.2,48.6,86.7,48.59,297.9,48.58,548.5,48.67,1487.1,48.68,393.9,48.69,160.8,48.7,1378.4,48.71,65.4
1700000164.5,329,48.65,0.060000000000002274,48.62,437.7,48.68,378.2,3534.7999999999997,5481.599999999999,48.68,18.1,BUY,2,48.62,437.7,48.61,24.9,48.6,1059.7,48.59,1855.6,48.58,156.9,48.68,378.2,48.69,607.7,48.7,2536.7,48.71,819.3,48.72,1139.7
1700000165.0,330,48.64,0.060000000000002274,48.61,15.0,48.67,128.5,2058.7000000000003,3450.5,48.67,5.0,BUY,3,48.61,15.0,48.6,1174.8,48.59,60.9,48.58,46.9,48.57,761.1,48.67,128.5,48.68,237.4,48.69,265.2,48.7,1349.2,48.71,1470.2
1700000165.5,331,48.64,0.060000000000002274,48.61,776.4,48.67,685.7,2481.1,3841.5,48.64,0.0,BUY,0,48.61,776.4,48.6,638.3,48.59,137.3,48.58,285.5,48.57,643.6,48.67,685.7,48.68,157.8,48.69,1915.7,48.7,187.3,48.71,895.0
1700000166.0,332,48.629999999999995,0.05999999999999517,48.6,537.7,48.66,924.7,4755.9,5085.3,48.66,5.0,BUY,5,48.6,537.7,48.59,821.6,48.58,1033.2,48.57,1359.9,48.56,1003.5,48.66,924.7,48.67,736.3,48.68,657.8,48.69,11.7,48.7,2754.8
1700000166.5,333,48.635,0.04999999999999716,48.61,414.5,48.66,1199.6,4376.5,5535.6,48.66,16.7,BUY,1,48.61,414.5,48.6,369.5,48.59,906.4,48.58,1939.6,48.57,746.5,48.66,1199.6,48.67,101.9,48.68,222.1,48.69,1695.2,48.7,2316.8
1700000167.0,334,48.61,0.03999999999999915,48.59,246.5,48.63,216.6,1464.1999999999998,2847.0000000000005,48.63,38.6,BUY,2,48.59,246.5,48.58,49.4,48.57,347.6,48.56,133.4,48.55,687.3,48.63,216.6,48.64,765.3,48.65,650.0,48.66,1140.7,48.67,74.4
1700000167.5,335,48.61,0.060000000000002274,48.58,149.2,48.64,685.5,1251.8,4017.5,48.64,31.0,BUY,1,48.58,149.2,48.57,65.0,48.56,147.8,48.55,682.2,48.54,207.6,48.64,685.5,48.65,259.8,48.66,1911.4,48.67,452.5,48.68,708.3
1700000168.0,336,48.6,0.060000000000002274,48.57,85.4,48.63,2312.5,1558.1999999999998,6932.5,48.63,25.4,BUY,3,48.57,85.4,48.56,647.5,48.55,508.4,48.54,78.6,48.53,238.3,48.63,2312.5,48.64,1676.9,48.65,289.5,48.66,989.8,48.67,1663.8
1700000168.5,337,48.59,0.05999999999999517,48.56,199.5,48.62,207.7,4341.8,4582.6,48.62,7.6,BUY,5,48.56,199.5,48.55,166.4,48.54,2028.0,48.53,1181.5,48.52,766.4,48.62,207.7,48.63,725.3,48.64,879.9,48.65,2144.1,48.66,625.6
1700000169.0,338,48.58,0.060000000000002274,48.55,106.6,48.61,241.9,614.4,4580.9,48.61,24.0,BUY,6,48.55,106.6,48.54,277.3,48.53,161.0,48.52,56.1,48.51,13.4,48.61,241.9,48.62,107.3,48.63,431.7,48.64,32.3,48.65,3767.7
1700000169.5,339,48.57,0.04000000000000625,48.55,10.0,48.59,172.4,1258.8000000000002,4526.1,48.59,15.7,BUY,5,48.55,10.0,48.54,398.3,48.53,524.9,48.52,95.2,48.51,230.4,48.59,172.4,48.6,355.5,48.61,1745.3,48.62,1606.4,48.63,646.5
1700000170.0,340,48.56,0.060000000000002274,48.53,213.6,48.59,546.4,1919.2999999999997,1912.1000000000001,48.59,133.8,BUY,4,48.53,213.6,48.52,1074.2,48.51,384.4,48.5,190.6,48.49,56.5,48.59,546.4,48.6,348.1,48.61,282.7,48.62,499.1,48.63,235.8
1700000170.5,341,48.55,0.05999999999999517,48.52,510.9,48.58,113.5,2267.0,2586.6000000000004,48.52,5.0,SELL,4,48.52,510.9,48.51,509.6,48.5,569.1,48.49,347.4,48.48,330.0,48.58,113.5,48.59,42.7,48.6,1031.7,48.61,1024.4,48.62,374.3
1700000171.0,342,48.32,0.060000000000002274,48.29,242.9,48.35,1260.7,901.4000000000001,4762.799999999999,48.35,50.9,BUY,3,48.29,242.9,48.28,162.9,48.27,152.4,48.26,156.4,48.25,186.8,48.35,1260.7,48.36,667.1,48.37,735.1,48.38,898.3,48.39,1201.6
1700000171.5,343,48.31,0.060000000000002274,48.28,172.3,48.34,125.2,1952.7,5909.9,48.34,5.0,BUY,4,48.28,172.3,48.27,1116.3,48.26,367.2,48.25,99.9,48.24,197.0,48.34,125.2,48.35,79.0,48.36,2518.5,48.37,1241.2,48.38,1946.0
1700000172.0,344,47.25,0.060000000000002274,47.22,10.0,47.28,154.9,684.1,2086.2000000000003,47.28,8.8,BUY,6,47.22,10.0,47.21,379.4,47.2,98.6,47.19,56.0,47.18,140.1,47.28,154.9,47.29,23.5,47.3,190.7,47.31,869.7,47.32,847.4
1700000172.5,345,47.230000000000004,0.05999999999999517,47.2,450.1,47.26,281.3,2504.3,4121.8,47.2,48.1,SELL,3,47.2,450.1,47.19,10.0,47.18,1163.8,47.17,357.7,47.16,522.7,47.26,281.3,47.27,1483.9,47.28,498.2,47.29,1319.1,47.3,539.3
1700000173.0,346,47.21,0.060000000000002274,47.18,237.3,47.24,231.4,1195.8999999999999,7503.3,47.18,47.8,SELL,3,47.18,237.3,47.17,33.4,47.16,275.9,47.15,357.9,47.14,291.4,47.24,231.4,47.25,1750.9,47.26,1696.9,47.27,3017.4,47.28,806.7
1700000173.5,347,47.2,0.05999999999999517,47.17,291.1,47.23,11.4,2549.3999999999996,5488.4,47.2,0.0,BUY,0,47.17,291.1,47.16,261.9,47.15,77.3,47.14,329.8,47.13,1589.3,47.23,11.4,47.24,142.1,47.25,267.6,47.26,896.6,47.27,4170.7
1700000174.0,348,47.19,0.060000000000002274,47.16,279.7,47.22,917.3,4757.8,5617.5,47.22,80.1,BUY,1,47.16,279.7,47.15,1347.2,47.14,1003.4,47.13,132.0,47.12,1995.5,47.22,917.3,47.23,119.2,47.24,1406.5,47.25,1813.9,47.26,1360.6
1700000174.5,349,47.18,0.060000000000002274,47.15,134.3,47.21,400.1,2655.9,2172.1,47.18,0.0,BUY,0,47.15,134.3,47.14,92.4,47.13,878.4,47.12,797.4,47.11,753.4,47.21,400.1,47.22,82.4,47.23,1358.3,47.24,293.7,47.25,37.6
1700000175.0,350,47.17,0.060000000000002274,47.14,110.0,47.2,1086.6,3308.0,7109.999999999999,47.14,13.7,SELL,1,47.14,110.0,47.13,1281.4,47.12,1473.5,47.11,111.9,47.1,331.2,47.2,1086.6,47.21,675.6,47.22,4809.2,47.23,36.9,47.24,501.7
1700000175.5,351,47.16,0.05999999999999517,47.13,32.5,47.19,690.4,3564.6,2124.2,47.13,24.1,SELL,2,47.13,32.5,47.12,889.0,47.11,413.3,47.1,1781.4,47.09,448.4,47.19,690.4,47.2,120.5,47.21,463.4,47.22,495.2,47.23,354.7
1700000176.0,352,50.6,0.060000000000002274,50.57,154.6,50.63,977.6,1220.6,11441.900000000001,50.57,5.0,SELL,2,50.57,154.6,50.56,53.5,50.55,567.5,50.54,425.2,50.53,19.8,50.63,977.6,50.64,6159.5,50.65,86.3,50.66,1824.4,50.67,2394.1
1700000176.5,353,50.58,0.060000000000002274,50.55,10.0,50.61,478.5,1221.8000000000002,5709.6,50.58,0.0,BUY,0,50.55,10.0,50.54,816.7,50.53,156.3,50.52,142.9,50.51,95.9,50.61,478.5,50.62,892.1,50.63,698.2,50.64,958.2,50.65,2682.6
1700000177.0,354,50.57,0.060000000000002274,50.54,86.1,50.6,277.7,1766.1,2821.3999999999996,50.6,15.2,BUY,3,50.54,86.1,50.53,68.3,50.52,114.6,50.51,666.2,50.5,830.9,50.6,277.7,50.61,565.9,50.62,412.1,50.63,585.5,50.64,980.2
1700000177.5,355,50.56,0.060000000000002274,50.53,229.4,50.59,1789.0,2220.0,5473.9,50.59,49.9,BUY,2,50.53,229.4,50.52,128.0,50.51,492.8,50.5,535.7,50.49,834.1,50.59,1789.0,50.6,333.9,50.61,676.8,50.62,1962.3,50.63,711.9
1700000178.0,356,50.55,0.05999999999999517,50.52,56.8,50.58,1088.6,2909.1,7374.5,50.58,125.6,BUY,1,50.52,56.8,50.51,1785.5,50.5,310.7,50.49,210.5,50.48,545.6,50.58,1088.6,50.59,19.2,50.6,639.1,50.61,1609.9,50.62,4017.7
1700000178.5,357,50.540000000000006,0.03999999999999915,50.52,175.3,50.56,771.9,2186.9,2395.5,50.52,117.2,SELL,1,50.52,175.3,50.51,175.0,50.5,606.5,50.49,1196.5,50.48,33.6,50.56,771.9,50.57,253.2,50.58,442.7,50.59,329.1,50.6,598.6
1700000179.0,358,50.53,0.03999999999999915,50.51,178.0,50.55,1485.5,3629.2000000000003,7097.8,50.55,16.2,BUY,7,50.51,178.0,50.5,925.7,50.49,41.4,50.48,2096.0,50.47,388.1,50.55,1485.5,50.56,201.5,50.57,1099.3,50.58,611.6,50.59,3699.9
1700000179.5,359,50.525,0.04999999999999716,50.5,10.0,50.55,400.3,2744.7,2894.2000000000003,50.55,131.5,BUY,2,50.5,10.0,50.49,173.1,50.48,773.6,50.47,536.8,50.46,1251.2,50.55,400.3,50.56,474.8,50.57,312.8,50.58,1640.0,50.59,66.3
1700000180.0,360,50.51,0.060000000000002274,50.48,49.5,50.54,10.0,3339.1,3586.5,50.48,95.0,SELL,3,50.48,49.5,50.47,379.7,50.46,173.8,50.45,653.4,50.44,2082.7,50.54,10.0,50.55,254.7,50.56,127.8,50.57,2929.0,50.58,265.0
1700000180.5,361,50.51,0.060000000000002274,50.48,138.8,50.54,86.1,2325.2000000000003,1932.5,50.54,43.8,BUY,2,50.48,138.8,50.47,10.0,50.46,125.0,50.45,1927.5,50.44,123.9,50.54,86.1,50.55,524.5,50.56,20.9,50.57,903.6,50.58,397.4
1700000181.0,362,50.5,0.04000000000000625,50.48,131.7,50.52,429.5,2467.0,4324.9,50.52,13.8,BUY,2,50.48,131.7,50.47,142.0,50.46,929.1,50.45,754.3,50.44,509.9,50.52,429.5,50.53,1130.3,50.54,165.7,50.55,752.4,50.56,1847.0
1700000181.5,363,50.495000000000005,0.05000000000000426,50.47,30.1,50.52,422.9,3864.5,1081.6999999999998,50.47,5.0,SELL,1,50.47,30.1,50.46,418.9,50.45,1466.6,50.44,215.6,50.43,1733.3,50.52,422.9,50.53,323.0,50.54,86.8,50.55,25.4,50.56,223.6
1700000182.0,364,50.47,0.03999999999999915,50.45,15.3,50.49,1651.3,1503.0,4608.2,50.45,46.6,SELL,3,50.45,15.3,50.44,111.3,50.43,1324.2,50.42,10.0,50.41,42.2,50.49,1651.3,50.5,1248.2,50.51,806.5,50.52,802.0,50.53,100.2
1700000182.5,365,50.46,0.060000000000002274,50.43,92.7,50.49,1676.8,1415.4,3588.2,50.49,42.8,BUY,2,50.43,92.7,50.42,540.8,50.41,10.0,50.4,107.4,50.39,664.5,50.49,1676.8,50.5,113.2,50.51,406.2,50.52,86.2,50.53,1305.8
1700000183.0,366,50.455,0.04999999999999716,50.43,237.9,50.48,667.0,2493.2999999999997,6118.7,50.48,24.0,BUY,2,50.43,237.9,50.42,740.0,50.41,360.2,50.4,665.8,50.39,489.4,50.48,667.0,50.49,42.0,50.5,2028.1,50.51,1112.8,50.52,2268.8
1700000183.5,367,50.44,0.060000000000002274,50.41,62.0,50.47,41.1,2690.0,1824.6999999999998,50.47,87.3,BUY,3,50.41,62.0,50.4,175.4,50.39,1429.6,50.38,901.5,50.37,121.5,50.47,41.1,50.48,42.7,50.49,366.7,50.5,244.9,50.51,1129.3
1700000184.0,368,50.43,0.060000000000002274,50.4,312.1,50.46,1482.6,2186.7,6928.1,50.46,5.0,BUY,2,50.4,312.1,50.39,428.1,50.38,48.9,50.37,338.2,50.36,1059.4,50.46,1482.6,50.47,315.2,50.48,1225.0,50.49,2574.7,50.5,1330.6
1700000184.5,369,50.42,0.060000000000002274,50.39,232.8,50.45,1127.8,852.4000000000001,2873.2999999999997,50.39,14.3,SELL,2,50.39,232.8,50.38,36.4,50.37,92.3,50.36,409.2,50.35,81.7,50.45,1127.8,50.46,1107.3,50.47,81.7,50.48,439.2,50.49,117.3
1700000185.0,370,57.09,0.05999999999999517,57.06,100.3,57.12,793.0,2196.5,6776.200000000001,57.12,21.4,BUY,3,57.06,100.3,57.05,1115.8,57.04,796.6,57.03,84.9,57.02,98.9,57.12,793.0,57.13,195.1,57.14,624.0,57.15,5112.0,57.16,52.1
1700000185.5,371,57.075,0.05000000000000426,57.05,762.7,57.1,526.6,2373.8,5724.1,57.1,45.5,BUY,3,57.05,762.7,57.04,175.2,57.03,236.2,57.02,953.5,57.01,246.2,57.1,526.6,57.11,405.4,57.12,1285.4,57.13,2318.2,57.14,1188.5
1700000186.0,372,57.07,0.060000000000002274,57.04,339.9,57.1,27.4,3518.2,6085.4,57.1,19.6,BUY,2,57.04,339.9,57.03,882.7,57.02,239.7,57.01,1869.7,57.0,186.2,57.1,27.4,57.11,900.5,57.12,2994.4,57.13,1866.2,57.14,296.9
1700000186.5,373,57.06,0.060000000000002274,57.03,46.5,57.09,646.8,2902.9,4798.0,57.09,42.2,BUY,1,57.03,46.5,57.02,2225.8,57.01,206.0,57.0,45.5,56.99,379.1,57.09,646.8,57.1,3068.0,57.11,156.4,57.12,888.9,57.13,37.9
1700000187.0,374,57.05,0.05999999999999517,57.02,35.2,57.08,537.0,1950.1999999999998,5030.0,57.08,54.5,BUY,3,57.02,35.2,57.01,178.8,57.0,942.6,56.99,530.0,56.98,263.6,57.08,537.0,57.09,57.5,57.1,1622.6,57.11,639.2,57.12,2173.7
1700000187.5,375,57.03,0.060000000000002274,57.0,10.0,57.06,114.8,779.3,6048.2,57.06,5.0,BUY,4,57.0,10.0,56.99,232.8,56.98,281.7,56.97,19.6,56.96,235.2,57.06,114.8,57.07,616.6,57.08,2612.5,57.09,1560.6,57.1,1143.7
1700000188.0,376,57.019999999999996,0.05999999999999517,56.99,10.0,57.05,79.4,3118.0,4933.599999999999,56.99,5.0,SELL,1,56.99,10.0,56.98,27.2,56.97,10.0,56.96,1537.7,56.95,1533.1,57.05,79.4,57.06,899.8,57.07,1000.4,57.08,1670.3,57.09,1283.7
1700000188.5,377,57.0,0.060000000000002274,56.97,94.9,57.03,305.5,1952.8000000000002,2020.7,56.97,142.7,SELL,3,56.97,94.9,56.96,99.9,56.95,117.4,56.94,1524.2,56.93,116.4,57.03,305.5,57.04,10.0,57.05,611.0,57.06,193.4,57.07,900.8
1700000189.0,378,57.0,0.060000000000002274,56.97,33.9,57.03,1707.3,2498.4,3895.9,56.97,32.3,SELL,1,56.97,33.9,56.96,345.9,56.95,732.2,56.94,115.0,56.93,1271.4,57.03,1707.3,57.04,426.3,57.05,21.3,57.06,299.0,57.07,1442.0
1700000189.5,379,56.975,0.04999999999999716,56.95,20.1,57.0,495.8,3003.6,5664.8,57.0,101.1,BUY,5,56.95,20.1,56.94,665.1,56.93,2002.7,56.92,85.2,56.91,230.5,57.0,495.8,57.01,307.4,57.02,2779.4,57.03,785.9,57.04,1296.3
1700000190.0,380,56.97,0.060000000000002274,56.94,127.2,57.0,297.9,3462.9,1986.9,57.0,35.2,BUY,3,56.94,127.2,56.93,105.4,56.92,235.5,56.91,327.0,56.9,2667.8,57.0,297.9,57.01,184.8,57.02,55.7,57.03,848.4,57.04,600.1
1700000190.5,381,56.95,0.05999999999999517,56.92,114.3,56.98,207.2,1121.9,2723.6,56.98,11.8,BUY,2,56.92,114.3,56.91,236.0,56.9,93.0,56.89,84.4,56.88,594.2,56.98,207.2,56.99,875.1,57.0,335.2,57.01,467.2,57.02,838.9
1700000191.0,382,56.935,0.05000000000000426,56.91,11.7,56.96,347.9,2371.0,3248.6,56.935,0.0,BUY,0,56.91,11.7,56.9,180.1,56.89,401.5,56.88,596.2,56.87,1181.5,56.96,347.9,56.97,908.7,56.98,415.2,56.99,670.2,57.0,906.6
1700000191.5,383,56.92,0.060000000000002274,56.89,16.2,56.95,345.4,2542.1,3149.3,56.89,33.4,SELL,3,56.89,16.2,56.88,1156.0,56.87,335.3,56.86,996.9,56.85,37.7,56.95,345.4,56.96,255.6,56.97,1635.3,56.98,94.4,56.99,818.6
1700000192.0,384,56.91,0.05999999999999517,56.88,439.4,56.94,467.8,1931.8999999999999,2998.5999999999995,56.94,23.2,BUY,5,56.88,439.4,56.87,91.4,56.86,134.0,56.85,1068.0,56.84,199.1,56.94,467.8,56.95,137.5,56.96,1199.0,56.97,1175.6,56.98,18.7
1700000192.5,385,56.91,0.05999999999999517,56.88,143.2,56.94,460.9,891.4999999999999,4115.1,56.91,0.0,BUY,0,56.88,143.2,56.87,61.7,56.86,41.8,56.85,592.4,56.84,52.4,56.94,460.9,56.95,466.9,56.96,1631.8,56.97,22.6,56.98,1532.9
1700000193.0,386,56.9,0.060000000000002274,56.87,91.4,56.93,10.0,3081.9000000000005,1045.8,56.87,16.2,SELL,1,56.87,91.4,56.86,375.2,56.85,409.3,56.84,10.7,56.83,2195.3,56.93,10.0,56.94,313.7,56.95,112.9,56.96,119.9,56.97,489.3
1700000193.5,387,56.89,0.060000000000002274,56.86,136.5,56.92,621.6,2281.9,2149.6,56.92,20.9,BUY,3,56.86,136.5,56.85,328.6,56.84,877.6,56.83,794.2,56.82,145.0,56.92,621.6,56.93,46.3,56.94,647.7,56.95,671.0,56.96,163.0
1700000194.0,388,56.879999999999995,0.05999999999999517,56.85,121.4,56.91,1076.9,1813.8,9438.599999999999,56.91,28.6,BUY,4,56.85,121.4,56.84,194.6,56.83,10.0,56.82,787.6,56.81,700.2,56.91,1076.9,56.92,993.8,56.93,259.0,56.94,6579.9,56.95,529.0
1700000194.5,389,56.879999999999995,0.05999999999999517,56.85,430.7,56.91,49.0,718.3,2109.4,56.91,5.0,BUY,6,56.85,430.7,56.84,54.6,56.83,28.8,56.82,120.4,56.81,83.8,56.91,49.0,56.92,255.3,56.93,632.3,56.94,826.2,56.95,346.6
1700000195.0,390,56.86,0.03999999999999915,56.84,624.2,56.88,349.4,1384.5,3231.7000000000003,56.88,28.3,BUY,2,56.84,624.2,56.83,86.2,56.82,36.1,56.81,119.3,56.8,518.7,56.88,349.4,56.89,971.0,56.9,773.1,56.91,845.8,56.92,292.4
1700000195.5,391,56.86,0.060000000000002274,56.83,236.6,56.89,497.3,2463.6000000000004,2927.0,56.83,5.0,SELL,3,56.83,236.6,56.82,487.0,56.81,256.6,56.8,1425.9,56.79,57.5,56.89,497.3,56.9,30.5,56.91,942.0,56.92,1258.9,56.93,198.3
1700000196.0,392,56.845,0.04999999999999716,56.82,276.5,56.87,118.8,2586.2,2852.8999999999996,56.87,32.3,BUY,4,56.82,276.5,56.81,634.7,56.8,824.0,56.79,668.4,56.78,182.6,56.87,118.8,56.88,1306.2,56.89,39.0,56.9,694.1,56.91,694.8
1700000196.5,393,56.84,0.05999999999999517,56.81,338.4,56.87,755.9,1700.0,4054.6000000000004,56.81,25.8,SELL,1,56.81,338.4,56.8,212.9,56.79,137.2,56.78,91.8,56.77,919.7,56.87,755.9,56.88,169.4,56.89,249.0,56.9,2247.5,56.91,632.8
1700000197.0,394,56.82,0.060000000000002274,56.79,873.3,56.85,2193.4,1459.8999999999999,10087.8,56.85,21.3,BUY,1,56.79,873.3,56.78,80.3,56.77,61.3,56.76,416.3,56.75,28.7,56.85,2193.4,56.86,143.3,56.87,2041.6,56.88,1436.5,56.89,4273.0
1700000197.5,395,56.8,0.05999999999999517,56.77,293.6,56.83,627.4,2821.4,4026.3,56.83,22.8,BUY,3,56.77,293.6,56.76,60.8,56.75,1223.2,56.74,10.0,56.73,1233.8,56.83,627.4,56.84,1472.6,56.85,943.7,56.86,831.8,56.87,150.8
1700000198.0,396,56.78,0.060000000000002274,56.75,188.3,56.81,2928.4,2254.6,8353.800000000001,56.81,5.0,BUY,2,56.75,188.3,56.74,1466.8,56.73,62.6,56.72,268.8,56.71,268.1,56.81,2928.4,56.82,1881.2,56.83,626.6,56.84,2706.7,56.85,210.9
1700000198.5,397,56.769999999999996,0.05999999999999517,56.74,90.4,56.8,267.1,1330.9,9444.5,56.8,42.1,BUY,3,56.74,90.4,56.73,195.2,56.72,138.7,56.71,533.2,56.7,373.4,56.8,267.1,56.81,597.8,56.82,2387.4,56.83,5102.2,56.84,1090.0
1700000199.0,398,56.76,0.060000000000002274,56.73,213.5,56.79,45.1,1651.6,5626.4,56.76,0.0,BUY,0,56.73,213.5,56.72,202.9,56.71,249.8,56.7,847.3,56.69,138.1,56.79,45.1,56.8,372.2,56.81,300.5,56.82,4157.9,56.83,750.7
1700000199.5,399,56.75,0.04000000000000625,56.73,17.3,56.77,128.6,3931.8,4201.5,56.77,8.0,BUY,1,56.73,17.3,56.72,450.7,56.71,1315.4,56.7,924.6,56.69,1223.8,56.77,128.6,56.78,704.3,56.79,821.0,56.8,490.5,56.81,2057.1
1700000200.0,400,56.74,0.060000000000002274,56.71,506.6,56.77,3049.3,3924.2,8018.7,56.71,45.7,SELL,4,56.71,506.6,56.7,129.8,56.69,753.5,56.68,1600.0,56.67,934.3,56.77,3049.3,56.78,1189.0,56.79,3173.7,56.8,298.0,56.81,308.7
1700000200.5,401,56.730000000000004,0.05999999999999517,56.7,441.8,56.76,549.2,1950.8000000000002,5006.0,56.76,17.2,BUY,1,56.7,441.8,56.69,451.4,56.68,557.8,56.67,287.9,56.66,211.9,56.76,549.2,56.77,940.5,56.78,1378.1,56.79,549.3,56.8,1588.9
1700000201.0,402,56.72,0.060000000000002274,56.69,229.2,56.75,56.6,2639.7999999999997,2134.9,56.75,33.3,BUY,2,56.69,229.2,56.68,266.2,56.67,778.8,56.66,882.9,56.65,482.7,56.75,56.6,56.76,186.8,56.77,231.4,56.78,1292.9,56.79,367.2
1700000201.5,403,56.71,0.060000000000002274,56.68,129.8,56.74,83.5,984.5,2273.7,56.74,6.3,BUY,2,56.68,129.8,56.67,161.0,56.66,263.2,56.65,396.1,56.64,34.4,56.74,83.5,56.75,400.6,56.76,1454.1,56.77,183.8,56.78,151.7
1700000202.0,404,56.705,0.04999999999999716,56.68,348.4,56.73,870.8,2145.5,6305.200000000001,56.68,7.9,SELL,2,56.68,348.4,56.67,637.7,56.66,26.4,56.65,960.1,56.64,172.9,56.73,870.8,56.74,936.3,56.75,412.0,56.76,1047.2,56.77,3038.9
1700000202.5,405,56.68,0.060000000000002274,56.65,352.5,56.71,13.0,1476.4,1998.3000000000002,56.71,52.6,BUY,2,56.65,352.5,56.64,140.4,56.63,94.5,56.62,312.5,56.61,576.5,56.71,13.0,56.72,18.9,56.73,1630.5,56.74,109.7,56.75,226.2
1700000203.0,406,56.68,0.060000000000002274,56.65,487.4,56.71,1107.5,2474.1,4435.4,56.65,68.8,SELL,3,56.65,487.4,56.64,41.5,56.63,1113.6,56.62,240.7,56.61,590.9,56.71,1107.5,56.72,195.5,56.73,669.3,56.74,56.0,56.75,2407.1
1700000203.5,407,56.68,0.04000000000000625,56.66,320.8,56.7,781.3,1461.9,2574.1,56.66,76.7,SELL,2,56.66,320.8,56.65,100.5,56.64,328.8,56.63,95.9,56.62,615.9,56.7,781.3,56.71,589.0,56.72,490.7,56.73,425.7,56.74,287.4
1700000204.0,408,56.67,0.060000000000002274,56.64,133.5,56.7,843.0,3031.9,5572.299999999999,56.7,69.8,BUY,2,56.64,133.5,56.63,223.1,56.62,501.6,56.61,166.2,56.6,2007.5,56.7,843.0,56.71,10.0,56.72,107.8,56.73,1539.3,56.74,3072.2
1700000204.5,409,56.66,0.05999999999999517,56.63,581.9,56.69,722.2,2275.6,3784.7000000000007,56.69,57.6,BUY,3,56.63,581.9,56.62,10.0,56.61,90.6,56.6,343.0,56.59,1250.1,56.69,722.2,56.7,1359.9,56.71,1351.8,56.72,239.9,56.73,110.9
1700000205.0,410,56.65,0.060000000000002274,56.62,868.8,56.68,38.5,2918.2999999999997,5816.8,56.68,40.9,BUY,1,56.62,868.8,56.61,274.6,56.6,101.6,56.59,1625.1,56.58,48.2,56.68,38.5,56.69,18.3,56.7,4268.8,56.71,1448.2,56.72,43.0
1700000205.5,411,56.629999999999995,0.05999999999999517,56.6,62.2,56.66,159.3,2797.5999999999995,4718.5,56.66,16.8,BUY,2,56.6,62.2,56.59,964.4,56.58,769.6,56.57,473.7,56.56,527.7,56.66,159.3,56.67,515.3,56.68,1813.8,56.69,949.7,56.7,1280.4
1700000206.0,412,56.615,0.04999999999999716,56.59,381.2,56.64,489.6,3476.2999999999997,2940.8999999999996,56.64,13.6,BUY,3,56.59,381.2,56.58,935.9,56.57,265.5,56.56,1477.1,56.55,416.6,56.64,489.6,56.65,413.4,56.66,258.6,56.67,546.0,56.68,1233.3
1700000206.5,413,56.595,0.04999999999999716,56.57,105.5,56.62,68.4,2250.0,3128.3999999999996,56.62,9.3,BUY,2,56.57,105.5,56.56,364.2,56.55,753.4,56.54,754.4,56.53,272.5,56.62,68.4,56.63,797.4,56.64,2014.1,56.65,176.0,56.66,72.5
1700000207.0,414,56.58,0.060000000000002274,56.55,420.9,56.61,128.0,2891.2,3780.0,56.61,65.3,BUY,3,56.55,420.9,56.54,942.7,56.53,384.9,56.52,763.2,56.51,379.5,56.61,128.0,56.62,404.2,56.63,2016.4,56.64,273.7,56.65,957.7
1700000207.5,415,56.575,0.05000000000000426,56.55,398.6,56.6,266.7,2955.0,3204.2,56.6,11.1,BUY,5,56.55,398.6,56.54,644.5,56.53,349.0,56.52,1128.6,56.51,434.3,56.6,266.7,56.61,210.6,56.62,70.9,56.63,210.6,56.64,2445.4
1700000208.0,416,56.57,0.060000000000002274,56.54,1524.6,56.6,524.3,2137.6,6425.0,56.6,57.9,BUY,2,56.54,1524.6,56.53,232.4,56.52,80.7,56.51,252.8,56.5,47.1,56.6,524.3,56.61,1982.9,56.62,890.5,56.63,807.0,56.64,2220.3
1700000208.5,417,56.56,0.060000000000002274,56.53,829.6,56.59,212.8,4378.0,5204.1,56.59,67.9,BUY,2,56.53,829.6,56.52,330.3,56.51,877.7,56.5,1374.0,56.49,966.4,56.59,212.8,56.6,70.6,56.61,2816.4,56.62,1695.5,56.63,408.8
1700000209.0,418,56.56,0.060000000000002274,56.53,99.8,56.59,2790.7,2310.9,6569.900000000001,56.59,6.7,BUY,6,56.53,99.8,56.52,76.3,56.51,427.9,56.5,463.0,56.49,1243.9,56.59,2790.7,56.6,316.5,56.61,101.4,56.62,2938.5,56.63,422.8
1700000209.5,419,56.55,0.05999999999999517,56.52,374.9,56.58,65.5,1839.8,7619.599999999999,56.58,94.6,BUY,3,56.52,374.9,56.51,617.6,56.5,83.6,56.49,536.7,56.48,227.0,56.58,65.5,56.59,217.6,56.6,1016.8,56.61,3926.0,56.62,2393.7
1700000210.0,420,56.540000000000006,0.03999999999999915,56.52,1062.4,56.56,797.5,3411.3999999999996,4302.299999999999,56.56,13.7,BUY,2,56.52,1062.4,56.51,40.5,56.5,598.8,56.49,45.6,56.48,1664.1,56.56,797.5,56.57,303.1,56.58,117.1,56.59,2006.7,56.6,1077.9
1700000210.5,421,56.54,0.060000000000002274,56.51,182.6,56.57,223.7,2346.8,2170.8,56.54,0.0,BUY,0,56.51,182.6,56.5,285.4,56.49,426.6,56.48,1282.7,56.47,169.5,56.57,223.7,56.58,55.6,56.59,114.7,56.6,10.0,56.61,1766.8
1700000211.0,422,56.53,0.060000000000002274,56.5,418.5,56.56,935.7,2171.8,3046.2,56.56,5.0,BUY,1,56.5,418.5,56.49,10.0,56.48,945.7,56.47,123.7,56.46,673.9,56.56,935.7,56.57,872.0,56.58,427.0,56.59,452.8,56.6,358.7
1700000211.5,423,56.51,0.060000000000002274,56.48,58.6,56.54,2786.9,2209.2000000000003,4611.1,56.54,26.2,BUY,1,56.48,58.6,56.47,364.6,56.46,43.3,56.45,194.3,56.44,1548.4,56.54,2786.9,56.55,175.8,56.56,1240.4,56.57,253.6,56.58,154.4
1700000212.0,424,56.49,0.060000000000002274,56.46,242.1,56.52,68.0,1363.3000000000002,9057.0,56.52,27.4,BUY,4,56.46,242.1,56.45,471.7,56.44,458.1,56.43,10.0,56.42,181.4,56.52,68.0,56.53,4756.3,56.54,1738.7,56.55,774.5,56.56,1719.5
1700000212.5,425,56.480000000000004,0.05999999999999517,56.45,10.6,56.51,32.9,1055.4,3808.1000000000004,56.480000000000004,0.0,BUY,0,56.45,10.6,56.44,257.8,56.43,227.6,56.42,345.4,56.41,214.0,56.51,32.9,56.52,1675.2,56.53,398.1,56.54,1048.7,56.55,653.2
1700000213.0,426,56.459999999999994,0.03999999999999915,56.44,92.0,56.48,428.3,3223.0,5556.9,56.48,35.8,BUY,2,56.44,92.0,56.43,94.4,56.42,54.7,56.41,1310.0,56.4,1671.9,56.48,428.3,56.49,192.4,56.5,546.3,56.51,2734.5,56.52,1655.4
1700000213.5,427,56.46,0.060000000000002274,56.43,483.2,56.49,42.6,3098.8,3948.3999999999996,56.49,64.9,BUY,3,56.43,483.2,56.42,164.7,56.41,651.5,56.4,101.6,56.39,1697.8,56.49,42.6,56.5,446.7,56.51,703.0,56.52,108.0,56.53,2648.1
1700000214.0,428,56.45,0.05999999999999517,56.42,113.8,56.48,1091.0,5046.799999999999,3651.7,56.48,41.6,BUY,2,56.42,113.8,56.41,96.0,56.4,305.5,56.39,3217.6,56.38,1313.9,56.48,1091.0,56.49,117.8,56.5,742.4,56.51,1042.0,56.52,658.5
1700000214.5,429,56.435,0.05000000000000426,56.41,187.9,56.46,254.7,2432.7,4843.799999999999,56.46,20.6,BUY,4,56.41,187.9,56.4,567.8,56.39,1406.0,56.38,196.5,56.37,74.5,56.46,254.7,56.47,1372.1,56.48,1783.1,56.49,531.5,56.5,902.4
1700000215.0,430,56.42,0.060000000000002274,56.39,395.9,56.45,1017.3,2111.1,7862.099999999999,56.39,38.1,SELL,2,56.39,395.9,56.38,748.4,56.37,397.6,56.36,394.3,56.35,174.9,56.45,1017.3,56.46,947.9,56.47,799.1,56.48,1394.0,56.49,3703.8
1700000215.5,431,56.41,0.05999999999999517,56.38,241.7,56.44,760.3,1980.9,8759.5,56.44,25.4,BUY,2,56.38,241.7,56.37,785.6,56.36,34.7,56.35,616.9,56.34,302.0,56.44,760.3,56.45,150.7,56.46,960.2,56.47,5055.0,56.48,1833.3
1700000216.0,432,56.4,0.060000000000002274,56.37,311.2,56.43,25.9,3361.8,2973.5,56.43,69.4,BUY,2,56.37,311.2,56.36,310.3,56.35,529.8,56.34,121.0,56.33,2089.5,56.43,25.9,56.44,1284.2,56.45,410.2,56.46,898.6,56.47,354.6
1700000216.5,433,56.39,0.060000000000002274,56.36,1023.0,56.42,76.4,3730.8,3558.2,56.36,100.5,SELL,5,56.36,1023.0,56.35,177.4,56.34,514.9,56.33,1134.0,56.32,881.5,56.42,76.4,56.43,932.0,56.44,1091.8,56.45,1271.5,56.46,186.5
1700000217.0,434,56.370000000000005,0.05999999999999517,56.34,594.4,56.4,1241.0,3695.2,3966.3999999999996,56.34,30.0,SELL,3,56.34,594.4,56.33,88.5,56.32,744.7,56.31,1776.9,56.3,490.7,56.4,1241.0,56.41,46.7,56.42,1728.0,56.43,695.5,56.44,255.2
1700000217.5,435,56.36,0.060000000000002274,56.33,211.6,56.39,76.6,1462.6000000000001,1515.7,56.39,47.1,BUY,4,56.33,211.6,56.32,316.8,56.31,169.8,56.3,36.7,56.29,727.7,56.39,76.6,56.4,10.0,56.41,121.0,56.42,724.4,56.43,583.7
1700000218.0,436,56.35,0.060000000000002274,56.32,45.5,56.38,1374.8,2687.6,6945.699999999999,56.32,5.0,SELL,4,56.32,45.5,56.31,51.2,56.3,1478.5,56.29,497.5,56.28,614.9,56.38,1374.8,56.39,1942.4,56.4,1344.2,56.41,105.4,56.42,2178.9
1700000218.5,437,56.355000000000004,0.05000000000000426,56.33,139.4,56.38,1258.5,3251.0,9239.7,56.38,13.7,BUY,4,56.33,139.4,56.32,14.4,56.31,946.5,56.3,460.7,56.29,1690.0,56.38,1258.5,56.39,603.7,56.4,5263.6,56.41,1085.8,56.42,1028.1
1700000219.0,438,56.34,0.05999999999999517,56.31,171.3,56.37,771.6,3206.6,3763.8,56.37,5.0,BUY,5,56.31,171.3,56.3,1430.2,56.29,46.3,56.28,67.5,56.27,1491.3,56.37,771.6,56.38,91.5,56.39,715.9,56.4,950.4,56.41,1234.4
1700000219.5,439,56.325,0.05000000000000426,56.3,10.0,56.35,226.9,1811.0,1267.9,56.35,18.7,BUY,3,56.3,10.0,56.29,190.3,56.28,734.7,56.27,144.2,56.26,731.8,56.35,226.9,56.36,44.6,56.37,368.9,56.38,110.4,56.39,517.1
1700000220.0,440,56.31,0.060000000000002274,56.28,12.7,56.34,523.9,1774.5,8386.2,56.34,56.9,BUY,4,56.28,12.7,56.27,32.5,56.26,721.9,56.25,115.1,56.24,892.3,56.34,523.9,56.35,343.8,56.36,1439.1,56.37,952.0,56.38,5127.4
1700000220.5,441,56.29,0.060000000000002274,56.26,119.1,56.32,462.4,1868.3000000000002,4711.1,56.29,0.0,BUY,0,56.26,119.1,56.25,347.8,56.24,726.4,56.23,97.4,56.22,577.6,56.32,462.4,56.33,3278.3,56.34,190.9,56.35,366.6,56.36,412.9
1700000221.0,442,56.28,0.060000000000002274,56.25,70.2,56.31,796.3,958.0,3510.1,56.31,5.0,BUY,5,56.25,70.2,56.24,14.9,56.23,131.6,56.22,472.1,56.21,269.2,56.31,796.3,56.32,137.5,56.33,726.5,56.34,595.7,56.35,1254.1
1700000221.5,443,56.28,0.060000000000002274,56.25,132.4,56.31,403.4,3925.3,2686.9,56.31,35.6,BUY,3,56.25,132.4,56.24,715.7,56.23,1606.3,56.22,669.0,56.21,801.9,56.31,403.4,56.32,333.4,56.33,365.3,56.34,528.4,56.35,1056.4
1700000222.0,444,56.269999999999996,0.05999999999999517,56.24,343.7,56.3,83.8,2780.8,2991.6000000000004,56.3,19.5,BUY,3,56.24,343.7,56.23,413.5,56.22,280.6,56.21,142.8,56.2,1600.2,56.3,83.8,56.31,930.8,56.32,888.7,56.33,533.6,56.34,554.7
1700000222.5,445,56.26,0.060000000000002274,56.23,263.7,56.29,146.6,1724.6000000000001,4308.9,56.23,104.6,SELL,7,56.23,263.7,56.22,380.5,56.21,593.6,56.2,305.3,56.19,181.5,56.29,146.6,56.3,1052.2,56.31,450.1,56.32,671.5,56.33,1988.5
1700000223.0,446,56.25,0.060000000000002274,56.22,586.7,56.28,368.9,2788.6,5083.6,56.28,11.6,BUY,2,56.22,586.7,56.21,477.1,56.2,760.7,56.19,584.0,56.18,380.1,56.28,368.9,56.29,2240.7,56.3,200.3,56.31,150.8,56.32,2122.9
1700000223.5,447,56.25,0.060000000000002274,56.22,2699.7,56.28,682.0,4314.599999999999,4963.0,56.25,0.0,BUY,0,56.22,2699.7,56.21,109.5,56.2,10.0,56.19,599.5,56.18,895.9,56.28,682.0,56.29,10.1,56.3,260.6,56.31,569.3,56.32,3441.0
1700000224.0,448,56.25,0.060000000000002274,56.22,258.2,56.28,332.0,3470.3,4502.3,56.22,7.9,SELL,2,56.22,258.2,56.21,264.6,56.2,2109.2,56.19,191.1,56.18,647.2,56.28,332.0,56.29,428.6,56.3,1943.7,56.31,110.7,56.32,1687.3
1700000224.5,449,56.24,0.060000000000002274,56.21,27.0,56.27,25.1,1199.9,8858.6,56.21,48.6,SELL,2,56.21,27.0,56.2,501.2,56.19,89.1,56.18,549.6,56.17,33.0,56.27,25.1,56.28,403.3,56.29,197.3,56.3,2187.3,56.31,6045.6
1700000225.0,450,56.22,0.060000000000002274,56.19,306.3,56.25,827.0,1924.2,6002.799999999999,56.25,9.0,BUY,3,56.19,306.3,56.18,462.8,56.17,619.7,56.16,514.1,56.15,21.3,56.25,827.0,56.26,856.9,56.27,3408.1,56.28,622.4,56.29,288.4
1700000225.5,451,56.2,0.05999999999999517,56.17,199.5,56.23,168.1,3271.2000000000003,4777.799999999999,56.17,55.0,SELL,6,56.17,199.5,56.16,431.2,56.15,1421.4,56.14,857.9,56.13,361.2,56.23,168.1,56.24,602.3,56.25,971.0,56.26,756.3,56.27,2280.1
1700000226.0,452,56.2,0.05999999999999517,56.17,52.7,56.23,261.4,894.2,3151.9,56.23,102.5,BUY,5,56.17,52.7,56.16,10.3,56.15,281.4,56.14,396.6,56.13,153.2,56.23,261.4,56.24,453.0,56.25,93.9,56.26,1799.0,56.27,544.6
1700000226.5,453,56.185,0.05000000000000426,56.16,669.9,56.21,57.2,1743.4999999999998,4233.8,56.21,45.2,BUY,3,56.16,669.9,56.15,368.1,56.14,41.1,56.13,327.1,56.12,337.3,56.21,57.2,56.22,1340.4,56.23,912.5,56.24,170.0,56.25,1753.7
1700000227.0,454,56.18,0.060000000000002274,56.15,79.7,56.21,237.9,3209.7,4807.2,56.15,49.4,SELL,1,56.15,79.7,56.14,623.6,56.13,365.1,56.12,686.6,56.11,1454.7,56.21,237.9,56.22,11.9,56.23,703.7,56.24,2975.7,56.25,878.0
1700000227.5,455,56.18,0.060000000000002274,56.15,250.3,56.21,441.7,1672.1999999999998,6631.200000000001,56.21,286.0,BUY,5,56.15,250.3,56.14,529.2,56.13,128.3,56.12,434.5,56.11,329.9,56.21,441.7,56.22,2023.4,56.23,81.9,56.24,186.9,56.25,3897.3
1700000228.0,456,56.17,0.060000000000002274,56.14,232.2,56.2,915.6,1437.8999999999999,2814.4000000000005,56.2,69.5,BUY,6,56.14,232.2,56.13,45.4,56.12,44.9,56.11,712.1,56.1,403.3,56.2,915.6,56.21,702.7,56.22,296.7,56.23,322.6,56.24,576.8
1700000228.5,457,56.155,0.07000000000000028,56.12,95.9,56.19,1686.1,1863.6,8458.8,56.19,5.0,BUY,5,56.12,95.9,56.11,93.3,56.1,382.4,56.09,68.9,56.08,1223.1,56.19,1686.1,56.2,2704.2,56.21,849.9,56.22,460.9,56.23,2757.7
1700000229.0,458,56.15,0.060000000000002274,56.12,50.5,56.18,342.9,1557.9,8449.8,56.18,21.9,BUY,2,56.12,50.5,56.11,87.1,56.1,106.4,56.09,430.6,56.08,883.3,56.18,342.9,56.19,1832.3,56.2,92.4,56.21,1331.9,56.22,4850.3
1700000229.5,459,56.14,0.060000000000002274,56.11,16.5,56.17,146.0,4381.0,3089.7999999999997,56.11,34.7,SELL,2,56.11,16.5,56.1,645.4,56.09,59.8,56.08,1479.3,56.07,2180.0,56.17,146.0,56.18,355.1,56.19,1603.0,56.2,167.7,56.21,818.0
1700000230.0,460,56.14,0.060000000000002274,56.11,976.5,56.17,957.4,1970.2,2545.9,56.11,34.1,SELL,2,56.11,976.5,56.1,431.9,56.09,358.6,56.08,51.4,56.07,151.8,56.17,957.4,56.18,170.8,56.19,159.5,56.2,313.3,56.21,944.9
1700000230.5,461,56.120000000000005,0.05999999999999517,56.09,387.7,56.15,628.7,1723.0,3746.1000000000004,56.15,55.6,BUY,1,56.09,387.7,56.08,355.4,56.07,313.8,56.06,10.0,56.05,656.1,56.15,628.7,56.16,584.7,56.17,208.8,56.18,1795.6,56.19,528.3
1700000231.0,462,56.11,0.060000000000002274,56.08,343.0,56.14,622.9,1547.8,6353.1,56.08,27.7,SELL,2,56.08,343.0,56.07,43.3,56.06,35.6,56.05,897.9,56.04,228.0,56.14,622.9,56.15,33.0,56.16,3504.8,56.17,1083.4,56.18,1109.0
1700000231.5,463,56.1,0.060000000000002274,56.07,1633.8,56.13,350.2,3380.7,2798.3999999999996,56.13,7.5,BUY,3,56.07,1633.8,56.06,319.0,56.05,198.4,56.04,642.5,56.03,587.0,56.13,350.2,56.14,119.8,56.15,123.4,56.16,372.4,56.17,1832.6
1700000232.0,464,56.09,0.05999999999999517,56.06,124.2,56.12,671.0,1590.6000000000001,3174.8,56.12,82.7,BUY,2,56.06,124.2,56.05,610.1,56.04,327.0,56.03,183.1,56.02,346.2,56.12,671.0,56.13,1030.0,56.14,717.5,56.15,531.5,56.16,224.8
1700000232.5,465,56.08,0.060000000000002274,56.05,495.9,56.11,2822.9,2091.1,10368.699999999999,56.11,22.6,BUY,3,56.05,495.9,56.04,362.4,56.03,259.0,56.02,573.0,56.01,400.8,56.11,2822.9,56.12,823.4,56.13,1537.2,56.14,4912.8,56.15,272.4
1700000233.0,466,56.07,0.060000000000002274,56.04,20.4,56.1,662.8,1897.2,6469.200000000001,56.1,96.7,BUY,4,56.04,20.4,56.03,1074.7,56.02,320.8,56.01,471.3,56.0,10.0,56.1,662.8,56.11,457.1,56.12,1184.4,56.13,601.5,56.14,3563.4
1700000233.5,467,56.07,0.060000000000002274,56.04,214.3,56.1,193.0,3477.5,5191.0,56.1,73.7,BUY,6,56.04,214.3,56.03,75.8,56.02,954.0,56.01,1813.9,56.0,419.5,56.1,193.0,56.11,650.2,56.12,352.6,56.13,493.0,56.14,3502.2
1700000234.0,468,56.06,0.060000000000002274,56.03,54.9,56.09,1498.0,2448.5,7766.200000000001,56.03,8.4,SELL,4,56.03,54.9,56.02,10.1,56.01,261.4,56.0,581.7,55.99,1540.4,56.09,1498.0,56.1,464.9,56.11,1934.5,56.12,2586.2,56.13,1282.6
1700000234.5,469,56.05,0.05999999999999517,56.02,647.2,56.08,252.9,4200.3,2673.1,56.02,5.0,SELL,3,56.02,647.2,56.01,1778.9,56.0,715.7,55.99,448.0,55.98,610.5,56.08,252.9,56.09,641.8,56.1,1202.5,56.11,67.4,56.12,508.5
1700000235.0,470,56.04,0.060000000000002274,56.01,32.6,56.07,564.2,2805.0,5145.8,56.07,12.3,BUY,5,56.01,32.6,56.0,560.0,55.99,142.1,55.98,1710.8,55.97,359.5,56.07,564.2,56.08,154.5,56.09,1904.6,56.1,1333.5,56.11,1189.0
1700000235.5,471,56.019999999999996,0.05999999999999517,55.99,10.0,56.05,200.6,1104.0,3143.7,55.99,54.6,SELL,5,55.99,10.0,55.98,65.7,55.97,604.0,55.96,331.3,55.95,93.0,56.05,200.6,56.06,564.9,56.07,1145.7,56.08,254.9,56.09,977.6
1700000236.0,472,56.0,0.060000000000002274,55.97,194.6,56.03,391.6,2045.6,4487.900000000001,55.97,57.9,SELL,4,55.97,194.6,55.96,162.7,55.95,269.0,55.94,898.0,55.93,521.3,56.03,391.6,56.04,663.4,56.05,191.4,56.06,1979.7,56.07,1261.8
1700000236.5,473,55.99,0.060000000000002274,55.96,655.5,56.02,1551.0,2443.6,9520.9,56.02,5.0,BUY,2,55.96,655.5,55.95,360.2,55.94,1190.7,55.93,227.2,55.92,10.0,56.02,1551.0,56.03,849.0,56.04,2864.8,56.05,2946.6,56.06,1309.5
1700000237.0,474,55.980000000000004,0.05999999999999517,55.95,46.3,56.01,80.8,2598.1,3337.5,56.01,64.7,BUY,4,55.95,46.3,55.94,248.2,55.93,779.8,55.92,385.3,55.91,1138.5,56.01,80.8,56.02,225.5,56.03,150.9,56.04,901.8,56.05,1978.5
1700000237.5,475,55.97,0.060000000000002274,55.94,1492.3,56.0,747.6,2795.8,5371.9,56.0,32.6,BUY,5,55.94,1492.3,55.93,19.5,55.92,548.5,55.91,429.1,55.9,306.4,56.0,747.6,56.01,439.4,56.02,409.1,56.03,3033.3,56.04,742.5
1700000238.0,476,55.96,0.060000000000002274,55.93,568.5,55.99,724.8,3391.5,7700.7,55.93,115.8,SELL,2,55.93,568.5,55.92,169.5,55.91,932.1,55.9,273.0,55.89,1448.4,55.99,724.8,56.0,10.0,56.01,369.0,56.02,6452.0,56.03,144.9
1700000238.5,477,55.95,0.05999999999999517,55.92,40.3,55.98,958.6,2484.7000000000003,6822.9,55.92,9.0,SELL,1,55.92,40.3,55.91,437.3,55.9,1550.3,55.89,374.0,55.88,82.8,55.98,958.6,55.99,367.2,56.0,2059.1,56.01,441.2,56.02,2996.8
1700000239.0,478,55.935,0.05000000000000426,55.91,503.8,55.96,826.5,1273.9,5032.299999999999,55.96,48.1,BUY,1,55.91,503.8,55.9,490.5,55.89,112.5,55.88,29.2,55.87,137.9,55.96,826.5,55.97,1055.4,55.98,162.6,55.99,660.2,56.0,2327.6
1700000239.5,479,55.93,0.060000000000002274,55.9,765.2,55.96,897.2,1375.9,7016.5,55.93,0.0,BUY,0,55.9,765.2,55.89,86.2,55.88,103.9,55.87,20.7,55.86,399.9,55.96,897.2,55.97,219.1,55.98,550.9,55.99,1236.6,56.0,4112.7
1700000240.0,480,55.93,0.060000000000002274,55.9,88.5,55.96,1058.8,1591.4999999999998,3044.8,55.96,5.1,BUY,1,55.9,88.5,55.89,191.6,55.88,1206.6,55.87,53.0,55.86,51.8,55.96,1058.8,55.97,191.3,55.98,816.2,55.99,820.5,56.0,158.0
1700000240.5,481,55.92,0.060000000000002274,55.89,348.0,55.95,417.3,3409.4,6183.0,55.95,41.6,BUY,5,55.89,348.0,55.88,503.7,55.87,384.6,55.86,1113.1,55.85,1060.0,55.95,417.3,55.96,1459.5,55.97,811.3,55.98,911.3,55.99,2583.6
1700000241.0,482,55.91,0.05999999999999517,55.88,10.3,55.94,317.1,1473.4,3550.9,55.94,59.5,BUY,4,55.88,10.3,55.87,145.8,55.86,737.2,55.85,177.7,55.84,402.4,55.94,317.1,55.95,200.6,55.96,1989.8,55.97,719.9,55.98,323.5
1700000241.5,483,55.9,0.060000000000002274,55.87,69.3,55.93,230.3,2699.5,3779.3999999999996,55.93,30.8,BUY,2,55.87,69.3,55.86,249.2,55.85,826.6,55.84,248.4,55.83,1306.0,55.93,230.3,55.94,1351.1,55.95,1082.8,55.96,741.0,55.97,374.2
1700000242.0,484,55.89,0.060000000000002274,55.86,557.2,55.92,77.8,3158.9,1648.3000000000002,55.86,127.0,SELL,2,55.86,557.2,55.85,800.4,55.84,22.4,55.83,605.5,55.82,1173.4,55.92,77.8,55.93,357.6,55.94,555.5,55.95,285.0,55.96,372.4
1700000242.5,485,55.879999999999995,0.05999999999999517,55.85,792.7,55.91,70.6,6059.799999999999,5427.9,55.91,49.1,BUY,1,55.85,792.7,55.84,446.9,55.83,2660.9,55.82,883.4,55.81,1275.9,55.91,70.6,55.92,1966.4,55.93,2299.8,55.94,572.4,55.95,518.7
1700000243.0,486,55.870000000000005,0.05999999999999517,55.84,760.7,55.9,93.8,1814.9,6734.4,55.84,196.5,SELL,3,55.84,760.7,55.83,18.7,55.82,156.9,55.81,346.4,55.8,532.2,55.9,93.8,55.91,2716.3,55.92,1883.4,55.93,491.5,55.94,1549.4
1700000243.5,487,56.709999999999994,0.03999999999999915,56.69,263.9,56.73,1149.6,1740.3999999999996,2331.2999999999997,56.69,16.7,SELL,2,56.69,263.9,56.68,492.7,56.67,755.1,56.66,123.1,56.65,105.6,56.73,1149.6,56.74,405.2,56.75,376.4,56.76,284.9,56.77,115.2
1700000244.0,488,56.69,0.060000000000002274,56.66,117.5,56.72,1968.5,1556.3,7934.099999999999,56.72,134.8,BUY,2,56.66,117.5,56.65,218.1,56.64,281.1,56.63,860.3,56.62,79.3,56.72,1968.5,56.73,2232.3,56.74,1556.2,56.75,1955.2,56.76,221.9
1700000244.5,489,56.67,0.060000000000002274,56.64,40.8,56.7,10.0,1737.8000000000002,4104.4,56.67,0.0,BUY,0,56.64,40.8,56.63,325.1,56.62,131.3,56.61,727.6,56.6,513.0,56.7,10.0,56.71,1186.0,56.72,1186.5,56.73,60.5,56.74,1661.4
1700000245.0,490,56.65,0.060000000000002274,56.62,400.2,56.68,391.6,3124.7999999999997,4872.3,56.68,17.5,BUY,5,56.62,400.2,56.61,1190.8,56.6,40.7,56.59,713.5,56.58,779.6,56.68,391.6,56.69,1201.2,56.7,108.4,56.71,3110.1,56.72,61.0
1700000245.5,491,56.629999999999995,0.05999999999999517,56.6,79.4,56.66,1594.3,1203.0,3059.1000000000004,56.66,5.0,BUY,2,56.6,79.4,56.59,346.3,56.58,475.9,56.57,229.6,56.56,71.8,56.66,1594.3,56.67,230.2,56.68,88.9,56.69,428.9,56.7,716.8
1700000246.0,492,56.620000000000005,0.05999999999999517,56.59,447.4,56.65,97.0,2260.3999999999996,4695.9,56.65,57.6,BUY,4,56.59,447.4,56.58,58.2,56.57,369.2,56.56,162.3,56.55,1223.3,56.65,97.0,56.66,85.1,56.67,3365.6,56.68,186.0,56.69,962.2
1700000246.5,493,56.61,0.060000000000002274,56.58,1164.6,56.64,111.1,5169.1,5025.299999999999,56.58,25.3,SELL,1,56.58,1164.6,56.57,10.0,56.56,225.8,56.55,1021.7,56.54,2747.0,56.64,111.1,56.65,466.6,56.66,580.0,56.67,704.4,56.68,3163.2
1700000247.0,494,56.599999999999994,0.03999999999999915,56.58,271.8,56.62,674.4,2184.1000000000004,2772.8,56.62,72.7,BUY,2,56.58,271.8,56.57,539.1,56.56,10.0,56.55,242.2,56.54,1121.0,56.62,674.4,56.63,187.0,56.64,236.9,56.65,666.0,56.66,1008.5
1700000247.5,495,56.58,0.060000000000002274,56.55,99.5,56.61,2873.1,646.7,10095.3,56.61,111.0,BUY,5,56.55,99.5,56.54,12.5,56.53,37.6,56.52,434.0,56.51,63.1,56.61,2873.1,56.62,1333.3,56.63,1162.4,56.64,78.9,56.65,4647.6
1700000248.0,496,56.57,0.060000000000002274,56.54,135.6,56.6,119.9,3558.1,5574.2,56.54,5.6,SELL,1,56.54,135.6,56.53,2023.5,56.52,52.5,56.51,264.0,56.5,1082.5,56.6,119.9,56.61,280.6,56.62,1191.3,56.63,3109.1,56.64,873.3
1700000248.5,497,56.56,0.060000000000002274,56.53,25.6,56.59,200.9,3472.2999999999997,1522.6000000000001,56.59,5.0,BUY,5,56.53,25.6,56.52,2370.0,56.51,84.0,56.5,749.8,56.49,242.9,56.59,200.9,56.6,208.9,56.61,872.6,56.62,224.9,56.63,15.3
1700000249.0,498,56.56,0.060000000000002274,56.53,85.4,56.59,34.7,3879.0,2877.6000000000004,56.59,5.0,BUY,1,56.53,85.4,56.52,667.9,56.51,1268.8,56.5,94.6,56.49,1762.3,56.59,34.7,56.6,709.1,56.61,103.3,56.62,1672.7,56.63,357.8
1700000249.5,499,56.540000000000006,0.03999999999999915,56.52,28.1,56.56,1482.4,2807.5,7211.200000000001,56.52,81.0,SELL,1,56.52,28.1,56.51,1297.6,56.5,605.6,56.49,625.2,56.48,251.0,56.56,1482.4,56.57,2931.8,56.58,1132.0,56.59,623.8,56.6,1041.2
1700000250.0,500,52.24,0.060000000000002274,52.21,389.1,52.27,376.6,1072.5,3552.6000000000004,52.27,26.6,BUY,5,52.21,389.1,52.2,42.6,52.19,291.7,52.18,201.9,52.17,147.2,52.27,376.6,52.28,10.0,52.29,839.8,52.3,1099.4,52.31,1226.8
1700000250.5,501,52.225,0.04999999999999716,52.2,190.1,52.25,334.7,3047.2,3660.2,52.225,0.0,BUY,0,52.2,190.1,52.19,507.8,52.18,292.6,52.17,1263.0,52.16,793.7,52.25,334.7,52.26,797.2,52.27,1256.8,52.28,468.9,52.29,802.6
1700000251.0,502,52.230000000000004,0.05999999999999517,52.2,494.7,52.26,75.9,2876.8,4129.299999999999,52.26,35.9,BUY,3,52.2,494.7,52.19,294.0,52.18,799.1,52.17,951.7,52.16,337.3,52.26,75.9,52.27,299.2,52.28,2875.7,52.29,185.2,52.3,693.3
1700000251.5,503,52.21,0.060000000000002274,52.18,10.0,52.24,463.0,1701.2,7710.8,52.24,12.7,BUY,1,52.18,10.0,52.17,322.5,52.16,171.3,52.15,335.9,52.14,861.5,52.24,463.0,52.25,628.9,52.26,287.9,52.27,1365.2,52.28,4965.8
1700000252.0,504,52.21,0.060000000000002274,52.18,242.1,52.24,89.2,1979.8999999999999,3594.1,52.24,27.2,BUY,1,52.18,242.1,52.17,323.7,52.16,1137.9,52.15,200.1,52.14,76.1,52.24,89.2,52.25,2625.8,52.26,254.3,52.27,377.1,52.28,247.7
1700000252.5,505,52.205,0.04999999999999716,52.18,700.8,52.23,10.0,2525.2,4997.5,52.23,42.0,BUY,1,52.18,700.8,52.17,70.0,52.16,1019.6,52.15,222.1,52.14,512.7,52.23,10.0,52.24,662.3,52.25,1680.0,52.26,646.8,52.27,1998.4
1700000253.0,506,52.18,0.04000000000000625,52.16,135.6,52.2,472.5,1462.8999999999999,3856.7,52.2,28.2,BUY,2,52.16,135.6,52.15,134.3,52.14,217.7,52.13,817.8,52.12,157.5,52.2,472.5,52.21,50.4,52.22,294.9,52.23,1138.3,52.24,1900.6
1700000253.5,507,52.175,0.05000000000000426,52.15,113.2,52.2,281.0,2372.2,3486.2000000000003,52.2,33.6,BUY,6,52.15,113.2,52.14,646.3,52.13,139.3,52.12,1299.3,52.11,174.1,52.2,281.0,52.21,670.1,52.22,72.5,52.23,817.2,52.24,1645.4
1700000254.0,508,52.16,0.05999999999999517,52.13,133.4,52.19,530.9,2481.8,10692.6,52.13,15.0,SELL,3,52.13,133.4,52.12,970.4,52.11,1164.7,52.1,64.3,52.09,149.0,52.19,530.9,52.2,1845.8,52.21,383.3,52.22,5116.7,52.23,2815.9
1700000254.5,509,52.15,0.060000000000002274,52.12,561.0,52.18,343.0,1385.6000000000001,5235.0,52.18,58.9,BUY,1,52.12,561.0,52.11,60.7,52.1,253.6,52.09,453.9,52.08,56.4,52.18,343.0,52.19,1465.2,52.2,1968.1,52.21,254.7,52.22,1204.0
1700000255.0,510,52.14,0.060000000000002274,52.11,200.4,52.17,2576.3,1735.8999999999999,5949.200000000001,52.17,51.1,BUY,3,52.11,200.4,52.1,11.2,52.09,582.2,52.08,614.8,52.07,327.3,52.17,2576.3,52.18,322.7,52.19,253.4,52.2,2190.7,52.21,606.1
1700000255.5,511,52.129999999999995,0.05999999999999517,52.1,85.2,52.16,1652.8,778.5,8003.500000000001,52.16,47.2,BUY,3,52.1,85.2,52.09,250.9,52.08,181.3,52.07,79.4,52.06,181.7,52.16,1652.8,52.17,3208.3,52.18,353.6,52.19,2486.7,52.2,302.1
1700000256.0,512,47.07,0.060000000000002274,47.04,160.4,47.1,323.8,1512.2,4901.6,47.1,25.6,BUY,4,47.04,160.4,47.03,87.6,47.02,879.4,47.01,140.0,47.0,244.8,47.1,323.8,47.11,340.4,47.12,1578.1,47.13,2252.3,47.14,407.0
1700000256.5,513,47.05,0.05999999999999517,47.02,12.8,47.08,169.8,1615.1,880.2,47.05,0.0,BUY,0,47.02,12.8,47.01,676.7,47.0,472.1,46.99,67.4,46.98,386.1,47.08,169.8,47.09,221.8,47.1,152.1,47.11,15.6,47.12,320.9
1700000257.0,514,47.040000000000006,0.03999999999999915,47.02,118.3,47.06,58.9,2889.5,2536.8,47.06,5.0,BUY,3,47.02,118.3,47.01,10.0,47.0,1233.9,46.99,316.3,46.98,1211.0,47.06,58.9,47.07,536.7,47.08,984.7,47.09,233.1,47.1,723.4
1700000257.5,515,47.04,0.060000000000002274,47.01,886.1,47.07,711.0,2511.9,7200.0,47.07,75.1,BUY,1,47.01,886.1,47.0,460.2,46.99,628.5,46.98,152.8,46.97,384.3,47.07,711.0,47.08,1312.7,47.09,357.6,47.1,4530.4,47.11,288.3
1700000258.0,516,47.03,0.060000000000002274,47.0,82.8,47.06,2355.9,2440.9,11794.600000000002,47.0,143.8,SELL,4,47.0,82.8,46.99,290.7,46.98,1043.8,46.97,507.0,46.96,516.6,47.06,2355.9,47.07,218.9,47.08,1806.4,47.09,1358.8,47.1,6054.6
1700000258.5,517,47.01,0.060000000000002274,46.98,27.7,47.04,89.9,1872.2999999999997,6498.4,47.04,22.1,BUY,1,46.98,27.7,46.97,331.9,46.96,861.8,46.95,134.5,46.94,516.4,47.04,89.9,47.05,573.0,47.06,4023.8,47.07,550.7,47.08,1261.0
1700000259.0,518,47.0,0.060000000000002274,46.97,169.4,47.03,496.6,2507.1,6429.900000000001,47.03,16.0,BUY,4,46.97,169.4,46.96,367.0,46.95,285.3,46.94,783.8,46.93,901.6,47.03,496.6,47.04,1437.8,47.05,2243.2,47.06,1971.7,47.07,280.6
1700000259.5,519,46.99,0.060000000000002274,46.96,262.3,47.02,212.4,2416.0,3296.1,46.96,15.7,SELL,4,46.96,262.3,46.95,14.2,46.94,518.7,46.93,1610.8,46.92,10.0,47.02,212.4,47.03,748.0,47.04,163.2,47.05,1976.4,47.06,196.1
1700000260.0,520,46.980000000000004,0.05999999999999517,46.95,226.2,47.01,309.0,2755.5,2640.8,46.95,24.2,SELL,2,46.95,226.2,46.94,1053.6,46.93,158.4,46.92,227.0,46.91,1090.3,47.01,309.0,47.02,66.9,47.03,811.0,47.04,1393.6,47.05,60.3
1700000260.5,521,46.97,0.060000000000002274,46.94,627.0,47.0,96.4,4153.1,6178.0,47.0,37.7,BUY,3,46.94,627.0,46.93,70.0,46.92,631.8,46.91,52.5,46.9,2771.8,47.0,96.4,47.01,2057.0,47.02,1627.5,47.03,832.8,47.04,1564.3
1700000261.0,522,46.959999999999994,0.03999999999999915,46.94,306.4,46.98,1312.2,4053.2,3013.5,46.98,7.5,BUY,2,46.94,306.4,46.93,109.4,46.92,2760.9,46.91,172.0,46.9,704.5,46.98,1312.2,46.99,797.0,47.0,595.5,47.01,242.5,47.02,66.3
1700000261.5,523,46.95,0.05999999999999517,46.92,40.2,46.98,13.3,1272.3,3033.1,46.95,0.0,BUY,0,46.92,40.2,46.91,261.6,46.9,10.0,46.89,720.5,46.88,240.0,46.98,13.3,46.99,903.1,47.0,503.9,47.01,1364.4,47.02,248.4
1700000262.0,524,46.94,0.060000000000002274,46.91,1297.3,46.97,163.5,2337.5,1998.7,46.91,5.0,SELL,1,46.91,1297.3,46.9,561.9,46.89,137.8,46.88,10.0,46.87,330.5,46.97,163.5,46.98,774.5,46.99,184.2,47.0,830.3,47.01,46.2
1700000262.5,525,46.92,0.060000000000002274,46.89,103.1,46.95,13.3,1301.6000000000001,2075.7999999999997,46.89,5.0,SELL,3,46.89,103.1,46.88,465.3,46.87,80.5,46.86,387.0,46.85,265.7,46.95,13.3,46.96,158.3,46.97,1361.1,46.98,508.0,46.99,35.1
1700000263.0,526,46.91,0.05999999999999517,46.88,69.8,46.94,181.2,4011.7,8237.5,46.88,67.7,SELL,5,46.88,69.8,46.87,265.7,46.86,418.3,46.85,2638.6,46.84,619.3,46.94,181.2,46.95,289.0,46.96,63.2,46.97,6616.9,46.98,1087.2
1700000263.5,527,46.9,0.060000000000002274,46.87,207.0,46.93,74.0,1874.0,3478.1,46.93,37.0,BUY,5,46.87,207.0,46.86,603.1,46.85,516.1,46.84,295.7,46.83,252.1,46.93,74.0,46.94,1295.8,46.95,60.8,46.96,503.7,46.97,1543.8
1700000264.0,528,50.96,0.060000000000002274,50.93,66.0,50.99,415.3,1456.9,6314.6,50.99,33.9,BUY,4,50.93,66.0,50.92,183.3,50.91,163.9,50.9,504.8,50.89,538.9,50.99,415.3,51.0,593.5,51.01,3254.9,51.02,1049.8,51.03,1001.1
1700000264.5,529,50.94,0.060000000000002274,50.91,11.4,50.97,514.7,1549.8,3970.2,50.97,13.9,BUY,3,50.91,11.4,50.9,10.0,50.89,1348.8,50.88,106.8,50.87,72.8,50.97,514.7,50.98,90.9,50.99,2140.4,51.0,113.4,51.01,1110.8
1700000265.0,530,50.93,0.060000000000002274,50.9,44.0,50.96,42.0,1924.3,2994.5,50.96,5.8,BUY,2,50.9,44.0,50.89,182.8,50.88,135.5,50.87,1300.3,50.86,261.7,50.96,42.0,50.97,964.2,50.98,1610.5,50.99,62.5,51.0,315.3
1700000265.5,531,50.92,0.060000000000002274,50.89,42.1,50.95,357.1,2234.2999999999997,2943.7,50.95,36.6,BUY,3,50.89,42.1,50.88,795.9,50.87,240.7,50.86,979.9,50.85,175.7,50.95,357.1,50.96,259.9,50.97,471.6,50.98,1511.4,50.99,343.7
1700000266.0,532,47.93,0.060000000000002274,47.9,419.2,47.96,303.0,2992.3,6768.700000000001,47.93,0.0,BUY,0,47.9,419.2,47.89,326.1,47.88,560.8,47.87,1676.2,47.86,10.0,47.96,303.0,47.97,2821.7,47.98,886.4,47.99,911.0,48.0,1846.6
1700000266.5,533,47.92,0.060000000000002274,47.89,220.6,47.95,59.9,2264.0,6796.400000000001,47.95,25.1,BUY,1,47.89,220.6,47.88,1006.8,47.87,58.4,47.86,419.2,47.85,559.0,47.95,59.9,47.96,17.1,47.97,187.5,47.98,1404.8,47.99,5127.1
1700000267.0,534,47.9,0.060000000000002274,47.87,52.8,47.93,149.2,1117.1000000000001,4240.6,47.9,0.0,BUY,0,47.87,52.8,47.86,474.3,47.85,146.5,47.84,161.8,47.83,281.7,47.93,149.2,47.94,1361.9,47.95,599.2,47.96,1420.5,47.97,709.8
1700000267.5,535,47.89,0.060000000000002274,47.86,134.4,47.92,130.1,2323.6,4497.2,47.92,30.9,BUY,1,47.86,134.4,47.85,195.5,47.84,580.7,47.83,765.1,47.82,647.9,47.92,130.1,47.93,162.8,47.94,882.6,47.95,887.2,47.96,2434.5
1700000268.0,536,47.89,0.060000000000002274,47.86,462.3,47.92,862.9,1667.4,3480.2000000000003,47.86,27.0,SELL,4,47.86,462.3,47.85,593.7,47.84,205.9,47.83,388.5,47.82,17.0,47.92,862.9,47.93,278.0,47.94,1610.2,47.95,265.4,47.96,463.7
1700000268.5,537,47.879999999999995,0.05999999999999517,47.85,777.9,47.91,175.5,2339.2000000000003,6236.299999999999,47.85,112.1,SELL,2,47.85,777.9,47.84,75.6,47.83,949.9,47.82,174.5,47.81,361.3,47.91,175.5,47.92,936.3,47.93,2155.9,47.94,567.0,47.95,2401.6
1700000269.0,538,47.86,0.060000000000002274,47.83,773.6,47.89,50.7,2700.0,4209.3,47.89,18.4,BUY,3,47.83,773.6,47.82,825.0,47.81,112.7,47.8,542.3,47.79,446.4,47.89,50.7,47.9,2210.7,47.91,354.9,47.92,1136.7,47.93,456.3
1700000269.5,539,47.84,0.05999999999999517,47.81,215.7,47.87,1111.0,898.5,5064.4,47.87,10.1,BUY,5,47.81,215.7,47.8,184.6,47.79,13.5,47.78,393.0,47.77,91.7,47.87,1111.0,47.88,108.3,47.89,792.8,47.9,345.7,47.91,2706.6
1700000270.0,540,47.83,0.060000000000002274,47.8,144.1,47.86,28.0,2037.7999999999997,3791.1,47.86,89.1,BUY,7,47.8,144.1,47.79,990.0,47.78,123.1,47.77,310.6,47.76,470.0,47.86,28.0,47.87,34.7,47.88,432.5,47.89,3183.1,47.9,112.8
1700000270.5,541,47.83,0.060000000000002274,47.8,370.3,47.86,933.5,1688.0,3685.2999999999997,47.83,0.0,BUY,0,47.8,370.3,47.79,171.9,47.78,456.0,47.77,675.3,47.76,14.5,47.86,933.5,47.87,1138.2,47.88,241.7,47.89,10.0,47.9,1361.9
1700000271.0,542,47.82,0.060000000000002274,47.79,325.7,47.85,581.1,1310.4,2427.7,47.79,52.9,SELL,2,47.79,325.7,47.78,100.3,47.77,192.8,47.76,21.9,47.75,669.7,47.85,581.1,47.86,451.6,47.87,666.9,47.88,299.5,47.89,428.6
1700000271.5,543,47.81,0.060000000000002274,47.78,550.7,47.84,210.3,1563.7,3649.2,47.84,66.4,BUY,5,47.78,550.7,47.77,47.7,47.76,107.7,47.75,152.3,47.74,705.3,47.84,210.3,47.85,125.2,47.86,258.4,47.87,2668.6,47.88,386.7
1700000272.0,544,47.8,0.05999999999999517,47.77,278.4,47.83,592.0,1601.8000000000002,8805.6,47.83,14.7,BUY,3,47.77,278.4,47.76,35.6,47.75,463.5,47.74,234.6,47.73,589.7,47.83,592.0,47.84,3851.8,47.85,1734.2,47.86,437.6,47.87,2190.0
1700000272.5,545,47.79,0.060000000000002274,47.76,265.8,47.82,764.6,3969.9999999999995,7040.299999999999,47.82,78.5,BUY,3,47.76,265.8,47.75,1229.1,47.74,1734.5,47.73,507.4,47.72,233.2,47.82,764.6,47.83,293.8,47.84,549.2,47.85,87.3,47.86,5345.4
1700000273.0,546,54.8,0.05999999999999517,54.77,85.1,54.83,297.6,1065.8000000000002,6154.0,54.83,19.2,BUY,3,54.77,85.1,54.76,86.7,54.75,231.3,54.74,97.6,54.73,565.1,54.83,297.6,54.84,190.8,54.85,10.0,54.86,676.7,54.87,4978.9
1700000273.5,547,54.8,0.05999999999999517,54.77,157.8,54.83,483.2,2502.1,8093.3,54.83,5.0,BUY,1,54.77,157.8,54.76,526.5,54.75,283.3,54.74,1167.6,54.73,366.9,54.83,483.2,54.84,491.8,54.85,693.3,54.86,4288.3,54.87,2136.7
1700000274.0,548,54.78,0.03999999999999915,54.76,74.9,54.8,87.9,2850.3,1862.5,54.76,15.1,SELL,2,54.76,74.9,54.75,351.8,54.74,458.6,54.73,1526.6,54.72,438.4,54.8,87.9,54.81,195.9,54.82,119.9,54.83,513.3,54.84,945.5
1700000274.5,549,54.76,0.060000000000002274,54.73,142.8,54.79,108.7,1844.6000000000001,4302.0,54.79,54.9,BUY,3,54.73,142.8,54.72,419.4,54.71,278.6,54.7,399.8,54.69,604.0,54.79,108.7,54.8,1411.6,54.81,1969.9,54.82,227.2,54.83,584.6
1700000275.0,550,54.745000000000005,0.05000000000000426,54.72,126.1,54.77,127.8,2822.7,3420.7999999999997,54.72,49.5,SELL,4,54.72,126.1,54.71,991.9,54.7,189.5,54.69,80.6,54.68,1434.6,54.77,127.8,54.78,312.7,54.79,2299.0,54.8,166.2,54.81,515.1
1700000275.5,551,54.730000000000004,0.05999999999999517,54.7,748.8,54.76,256.0,5257.2,8913.3,54.76,6.0,BUY,2,54.7,748.8,54.69,768.4,54.68,1127.7,54.67,1477.5,54.66,1134.8,54.76,256.0,54.77,921.6,54.78,5705.9,54.79,169.0,54.8,1860.8
1700000276.0,552,54.730000000000004,0.05999999999999517,54.7,155.9,54.76,308.1,1717.6999999999998,3986.2,54.76,23.8,BUY,1,54.7,155.9,54.69,437.4,54.68,586.4,54.67,338.7,54.66,199.3,54.76,308.1,54.77,721.0,54.78,345.5,54.79,1460.5,54.8,1151.1
1700000276.5,553,54.72,0.060000000000002274,54.69,94.0,54.75,654.3,1873.9999999999998,4642.8,54.69,5.0,SELL,2,54.69,94.0,54.68,338.4,54.67,607.8,54.66,524.0,54.65,309.8,54.75,654.3,54.76,816.5,54.77,1100.9,54.78,1383.9,54.79,687.2
1700000277.0,554,54.71,0.060000000000002274,54.68,168.9,54.74,727.5,2953.8999999999996,6884.4,54.74,127.7,BUY,6,54.68,168.9,54.67,1134.9,54.66,1552.7,54.65,59.7,54.64,37.7,54.74,727.5,54.75,2194.4,54.76,770.5,54.77,448.9,54.78,2743.1
1700000277.5,555,54.705,0.04999999999999716,54.68,10.0,54.73,32.8,3068.7,9806.4,54.705,0.0,BUY,0,54.68,10.0,54.67,60.0,54.66,51.0,54.65,2006.4,54.64,941.3,54.73,32.8,54.74,3895.4,54.75,3086.2,54.76,41.2,54.77,2750.8
1700000278.0,556,54.705,0.04999999999999716,54.68,112.2,54.73,168.8,2541.7,3318.5,54.68,135.7,SELL,1,54.68,112.2,54.67,740.1,54.66,637.3,54.65,333.7,54.64,718.4,54.73,168.8,54.74,477.6,54.75,991.0,54.76,675.5,54.77,1005.6
1700000278.5,557,54.69,0.060000000000002274,54.66,10.0,54.72,2402.3,1360.7000000000003,7263.0,54.72,6.3,BUY,2,54.66,10.0,54.65,10.0,54.64,548.7,54.63,699.6,54.62,92.4,54.72,2402.3,54.73,75.9,54.74,1631.1,54.75,2632.1,54.76,521.6
1700000279.0,558,54.68,0.04000000000000625,54.66,101.8,54.7,86.9,1887.5,2139.5000000000005,54.7,12.4,BUY,5,54.66,101.8,54.65,492.0,54.64,46.6,54.63,512.9,54.62,734.2,54.7,86.9,54.71,1229.7,54.72,653.1,54.73,159.8,54.74,10.0
1700000279.5,559,54.67,0.060000000000002274,54.64,20.3,54.7,187.6,237.3,5368.299999999999,54.7,30.5,BUY,1,54.64,20.3,54.63,94.4,54.62,83.6,54.61,23.5,54.6,15.5,54.7,187.6,54.71,405.7,54.72,683.3,54.73,3369.7,54.74,722.0
1700000280.0,560,54.66,0.05999999999999517,54.63,220.2,54.69,268.0,3704.1000000000004,8362.599999999999,54.69,22.3,BUY,2,54.63,220.2,54.62,999.1,54.61,1730.7,54.6,234.4,54.59,519.7,54.69,268.0,54.7,924.1,54.71,1729.5,54.72,2950.8,54.73,2490.2
1700000280.5,561,54.66,0.05999999999999517,54.63,735.4,54.69,699.3,2399.1,4479.9,54.69,5.0,BUY,4,54.63,735.4,54.62,214.9,54.61,699.9,54.6,40.0,54.59,708.9,54.69,699.3,54.7,90.7,54.71,458.4,54.72,1569.8,54.73,1661.7
1700000281.0,562,54.64,0.060000000000002274,54.61,1539.7,54.67,982.7,4240.4,4987.499999999999,54.61,5.0,SELL,3,54.61,1539.7,54.6,57.5,54.59,154.0,54.58,1019.8,54.57,1469.4,54.67,982.7,54.68,3074.2,54.69,55.5,54.7,145.4,54.71,729.7
1700000281.5,563,54.620000000000005,0.05999999999999517,54.59,238.9,54.65,510.3,1260.3999999999999,3433.2999999999997,54.620000000000005,0.0,BUY,0,54.59,238.9,54.58,727.5,54.57,126.6,54.56,115.1,54.55,52.3,54.65,510.3,54.66,104.9,54.67,1838.8,54.68,570.1,54.69,409.2
1700000282.0,564,54.61,0.060000000000002274,54.58,879.6,54.64,719.2,5028.299999999999,5656.5,54.64,25.6,BUY,1,54.58,879.6,54.57,1512.5,54.56,1459.8,54.55,359.2,54.54,817.2,54.64,719.2,54.65,2027.6,54.66,1098.5,54.67,1057.5,54.68,753.7
1700000282.5,565,54.61,0.060000000000002274,54.58,257.3,54.64,353.9,1213.0,3070.2999999999993,54.58,11.7,SELL,1,54.58,257.3,54.57,10.0,54.56,39.8,54.55,85.4,54.54,820.5,54.64,353.9,54.65,1766.8,54.66,161.2,54.67,622.2,54.68,166.2
1700000283.0,566,54.59,0.05999999999999517,54.56,35.6,54.62,131.7,2475.1,5579.9,54.62,46.9,BUY,4,54.56,35.6,54.55,673.5,54.54,916.8,54.53,510.0,54.52,339.2,54.62,131.7,54.63,424.1,54.64,1188.2,54.65,1499.9,54.66,2336.0
1700000283.5,567,54.575,0.05000000000000426,54.55,234.2,54.6,218.9,2776.6,3267.2,54.6,51.4,BUY,1,54.55,234.2,54.54,323.6,54.53,814.8,54.52,423.0,54.51,981.0,54.6,218.9,54.61,574.9,54.62,543.6,54.63,340.2,54.64,1589.6
1700000284.0,568,54.57,0.060000000000002274,54.54,947.0,54.6,481.6,3795.2,3137.9,54.57,0.0,BUY,0,54.54,947.0,54.53,10.0,54.52,734.1,54.51,118.2,54.5,1985.9,54.6,481.6,54.61,283.9,54.62,20.8,54.63,740.1,54.64,1611.5
1700000284.5,569,54.55,0.05999999999999517,54.52,514.4,54.58,473.7,5539.3,8334.1,54.52,269.2,SELL,1,54.52,514.4,54.51,124.9,54.5,271.8,54.49,707.3,54.48,3920.9,54.58,473.7,54.59,1168.1,54.6,736.9,54.61,163.3,54.62,5792.1
1700000285.0,570,54.53,0.060000000000002274,54.5,10.0,54.56,1362.9,2568.6000000000004,3894.8,54.56,5.0,BUY,1,54.5,10.0,54.49,760.9,54.48,80.4,54.47,313.1,54.46,1404.2,54.56,1362.9,54.57,150.5,54.58,10.0,54.59,1880.0,54.6,491.4
1700000285.5,571,54.51,0.060000000000002274,54.48,128.0,54.54,591.7,1897.3,4403.4,54.54,9.6,BUY,1,54.48,128.0,54.47,704.7,54.46,41.5,54.45,256.4,54.44,766.7,54.54,591.7,54.55,1188.1,54.56,123.3,54.57,1726.9,54.58,773.4
1700000286.0,572,54.5,0.060000000000002274,54.47,202.3,54.53,476.1,3394.1,3919.4000000000005,54.53,10.2,BUY,2,54.47,202.3,54.46,1039.6,54.45,1753.7,54.44,258.4,54.43,140.1,54.53,476.1,54.54,1543.7,54.55,278.8,54.56,450.3,54.57,1170.5
1700000286.5,573,54.49,0.060000000000002274,54.46,347.7,54.52,204.4,1045.7,1443.6,54.46,9.0,SELL,3,54.46,347.7,54.45,33.5,54.44,265.3,54.43,155.2,54.42,244.0,54.52,204.4,54.53,75.9,54.54,409.8,54.55,477.9,54.56,275.6
1700000287.0,574,54.47,0.060000000000002274,54.44,74.0,54.5,52.0,2161.3,2928.9,54.44,13.9,SELL,2,54.44,74.0,54.43,89.5,54.42,689.9,54.41,484.5,54.4,823.4,54.5,52.0,54.51,356.8,54.52,1896.7,54.53,413.1,54.54,210.3
1700000287.5,575,54.46,0.060000000000002274,54.43,155.4,54.49,401.3,1741.6,4201.1,54.49,41.3,BUY,3,54.43,155.4,54.42,28.2,54.41,141.8,54.4,566.5,54.39,849.7,54.49,401.3,54.5,120.0,54.51,702.8,54.52,2585.5,54.53,391.5
1700000288.0,576,54.45,0.05999999999999517,54.42,152.6,54.48,225.5,2492.3,7839.000000000001,54.48,30.3,BUY,5,54.42,152.6,54.41,660.6,54.4,685.5,54.39,198.6,54.38,795.0,54.48,225.5,54.49,366.3,54.5,2862.3,54.51,4031.8,54.52,353.1
1700000288.5,577,54.44,0.060000000000002274,54.41,88.5,54.47,156.2,1409.0,7897.3,54.41,37.2,SELL,2,54.41,88.5,54.4,72.1,54.39,270.9,54.38,219.4,54.37,758.1,54.47,156.2,54.48,90.4,54.49,4913.2,54.5,1543.0,54.51,1194.5
1700000289.0,578,54.42,0.060000000000002274,54.39,16.8,54.45,201.8,2527.8999999999996,1781.4,54.39,24.6,SELL,1,54.39,16.8,54.38,895.8,54.37,74.1,54.36,129.6,54.35,1411.6,54.45,201.8,54.46,112.9,54.47,463.7,54.48,978.8,54.49,24.2
1700000289.5,579,54.41,0.05999999999999517,54.38,369.0,54.44,978.6,2515.8999999999996,4872.700000000001,54.44,34.7,BUY,1,54.38,369.0,54.37,55.6,54.36,1085.1,54.35,646.5,54.34,359.7,54.44,978.6,54.45,225.8,54.46,533.2,54.47,456.8,54.48,2678.3
1700000290.0,580,54.39,0.03999999999999915,54.37,10.0,54.41,123.7,1376.8,2449.2,54.41,43.2,BUY,3,54.37,10.0,54.36,63.5,54.35,511.0,54.34,503.5,54.33,288.8,54.41,123.7,54.42,268.5,54.43,657.0,54.44,463.5,54.45,936.5
1700000290.5,581,54.379999999999995,0.05999999999999517,54.35,52.0,54.41,305.2,2844.3,2591.6,54.41,62.8,BUY,3,54.35,52.0,54.34,276.3,54.33,40.9,54.32,656.1,54.31,1819.0,54.41,305.2,54.42,237.2,54.43,640.7,54.44,1123.6,54.45,284.9
1700000291.0,582,54.36,0.03999999999999915,54.34,134.7,54.38,144.1,3233.3,3303.1000000000004,54.38,31.8,BUY,3,54.34,134.7,54.33,873.1,54.32,1007.1,54.31,526.5,54.3,691.9,54.38,144.1,54.39,847.0,54.4,1012.7,54.41,429.0,54.42,870.3
1700000291.5,583,54.35,0.060000000000002274,54.32,85.6,54.38,266.5,1052.3,9360.3,54.38,26.4,BUY,5,54.32,85.6,54.31,109.5,54.3,112.1,54.29,646.8,54.28,98.3,54.38,266.5,54.39,119.4,54.4,420.3,54.41,3287.1,54.42,5267.0
1700000292.0,584,54.35,0.060000000000002274,54.32,342.6,54.38,201.4,2005.4,4649.1,54.38,11.3,BUY,1,54.32,342.6,54.31,104.0,54.3,193.4,54.29,41.2,54.28,1324.2,54.38,201.4,54.39,1064.1,54.4,534.0,54.41,2584.6,54.42,265.0
1700000292.5,585,54.345,0.07000000000000028,54.31,99.5,54.38,220.9,2222.1,2858.7,54.345,0.0,BUY,0,54.31,99.5,54.3,682.1,54.29,539.9,54.28,673.1,54.27,227.5,54.38,220.9,54.39,604.8,54.4,141.1,54.41,298.2,54.42,1593.7
1700000293.0,586,54.34,0.05999999999999517,54.31,186.9,54.37,442.2,2695.9,3872.7,54.37,22.4,BUY,2,54.31,186.9,54.3,381.5,54.29,245.5,54.28,656.0,54.27,1226.0,54.37,442.2,54.38,1600.5,54.39,180.2,54.4,1090.3,54.41,559.5
1700000293.5,587,54.33,0.060000000000002274,54.3,208.6,54.36,728.0,3219.5,2349.4,54.36,8.8,BUY,2,54.3,208.6,54.29,110.8,54.28,1025.1,54.27,373.8,54.26,1501.2,54.36,728.0,54.37,79.2,54.38,737.2,54.39,522.0,54.4,283.0
1700000294.0,588,54.32,0.060000000000002274,54.29,235.0,54.35,764.2,589.5,5126.9,54.35,28.1,BUY,2,54.29,235.0,54.28,119.9,54.27,181.2,54.26,13.7,54.25,39.7,54.35,764.2,54.36,1426.5,54.37,1278.6,54.38,649.9,54.39,1007.7
1700000294.5,589,54.3,0.05999999999999517,54.27,229.5,54.33,1199.7,1760.2,3285.6000000000004,54.27,11.8,SELL,2,54.27,229.5,54.26,346.2,54.25,74.3,54.24,1048.3,54.23,61.9,54.33,1199.7,54.34,129.5,54.35,70.2,54.36,1732.2,54.37,154.0
1700000295.0,590,54.29,0.060000000000002274,54.26,196.1,54.32,708.6,809.6999999999999,4794.7,54.32,18.3,BUY,4,54.26,196.1,54.25,321.8,54.24,68.0,54.23,185.2,54.22,38.6,54.32,708.6,54.33,188.7,54.34,349.0,54.35,1872.7,54.36,1675.7
1700000295.5,591,54.28,0.060000000000002274,54.25,29.0,54.31,1053.7,4384.6,7429.0,54.31,32.9,BUY,2,54.25,29.0,54.24,1311.8,54.23,1249.8,54.22,1044.0,54.21,750.0,54.31,1053.7,54.32,934.8,54.33,538.6,54.34,133.5,54.35,4768.4
1700000296.0,592,54.26,0.060000000000002274,54.23,374.7,54.29,141.6,1792.3999999999999,3647.7,54.23,42.8,SELL,1,54.23,374.7,54.22,471.3,54.21,610.7,54.2,231.6,54.19,104.1,54.29,141.6,54.3,194.4,54.31,1161.3,54.32,367.9,54.33,1782.5
1700000296.5,593,54.24,0.060000000000002274,54.21,101.3,54.27,168.8,1091.6,8231.8,54.27,33.3,BUY,2,54.21,101.3,54.2,142.1,54.19,67.3,54.18,109.6,54.17,671.3,54.27,168.8,54.28,1145.0,54.29,2621.9,54.3,2074.4,54.31,2221.7
1700000297.0,594,54.230000000000004,0.05999999999999517,54.2,259.6,54.26,1280.0,1991.1,9428.9,54.26,47.6,BUY,1,54.2,259.6,54.19,248.3,54.18,222.5,54.17,1070.1,54.16,190.6,54.26,1280.0,54.27,2947.8,54.28,2182.6,54.29,1357.0,54.3,1661.5
1700000297.5,595,54.21,0.060000000000002274,54.18,291.5,54.24,278.3,951.1,2591.1000000000004,54.24,10.8,BUY,4,54.18,291.5,54.17,10.0,54.16,545.4,54.15,24.1,54.14,80.1,54.24,278.3,54.25,144.9,54.26,239.1,54.27,1258.5,54.28,670.3
1700000298.0,596,54.21,0.060000000000002274,54.18,126.2,54.24,1299.4,1019.5999999999999,7829.7,54.24,12.1,BUY,3,54.18,126.2,54.17,273.9,54.16,199.1,54.15,410.4,54.14,10.0,54.24,1299.4,54.25,267.1,54.26,4008.9,54.27,1511.1,54.28,743.2
1700000298.5,597,54.185,0.05000000000000426,54.16,124.6,54.21,3226.5,1431.6999999999998,5275.5,54.21,40.1,BUY,2,54.16,124.6,54.15,540.4,54.14,247.0,54.13,15.8,54.12,503.9,54.21,3226.5,54.22,120.3,54.23,771.9,54.24,58.7,54.25,1098.1
1700000299.0,598,54.18,0.060000000000002274,54.15,100.3,54.21,766.3,1070.6999999999998,1793.1,54.15,9.0,SELL,6,54.15,100.3,54.14,258.4,54.13,422.9,54.12,94.3,54.11,194.8,54.21,766.3,54.22,42.1,54.23,96.8,54.24,483.1,54.25,404.8
1700000299.5,599,54.17,0.060000000000002274,54.14,329.0,54.2,246.9,1624.1999999999998,5181.1,54.17,0.0,BUY,0,54.14,329.0,54.13,34.0,54.12,453.9,54.11,683.7,54.1,123.6,54.2,246.9,54.21,480.6,54.22,121.9,54.23,549.3,54.24,3782.4
1700000300.0,600,54.15,0.060000000000002274,54.12,104.7,54.18,64.0,1373.8000000000002,2878.3,54.18,51.3,BUY,2,54.12,104.7,54.11,29.9,54.1,745.3,54.09,151.8,54.08,342.1,54.18,64.0,54.19,926.8,54.2,706.0,54.21,56.0,54.22,1125.5
1700000300.5,601,54.15,0.060000000000002274,54.12,294.2,54.18,89.3,2728.2,4228.2,54.12,32.9,SELL,6,54.12,294.2,54.11,10.0,54.1,489.5,54.09,563.0,54.08,1371.5,54.18,89.3,54.19,600.9,54.2,2168.7,54.21,10.0,54.22,1359.3
1700000301.0,602,54.14,0.060000000000002274,54.11,121.4,54.17,50.9,2033.8,3986.1,54.17,53.1,BUY,2,54.11,121.4,54.1,28.2,54.09,1035.2,54.08,658.2,54.07,190.8,54.17,50.9,54.18,414.2,54.19,1268.2,54.2,979.4,54.21,1273.4
1700000301.5,603,54.115,0.04999999999999716,54.09,147.2,54.14,591.7,3301.8999999999996,4125.5,54.14,40.8,BUY,1,54.09,147.2,54.08,938.1,54.07,1765.3,54.06,428.2,54.05,23.1,54.14,591.7,54.15,375.0,54.16,1435.9,54.17,1091.7,54.18,631.2
1700000302.0,604,54.129999999999995,0.05999999999999517,54.1,158.7,54.16,158.9,1402.4,3477.1000000000004,54.16,5.8,BUY,2,54.1,158.7,54.09,410.5,54.08,256.2,54.07,270.2,54.06,306.8,54.16,158.9,54.17,1243.6,54.18,947.6,54.19,707.7,54.2,419.3
1700000302.5,605,54.115,0.04999999999999716,54.09,664.9,54.14,1716.8,3484.0,5519.799999999999,54.14,5.0,BUY,4,54.09,664.9,54.08,166.5,54.07,200.7,54.06,43.4,54.05,2408.5,54.14,1716.8,54.15,1857.3,54.16,918.8,54.17,553.7,54.18,473.2
1700000303.0,606,54.099999999999994,0.03999999999999915,54.08,589.8,54.12,546.2,1137.6999999999998,9523.3,54.12,138.5,BUY,6,54.08,589.8,54.07,107.9,54.06,109.4,54.05,222.3,54.04,108.3,54.12,546.2,54.13,3345.4,54.14,419.8,54.15,10.0,54.16,5201.9
1700000303.5,607,54.09,0.05999999999999517,54.06,81.9,54.12,1851.0,2855.2,3073.7999999999997,54.12,11.4,BUY,1,54.06,81.9,54.05,27.6,54.04,1741.1,54.03,453.9,54.02,550.7,54.12,1851.0,54.13,617.7,54.14,112.8,54.15,53.7,54.16,438.6
1700000304.0,608,52.6,0.060000000000002274,52.57,245.9,52.63,326.6,3641.5000000000005,5295.200000000001,52.63,5.0,BUY,1,52.57,245.9,52.56,2085.8,52.55,123.9,52.54,102.3,52.53,1083.6,52.63,326.6,52.64,423.1,52.65,651.5,52.66,336.7,52.67,3557.3
1700000304.5,609,52.59,0.05999999999999517,52.56,21.9,52.62,805.0,1173.8000000000002,2667.7,52.62,5.1,BUY,1,52.56,21.9,52.55,340.6,52.54,90.1,52.53,711.2,52.52,10.0,52.62,805.0,52.63,200.5,52.64,286.5,52.65,1013.0,52.66,362.7
1700000305.0,610,52.57,0.060000000000002274,52.54,202.9,52.6,1308.2,2158.7000000000003,3010.6,52.6,29.6,BUY,3,52.54,202.9,52.53,680.7,52.52,947.7,52.51,129.5,52.5,197.9,52.6,1308.2,52.61,218.8,52.62,1046.1,52.63,292.1,52.64,145.4
1700000305.5,611,52.55,0.05999999999999517,52.52,126.5,52.58,424.1,2898.4999999999995,1408.3000000000002,52.55,0.0,BUY,0,52.52,126.5,52.51,99.6,52.5,971.0,52.49,1048.3,52.48,653.1,52.58,424.1,52.59,53.8,52.6,354.8,52.61,25.5,52.62,550.1
1700000306.0,612,52.53,0.060000000000002274,52.5,104.5,52.56,243.3,1811.3999999999999,1867.2999999999997,52.56,12.3,BUY,3,52.5,104.5,52.49,303.0,52.48,1237.8,52.47,154.8,52.46,11.3,52.56,243.3,52.57,348.7,52.58,603.8,52.59,614.4,52.6,57.1
1700000306.5,613,46.325,0.05000000000000426,46.3,437.5,46.35,204.6,2460.4,12009.900000000001,46.35,98.9,BUY,1,46.3,437.5,46.29,86.1,46.28,123.6,46.27,1207.8,46.26,605.4,46.35,204.6,46.36,2281.3,46.37,311.1,46.38,4609.8,46.39,4603.1
1700000307.0,614,46.33,0.060000000000002274,46.3,181.7,46.36,561.8,2573.1,5091.3,46.36,14.2,BUY,3,46.3,181.7,46.29,222.7,46.28,871.9,46.27,565.0,46.26,731.8,46.36,561.8,46.37,517.7,46.38,2521.7,46.39,97.4,46.4,1392.7
1700000307.5,615,46.31,0.060000000000002274,46.28,337.5,46.34,478.1,1334.4,4193.7,46.34,6.9,BUY,4,46.28,337.5,46.27,189.7,46.26,240.7,46.25,121.1,46.24,445.4,46.34,478.1,46.35,345.1,46.36,1272.3,46.37,1770.1,46.38,328.1
1700000308.0,616,46.31,0.060000000000002274,46.28,163.5,46.34,554.7,2176.6000000000004,2740.7,46.34,55.1,BUY,2,46.28,163.5,46.27,157.0,46.26,776.7,46.25,1041.4,46.24,38.0,46.34,554.7,46.35,13.1,46.36,225.6,46.37,25.7,46.38,1921.6
1700000308.5,617,46.3,0.05999999999999517,46.27,55.7,46.33,250.9,1204.1,3549.0,46.33,11.1,BUY,3,46.27,55.7,46.26,216.2,46.25,625.8,46.24,112.3,46.23,194.1,46.33,250.9,46.34,140.6,46.35,353.4,46.36,1652.9,46.37,1151.2
1700000309.0,618,46.29,0.060000000000002274,46.26,79.8,46.32,27.1,2464.1,4557.599999999999,46.29,0.0,BUY,0,46.26,79.8,46.25,182.3,46.24,1856.1,46.23,142.5,46.22,203.4,46.32,27.1,46.33,1298.8,46.34,1834.3,46.35,677.2,46.36,720.2
1700000309.5,619,46.28,0.060000000000002274,46.25,853.6,46.31,694.9,1420.8999999999999,2167.8,46.31,26.8,BUY,3,46.25,853.6,46.24,137.2,46.23,21.9,46.22,305.5,46.21,102.7,46.31,694.9,46.32,485.0,46.33,246.4,46.34,139.8,46.35,601.7
1700000310.0,620,46.269999999999996,0.05999999999999517,46.24,318.3,46.3,792.8,2538.0,6495.299999999999,46.269999999999996,0.0,BUY,0,46.24,318.3,46.23,790.0,46.22,623.7,46.21,774.2,46.2,31.8,46.3,792.8,46.31,935.0,46.32,1157.1,46.33,1464.5,46.34,2145.9
1700000310.5,621,46.25,0.060000000000002274,46.22,648.4,46.28,622.3,2572.8,7383.900000000001,46.28,45.4,BUY,3,46.22,648.4,46.21,169.4,46.2,309.5,46.19,682.1,46.18,763.4,46.28,622.3,46.29,305.8,46.3,10.0,46.31,287.2,46.32,6158.6
1700000311.0,622,46.24,0.060000000000002274,46.21,448.8,46.27,4168.2,1952.3,8073.299999999999,46.21,5.0,SELL,1,46.21,448.8,46.2,213.8,46.19,109.8,46.18,1069.6,46.17,110.3,46.27,4168.2,46.28,1563.5,46.29,191.2,46.3,943.2,46.31,1207.2
1700000311.5,623,46.24,0.060000000000002274,46.21,117.5,46.27,830.5,1061.6,10000.199999999999,46.27,5.0,BUY,3,46.21,117.5,46.2,10.0,46.19,21.5,46.18,411.2,46.17,501.4,46.27,830.5,46.28,1512.2,46.29,7134.7,46.3,195.3,46.31,327.5
1700000312.0,624,46.230000000000004,0.05999999999999517,46.2,313.9,46.26,143.4,975.4,4052.4,46.2,23.1,SELL,3,46.2,313.9,46.19,244.3,46.18,93.4,46.17,245.4,46.16,78.4,46.26,143.4,46.27,384.1,46.28,1439.6,46.29,662.9,46.3,1422.4
1700000312.5,625,46.22,0.060000000000002274,46.19,84.5,46.25,61.9,1794.5,3683.7,46.25,5.0,BUY,3,46.19,84.5,46.18,30.0,46.17,863.2,46.16,97.8,46.15,719.0,46.25,61.9,46.26,593.1,46.27,706.0,46.28,1071.6,46.29,1251.1
1700000313.0,626,46.2,0.05999999999999517,46.17,416.2,46.23,479.3,1551.7,3438.4000000000005,46.2,0.0,BUY,0,46.17,416.2,46.16,149.7,46.15,258.6,46.14,435.0,46.13,292.2,46.23,479.3,46.24,143.4,46.25,1098.4,46.26,740.0,46.27,977.3
1700000313.5,627,46.185,0.05000000000000426,46.16,325.2,46.21,223.5,1627.4,5877.1,46.21,28.9,BUY,3,46.16,325.2,46.15,217.4,46.14,73.2,46.13,85.9,46.12,925.7,46.21,223.5,46.22,202.4,46.23,1816.3,46.24,2902.4,46.25,732.5
1700000314.0,628,46.18,0.060000000000002274,46.15,283.0,46.21,794.0,2504.3,4637.7,46.15,100.4,SELL,1,46.15,283.0,46.14,888.8,46.13,147.9,46.12,459.4,46.11,725.2,46.21,794.0,46.22,2185.1,46.23,287.6,46.24,811.0,46.25,560.0
1700000314.5,629,46.175,0.05000000000000426,46.15,259.6,46.2,296.3,1119.8,7602.5,46.2,23.5,BUY,6,46.15,259.6,46.14,77.4,46.13,112.6,46.12,20.2,46.11,650.0,46.2,296.3,46.21,2993.0,46.22,1231.9,46.23,427.9,46.24,2653.4
1700000315.0,630,46.155,0.07000000000000028,46.12,438.6,46.19,1001.7,1741.9,3217.4000000000005,46.19,7.6,BUY,3,46.12,438.6,46.11,103.7,46.1,229.6,46.09,47.4,46.08,922.6,46.19,1001.7,46.2,658.6,46.21,429.3,46.22,442.8,46.23,685.0
1700000315.5,631,46.16,0.05999999999999517,46.13,631.0,46.19,358.1,1671.4,4483.2,46.19,15.0,BUY,3,46.13,631.0,46.12,312.8,46.11,262.5,46.1,333.7,46.09,131.4,46.19,358.1,46.2,130.6,46.21,3199.2,46.22,33.5,46.23,761.8
1700000316.0,632,46.144999999999996,0.05000000000000426,46.12,663.2,46.17,10.0,1678.8000000000002,8060.299999999999,46.12,35.0,SELL,3,46.12,663.2,46.11,443.7,46.1,324.4,46.09,126.7,46.08,120.8,46.17,10.0,46.18,2074.2,46.19,5229.2,46.2,544.9,46.21,202.0
1700000316.5,633,46.14,0.060000000000002274,46.11,257.6,46.17,1902.4,3155.3,10039.7,46.17,27.3,BUY,1,46.11,257.6,46.1,344.9,46.09,295.0,46.08,1038.5,46.07,1219.3,46.17,1902.4,46.18,144.6,46.19,2042.3,46.2,1647.4,46.21,4303.0
1700000317.0,634,46.135,0.04999999999999716,46.11,15.3,46.16,559.6,3687.7999999999997,5092.8,46.16,81.4,BUY,2,46.11,15.3,46.1,927.5,46.09,1729.1,46.08,220.0,46.07,795.9,46.16,559.6,46.17,441.0,46.18,124.3,46.19,1756.5,46.2,2211.4
1700000317.5,635,46.115,0.04999999999999716,46.09,374.3,46.14,186.8,2653.3999999999996,3367.6,46.14,6.0,BUY,4,46.09,374.3,46.08,953.8,46.07,18.4,46.06,335.1,46.05,971.8,46.14,186.8,46.15,300.9,46.16,13.8,46.17,2761.6,46.18,104.5
1700000318.0,636,46.1,0.060000000000002274,46.07,441.4,46.13,699.6,1517.1999999999998,5628.099999999999,46.13,54.6,BUY,2,46.07,441.4,46.06,21.6,46.05,482.4,46.04,286.2,46.03,285.6,46.13,699.6,46.14,494.5,46.15,3253.2,46.16,875.3,46.17,305.5
1700000318.5,637,46.095,0.04999999999999716,46.07,402.2,46.12,153.2,2716.6000000000004,3425.3,46.12,15.7,BUY,4,46.07,402.2,46.06,382.5,46.05,353.6,46.04,61.0,46.03,1517.3,46.12,153.2,46.13,67.7,46.14,1217.2,46.15,1143.5,46.16,843.7
1700000319.0,638,46.09,0.05999999999999517,46.06,18.9,46.12,42.6,1879.5,4219.0,46.12,41.3,BUY,7,46.06,18.9,46.05,185.9,46.04,764.0,46.03,190.2,46.02,720.5,46.12,42.6,46.13,159.8,46.14,2017.2,46.15,1007.5,46.16,991.9
1700000319.5,639,46.07,0.060000000000002274,46.04,108.5,46.1,1242.5,1254.8,2229.8,46.1,11.8,BUY,3,46.04,108.5,46.03,36.5,46.02,524.4,46.01,575.4,46.0,10.0,46.1,1242.5,46.11,174.9,46.12,187.0,46.13,45.4,46.14,580.0
1700000320.0,640,46.07,0.060000000000002274,46.04,84.0,46.1,177.5,1028.3,3411.2000000000003,46.1,34.7,BUY,6,46.04,84.0,46.03,167.0,46.02,490.9,46.01,25.1,46.0,261.3,46.1,177.5,46.11,369.7,46.12,2692.3,46.13,66.3,46.14,105.4
1700000320.5,641,46.07,0.060000000000002274,46.04,312.0,46.1,669.6,762.7,6313.0,46.1,26.0,BUY,4,46.04,312.0,46.03,39.0,46.02,312.2,46.01,21.9,46.0,77.6,46.1,669.6,46.11,3540.4,46.12,1285.7,46.13,657.1,46.14,160.2
1700000321.0,642,46.06,0.060000000000002274,46.03,249.4,46.09,424.5,1051.8,6435.6,46.03,46.0,SELL,3,46.03,249.4,46.02,343.6,46.01,16.1,46.0,107.4,45.99,335.3,46.09,424.5,46.1,1475.3,46.11,492.5,46.12,2764.2,46.13,1279.1
1700000321.5,643,46.05,0.05999999999999517,46.02,380.5,46.08,796.6,2050.2,5579.0,46.08,8.0,BUY,2,46.02,380.5,46.01,1214.9,46.0,77.3,45.99,262.5,45.98,115.0,46.08,796.6,46.09,1355.4,46.1,1789.1,46.11,553.0,46.12,1084.9
1700000322.0,644,46.040000000000006,0.03999999999999915,46.02,26.4,46.06,169.7,786.4,3698.9999999999995,46.06,41.7,BUY,4,46.02,26.4,46.01,208.7,46.0,32.4,45.99,392.0,45.98,126.9,46.06,169.7,46.07,2518.2,46.08,499.1,46.09,202.6,46.1,309.4
1700000322.5,645,51.980000000000004,0.05999999999999517,51.95,139.1,52.01,192.4,1462.0,4147.3,51.95,12.6,SELL,2,51.95,139.1,51.94,217.4,51.93,485.3,51.92,358.5,51.91,261.7,52.01,192.4,52.02,2651.6,52.03,1066.6,52.04,129.4,52.05,107.3
1700000323.0,646,51.959999999999994,0.03999999999999915,51.94,239.9,51.98,186.8,1675.9,5777.3,51.98,5.0,BUY,3,51.94,239.9,51.93,145.8,51.92,85.6,51.91,1069.7,51.9,134.9,51.98,186.8,51.99,549.6,52.0,1746.4,52.01,1524.0,52.02,1770.5
1700000323.5,647,51.95,0.05999999999999517,51.92,73.0,51.98,909.1,1127.5,4452.2,51.98,6.2,BUY,5,51.92,73.0,51.91,137.1,51.9,444.7,51.89,239.8,51.88,232.9,51.98,909.1,51.99,289.7,52.0,1958.9,52.01,1217.0,52.02,77.5
1700000324.0,648,51.935,0.05000000000000426,51.91,19.9,51.96,2306.1,752.4,3934.8,51.96,59.9,BUY,2,51.91,19.9,51.9,425.5,51.89,64.2,51.88,53.7,51.87,189.1,51.96,2306.1,51.97,673.7,51.98,566.2,51.99,10.0,52.0,378.8
1700000324.5,649,51.93,0.060000000000002274,51.9,19.6,51.96,40.8,3586.6,4002.2999999999997,51.93,0.0,BUY,0,51.9,19.6,51.89,56.8,51.88,198.4,51.87,1684.8,51.86,1627.0,51.96,40.8,51.97,512.9,51.98,1160.3,51.99,879.7,52.0,1408.6
1700000325.0,650,51.92,0.060000000000002274,51.89,150.6,51.95,51.7,3910.8999999999996,3514.3,51.89,74.1,SELL,4,51.89,150.6,51.88,754.3,51.87,373.9,51.86,2423.9,51.85,208.2,51.95,51.7,51.96,916.3,51.97,619.3,51.98,340.8,51.99,1586.2
1700000325.5,651,51.91,0.05999999999999517,51.88,133.7,51.94,146.8,2707.7,8639.8,51.94,83.7,BUY,2,51.88,133.7,51.87,621.1,51.86,323.6,51.85,876.0,51.84,753.3,51.94,146.8,51.95,2314.2,51.96,2567.0,51.97,41.3,51.98,3570.5
1700000326.0,652,51.9,0.060000000000002274,51.87,34.5,51.93,634.5,795.0,4431.5,51.87,9.5,SELL,1,51.87,34.5,51.86,84.9,51.85,214.7,51.84,146.3,51.83,314.6,51.93,634.5,51.94,621.0,51.95,528.9,51.96,901.9,51.97,1745.2
1700000326.5,653,51.879999999999995,0.05999999999999517,51.85,204.1,51.91,413.9,1443.3,3823.8,51.85,152.2,SELL,2,51.85,204.1,51.84,217.5,51.83,229.4,51.82,376.8,51.81,415.5,51.91,413.9,51.92,13.3,51.93,498.2,51.94,1630.7,51.95,1267.7
1700000327.0,654,51.870000000000005,0.05999999999999517,51.84,114.9,51.9,1871.0,730.6,5179.1,51.9,105.0,BUY,5,51.84,114.9,51.83,96.6,51.82,49.3,51.81,459.8,51.8,10.0,51.9,1871.0,51.91,518.3,51.92,1257.4,51.93,1108.7,51.94,423.7
1700000327.5,655,51.86,0.060000000000002274,51.83,77.8,51.89,549.0,2259.3,4208.1,51.86,0.0,BUY,0,51.83,77.8,51.82,258.5,51.81,10.0,51.8,1588.5,51.79,324.5,51.89,549.0,51.9,1014.2,51.91,140.5,51.92,864.9,51.93,1639.5
1700000328.0,656,51.85,0.060000000000002274,51.82,64.4,51.88,235.4,1344.0,5275.1,51.88,5.3,BUY,2,51.82,64.4,51.81,244.1,51.8,688.3,51.79,40.6,51.78,306.6,51.88,235.4,51.89,368.7,51.9,2263.6,51.91,519.9,51.92,1887.5
1700000328.5,657,51.84,0.05999999999999517,51.81,28.1,51.87,827.0,2629.3999999999996,4835.8,51.87,22.3,BUY,1,51.81,28.1,51.8,703.9,51.79,424.1,51.78,79.8,51.77,1393.5,51.87,827.0,51.88,163.8,51.89,874.7,51.9,444.3,51.91,2526.0
1700000329.0,658,51.825,0.05000000000000426,51.8,282.8,51.85,53.4,3269.1000000000004,5256.7,51.85,38.8,BUY,2,51.8,282.8,51.79,594.7,51.78,77.7,51.77,1067.5,51.76,1246.4,51.85,53.4,51.86,959.8,51.87,2820.1,51.88,1155.2,51.89,268.2
1700000329.5,659,51.82,0.060000000000002274,51.79,377.9,51.85,61.6,2408.6,3274.8,51.85,62.8,BUY,5,51.79,377.9,51.78,239.5,51.77,56.5,51.76,1232.2,51.75,502.5,51.85,61.6,51.86,1783.1,51.87,540.3,51.88,732.3,51.89,157.5
1700000330.0,660,51.82,0.060000000000002274,51.79,75.1,51.85,726.0,1259.6,4210.4,51.85,34.6,BUY,2,51.79,75.1,51.78,113.5,51.77,358.2,51.76,321.4,51.75,391.4,51.85,726.0,51.86,1157.9,51.87,526.3,51.88,1457.3,51.89,342.9
1700000330.5,661,51.81,0.060000000000002274,51.78,48.6,51.84,320.7,828.2,2750.0999999999995,51.84,28.9,BUY,3,51.78,48.6,51.77,95.4,51.76,195.4,51.75,16.6,51.74,472.2,51.84,320.7,51.85,166.6,51.86,752.9,51.87,286.3,51.88,1223.6
1700000331.0,662,51.8,0.05999999999999517,51.77,56.1,51.83,405.8,1687.2,4816.8,51.77,12.4,SELL,5,51.77,56.1,51.76,191.3,51.75,454.5,51.74,503.6,51.73,481.7,51.83,405.8,51.84,926.6,51.85,1219.1,51.86,662.6,51.87,1602.7
1700000331.5,663,51.79,0.060000000000002274,51.76,125.9,51.82,1145.3,2120.9,2440.0,51.76,47.7,SELL,5,51.76,125.9,51.75,351.1,51.74,1106.3,51.73,115.0,51.72,422.6,51.82,1145.3,51.83,394.4,51.84,240.4,51.85,529.5,51.86,130.4
1700000332.0,664,51.79,0.060000000000002274,51.76,314.6,51.82,147.2,2169.2,5305.699999999999,51.76,137.9,SELL,7,51.76,314.6,51.75,73.5,51.74,700.6,51.73,906.8,51.72,173.7,51.82,147.2,51.83,2043.0,51.84,2504.6,51.85,476.2,51.86,134.7
1700000332.5,665,51.79,0.060000000000002274,51.76,200.5,51.82,71.8,1445.1000000000001,7971.4,51.76,28.1,SELL,2,51.76,200.5,51.75,199.5,51.74,443.9,51.73,339.0,51.72,262.2,51.82,71.8,51.83,1339.6,51.84,304.0,51.85,3936.3,51.86,2319.7
1700000333.0,666,51.769999999999996,0.05999999999999517,51.74,366.7,51.8,128.1,1913.1,7180.4,51.74,43.2,SELL,3,51.74,366.7,51.73,179.0,51.72,1024.8,51.71,83.3,51.7,259.3,51.8,128.1,51.81,1485.2,51.82,3640.6,51.83,414.7,51.84,1511.8
1700000333.5,667,51.76,0.060000000000002274,51.73,1107.7,51.79,87.5,1822.8000000000002,3215.2,51.76,0.0,BUY,0,51.73,1107.7,51.72,106.2,51.71,71.3,51.7,166.9,51.69,370.7,51.79,87.5,51.8,417.5,51.81,940.1,51.82,1210.8,51.83,559.3
1700000334.0,668,51.75,0.04000000000000625,51.73,989.4,51.77,1432.0,2442.0,5504.8,51.77,10.4,BUY,3,51.73,989.4,51.72,198.5,51.71,788.3,51.7,63.2,51.69,402.6,51.77,1432.0,51.78,494.0,51.79,828.1,51.8,915.2,51.81,1835.5
1700000334.5,669,51.74,0.060000000000002274,51.71,539.4,51.77,1178.3,1357.1999999999998,4921.200000000001,51.77,165.8,BUY,6,51.71,539.4,51.7,96.1,51.69,71.9,51.68,317.2,51.67,332.6,51.77,1178.3,51.78,274.8,51.79,430.7,51.8,323.0,51.81,2714.4
1700000335.0,670,51.730000000000004,0.05999999999999517,51.7,505.9,51.76,258.9,1887.5,3589.3,51.76,6.3,BUY,2,51.7,505.9,51.69,29.4,51.68,242.0,51.67,611.1,51.66,499.1,51.76,258.9,51.77,470.8,51.78,316.1,51.79,11.5,51.8,2532.0
1700000335.5,671,51.72,0.060000000000002274,51.69,349.3,51.75,164.6,929.9,2778.1,51.69,15.2,SELL,1,51.69,349.3,51.68,179.3,51.67,192.2,51.66,117.1,51.65,92.0,51.75,164.6,51.76,442.3,51.77,264.1,51.78,984.8,51.79,922.3
1700000336.0,672,51.71,0.060000000000002274,51.68,36.6,51.74,487.4,1736.4,3773.1000000000004,51.74,34.4,BUY,6,51.68,36.6,51.67,458.1,51.66,288.3,51.65,466.3,51.64,487.1,51.74,487.4,51.75,271.1,51.76,460.6,51.77,1218.7,51.78,1335.3
1700000336.5,673,51.7,0.05999999999999517,51.67,153.7,51.73,246.1,2939.7,5884.7,51.73,93.2,BUY,3,51.67,153.7,51.66,71.4,51.65,756.2,51.64,239.6,51.63,1718.8,51.73,246.1,51.74,70.6,51.75,384.4,51.76,3006.4,51.77,2177.2
1700000337.0,674,51.69,0.060000000000002274,51.66,20.3,51.72,392.6,1148.7,2378.6,51.66,5.0,SELL,3,51.66,20.3,51.65,21.4,51.64,560.9,51.63,249.1,51.62,297.0,51.72,392.6,51.73,363.0,51.74,43.7,51.75,1227.3,51.76,352.0
1700000337.5,675,51.67,0.060000000000002274,51.64,32.1,51.7,363.3,3323.0,2163.3,51.7,17.5,BUY,3,51.64,32.1,51.63,211.7,51.62,991.9,51.61,353.1,51.6,1734.2,51.7,363.3,51.71,468.9,51.72,123.9,51.73,715.2,51.74,492.0
1700000338.0,676,51.675,0.05000000000000426,51.65,355.7,51.7,434.4,2182.5,4173.5,51.675,0.0,BUY,0,51.65,355.7,51.64,634.3,51.63,80.7,51.62,280.9,51.61,830.9,51.7,434.4,51.71,295.6,51.72,10.0,51.73,2853.3,51.74,580.2
1700000338.5,677,51.66,0.05999999999999517,51.63,295.4,51.69,30.2,1807.9,4091.9,51.69,42.3,BUY,2,51.63,295.4,51.62,20.5,51.61,203.9,51.6,539.7,51.59,748.4,51.69,30.2,51.7,273.4,51.71,299.2,51.72,3183.0,51.73,306.1
1700000339.0,678,54.14,0.03999999999999915,54.12,524.5,54.16,313.7,1787.0,2752.9,54.16,11.8,BUY,1,54.12,524.5,54.11,109.1,54.1,442.4,54.09,227.3,54.08,483.7,54.16,313.7,54.17,1516.1,54.18,205.5,54.19,679.1,54.2,38.5
1700000339.5,679,54.14,0.060000000000002274,54.11,144.9,54.17,463.6,2497.4,9283.800000000001,54.11,43.0,SELL,3,54.11,144.9,54.1,485.2,54.09,10.0,54.08,10.0,54.07,1847.3,54.17,463.6,54.18,1151.7,54.19,5322.3,54.2,1816.2,54.21,530.0
1700000340.0,680,54.14,0.060000000000002274,54.11,98.4,54.17,670.6,2528.0,3936.9,54.17,134.3,BUY,3,54.11,98.4,54.1,174.1,54.09,1084.2,54.08,945.7,54.07,225.6,54.17,670.6,54.18,1272.4,54.19,1394.9,54.2,496.1,54.21,102.9
1700000340.5,681,54.129999999999995,0.05999999999999517,54.1,404.7,54.16,155.8,2179.8,2485.7,54.1,5.0,SELL,3,54.1,404.7,54.09,58.5,54.08,1153.5,54.07,530.8,54.06,32.3,54.16,155.8,54.17,1277.0,54.18,287.0,54.19,352.2,54.2,413.7
1700000341.0,682,53.09,0.05999999999999517,53.06,367.9,53.12,196.7,2104.2000000000003,1467.2,53.12,42.5,BUY,2,53.06,367.9,53.05,161.9,53.04,43.6,53.03,1515.5,53.02,15.3,53.12,196.7,53.13,76.8,53.14,416.1,53.15,67.4,53.16,710.2
1700000341.5,683,53.08,0.060000000000002274,53.05,10.0,53.11,62.5,1604.3,4417.700000000001,53.11,44.6,BUY,2,53.05,10.0,53.04,41.5,53.03,254.5,53.02,1099.8,53.01,198.5,53.11,62.5,53.12,1152.4,53.13,696.4,53.14,172.8,53.15,2333.6
1700000342.0,684,53.06,0.060000000000002274,53.03,149.5,53.09,1463.5,2565.6,7574.199999999999,53.09,16.3,BUY,7,53.03,149.5,53.02,957.1,53.01,703.1,53.0,426.3,52.99,329.6,53.09,1463.5,53.1,2417.8,53.11,483.9,53.12,1628.6,53.13,1580.4
1700000342.5,685,53.040000000000006,0.03999999999999915,53.02,160.3,53.06,64.6,2801.9,5237.2,53.06,8.8,BUY,2,53.02,160.3,53.01,80.8,53.0,143.5,52.99,1008.7,52.98,1408.6,53.06,64.6,53.07,501.7,53.08,114.1,53.09,4066.9,53.1,489.9
1700000343.0,686,53.03,0.060000000000002274,53.0,149.9,53.06,422.2,1231.7,3849.8999999999996,53.06,21.1,BUY,2,53.0,149.9,52.99,226.8,52.98,420.3,52.97,38.0,52.96,396.7,53.06,422.2,53.07,776.3,53.08,37.1,53.09,786.1,53.1,1828.2
1700000343.5,687,53.019999999999996,0.05999999999999517,52.99,647.7,53.05,378.0,3043.6,9930.7,53.05,40.1,BUY,2,52.99,647.7,52.98,1102.7,52.97,642.4,52.96,219.1,52.95,431.7,53.05,378.0,53.06,1431.7,53.07,1731.4,53.08,1846.0,53.09,4543.6
1700000344.0,688,53.01,0.060000000000002274,52.98,63.6,53.04,528.4,1091.3,4900.7,53.04,5.0,BUY,5,52.98,63.6,52.97,247.0,52.96,29.9,52.95,417.6,52.94,333.2,53.04,528.4,53.05,1210.6,53.06,369.2,53.07,1179.1,53.08,1613.4
1700000344.5,689,53.0,0.060000000000002274,52.97,166.0,53.03,650.9,4014.2,3976.8999999999996,53.03,18.8,BUY,3,52.97,166.0,52.96,189.4,52.95,1794.8,52.94,1713.4,52.93,150.6,53.03,650.9,53.04,1072.7,53.05,749.8,53.06,211.4,53.07,1292.1
1700000345.0,690,52.99,0.060000000000002274,52.96,102.0,53.02,1439.1,1966.0,5355.0,52.96,105.8,SELL,6,52.96,102.0,52.95,132.9,52.94,136.6,52.93,1198.2,52.92,396.3,53.02,1439.1,53.03,318.8,53.04,1794.6,53.05,687.2,53.06,1115.3
1700000345.5,691,52.975,0.04999999999999716,52.95,129.9,53.0,79.8,3112.7,3609.4,52.975,0.0,BUY,0,52.95,129.9,52.94,1887.5,52.93,47.7,52.92,485.5,52.91,562.1,53.0,79.8,53.01,53.7,53.02,1344.7,53.03,745.1,53.04,1386.1
1700000346.0,692,52.96,0.060000000000002274,52.93,320.9,52.99,762.4,3061.9000000000005,4403.7,52.99,23.2,BUY,3,52.93,320.9,52.92,519.7,52.91,187.1,52.9,1354.9,52.89,679.3,52.99,762.4,53.0,702.4,53.01,2659.5,53.02,109.7,53.03,169.7
1700000346.5,693,52.95,0.05999999999999517,52.92,965.0,52.98,1891.2,1647.3,5545.099999999999,52.98,87.2,BUY,5,52.92,965.0,52.91,69.4,52.9,242.6,52.89,10.0,52.88,360.3,52.98,1891.2,52.99,122.3,53.0,97.1,53.01,1157.3,53.02,2277.2
1700000347.0,694,52.94,0.060000000000002274,52.91,174.9,52.97,111.5,2513.2,4868.099999999999,52.97,23.7,BUY,3,52.91,174.9,52.9,15.0,52.89,311.1,52.88,534.2,52.87,1478.0,52.97,111.5,52.98,912.1,52.99,879.4,53.0,2553.4,53.01,411.7
1700000347.5,695,52.93,0.04000000000000625,52.91,136.5,52.95,1561.1,1272.2,5615.7,52.91,27.7,SELL,2,52.91,136.5,52.9,75.8,52.89,411.4,52.88,410.5,52.87,238.0,52.95,1561.1,52.96,99.4,52.97,3025.9,52.98,371.7,52.99,557.6
1700000348.0,696,52.92,0.060000000000002274,52.89,250.4,52.95,14.8,1188.0,7288.9,52.89,10.7,SELL,2,52.89,250.4,52.88,49.2,52.87,256.6,52.86,88.0,52.85,543.8,52.95,14.8,52.96,2606.1,52.97,1034.3,52.98,1676.2,52.99,1957.5
1700000348.5,697,52.9,0.060000000000002274,52.87,142.7,52.93,1110.9,5617.4,6395.0,52.93,7.4,BUY,1,52.87,142.7,52.86,639.4,52.85,1743.4,52.84,1157.5,52.83,1934.4,52.93,1110.9,52.94,847.1,52.95,1323.8,52.96,1801.5,52.97,1311.7
1700000349.0,698,52.89,0.060000000000002274,52.86,565.5,52.92,153.9,2202.7000000000003,7231.400000000001,52.89,0.0,BUY,0,52.86,565.5,52.85,22.1,52.84,172.0,52.83,1149.3,52.82,293.8,52.92,153.9,52.93,2564.5,52.94,3920.8,52.95,119.7,52.96,472.5
1700000349.5,699,52.879999999999995,0.05999999999999517,52.85,421.2,52.91,498.0,2685.4,3590.6,52.91,6.7,BUY,5,52.85,421.2,52.84,226.3,52.83,653.0,52.82,1166.3,52.81,218.6,52.91,498.0,52.92,1114.1,52.93,130.5,52.94,128.6,52.95,1719.4
1700000350.0,700,52.879999999999995,0.05999999999999517,52.85,244.9,52.91,2391.9,897.7,5477.5,52.879999999999995,0.0,BUY,0,52.85,244.9,52.84,22.1,52.83,98.1,52.82,17.0,52.81,515.6,52.91,2391.9,52.92,127.7,52.93,1535.6,52.94,154.3,52.95,1268.0
1700000350.5,701,52.879999999999995,0.05999999999999517,52.85,189.1,52.91,54.3,2231.4,2491.5,52.85,12.6,SELL,3,52.85,189.1,52.84,306.9,52.83,974.9,52.82,126.3,52.81,634.2,52.91,54.3,52.92,832.0,52.93,119.5,52.94,1282.0,52.95,203.7
1700000351.0,702,52.870000000000005,0.05999999999999517,52.84,353.1,52.9,364.5,1736.3000000000002,3319.0,52.84,112.1,SELL,4,52.84,353.1,52.83,339.6,52.82,369.1,52.81,507.5,52.8,167.0,52.9,364.5,52.91,185.1,52.92,755.9,52.93,1539.1,52.94,474.4
1700000351.5,703,52.86,0.060000000000002274,52.83,145.5,52.89,1830.9,524.1,3713.2000000000003,52.86,0.0,BUY,0,52.83,145.5,52.82,121.0,52.81,71.5,52.8,10.0,52.79,176.1,52.89,1830.9,52.9,35.6,52.91,186.5,52.92,1368.8,52.93,291.4
1700000352.0,704,52.86,0.060000000000002274,52.83,83.8,52.89,907.2,2287.4,5578.900000000001,52.83,86.4,SELL,2,52.83,83.8,52.82,626.6,52.81,79.7,52.8,499.1,52.79,998.2,52.89,907.2,52.9,403.8,52.91,2212.9,52.92,1231.2,52.93,823.8
1700000352.5,705,52.855000000000004,0.05000000000000426,52.83,125.2,52.88,189.5,2153.7,5336.0,52.88,16.0,BUY,2,52.83,125.2,52.82,36.9,52.81,415.3,52.8,1061.5,52.79,514.8,52.88,189.5,52.89,420.3,52.9,3393.1,52.91,198.6,52.92,1134.5
1700000353.0,706,52.83,0.060000000000002274,52.8,600.2,52.86,2104.4,1901.3999999999999,4523.9,52.86,159.8,BUY,2,52.8,600.2,52.79,348.4,52.78,370.7,52.77,55.6,52.76,526.5,52.86,2104.4,52.87,815.6,52.88,354.7,52.89,383.4,52.9,865.8
1700000353.5,707,52.82,0.060000000000002274,52.79,1558.8,52.85,10.0,3030.9,3803.7000000000003,52.85,128.6,BUY,4,52.79,1558.8,52.78,68.3,52.77,795.2,52.76,577.6,52.75,31.0,52.85,10.0,52.86,1509.0,52.87,646.9,52.88,1370.5,52.89,267.3
1700000354.0,708,52.8,0.05999999999999517,52.77,575.7,52.83,1110.6,2283.6,8357.1,52.77,5.0,SELL,2,52.77,575.7,52.76,508.9,52.75,550.5,52.74,477.0,52.73,171.5,52.83,1110.6,52.84,1598.8,52.85,4519.8,52.86,337.7,52.87,790.2
1700000354.5,709,52.78,0.060000000000002274,52.75,38.3,52.81,1414.3,3105.6,10717.099999999999,52.78,0.0,BUY,0,52.75,38.3,52.74,1407.6,52.73,1103.6,52.72,206.6,52.71,349.5,52.81,1414.3,52.82,5501.7,52.83,2760.8,52.84,589.0,52.85,451.3
1700000355.0,710,52.769999999999996,0.05999999999999517,52.74,36.5,52.8,513.5,1653.6,3699.6000000000004,52.8,77.4,BUY,2,52.74,36.5,52.73,306.4,52.72,199.7,52.71,138.4,52.7,972.6,52.8,513.5,52.81,209.7,52.82,830.6,52.83,1544.4,52.84,601.4
1700000355.5,711,52.76,0.060000000000002274,52.73,905.2,52.79,788.4,3088.9,3711.0000000000005,52.79,24.7,BUY,2,52.73,905.2,52.72,116.8,52.71,95.3,52.7,902.2,52.69,1069.4,52.79,788.4,52.8,1268.0,52.81,1241.2,52.82,264.1,52.83,149.3
1700000356.0,712,52.74,0.060000000000002274,52.71,37.8,52.77,125.6,3176.8,8822.6,52.71,67.5,SELL,2,52.71,37.8,52.7,115.8,52.69,197.3,52.68,2116.4,52.67,709.5,52.77,125.6,52.78,3208.3,52.79,3324.2,52.8,1762.3,52.81,402.2
1700000356.5,713,52.730000000000004,0.05999999999999517,52.7,175.6,52.76,261.3,2673.5,4469.200000000001,52.76,103.3,BUY,4,52.7,175.6,52.69,337.9,52.68,387.0,52.67,960.8,52.66,812.2,52.76,261.3,52.77,143.7,52.78,1304.4,52.79,1549.7,52.8,1210.1
1700000357.0,714,52.29,0.060000000000002274,52.26,14.8,52.32,13.4,1602.1999999999998,2659.4,52.26,52.3,SELL,4,52.26,14.8,52.25,34.9,52.24,979.6,52.23,288.4,52.22,284.5,52.32,13.4,52.33,855.5,52.34,225.3,52.35,507.2,52.36,1058.0
1700000357.5,715,52.28,0.060000000000002274,52.25,260.2,52.31,1717.7,3542.5,7723.200000000001,52.28,0.0,BUY,0,52.25,260.2,52.24,238.8,52.23,1127.3,52.22,995.7,52.21,920.5,52.31,1717.7,52.32,186.1,52.33,210.4,52.34,326.4,52.35,5282.6
1700000358.0,716,52.26,0.060000000000002274,52.23,84.1,52.29,340.4,1222.8999999999999,2798.5,52.29,151.9,BUY,3,52.23,84.1,52.22,246.3,52.21,662.3,52.2,58.7,52.19,171.5,52.29,340.4,52.3,834.6,52.31,1068.4,52.32,499.4,52.33,55.7
1700000358.5,717,52.25,0.060000000000002274,52.22,342.0,52.28,254.4,1642.9,3639.9,52.28,11.8,BUY,1,52.22,342.0,52.21,106.7,52.2,417.0,52.19,550.6,52.18,226.6,52.28,254.4,52.29,155.7,52.3,86.3,52.31,426.5,52.32,2717.0
1700000359.0,718,52.225,0.04999999999999716,52.2,671.4,52.25,350.7,2683.8999999999996,2625.6,52.25,64.3,BUY,1,52.2,671.4,52.19,79.2,52.18,54.9,52.17,949.1,52.16,929.3,52.25,350.7,52.26,110.2,52.27,209.4,52.28,98.5,52.29,1856.8
1700000359.5,719,52.22,0.060000000000002274,52.19,265.0,52.25,177.0,2525.2999999999997,7325.1,52.25,6.9,BUY,1,52.19,265.0,52.18,460.4,52.17,1535.5,52.16,38.2,52.15,226.2,52.25,177.0,52.26,172.1,52.27,1431.5,52.28,3170.9,52.29,2373.6
1700000360.0,720,52.21,0.060000000000002274,52.18,263.9,52.24,1169.6,2319.0,8619.8,52.24,53.4,BUY,3,52.18,263.9,52.17,183.0,52.16,516.8,52.15,292.8,52.14,1062.5,52.24,1169.6,52.25,477.5,52.26,3683.2,52.27,798.1,52.28,2491.4
1700000360.5,721,52.205,0.04999999999999716,52.18,453.5,52.23,464.5,3423.2,4453.0,52.18,10.5,SELL,1,52.18,453.5,52.17,453.9,52.16,874.4,52.15,1190.8,52.14,450.6,52.23,464.5,52.24,926.7,52.25,2117.6,52.26,482.9,52.27,461.3
1700000361.0,722,52.19,0.060000000000002274,52.16,20.7,52.22,80.2,3098.3,4034.5,52.22,39.1,BUY,2,52.16,20.7,52.15,219.7,52.14,260.0,52.13,1516.4,52.12,1081.5,52.22,80.2,52.23,967.8,52.24,1381.8,52.25,744.5,52.26,860.2
1700000361.5,723,52.18,0.060000000000002274,52.15,65.9,52.21,49.5,3807.2999999999997,5335.9,52.21,154.7,BUY,1,52.15,65.9,52.14,367.7,52.13,487.1,52.12,625.4,52.11,2261.2,52.21,49.5,52.22,3091.5,52.23,10.0,52.24,984.2,52.25,1200.7
1700000362.0,724,52.18,0.060000000000002274,52.15,69.4,52.21,181.7,3880.7,5775.1,52.21,5.0,BUY,5,52.15,69.4,52.14,1170.2,52.13,160.3,52.12,1137.5,52.11,1343.3,52.21,181.7,52.22,1324.9,52.23,863.0,52.24,2355.3,52.25,1050.2
1700000362.5,725,52.17,0.060000000000002274,52.14,166.3,52.2,499.1,1973.2999999999997,2666.2,52.2,28.6,BUY,6,52.14,166.3,52.13,926.8,52.12,546.1,52.11,81.6,52.1,252.5,52.2,499.1,52.21,382.0,52.22,746.3,52.23,962.6,52.24,76.2
1700000363.0,726,52.18,0.060000000000002274,52.15,1106.3,52.21,364.6,3292.7,4088.7,52.15,5.0,SELL,1,52.15,1106.3,52.14,793.3,52.13,279.2,52.12,702.6,52.11,411.3,52.21,364.6,52.22,296.3,52.23,1092.3,52.24,167.5,52.25,2168.0
1700000363.5,727,52.155,0.04999999999999716,52.13,285.7,52.18,830.8,1018.4000000000001,6621.200000000001,52.13,38.4,SELL,1,52.13,285.7,52.12,41.1,52.11,71.9,52.1,330.1,52.09,289.6,52.18,830.8,52.19,2694.5,52.2,1921.8,52.21,685.5,52.22,488.6
1700000364.0,728,52.15,0.060000000000002274,52.12,399.3,52.18,592.5,1230.7,6393.6,52.18,7.1,BUY,2,52.12,399.3,52.11,345.3,52.1,205.0,52.09,262.1,52.08,19.0,52.18,592.5,52.19,15.8,52.2,214.2,52.21,5173.8,52.22,397.3
1700000364.5,729,52.14,0.060000000000002274,52.11,63.5,52.17,42.7,1558.0,7524.599999999999,52.11,27.0,SELL,3,52.11,63.5,52.1,10.0,52.09,823.9,52.08,458.9,52.07,201.7,52.17,42.7,52.18,1781.4,52.19,2743.9,52.2,2765.4,52.21,191.2
1700000365.0,730,52.03,0.060000000000002274,52.0,484.8,52.06,433.2,1595.8,5716.5,52.06,21.3,BUY,3,52.0,484.8,51.99,882.0,51.98,192.5,51.97,10.0,51.96,26.5,52.06,433.2,52.07,2239.6,52.08,593.9,52.09,371.2,52.1,2078.6
1700000365.5,731,52.025,0.04999999999999716,52.0,1048.0,52.05,478.9,4234.700000000001,6164.5,52.0,184.4,SELL,4,52.0,1048.0,51.99,359.8,51.98,127.0,51.97,671.0,51.96,2028.9,52.05,478.9,52.06,129.7,52.07,204.1,52.08,1373.6,52.09,3978.2
1700000366.0,732,52.019999999999996,0.05999999999999517,51.99,184.0,52.05,994.9,2237.7,4705.3,52.05,5.0,BUY,2,51.99,184.0,51.98,45.3,51.97,128.4,51.96,156.5,51.95,1723.5,52.05,994.9,52.06,117.3,52.07,577.0,52.08,680.3,52.09,2335.8
1700000366.5,733,52.025,0.04999999999999716,52.0,244.4,52.05,953.3,3040.7,3023.9,52.05,104.0,BUY,3,52.0,244.4,51.99,84.9,51.98,410.7,51.97,2290.7,51.96,10.0,52.05,953.3,52.06,400.1,52.07,384.5,52.08,556.1,52.09,729.9
1700000367.0,734,52.019999999999996,0.05999999999999517,51.99,353.6,52.05,33.7,2641.8999999999996,3419.1,52.05,12.2,BUY,2,51.99,353.6,51.98,446.2,51.97,278.8,51.96,443.3,51.95,1120.0,52.05,33.7,52.06,739.9,52.07,1289.0,52.08,1214.4,52.09,142.1
1700000367.5,735,49.155,0.07000000000000028,49.12,96.9,49.19,404.4,2080.7000000000003,5611.0,49.19,43.0,BUY,1,49.12,96.9,49.11,172.9,49.1,514.6,49.09,1030.2,49.08,266.1,49.19,404.4,49.2,10.0,49.21,114.0,49.22,3438.5,49.23,1644.1
1700000368.0,736,49.144999999999996,0.05000000000000426,49.12,332.5,49.17,282.2,932.0,3285.8,49.17,30.1,BUY,2,49.12,332.5,49.11,307.8,49.1,81.5,49.09,186.5,49.08,23.7,49.17,282.2,49.18,570.7,49.19,300.8,49.2,253.2,49.21,1878.9
1700000368.5,737,49.155,0.07000000000000028,49.12,121.2,49.19,465.8,1671.9,5621.299999999999,49.19,16.1,BUY,2,49.12,121.2,49.11,21.7,49.1,224.9,49.09,182.2,49.08,1121.9,49.19,465.8,49.2,227.4,49.21,2696.0,49.22,866.2,49.23,1365.9
1700000369.0,738,49.16,0.05999999999999517,49.13,460.3,49.19,160.8,1253.2,2778.6,49.13,33.4,SELL,4,49.13,460.3,49.12,147.2,49.11,592.1,49.1,31.9,49.09,21.7,49.19,160.8,49.2,163.0,49.21,1345.7,49.22,106.3,49.23,1002.8
1700000369.5,739,49.16,0.05999999999999517,49.13,67.4,49.19,64.6,3999.4,1771.2,49.19,21.8,BUY,5,49.13,67.4,49.12,605.2,49.11,1413.8,49.1,1813.4,49.09,99.6,49.19,64.6,49.2,231.0,49.21,642.2,49.22,482.9,49.23,350.5
1700000370.0,740,49.16,0.05999999999999517,49.13,172.3,49.19,13.9,2995.2,3882.8,49.19,47.7,BUY,2,49.13,172.3,49.12,779.5,49.11,1308.9,49.1,450.7,49.09,283.8,49.19,13.9,49.2,427.4,49.21,16.2,49.22,615.7,49.23,2809.6
1700000370.5,741,49.15,0.060000000000002274,49.12,107.0,49.18,2066.3,1124.1999999999998,4681.0,49.18,34.3,BUY,2,49.12,107.0,49.11,343.8,49.1,242.6,49.09,188.7,49.08,242.1,49.18,2066.3,49.19,1145.7,49.2,308.3,49.21,168.7,49.22,992.0
1700000371.0,742,49.144999999999996,0.05000000000000426,49.12,267.8,49.17,1339.6,1312.3,4594.2,49.17,19.6,BUY,2,49.12,267.8,49.11,295.0,49.1,450.8,49.09,41.4,49.08,257.3,49.17,1339.6,49.18,1309.0,49.19,91.0,49.2,135.2,49.21,1719.4
1700000371.5,743,49.15,0.060000000000002274,49.12,113.2,49.18,1003.4,822.1,5641.7,49.12,6.5,SELL,4,49.12,113.2,49.11,35.6,49.1,262.7,49.09,347.2,49.08,63.4,49.18,1003.4,49.19,522.7,49.2,1018.1,49.21,1377.7,49.22,1719.8
1700000372.0,744,49.129999999999995,0.05999999999999517,49.1,13.6,49.16,124.9,3906.1,1076.6,49.1,21.6,SELL,1,49.1,13.6,49.09,186.4,49.08,1027.3,49.07,1666.9,49.06,1011.9,49.16,124.9,49.17,343.4,49.18,212.1,49.19,105.9,49.2,290.3
1700000372.5,745,49.120000000000005,0.05999999999999517,49.09,385.3,49.15,60.3,1265.0,2528.7999999999997,49.15,58.0,BUY,3,49.09,385.3,49.08,424.1,49.07,123.8,49.06,237.8,49.05,94.0,49.15,60.3,49.16,358.1,49.17,718.6,49.18,1153.7,49.19,238.1
1700000373.0,746,49.120000000000005,0.05999999999999517,49.09,206.2,49.15,142.7,2616.1000000000004,3058.7,49.15,5.0,BUY,2,49.09,206.2,49.08,836.2,49.07,10.0,49.06,95.2,49.05,1468.5,49.15,142.7,49.16,41.8,49.17,2241.7,49.18,420.2,49.19,212.3
1700000373.5,747,49.11,0.060000000000002274,49.08,146.9,49.14,141.4,2119.7,4509.799999999999,49.08,16.2,SELL,1,49.08,146.9,49.07,248.9,49.06,1315.4,49.05,312.5,49.04,96.0,49.14,141.4,49.15,287.3,49.16,263.2,49.17,1499.3,49.18,2318.6
1700000374.0,748,49.1,0.060000000000002274,49.07,325.7,49.13,56.3,3540.5,2069.3,49.13,5.0,BUY,1,49.07,325.7,49.06,108.3,49.05,261.6,49.04,1852.9,49.03,992.0,49.13,56.3,49.14,250.5,49.15,130.6,49.16,47.4,49.17,1584.5
1700000374.5,749,49.1,0.060000000000002274,49.07,52.6,49.13,1270.1,1046.9,3628.1,49.13,114.5,BUY,3,49.07,52.6,49.06,51.6,49.05,61.9,49.04,764.2,49.03,116.6,49.13,1270.1,49.14,116.1,49.15,1411.1,49.16,452.0,49.17,378.8
1700000375.0,750,49.09,0.05999999999999517,49.06,69.9,49.12,214.0,2530.0,7529.000000000001,49.12,55.6,BUY,4,49.06,69.9,49.05,582.5,49.04,1338.1,49.03,312.8,49.02,226.7,49.12,214.0,49.13,235.0,49.14,376.8,49.15,6684.1,49.16,19.1
1700000375.5,751,49.08,0.060000000000002274,49.05,46.2,49.11,370.0,2057.8,5565.799999999999,49.11,24.4,BUY,2,49.05,46.2,49.04,728.4,49.03,374.6,49.02,503.1,49.01,405.5,49.11,370.0,49.12,1708.6,49.13,620.8,49.14,552.7,49.15,2313.7
1700000376.0,752,49.07,0.060000000000002274,49.04,753.4,49.1,1193.3,1377.8999999999999,8388.5,49.1,89.0,BUY,4,49.04,753.4,49.03,216.0,49.02,207.7,49.01,40.1,49.0,160.7,49.1,1193.3,49.11,761.7,49.12,1978.1,49.13,4178.7,49.14,276.7
1700000376.5,753,49.045,0.04999999999999716,49.02,314.3,49.07,753.1,2863.3999999999996,5827.400000000001,49.02,28.6,SELL,3,49.02,314.3,49.01,187.5,49.0,1225.2,48.99,219.1,48.98,917.3,49.07,753.1,49.08,297.7,49.09,3349.3,49.1,1001.6,49.11,425.7
1700000377.0,754,49.04,0.060000000000002274,49.01,388.5,49.07,106.7,1610.1,3874.4000000000005,49.01,42.1,SELL,6,49.01,388.5,49.0,184.8,48.99,10.0,48.98,799.4,48.97,227.4,49.07,106.7,49.08,433.6,49.09,1523.9,49.1,105.0,49.11,1705.2
1700000377.5,755,49.03,0.03999999999999915,49.01,110.1,49.05,114.1,2554.8,560.6,49.01,21.4,SELL,2,49.01,110.1,49.0,151.6,48.99,1299.5,48.98,364.7,48.97,628.9,49.05,114.1,49.06,94.4,49.07,117.3,49.08,55.5,49.09,179.3
1700000378.0,756,49.03,0.060000000000002274,49.0,250.0,49.06,726.5,2048.7,5046.7,49.06,28.5,BUY,3,49.0,250.0,48.99,785.3,48.98,687.7,48.97,83.8,48.96,241.9,49.06,726.5,49.07,489.5,49.08,1886.0,49.09,320.9,49.1,1623.8
1700000378.5,757,49.019999999999996,0.05999999999999517,48.99,344.3,49.05,327.7,1613.7,4841.7,49.05,10.9,BUY,5,48.99,344.3,48.98,204.0,48.97,549.5,48.96,401.6,48.95,114.3,49.05,327.7,49.06,612.4,49.07,449.0,49.08,3241.1,49.09,211.5
1700000379.0,758,49.0,0.060000000000002274,48.97,37.0,49.03,726.8,1014.5999999999999,4957.7,49.0,0.0,BUY,0,48.97,37.0,48.96,337.9,48.95,151.2,48.94,471.4,48.93,17.1,49.03,726.8,49.04,2760.3,49.05,721.0,49.06,237.2,49.07,512.4
1700000379.5,759,48.975,0.04999999999999716,48.95,1033.7,49.0,277.4,3737.3999999999996,4636.4,49.0,17.9,BUY,1,48.95,1033.7,48.94,397.9,48.93,303.4,48.92,1297.7,48.91,704.7,49.0,277.4,49.01,786.0,49.02,2370.0,49.03,407.1,49.04,795.9
1700000380.0,760,48.97,0.060000000000002274,48.94,257.9,49.0,76.6,4588.2,2441.7,49.0,6.9,BUY,2,48.94,257.9,48.93,1268.0,48.92,76.1,48.91,1653.2,48.9,1333.0,49.0,76.6,49.01,101.0,49.02,506.5,49.03,432.1,49.04,1325.5
1700000380.5,761,48.96,0.060000000000002274,48.93,248.0,48.99,1715.2,2755.0,6745.6,48.99,10.4,BUY,2,48.93,248.0,48.92,488.5,48.91,181.3,48.9,301.7,48.89,1535.5,48.99,1715.2,49.0,81.7,49.01,932.4,49.02,401.9,49.03,3614.4
1700000381.0,762,48.94,0.060000000000002274,48.91,129.4,48.97,10.0,2670.3,3432.8999999999996,48.97,107.6,BUY,3,48.91,129.4,48.9,1781.5,48.89,436.4,48.88,234.3,48.87,88.7,48.97,10.0,48.98,1250.9,48.99,615.1,49.0,1120.7,49.01,436.2
1700000381.5,763,48.92,0.060000000000002274,48.89,10.0,48.95,39.8,2603.1,2182.4,48.95,39.5,BUY,2,48.89,10.0,48.88,163.5,48.87,594.4,48.86,63.0,48.85,1772.2,48.95,39.8,48.96,552.5,48.97,42.9,48.98,1158.3,48.99,388.9
1700000382.0,764,48.91,0.05999999999999517,48.88,166.6,48.94,459.2,1644.6,2963.8999999999996,48.94,22.8,BUY,4,48.88,166.6,48.87,28.9,48.86,297.8,48.85,118.7,48.84,1032.6,48.94,459.2,48.95,473.0,48.96,518.4,48.97,203.3,48.98,1310.0
1700000382.5,765,48.89,0.060000000000002274,48.86,517.6,48.92,2172.6,2575.3,11126.7,48.92,61.7,BUY,6,48.86,517.6,48.85,464.3,48.84,1129.9,48.83,448.6,48.82,14.9,48.92,2172.6,48.93,2259.0,48.94,959.7,48.95,1756.8,48.96,3978.6
1700000383.0,766,48.870000000000005,0.05999999999999517,48.84,369.8,48.9,323.5,3171.3,5094.8,48.9,11.5,BUY,5,48.84,369.8,48.83,1196.0,48.82,59.1,48.81,376.7,48.8,1169.7,48.9,323.5,48.91,1136.7,48.92,475.5,48.93,634.1,48.94,2525.0
1700000383.5,767,38.35,0.060000000000002274,38.32,300.0,38.38,94.3,1809.3000000000002,3281.2999999999997,38.38,17.8,BUY,1,38.32,300.0,38.31,184.5,38.3,69.1,38.29,217.0,38.28,1038.7,38.38,94.3,38.39,90.6,38.4,1544.2,38.41,481.7,38.42,1070.5
1700000384.0,768,38.35,0.060000000000002274,38.32,243.6,38.38,167.4,2793.1000000000004,7062.700000000001,38.38,14.5,BUY,4,38.32,243.6,38.31,292.2,38.3,1079.9,38.29,974.1,38.28,203.3,38.38,167.4,38.39,758.1,38.4,823.4,38.41,4882.2,38.42,431.6
1700000384.5,769,38.355000000000004,0.05000000000000426,38.33,105.8,38.38,378.1,3705.0,8679.9,38.38,6.2,BUY,1,38.33,105.8,38.32,746.3,38.31,93.5,38.3,1534.6,38.29,1224.8,38.38,378.1,38.39,2370.2,38.4,98.9,38.41,3962.0,38.42,1870.7
1700000385.0,770,38.35,0.060000000000002274,38.32,409.0,38.38,1043.5,3973.9000000000005,6151.9,38.32,5.9,SELL,2,38.32,409.0,38.31,465.2,38.3,1946.6,38.29,604.4,38.28,548.7,38.38,1043.5,38.39,336.4,38.4,591.9,38.41,134.2,38.42,4045.9
1700000385.5,771,38.325,0.05000000000000426,38.3,61.8,38.35,329.0,2246.5,5449.3,38.35,25.8,BUY,3,38.3,61.8,38.29,998.5,38.28,65.4,38.27,751.9,38.26,368.9,38.35,329.0,38.36,1337.0,38.37,160.0,38.38,1161.8,38.39,2461.5
1700000386.0,772,38.32,0.060000000000002274,38.29,219.3,38.35,903.6,2314.3999999999996,4358.9,38.35,41.5,BUY,3,38.29,219.3,38.28,306.7,38.27,142.3,38.26,1018.8,38.25,627.3,38.35,903.6,38.36,573.5,38.37,107.6,38.38,2252.6,38.39,521.6
1700000386.5,773,38.32,0.060000000000002274,38.29,371.3,38.35,348.8,1967.6999999999998,10041.300000000001,38.35,82.3,BUY,2,38.29,371.3,38.28,501.8,38.27,575.1,38.26,232.6,38.25,286.9,38.35,348.8,38.36,1856.9,38.37,1371.5,38.38,5000.5,38.39,1463.6
1700000387.0,774,38.3,0.05999999999999517,38.27,200.3,38.33,472.0,2285.1000000000004,6383.700000000001,38.33,19.8,BUY,1,38.27,200.3,38.26,568.9,38.25,762.2,38.24,525.2,38.23,228.5,38.33,472.0,38.34,814.9,38.35,3731.8,38.36,815.9,38.37,549.1
1700000387.5,775,38.290000000000006,0.03999999999999915,38.27,228.9,38.31,427.8,1669.5,6007.5,38.27,107.0,SELL,2,38.27,228.9,38.26,134.2,38.25,257.7,38.24,109.4,38.23,939.3,38.31,427.8,38.32,1493.1,38.33,1610.1,38.34,1070.7,38.35,1405.8
1700000388.0,776,38.28,0.060000000000002274,38.25,410.9,38.31,1469.8,2087.2,4589.1,38.25,17.3,SELL,1,38.25,410.9,38.24,95.8,38.23,344.4,38.22,841.8,38.21,394.3,38.31,1469.8,38.32,365.6,38.33,300.7,38.34,1355.0,38.35,1098.0
1700000388.5,777,38.28,0.060000000000002274,38.25,170.5,38.31,96.1,2050.8999999999996,3934.1,38.31,21.3,BUY,1,38.25,170.5,38.24,653.1,38.23,146.5,38.22,383.0,38.21,697.8,38.31,96.1,38.32,175.6,38.33,588.4,38.34,894.1,38.35,2179.9
1700000389.0,778,38.269999999999996,0.05999999999999517,38.24,141.9,38.3,213.4,2638.5000000000005,2749.9,38.3,48.1,BUY,3,38.24,141.9,38.23,481.9,38.22,893.6,38.21,708.2,38.2,412.9,38.3,213.4,38.31,1552.1,38.32,722.1,38.33,50.9,38.34,211.4
1700000389.5,779,38.26,0.060000000000002274,38.23,127.4,38.29,326.4,1651.1,3378.4999999999995,38.29,12.9,BUY,1,38.23,127.4,38.22,21.6,38.21,638.1,38.2,28.0,38.19,836.0,38.29,326.4,38.3,397.2,38.31,743.5,38.32,1586.8,38.33,324.6
1700000390.0,780,38.25,0.060000000000002274,38.22,144.1,38.28,63.4,2792.4999999999995,2374.8999999999996,38.28,6.2,BUY,2,38.22,144.1,38.21,1853.3,38.2,728.7,38.19,39.7,38.18,26.7,38.28,63.4,38.29,82.7,38.3,199.5,38.31,1211.5,38.32,817.8
1700000390.5,781,38.24,0.060000000000002274,38.21,714.1,38.27,147.9,3477.3,5611.5,38.27,16.4,BUY,3,38.21,714.1,38.2,997.8,38.19,1052.2,38.18,498.1,38.17,215.1,38.27,147.9,38.28,2933.6,38.29,1631.0,38.3,768.8,38.31,130.2
1700000391.0,782,38.230000000000004,0.05999999999999517,38.2,803.2,38.26,1048.6,3726.9,3179.1,38.26,5.0,BUY,4,38.2,803.2,38.19,164.3,38.18,204.9,38.17,459.4,38.16,2095.1,38.26,1048.6,38.27,305.5,38.28,469.2,38.29,1033.3,38.3,322.5
1700000391.5,783,41.72,0.060000000000002274,41.69,557.9,41.75,77.7,1337.3999999999999,4046.4,41.75,25.0,BUY,1,41.69,557.9,41.68,477.4,41.67,161.0,41.66,123.0,41.65,18.1,41.75,77.7,41.76,799.5,41.77,1981.8,41.78,675.8,41.79,511.6
1700000392.0,784,41.71,0.060000000000002274,41.68,456.2,41.74,552.2,2698.7,7318.2,41.68,63.6,SELL,2,41.68,456.2,41.67,245.8,41.66,95.1,41.65,1283.6,41.64,618.0,41.74,552.2,41.75,645.6,41.76,1721.6,41.77,4066.5,41.78,332.3
1700000392.5,785,41.7,0.05999999999999517,41.67,10.0,41.73,330.3,1576.1,5391.9,41.73,9.1,BUY,8,41.67,10.0,41.66,332.9,41.65,256.2,41.64,78.2,41.63,898.8,41.73,330.3,41.74,1293.2,41.75,276.0,41.76,267.8,41.77,3224.6
1700000393.0,786,41.69,0.060000000000002274,41.66,178.2,41.72,782.8,1348.7,4479.4,41.69,0.0,BUY,0,41.66,178.2,41.65,908.8,41.64,35.0,41.63,115.8,41.62,110.9,41.72,782.8,41.73,576.1,41.74,217.2,41.75,1401.3,41.76,1502.0
1700000393.5,787,41.68,0.060000000000002274,41.65,185.5,41.71,72.2,1298.8000000000002,2424.0,41.68,0.0,BUY,0,41.65,185.5,41.64,97.1,41.63,767.2,41.62,45.9,41.61,203.1,41.71,72.2,41.72,1011.7,41.73,95.0,41.74,834.8,41.75,410.3
1700000394.0,788,41.67,0.060000000000002274,41.64,647.8,41.7,809.0,1563.7999999999997,2424.4,41.64,53.8,SELL,4,41.64,647.8,41.63,119.7,41.62,313.8,41.61,351.4,41.6,131.1,41.7,809.0,41.71,131.2,41.72,425.1,41.73,931.0,41.74,128.1
1700000394.5,789,41.65,0.060000000000002274,41.62,15.5,41.68,396.1,2950.6000000000004,8359.1,41.62,136.2,SELL,2,41.62,15.5,41.61,429.2,41.6,30.7,41.59,901.0,41.58,1574.2,41.68,396.1,41.69,726.2,41.7,2669.7,41.71,2293.6,41.72,2273.5
1700000395.0,790,41.64,0.03999999999999915,41.62,86.0,41.66,370.5,2776.3,3159.2,41.62,7.9,SELL,5,41.62,86.0,41.61,638.9,41.6,367.4,41.59,1554.7,41.58,129.3,41.66,370.5,41.67,689.0,41.68,1421.3,41.69,128.6,41.7,549.8
1700000395.5,791,41.629999999999995,0.05999999999999517,41.6,486.0,41.66,86.2,1484.2,8063.799999999999,41.6,143.0,SELL,3,41.6,486.0,41.59,288.9,41.58,143.5,41.57,446.3,41.56,119.5,41.66,86.2,41.67,788.3,41.68,1153.6,41.69,3944.1,41.7,2091.6
1700000396.0,792,41.620000000000005,0.05999999999999517,41.59,530.0,41.65,453.8,2732.9,6210.700000000001,41.620000000000005,0.0,BUY,0,41.59,530.0,41.58,10.3,41.57,162.9,41.56,1304.2,41.55,725.5,41.65,453.8,41.66,1657.3,41.67,128.8,41.68,235.5,41.69,3735.3
1700000396.5,793,41.620000000000005,0.05999999999999517,41.59,164.5,41.65,379.5,844.5999999999999,5845.5,41.65,98.4,BUY,4,41.59,164.5,41.58,79.3,41.57,177.5,41.56,161.1,41.55,262.2,41.65,379.5,41.66,238.4,41.67,720.6,41.68,1854.5,41.69,2652.5
1700000397.0,794,41.620000000000005,0.05999999999999517,41.59,282.1,41.65,346.0,2545.9,3372.4,41.620000000000005,0.0,BUY,0,41.59,282.1,41.58,211.9,41.57,90.7,41.56,325.7,41.55,1635.5,41.65,346.0,41.66,648.1,41.67,424.0,41.68,409.4,41.69,1544.9
1700000397.5,795,41.620000000000005,0.05999999999999517,41.59,175.9,41.65,674.7,2311.6,7725.700000000001,41.620000000000005,0.0,BUY,0,41.59,175.9,41.58,559.3,41.57,337.2,41.56,976.3,41.55,262.9,41.65,674.7,41.66,705.1,41.67,4285.5,41.68,372.5,41.69,1687.9
1700000398.0,796,41.620000000000005,0.05999999999999517,41.59,424.0,41.65,977.8,3395.5,4450.6,41.59,9.1,SELL,4,41.59,424.0,41.58,753.1,41.57,1887.1,41.56,281.3,41.55,50.0,41.65,977.8,41.66,965.4,41.67,1652.3,41.68,33.8,41.69,821.3
1700000398.5,797,41.620000000000005,0.05999999999999517,41.59,366.9,41.65,971.7,2835.7,2976.3,41.59,30.8,SELL,1,41.59,366.9,41.58,1707.6,41.57,536.0,41.56,103.5,41.55,121.7,41.65,971.7,41.66,150.2,41.67,160.7,41.68,425.7,41.69,1268.0
1700000399.0,798,41.61,0.060000000000002274,41.58,20.1,41.64,508.2,1457.5,4547.2,41.64,6.8,BUY,1,41.58,20.1,41.57,76.1,41.56,195.8,41.55,657.2,41.54,508.3,41.64,508.2,41.65,378.9,41.66,199.4,41.67,443.2,41.68,3017.5
1700000399.5,799,41.6,0.060000000000002274,41.57,58.7,41.63,1303.3,3264.4,9064.7,41.63,16.9,BUY,4,41.57,58.7,41.56,612.6,41.55,852.7,41.54,76.4,41.53,1664.0,41.63,1303.3,41.64,3703.5,41.65,1436.5,41.66,1775.9,41.67,845.5
1700000400.0,800,41.6,0.060000000000002274,41.57,370.2,41.63,481.3,2041.5,5599.400000000001,41.63,46.9,BUY,2,41.57,370.2,41.56,87.6,41.55,187.9,41.54,314.9,41.53,1080.9,41.63,481.3,41.64,2246.9,41.65,700.4,41.66,171.3,41.67,1999.5
1700000400.5,801,41.59,0.05999999999999517,41.56,117.9,41.62,32.7,2489.1,3463.6,41.62,18.0,BUY,1,41.56,117.9,41.55,417.3,41.54,1318.6,41.53,565.9,41.52,69.4,41.62,32.7,41.63,96.6,41.64,2433.7,41.65,606.1,41.66,294.5
1700000401.0,802,41.58,0.060000000000002274,41.55,302.5,41.61,256.8,1519.4,7477.6,41.61,28.1,BUY,4,41.55,302.5,41.54,159.8,41.53,183.8,41.52,481.1,41.51,392.2,41.61,256.8,41.62,1282.7,41.63,500.6,41.64,614.5,41.65,4823.0
1700000401.5,803,41.57,0.04000000000000625,41.55,162.3,41.59,105.6,1026.7,2667.7,41.55,6.7,SELL,5,41.55,162.3,41.54,184.4,41.53,220.7,41.52,344.5,41.51,114.8,41.59,105.6,41.6,859.3,41.61,195.5,41.62,395.2,41.63,1112.1
1700000402.0,804,41.565,0.05000000000000426,41.54,33.9,41.59,92.8,2998.3,2046.4,41.59,118.3,BUY,3,41.54,33.9,41.53,44.7,41.52,1586.7,41.51,249.9,41.5,1083.1,41.59,92.8,41.6,770.2,41.61,10.0,41.62,719.0,41.63,454.4
1700000402.5,805,41.55,0.05999999999999517,41.52,43.3,41.58,814.0,1240.0,2300.0,41.52,5.0,SELL,3,41.52,43.3,41.51,588.4,41.5,14.9,41.49,423.0,41.48,170.4,41.58,814.0,41.59,156.8,41.6,10.0,41.61,832.2,41.62,487.0
1700000403.0,806,41.540000000000006,0.03999999999999915,41.52,33.5,41.56,113.1,527.4,3216.6000000000004,41.56,8.3,BUY,2,41.52,33.5,41.51,161.9,41.5,52.8,41.49,151.6,41.48,127.6,41.56,113.1,41.57,182.1,41.58,240.3,41.59,687.9,41.6,1993.2
1700000403.5,807,41.53,0.060000000000002274,41.5,246.8,41.56,161.3,2419.6,3917.7000000000003,41.56,18.0,BUY,1,41.5,246.8,41.49,1092.6,41.48,175.1,41.47,635.5,41.46,269.6,41.56,161.3,41.57,2156.3,41.58,635.8,41.59,885.1,41.6,79.2
1700000404.0,808,41.519999999999996,0.05999999999999517,41.49,375.9,41.55,933.9,2760.7,5808.3,41.55,13.1,BUY,2,41.49,375.9,41.48,227.0,41.47,616.5,41.46,391.2,41.45,1150.1,41.55,933.9,41.56,2064.0,41.57,2291.7,41.58,400.4,41.59,118.3
1700000404.5,809,41.519999999999996,0.05999999999999517,41.49,176.0,41.55,104.6,2231.6,4351.6,41.55,68.0,BUY,2,41.49,176.0,41.48,61.1,41.47,543.9,41.46,1369.1,41.45,81.5,41.55,104.6,41.56,332.9,41.57,129.6,41.58,248.8,41.59,3535.7
1700000405.0,810,41.51,0.060000000000002274,41.48,762.0,41.54,71.8,1847.5,4468.099999999999,41.54,29.2,BUY,6,41.48,762.0,41.47,121.8,41.46,10.2,41.45,378.2,41.44,575.3,41.54,71.8,41.55,545.8,41.56,592.3,41.57,600.5,41.58,2657.7
1700000405.5,811,41.5,0.060000000000002274,41.47,202.1,41.53,213.3,2090.1,7692.3,41.53,49.1,BUY,5,41.47,202.1,41.46,154.1,41.45,213.3,41.44,1019.3,41.43,501.3,41.53,213.3,41.54,22.7,41.55,140.8,41.56,284.7,41.57,7030.8
1700000406.0,812,41.5,0.060000000000002274,41.47,46.3,41.53,351.5,1844.9999999999998,1872.3,41.53,5.0,BUY,5,41.47,46.3,41.46,939.8,41.45,453.2,41.44,283.9,41.43,121.8,41.53,351.5,41.54,515.0,41.55,137.9,41.56,656.6,41.57,211.3
1700000406.5,813,41.49,0.060000000000002274,41.46,240.9,41.52,591.5,1102.5,6817.900000000001,41.49,0.0,BUY,0,41.46,240.9,41.45,529.1,41.44,174.0,41.43,60.8,41.42,97.7,41.52,591.5,41.53,1517.8,41.54,1317.8,41.55,2288.8,41.56,1102.0
1700000407.0,814,42.99,0.060000000000002274,42.96,126.9,43.02,14.0,2726.0,4534.9,43.02,109.0,BUY,1,42.96,126.9,42.95,584.2,42.94,609.3,42.93,506.5,42.92,899.1,43.02,14.0,43.03,974.2,43.04,1022.4,43.05,1276.3,43.06,1248.0
1700000407.5,815,42.980000000000004,0.05999999999999517,42.95,145.4,43.01,548.1,1384.3,3733.1,43.01,20.3,BUY,5,42.95,145.4,42.94,43.0,42.93,143.9,42.92,858.2,42.91,193.8,43.01,548.1,43.02,290.4,43.03,21.4,43.04,950.8,43.05,1922.4
1700000408.0,816,42.97,0.060000000000002274,42.94,10.0,43.0,272.7,2416.0,3151.9,42.94,5.0,SELL,5,42.94,10.0,42.93,295.6,42.92,1251.7,42.91,121.0,42.9,737.7,43.0,272.7,43.01,95.1,43.02,518.6,43.03,693.1,43.04,1572.4
1700000408.5,817,42.96,0.060000000000002274,42.93,438.2,42.99,1780.3,1943.8000000000002,10825.400000000001,42.99,31.1,BUY,1,42.93,438.2,42.92,150.7,42.91,20.8,42.9,1101.7,42.89,232.4,42.99,1780.3,43.0,177.2,43.01,2996.8,43.02,1319.8,43.03,4551.3
1700000409.0,818,42.95,0.05999999999999517,42.92,517.3,42.98,200.4,1600.6999999999998,6469.200000000001,42.92,21.5,SELL,1,42.92,517.3,42.91,11.9,42.9,192.1,42.89,48.0,42.88,831.4,42.98,200.4,42.99,44.7,43.0,1210.9,43.01,2684.1,43.02,2329.1
1700000409.5,819,42.94,0.060000000000002274,42.91,832.4,42.97,1088.8,2164.6,4206.799999999999,42.94,0.0,BUY,0,42.91,832.4,42.9,150.1,42.89,46.4,42.88,128.8,42.87,1006.9,42.97,1088.8,42.98,539.8,42.99,2165.4,43.0,324.9,43.01,87.9
1700000410.0,820,47.09,0.05999999999999517,47.06,224.0,47.12,10.0,2420.9,5590.5,47.06,5.0,SELL,1,47.06,224.0,47.05,425.8,47.04,404.1,47.03,968.0,47.02,399.0,47.12,10.0,47.13,2602.0,47.14,1393.3,47.15,304.9,47.16,1280.3
1700000410.5,821,47.08,0.060000000000002274,47.05,21.8,47.11,285.1,3323.7999999999997,2517.6000000000004,47.11,5.5,BUY,2,47.05,21.8,47.04,62.5,47.03,32.7,47.02,2059.7,47.01,1147.1,47.11,285.1,47.12,728.8,47.13,399.3,47.14,425.7,47.15,678.7
1700000411.0,822,47.08,0.060000000000002274,47.05,644.9,47.11,161.3,1458.7,3078.1000000000004,47.05,51.3,SELL,2,47.05,644.9,47.04,276.6,47.03,32.5,47.02,319.4,47.01,185.3,47.11,161.3,47.12,12.6,47.13,273.6,47.14,1081.7,47.15,1548.9
1700000411.5,823,47.870000000000005,0.05999999999999517,47.84,207.2,47.9,364.1,707.3,6919.6,47.9,5.0,BUY,2,47.84,207.2,47.83,22.3,47.82,176.2,47.81,16.7,47.8,284.9,47.9,364.1,47.91,353.1,47.92,1831.5,47.93,3312.0,47.94,1058.9
1700000412.0,824,47.85,0.060000000000002274,47.82,536.3,47.88,318.6,6574.000000000001,1544.0000000000002,47.82,5.0,SELL,3,47.82,536.3,47.81,789.8,47.8,850.5,47.79,4379.6,47.78,17.8,47.88,318.6,47.89,734.8,47.9,164.7,47.91,182.5,47.92,143.4
1700000412.5,825,47.85,0.060000000000002274,47.82,926.9,47.88,814.1,3795.5,12831.8,47.82,9.0,SELL,2,47.82,926.9,47.81,115.9,47.8,201.1,47.79,2360.6,47.78,191.0,47.88,814.1,47.89,1151.5,47.9,1906.8,47.91,3376.4,47.92,5583.0
1700000413.0,826,47.845,0.04999999999999716,47.82,725.1,47.87,1090.2,2600.3,6424.7,47.87,36.8,BUY,1,47.82,725.1,47.81,150.0,47.8,789.7,47.79,330.5,47.78,605.0,47.87,1090.2,47.88,24.8,47.89,2433.3,47.9,435.2,47.91,2441.2
1700000413.5,827,47.84,0.05999999999999517,47.81,873.4,47.87,160.7,6257.6,1356.2,47.87,5.1,BUY,5,47.81,873.4,47.8,325.0,47.79,3199.0,47.78,188.6,47.77,1671.6,47.87,160.7,47.88,723.6,47.89,159.5,47.9,254.5,47.91,57.9
1700000414.0,828,47.845,0.04999999999999716,47.82,532.1,47.87,511.4,2601.3,4713.0,47.82,76.0,SELL,3,47.82,532.1,47.81,157.6,47.8,324.1,47.79,1224.6,47.78,362.9,47.87,511.4,47.88,289.0,47.89,2972.5,47.9,392.7,47.91,547.4
1700000414.5,829,47.97,0.060000000000002274,47.94,177.5,48.0,1134.4,1236.7,7087.299999999999,48.0,72.7,BUY,5,47.94,177.5,47.93,201.9,47.92,262.7,47.91,483.2,47.9,111.4,48.0,1134.4,48.01,77.6,48.02,10.0,48.03,670.6,48.04,5194.7
1700000415.0,830,47.96,0.060000000000002274,47.93,844.0,47.99,1635.0,4193.799999999999,8919.5,47.99,20.8,BUY,4,47.93,844.0,47.92,432.8,47.91,673.4,47.9,1853.7,47.89,389.9,47.99,1635.0,48.0,662.5,48.01,2849.7,48.02,3295.8,48.03,476.5
1700000415.5,831,47.95,0.05999999999999517,47.92,390.6,47.98,200.6,1986.8999999999999,6621.8,47.98,50.7,BUY,5,47.92,390.6,47.91,135.4,47.9,18.8,47.89,540.8,47.88,901.3,47.98,200.6,47.99,1641.8,48.0,10.0,48.01,267.1,48.02,4502.3
1700000416.0,832,47.94,0.060000000000002274,47.91,645.0,47.97,20.0,3262.7,2050.0,47.97,122.8,BUY,1,47.91,645.0,47.9,579.5,47.89,190.8,47.88,1837.4,47.87,10.0,47.97,20.0,47.98,312.5,47.99,594.7,48.0,258.3,48.01,864.5
1700000416.5,833,47.92,0.060000000000002274,47.89,444.0,47.95,2554.2,2168.6,6310.099999999999,47.89,26.3,SELL,2,47.89,444.0,47.88,497.8,47.87,591.4,47.86,193.8,47.85,441.6,47.95,2554.2,47.96,286.0,47.97,795.6,47.98,678.5,47.99,1995.8
1700000417.0,834,47.91,0.05999999999999517,47.88,564.4,47.94,329.4,3638.7000000000003,5606.099999999999,47.94,23.4,BUY,3,47.88,564.4,47.87,31.1,47.86,1260.8,47.85,224.0,47.84,1558.4,47.94,329.4,47.95,1242.4,47.96,2546.1,47.97,76.2,47.98,1412.0
1700000417.5,835,47.9,0.060000000000002274,47.87,447.4,47.93,358.0,3153.5000000000005,5722.5,47.93,90.5,BUY,2,47.87,447.4,47.86,1300.9,47.85,15.2,47.84,1174.7,47.83,215.3,47.93,358.0,47.94,714.8,47.95,217.8,47.96,2533.8,47.97,1898.1
1700000418.0,836,47.89,0.060000000000002274,47.86,20.6,47.92,951.8,4010.7000000000003,3699.3,47.92,59.7,BUY,2,47.86,20.6,47.85,89.5,47.84,749.4,47.83,2726.3,47.82,424.9,47.92,951.8,47.93,212.3,47.94,26.3,47.95,1641.1,47.96,867.8
1700000418.5,837,47.879999999999995,0.05999999999999517,47.85,363.7,47.91,354.9,2087.7999999999997,1936.6999999999998,47.91,14.5,BUY,4,47.85,363.7,47.84,1123.5,47.83,156.8,47.82,429.1,47.81,14.7,47.91,354.9,47.92,292.5,47.93,517.3,47.94,333.7,47.95,438.3
1700000419.0,838,47.870000000000005,0.05999999999999517,47.84,172.4,47.9,1380.9,2452.7,5205.4,47.9,5.0,BUY,3,47.84,172.4,47.83,240.8,47.82,93.4,47.81,795.6,47.8,1150.5,47.9,1380.9,47.91,1262.6,47.92,354.0,47.93,834.1,47.94,1373.8
1700000419.5,839,47.86,0.060000000000002274,47.83,58.5,47.89,155.1,2095.2000000000003,3895.3,47.89,70.9,BUY,1,47.83,58.5,47.82,884.8,47.81,695.0,47.8,407.1,47.79,49.8,47.89,155.1,47.9,467.4,47.91,1710.6,47.92,304.4,47.93,1257.8
1700000420.0,840,47.85,0.060000000000002274,47.82,807.6,47.88,277.9,1220.6,6204.900000000001,47.82,57.3,SELL,5,47.82,807.6,47.81,131.1,47.8,75.0,47.79,39.1,47.78,167.8,47.88,277.9,47.89,363.9,47.9,2461.7,47.91,1732.1,47.92,1369.3
1700000420.5,841,47.83,0.060000000000002274,47.8,146.0,47.86,183.7,1228.3,4308.0,47.8,44.6,SELL,2,47.8,146.0,47.79,343.4,47.78,547.0,47.77,73.6,47.76,118.3,47.86,183.7,47.87,1066.1,47.88,2797.1,47.89,185.8,47.9,75.3
1700000421.0,842,47.82,0.04000000000000625,47.8,260.2,47.84,35.5,2307.0,5518.599999999999,47.8,76.0,SELL,1,47.8,260.2,47.79,777.6,47.78,168.2,47.77,177.8,47.76,923.2,47.84,35.5,47.85,2910.2,47.86,734.4,47.87,1148.1,47.88,690.4
1700000421.5,843,47.82,0.060000000000002274,47.79,57.5,47.85,544.1,1766.6000000000001,6719.700000000001,47.85,23.5,BUY,3,47.79,57.5,47.78,347.3,47.77,619.2,47.76,533.2,47.75,209.4,47.85,544.1,47.86,4673.9,47.87,380.1,47.88,554.5,47.89,567.1
1700000422.0,844,47.81,0.060000000000002274,47.78,441.9,47.84,461.3,753.5,4436.799999999999,47.84,19.5,BUY,3,47.78,441.9,47.77,11.6,47.76,172.8,47.75,17.2,47.74,110.0,47.84,461.3,47.85,274.0,47.86,1373.3,47.87,1363.3,47.88,964.9
1700000422.5,845,47.795,0.04999999999999716,47.77,210.9,47.82,332.2,2306.6,3570.6,47.82,111.5,BUY,2,47.77,210.9,47.76,460.1,47.75,56.6,47.74,1345.9,47.73,233.1,47.82,332.2,47.83,1027.1,47.84,383.7,47.85,1736.4,47.86,91.2
1700000423.0,846,47.79,0.060000000000002274,47.76,29.5,47.82,145.0,2444.2000000000003,660.5,47.82,21.5,BUY,3,47.76,29.5,47.75,262.7,47.74,250.0,47.73,842.1,47.72,1059.9,47.82,145.0,47.83,267.1,47.84,164.9,47.85,40.8,47.86,42.7
1700000423.5,847,47.78,0.03999999999999915,47.76,44.3,47.8,466.5,2454.3,2955.1,47.8,74.5,BUY,1,47.76,44.3,47.75,123.9,47.74,266.3,47.73,42.0,47.72,1977.8,47.8,466.5,47.81,24.1,47.82,144.7,47.83,949.9,47.84,1369.9
1700000424.0,848,47.769999999999996,0.05999999999999517,47.74,322.3,47.8,171.0,1511.6000000000001,5043.6,47.769999999999996,0.0,BUY,0,47.74,322.3,47.73,90.2,47.72,17.1,47.71,422.3,47.7,659.7,47.8,171.0,47.81,604.5,47.82,673.7,47.83,2329.3,47.84,1265.1
1700000424.5,849,47.769999999999996,0.05999999999999517,47.74,320.3,47.8,674.7,3062.7,3772.2999999999997,47.769999999999996,0.0,BUY,0,47.74,320.3,47.73,377.5,47.72,195.4,47.71,855.4,47.7,1314.1,47.8,674.7,47.81,78.4,47.82,457.9,47.83,2001.2,47.84,560.1
1700000425.0,850,47.769999999999996,0.05999999999999517,47.74,186.5,47.8,240.0,2426.3,6669.8,47.8,55.7,BUY,1,47.74,186.5,47.73,306.8,47.72,73.2,47.71,972.0,47.7,887.8,47.8,240.0,47.81,1470.1,47.82,3198.1,47.83,112.8,47.84,1648.8
1700000425.5,851,47.76,0.060000000000002274,47.73,577.4,47.79,614.7,3498.7000000000003,2881.3,47.76,0.0,BUY,0,47.73,577.4,47.72,363.3,47.71,189.9,47.7,1460.7,47.69,907.4,47.79,614.7,47.8,883.7,47.81,888.5,47.82,399.1,47.83,95.3
1700000426.0,852,47.75,0.04000000000000625,47.73,228.6,47.77,122.2,1942.6000000000001,3310.9000000000005,47.75,0.0,BUY,0,47.73,228.6,47.72,800.1,47.71,436.5,47.7,447.5,47.69,29.9,47.77,122.2,47.78,1506.1,47.79,618.5,47.8,652.3,47.81,411.8
1700000426.5,853,47.74,0.060000000000002274,47.71,212.4,47.77,665.5,956.6,5526.0,47.77,14.0,BUY,5,47.71,212.4,47.7,94.6,47.69,461.1,47.68,145.5,47.67,43.0,47.77,665.5,47.78,966.4,47.79,612.8,47.8,1295.6,47.81,1985.7
1700000427.0,854,47.730000000000004,0.05999999999999517,47.7,517.2,47.76,757.6,3162.5000000000005,1568.3,47.730000000000004,0.0,BUY,0,47.7,517.2,47.69,16.6,47.68,909.6,47.67,1429.2,47.66,289.9,47.76,757.6,47.77,283.1,47.78,188.1,47.79,170.0,47.8,169.5
1700000427.5,855,47.72,0.060000000000002274,47.69,179.5,47.75,278.6,1705.5,4621.6,47.69,39.7,SELL,4,47.69,179.5,47.68,532.7,47.67,133.0,47.66,687.3,47.65,173.0,47.75,278.6,47.76,827.4,47.77,437.5,47.78,791.7,47.79,2286.4
1700000428.0,856,49.45,0.05999999999999517,49.42,897.6,49.48,141.8,1908.2000000000003,2867.8,49.48,5.0,BUY,2,49.42,897.6,49.41,167.1,49.4,122.4,49.39,567.7,49.38,153.4,49.48,141.8,49.49,358.9,49.5,1956.7,49.51,201.8,49.52,208.6
1700000428.5,857,49.44,0.060000000000002274,49.41,63.7,49.47,796.2,2716.7000000000003,4619.0,49.47,56.0,BUY,1,49.41,63.7,49.4,30.7,49.39,1704.3,49.38,536.1,49.37,381.9,49.47,796.2,49.48,19.0,49.49,1943.1,49.5,253.2,49.51,1607.5
1700000429.0,858,43.89,0.03999999999999915,43.87,144.7,43.91,460.7,1250.0,5889.200000000001,43.91,11.6,BUY,3,43.87,144.7,43.86,10.0,43.85,239.5,43.84,442.5,43.83,413.3,43.91,460.7,43.92,572.5,43.93,559.4,43.94,3829.5,43.95,467.1
1700000429.5,859,43.879999999999995,0.05999999999999517,43.85,90.9,43.91,28.6,1409.6,1634.4999999999998,43.91,38.0,BUY,4,43.85,90.9,43.84,1002.8,43.83,121.3,43.82,16.6,43.81,178.0,43.91,28.6,43.92,244.7,43.93,72.1,43.94,892.8,43.95,396.3
1700000430.0,860,43.870000000000005,0.05999999999999517,43.84,146.5,43.9,142.0,1279.5,2310.9,43.9,63.5,BUY,1,43.84,146.5,43.83,288.6,43.82,37.5,43.81,384.4,43.8,422.5,43.9,142.0,43.91,58.9,43.92,684.1,43.93,420.9,43.94,1005.0
1700000430.5,861,43.870000000000005,0.05999999999999517,43.84,182.4,43.9,328.7,2488.9,6974.5,43.870000000000005,0.0,BUY,0,43.84,182.4,43.83,235.1,43.82,270.5,43.81,523.5,43.8,1277.4,43.9,328.7,43.91,14.3,43.92,45.8,43.93,747.1,43.94,5838.6
1700000431.0,862,43.870000000000005,0.05999999999999517,43.84,266.3,43.9,94.5,2001.3,4540.1,43.84,8.5,SELL,4,43.84,266.3,43.83,115.0,43.82,152.5,43.81,1437.9,43.8,29.6,43.9,94.5,43.91,1600.5,43.92,39.5,43.93,612.9,43.94,2192.7
1700000431.5,863,43.86,0.060000000000002274,43.83,38.8,43.89,19.6,3394.8,7740.4,43.89,10.3,BUY,5,43.83,38.8,43.82,339.3,43.81,1570.4,43.8,220.0,43.79,1226.3,43.89,19.6,43.9,2776.7,43.91,551.0,43.92,3384.7,43.93,1008.4
1700000432.0,864,43.86,0.060000000000002274,43.83,16.8,43.89,643.7,2419.6000000000004,4985.7,43.83,53.3,SELL,6,43.83,16.8,43.82,273.7,43.81,1418.7,43.8,24.4,43.79,686.0,43.89,643.7,43.9,275.3,43.91,559.8,43.92,2236.1,43.93,1270.8
1700000432.5,865,43.85,0.060000000000002274,43.82,200.9,43.88,221.3,3094.9,3064.1000000000004,43.88,5.0,BUY,4,43.82,200.9,43.81,354.3,43.8,647.9,43.79,848.2,43.78,1043.6,43.88,221.3,43.89,446.1,43.9,611.4,43.91,1005.1,43.92,780.2
1700000433.0,866,43.845,0.04999999999999716,43.82,26.8,43.87,3187.9,2265.4,9414.8,43.845,0.0,BUY,0,43.82,26.8,43.81,145.2,43.8,752.2,43.79,55.4,43.78,1285.8,43.87,3187.9,43.88,2126.0,43.89,498.9,43.9,2843.8,43.91,758.2
1700000433.5,867,43.84,0.05999999999999517,43.81,45.2,43.87,590.6,1977.7000000000003,8179.099999999999,43.84,0.0,BUY,0,43.81,45.2,43.8,567.0,43.79,157.5,43.78,780.6,43.77,427.4,43.87,590.6,43.88,3490.8,43.89,995.3,43.9,1457.6,43.91,1644.8
1700000434.0,868,43.845,0.04999999999999716,43.82,501.4,43.87,473.0,2099.2,7852.9,43.82,5.7,SELL,1,43.82,501.4,43.81,144.2,43.8,191.8,43.79,440.0,43.78,821.8,43.87,473.0,43.88,235.3,43.89,397.6,43.9,3110.0,43.91,3637.0
1700000434.5,869,43.83,0.060000000000002274,43.8,77.0,43.86,130.2,1150.6,3722.1000000000004,43.8,71.9,SELL,2,43.8,77.0,43.79,225.9,43.78,77.7,43.77,722.0,43.76,48.0,43.86,130.2,43.87,53.7,43.88,559.1,43.89,1876.8,43.9,1102.3
1700000435.0,870,43.81,0.060000000000002274,43.78,407.4,43.84,959.4,1148.1,5025.9,43.84,97.8,BUY,5,43.78,407.4,43.77,167.5,43.76,157.7,43.75,376.0,43.74,39.5,43.84,959.4,43.85,242.7,43.86,1482.8,43.87,2181.3,43.88,159.7
1700000435.5,871,43.74,0.060000000000002274,43.71,1361.0,43.77,19.1,3011.9,1370.2000000000003,43.77,43.9,BUY,3,43.71,1361.0,43.7,243.0,43.69,221.0,43.68,577.5,43.67,609.4,43.77,19.1,43.78,422.3,43.79,228.4,43.8,388.3,43.81,312.1
1700000436.0,872,43.730000000000004,0.05999999999999517,43.7,62.8,43.76,577.9,1528.5,3778.4,43.7,9.2,SELL,3,43.7,62.8,43.69,39.4,43.68,589.3,43.67,199.2,43.66,637.8,43.76,577.9,43.77,51.1,43.78,1670.1,43.79,182.4,43.8,1296.9
1700000436.5,873,43.72,0.060000000000002274,43.69,43.8,43.75,322.6,1392.2,4424.7,43.75,54.3,BUY,4,43.69,43.8,43.68,34.3,43.67,625.0,43.66,169.1,43.65,520.0,43.75,322.6,43.76,307.6,43.77,1421.5,43.78,1425.1,43.79,947.9
1700000437.0,874,37.94,0.060000000000002274,37.91,129.0,37.97,143.0,1189.4,3204.4,37.97,90.8,BUY,1,37.91,129.0,37.9,448.5,37.89,393.1,37.88,117.6,37.87,101.2,37.97,143.0,37.98,820.1,37.99,742.6,38.0,974.1,38.01,524.6
1700000437.5,875,37.93,0.060000000000002274,37.9,82.4,37.96,467.2,1289.6999999999998,3047.7,37.9,76.2,SELL,2,37.9,82.4,37.89,550.5,37.88,259.5,37.87,237.7,37.86,159.6,37.96,467.2,37.97,42.1,37.98,180.3,37.99,393.1,38.0,1965.0
1700000438.0,876,37.92,0.060000000000002274,37.89,579.1,37.95,1009.2,1448.0,3521.0,37.95,11.7,BUY,3,37.89,579.1,37.88,20.0,37.87,67.7,37.86,604.1,37.85,177.1,37.95,1009.2,37.96,1413.8,37.97,347.5,37.98,663.6,37.99,86.9
1700000438.5,877,37.91,0.05999999999999517,37.88,284.8,37.94,102.6,1958.3000000000002,3419.3,37.91,0.0,BUY,0,37.88,284.8,37.87,76.7,37.86,889.7,37.85,568.6,37.84,138.5,37.94,102.6,37.95,1085.1,37.96,1172.9,37.97,293.3,37.98,765.4
1700000439.0,878,37.900000000000006,0.03999999999999915,37.88,341.2,37.92,582.5,1821.0,2649.9,37.88,47.8,SELL,3,37.88,341.2,37.87,183.8,37.86,171.3,37.85,565.1,37.84,559.6,37.92,582.5,37.93,253.6,37.94,226.3,37.95,834.1,37.96,753.4
1700000439.5,879,37.89,0.060000000000002274,37.86,32.2,37.92,741.3,1610.2,4850.8,37.92,29.7,BUY,4,37.86,32.2,37.85,614.4,37.84,116.9,37.83,690.3,37.82,156.4,37.92,741.3,37.93,118.9,37.94,165.1,37.95,493.0,37.96,3332.5
1700000440.0,880,37.019999999999996,0.05999999999999517,36.99,313.6,37.05,1048.1,3240.6,2499.4,36.99,5.0,SELL,3,36.99,313.6,36.98,1487.6,36.97,803.3,36.96,358.2,36.95,277.9,37.05,1048.1,37.06,229.7,37.07,384.4,37.08,650.4,37.09,186.8
1700000440.5,881,37.019999999999996,0.05999999999999517,36.99,78.9,37.05,369.4,1765.0,4877.5,37.05,5.0,BUY,3,36.99,78.9,36.98,260.5,36.97,219.1,36.96,98.1,36.95,1108.4,37.05,369.4,37.06,296.6,37.07,1345.9,37.08,2627.0,37.09,238.6
1700000441.0,882,37.019999999999996,0.05999999999999517,36.99,243.9,37.05,10.0,2068.5,2802.9,37.05,16.8,BUY,4,36.99,243.9,36.98,1029.4,36.97,136.3,36.96,31.2,36.95,627.7,37.05,10.0,37.06,509.4,37.07,328.8,37.08,1478.7,37.09,476.0
1700000441.5,883,37.01,0.060000000000002274,36.98,10.0,37.04,330.4,2121.6,3427.2,37.04,5.0,BUY,3,36.98,10.0,36.97,511.7,36.96,398.1,36.95,98.7,36.94,1103.1,37.04,330.4,37.05,305.1,37.06,727.0,37.07,253.7,37.08,1811.0
1700000442.0,884,37.01,0.060000000000002274,36.98,33.0,37.04,1328.8,2126.8,5206.799999999999,37.04,84.3,BUY,2,36.98,33.0,36.97,352.9,36.96,150.0,36.95,565.6,36.94,1025.3,37.04,1328.8,37.05,1712.4,37.06,338.9,37.07,106.1,37.08,1720.6
1700000442.5,885,37.0,0.060000000000002274,36.97,248.5,37.03,320.4,2503.7000000000003,5945.2,37.03,6.8,BUY,2,36.97,248.5,36.96,16.8,36.95,1234.2,36.94,701.3,36.93,302.9,37.03,320.4,37.04,238.4,37.05,1172.9,37.06,4037.3,37.07,176.2
1700000443.0,886,36.995000000000005,0.05000000000000426,36.97,147.4,37.02,152.9,720.0,5307.700000000001,37.02,22.7,BUY,4,36.97,147.4,36.96,57.9,36.95,51.6,36.94,274.3,36.93,188.8,37.02,152.9,37.03,1109.2,37.04,895.9,37.05,1001.4,37.06,2148.3
1700000443.5,887,36.980000000000004,0.05999999999999517,36.95,555.9,37.01,241.3,5005.5,4142.0,37.01,15.5,BUY,2,36.95,555.9,36.94,11.5,36.93,2130.2,36.92,919.0,36.91,1388.9,37.01,241.3,37.02,269.8,37.03,846.9,37.04,1876.5,37.05,907.5
1700000444.0,888,36.97,0.060000000000002274,36.94,21.6,37.0,864.8,2102.8,4772.4,36.94,75.1,SELL,4,36.94,21.6,36.93,424.2,36.92,291.1,36.91,720.9,36.9,645.0,37.0,864.8,37.01,1305.3,37.02,394.5,37.03,1939.4,37.04,268.4
1700000444.5,889,36.959999999999994,0.03999999999999915,36.94,26.6,36.98,891.2,2398.0,3337.2,36.98,168.4,BUY,3,36.94,26.6,36.93,1110.8,36.92,724.0,36.91,31.2,36.9,505.4,36.98,891.2,36.99,906.2,37.0,309.2,37.01,267.3,37.02,963.3
1700000445.0,890,36.95,0.05999999999999517,36.92,10.0,36.98,1084.8,1933.3000000000002,3443.0,36.98,176.5,BUY,1,36.92,10.0,36.91,776.7,36.9,800.0,36.89,74.9,36.88,271.7,36.98,1084.8,36.99,471.8,37.0,51.3,37.01,158.8,37.02,1676.3
1700000445.5,891,36.94,0.060000000000002274,36.91,46.6,36.97,16.3,1672.6999999999998,1470.2999999999997,36.91,70.2,SELL,1,36.91,46.6,36.9,184.4,36.89,492.8,36.88,370.5,36.87,578.4,36.97,16.3,36.98,68.9,36.99,17.9,37.0,1078.8,37.01,288.4
1700000446.0,892,36.94,0.060000000000002274,36.91,10.0,36.97,1453.9,2221.7,7391.099999999999,36.97,35.0,BUY,5,36.91,10.0,36.9,564.0,36.89,169.2,36.88,48.4,36.87,1430.1,36.97,1453.9,36.98,762.6,36.99,2059.4,37.0,2364.3,37.01,750.9
1700000446.5,893,36.94,0.060000000000002274,36.91,75.3,36.97,182.2,2548.1,3430.2,36.97,6.7,BUY,2,36.91,75.3,36.9,421.2,36.89,1150.0,36.88,822.7,36.87,78.9,36.97,182.2,36.98,671.6,36.99,528.3,37.0,1524.6,37.01,523.5
1700000447.0,894,36.94,0.060000000000002274,36.91,85.2,36.97,727.0,1645.6000000000001,3038.3,36.97,35.4,BUY,1,36.91,85.2,36.9,714.1,36.89,233.4,36.88,450.7,36.87,162.2,36.97,727.0,36.98,1312.7,36.99,385.9,37.0,530.2,37.01,82.5
1700000447.5,895,36.92,0.060000000000002274,36.89,366.0,36.95,641.5,1719.0,3630.8,36.95,202.1,BUY,2,36.89,366.0,36.88,451.8,36.87,194.4,36.86,386.3,36.85,320.5,36.95,641.5,36.96,1273.4,36.97,200.7,36.98,1222.2,36.99,293.0
1700000448.0,896,36.925,0.05000000000000426,36.9,50.4,36.95,376.9,1695.8,1962.0,36.95,23.3,BUY,4,36.9,50.4,36.89,117.4,36.88,37.6,36.87,728.8,36.86,761.6,36.95,376.9,36.96,268.5,36.97,839.9,36.98,237.0,36.99,239.7
1700000448.5,897,36.91,0.05999999999999517,36.88,131.4,36.94,1594.3,2143.8,5982.5,36.88,77.5,SELL,3,36.88,131.4,36.87,10.0,36.86,131.3,36.85,33.1,36.84,1838.0,36.94,1594.3,36.95,588.8,36.96,299.5,36.97,883.8,36.98,2616.1
1700000449.0,898,36.91,0.05999999999999517,36.88,214.5,36.94,356.5,1772.0000000000002,6873.7,36.94,225.6,BUY,3,36.88,214.5,36.87,986.8,36.86,234.9,36.85,247.9,36.84,87.9,36.94,356.5,36.95,239.3,36.96,1375.1,36.97,495.5,36.98,4407.3
1700000449.5,899,36.900000000000006,0.03999999999999915,36.88,143.9,36.92,695.0,2457.4,4722.200000000001,36.92,35.7,BUY,2,36.88,143.9,36.87,650.7,36.86,492.3,36.85,721.8,36.84,448.7,36.92,695.0,36.93,821.2,36.94,613.7,36.95,964.7,36.96,1627.6
1700000450.0,900,36.89,0.060000000000002274,36.86,57.0,36.92,544.6,3423.1,5926.9,36.92,15.4,BUY,1,36.86,57.0,36.85,296.9,36.84,781.7,36.83,1160.5,36.82,1127.0,36.92,544.6,36.93,303.4,36.94,1152.1,36.95,1613.2,36.96,2313.6
1700000450.5,901,36.865,0.04999999999999716,36.84,1644.5,36.89,80.7,6676.700000000001,2225.1,36.84,55.8,SELL,3,36.84,1644.5,36.83,673.9,36.82,1378.5,36.81,1697.7,36.8,1282.1,36.89,80.7,36.9,1351.8,36.91,81.3,36.92,99.6,36.93,611.7
1700000451.0,902,35.83,0.060000000000002274,35.8,346.2,35.86,400.7,1340.3,5360.6,35.86,15.0,BUY,2,35.8,346.2,35.79,46.7,35.78,378.4,35.77,263.3,35.76,305.7,35.86,400.7,35.87,494.6,35.88,1634.4,35.89,527.1,35.9,2303.8
1700000451.5,903,35.825,0.05000000000000426,35.8,150.9,35.85,56.1,3591.3999999999996,6718.200000000001,35.8,13.4,SELL,2,35.8,150.9,35.79,122.0,35.78,2021.2,35.77,47.2,35.76,1250.1,35.85,56.1,35.86,168.7,35.87,173.1,35.88,2430.5,35.89,3889.8
1700000452.0,904,35.82,0.060000000000002274,35.79,61.8,35.85,1745.6,1987.3999999999999,4092.3999999999996,35.85,5.0,BUY,1,35.79,61.8,35.78,85.3,35.77,60.4,35.76,268.8,35.75,1511.1,35.85,1745.6,35.86,404.1,35.87,440.0,35.88,181.1,35.89,1321.6
1700000452.5,905,35.82,0.060000000000002274,35.79,204.7,35.85,611.2,1560.2,7552.699999999999,35.85,41.5,BUY,1,35.79,204.7,35.78,228.1,35.77,605.7,35.76,415.4,35.75,106.3,35.85,611.2,35.86,1064.5,35.87,1118.5,35.88,2795.1,35.89,1963.4
1700000453.0,906,35.82,0.060000000000002274,35.79,331.7,35.85,40.6,1875.5,2675.5,35.82,0.0,BUY,0,35.79,331.7,35.78,327.3,35.77,300.9,35.76,157.6,35.75,758.0,35.85,40.6,35.86,670.1,35.87,46.6,35.88,1397.5,35.89,520.7
1700000453.5,907,35.81,0.060000000000002274,35.78,131.1,35.84,433.5,1911.0,6448.600000000001,35.78,74.5,SELL,1,35.78,131.1,35.77,186.2,35.76,184.9,35.75,819.1,35.74,589.7,35.84,433.5,35.85,4507.3,35.86,788.1,35.87,461.6,35.88,258.1
1700000454.0,908,35.81,0.060000000000002274,35.78,364.0,35.84,724.3,6902.6,7819.400000000001,35.84,50.9,BUY,1,35.78,364.0,35.77,116.8,35.76,2216.7,35.75,226.5,35.74,3978.6,35.84,724.3,35.85,1470.7,35.86,946.8,35.87,573.8,35.88,4103.8
1700000454.5,909,35.815,0.05000000000000426,35.79,714.4,35.84,393.1,3813.7999999999997,4455.8,35.815,0.0,BUY,0,35.79,714.4,35.78,1491.3,35.77,597.7,35.76,320.4,35.75,690.0,35.84,393.1,35.85,665.6,35.86,2671.6,35.87,350.4,35.88,375.1
1700000455.0,910,35.81,0.060000000000002274,35.78,53.3,35.84,99.3,5171.9,3173.1,35.78,19.8,SELL,4,35.78,53.3,35.77,471.3,35.76,2859.5,35.75,1118.4,35.74,669.4,35.84,99.3,35.85,1161.9,35.86,1155.8,35.87,571.2,35.88,184.9
1700000455.5,911,37.065,0.05000000000000426,37.04,73.6,37.09,700.4,886.8,4328.200000000001,37.09,82.9,BUY,3,37.04,73.6,37.03,169.7,37.02,395.7,37.01,82.4,37.0,165.4,37.09,700.4,37.1,428.0,37.11,114.0,37.12,1365.4,37.13,1720.4
1700000456.0,912,37.06,0.060000000000002274,37.03,676.9,37.09,52.1,1943.1,3890.3,37.09,14.0,BUY,2,37.03,676.9,37.02,384.6,37.01,500.9,37.0,136.6,36.99,244.1,37.09,52.1,37.1,536.7,37.11,128.1,37.12,1885.7,37.13,1287.7
1700000456.5,913,37.05,0.05999999999999517,37.02,196.0,37.08,1216.6,1634.7000000000003,5019.6,37.08,5.0,BUY,1,37.02,196.0,37.01,88.1,37.0,731.7,36.99,24.8,36.98,594.1,37.08,1216.6,37.09,1298.1,37.1,237.3,37.11,10.0,37.12,2257.6
1700000457.0,914,37.045,0.04999999999999716,37.02,887.8,37.07,529.0,2981.8999999999996,3190.2,37.02,14.3,SELL,3,37.02,887.8,37.01,58.3,37.0,1236.6,36.99,624.7,36.98,174.5,37.07,529.0,37.08,715.8,37.09,254.2,37.1,1127.1,37.11,564.1
1700000457.5,915,37.04,0.060000000000002274,37.01,185.9,37.07,486.8,2041.6,1796.8999999999999,37.01,72.9,SELL,5,37.01,185.9,37.0,25.3,36.99,489.1,36.98,748.8,36.97,592.5,37.07,486.8,37.08,130.0,37.09,10.0,37.1,1063.5,37.11,106.6
1700000458.0,916,37.04,0.060000000000002274,37.01,78.2,37.07,2351.1,499.8,7569.7,37.07,9.0,BUY,2,37.01,78.2,37.0,93.8,36.99,55.8,36.98,188.7,36.97,83.3,37.07,2351.1,37.08,370.9,37.09,956.2,37.1,2383.8,37.11,1507.7
1700000458.5,917,37.03,0.060000000000002274,37.0,57.4,37.06,913.1,1106.4,6550.9,37.03,0.0,BUY,0,37.0,57.4,36.99,128.5,36.98,72.3,36.97,565.1,36.96,283.1,37.06,913.1,37.07,2827.0,37.08,732.9,37.09,874.9,37.1,1203.0
1700000459.0,918,37.019999999999996,0.05999999999999517,36.99,29.2,37.05,980.0,1453.0,5276.0,37.05,17.1,BUY,1,36.99,29.2,36.98,72.1,36.97,799.4,36.96,92.7,36.95,459.6,37.05,980.0,37.06,2296.6,37.07,130.0,37.08,233.9,37.09,1635.5
1700000459.5,919,37.01,0.060000000000002274,36.98,102.2,37.04,1235.2,1034.6,5217.1,37.01,0.0,BUY,0,36.98,102.2,36.97,321.2,36.96,93.4,36.95,337.3,36.94,180.5,37.04,1235.2,37.05,626.5,37.06,483.1,37.07,131.2,37.08,2741.1
1700000460.0,920,37.01,0.060000000000002274,36.98,21.1,37.04,280.0,2703.8,5398.9,36.98,16.0,SELL,2,36.98,21.1,36.97,136.8,36.96,1468.5,36.95,225.0,36.94,852.4,37.04,280.0,37.05,295.0,37.06,131.4,37.07,4221.4,37.08,471.1
1700000460.5,921,37.0,0.060000000000002274,36.97,922.4,37.03,1302.6,4713.0,7618.5,37.0,0.0,BUY,0,36.97,922.4,36.96,55.3,36.95,2144.5,36.94,214.3,36.93,1376.5,37.03,1302.6,37.04,679.0,37.05,16.4,37.06,17.7,37.07,5602.8
1700000461.0,922,36.99,0.060000000000002274,36.96,513.2,37.02,312.3,2518.2,8092.799999999999,36.96,27.1,SELL,2,36.96,513.2,36.95,20.3,36.94,400.0,36.93,1508.2,36.92,76.5,37.02,312.3,37.03,1274.6,37.04,4128.4,37.05,1221.8,37.06,1155.7
1700000461.5,923,36.980000000000004,0.05999999999999517,36.95,134.9,37.01,478.6,1810.1,8140.9,37.01,101.4,BUY,3,36.95,134.9,36.94,68.1,36.93,272.0,36.92,824.2,36.91,510.9,37.01,478.6,37.02,116.9,37.03,1831.1,37.04,887.0,37.05,4827.3
1700000462.0,924,36.97,0.060000000000002274,36.94,282.6,37.0,1250.1,2412.6,5664.6,37.0,22.3,BUY,4,36.94,282.6,36.93,295.9,36.92,296.9,36.91,402.7,36.9,1134.5,37.0,1250.1,37.01,975.0,37.02,312.6,37.03,1855.9,37.04,1271.0
1700000462.5,925,36.959999999999994,0.03999999999999915,36.94,178.7,36.98,523.4,1209.0000000000002,2458.2000000000003,36.98,23.6,BUY,1,36.94,178.7,36.93,93.9,36.92,10.0,36.91,879.2,36.9,47.2,36.98,523.4,36.99,653.5,37.0,414.7,37.01,646.7,37.02,219.9
1700000463.0,926,36.96,0.060000000000002274,36.93,130.4,36.99,32.0,1937.6,9328.7,36.99,34.8,BUY,3,36.93,130.4,36.92,549.3,36.91,392.5,36.9,391.2,36.89,474.2,36.99,32.0,37.0,1407.6,37.01,4225.9,37.02,3005.7,37.03,657.5
1700000463.5,927,36.96,0.060000000000002274,36.93,158.5,36.99,100.0,1584.7,4424.8,36.99,108.9,BUY,1,36.93,158.5,36.92,206.8,36.91,213.0,36.9,946.2,36.89,60.2,36.99,100.0,37.0,1010.6,37.01,1130.7,37.02,2059.0,37.03,124.5
1700000464.0,928,36.96,0.060000000000002274,36.93,225.1,36.99,127.7,1322.3,7707.0,36.96,0.0,BUY,0,36.93,225.1,36.92,574.9,36.91,36.8,36.9,449.7,36.89,35.8,36.99,127.7,37.0,1193.7,37.01,2812.6,37.02,2190.6,37.03,1382.4
1700000464.5,929,36.96,0.060000000000002274,36.93,19.8,36.99,1012.7,4251.0,1847.3999999999999,36.99,5.0,BUY,1,36.93,19.8,36.92,611.7,36.91,1482.6,36.9,228.6,36.89,1908.3,36.99,1012.7,37.0,143.8,37.01,160.5,37.02,228.6,37.03,301.8
1700000465.0,930,36.95,0.05999999999999517,36.92,1104.9,36.98,235.6,2704.5,3841.3,36.98,229.1,BUY,1,36.92,1104.9,36.91,112.0,36.9,110.2,36.89,565.3,36.88,812.1,36.98,235.6,36.99,418.7,37.0,584.6,37.01,2271.8,37.02,330.6
1700000465.5,931,36.955,0.04999999999999716,36.93,152.2,36.98,13.6,1292.8,2810.2000000000003,36.93,92.3,SELL,4,36.93,152.2,36.92,202.6,36.91,731.3,36.9,88.4,36.89,118.3,36.98,13.6,36.99,722.6,37.0,105.9,37.01,52.7,37.02,1915.4
1700000466.0,932,36.94,0.060000000000002274,36.91,1206.1,36.97,366.8,2143.4,4994.1,36.97,43.0,BUY,4,36.91,1206.1,36.9,162.7,36.89,69.2,36.88,66.7,36.87,638.7,36.97,366.8,36.98,92.0,36.99,946.0,37.0,1280.8,37.01,2308.5
1700000466.5,933,36.94,0.060000000000002274,36.91,437.5,36.97,270.0,3641.6000000000004,9726.1,36.97,67.1,BUY,4,36.91,437.5,36.9,1011.0,36.89,1456.4,36.88,496.4,36.87,240.3,36.97,270.0,36.98,2936.3,36.99,399.9,37.0,5060.2,37.01,1059.7
1700000467.0,934,36.93,0.060000000000002274,36.9,10.0,36.96,117.2,932.0999999999999,3553.5,36.96,23.8,BUY,6,36.9,10.0,36.89,17.4,36.88,362.9,36.87,434.5,36.86,107.3,36.96,117.2,36.97,907.7,36.98,835.8,36.99,13.7,37.0,1679.1
1700000467.5,935,36.92,0.060000000000002274,36.89,103.4,36.95,895.8,2923.7,9622.7,36.95,23.6,BUY,3,36.89,103.4,36.88,275.8,36.87,124.4,36.86,718.5,36.85,1701.6,36.95,895.8,36.96,376.9,36.97,908.5,36.98,4411.3,36.99,3030.2
1700000468.0,936,36.92,0.060000000000002274,36.89,153.0,36.95,1051.4,3572.5,5275.599999999999,36.95,64.9,BUY,1,36.89,153.0,36.88,1262.6,36.87,746.0,36.86,1265.0,36.85,145.9,36.95,1051.4,36.96,652.8,36.97,2465.0,36.98,114.2,36.99,992.2
1700000468.5,937,36.905,0.04999999999999716,36.88,57.2,36.93,439.4,1165.0,3823.5999999999995,36.93,40.2,BUY,3,36.88,57.2,36.87,60.6,36.86,131.2,36.85,133.7,36.84,782.3,36.93,439.4,36.94,461.1,36.95,768.3,36.96,1766.6,36.97,388.2
1700000469.0,938,36.9,0.060000000000002274,36.87,39.0,36.93,1590.9,6030.0,7982.799999999999,36.93,78.1,BUY,3,36.87,39.0,36.86,1521.2,36.85,1676.0,36.84,2317.7,36.83,476.1,36.93,1590.9,36.94,245.4,36.95,1615.7,36.96,3675.4,36.97,855.4
1700000469.5,939,36.89,0.060000000000002274,36.86,626.6,36.92,10.0,2934.3,3613.0,36.92,46.9,BUY,2,36.86,626.6,36.85,273.3,36.84,1357.2,36.83,666.7,36.82,10.5,36.92,10.0,36.93,58.7,36.94,504.3,36.95,2602.2,36.96,437.8
1700000470.0,940,36.89,0.03999999999999915,36.87,507.7,36.91,586.0,1706.8000000000002,3889.3999999999996,36.91,198.7,BUY,5,36.87,507.7,36.86,196.9,36.85,548.2,36.84,18.4,36.83,435.6,36.91,586.0,36.92,438.2,36.93,245.3,36.94,753.3,36.95,1866.6
1700000470.5,941,36.879999999999995,0.05999999999999517,36.85,106.2,36.91,311.2,1850.5,5356.199999999999,36.85,17.7,SELL,3,36.85,106.2,36.84,523.4,36.83,313.2,36.82,344.1,36.81,563.6,36.91,311.2,36.92,431.4,36.93,3068.7,36.94,844.0,36.95,700.9
1700000471.0,942,36.870000000000005,0.05999999999999517,36.84,35.1,36.9,381.7,1752.1999999999998,7153.4,36.9,19.2,BUY,4,36.84,35.1,36.83,1314.6,36.82,10.0,36.81,289.8,36.8,102.7,36.9,381.7,36.91,494.3,36.92,2575.5,36.93,1570.0,36.94,2131.9
1700000471.5,943,36.865,0.04999999999999716,36.84,997.0,36.89,10.0,1824.2,2769.3999999999996,36.84,5.0,SELL,3,36.84,997.0,36.83,82.7,36.82,369.0,36.81,224.0,36.8,151.5,36.89,10.0,36.9,1589.7,36.91,71.8,36.92,480.7,36.93,617.2
1700000472.0,944,36.870000000000005,0.05999999999999517,36.84,399.9,36.9,1240.3,2924.5,3812.1,36.9,11.9,BUY,1,36.84,399.9,36.83,146.6,36.82,390.9,36.81,894.8,36.8,1092.3,36.9,1240.3,36.91,1070.6,36.92,839.3,36.93,583.5,36.94,78.4
1700000472.5,945,36.86,0.060000000000002274,36.83,297.7,36.89,143.7,2685.7,7467.3,36.86,0.0,BUY,0,36.83,297.7,36.82,296.5,36.81,148.6,36.8,1655.3,36.79,287.6,36.89,143.7,36.9,1077.9,36.91,3650.5,36.92,972.5,36.93,1622.7
1700000473.0,946,34.370000000000005,0.05999999999999517,34.34,100.8,34.4,94.6,1304.3,1978.7,34.4,20.6,BUY,3,34.34,100.8,34.33,96.1,34.32,933.2,34.31,155.9,34.3,18.3,34.4,94.6,34.41,319.3,34.42,1222.5,34.43,74.3,34.44,268.0
1700000473.5,947,34.36,0.03999999999999915,34.34,108.7,34.38,520.0,1056.0,5770.5,34.38,116.8,BUY,4,34.34,108.7,34.33,385.7,34.32,25.7,34.31,246.3,34.3,289.6,34.38,520.0,34.39,457.5,34.4,123.5,34.41,2393.4,34.42,2276.1
1700000474.0,948,34.36,0.060000000000002274,34.33,104.1,34.39,539.6,3703.6000000000004,5344.1,34.39,5.0,BUY,3,34.33,104.1,34.32,697.2,34.31,460.3,34.3,53.0,34.29,2389.0,34.39,539.6,34.4,335.4,34.41,856.6,34.42,433.5,34.43,3179.0
1700000474.5,949,34.36,0.03999999999999915,34.34,238.5,34.38,1156.3,1489.0,8377.5,34.36,0.0,BUY,0,34.34,238.5,34.33,807.3,34.32,48.1,34.31,48.7,34.3,346.4,34.38,1156.3,34.39,287.2,34.4,3919.6,34.41,978.2,34.42,2036.2
1700000475.0,950,34.355000000000004,0.05000000000000426,34.33,108.4,34.38,407.3,2577.2,6219.0,34.33,9.9,SELL,1,34.33,108.4,34.32,830.2,34.31,345.8,34.3,126.2,34.29,1166.6,34.38,407.3,34.39,719.1,34.4,719.0,34.41,313.0,34.42,4060.6
1700000475.5,951,38.76,0.060000000000002274,38.73,23.3,38.79,1512.1,2920.6,3552.7000000000003,38.79,8.0,BUY,1,38.73,23.3,38.72,489.0,38.71,411.1,38.7,466.6,38.69,1530.6,38.79,1512.1,38.8,1412.6,38.81,361.3,38.82,18.9,38.83,247.8
1700000476.0,952,38.76,0.060000000000002274,38.73,142.5,38.79,10.0,1971.1,4402.099999999999,38.79,45.2,BUY,2,38.73,142.5,38.72,306.8,38.71,838.7,38.7,268.7,38.69,414.4,38.79,10.0,38.8,330.6,38.81,2896.3,38.82,1025.3,38.83,139.9
1700000476.5,953,38.76,0.060000000000002274,38.73,404.3,38.79,106.1,2587.5,10984.4,38.79,34.5,BUY,3,38.73,404.3,38.72,477.5,38.71,323.8,38.7,170.0,38.69,1211.9,38.79,106.1,38.8,5348.7,38.81,2771.6,38.82,51.6,38.83,2706.4
1700000477.0,954,38.75,0.060000000000002274,38.72,35.3,38.78,1671.3,2198.2999999999997,6988.700000000001,38.78,25.6,BUY,5,38.72,35.3,38.71,1152.3,38.7,716.1,38.69,174.1,38.68,120.5,38.78,1671.3,38.79,3491.2,38.8,168.3,38.81,1021.3,38.82,636.6
1700000477.5,955,37.59,0.05999999999999517,37.56,75.8,37.62,1412.9,3822.7999999999997,5732.5,37.62,19.7,BUY,2,37.56,75.8,37.55,136.4,37.54,1780.8,37.53,209.2,37.52,1620.6,37.62,1412.9,37.63,1012.8,37.64,19.7,37.65,1451.3,37.66,1835.8
1700000478.0,956,37.59,0.05999999999999517,37.56,673.8,37.62,918.6,1813.1999999999998,2300.8,37.62,82.3,BUY,4,37.56,673.8,37.55,27.4,37.54,66.5,37.53,530.1,37.52,515.4,37.62,918.6,37.63,290.2,37.64,370.1,37.65,26.9,37.66,695.0
1700000478.5,957,37.58,0.060000000000002274,37.55,129.6,37.61,245.1,911.8000000000001,4134.4,37.61,50.3,BUY,1,37.55,129.6,37.54,547.4,37.53,61.1,37.52,139.6,37.51,34.1,37.61,245.1,37.62,1517.2,37.63,727.7,37.64,837.1,37.65,807.3
1700000479.0,958,37.56,0.060000000000002274,37.53,359.0,37.59,1021.0,4416.5,4572.6,37.59,74.0,BUY,4,37.53,359.0,37.52,697.9,37.51,200.4,37.5,1138.4,37.49,2020.8,37.59,1021.0,37.6,2713.4,37.61,661.2,37.62,37.6,37.63,139.4
1700000479.5,959,37.55,0.05999999999999517,37.52,369.7,37.58,442.8,952.0,4291.900000000001,37.58,22.5,BUY,3,37.52,369.7,37.51,141.2,37.5,89.5,37.49,68.3,37.48,283.3,37.58,442.8,37.59,3011.8,37.6,454.7,37.61,256.3,37.62,126.3
1700000480.0,960,37.54,0.060000000000002274,37.51,216.6,37.57,1165.9,1469.1,2756.7000000000003,37.57,55.7,BUY,2,37.51,216.6,37.5,61.3,37.49,26.3,37.48,172.8,37.47,992.1,37.57,1165.9,37.58,751.5,37.59,158.4,37.6,491.4,37.61,189.5
1700000480.5,961,37.53,0.060000000000002274,37.5,599.0,37.56,109.2,2178.3,4814.9,37.56,5.0,BUY,2,37.5,599.0,37.49,528.9,37.48,361.2,37.47,620.3,37.46,68.9,37.56,109.2,37.57,129.0,37.58,410.5,37.59,2672.3,37.6,1493.9
1700000481.0,962,36.07,0.060000000000002274,36.04,127.5,36.1,447.9,4156.1,6009.5,36.04,86.4,SELL,2,36.04,127.5,36.03,153.1,36.02,888.3,36.01,2032.2,36.0,955.0,36.1,447.9,36.11,683.5,36.12,1543.1,36.13,1162.4,36.14,2172.6
1700000481.5,963,36.07,0.060000000000002274,36.04,234.1,36.1,69.2,1896.1999999999998,1762.4,36.1,62.6,BUY,2,36.04,234.1,36.03,298.7,36.02,398.3,36.01,298.7,36.0,666.4,36.1,69.2,36.11,246.9,36.12,482.5,36.13,68.2,36.14,895.6
1700000482.0,964,36.06,0.060000000000002274,36.03,80.6,36.09,596.0,1085.4,2034.0,36.09,122.3,BUY,2,36.03,80.6,36.02,292.7,36.01,136.2,36.0,148.3,35.99,427.6,36.09,596.0,36.1,599.3,36.11,206.4,36.12,249.6,36.13,382.7
1700000482.5,965,39.08,0.060000000000002274,39.05,422.1,39.11,36.9,1205.5,5574.1,39.11,52.9,BUY,4,39.05,422.1,39.04,25.9,39.03,165.3,39.02,387.8,39.01,204.4,39.11,36.9,39.12,447.8,39.13,15.5,39.14,2177.0,39.15,2896.9
1700000483.0,966,39.07,0.060000000000002274,39.04,167.6,39.1,1174.4,2543.7000000000003,4416.1,39.1,43.6,BUY,3,39.04,167.6,39.03,133.0,39.02,1498.2,39.01,206.7,39.0,538.2,39.1,1174.4,39.11,2134.5,39.12,157.3,39.13,41.2,39.14,908.7
1700000483.5,967,39.06,0.060000000000002274,39.03,491.9,39.09,144.6,1809.1,5125.0,39.09,5.0,BUY,8,39.03,491.9,39.02,10.1,39.01,86.6,39.0,71.4,38.99,1149.1,39.09,144.6,39.1,1825.3,39.11,240.4,39.12,1419.3,39.13,1495.4
1700000484.0,968,39.05,0.05999999999999517,39.02,112.2,39.08,406.2,1978.6000000000001,3986.7,39.08,33.9,BUY,4,39.02,112.2,39.01,386.5,39.0,555.2,38.99,534.0,38.98,390.7,39.08,406.2,39.09,251.2,39.1,740.9,39.11,1666.8,39.12,921.6
1700000484.5,969,39.040000000000006,0.03999999999999915,39.02,683.2,39.06,661.5,1525.3999999999999,9942.7,39.06,34.6,BUY,1,39.02,683.2,39.01,324.3,39.0,49.8,38.99,244.6,38.98,223.5,39.06,661.5,39.07,1284.1,39.08,1160.4,39.09,1278.2,39.1,5558.5
1700000485.0,970,39.03,0.03999999999999915,39.01,421.8,39.05,233.3,4588.0,2561.5,39.01,72.2,SELL,3,39.01,421.8,39.0,783.2,38.99,1002.8,38.98,417.9,38.97,1962.3,39.05,233.3,39.06,48.1,39.07,18.8,39.08,2028.3,39.09,233.0
1700000485.5,971,39.019999999999996,0.05999999999999517,38.99,121.6,39.05,117.6,2526.4,6369.3,39.019999999999996,0.0,BUY,0,38.99,121.6,38.98,31.3,38.97,563.6,38.96,587.4,38.95,1222.5,39.05,117.6,39.06,904.9,39.07,325.6,39.08,2483.3,39.09,2537.9
1700000486.0,972,39.01,0.060000000000002274,38.98,437.3,39.04,1079.9,1897.7,13145.3,39.04,24.3,BUY,2,38.98,437.3,38.97,38.1,38.96,335.3,38.95,329.5,38.94,757.5,39.04,1079.9,39.05,1795.9,39.06,966.0,39.07,1307.0,39.08,7996.5
1700000486.5,973,39.0,0.060000000000002274,38.97,247.9,39.03,2280.8,2341.8999999999996,4941.700000000001,39.03,76.0,BUY,3,38.97,247.9,38.96,38.1,38.95,872.3,38.94,610.9,38.93,572.7,39.03,2280.8,39.04,344.7,39.05,209.8,39.06,477.3,39.07,1629.1
1700000487.0,974,38.99,0.060000000000002274,38.96,82.9,39.02,1654.8,1540.6,4442.4,39.02,161.0,BUY,2,38.96,82.9,38.95,75.4,38.94,37.2,38.93,385.8,38.92,959.3,39.02,1654.8,39.03,182.1,39.04,391.2,39.05,1153.4,39.06,1060.9
1700000487.5,975,38.980000000000004,0.05999999999999517,38.95,131.2,39.01,699.6,1928.2,2415.9,39.01,8.4,BUY,2,38.95,131.2,38.94,998.1,38.93,72.9,38.92,158.7,38.91,567.3,39.01,699.6,39.02,133.8,39.03,337.5,39.04,31.3,39.05,1213.7
1700000488.0,976,31.805,0.07000000000000028,31.77,116.0,31.84,1082.2,968.4000000000001,8030.0,31.84,32.8,BUY,1,31.77,116.0,31.76,131.4,31.75,474.3,31.74,70.0,31.73,176.7,31.84,1082.2,31.85,1398.8,31.86,327.4,31.87,594.7,31.88,4626.9
1700000488.5,977,31.805,0.07000000000000028,31.77,1683.8,31.84,1543.8,4089.3,4337.700000000001,31.84,148.7,BUY,6,31.77,1683.8,31.76,863.5,31.75,10.0,31.74,1023.4,31.73,508.6,31.84,1543.8,31.85,98.5,31.86,980.5,31.87,709.8,31.88,1005.1
1700000489.0,978,31.81,0.03999999999999915,31.79,63.3,31.83,417.4,1356.3,2958.5,31.83,5.0,BUY,1,31.79,63.3,31.78,74.7,31.77,341.3,31.76,511.2,31.75,365.8,31.83,417.4,31.84,88.7,31.85,1222.9,31.86,1041.5,31.87,188.0
1700000489.5,979,31.799999999999997,0.05999999999999872,31.77,230.0,31.83,28.8,1453.5,4714.2,31.83,83.6,BUY,3,31.77,230.0,31.76,456.1,31.75,319.8,31.74,10.0,31.73,437.6,31.83,28.8,31.84,1179.7,31.85,10.0,31.86,1454.7,31.87,2041.0
1700000490.0,980,31.79,0.05999999999999872,31.76,289.1,31.82,575.8,3540.7,7878.8,31.82,10.8,BUY,3,31.76,289.1,31.75,553.7,31.74,411.6,31.73,1823.6,31.72,462.7,31.82,575.8,31.83,42.5,31.84,511.5,31.85,5661.5,31.86,1087.5
1700000490.5,981,31.78,0.05999999999999872,31.75,515.2,31.81,207.7,3925.8,3896.6,31.81,97.5,BUY,6,31.75,515.2,31.74,1452.1,31.73,520.3,31.72,1406.2,31.71,32.0,31.81,207.7,31.82,704.6,31.83,1821.4,31.84,155.4,31.85,1007.5
1700000491.0,982,31.77,0.060000000000002274,31.74,43.3,31.8,507.4,1970.6999999999998,1074.0,31.74,41.9,SELL,5,31.74,43.3,31.73,178.6,31.72,440.9,31.71,104.8,31.7,1203.1,31.8,507.4,31.81,308.4,31.82,99.4,31.83,61.0,31.84,97.8
1700000491.5,983,31.759999999999998,0.05999999999999872,31.73,120.3,31.79,183.2,7679.4,3714.0,31.73,114.0,SELL,4,31.73,120.3,31.72,1237.7,31.71,96.2,31.7,29.0,31.69,6196.2,31.79,183.2,31.8,60.6,31.81,254.0,31.82,967.7,31.83,2248.5
1700000492.0,984,31.759999999999998,0.05999999999999872,31.73,254.9,31.79,274.8,2697.7000000000003,4307.0,31.73,5.0,SELL,1,31.73,254.9,31.72,596.0,31.71,188.1,31.7,1183.8,31.69,474.9,31.79,274.8,31.8,1043.5,31.81,1105.3,31.82,1381.0,31.83,502.4
1700000492.5,985,31.75,0.03999999999999915,31.73,539.2,31.77,1100.7,2080.2,5988.3,31.77,5.9,BUY,2,31.73,539.2,31.72,17.3,31.71,717.0,31.7,207.4,31.69,599.3,31.77,1100.7,31.78,675.6,31.79,1749.3,31.8,2170.5,31.81,292.2
1700000493.0,986,31.740000000000002,0.05999999999999872,31.71,59.2,31.77,964.4,2009.6999999999998,5201.6,31.77,13.0,BUY,3,31.71,59.2,31.7,212.6,31.69,1395.5,31.68,165.3,31.67,177.1,31.77,964.4,31.78,139.9,31.79,2450.1,31.8,318.8,31.81,1328.4
1700000493.5,987,31.740000000000002,0.05999999999999872,31.71,200.9,31.77,83.9,2162.0,3985.7999999999997,31.71,11.3,SELL,1,31.71,200.9,31.7,1268.8,31.69,419.3,31.68,152.8,31.67,120.2,31.77,83.9,31.78,537.5,31.79,889.1,31.8,589.2,31.81,1886.1
1700000494.0,988,31.73,0.060000000000002274,31.7,329.3,31.76,2314.8,2807.7,6678.0,31.76,38.3,BUY,3,31.7,329.3,31.69,1100.1,31.68,17.3,31.67,1237.3,31.66,123.7,31.76,2314.8,31.77,1606.0,31.78,1076.2,31.79,189.0,31.8,1492.0
1700000494.5,989,31.72,0.03999999999999915,31.7,160.4,31.74,35.6,960.0999999999999,3462.5,31.74,210.0,BUY,3,31.7,160.4,31.69,93.0,31.68,107.6,31.67,235.9,31.66,363.2,31.74,35.6,31.75,394.2,31.76,10.0,31.77,714.4,31.78,2308.3
1700000495.0,990,31.72,0.05999999999999872,31.69,353.1,31.75,406.7,1305.9,3628.0,31.75,24.7,BUY,3,31.69,353.1,31.68,35.3,31.67,347.8,31.66,80.9,31.65,488.8,31.75,406.7,31.76,586.6,31.77,2173.7,31.78,134.6,31.79,326.4
1700000495.5,991,31.72,0.05999999999999872,31.69,33.0,31.75,596.9,1621.1999999999998,3808.1000000000004,31.75,23.7,BUY,1,31.69,33.0,31.68,234.8,31.67,689.3,31.66,282.2,31.65,381.9,31.75,596.9,31.76,1363.2,31.77,548.7,31.78,362.5,31.79,936.8
1700000496.0,992,31.72,0.05999999999999872,31.69,72.0,31.75,326.2,946.1,3616.7,31.75,43.3,BUY,4,31.69,72.0,31.68,87.7,31.67,48.0,31.66,403.0,31.65,335.4,31.75,326.2,31.76,179.7,31.77,169.1,31.78,2780.1,31.79,161.6
1700000496.5,993,31.71,0.05999999999999872,31.68,91.0,31.74,584.7,832.0,6594.799999999999,31.74,119.6,BUY,2,31.68,91.0,31.67,10.0,31.66,104.6,31.65,380.6,31.64,245.8,31.74,584.7,31.75,83.3,31.76,2660.6,31.77,381.7,31.78,2884.5
1700000497.0,994,31.71,0.03999999999999915,31.69,116.9,31.73,243.5,2612.7,5129.1,31.71,0.0,BUY,0,31.69,116.9,31.68,719.5,31.67,264.2,31.66,1004.0,31.65,508.1,31.73,243.5,31.74,263.1,31.75,726.7,31.76,3021.7,31.77,874.1
1700000497.5,995,31.71,0.05999999999999872,31.68,62.2,31.74,346.5,1773.6,7033.4,31.74,5.0,BUY,4,31.68,62.2,31.67,197.1,31.66,1091.1,31.65,130.1,31.64,293.1,31.74,346.5,31.75,196.0,31.76,473.4,31.77,2569.4,31.78,3448.1
1700000498.0,996,31.695,0.07000000000000028,31.66,552.1,31.73,1247.0,2086.7,3962.4,31.73,9.9,BUY,3,31.66,552.1,31.65,345.0,31.64,347.7,31.63,437.3,31.62,404.6,31.73,1247.0,31.74,414.7,31.75,19.4,31.76,575.4,31.77,1705.9
1700000498.5,997,31.689999999999998,0.05999999999999872,31.66,86.5,31.72,61.1,1812.0000000000002,1859.3000000000002,31.72,19.3,BUY,2,31.66,86.5,31.65,564.4,31.64,1036.4,31.63,13.7,31.62,111.0,31.72,61.1,31.73,111.5,31.74,323.0,31.75,866.1,31.76,497.6
1700000499.0,998,31.675,0.07000000000000028,31.64,10.0,31.71,20.0,555.0,5509.5,31.64,65.0,SELL,1,31.64,10.0,31.63,10.0,31.62,184.1,31.61,160.5,31.6,190.4,31.71,20.0,31.72,765.4,31.73,1359.8,31.74,1693.7,31.75,1670.6
1700000499.5,999,31.675,0.07000000000000028,31.64,306.9,31.71,4074.0,2569.8,8135.3,31.71,5.0,BUY,2,31.64,306.9,31.63,1103.5,31.62,536.9,31.61,326.0,31.6,296.5,31.71,4074.0,31.72,206.6,31.73,432.4,31.74,91.8,31.75,3330.5
1700000500.0,1000,31.66,0.060000000000002274,31.63,80.7,31.69,446.9,1540.8999999999999,3693.8,31.63,5.0,SELL,5,31.63,80.7,31.62,24.0,31.61,287.4,31.6,398.0,31.59,750.8,31.69,446.9,31.7,952.9,31.71,994.8,31.72,315.9,31.73,983.3
1700000500.5,1001,31.645,0.07000000000000028,31.61,326.6,31.68,38.1,3506.5,6716.299999999999,31.68,5.0,BUY,2,31.61,326.6,31.6,595.0,31.59,253.8,31.58,401.6,31.57,1929.5,31.68,38.1,31.69,997.7,31.7,1224.8,31.71,1309.0,31.72,3146.7
1700000501.0,1002,31.65,0.05999999999999872,31.62,207.7,31.68,113.0,3778.7999999999997,3075.8999999999996,31.65,0.0,BUY,0,31.62,207.7,31.61,953.6,31.6,71.8,31.59,2060.2,31.58,485.5,31.68,113.0,31.69,594.7,31.7,896.7,31.71,534.3,31.72,937.2
1700000501.5,1003,31.64,0.060000000000002274,31.61,600.2,31.67,39.8,2085.9,4639.2,31.67,94.6,BUY,5,31.61,600.2,31.6,202.6,31.59,625.4,31.58,256.5,31.57,401.2,31.67,39.8,31.68,994.4,31.69,970.8,31.7,731.7,31.71,1902.5
1700000502.0,1004,31.64,0.060000000000002274,31.61,481.3,31.67,988.7,3554.5,4797.2,31.67,47.7,BUY,2,31.61,481.3,31.6,125.5,31.59,652.5,31.58,1160.0,31.57,1135.2,31.67,988.7,31.68,638.1,31.69,1156.4,31.7,594.8,31.71,1419.2
1700000502.5,1005,31.630000000000003,0.05999999999999872,31.6,214.9,31.66,22.8,2559.2,2534.5,31.6,76.9,SELL,5,31.6,214.9,31.59,142.1,31.58,66.5,31.57,936.1,31.56,1199.6,31.66,22.8,31.67,109.9,31.68,369.6,31.69,77.5,31.7,1954.7
1700000503.0,1006,31.62,0.03999999999999915,31.6,403.0,31.64,2865.3,2506.9,6434.8,31.64,45.4,BUY,4,31.6,403.0,31.59,1018.1,31.58,347.7,31.57,44.7,31.56,693.4,31.64,2865.3,31.65,933.3,31.66,2106.1,31.67,395.9,31.68,134.2
1700000503.5,1007,31.619999999999997,0.05999999999999872,31.59,19.0,31.65,1231.1,1294.2999999999997,7936.900000000001,31.59,102.2,SELL,2,31.59,19.0,31.58,576.1,31.57,153.7,31.56,479.4,31.55,66.1,31.65,1231.1,31.66,2095.6,31.67,1978.5,31.68,2362.4,31.69,269.3
1700000504.0,1008,31.619999999999997,0.05999999999999872,31.59,49.3,31.65,86.7,3380.0,2254.5,31.65,32.3,BUY,4,31.59,49.3,31.58,1197.9,31.57,1346.8,31.56,499.6,31.55,286.4,31.65,86.7,31.66,323.0,31.67,111.0,31.68,105.3,31.69,1628.5
1700000504.5,1009,31.61,0.060000000000002274,31.58,359.9,31.64,2513.2,773.8,6134.3,31.58,45.9,SELL,3,31.58,359.9,31.57,138.1,31.56,63.8,31.55,179.5,31.54,32.5,31.64,2513.2,31.65,682.7,31.66,10.0,31.67,2837.3,31.68,91.1
1700000505.0,1010,31.61,0.060000000000002274,31.58,61.5,31.64,1093.2,1669.4,3050.9000000000005,31.58,5.0,SELL,4,31.58,61.5,31.57,576.6,31.56,292.1,31.55,185.3,31.54,553.9,31.64,1093.2,31.65,603.5,31.66,499.1,31.67,342.3,31.68,512.8
1700000505.5,1011,31.6,0.0400000000000027,31.58,818.1,31.62,407.5,3997.8,5225.700000000001,31.58,5.0,SELL,3,31.58,818.1,31.57,1341.8,31.56,509.2,31.55,203.8,31.54,1124.9,31.62,407.5,31.63,519.7,31.64,1544.2,31.65,132.9,31.66,2621.4
1700000506.0,1012,31.59,0.060000000000002274,31.56,72.3,31.62,348.1,1514.3,4060.1,31.62,151.2,BUY,1,31.56,72.3,31.55,98.1,31.54,188.4,31.53,864.8,31.52,290.7,31.62,348.1,31.63,901.9,31.64,11.8,31.65,1934.7,31.66,863.6
1700000506.5,1013,31.575,0.07000000000000028,31.54,10.0,31.61,183.1,2426.0,6628.799999999999,31.61,5.0,BUY,3,31.54,10.0,31.53,395.9,31.52,643.5,31.51,1031.1,31.5,345.5,31.61,183.1,31.62,1095.7,31.63,410.4,31.64,3001.0,31.65,1938.6
1700000507.0,1014,31.57,0.060000000000002274,31.54,19.6,31.6,4655.4,834.5999999999999,8975.4,31.57,0.0,BUY,0,31.54,19.6,31.53,10.0,31.52,229.7,31.51,531.5,31.5,43.8,31.6,4655.4,31.61,575.2,31.62,103.3,31.63,2607.8,31.64,1033.7
1700000507.5,1015,31.560000000000002,0.05999999999999872,31.53,55.9,31.59,134.6,3485.7,2117.5,31.59,29.0,BUY,1,31.53,55.9,31.52,1722.3,31.51,1151.2,31.5,536.8,31.49,19.5,31.59,134.6,31.6,1136.4,31.61,14.0,31.62,650.3,31.63,182.2
1700000508.0,1016,31.560000000000002,0.05999999999999872,31.53,212.0,31.59,101.7,1879.7999999999997,6129.699999999999,31.59,5.6,BUY,4,31.53,212.0,31.52,445.2,31.51,801.4,31.5,166.6,31.49,254.6,31.59,101.7,31.6,158.0,31.61,3668.7,31.62,166.7,31.63,2034.6
1700000508.5,1017,31.56,0.03999999999999915,31.54,13.8,31.58,23.5,3449.2,3026.7,31.58,50.1,BUY,3,31.54,13.8,31.53,891.6,31.52,560.3,31.51,1178.4,31.5,805.1,31.58,23.5,31.59,1545.0,31.6,116.1,31.61,509.5,31.62,832.6
1700000509.0,1018,31.555,0.07000000000000028,31.52,203.7,31.59,551.2,1471.7,5399.4,31.59,25.0,BUY,1,31.52,203.7,31.51,48.5,31.5,18.5,31.49,1040.5,31.48,160.5,31.59,551.2,31.6,870.0,31.61,1188.6,31.62,1554.7,31.63,1234.9
1700000509.5,1019,31.555,0.07000000000000028,31.52,158.1,31.59,355.6,884.8,4646.8,31.52,41.1,SELL,4,31.52,158.1,31.51,271.2,31.5,87.1,31.49,358.4,31.48,10.0,31.59,355.6,31.6,1117.5,31.61,311.3,31.62,687.6,31.63,2174.8
1700000510.0,1020,31.54,0.03999999999999915,31.52,77.3,31.56,654.4,796.1999999999999,5653.900000000001,31.56,27.0,BUY,3,31.52,77.3,31.51,130.8,31.5,297.4,31.49,162.9,31.48,127.8,31.56,654.4,31.57,527.4,31.58,3630.3,31.59,804.1,31.6,37.7
1700000510.5,1021,31.54,0.0799999999999983,31.5,34.2,31.58,728.7,1336.5,7451.6,31.54,0.0,BUY,0,31.5,34.2,31.49,96.3,31.48,352.1,31.47,346.8,31.46,507.1,31.58,728.7,31.59,10.0,31.6,1394.2,31.61,1344.5,31.62,3974.2
1700000511.0,1022,31.53,0.05999999999999872,31.5,1531.9,31.56,493.9,3327.5,2020.3999999999999,31.56,5.0,BUY,3,31.5,1531.9,31.49,517.6,31.48,91.5,31.47,913.4,31.46,273.1,31.56,493.9,31.57,10.0,31.58,892.8,31.59,19.2,31.6,604.5
1700000511.5,1023,31.52,0.060000000000002274,31.49,143.0,31.55,713.2,3369.9,4808.700000000001,31.49,35.7,SELL,3,31.49,143.0,31.48,385.6,31.47,2383.2,31.46,116.8,31.45,341.3,31.55,713.2,31.56,646.4,31.57,798.7,31.58,701.4,31.59,1949.0
1700000512.0,1024,31.509999999999998,0.05999999999999872,31.48,463.6,31.54,272.1,2340.2000000000003,6446.5,31.54,25.8,BUY,1,31.48,463.6,31.47,35.6,31.46,756.2,31.45,577.7,31.44,507.1,31.54,272.1,31.55,881.9,31.56,581.2,31.57,2213.2,31.58,2498.1
1700000512.5,1025,31.5,0.0799999999999983,31.46,293.1,31.54,1384.1,863.6,10600.4,31.54,34.4,BUY,2,31.46,293.1,31.45,10.0,31.44,43.1,31.43,506.4,31.42,11.0,31.54,1384.1,31.55,1316.1,31.56,3654.2,31.57,3404.4,31.58,841.6
1700000513.0,1026,31.485,0.05000000000000071,31.46,18.6,31.51,805.7,1801.1999999999998,5088.7,31.485,0.0,BUY,0,31.46,18.6,31.45,178.8,31.44,560.0,31.43,674.8,31.42,369.0,31.51,805.7,31.52,1176.1,31.53,793.6,31.54,876.5,31.55,1436.8
1700000513.5,1027,31.485,0.07000000000000028,31.45,70.4,31.52,945.0,3169.9000000000005,5154.1,31.52,5.0,BUY,6,31.45,70.4,31.44,859.8,31.43,662.7,31.42,819.2,31.41,757.8,31.52,945.0,31.53,778.7,31.54,2305.9,31.55,1114.5,31.56,10.0
1700000514.0,1028,31.48,0.03999999999999915,31.46,16.7,31.5,31.9,3330.6,7527.0,31.48,0.0,BUY,0,31.46,16.7,31.45,60.2,31.44,598.8,31.43,876.5,31.42,1778.4,31.5,31.9,31.51,21.5,31.52,1160.4,31.53,4381.5,31.54,1931.7
1700000514.5,1029,31.47,0.05999999999999872,31.44,196.1,31.5,454.1,3975.3999999999996,7359.0,31.5,66.5,BUY,3,31.44,196.1,31.43,285.7,31.42,415.5,31.41,2852.4,31.4,225.7,31.5,454.1,31.51,477.5,31.52,868.1,31.53,3642.5,31.54,1916.8
1700000515.0,1030,31.46,0.05999999999999872,31.43,261.7,31.49,562.4,2469.0,5477.7,31.49,5.0,BUY,3,31.43,261.7,31.42,722.3,31.41,734.9,31.4,100.9,31.39,649.2,31.49,562.4,31.5,2451.7,31.51,104.3,31.52,1719.8,31.53,639.5
1700000515.5,1031,31.46,0.05999999999999872,31.43,49.6,31.49,660.7,1368.1000000000001,5221.800000000001,31.49,11.6,BUY,5,31.43,49.6,31.42,162.3,31.41,167.3,31.4,297.2,31.39,691.7,31.49,660.7,31.5,684.6,31.51,1924.0,31.52,1678.9,31.53,273.6
1700000516.0,1032,31.450000000000003,0.05999999999999872,31.42,714.7,31.48,128.1,3436.8,6212.299999999999,31.42,30.2,SELL,4,31.42,714.7,31.41,576.8,31.4,225.3,31.39,243.2,31.38,1676.8,31.48,128.1,31.49,2895.9,31.5,178.2,31.51,2106.7,31.52,903.4
1700000516.5,1033,31.439999999999998,0.05999999999999872,31.41,438.0,31.47,1479.1,3396.7,4536.5,31.47,5.0,BUY,3,31.41,438.0,31.4,1124.3,31.39,10.0,31.38,1156.2,31.37,668.2,31.47,1479.1,31.48,116.2,31.49,359.2,31.5,2076.6,31.51,505.4
1700000517.0,1034,31.43,0.060000000000002274,31.4,486.0,31.46,591.2,2741.8,2115.9000000000005,31.46,42.1,BUY,2,31.4,486.0,31.39,10.0,31.38,1717.3,31.37,405.1,31.36,123.4,31.46,591.2,31.47,533.6,31.48,157.4,31.49,10.0,31.5,823.7
1700000517.5,1035,31.43,0.060000000000002274,31.4,300.6,31.46,338.7,2673.1,8317.9,31.46,22.4,BUY,2,31.4,300.6,31.39,15.0,31.38,988.4,31.37,366.6,31.36,1002.5,31.46,338.7,31.47,1025.3,31.48,495.8,31.49,5275.3,31.5,1182.8
1700000518.0,1036,31.43,0.03999999999999915,31.41,31.2,31.45,685.9,1550.6,4954.2,31.41,27.3,SELL,1,31.41,31.2,31.4,257.2,31.39,596.3,31.38,651.3,31.37,14.6,31.45,685.9,31.46,1076.9,31.47,395.9,31.48,1209.8,31.49,1585.7
1700000518.5,1037,31.425,0.07000000000000028,31.39,326.9,31.46,892.1,930.4000000000001,6483.8,31.46,20.0,BUY,3,31.39,326.9,31.38,275.8,31.37,43.0,31.36,10.0,31.35,274.7,31.46,892.1,31.47,1198.0,31.48,1613.5,31.49,779.7,31.5,2000.5
1700000519.0,1038,31.41,0.060000000000002274,31.38,84.6,31.44,824.5,2821.0,4162.7,31.38,5.0,SELL,3,31.38,84.6,31.37,687.0,31.36,290.9,31.35,169.4,31.34,1589.1,31.44,824.5,31.45,282.7,31.46,1504.6,31.47,1231.7,31.48,319.2
1700000519.5,1039,31.415,0.07000000000000028,31.38,268.5,31.45,1455.6,2344.4,4100.9,31.38,5.0,SELL,3,31.38,268.5,31.37,401.6,31.36,742.3,31.35,774.9,31.34,157.1,31.45,1455.6,31.46,13.2,31.47,544.7,31.48,1623.7,31.49,463.7
1700000520.0,1040,31.4,0.0400000000000027,31.38,54.8,31.42,178.1,731.4000000000001,2332.5,31.42,5.0,BUY,4,31.38,54.8,31.37,325.6,31.36,145.4,31.35,161.4,31.34,44.2,31.42,178.1,31.43,61.0,31.44,1922.1,31.45,161.3,31.46,10.0
1700000520.5,1041,31.39,0.060000000000002274,31.36,10.0,31.42,1291.1,3538.0,8677.4,31.39,0.0,BUY,0,31.36,10.0,31.35,248.4,31.34,627.2,31.33,2333.1,31.32,319.3,31.42,1291.1,31.43,1471.3,31.44,4797.7,31.45,725.1,31.46,392.2
1700000521.0,1042,31.39,0.060000000000002274,31.36,86.4,31.42,551.8,1898.0,5437.2,31.42,41.5,BUY,5,31.36,86.4,31.35,269.1,31.34,50.3,31.33,45.7,31.32,1446.5,31.42,551.8,31.43,1799.8,31.44,2270.7,31.45,114.8,31.46,700.1
1700000521.5,1043,31.39,0.03999999999999915,31.37,541.8,31.41,410.2,1481.8999999999999,2508.8,31.37,115.2,SELL,6,31.37,541.8,31.36,146.1,31.35,17.3,31.34,527.6,31.33,249.1,31.41,410.2,31.42,384.2,31.43,546.6,31.44,907.3,31.45,260.5
1700000522.0,1044,31.380000000000003,0.05999999999999872,31.35,370.5,31.41,32.9,1343.6000000000001,4750.4,31.41,30.5,BUY,1,31.35,370.5,31.34,440.3,31.33,88.6,31.32,145.5,31.31,298.7,31.41,32.9,31.42,697.3,31.43,132.5,31.44,766.8,31.45,3120.9
1700000522.5,1045,31.375,0.07000000000000028,31.34,641.2,31.41,449.3,2131.1,4679.499999999999,31.41,128.7,BUY,1,31.34,641.2,31.33,154.5,31.32,629.3,31.31,413.9,31.3,292.2,31.41,449.3,31.42,587.8,31.43,169.1,31.44,2916.6,31.45,556.7
1700000523.0,1046,31.36,0.03999999999999915,31.34,15.7,31.38,519.1,2523.6,3995.3,31.38,5.0,BUY,7,31.34,15.7,31.33,64.6,31.32,890.6,31.31,44.7,31.3,1508.0,31.38,519.1,31.39,909.9,31.4,816.0,31.41,10.0,31.42,1740.3
1700000523.5,1047,31.354999999999997,0.05000000000000071,31.33,158.7,31.38,183.0,2955.3,6278.0,31.33,39.1,SELL,5,31.33,158.7,31.32,259.4,31.31,523.6,31.3,755.2,31.29,1258.4,31.38,183.0,31.39,459.1,31.4,1946.0,31.41,3403.3,31.42,286.6
1700000524.0,1048,31.34,0.060000000000002274,31.31,455.6,31.37,160.4,1654.1,2273.7,31.37,20.6,BUY,1,31.31,455.6,31.3,53.5,31.29,76.3,31.28,1054.1,31.27,14.6,31.37,160.4,31.38,581.9,31.39,771.5,31.4,50.2,31.41,709.7
1700000524.5,1049,31.33,0.05999999999999872,31.3,80.4,31.36,362.1,3464.8999999999996,5794.4,31.33,0.0,BUY,0,31.3,80.4,31.29,161.1,31.28,1640.0,31.27,446.1,31.26,1137.3,31.36,362.1,31.37,694.2,31.38,1049.4,31.39,847.8,31.4,2840.9
1700000525.0,1050,31.325000000000003,0.05000000000000071,31.3,256.8,31.35,874.3,813.2,2339.0,31.35,13.5,BUY,2,31.3,256.8,31.29,20.5,31.28,10.0,31.27,374.9,31.26,151.0,31.35,874.3,31.36,461.5,31.37,483.5,31.38,154.7,31.39,365.0
1700000525.5,1051,31.32,0.060000000000002274,31.29,481.0,31.35,301.7,1761.3000000000002,4807.2,31.35,5.8,BUY,5,31.29,481.0,31.28,343.5,31.27,243.2,31.26,333.0,31.25,360.6,31.35,301.7,31.36,43.0,31.37,2903.9,31.38,970.4,31.39,588.2
1700000526.0,1052,31.310000000000002,0.05999999999999872,31.28,266.6,31.34,60.0,2403.1,1451.4,31.34,5.0,BUY,3,31.28,266.6,31.27,200.7,31.26,278.6,31.25,1571.3,31.24,85.9,31.34,60.0,31.35,412.0,31.36,474.9,31.37,24.5,31.38,480.0
1700000526.5,1053,31.3,0.03999999999999915,31.28,769.9,31.32,298.5,2129.8,4656.099999999999,31.32,27.8,BUY,2,31.28,769.9,31.27,115.8,31.26,126.2,31.25,573.0,31.24,544.9,31.32,298.5,31.33,2348.2,31.34,1362.6,31.35,269.1,31.36,377.7
1700000527.0,1054,31.299999999999997,0.05999999999999872,31.27,402.8,31.33,360.5,2415.2,4069.7,31.33,38.1,BUY,2,31.27,402.8,31.26,124.1,31.25,64.0,31.24,1478.6,31.23,345.7,31.33,360.5,31.34,2333.1,31.35,733.1,31.36,215.3,31.37,427.7
1700000527.5,1055,31.29,0.05999999999999872,31.26,361.6,31.32,1140.2,1425.8,4962.8,31.32,62.5,BUY,2,31.26,361.6,31.25,687.1,31.24,255.9,31.23,26.1,31.22,95.1,31.32,1140.2,31.33,449.5,31.34,891.5,31.35,466.3,31.36,2015.3
1700000528.0,1056,31.28,0.05999999999999872,31.25,314.9,31.31,964.4,3237.0000000000005,6451.800000000001,31.31,24.6,BUY,3,31.25,314.9,31.24,710.5,31.23,777.3,31.22,1204.4,31.21,229.9,31.31,964.4,31.32,1914.7,31.33,198.3,31.34,2343.3,31.35,1031.1
1700000528.5,1057,31.28,0.05999999999999872,31.25,178.3,31.31,44.3,1810.4,4195.599999999999,31.31,11.9,BUY,3,31.25,178.3,31.24,431.6,31.23,10.1,31.22,473.8,31.21,716.6,31.31,44.3,31.32,1368.8,31.33,1189.0,31.34,1345.3,31.35,248.2
1700000529.0,1058,31.27,0.060000000000002274,31.24,317.7,31.3,523.4,2932.3,4777.0,31.3,9.6,BUY,4,31.24,317.7,31.23,239.5,31.22,437.6,31.21,771.0,31.2,1166.5,31.3,523.4,31.31,879.6,31.32,651.7,31.33,1041.5,31.34,1680.8
1700000529.5,1059,31.259999999999998,0.05999999999999872,31.23,420.6,31.29,265.8,1102.2,4796.9,31.259999999999998,0.0,BUY,0,31.23,420.6,31.22,317.2,31.21,156.1,31.2,115.0,31.19,93.3,31.29,265.8,31.3,174.5,31.31,1516.3,31.32,1281.5,31.33,1558.8
1700000530.0,1060,31.25,0.060000000000002274,31.22,107.5,31.28,1137.3,2378.8,3230.9,31.22,10.0,SELL,2,31.22,107.5,31.21,240.3,31.2,265.9,31.19,829.0,31.18,936.1,31.28,1137.3,31.29,316.8,31.3,942.7,31.31,82.0,31.32,752.1
1700000530.5,1061,31.25,0.0799999999999983,31.21,47.9,31.29,823.2,3379.6,4626.9,31.29,41.1,BUY,2,31.21,47.9,31.2,83.6,31.19,1725.5,31.18,17.6,31.17,1505.0,31.29,823.2,31.3,178.4,31.31,148.8,31.32,2051.2,31.33,1425.3
1700000531.0,1062,31.23,0.060000000000002274,31.2,40.2,31.26,122.5,1895.5000000000002,1567.4,31.26,16.3,BUY,3,31.2,40.2,31.19,801.2,31.18,38.7,31.17,699.7,31.16,315.7,31.26,122.5,31.27,318.7,31.28,277.2,31.29,298.5,31.3,550.5
1700000531.5,1063,31.23,0.060000000000002274,31.2,66.7,31.26,503.2,702.5,1629.3,31.2,31.7,SELL,3,31.2,66.7,31.19,157.4,31.18,21.3,31.17,21.3,31.16,435.8,31.26,503.2,31.27,134.2,31.28,212.5,31.29,552.4,31.3,227.0
1700000532.0,1064,31.22,0.05999999999999872,31.19,2419.6,31.25,855.9,3924.3,2620.5,31.25,18.0,BUY,3,31.19,2419.6,31.18,118.2,31.17,427.0,31.16,520.2,31.15,439.3,31.25,855.9,31.26,96.8,31.27,67.0,31.28,108.2,31.29,1492.6
1700000532.5,1065,31.22,0.05999999999999872,31.19,22.3,31.25,208.7,2002.8000000000002,2609.8,31.25,58.5,BUY,1,31.19,22.3,31.18,280.9,31.17,1178.1,31.16,385.6,31.15,135.9,31.25,208.7,31.26,157.9,31.27,971.3,31.28,797.2,31.29,474.7
1700000533.0,1066,31.215,0.07000000000000028,31.18,26.7,31.25,1205.5,2403.3999999999996,9440.7,31.25,7.3,BUY,4,31.18,26.7,31.17,127.8,31.16,731.4,31.15,242.7,31.14,1274.8,31.25,1205.5,31.26,492.4,31.27,2855.5,31.28,753.2,31.29,4134.1
1700000533.5,1067,31.21,0.05999999999999872,31.18,878.9,31.24,80.6,1811.2,2943.0,31.21,0.0,BUY,0,31.18,878.9,31.17,81.1,31.16,124.1,31.15,420.9,31.14,306.2,31.24,80.6,31.25,65.1,31.26,81.7,31.27,774.9,31.28,1940.7
1700000534.0,1068,31.21,0.05999999999999872,31.18,233.1,31.24,186.0,2651.7999999999997,2514.0,31.24,60.3,BUY,7,31.18,233.1,31.17,1070.8,31.16,56.3,31.15,1084.1,31.14,207.5,31.24,186.0,31.25,1563.1,31.26,701.1,31.27,10.0,31.28,53.8
1700000534.5,1069,31.200000000000003,0.05999999999999872,31.17,344.0,31.23,320.0,3785.0,4766.5,31.23,56.6,BUY,3,31.17,344.0,31.16,83.1,31.15,699.0,31.14,1041.2,31.13,1617.7,31.23,320.0,31.24,459.4,31.25,1195.0,31.26,975.8,31.27,1816.3
1700000535.0,1070,31.189999999999998,0.05999999999999872,31.16,119.1,31.22,99.8,1924.5,9618.8,31.189999999999998,0.0,BUY,0,31.16,119.1,31.15,434.7,31.14,671.2,31.13,592.2,31.12,107.3,31.22,99.8,31.23,1223.7,31.24,1195.1,31.25,1774.1,31.26,5326.1
1700000535.5,1071,31.18,0.060000000000002274,31.15,757.5,31.21,97.4,4439.4,3189.8,31.15,65.1,SELL,2,31.15,757.5,31.14,695.6,31.13,81.1,31.12,1185.9,31.11,1719.3,31.21,97.4,31.22,1786.2,31.23,267.1,31.24,644.6,31.25,394.5
1700000536.0,1072,31.17,0.05999999999999872,31.14,192.5,31.2,75.9,1955.5,6849.8,31.2,5.0,BUY,1,31.14,192.5,31.13,498.1,31.12,14.4,31.11,1004.3,31.1,246.2,31.2,75.9,31.21,89.7,31.22,1791.8,31.23,1460.5,31.24,3431.9
1700000536.5,1073,31.17,0.05999999999999872,31.14,433.3,31.2,68.5,2315.8,2140.9,31.2,31.8,BUY,2,31.14,433.3,31.13,719.1,31.12,147.1,31.11,315.3,31.1,701.0,31.2,68.5,31.21,572.0,31.22,330.2,31.23,988.1,31.24,182.1
1700000537.0,1074,31.16,0.060000000000002274,31.13,86.5,31.19,85.4,2923.3,3195.5,31.13,10.4,SELL,2,31.13,86.5,31.12,275.9,31.11,526.2,31.1,319.9,31.09,1714.8,31.19,85.4,31.2,79.8,31.21,370.2,31.22,1268.1,31.23,1392.0
1700000537.5,1075,31.16,0.03999999999999915,31.14,45.8,31.18,76.6,2035.2999999999997,10339.8,31.18,147.7,BUY,3,31.14,45.8,31.13,182.8,31.12,665.8,31.11,582.3,31.1,558.6,31.18,76.6,31.19,432.8,31.2,142.4,31.21,3063.8,31.22,6624.2
1700000538.0,1076,31.15,0.05999999999999872,31.12,504.3,31.18,1277.6,1449.3000000000002,3984.2,31.18,57.9,BUY,2,31.12,504.3,31.11,30.9,31.1,348.5,31.09,247.0,31.08,318.6,31.18,1277.6,31.19,417.2,31.2,672.9,31.21,793.2,31.22,823.3
1700000538.5,1077,31.14,0.060000000000002274,31.11,169.8,31.17,415.6,2170.6000000000004,2588.1,31.11,33.4,SELL,1,31.11,169.8,31.1,389.1,31.09,82.9,31.08,175.3,31.07,1353.5,31.17,415.6,31.18,1098.8,31.19,617.4,31.2,148.7,31.21,307.6
1700000539.0,1078,31.14,0.060000000000002274,31.11,11.5,31.17,1100.3,1379.5,6138.2,31.17,33.6,BUY,2,31.11,11.5,31.1,246.5,31.09,804.5,31.08,206.0,31.07,111.0,31.17,1100.3,31.18,820.4,31.19,531.8,31.2,3067.9,31.21,617.8
1700000539.5,1079,31.13,0.03999999999999915,31.11,177.2,31.15,698.2,528.8,3017.2999999999997,31.15,37.0,BUY,5,31.11,177.2,31.1,110.5,31.09,10.6,31.08,49.5,31.07,181.0,31.15,698.2,31.16,1030.0,31.17,299.3,31.18,870.2,31.19,119.6
1700000540.0,1080,31.119999999999997,0.05999999999999872,31.09,700.0,31.15,381.3,2847.7,6108.8,31.119999999999997,0.0,BUY,0,31.09,700.0,31.08,10.0,31.07,462.0,31.06,1143.6,31.05,532.1,31.15,381.3,31.16,77.3,31.17,1389.2,31.18,201.6,31.19,4059.4
1700000540.5,1081,31.119999999999997,0.05999999999999872,31.09,133.4,31.15,1527.8,3656.0,3729.5,31.15,18.2,BUY,3,31.09,133.4,31.08,289.9,31.07,1232.7,31.06,1585.2,31.05,414.8,31.15,1527.8,31.16,1175.9,31.17,601.3,31.18,25.3,31.19,399.2
1700000541.0,1082,31.125,0.07000000000000028,31.09,157.8,31.16,574.4,2276.4,3429.7,31.16,5.0,BUY,1,31.09,157.8,31.08,366.8,31.07,17.8,31.06,919.1,31.05,814.9,31.16,574.4,31.17,1470.2,31.18,635.6,31.19,148.3,31.2,601.2
1700000541.5,1083,31.11,0.060000000000002274,31.08,355.1,31.14,380.3,1934.2000000000003,3663.2000000000003,31.08,47.9,SELL,1,31.08,355.1,31.07,685.7,31.06,179.7,31.05,271.6,31.04,442.1,31.14,380.3,31.15,869.1,31.16,215.9,31.17,1707.3,31.18,490.6
1700000542.0,1084,31.105,0.07000000000000028,31.07,938.2,31.14,409.5,6985.9,4293.0,31.07,23.1,SELL,1,31.07,938.2,31.06,1518.8,31.05,1016.9,31.04,137.9,31.03,3374.1,31.14,409.5,31.15,2639.3,31.16,567.2,31.17,164.2,31.18,512.8
1700000542.5,1085,31.1,0.05999999999999872,31.07,442.7,31.13,372.4,2320.8,4077.9,31.07,5.0,SELL,1,31.07,442.7,31.06,839.8,31.05,36.0,31.04,130.6,31.03,871.7,31.13,372.4,31.14,882.1,31.15,293.9,31.16,961.9,31.17,1567.6
1700000543.0,1086,31.09,0.060000000000002274,31.06,10.0,31.12,1569.2,3352.1000000000004,3655.5,31.06,70.6,SELL,2,31.06,10.0,31.05,342.9,31.04,2080.3,31.03,359.4,31.02,559.5,31.12,1569.2,31.13,249.6,31.14,10.0,31.15,1520.9,31.16,305.8
1700000543.5,1087,31.09,0.060000000000002274,31.06,172.2,31.12,712.0,2263.0,5143.1,31.12,31.9,BUY,3,31.06,172.2,31.05,79.1,31.04,171.5,31.03,1412.5,31.02,427.7,31.12,712.0,31.13,60.5,31.14,1252.3,31.15,956.7,31.16,2161.6
1700000544.0,1088,31.09,0.060000000000002274,31.06,30.8,31.12,353.7,632.0999999999999,1875.3999999999999,31.06,5.0,SELL,4,31.06,30.8,31.05,136.6,31.04,111.4,31.03,44.4,31.02,308.9,31.12,353.7,31.13,543.0,31.14,213.3,31.15,247.1,31.16,518.3
1700000544.5,1089,31.08,0.05999999999999872,31.05,19.2,31.11,413.6,2032.0,9109.9,31.11,131.1,BUY,2,31.05,19.2,31.04,253.4,31.03,14.0,31.02,1010.0,31.01,735.4,31.11,413.6,31.12,1351.6,31.13,525.1,31.14,365.4,31.15,6454.2
1700000545.0,1090,31.07,0.060000000000002274,31.04,33.2,31.1,27.4,1736.2,1645.0,31.1,5.0,BUY,5,31.04,33.2,31.03,96.1,31.02,209.0,31.01,925.7,31.0,472.2,31.1,27.4,31.11,321.6,31.12,449.3,31.13,301.3,31.14,545.4
1700000545.5,1091,31.060000000000002,0.05999999999999872,31.03,200.6,31.09,2561.9,2869.7000000000003,5741.9,31.03,9.4,SELL,3,31.03,200.6,31.02,639.7,31.01,81.5,31.0,1370.9,30.99,577.0,31.09,2561.9,31.1,68.5,31.11,270.7,31.12,1737.9,31.13,1102.9
1700000546.0,1092,31.049999999999997,0.05999999999999872,31.02,29.4,31.08,150.5,2066.0,3562.7000000000003,31.02,40.9,SELL,3,31.02,29.4,31.01,613.6,31.0,761.9,30.99,211.6,30.98,449.5,31.08,150.5,31.09,537.5,31.1,1435.3,31.11,1396.8,31.12,42.6
1700000546.5,1093,31.04,0.05999999999999872,31.01,154.2,31.07,385.1,2010.8000000000002,2832.2000000000003,31.01,9.9,SELL,4,31.01,154.2,31.0,389.6,30.99,610.0,30.98,344.1,30.97,512.9,31.07,385.1,31.08,87.5,31.09,246.1,31.1,35.2,31.11,2078.3
1700000547.0,1094,31.02,0.060000000000002274,30.99,10.0,31.05,1285.8,3780.8,3706.7,31.02,0.0,BUY,0,30.99,10.0,30.98,1813.2,30.97,312.3,30.96,970.5,30.95,674.8,31.05,1285.8,31.06,1830.5,31.07,162.2,31.08,53.1,31.09,375.1
1700000547.5,1095,31.015,0.07000000000000028,30.98,426.0,31.05,392.7,2729.8,4323.5,30.98,41.4,SELL,1,30.98,426.0,30.97,318.8,30.96,291.1,30.95,1426.2,30.94,267.7,31.05,392.7,31.06,1358.4,31.07,784.6,31.08,1083.0,31.09,704.8
1700000548.0,1096,29.08,0.05999999999999872,29.05,182.2,29.11,1359.4,754.0999999999999,7187.4,29.11,58.9,BUY,3,29.05,182.2,29.04,224.2,29.03,90.2,29.02,216.0,29.01,41.5,29.11,1359.4,29.12,585.6,29.13,2339.2,29.14,443.4,29.15,2459.8
1700000548.5,1097,29.08,0.05999999999999872,29.05,80.0,29.11,352.2,3921.7,3250.3,29.05,5.0,SELL,3,29.05,80.0,29.04,441.9,29.03,63.4,29.02,1894.6,29.01,1441.8,29.11,352.2,29.12,205.6,29.13,402.5,29.14,986.0,29.15,1304.0
1700000549.0,1098,29.07,0.060000000000002274,29.04,216.3,29.1,238.5,1987.0000000000002,4239.700000000001,29.1,31.1,BUY,1,29.04,216.3,29.03,1086.9,29.02,532.1,29.01,42.2,29.0,109.5,29.1,238.5,29.11,714.2,29.12,357.5,29.13,36.7,29.14,2892.8
1700000549.5,1099,29.060000000000002,0.05999999999999872,29.03,48.5,29.09,1589.5,5396.5,4128.0,29.03,21.1,SELL,1,29.03,48.5,29.02,998.1,29.01,1247.8,29.0,1477.5,28.99,1624.6,29.09,1589.5,29.1,313.8,29.11,779.0,29.12,1378.9,29.13,66.8
1700000550.0,1100,29.060000000000002,0.05999999999999872,29.03,656.5,29.09,10.0,1603.8000000000002,6335.8,29.09,38.8,BUY,4,29.03,656.5,29.02,549.7,29.01,10.0,29.0,63.2,28.99,324.4,29.09,10.0,29.1,15.2,29.11,1956.0,29.12,1785.8,29.13,2568.8
1700000550.5,1101,29.049999999999997,0.05999999999999872,29.02,142.2,29.08,394.6,836.3,5027.7,29.08,35.7,BUY,2,29.02,142.2,29.01,202.6,29.0,196.5,28.99,120.3,28.98,174.7,29.08,394.6,29.09,263.4,29.1,281.8,29.11,773.8,29.12,3314.1
1700000551.0,1102,29.04,0.03999999999999915,29.02,183.7,29.06,76.6,3441.1000000000004,1490.5,29.06,11.9,BUY,2,29.02,183.7,29.01,1442.2,29.0,290.4,28.99,422.4,28.98,1102.4,29.06,76.6,29.07,29.9,29.08,193.2,29.09,802.9,29.1,387.9
1700000551.5,1103,29.035,0.07000000000000028,29.0,377.4,29.07,418.3,1250.7,3667.8,29.07,5.0,BUY,2,29.0,377.4,28.99,284.2,28.98,154.2,28.97,331.0,28.96,103.9,29.07,418.3,29.08,158.6,29.09,449.3,29.1,1282.1,29.11,1359.5
1700000552.0,1104,29.04,0.03999999999999915,29.02,79.0,29.06,591.3,3320.1,4613.0,29.06,71.6,BUY,4,29.02,79.0,29.01,77.3,29.0,1176.8,28.99,565.2,28.98,1421.8,29.06,591.3,29.07,450.9,29.08,1625.1,29.09,466.6,29.1,1479.1
1700000552.5,1105,29.04,0.05999999999999872,29.01,16.7,29.07,23.3,2767.1,7705.599999999999,29.07,9.3,BUY,2,29.01,16.7,29.0,113.7,28.99,58.4,28.98,966.3,28.97,1612.0,29.07,23.3,29.08,2183.7,29.09,338.0,29.1,2638.4,29.11,2522.2
1700000553.0,1106,29.03,0.03999999999999915,29.01,13.5,29.05,266.1,1269.9,2868.8999999999996,29.05,21.1,BUY,2,29.01,13.5,29.0,543.0,28.99,84.5,28.98,85.1,28.97,543.8,29.05,266.1,29.06,353.0,29.07,1224.1,29.08,788.0,29.09,237.7
1700000553.5,1107,29.03,0.05999999999999872,29.0,861.7,29.06,247.1,2294.2,2342.0,29.0,13.8,SELL,2,29.0,861.7,28.99,53.8,28.98,820.5,28.97,409.1,28.96,149.1,29.06,247.1,29.07,1634.5,29.08,178.0,29.09,112.3,29.1,170.1
1700000554.0,1108,29.02,0.03999999999999915,29.0,326.1,29.04,271.1,1099.4,4434.7,29.04,25.9,BUY,3,29.0,326.1,28.99,67.6,28.98,626.7,28.97,69.0,28.96,10.0,29.04,271.1,29.05,1626.0,29.06,898.8,29.07,1178.8,29.08,460.0
1700000554.5,1109,27.75,0.060000000000002274,27.72,814.8,27.78,152.1,1518.3,5844.7,27.72,56.0,SELL,5,27.72,814.8,27.71,191.6,27.7,347.6,27.69,48.2,27.68,116.1,27.78,152.1,27.79,1928.7,27.8,219.9,27.81,2098.8,27.82,1445.2
1700000555.0,1110,27.740000000000002,0.05999999999999872,27.71,119.2,27.77,531.5,1358.0,4814.3,27.77,5.7,BUY,2,27.71,119.2,27.7,19.1,27.69,467.2,27.68,111.6,27.67,640.9,27.77,531.5,27.78,925.6,27.79,621.6,27.8,1586.3,27.81,1149.3
1700000555.5,1111,27.740000000000002,0.05999999999999872,27.71,174.0,27.77,10.0,1066.4999999999998,5542.9,27.77,24.6,BUY,4,27.71,174.0,27.7,389.3,27.69,304.9,27.68,182.7,27.67,15.6,27.77,10.0,27.78,243.4,27.79,612.0,27.8,2540.9,27.81,2136.6
1700000556.0,1112,27.735,0.05000000000000071,27.71,290.8,27.76,354.5,3450.8999999999996,3653.1,27.71,65.4,SELL,3,27.71,290.8,27.7,1548.6,27.69,198.1,27.68,1302.4,27.67,111.0,27.76,354.5,27.77,648.3,27.78,994.5,27.79,971.3,27.8,684.5
1700000556.5,1113,27.735,0.05000000000000071,27.71,76.4,27.76,10.0,3469.0,2631.7000000000003,27.76,5.0,BUY,1,27.71,76.4,27.7,939.3,27.69,961.1,27.68,1364.8,27.67,127.4,27.76,10.0,27.77,353.3,27.78,201.7,27.79,1914.3,27.8,152.4
1700000557.0,1114,27.740000000000002,0.05999999999999872,27.71,413.0,27.77,216.1,2984.6000000000004,2611.9,27.77,61.1,BUY,6,27.71,413.0,27.7,335.5,27.69,369.8,27.68,1024.5,27.67,841.8,27.77,216.1,27.78,211.0,27.79,176.0,27.8,440.4,27.81,1568.4
1700000557.5,1115,27.735,0.05000000000000071,27.71,476.2,27.76,235.3,1419.4,4749.799999999999,27.76,9.6,BUY,2,27.71,476.2,27.7,38.2,27.69,290.5,27.68,425.1,27.67,189.4,27.76,235.3,27.77,175.5,27.78,1753.3,27.79,317.7,27.8,2268.0
1700000558.0,1116,27.740000000000002,0.05999999999999872,27.71,51.3,27.77,1403.4,2642.6,4973.3,27.77,12.3,BUY,1,27.71,51.3,27.7,1352.4,27.69,23.3,27.68,310.5,27.67,905.1,27.77,1403.4,27.78,419.4,27.79,1194.3,27.8,899.1,27.81,1057.1
1700000558.5,1117,27.73,0.060000000000002274,27.7,48.6,27.76,84.8,4303.200000000001,3085.7999999999997,27.76,38.4,BUY,5,27.7,48.6,27.69,730.7,27.68,1294.9,27.67,1853.9,27.66,375.1,27.76,84.8,27.77,741.7,27.78,1871.6,27.79,161.6,27.8,226.1
1700000559.0,1118,27.735,0.07000000000000028,27.7,734.2,27.77,1479.0,4481.6,3074.5,27.77,36.4,BUY,5,27.7,734.2,27.69,284.7,27.68,2632.5,27.67,111.3,27.66,718.9,27.77,1479.0,27.78,459.0,27.79,30.0,27.8,214.6,27.81,891.9
1700000559.5,1119,27.72,0.03999999999999915,27.7,814.1,27.74,894.5,2547.2000000000003,6692.299999999999,27.74,5.0,BUY,3,27.7,814.1,27.69,220.6,27.68,924.1,27.67,578.4,27.66,10.0,27.74,894.5,27.75,415.6,27.76,880.9,27.77,3153.7,27.78,1347.6
1700000560.0,1120,27.71,0.05999999999999872,27.68,203.7,27.74,174.0,3599.9999999999995,8887.599999999999,27.68,14.9,SELL,3,27.68,203.7,27.67,165.5,27.66,2542.6,27.65,409.2,27.64,279.0,27.74,174.0,27.75,1685.3,27.76,3311.6,27.77,176.4,27.78,3540.3
1700000560.5,1121,27.71,0.03999999999999915,27.69,625.0,27.73,10.0,2879.3,1898.6,27.73,93.2,BUY,2,27.69,625.0,27.68,134.8,27.67,134.6,27.66,1314.7,27.65,670.2,27.73,10.0,27.74,677.6,27.75,56.5,27.76,212.1,27.77,942.4
1700000561.0,1122,27.715,0.07000000000000028,27.68,186.6,27.75,63.7,2334.4,5999.400000000001,27.75,5.0,BUY,3,27.68,186.6,27.67,643.2,27.66,785.4,27.65,382.6,27.64,336.6,27.75,63.7,27.76,180.8,27.77,581.7,27.78,160.6,27.79,5012.6
1700000561.5,1123,27.71,0.05999999999999872,27.68,16.8,27.74,1964.1,1724.9,4133.2,27.74,102.6,BUY,1,27.68,16.8,27.67,481.6,27.66,423.5,27.65,71.0,27.64,732.0,27.74,1964.1,27.75,925.1,27.76,741.3,27.77,280.4,27.78,222.3
1700000562.0,1124,27.700000000000003,0.05999999999999872,27.67,243.7,27.73,78.0,1441.4,6641.0,27.67,25.2,SELL,3,27.67,243.7,27.66,61.0,27.65,841.2,27.64,63.5,27.63,232.0,27.73,78.0,27.74,168.2,27.75,43.4,27.76,451.3,27.77,5900.1
1700000562.5,1125,27.689999999999998,0.05999999999999872,27.66,87.9,27.72,698.6,2393.8999999999996,3016.3999999999996,27.72,9.8,BUY,1,27.66,87.9,27.65,133.1,27.64,1168.6,27.63,993.6,27.62,10.7,27.72,698.6,27.73,1348.9,27.74,78.1,27.75,64.5,27.76,826.3
1700000563.0,1126,27.68,0.060000000000002274,27.65,10.0,27.71,34.1,2742.9,5593.799999999999,27.71,12.0,BUY,5,27.65,10.0,27.64,544.3,27.63,570.7,27.62,310.2,27.61,1307.7,27.71,34.1,27.72,110.1,27.73,1890.3,27.74,514.1,27.75,3045.2
1700000563.5,1127,27.675,0.07000000000000028,27.64,225.4,27.71,1809.7,2950.6000000000004,7876.0,27.71,94.1,BUY,1,27.64,225.4,27.63,461.3,27.62,601.0,27.61,1173.9,27.6,489.0,27.71,1809.7,27.72,188.3,27.73,909.7,27.74,622.5,27.75,4345.8
1700000564.0,1128,27.675,0.07000000000000028,27.64,617.4,27.71,87.6,3983.4,4635.3,27.64,14.3,SELL,3,27.64,617.4,27.63,136.7,27.62,758.8,27.61,860.6,27.6,1609.9,27.71,87.6,27.72,176.5,27.73,427.8,27.74,2505.3,27.75,1438.1
1700000564.5,1129,27.66,0.060000000000002274,27.63,399.2,27.69,254.9,2256.1,3380.8,27.69,39.7,BUY,4,27.63,399.2,27.62,262.7,27.61,68.7,27.6,141.4,27.59,1384.1,27.69,254.9,27.7,80.6,27.71,818.4,27.72,1931.4,27.73,295.5
1700000565.0,1130,27.66,0.060000000000002274,27.63,576.4,27.69,568.2,2444.3,7456.8,27.66,0.0,BUY,0,27.63,576.4,27.62,102.5,27.61,160.6,27.6,439.6,27.59,1165.2,27.69,568.2,27.7,966.2,27.71,338.6,27.72,5366.1,27.73,217.7
1700000565.5,1131,27.645,0.07000000000000028,27.61,232.7,27.68,74.6,2941.5,5983.900000000001,27.68,5.0,BUY,3,27.61,232.7,27.6,439.8,27.59,203.7,27.58,1878.8,27.57,186.5,27.68,74.6,27.69,41.2,27.7,13.6,27.71,1409.4,27.72,4445.1
1700000566.0,1132,27.645,0.07000000000000028,27.61,365.5,27.68,674.2,3161.3,3812.3999999999996,27.68,155.5,BUY,1,27.61,365.5,27.6,39.8,27.59,402.7,27.58,931.8,27.57,1421.5,27.68,674.2,27.69,430.9,27.7,329.6,27.71,326.1,27.72,2051.6
1700000566.5,1133,27.630000000000003,0.05999999999999872,27.6,204.6,27.66,100.1,4152.3,3057.3999999999996,27.6,170.8,SELL,4,27.6,204.6,27.59,501.5,27.58,10.0,27.57,2811.4,27.56,624.8,27.66,100.1,27.67,295.4,27.68,522.6,27.69,1198.6,27.7,940.7
1700000567.0,1134,27.630000000000003,0.05999999999999872,27.6,90.7,27.66,1435.8,1967.2999999999997,2635.6,27.6,209.0,SELL,3,27.6,90.7,27.59,276.4,27.58,764.7,27.57,729.9,27.56,105.6,27.66,1435.8,27.67,52.0,27.68,10.0,27.69,113.6,27.7,1024.2
1700000567.5,1135,27.619999999999997,0.05999999999999872,27.59,220.2,27.65,543.9,2668.5,5479.2,27.59,9.9,SELL,3,27.59,220.2,27.58,10.0,27.57,1148.3,27.56,917.9,27.55,372.1,27.65,543.9,27.66,333.7,27.67,477.1,27.68,3218.7,27.69,905.8
1700000568.0,1136,27.619999999999997,0.05999999999999872,27.59,894.0,27.65,804.3,2484.4,7791.799999999999,27.619999999999997,0.0,BUY,0,27.59,894.0,27.58,127.7,27.57,65.7,27.56,401.7,27.55,995.3,27.65,804.3,27.66,1340.1,27.67,3707.4,27.68,821.8,27.69,1118.2
1700000568.5,1137,27.619999999999997,0.05999999999999872,27.59,15.2,27.65,155.2,1971.7000000000003,3741.9999999999995,27.65,5.0,BUY,2,27.59,15.2,27.58,547.7,27.57,1301.5,27.56,17.4,27.55,89.9,27.65,155.2,27.66,613.1,27.67,939.5,27.68,1563.1,27.69,471.1
1700000569.0,1138,27.61,0.060000000000002274,27.58,122.9,27.64,718.7,4402.1,9303.199999999999,27.64,5.0,BUY,1,27.58,122.9,27.57,113.6,27.56,41.8,27.55,3106.9,27.54,1016.9,27.64,718.7,27.65,2466.8,27.66,2705.7,27.67,3121.1,27.68,290.9
1700000569.5,1139,27.61,0.060000000000002274,27.58,284.2,27.64,476.4,2094.7,5134.2,27.64,5.0,BUY,4,27.58,284.2,27.57,16.8,27.56,585.8,27.55,714.3,27.54,493.6,27.64,476.4,27.65,3319.5,27.66,181.1,27.67,923.8,27.68,233.4
1700000570.0,1140,27.6,0.05999999999999872,27.57,405.3,27.63,288.4,2391.1,4858.7,27.63,36.4,BUY,4,27.57,405.3,27.56,152.7,27.55,81.2,27.54,930.4,27.53,821.5,27.63,288.4,27.64,59.0,27.65,672.0,27.66,3138.9,27.67,700.4
1700000570.5,1141,27.585,0.07000000000000028,27.55,226.5,27.62,755.5,1163.8999999999999,5427.200000000001,27.55,102.0,SELL,3,27.55,226.5,27.54,248.0,27.53,317.9,27.52,332.4,27.51,39.1,27.62,755.5,27.63,314.9,27.64,904.5,27.65,2834.2,27.66,618.1
1700000571.0,1142,27.59,0.060000000000002274,27.56,709.2,27.62,1320.3,3394.4000000000005,7716.3,27.62,134.1,BUY,2,27.56,709.2,27.55,417.1,27.54,316.2,27.53,325.0,27.52,1626.9,27.62,1320.3,27.63,709.0,27.64,3910.9,27.65,1097.3,27.66,678.8
1700000571.5,1143,27.59,0.060000000000002274,27.56,152.5,27.62,1672.7,822.2,4414.900000000001,27.56,5.0,SELL,4,27.56,152.5,27.55,207.8,27.54,317.8,27.53,43.6,27.52,100.5,27.62,1672.7,27.63,297.0,27.64,1310.9,27.65,940.7,27.66,193.6
1700000572.0,1144,27.575000000000003,0.05000000000000071,27.55,550.0,27.6,1121.0,1850.5,3182.7999999999997,27.6,11.0,BUY,1,27.55,550.0,27.54,231.5,27.53,882.9,27.52,123.8,27.51,62.3,27.6,1121.0,27.61,196.2,27.62,102.3,27.63,1673.7,27.64,89.6
1700000572.5,1145,27.58,0.05999999999999872,27.55,798.6,27.61,327.4,3264.2,10842.7,27.61,5.0,BUY,2,27.55,798.6,27.54,477.5,27.53,224.1,27.52,276.3,27.51,1487.7,27.61,327.4,27.62,719.3,27.63,914.9,27.64,1091.8,27.65,7789.3
1700000573.0,1146,27.575,0.07000000000000028,27.54,10.0,27.61,148.8,2852.3999999999996,4723.799999999999,27.61,29.3,BUY,3,27.54,10.0,27.53,650.9,27.52,414.8,27.51,589.9,27.5,1186.8,27.61,148.8,27.62,891.8,27.63,2365.0,27.64,764.3,27.65,553.9
1700000573.5,1147,27.810000000000002,0.05999999999999872,27.78,106.5,27.84,2065.2,3343.0,6984.4,27.84,108.4,BUY,1,27.78,106.5,27.77,22.3,27.76,1827.3,27.75,375.6,27.74,1011.3,27.84,2065.2,27.85,715.6,27.86,166.4,27.87,3337.6,27.88,699.6
1700000574.0,1148,27.799999999999997,0.05999999999999872,27.77,10.0,27.83,2689.5,3499.9,5547.3,27.77,59.7,SELL,5,27.77,10.0,27.76,785.2,27.75,177.0,27.74,519.8,27.73,2007.9,27.83,2689.5,27.84,788.0,27.85,1590.8,27.86,190.7,27.87,288.3
1700000574.5,1149,27.785,0.07000000000000028,27.75,280.6,27.82,620.3,3042.3,1226.9999999999998,27.82,9.6,BUY,4,27.75,280.6,27.74,1038.7,27.73,453.9,27.72,62.1,27.71,1207.0,27.82,620.3,27.83,10.0,27.84,404.9,27.85,138.5,27.86,53.3
1700000575.0,1150,27.78,0.05999999999999872,27.75,391.6,27.81,296.2,1432.6999999999998,915.8,27.75,50.3,SELL,3,27.75,391.6,27.74,59.9,27.73,698.6,27.72,142.0,27.71,140.6,27.81,296.2,27.82,50.4,27.83,197.0,27.84,13.7,27.85,358.5
1700000575.5,1151,27.78,0.05999999999999872,27.75,435.7,27.81,171.0,1361.8000000000002,3587.8999999999996,27.81,5.0,BUY,4,27.75,435.7,27.74,27.8,27.73,123.9,27.72,30.7,27.71,743.7,27.81,171.0,27.82,1322.8,27.83,1048.8,27.84,217.2,27.85,828.1
1700000576.0,1152,27.77,0.03999999999999915,27.75,381.7,27.79,1388.8,3659.7,5205.7,27.75,10.7,SELL,3,27.75,381.7,27.74,70.8,27.73,665.5,27.72,1104.7,27.71,1437.0,27.79,1388.8,27.8,403.8,27.81,173.4,27.82,1185.5,27.83,2054.2
1700000576.5,1153,27.77,0.060000000000002274,27.74,291.4,27.8,2158.4,2926.8999999999996,6520.1,27.74,19.9,SELL,1,27.74,291.4,27.73,356.4,27.72,1058.9,27.71,386.9,27.7,833.3,27.8,2158.4,27.81,61.4,27.82,1143.4,27.83,1546.1,27.84,1610.8
1700000577.0,1154,27.759999999999998,0.05999999999999872,27.73,249.1,27.79,270.1,4777.7,6439.0,27.79,44.2,BUY,1,27.73,249.1,27.72,1828.6,27.71,334.7,27.7,259.0,27.69,2106.3,27.79,270.1,27.8,1837.3,27.81,677.1,27.82,1287.8,27.83,2366.7
1700000577.5,1155,25.5,0.060000000000002274,25.47,1241.0,25.53,103.9,2425.7000000000003,4598.8,25.53,5.0,BUY,2,25.47,1241.0,25.46,493.9,25.45,17.7,25.44,66.2,25.43,606.9,25.53,103.9,25.54,105.5,25.55,3642.8,25.56,541.8,25.57,204.8
1700000578.0,1156,25.485,0.05000000000000071,25.46,118.9,25.51,585.4,3488.6,4805.799999999999,25.485,0.0,BUY,0,25.46,118.9,25.45,447.1,25.44,350.4,25.43,393.2,25.42,2179.0,25.51,585.4,25.52,322.7,25.53,1647.6,25.54,1194.2,25.55,1055.9
1700000578.5,1157,25.485,0.07000000000000028,25.45,40.7,25.52,147.8,5028.500000000001,2640.4,25.52,232.5,BUY,2,25.45,40.7,25.44,368.7,25.43,3630.3,25.42,215.0,25.41,773.8,25.52,147.8,25.53,72.3,25.54,648.4,25.55,36.6,25.56,1735.3
1700000579.0,1158,25.47,0.05999999999999872,25.44,758.3,25.5,418.3,2205.6,7272.8,25.5,64.2,BUY,4,25.44,758.3,25.43,566.0,25.42,385.6,25.41,36.5,25.4,459.2,25.5,418.3,25.51,961.1,25.52,790.2,25.53,4570.0,25.54,533.2
1700000579.5,1159,25.47,0.05999999999999872,25.44,341.5,25.5,499.4,1289.2,5554.9,25.44,31.7,SELL,3,25.44,341.5,25.43,56.0,25.42,232.5,25.41,241.0,25.4,418.2,25.5,499.4,25.51,93.0,25.52,251.6,25.53,531.9,25.54,4179.0
1700000580.0,1160,25.46,0.05999999999999872,25.43,244.7,25.49,277.2,2007.7999999999997,1998.1000000000001,25.49,22.9,BUY,1,25.43,244.7,25.42,528.1,25.41,234.5,25.4,50.6,25.39,949.9,25.49,277.2,25.5,79.7,25.51,1025.4,25.52,369.3,25.53,246.5
1700000580.5,1161,25.46,0.05999999999999872,25.43,133.5,25.49,124.1,919.5,963.6,25.49,52.8,BUY,6,25.43,133.5,25.42,188.7,25.41,95.6,25.4,157.5,25.39,344.2,25.49,124.1,25.5,108.8,25.51,352.3,25.52,29.5,25.53,348.9
1700000581.0,1162,25.450000000000003,0.05999999999999872,25.42,307.4,25.48,206.7,1154.2,7300.499999999999,25.48,79.2,BUY,3,25.42,307.4,25.41,199.1,25.4,164.1,25.39,10.0,25.38,473.6,25.48,206.7,25.49,2307.2,25.5,2042.2,25.51,859.9,25.52,1884.5
1700000581.5,1163,25.439999999999998,0.05999999999999872,25.41,210.7,25.47,220.1,1444.9,3261.6000000000004,25.47,136.1,BUY,2,25.41,210.7,25.4,30.5,25.39,360.3,25.38,10.0,25.37,833.4,25.47,220.1,25.48,1276.3,25.49,187.4,25.5,525.5,25.51,1052.3
1700000582.0,1164,25.43,0.060000000000002274,25.4,371.5,25.46,59.9,4233.3,1741.8999999999999,25.46,45.7,BUY,2,25.4,371.5,25.39,1774.0,25.38,1617.2,25.37,101.5,25.36,369.1,25.46,59.9,25.47,416.5,25.48,91.5,25.49,69.4,25.5,1104.6
1700000582.5,1165,25.425,0.07000000000000028,25.39,101.9,25.46,283.9,1525.1,5844.6,25.46,61.8,BUY,1,25.39,101.9,25.38,110.2,25.37,470.9,25.36,66.5,25.35,775.6,25.46,283.9,25.47,302.4,25.48,2399.1,25.49,1212.1,25.5,1647.1
1700000583.0,1166,25.41,0.060000000000002274,25.38,157.5,25.44,180.6,2112.0,2590.3999999999996,25.44,13.9,BUY,2,25.38,157.5,25.37,536.1,25.36,61.1,25.35,386.1,25.34,971.2,25.44,180.6,25.45,353.4,25.46,380.7,25.47,296.4,25.48,1379.3
1700000583.5,1167,25.4,0.05999999999999872,25.37,130.1,25.43,1936.2,1805.7,5707.400000000001,25.43,79.5,BUY,1,25.37,130.1,25.36,413.4,25.35,149.6,25.34,113.9,25.33,998.7,25.43,1936.2,25.44,10.0,25.45,1235.1,25.46,1837.4,25.47,688.7
1700000584.0,1168,25.4,0.05999999999999872,25.37,1341.3,25.43,989.8,5112.7,4763.9,25.43,5.0,BUY,1,25.37,1341.3,25.36,1558.7,25.35,1240.5,25.34,671.9,25.33,300.3,25.43,989.8,25.44,615.8,25.45,27.5,25.46,666.9,25.47,2463.9
1700000584.5,1169,25.4,0.05999999999999872,25.37,334.8,25.43,10.0,1567.6000000000001,3014.9,25.4,0.0,BUY,0,25.37,334.8,25.36,519.7,25.35,114.6,25.34,560.6,25.33,37.9,25.43,10.0,25.44,18.0,25.45,158.0,25.46,1739.4,25.47,1089.5
1700000585.0,1170,25.39,0.060000000000002274,25.36,31.3,25.42,541.1,1767.3000000000002,3058.7000000000003,25.42,53.6,BUY,3,25.36,31.3,25.35,27.3,25.34,411.7,25.33,942.6,25.32,354.4,25.42,541.1,25.43,331.0,25.44,1021.2,25.45,1090.1,25.46,75.3
1700000585.5,1171,25.39,0.060000000000002274,25.36,500.0,25.42,1233.6,4303.299999999999,6801.9,25.42,106.0,BUY,3,25.36,500.0,25.35,154.5,25.34,2124.6,25.33,189.1,25.32,1335.1,25.42,1233.6,25.43,834.1,25.44,856.4,25.45,1551.7,25.46,2326.1
1700000586.0,1172,25.39,0.03999999999999915,25.37,133.4,25.41,273.9,3000.7,4410.7,25.41,15.0,BUY,3,25.37,133.4,25.36,123.8,25.35,581.3,25.34,1290.1,25.33,872.1,25.41,273.9,25.42,1866.8,25.43,507.6,25.44,1085.8,25.45,676.6
1700000586.5,1173,25.39,0.060000000000002274,25.36,173.3,25.42,575.5,1845.9,3024.0999999999995,25.36,18.6,SELL,1,25.36,173.3,25.35,47.6,25.34,832.1,25.33,382.9,25.32,410.0,25.42,575.5,25.43,713.2,25.44,946.4,25.45,251.7,25.46,537.3
1700000587.0,1174,25.39,0.060000000000002274,25.36,400.8,25.42,69.2,3856.2000000000003,5225.700000000001,25.42,5.0,BUY,2,25.36,400.8,25.35,64.6,25.34,764.6,25.33,1348.8,25.32,1277.4,25.42,69.2,25.43,1069.9,25.44,494.2,25.45,852.1,25.46,2740.3
1700000587.5,1175,25.380000000000003,0.05999999999999872,25.35,414.1,25.41,556.9,1321.3000000000002,6309.200000000001,25.35,99.6,SELL,4,25.35,414.1,25.34,105.2,25.33,71.7,25.32,50.9,25.31,679.4,25.41,556.9,25.42,514.1,25.43,1127.4,25.44,1401.7,25.45,2709.1
1700000588.0,1176,25.369999999999997,0.05999999999999872,25.34,105.5,25.4,91.1,1429.8000000000002,2107.6000000000004,25.4,53.0,BUY,3,25.34,105.5,25.33,33.4,25.32,191.6,25.31,927.4,25.3,171.9,25.4,91.1,25.41,278.4,25.42,28.6,25.43,1512.7,25.44,196.8
1700000588.5,1177,25.36,0.060000000000002274,25.33,246.6,25.39,775.9,1524.8999999999999,2680.8,25.36,0.0,BUY,0,25.33,246.6,25.32,96.0,25.31,347.0,25.3,742.0,25.29,93.3,25.39,775.9,25.4,47.6,25.41,1102.6,25.42,161.0,25.43,593.7
1700000589.0,1178,25.355,0.07000000000000028,25.32,271.9,25.39,1446.5,2044.6999999999998,3487.9,25.39,87.4,BUY,1,25.32,271.9,25.31,18.6,25.3,219.7,25.29,739.6,25.28,794.9,25.39,1446.5,25.4,536.9,25.41,629.0,25.42,301.9,25.43,573.6
1700000589.5,1179,25.36,0.060000000000002274,25.33,425.2,25.39,81.9,3724.1,8197.8,25.33,48.2,SELL,3,25.33,425.2,25.32,36.1,25.31,861.2,25.3,427.6,25.29,1974.0,25.39,81.9,25.4,1147.3,25.41,879.7,25.42,1247.9,25.43,4841.0
1700000590.0,1180,25.354999999999997,0.05000000000000071,25.33,74.6,25.38,18.4,1782.0,4566.1,25.38,5.0,BUY,1,25.33,74.6,25.32,55.9,25.31,744.3,25.3,751.0,25.29,156.2,25.38,18.4,25.39,968.0,25.4,405.1,25.41,1536.9,25.42,1637.7
1700000590.5,1181,25.35,0.05999999999999872,25.32,251.8,25.38,263.5,2890.3,2334.4,25.38,9.5,BUY,4,25.32,251.8,25.31,533.7,25.3,404.9,25.29,1194.2,25.28,505.7,25.38,263.5,25.39,519.5,25.4,301.3,25.41,697.0,25.42,553.1
1700000591.0,1182,25.355,0.07000000000000028,25.32,37.9,25.39,347.9,640.3000000000001,5720.2,25.32,8.3,SELL,2,25.32,37.9,25.31,255.9,25.3,78.4,25.29,10.0,25.28,258.1,25.39,347.9,25.4,1886.1,25.41,2742.1,25.42,324.4,25.43,419.7
1700000591.5,1183,27.27,0.060000000000002274,27.24,10.0,27.3,408.6,2312.9,4630.599999999999,27.3,11.8,BUY,4,27.24,10.0,27.23,117.9,27.22,505.5,27.21,234.6,27.2,1444.9,27.3,408.6,27.31,1414.1,27.32,378.2,27.33,700.5,27.34,1729.2
1700000592.0,1184,27.259999999999998,0.05999999999999872,27.23,101.0,27.29,1284.8,1849.0,6898.299999999999,27.29,89.2,BUY,2,27.23,101.0,27.22,85.3,27.21,82.3,27.2,131.4,27.19,1449.0,27.29,1284.8,27.3,548.9,27.31,1771.0,27.32,454.5,27.33,2839.1
1700000592.5,1185,27.259999999999998,0.05999999999999872,27.23,162.2,27.29,37.1,3668.7,4249.2,27.29,5.0,BUY,3,27.23,162.2,27.22,636.1,27.21,976.3,27.2,1408.9,27.19,485.2,27.29,37.1,27.3,2356.5,27.31,432.1,27.32,394.8,27.33,1028.7
1700000593.0,1186,27.259999999999998,0.05999999999999872,27.23,103.7,27.29,1295.5,2750.0,6372.6,27.23,6.9,SELL,6,27.23,103.7,27.22,37.6,27.21,1206.9,27.2,526.3,27.19,875.5,27.29,1295.5,27.3,986.1,27.31,876.0,27.32,1394.9,27.33,1820.1
1700000593.5,1187,27.25,0.0799999999999983,27.21,348.1,27.29,118.1,3635.5,10233.7,27.21,25.8,SELL,1,27.21,348.1,27.2,873.7,27.19,500.1,27.18,17.4,27.17,1896.2,27.29,118.1,27.3,967.5,27.31,160.4,27.32,678.6,27.33,8309.1
1700000594.0,1188,27.25,0.03999999999999915,27.23,203.7,27.27,203.8,2106.8,2600.7,27.23,8.5,SELL,3,27.23,203.7,27.22,41.0,27.21,1299.7,27.2,359.8,27.19,202.6,27.27,203.8,27.28,51.6,27.29,550.2,27.3,1643.5,27.31,151.6
1700000594.5,1189,27.240000000000002,0.05999999999999872,27.21,218.9,27.27,106.4,4674.1,13381.0,27.27,42.3,BUY,2,27.21,218.9,27.2,345.8,27.19,390.3,27.18,1922.2,27.17,1796.9,27.27,106.4,27.28,3166.6,27.29,1633.9,27.3,3734.0,27.31,4740.1
1700000595.0,1190,27.240000000000002,0.05999999999999872,27.21,10.0,27.27,10.0,3571.9,8665.0,27.27,68.3,BUY,4,27.21,10.0,27.2,1301.8,27.19,273.2,27.18,160.9,27.17,1826.0,27.27,10.0,27.28,1248.6,27.29,1565.1,27.3,3444.5,27.31,2396.8
1700000595.5,1191,27.23,0.060000000000002274,27.2,397.4,27.26,1103.2,2915.2,5204.6,27.26,17.2,BUY,3,27.2,397.4,27.19,564.8,27.18,470.8,27.17,915.4,27.16,566.8,27.26,1103.2,27.27,226.3,27.28,1546.6,27.29,406.8,27.3,1921.7
1700000596.0,1192,27.23,0.060000000000002274,27.2,243.9,27.26,81.0,1874.1999999999998,7306.5,27.2,67.5,SELL,1,27.2,243.9,27.19,25.7,27.18,1240.1,27.17,119.9,27.16,244.6,27.26,81.0,27.27,4460.3,27.28,1165.2,27.29,1316.0,27.3,284.0
1700000596.5,1193,27.22,0.05999999999999872,27.19,47.8,27.25,421.5,2154.7,5393.0,27.25,27.7,BUY,3,27.19,47.8,27.18,573.1,27.17,752.4,27.16,149.9,27.15,631.5,27.25,421.5,27.26,2413.9,27.27,1459.1,27.28,445.1,27.29,653.4
1700000597.0,1194,27.22,0.05999999999999872,27.19,234.8,27.25,570.9,1778.1,6181.299999999999,27.25,19.3,BUY,2,27.19,234.8,27.18,10.0,27.17,1107.1,27.16,378.8,27.15,47.4,27.25,570.9,27.26,1389.2,27.27,1371.9,27.28,1886.9,27.29,962.4
1700000597.5,1195,27.21,0.05999999999999872,27.18,1820.3,27.24,737.5,2627.5000000000005,5929.1,27.24,44.6,BUY,1,27.18,1820.3,27.17,420.0,27.16,172.3,27.15,174.0,27.14,40.9,27.24,737.5,27.25,1764.9,27.26,959.0,27.27,322.4,27.28,2145.3
1700000598.0,1196,27.195,0.07000000000000028,27.16,179.3,27.23,702.6,2440.5,4317.0,27.23,21.7,BUY,4,27.16,179.3,27.15,192.0,27.14,130.4,27.13,16.0,27.12,1922.8,27.23,702.6,27.24,1106.6,27.25,155.7,27.26,414.0,27.27,1938.1
1700000598.5,1197,27.195,0.07000000000000028,27.16,1385.1,27.23,377.9,3732.8,2606.2,27.23,72.3,BUY,3,27.16,1385.1,27.15,740.9,27.14,853.3,27.13,362.2,27.12,391.3,27.23,377.9,27.24,522.8,27.25,348.7,27.26,727.2,27.27,629.6
1700000599.0,1198,27.18,0.060000000000002274,27.15,388.5,27.21,158.8,1277.6,3767.7000000000003,27.21,70.4,BUY,3,27.15,388.5,27.14,118.8,27.13,444.7,27.12,76.1,27.11,249.5,27.21,158.8,27.22,705.1,27.23,1858.9,27.24,350.4,27.25,694.5
1700000599.5,1199,27.17,0.05999999999999872,27.14,89.1,27.2,971.9,4257.8,4654.6,27.2,11.9,BUY,4,27.14,89.1,27.13,19.8,27.12,1303.2,27.11,619.2,27.1,2226.5,27.2,971.9,27.21,190.1,27.22,1151.5,27.23,238.6,27.24,2102.5
1700000600.0,1200,27.16,0.060000000000002274,27.13,219.6,27.19,1423.7,2463.5,3488.2999999999997,27.19,112.1,BUY,3,27.13,219.6,27.12,175.7,27.11,248.5,27.1,1335.4,27.09,484.3,27.19,1423.7,27.2,928.5,27.21,232.9,27.22,520.8,27.23,382.4
1700000600.5,1201,27.145000000000003,0.05000000000000071,27.12,187.7,27.17,94.2,2095.7999999999997,2665.8,27.17,57.7,BUY,4,27.12,187.7,27.11,513.4,27.1,804.0,27.09,464.1,27.08,126.6,27.17,94.2,27.18,543.2,27.19,242.5,27.2,655.7,27.21,1130.2
1700000601.0,1202,27.14,0.060000000000002274,27.11,93.2,27.17,151.4,1477.7000000000003,3684.1000000000004,27.17,198.6,BUY,3,27.11,93.2,27.1,634.5,27.09,432.6,27.08,17.4,27.07,300.0,27.17,151.4,27.18,1056.4,27.19,803.9,27.2,1625.6,27.21,46.8
1700000601.5,1203,27.125,0.07000000000000028,27.09,879.0,27.16,801.9,3317.5,1827.7,27.16,177.4,BUY,5,27.09,879.0,27.08,217.4,27.07,168.5,27.06,1199.6,27.05,853.0,27.16,801.9,27.17,62.4,27.18,17.2,27.19,521.2,27.2,425.0
1700000602.0,1204,27.130000000000003,0.05999999999999872,27.1,366.5,27.16,296.0,2426.2000000000003,6256.5,27.16,12.5,BUY,2,27.1,366.5,27.09,758.5,27.08,336.4,27.07,211.9,27.06,752.9,27.16,296.0,27.17,510.0,27.18,1959.4,27.19,215.0,27.2,3276.1
1700000602.5,1205,27.13,0.03999999999999915,27.11,201.3,27.15,1077.7,2347.7,6965.299999999999,27.15,130.9,BUY,2,27.11,201.3,27.1,291.5,27.09,1354.2,27.08,336.7,27.07,164.0,27.15,1077.7,27.16,759.4,27.17,1187.1,27.18,225.4,27.19,3715.7
1700000603.0,1206,27.119999999999997,0.05999999999999872,27.09,171.9,27.15,33.0,3397.5,4341.3,27.15,44.1,BUY,1,27.09,171.9,27.08,198.5,27.07,839.2,27.06,30.6,27.05,2157.3,27.15,33.0,27.16,611.4,27.17,95.9,27.18,886.7,27.19,2714.3
1700000603.5,1207,27.11,0.060000000000002274,27.08,26.7,27.14,266.4,1680.6,5877.1,27.11,0.0,BUY,0,27.08,26.7,27.07,594.6,27.06,416.3,27.05,35.6,27.04,607.4,27.14,266.4,27.15,741.0,27.16,158.7,27.17,4605.6,27.18,105.4
1700000604.0,1208,27.1,0.0400000000000027,27.08,498.5,27.12,208.4,1184.7,2305.8999999999996,27.12,57.3,BUY,2,27.08,498.5,27.07,60.6,27.06,321.5,27.05,40.4,27.04,263.7,27.12,208.4,27.13,685.0,27.14,234.5,27.15,1138.8,27.16,39.2
1700000604.5,1209,27.09,0.060000000000002274,27.06,148.4,27.12,501.4,2370.8,5697.6,27.12,5.0,BUY,1,27.06,148.4,27.05,488.4,27.04,248.2,27.03,757.1,27.02,728.7,27.12,501.4,27.13,665.6,27.14,463.6,27.15,2546.4,27.16,1520.6
1700000605.0,1210,27.08,0.05999999999999872,27.05,449.0,27.11,321.1,1296.5,4760.9,27.11,30.2,BUY,6,27.05,449.0,27.04,274.6,27.03,179.0,27.02,161.4,27.01,232.5,27.11,321.1,27.12,593.9,27.13,2074.0,27.14,1633.9,27.15,138.0
1700000605.5,1211,27.075000000000003,0.05000000000000071,27.05,147.8,27.1,968.3,3594.4,3457.2999999999997,27.1,58.7,BUY,3,27.05,147.8,27.04,478.6,27.03,1452.9,27.02,379.2,27.01,1135.9,27.1,968.3,27.11,686.4,27.12,19.0,27.13,1675.0,27.14,108.6
1700000606.0,1212,27.07,0.060000000000002274,27.04,27.9,27.1,144.3,1548.4,7157.599999999999,27.1,28.8,BUY,1,27.04,27.9,27.03,688.7,27.02,121.9,27.01,689.9,27.0,20.0,27.1,144.3,27.11,939.9,27.12,1582.2,27.13,1802.5,27.14,2688.7
1700000606.5,1213,27.07,0.060000000000002274,27.04,135.0,27.1,10.0,1483.6,8334.0,27.1,94.8,BUY,2,27.04,135.0,27.03,155.5,27.02,842.6,27.01,219.2,27.0,131.3,27.1,10.0,27.11,29.2,27.12,2559.5,27.13,3206.3,27.14,2529.0
1700000607.0,1214,27.07,0.060000000000002274,27.04,12.2,27.1,560.9,1139.8,3784.2,27.04,51.4,SELL,2,27.04,12.2,27.03,225.7,27.02,211.3,27.01,514.1,27.0,176.5,27.1,560.9,27.11,824.8,27.12,1613.2,27.13,35.3,27.14,750.0
1700000607.5,1215,30.880000000000003,0.05999999999999872,30.85,81.9,30.91,784.6,1675.2,6622.299999999999,30.85,22.5,SELL,3,30.85,81.9,30.84,623.8,30.83,735.2,30.82,39.2,30.81,195.1,30.91,784.6,30.92,380.4,30.93,758.1,30.94,262.5,30.95,4436.7
1700000608.0,1216,30.869999999999997,0.05999999999999872,30.84,467.8,30.9,306.3,1298.5,1950.6999999999998,30.84,107.4,SELL,3,30.84,467.8,30.83,671.1,30.82,41.8,30.81,62.7,30.8,55.1,30.9,306.3,30.91,1116.0,30.92,353.9,30.93,105.8,30.94,68.7
1700000608.5,1217,30.869999999999997,0.05999999999999872,30.84,102.6,30.9,2350.2,3227.8999999999996,8647.5,30.9,43.2,BUY,2,30.84,102.6,30.83,123.7,30.82,67.4,30.81,1188.1,30.8,1746.1,30.9,2350.2,30.91,2087.4,30.92,2913.3,30.93,67.1,30.94,1229.5
1700000609.0,1218,30.869999999999997,0.05999999999999872,30.84,271.5,30.9,413.1,2811.5000000000005,5407.3,30.9,5.5,BUY,2,30.84,271.5,30.83,441.8,30.82,1457.0,30.81,547.9,30.8,93.3,30.9,413.1,30.91,533.1,30.92,902.0,30.93,108.6,30.94,3450.5
1700000609.5,1219,30.855,0.07000000000000028,30.82,146.9,30.89,452.3,1272.0,4805.5,30.89,56.4,BUY,3,30.82,146.9,30.81,129.5,30.8,15.9,30.79,358.7,30.78,621.0,30.89,452.3,30.9,2824.9,30.91,169.3,30.92,286.9,30.93,1072.1
1700000610.0,1220,30.86,0.03999999999999915,30.84,329.4,30.88,812.1,2392.8,3520.9999999999995,30.84,9.3,SELL,2,30.84,329.4,30.83,77.2,30.82,537.4,30.81,800.9,30.8,647.9,30.88,812.1,30.89,903.5,30.9,1197.8,30.91,359.6,30.92,248.0
1700000610.5,1221,30.86,0.060000000000002274,30.83,457.6,30.89,880.0,3161.2000000000003,3904.9000000000005,30.89,16.7,BUY,4,30.83,457.6,30.82,448.6,30.81,25.5,30.8,1152.1,30.79,1077.4,30.89,880.0,30.9,222.8,30.91,2302.3,30.92,200.3,30.93,299.5
1700000611.0,1222,30.854999999999997,0.05000000000000071,30.83,57.0,30.88,100.0,1793.1,7560.0,30.83,36.4,SELL,3,30.83,57.0,30.82,342.1,30.81,221.2,30.8,606.2,30.79,566.6,30.88,100.0,30.89,221.9,30.9,2047.5,30.91,4448.2,30.92,742.4
1700000611.5,1223,30.85,0.05999999999999872,30.82,663.7,30.88,1120.1,1237.8,3346.2999999999997,30.82,8.8,SELL,3,30.82,663.7,30.81,162.4,30.8,207.3,30.79,67.1,30.78,137.3,30.88,1120.1,30.89,446.5,30.9,510.7,30.91,1166.1,30.92,102.9
1700000612.0,1224,30.85,0.05999999999999872,30.82,324.4,30.88,175.3,2801.5,4582.0,30.82,81.9,SELL,6,30.82,324.4,30.81,200.2,30.8,1080.4,30.79,695.6,30.78,500.9,30.88,175.3,30.89,202.9,30.9,1765.0,30.91,1352.5,30.92,1086.3
1700000612.5,1225,30.84,0.060000000000002274,30.81,191.6,30.87,83.8,1327.8000000000002,2455.0,30.87,5.0,BUY,2,30.81,191.6,30.8,90.4,30.79,384.9,30.78,377.3,30.77,283.6,30.87,83.8,30.88,78.0,30.89,421.6,30.9,1640.5,30.91,231.1
1700000613.0,1226,28.4,0.05999999999999872,28.37,132.1,28.43,19.6,1456.0,1309.3,28.43,27.0,BUY,4,28.37,132.1,28.36,230.5,28.35,957.5,28.34,18.4,28.33,117.5,28.43,19.6,28.44,70.0,28.45,87.5,28.46,1016.8,28.47,115.4
1700000613.5,1227,28.39,0.060000000000002274,28.36,168.5,28.42,101.9,2357.3,7540.400000000001,28.36,42.8,SELL,3,28.36,168.5,28.35,973.9,28.34,405.8,28.33,265.7,28.32,543.4,28.42,101.9,28.43,673.3,28.44,2253.3,28.45,273.8,28.46,4238.1
1700000614.0,1228,28.395,0.07000000000000028,28.36,53.7,28.43,964.1,1549.9,6996.8,28.395,0.0,BUY,0,28.36,53.7,28.35,96.3,28.34,677.4,28.33,500.0,28.32,222.5,28.43,964.1,28.44,652.8,28.45,807.7,28.46,1198.5,28.47,3373.7
1700000614.5,1229,28.380000000000003,0.05999999999999872,28.35,174.5,28.41,1571.7,3153.3999999999996,2722.8,28.41,6.6,BUY,3,28.35,174.5,28.34,211.1,28.33,973.9,28.32,1730.7,28.31,63.2,28.41,1571.7,28.42,17.4,28.43,106.4,28.44,212.9,28.45,814.4
1700000615.0,1230,34.57,0.060000000000002274,34.54,198.5,34.6,1249.3,1067.0,4266.299999999999,34.54,24.4,SELL,3,34.54,198.5,34.53,80.5,34.52,83.8,34.51,356.0,34.5,348.2,34.6,1249.3,34.61,1403.4,34.62,10.0,34.63,189.7,34.64,1413.9
1700000615.5,1231,34.56,0.060000000000002274,34.53,10.0,34.59,251.7,1340.6000000000001,4194.5,34.56,0.0,BUY,0,34.53,10.0,34.52,190.2,34.51,234.9,34.5,598.3,34.49,307.2,34.59,251.7,34.6,210.3,34.61,1857.3,34.62,317.9,34.63,1557.3
1700000616.0,1232,34.56,0.060000000000002274,34.53,768.0,34.59,739.0,3315.5999999999995,6176.0,34.59,26.9,BUY,2,34.53,768.0,34.52,1622.7,34.51,369.6,34.5,494.1,34.49,61.2,34.59,739.0,34.6,443.6,34.61,994.5,34.62,1468.0,34.63,2530.9
1700000616.5,1233,34.55,0.05999999999999517,34.52,28.6,34.58,39.5,7102.2,4037.6,34.58,48.5,BUY,2,34.52,28.6,34.51,2024.5,34.5,20.2,34.49,554.9,34.48,4474.0,34.58,39.5,34.59,66.2,34.6,757.7,34.61,2211.6,34.62,962.6
1700000617.0,1234,34.545,0.04999999999999716,34.52,201.9,34.57,122.0,1019.5999999999999,1205.1999999999998,34.52,77.0,SELL,9,34.52,201.9,34.51,26.5,34.5,274.0,34.49,120.4,34.48,396.8,34.57,122.0,34.58,10.0,34.59,948.6,34.6,59.0,34.61,65.6
1700000617.5,1235,34.55,0.05999999999999517,34.52,463.0,34.58,109.3,1049.1999999999998,4385.6,34.52,5.0,SELL,2,34.52,463.0,34.51,33.4,34.5,92.9,34.49,272.9,34.48,187.0,34.58,109.3,34.59,253.5,34.6,1525.9,34.61,560.7,34.62,1936.2
1700000618.0,1236,34.54,0.060000000000002274,34.51,231.8,34.57,797.9,753.6999999999999,4018.9,34.57,36.1,BUY,2,34.51,231.8,34.5,62.2,34.49,79.2,34.48,101.6,34.47,278.9,34.57,797.9,34.58,60.2,34.59,61.3,34.6,2951.0,34.61,148.5
1700000618.5,1237,34.53,0.060000000000002274,34.5,230.9,34.56,53.4,3084.3,11019.599999999999,34.56,62.9,BUY,2,34.5,230.9,34.49,530.7,34.48,1044.1,34.47,14.2,34.46,1264.4,34.56,53.4,34.57,399.2,34.58,649.8,34.59,5250.4,34.6,4666.8
1700000619.0,1238,34.519999999999996,0.05999999999999517,34.49,250.8,34.55,330.3,2536.0,4722.8,34.55,5.0,BUY,3,34.49,250.8,34.48,329.6,34.47,788.9,34.46,588.7,34.45,578.0,34.55,330.3,34.56,2226.5,34.57,123.2,34.58,358.0,34.59,1684.8
1700000619.5,1239,34.51,0.060000000000002274,34.48,34.9,34.54,979.8,1233.0,5042.200000000001,34.54,53.1,BUY,2,34.48,34.9,34.47,327.3,34.46,16.8,34.45,342.7,34.44,511.3,34.54,979.8,34.55,516.4,34.56,776.8,34.57,486.3,34.58,2282.9
1700000620.0,1240,34.5,0.060000000000002274,34.47,26.9,34.53,180.7,2370.3,5477.099999999999,34.53,6.8,BUY,1,34.47,26.9,34.46,61.6,34.45,114.9,34.44,71.5,34.43,2095.4,34.53,180.7,34.54,580.9,34.55,909.9,34.56,2625.9,34.57,1179.7
1700000620.5,1241,34.5,0.060000000000002274,34.47,113.0,34.53,644.8,1301.7,7705.4,34.53,9.5,BUY,1,34.47,113.0,34.46,186.2,34.45,266.4,34.44,653.7,34.43,82.4,34.53,644.8,34.54,4137.0,34.55,17.2,34.56,1572.0,34.57,1334.4
1700000621.0,1242,36.44,0.060000000000002274,36.41,190.2,36.47,388.6,1709.8,4627.6,36.41,53.5,SELL,2,36.41,190.2,36.4,716.9,36.39,72.6,36.38,161.1,36.37,569.0,36.47,388.6,36.48,215.8,36.49,420.0,36.5,1855.8,36.51,1747.4
1700000621.5,1243,36.44,0.060000000000002274,36.41,102.3,36.47,1645.0,1380.2,5930.9,36.41,5.0,SELL,3,36.41,102.3,36.4,694.0,36.39,93.7,36.38,465.5,36.37,24.7,36.47,1645.0,36.48,86.9,36.49,693.5,36.5,1878.1,36.51,1627.4
1700000622.0,1244,36.43,0.04000000000000625,36.41,68.8,36.45,663.3,3147.1000000000004,3237.1,36.45,5.4,BUY,5,36.41,68.8,36.4,585.5,36.39,218.0,36.38,105.0,36.37,2169.8,36.45,663.3,36.46,155.0,36.47,25.8,36.48,2064.0,36.49,329.0
1700000622.5,1245,36.42,0.060000000000002274,36.39,40.2,36.45,561.3,2110.8,4787.7,36.45,42.1,BUY,1,36.39,40.2,36.38,773.2,36.37,156.3,36.36,560.9,36.35,580.2,36.45,561.3,36.46,1353.6,36.47,1119.4,36.48,61.7,36.49,1691.7
1700000623.0,1246,36.41,0.05999999999999517,36.38,177.9,36.44,830.1,2267.4000000000005,5130.5,36.44,25.7,BUY,2,36.38,177.9,36.37,201.3,36.36,1132.4,36.35,735.0,36.34,20.8,36.44,830.1,36.45,227.3,36.46,1687.7,36.47,2253.2,36.48,132.2
1700000623.5,1247,36.41,0.05999999999999517,36.38,24.6,36.44,156.9,884.6,4296.9,36.38,54.6,SELL,6,36.38,24.6,36.37,152.6,36.36,41.6,36.35,16.3,36.34,649.5,36.44,156.9,36.45,73.7,36.46,282.4,36.47,56.3,36.48,3727.6
1700000624.0,1248,36.405,0.04999999999999716,36.38,89.8,36.43,243.3,1159.3,5712.4,36.43,50.5,BUY,1,36.38,89.8,36.37,188.8,36.36,308.6,36.35,313.4,36.34,258.7,36.43,243.3,36.44,1232.2,36.45,2169.6,36.46,545.7,36.47,1521.6
1700000624.5,1249,36.4,0.060000000000002274,36.37,64.9,36.43,234.6,843.9,7474.8,36.4,0.0,BUY,0,36.37,64.9,36.36,113.8,36.35,242.6,36.34,268.2,36.33,154.4,36.43,234.6,36.44,322.4,36.45,1560.4,36.46,666.4,36.47,4691.0
1700000625.0,1250,40.24,0.060000000000002274,40.21,113.5,40.27,18.7,2465.0999999999995,3019.2000000000003,40.27,24.2,BUY,3,40.21,113.5,40.2,334.4,40.19,731.3,40.18,243.8,40.17,1042.1,40.27,18.7,40.28,178.9,40.29,1341.5,40.3,1365.2,40.31,114.9
1700000625.5,1251,40.225,0.04999999999999716,40.2,524.9,40.25,181.0,2460.8,7168.799999999999,40.25,56.5,BUY,7,40.2,524.9,40.19,646.4,40.18,268.6,40.17,260.4,40.16,760.5,40.25,181.0,40.26,3667.2,40.27,458.8,40.28,1555.4,40.29,1306.4
1700000626.0,1252,40.22,0.060000000000002274,40.19,489.6,40.25,176.5,1670.7,7796.1,40.25,19.8,BUY,5,40.19,489.6,40.18,472.0,40.17,223.2,40.16,453.0,40.15,32.9,40.25,176.5,40.26,470.0,40.27,891.6,40.28,2263.4,40.29,3994.6
1700000626.5,1253,40.22,0.060000000000002274,40.19,372.0,40.25,855.8,2990.5,7517.199999999999,40.19,30.4,SELL,3,40.19,372.0,40.18,133.7,40.17,712.8,40.16,1746.7,40.15,25.3,40.25,855.8,40.26,767.6,40.27,982.8,40.28,3964.1,40.29,946.9
1700000627.0,1254,40.21,0.060000000000002274,40.18,56.5,40.24,60.1,1371.7,2885.5,40.24,38.3,BUY,3,40.18,56.5,40.17,207.0,40.16,790.5,40.15,297.4,40.14,20.3,40.24,60.1,40.25,34.2,40.26,941.9,40.27,646.8,40.28,1202.5
1700000627.5,1255,40.2,0.05999999999999517,40.17,125.9,40.23,480.8,2401.1,2090.0,40.17,48.5,SELL,4,40.17,125.9,40.16,254.1,40.15,470.1,40.14,1205.3,40.13,345.7,40.23,480.8,40.24,848.2,40.25,355.2,40.26,395.8,40.27,10.0
1700000628.0,1256,40.19,0.060000000000002274,40.16,177.5,40.22,309.2,3367.7999999999997,4424.0,40.22,5.0,BUY,3,40.16,177.5,40.15,160.2,40.14,1743.4,40.13,595.1,40.12,691.6,40.22,309.2,40.23,402.6,40.24,1581.4,40.25,340.3,40.26,1790.5
1700000628.5,1257,40.18,0.060000000000002274,40.15,531.2,40.21,392.1,2319.2,2172.0,40.21,49.8,BUY,6,40.15,531.2,40.14,59.1,40.13,1009.8,40.12,268.2,40.11,450.9,40.21,392.1,40.22,19.5,40.23,265.1,40.24,890.4,40.25,604.9
1700000629.0,1258,40.175,0.05000000000000426,40.15,240.7,40.2,323.9,3117.0,6705.8,40.2,35.2,BUY,4,40.15,240.7,40.14,510.2,40.13,67.0,40.12,141.7,40.11,2157.4,40.2,323.9,40.21,817.7,40.22,1390.7,40.23,3201.0,40.24,972.5
1700000629.5,1259,40.16,0.05999999999999517,40.13,378.9,40.19,304.2,4119.9,2522.3,40.16,0.0,BUY,0,40.13,378.9,40.12,271.4,40.11,1341.0,40.1,1157.6,40.09,971.0,40.19,304.2,40.2,373.0,40.21,556.7,40.22,1113.2,40.23,175.2
1700000630.0,1260,40.15,0.060000000000002274,40.12,615.3,40.18,1575.7,2686.8,3361.8,40.18,39.3,BUY,3,40.12,615.3,40.11,179.7,40.1,504.6,40.09,1274.2,40.08,113.0,40.18,1575.7,40.19,428.7,40.2,389.8,40.21,584.3,40.22,383.3
1700000630.5,1261,40.14,0.060000000000002274,40.11,446.0,40.17,1827.1,2197.5,5846.599999999999,40.17,9.8,BUY,4,40.11,446.0,40.1,211.2,40.09,153.2,40.08,289.6,40.07,1097.5,40.17,1827.1,40.18,1482.8,40.19,281.5,40.2,2093.0,40.21,162.2
1700000631.0,1262,40.14,0.060000000000002274,40.11,712.5,40.17,138.7,5142.8,1444.9,40.17,23.1,BUY,1,40.11,712.5,40.1,1470.7,40.09,64.5,40.08,2792.9,40.07,102.2,40.17,138.7,40.18,198.0,40.19,145.0,40.2,279.6,40.21,683.6
1700000631.5,1263,40.129999999999995,0.05999999999999517,40.1,15.0,40.16,293.7,1613.4,5956.200000000001,40.16,127.4,BUY,5,40.1,15.0,40.09,462.5,40.08,80.7,40.07,993.2,40.06,62.0,40.16,293.7,40.17,1562.4,40.18,916.5,40.19,2440.1,40.2,743.5
1700000632.0,1264,40.115,0.04999999999999716,40.09,189.9,40.14,422.6,2931.8,3327.5,40.14,5.0,BUY,2,40.09,189.9,40.08,1286.8,40.07,30.4,40.06,368.3,40.05,1056.4,40.14,422.6,40.15,634.2,40.16,706.4,40.17,386.2,40.18,1178.1
1700000632.5,1265,40.11,0.060000000000002274,40.08,96.2,40.14,216.4,2359.5,5690.8,40.08,11.1,SELL,2,40.08,96.2,40.07,10.0,40.06,652.6,40.05,880.5,40.04,720.2,40.14,216.4,40.15,334.8,40.16,557.1,40.17,1108.3,40.18,3474.2
1700000633.0,1266,40.099999999999994,0.03999999999999915,40.08,164.3,40.12,366.7,2208.1,5699.8,40.12,12.1,BUY,3,40.08,164.3,40.07,933.0,40.06,169.1,40.05,105.3,40.04,836.4,40.12,366.7,40.13,1208.9,40.14,2223.5,40.15,391.7,40.16,1509.0
1700000633.5,1267,40.095,0.04999999999999716,40.07,70.2,40.12,1383.7,2419.1000000000004,2485.2000000000003,40.12,5.0,BUY,3,40.07,70.2,40.06,711.8,40.05,212.9,40.04,273.0,40.03,1151.2,40.12,1383.7,40.13,10.0,40.14,171.9,40.15,656.7,40.16,262.9
1700000634.0,1268,40.075,0.05000000000000426,40.05,640.2,40.1,440.1,1617.1,4661.8,40.1,5.0,BUY,1,40.05,640.2,40.04,282.9,40.03,490.1,40.02,173.6,40.01,30.3,40.1,440.1,40.11,2187.6,40.12,10.0,40.13,299.9,40.14,1724.2
1700000634.5,1269,40.07,0.04000000000000625,40.05,83.3,40.09,2114.6,2495.2999999999997,5399.799999999999,40.09,29.9,BUY,1,40.05,83.3,40.04,561.4,40.03,376.1,40.02,1445.8,40.01,28.7,40.09,2114.6,40.1,132.1,40.11,114.7,40.12,925.9,40.13,2112.5
1700000635.0,1270,40.06,0.060000000000002274,40.03,537.3,40.09,2757.7,2094.6,4874.8,40.09,11.9,BUY,2,40.03,537.3,40.02,102.3,40.01,309.4,40.0,356.0,39.99,789.6,40.09,2757.7,40.1,187.9,40.11,930.9,40.12,938.8,40.13,59.5
1700000635.5,1271,40.045,0.04999999999999716,40.02,67.9,40.07,460.2,1505.9,6351.200000000001,40.07,5.0,BUY,1,40.02,67.9,40.01,261.4,40.0,288.2,39.99,10.0,39.98,878.4,40.07,460.2,40.08,625.5,40.09,316.1,40.1,260.6,40.11,4688.8
1700000636.0,1272,40.05,0.05999999999999517,40.02,400.1,40.08,83.5,2836.0,6202.2,40.02,65.7,SELL,1,40.02,400.1,40.01,331.9,40.0,129.5,39.99,566.5,39.98,1408.0,40.08,83.5,40.09,67.1,40.1,2995.2,40.11,1885.9,40.12,1170.5
1700000636.5,1273,40.04,0.060000000000002274,40.01,10.0,40.07,13.7,2291.2,6625.7,40.04,0.0,BUY,0,40.01,10.0,40.0,214.3,39.99,376.8,39.98,1228.6,39.97,461.5,40.07,13.7,40.08,2305.8,40.09,397.4,40.1,3741.5,40.11,167.3
1700000637.0,1274,40.03,0.060000000000002274,40.0,711.2,40.06,788.6,2592.5,3784.3999999999996,40.0,88.4,SELL,4,40.0,711.2,39.99,201.7,39.98,675.2,39.97,318.9,39.96,685.5,40.06,788.6,40.07,625.9,40.08,33.8,40.09,393.4,40.1,1942.7
1700000637.5,1275,40.03,0.060000000000002274,40.0,433.6,40.06,410.3,1669.0,11284.099999999999,40.06,49.7,BUY,2,40.0,433.6,39.99,209.4,39.98,10.0,39.97,841.2,39.96,174.8,40.06,410.3,40.07,285.5,40.08,806.3,40.09,2864.8,40.1,6917.2
1700000638.0,1276,40.019999999999996,0.05999999999999517,39.99,449.2,40.05,413.0,1533.6,4691.8,40.05,5.0,BUY,4,39.99,449.2,39.98,117.2,39.97,291.4,39.96,61.6,39.95,614.2,40.05,413.0,40.06,1828.1,40.07,1193.8,40.08,581.8,40.09,675.1
1700000638.5,1277,40.004999999999995,0.05000000000000426,39.98,10.0,40.03,803.4,2548.5,6942.700000000001,39.98,9.1,SELL,3,39.98,10.0,39.97,261.5,39.96,270.4,39.95,926.1,39.94,1080.5,40.03,803.4,40.04,3729.6,40.05,997.6,40.06,888.6,40.07,523.5
1700000639.0,1278,40.0,0.060000000000002274,39.97,565.2,40.03,284.0,3444.4999999999995,10404.599999999999,40.03,50.6,BUY,2,39.97,565.2,39.96,1131.3,39.95,792.7,39.94,439.7,39.93,515.6,40.03,284.0,40.04,1516.4,40.05,1815.8,40.06,5312.4,40.07,1476.0
1700000639.5,1279,39.99,0.060000000000002274,39.96,164.9,40.02,545.2,1039.5,2373.7,40.02,11.0,BUY,2,39.96,164.9,39.95,286.8,39.94,349.0,39.93,10.0,39.92,228.8,40.02,545.2,40.03,361.6,40.04,684.3,40.05,89.6,40.06,693.0
1700000640.0,1280,39.99,0.060000000000002274,39.96,15.9,40.02,385.9,1824.3000000000002,6934.2,40.02,53.4,BUY,5,39.96,15.9,39.95,63.5,39.94,499.8,39.93,640.7,39.92,604.4,40.02,385.9,40.03,1305.2,40.04,1786.7,40.05,286.2,40.06,3170.2
1700000640.5,1281,37.64,0.060000000000002274,37.61,762.3,37.67,425.2,2328.8,6052.5,37.67,26.7,BUY,1,37.61,762.3,37.6,123.0,37.59,71.3,37.58,933.2,37.57,439.0,37.67,425.2,37.68,64.7,37.69,1397.2,37.7,2785.5,37.71,1379.9
1700000641.0,1282,37.64,0.060000000000002274,37.61,300.5,37.67,547.1,2501.2000000000003,12227.900000000001,37.67,54.4,BUY,1,37.61,300.5,37.6,118.4,37.59,789.7,37.58,1240.2,37.57,52.4,37.67,547.1,37.68,910.1,37.69,3097.8,37.7,316.1,37.71,7356.8
1700000641.5,1283,37.629999999999995,0.05999999999999517,37.6,14.9,37.66,304.6,3037.6,6167.6,37.66,10.7,BUY,5,37.6,14.9,37.59,201.0,37.58,589.1,37.57,890.5,37.56,1342.1,37.66,304.6,37.67,311.3,37.68,1663.5,37.69,1637.2,37.7,2251.0
1700000642.0,1284,37.629999999999995,0.05999999999999517,37.6,86.4,37.66,1746.8,1609.5,2645.9999999999995,37.6,75.7,SELL,2,37.6,86.4,37.59,505.4,37.58,136.6,37.57,300.0,37.56,581.1,37.66,1746.8,37.67,224.3,37.68,39.8,37.69,461.0,37.7,174.1
1700000642.5,1285,37.615,0.04999999999999716,37.59,110.4,37.64,123.3,972.6999999999999,3066.0,37.64,19.1,BUY,2,37.59,110.4,37.58,64.0,37.57,423.5,37.56,330.4,37.55,44.4,37.64,123.3,37.65,1669.2,37.66,47.7,37.67,557.5,37.68,668.3
1700000643.0,1286,37.620000000000005,0.05999999999999517,37.59,77.5,37.65,648.3,1361.6,4076.4000000000005,37.65,105.0,BUY,1,37.59,77.5,37.58,673.6,37.57,212.5,37.56,262.4,37.55,135.6,37.65,648.3,37.66,705.2,37.67,1669.8,37.68,754.8,37.69,298.3
1700000643.5,1287,37.61,0.060000000000002274,37.58,173.7,37.64,1632.4,2632.3,5487.8,37.58,18.9,SELL,1,37.58,173.7,37.57,374.9,37.56,545.9,37.55,500.7,37.54,1037.1,37.64,1632.4,37.65,407.7,37.66,1414.6,37.67,1793.8,37.68,239.3
1700000644.0,1288,37.6,0.060000000000002274,37.57,131.6,37.63,931.6,3937.3,5155.0,37.63,33.5,BUY,1,37.57,131.6,37.56,101.9,37.55,839.1,37.54,295.3,37.53,2569.4,37.63,931.6,37.64,380.7,37.65,1468.7,37.66,848.8,37.67,1525.2
1700000644.5,1289,37.6,0.060000000000002274,37.57,573.3,37.63,1093.8,3150.1,7152.0,37.63,12.6,BUY,5,37.57,573.3,37.56,126.8,37.55,2270.8,37.54,169.2,37.53,10.0,37.63,1093.8,37.64,3102.9,37.65,32.0,37.66,1985.2,37.67,938.1
1700000645.0,1290,37.6,0.060000000000002274,37.57,195.7,37.63,846.5,750.5,6201.3,37.63,30.1,BUY,2,37.57,195.7,37.56,41.2,37.55,31.7,37.54,174.4,37.53,307.5,37.63,846.5,37.64,113.7,37.65,112.2,37.66,2908.0,37.67,2220.9
1700000645.5,1291,37.59,0.05999999999999517,37.56,256.6,37.62,130.5,1291.7,3134.0,37.59,0.0,BUY,0,37.56,256.6,37.55,114.9,37.54,104.9,37.53,747.4,37.52,67.9,37.62,130.5,37.63,18.5,37.64,516.0,37.65,1428.5,37.66,1040.5
1700000646.0,1292,37.59,0.05999999999999517,37.56,347.5,37.62,151.0,2451.0,2811.2,37.56,54.8,SELL,4,37.56,347.5,37.55,464.0,37.54,462.9,37.53,836.4,37.52,340.2,37.62,151.0,37.63,592.9,37.64,591.3,37.65,10.0,37.66,1466.0
1700000646.5,1293,37.58,0.060000000000002274,37.55,218.6,37.61,245.2,2725.9,4677.799999999999,37.55,112.0,SELL,1,37.55,218.6,37.54,18.8,37.53,613.7,37.52,93.5,37.51,1781.3,37.61,245.2,37.62,835.4,37.63,578.1,37.64,677.7,37.65,2341.4
1700000647.0,1294,37.57,0.060000000000002274,37.54,573.0,37.6,805.7,2974.9,3238.4,37.6,53.6,BUY,5,37.54,573.0,37.53,238.6,37.52,974.6,37.51,182.7,37.5,1006.0,37.6,805.7,37.61,294.2,37.62,122.0,37.63,43.2,37.64,1973.3
1700000647.5,1295,37.56,0.060000000000002274,37.53,31.7,37.59,642.7,3335.9,4376.1,37.53,72.6,SELL,4,37.53,31.7,37.52,814.0,37.51,310.5,37.5,915.8,37.49,1263.9,37.59,642.7,37.6,910.2,37.61,10.0,37.62,1090.9,37.63,1722.3
1700000648.0,1296,37.55,0.05999999999999517,37.52,52.4,37.58,487.8,3145.3999999999996,5416.9,37.58,79.8,BUY,1,37.52,52.4,37.51,689.2,37.5,621.6,37.49,22.6,37.48,1759.6,37.58,487.8,37.59,2116.4,37.6,171.1,37.61,323.4,37.62,2318.2
1700000648.5,1297,37.54,0.060000000000002274,37.51,106.5,37.57,59.1,1650.3,2094.6,37.57,118.0,BUY,5,37.51,106.5,37.5,736.5,37.49,658.5,37.48,119.1,37.47,29.7,37.57,59.1,37.58,229.1,37.59,1146.3,37.6,457.5,37.61,202.6
1700000649.0,1298,37.54,0.060000000000002274,37.51,105.7,37.57,744.0,2587.2,5976.099999999999,37.57,5.0,BUY,4,37.51,105.7,37.5,962.2,37.49,429.5,37.48,126.1,37.47,963.7,37.57,744.0,37.58,1171.6,37.59,632.3,37.6,124.2,37.61,3304.0
1700000649.5,1299,37.54,0.060000000000002274,37.51,153.7,37.57,295.6,2689.8,3442.1000000000004,37.57,116.6,BUY,4,37.51,153.7,37.5,287.1,37.49,269.1,37.48,55.5,37.47,1924.4,37.57,295.6,37.58,859.2,37.59,411.2,37.6,964.8,37.61,911.3
1700000650.0,1300,37.53,0.060000000000002274,37.5,233.7,37.56,299.1,1887.1,6877.2,37.56,52.0,BUY,2,37.5,233.7,37.49,175.9,37.48,252.7,37.47,695.7,37.46,529.1,37.56,299.1,37.57,2184.6,37.58,443.7,37.59,1384.0,37.6,2565.8
1700000650.5,1301,37.51,0.060000000000002274,37.48,315.0,37.54,1338.9,1991.6,4537.0,37.54,75.2,BUY,4,37.48,315.0,37.47,23.2,37.46,540.2,37.45,688.1,37.44,425.1,37.54,1338.9,37.55,948.4,37.56,1483.1,37.57,703.6,37.58,63.0
1700000651.0,1302,37.5,0.060000000000002274,37.47,752.9,37.53,212.0,2352.7,2968.5,37.53,53.0,BUY,1,37.47,752.9,37.46,45.8,37.45,419.7,37.44,1012.2,37.43,122.1,37.53,212.0,37.54,220.6,37.55,2123.3,37.56,10.0,37.57,402.6
1700000651.5,1303,37.49,0.060000000000002274,37.46,61.2,37.52,447.6,2663.0,9251.900000000001,37.52,40.4,BUY,3,37.46,61.2,37.45,565.6,37.44,311.0,37.43,628.3,37.42,1096.9,37.52,447.6,37.53,98.7,37.54,1380.2,37.55,4705.1,37.56,2620.3
1700000652.0,1304,37.480000000000004,0.05999999999999517,37.45,318.8,37.51,1016.9,3372.0000000000005,3398.5,37.51,5.0,BUY,3,37.45,318.8,37.44,638.2,37.43,2095.8,37.42,46.4,37.41,272.8,37.51,1016.9,37.52,1026.8,37.53,321.1,37.54,226.4,37.55,807.3
1700000652.5,1305,37.47,0.060000000000002274,37.44,26.4,37.5,299.7,2643.2000000000003,3407.0,37.44,46.6,SELL,1,37.44,26.4,37.43,1124.5,37.42,302.7,37.41,461.2,37.4,728.4,37.5,299.7,37.51,533.1,37.52,1198.7,37.53,1177.3,37.54,198.2
1700000653.0,1306,37.46,0.060000000000002274,37.43,276.4,37.49,30.6,3047.7,2727.4,37.49,30.9,BUY,2,37.43,276.4,37.42,996.7,37.41,524.7,37.4,175.6,37.39,1074.3,37.49,30.6,37.5,174.8,37.51,71.9,37.52,1228.9,37.53,1221.2
1700000653.5,1307,37.45,0.05999999999999517,37.42,662.3,37.48,549.9,2478.4,4800.400000000001,37.42,5.0,SELL,2,37.42,662.3,37.41,37.0,37.4,769.5,37.39,797.7,37.38,211.9,37.48,549.9,37.49,356.5,37.5,830.1,37.51,2520.6,37.52,543.3
1700000654.0,1308,37.45,0.05999999999999517,37.42,451.1,37.48,2491.4,995.7,9769.0,37.42,50.8,SELL,3,37.42,451.1,37.41,322.1,37.4,11.1,37.39,178.5,37.38,32.9,37.48,2491.4,37.49,471.8,37.5,3442.6,37.51,1645.0,37.52,1718.2
1700000654.5,1309,37.435,0.05000000000000426,37.41,98.4,37.46,418.4,2464.8999999999996,2044.1,37.46,17.3,BUY,1,37.41,98.4,37.4,122.6,37.39,330.0,37.38,516.3,37.37,1397.6,37.46,418.4,37.47,101.2,37.48,407.1,37.49,22.1,37.5,1095.3
1700000655.0,1310,37.43,0.060000000000002274,37.4,55.9,37.46,849.1,3405.8999999999996,6059.2,37.46,10.7,BUY,1,37.4,55.9,37.39,95.6,37.38,1603.2,37.37,924.5,37.36,726.7,37.46,849.1,37.47,1327.2,37.48,371.5,37.49,1284.2,37.5,2227.2
1700000655.5,1311,37.425,0.05000000000000426,37.4,103.3,37.45,309.0,1940.6,2299.8,37.45,53.1,BUY,2,37.4,103.3,37.39,79.0,37.38,188.4,37.37,59.9,37.36,1510.0,37.45,309.0,37.46,844.2,37.47,47.5,37.48,642.1,37.49,457.0
1700000656.0,1312,37.41,0.05999999999999517,37.38,321.4,37.44,890.1,2368.2,3362.1,37.44,5.0,BUY,4,37.38,321.4,37.37,115.4,37.36,1533.8,37.35,172.1,37.34,225.5,37.44,890.1,37.45,209.5,37.46,374.3,37.47,644.3,37.48,1243.9
1700000656.5,1313,37.4,0.060000000000002274,37.37,191.3,37.43,788.7,1352.9,2218.9,37.43,81.4,BUY,2,37.37,191.3,37.36,20.7,37.35,451.2,37.34,10.0,37.33,679.7,37.43,788.7,37.44,206.0,37.45,540.5,37.46,143.1,37.47,540.6
1700000657.0,1314,37.39,0.060000000000002274,37.36,752.6,37.42,448.4,2373.1000000000004,4746.3,37.42,72.0,BUY,2,37.36,752.6,37.35,154.8,37.34,116.1,37.33,1027.7,37.32,321.9,37.42,448.4,37.43,151.5,37.44,364.9,37.45,1079.5,37.46,2702.0
1700000657.5,1315,37.39,0.060000000000002274,37.36,245.6,37.42,61.6,2448.4999999999995,4558.599999999999,37.36,17.8,SELL,2,37.36,245.6,37.35,1056.6,37.34,77.0,37.33,760.7,37.32,308.6,37.42,61.6,37.43,641.4,37.44,143.3,37.45,144.1,37.46,3568.2
1700000658.0,1316,37.379999999999995,0.05999999999999517,37.35,27.1,37.41,951.2,762.9,3778.4999999999995,37.379999999999995,0.0,BUY,0,37.35,27.1,37.34,89.7,37.33,212.7,37.32,277.9,37.31,155.5,37.41,951.2,37.42,121.5,37.43,602.4,37.44,1932.3,37.45,171.1
1700000658.5,1317,37.379999999999995,0.05999999999999517,37.35,601.3,37.41,61.0,3024.2,5517.7,37.379999999999995,0.0,BUY,0,37.35,601.3,37.34,872.3,37.33,51.8,37.32,551.2,37.31,947.6,37.41,61.0,37.42,609.6,37.43,527.0,37.44,3756.1,37.45,564.0
1700000659.0,1318,37.36,0.060000000000002274,37.33,259.8,37.39,181.9,1350.7,3781.3,37.39,35.0,BUY,6,37.33,259.8,37.32,82.7,37.31,28.8,37.3,382.7,37.29,596.7,37.39,181.9,37.4,659.7,37.41,783.7,37.42,942.5,37.43,1213.5
1700000659.5,1319,37.36,0.060000000000002274,37.33,327.1,37.39,482.6,2627.0,8855.7,37.36,0.0,BUY,0,37.33,327.1,37.32,1022.0,37.31,262.9,37.3,38.7,37.29,976.3,37.39,482.6,37.4,2019.6,37.41,371.2,37.42,3451.8,37.43,2530.5
1700000660.0,1320,37.35,0.060000000000002274,37.32,290.7,37.38,600.8,3591.9,5054.199999999999,37.38,41.5,BUY,2,37.32,290.7,37.31,1320.4,37.3,195.6,37.29,1038.6,37.28,746.6,37.38,600.8,37.39,1837.6,37.4,1420.2,37.41,41.2,37.42,1154.4
1700000660.5,1321,37.34,0.05999999999999517,37.31,174.0,37.37,858.3,1547.1999999999998,4182.4,37.31,5.0,SELL,4,37.31,174.0,37.3,221.7,37.29,862.6,37.28,25.6,37.27,263.3,37.37,858.3,37.38,703.2,37.39,1273.1,37.4,27.8,37.41,1320.0
1700000661.0,1322,37.33,0.060000000000002274,37.3,181.7,37.36,579.9,2400.4,3666.8999999999996,37.36,41.7,BUY,1,37.3,181.7,37.29,1143.2,37.28,650.9,37.27,256.7,37.26,167.9,37.36,579.9,37.37,401.0,37.38,170.4,37.39,240.4,37.4,2275.2
1700000661.5,1323,37.32,0.060000000000002274,37.29,26.5,37.35,751.0,1578.5,4930.2,37.35,5.0,BUY,2,37.29,26.5,37.28,279.7,37.27,156.6,37.26,191.1,37.25,924.6,37.35,751.0,37.36,619.0,37.37,12.4,37.38,1775.1,37.39,1772.7
1700000662.0,1324,37.31,0.03999999999999915,37.29,212.8,37.33,585.5,3185.5,3773.4,37.33,8.1,BUY,3,37.29,212.8,37.28,630.8,37.27,532.9,37.26,1201.6,37.25,607.4,37.33,585.5,37.34,999.4,37.35,314.1,37.36,1028.4,37.37,846.0
1700000662.5,1325,38.08,0.060000000000002274,38.05,280.9,38.11,89.7,1728.1999999999998,13915.599999999999,38.11,229.5,BUY,4,38.05,280.9,38.04,10.0,38.03,125.2,38.02,1006.8,38.01,305.3,38.11,89.7,38.12,3985.5,38.13,365.4,38.14,1398.0,38.15,8077.0
1700000663.0,1326,38.08,0.060000000000002274,38.05,273.5,38.11,207.4,3120.1,5046.5,38.05,88.9,SELL,4,38.05,273.5,38.04,45.8,38.03,217.2,38.02,1111.1,38.01,1472.5,38.11,207.4,38.12,217.8,38.13,266.5,38.14,3087.1,38.15,1267.7
1700000663.5,1327,38.08,0.060000000000002274,38.05,12.3,38.11,97.2,2347.7999999999997,13143.4,38.11,36.1,BUY,4,38.05,12.3,38.04,438.4,38.03,320.4,38.02,1533.8,38.01,42.9,38.11,97.2,38.12,1824.0,38.13,2302.7,38.14,3677.1,38.15,5242.4
1700000664.0,1328,38.06,0.060000000000002274,38.03,671.8,38.09,471.4,2960.0,8422.1,38.09,72.6,BUY,3,38.03,671.8,38.02,10.0,38.01,1981.8,38.0,188.6,37.99,107.8,38.09,471.4,38.1,2065.7,38.11,1506.7,38.12,1325.9,38.13,3052.4
1700000664.5,1329,38.05,0.05999999999999517,38.02,332.5,38.08,63.2,1401.2,3414.8,38.08,33.4,BUY,3,38.02,332.5,38.01,657.2,38.0,10.0,37.99,49.0,37.98,352.5,38.08,63.2,38.09,311.1,38.1,707.1,38.11,1373.2,38.12,960.2
1700000665.0,1330,38.04,0.060000000000002274,38.01,284.9,38.07,507.8,1404.4,4777.9,38.07,6.1,BUY,7,38.01,284.9,38.0,288.0,37.99,319.7,37.98,57.2,37.97,454.6,38.07,507.8,38.08,843.9,38.09,1019.5,38.1,1405.5,38.11,1001.2
1700000665.5,1331,38.03,0.03999999999999915,38.01,28.4,38.05,357.6,516.2,3386.4,38.05,5.0,BUY,1,38.01,28.4,38.0,10.0,37.99,13.1,37.98,48.9,37.97,415.8,38.05,357.6,38.06,1298.8,38.07,105.7,38.08,662.3,38.09,962.0
1700000666.0,1332,38.03,0.03999999999999915,38.01,133.7,38.05,1651.0,1963.6,7384.9,38.01,17.5,SELL,2,38.01,133.7,38.0,282.4,37.99,13.5,37.98,279.5,37.97,1254.5,38.05,1651.0,38.06,366.4,38.07,995.6,38.08,14.9,38.09,4357.0
1700000666.5,1333,38.025,0.04999999999999716,38.0,942.8,38.05,813.5,3066.1,6000.1,38.0,5.0,SELL,2,38.0,942.8,37.99,1063.2,37.98,762.2,37.97,203.3,37.96,94.6,38.05,813.5,38.06,2567.5,38.07,1873.3,38.08,635.3,38.09,110.5
1700000667.0,1334,38.019999999999996,0.05999999999999517,37.99,207.3,38.05,594.5,1378.6999999999998,3521.6,37.99,5.0,SELL,3,37.99,207.3,37.98,33.6,37.97,214.1,37.96,157.4,37.95,766.3,38.05,594.5,38.06,815.2,38.07,1074.2,38.08,769.5,38.09,268.2
1700000667.5,1335,38.01,0.060000000000002274,37.98,10.0,38.04,89.9,2117.1000000000004,3887.7000000000003,37.98,49.9,SELL,6,37.98,10.0,37.97,10.0,37.96,1102.3,37.95,437.1,37.94,557.7,38.04,89.9,38.05,1062.2,38.06,92.6,38.07,2207.4,38.08,435.6
1700000668.0,1336,37.99,0.060000000000002274,37.96,508.4,38.02,608.4,2742.6000000000004,4067.1000000000004,38.02,5.0,BUY,3,37.96,508.4,37.95,487.3,37.94,407.7,37.93,44.4,37.92,1294.8,38.02,608.4,38.03,39.7,38.04,2549.5,38.05,120.3,38.06,749.2
1700000668.5,1337,37.995000000000005,0.05000000000000426,37.97,446.7,38.02,257.0,3318.4,5110.6,37.97,9.5,SELL,3,37.97,446.7,37.96,34.6,37.95,337.6,37.94,872.0,37.93,1627.5,38.02,257.0,38.03,1059.6,38.04,580.2,38.05,2156.7,38.06,1057.1
1700000669.0,1338,37.07,0.060000000000002274,37.04,331.1,37.1,441.9,3423.9000000000005,3192.8999999999996,37.1,12.2,BUY,1,37.04,331.1,37.03,116.7,37.02,193.4,37.01,1566.4,37.0,1216.3,37.1,441.9,37.11,775.3,37.12,284.7,37.13,638.2,37.14,1052.8
1700000669.5,1339,37.065,0.05000000000000426,37.04,204.7,37.09,473.2,1592.1,6333.599999999999,37.04,46.2,SELL,4,37.04,204.7,37.03,268.1,37.02,32.6,37.01,826.8,37.0,259.9,37.09,473.2,37.1,425.4,37.11,4250.9,37.12,1164.2,37.13,19.9
1700000670.0,1340,37.55,0.05999999999999517,37.52,150.7,37.58,725.9,2381.7,3628.7,37.52,41.4,SELL,4,37.52,150.7,37.51,239.2,37.5,1790.6,37.49,10.0,37.48,191.2,37.58,725.9,37.59,10.0,37.6,1257.3,37.61,1277.4,37.62,358.1
1700000670.5,1341,37.55,0.05999999999999517,37.52,61.6,37.58,116.0,1301.6,4521.4,37.55,0.0,BUY,0,37.52,61.6,37.51,164.8,37.5,478.5,37.49,247.9,37.48,348.8,37.58,116.0,37.59,1353.9,37.6,490.3,37.61,275.0,37.62,2286.2
1700000671.0,1342,37.54,0.060000000000002274,37.51,397.9,37.57,301.0,1898.7,7204.600000000001,37.51,6.3,SELL,4,37.51,397.9,37.5,322.3,37.49,190.8,37.48,886.8,37.47,100.9,37.57,301.0,37.58,2267.4,37.59,2853.8,37.6,1508.1,37.61,274.3
1700000671.5,1343,37.53,0.03999999999999915,37.51,553.7,37.55,313.5,1368.4,4058.7,37.51,26.0,SELL,1,37.51,553.7,37.5,406.9,37.49,67.3,37.48,68.5,37.47,272.0,37.55,313.5,37.56,1742.3,37.57,417.4,37.58,303.2,37.59,1282.3
1700000672.0,1344,37.519999999999996,0.05999999999999517,37.49,588.7,37.55,1148.4,1604.3000000000002,3804.3,37.55,39.0,BUY,3,37.49,588.7,37.48,269.9,37.47,491.8,37.46,126.5,37.45,127.4,37.55,1148.4,37.56,732.4,37.57,278.6,37.58,273.3,37.59,1371.6
1700000672.5,1345,37.519999999999996,0.05999999999999517,37.49,517.4,37.55,287.4,4428.8,3190.3999999999996,37.55,18.5,BUY,1,37.49,517.4,37.48,363.6,37.47,1453.4,37.46,869.9,37.45,1224.5,37.55,287.4,37.56,1211.2,37.57,294.7,37.58,613.9,37.59,783.2
1700000673.0,1346,41.7,0.05999999999999517,41.67,119.5,41.73,206.2,2991.2,4689.0,41.73,8.5,BUY,1,41.67,119.5,41.66,749.0,41.65,1119.6,41.64,614.1,41.63,389.0,41.73,206.2,41.74,320.2,41.75,354.0,41.76,2684.2,41.77,1124.4
1700000673.5,1347,41.705,0.04999999999999716,41.68,640.2,41.73,312.4,2700.3,6116.5,41.73,21.5,BUY,1,41.68,640.2,41.67,489.4,41.66,395.8,41.65,86.0,41.64,1088.9,41.73,312.4,41.74,641.8,41.75,3740.3,41.76,368.1,41.77,1053.9
1700000674.0,1348,41.69,0.060000000000002274,41.66,579.6,41.72,193.9,2029.1999999999998,1558.3,41.72,49.0,BUY,2,41.66,579.6,41.65,571.0,41.64,234.4,41.63,462.1,41.62,182.1,41.72,193.9,41.73,67.6,41.74,102.3,41.75,196.1,41.76,998.4
1700000674.5,1349,41.69,0.060000000000002274,41.66,210.4,41.72,1655.7,781.9000000000001,9319.9,41.72,70.3,BUY,2,41.66,210.4,41.65,171.2,41.64,25.4,41.63,66.3,41.62,308.6,41.72,1655.7,41.73,1305.0,41.74,3820.5,41.75,609.1,41.76,1929.6
1700000675.0,1350,41.69,0.060000000000002274,41.66,450.5,41.72,597.5,926.3,5135.599999999999,41.72,81.4,BUY,2,41.66,450.5,41.65,193.8,41.64,107.4,41.63,98.7,41.62,75.9,41.72,597.5,41.73,886.8,41.74,1252.6,41.75,2240.9,41.76,157.8
1700000675.5,1351,41.68,0.060000000000002274,41.65,18.0,41.71,965.3,3084.0,7968.0,41.71,86.2,BUY,2,41.65,18.0,41.64,1299.6,41.63,169.9,41.62,123.9,41.61,1472.6,41.71,965.3,41.72,2663.6,41.73,708.5,41.74,658.5,41.75,2972.1
1700000676.0,1352,44.86,0.060000000000002274,44.83,586.0,44.89,1120.3,2064.5,5324.4,44.89,13.1,BUY,1,44.83,586.0,44.82,301.6,44.81,639.7,44.8,103.6,44.79,433.6,44.89,1120.3,44.9,1164.2,44.91,405.1,44.92,2518.4,44.93,116.4
1700000676.5,1353,44.85,0.060000000000002274,44.82,10.0,44.88,1423.6,1579.9,3980.0,44.82,35.2,SELL,4,44.82,10.0,44.81,155.8,44.8,66.2,44.79,1064.5,44.78,283.4,44.88,1423.6,44.89,896.5,44.9,635.1,44.91,364.8,44.92,660.0
1700000677.0,1354,44.84,0.05999999999999517,44.81,649.6,44.87,237.0,1578.2,5821.900000000001,44.87,60.8,BUY,3,44.81,649.6,44.8,150.0,44.79,190.8,44.78,571.8,44.77,16.0,44.87,237.0,44.88,95.8,44.89,2015.5,44.9,1249.3,44.91,2224.3
1700000677.5,1355,44.83,0.060000000000002274,44.8,1118.6,44.86,155.9,2562.8,6454.2,44.83,0.0,BUY,0,44.8,1118.6,44.79,49.3,44.78,270.1,44.77,474.6,44.76,650.2,44.86,155.9,44.87,10.0,44.88,261.8,44.89,4490.5,44.9,1536.0
1700000678.0,1356,44.82,0.060000000000002274,44.79,154.5,44.85,660.6,1617.3000000000002,8394.9,44.79,28.0,SELL,1,44.79,154.5,44.78,1081.6,44.77,222.4,44.76,74.9,44.75,83.9,44.85,660.6,44.86,674.1,44.87,2806.3,44.88,2663.6,44.89,1590.3
1700000678.5,1357,44.82,0.060000000000002274,44.79,446.6,44.85,118.3,3560.8,3415.2,44.85,95.8,BUY,5,44.79,446.6,44.78,399.9,44.77,1845.7,44.76,446.3,44.75,422.3,44.85,118.3,44.86,716.7,44.87,1311.7,44.88,1174.0,44.89,94.5
1700000679.0,1358,44.81,0.060000000000002274,44.78,106.0,44.84,1374.8,1056.1,2663.2,44.84,5.0,BUY,3,44.78,106.0,44.77,99.3,44.76,124.7,44.75,425.1,44.74,301.0,44.84,1374.8,44.85,240.8,44.86,303.3,44.87,493.1,44.88,251.2
1700000679.5,1359,44.8,0.05999999999999517,44.77,137.7,44.83,1063.7,1469.2,7861.1,44.83,6.0,BUY,7,44.77,137.7,44.76,550.8,44.75,110.0,44.74,10.6,44.73,660.1,44.83,1063.7,44.84,1374.1,44.85,290.6,44.86,12.0,44.87,5120.7
1700000680.0,1360,44.790000000000006,0.03999999999999915,44.77,225.9,44.81,671.2,3380.7,4897.400000000001,44.81,5.0,BUY,1,44.77,225.9,44.76,1014.6,44.75,520.6,44.74,244.6,44.73,1375.0,44.81,671.2,44.82,758.1,44.83,1009.8,44.84,1566.3,44.85,892.0
1700000680.5,1361,45.89,0.060000000000002274,45.86,196.8,45.92,82.9,2203.6,4044.1,45.92,35.4,BUY,2,45.86,196.8,45.85,897.8,45.84,47.3,45.83,793.6,45.82,268.1,45.92,82.9,45.93,736.6,45.94,726.9,45.95,1383.3,45.96,1114.4
1700000681.0,1362,45.879999999999995,0.05999999999999517,45.85,272.2,45.91,833.2,1387.6,8785.0,45.91,23.5,BUY,1,45.85,272.2,45.84,98.6,45.83,221.3,45.82,152.4,45.81,643.1,45.91,833.2,45.92,608.8,45.93,2964.9,45.94,1922.5,45.95,2455.6
1700000681.5,1363,45.870000000000005,0.05999999999999517,45.84,1185.9,45.9,112.3,4393.5,4225.200000000001,45.9,20.9,BUY,1,45.84,1185.9,45.83,1412.1,45.82,1252.9,45.81,229.8,45.8,312.8,45.9,112.3,45.91,1226.6,45.92,15.4,45.93,601.6,45.94,2269.3
1700000682.0,1364,45.85,0.060000000000002274,45.82,412.0,45.88,383.0,810.1999999999999,2446.0,45.82,9.0,SELL,2,45.82,412.0,45.81,120.8,45.8,76.3,45.79,191.1,45.78,10.0,45.88,383.0,45.89,451.5,45.9,973.7,45.91,512.2,45.92,125.6
1700000682.5,1365,45.845,0.07000000000000028,45.81,437.9,45.88,121.0,2106.7,3637.9,45.81,60.9,SELL,1,45.81,437.9,45.8,75.0,45.79,157.5,45.78,225.7,45.77,1210.6,45.88,121.0,45.89,620.2,45.9,2525.0,45.91,169.3,45.92,202.4
1700000683.0,1366,45.83,0.060000000000002274,45.8,145.4,45.86,455.8,1969.0,4374.3,45.83,0.0,BUY,0,45.8,145.4,45.79,471.1,45.78,678.5,45.77,53.0,45.76,621.0,45.86,455.8,45.87,10.1,45.88,1993.8,45.89,933.5,45.9,981.1
1700000683.5,1367,45.81,0.060000000000002274,45.78,37.5,45.84,2317.3,971.0999999999999,11238.3,45.78,22.2,SELL,3,45.78,37.5,45.77,103.1,45.76,424.3,45.75,370.4,45.74,35.8,45.84,2317.3,45.85,725.3,45.86,1535.8,45.87,822.0,45.88,5837.9
1700000684.0,1368,45.795,0.04999999999999716,45.77,82.1,45.82,361.9,1199.5,1433.6,45.82,20.0,BUY,3,45.77,82.1,45.76,51.9,45.75,162.5,45.74,109.9,45.73,793.1,45.82,361.9,45.83,54.2,45.84,133.3,45.85,124.9,45.86,759.3
1700000684.5,1369,45.79,0.060000000000002274,45.76,69.0,45.82,114.4,719.9000000000001,2225.7,45.82,5.0,BUY,3,45.76,69.0,45.75,46.1,45.74,276.1,45.73,115.2,45.72,213.5,45.82,114.4,45.83,851.6,45.84,1081.6,45.85,168.1,45.86,10.0
1700000685.0,1370,45.78,0.060000000000002274,45.75,532.8,45.81,123.7,2134.1,8923.3,45.78,0.0,BUY,0,45.75,532.8,45.74,580.8,45.73,45.2,45.72,909.6,45.71,65.7,45.81,123.7,45.82,1191.0,45.83,1762.4,45.84,3318.0,45.85,2528.2
1700000685.5,1371,45.78,0.060000000000002274,45.75,151.3,45.81,246.2,1650.9,6610.299999999999,45.81,11.9,BUY,6,45.75,151.3,45.74,249.3,45.73,253.9,45.72,486.8,45.71,509.6,45.81,246.2,45.82,2713.9,45.83,475.2,45.84,978.0,45.85,2197.0
1700000686.0,1372,45.775,0.04999999999999716,45.75,189.9,45.8,230.9,2404.2,2692.8,45.8,36.1,BUY,3,45.75,189.9,45.74,577.2,45.73,266.2,45.72,393.9,45.71,977.0,45.8,230.9,45.81,1344.5,45.82,731.4,45.83,376.0,45.84,10.0
1700000686.5,1373,45.76,0.060000000000002274,45.73,13.7,45.79,153.1,3131.7,6873.1,45.76,0.0,BUY,0,45.73,13.7,45.72,1377.8,45.71,249.4,45.7,307.1,45.69,1183.7,45.79,153.1,45.8,3250.4,45.81,1650.1,45.82,1135.2,45.83,684.3
1700000687.0,1374,45.75,0.060000000000002274,45.72,150.9,45.78,91.9,1862.6000000000001,4857.7,45.78,19.1,BUY,2,45.72,150.9,45.71,228.8,45.7,435.8,45.69,948.9,45.68,98.2,45.78,91.9,45.79,376.3,45.8,2015.6,45.81,1652.0,45.82,721.9
1700000687.5,1375,45.75,0.060000000000002274,45.72,367.3,45.78,885.9,887.7,3609.2,45.78,12.3,BUY,2,45.72,367.3,45.71,38.0,45.7,143.7,45.69,10.0,45.68,328.7,45.78,885.9,45.79,231.5,45.8,375.5,45.81,35.3,45.82,2081.0
1700000688.0,1376,45.74,0.060000000000002274,45.71,14.0,45.77,1422.9,980.4999999999999,4540.2,45.77,72.1,BUY,1,45.71,14.0,45.7,338.2,45.69,480.9,45.68,10.0,45.67,137.4,45.77,1422.9,45.78,655.3,45.79,1867.3,45.8,90.0,45.81,504.7
1700000688.5,1377,50.17,0.060000000000002274,50.14,393.1,50.2,59.7,2263.5,6247.400000000001,50.2,69.2,BUY,3,50.14,393.1,50.13,577.3,50.12,276.8,50.11,10.0,50.1,1006.3,50.2,59.7,50.21,1164.2,50.22,818.7,50.23,2691.3,50.24,1513.5
1700000689.0,1378,50.16,0.05999999999999517,50.13,323.5,50.19,901.1,1572.3,9259.3,50.19,66.2,BUY,2,50.13,323.5,50.12,34.3,50.11,462.0,50.1,395.0,50.09,357.5,50.19,901.1,50.2,1361.9,50.21,356.7,50.22,6530.8,50.23,108.8
1700000689.5,1379,50.14,0.060000000000002274,50.11,55.1,50.17,1724.9,2102.8,2672.0,50.17,16.5,BUY,4,50.11,55.1,50.1,506.5,50.09,82.7,50.08,429.4,50.07,1029.1,50.17,1724.9,50.18,106.3,50.19,716.3,50.2,53.6,50.21,70.9
1700000690.0,1380,50.14,0.060000000000002274,50.11,791.0,50.17,56.8,1214.5,2924.0,50.17,17.6,BUY,4,50.11,791.0,50.1,180.6,50.09,188.1,50.08,44.8,50.07,10.0,50.17,56.8,50.18,676.9,50.19,1050.4,50.2,622.1,50.21,517.8
1700000690.5,1381,50.14,0.060000000000002274,50.11,534.0,50.17,531.0,1358.6,6941.099999999999,50.14,0.0,BUY,0,50.11,534.0,50.1,360.8,50.09,318.4,50.08,105.0,50.07,40.4,50.17,531.0,50.18,1091.6,50.19,2481.8,50.2,450.0,50.21,2386.7
1700000691.0,1382,50.129999999999995,0.05999999999999517,50.1,119.6,50.16,1339.6,2489.2,3664.7999999999997,50.16,42.5,BUY,1,50.1,119.6,50.09,127.9,50.08,1230.5,50.07,796.6,50.06,214.6,50.16,1339.6,50.17,114.6,50.18,1240.1,50.19,481.6,50.2,488.9
1700000691.5,1383,48.01,0.060000000000002274,47.98,132.2,48.04,282.6,3363.0,3794.5,48.01,0.0,BUY,0,47.98,132.2,47.97,452.8,47.96,2334.9,47.95,318.0,47.94,125.1,48.04,282.6,48.05,952.8,48.06,1006.4,48.07,546.9,48.08,1005.8
1700000692.0,1384,48.0,0.060000000000002274,47.97,55.9,48.03,74.9,2138.3,3035.7,48.03,28.2,BUY,3,47.97,55.9,47.96,131.6,47.95,1001.2,47.94,410.5,47.93,539.1,48.03,74.9,48.04,20.6,48.05,1575.3,48.06,917.8,48.07,447.1
1700000692.5,1385,47.99,0.060000000000002274,47.96,601.9,48.02,223.0,2782.9,5558.099999999999,47.96,68.5,SELL,3,47.96,601.9,47.95,869.0,47.94,211.9,47.93,822.6,47.92,277.5,48.02,223.0,48.03,2318.9,48.04,1308.0,48.05,1573.8,48.06,134.4
1700000693.0,1386,47.980000000000004,0.05999999999999517,47.95,810.8,48.01,862.7,2334.1,4699.8,48.01,12.5,BUY,2,47.95,810.8,47.94,55.2,47.93,539.6,47.92,161.9,47.91,766.6,48.01,862.7,48.02,390.7,48.03,675.9,48.04,2621.0,48.05,149.5
1700000693.5,1387,47.97,0.060000000000002274,47.94,10.1,48.0,363.6,998.6999999999999,7478.700000000001,47.94,5.0,SELL,4,47.94,10.1,47.93,221.1,47.92,483.4,47.91,159.5,47.9,124.6,48.0,363.6,48.01,817.9,48.02,439.7,48.03,3330.6,48.04,2526.9
1700000694.0,1388,47.345,0.07000000000000028,47.31,81.0,47.38,184.7,4646.6,6556.099999999999,47.38,59.6,BUY,5,47.31,81.0,47.3,227.1,47.29,538.3,47.28,1502.5,47.27,2297.7,47.38,184.7,47.39,721.4,47.4,95.2,47.41,4785.4,47.42,769.4
1700000694.5,1389,47.345,0.07000000000000028,47.31,200.9,47.38,33.1,2888.3,1663.4,47.38,5.0,BUY,3,47.31,200.9,47.3,439.7,47.29,1316.2,47.28,183.6,47.27,747.9,47.38,33.1,47.39,518.9,47.4,723.5,47.41,134.9,47.42,253.0
1700000695.0,1390,47.33,0.060000000000002274,47.3,272.9,47.36,530.9,2180.2999999999997,7573.5,47.3,5.0,SELL,2,47.3,272.9,47.29,137.5,47.28,338.4,47.27,146.9,47.26,1284.6,47.36,530.9,47.37,3139.8,47.38,406.8,47.39,662.9,47.4,2833.1
1700000695.5,1391,47.32,0.060000000000002274,47.29,177.7,47.35,10.0,3103.8,1315.0,47.29,29.8,SELL,4,47.29,177.7,47.28,354.3,47.27,1646.3,47.26,462.4,47.25,463.1,47.35,10.0,47.36,434.7,47.37,264.6,47.38,94.1,47.39,511.6
1700000696.0,1392,47.315,0.05000000000000426,47.29,12.6,47.34,394.4,1345.1999999999998,2696.9,47.29,7.5,SELL,2,47.29,12.6,47.28,215.6,47.27,940.4,47.26,45.1,47.25,131.5,47.34,394.4,47.35,1162.5,47.36,240.7,47.37,361.8,47.38,537.5
1700000696.5,1393,47.3,0.05999999999999517,47.27,23.5,47.33,2413.0,1556.5,7199.3,47.33,8.2,BUY,1,47.27,23.5,47.26,322.4,47.25,18.0,47.24,504.0,47.23,688.6,47.33,2413.0,47.34,829.2,47.35,1090.4,47.36,576.4,47.37,2290.3
1700000697.0,1394,47.3,0.05999999999999517,47.27,56.6,47.33,798.2,3008.3,4279.499999999999,47.33,42.2,BUY,2,47.27,56.6,47.26,816.3,47.25,83.0,47.24,2014.1,47.23,38.3,47.33,798.2,47.34,1291.0,47.35,463.1,47.36,1394.8,47.37,332.4
1700000697.5,1395,47.3,0.05999999999999517,47.27,238.8,47.33,1552.5,2116.9,3572.4999999999995,47.27,5.8,SELL,5,47.27,238.8,47.26,45.8,47.25,500.2,47.24,204.6,47.23,1127.5,47.33,1552.5,47.34,94.1,47.35,225.3,47.36,552.0,47.37,1148.6
1700000698.0,1396,47.3,0.05999999999999517,47.27,43.3,47.33,527.6,3874.2,6882.0,47.33,7.7,BUY,3,47.27,43.3,47.26,349.3,47.25,1985.7,47.24,328.1,47.23,1167.8,47.33,527.6,47.34,1103.4,47.35,3321.6,47.36,180.4,47.37,1749.0
1700000698.5,1397,47.29,0.060000000000002274,47.26,52.8,47.32,724.3,1104.2,4612.7,47.26,5.0,SELL,5,47.26,52.8,47.25,117.6,47.24,136.3,47.23,771.6,47.22,25.9,47.32,724.3,47.33,891.4,47.34,816.1,47.35,1504.6,47.36,676.3
1700000699.0,1398,48.43,0.060000000000002274,48.4,368.5,48.46,609.9,2122.0,6774.9,48.4,25.4,SELL,1,48.4,368.5,48.39,296.3,48.38,84.0,48.37,936.9,48.36,436.3,48.46,609.9,48.47,10.0,48.48,1674.5,48.49,266.1,48.5,4214.4
1700000699.5,1399,48.405,0.04999999999999716,48.38,783.8,48.43,2633.2,1632.8,6247.9,48.43,53.6,BUY,1,48.38,783.8,48.37,71.0,48.36,398.3,48.35,102.9,48.34,276.8,48.43,2633.2,48.44,696.2,48.45,355.7,48.46,549.1,48.47,2013.7
1700000700.0,1400,48.4,0.060000000000002274,48.37,186.4,48.43,412.6,3360.7,7003.7,48.43,120.0,BUY,5,48.37,186.4,48.36,53.0,48.35,742.9,48.34,62.3,48.33,2316.1,48.43,412.6,48.44,1771.3,48.45,1141.8,48.46,553.1,48.47,3124.9
1700000700.5,1401,49.78,0.060000000000002274,49.75,33.6,49.81,18.3,2676.0,3610.3,49.81,19.3,BUY,3,49.75,33.6,49.74,748.2,49.73,1318.2,49.72,425.4,49.71,150.6,49.81,18.3,49.82,146.1,49.83,1099.8,49.84,1663.4,49.85,682.7
1700000701.0,1402,49.769999999999996,0.05999999999999517,49.74,378.4,49.8,952.4,1451.5,6860.699999999999,49.8,15.3,BUY,7,49.74,378.4,49.73,10.0,49.72,648.6,49.71,83.9,49.7,330.6,49.8,952.4,49.81,4175.0,49.82,104.4,49.83,689.5,49.84,939.4
1700000701.5,1403,49.754999999999995,0.05000000000000426,49.73,579.2,49.78,495.2,3013.4,5840.8,49.78,53.6,BUY,2,49.73,579.2,49.72,747.3,49.71,850.3,49.7,721.0,49.69,115.6,49.78,495.2,49.79,246.6,49.8,2844.4,49.81,1401.4,49.82,853.2
1700000702.0,1404,49.74,0.060000000000002274,49.71,100.9,49.77,23.6,3776.8,13143.3,49.77,23.5,BUY,3,49.71,100.9,49.7,106.8,49.69,518.1,49.68,785.1,49.67,2265.9,49.77,23.6,49.78,3811.4,49.79,3148.7,49.8,3112.8,49.81,3046.8
1700000702.5,1405,49.745000000000005,0.05000000000000426,49.72,263.7,49.77,358.8,3378.7,7866.2,49.72,60.7,SELL,2,49.72,263.7,49.71,896.5,49.7,695.8,49.69,996.6,49.68,526.1,49.77,358.8,49.78,1858.7,49.79,4402.4,49.8,321.5,49.81,924.8
1700000703.0,1406,49.730000000000004,0.05999999999999517,49.7,59.6,49.76,507.8,860.4,3329.7999999999997,49.7,206.7,SELL,1,49.7,59.6,49.69,380.9,49.68,170.0,49.67,50.3,49.66,199.6,49.76,507.8,49.77,1402.6,49.78,464.9,49.79,561.0,49.8,393.5
1700000703.5,1407,49.730000000000004,0.05999999999999517,49.7,19.2,49.76,22.6,2034.1,3768.1,49.7,103.3,SELL,1,49.7,19.2,49.69,1293.3,49.68,278.8,49.67,417.8,49.66,25.0,49.76,22.6,49.77,1194.4,49.78,1201.5,49.79,1200.2,49.8,149.4
1700000704.0,1408,49.72,0.03999999999999915,49.7,75.1,49.74,15.1,3190.1,2760.2,49.74,162.9,BUY,3,49.7,75.1,49.69,17.3,49.68,765.0,49.67,2191.2,49.66,141.5,49.74,15.1,49.75,406.2,49.76,142.9,49.77,513.9,49.78,1682.1
1700000704.5,1409,49.71,0.060000000000002274,49.68,387.2,49.74,41.3,2542.2,3165.7,49.68,6.6,SELL,1,49.68,387.2,49.67,292.4,49.66,1037.4,49.65,677.5,49.64,147.7,49.74,41.3,49.75,953.2,49.76,343.1,49.77,810.5,49.78,1017.6
1700000705.0,1410,49.7,0.05999999999999517,49.67,384.7,49.73,383.5,3294.7,6960.0,49.73,7.2,BUY,4,49.67,384.7,49.66,158.8,49.65,517.3,49.64,975.5,49.63,1258.4,49.73,383.5,49.74,998.8,49.75,971.4,49.76,1461.8,49.77,3144.5
1700000705.5,1411,49.685,0.05000000000000426,49.66,47.5,49.71,1903.7,2126.7000000000003,5411.8,49.71,5.0,BUY,3,49.66,47.5,49.65,311.5,49.64,343.6,49.63,765.7,49.62,658.4,49.71,1903.7,49.72,10.0,49.73,1534.4,49.74,423.6,49.75,1540.1
1700000706.0,1412,49.67,0.060000000000002274,49.64,38.4,49.7,48.3,1121.1,2362.7,49.7,118.6,BUY,3,49.64,38.4,49.63,90.1,49.62,331.4,49.61,113.9,49.6,547.3,49.7,48.3,49.71,1203.7,49.72,20.8,49.73,715.4,49.74,374.5
1700000706.5,1413,49.655,0.07000000000000028,49.62,290.1,49.69,99.3,1169.9,5447.0,49.62,51.2,SELL,1,49.62,290.1,49.61,235.3,49.6,237.8,49.59,394.8,49.58,11.9,49.69,99.3,49.7,989.8,49.71,409.4,49.72,3121.3,49.73,827.2
1700000707.0,1414,49.64,0.060000000000002274,49.61,1091.6,49.67,431.4,3231.3,6647.599999999999,49.67,15.6,BUY,2,49.61,1091.6,49.6,29.2,49.59,126.1,49.58,792.2,49.57,1192.2,49.67,431.4,49.68,1755.2,49.69,2052.2,49.7,251.5,49.71,2157.3
1700000707.5,1415,49.629999999999995,0.05999999999999517,49.6,349.3,49.66,905.0,2663.2999999999997,3792.5,49.66,33.4,BUY,3,49.6,349.3,49.59,1097.5,49.58,58.1,49.57,907.2,49.56,251.2,49.66,905.0,49.67,276.1,49.68,200.9,49.69,964.9,49.7,1445.6
1700000708.0,1416,49.61,0.060000000000002274,49.58,247.0,49.64,1052.8,1687.1000000000001,4736.8,49.61,0.0,BUY,0,49.58,247.0,49.57,34.3,49.56,192.9,49.55,52.7,49.54,1160.2,49.64,1052.8,49.65,79.9,49.66,1445.4,49.67,1285.2,49.68,873.5
1700000708.5,1417,49.599999999999994,0.03999999999999915,49.58,135.4,49.62,302.6,2530.0,4082.7,49.599999999999994,0.0,BUY,0,49.58,135.4,49.57,1332.0,49.56,107.3,49.55,945.3,49.54,10.0,49.62,302.6,49.63,1443.6,49.64,294.4,49.65,29.2,49.66,2012.9
1700000709.0,1418,49.59,0.05999999999999517,49.56,11.3,49.62,292.8,1776.1000000000001,7074.9,49.62,32.9,BUY,2,49.56,11.3,49.55,650.1,49.54,787.5,49.53,159.8,49.52,167.4,49.62,292.8,49.63,1329.6,49.64,500.9,49.65,2144.9,49.66,2806.7
1700000709.5,1419,49.57,0.060000000000002274,49.54,1304.6,49.6,173.4,5310.299999999999,3313.8999999999996,49.6,6.7,BUY,4,49.54,1304.6,49.53,375.8,49.52,2325.4,49.51,98.9,49.5,1205.6,49.6,173.4,49.61,308.5,49.62,2458.7,49.63,273.1,49.64,100.2
1700000710.0,1420,49.56,0.060000000000002274,49.53,463.1,49.59,273.9,1607.1,5816.3,49.59,24.0,BUY,2,49.53,463.1,49.52,432.6,49.51,262.9,49.5,145.2,49.49,303.3,49.59,273.9,49.6,2363.5,49.61,1240.1,49.62,1756.3,49.63,182.5
1700000710.5,1421,49.54,0.060000000000002274,49.51,207.6,49.57,503.5,1146.8000000000002,4358.6,49.57,14.7,BUY,3,49.51,207.6,49.5,573.4,49.49,197.2,49.48,58.4,49.47,110.2,49.57,503.5,49.58,595.0,49.59,985.0,49.6,265.8,49.61,2009.3
1700000711.0,1422,49.53,0.060000000000002274,49.5,747.1,49.56,197.8,2400.2,5517.099999999999,49.56,61.8,BUY,2,49.5,747.1,49.49,419.0,49.48,56.0,49.47,928.4,49.46,249.7,49.56,197.8,49.57,1613.1,49.58,2035.0,49.59,271.5,49.6,1399.7
1700000711.5,1423,49.51,0.060000000000002274,49.48,102.8,49.54,1726.2,1302.2,3392.2,49.48,94.4,SELL,3,49.48,102.8,49.47,155.8,49.46,130.0,49.45,833.8,49.44,79.8,49.54,1726.2,49.55,456.2,49.56,187.9,49.57,21.7,49.58,1000.2
1700000712.0,1424,49.5,0.060000000000002274,49.47,373.8,49.53,192.5,2032.6,2328.2,49.5,0.0,BUY,0,49.47,373.8,49.46,259.8,49.45,559.4,49.44,306.8,49.43,532.8,49.53,192.5,49.54,259.7,49.55,168.7,49.56,793.3,49.57,914.0
1700000712.5,1425,49.5,0.04000000000000625,49.48,324.1,49.52,95.9,3472.9,3739.8999999999996,49.5,0.0,BUY,0,49.48,324.1,49.47,1952.9,49.46,265.2,49.45,807.4,49.44,123.3,49.52,95.9,49.53,604.6,49.54,325.3,49.55,2458.9,49.56,255.2
1700000713.0,1426,49.49,0.060000000000002274,49.46,880.1,49.52,79.3,2142.0,2795.0,49.52,49.6,BUY,3,49.46,880.1,49.45,77.4,49.44,411.4,49.43,47.5,49.42,725.6,49.52,79.3,49.53,442.0,49.54,16.3,49.55,2149.5,49.56,107.9
1700000713.5,1427,49.480000000000004,0.05999999999999517,49.45,278.7,49.51,315.1,1984.6999999999998,3484.8,49.51,136.4,BUY,1,49.45,278.7,49.44,755.9,49.43,408.5,49.42,412.1,49.41,129.5,49.51,315.1,49.52,346.5,49.53,43.0,49.54,986.3,49.55,1793.9
1700000714.0,1428,49.46,0.060000000000002274,49.43,370.3,49.49,2087.8,5513.0,6766.500000000001,49.43,26.4,SELL,3,49.43,370.3,49.42,2550.0,49.41,286.1,49.4,92.3,49.39,2214.3,49.49,2087.8,49.5,2383.3,49.51,306.1,49.52,1590.6,49.53,398.7
1700000714.5,1429,49.46,0.060000000000002274,49.43,306.6,49.49,189.1,1925.0,5158.5,49.49,103.3,BUY,2,49.43,306.6,49.42,532.6,49.41,708.1,49.4,154.6,49.39,223.1,49.49,189.1,49.5,789.0,49.51,1585.6,49.52,1029.6,49.53,1565.2
1700000715.0,1430,49.46,0.060000000000002274,49.43,47.7,49.49,482.3,1633.9,4573.700000000001,49.43,17.8,SELL,3,49.43,47.7,49.42,761.8,49.41,10.0,49.4,613.0,49.39,201.4,49.49,482.3,49.5,711.2,49.51,384.7,49.52,354.1,49.53,2641.4
1700000715.5,1431,49.46,0.060000000000002274,49.43,206.5,49.49,66.9,1322.9,3235.2000000000003,49.43,51.1,SELL,2,49.43,206.5,49.42,186.8,49.41,371.1,49.4,258.1,49.39,300.4,49.49,66.9,49.5,1054.9,49.51,489.1,49.52,679.4,49.53,944.9
1700000716.0,1432,49.435,0.05000000000000426,49.41,156.3,49.46,148.0,1211.1,4511.1,49.46,18.2,BUY,2,49.41,156.3,49.4,328.2,49.39,22.4,49.38,10.0,49.37,694.2,49.46,148.0,49.47,477.3,49.48,830.5,49.49,1236.2,49.5,1819.1
1700000716.5,1433,49.43,0.060000000000002274,49.4,160.6,49.46,29.1,1281.8999999999999,3691.8,49.43,0.0,BUY,0,49.4,160.6,49.39,156.5,49.38,235.6,49.37,500.9,49.36,228.3,49.46,29.1,49.47,1553.5,49.48,145.4,49.49,1616.0,49.5,347.8
1700000717.0,1434,49.42,0.060000000000002274,49.39,95.2,49.45,792.2,1620.7,4445.0,49.45,8.7,BUY,3,49.39,95.2,49.38,264.6,49.37,821.7,49.36,295.3,49.35,143.9,49.45,792.2,49.46,489.1,49.47,242.1,49.48,261.5,49.49,2660.1
1700000717.5,1435,49.4,0.060000000000002274,49.37,552.6,49.43,994.5,4495.7,6225.099999999999,49.37,43.5,SELL,2,49.37,552.6,49.36,122.3,49.35,1523.7,49.34,419.0,49.33,1878.1,49.43,994.5,49.44,539.7,49.45,1237.5,49.46,1797.7,49.47,1655.7
1700000718.0,1436,49.39,0.060000000000002274,49.36,86.6,49.42,181.9,1950.4,6670.0,49.39,0.0,BUY,0,49.36,86.6,49.35,342.1,49.34,567.5,49.33,628.2,49.32,326.0,49.42,181.9,49.43,235.4,49.44,115.6,49.45,5663.0,49.46,474.1
1700000718.5,1437,49.365,0.04999999999999716,49.34,86.8,49.39,463.4,3251.7,6616.799999999999,49.34,37.4,SELL,3,49.34,86.8,49.33,609.9,49.32,494.2,49.31,790.9,49.3,1269.9,49.39,463.4,49.4,586.4,49.41,38.0,49.42,1892.4,49.43,3636.6
1700000719.0,1438,49.36,0.060000000000002274,49.33,14.2,49.39,287.1,718.8,5592.7,49.39,68.1,BUY,6,49.33,14.2,49.32,146.7,49.31,333.7,49.3,84.7,49.29,139.5,49.39,287.1,49.4,189.4,49.41,2501.4,49.42,821.3,49.43,1793.5
1700000719.5,1439,49.34,0.05999999999999517,49.31,76.2,49.37,484.7,1411.3000000000002,3833.1,49.37,10.0,BUY,3,49.31,76.2,49.3,37.3,49.29,715.7,49.28,313.5,49.27,268.6,49.37,484.7,49.38,80.2,49.39,253.0,49.4,2512.2,49.41,503.0
1700000720.0,1440,49.32,0.04000000000000625,49.3,582.2,49.34,595.6,1952.1,7000.1,49.3,87.3,SELL,7,49.3,582.2,49.29,431.8,49.28,225.0,49.27,534.1,49.26,179.0,49.34,595.6,49.35,1509.9,49.36,506.4,49.37,482.8,49.38,3905.4
1700000720.5,1441,49.32,0.060000000000002274,49.29,11.7,49.35,105.6,1286.1,5938.4,49.32,0.0,BUY,0,49.29,11.7,49.28,365.4,49.27,609.9,49.26,19.5,49.25,279.6,49.35,105.6,49.36,4478.4,49.37,156.0,49.38,435.7,49.39,762.7
1700000721.0,1442,49.31,0.060000000000002274,49.28,529.3,49.34,684.9,3866.6,6088.6,49.34,59.8,BUY,2,49.28,529.3,49.27,877.0,49.26,208.2,49.25,10.0,49.24,2242.1,49.34,684.9,49.35,29.6,49.36,4120.6,49.37,907.2,49.38,346.3
1700000721.5,1443,50.0,0.060000000000002274,49.97,128.4,50.03,175.6,4153.0,1966.1000000000001,50.03,26.9,BUY,2,49.97,128.4,49.96,927.1,49.95,203.5,49.94,1531.2,49.93,1362.8,50.03,175.6,50.04,708.2,50.05,959.2,50.06,31.7,50.07,91.4
1700000722.0,1444,50.0,0.060000000000002274,49.97,98.5,50.03,102.2,727.8,3007.8,50.03,67.1,BUY,4,49.97,98.5,49.96,359.7,49.95,117.8,49.94,10.0,49.93,141.8,50.03,102.2,50.04,893.2,50.05,393.0,50.06,1344.7,50.07,274.7
1700000722.5,1445,49.99,0.060000000000002274,49.96,106.2,50.02,1702.7,2945.1,7127.0,49.96,10.6,SELL,3,49.96,106.2,49.95,63.4,49.94,440.3,49.93,150.5,49.92,2184.7,50.02,1702.7,50.03,1312.9,50.04,937.7,50.05,363.2,50.06,2810.5
1700000723.0,1446,49.975,0.04999999999999716,49.95,423.6,50.0,1045.3,1750.8000000000002,2202.0,50.0,17.0,BUY,2,49.95,423.6,49.94,413.1,49.93,130.3,49.92,249.7,49.91,534.1,50.0,1045.3,50.01,18.0,50.02,637.1,50.03,349.2,50.04,152.4
1700000723.5,1447,49.96,0.060000000000002274,49.93,385.9,49.99,285.8,2563.1000000000004,5320.9,49.99,40.7,BUY,1,49.93,385.9,49.92,1189.0,49.91,273.0,49.9,465.8,49.89,249.4,49.99,285.8,50.0,858.7,50.01,252.3,50.02,585.4,50.03,3338.7
1700000724.0,1448,49.95,0.05999999999999517,49.92,738.4,49.98,272.9,2452.4,6278.8,49.95,0.0,BUY,0,49.92,738.4,49.91,388.6,49.9,235.1,49.89,676.2,49.88,414.1,49.98,272.9,49.99,917.0,50.0,273.3,50.01,2322.9,50.02,2492.7
1700000724.5,1449,49.94,0.060000000000002274,49.91,488.3,49.97,215.0,1938.5000000000002,5607.9,49.94,0.0,BUY,0,49.91,488.3,49.9,304.3,49.89,674.2,49.88,325.3,49.87,146.4,49.97,215.0,49.98,540.9,49.99,1387.1,50.0,2298.8,50.01,1166.1
1700000725.0,1450,49.93,0.060000000000002274,49.9,158.2,49.96,1097.8,2141.5,10619.5,49.96,7.5,BUY,2,49.9,158.2,49.89,35.5,49.88,135.4,49.87,512.3,49.86,1300.1,49.96,1097.8,49.97,66.8,49.98,3040.0,49.99,4782.4,50.0,1632.5
1700000725.5,1451,49.92,0.060000000000002274,49.89,41.6,49.95,193.3,1144.9,2671.6,49.95,33.3,BUY,3,49.89,41.6,49.88,75.8,49.87,330.5,49.86,15.6,49.85,681.4,49.95,193.3,49.96,724.4,49.97,1195.2,49.98,321.1,49.99,237.6
1700000726.0,1452,49.900000000000006,0.03999999999999915,49.88,57.3,49.92,282.2,3130.6,8084.3,49.92,13.2,BUY,1,49.88,57.3,49.87,451.0,49.86,10.0,49.85,294.9,49.84,2317.4,49.92,282.2,49.93,1191.0,49.94,2465.8,49.95,2444.6,49.96,1700.7
1700000726.5,1453,49.879999999999995,0.05999999999999517,49.85,164.9,49.91,745.6,1591.7999999999997,5248.5,49.85,42.9,SELL,1,49.85,164.9,49.84,342.6,49.83,163.3,49.82,471.9,49.81,449.1,49.91,745.6,49.92,780.5,49.93,951.5,49.94,2392.6,49.95,378.3
1700000727.0,1454,49.86,0.060000000000002274,49.83,703.4,49.89,86.4,1819.2,1558.8,49.89,5.0,BUY,2,49.83,703.4,49.82,467.5,49.81,271.7,49.8,301.9,49.79,74.7,49.89,86.4,49.9,177.8,49.91,561.8,49.92,693.7,49.93,39.1
1700000727.5,1455,38.18,0.060000000000002274,38.15,258.1,38.21,285.3,1572.4,6578.0,38.15,64.5,SELL,3,38.15,258.1,38.14,246.7,38.13,310.8,38.12,461.2,38.11,295.6,38.21,285.3,38.22,663.7,38.23,1567.9,38.24,2884.5,38.25,1176.6
1700000728.0,1456,38.175,0.05000000000000426,38.15,169.6,38.2,433.8,2463.8999999999996,3663.8999999999996,38.2,5.0,BUY,1,38.15,169.6,38.14,955.2,38.13,1066.8,38.12,47.7,38.11,224.6,38.2,433.8,38.21,431.0,38.22,107.5,38.23,940.3,38.24,1751.3
1700000728.5,1457,38.17,0.060000000000002274,38.14,41.7,38.2,245.9,2987.3999999999996,6381.6,38.2,93.0,BUY,3,38.14,41.7,38.13,171.0,38.12,574.3,38.11,1586.2,38.1,614.2,38.2,245.9,38.21,10.0,38.22,2816.7,38.23,137.0,38.24,3172.0
1700000729.0,1458,38.155,0.04999999999999716,38.13,197.4,38.18,93.7,3370.3,3469.0999999999995,38.18,12.0,BUY,3,38.13,197.4,38.12,1451.8,38.11,847.7,38.1,755.5,38.09,117.9,38.18,93.7,38.19,633.9,38.2,1522.1,38.21,459.6,38.22,759.8
1700000729.5,1459,38.15,0.060000000000002274,38.12,182.7,38.18,600.8,1714.8,4950.8,38.18,12.8,BUY,6,38.12,182.7,38.11,94.2,38.1,133.3,38.09,242.3,38.08,1062.3,38.18,600.8,38.19,15.9,38.2,2345.0,38.21,978.8,38.22,1010.3
1700000730.0,1460,38.14,0.03999999999999915,38.12,91.5,38.16,577.7,1949.8000000000002,2482.6,38.16,69.5,BUY,2,38.12,91.5,38.11,298.7,38.1,1069.9,38.09,189.6,38.08,300.1,38.16,577.7,38.17,909.0,38.18,415.1,38.19,519.6,38.2,61.2
1700000730.5,1461,38.129999999999995,0.05999999999999517,38.1,334.6,38.16,239.6,1707.2999999999997,1332.1,38.16,66.2,BUY,3,38.1,334.6,38.09,726.0,38.08,72.1,38.07,285.6,38.06,289.0,38.16,239.6,38.17,375.6,38.18,115.5,38.19,28.1,38.2,573.3
1700000731.0,1462,35.68,0.060000000000002274,35.65,998.2,35.71,399.6,3687.3,6526.800000000001,35.65,48.3,SELL,5,35.65,998.2,35.64,639.8,35.63,995.8,35.62,264.2,35.61,789.3,35.71,399.6,35.72,114.3,35.73,3051.8,35.74,808.2,35.75,2152.9
1700000731.5,1463,35.675,0.05000000000000426,35.65,377.9,35.7,313.5,2287.9,12543.7,35.7,13.4,BUY,2,35.65,377.9,35.64,95.0,35.63,1031.5,35.62,525.1,35.61,258.4,35.7,313.5,35.71,627.3,35.72,548.4,35.73,7759.7,35.74,3294.8
1700000732.0,1464,35.66,0.05999999999999517,35.63,248.5,35.69,338.9,1190.1000000000001,6150.1,35.69,28.5,BUY,4,35.63,248.5,35.62,39.6,35.61,372.9,35.6,509.9,35.59,19.2,35.69,338.9,35.7,440.8,35.71,289.8,35.72,2461.6,35.73,2619.0
1700000732.5,1465,35.65,0.060000000000002274,35.62,156.0,35.68,211.6,2102.9,5272.8,35.62,7.9,SELL,6,35.62,156.0,35.61,36.9,35.6,1374.1,35.59,260.2,35.58,275.7,35.68,211.6,35.69,603.8,35.7,523.0,35.71,615.3,35.72,3319.1
1700000733.0,1466,35.64,0.060000000000002274,35.61,483.3,35.67,2247.1,3270.5000000000005,8268.199999999999,35.67,44.4,BUY,3,35.61,483.3,35.6,1650.0,35.59,272.5,35.58,528.9,35.57,335.8,35.67,2247.1,35.68,2281.7,35.69,920.8,35.7,1743.5,35.71,1075.1
1700000733.5,1467,35.629999999999995,0.05999999999999517,35.6,426.9,35.66,1370.6,1108.4,9076.5,35.66,39.0,BUY,2,35.6,426.9,35.59,174.6,35.58,223.9,35.57,39.7,35.56,243.3,35.66,1370.6,35.67,187.2,35.68,3985.7,35.69,2351.1,35.7,1181.9
1700000734.0,1468,35.620000000000005,0.05999999999999517,35.59,442.5,35.65,150.8,3518.6000000000004,3378.7000000000003,35.59,21.3,SELL,5,35.59,442.5,35.58,445.9,35.57,264.1,35.56,845.9,35.55,1520.2,35.65,150.8,35.66,601.6,35.67,870.2,35.68,950.2,35.69,805.9
1700000734.5,1469,35.61,0.03999999999999915,35.59,204.1,35.63,779.7,2318.5,7922.3,35.63,33.4,BUY,3,35.59,204.1,35.58,681.9,35.57,263.4,35.56,404.2,35.55,764.9,35.63,779.7,35.64,72.8,35.65,1990.5,35.66,200.0,35.67,4879.3
1700000735.0,1470,35.6,0.060000000000002274,35.57,511.6,35.63,668.2,2822.6,4624.5,35.63,11.5,BUY,2,35.57,511.6,35.56,29.4,35.55,260.3,35.54,1478.8,35.53,542.5,35.63,668.2,35.64,566.8,35.65,285.5,35.66,108.4,35.67,2995.6
1700000735.5,1471,35.59,0.05999999999999517,35.56,20.5,35.62,685.0,938.1999999999999,3582.7,35.59,0.0,BUY,0,35.56,20.5,35.55,15.2,35.54,303.3,35.53,25.4,35.52,573.8,35.62,685.0,35.63,635.9,35.64,704.8,35.65,657.4,35.66,899.6
1700000736.0,1472,35.58,0.060000000000002274,35.55,607.8,35.61,1699.8,3500.4,5465.599999999999,35.55,22.4,SELL,1,35.55,607.8,35.54,1256.1,35.53,1353.3,35.52,267.9,35.51,15.3,35.61,1699.8,35.62,962.4,35.63,160.9,35.64,841.8,35.65,1800.7
1700000736.5,1473,35.31,0.060000000000002274,35.28,269.4,35.34,491.9,3962.2,5414.700000000001,35.28,36.6,SELL,4,35.28,269.4,35.27,33.2,35.26,253.9,35.25,691.6,35.24,2714.1,35.34,491.9,35.35,476.5,35.36,1979.4,35.37,553.9,35.38,1913.0
1700000737.0,1474,35.3,0.05999999999999517,35.27,59.3,35.33,1780.5,991.5,4132.8,35.3,0.0,BUY,0,35.27,59.3,35.26,194.8,35.25,182.7,35.24,93.0,35.23,461.7,35.33,1780.5,35.34,92.9,35.35,163.8,35.36,341.6,35.37,1754.0
1700000737.5,1475,35.29,0.060000000000002274,35.26,48.2,35.32,252.1,3860.6,2150.6,35.32,5.0,BUY,3,35.26,48.2,35.25,120.5,35.24,833.8,35.23,39.6,35.22,2818.5,35.32,252.1,35.33,619.1,35.34,151.3,35.35,411.7,35.36,716.4
1700000738.0,1476,35.28,0.03999999999999915,35.26,198.7,35.3,118.9,1289.0,4681.200000000001,35.3,81.6,BUY,8,35.26,198.7,35.25,102.7,35.24,316.8,35.23,231.5,35.22,439.3,35.3,118.9,35.31,324.9,35.32,334.8,35.33,3793.5,35.34,109.1
1700000738.5,1477,35.28,0.060000000000002274,35.25,39.9,35.31,336.0,1190.9,5588.6,35.25,59.4,SELL,3,35.25,39.9,35.24,235.8,35.23,197.5,35.22,441.2,35.21,276.5,35.31,336.0,35.32,183.2,35.33,235.4,35.34,1611.8,35.35,3222.2
1700000739.0,1478,35.269999999999996,0.05999999999999517,35.24,59.5,35.3,54.2,2802.8999999999996,9797.5,35.24,89.0,SELL,3,35.24,59.5,35.23,62.5,35.22,758.6,35.21,371.0,35.2,1551.3,35.3,54.2,35.31,528.5,35.32,120.5,35.33,1152.8,35.34,7941.5
1700000739.5,1479,35.26,0.060000000000002274,35.23,90.2,35.29,874.7,1367.9999999999998,3041.8,35.23,62.4,SELL,3,35.23,90.2,35.22,19.1,35.21,482.0,35.2,435.4,35.19,341.3,35.29,874.7,35.3,538.5,35.31,213.9,35.32,1023.3,35.33,391.4
1700000740.0,1480,35.25,0.060000000000002274,35.22,85.0,35.28,762.1,2270.4,6086.900000000001,35.28,5.0,BUY,5,35.22,85.0,35.21,10.0,35.2,133.6,35.19,976.6,35.18,1065.2,35.28,762.1,35.29,1441.7,35.3,37.4,35.31,2422.0,35.32,1423.7
1700000740.5,1481,35.25,0.060000000000002274,35.22,64.9,35.28,207.7,1717.1999999999998,1956.7,35.22,5.0,SELL,1,35.22,64.9,35.21,955.4,35.2,28.7,35.19,102.1,35.18,566.1,35.28,207.7,35.29,463.3,35.3,776.9,35.31,10.0,35.32,498.8
1700000741.0,1482,35.25,0.060000000000002274,35.22,193.5,35.28,758.2,1281.7,6827.2,35.28,5.0,BUY,6,35.22,193.5,35.21,113.5,35.2,587.3,35.19,265.6,35.18,121.8,35.28,758.2,35.29,851.1,35.3,990.2,35.31,3838.4,35.32,389.3
1700000741.5,1483,35.24,0.060000000000002274,35.21,10.0,35.27,96.2,1685.3000000000002,6729.300000000001,35.27,5.0,BUY,4,35.21,10.0,35.2,262.1,35.19,763.1,35.18,305.2,35.17,344.9,35.27,96.2,35.28,1798.0,35.29,2508.1,35.3,626.6,35.31,1700.4
1700000742.0,1484,35.230000000000004,0.05999999999999517,35.2,80.1,35.26,1272.9,2153.4,4500.799999999999,35.2,5.0,SELL,2,35.2,80.1,35.19,760.3,35.18,274.1,35.17,123.0,35.16,915.9,35.26,1272.9,35.27,555.1,35.28,716.8,35.29,1568.1,35.3,387.9
1700000742.5,1485,35.230000000000004,0.05999999999999517,35.2,257.7,35.26,42.2,1357.1,1252.3,35.26,29.1,BUY,1,35.2,257.7,35.19,146.5,35.18,87.7,35.17,231.5,35.16,633.7,35.26,42.2,35.27,202.7,35.28,172.1,35.29,369.6,35.3,465.7
1700000743.0,1486,35.230000000000004,0.05999999999999517,35.2,438.3,35.26,157.1,3126.8,4000.5000000000005,35.26,19.4,BUY,2,35.2,438.3,35.19,286.3,35.18,287.7,35.17,1567.8,35.16,546.7,35.26,157.1,35.27,97.2,35.28,1798.0,35.29,1065.8,35.3,882.4
1700000743.5,1487,35.230000000000004,0.05999999999999517,35.2,166.7,35.26,53.7,1932.0,2260.7,35.2,17.8,SELL,3,35.2,166.7,35.19,339.9,35.18,360.7,35.17,1040.0,35.16,24.7,35.26,53.7,35.27,886.0,35.28,45.1,35.29,939.7,35.3,336.2
1700000744.0,1488,35.61,0.060000000000002274,35.58,247.1,35.64,918.9,2383.2000000000003,5691.8,35.64,55.6,BUY,2,35.58,247.1,35.57,734.2,35.56,484.1,35.55,146.9,35.54,770.9,35.64,918.9,35.65,1777.5,35.66,669.0,35.67,1798.6,35.68,527.8
1700000744.5,1489,36.96,0.060000000000002274,36.93,212.5,36.99,620.5,974.2,4293.7,36.96,0.0,BUY,0,36.93,212.5,36.92,103.4,36.91,418.0,36.9,230.3,36.89,10.0,36.99,620.5,37.0,1886.9,37.01,918.1,37.02,681.4,37.03,186.8
1700000745.0,1490,36.96,0.060000000000002274,36.93,134.9,36.99,874.3,2131.6,4064.7999999999997,36.99,24.5,BUY,1,36.93,134.9,36.92,49.2,36.91,1258.5,36.9,499.3,36.89,189.7,36.99,874.3,37.0,72.3,37.01,310.1,37.02,531.9,37.03,2276.2
1700000745.5,1491,36.95,0.05999999999999517,36.92,79.3,36.98,823.9,2545.6,6703.0,36.98,31.9,BUY,3,36.92,79.3,36.91,234.8,36.9,292.9,36.89,709.5,36.88,1229.1,36.98,823.9,36.99,841.7,37.0,1362.9,37.01,593.7,37.02,3080.8
1700000746.0,1492,36.95,0.05999999999999517,36.92,721.1,36.98,741.8,1309.8000000000002,2920.5,36.98,169.5,BUY,1,36.92,721.1,36.91,48.4,36.9,392.2,36.89,72.9,36.88,75.2,36.98,741.8,36.99,647.9,37.0,114.3,37.01,187.6,37.02,1228.9
1700000746.5,1493,36.94,0.060000000000002274,36.91,744.1,36.97,356.3,1602.1999999999998,2450.5,36.97,25.2,BUY,3,36.91,744.1,36.9,13.9,36.89,152.3,36.88,17.9,36.87,674.0,36.97,356.3,36.98,1055.7,36.99,121.0,37.0,366.2,37.01,551.3
1700000747.0,1494,36.93,0.060000000000002274,36.9,64.3,36.96,177.6,2084.3,6991.5,36.9,79.2,SELL,1,36.9,64.3,36.89,50.5,36.88,574.7,36.87,1362.0,36.86,32.8,36.96,177.6,36.97,498.2,36.98,1518.7,36.99,4206.2,37.0,590.8
1700000747.5,1495,36.92,0.060000000000002274,36.89,367.1,36.95,633.8,3678.2,6508.5,36.89,35.8,SELL,1,36.89,367.1,36.88,113.9,36.87,590.6,36.86,527.3,36.85,2079.3,36.95,633.8,36.96,68.6,36.97,1923.0,36.98,918.7,36.99,2964.4
1700000748.0,1496,36.905,0.04999999999999716,36.88,292.5,36.93,696.9,793.1,7006.2,36.88,23.2,SELL,2,36.88,292.5,36.87,138.2,36.86,224.8,36.85,65.7,36.84,71.9,36.93,696.9,36.94,684.9,36.95,30.1,36.96,2168.5,36.97,3425.8
1700000748.5,1497,36.9,0.060000000000002274,36.87,18.5,36.93,612.6,1688.7,6964.099999999999,36.93,92.6,BUY,5,36.87,18.5,36.86,339.4,36.85,10.0,36.84,102.4,36.83,1218.4,36.93,612.6,36.94,2421.7,36.95,2101.9,36.96,1349.2,36.97,478.7
1700000749.0,1498,36.9,0.060000000000002274,36.87,565.5,36.93,85.8,1581.1,4126.6,36.87,38.9,SELL,4,36.87,565.5,36.86,619.1,36.85,245.0,36.84,40.6,36.83,110.9,36.93,85.8,36.94,209.2,36.95,617.5,36.96,1934.5,36.97,1279.6
1700000749.5,1499,36.89,0.060000000000002274,36.86,48.8,36.92,177.6,1484.2000000000003,7793.0,36.89,0.0,BUY,0,36.86,48.8,36.85,76.2,36.84,25.4,36.83,1206.4,36.82,127.4,36.92,177.6,36.93,1363.5,36.94,3329.8,36.95,584.0,36.96,2338.1
