timestamp,sequence_id,mid_price,spread,best_bid,best_bid_size,best_ask,best_ask_size,total_bid_depth,total_ask_depth,last_trade_price,last_trade_size,last_trade_side,num_recent_trades,bid_price_0,bid_size_0,bid_price_1,bid_size_1,bid_price_2,bid_size_2,bid_price_3,bid_size_3,bid_price_4,bid_size_4,ask_price_0,ask_size_0,ask_price_1,ask_size_1,ask_price_2,ask_size_2,ask_price_3,ask_size_3,ask_price_4,ask_size_4
1700000000.0,0,99.99000000000001,0.11999999999999034,99.93,46.3,100.05,778.3,2784.1000000000004,2507.6000000000004,99.93,5.0,SELL,3,99.93,46.3,99.92,20.3,99.91,860.6,99.9,678.1,99.89,1178.8,100.05,778.3,100.06,114.5,100.07,693.1,100.08,223.0,100.09,698.7
1700000000.5,1,100.00999999999999,0.10000000000000853,99.96,76.8,100.06,253.3,2131.2,3294.2,100.06,56.8,BUY,2,99.96,76.8,99.95,305.2,99.94,307.8,99.93,440.0,99.92,1001.4,100.06,253.3,100.07,131.6,100.08,299.5,100.09,54.2,100.1,2555.6
1700000001.0,2,100.00999999999999,0.11999999999999034,99.95,194.6,100.07,297.6,6928.1,6014.700000000001,100.07,6.9,BUY,2,99.95,194.6,99.94,1542.7,99.93,545.1,99.92,828.3,99.91,3817.4,100.07,297.6,100.08,154.7,100.09,3035.3,100.1,1516.6,100.11,1010.5
1700000001.5,3,99.99000000000001,0.11999999999999034,99.93,220.2,100.05,10.0,3190.8999999999996,3148.1,100.05,97.7,BUY,1,99.93,220.2,99.92,484.9,99.91,829.8,99.9,1238.5,99.89,417.5,100.05,10.0,100.06,62.9,100.07,1532.8,100.08,1393.5,100.09,148.9
1700000002.0,4,100.02,0.12000000000000455,99.96,402.0,100.08,62.0,6067.2,4645.2,100.08,16.6,BUY,2,99.96,402.0,99.95,40.0,99.94,1612.1,99.93,1786.3,99.92,2226.8,100.08,62.0,100.09,564.9,100.1,913.9,100.11,2843.4,100.12,261.0
1700000002.5,5,100.0,0.09999999999999432,99.95,10.0,100.05,300.6,1545.6000000000001,4423.0,100.05,5.0,BUY,5,99.95,10.0,99.94,664.6,99.93,450.6,99.92,370.5,99.91,49.9,100.05,300.6,100.06,166.3,100.07,115.5,100.08,763.9,100.09,3076.7
1700000003.0,6,99.97,0.12000000000000455,99.91,10.0,100.03,176.2,2309.8,2175.0,100.03,79.9,BUY,5,99.91,10.0,99.9,220.8,99.89,613.4,99.88,1198.0,99.87,267.6,100.03,176.2,100.04,457.4,100.05,1339.0,100.06,136.0,100.07,66.4
1700000003.5,7,99.96000000000001,0.11999999999999034,99.9,513.2,100.02,155.4,1204.2,5693.1,100.02,38.5,BUY,2,99.9,513.2,99.89,11.7,99.88,181.9,99.87,277.6,99.86,219.8,100.02,155.4,100.03,699.8,100.04,3729.9,100.05,1098.0,100.06,10.0
1700000004.0,8,100.59,0.12000000000000455,100.53,271.3,100.65,251.3,1517.9,3170.8999999999996,100.53,55.1,SELL,1,100.53,271.3,100.52,129.6,100.51,205.6,100.5,88.5,100.49,822.9,100.65,251.3,100.66,411.9,100.67,1787.3,100.68,485.2,100.69,235.2
1700000004.5,9,100.58,0.12000000000000455,100.52,823.1,100.64,2047.0,5395.599999999999,6319.9,100.64,5.5,BUY,1,100.52,823.1,100.51,330.5,100.5,1431.5,100.49,2727.3,100.48,83.2,100.64,2047.0,100.65,107.1,100.66,773.0,100.67,2018.4,100.68,1374.4
1700000005.0,10,100.56,0.12000000000000455,100.5,10.0,100.62,307.7,2499.0,1494.6000000000001,100.62,31.9,BUY,1,100.5,10.0,100.49,392.1,100.48,83.1,100.47,201.2,100.46,1812.6,100.62,307.7,100.63,162.9,100.64,645.1,100.65,157.4,100.66,221.5
1700000005.5,11,100.59,0.09999999999999432,100.54,26.4,100.64,283.6,1694.5,4810.0,100.64,39.9,BUY,1,100.54,26.4,100.53,792.7,100.52,188.2,100.51,644.0,100.5,43.2,100.64,283.6,100.65,157.5,100.66,2866.9,100.67,975.0,100.68,527.0
1700000006.0,12,100.58,0.12000000000000455,100.52,579.4,100.64,290.1,2576.9999999999995,4698.599999999999,100.64,32.5,BUY,3,100.52,579.4,100.51,274.9,100.5,1209.4,100.49,483.6,100.48,29.7,100.64,290.1,100.65,402.7,100.66,1069.5,100.67,2912.1,100.68,24.2
1700000006.5,13,100.565,0.10999999999999943,100.51,697.7,100.62,495.3,4120.8,3617.5999999999995,100.62,9.4,BUY,2,100.51,697.7,100.5,100.1,100.49,402.6,100.48,1652.5,100.47,1267.9,100.62,495.3,100.63,523.8,100.64,1215.3,100.65,720.9,100.66,662.3
1700000007.0,14,100.56,0.12000000000000455,100.5,178.6,100.62,431.2,3286.0,6602.9,100.5,5.0,SELL,2,100.5,178.6,100.49,23.1,100.48,35.3,100.47,768.6,100.46,2280.4,100.62,431.2,100.63,2069.7,100.64,1566.7,100.65,805.2,100.66,1730.1
1700000007.5,15,100.57,0.10000000000000853,100.52,243.8,100.62,792.9,3140.6000000000004,2752.3,100.57,0.0,BUY,0,100.52,243.8,100.51,808.6,100.5,10.0,100.49,626.0,100.48,1452.2,100.62,792.9,100.63,402.7,100.64,289.4,100.65,539.1,100.66,728.2
1700000008.0,16,100.58,0.12000000000000455,100.52,235.8,100.64,53.0,3261.4,2758.5,100.64,38.3,BUY,3,100.52,235.8,100.51,132.6,100.5,1043.3,100.49,1685.4,100.48,164.3,100.64,53.0,100.65,1509.1,100.66,765.6,100.67,417.9,100.68,12.9
1700000008.5,17,100.59,0.12000000000000455,100.53,971.6,100.65,404.6,2244.3999999999996,5303.0,100.65,7.3,BUY,1,100.53,971.6,100.52,686.9,100.51,267.1,100.5,252.2,100.49,66.6,100.65,404.6,100.66,394.0,100.67,2721.4,100.68,803.6,100.69,979.4
1700000009.0,18,100.58,0.12000000000000455,100.52,23.8,100.64,335.6,3876.8,1995.3,100.64,65.4,BUY,2,100.52,23.8,100.51,211.3,100.5,1774.2,100.49,1050.1,100.48,817.4,100.64,335.6,100.65,333.7,100.66,1207.8,100.67,40.3,100.68,77.9
1700000009.5,19,100.59,0.09999999999999432,100.54,10.0,100.64,987.6,1349.8,1362.5,100.64,13.8,BUY,2,100.54,10.0,100.53,851.4,100.52,310.5,100.51,14.8,100.5,163.1,100.64,987.6,100.65,205.0,100.66,85.2,100.67,74.7,100.68,10.0
1700000010.0,20,100.6,0.11999999999999034,100.54,50.7,100.66,62.4,2177.8,2964.8999999999996,100.66,5.0,BUY,3,100.54,50.7,100.53,17.5,100.52,44.1,100.51,1349.4,100.5,716.1,100.66,62.4,100.67,259.3,100.68,407.9,100.69,205.0,100.7,2030.3
1700000010.5,21,100.59,0.12000000000000455,100.53,286.4,100.65,226.9,1595.8,3175.9,100.65,32.2,BUY,1,100.53,286.4,100.52,132.7,100.51,39.1,100.5,809.9,100.49,327.7,100.65,226.9,100.66,1306.4,100.67,962.4,100.68,107.6,100.69,572.6
1700000011.0,22,100.59,0.09999999999999432,100.54,42.5,100.64,65.2,1645.9,1528.4,100.59,0.0,BUY,0,100.54,42.5,100.53,812.4,100.52,115.5,100.51,12.8,100.5,662.7,100.64,65.2,100.65,666.8,100.66,59.5,100.67,50.9,100.68,686.0
1700000011.5,23,100.61,0.12000000000000455,100.55,292.7,100.67,1192.1,2510.1,3360.7,100.67,5.0,BUY,1,100.55,292.7,100.54,931.7,100.53,16.6,100.52,340.7,100.51,928.4,100.67,1192.1,100.68,679.7,100.69,542.9,100.7,541.1,100.71,404.9
1700000012.0,24,100.63,0.12000000000000455,100.57,178.7,100.69,209.0,2665.1,2219.6,100.57,5.0,SELL,4,100.57,178.7,100.56,1103.8,100.55,493.1,100.54,354.5,100.53,535.0,100.69,209.0,100.7,143.5,100.71,335.6,100.72,907.6,100.73,623.9
1700000012.5,25,100.64,0.12000000000000455,100.58,285.5,100.7,192.2,1824.2,3199.8999999999996,100.7,29.7,BUY,4,100.58,285.5,100.57,66.3,100.56,662.9,100.55,316.2,100.54,493.3,100.7,192.2,100.71,511.2,100.72,1253.2,100.73,235.2,100.74,1008.1
1700000013.0,26,100.64,0.12000000000000455,100.58,304.7,100.7,279.6,1055.6,7816.599999999999,100.7,18.8,BUY,2,100.58,304.7,100.57,10.0,100.56,233.7,100.55,207.4,100.54,299.8,100.7,279.6,100.71,572.3,100.72,2203.7,100.73,2748.7,100.74,2012.3
1700000013.5,27,100.65,0.10000000000000853,100.6,640.1,100.7,198.9,2886.5,1132.3,100.7,29.9,BUY,3,100.6,640.1,100.59,140.6,100.58,748.5,100.57,734.5,100.56,622.8,100.7,198.9,100.71,290.9,100.72,125.6,100.73,84.2,100.74,432.7
1700000014.0,28,100.65,0.11999999999999034,100.59,229.9,100.71,266.3,4432.0,3872.5,100.71,23.0,BUY,5,100.59,229.9,100.58,1532.8,100.57,1772.3,100.56,381.9,100.55,515.1,100.71,266.3,100.72,283.1,100.73,234.9,100.74,2941.6,100.75,146.6
1700000014.5,29,100.88,0.12000000000000455,100.82,95.4,100.94,727.3,2013.7000000000003,4089.7,100.94,77.3,BUY,1,100.82,95.4,100.81,992.5,100.8,10.0,100.79,585.7,100.78,330.1,100.94,727.3,100.95,30.9,100.96,49.4,100.97,2242.7,100.98,1039.4
1700000015.0,30,100.88,0.12000000000000455,100.82,249.0,100.94,30.7,3636.8,1750.2,100.82,29.3,SELL,3,100.82,249.0,100.81,1737.0,100.8,456.1,100.79,851.4,100.78,343.3,100.94,30.7,100.95,781.1,100.96,334.4,100.97,230.8,100.98,373.2
1700000015.5,31,100.89,0.12000000000000455,100.83,174.4,100.95,262.1,2249.6000000000004,3875.9,100.83,30.9,SELL,3,100.83,174.4,100.82,67.0,100.81,351.3,100.8,53.7,100.79,1603.2,100.95,262.1,100.96,140.4,100.97,1482.0,100.98,86.9,100.99,1904.5
1700000016.0,32,100.91,0.12000000000000455,100.85,787.1,100.97,359.6,3181.7,5210.700000000001,100.85,10.3,SELL,1,100.85,787.1,100.84,234.8,100.83,784.8,100.82,1265.3,100.81,109.7,100.97,359.6,100.98,399.8,100.99,1779.7,101.0,2365.0,101.01,306.6
1700000016.5,33,100.9,0.11999999999999034,100.84,124.2,100.96,991.3,4772.7,2643.5,100.84,103.5,SELL,2,100.84,124.2,100.83,933.9,100.82,645.2,100.81,1314.2,100.8,1755.2,100.96,991.3,100.97,39.3,100.98,265.2,100.99,1213.9,101.0,133.8
1700000017.0,34,100.91,0.12000000000000455,100.85,159.6,100.97,626.3,2852.5,2419.3999999999996,100.91,0.0,BUY,0,100.85,159.6,100.84,516.2,100.83,929.2,100.82,277.9,100.81,969.6,100.97,626.3,100.98,563.8,100.99,204.6,101.0,709.1,101.01,315.6
1700000017.5,35,100.96000000000001,0.11999999999999034,100.9,230.6,101.02,482.7,4906.8,3774.0,100.96000000000001,0.0,BUY,0,100.9,230.6,100.89,1076.7,100.88,1670.0,100.87,417.1,100.86,1512.4,101.02,482.7,101.03,95.6,101.04,1175.0,101.05,1498.7,101.06,522.0
1700000018.0,36,100.94,0.12000000000000455,100.88,316.7,101.0,78.1,3664.3,3479.4,101.0,5.0,BUY,1,100.88,316.7,100.87,1036.3,100.86,881.5,100.85,216.3,100.84,1213.5,101.0,78.1,101.01,232.8,101.02,1573.0,101.03,1192.9,101.04,402.6
1700000018.5,37,100.94,0.12000000000000455,100.88,195.5,101.0,669.3,2848.7,3770.8,101.0,58.3,BUY,1,100.88,195.5,100.87,1797.3,100.86,317.2,100.85,39.1,100.84,499.6,101.0,669.3,101.01,1078.5,101.02,224.3,101.03,483.0,101.04,1315.7
1700000019.0,38,100.92,0.12000000000000455,100.86,118.7,100.98,452.3,1954.5999999999997,1710.8,100.98,5.0,BUY,2,100.86,118.7,100.85,404.2,100.84,37.3,100.83,1182.1,100.82,212.3,100.98,452.3,100.99,693.9,101.0,192.6,101.01,199.5,101.02,172.5
1700000019.5,39,100.935,0.10999999999999943,100.88,1836.9,100.99,116.0,5249.299999999999,2316.8,100.88,128.7,SELL,1,100.88,1836.9,100.87,332.1,100.86,127.5,100.85,1897.7,100.84,1055.1,100.99,116.0,101.0,155.8,101.01,364.6,101.02,550.2,101.03,1130.2
1700000020.0,40,100.935,0.10999999999999943,100.88,320.9,100.99,558.4,3699.1,2961.3,100.99,5.0,BUY,2,100.88,320.9,100.87,169.2,100.86,804.8,100.85,1126.6,100.84,1277.6,100.99,558.4,101.0,453.7,101.01,820.0,101.02,820.7,101.03,308.5
1700000020.5,41,100.9,0.10000000000000853,100.85,1333.9,100.95,239.5,5144.7,557.2,100.95,89.3,BUY,1,100.85,1333.9,100.84,663.2,100.83,1045.9,100.82,888.0,100.81,1213.7,100.95,239.5,100.96,60.1,100.97,184.2,100.98,35.3,100.99,38.1
1700000021.0,42,100.9,0.11999999999999034,100.84,25.5,100.96,169.8,957.8999999999999,2628.3,100.84,24.5,SELL,1,100.84,25.5,100.83,163.0,100.82,81.7,100.81,356.4,100.8,331.3,100.96,169.8,100.97,533.7,100.98,30.9,100.99,1483.4,101.0,410.5
1700000021.5,43,100.89,0.12000000000000455,100.83,571.5,100.95,95.0,2589.8,3999.4,100.95,40.9,BUY,1,100.83,571.5,100.82,491.5,100.81,781.8,100.8,505.1,100.79,239.9,100.95,95.0,100.96,111.4,100.97,1833.2,100.98,848.3,100.99,1111.5
1700000022.0,44,100.85,0.11999999999999034,100.79,53.2,100.91,101.1,1774.7999999999997,3038.7999999999997,100.91,35.2,BUY,1,100.79,53.2,100.78,133.2,100.77,652.5,100.76,903.8,100.75,32.1,100.91,101.1,100.92,10.0,100.93,1547.5,100.94,990.5,100.95,389.7
1700000022.5,45,100.84,0.12000000000000455,100.78,139.6,100.9,699.5,3099.4,6895.900000000001,100.9,19.7,BUY,2,100.78,139.6,100.77,342.4,100.76,395.8,100.75,511.7,100.74,1709.9,100.9,699.5,100.91,610.2,100.92,320.6,100.93,1040.8,100.94,4224.8
1700000023.0,46,100.87,0.12000000000000455,100.81,59.0,100.93,473.1,1728.0,3126.1000000000004,100.81,15.3,SELL,1,100.81,59.0,100.8,731.6,100.79,377.2,100.78,431.6,100.77,128.6,100.93,473.1,100.94,1458.7,100.95,37.9,100.96,910.6,100.97,245.8
1700000023.5,47,100.91,0.12000000000000455,100.85,26.1,100.97,409.2,1725.9,3712.9,100.97,5.0,BUY,2,100.85,26.1,100.84,78.8,100.83,819.0,100.82,643.6,100.81,158.4,100.97,409.2,100.98,1247.9,100.99,534.5,101.0,395.7,101.01,1125.6
1700000024.0,48,100.9,0.11999999999999034,100.84,1737.9,100.96,730.4,3998.0,5740.200000000001,100.9,0.0,BUY,0,100.84,1737.9,100.83,299.0,100.82,59.1,100.81,1449.2,100.8,452.8,100.96,730.4,100.97,430.3,100.98,225.9,100.99,728.7,101.0,3624.9
1700000024.5,49,100.86,0.12000000000000455,100.8,298.7,100.92,266.0,2853.3999999999996,4441.700000000001,100.86,0.0,BUY,0,100.8,298.7,100.79,10.0,100.78,268.3,100.77,495.1,100.76,1781.3,100.92,266.0,100.93,307.0,100.94,1091.7,100.95,1501.1,100.96,1275.9
1700000025.0,50,100.85,0.11999999999999034,100.79,32.2,100.91,56.6,598.9999999999999,1723.6,100.91,26.5,BUY,1,100.79,32.2,100.78,389.6,100.77,140.0,100.76,17.3,100.75,19.9,100.91,56.6,100.92,269.3,100.93,684.6,100.94,679.3,100.95,33.8
1700000025.5,51,100.85,0.11999999999999034,100.79,270.5,100.91,349.5,4747.8,3878.7000000000003,100.91,11.4,BUY,3,100.79,270.5,100.78,583.9,100.77,1088.9,100.76,2168.2,100.75,636.3,100.91,349.5,100.92,336.4,100.93,474.6,100.94,2280.3,100.95,437.9
1700000026.0,52,96.55,0.12000000000000455,96.49,131.8,96.61,634.9,4355.3,3170.3,96.49,104.6,SELL,1,96.49,131.8,96.48,219.0,96.47,682.1,96.46,1258.5,96.45,2063.9,96.61,634.9,96.62,263.8,96.63,1429.4,96.64,407.6,96.65,434.6
1700000026.5,53,96.55,0.12000000000000455,96.49,326.2,96.61,137.3,5880.4,2536.5,96.49,24.4,SELL,1,96.49,326.2,96.48,143.5,96.47,817.9,96.46,2929.9,96.45,1662.9,96.61,137.3,96.62,237.1,96.63,310.3,96.64,491.9,96.65,1359.9
1700000027.0,54,96.52,0.12000000000000455,96.46,196.8,96.58,96.0,2419.9,1594.3,96.46,17.8,SELL,2,96.46,196.8,96.45,350.0,96.44,10.0,96.43,196.4,96.42,1666.7,96.58,96.0,96.59,60.5,96.6,819.6,96.61,420.6,96.62,197.6
1700000027.5,55,96.55,0.12000000000000455,96.49,22.0,96.61,196.0,2125.7,1520.2,96.49,38.1,SELL,1,96.49,22.0,96.48,180.0,96.47,222.1,96.46,737.1,96.45,964.5,96.61,196.0,96.62,300.8,96.63,239.8,96.64,726.3,96.65,57.3
1700000028.0,56,96.50999999999999,0.11999999999999034,96.45,261.5,96.57,752.0,1173.7,3632.0,96.57,40.0,BUY,1,96.45,261.5,96.44,82.6,96.43,121.9,96.42,608.5,96.41,99.2,96.57,752.0,96.58,1062.9,96.59,178.0,96.6,1456.5,96.61,182.6
1700000028.5,57,96.53,0.12000000000000455,96.47,64.8,96.59,61.6,1578.0,3815.0999999999995,96.59,74.2,BUY,2,96.47,64.8,96.46,238.0,96.45,327.1,96.44,386.9,96.43,561.2,96.59,61.6,96.6,1232.8,96.61,816.9,96.62,685.8,96.63,1018.0
1700000029.0,58,96.50999999999999,0.11999999999999034,96.45,90.8,96.57,239.3,2042.7,4854.4,96.57,40.0,BUY,2,96.45,90.8,96.44,364.9,96.43,16.2,96.42,1112.6,96.41,458.2,96.57,239.3,96.58,181.7,96.59,778.0,96.6,187.1,96.61,3468.3
1700000029.5,59,96.5,0.09999999999999432,96.45,679.0,96.55,253.9,2713.5,3173.3,96.55,5.4,BUY,2,96.45,679.0,96.44,284.5,96.43,204.9,96.42,17.6,96.41,1527.5,96.55,253.9,96.56,49.2,96.57,1623.5,96.58,67.8,96.59,1178.9
1700000030.0,60,96.50999999999999,0.11999999999999034,96.45,214.8,96.57,693.3,2845.4,3262.4,96.45,5.0,SELL,1,96.45,214.8,96.44,1188.6,96.43,80.7,96.42,1099.2,96.41,262.1,96.57,693.3,96.58,405.3,96.59,855.5,96.6,1041.2,96.61,267.1
1700000030.5,61,96.52,0.09999999999999432,96.47,81.0,96.57,44.8,3570.5,1932.8000000000002,96.47,8.0,SELL,2,96.47,81.0,96.46,81.5,96.45,116.1,96.44,538.6,96.43,2753.3,96.57,44.8,96.58,315.6,96.59,462.1,96.6,76.6,96.61,1033.7
1700000031.0,62,96.52,0.09999999999999432,96.47,673.6,96.57,63.0,5692.9,2744.2000000000003,96.57,9.5,BUY,3,96.47,673.6,96.46,2464.6,96.45,66.2,96.44,2307.5,96.43,181.0,96.57,63.0,96.58,920.2,96.59,584.9,96.6,973.2,96.61,202.9
1700000031.5,63,96.5,0.12000000000000455,96.44,487.9,96.56,64.5,2480.1000000000004,2106.1000000000004,96.44,9.0,SELL,5,96.44,487.9,96.43,349.3,96.42,224.9,96.41,64.7,96.4,1353.3,96.56,64.5,96.57,87.4,96.58,363.5,96.59,162.8,96.6,1427.9
1700000032.0,64,96.49000000000001,0.11999999999999034,96.43,259.2,96.55,813.4,4503.6,3986.4,96.49000000000001,0.0,BUY,0,96.43,259.2,96.42,128.0,96.41,1693.3,96.4,1177.4,96.39,1245.7,96.55,813.4,96.56,511.0,96.57,915.7,96.58,1496.7,96.59,249.6
1700000032.5,65,96.48,0.12000000000000455,96.42,433.2,96.54,306.3,2949.8999999999996,2606.9,96.42,8.4,SELL,2,96.42,433.2,96.41,317.8,96.4,956.3,96.39,128.8,96.38,1113.8,96.54,306.3,96.55,65.9,96.56,665.1,96.57,1280.1,96.58,289.5
1700000033.0,66,96.50999999999999,0.11999999999999034,96.45,195.8,96.57,1070.6,2448.4,3717.4,96.45,5.0,SELL,1,96.45,195.8,96.44,117.0,96.43,115.4,96.42,1097.7,96.41,922.5,96.57,1070.6,96.58,280.0,96.59,204.5,96.6,2044.7,96.61,117.6
1700000033.5,67,100.81,0.09999999999999432,100.76,825.3,100.86,480.3,4701.1,2356.6,100.76,5.0,SELL,2,100.76,825.3,100.75,105.8,100.74,1013.9,100.73,211.4,100.72,2544.7,100.86,480.3,100.87,321.4,100.88,254.6,100.89,295.3,100.9,1005.0
1700000034.0,68,100.8,0.12000000000000455,100.74,86.8,100.86,583.6,1706.8,3510.5,100.86,113.5,BUY,1,100.74,86.8,100.73,98.3,100.72,475.6,100.71,77.8,100.7,968.3,100.86,583.6,100.87,735.1,100.88,97.1,100.89,1456.5,100.9,638.2
1700000034.5,69,100.77,0.09999999999999432,100.72,116.9,100.82,652.3,4284.9,2253.0,100.72,45.4,SELL,1,100.72,116.9,100.71,742.2,100.7,2608.1,100.69,807.7,100.68,10.0,100.82,652.3,100.83,10.0,100.84,358.3,100.85,961.9,100.86,270.5
1700000035.0,70,100.75999999999999,0.11999999999999034,100.7,202.6,100.82,64.5,3143.2000000000003,2334.3999999999996,100.7,13.4,SELL,4,100.7,202.6,100.69,569.3,100.68,1954.5,100.67,10.0,100.66,406.8,100.82,64.5,100.83,401.3,100.84,623.8,100.85,325.1,100.86,919.7
1700000035.5,71,100.75,0.12000000000000455,100.69,51.6,100.81,30.3,3538.0,2726.9,100.75,0.0,BUY,0,100.69,51.6,100.68,229.7,100.67,180.3,100.66,1058.1,100.65,2018.3,100.81,30.3,100.82,75.4,100.83,864.6,100.84,1746.6,100.85,10.0
1700000036.0,72,84.12,0.12000000000000455,84.06,1005.4,84.18,1134.0,1788.8999999999999,4114.7,84.06,14.8,SELL,3,84.06,1005.4,84.05,38.7,84.04,33.0,84.03,701.8,84.02,10.0,84.18,1134.0,84.19,289.8,84.2,1198.0,84.21,369.7,84.22,1123.2
1700000036.5,73,92.4,0.11999999999999034,92.34,424.9,92.46,642.6,2806.1,3729.4,92.46,7.4,BUY,1,92.34,424.9,92.33,249.3,92.32,33.1,92.31,149.2,92.3,1949.6,92.46,642.6,92.47,224.7,92.48,2477.5,92.49,59.2,92.5,325.4
1700000037.0,74,92.38,0.12000000000000455,92.32,402.4,92.44,33.2,1809.6000000000001,1832.5,92.44,101.2,BUY,1,92.32,402.4,92.31,435.1,92.3,232.4,92.29,311.9,92.28,427.8,92.44,33.2,92.45,442.3,92.46,509.8,92.47,665.0,92.48,182.2
1700000037.5,75,92.39,0.12000000000000455,92.33,70.9,92.45,198.0,3697.1,2008.6,92.45,29.9,BUY,1,92.33,70.9,92.32,800.9,92.31,100.7,92.3,2529.0,92.29,195.6,92.45,198.0,92.46,514.3,92.47,511.9,92.48,688.2,92.49,96.2
1700000038.0,76,92.38,0.10000000000000853,92.33,574.2,92.43,307.8,2475.4,2398.3,92.38,0.0,BUY,0,92.33,574.2,92.32,1157.4,92.31,538.3,92.3,121.7,92.29,83.8,92.43,307.8,92.44,929.9,92.45,70.3,92.46,326.1,92.47,764.2
1700000038.5,77,92.38,0.12000000000000455,92.32,242.9,92.44,657.9,1882.8000000000002,3153.7,92.32,6.5,SELL,3,92.32,242.9,92.31,81.9,92.3,150.4,92.29,617.1,92.28,790.5,92.44,657.9,92.45,415.6,92.46,146.8,92.47,949.9,92.48,983.5
1700000039.0,78,92.37,0.12000000000000455,92.31,65.2,92.43,39.6,7225.5,2848.7,92.43,15.9,BUY,1,92.31,65.2,92.3,1832.0,92.29,1328.2,92.28,1388.0,92.27,2612.1,92.43,39.6,92.44,10.0,92.45,203.3,92.46,2427.6,92.47,168.2
1700000039.5,79,92.38,0.12000000000000455,92.32,555.4,92.44,258.8,2362.1,2747.4,92.44,15.7,BUY,2,92.32,555.4,92.31,423.0,92.3,658.0,92.29,427.0,92.28,298.7,92.44,258.8,92.45,70.9,92.46,761.0,92.47,100.8,92.48,1555.9
1700000040.0,80,92.37,0.12000000000000455,92.31,238.9,92.43,645.0,3871.4000000000005,2744.1,92.37,0.0,BUY,0,92.31,238.9,92.3,1135.5,92.29,171.9,92.28,1000.9,92.27,1324.2,92.43,645.0,92.44,1282.6,92.45,566.3,92.46,145.9,92.47,104.3
1700000040.5,81,92.37,0.12000000000000455,92.31,770.8,92.43,204.9,2367.2,2524.5,92.43,13.5,BUY,5,92.31,770.8,92.3,135.5,92.29,728.7,92.28,125.4,92.27,606.8,92.43,204.9,92.44,1133.6,92.45,567.8,92.46,582.6,92.47,35.6
1700000041.0,82,92.39,0.12000000000000455,92.33,446.9,92.45,30.6,6625.9,2274.1000000000004,92.39,0.0,BUY,0,92.33,446.9,92.32,306.7,92.31,1267.2,92.3,186.6,92.29,4418.5,92.45,30.6,92.46,528.2,92.47,227.6,92.48,523.4,92.49,964.3
1700000041.5,83,92.4,0.11999999999999034,92.34,187.2,92.46,531.4,3705.6,6483.799999999999,92.46,55.9,BUY,1,92.34,187.2,92.33,372.5,92.32,2459.0,92.31,334.4,92.3,352.5,92.46,531.4,92.47,940.4,92.48,1899.5,92.49,903.4,92.5,2209.1
1700000042.0,84,92.4,0.11999999999999034,92.34,148.5,92.46,600.6,2262.9,2719.6,92.46,48.7,BUY,1,92.34,148.5,92.33,137.8,92.32,494.9,92.31,501.5,92.3,980.2,92.46,600.6,92.47,16.4,92.48,154.6,92.49,211.9,92.5,1736.1
1700000042.5,85,92.41,0.12000000000000455,92.35,965.3,92.47,132.8,4088.5999999999995,3471.2,92.41,0.0,BUY,0,92.35,965.3,92.34,1033.6,92.33,404.9,92.32,1015.6,92.31,669.2,92.47,132.8,92.48,858.8,92.49,781.0,92.5,129.6,92.51,1569.0
1700000043.0,86,92.39,0.12000000000000455,92.33,476.2,92.45,1378.8,4761.3,4125.5,92.45,14.5,BUY,2,92.33,476.2,92.32,1779.4,92.31,1948.7,92.3,331.8,92.29,225.2,92.45,1378.8,92.46,112.0,92.47,434.6,92.48,352.5,92.49,1847.6
1700000043.5,87,118.42,0.12000000000000455,118.36,73.3,118.48,790.6,2256.7999999999997,7337.9,118.42,0.0,BUY,0,118.36,73.3,118.35,254.2,118.34,194.3,118.33,828.4,118.32,906.6,118.48,790.6,118.49,663.6,118.5,978.7,118.51,4660.6,118.52,244.4
1700000044.0,88,118.44,0.12000000000000455,118.38,1868.6,118.5,365.8,6531.4,4486.1,118.38,29.5,SELL,3,118.38,1868.6,118.37,341.0,118.36,2497.9,118.35,1462.2,118.34,361.7,118.5,365.8,118.51,1333.2,118.52,293.7,118.53,2289.9,118.54,203.5
1700000044.5,89,118.42,0.12000000000000455,118.36,281.4,118.48,292.4,1673.6,7030.699999999999,118.36,68.8,SELL,1,118.36,281.4,118.35,829.5,118.34,153.6,118.33,275.6,118.32,133.5,118.48,292.4,118.49,2524.0,118.5,1033.8,118.51,3129.1,118.52,51.4
1700000045.0,90,118.45,0.12000000000000455,118.39,11.1,118.51,653.9,2116.2,3089.7,118.51,24.6,BUY,4,118.39,11.1,118.38,752.1,118.37,221.4,118.36,815.0,118.35,316.6,118.51,653.9,118.52,1824.9,118.53,473.2,118.54,127.6,118.55,10.1
1700000045.5,91,118.47,0.09999999999999432,118.42,254.9,118.52,76.3,2921.4,3181.8999999999996,118.42,10.2,SELL,4,118.42,254.9,118.41,288.1,118.4,487.3,118.39,114.4,118.38,1776.7,118.52,76.3,118.53,292.8,118.54,903.5,118.55,1615.6,118.56,293.7
1700000046.0,92,118.50999999999999,0.11999999999999034,118.45,1218.5,118.57,46.7,3907.1,1488.3000000000002,118.45,39.4,SELL,4,118.45,1218.5,118.44,642.6,118.43,1324.6,118.42,168.5,118.41,552.9,118.57,46.7,118.58,582.1,118.59,774.0,118.6,10.0,118.61,75.5
1700000046.5,93,118.52,0.12000000000000455,118.46,144.6,118.58,367.2,3515.7,2013.4000000000003,118.58,182.9,BUY,3,118.46,144.6,118.45,432.7,118.44,321.6,118.43,883.4,118.42,1733.4,118.58,367.2,118.59,791.2,118.6,111.9,118.61,68.9,118.62,674.2
1700000047.0,94,118.5,0.12000000000000455,118.44,475.4,118.56,25.6,1459.4,1629.0,118.5,0.0,BUY,0,118.44,475.4,118.43,295.8,118.42,239.7,118.41,237.7,118.4,210.8,118.56,25.6,118.57,386.6,118.58,98.1,118.59,655.6,118.6,463.1
1700000047.5,95,118.50999999999999,0.11999999999999034,118.45,86.7,118.57,120.8,7827.3,3217.7999999999997,118.57,17.8,BUY,1,118.45,86.7,118.44,603.6,118.43,1626.0,118.42,5014.1,118.41,496.9,118.57,120.8,118.58,424.6,118.59,87.8,118.6,177.4,118.61,2407.2
1700000048.0,96,118.49000000000001,0.11999999999999034,118.43,10.0,118.55,331.8,4848.7,5468.0,118.55,5.2,BUY,3,118.43,10.0,118.42,611.8,118.41,1353.5,118.4,1180.8,118.39,1692.6,118.55,331.8,118.56,588.0,118.57,1060.2,118.58,297.6,118.59,3190.4
1700000048.5,97,105.13,0.12000000000000455,105.07,20.1,105.19,1100.3,3501.3,4743.1,105.19,27.7,BUY,6,105.07,20.1,105.06,132.6,105.05,1383.6,105.04,1023.1,105.03,941.9,105.19,1100.3,105.2,1002.8,105.21,1202.9,105.22,266.6,105.23,1170.5
1700000049.0,98,105.16,0.12000000000000455,105.1,1200.5,105.22,417.2,4823.7,5114.5,105.22,10.7,BUY,2,105.1,1200.5,105.09,332.4,105.08,813.6,105.07,1671.7,105.06,805.5,105.22,417.2,105.23,98.1,105.24,1176.9,105.25,307.0,105.26,3115.3
1700000049.5,99,105.2,0.12000000000000455,105.14,405.8,105.26,1286.3,1757.4,3399.1,105.14,13.4,SELL,2,105.14,405.8,105.13,348.6,105.12,21.2,105.11,582.7,105.1,399.1,105.26,1286.3,105.27,364.5,105.28,445.2,105.29,1261.9,105.3,41.2
1700000050.0,100,105.21000000000001,0.10000000000000853,105.16,25.5,105.26,428.4,1936.6999999999998,4673.799999999999,105.16,21.1,SELL,1,105.16,25.5,105.15,73.9,105.14,601.0,105.13,572.8,105.12,663.5,105.26,428.4,105.27,126.3,105.28,779.4,105.29,1402.3,105.3,1937.4
1700000050.5,101,105.22,0.12000000000000455,105.16,55.9,105.28,413.3,1178.3000000000002,5275.5,105.28,5.9,BUY,2,105.16,55.9,105.15,595.2,105.14,382.8,105.13,110.2,105.12,34.2,105.28,413.3,105.29,643.0,105.3,984.7,105.31,2129.9,105.32,1104.6
1700000051.0,102,105.18,0.11999999999999034,105.12,251.5,105.24,657.2,2109.5,7724.4,105.18,0.0,BUY,0,105.12,251.5,105.11,100.1,105.1,302.1,105.09,1244.7,105.08,211.1,105.24,657.2,105.25,475.2,105.26,3415.2,105.27,501.2,105.28,2675.6
1700000051.5,103,105.2,0.12000000000000455,105.14,15.6,105.26,338.7,2062.1,2594.0,105.26,7.6,BUY,3,105.14,15.6,105.13,1107.7,105.12,259.6,105.11,402.3,105.1,276.9,105.26,338.7,105.27,234.9,105.28,636.6,105.29,554.5,105.3,829.3
1700000052.0,104,105.2,0.12000000000000455,105.14,25.1,105.26,10.0,2343.5,3237.7,105.26,180.2,BUY,3,105.14,25.1,105.13,465.0,105.12,431.2,105.11,523.2,105.1,899.0,105.26,10.0,105.27,500.6,105.28,108.1,105.29,806.8,105.3,1812.2
1700000052.5,105,105.21000000000001,0.11999999999999034,105.15,179.7,105.27,404.4,2604.2,2623.7,105.27,5.0,BUY,4,105.15,179.7,105.14,16.4,105.13,1227.2,105.12,781.7,105.11,399.2,105.27,404.4,105.28,649.0,105.29,174.7,105.3,658.9,105.31,736.7
1700000053.0,106,105.18,0.11999999999999034,105.12,68.1,105.24,394.3,4674.400000000001,3276.0,105.12,8.3,SELL,1,105.12,68.1,105.11,583.2,105.1,777.5,105.09,2449.9,105.08,795.7,105.24,394.3,105.25,686.4,105.26,220.6,105.27,1136.3,105.28,838.4
1700000053.5,107,105.16,0.12000000000000455,105.1,198.4,105.22,288.0,1419.4,2060.5,105.16,0.0,BUY,0,105.1,198.4,105.09,270.7,105.08,131.6,105.07,627.0,105.06,191.7,105.22,288.0,105.23,72.9,105.24,1079.5,105.25,284.9,105.26,335.2
1700000054.0,108,105.18,0.11999999999999034,105.12,889.7,105.24,180.8,5512.200000000001,3931.6,105.24,87.6,BUY,1,105.12,889.7,105.11,277.8,105.1,280.8,105.09,883.6,105.08,3180.3,105.24,180.8,105.25,298.7,105.26,1191.4,105.27,1079.1,105.28,1181.6
1700000054.5,109,105.2,0.12000000000000455,105.14,359.3,105.26,314.1,3358.0,3137.4,105.14,5.0,SELL,1,105.14,359.3,105.13,240.5,105.12,479.4,105.11,1630.6,105.1,648.2,105.26,314.1,105.27,23.4,105.28,1888.7,105.29,342.3,105.3,568.9
1700000055.0,110,105.2,0.12000000000000455,105.14,544.6,105.26,295.8,3268.2999999999997,2298.5,105.2,0.0,BUY,0,105.14,544.6,105.13,660.5,105.12,1206.8,105.11,531.0,105.1,325.4,105.26,295.8,105.27,34.7,105.28,886.2,105.29,435.0,105.3,646.8
1700000055.5,111,105.19,0.12000000000000455,105.13,579.2,105.25,21.6,4231.3,1975.6999999999998,105.25,84.7,BUY,2,105.13,579.2,105.12,315.6,105.11,469.0,105.1,262.1,105.09,2605.4,105.25,21.6,105.26,1179.1,105.27,148.3,105.28,366.8,105.29,259.9
1700000056.0,112,105.19,0.12000000000000455,105.13,82.8,105.25,2102.7,4101.9,5282.6,105.25,20.2,BUY,2,105.13,82.8,105.12,527.1,105.11,112.6,105.1,2227.6,105.09,1151.8,105.25,2102.7,105.26,15.1,105.27,1195.2,105.28,1309.8,105.29,659.8
1700000056.5,113,105.18,0.11999999999999034,105.12,110.1,105.24,234.8,2706.0,2165.4,105.24,19.1,BUY,2,105.12,110.1,105.11,83.6,105.1,147.0,105.09,1245.2,105.08,1120.1,105.24,234.8,105.25,400.6,105.26,99.8,105.27,971.5,105.28,458.7
1700000057.0,114,105.16,0.12000000000000455,105.1,451.1,105.22,1101.7,3718.2999999999997,4361.3,105.1,50.9,SELL,1,105.1,451.1,105.09,880.5,105.08,1877.0,105.07,72.6,105.06,437.1,105.22,1101.7,105.23,248.6,105.24,488.6,105.25,35.9,105.26,2486.5
1700000057.5,115,107.32,0.11999999999999034,107.26,55.5,107.38,384.4,979.0,1966.4,107.38,37.0,BUY,2,107.26,55.5,107.25,40.5,107.24,307.5,107.23,133.5,107.22,442.0,107.38,384.4,107.39,204.4,107.4,309.7,107.41,301.0,107.42,766.9
1700000058.0,116,107.3,0.12000000000000455,107.24,272.5,107.36,456.8,2884.7,2636.0,107.3,0.0,BUY,0,107.24,272.5,107.23,80.6,107.22,589.0,107.21,219.4,107.2,1723.2,107.36,456.8,107.37,767.5,107.38,128.8,107.39,355.1,107.4,927.8
1700000058.5,117,107.28,0.12000000000000455,107.22,825.4,107.34,238.7,1683.8999999999999,2689.7999999999997,107.34,67.4,BUY,4,107.22,825.4,107.21,255.2,107.2,212.2,107.19,111.3,107.18,279.8,107.34,238.7,107.35,676.4,107.36,573.8,107.37,818.2,107.38,382.7
1700000059.0,118,107.28999999999999,0.11999999999999034,107.23,128.5,107.35,199.2,710.6999999999999,4388.5,107.35,16.9,BUY,1,107.23,128.5,107.22,17.2,107.21,224.7,107.2,267.2,107.19,73.1,107.35,199.2,107.36,674.9,107.37,147.4,107.38,2768.1,107.39,598.9
1700000059.5,119,107.32,0.11999999999999034,107.26,545.6,107.38,56.7,4637.1,2527.2,107.32,0.0,BUY,0,107.26,545.6,107.25,1521.7,107.24,464.7,107.23,1934.6,107.22,170.5,107.38,56.7,107.39,967.3,107.4,338.5,107.41,131.9,107.42,1032.8
1700000060.0,120,107.31,0.12000000000000455,107.25,1219.3,107.37,318.6,3731.5,2225.0,107.25,13.2,SELL,1,107.25,1219.3,107.24,595.9,107.23,173.9,107.22,351.0,107.21,1391.4,107.37,318.6,107.38,23.6,107.39,944.1,107.4,115.7,107.41,823.0
1700000060.5,121,107.31,0.12000000000000455,107.25,649.1,107.37,1631.9,4835.5,6732.7,107.37,43.6,BUY,2,107.25,649.1,107.24,95.7,107.23,727.0,107.22,3299.8,107.21,63.9,107.37,1631.9,107.38,236.8,107.39,338.8,107.4,3892.8,107.41,632.4
1700000061.0,122,107.31,0.12000000000000455,107.25,57.0,107.37,852.3,4059.7,3160.9,107.25,39.2,SELL,1,107.25,57.0,107.24,501.0,107.23,21.0,107.22,279.7,107.21,3201.0,107.37,852.3,107.38,346.8,107.39,723.4,107.4,200.0,107.41,1038.4
1700000061.5,123,107.33,0.12000000000000455,107.27,754.4,107.39,903.2,2642.6,2908.2000000000003,107.39,5.0,BUY,6,107.27,754.4,107.26,603.3,107.25,1098.5,107.24,15.9,107.23,170.5,107.39,903.2,107.4,541.7,107.41,364.5,107.42,834.7,107.43,264.1
1700000062.0,124,107.32,0.11999999999999034,107.26,432.2,107.38,873.4,1741.4,3437.4,107.38,52.8,BUY,1,107.26,432.2,107.25,150.2,107.24,749.2,107.23,42.9,107.22,366.9,107.38,873.4,107.39,527.3,107.4,320.0,107.41,1619.8,107.42,96.9
1700000062.5,125,107.32,0.11999999999999034,107.26,202.1,107.38,456.3,2768.0,4161.099999999999,107.38,57.2,BUY,3,107.26,202.1,107.25,728.2,107.24,423.8,107.23,735.1,107.22,678.8,107.38,456.3,107.39,595.5,107.4,1350.1,107.41,1112.9,107.42,646.3
1700000063.0,126,107.32,0.10000000000000853,107.27,165.9,107.37,56.1,3066.3,1980.5,107.32,0.0,BUY,0,107.27,165.9,107.26,577.3,107.25,149.4,107.24,975.4,107.23,1198.3,107.37,56.1,107.38,157.3,107.39,554.5,107.4,551.7,107.41,660.9
1700000063.5,127,107.32,0.10000000000000853,107.27,628.9,107.37,146.0,3800.9000000000005,6795.9,107.27,5.0,SELL,1,107.27,628.9,107.26,686.5,107.25,493.7,107.24,344.5,107.23,1647.3,107.37,146.0,107.38,447.3,107.39,3021.6,107.4,97.8,107.41,3083.2
1700000064.0,128,107.32,0.10000000000000853,107.27,29.5,107.37,43.1,2547.8,787.3,107.37,37.6,BUY,2,107.27,29.5,107.26,185.2,107.25,1543.3,107.24,761.9,107.23,27.9,107.37,43.1,107.38,494.7,107.39,17.2,107.4,177.0,107.41,55.3
1700000064.5,129,107.28999999999999,0.11999999999999034,107.23,654.1,107.35,538.1,7448.599999999999,3400.8,107.35,23.9,BUY,3,107.23,654.1,107.22,169.7,107.21,3005.6,107.2,1359.7,107.19,2259.5,107.35,538.1,107.36,1049.2,107.37,372.2,107.38,1240.8,107.39,200.5
1700000065.0,130,107.28,0.12000000000000455,107.22,427.5,107.34,20.4,3441.5000000000005,2404.1,107.34,39.0,BUY,3,107.22,427.5,107.21,1019.2,107.2,857.2,107.19,642.7,107.18,494.9,107.34,20.4,107.35,1168.0,107.36,221.8,107.37,689.3,107.38,304.6
1700000065.5,131,107.27,0.12000000000000455,107.21,652.9,107.33,289.4,1238.8000000000002,3849.6,107.33,19.4,BUY,2,107.21,652.9,107.2,159.8,107.19,30.1,107.18,225.1,107.17,170.9,107.33,289.4,107.34,1631.5,107.35,1476.5,107.36,55.7,107.37,396.5
1700000066.0,132,107.27,0.12000000000000455,107.21,99.8,107.33,1866.6,1071.4,4479.300000000001,107.33,102.2,BUY,2,107.21,99.8,107.2,27.8,107.19,616.2,107.18,73.0,107.17,254.6,107.33,1866.6,107.34,358.8,107.35,809.7,107.36,84.8,107.37,1359.4
1700000066.5,133,107.25999999999999,0.11999999999999034,107.2,656.5,107.32,1306.5,1370.7,5013.599999999999,107.32,20.4,BUY,1,107.2,656.5,107.19,84.3,107.18,205.0,107.17,97.9,107.16,327.0,107.32,1306.5,107.33,1207.4,107.34,1882.6,107.35,603.4,107.36,13.7
1700000067.0,134,107.22,0.12000000000000455,107.16,224.6,107.28,310.6,4461.599999999999,2197.2,107.22,0.0,BUY,0,107.16,224.6,107.15,129.4,107.14,594.1,107.13,2252.7,107.12,1260.8,107.28,310.6,107.29,651.8,107.3,764.1,107.31,229.6,107.32,241.1
1700000067.5,135,107.23,0.12000000000000455,107.17,457.1,107.29,794.9,1310.1,6161.799999999999,107.29,13.5,BUY,3,107.17,457.1,107.16,264.9,107.15,34.2,107.14,383.4,107.13,170.5,107.29,794.9,107.3,342.4,107.31,101.3,107.32,1511.5,107.33,3411.7
1700000068.0,136,107.25999999999999,0.11999999999999034,107.2,1570.6,107.32,65.1,2877.8,3307.8,107.2,74.0,SELL,2,107.2,1570.6,107.19,52.7,107.18,437.0,107.17,762.0,107.16,55.5,107.32,65.1,107.33,21.9,107.34,1562.7,107.35,1256.2,107.36,401.9
1700000068.5,137,107.28999999999999,0.11999999999999034,107.23,961.9,107.35,560.0,5683.400000000001,2970.1000000000004,107.35,21.9,BUY,2,107.23,961.9,107.22,165.3,107.21,1332.9,107.2,631.0,107.19,2592.3,107.35,560.0,107.36,161.0,107.37,2015.4,107.38,87.3,107.39,146.4
1700000069.0,138,107.32,0.11999999999999034,107.26,1139.3,107.38,146.2,3493.0,2732.4,107.38,34.0,BUY,3,107.26,1139.3,107.25,316.7,107.24,509.7,107.23,784.9,107.22,742.4,107.38,146.2,107.39,862.5,107.4,622.5,107.41,10.0,107.42,1091.2
1700000069.5,139,107.27,0.12000000000000455,107.21,61.9,107.33,1340.7,3020.7,2674.4,107.21,13.9,SELL,3,107.21,61.9,107.2,256.7,107.19,111.8,107.18,1314.2,107.17,1276.1,107.33,1340.7,107.34,154.0,107.35,148.9,107.36,1001.3,107.37,29.5
1700000070.0,140,91.74000000000001,0.11999999999999034,91.68,46.9,91.8,30.2,1608.1999999999998,3309.6000000000004,91.68,6.6,SELL,1,91.68,46.9,91.67,128.0,91.66,735.9,91.65,354.5,91.64,342.9,91.8,30.2,91.81,638.2,91.82,623.2,91.83,481.1,91.84,1536.9
1700000070.5,141,91.71000000000001,0.11999999999999034,91.65,413.5,91.77,27.1,2686.6,4219.0,91.65,12.2,SELL,2,91.65,413.5,91.64,350.0,91.63,501.2,91.62,608.5,91.61,813.4,91.77,27.1,91.78,61.9,91.79,1353.5,91.8,1052.5,91.81,1724.0
1700000071.0,142,91.7,0.12000000000000455,91.64,189.8,91.76,202.8,2190.5,3590.2999999999997,91.7,0.0,BUY,0,91.64,189.8,91.63,756.1,91.62,455.1,91.61,244.9,91.6,544.6,91.76,202.8,91.77,199.3,91.78,182.2,91.79,2350.4,91.8,655.6
1700000071.5,143,91.69,0.12000000000000455,91.63,356.6,91.75,34.3,3467.6,1510.1,91.63,5.0,SELL,3,91.63,356.6,91.62,1257.2,91.61,1434.4,91.6,198.7,91.59,220.7,91.75,34.3,91.76,91.3,91.77,203.6,91.78,953.6,91.79,227.3
1700000072.0,144,99.00999999999999,0.11999999999999034,98.95,163.1,99.07,33.1,4567.7,4810.1,98.95,28.8,SELL,2,98.95,163.1,98.94,1907.2,98.93,1167.4,98.92,1126.3,98.91,203.7,99.07,33.1,99.08,528.4,99.09,624.2,99.1,551.9,99.11,3072.5
1700000072.5,145,99.0,0.12000000000000455,98.94,2797.2,99.06,12.3,5014.5,2116.9,99.0,0.0,BUY,0,98.94,2797.2,98.93,437.6,98.92,604.5,98.91,1165.2,98.9,10.0,99.06,12.3,99.07,479.3,99.08,692.2,99.09,904.7,99.1,28.4
1700000073.0,146,104.53,0.12000000000000455,104.47,324.2,104.59,62.3,1079.9,3598.9,104.47,11.3,SELL,5,104.47,324.2,104.46,249.8,104.45,162.2,104.44,59.9,104.43,283.8,104.59,62.3,104.6,1646.8,104.61,29.5,104.62,454.8,104.63,1405.5
1700000073.5,147,104.53999999999999,0.11999999999999034,104.48,967.0,104.6,157.0,7212.9,2646.3,104.6,17.9,BUY,3,104.48,967.0,104.47,2549.7,104.46,1648.4,104.45,725.2,104.44,1322.6,104.6,157.0,104.61,90.7,104.62,483.6,104.63,249.6,104.64,1665.4
1700000074.0,148,102.28999999999999,0.11999999999999034,102.23,350.8,102.35,625.7,5525.4,2528.0,102.35,22.0,BUY,4,102.23,350.8,102.22,287.0,102.21,1019.3,102.2,3112.3,102.19,756.0,102.35,625.7,102.36,705.7,102.37,64.2,102.38,163.5,102.39,968.9
1700000074.5,149,102.25,0.12000000000000455,102.19,47.3,102.31,10.0,5542.0,6970.4,102.31,27.0,BUY,2,102.19,47.3,102.18,205.9,102.17,267.6,102.16,4505.7,102.15,515.5,102.31,10.0,102.32,376.9,102.33,574.6,102.34,2736.5,102.35,3272.4
1700000075.0,150,102.3,0.12000000000000455,102.24,175.3,102.36,271.9,4848.200000000001,1938.2000000000003,102.24,11.4,SELL,1,102.24,175.3,102.23,348.7,102.22,1912.4,102.21,95.9,102.2,2315.9,102.36,271.9,102.37,651.6,102.38,250.9,102.39,406.2,102.4,357.6
1700000075.5,151,102.28999999999999,0.11999999999999034,102.23,527.4,102.35,333.6,3224.9,3010.7,102.28999999999999,0.0,BUY,0,102.23,527.4,102.22,989.4,102.21,1530.7,102.2,52.4,102.19,125.0,102.35,333.6,102.36,393.2,102.37,667.5,102.38,582.3,102.39,1034.1
1700000076.0,152,102.3,0.12000000000000455,102.24,161.0,102.36,56.3,951.5,3852.7999999999997,102.24,18.2,SELL,1,102.24,161.0,102.23,511.1,102.22,10.5,102.21,258.9,102.2,10.0,102.36,56.3,102.37,139.8,102.38,1332.5,102.39,168.0,102.4,2156.2
1700000076.5,153,102.3,0.12000000000000455,102.24,489.4,102.36,993.0,5025.8,4899.4,102.24,156.4,SELL,1,102.24,489.4,102.23,576.1,102.22,1633.4,102.21,522.7,102.2,1804.2,102.36,993.0,102.37,173.2,102.38,2209.7,102.39,1040.3,102.4,483.2
1700000077.0,154,110.3,0.12000000000000455,110.24,337.2,110.36,510.7,3078.7,2042.1,110.3,0.0,BUY,0,110.24,337.2,110.23,295.3,110.22,514.7,110.21,291.2,110.2,1640.3,110.36,510.7,110.37,588.8,110.38,16.3,110.39,192.0,110.4,734.3
1700000077.5,155,110.28999999999999,0.11999999999999034,110.23,343.5,110.35,413.5,3461.7000000000003,2200.9,110.35,17.1,BUY,3,110.23,343.5,110.22,552.7,110.21,883.8,110.2,1194.9,110.19,486.8,110.35,413.5,110.36,1154.3,110.37,100.6,110.38,219.2,110.39,313.3
1700000078.0,156,110.32,0.11999999999999034,110.26,395.5,110.38,50.6,1931.0,1688.5,110.32,0.0,BUY,0,110.26,395.5,110.25,503.5,110.24,213.8,110.23,282.3,110.22,535.9,110.38,50.6,110.39,652.4,110.4,693.7,110.41,226.8,110.42,65.0
1700000078.5,157,110.34,0.12000000000000455,110.28,10.0,110.4,10.0,4322.2,2704.5,110.4,5.0,BUY,3,110.28,10.0,110.27,795.3,110.26,331.4,110.25,956.4,110.24,2229.1,110.4,10.0,110.41,421.8,110.42,959.8,110.43,725.4,110.44,587.5
1700000079.0,158,110.32,0.11999999999999034,110.26,93.6,110.38,194.2,1940.9,2186.1,110.38,78.0,BUY,1,110.26,93.6,110.25,318.7,110.24,219.0,110.23,127.4,110.22,1182.2,110.38,194.2,110.39,96.3,110.4,677.5,110.41,193.1,110.42,1025.0
1700000079.5,159,110.28,0.12000000000000455,110.22,833.5,110.34,253.6,6293.2,3733.9,110.22,44.2,SELL,2,110.22,833.5,110.21,243.3,110.2,1604.3,110.19,2678.6,110.18,933.5,110.34,253.6,110.35,1038.2,110.36,94.8,110.37,1876.9,110.38,470.4
1700000080.0,160,110.3,0.12000000000000455,110.24,124.6,110.36,49.4,2092.3,1914.0,110.36,66.6,BUY,1,110.24,124.6,110.23,809.7,110.22,54.5,110.21,113.2,110.2,990.3,110.36,49.4,110.37,466.1,110.38,124.2,110.39,260.0,110.4,1014.3
1700000080.5,161,110.27,0.12000000000000455,110.21,672.6,110.33,1191.1,1269.6000000000001,3385.5,110.21,8.9,SELL,1,110.21,672.6,110.2,132.0,110.19,10.4,110.18,373.9,110.17,80.7,110.33,1191.1,110.34,292.6,110.35,436.3,110.36,147.3,110.37,1318.2
1700000081.0,162,110.27,0.09999999999999432,110.22,25.0,110.32,1269.7,3057.8,2121.1,110.27,0.0,BUY,0,110.22,25.0,110.21,102.6,110.2,553.1,110.19,2297.4,110.18,79.7,110.32,1269.7,110.33,304.0,110.34,126.3,110.35,123.2,110.36,297.9
1700000081.5,163,110.28999999999999,0.11999999999999034,110.23,135.1,110.35,1064.5,1688.7,2412.6,110.23,241.7,SELL,3,110.23,135.1,110.22,250.6,110.21,251.3,110.2,966.5,110.19,85.2,110.35,1064.5,110.36,183.8,110.37,81.8,110.38,455.9,110.39,626.6
1700000082.0,164,110.3,0.12000000000000455,110.24,1033.3,110.36,202.6,3258.0,2262.2,110.3,0.0,BUY,0,110.24,1033.3,110.23,160.2,110.22,10.0,110.21,1808.7,110.2,245.8,110.36,202.6,110.37,814.7,110.38,356.9,110.39,486.4,110.4,401.6
1700000082.5,165,110.31,0.12000000000000455,110.25,208.4,110.37,371.9,4523.6,5826.3,110.37,21.0,BUY,1,110.25,208.4,110.24,1434.6,110.23,55.3,110.22,592.5,110.21,2232.8,110.37,371.9,110.38,549.8,110.39,1113.7,110.4,686.7,110.41,3104.2
1700000083.0,166,110.31,0.12000000000000455,110.25,379.4,110.37,212.7,1937.1,606.1,110.25,15.4,SELL,4,110.25,379.4,110.24,108.7,110.23,478.2,110.22,201.7,110.21,769.1,110.37,212.7,110.38,10.0,110.39,103.4,110.4,80.9,110.41,199.1
1700000083.5,167,110.34,0.12000000000000455,110.28,69.1,110.4,573.7,2114.0,5606.9,110.4,93.0,BUY,2,110.28,69.1,110.27,70.9,110.26,763.9,110.25,143.6,110.24,1066.5,110.4,573.7,110.41,1245.2,110.42,2031.8,110.43,825.4,110.44,930.8
1700000084.0,168,110.35,0.11999999999999034,110.29,58.1,110.41,399.7,939.7,6443.3,110.41,89.5,BUY,1,110.29,58.1,110.28,306.0,110.27,43.1,110.26,297.1,110.25,235.4,110.41,399.7,110.42,978.9,110.43,2527.3,110.44,891.4,110.45,1646.0
1700000084.5,169,106.67,0.12000000000000455,106.61,84.9,106.73,415.4,3465.3999999999996,4072.0,106.61,23.4,SELL,4,106.61,84.9,106.6,35.8,106.59,458.4,106.58,1445.1,106.57,1441.2,106.73,415.4,106.74,954.9,106.75,1536.0,106.76,611.1,106.77,554.6
1700000085.0,170,106.7,0.12000000000000455,106.64,133.9,106.76,508.5,581.8,2631.8,106.64,23.1,SELL,5,106.64,133.9,106.63,116.7,106.62,37.3,106.61,259.4,106.6,34.5,106.76,508.5,106.77,224.4,106.78,1064.4,106.79,96.7,106.8,737.8
1700000085.5,171,106.67,0.12000000000000455,106.61,75.0,106.73,206.4,2548.5,5242.2,106.73,9.1,BUY,1,106.61,75.0,106.6,787.0,106.59,450.5,106.58,1007.2,106.57,228.8,106.73,206.4,106.74,350.0,106.75,234.4,106.76,1073.7,106.77,3377.7
1700000086.0,172,106.66,0.12000000000000455,106.6,306.7,106.72,779.3,2140.6,1535.6,106.6,35.4,SELL,2,106.6,306.7,106.59,564.2,106.58,613.5,106.57,445.5,106.56,210.7,106.72,779.3,106.73,171.3,106.74,106.7,106.75,87.8,106.76,390.5
1700000086.5,173,106.63,0.12000000000000455,106.57,1040.8,106.69,10.0,4548.099999999999,1766.8999999999999,106.57,14.9,SELL,2,106.57,1040.8,106.56,855.8,106.55,283.7,106.54,1648.0,106.53,719.8,106.69,10.0,106.7,1403.3,106.71,257.8,106.72,29.8,106.73,66.0
1700000087.0,174,106.63,0.12000000000000455,106.57,95.8,106.69,15.3,2205.6,2961.0,106.69,78.9,BUY,3,106.57,95.8,106.56,10.0,106.55,702.4,106.54,448.5,106.53,948.9,106.69,15.3,106.7,622.2,106.71,391.9,106.72,633.5,106.73,1298.1
1700000087.5,175,106.59,0.09999999999999432,106.54,1426.8,106.64,218.1,3122.7000000000003,3222.2,106.54,143.0,SELL,4,106.54,1426.8,106.53,378.0,106.52,690.8,106.51,242.3,106.5,384.8,106.64,218.1,106.65,2100.4,106.66,437.2,106.67,345.0,106.68,121.5
1700000088.0,176,106.55,0.12000000000000455,106.49,35.7,106.61,648.4,1650.5,1690.0,106.55,0.0,BUY,0,106.49,35.7,106.48,889.4,106.47,299.3,106.46,254.6,106.45,171.5,106.61,648.4,106.62,287.1,106.63,450.0,106.64,77.3,106.65,227.2
1700000088.5,177,106.565,0.10999999999999943,106.51,10.0,106.62,31.3,3940.0,1723.1,106.62,54.6,BUY,4,106.51,10.0,106.5,532.7,106.49,1036.8,106.48,281.2,106.47,2079.3,106.62,31.3,106.63,181.3,106.64,176.0,106.65,819.6,106.66,514.9
1700000089.0,178,106.53999999999999,0.11999999999999034,106.48,63.3,106.6,634.1,2959.3999999999996,4070.3,106.48,15.2,SELL,3,106.48,63.3,106.47,20.8,106.46,927.9,106.45,736.3,106.44,1211.1,106.6,634.1,106.61,923.1,106.62,1034.9,106.63,1324.1,106.64,154.1
1700000089.5,179,95.15,0.11999999999999034,95.09,443.5,95.21,31.5,1115.4,1630.9,95.21,48.5,BUY,4,95.09,443.5,95.08,123.1,95.07,277.8,95.06,237.4,95.05,33.6,95.21,31.5,95.22,453.2,95.23,346.0,95.24,741.0,95.25,59.2
1700000090.0,180,98.42,0.09999999999999432,98.37,1167.9,98.47,1527.9,3440.9,4106.1,98.47,8.9,BUY,1,98.37,1167.9,98.36,37.2,98.35,235.8,98.34,1944.5,98.33,55.5,98.47,1527.9,98.48,643.1,98.49,849.5,98.5,888.6,98.51,197.0
1700000090.5,181,98.435,0.10999999999999943,98.38,214.3,98.49,314.5,3056.2,2203.0,98.49,22.3,BUY,1,98.38,214.3,98.37,1299.6,98.36,168.7,98.35,463.6,98.34,910.0,98.49,314.5,98.5,227.9,98.51,315.5,98.52,777.5,98.53,567.6
1700000091.0,182,98.43,0.10000000000000853,98.38,109.9,98.48,277.1,4689.5,6561.200000000001,98.38,86.1,SELL,1,98.38,109.9,98.37,614.0,98.36,661.6,98.35,366.1,98.34,2937.9,98.48,277.1,98.49,1985.0,98.5,1193.2,98.51,1477.9,98.52,1628.0
1700000091.5,183,98.48,0.12000000000000455,98.42,277.4,98.54,10.0,1982.0,3101.0,98.42,9.3,SELL,1,98.42,277.4,98.41,96.9,98.4,452.3,98.39,27.6,98.38,1127.8,98.54,10.0,98.55,616.0,98.56,903.9,98.57,860.0,98.58,711.1
1700000092.0,184,98.46000000000001,0.11999999999999034,98.4,112.0,98.52,269.8,2683.9,3809.8999999999996,98.46000000000001,0.0,BUY,0,98.4,112.0,98.39,59.4,98.38,1067.6,98.37,1354.1,98.36,90.8,98.52,269.8,98.53,267.5,98.54,1572.7,98.55,235.7,98.56,1464.2
1700000092.5,185,98.47,0.12000000000000455,98.41,573.8,98.53,248.7,3375.5,1729.4,98.41,5.0,SELL,1,98.41,573.8,98.4,931.0,98.39,1400.5,98.38,336.0,98.37,134.2,98.53,248.7,98.54,127.3,98.55,221.2,98.56,1017.1,98.57,115.1
1700000093.0,186,98.49000000000001,0.11999999999999034,98.43,335.9,98.55,61.9,4743.3,5457.900000000001,98.43,23.1,SELL,2,98.43,335.9,98.42,177.4,98.41,239.7,98.4,921.2,98.39,3069.1,98.55,61.9,98.56,837.6,98.57,1830.0,98.58,1706.1,98.59,1022.3
1700000093.5,187,98.48,0.09999999999999432,98.43,396.7,98.53,214.0,1188.1000000000001,4594.7,98.53,16.5,BUY,3,98.43,396.7,98.42,41.1,98.41,78.9,98.4,296.7,98.39,374.7,98.53,214.0,98.54,854.3,98.55,113.6,98.56,2577.7,98.57,835.1
1700000094.0,188,98.45,0.12000000000000455,98.39,237.9,98.51,342.1,3229.6,1820.4,98.51,22.6,BUY,2,98.39,237.9,98.38,66.7,98.37,1633.1,98.36,556.0,98.35,735.9,98.51,342.1,98.52,173.5,98.53,690.7,98.54,384.0,98.55,230.1
1700000094.5,189,79.03,0.12000000000000455,78.97,300.4,79.09,10.0,3431.8999999999996,1610.5,79.09,12.8,BUY,1,78.97,300.4,78.96,1810.3,78.95,63.7,78.94,108.7,78.93,1148.8,79.09,10.0,79.1,669.7,79.11,243.6,79.12,196.2,79.13,491.0
1700000095.0,190,55.815,0.10999999999999943,55.76,673.1,55.87,472.9,3995.7000000000003,5203.4,55.815,0.0,BUY,0,55.76,673.1,55.75,2333.4,55.74,22.3,55.73,169.3,55.72,797.6,55.87,472.9,55.88,1734.9,55.89,2101.6,55.9,156.3,55.91,737.7
1700000095.5,191,55.815,0.10999999999999943,55.76,50.2,55.87,826.3,2836.3,4170.0,55.76,8.2,SELL,2,55.76,50.2,55.75,1082.8,55.74,373.5,55.73,794.0,55.72,535.8,55.87,826.3,55.88,548.2,55.89,54.8,55.9,2267.3,55.91,473.4
1700000096.0,192,55.815,0.10999999999999943,55.76,408.4,55.87,488.5,3217.2,6132.299999999999,55.87,12.5,BUY,1,55.76,408.4,55.75,978.7,55.74,432.5,55.73,1096.3,55.72,301.3,55.87,488.5,55.88,1646.6,55.89,1061.1,55.9,2878.1,55.91,58.0
1700000096.5,193,56.705,0.10999999999999943,56.65,354.1,56.76,214.0,2926.4,2628.2,56.65,48.1,SELL,2,56.65,354.1,56.64,71.3,56.63,238.0,56.62,1419.6,56.61,843.4,56.76,214.0,56.77,1272.6,56.78,558.2,56.79,118.8,56.8,464.6
1700000097.0,194,56.705,0.10999999999999943,56.65,223.9,56.76,233.9,6754.7,3622.6,56.76,25.7,BUY,1,56.65,223.9,56.64,1628.9,56.63,1087.6,56.62,3699.4,56.61,114.9,56.76,233.9,56.77,537.4,56.78,536.0,56.79,1243.4,56.8,1071.9
1700000097.5,195,56.675,0.10999999999999943,56.62,250.8,56.73,757.9,5043.3,2313.4,56.62,30.2,SELL,7,56.62,250.8,56.61,441.5,56.6,294.0,56.59,377.7,56.58,3679.3,56.73,757.9,56.74,372.0,56.75,287.9,56.76,10.0,56.77,885.6
1700000098.0,196,56.675,0.10999999999999943,56.62,331.9,56.73,1266.9,3436.6,2868.3,56.62,28.5,SELL,3,56.62,331.9,56.61,267.9,56.6,356.5,56.59,1633.4,56.58,846.9,56.73,1266.9,56.74,156.7,56.75,932.1,56.76,454.1,56.77,58.5
1700000098.5,197,56.655,0.10999999999999943,56.6,605.2,56.71,199.8,7553.2,1816.3000000000002,56.71,59.4,BUY,1,56.6,605.2,56.59,1618.9,56.58,77.1,56.57,725.6,56.56,4526.4,56.71,199.8,56.72,185.7,56.73,881.2,56.74,190.5,56.75,359.1
1700000099.0,198,56.655,0.10999999999999943,56.6,53.4,56.71,470.1,1913.8,2383.5,56.71,16.2,BUY,5,56.6,53.4,56.59,892.5,56.58,121.1,56.57,617.2,56.56,229.6,56.71,470.1,56.72,483.5,56.73,248.9,56.74,1148.1,56.75,32.9
1700000099.5,199,56.645,0.10999999999999943,56.59,613.9,56.7,174.2,5236.9,1472.1,56.59,48.8,SELL,3,56.59,613.9,56.58,986.6,56.57,1068.6,56.56,1091.4,56.55,1476.4,56.7,174.2,56.71,10.0,56.72,466.1,56.73,412.9,56.74,408.9
1700000100.0,200,56.635,0.10999999999999943,56.58,26.8,56.69,59.4,3753.7,997.9000000000001,56.69,68.2,BUY,1,56.58,26.8,56.57,422.2,56.56,1689.6,56.55,842.0,56.54,773.1,56.69,59.4,56.7,190.2,56.71,498.9,56.72,93.7,56.73,155.7
1700000100.5,201,56.635,0.10999999999999943,56.58,136.6,56.69,10.0,3962.2,2138.8,56.69,57.9,BUY,5,56.58,136.6,56.57,288.0,56.56,59.4,56.55,2541.6,56.54,936.6,56.69,10.0,56.7,152.2,56.71,43.8,56.72,252.9,56.73,1679.9
1700000101.0,202,56.629999999999995,0.10000000000000142,56.58,113.9,56.68,277.7,1933.3999999999999,5130.0,56.58,7.9,SELL,3,56.58,113.9,56.57,77.0,56.56,720.9,56.55,992.9,56.54,28.7,56.68,277.7,56.69,757.6,56.7,203.6,56.71,304.1,56.72,3587.0
1700000101.5,203,56.645,0.10999999999999943,56.59,24.1,56.7,656.1,2252.0,2197.1,56.7,86.5,BUY,1,56.59,24.1,56.58,272.6,56.57,17.8,56.56,782.4,56.55,1155.1,56.7,656.1,56.71,789.0,56.72,180.2,56.73,76.1,56.74,495.7
1700000102.0,204,61.905,0.10999999999999943,61.85,196.8,61.96,226.2,4893.799999999999,6656.799999999999,61.96,47.8,BUY,1,61.85,196.8,61.84,1095.0,61.83,2038.1,61.82,1455.4,61.81,108.5,61.96,226.2,61.97,1279.3,61.98,2251.1,61.99,289.2,62.0,2611.0
1700000102.5,205,61.905,0.10999999999999943,61.85,285.2,61.96,753.0,3525.5,7370.5,61.96,61.0,BUY,1,61.85,285.2,61.84,202.4,61.83,795.5,61.82,31.8,61.81,2210.6,61.96,753.0,61.97,842.3,61.98,2046.1,61.99,1707.1,62.0,2022.0
1700000103.0,206,61.905,0.10999999999999943,61.85,1244.6,61.96,17.9,3067.2999999999997,1967.8000000000002,61.905,0.0,BUY,0,61.85,1244.6,61.84,381.4,61.83,794.6,61.82,142.7,61.81,504.0,61.96,17.9,61.97,98.5,61.98,939.7,61.99,722.7,62.0,189.0
1700000103.5,207,61.91,0.10000000000000142,61.86,436.3,61.96,552.7,3465.6000000000004,2847.2,61.96,18.1,BUY,5,61.86,436.3,61.85,408.2,61.84,13.6,61.83,894.7,61.82,1712.8,61.96,552.7,61.97,836.3,61.98,26.7,61.99,873.9,62.0,557.6
1700000104.0,208,61.895,0.10999999999999943,61.84,43.3,61.95,171.9,2246.3,6382.8,61.895,0.0,BUY,0,61.84,43.3,61.83,541.5,61.82,439.7,61.81,16.0,61.8,1205.8,61.95,171.9,61.96,360.4,61.97,1031.1,61.98,1716.4,61.99,3103.0
1700000104.5,209,61.905,0.10999999999999943,61.85,301.4,61.96,66.0,4608.2,1442.7,61.96,33.3,BUY,1,61.85,301.4,61.84,1180.6,61.83,1249.2,61.82,407.5,61.81,1469.5,61.96,66.0,61.97,746.9,61.98,40.6,61.99,308.5,62.0,280.7
1700000105.0,210,61.895,0.10999999999999943,61.84,64.7,61.95,178.3,2450.9,2629.5,61.84,75.2,SELL,1,61.84,64.7,61.83,411.3,61.82,1026.9,61.81,737.0,61.8,211.0,61.95,178.3,61.96,513.1,61.97,1126.2,61.98,769.7,61.99,42.2
1700000105.5,211,61.895,0.10999999999999943,61.84,415.2,61.95,133.8,1131.4,3599.5,61.84,29.2,SELL,3,61.84,415.2,61.83,396.8,61.82,225.9,61.81,75.2,61.8,18.3,61.95,133.8,61.96,162.3,61.97,266.5,61.98,2484.3,61.99,552.6
1700000106.0,212,61.885,0.10999999999999943,61.83,109.4,61.94,95.5,3165.7000000000003,2715.6,61.94,18.4,BUY,2,61.83,109.4,61.82,54.9,61.81,1372.5,61.8,796.5,61.79,832.4,61.94,95.5,61.95,1208.6,61.96,255.1,61.97,703.8,61.98,452.6
1700000106.5,213,61.885,0.10999999999999943,61.83,556.9,61.94,1308.4,3824.2,4103.400000000001,61.83,56.2,SELL,2,61.83,556.9,61.82,451.3,61.81,146.4,61.8,2532.4,61.79,137.2,61.94,1308.4,61.95,113.0,61.96,1245.7,61.97,638.1,61.98,798.2
1700000107.0,214,61.895,0.10999999999999943,61.84,616.3,61.95,32.1,3404.8999999999996,5262.700000000001,61.95,63.1,BUY,2,61.84,616.3,61.83,1403.8,61.82,319.1,61.81,894.5,61.8,171.2,61.95,32.1,61.96,1735.0,61.97,2408.0,61.98,570.0,61.99,517.6
1700000107.5,215,61.895,0.10999999999999943,61.84,697.9,61.95,260.2,5964.2,5144.2,61.95,89.1,BUY,2,61.84,697.9,61.83,243.6,61.82,2000.2,61.81,10.0,61.8,3012.5,61.95,260.2,61.96,166.4,61.97,56.9,61.98,3834.8,61.99,825.9
1700000108.0,216,72.7,0.12000000000000455,72.64,343.6,72.76,182.6,5420.700000000001,4506.1,72.76,22.6,BUY,3,72.64,343.6,72.63,882.2,72.62,867.4,72.61,1057.4,72.6,2270.1,72.76,182.6,72.77,541.8,72.78,732.8,72.79,2028.8,72.8,1020.1
1700000108.5,217,72.69,0.12000000000000455,72.63,42.4,72.75,16.9,4557.2,2457.7,72.63,22.5,SELL,3,72.63,42.4,72.62,342.8,72.61,1106.2,72.6,915.6,72.59,2150.2,72.75,16.9,72.76,57.2,72.77,53.5,72.78,482.5,72.79,1847.6
1700000109.0,218,72.67,0.12000000000000455,72.61,2265.4,72.73,35.2,3806.3,4313.299999999999,72.73,39.9,BUY,1,72.61,2265.4,72.6,163.9,72.59,208.1,72.58,1094.4,72.57,74.5,72.73,35.2,72.74,852.3,72.75,38.4,72.76,1314.8,72.77,2072.6
1700000109.5,219,72.66,0.09999999999999432,72.61,313.7,72.71,828.0,2616.4999999999995,6803.700000000001,72.71,5.0,BUY,3,72.61,313.7,72.6,703.8,72.59,143.6,72.58,1205.8,72.57,249.6,72.71,828.0,72.72,210.7,72.73,3984.6,72.74,1770.4,72.75,10.0
1700000110.0,220,72.69,0.12000000000000455,72.63,590.4,72.75,686.1,2830.3,4133.4,72.63,13.8,SELL,1,72.63,590.4,72.62,21.4,72.61,119.2,72.6,1814.3,72.59,285.0,72.75,686.1,72.76,1689.4,72.77,278.2,72.78,84.3,72.79,1395.4
1700000110.5,221,72.68,0.11999999999999034,72.62,1677.2,72.74,46.7,3355.5,1514.7,72.74,165.0,BUY,4,72.62,1677.2,72.61,287.4,72.6,139.4,72.59,17.4,72.58,1234.1,72.74,46.7,72.75,803.9,72.76,126.7,72.77,401.6,72.78,135.8
1700000111.0,222,72.65,0.10000000000000853,72.6,200.2,72.7,155.6,1042.5,2769.0,72.65,0.0,BUY,0,72.6,200.2,72.59,501.7,72.58,17.8,72.57,87.8,72.56,235.0,72.7,155.6,72.71,150.5,72.72,822.0,72.73,831.4,72.74,809.5
1700000111.5,223,72.64,0.12000000000000455,72.58,81.8,72.7,78.3,1187.6999999999998,4550.5,72.58,26.3,SELL,2,72.58,81.8,72.57,69.9,72.56,382.8,72.55,339.8,72.54,313.4,72.7,78.3,72.71,2498.4,72.72,663.8,72.73,929.7,72.74,380.3
1700000112.0,224,72.62,0.12000000000000455,72.56,53.2,72.68,85.0,2929.8,1064.6,72.56,5.0,SELL,1,72.56,53.2,72.55,31.0,72.54,393.4,72.53,759.7,72.52,1692.5,72.68,85.0,72.69,442.3,72.7,235.2,72.71,173.5,72.72,128.6
1700000112.5,225,72.62,0.12000000000000455,72.56,235.9,72.68,20.2,3950.5,2945.0,72.68,56.8,BUY,3,72.56,235.9,72.55,990.1,72.54,144.5,72.53,1885.0,72.52,695.0,72.68,20.2,72.69,1869.4,72.7,655.8,72.71,388.4,72.72,11.2
1700000113.0,226,72.58,0.12000000000000455,72.52,176.1,72.64,258.7,5388.4,2602.6,72.64,48.2,BUY,2,72.52,176.1,72.51,1197.8,72.5,899.8,72.49,1309.2,72.48,1805.5,72.64,258.7,72.65,255.3,72.66,540.2,72.67,886.8,72.68,661.6
1700000113.5,227,72.565,0.10999999999999943,72.51,380.9,72.62,530.1,1306.7999999999997,3929.0,72.62,255.6,BUY,2,72.51,380.9,72.5,410.7,72.49,275.8,72.48,226.1,72.47,13.3,72.62,530.1,72.63,61.1,72.64,1348.5,72.65,639.8,72.66,1349.5
1700000114.0,228,72.53999999999999,0.11999999999999034,72.48,280.8,72.6,659.0,1390.3,3093.2,72.6,57.2,BUY,4,72.48,280.8,72.47,192.2,72.46,672.6,72.45,10.0,72.44,234.7,72.6,659.0,72.61,208.6,72.62,481.8,72.63,793.0,72.64,950.8
1700000114.5,229,72.53,0.12000000000000455,72.47,275.1,72.59,10.0,1530.4,4796.8,72.59,7.1,BUY,2,72.47,275.1,72.46,45.2,72.45,528.4,72.44,616.3,72.43,65.4,72.59,10.0,72.6,245.6,72.61,2582.2,72.62,724.2,72.63,1234.8
1700000115.0,230,72.52,0.12000000000000455,72.46,42.9,72.58,77.9,974.2,1691.6,72.58,39.4,BUY,3,72.46,42.9,72.45,370.0,72.44,231.8,72.43,311.2,72.42,18.3,72.58,77.9,72.59,387.2,72.6,40.0,72.61,1167.9,72.62,18.6
1700000115.5,231,72.53,0.12000000000000455,72.47,374.5,72.59,157.3,4158.9,3016.1,72.53,0.0,BUY,0,72.47,374.5,72.46,411.6,72.45,154.2,72.44,2661.7,72.43,556.9,72.59,157.3,72.6,1120.5,72.61,524.5,72.62,860.4,72.63,353.4
1700000116.0,232,72.52,0.12000000000000455,72.46,185.6,72.58,392.5,2513.2,3951.7999999999997,72.46,5.0,SELL,2,72.46,185.6,72.45,512.5,72.44,297.5,72.43,496.3,72.42,1021.3,72.58,392.5,72.59,538.6,72.6,108.2,72.61,516.3,72.62,2396.2
1700000116.5,233,72.50999999999999,0.11999999999999034,72.45,949.6,72.57,261.1,3373.4000000000005,1002.3,72.57,72.9,BUY,1,72.45,949.6,72.44,328.1,72.43,1269.9,72.42,57.5,72.41,768.3,72.57,261.1,72.58,178.6,72.59,114.1,72.6,122.3,72.61,326.2
1700000117.0,234,72.53,0.09999999999999432,72.48,500.5,72.58,29.4,5782.700000000001,2789.7999999999997,72.48,78.8,SELL,2,72.48,500.5,72.47,137.1,72.46,1425.3,72.45,1746.7,72.44,1973.1,72.58,29.4,72.59,689.2,72.6,334.5,72.61,811.1,72.62,925.6
1700000117.5,235,72.58,0.12000000000000455,72.52,137.4,72.64,305.2,2241.2,3088.8999999999996,72.64,5.0,BUY,3,72.52,137.4,72.51,393.5,72.5,1055.7,72.49,537.9,72.48,116.7,72.64,305.2,72.65,1067.0,72.66,1035.5,72.67,135.1,72.68,546.1
1700000118.0,236,72.6,0.11999999999999034,72.54,159.7,72.66,210.9,1419.6999999999998,2487.2,72.54,78.9,SELL,2,72.54,159.7,72.53,999.4,72.52,22.2,72.51,29.8,72.5,208.6,72.66,210.9,72.67,452.4,72.68,10.0,72.69,624.9,72.7,1189.0
1700000118.5,237,72.59,0.09999999999999432,72.54,41.1,72.64,370.1,2639.5,2549.2,72.54,33.6,SELL,1,72.54,41.1,72.53,1057.8,72.52,407.8,72.51,286.5,72.5,846.3,72.64,370.1,72.65,47.2,72.66,1552.3,72.67,431.9,72.68,147.7
1700000119.0,238,72.565,0.09000000000000341,72.52,346.7,72.61,231.5,696.0999999999999,1519.8000000000002,72.52,12.3,SELL,2,72.52,346.7,72.51,165.2,72.5,125.9,72.49,33.5,72.48,24.8,72.61,231.5,72.62,726.3,72.63,20.5,72.64,156.9,72.65,384.6
1700000119.5,239,72.56,0.12000000000000455,72.5,218.6,72.62,217.3,1412.5,1087.2,72.62,16.9,BUY,3,72.5,218.6,72.49,773.1,72.48,78.8,72.47,315.4,72.46,26.6,72.62,217.3,72.63,77.2,72.64,27.7,72.65,367.2,72.66,397.8
1700000120.0,240,72.56,0.12000000000000455,72.5,542.7,72.62,1571.8,3165.4,3159.2,72.62,27.0,BUY,3,72.5,542.7,72.49,262.7,72.48,469.2,72.47,924.3,72.46,966.5,72.62,1571.8,72.63,330.2,72.64,174.1,72.65,434.8,72.66,648.3
1700000120.5,241,72.56,0.12000000000000455,72.5,113.7,72.62,40.9,5156.2,4823.0,72.62,71.4,BUY,4,72.5,113.7,72.49,86.6,72.48,2951.2,72.47,214.5,72.46,1790.2,72.62,40.9,72.63,1517.8,72.64,944.8,72.65,299.2,72.66,2020.3
1700000121.0,242,72.58,0.12000000000000455,72.52,1417.7,72.64,855.3,6514.900000000001,6569.799999999999,72.58,0.0,BUY,0,72.52,1417.7,72.51,3776.4,72.5,783.2,72.49,21.8,72.48,515.8,72.64,855.3,72.65,612.6,72.66,678.5,72.67,1537.3,72.68,2886.1
1700000121.5,243,72.565,0.10999999999999943,72.51,1081.0,72.62,91.8,5181.4,2173.3,72.51,81.9,SELL,1,72.51,1081.0,72.5,1922.0,72.49,808.6,72.48,672.9,72.47,696.9,72.62,91.8,72.63,143.3,72.64,392.0,72.65,100.2,72.66,1446.0
1700000122.0,244,70.36,0.09999999999999432,70.31,211.1,70.41,545.9,1336.8000000000002,1656.1999999999998,70.31,5.0,SELL,3,70.31,211.1,70.3,242.0,70.29,561.6,70.28,76.9,70.27,245.2,70.41,545.9,70.42,109.1,70.43,219.5,70.44,358.3,70.45,423.4
1700000122.5,245,70.37,0.12000000000000455,70.31,139.3,70.43,480.3,4247.9,4935.7,70.31,12.4,SELL,1,70.31,139.3,70.3,794.1,70.29,1273.3,70.28,1970.8,70.27,70.4,70.43,480.3,70.44,607.3,70.45,811.0,70.46,2735.6,70.47,301.5
1700000123.0,246,70.38,0.10000000000000853,70.33,57.8,70.43,474.5,3752.6,4062.0,70.43,79.5,BUY,1,70.33,57.8,70.32,64.2,70.31,203.6,70.3,831.8,70.29,2595.2,70.43,474.5,70.44,27.0,70.45,1405.7,70.46,513.2,70.47,1641.6
1700000123.5,247,70.39,0.12000000000000455,70.33,386.9,70.45,527.6,4388.1,3259.2999999999997,70.39,0.0,BUY,0,70.33,386.9,70.32,340.5,70.31,1205.7,70.3,917.1,70.29,1537.9,70.45,527.6,70.46,1119.6,70.47,1283.8,70.48,195.2,70.49,133.1
1700000124.0,248,70.36,0.12000000000000455,70.3,256.9,70.42,25.3,3694.8999999999996,946.6999999999999,70.3,69.3,SELL,4,70.3,256.9,70.29,432.4,70.28,541.9,70.27,2108.2,70.26,355.5,70.42,25.3,70.43,326.4,70.44,25.8,70.45,426.3,70.46,142.9
1700000124.5,249,70.35,0.11999999999999034,70.29,101.1,70.41,204.1,2192.1,1376.7,70.29,5.0,SELL,2,70.29,101.1,70.28,290.5,70.27,665.1,70.26,880.8,70.25,254.6,70.41,204.1,70.42,149.7,70.43,134.0,70.44,412.1,70.45,476.8
1700000125.0,250,70.35,0.11999999999999034,70.29,79.3,70.41,445.7,2879.6,1522.6999999999998,70.29,17.8,SELL,2,70.29,79.3,70.28,940.3,70.27,18.3,70.26,1324.7,70.25,517.0,70.41,445.7,70.42,146.9,70.43,139.6,70.44,345.4,70.45,445.1
1700000125.5,251,70.32,0.11999999999999034,70.26,618.6,70.38,253.6,3353.4,2490.0,70.32,0.0,BUY,0,70.26,618.6,70.25,80.2,70.24,893.5,70.23,1164.6,70.22,596.5,70.38,253.6,70.39,209.8,70.4,324.1,70.41,322.5,70.42,1380.0
1700000126.0,252,70.35,0.11999999999999034,70.29,72.0,70.41,220.3,3142.6,1944.4,70.29,29.7,SELL,2,70.29,72.0,70.28,716.0,70.27,213.3,70.26,2047.3,70.25,94.0,70.41,220.3,70.42,10.0,70.43,31.8,70.44,1303.8,70.45,378.5
1700000126.5,253,70.34,0.09999999999999432,70.29,76.0,70.39,1529.0,2521.2,9796.0,70.39,5.0,BUY,1,70.29,76.0,70.28,405.1,70.27,581.9,70.26,1020.6,70.25,437.6,70.39,1529.0,70.4,2818.3,70.41,28.7,70.42,3887.0,70.43,1533.0
1700000127.0,254,50.635,0.10999999999999943,50.58,1234.3,50.69,10.0,3863.0999999999995,3366.9000000000005,50.58,22.1,SELL,1,50.58,1234.3,50.57,446.8,50.56,237.8,50.55,423.4,50.54,1520.8,50.69,10.0,50.7,369.8,50.71,2300.8,50.72,70.0,50.73,616.3
1700000127.5,255,50.615,0.10999999999999943,50.56,257.4,50.67,134.2,2652.1000000000004,1832.6,50.56,115.3,SELL,2,50.56,257.4,50.55,1028.1,50.54,763.4,50.53,10.0,50.52,593.2,50.67,134.2,50.68,125.8,50.69,317.5,50.7,504.8,50.71,750.3
1700000128.0,256,50.605,0.10999999999999943,50.55,185.0,50.66,56.6,984.3,2843.2,50.66,7.5,BUY,1,50.55,185.0,50.54,63.2,50.53,344.1,50.52,41.3,50.51,350.7,50.66,56.6,50.67,166.9,50.68,103.1,50.69,940.5,50.7,1576.1
1700000128.5,257,50.620000000000005,0.10000000000000142,50.57,160.6,50.67,182.9,3610.0,2557.6,50.57,29.5,SELL,1,50.57,160.6,50.56,962.9,50.55,1838.5,50.54,166.0,50.53,482.0,50.67,182.9,50.68,1351.6,50.69,442.7,50.7,457.5,50.71,122.9
1700000129.0,258,50.975,0.10999999999999943,50.92,213.2,51.03,881.8,997.3,9456.6,50.92,5.0,SELL,3,50.92,213.2,50.91,261.8,50.9,166.4,50.89,212.9,50.88,143.0,51.03,881.8,51.04,743.7,51.05,1699.1,51.06,1193.2,51.07,4938.8
1700000129.5,259,50.995,0.10999999999999943,50.94,407.9,51.05,839.8,6615.200000000001,7263.6,50.94,18.8,SELL,2,50.94,407.9,50.93,468.5,50.92,921.1,50.91,2117.4,50.9,2700.3,51.05,839.8,51.06,158.8,51.07,1491.8,51.08,3510.3,51.09,1262.9
1700000130.0,260,50.995,0.10999999999999943,50.94,662.8,51.05,892.0,3386.9,2298.5,50.995,0.0,BUY,0,50.94,662.8,50.93,550.3,50.92,795.8,50.91,701.1,50.9,676.9,51.05,892.0,51.06,363.2,51.07,203.8,51.08,65.8,51.09,773.7
1700000130.5,261,50.980000000000004,0.10000000000000142,50.93,142.1,51.03,89.1,3435.2000000000003,1659.6,50.93,209.1,SELL,2,50.93,142.1,50.92,1389.1,50.91,878.3,50.9,861.8,50.89,163.9,51.03,89.1,51.04,188.8,51.05,224.2,51.06,1008.5,51.07,149.0
1700000131.0,262,50.989999999999995,0.10000000000000142,50.94,537.4,51.04,260.5,2609.8,3369.4,50.94,18.2,SELL,1,50.94,537.4,50.93,384.2,50.92,357.0,50.91,702.9,50.9,628.3,51.04,260.5,51.05,143.8,51.06,1123.5,51.07,98.2,51.08,1743.4
1700000131.5,263,50.995,0.10999999999999943,50.94,10.0,51.05,1785.7,1453.5,5387.0,50.94,61.4,SELL,3,50.94,10.0,50.93,233.5,50.92,141.2,50.91,472.5,50.9,596.3,51.05,1785.7,51.06,456.3,51.07,309.3,51.08,2682.1,51.09,153.6
1700000132.0,264,51.0,0.09999999999999432,50.95,131.6,51.05,40.8,1975.6,2283.9,50.95,19.2,SELL,4,50.95,131.6,50.94,217.6,50.93,548.8,50.92,204.6,50.91,873.0,51.05,40.8,51.06,1072.8,51.07,55.4,51.08,215.3,51.09,899.6
1700000132.5,265,51.0,0.12000000000000455,50.94,221.6,51.06,1014.5,2899.2999999999997,5288.900000000001,51.06,37.3,BUY,3,50.94,221.6,50.93,1092.2,50.92,109.0,50.91,1309.6,50.9,166.9,51.06,1014.5,51.07,1710.3,51.08,311.3,51.09,975.0,51.1,1277.8
1700000133.0,266,40.58,0.10000000000000142,40.53,842.6,40.63,1455.7,2442.3000000000006,3654.3,40.63,56.2,BUY,1,40.53,842.6,40.52,551.8,40.51,669.2,40.5,225.9,40.49,152.8,40.63,1455.7,40.64,960.6,40.65,646.3,40.66,130.6,40.67,461.1
1700000133.5,267,40.59,0.11999999999999744,40.53,242.0,40.65,77.2,4022.6000000000004,5450.900000000001,40.65,53.4,BUY,4,40.53,242.0,40.52,487.2,40.51,866.0,40.5,1536.6,40.49,890.8,40.65,77.2,40.66,960.6,40.67,322.6,40.68,735.2,40.69,3355.3
1700000134.0,268,40.575,0.10999999999999943,40.52,424.2,40.63,812.9,1927.6,3147.3999999999996,40.52,50.4,SELL,2,40.52,424.2,40.51,131.4,40.5,284.5,40.49,24.5,40.48,1063.0,40.63,812.9,40.64,86.6,40.65,1271.4,40.66,799.3,40.67,177.2
1700000134.5,269,40.57,0.09999999999999432,40.52,61.1,40.62,241.9,3425.7,4793.400000000001,40.52,33.7,SELL,3,40.52,61.1,40.51,223.6,40.5,23.9,40.49,1472.4,40.48,1644.7,40.62,241.9,40.63,1285.9,40.64,1033.3,40.65,1577.2,40.66,655.1
1700000135.0,270,40.57,0.12000000000000455,40.51,852.7,40.63,84.4,2750.7,6193.3,40.51,76.6,SELL,2,40.51,852.7,40.5,385.0,40.49,357.2,40.48,940.6,40.47,215.2,40.63,84.4,40.64,329.5,40.65,721.1,40.66,1147.5,40.67,3910.8
1700000135.5,271,36.115,0.10999999999999943,36.06,198.6,36.17,670.9,1549.4,5302.299999999999,36.115,0.0,BUY,0,36.06,198.6,36.05,26.2,36.04,112.6,36.03,702.9,36.02,509.1,36.17,670.9,36.18,1948.4,36.19,223.2,36.2,1278.4,36.21,1181.4
1700000136.0,272,36.135,0.10999999999999943,36.08,700.0,36.19,699.9,1971.5,3487.3,36.135,0.0,BUY,0,36.08,700.0,36.07,889.8,36.06,171.9,36.05,97.1,36.04,112.7,36.19,699.9,36.2,309.0,36.21,1222.4,36.22,405.5,36.23,850.5
1700000136.5,273,39.825,0.10999999999999943,39.77,491.3,39.88,384.1,2327.0,4081.9,39.88,27.8,BUY,2,39.77,491.3,39.76,488.2,39.75,168.5,39.74,148.5,39.73,1030.5,39.88,384.1,39.89,241.6,39.9,1309.6,39.91,300.7,39.92,1845.9
1700000137.0,274,39.825,0.10999999999999943,39.77,355.5,39.88,147.4,3052.7,1870.7,39.77,65.7,SELL,2,39.77,355.5,39.76,174.4,39.75,562.9,39.74,80.6,39.73,1879.3,39.88,147.4,39.89,120.4,39.9,486.4,39.91,1052.7,39.92,63.8
1700000137.5,275,39.845,0.10999999999999943,39.79,269.7,39.9,91.6,3964.2000000000003,1610.3,39.9,31.9,BUY,1,39.79,269.7,39.78,48.4,39.77,760.4,39.76,2545.8,39.75,339.9,39.9,91.6,39.91,250.5,39.92,838.6,39.93,168.1,39.94,261.5
1700000138.0,276,39.83,0.11999999999999744,39.77,524.7,39.89,559.0,1478.7,5756.700000000001,39.83,0.0,BUY,0,39.77,524.7,39.76,255.9,39.75,100.0,39.74,420.3,39.73,177.8,39.89,559.0,39.9,478.9,39.91,3552.2,39.92,1083.0,39.93,83.6
1700000138.5,277,39.82,0.09999999999999432,39.77,669.0,39.87,18.8,2670.8999999999996,4210.3,39.77,197.7,SELL,2,39.77,669.0,39.76,126.8,39.75,1460.1,39.74,187.9,39.73,227.1,39.87,18.8,39.88,277.4,39.89,255.6,39.9,189.4,39.91,3469.1
1700000139.0,278,39.795,0.10999999999999943,39.74,1368.5,39.85,575.7,3215.7,2938.0,39.85,12.4,BUY,3,39.74,1368.5,39.73,642.9,39.72,165.4,39.71,92.1,39.7,946.8,39.85,575.7,39.86,256.6,39.87,657.4,39.88,1067.1,39.89,381.2
1700000139.5,279,39.8,0.10000000000000142,39.75,90.1,39.85,521.1,3505.0,5451.799999999999,39.85,5.0,BUY,1,39.75,90.1,39.74,333.6,39.73,153.8,39.72,2260.3,39.71,667.2,39.85,521.1,39.86,832.8,39.87,1496.5,39.88,1060.8,39.89,1540.6
1700000140.0,280,39.8,0.10000000000000142,39.75,257.7,39.85,242.3,2508.0,3044.9000000000005,39.75,9.1,SELL,1,39.75,257.7,39.74,723.6,39.73,105.3,39.72,904.3,39.71,517.1,39.85,242.3,39.86,391.1,39.87,1151.9,39.88,603.3,39.89,656.3
1700000140.5,281,39.785,0.11000000000000654,39.73,146.4,39.84,1063.7,1440.6000000000001,3774.6,39.84,5.0,BUY,2,39.73,146.4,39.72,70.6,39.71,432.6,39.7,749.1,39.69,41.9,39.84,1063.7,39.85,302.6,39.86,1727.6,39.87,78.6,39.88,602.1
1700000141.0,282,39.79,0.12000000000000455,39.73,159.7,39.85,1237.5,2571.8999999999996,4406.599999999999,39.73,9.9,SELL,3,39.73,159.7,39.72,617.3,39.71,1007.6,39.7,229.1,39.69,558.2,39.85,1237.5,39.86,203.1,39.87,139.8,39.88,57.1,39.89,2769.1
1700000141.5,283,39.46,0.12000000000000455,39.4,300.7,39.52,101.8,1766.5,2152.2999999999997,39.4,7.6,SELL,1,39.4,300.7,39.39,103.2,39.38,224.9,39.37,952.6,39.36,185.1,39.52,101.8,39.53,58.4,39.54,267.7,39.55,979.3,39.56,745.1
1700000142.0,284,39.47,0.12000000000000455,39.41,293.8,39.53,565.2,1794.6999999999998,2715.2,39.53,65.0,BUY,3,39.41,293.8,39.4,827.5,39.39,111.6,39.38,41.3,39.37,520.5,39.53,565.2,39.54,42.6,39.55,175.0,39.56,1059.8,39.57,872.6
1700000142.5,285,39.47,0.12000000000000455,39.41,373.6,39.53,1281.9,2350.7000000000003,4574.3,39.53,26.9,BUY,1,39.41,373.6,39.4,229.7,39.39,65.6,39.38,1340.9,39.37,340.9,39.53,1281.9,39.54,293.4,39.55,134.1,39.56,1178.4,39.57,1686.5
1700000143.0,286,39.475,0.10999999999999943,39.42,187.8,39.53,1104.5,1547.1999999999998,5210.0,39.53,46.4,BUY,1,39.42,187.8,39.41,415.0,39.4,57.0,39.39,479.4,39.38,408.0,39.53,1104.5,39.54,221.2,39.55,764.4,39.56,1426.7,39.57,1693.2
1700000143.5,287,39.489999999999995,0.10000000000000142,39.44,562.5,39.54,76.7,2708.7999999999997,1161.5,39.44,60.1,SELL,1,39.44,562.5,39.43,1020.7,39.42,288.8,39.41,617.7,39.4,219.1,39.54,76.7,39.55,67.0,39.56,34.1,39.57,693.9,39.58,289.8
1700000144.0,288,39.489999999999995,0.10000000000000142,39.44,27.8,39.54,1053.0,3112.1,3596.3999999999996,39.54,16.5,BUY,1,39.44,27.8,39.43,123.0,39.42,373.0,39.41,912.7,39.4,1675.6,39.54,1053.0,39.55,692.3,39.56,925.4,39.57,915.7,39.58,10.0
1700000144.5,289,39.480000000000004,0.11999999999999744,39.42,648.7,39.54,133.6,3384.4,5846.900000000001,39.42,23.8,SELL,3,39.42,648.7,39.41,1653.8,39.4,508.5,39.39,177.5,39.38,395.9,39.54,133.6,39.55,1046.9,39.56,1230.4,39.57,1831.2,39.58,1604.8
1700000145.0,290,39.495,0.10999999999999943,39.44,1766.3,39.55,1982.5,5843.2,4721.5,39.44,37.1,SELL,1,39.44,1766.3,39.43,64.1,39.42,1456.7,39.41,1034.4,39.4,1521.7,39.55,1982.5,39.56,591.4,39.57,1185.2,39.58,884.2,39.59,78.2
1700000145.5,291,41.325,0.10999999999999943,41.27,1001.8,41.38,86.4,7663.5,4816.400000000001,41.27,68.7,SELL,2,41.27,1001.8,41.26,1583.8,41.25,1013.9,41.24,2340.9,41.23,1723.1,41.38,86.4,41.39,595.7,41.4,3217.9,41.41,284.1,41.42,632.3
1700000146.0,292,41.315,0.10999999999999943,41.26,230.7,41.37,1362.0,2472.5,4031.8,41.315,0.0,BUY,0,41.26,230.7,41.25,10.0,41.24,50.8,41.23,367.3,41.22,1813.7,41.37,1362.0,41.38,573.5,41.39,402.5,41.4,91.8,41.41,1602.0
1700000146.5,293,41.32,0.12000000000000455,41.26,168.5,41.38,154.8,1797.1999999999998,4870.0,41.32,0.0,BUY,0,41.26,168.5,41.25,443.5,41.24,105.8,41.23,161.0,41.22,918.4,41.38,154.8,41.39,194.3,41.4,81.5,41.41,1002.2,41.42,3437.2
1700000147.0,294,41.295,0.10999999999999943,41.24,742.2,41.35,325.3,3231.8999999999996,2049.1000000000004,41.35,83.4,BUY,1,41.24,742.2,41.23,836.4,41.22,601.9,41.21,638.7,41.2,412.7,41.35,325.3,41.36,19.3,41.37,144.8,41.38,551.7,41.39,1008.0
1700000147.5,295,41.315,0.10999999999999943,41.26,492.0,41.37,114.8,5157.1,2964.0,41.26,69.8,SELL,2,41.26,492.0,41.25,354.1,41.24,489.2,41.23,1358.2,41.22,2463.6,41.37,114.8,41.38,683.6,41.39,709.3,41.4,76.9,41.41,1379.4
1700000148.0,296,41.325,0.10999999999999943,41.27,493.5,41.38,136.0,2243.5,2170.0,41.27,12.6,SELL,1,41.27,493.5,41.26,171.2,41.25,634.7,41.24,481.2,41.23,462.9,41.38,136.0,41.39,17.4,41.4,486.6,41.41,1126.7,41.42,403.3
1700000148.5,297,41.32,0.09999999999999432,41.27,932.9,41.37,15.1,4700.4,2402.7999999999997,41.37,63.5,BUY,2,41.27,932.9,41.26,907.1,41.25,539.1,41.24,1768.1,41.23,553.2,41.37,15.1,41.38,1684.4,41.39,594.6,41.4,89.2,41.41,19.5
1700000149.0,298,41.325,0.10999999999999943,41.27,497.9,41.38,586.4,2783.8999999999996,2666.0,41.27,10.1,SELL,3,41.27,497.9,41.26,149.5,41.25,365.4,41.24,1061.3,41.23,709.8,41.38,586.4,41.39,657.6,41.4,1371.0,41.41,17.8,41.42,33.2
1700000149.5,299,41.33,0.11999999999999744,41.27,61.3,41.39,274.6,2772.2000000000003,4192.6,41.27,68.5,SELL,2,41.27,61.3,41.26,265.1,41.25,359.2,41.24,1759.7,41.23,326.9,41.39,274.6,41.4,40.7,41.41,718.2,41.42,2316.0,41.43,843.1
1700000150.0,300,41.33,0.10000000000000142,41.28,13.7,41.38,877.0,401.09999999999997,4195.1,41.38,17.5,BUY,1,41.28,13.7,41.27,10.0,41.26,148.0,41.25,120.6,41.24,108.8,41.38,877.0,41.39,1650.1,41.4,276.0,41.41,574.9,41.42,817.1
1700000150.5,301,41.325,0.10999999999999943,41.27,399.4,41.38,530.9,2252.2,5118.4,41.38,17.8,BUY,1,41.27,399.4,41.26,115.7,41.25,53.2,41.24,157.4,41.23,1526.5,41.38,530.9,41.39,304.9,41.4,211.4,41.41,2650.6,41.42,1420.6
1700000151.0,302,41.32,0.12000000000000455,41.26,396.0,41.38,371.4,5872.599999999999,1301.4,41.26,64.8,SELL,2,41.26,396.0,41.25,2342.9,41.24,242.6,41.23,2660.4,41.22,230.7,41.38,371.4,41.39,209.3,41.4,255.6,41.41,338.8,41.42,126.3
1700000151.5,303,41.34,0.11999999999999744,41.28,88.8,41.4,606.0,1822.1999999999998,2113.4,41.28,10.2,SELL,3,41.28,88.8,41.27,55.6,41.26,216.4,41.25,1230.3,41.24,231.1,41.4,606.0,41.41,299.2,41.42,947.5,41.43,225.7,41.44,35.0
1700000152.0,304,41.355,0.10999999999999943,41.3,106.5,41.41,723.8,3098.2,3486.6,41.41,117.3,BUY,2,41.3,106.5,41.29,1816.3,41.28,210.5,41.27,452.6,41.26,512.3,41.41,723.8,41.42,525.5,41.43,1473.0,41.44,168.7,41.45,595.6
1700000152.5,305,41.385,0.10999999999999943,41.33,98.5,41.44,41.4,2802.5,4857.700000000001,41.33,142.7,SELL,1,41.33,98.5,41.32,227.1,41.31,673.9,41.3,1793.0,41.29,10.0,41.44,41.4,41.45,3996.6,41.46,185.3,41.47,342.1,41.48,292.3
1700000153.0,306,41.370000000000005,0.11999999999999744,41.31,60.8,41.43,613.4,4113.799999999999,2758.4,41.31,109.7,SELL,2,41.31,60.8,41.3,587.5,41.29,1181.0,41.28,864.9,41.27,1419.6,41.43,613.4,41.44,159.9,41.45,572.1,41.46,598.3,41.47,814.7
1700000153.5,307,41.385,0.10999999999999943,41.33,68.4,41.44,395.4,5235.0,1115.5,41.44,27.7,BUY,4,41.33,68.4,41.32,1198.5,41.31,1079.7,41.3,1347.2,41.29,1541.2,41.44,395.4,41.45,18.7,41.46,25.5,41.47,400.2,41.48,275.7
1700000154.0,308,41.36,0.09999999999999432,41.31,571.8,41.41,275.3,4279.8,2373.3,41.41,29.2,BUY,3,41.31,571.8,41.3,492.2,41.29,679.4,41.28,2483.9,41.27,52.5,41.41,275.3,41.42,444.7,41.43,1010.0,41.44,487.9,41.45,155.4
1700000154.5,309,41.36,0.09999999999999432,41.31,376.5,41.41,250.8,3078.2,2543.6,41.41,17.6,BUY,3,41.31,376.5,41.3,334.8,41.29,1892.3,41.28,291.5,41.27,183.1,41.41,250.8,41.42,66.4,41.43,132.5,41.44,231.4,41.45,1862.5
1700000155.0,310,41.349999999999994,0.10000000000000142,41.3,484.5,41.4,320.3,5313.200000000001,1362.2999999999997,41.3,141.2,SELL,3,41.3,484.5,41.29,440.0,41.28,1427.2,41.27,2067.9,41.26,893.6,41.4,320.3,41.41,737.3,41.42,99.1,41.43,68.3,41.44,137.3
1700000155.5,311,41.345,0.10999999999999943,41.29,368.5,41.4,980.4,3404.4,4408.9,41.29,96.5,SELL,4,41.29,368.5,41.28,605.4,41.27,860.2,41.26,443.4,41.25,1126.9,41.4,980.4,41.41,906.5,41.42,611.4,41.43,1057.6,41.44,853.0
1700000156.0,312,41.34,0.10000000000000142,41.29,148.2,41.39,83.8,5692.5,3948.2,41.29,13.3,SELL,1,41.29,148.2,41.28,251.6,41.27,2245.2,41.26,1444.2,41.25,1603.3,41.39,83.8,41.4,487.2,41.41,1195.4,41.42,632.1,41.43,1549.7
1700000156.5,313,41.325,0.10999999999999943,41.27,31.0,41.38,145.1,1735.3999999999999,3454.7,41.38,84.0,BUY,1,41.27,31.0,41.26,181.7,41.25,410.1,41.24,394.3,41.23,718.3,41.38,145.1,41.39,176.8,41.4,507.1,41.41,115.1,41.42,2510.6
1700000157.0,314,41.325,0.10999999999999943,41.27,255.1,41.38,421.7,2501.7,3584.5,41.38,29.3,BUY,2,41.27,255.1,41.26,787.9,41.25,248.6,41.24,174.8,41.23,1035.3,41.38,421.7,41.39,1421.7,41.4,224.9,41.41,697.9,41.42,818.3
1700000157.5,315,41.325,0.10999999999999943,41.27,149.0,41.38,105.1,3536.5000000000005,1767.7,41.27,5.0,SELL,1,41.27,149.0,41.26,1985.3,41.25,171.3,41.24,912.9,41.23,318.0,41.38,105.1,41.39,244.9,41.4,316.3,41.41,1063.9,41.42,37.5
1700000158.0,316,41.325,0.10999999999999943,41.27,1530.8,41.38,141.6,5614.0,3857.3999999999996,41.27,98.7,SELL,1,41.27,1530.8,41.26,756.4,41.25,1778.9,41.24,182.7,41.23,1365.2,41.38,141.6,41.39,113.0,41.4,2643.7,41.41,834.0,41.42,125.1
1700000158.5,317,41.295,0.10999999999999943,41.24,42.5,41.35,10.0,2764.5,3269.7,41.24,77.4,SELL,2,41.24,42.5,41.23,334.2,41.22,136.5,41.21,620.3,41.2,1631.0,41.35,10.0,41.36,118.6,41.37,259.6,41.38,1723.2,41.39,1158.3
1700000159.0,318,41.295,0.10999999999999943,41.24,1025.3,41.35,338.2,6250.099999999999,3834.7000000000003,41.24,11.9,SELL,2,41.24,1025.3,41.23,693.2,41.22,1830.4,41.21,552.5,41.2,2148.7,41.35,338.2,41.36,1551.4,41.37,364.9,41.38,874.3,41.39,705.9
1700000159.5,319,41.31,0.10000000000000142,41.26,484.4,41.36,648.8,2406.2,1991.1999999999998,41.26,46.5,SELL,1,41.26,484.4,41.25,142.6,41.24,268.1,41.23,1442.1,41.22,69.0,41.36,648.8,41.37,1073.8,41.38,10.7,41.39,222.3,41.4,35.6
1700000160.0,320,41.315,0.10999999999999943,41.26,1477.9,41.37,111.0,2831.5,2021.5000000000002,41.26,163.3,SELL,1,41.26,1477.9,41.25,162.5,41.24,39.4,41.23,314.3,41.22,837.4,41.37,111.0,41.38,1026.4,41.39,565.7,41.4,78.0,41.41,240.4
1700000160.5,321,41.315,0.10999999999999943,41.26,509.7,41.37,582.0,3936.6,3448.0,41.37,35.5,BUY,3,41.26,509.7,41.25,145.9,41.24,865.2,41.23,2259.2,41.22,156.6,41.37,582.0,41.38,285.8,41.39,575.6,41.4,1749.5,41.41,255.1
1700000161.0,322,41.3,0.11999999999999744,41.24,21.7,41.36,309.4,2768.2,4072.2,41.36,48.5,BUY,1,41.24,21.7,41.23,149.9,41.22,141.7,41.21,1568.2,41.2,886.7,41.36,309.4,41.37,732.7,41.38,466.8,41.39,1148.1,41.4,1415.2
1700000161.5,323,41.28,0.10000000000000142,41.23,418.7,41.33,226.0,3676.9,3734.2,41.28,0.0,BUY,0,41.23,418.7,41.22,61.1,41.21,2152.4,41.2,581.6,41.19,463.1,41.33,226.0,41.34,700.8,41.35,1044.1,41.36,242.1,41.37,1521.2
1700000162.0,324,41.275,0.10999999999999943,41.22,113.6,41.33,523.9,711.9,5035.5,41.22,41.0,SELL,3,41.22,113.6,41.21,36.4,41.2,206.9,41.19,260.5,41.18,94.5,41.33,523.9,41.34,1808.7,41.35,247.2,41.36,411.2,41.37,2044.5
1700000162.5,325,41.275,0.10999999999999943,41.22,215.8,41.33,13.4,1927.9,846.6,41.33,18.9,BUY,3,41.22,215.8,41.21,213.0,41.2,389.2,41.19,353.5,41.18,756.4,41.33,13.4,41.34,162.3,41.35,73.1,41.36,177.9,41.37,419.9
1700000163.0,326,41.275,0.10999999999999943,41.22,1024.2,41.33,86.1,2030.3999999999999,5397.0,41.33,58.0,BUY,2,41.22,1024.2,41.21,41.5,41.2,545.5,41.19,241.1,41.18,178.1,41.33,86.1,41.34,73.4,41.35,1938.5,41.36,1141.4,41.37,2157.6
1700000163.5,327,41.285,0.11000000000000654,41.23,11.6,41.34,44.4,2324.0,4687.3,41.34,17.2,BUY,2,41.23,11.6,41.22,470.2,41.21,438.1,41.2,1220.9,41.19,183.2,41.34,44.4,41.35,297.8,41.36,642.0,41.37,3292.9,41.38,410.2
1700000164.0,328,41.285,0.11000000000000654,41.23,771.6,41.34,2128.7,2391.1000000000004,3717.3,41.285,0.0,BUY,0,41.23,771.6,41.22,248.5,41.21,514.8,41.2,835.9,41.19,20.3,41.34,2128.7,41.35,66.5,41.36,48.4,41.37,772.5,41.38,701.2
1700000164.5,329,41.269999999999996,0.11999999999999744,41.21,255.0,41.33,1046.2,1050.7,3289.2000000000003,41.21,64.2,SELL,1,41.21,255.0,41.2,18.6,41.19,54.0,41.18,329.5,41.17,393.6,41.33,1046.2,41.34,1054.3,41.35,1079.4,41.36,13.3,41.37,96.0
1700000165.0,330,41.285,0.11000000000000654,41.23,29.0,41.34,46.7,2719.5,1926.9,41.23,19.3,SELL,2,41.23,29.0,41.22,198.6,41.21,228.2,41.2,623.2,41.19,1640.5,41.34,46.7,41.35,477.9,41.36,142.1,41.37,311.6,41.38,948.6
1700000165.5,331,38.655,0.10999999999999943,38.6,1352.8,38.71,73.7,2801.7999999999997,3310.5,38.71,25.3,BUY,1,38.6,1352.8,38.59,376.5,38.58,31.3,38.57,189.1,38.56,852.1,38.71,73.7,38.72,565.5,38.73,648.0,38.74,304.2,38.75,1719.1
1700000166.0,332,46.005,0.10999999999999943,45.95,998.3,46.06,362.6,3186.6,2167.4,46.005,0.0,BUY,0,45.95,998.3,45.94,852.3,45.93,540.9,45.92,139.6,45.91,655.5,46.06,362.6,46.07,958.1,46.08,204.2,46.09,98.5,46.1,544.0
1700000166.5,333,41.955,0.10999999999999943,41.9,54.8,42.01,273.1,1203.2,2577.1,42.01,114.3,BUY,1,41.9,54.8,41.89,246.9,41.88,450.5,41.87,77.1,41.86,373.9,42.01,273.1,42.02,1057.4,42.03,402.6,42.04,834.0,42.05,10.0
1700000167.0,334,41.965,0.11000000000000654,41.91,31.2,42.02,205.6,2235.3999999999996,4530.7,41.965,0.0,BUY,0,41.91,31.2,41.9,30.4,41.89,1151.1,41.88,679.6,41.87,343.1,42.02,205.6,42.03,1458.6,42.04,32.9,42.05,610.3,42.06,2223.3
1700000167.5,335,41.980000000000004,0.11999999999999744,41.92,25.9,42.04,255.0,4743.0,3251.0,41.92,16.7,SELL,1,41.92,25.9,41.91,1640.5,41.9,2888.1,41.89,78.3,41.88,110.2,42.04,255.0,42.05,538.9,42.06,98.4,42.07,1828.0,42.08,530.7
1700000168.0,336,41.965,0.11000000000000654,41.91,90.6,42.02,458.6,5723.2,2087.8,41.91,30.5,SELL,3,41.91,90.6,41.9,384.1,41.89,1093.5,41.88,1930.0,41.87,2225.0,42.02,458.6,42.03,122.8,42.04,606.4,42.05,194.7,42.06,705.3
1700000168.5,337,41.959999999999994,0.10000000000000142,41.91,595.8,42.01,335.8,2095.7,2074.2,42.01,76.2,BUY,3,41.91,595.8,41.9,116.1,41.89,298.8,41.88,971.5,41.87,113.5,42.01,335.8,42.02,182.8,42.03,482.4,42.04,967.3,42.05,105.9
1700000169.0,338,50.39,0.09999999999999432,50.34,1035.7,50.44,90.0,3401.5,5088.9,50.44,40.7,BUY,2,50.34,1035.7,50.33,63.7,50.32,662.1,50.31,290.6,50.3,1349.4,50.44,90.0,50.45,741.3,50.46,810.4,50.47,10.0,50.48,3437.2
1700000169.5,339,50.385,0.10999999999999943,50.33,189.4,50.44,243.1,1348.3,1992.9999999999998,50.33,8.6,SELL,1,50.33,189.4,50.32,336.5,50.31,435.5,50.3,325.9,50.29,61.0,50.44,243.1,50.45,41.5,50.46,1061.1,50.47,328.1,50.48,319.2
1700000170.0,340,50.385,0.10999999999999943,50.33,549.2,50.44,693.2,2612.7,2432.5,50.385,0.0,BUY,0,50.33,549.2,50.32,245.4,50.31,484.3,50.3,386.6,50.29,947.2,50.44,693.2,50.45,654.1,50.46,10.0,50.47,1018.0,50.48,57.2
1700000170.5,341,50.385,0.10999999999999943,50.33,103.0,50.44,505.1,5400.6,5034.799999999999,50.33,117.9,SELL,3,50.33,103.0,50.32,364.6,50.31,1365.7,50.3,994.7,50.29,2572.6,50.44,505.1,50.45,2923.8,50.46,660.8,50.47,537.2,50.48,407.9
1700000171.0,342,50.385,0.10999999999999943,50.33,29.1,50.44,151.3,5106.5,8832.8,50.385,0.0,BUY,0,50.33,29.1,50.32,186.6,50.31,196.8,50.3,2291.5,50.29,2402.5,50.44,151.3,50.45,1742.9,50.46,798.6,50.47,2945.1,50.48,3194.9
1700000171.5,343,50.355,0.10999999999999943,50.3,179.0,50.41,912.9,2735.4,3741.9,50.41,47.7,BUY,3,50.3,179.0,50.29,259.7,50.28,460.8,50.27,474.4,50.26,1361.5,50.41,912.9,50.42,954.2,50.43,205.8,50.44,1592.1,50.45,76.9
1700000172.0,344,50.36,0.12000000000000455,50.3,237.0,50.42,271.5,2453.7,6622.700000000001,50.3,57.9,SELL,4,50.3,237.0,50.29,292.3,50.28,507.4,50.27,346.9,50.26,1070.1,50.42,271.5,50.43,481.2,50.44,1520.3,50.45,298.8,50.46,4050.9
1700000172.5,345,50.345,0.10999999999999943,50.29,270.2,50.4,246.6,4629.5,3981.1,50.29,33.1,SELL,5,50.29,270.2,50.28,608.9,50.27,2425.1,50.26,952.7,50.25,372.6,50.4,246.6,50.41,1532.9,50.42,1216.0,50.43,527.7,50.44,457.9
1700000173.0,346,50.345,0.10999999999999943,50.29,139.7,50.4,90.4,2533.7,3599.5,50.29,26.0,SELL,2,50.29,139.7,50.28,241.3,50.27,950.8,50.26,1013.3,50.25,188.6,50.4,90.4,50.41,306.4,50.42,65.7,50.43,1288.3,50.44,1848.7
1700000173.5,347,50.345,0.10999999999999943,50.29,186.8,50.4,45.4,1567.1,2803.2000000000003,50.345,0.0,BUY,0,50.29,186.8,50.28,124.1,50.27,393.1,50.26,451.8,50.25,411.3,50.4,45.4,50.41,605.0,50.42,1160.5,50.43,316.8,50.44,675.5
1700000174.0,348,50.325,0.10999999999999943,50.27,85.6,50.38,72.8,1502.4,3190.5,50.27,5.0,SELL,2,50.27,85.6,50.26,24.0,50.25,259.0,50.24,301.4,50.23,832.4,50.38,72.8,50.39,484.4,50.4,724.7,50.41,1649.6,50.42,259.0
1700000174.5,349,50.315,0.10999999999999943,50.26,540.5,50.37,190.9,2868.1,4311.5,50.37,56.3,BUY,1,50.26,540.5,50.25,35.5,50.24,95.5,50.23,1359.8,50.22,836.8,50.37,190.9,50.38,271.2,50.39,372.8,50.4,772.6,50.41,2704.0
1700000175.0,350,50.33,0.11999999999999744,50.27,71.7,50.39,157.5,3609.3,3022.3,50.39,5.0,BUY,1,50.27,71.7,50.26,1529.6,50.25,206.2,50.24,248.0,50.23,1553.8,50.39,157.5,50.4,731.7,50.41,383.1,50.42,1189.0,50.43,561.0
1700000175.5,351,50.34,0.11999999999999744,50.28,294.5,50.4,973.1,2104.4,6147.400000000001,50.4,5.9,BUY,2,50.28,294.5,50.27,135.4,50.26,236.1,50.25,853.9,50.24,584.5,50.4,973.1,50.41,861.8,50.42,2488.4,50.43,1198.3,50.44,625.8
1700000176.0,352,50.325,0.10999999999999943,50.27,44.0,50.38,235.9,3120.4000000000005,2443.1,50.38,21.1,BUY,2,50.27,44.0,50.26,967.2,50.25,962.6,50.24,483.8,50.23,662.8,50.38,235.9,50.39,113.4,50.4,762.2,50.41,664.1,50.42,667.5
1700000176.5,353,50.345,0.09000000000000341,50.3,509.6,50.39,301.2,758.6,3496.8,50.39,90.8,BUY,3,50.3,509.6,50.29,81.5,50.28,30.2,50.27,93.5,50.26,43.8,50.39,301.2,50.4,744.9,50.41,162.2,50.42,2184.2,50.43,104.3
1700000177.0,354,46.385,0.10999999999999943,46.33,222.6,46.44,1364.8,3020.8,4746.5,46.33,44.3,SELL,3,46.33,222.6,46.32,187.0,46.31,1893.7,46.3,148.8,46.29,568.7,46.44,1364.8,46.45,123.6,46.46,1003.6,46.47,1143.0,46.48,1111.5
1700000177.5,355,54.42,0.10000000000000142,54.37,23.7,54.47,500.2,3523.6000000000004,1105.6000000000001,54.37,13.3,SELL,2,54.37,23.7,54.36,1029.6,54.35,121.9,54.34,1385.1,54.33,963.3,54.47,500.2,54.48,16.7,54.49,244.3,54.5,124.6,54.51,219.8
1700000178.0,356,54.41,0.10000000000000142,54.36,16.3,54.46,729.8,2190.5,3661.4,54.36,85.7,SELL,1,54.36,16.3,54.35,265.4,54.34,344.1,54.33,1554.7,54.32,10.0,54.46,729.8,54.47,220.7,54.48,808.5,54.49,1007.9,54.5,894.5
1700000178.5,357,54.41,0.10000000000000142,54.36,134.5,54.46,51.6,3254.1,3504.5,54.46,10.5,BUY,2,54.36,134.5,54.35,119.1,54.34,424.1,54.33,1754.8,54.32,821.6,54.46,51.6,54.47,2038.8,54.48,260.7,54.49,31.1,54.5,1122.3
1700000179.0,358,54.395,0.10999999999999943,54.34,554.3,54.45,565.8,4165.7,2277.3999999999996,54.34,58.5,SELL,2,54.34,554.3,54.33,522.9,54.32,2195.3,54.31,337.0,54.3,556.2,54.45,565.8,54.46,478.8,54.47,388.1,54.48,727.5,54.49,117.2
1700000179.5,359,54.395,0.10999999999999943,54.34,102.9,54.45,1175.0,2636.9,4742.4,54.34,5.1,SELL,3,54.34,102.9,54.33,1105.1,54.32,640.1,54.31,640.2,54.3,148.6,54.45,1175.0,54.46,683.0,54.47,309.0,54.48,484.0,54.49,2091.4
1700000180.0,360,54.385,0.10999999999999943,54.33,249.3,54.44,29.9,1214.4,2497.5,54.44,163.1,BUY,3,54.33,249.3,54.32,79.9,54.31,160.8,54.3,114.6,54.29,609.8,54.44,29.9,54.45,1256.7,54.46,656.5,54.47,326.4,54.48,228.0
1700000180.5,361,54.385,0.10999999999999943,54.33,597.9,54.44,328.0,3494.2999999999997,3121.9,54.44,5.0,BUY,5,54.33,597.9,54.32,549.3,54.31,67.7,54.3,505.4,54.29,1774.0,54.44,328.0,54.45,16.7,54.46,2019.7,54.47,652.1,54.48,105.4
1700000181.0,362,54.385,0.10999999999999943,54.33,128.8,54.44,107.2,1041.1000000000001,3333.4,54.44,55.0,BUY,4,54.33,128.8,54.32,317.6,54.31,100.9,54.3,408.6,54.29,85.2,54.44,107.2,54.45,641.9,54.46,11.9,54.47,776.2,54.48,1796.2
1700000181.5,363,54.39,0.09999999999999432,54.34,137.9,54.44,216.1,3474.2,2732.6,54.44,25.4,BUY,3,54.34,137.9,54.33,100.3,54.32,2283.0,54.31,82.0,54.3,871.0,54.44,216.1,54.45,1669.5,54.46,219.4,54.47,253.1,54.48,374.5
1700000182.0,364,54.395,0.10999999999999943,54.34,475.8,54.45,150.6,5959.1,2532.8,54.45,5.0,BUY,2,54.34,475.8,54.33,112.6,54.32,320.0,54.31,2562.9,54.3,2487.8,54.45,150.6,54.46,83.6,54.47,324.7,54.48,1265.9,54.49,708.0
1700000182.5,365,54.395,0.10999999999999943,54.34,949.1,54.45,88.7,1860.0,2213.2,54.45,19.3,BUY,4,54.34,949.1,54.33,31.6,54.32,65.6,54.31,706.1,54.3,107.6,54.45,88.7,54.46,304.4,54.47,369.6,54.48,529.5,54.49,921.0
1700000183.0,366,54.400000000000006,0.11999999999999744,54.34,974.3,54.46,573.1,3731.3999999999996,2551.8,54.34,74.3,SELL,3,54.34,974.3,54.33,1568.6,54.32,15.0,54.31,347.5,54.3,826.0,54.46,573.1,54.47,554.3,54.48,177.4,54.49,379.0,54.5,868.0
1700000183.5,367,54.39,0.09999999999999432,54.34,605.7,54.44,263.7,2522.6,6634.8,54.34,8.2,SELL,1,54.34,605.7,54.33,1237.6,54.32,359.7,54.31,228.6,54.3,91.0,54.44,263.7,54.45,931.2,54.46,339.2,54.47,4375.0,54.48,725.7
1700000184.0,368,54.379999999999995,0.11999999999999744,54.32,238.5,54.44,1392.8,2011.5000000000002,5293.3,54.44,5.0,BUY,4,54.32,238.5,54.31,510.3,54.3,593.1,54.29,46.9,54.28,622.7,54.44,1392.8,54.45,524.7,54.46,874.8,54.47,2183.0,54.48,318.0
1700000184.5,369,54.395,0.10999999999999943,54.34,847.2,54.45,256.8,3303.9000000000005,1327.5,54.45,12.1,BUY,1,54.34,847.2,54.33,79.6,54.32,1930.0,54.31,350.3,54.3,96.8,54.45,256.8,54.46,50.9,54.47,247.4,54.48,232.5,54.49,539.9
1700000185.0,370,54.395,0.10999999999999943,54.34,468.3,54.45,262.7,2276.3,5682.3,54.395,0.0,BUY,0,54.34,468.3,54.33,282.7,54.32,1198.0,54.31,129.3,54.3,198.0,54.45,262.7,54.46,1979.3,54.47,767.8,54.48,78.5,54.49,2594.0
1700000185.5,371,54.395,0.10999999999999943,54.34,35.8,54.45,132.4,1961.1999999999998,6143.200000000001,54.34,10.5,SELL,1,54.34,35.8,54.33,452.7,54.32,506.4,54.31,799.7,54.3,166.6,54.45,132.4,54.46,745.2,54.47,1041.4,54.48,939.8,54.49,3284.4
1700000186.0,372,54.395,0.10999999999999943,54.34,10.9,54.45,1941.7,2650.2,9754.5,54.45,9.9,BUY,2,54.34,10.9,54.33,64.8,54.32,586.1,54.31,730.2,54.3,1258.2,54.45,1941.7,54.46,789.0,54.47,2394.9,54.48,216.3,54.49,4412.6
1700000186.5,373,54.395,0.10999999999999943,54.34,1018.7,54.45,45.5,2352.2000000000003,3079.6,54.34,70.3,SELL,2,54.34,1018.7,54.33,373.6,54.32,718.8,54.31,182.9,54.3,58.2,54.45,45.5,54.46,432.7,54.47,188.9,54.48,1223.5,54.49,1189.0
1700000187.0,374,54.385,0.10999999999999943,54.33,457.8,54.44,797.0,5003.3,2628.5,54.44,11.1,BUY,2,54.33,457.8,54.32,434.6,54.31,327.0,54.3,2304.4,54.29,1479.5,54.44,797.0,54.45,378.1,54.46,361.8,54.47,1016.1,54.48,75.5
1700000187.5,375,54.385,0.10999999999999943,54.33,248.4,54.44,594.2,2472.0,3161.0000000000005,54.385,0.0,BUY,0,54.33,248.4,54.32,221.4,54.31,1166.9,54.3,809.8,54.29,25.5,54.44,594.2,54.45,480.3,54.46,1653.8,54.47,257.4,54.48,175.3
1700000188.0,376,54.385,0.10999999999999943,54.33,158.2,54.44,309.9,3135.9,8075.5,54.33,19.1,SELL,3,54.33,158.2,54.32,673.0,54.31,188.2,54.3,1073.4,54.29,1043.1,54.44,309.9,54.45,1357.4,54.46,2328.3,54.47,3697.7,54.48,382.2
1700000188.5,377,54.395,0.10999999999999943,54.34,726.8,54.45,137.5,2975.2,2331.8,54.395,0.0,BUY,0,54.34,726.8,54.33,718.7,54.32,337.5,54.31,109.1,54.3,1083.1,54.45,137.5,54.46,522.3,54.47,113.2,54.48,231.1,54.49,1327.7
1700000189.0,378,54.385,0.10999999999999943,54.33,442.3,54.44,1689.9,3300.6000000000004,3425.3,54.385,0.0,BUY,0,54.33,442.3,54.32,109.2,54.31,238.5,54.3,120.2,54.29,2390.4,54.44,1689.9,54.45,156.4,54.46,440.5,54.47,338.7,54.48,799.8
1700000189.5,379,54.385,0.10999999999999943,54.33,677.6,54.44,26.8,3205.8,4723.2,54.385,0.0,BUY,0,54.33,677.6,54.32,236.4,54.31,619.0,54.3,1005.9,54.29,666.9,54.44,26.8,54.45,859.9,54.46,128.3,54.47,1176.5,54.48,2531.7
1700000190.0,380,54.385,0.10999999999999943,54.33,348.8,54.44,72.9,3953.8,3703.0,54.33,7.8,SELL,2,54.33,348.8,54.32,838.9,54.31,1274.6,54.3,247.3,54.29,1244.2,54.44,72.9,54.45,79.3,54.46,98.7,54.47,2211.2,54.48,1240.9
1700000190.5,381,54.385,0.10999999999999943,54.33,3550.4,54.44,164.3,4906.8,4112.2,54.44,19.2,BUY,1,54.33,3550.4,54.32,147.1,54.31,756.5,54.3,27.5,54.29,425.3,54.44,164.3,54.45,320.6,54.46,753.2,54.47,957.8,54.48,1916.3
1700000191.0,382,54.365,0.10999999999999943,54.31,321.5,54.42,285.4,2656.1,3688.3,54.365,0.0,BUY,0,54.31,321.5,54.3,172.4,54.29,181.1,54.28,1881.4,54.27,99.7,54.42,285.4,54.43,107.5,54.44,1858.1,54.45,950.0,54.46,487.3
1700000191.5,383,54.379999999999995,0.11999999999999744,54.32,28.1,54.44,21.6,1554.0,2260.4,54.44,63.7,BUY,1,54.32,28.1,54.31,206.6,54.3,1119.6,54.29,27.7,54.28,172.0,54.44,21.6,54.45,131.1,54.46,293.0,54.47,1492.8,54.48,321.9
1700000192.0,384,54.385,0.10999999999999943,54.33,226.1,54.44,19.9,2661.7000000000003,2985.4,54.44,82.9,BUY,1,54.33,226.1,54.32,462.5,54.31,140.5,54.3,1658.8,54.29,173.8,54.44,19.9,54.45,429.3,54.46,1012.4,54.47,536.4,54.48,987.4
1700000192.5,385,54.385,0.10999999999999943,54.33,391.0,54.44,151.9,2033.6,2099.0,54.385,0.0,BUY,0,54.33,391.0,54.32,1110.1,54.31,288.3,54.3,182.2,54.29,62.0,54.44,151.9,54.45,294.5,54.46,1031.4,54.47,281.1,54.48,340.1
1700000193.0,386,54.395,0.10999999999999943,54.34,10.0,54.45,159.9,3741.0,930.9,54.45,8.3,BUY,2,54.34,10.0,54.33,1624.6,54.32,587.4,54.31,30.9,54.3,1488.1,54.45,159.9,54.46,182.6,54.47,17.6,54.48,268.9,54.49,301.9
1700000193.5,387,54.395,0.10999999999999943,54.34,58.7,54.45,1369.5,4748.1,8106.0,54.45,5.0,BUY,3,54.34,58.7,54.33,952.0,54.32,390.1,54.31,2131.5,54.3,1215.8,54.45,1369.5,54.46,612.5,54.47,551.7,54.48,1451.6,54.49,4120.7
1700000194.0,388,54.395,0.10999999999999943,54.34,245.2,54.45,243.4,4445.3,4976.400000000001,54.45,76.7,BUY,1,54.34,245.2,54.33,552.8,54.32,450.0,54.31,1864.5,54.3,1332.8,54.45,243.4,54.46,894.7,54.47,264.2,54.48,2280.8,54.49,1293.3
1700000194.5,389,35.595,0.10999999999999943,35.54,328.6,35.65,967.2,5839.799999999999,2813.7000000000003,35.54,5.0,SELL,1,35.54,328.6,35.53,590.9,35.52,929.1,35.51,2659.7,35.5,1331.5,35.65,967.2,35.66,10.0,35.67,37.3,35.68,1235.8,35.69,563.4
1700000195.0,390,35.59,0.11999999999999744,35.53,36.6,35.65,236.4,3177.3,1682.3999999999999,35.65,18.0,BUY,2,35.53,36.6,35.52,962.6,35.51,607.8,35.5,132.6,35.49,1437.7,35.65,236.4,35.66,97.0,35.67,1117.3,35.68,22.7,35.69,209.0
1700000195.5,391,40.370000000000005,0.10000000000000142,40.32,169.8,40.42,64.7,4861.7,3881.5000000000005,40.32,19.7,SELL,1,40.32,169.8,40.31,539.2,40.3,2063.3,40.29,2068.2,40.28,21.2,40.42,64.7,40.43,147.3,40.44,1450.7,40.45,1138.9,40.46,1079.9
1700000196.0,392,40.365,0.10999999999999943,40.31,17.2,40.42,769.3,7759.2,2425.6,40.42,52.5,BUY,4,40.31,17.2,40.3,36.2,40.29,959.8,40.28,3194.3,40.27,3551.7,40.42,769.3,40.43,584.6,40.44,608.3,40.45,37.5,40.46,425.9
1700000196.5,393,40.370000000000005,0.11999999999999744,40.31,332.2,40.43,140.8,2123.9,1835.1,40.31,26.3,SELL,2,40.31,332.2,40.3,655.1,40.29,450.3,40.28,108.7,40.27,577.6,40.43,140.8,40.44,496.9,40.45,278.0,40.46,481.3,40.47,438.1
1700000197.0,394,40.365,0.10999999999999943,40.31,601.7,40.42,1260.4,2891.5,4426.599999999999,40.365,0.0,BUY,0,40.31,601.7,40.3,454.2,40.29,387.5,40.28,438.0,40.27,1010.1,40.42,1260.4,40.43,1761.4,40.44,1251.2,40.45,111.7,40.46,41.9
1700000197.5,395,40.385,0.10999999999999943,40.33,800.6,40.44,198.4,2279.7000000000003,661.1,40.33,73.6,SELL,2,40.33,800.6,40.32,46.2,40.31,1028.1,40.3,130.7,40.29,274.1,40.44,198.4,40.45,46.3,40.46,323.7,40.47,76.6,40.48,16.1
1700000198.0,396,40.379999999999995,0.11999999999999744,40.32,523.3,40.44,10.3,4372.799999999999,916.2,40.44,55.9,BUY,4,40.32,523.3,40.31,502.4,40.3,2498.0,40.29,570.2,40.28,278.9,40.44,10.3,40.45,59.4,40.46,581.2,40.47,254.4,40.48,10.9
1700000198.5,397,40.365,0.10999999999999943,40.31,1321.4,40.42,55.2,5225.5,3822.5,40.31,26.6,SELL,2,40.31,1321.4,40.3,1072.7,40.29,1805.7,40.28,88.3,40.27,937.4,40.42,55.2,40.43,1014.5,40.44,197.2,40.45,1482.1,40.46,1073.5
1700000199.0,398,40.385,0.10999999999999943,40.33,304.2,40.44,1579.3,5428.4,3639.0,40.33,31.2,SELL,3,40.33,304.2,40.32,2182.6,40.31,733.7,40.3,235.8,40.29,1972.1,40.44,1579.3,40.45,620.8,40.46,392.8,40.47,968.0,40.48,78.1
1700000199.5,399,40.365,0.10999999999999943,40.31,442.1,40.42,1397.1,5668.4,5091.6,40.31,5.0,SELL,3,40.31,442.1,40.3,1250.7,40.29,177.6,40.28,1772.5,40.27,2025.5,40.42,1397.1,40.43,208.1,40.44,1097.4,40.45,850.2,40.46,1538.8
1700000200.0,400,40.385,0.10999999999999943,40.33,316.1,40.44,394.3,1737.6999999999998,4379.0,40.44,5.0,BUY,2,40.33,316.1,40.32,185.0,40.31,113.5,40.3,417.2,40.29,705.9,40.44,394.3,40.45,1667.5,40.46,64.8,40.47,159.3,40.48,2093.1
1700000200.5,401,40.379999999999995,0.11999999999999744,40.32,679.7,40.44,812.9,4765.1,4722.9,40.32,110.5,SELL,2,40.32,679.7,40.31,267.1,40.3,531.0,40.29,830.6,40.28,2456.7,40.44,812.9,40.45,1309.8,40.46,592.1,40.47,400.8,40.48,1607.3
1700000201.0,402,40.385,0.10999999999999943,40.33,18.9,40.44,388.5,1303.1999999999998,2207.6,40.44,222.7,BUY,4,40.33,18.9,40.32,268.6,40.31,465.4,40.3,60.9,40.29,489.4,40.44,388.5,40.45,745.3,40.46,172.7,40.47,109.1,40.48,792.0
1700000201.5,403,40.365,0.10999999999999943,40.31,761.2,40.42,134.2,4037.1,4468.7,40.31,5.0,SELL,4,40.31,761.2,40.3,10.0,40.29,527.4,40.28,917.4,40.27,1821.1,40.42,134.2,40.43,492.1,40.44,16.8,40.45,1232.4,40.46,2593.2
1700000202.0,404,40.365,0.10999999999999943,40.31,156.0,40.42,456.2,1519.6999999999998,4423.3,40.31,24.7,SELL,3,40.31,156.0,40.3,121.5,40.29,579.0,40.28,282.3,40.27,380.9,40.42,456.2,40.43,253.9,40.44,579.5,40.45,369.7,40.46,2764.0
1700000202.5,405,40.36,0.09999999999999432,40.31,58.9,40.41,781.6,1576.8,6967.200000000001,40.41,11.5,BUY,5,40.31,58.9,40.3,25.1,40.29,151.4,40.28,755.3,40.27,586.1,40.41,781.6,40.42,116.1,40.43,1104.6,40.44,211.6,40.45,4753.3
1700000203.0,406,40.365,0.10999999999999943,40.31,98.6,40.42,718.0,1088.6000000000001,4922.4,40.42,92.7,BUY,1,40.31,98.6,40.3,149.1,40.29,593.7,40.28,114.5,40.27,132.7,40.42,718.0,40.43,418.2,40.44,364.8,40.45,1463.3,40.46,1958.1
1700000203.5,407,40.370000000000005,0.11999999999999744,40.31,213.9,40.43,216.4,4191.8,1534.2,40.43,7.5,BUY,2,40.31,213.9,40.3,341.5,40.29,1005.9,40.28,1455.0,40.27,1175.5,40.43,216.4,40.44,200.5,40.45,502.5,40.46,489.9,40.47,124.9
1700000204.0,408,40.365,0.10999999999999943,40.31,184.2,40.42,48.9,4095.7999999999997,4126.5,40.31,49.5,SELL,3,40.31,184.2,40.3,13.4,40.29,3053.0,40.28,758.5,40.27,86.7,40.42,48.9,40.43,110.2,40.44,113.4,40.45,1842.3,40.46,2011.7
1700000204.5,409,40.365,0.10999999999999943,40.31,196.3,40.42,454.6,2801.1000000000004,2539.0,40.31,91.2,SELL,1,40.31,196.3,40.3,124.1,40.29,1044.5,40.28,450.7,40.27,985.5,40.42,454.6,40.43,98.2,40.44,746.7,40.45,1200.5,40.46,39.0
1700000205.0,410,40.355,0.10999999999999943,40.3,572.1,40.41,660.9,2783.2,3614.8,40.41,71.9,BUY,3,40.3,572.1,40.29,226.9,40.28,104.9,40.27,708.2,40.26,1171.1,40.41,660.9,40.42,405.5,40.43,834.9,40.44,464.3,40.45,1249.2
1700000205.5,411,40.345,0.10999999999999943,40.29,140.1,40.4,144.6,4845.4,2778.4,40.29,5.6,SELL,3,40.29,140.1,40.28,1545.5,40.27,658.3,40.26,692.0,40.25,1809.5,40.4,144.6,40.41,698.7,40.42,409.3,40.43,1502.9,40.44,22.9
1700000206.0,412,40.34,0.11999999999999744,40.28,541.6,40.4,59.9,1930.2999999999997,2031.5,40.4,28.1,BUY,1,40.28,541.6,40.27,174.6,40.26,511.9,40.25,429.6,40.24,272.6,40.4,59.9,40.41,150.0,40.42,329.8,40.43,438.0,40.44,1053.8
1700000206.5,413,40.355,0.10999999999999943,40.3,1197.5,40.41,175.7,4087.0999999999995,1075.2,40.41,96.4,BUY,1,40.3,1197.5,40.29,169.0,40.28,351.1,40.27,750.8,40.26,1618.7,40.41,175.7,40.42,14.5,40.43,137.0,40.44,56.0,40.45,692.0
1700000207.0,414,40.355,0.10999999999999943,40.3,60.9,40.41,632.9,2273.3,3702.1000000000004,40.41,62.4,BUY,2,40.3,60.9,40.29,28.4,40.28,530.2,40.27,1129.4,40.26,524.4,40.41,632.9,40.42,736.0,40.43,41.1,40.44,1194.8,40.45,1097.3
1700000207.5,415,40.36,0.09999999999999432,40.31,370.2,40.41,334.2,1439.4,2946.8,40.36,0.0,BUY,0,40.31,370.2,40.3,222.9,40.29,132.6,40.28,180.1,40.27,533.6,40.41,334.2,40.42,12.6,40.43,1569.0,40.44,617.5,40.45,413.5
1700000208.0,416,40.355,0.10999999999999943,40.3,131.1,40.41,33.7,1848.6,3732.2000000000003,40.3,8.9,SELL,1,40.3,131.1,40.29,204.4,40.28,445.4,40.27,478.3,40.26,589.4,40.41,33.7,40.42,1026.4,40.43,123.4,40.44,617.2,40.45,1931.5
1700000208.5,417,40.385,0.10999999999999943,40.33,638.2,40.44,1777.8,3547.8,5544.400000000001,40.44,98.6,BUY,4,40.33,638.2,40.32,355.2,40.31,506.8,40.3,31.1,40.29,2016.5,40.44,1777.8,40.45,1018.3,40.46,2234.0,40.47,465.8,40.48,48.5
1700000209.0,418,40.395,0.10999999999999943,40.34,277.0,40.45,701.3,2700.8,1049.9,40.45,20.7,BUY,3,40.34,277.0,40.33,475.0,40.32,179.1,40.31,1265.8,40.3,503.9,40.45,701.3,40.46,56.6,40.47,27.2,40.48,70.0,40.49,194.8
1700000209.5,419,40.379999999999995,0.10000000000000142,40.33,491.3,40.43,749.1,2855.2000000000003,2867.2999999999997,40.33,93.1,SELL,2,40.33,491.3,40.32,473.7,40.31,1240.3,40.3,138.6,40.29,511.3,40.43,749.1,40.44,359.4,40.45,849.6,40.46,157.6,40.47,751.6
1700000210.0,420,40.385,0.10999999999999943,40.33,177.8,40.44,1883.3,2802.8,4811.5,40.385,0.0,BUY,0,40.33,177.8,40.32,158.1,40.31,1819.2,40.3,450.9,40.29,196.8,40.44,1883.3,40.45,1001.7,40.46,953.5,40.47,529.9,40.48,443.1
1700000210.5,421,40.385,0.10999999999999943,40.33,169.9,40.44,190.4,4341.099999999999,2691.4,40.33,5.0,SELL,1,40.33,169.9,40.32,846.3,40.31,2132.8,40.3,956.2,40.29,235.9,40.44,190.4,40.45,1022.6,40.46,96.6,40.47,786.7,40.48,595.1
1700000211.0,422,40.36,0.09999999999999432,40.31,2065.1,40.41,341.5,6050.5,5831.5,40.36,0.0,BUY,0,40.31,2065.1,40.3,286.5,40.29,740.9,40.28,274.5,40.27,2683.5,40.41,341.5,40.42,1924.5,40.43,382.0,40.44,2273.2,40.45,910.3
1700000211.5,423,40.355,0.10999999999999943,40.3,700.4,40.41,50.7,1534.7,3088.0,40.3,13.7,SELL,6,40.3,700.4,40.29,107.7,40.28,424.3,40.27,79.1,40.26,223.2,40.41,50.7,40.42,384.5,40.43,1534.3,40.44,561.5,40.45,557.0
1700000212.0,424,43.8,0.11999999999999744,43.74,10.0,43.86,122.2,2083.6,3849.7000000000003,43.8,0.0,BUY,0,43.74,10.0,43.73,232.3,43.72,897.3,43.71,648.1,43.7,295.9,43.86,122.2,43.87,1696.1,43.88,1046.8,43.89,758.2,43.9,226.4
1700000212.5,425,43.785,0.11000000000000654,43.73,470.5,43.84,216.4,3110.3999999999996,2832.6,43.84,111.8,BUY,1,43.73,470.5,43.72,384.3,43.71,934.5,43.7,1311.1,43.69,10.0,43.84,216.4,43.85,1246.1,43.86,281.0,43.87,558.0,43.88,531.1
1700000213.0,426,43.78,0.12000000000000455,43.72,1987.4,43.84,699.4,3810.7,2530.8,43.84,18.4,BUY,1,43.72,1987.4,43.71,242.0,43.7,702.0,43.69,346.7,43.68,532.6,43.84,699.4,43.85,501.4,43.86,205.7,43.87,220.7,43.88,903.6
1700000213.5,427,43.775,0.10999999999999943,43.72,28.1,43.83,603.3,4273.1,3274.5,43.72,96.9,SELL,1,43.72,28.1,43.71,84.8,43.7,1149.9,43.69,2611.0,43.68,399.3,43.83,603.3,43.84,60.5,43.85,638.9,43.86,139.3,43.87,1832.5
1700000214.0,428,43.78,0.10000000000000142,43.73,85.6,43.83,103.0,3914.7999999999997,1363.8000000000002,43.83,24.3,BUY,4,43.73,85.6,43.72,1415.8,43.71,770.5,43.7,1621.4,43.69,21.5,43.83,103.0,43.84,14.8,43.85,46.9,43.86,538.7,43.87,660.4
1700000214.5,429,43.78,0.10000000000000142,43.73,55.6,43.83,14.5,1711.2999999999997,2187.3999999999996,43.83,50.6,BUY,3,43.73,55.6,43.72,1035.9,43.71,129.6,43.7,412.6,43.69,77.6,43.83,14.5,43.84,725.7,43.85,54.0,43.86,857.4,43.87,535.8
1700000215.0,430,43.769999999999996,0.11999999999999744,43.71,192.7,43.83,179.7,722.1,4458.7,43.83,79.1,BUY,2,43.71,192.7,43.7,61.7,43.69,46.5,43.68,184.3,43.67,236.9,43.83,179.7,43.84,1120.2,43.85,685.8,43.86,898.2,43.87,1574.8
1700000215.5,431,43.775,0.10999999999999943,43.72,689.1,43.83,196.1,2092.1,5853.9,43.775,0.0,BUY,0,43.72,689.1,43.71,211.9,43.7,278.6,43.69,292.7,43.68,619.8,43.83,196.1,43.84,44.7,43.85,336.5,43.86,102.4,43.87,5174.2
1700000216.0,432,43.775,0.10999999999999943,43.72,139.0,43.83,1539.1,4588.7,5098.9,43.83,5.0,BUY,1,43.72,139.0,43.71,372.7,43.7,939.4,43.69,1292.0,43.68,1845.6,43.83,1539.1,43.84,103.6,43.85,546.6,43.86,95.4,43.87,2814.2
1700000216.5,433,43.755,0.10999999999999943,43.7,154.7,43.81,264.3,2766.1000000000004,1761.0000000000002,43.81,31.6,BUY,1,43.7,154.7,43.69,888.0,43.68,1130.7,43.67,142.3,43.66,450.4,43.81,264.3,43.82,390.4,43.83,39.7,43.84,699.4,43.85,367.2
1700000217.0,434,37.965,0.11000000000000654,37.91,1442.0,38.02,509.9,7787.9,4778.4,37.91,51.7,SELL,1,37.91,1442.0,37.9,635.7,37.89,410.7,37.88,2209.4,37.87,3090.1,38.02,509.9,38.03,549.7,38.04,1126.1,38.05,1966.2,38.06,626.5
1700000217.5,435,37.97,0.12000000000000455,37.91,715.7,38.03,21.9,3755.5,3907.0,38.03,212.2,BUY,2,37.91,715.7,37.9,1140.1,37.89,93.7,37.88,1109.8,37.87,696.2,38.03,21.9,38.04,1053.1,38.05,577.1,38.06,717.6,38.07,1537.3
1700000218.0,436,37.965,0.11000000000000654,37.91,701.4,38.02,158.9,1328.8,5767.6,38.02,22.3,BUY,1,37.91,701.4,37.9,273.6,37.89,140.0,37.88,47.6,37.87,166.2,38.02,158.9,38.03,1459.4,38.04,39.0,38.05,3657.4,38.06,452.9
1700000218.5,437,37.965,0.11000000000000654,37.91,60.9,38.02,364.2,3903.7,1964.8999999999999,38.02,64.5,BUY,3,37.91,60.9,37.9,890.4,37.89,726.2,37.88,981.1,37.87,1245.1,38.02,364.2,38.03,1013.1,38.04,143.6,38.05,124.8,38.06,319.2
1700000219.0,438,38.0,0.12000000000000455,37.94,117.4,38.06,135.6,911.0999999999999,2386.5,37.94,8.7,SELL,2,37.94,117.4,37.93,113.3,37.92,199.0,37.91,321.9,37.9,159.5,38.06,135.6,38.07,47.5,38.08,143.7,38.09,1059.1,38.1,1000.6
1700000219.5,439,38.0,0.09999999999999432,37.95,962.5,38.05,141.7,4161.7,2289.1,38.05,155.7,BUY,5,37.95,962.5,37.94,98.3,37.93,294.3,37.92,2193.6,37.91,613.0,38.05,141.7,38.06,278.3,38.07,603.8,38.08,1144.4,38.09,120.9
1700000220.0,440,38.0,0.09999999999999432,37.95,473.6,38.05,1720.9,2464.6,3840.3999999999996,38.05,9.1,BUY,2,37.95,473.6,37.94,1127.5,37.93,255.8,37.92,343.7,37.91,264.0,38.05,1720.9,38.06,226.5,38.07,107.7,38.08,1444.3,38.09,341.0
1700000220.5,441,37.995,0.10999999999999943,37.94,984.3,38.05,78.1,2151.7,3673.1,38.05,6.2,BUY,2,37.94,984.3,37.93,104.4,37.92,931.9,37.91,120.0,37.9,11.1,38.05,78.1,38.06,444.4,38.07,1226.6,38.08,804.5,38.09,1119.5
1700000221.0,442,38.0,0.12000000000000455,37.94,346.3,38.06,590.7,2832.4,1450.5,37.94,21.2,SELL,2,37.94,346.3,37.93,10.6,37.92,73.9,37.91,1345.6,37.9,1056.0,38.06,590.7,38.07,174.9,38.08,348.0,38.09,207.9,38.1,129.0
1700000221.5,443,37.980000000000004,0.10000000000000142,37.93,22.9,38.03,216.5,1615.7,2100.4,38.03,5.0,BUY,2,37.93,22.9,37.92,320.1,37.91,251.3,37.9,629.2,37.89,392.2,38.03,216.5,38.04,428.2,38.05,149.7,38.06,778.6,38.07,527.4
1700000222.0,444,37.965,0.11000000000000654,37.91,617.9,38.02,607.2,1979.6,3054.0,37.91,27.3,SELL,1,37.91,617.9,37.9,279.9,37.89,208.5,37.88,458.8,37.87,414.5,38.02,607.2,38.03,776.4,38.04,231.7,38.05,1016.9,38.06,421.8
1700000222.5,445,37.965,0.11000000000000654,37.91,79.6,38.02,27.7,2187.5,5918.5,37.965,0.0,BUY,0,37.91,79.6,37.9,387.3,37.89,1065.4,37.88,410.7,37.87,244.5,38.02,27.7,38.03,15.0,38.04,1337.5,38.05,1604.5,38.06,2933.8
1700000223.0,446,37.97,0.12000000000000455,37.91,87.9,38.03,284.7,1211.8,5069.0,38.03,24.4,BUY,1,37.91,87.9,37.9,174.5,37.89,252.4,37.88,518.2,37.87,178.8,38.03,284.7,38.04,411.4,38.05,1518.8,38.06,355.5,38.07,2498.6
1700000223.5,447,37.959999999999994,0.10000000000000142,37.91,508.8,38.01,448.9,2385.1,5503.200000000001,38.01,38.9,BUY,1,37.91,508.8,37.9,870.1,37.89,17.8,37.88,406.9,37.87,581.5,38.01,448.9,38.02,51.6,38.03,1382.3,38.04,167.1,38.05,3453.3
1700000224.0,448,37.95,0.11999999999999744,37.89,310.5,38.01,260.8,1700.1,2493.2,37.89,54.4,SELL,4,37.89,310.5,37.88,551.1,37.87,347.1,37.86,13.8,37.85,477.6,38.01,260.8,38.02,1392.1,38.03,628.3,38.04,10.0,38.05,202.0
1700000224.5,449,37.955,0.10999999999999943,37.9,846.5,38.01,880.0,3200.7,2957.8,38.01,63.1,BUY,1,37.9,846.5,37.89,509.7,37.88,476.3,37.87,741.7,37.86,626.5,38.01,880.0,38.02,36.9,38.03,366.0,38.04,262.3,38.05,1412.6
1700000225.0,450,37.955,0.10999999999999943,37.9,33.6,38.01,369.1,8286.4,3140.0000000000005,38.01,85.3,BUY,3,37.9,33.6,37.89,181.9,37.88,5478.5,37.87,2282.5,37.86,309.9,38.01,369.1,38.02,78.6,38.03,1367.5,38.04,1037.4,38.05,287.4
1700000225.5,451,37.95,0.11999999999999744,37.89,10.0,38.01,284.8,2214.1,3961.0,37.95,0.0,BUY,0,37.89,10.0,37.88,139.2,37.87,413.3,37.86,371.0,37.85,1280.6,38.01,284.8,38.02,78.5,38.03,2882.0,38.04,403.1,38.05,312.6
1700000226.0,452,37.95,0.10000000000000142,37.9,498.1,38.0,295.8,4289.1,5008.2,37.9,38.9,SELL,1,37.9,498.1,37.89,1629.4,37.88,294.0,37.87,799.7,37.86,1067.9,38.0,295.8,38.01,602.0,38.02,1947.2,38.03,237.6,38.04,1925.6
1700000226.5,453,37.965,0.11000000000000654,37.91,746.7,38.02,1136.2,3781.7,6353.1,37.965,0.0,BUY,0,37.91,746.7,37.9,184.9,37.89,259.2,37.88,1203.1,37.87,1387.8,38.02,1136.2,38.03,345.6,38.04,1415.8,38.05,2267.3,38.06,1188.2
1700000227.0,454,37.955,0.10999999999999943,37.9,287.5,38.01,45.3,8323.6,6553.200000000001,37.9,21.6,SELL,2,37.9,287.5,37.89,306.1,37.88,1703.0,37.87,657.7,37.86,5369.3,38.01,45.3,38.02,1495.8,38.03,739.4,38.04,2918.8,38.05,1353.9
1700000227.5,455,37.965,0.11000000000000654,37.91,137.1,38.02,10.0,776.5,4814.4,38.02,56.5,BUY,1,37.91,137.1,37.9,134.3,37.89,103.6,37.88,281.4,37.87,120.1,38.02,10.0,38.03,1492.9,38.04,10.0,38.05,1885.9,38.06,1415.6
1700000228.0,456,37.96,0.12000000000000455,37.9,544.1,38.02,79.7,2845.3,1910.6000000000001,37.96,0.0,BUY,0,37.9,544.1,37.89,359.9,37.88,69.9,37.87,1169.0,37.86,702.4,38.02,79.7,38.03,138.4,38.04,353.1,38.05,810.2,38.06,529.2
1700000228.5,457,37.955,0.10999999999999943,37.9,249.1,38.01,10.0,2666.7000000000003,2285.2,37.9,51.8,SELL,2,37.9,249.1,37.89,23.8,37.88,528.9,37.87,1593.0,37.86,271.9,38.01,10.0,38.02,619.9,38.03,315.7,38.04,298.7,38.05,1040.9
1700000229.0,458,37.955,0.10999999999999943,37.9,634.7,38.01,130.0,1964.5,3878.5,38.01,49.0,BUY,5,37.9,634.7,37.89,150.4,37.88,608.1,37.87,101.0,37.86,470.3,38.01,130.0,38.02,626.8,38.03,1003.2,38.04,1382.1,38.05,736.4
1700000229.5,459,37.959999999999994,0.10000000000000142,37.91,78.0,38.01,11.1,2073.6,3754.5999999999995,37.91,85.7,SELL,1,37.91,78.0,37.9,34.2,37.89,87.1,37.88,1536.5,37.87,337.8,38.01,11.1,38.02,1629.3,38.03,149.0,38.04,429.0,38.05,1536.2
1700000230.0,460,37.965,0.11000000000000654,37.91,10.0,38.02,10.8,2777.7,2071.0,38.02,8.5,BUY,1,37.91,10.0,37.9,599.3,37.89,40.9,37.88,1500.4,37.87,627.1,38.02,10.8,38.03,212.2,38.04,578.5,38.05,1076.1,38.06,193.4
1700000230.5,461,37.955,0.10999999999999943,37.9,1520.5,38.01,213.3,4666.1,3991.8999999999996,38.01,83.9,BUY,1,37.9,1520.5,37.89,1121.6,37.88,181.5,37.87,1006.4,37.86,836.1,38.01,213.3,38.02,932.8,38.03,874.5,38.04,1639.8,38.05,331.5
1700000231.0,462,41.870000000000005,0.10000000000000142,41.82,523.0,41.92,683.2,2427.7000000000003,3701.0,41.92,62.1,BUY,2,41.82,523.0,41.81,18.4,41.8,277.6,41.79,1216.9,41.78,391.8,41.92,683.2,41.93,1185.1,41.94,770.8,41.95,615.2,41.96,446.7
1700000231.5,463,41.855,0.10999999999999943,41.8,261.2,41.91,99.7,1867.5000000000002,2644.8,41.8,39.1,SELL,2,41.8,261.2,41.79,1176.4,41.78,37.7,41.77,10.0,41.76,382.2,41.91,99.7,41.92,1230.0,41.93,1172.1,41.94,42.0,41.95,101.0
1700000232.0,464,41.870000000000005,0.11999999999999744,41.81,1003.3,41.93,149.3,5021.6,3332.3,41.870000000000005,0.0,BUY,0,41.81,1003.3,41.8,1044.0,41.79,146.4,41.78,347.5,41.77,2480.4,41.93,149.3,41.94,172.6,41.95,2065.8,41.96,150.3,41.97,794.3
1700000232.5,465,41.885,0.10999999999999943,41.83,189.7,41.94,45.3,3112.7,3199.5,41.885,0.0,BUY,0,41.83,189.7,41.82,441.9,41.81,39.8,41.8,1241.5,41.79,1199.8,41.94,45.3,41.95,1180.5,41.96,541.1,41.97,409.1,41.98,1023.5
1700000233.0,466,41.865,0.10999999999999943,41.81,61.1,41.92,135.0,2407.9,3148.0999999999995,41.81,41.6,SELL,1,41.81,61.1,41.8,641.3,41.79,798.1,41.78,512.5,41.77,394.9,41.92,135.0,41.93,834.0,41.94,111.6,41.95,1145.3,41.96,922.2
1700000233.5,467,39.325,0.10999999999999943,39.27,245.8,39.38,439.8,2552.7000000000003,3691.7,39.325,0.0,BUY,0,39.27,245.8,39.26,319.3,39.25,581.6,39.24,1359.1,39.23,46.9,39.38,439.8,39.39,114.4,39.4,348.5,39.41,2475.5,39.42,313.5
1700000234.0,468,39.315,0.10999999999999943,39.26,98.3,39.37,355.6,818.7,5969.8,39.37,27.2,BUY,3,39.26,98.3,39.25,99.2,39.24,384.6,39.23,78.4,39.22,158.2,39.37,355.6,39.38,2797.7,39.39,560.1,39.4,1626.3,39.41,630.1
1700000234.5,469,34.44,0.11999999999999744,34.38,2099.0,34.5,32.8,3739.2,2497.0,34.38,32.2,SELL,5,34.38,2099.0,34.37,408.0,34.36,16.3,34.35,529.7,34.34,686.2,34.5,32.8,34.51,376.8,34.52,625.0,34.53,143.8,34.54,1318.6
1700000235.0,470,34.44,0.10000000000000142,34.39,308.5,34.49,193.4,2587.5,3446.0,34.44,0.0,BUY,0,34.39,308.5,34.38,117.6,34.37,1476.9,34.36,584.6,34.35,99.9,34.49,193.4,34.5,47.8,34.51,511.1,34.52,1185.2,34.53,1508.5
1700000235.5,471,34.455,0.10999999999999943,34.4,323.2,34.51,857.4,1948.4,2199.5,34.51,5.0,BUY,4,34.4,323.2,34.39,857.2,34.38,60.6,34.37,439.3,34.36,268.1,34.51,857.4,34.52,557.1,34.53,249.0,34.54,30.0,34.55,506.0
1700000236.0,472,34.45,0.11999999999999744,34.39,104.1,34.51,146.1,1662.1999999999998,2181.4,34.51,9.9,BUY,2,34.39,104.1,34.38,506.5,34.37,378.2,34.36,245.1,34.35,428.3,34.51,146.1,34.52,698.3,34.53,77.8,34.54,1114.8,34.55,144.4
1700000236.5,473,34.465,0.11000000000000654,34.41,351.4,34.52,446.0,2812.3,2503.7,34.41,89.2,SELL,1,34.41,351.4,34.4,160.9,34.39,131.6,34.38,1997.1,34.37,171.3,34.52,446.0,34.53,140.0,34.54,71.4,34.55,1539.6,34.56,306.7
1700000237.0,474,34.46,0.12000000000000455,34.4,194.3,34.52,237.1,3169.0,1006.6,34.46,0.0,BUY,0,34.4,194.3,34.39,102.9,34.38,1660.8,34.37,1182.6,34.36,28.4,34.52,237.1,34.53,405.5,34.54,46.1,34.55,240.9,34.56,77.0
1700000237.5,475,34.47,0.12000000000000455,34.41,10.0,34.53,532.7,3230.5,4289.1,34.47,0.0,BUY,0,34.41,10.0,34.4,37.8,34.39,2324.3,34.38,169.6,34.37,688.8,34.53,532.7,34.54,40.9,34.55,151.3,34.56,889.2,34.57,2675.0
1700000238.0,476,34.465,0.11000000000000654,34.41,179.6,34.52,277.6,4179.8,1905.1,34.52,5.0,BUY,3,34.41,179.6,34.4,115.8,34.39,3005.3,34.38,39.3,34.37,839.8,34.52,277.6,34.53,474.4,34.54,30.7,34.55,335.0,34.56,787.4
1700000238.5,477,32.855,0.10999999999999943,32.8,673.1,32.91,316.1,4573.7,2441.4,32.8,7.2,SELL,2,32.8,673.1,32.79,2677.7,32.78,10.0,32.77,827.7,32.76,385.2,32.91,316.1,32.92,925.3,32.93,409.3,32.94,674.2,32.95,116.5
1700000239.0,478,32.84,0.10000000000000142,32.79,71.4,32.89,30.4,3321.5,1345.5,32.79,5.0,SELL,1,32.79,71.4,32.78,570.9,32.77,71.1,32.76,2137.5,32.75,470.6,32.89,30.4,32.9,76.9,32.91,142.5,32.92,688.9,32.93,406.8
1700000239.5,479,32.845,0.10999999999999943,32.79,643.0,32.9,307.4,1914.0,2637.6,32.79,34.3,SELL,4,32.79,643.0,32.78,275.9,32.77,88.3,32.76,674.7,32.75,232.1,32.9,307.4,32.91,272.2,32.92,885.3,32.93,1108.6,32.94,64.1
1700000240.0,480,32.84,0.11999999999999744,32.78,1049.2,32.9,226.6,4421.2,1501.1000000000001,32.78,73.2,SELL,1,32.78,1049.2,32.77,104.1,32.76,229.4,32.75,1122.5,32.74,1916.0,32.9,226.6,32.91,616.5,32.92,130.6,32.93,109.4,32.94,418.0
1700000240.5,481,32.825,0.10999999999999943,32.77,853.6,32.88,740.4,3767.2000000000003,1771.6,32.88,70.7,BUY,1,32.77,853.6,32.76,92.7,32.75,1245.4,32.74,443.5,32.73,1132.0,32.88,740.4,32.89,28.8,32.9,417.5,32.91,183.2,32.92,401.7
1700000241.0,482,32.83,0.10000000000000142,32.78,546.9,32.88,1379.1,3893.0,5474.8,32.78,18.3,SELL,3,32.78,546.9,32.77,169.7,32.76,10.0,32.75,1500.9,32.74,1665.5,32.88,1379.1,32.89,50.8,32.9,463.9,32.91,571.2,32.92,3009.8
1700000241.5,483,32.825,0.10999999999999943,32.77,837.4,32.88,1395.1,2610.0,4365.799999999999,32.88,8.7,BUY,3,32.77,837.4,32.76,227.6,32.75,304.4,32.74,719.9,32.73,520.7,32.88,1395.1,32.89,564.2,32.9,493.2,32.91,772.7,32.92,1140.6
1700000242.0,484,32.825,0.10999999999999943,32.77,173.0,32.88,1424.8,3476.4999999999995,5728.8,32.77,33.2,SELL,2,32.77,173.0,32.76,758.2,32.75,1699.5,32.74,104.7,32.73,741.1,32.88,1424.8,32.89,200.2,32.9,428.5,32.91,339.8,32.92,3335.5
1700000242.5,485,32.845,0.10999999999999943,32.79,71.8,32.9,312.6,1572.1999999999998,2073.6000000000004,32.845,0.0,BUY,0,32.79,71.8,32.78,214.4,32.77,79.5,32.76,66.7,32.75,1139.8,32.9,312.6,32.91,546.1,32.92,397.6,32.93,744.2,32.94,73.1
1700000243.0,486,32.84,0.10000000000000142,32.79,89.9,32.89,463.1,1298.5,2271.7000000000003,32.89,56.0,BUY,1,32.79,89.9,32.78,147.8,32.77,53.5,32.76,256.4,32.75,750.9,32.89,463.1,32.9,356.2,32.91,429.7,32.92,860.3,32.93,162.4
1700000243.5,487,32.825,0.10999999999999943,32.77,348.9,32.88,4054.4,4579.0,5739.6,32.88,9.0,BUY,1,32.77,348.9,32.76,232.2,32.75,1027.1,32.74,473.9,32.73,2496.9,32.88,4054.4,32.89,361.7,32.9,944.4,32.91,268.6,32.92,110.5
1700000244.0,488,32.825,0.10999999999999943,32.77,477.5,32.88,271.9,6617.199999999999,4774.0,32.88,5.7,BUY,2,32.77,477.5,32.76,1015.6,32.75,2841.3,32.74,1351.9,32.73,930.9,32.88,271.9,32.89,277.4,32.9,400.0,32.91,873.0,32.92,2951.7
1700000244.5,489,32.825,0.10999999999999943,32.77,35.7,32.88,837.1,1388.5000000000002,2183.0,32.77,20.3,SELL,2,32.77,35.7,32.76,702.1,32.75,12.0,32.74,549.0,32.73,89.7,32.88,837.1,32.89,261.5,32.9,154.4,32.91,389.4,32.92,540.6
1700000245.0,490,32.825,0.10999999999999943,32.77,53.1,32.88,409.2,1607.1,3017.4,32.88,24.6,BUY,2,32.77,53.1,32.76,161.2,32.75,109.0,32.74,724.9,32.73,558.9,32.88,409.2,32.89,1539.4,32.9,181.8,32.91,596.0,32.92,291.0
1700000245.5,491,32.825,0.10999999999999943,32.77,293.9,32.88,80.6,3357.4,2473.7000000000003,32.825,0.0,BUY,0,32.77,293.9,32.76,581.3,32.75,991.9,32.74,823.9,32.73,666.4,32.88,80.6,32.89,468.7,32.9,917.1,32.91,539.2,32.92,468.1
1700000246.0,492,32.825,0.10999999999999943,32.77,1423.7,32.88,542.7,2650.8,1580.5,32.88,27.8,BUY,2,32.77,1423.7,32.76,417.3,32.75,20.5,32.74,153.3,32.73,636.0,32.88,542.7,32.89,551.0,32.9,24.5,32.91,376.3,32.92,86.0
1700000246.5,493,32.825,0.10999999999999943,32.77,409.9,32.88,216.3,1990.8,3544.0,32.88,24.9,BUY,4,32.77,409.9,32.76,115.3,32.75,1131.4,32.74,279.0,32.73,55.2,32.88,216.3,32.89,531.7,32.9,73.0,32.91,1098.8,32.92,1624.2
1700000247.0,494,32.815,0.10999999999999943,32.76,689.6,32.87,184.1,3265.5,3167.1,32.76,14.7,SELL,4,32.76,689.6,32.75,172.6,32.74,515.0,32.73,29.6,32.72,1858.7,32.87,184.1,32.88,280.6,32.89,10.0,32.9,1129.8,32.91,1562.6
1700000247.5,495,32.815,0.10999999999999943,32.76,1264.1,32.87,254.9,3165.1000000000004,4297.900000000001,32.87,22.2,BUY,1,32.76,1264.1,32.75,1211.5,32.74,25.3,32.73,618.4,32.72,45.8,32.87,254.9,32.88,1120.4,32.89,258.5,32.9,59.2,32.91,2604.9
1700000248.0,496,32.815,0.10999999999999943,32.76,889.7,32.87,389.3,2695.2,3679.4,32.76,16.1,SELL,3,32.76,889.7,32.75,342.1,32.74,885.6,32.73,379.7,32.72,198.1,32.87,389.3,32.88,1135.3,32.89,317.3,32.9,1677.7,32.91,159.8
1700000248.5,497,32.825,0.10999999999999943,32.77,639.0,32.88,88.8,3029.2999999999997,2842.6,32.77,8.1,SELL,1,32.77,639.0,32.76,852.6,32.75,213.3,32.74,280.3,32.73,1044.1,32.88,88.8,32.89,846.1,32.9,428.5,32.91,584.1,32.92,895.1
1700000249.0,498,32.825,0.10999999999999943,32.77,73.2,32.88,50.2,1358.3,3493.5,32.77,40.8,SELL,1,32.77,73.2,32.76,26.5,32.75,64.1,32.74,994.8,32.73,199.7,32.88,50.2,32.89,34.2,32.9,2715.1,32.91,254.5,32.92,439.5
1700000249.5,499,32.825,0.10999999999999943,32.77,248.3,32.88,149.8,1880.0,7917.8,32.88,19.8,BUY,1,32.77,248.3,32.76,600.2,32.75,50.9,32.74,632.6,32.73,348.0,32.88,149.8,32.89,1003.3,32.9,210.5,32.91,1215.6,32.92,5338.6
1700000250.0,500,32.825,0.10999999999999943,32.77,406.5,32.88,173.7,2729.1000000000004,5645.9,32.77,68.8,SELL,2,32.77,406.5,32.76,817.8,32.75,524.6,32.74,265.0,32.73,715.2,32.88,173.7,32.89,185.6,32.9,3307.1,32.91,1324.6,32.92,654.9
1700000250.5,501,32.82,0.12000000000000455,32.76,279.3,32.88,52.2,1046.9,3349.0,32.82,0.0,BUY,0,32.76,279.3,32.75,24.9,32.74,10.0,32.73,518.8,32.72,213.9,32.88,52.2,32.89,726.6,32.9,714.3,32.91,1027.9,32.92,828.0
1700000251.0,502,32.815,0.10999999999999943,32.76,347.8,32.87,49.2,2861.4,2279.0,32.87,16.7,BUY,3,32.76,347.8,32.75,1275.2,32.74,51.7,32.73,529.8,32.72,656.9,32.87,49.2,32.88,890.5,32.89,359.3,32.9,626.0,32.91,354.0
1700000251.5,503,32.815,0.10999999999999943,32.76,697.1,32.87,10.0,3724.6,2720.9000000000005,32.815,0.0,BUY,0,32.76,697.1,32.75,919.6,32.74,144.8,32.73,321.6,32.72,1641.5,32.87,10.0,32.88,219.2,32.89,1837.2,32.9,73.3,32.91,581.2
1700000252.0,504,32.815,0.10999999999999943,32.76,526.2,32.87,839.4,2995.2000000000003,2321.6000000000004,32.87,5.0,BUY,2,32.76,526.2,32.75,10.0,32.74,589.3,32.73,1312.3,32.72,557.4,32.87,839.4,32.88,289.8,32.89,1025.6,32.9,102.5,32.91,64.3
1700000252.5,505,32.795,0.10999999999999943,32.74,142.5,32.85,340.9,1973.9,8205.9,32.85,73.4,BUY,3,32.74,142.5,32.73,808.7,32.72,157.0,32.71,10.0,32.7,855.7,32.85,340.9,32.86,318.4,32.87,1364.2,32.88,4705.1,32.89,1477.3
1700000253.0,506,32.785,0.11000000000000654,32.73,342.6,32.84,1066.7,2250.6,4836.799999999999,32.84,5.0,BUY,1,32.73,342.6,32.72,162.6,32.71,577.8,32.7,984.6,32.69,183.0,32.84,1066.7,32.85,621.9,32.86,782.3,32.87,393.1,32.88,1972.8
1700000253.5,507,32.785,0.11000000000000654,32.73,83.4,32.84,396.5,2786.1,1839.1000000000001,32.785,0.0,BUY,0,32.73,83.4,32.72,121.4,32.71,414.8,32.7,1978.9,32.69,187.6,32.84,396.5,32.85,541.5,32.86,486.7,32.87,345.0,32.88,69.4
1700000254.0,508,32.785,0.11000000000000654,32.73,131.2,32.84,115.5,2358.4,3597.4,32.785,0.0,BUY,0,32.73,131.2,32.72,94.3,32.71,610.3,32.7,199.7,32.69,1322.9,32.84,115.5,32.85,924.3,32.86,1240.7,32.87,967.9,32.88,349.0
1700000254.5,509,32.785,0.11000000000000654,32.73,362.6,32.84,566.8,1401.8999999999999,1529.9999999999998,32.84,42.2,BUY,3,32.73,362.6,32.72,86.0,32.71,153.2,32.7,69.3,32.69,730.8,32.84,566.8,32.85,343.8,32.86,407.8,32.87,10.0,32.88,201.6
1700000255.0,510,32.795,0.10999999999999943,32.74,227.8,32.85,44.2,4482.0,2941.7,32.74,68.6,SELL,3,32.74,227.8,32.73,270.6,32.72,361.5,32.71,10.0,32.7,3612.1,32.85,44.2,32.86,1124.5,32.87,149.6,32.88,385.0,32.89,1238.4
1700000255.5,511,32.79,0.12000000000000455,32.73,61.2,32.85,320.8,1944.7,1422.9,32.79,0.0,BUY,0,32.73,61.2,32.72,467.3,32.71,840.4,32.7,347.0,32.69,228.8,32.85,320.8,32.86,497.9,32.87,319.7,32.88,75.9,32.89,208.6
1700000256.0,512,32.785,0.11000000000000654,32.73,104.5,32.84,605.2,3251.9,2056.1,32.84,5.0,BUY,2,32.73,104.5,32.72,53.5,32.71,471.1,32.7,1058.9,32.69,1563.9,32.84,605.2,32.85,393.7,32.86,306.2,32.87,377.3,32.88,373.7
1700000256.5,513,32.795,0.10999999999999943,32.74,214.4,32.85,271.5,3320.7,3177.7,32.85,104.4,BUY,1,32.74,214.4,32.73,802.8,32.72,774.8,32.71,768.9,32.7,759.8,32.85,271.5,32.86,150.0,32.87,56.1,32.88,1410.4,32.89,1289.7
1700000257.0,514,32.790000000000006,0.10000000000000142,32.74,149.3,32.84,123.8,5999.2,2537.8,32.74,46.9,SELL,2,32.74,149.3,32.73,241.6,32.72,751.2,32.71,1893.9,32.7,2963.2,32.84,123.8,32.85,342.1,32.86,1124.8,32.87,913.2,32.88,33.9
1700000257.5,515,32.785,0.11000000000000654,32.73,266.7,32.84,825.8,3123.5,5149.2,32.84,11.2,BUY,1,32.73,266.7,32.72,17.8,32.71,852.7,32.7,1198.5,32.69,787.8,32.84,825.8,32.85,323.6,32.86,1198.6,32.87,1356.0,32.88,1445.2
1700000258.0,516,32.785,0.11000000000000654,32.73,213.3,32.84,179.9,1228.4,3196.3,32.73,5.0,SELL,4,32.73,213.3,32.72,324.1,32.71,219.7,32.7,23.5,32.69,447.8,32.84,179.9,32.85,1289.9,32.86,781.0,32.87,832.2,32.88,113.3
1700000258.5,517,32.790000000000006,0.10000000000000142,32.74,151.5,32.84,16.2,3467.3,2018.9,32.790000000000006,0.0,BUY,0,32.74,151.5,32.73,1721.3,32.72,386.2,32.71,430.1,32.7,778.2,32.84,16.2,32.85,628.9,32.86,294.3,32.87,347.2,32.88,732.3
1700000259.0,518,32.775,0.10999999999999943,32.72,545.5,32.83,557.8,2409.5,2917.4,32.72,40.6,SELL,2,32.72,545.5,32.71,52.5,32.7,288.8,32.69,524.2,32.68,998.5,32.83,557.8,32.84,314.0,32.85,498.8,32.86,689.2,32.87,857.6
1700000259.5,519,32.769999999999996,0.11999999999999744,32.71,361.5,32.83,39.2,4234.0,3669.1,32.83,34.2,BUY,1,32.71,361.5,32.7,179.2,32.69,1747.1,32.68,1936.2,32.67,10.0,32.83,39.2,32.84,586.5,32.85,266.5,32.86,1461.0,32.87,1315.9
1700000260.0,520,32.78,0.10000000000000142,32.73,52.1,32.83,196.7,1245.4,2045.8000000000002,32.73,5.0,SELL,1,32.73,52.1,32.72,14.7,32.71,20.8,32.7,589.5,32.69,568.3,32.83,196.7,32.84,520.0,32.85,737.7,32.86,149.8,32.87,441.6
1700000260.5,521,32.785,0.11000000000000654,32.73,22.2,32.84,303.5,5910.3,2086.3,32.73,75.5,SELL,3,32.73,22.2,32.72,316.6,32.71,1536.4,32.7,1628.9,32.69,2406.2,32.84,303.5,32.85,223.3,32.86,1038.4,32.87,402.2,32.88,118.9
1700000261.0,522,32.78,0.12000000000000455,32.72,446.5,32.84,111.9,2782.3,4440.5,32.72,17.1,SELL,3,32.72,446.5,32.71,33.2,32.7,1370.1,32.69,653.6,32.68,278.9,32.84,111.9,32.85,469.7,32.86,356.4,32.87,1341.0,32.88,2161.5
1700000261.5,523,32.785,0.11000000000000654,32.73,274.5,32.84,337.3,1589.6,3118.2999999999997,32.73,5.2,SELL,1,32.73,274.5,32.72,10.0,32.71,573.9,32.7,462.8,32.69,268.4,32.84,337.3,32.85,1208.5,32.86,589.4,32.87,580.2,32.88,402.9
1700000262.0,524,30.27,0.11999999999999744,30.21,156.7,30.33,407.4,2660.1,4677.8,30.33,16.9,BUY,1,30.21,156.7,30.2,650.3,30.19,737.3,30.18,248.2,30.17,867.6,30.33,407.4,30.34,2324.9,30.35,1641.3,30.36,18.3,30.37,285.9
1700000262.5,525,30.285,0.10999999999999943,30.23,525.2,30.34,51.9,3360.7,1095.6,30.23,9.6,SELL,3,30.23,525.2,30.22,2485.8,30.21,234.3,30.2,19.7,30.19,95.7,30.34,51.9,30.35,353.6,30.36,233.0,30.37,17.8,30.38,439.3
1700000263.0,526,30.285,0.10999999999999943,30.23,233.1,30.34,1177.5,1199.2999999999997,3149.0999999999995,30.285,0.0,BUY,0,30.23,233.1,30.22,149.9,30.21,79.4,30.2,638.8,30.19,98.1,30.34,1177.5,30.35,52.8,30.36,894.4,30.37,391.6,30.38,632.8
1700000263.5,527,30.285,0.10999999999999943,30.23,161.8,30.34,494.9,1743.9,10708.900000000001,30.34,25.6,BUY,1,30.23,161.8,30.22,267.3,30.21,74.1,30.2,1188.2,30.19,52.5,30.34,494.9,30.35,1713.1,30.36,3264.2,30.37,3054.0,30.38,2182.7
1700000264.0,528,30.285,0.10999999999999943,30.23,159.5,30.34,137.9,2441.7,4792.8,30.34,20.5,BUY,2,30.23,159.5,30.22,1063.8,30.21,61.7,30.2,507.6,30.19,649.1,30.34,137.9,30.35,699.1,30.36,2725.9,30.37,1130.2,30.38,99.7
1700000264.5,529,30.285,0.10999999999999943,30.23,463.0,30.34,361.1,4063.2,4985.900000000001,30.23,159.9,SELL,1,30.23,463.0,30.22,646.8,30.21,1845.9,30.2,610.2,30.19,497.3,30.34,361.1,30.35,456.8,30.36,1191.3,30.37,1588.9,30.38,1387.8
1700000265.0,530,34.965,0.11000000000000654,34.91,649.9,35.02,258.7,2818.7,3410.4,35.02,15.0,BUY,1,34.91,649.9,34.9,248.9,34.89,357.8,34.88,539.0,34.87,1023.1,35.02,258.7,35.03,10.2,35.04,41.1,35.05,1573.7,35.06,1526.7
1700000265.5,531,34.965,0.11000000000000654,34.91,440.4,35.02,196.6,1467.5,4840.7,34.91,5.0,SELL,2,34.91,440.4,34.9,231.8,34.89,237.6,34.88,63.6,34.87,494.1,35.02,196.6,35.03,586.6,35.04,1592.1,35.05,111.2,35.06,2354.2
1700000266.0,532,34.97,0.10000000000000142,34.92,52.7,35.02,302.9,5082.7,3389.4,35.02,8.6,BUY,4,34.92,52.7,34.91,283.5,34.9,1049.6,34.89,592.7,34.88,3104.2,35.02,302.9,35.03,76.2,35.04,109.4,35.05,1179.4,35.06,1721.5
1700000266.5,533,34.965,0.11000000000000654,34.91,10.0,35.02,103.8,4252.5,2185.5,34.91,32.7,SELL,2,34.91,10.0,34.9,1502.9,34.89,2246.7,34.88,33.3,34.87,459.6,35.02,103.8,35.03,254.0,35.04,814.1,35.05,725.6,35.06,288.0
1700000267.0,534,34.965,0.11000000000000654,34.91,129.2,35.02,1426.9,2772.3,3186.3,34.965,0.0,BUY,0,34.91,129.2,34.9,30.4,34.89,2232.8,34.88,369.9,34.87,10.0,35.02,1426.9,35.03,562.7,35.04,293.8,35.05,325.7,35.06,577.2
1700000267.5,535,34.965,0.11000000000000654,34.91,1243.3,35.02,748.3,2123.0,2791.2,34.91,111.2,SELL,1,34.91,1243.3,34.9,365.2,34.89,26.3,34.88,397.8,34.87,90.4,35.02,748.3,35.03,67.3,35.04,814.5,35.05,264.0,35.06,897.1
1700000268.0,536,34.975,0.10999999999999943,34.92,107.5,35.03,977.8,1179.3999999999999,4861.5,35.03,53.1,BUY,3,34.92,107.5,34.91,332.6,34.9,185.2,34.89,498.3,34.88,55.8,35.03,977.8,35.04,320.7,35.05,1431.4,35.06,1063.3,35.07,1068.3
1700000268.5,537,34.989999999999995,0.10000000000000142,34.94,38.1,35.04,351.7,1746.0,6308.4,34.94,13.7,SELL,1,34.94,38.1,34.93,754.9,34.92,171.9,34.91,658.5,34.9,122.6,35.04,351.7,35.05,653.0,35.06,692.0,35.07,4175.5,35.08,436.2
1700000269.0,538,34.995,0.10999999999999943,34.94,409.4,35.05,102.9,2243.4,5340.099999999999,34.94,16.2,SELL,4,34.94,409.4,34.93,498.8,34.92,23.3,34.91,543.0,34.9,768.9,35.05,102.9,35.06,1080.0,35.07,976.0,35.08,3013.5,35.09,167.7
1700000269.5,539,35.0,0.09999999999999432,34.95,239.3,35.05,95.6,3439.3,4129.4,35.05,5.0,BUY,1,34.95,239.3,34.94,562.1,34.93,1560.1,34.92,74.4,34.91,1003.4,35.05,95.6,35.06,579.1,35.07,929.5,35.08,1454.7,35.09,1070.5
1700000270.0,540,35.0,0.09999999999999432,34.95,176.8,35.05,821.8,4990.5,5628.4,35.05,41.8,BUY,1,34.95,176.8,34.94,1400.9,34.93,1867.7,34.92,1407.8,34.91,137.3,35.05,821.8,35.06,49.8,35.07,748.0,35.08,2165.4,35.09,1843.4
1700000270.5,541,35.010000000000005,0.11999999999999744,34.95,27.4,35.07,1635.6,4340.7,7689.1,34.95,35.7,SELL,4,34.95,27.4,34.94,119.7,34.93,210.5,34.92,140.4,34.91,3842.7,35.07,1635.6,35.08,458.4,35.09,901.4,35.1,999.1,35.11,3694.6
1700000271.0,542,35.0,0.09999999999999432,34.95,1159.3,35.05,114.0,3383.4999999999995,3553.3,34.95,93.7,SELL,1,34.95,1159.3,34.94,1242.4,34.93,174.0,34.92,251.7,34.91,556.1,35.05,114.0,35.06,392.2,35.07,141.8,35.08,2278.6,35.09,626.7
1700000271.5,543,34.995,0.10999999999999943,34.94,649.0,35.05,24.6,1875.9,2492.5,35.05,49.5,BUY,2,34.94,649.0,34.93,417.8,34.92,250.9,34.91,111.0,34.9,447.2,35.05,24.6,35.06,429.6,35.07,890.3,35.08,737.5,35.09,410.5
1700000272.0,544,34.975,0.10999999999999943,34.92,218.9,35.03,104.1,2330.0,4365.6,34.92,7.6,SELL,1,34.92,218.9,34.91,1176.2,34.9,415.1,34.89,20.3,34.88,499.5,35.03,104.1,35.04,2110.8,35.05,1192.4,35.06,687.8,35.07,270.5
1700000272.5,545,34.975,0.10999999999999943,34.92,912.0,35.03,17.6,2968.1000000000004,1519.8,34.92,5.0,SELL,2,34.92,912.0,34.91,91.0,34.9,380.2,34.89,261.2,34.88,1323.7,35.03,17.6,35.04,376.1,35.05,56.7,35.06,807.6,35.07,261.8
1700000273.0,546,34.97,0.12000000000000455,34.91,278.9,35.03,240.7,6063.9,4170.2,34.91,5.0,SELL,6,34.91,278.9,34.9,419.9,34.89,875.2,34.88,691.4,34.87,3798.5,35.03,240.7,35.04,757.7,35.05,429.7,35.06,1220.4,35.07,1521.7
1700000273.5,547,34.96,0.12000000000000455,34.9,12.1,35.02,191.9,1734.4,5546.700000000001,34.9,53.3,SELL,2,34.9,12.1,34.89,198.7,34.88,113.9,34.87,1054.8,34.86,354.9,35.02,191.9,35.03,910.7,35.04,818.6,35.05,2765.9,35.06,859.6
1700000274.0,548,34.96,0.12000000000000455,34.9,610.9,35.02,69.4,3413.1,5191.6,34.9,98.7,SELL,1,34.9,610.9,34.89,788.4,34.88,1591.0,34.87,19.6,34.86,403.2,35.02,69.4,35.03,10.0,35.04,1529.5,35.05,1193.0,35.06,2389.7
1700000274.5,549,34.965,0.11000000000000654,34.91,144.4,35.02,210.7,861.0,5059.2,35.02,70.6,BUY,3,34.91,144.4,34.9,196.8,34.89,165.7,34.88,95.6,34.87,258.5,35.02,210.7,35.03,357.8,35.04,2595.6,35.05,786.3,35.06,1108.8
1700000275.0,550,34.965,0.11000000000000654,34.91,871.7,35.02,256.6,3394.2999999999997,3975.2000000000003,34.91,35.6,SELL,4,34.91,871.7,34.9,38.9,34.89,1509.6,34.88,278.2,34.87,695.9,35.02,256.6,35.03,68.8,35.04,216.0,35.05,1147.4,35.06,2286.4
1700000275.5,551,34.965,0.11000000000000654,34.91,230.9,35.02,397.7,3702.3,4411.1,35.02,74.8,BUY,2,34.91,230.9,34.9,3159.5,34.89,121.7,34.88,144.8,34.87,45.4,35.02,397.7,35.03,1144.4,35.04,92.4,35.05,448.4,35.06,2328.2
1700000276.0,552,34.965,0.11000000000000654,34.91,612.0,35.02,651.4,3066.9,3697.1,34.91,31.9,SELL,4,34.91,612.0,34.9,103.9,34.89,415.9,34.88,1138.7,34.87,796.4,35.02,651.4,35.03,742.6,35.04,468.8,35.05,440.4,35.06,1393.9
1700000276.5,553,34.96,0.12000000000000455,34.9,51.0,35.02,74.5,3316.4,2515.7,34.9,31.0,SELL,1,34.9,51.0,34.89,344.6,34.88,764.1,34.87,221.9,34.86,1934.8,35.02,74.5,35.03,80.0,35.04,1341.1,35.05,612.6,35.06,407.5
1700000277.0,554,34.955,0.10999999999999943,34.9,573.7,35.01,109.6,4445.4,6060.400000000001,35.01,84.2,BUY,2,34.9,573.7,34.89,252.9,34.88,656.9,34.87,478.9,34.86,2483.0,35.01,109.6,35.02,1176.7,35.03,420.4,35.04,2580.9,35.05,1772.8
1700000277.5,555,34.955,0.10999999999999943,34.9,115.0,35.01,226.4,842.2,5139.099999999999,34.9,9.5,SELL,4,34.9,115.0,34.89,476.3,34.88,10.0,34.87,28.1,34.86,212.8,35.01,226.4,35.02,140.6,35.03,1541.1,35.04,2070.2,35.05,1160.8
1700000278.0,556,34.965,0.11000000000000654,34.91,530.9,35.02,91.6,3906.7,4879.299999999999,34.91,10.3,SELL,2,34.91,530.9,34.9,1081.6,34.89,104.5,34.88,1304.4,34.87,885.3,35.02,91.6,35.03,1005.9,35.04,129.5,35.05,1760.7,35.06,1891.6
1700000278.5,557,34.965,0.11000000000000654,34.91,947.4,35.02,598.5,4538.200000000001,3573.1,35.02,58.9,BUY,2,34.91,947.4,34.9,275.4,34.89,290.6,34.88,2744.2,34.87,280.6,35.02,598.5,35.03,921.8,35.04,369.9,35.05,1249.1,35.06,433.8
1700000279.0,558,34.97,0.12000000000000455,34.91,202.9,35.03,536.8,1774.8000000000002,4497.2,35.03,17.4,BUY,2,34.91,202.9,34.9,137.0,34.89,428.4,34.88,658.6,34.87,347.9,35.03,536.8,35.04,10.0,35.05,433.3,35.06,1080.8,35.07,2436.3
1700000279.5,559,34.965,0.11000000000000654,34.91,170.1,35.02,98.1,3961.6,3707.7,34.91,30.9,SELL,1,34.91,170.1,34.9,567.1,34.89,230.4,34.88,1811.4,34.87,1182.6,35.02,98.1,35.03,1557.4,35.04,126.0,35.05,855.2,35.06,1071.0
1700000280.0,560,34.975,0.10999999999999943,34.92,24.6,35.03,288.2,1115.6000000000001,3497.2000000000003,34.92,9.8,SELL,2,34.92,24.6,34.91,400.8,34.9,163.4,34.89,10.1,34.88,516.7,35.03,288.2,35.04,363.7,35.05,2108.9,35.06,582.5,35.07,153.9
1700000280.5,561,34.975,0.10999999999999943,34.92,84.2,35.03,271.8,2015.0999999999997,3200.2000000000003,34.92,28.0,SELL,1,34.92,84.2,34.91,420.1,34.9,1309.6,34.89,162.1,34.88,39.1,35.03,271.8,35.04,220.9,35.05,529.5,35.06,341.6,35.07,1836.4
1700000281.0,562,34.995,0.10999999999999943,34.94,259.7,35.05,784.2,1464.2,5512.4,35.05,5.0,BUY,2,34.94,259.7,34.93,364.8,34.92,396.0,34.91,333.3,34.9,110.4,35.05,784.2,35.06,1013.5,35.07,696.1,35.08,1781.0,35.09,1237.6
1700000281.5,563,34.975,0.10999999999999943,34.92,419.6,35.03,840.9,2833.2,4103.3,35.03,117.5,BUY,1,34.92,419.6,34.91,77.8,34.9,371.4,34.89,62.4,34.88,1902.0,35.03,840.9,35.04,621.0,35.05,682.5,35.06,1261.6,35.07,697.3
1700000282.0,564,34.97,0.10000000000000142,34.92,248.7,35.02,994.0,3396.1000000000004,3369.8,35.02,5.0,BUY,4,34.92,248.7,34.91,764.5,34.9,283.7,34.89,898.4,34.88,1200.8,35.02,994.0,35.03,1009.3,35.04,351.5,35.05,329.6,35.06,685.4
1700000282.5,565,34.975,0.10999999999999943,34.92,770.1,35.03,316.1,3915.7000000000003,2699.8999999999996,34.975,0.0,BUY,0,34.92,770.1,34.91,718.8,34.9,676.4,34.89,1135.4,34.88,615.0,35.03,316.1,35.04,10.0,35.05,1285.5,35.06,472.7,35.07,615.6
1700000283.0,566,34.965,0.11000000000000654,34.91,198.6,35.02,44.8,2844.3999999999996,2104.2,35.02,62.3,BUY,1,34.91,198.6,34.9,1526.2,34.89,139.8,34.88,636.3,34.87,343.5,35.02,44.8,35.03,278.8,35.04,238.0,35.05,307.6,35.06,1235.0
1700000283.5,567,20.57,0.10000000000000142,20.52,345.9,20.62,146.7,3693.9,3312.0,20.52,121.9,SELL,1,20.52,345.9,20.51,378.8,20.5,1075.4,20.49,970.8,20.48,923.0,20.62,146.7,20.63,164.3,20.64,1690.7,20.65,1125.3,20.66,185.0
1700000284.0,568,20.57,0.10000000000000142,20.52,555.4,20.62,290.3,1681.1,1599.8000000000002,20.62,32.7,BUY,5,20.52,555.4,20.51,245.1,20.5,846.0,20.49,17.0,20.48,17.6,20.62,290.3,20.63,43.5,20.64,483.6,20.65,383.7,20.66,398.7
1700000284.5,569,20.57,0.11999999999999744,20.51,10.0,20.63,401.7,1611.1,3869.7,20.51,220.3,SELL,3,20.51,10.0,20.5,23.6,20.49,442.9,20.48,1095.8,20.47,38.8,20.63,401.7,20.64,1688.5,20.65,148.4,20.66,99.0,20.67,1532.1
1700000285.0,570,20.57,0.11999999999999744,20.51,378.7,20.63,104.8,4226.599999999999,2858.5,20.51,44.6,SELL,3,20.51,378.7,20.5,517.4,20.49,356.5,20.48,564.8,20.47,2409.2,20.63,104.8,20.64,430.8,20.65,1758.4,20.66,203.2,20.67,361.3
1700000285.5,571,20.57,0.10000000000000142,20.52,252.8,20.62,214.7,3481.0,4822.8,20.52,101.9,SELL,1,20.52,252.8,20.51,1752.5,20.5,408.4,20.49,32.6,20.48,1034.7,20.62,214.7,20.63,188.1,20.64,440.7,20.65,183.5,20.66,3795.8
1700000286.0,572,20.575,0.10999999999999943,20.52,400.5,20.63,10.0,4013.8999999999996,3888.1,20.52,135.0,SELL,4,20.52,400.5,20.51,116.1,20.5,1463.6,20.49,616.9,20.48,1416.8,20.63,10.0,20.64,1137.5,20.65,1356.5,20.66,498.7,20.67,885.4
1700000286.5,573,20.575,0.10999999999999943,20.52,230.5,20.63,839.6,2809.8,3636.0,20.52,26.9,SELL,3,20.52,230.5,20.51,1867.0,20.5,326.7,20.49,262.8,20.48,122.8,20.63,839.6,20.64,108.5,20.65,493.0,20.66,2165.6,20.67,29.3
1700000287.0,574,20.57,0.10000000000000142,20.52,116.2,20.62,295.9,1955.1,2254.1,20.62,18.3,BUY,3,20.52,116.2,20.51,516.2,20.5,257.8,20.49,1023.3,20.48,41.6,20.62,295.9,20.63,76.4,20.64,262.1,20.65,1609.7,20.66,10.0
1700000287.5,575,20.57,0.10000000000000142,20.52,18.6,20.62,80.5,487.70000000000005,1138.6999999999998,20.62,22.9,BUY,4,20.52,18.6,20.51,25.7,20.5,294.8,20.49,35.5,20.48,113.1,20.62,80.5,20.63,125.9,20.64,153.5,20.65,434.9,20.66,343.9
1700000288.0,576,20.555,0.10999999999999943,20.5,40.2,20.61,443.1,2291.8,2914.9,20.5,52.4,SELL,2,20.5,40.2,20.49,1153.1,20.48,203.5,20.47,142.4,20.46,752.6,20.61,443.1,20.62,598.3,20.63,483.6,20.64,383.2,20.65,1006.7
1700000288.5,577,20.555,0.10999999999999943,20.5,1379.7,20.61,1190.8,5131.1,3431.7,20.5,5.0,SELL,1,20.5,1379.7,20.49,832.6,20.48,864.5,20.47,530.0,20.46,1524.3,20.61,1190.8,20.62,293.8,20.63,163.7,20.64,842.2,20.65,941.2
1700000289.0,578,20.555,0.10999999999999943,20.5,233.0,20.61,780.9,1504.5,2300.3999999999996,20.555,0.0,BUY,0,20.5,233.0,20.49,193.8,20.48,188.1,20.47,763.7,20.46,125.9,20.61,780.9,20.62,254.4,20.63,13.2,20.64,149.6,20.65,1102.3
1700000289.5,579,20.555,0.10999999999999943,20.5,302.2,20.61,38.5,1335.4,3490.5,20.61,41.6,BUY,3,20.5,302.2,20.49,247.3,20.48,542.7,20.47,161.0,20.46,82.2,20.61,38.5,20.62,285.4,20.63,1943.8,20.64,85.6,20.65,1137.2
1700000290.0,580,20.555,0.10999999999999943,20.5,690.9,20.61,1447.2,2549.5,2915.1,20.61,13.4,BUY,2,20.5,690.9,20.49,444.5,20.48,26.0,20.47,936.6,20.46,451.5,20.61,1447.2,20.62,1311.8,20.63,68.2,20.64,23.6,20.65,64.3
1700000290.5,581,26.59,0.10000000000000142,26.54,266.0,26.64,323.3,4603.5,1698.6,26.59,0.0,BUY,0,26.54,266.0,26.53,230.6,26.52,340.7,26.51,957.4,26.5,2808.8,26.64,323.3,26.65,326.8,26.66,344.5,26.67,362.6,26.68,341.4
1700000291.0,582,26.59,0.10000000000000142,26.54,338.4,26.64,207.0,3923.2999999999997,3266.7,26.64,20.0,BUY,1,26.54,338.4,26.53,354.4,26.52,1688.9,26.51,416.1,26.5,1125.5,26.64,207.0,26.65,214.3,26.66,972.2,26.67,940.4,26.68,932.8
1700000291.5,583,26.59,0.10000000000000142,26.54,63.0,26.64,202.1,2009.3,905.7,26.64,21.5,BUY,2,26.54,63.0,26.53,316.1,26.52,478.1,26.51,1135.0,26.5,17.1,26.64,202.1,26.65,62.6,26.66,161.2,26.67,339.1,26.68,140.7
1700000292.0,584,26.59,0.10000000000000142,26.54,1039.5,26.64,812.7,2463.6,3695.0,26.54,5.0,SELL,5,26.54,1039.5,26.53,456.1,26.52,451.8,26.51,46.4,26.5,469.8,26.64,812.7,26.65,288.1,26.66,48.6,26.67,1068.0,26.68,1477.6
1700000292.5,585,26.59,0.11999999999999744,26.53,357.7,26.65,105.5,3307.2,6076.1,26.53,8.9,SELL,3,26.53,357.7,26.52,467.8,26.51,1787.2,26.5,246.8,26.49,447.7,26.65,105.5,26.66,272.3,26.67,423.8,26.68,20.5,26.69,5254.0
1700000293.0,586,26.59,0.10000000000000142,26.54,246.1,26.64,59.6,3802.9,3172.0,26.64,24.7,BUY,1,26.54,246.1,26.53,161.3,26.52,279.5,26.51,2996.0,26.5,120.0,26.64,59.6,26.65,465.7,26.66,336.6,26.67,1812.1,26.68,498.0
1700000293.5,587,26.59,0.11999999999999744,26.53,260.1,26.65,30.4,2292.1,2695.4,26.65,5.0,BUY,2,26.53,260.1,26.52,57.5,26.51,546.6,26.5,117.6,26.49,1310.3,26.65,30.4,26.66,281.1,26.67,360.2,26.68,978.8,26.69,1044.9
1700000294.0,588,26.59,0.10000000000000142,26.54,323.2,26.64,56.7,1199.7,2564.4000000000005,26.64,68.9,BUY,1,26.54,323.2,26.53,138.0,26.52,545.2,26.51,183.3,26.5,10.0,26.64,56.7,26.65,626.0,26.66,1419.1,26.67,314.8,26.68,147.8
1700000294.5,589,26.59,0.10000000000000142,26.54,290.2,26.64,143.5,1251.8999999999999,6158.5,26.64,5.0,BUY,3,26.54,290.2,26.53,164.4,26.52,494.1,26.51,292.4,26.5,10.8,26.64,143.5,26.65,845.5,26.66,13.2,26.67,1327.8,26.68,3828.5
1700000295.0,590,26.59,0.10000000000000142,26.54,428.6,26.64,39.9,1457.4,1205.0,26.64,25.5,BUY,1,26.54,428.6,26.53,116.6,26.52,361.5,26.51,344.3,26.5,206.4,26.64,39.9,26.65,10.0,26.66,490.0,26.67,369.0,26.68,296.1
1700000295.5,591,26.59,0.10000000000000142,26.54,495.6,26.64,365.6,3064.2,4172.599999999999,26.59,0.0,BUY,0,26.54,495.6,26.53,75.7,26.52,532.4,26.51,815.3,26.5,1145.2,26.64,365.6,26.65,139.5,26.66,950.0,26.67,1252.3,26.68,1465.2
1700000296.0,592,26.59,0.11999999999999744,26.53,500.9,26.65,792.6,1859.8999999999999,3306.0,26.65,31.7,BUY,1,26.53,500.9,26.52,66.0,26.51,798.2,26.5,437.1,26.49,57.7,26.65,792.6,26.66,415.2,26.67,15.8,26.68,587.8,26.69,1494.6
1700000296.5,593,26.575,0.10999999999999943,26.52,477.2,26.63,19.3,2165.0,4260.6,26.63,111.3,BUY,1,26.52,477.2,26.51,216.6,26.5,430.6,26.49,989.3,26.48,51.3,26.63,19.3,26.64,870.0,26.65,369.0,26.66,2144.3,26.67,858.0
1700000297.0,594,26.575,0.10999999999999943,26.52,683.0,26.63,536.7,4330.4,1768.2,26.63,8.7,BUY,2,26.52,683.0,26.51,346.8,26.5,1695.7,26.49,1111.7,26.48,493.2,26.63,536.7,26.64,662.1,26.65,99.6,26.66,232.6,26.67,237.2
1700000297.5,595,26.575,0.10999999999999943,26.52,44.5,26.63,341.2,540.6,3177.0,26.52,22.5,SELL,2,26.52,44.5,26.51,90.4,26.5,202.1,26.49,174.0,26.48,29.6,26.63,341.2,26.64,466.5,26.65,536.7,26.66,957.9,26.67,874.7
1700000298.0,596,26.58,0.120000000000001,26.52,283.2,26.64,422.5,3148.8,1298.1999999999998,26.64,30.5,BUY,3,26.52,283.2,26.51,10.8,26.5,311.6,26.49,936.5,26.48,1606.7,26.64,422.5,26.65,196.6,26.66,26.2,26.67,572.8,26.68,80.1
1700000298.5,597,26.575,0.10999999999999943,26.52,74.7,26.63,763.9,4343.7,1339.3,26.63,33.8,BUY,3,26.52,74.7,26.51,286.8,26.5,1116.8,26.49,1995.3,26.48,870.1,26.63,763.9,26.64,73.8,26.65,170.6,26.66,215.1,26.67,115.9
1700000299.0,598,26.575,0.10999999999999943,26.52,796.7,26.63,59.7,4055.3,4396.8,26.52,22.9,SELL,2,26.52,796.7,26.51,1282.5,26.5,25.5,26.49,1338.8,26.48,611.8,26.63,59.7,26.64,96.3,26.65,446.2,26.66,2298.8,26.67,1495.8
1700000299.5,599,26.59,0.10000000000000142,26.54,285.1,26.64,117.7,3248.6,1695.5,26.64,95.3,BUY,2,26.54,285.1,26.53,1114.4,26.52,21.4,26.51,677.8,26.5,1149.9,26.64,117.7,26.65,733.7,26.66,10.0,26.67,504.3,26.68,329.8
1700000300.0,600,26.59,0.10000000000000142,26.54,192.9,26.64,657.3,3013.2,1778.1999999999998,26.64,48.4,BUY,2,26.54,192.9,26.53,272.0,26.52,651.7,26.51,153.2,26.5,1743.4,26.64,657.3,26.65,249.0,26.66,51.1,26.67,567.7,26.68,253.1
1700000300.5,601,26.605,0.10999999999999943,26.55,597.1,26.66,276.7,1873.8000000000002,2923.8,26.66,137.7,BUY,3,26.55,597.1,26.54,201.8,26.53,86.5,26.52,936.5,26.51,51.9,26.66,276.7,26.67,305.8,26.68,189.1,26.69,2114.9,26.7,37.3
1700000301.0,602,26.6,0.09999999999999787,26.55,20.6,26.65,154.6,2892.5,4289.7,26.65,66.3,BUY,4,26.55,20.6,26.54,1359.4,26.53,664.5,26.52,544.0,26.51,304.0,26.65,154.6,26.66,743.2,26.67,118.3,26.68,1827.1,26.69,1446.5
1700000301.5,603,26.6,0.09999999999999787,26.55,331.9,26.65,677.5,3775.5,5593.0,26.65,43.9,BUY,2,26.55,331.9,26.54,771.2,26.53,684.0,26.52,414.2,26.51,1574.2,26.65,677.5,26.66,187.6,26.67,1535.6,26.68,704.2,26.69,2488.1
1700000302.0,604,26.59,0.10000000000000142,26.54,79.5,26.64,51.8,2856.3,5430.8,26.64,5.0,BUY,2,26.54,79.5,26.53,403.1,26.52,625.0,26.51,1188.4,26.5,560.3,26.64,51.8,26.65,134.6,26.66,50.0,26.67,1814.4,26.68,3380.0
1700000302.5,605,26.59,0.10000000000000142,26.54,10.5,26.64,22.4,2944.0,3367.7000000000003,26.64,14.4,BUY,2,26.54,10.5,26.53,845.5,26.52,1134.9,26.51,367.5,26.5,585.6,26.64,22.4,26.65,133.9,26.66,2549.9,26.67,423.8,26.68,237.7
1700000303.0,606,26.59,0.10000000000000142,26.54,363.1,26.64,177.5,2589.3999999999996,3251.7000000000003,26.64,218.7,BUY,1,26.54,363.1,26.53,175.9,26.52,796.5,26.51,966.7,26.5,287.2,26.64,177.5,26.65,51.9,26.66,516.9,26.67,2092.3,26.68,413.1
1700000303.5,607,26.59,0.10000000000000142,26.54,150.3,26.64,191.7,3657.2,511.0999999999999,26.54,20.4,SELL,1,26.54,150.3,26.53,665.0,26.52,2090.9,26.51,37.6,26.5,713.4,26.64,191.7,26.65,183.6,26.66,67.2,26.67,32.9,26.68,35.7
1700000304.0,608,26.575,0.10999999999999943,26.52,597.9,26.63,555.0,1950.7,3937.6,26.63,12.5,BUY,1,26.52,597.9,26.51,133.4,26.5,456.6,26.49,279.3,26.48,483.5,26.63,555.0,26.64,761.3,26.65,1054.6,26.66,1378.8,26.67,187.9
1700000304.5,609,26.575,0.10999999999999943,26.52,91.9,26.63,327.2,2529.0,1027.4,26.63,124.1,BUY,2,26.52,91.9,26.51,471.5,26.5,750.3,26.49,1155.0,26.48,60.3,26.63,327.2,26.64,34.5,26.65,30.5,26.66,218.5,26.67,416.7
1700000305.0,610,26.57,0.11999999999999744,26.51,869.3,26.63,682.1,2302.5,3221.5,26.51,14.1,SELL,4,26.51,869.3,26.5,197.2,26.49,763.9,26.48,160.2,26.47,311.9,26.63,682.1,26.64,828.1,26.65,518.2,26.66,183.5,26.67,1009.6
1700000305.5,611,26.57,0.11999999999999744,26.51,557.6,26.63,936.3,2628.5,3965.4999999999995,26.51,16.2,SELL,2,26.51,557.6,26.5,216.1,26.49,64.0,26.48,587.8,26.47,1203.0,26.63,936.3,26.64,1170.4,26.65,189.7,26.66,631.2,26.67,1037.9
1700000306.0,612,26.57,0.11999999999999744,26.51,94.6,26.63,1233.9,3507.8,2178.3,26.63,5.0,BUY,3,26.51,94.6,26.5,31.4,26.49,1667.0,26.48,1487.8,26.47,227.0,26.63,1233.9,26.64,338.4,26.65,264.8,26.66,62.9,26.67,278.3
1700000306.5,613,26.57,0.10000000000000142,26.52,419.5,26.62,12.6,2024.5,3132.9,26.57,0.0,BUY,0,26.52,419.5,26.51,309.2,26.5,136.8,26.49,1129.9,26.48,29.1,26.62,12.6,26.63,140.0,26.64,1753.0,26.65,1054.5,26.66,172.8
1700000307.0,614,26.57,0.10000000000000142,26.52,10.0,26.62,156.1,1818.8000000000002,3998.3999999999996,26.52,5.0,SELL,1,26.52,10.0,26.51,1129.0,26.5,91.7,26.49,222.9,26.48,365.2,26.62,156.1,26.63,2170.0,26.64,391.2,26.65,813.1,26.66,468.0
1700000307.5,615,25.98,0.11999999999999744,25.92,264.3,26.04,410.8,3380.4,1124.8,25.92,37.2,SELL,2,25.92,264.3,25.91,885.5,25.9,2200.3,25.89,18.6,25.88,11.7,26.04,410.8,26.05,27.0,26.06,98.0,26.07,137.7,26.08,451.3
1700000308.0,616,22.445,0.10999999999999943,22.39,10.0,22.5,206.1,2732.6,1920.7,22.39,5.0,SELL,3,22.39,10.0,22.38,372.7,22.37,1683.0,22.36,362.3,22.35,304.6,22.5,206.1,22.51,86.7,22.52,360.1,22.53,542.3,22.54,725.5
1700000308.5,617,22.445,0.10999999999999943,22.39,49.7,22.5,86.1,426.0,1964.1999999999998,22.5,27.2,BUY,1,22.39,49.7,22.38,96.6,22.37,10.0,22.36,31.7,22.35,238.0,22.5,86.1,22.51,661.6,22.52,267.8,22.53,323.6,22.54,625.1
1700000309.0,618,22.43,0.10000000000000142,22.38,36.2,22.48,33.9,3022.6,4935.5,22.43,0.0,BUY,0,22.38,36.2,22.37,101.4,22.36,639.1,22.35,1678.3,22.34,567.6,22.48,33.9,22.49,1003.9,22.5,1015.1,22.51,2285.1,22.52,597.5
1700000309.5,619,22.43,0.11999999999999744,22.37,24.7,22.49,647.3,2052.8,5761.9,22.49,14.1,BUY,2,22.37,24.7,22.36,44.7,22.35,83.6,22.34,121.5,22.33,1778.3,22.49,647.3,22.5,1883.6,22.51,760.7,22.52,1015.9,22.53,1454.4
1700000310.0,620,22.42,0.09999999999999787,22.37,339.3,22.47,287.0,950.3999999999999,2572.5,22.42,0.0,BUY,0,22.37,339.3,22.36,59.4,22.35,137.6,22.34,89.8,22.33,324.3,22.47,287.0,22.48,135.5,22.49,464.9,22.5,366.7,22.51,1318.4
1700000310.5,621,22.425,0.10999999999999943,22.37,795.5,22.48,583.9,2181.0,1498.6,22.425,0.0,BUY,0,22.37,795.5,22.36,236.8,22.35,971.6,22.34,75.6,22.33,101.5,22.48,583.9,22.49,191.2,22.5,205.2,22.51,13.1,22.52,505.2
1700000311.0,622,22.42,0.09999999999999787,22.37,154.6,22.47,335.0,1738.8999999999999,2234.0,22.47,73.5,BUY,1,22.37,154.6,22.36,142.7,22.35,1052.3,22.34,65.1,22.33,324.2,22.47,335.0,22.48,484.0,22.49,111.4,22.5,949.3,22.51,354.3
1700000311.5,623,22.42,0.09999999999999787,22.37,149.9,22.47,154.6,2756.8,1608.8,22.47,16.6,BUY,2,22.37,149.9,22.36,542.5,22.35,115.7,22.34,161.9,22.33,1786.8,22.47,154.6,22.48,121.9,22.49,411.3,22.5,479.2,22.51,441.8
1700000312.0,624,22.41,0.10000000000000142,22.36,328.8,22.46,82.5,2990.5,2431.1,22.46,52.2,BUY,3,22.36,328.8,22.35,329.8,22.34,47.3,22.33,723.3,22.32,1561.3,22.46,82.5,22.47,1578.2,22.48,614.8,22.49,145.6,22.5,10.0
1700000312.5,625,22.41,0.11999999999999744,22.35,11.0,22.47,48.8,3757.5,1763.5,22.35,76.5,SELL,1,22.35,11.0,22.34,594.7,22.33,1008.9,22.32,2028.1,22.31,114.8,22.47,48.8,22.48,620.1,22.49,192.7,22.5,782.0,22.51,119.9
1700000313.0,626,22.41,0.10000000000000142,22.36,372.0,22.46,462.6,1963.0,4556.8,22.46,101.6,BUY,3,22.36,372.0,22.35,359.7,22.34,74.5,22.33,169.3,22.32,987.5,22.46,462.6,22.47,280.2,22.48,1453.8,22.49,1564.9,22.5,795.3
1700000313.5,627,25.375,0.10999999999999943,25.32,2095.5,25.43,83.4,5132.599999999999,3197.7000000000003,25.43,46.1,BUY,2,25.32,2095.5,25.31,540.7,25.3,410.1,25.29,816.0,25.28,1270.3,25.43,83.4,25.44,838.7,25.45,930.8,25.46,646.2,25.47,698.6
1700000314.0,628,25.375,0.10999999999999943,25.32,412.0,25.43,382.7,2131.4,2887.8,25.43,92.2,BUY,3,25.32,412.0,25.31,74.0,25.3,368.7,25.29,348.2,25.28,928.5,25.43,382.7,25.44,1178.7,25.45,437.7,25.46,133.2,25.47,755.5
1700000314.5,629,25.38,0.10000000000000142,25.33,224.8,25.43,50.6,2696.7000000000003,2060.2000000000003,25.38,0.0,BUY,0,25.33,224.8,25.32,810.1,25.31,410.7,25.3,780.0,25.29,471.1,25.43,50.6,25.44,1037.4,25.45,87.2,25.46,704.2,25.47,180.8
1700000315.0,630,25.38,0.10000000000000142,25.33,187.3,25.43,1640.3,993.6,4434.6,25.38,0.0,BUY,0,25.33,187.3,25.32,142.0,25.31,388.5,25.3,169.2,25.29,106.6,25.43,1640.3,25.44,801.6,25.45,790.0,25.46,426.3,25.47,776.4
1700000315.5,631,25.375,0.10999999999999943,25.32,210.5,25.43,314.0,1937.3,727.4000000000001,25.43,70.3,BUY,4,25.32,210.5,25.31,1528.4,25.3,166.1,25.29,22.3,25.28,10.0,25.43,314.0,25.44,99.0,25.45,123.6,25.46,72.2,25.47,118.6
1700000316.0,632,25.369999999999997,0.120000000000001,25.31,80.8,25.43,10.0,1727.6,2508.2,25.43,5.2,BUY,1,25.31,80.8,25.3,409.5,25.29,242.2,25.28,383.6,25.27,611.5,25.43,10.0,25.44,350.9,25.45,557.9,25.46,1241.6,25.47,347.8
1700000316.5,633,25.375,0.10999999999999943,25.32,184.5,25.43,53.8,2549.8999999999996,2490.5,25.32,8.4,SELL,3,25.32,184.5,25.31,549.8,25.3,611.9,25.29,641.8,25.28,561.9,25.43,53.8,25.44,881.8,25.45,552.9,25.46,283.1,25.47,718.9
1700000317.0,634,25.369999999999997,0.120000000000001,25.31,416.5,25.43,524.2,1678.2999999999997,4425.6,25.43,74.7,BUY,1,25.31,416.5,25.3,177.3,25.29,215.8,25.28,190.4,25.27,678.3,25.43,524.2,25.44,757.2,25.45,1273.0,25.46,534.2,25.47,1337.0
1700000317.5,635,25.36,0.10000000000000142,25.31,1525.9,25.41,1037.1,3562.1,4907.1,25.41,109.9,BUY,1,25.31,1525.9,25.3,88.7,25.29,93.3,25.28,303.6,25.27,1550.6,25.41,1037.1,25.42,661.8,25.43,1510.4,25.44,1268.3,25.45,429.5
1700000318.0,636,25.35,0.120000000000001,25.29,207.3,25.41,722.9,1535.1000000000001,3549.7,25.41,16.9,BUY,2,25.29,207.3,25.28,581.6,25.27,183.2,25.26,127.2,25.25,435.8,25.41,722.9,25.42,533.3,25.43,437.2,25.44,1409.2,25.45,447.1
1700000318.5,637,25.355,0.10999999999999943,25.3,53.9,25.41,52.7,991.1,3327.2,25.41,5.0,BUY,1,25.3,53.9,25.29,149.9,25.28,162.0,25.27,415.3,25.26,210.0,25.41,52.7,25.42,267.1,25.43,706.1,25.44,1077.5,25.45,1223.8
1700000319.0,638,30.125,0.10999999999999943,30.07,180.7,30.18,700.7,2016.6999999999998,1147.3000000000002,30.07,5.0,SELL,2,30.07,180.7,30.06,174.5,30.05,883.5,30.04,621.9,30.03,156.1,30.18,700.7,30.19,59.2,30.2,224.3,30.21,24.1,30.22,139.0
1700000319.5,639,30.14,0.10000000000000142,30.09,234.6,30.19,593.4,1327.1,5680.4,30.09,189.1,SELL,3,30.09,234.6,30.08,493.4,30.07,200.6,30.06,111.2,30.05,287.3,30.19,593.4,30.2,28.1,30.21,2858.2,30.22,807.5,30.23,1393.2
1700000320.0,640,30.125,0.10999999999999943,30.07,1280.7,30.18,134.1,3788.8999999999996,3159.2,30.18,22.7,BUY,2,30.07,1280.7,30.06,1224.0,30.05,283.5,30.04,339.4,30.03,661.3,30.18,134.1,30.19,1549.6,30.2,233.0,30.21,748.7,30.22,493.8
1700000320.5,641,30.12,0.10000000000000142,30.07,311.9,30.17,1041.2,2611.2,2966.3999999999996,30.07,26.7,SELL,2,30.07,311.9,30.06,319.7,30.05,628.1,30.04,150.0,30.03,1201.5,30.17,1041.2,30.18,217.5,30.19,71.6,30.2,1456.9,30.21,179.2
1700000321.0,642,30.11,0.10000000000000142,30.06,89.5,30.16,10.0,788.6,2961.3,30.06,6.3,SELL,1,30.06,89.5,30.05,62.4,30.04,126.9,30.03,117.0,30.02,392.8,30.16,10.0,30.17,1111.1,30.18,640.7,30.19,542.0,30.2,657.5
1700000321.5,643,30.125,0.10999999999999943,30.07,207.5,30.18,1122.2,2985.8999999999996,3784.3,30.18,79.5,BUY,5,30.07,207.5,30.06,1098.0,30.05,222.6,30.04,724.3,30.03,733.5,30.18,1122.2,30.19,290.9,30.2,46.4,30.21,89.2,30.22,2235.6
1700000322.0,644,30.125,0.10999999999999943,30.07,76.4,30.18,2486.9,2960.9999999999995,6114.7,30.18,5.0,BUY,2,30.07,76.4,30.06,786.4,30.05,152.0,30.04,1427.1,30.03,519.1,30.18,2486.9,30.19,982.0,30.2,1204.1,30.21,49.7,30.22,1392.0
1700000322.5,645,30.119999999999997,0.120000000000001,30.06,740.2,30.18,323.5,2182.0,3384.6000000000004,30.06,76.2,SELL,1,30.06,740.2,30.05,358.5,30.04,418.2,30.03,40.7,30.02,624.4,30.18,323.5,30.19,24.8,30.2,320.4,30.21,2528.1,30.22,187.8
1700000323.0,646,32.075,0.10999999999999943,32.02,591.9,32.13,51.7,3876.7,4095.8,32.13,79.3,BUY,1,32.02,591.9,32.01,120.4,32.0,1547.7,31.99,606.0,31.98,1010.7,32.13,51.7,32.14,889.7,32.15,464.7,32.16,599.8,32.17,2089.9
1700000323.5,647,30.68,0.10000000000000142,30.63,49.0,30.73,218.4,6265.8,5621.6,30.73,27.4,BUY,3,30.63,49.0,30.62,418.8,30.61,319.9,30.6,2899.9,30.59,2578.2,30.73,218.4,30.74,1647.8,30.75,1260.3,30.76,381.6,30.77,2113.5
1700000324.0,648,30.675,0.10999999999999943,30.62,262.7,30.73,301.9,1187.6,4127.7,30.675,0.0,BUY,0,30.62,262.7,30.61,209.5,30.6,43.7,30.59,627.2,30.58,44.5,30.73,301.9,30.74,1518.6,30.75,957.0,30.76,915.2,30.77,435.0
1700000324.5,649,30.675,0.10999999999999943,30.62,624.3,30.73,46.6,3904.1000000000004,2475.2,30.73,30.1,BUY,2,30.62,624.3,30.61,34.5,30.6,1373.6,30.59,1376.9,30.58,494.8,30.73,46.6,30.74,281.1,30.75,1066.2,30.76,293.0,30.77,788.3
1700000325.0,650,30.68,0.10000000000000142,30.63,303.5,30.73,748.9,3636.6,4604.400000000001,30.63,91.7,SELL,1,30.63,303.5,30.62,290.0,30.61,468.1,30.6,1955.1,30.59,619.9,30.73,748.9,30.74,1055.9,30.75,891.3,30.76,925.8,30.77,982.5
1700000325.5,651,30.675,0.10999999999999943,30.62,219.3,30.73,353.9,3660.7,6199.299999999999,30.73,15.4,BUY,1,30.62,219.3,30.61,36.6,30.6,37.8,30.59,2876.2,30.58,490.8,30.73,353.9,30.74,1473.3,30.75,2776.6,30.76,1143.9,30.77,451.6
1700000326.0,652,30.675,0.10999999999999943,30.62,386.3,30.73,35.9,2278.2,5740.499999999999,30.62,14.5,SELL,3,30.62,386.3,30.61,312.1,30.6,355.6,30.59,635.5,30.58,588.7,30.73,35.9,30.74,850.4,30.75,3258.1,30.76,762.7,30.77,833.4
1700000326.5,653,30.675,0.10999999999999943,30.62,92.5,30.73,209.6,1799.0,2135.0,30.73,13.7,BUY,2,30.62,92.5,30.61,184.4,30.6,314.9,30.59,10.0,30.58,1197.2,30.73,209.6,30.74,234.3,30.75,46.3,30.76,492.2,30.77,1152.6
1700000327.0,654,30.675,0.10999999999999943,30.62,169.8,30.73,152.7,1648.3000000000002,2660.6,30.73,90.6,BUY,2,30.62,169.8,30.61,466.3,30.6,377.4,30.59,346.2,30.58,288.6,30.73,152.7,30.74,98.5,30.75,788.6,30.76,681.9,30.77,938.9
1700000327.5,655,30.67,0.120000000000001,30.61,245.8,30.73,262.2,1622.6000000000001,3362.8,30.73,5.0,BUY,4,30.61,245.8,30.6,323.1,30.59,358.1,30.58,76.0,30.57,619.6,30.73,262.2,30.74,172.5,30.75,129.7,30.76,2615.1,30.77,183.3
1700000328.0,656,24.549999999999997,0.120000000000001,24.49,334.6,24.61,475.9,4825.9,1991.6,24.49,56.9,SELL,3,24.49,334.6,24.48,799.9,24.47,536.1,24.46,352.8,24.45,2802.5,24.61,475.9,24.62,283.3,24.63,753.9,24.64,37.0,24.65,441.5
1700000328.5,657,24.555,0.10999999999999943,24.5,335.2,24.61,48.9,3648.1000000000004,1668.1999999999998,24.61,64.2,BUY,2,24.5,335.2,24.49,900.7,24.48,162.7,24.47,843.6,24.46,1405.9,24.61,48.9,24.62,392.3,24.63,110.1,24.64,630.4,24.65,486.5
1700000329.0,658,24.555,0.10999999999999943,24.5,153.3,24.61,728.2,4821.7,9088.9,24.61,8.5,BUY,1,24.5,153.3,24.49,129.6,24.48,1121.1,24.47,125.7,24.46,3292.0,24.61,728.2,24.62,259.1,24.63,194.5,24.64,4382.4,24.65,3524.7
1700000329.5,659,24.535,0.10999999999999943,24.48,73.4,24.59,46.1,2838.8,2598.7,24.59,8.1,BUY,2,24.48,73.4,24.47,531.5,24.46,153.6,24.45,1666.0,24.44,414.3,24.59,46.1,24.6,421.3,24.61,550.7,24.62,1153.9,24.63,426.7
1700000330.0,660,23.325,0.10999999999999943,23.27,433.2,23.38,389.3,1762.9,1399.6999999999998,23.38,76.4,BUY,3,23.27,433.2,23.26,28.5,23.25,244.3,23.24,282.6,23.23,774.3,23.38,389.3,23.39,133.2,23.4,111.3,23.41,264.3,23.42,501.6
1700000330.5,661,23.325,0.10999999999999943,23.27,154.2,23.38,79.4,9612.2,2970.2,23.38,5.0,BUY,1,23.27,154.2,23.26,2404.2,23.25,60.1,23.24,150.4,23.23,6843.3,23.38,79.4,23.39,60.6,23.4,640.1,23.41,410.7,23.42,1779.4
1700000331.0,662,23.325,0.10999999999999943,23.27,146.9,23.38,183.1,1953.7,6671.9,23.38,13.6,BUY,1,23.27,146.9,23.26,18.2,23.25,385.3,23.24,736.0,23.23,667.3,23.38,183.1,23.39,2108.9,23.4,169.2,23.41,398.0,23.42,3812.7
1700000331.5,663,23.325,0.10999999999999943,23.27,10.0,23.38,678.6,927.6,3585.5999999999995,23.38,29.8,BUY,2,23.27,10.0,23.26,348.6,23.25,181.3,23.24,50.8,23.23,336.9,23.38,678.6,23.39,1103.6,23.4,538.1,23.41,731.0,23.42,534.3
1700000332.0,664,23.325,0.10999999999999943,23.27,1987.3,23.38,752.7,4894.7,3273.0,23.325,0.0,BUY,0,23.27,1987.3,23.26,421.4,23.25,1201.8,23.24,653.4,23.23,630.8,23.38,752.7,23.39,1049.7,23.4,1302.0,23.41,10.0,23.42,158.6
1700000332.5,665,23.305,0.10999999999999943,23.25,132.3,23.36,746.1,4301.8,3197.8999999999996,23.25,34.2,SELL,1,23.25,132.3,23.24,16.0,23.23,485.1,23.22,1146.9,23.21,2521.5,23.36,746.1,23.37,50.2,23.38,846.7,23.39,909.6,23.4,645.3
1700000333.0,666,23.305,0.10999999999999943,23.25,191.8,23.36,1163.0,10138.3,5118.7,23.36,80.7,BUY,1,23.25,191.8,23.24,3086.9,23.23,2206.9,23.22,2404.0,23.21,2248.7,23.36,1163.0,23.37,2598.0,23.38,210.2,23.39,206.8,23.4,940.7
1700000333.5,667,23.305,0.10999999999999943,23.25,160.3,23.36,150.6,2852.3,1610.6,23.25,89.1,SELL,4,23.25,160.3,23.24,311.6,23.23,231.7,23.22,1283.5,23.21,865.2,23.36,150.6,23.37,735.4,23.38,51.3,23.39,553.9,23.4,119.4
1700000334.0,668,23.305,0.10999999999999943,23.25,382.3,23.36,576.7,2452.6,3349.8,23.25,97.6,SELL,2,23.25,382.3,23.24,280.6,23.23,562.1,23.22,1153.2,23.21,74.4,23.36,576.7,23.37,270.4,23.38,43.7,23.39,1099.5,23.4,1359.5
1700000334.5,669,25.939999999999998,0.09999999999999787,25.89,311.8,25.99,84.3,2627.5000000000005,3662.7999999999997,25.99,143.9,BUY,4,25.89,311.8,25.88,348.4,25.87,120.2,25.86,1732.2,25.85,114.9,25.99,84.3,26.0,1429.5,26.01,1099.8,26.02,913.6,26.03,135.6
1700000335.0,670,25.93,0.10000000000000142,25.88,404.1,25.98,1224.9,3756.2,1992.6,25.98,79.2,BUY,3,25.88,404.1,25.87,362.8,25.86,1438.5,25.85,22.7,25.84,1528.1,25.98,1224.9,25.99,18.5,26.0,137.3,26.01,453.9,26.02,158.0
1700000335.5,671,25.945,0.10999999999999943,25.89,59.2,26.0,466.6,4420.6,2118.9,25.89,9.4,SELL,2,25.89,59.2,25.88,1648.5,25.87,772.1,25.86,1518.8,25.85,422.0,26.0,466.6,26.01,130.8,26.02,390.0,26.03,727.2,26.04,404.3
1700000336.0,672,25.945,0.10999999999999943,25.89,151.2,26.0,1366.4,848.8,7559.8,25.945,0.0,BUY,0,25.89,151.2,25.88,90.7,25.87,10.0,25.86,52.2,25.85,544.7,26.0,1366.4,26.01,299.1,26.02,368.7,26.03,3881.8,26.04,1643.8
1700000336.5,673,25.945,0.10999999999999943,25.89,142.3,26.0,360.3,1512.2,2415.6,25.89,30.9,SELL,2,25.89,142.3,25.88,472.2,25.87,201.7,25.86,672.0,25.85,24.0,26.0,360.3,26.01,606.6,26.02,1144.0,26.03,167.5,26.04,137.2
1700000337.0,674,25.945,0.10999999999999943,25.89,289.3,26.0,695.6,2213.3,4220.5,26.0,32.1,BUY,2,25.89,289.3,25.88,10.0,25.87,101.5,25.86,707.0,25.85,1105.5,26.0,695.6,26.01,42.3,26.02,2745.0,26.03,367.9,26.04,369.7
1700000337.5,675,25.93,0.10000000000000142,25.88,295.7,25.98,1539.4,835.5,3393.8,25.98,5.0,BUY,3,25.88,295.7,25.87,54.0,25.86,13.6,25.85,64.4,25.84,407.8,25.98,1539.4,25.99,862.8,26.0,375.3,26.01,606.3,26.02,10.0
1700000338.0,676,23.485,0.10999999999999943,23.43,62.3,23.54,479.2,1547.5,4136.0,23.43,38.6,SELL,1,23.43,62.3,23.42,400.8,23.41,65.3,23.4,272.6,23.39,746.5,23.54,479.2,23.55,196.0,23.56,90.3,23.57,1874.7,23.58,1495.8
1700000338.5,677,23.48,0.10000000000000142,23.43,235.1,23.53,245.9,927.8000000000001,3113.1,23.53,5.0,BUY,1,23.43,235.1,23.42,34.3,23.41,93.5,23.4,521.7,23.39,43.2,23.53,245.9,23.54,17.3,23.55,1674.5,23.56,734.4,23.57,441.0
1700000339.0,678,23.48,0.10000000000000142,23.43,51.8,23.53,410.5,1488.8000000000002,2109.8,23.48,0.0,BUY,0,23.43,51.8,23.42,543.7,23.41,451.0,23.4,405.4,23.39,36.9,23.53,410.5,23.54,827.6,23.55,182.4,23.56,448.4,23.57,240.9
1700000339.5,679,23.485,0.10999999999999943,23.43,275.6,23.54,66.0,1044.6,4804.4,23.43,28.6,SELL,3,23.43,275.6,23.42,128.1,23.41,121.8,23.4,354.0,23.39,165.1,23.54,66.0,23.55,1403.6,23.56,422.9,23.57,1266.2,23.58,1645.7
1700000340.0,680,23.485,0.10999999999999943,23.43,515.0,23.54,39.0,2465.6,6103.1,23.485,0.0,BUY,0,23.43,515.0,23.42,824.5,23.41,285.5,23.4,284.5,23.39,556.1,23.54,39.0,23.55,1061.3,23.56,1232.5,23.57,3749.5,23.58,20.8
1700000340.5,681,23.485,0.10999999999999943,23.43,700.5,23.54,1044.2,5070.2,8444.2,23.54,41.2,BUY,3,23.43,700.5,23.42,1983.3,23.41,438.4,23.4,1729.1,23.39,218.9,23.54,1044.2,23.55,79.8,23.56,727.2,23.57,2035.9,23.58,4557.1
1700000341.0,682,23.485,0.10999999999999943,23.43,949.7,23.54,1702.2,3106.2,4304.9,23.485,0.0,BUY,0,23.43,949.7,23.42,438.6,23.41,901.2,23.4,678.5,23.39,138.2,23.54,1702.2,23.55,834.3,23.56,848.2,23.57,728.3,23.58,191.9
1700000341.5,683,23.485,0.10999999999999943,23.43,20.6,23.54,199.7,2967.7999999999997,2422.2,23.54,7.1,BUY,3,23.43,20.6,23.42,927.2,23.41,979.3,23.4,591.3,23.39,449.4,23.54,199.7,23.55,701.1,23.56,508.7,23.57,954.7,23.58,58.0
1700000342.0,684,23.485,0.10999999999999943,23.43,507.5,23.54,314.5,2189.3999999999996,1621.8,23.485,0.0,BUY,0,23.43,507.5,23.42,299.9,23.41,788.7,23.4,527.6,23.39,65.7,23.54,314.5,23.55,369.1,23.56,116.3,23.57,682.9,23.58,139.0
1700000342.5,685,23.5,0.10000000000000142,23.45,130.0,23.55,121.1,1989.6999999999998,1577.8,23.5,0.0,BUY,0,23.45,130.0,23.44,109.1,23.43,417.2,23.42,90.1,23.41,1243.3,23.55,121.1,23.56,46.7,23.57,804.0,23.58,205.8,23.59,400.2
1700000343.0,686,23.5,0.10000000000000142,23.45,197.5,23.55,144.5,4322.8,664.2,23.45,18.0,SELL,3,23.45,197.5,23.44,740.3,23.43,192.9,23.42,2552.4,23.41,639.7,23.55,144.5,23.56,325.2,23.57,38.3,23.58,57.5,23.59,98.7
1700000343.5,687,23.5,0.11999999999999744,23.44,88.7,23.56,191.3,2153.4,1285.5,23.44,60.5,SELL,2,23.44,88.7,23.43,354.1,23.42,300.0,23.41,15.2,23.4,1395.4,23.56,191.3,23.57,199.4,23.58,324.4,23.59,475.3,23.6,95.1
1700000344.0,688,23.485,0.10999999999999943,23.43,10.0,23.54,554.0,1847.7,1279.5,23.54,63.4,BUY,2,23.43,10.0,23.42,151.1,23.41,88.2,23.4,418.0,23.39,1180.4,23.54,554.0,23.55,235.2,23.56,362.2,23.57,44.0,23.58,84.1
1700000344.5,689,23.485,0.10999999999999943,23.43,55.4,23.54,1062.0,1213.3,3078.2,23.43,33.0,SELL,1,23.43,55.4,23.42,401.1,23.41,274.0,23.4,293.0,23.39,189.8,23.54,1062.0,23.55,282.2,23.56,444.2,23.57,481.2,23.58,808.6
1700000345.0,690,23.490000000000002,0.120000000000001,23.43,365.4,23.55,26.8,3934.4,4161.200000000001,23.43,35.7,SELL,2,23.43,365.4,23.42,235.7,23.41,2241.1,23.4,664.4,23.39,427.8,23.55,26.8,23.56,46.2,23.57,796.4,23.58,2109.9,23.59,1181.9
1700000345.5,691,23.485,0.10999999999999943,23.43,179.8,23.54,93.5,3325.5,3285.7,23.43,37.3,SELL,7,23.43,179.8,23.42,414.8,23.41,1162.8,23.4,886.3,23.39,681.8,23.54,93.5,23.55,141.6,23.56,373.4,23.57,2619.6,23.58,57.6
1700000346.0,692,20.675,0.10999999999999943,20.62,262.1,20.73,731.7,1300.4,3560.7,20.73,71.4,BUY,1,20.62,262.1,20.61,91.4,20.6,191.0,20.59,266.4,20.58,489.5,20.73,731.7,20.74,504.0,20.75,375.4,20.76,1722.3,20.77,227.3
1700000346.5,693,20.675,0.10999999999999943,20.62,1010.9,20.73,1153.9,2824.4000000000005,3497.9000000000005,20.62,112.5,SELL,1,20.62,1010.9,20.61,159.8,20.6,1224.9,20.59,275.4,20.58,153.4,20.73,1153.9,20.74,625.5,20.75,197.9,20.76,920.3,20.77,600.3
1700000347.0,694,20.68,0.11999999999999744,20.62,996.7,20.74,391.7,2546.6,3666.5,20.74,5.0,BUY,2,20.62,996.7,20.61,178.8,20.6,542.4,20.59,60.3,20.58,768.4,20.74,391.7,20.75,792.0,20.76,259.6,20.77,1083.7,20.78,1139.5
1700000347.5,695,20.675,0.10999999999999943,20.62,458.7,20.73,425.9,1663.1,1509.9,20.62,5.0,SELL,2,20.62,458.7,20.61,1009.3,20.6,162.0,20.59,10.0,20.58,23.1,20.73,425.9,20.74,82.7,20.75,263.9,20.76,115.3,20.77,622.1
1700000348.0,696,20.68,0.10000000000000142,20.63,145.0,20.73,360.4,2936.2999999999997,3126.8999999999996,20.73,14.8,BUY,1,20.63,145.0,20.62,1021.6,20.61,229.2,20.6,1483.4,20.59,57.1,20.73,360.4,20.74,122.3,20.75,129.3,20.76,843.8,20.77,1671.1
1700000348.5,697,20.68,0.11999999999999744,20.62,739.6,20.74,58.2,4573.400000000001,5546.5,20.68,0.0,BUY,0,20.62,739.6,20.61,1425.0,20.6,1282.2,20.59,638.4,20.58,488.2,20.74,58.2,20.75,441.4,20.76,820.2,20.77,2478.5,20.78,1748.2
1700000349.0,698,20.675,0.10999999999999943,20.62,207.3,20.73,175.4,3090.6,1894.1000000000001,20.675,0.0,BUY,0,20.62,207.3,20.61,745.5,20.6,35.7,20.59,1530.2,20.58,571.9,20.73,175.4,20.74,280.7,20.75,661.8,20.76,166.7,20.77,609.5
1700000349.5,699,20.68,0.10000000000000142,20.63,337.1,20.73,687.3,3240.8,4004.7999999999997,20.63,39.2,SELL,1,20.63,337.1,20.62,679.2,20.61,102.8,20.6,1679.7,20.59,442.0,20.73,687.3,20.74,388.7,20.75,506.3,20.76,1538.1,20.77,884.4
1700000350.0,700,20.675,0.10999999999999943,20.62,119.6,20.73,435.5,3849.6000000000004,3975.2000000000003,20.73,5.3,BUY,2,20.62,119.6,20.61,759.2,20.6,327.9,20.59,2121.9,20.58,521.0,20.73,435.5,20.74,31.0,20.75,439.5,20.76,917.4,20.77,2151.8
1700000350.5,701,20.675,0.10999999999999943,20.62,213.9,20.73,14.9,1796.6,3026.6,20.62,94.1,SELL,3,20.62,213.9,20.61,113.8,20.6,256.4,20.59,225.6,20.58,986.9,20.73,14.9,20.74,823.4,20.75,551.3,20.76,395.8,20.77,1241.2
1700000351.0,702,20.695,0.10999999999999943,20.64,436.2,20.75,827.0,4456.3,2746.5,20.75,11.0,BUY,2,20.64,436.2,20.63,1077.5,20.62,354.4,20.61,857.2,20.6,1731.0,20.75,827.0,20.76,155.6,20.77,276.1,20.78,629.9,20.79,857.9
1700000351.5,703,20.675,0.10999999999999943,20.62,202.4,20.73,24.6,3710.8999999999996,2704.7,20.675,0.0,BUY,0,20.62,202.4,20.61,16.6,20.6,1518.3,20.59,600.8,20.58,1372.8,20.73,24.6,20.74,153.9,20.75,272.2,20.76,1185.4,20.77,1068.6
1700000352.0,704,20.68,0.10000000000000142,20.63,209.7,20.73,906.2,2328.0,2887.9000000000005,20.68,0.0,BUY,0,20.63,209.7,20.62,83.3,20.61,487.2,20.6,1292.6,20.59,255.2,20.73,906.2,20.74,62.0,20.75,1034.7,20.76,861.2,20.77,23.8
1700000352.5,705,20.675,0.10999999999999943,20.62,471.7,20.73,465.7,1923.5,3556.4,20.675,0.0,BUY,0,20.62,471.7,20.61,731.4,20.6,10.0,20.59,137.8,20.58,572.6,20.73,465.7,20.74,362.7,20.75,1425.1,20.76,1062.4,20.77,240.5
1700000353.0,706,20.675,0.10999999999999943,20.62,828.5,20.73,246.6,3033.7,7078.0,20.73,9.4,BUY,4,20.62,828.5,20.61,509.0,20.6,464.6,20.59,358.6,20.58,873.0,20.73,246.6,20.74,696.9,20.75,1823.4,20.76,3771.6,20.77,539.5
1700000353.5,707,20.675,0.10999999999999943,20.62,884.1,20.73,243.1,2941.5,3292.6000000000004,20.73,16.8,BUY,1,20.62,884.1,20.61,58.8,20.6,312.5,20.59,689.7,20.58,996.4,20.73,243.1,20.74,439.9,20.75,1808.8,20.76,736.9,20.77,63.9
1700000354.0,708,20.67,0.120000000000001,20.61,25.6,20.73,393.6,3385.8,1992.5,20.73,98.5,BUY,1,20.61,25.6,20.6,67.0,20.59,1373.9,20.58,537.0,20.57,1382.3,20.73,393.6,20.74,809.0,20.75,521.2,20.76,74.7,20.77,194.0
1700000354.5,709,20.675,0.10999999999999943,20.62,14.7,20.73,207.1,3174.9,3128.7,20.675,0.0,BUY,0,20.62,14.7,20.61,785.7,20.6,1194.3,20.59,745.4,20.58,434.8,20.73,207.1,20.74,1288.2,20.75,603.1,20.76,93.7,20.77,936.6
1700000355.0,710,20.67,0.120000000000001,20.61,92.4,20.73,271.7,2106.8,1944.5,20.73,17.6,BUY,1,20.61,92.4,20.6,390.1,20.59,800.8,20.58,517.6,20.57,305.9,20.73,271.7,20.74,62.9,20.75,1148.2,20.76,108.4,20.77,353.3
1700000355.5,711,20.675,0.10999999999999943,20.62,106.3,20.73,179.0,810.9000000000001,1933.1,20.73,17.2,BUY,1,20.62,106.3,20.61,42.0,20.6,78.5,20.59,274.5,20.58,309.6,20.73,179.0,20.74,798.5,20.75,494.6,20.76,365.2,20.77,95.8
1700000356.0,712,20.67,0.120000000000001,20.61,377.4,20.73,268.5,2994.3999999999996,5910.099999999999,20.73,24.0,BUY,2,20.61,377.4,20.6,144.8,20.59,452.4,20.58,1977.6,20.57,42.2,20.73,268.5,20.74,1678.8,20.75,1631.9,20.76,816.7,20.77,1514.2
1700000356.5,713,20.67,0.09999999999999787,20.62,294.0,20.72,13.8,2460.5,4297.8,20.72,42.3,BUY,1,20.62,294.0,20.61,204.0,20.6,1130.8,20.59,335.6,20.58,496.1,20.72,13.8,20.73,310.4,20.74,161.9,20.75,26.8,20.76,3784.9
1700000357.0,714,20.67,0.09999999999999787,20.62,138.8,20.72,68.4,3498.9,4132.5,20.62,41.1,SELL,3,20.62,138.8,20.61,283.9,20.6,928.5,20.59,510.1,20.58,1637.6,20.72,68.4,20.73,3423.8,20.74,298.5,20.75,232.1,20.76,109.7
1700000357.5,715,20.66,0.10000000000000142,20.61,137.3,20.71,675.4,4464.3,3651.6,20.66,0.0,BUY,0,20.61,137.3,20.6,307.7,20.59,911.9,20.58,1346.5,20.57,1760.9,20.71,675.4,20.72,82.9,20.73,60.2,20.74,202.0,20.75,2631.1
1700000358.0,716,14.105,0.10999999999999943,14.05,186.4,14.16,581.4,4179.2,4067.2,14.16,169.9,BUY,3,14.05,186.4,14.04,60.9,14.03,1327.7,14.02,1836.2,14.01,768.0,14.16,581.4,14.17,1861.1,14.18,14.2,14.19,247.6,14.2,1362.9
1700000358.5,717,14.105,0.10999999999999943,14.05,70.7,14.16,274.9,2066.5,2799.2,14.16,12.4,BUY,1,14.05,70.7,14.04,408.4,14.03,10.0,14.02,398.3,14.01,1179.1,14.16,274.9,14.17,1326.5,14.18,35.1,14.19,606.5,14.2,556.2
1700000359.0,718,14.105,0.10999999999999943,14.05,402.1,14.16,20.6,2398.1000000000004,5332.5,14.105,0.0,BUY,0,14.05,402.1,14.04,544.4,14.03,376.4,14.02,77.7,14.01,997.5,14.16,20.6,14.17,131.0,14.18,476.2,14.19,4571.9,14.2,132.8
1700000359.5,719,14.11,0.11999999999999922,14.05,35.1,14.17,231.7,3800.8,1795.8999999999999,14.05,56.7,SELL,2,14.05,35.1,14.04,346.5,14.03,896.4,14.02,2016.5,14.01,506.3,14.17,231.7,14.18,351.9,14.19,403.5,14.2,769.0,14.21,39.8
1700000360.0,720,14.11,0.09999999999999964,14.06,229.5,14.16,834.8,1763.1,4662.499999999999,14.06,10.6,SELL,3,14.06,229.5,14.05,290.1,14.04,922.5,14.03,311.0,14.02,10.0,14.16,834.8,14.17,282.0,14.18,300.4,14.19,2978.6,14.2,266.7
1700000360.5,721,14.105,0.10999999999999943,14.05,218.1,14.16,424.8,2014.6,1977.7000000000003,14.16,5.0,BUY,2,14.05,218.1,14.04,375.6,14.03,763.7,14.02,532.1,14.01,125.1,14.16,424.8,14.17,219.6,14.18,682.5,14.19,360.2,14.2,290.6
1700000361.0,722,14.105,0.10999999999999943,14.05,610.3,14.16,173.6,5339.1,2138.7,14.16,19.6,BUY,2,14.05,610.3,14.04,10.0,14.03,659.6,14.02,701.5,14.01,3357.7,14.16,173.6,14.17,35.8,14.18,1089.0,14.19,266.8,14.2,573.5
1700000361.5,723,14.105,0.10999999999999943,14.05,419.8,14.16,203.1,5522.2,3105.9,14.05,45.5,SELL,2,14.05,419.8,14.04,714.9,14.03,1138.8,14.02,2863.7,14.01,385.0,14.16,203.1,14.17,66.8,14.18,55.9,14.19,1292.4,14.2,1487.7
1700000362.0,724,14.105,0.10999999999999943,14.05,1180.3,14.16,290.0,3303.4999999999995,3910.5,14.05,10.6,SELL,2,14.05,1180.3,14.04,368.5,14.03,1157.6,14.02,511.6,14.01,85.5,14.16,290.0,14.17,98.6,14.18,203.7,14.19,1251.1,14.2,2067.1
1700000362.5,725,14.11,0.11999999999999922,14.05,1045.2,14.17,202.0,2914.7000000000003,4781.7,14.05,70.5,SELL,2,14.05,1045.2,14.04,732.9,14.03,407.3,14.02,468.0,14.01,261.3,14.17,202.0,14.18,859.0,14.19,1663.3,14.2,1794.2,14.21,263.2
1700000363.0,726,14.105,0.10999999999999943,14.05,416.5,14.16,194.8,1751.6999999999998,4771.0,14.105,0.0,BUY,0,14.05,416.5,14.04,1156.7,14.03,87.8,14.02,38.1,14.01,52.6,14.16,194.8,14.17,2053.1,14.18,375.7,14.19,89.1,14.2,2058.3
1700000363.5,727,14.105,0.10999999999999943,14.05,22.0,14.16,777.0,2259.5,2536.8,14.105,0.0,BUY,0,14.05,22.0,14.04,292.4,14.03,1032.1,14.02,725.4,14.01,187.6,14.16,777.0,14.17,916.1,14.18,26.0,14.19,116.2,14.2,701.5
1700000364.0,728,14.105,0.10999999999999943,14.05,317.2,14.16,1132.8,1083.1000000000001,3312.2999999999997,14.05,21.3,SELL,3,14.05,317.2,14.04,132.9,14.03,443.4,14.02,12.2,14.01,177.4,14.16,1132.8,14.17,299.4,14.18,552.6,14.19,1110.4,14.2,217.1
1700000364.5,729,14.11,0.09999999999999964,14.06,300.4,14.16,1202.8,1534.1999999999998,2800.9,14.06,68.8,SELL,2,14.06,300.4,14.05,216.3,14.04,523.4,14.03,383.0,14.02,111.1,14.16,1202.8,14.17,787.2,14.18,77.4,14.19,507.0,14.2,226.5
1700000365.0,730,14.105,0.10999999999999943,14.05,17.0,14.16,461.8,2851.7999999999997,2432.3,14.16,74.0,BUY,3,14.05,17.0,14.04,578.7,14.03,1098.5,14.02,801.9,14.01,355.7,14.16,461.8,14.17,101.4,14.18,774.9,14.19,1016.4,14.2,77.8
1700000365.5,731,14.105,0.10999999999999943,14.05,978.0,14.16,252.5,3515.2999999999997,6058.9,14.05,41.4,SELL,1,14.05,978.0,14.04,705.1,14.03,722.3,14.02,1035.3,14.01,74.6,14.16,252.5,14.17,678.5,14.18,1216.5,14.19,2536.7,14.2,1374.7
1700000366.0,732,14.105,0.10999999999999943,14.05,70.2,14.16,126.3,1095.9,3693.5,14.16,46.2,BUY,2,14.05,70.2,14.04,155.2,14.03,37.2,14.02,812.6,14.01,20.7,14.16,126.3,14.17,1572.6,14.18,161.4,14.19,876.9,14.2,956.3
1700000366.5,733,14.105,0.10999999999999943,14.05,944.4,14.16,1101.9,3697.5,3935.3999999999996,14.16,49.4,BUY,3,14.05,944.4,14.04,305.9,14.03,993.2,14.02,970.3,14.01,483.7,14.16,1101.9,14.17,111.1,14.18,471.1,14.19,1452.0,14.2,799.3
1700000367.0,734,14.11,0.09999999999999964,14.06,535.0,14.16,1141.4,2590.5,3172.7,14.16,19.4,BUY,1,14.06,535.0,14.05,104.6,14.04,184.4,14.03,326.2,14.02,1440.3,14.16,1141.4,14.17,289.4,14.18,682.7,14.19,979.7,14.2,79.5
1700000367.5,735,16.62,0.10000000000000142,16.57,20.0,16.67,133.1,2735.8,1930.1000000000001,16.57,21.7,SELL,2,16.57,20.0,16.56,500.9,16.55,109.8,16.54,562.8,16.53,1542.3,16.67,133.1,16.68,117.3,16.69,181.9,16.7,856.1,16.71,641.7
1700000368.0,736,16.625,0.10999999999999943,16.57,412.1,16.68,170.8,4838.1,5256.9,16.57,65.2,SELL,3,16.57,412.1,16.56,1002.8,16.55,1002.2,16.54,379.6,16.53,2041.4,16.68,170.8,16.69,252.9,16.7,1563.3,16.71,229.6,16.72,3040.3
1700000368.5,737,16.619999999999997,0.120000000000001,16.56,995.3,16.68,337.3,2520.1,2123.7000000000003,16.619999999999997,0.0,BUY,0,16.56,995.3,16.55,180.5,16.54,90.7,16.53,522.3,16.52,731.3,16.68,337.3,16.69,499.9,16.7,883.7,16.71,265.9,16.72,136.9
1700000369.0,738,19.75,0.10000000000000142,19.7,54.7,19.8,77.7,2793.2,5710.8,19.8,12.7,BUY,5,19.7,54.7,19.69,1434.3,19.68,818.7,19.67,341.3,19.66,144.2,19.8,77.7,19.81,18.2,19.82,2721.4,19.83,403.5,19.84,2490.0
1700000369.5,739,19.75,0.10000000000000142,19.7,165.3,19.8,96.6,4567.9,2123.7,19.8,8.5,BUY,4,19.7,165.3,19.69,30.4,19.68,1734.8,19.67,513.8,19.66,2123.6,19.8,96.6,19.81,651.3,19.82,365.1,19.83,935.7,19.84,75.0
1700000370.0,740,19.75,0.11999999999999744,19.69,709.0,19.81,562.1,4320.7,2574.8,19.81,10.0,BUY,4,19.69,709.0,19.68,97.1,19.67,2169.8,19.66,363.2,19.65,981.6,19.81,562.1,19.82,305.3,19.83,360.5,19.84,1146.7,19.85,200.2
1700000370.5,741,15.91,0.10000000000000142,15.86,101.7,15.96,590.3,641.1,3934.9999999999995,15.91,0.0,BUY,0,15.86,101.7,15.85,48.1,15.84,50.6,15.83,32.5,15.82,408.2,15.96,590.3,15.97,1778.1,15.98,1235.7,15.99,79.1,16.0,251.8
1700000371.0,742,15.91,0.10000000000000142,15.86,212.2,15.96,686.7,4371.099999999999,2793.8,15.86,36.5,SELL,1,15.86,212.2,15.85,2527.9,15.84,476.5,15.83,290.7,15.82,863.8,15.96,686.7,15.97,665.8,15.98,562.4,15.99,686.0,16.0,192.9
1700000371.5,743,15.91,0.10000000000000142,15.86,362.9,15.96,232.9,5407.4,1988.5,15.91,0.0,BUY,0,15.86,362.9,15.85,506.2,15.84,1132.3,15.83,1505.9,15.82,1900.1,15.96,232.9,15.97,294.8,15.98,431.1,15.99,502.9,16.0,526.8
1700000372.0,744,17.735,0.10999999999999943,17.68,419.1,17.79,402.9,3122.0,3692.0000000000005,17.79,114.8,BUY,3,17.68,419.1,17.67,164.4,17.66,150.8,17.65,1673.7,17.64,714.0,17.79,402.9,17.8,355.8,17.81,1863.9,17.82,145.4,17.83,924.0
1700000372.5,745,17.735,0.10999999999999943,17.68,960.8,17.79,83.0,2940.8,2765.7,17.68,28.0,SELL,1,17.68,960.8,17.67,196.9,17.66,290.7,17.65,668.1,17.64,824.3,17.79,83.0,17.8,616.1,17.81,542.0,17.82,382.8,17.83,1141.8
1700000373.0,746,17.735,0.10999999999999943,17.68,379.0,17.79,1530.2,1760.6000000000001,5699.700000000001,17.79,21.3,BUY,2,17.68,379.0,17.67,1002.9,17.66,98.9,17.65,78.6,17.64,201.2,17.79,1530.2,17.8,2181.9,17.81,777.9,17.82,604.6,17.83,605.1
1700000373.5,747,17.735,0.10999999999999943,17.68,562.9,17.79,1344.1,2215.5,5391.9,17.735,0.0,BUY,0,17.68,562.9,17.67,10.0,17.66,479.2,17.65,872.1,17.64,291.3,17.79,1344.1,17.8,1031.2,17.81,327.2,17.82,1595.5,17.83,1093.9
1700000374.0,748,17.735,0.10999999999999943,17.68,210.9,17.79,133.6,5339.400000000001,2197.2999999999997,17.79,5.0,BUY,2,17.68,210.9,17.67,797.1,17.66,548.8,17.65,2952.0,17.64,830.6,17.79,133.6,17.8,737.6,17.81,333.9,17.82,548.3,17.83,443.9
1700000374.5,749,17.735,0.10999999999999943,17.68,31.2,17.79,438.8,3050.8,4063.2,17.68,33.8,SELL,4,17.68,31.2,17.67,565.9,17.66,762.2,17.65,268.2,17.64,1423.3,17.79,438.8,17.8,1237.0,17.81,1414.0,17.82,644.2,17.83,329.2
1700000375.0,750,17.73,0.10000000000000142,17.68,662.3,17.78,660.5,3446.9,5303.799999999999,17.73,0.0,BUY,0,17.68,662.3,17.67,488.0,17.66,1091.5,17.65,60.7,17.64,1144.4,17.78,660.5,17.79,375.9,17.8,1898.5,17.81,662.8,17.82,1706.1
1700000375.5,751,13.239999999999998,0.09999999999999964,13.19,98.4,13.29,389.8,6040.9,5191.2,13.19,45.2,SELL,2,13.19,98.4,13.18,2075.7,13.17,573.9,13.16,813.4,13.15,2479.5,13.29,389.8,13.3,1498.4,13.31,714.5,13.32,855.0,13.33,1733.5
1700000376.0,752,13.239999999999998,0.09999999999999964,13.19,201.0,13.29,78.4,4694.1,2386.9,13.19,39.5,SELL,4,13.19,201.0,13.18,297.3,13.17,183.9,13.16,3327.9,13.15,684.0,13.29,78.4,13.3,138.6,13.31,206.3,13.32,179.8,13.33,1783.8
1700000376.5,753,13.25,0.10000000000000142,13.2,657.6,13.3,30.5,3016.6000000000004,2136.0,13.3,58.4,BUY,2,13.2,657.6,13.19,82.7,13.18,79.6,13.17,215.0,13.16,1981.7,13.3,30.5,13.31,1084.7,13.32,152.1,13.33,399.5,13.34,469.2
1700000377.0,754,12.715,0.10999999999999943,12.66,104.1,12.77,200.4,2898.1,1742.3999999999999,12.77,37.7,BUY,4,12.66,104.1,12.65,203.9,12.64,1442.5,12.63,589.0,12.62,558.6,12.77,200.4,12.78,291.2,12.79,1086.5,12.8,10.0,12.81,154.3
1700000377.5,755,12.71,0.11999999999999922,12.65,1338.0,12.77,365.6,3893.8999999999996,2484.1,12.77,35.8,BUY,1,12.65,1338.0,12.64,709.2,12.63,101.0,12.62,678.5,12.61,1067.2,12.77,365.6,12.78,375.6,12.79,1218.3,12.8,289.9,12.81,234.7
1700000378.0,756,12.715,0.10999999999999943,12.66,307.8,12.77,136.2,3154.2,1388.6999999999998,12.77,26.2,BUY,6,12.66,307.8,12.65,998.2,12.64,1504.1,12.63,270.2,12.62,73.9,12.77,136.2,12.78,568.0,12.79,22.9,12.8,343.0,12.81,318.6
1700000378.5,757,12.715,0.10999999999999943,12.66,13.2,12.77,863.5,2514.9,3728.2,12.77,213.3,BUY,1,12.66,13.2,12.65,170.9,12.64,836.6,12.63,1069.3,12.62,424.9,12.77,863.5,12.78,158.9,12.79,565.9,12.8,1860.3,12.81,279.6
1700000379.0,758,12.715,0.10999999999999943,12.66,150.4,12.77,281.4,2538.4,1881.5999999999997,12.66,58.1,SELL,2,12.66,150.4,12.65,277.4,12.64,1013.7,12.63,795.6,12.62,301.3,12.77,281.4,12.78,763.3,12.79,629.5,12.8,187.6,12.81,19.8
1700000379.5,759,12.71,0.09999999999999964,12.66,23.9,12.76,90.6,1626.4,601.8,12.76,5.0,BUY,1,12.66,23.9,12.65,865.5,12.64,102.4,12.63,442.6,12.62,192.0,12.76,90.6,12.77,55.4,12.78,55.3,12.79,278.2,12.8,122.3
1700000380.0,760,12.71,0.09999999999999964,12.66,1430.3,12.76,1936.5,3504.7000000000003,4419.1,12.71,0.0,BUY,0,12.66,1430.3,12.65,1016.1,12.64,559.4,12.63,241.5,12.62,257.4,12.76,1936.5,12.77,73.4,12.78,2277.8,12.79,121.4,12.8,10.0
1700000380.5,761,12.715,0.10999999999999943,12.66,351.3,12.77,46.8,4795.9,4151.2,12.715,0.0,BUY,0,12.66,351.3,12.65,37.4,12.64,1005.8,12.63,919.0,12.62,2482.4,12.77,46.8,12.78,235.0,12.79,129.9,12.8,2702.3,12.81,1037.2
1700000381.0,762,12.715,0.10999999999999943,12.66,181.8,12.77,382.4,3205.1,2641.4999999999995,12.715,0.0,BUY,0,12.66,181.8,12.65,304.9,12.64,283.7,12.63,2264.5,12.62,170.2,12.77,382.4,12.78,725.3,12.79,295.1,12.8,308.3,12.81,930.4
1700000381.5,763,12.715,0.10999999999999943,12.66,34.0,12.77,242.4,853.3000000000001,3527.7000000000003,12.715,0.0,BUY,0,12.66,34.0,12.65,118.9,12.64,282.3,12.63,228.5,12.62,189.6,12.77,242.4,12.78,243.8,12.79,103.7,12.8,564.0,12.81,2373.8
1700000382.0,764,12.715,0.10999999999999943,12.66,213.4,12.77,186.6,4490.799999999999,2703.3,12.77,9.7,BUY,1,12.66,213.4,12.65,202.5,12.64,823.1,12.63,216.6,12.62,3035.2,12.77,186.6,12.78,1008.0,12.79,18.3,12.8,304.0,12.81,1186.4
1700000382.5,765,12.715,0.10999999999999943,12.66,252.9,12.77,361.6,2998.7,2428.8,12.66,5.0,SELL,1,12.66,252.9,12.65,883.4,12.64,856.4,12.63,557.7,12.62,448.3,12.77,361.6,12.78,909.6,12.79,136.7,12.8,79.8,12.81,941.1
1700000383.0,766,12.71,0.09999999999999964,12.66,43.2,12.76,448.6,1283.0,3061.6,12.66,12.5,SELL,2,12.66,43.2,12.65,550.7,12.64,33.9,12.63,248.0,12.62,407.2,12.76,448.6,12.77,226.5,12.78,1806.4,12.79,559.5,12.8,20.6
1700000383.5,767,11.780000000000001,0.11999999999999922,11.72,10.0,11.84,166.2,3984.4,2509.7999999999997,11.84,31.3,BUY,2,11.72,10.0,11.71,921.8,11.7,664.2,11.69,2166.1,11.68,222.3,11.84,166.2,11.85,268.3,11.86,1485.1,11.87,217.0,11.88,373.2
1700000384.0,768,11.775,0.10999999999999943,11.72,186.8,11.83,823.3,855.3,2082.4,11.83,148.0,BUY,2,11.72,186.8,11.71,75.4,11.7,215.3,11.69,141.5,11.68,236.3,11.83,823.3,11.84,45.8,11.85,775.9,11.86,225.5,11.87,211.9
1700000384.5,769,11.780000000000001,0.09999999999999964,11.73,62.8,11.83,643.4,2960.7,3515.7999999999997,11.83,74.3,BUY,1,11.73,62.8,11.72,628.1,11.71,163.5,11.7,755.7,11.69,1350.6,11.83,643.4,11.84,70.4,11.85,633.5,11.86,1289.6,11.87,878.9
1700000385.0,770,11.780000000000001,0.09999999999999964,11.73,621.0,11.83,320.6,4049.5,3535.1,11.83,39.1,BUY,4,11.73,621.0,11.72,315.3,11.71,641.2,11.7,1802.4,11.69,669.6,11.83,320.6,11.84,105.7,11.85,37.4,11.86,1707.4,11.87,1364.0
1700000385.5,771,11.780000000000001,0.11999999999999922,11.72,705.9,11.84,278.0,2836.2,2966.8,11.780000000000001,0.0,BUY,0,11.72,705.9,11.71,376.5,11.7,913.1,11.69,19.4,11.68,821.3,11.84,278.0,11.85,984.6,11.86,52.2,11.87,165.3,11.88,1486.7
1700000386.0,772,15.75,0.120000000000001,15.69,588.6,15.81,245.3,4068.8999999999996,2239.5,15.69,162.3,SELL,1,15.69,588.6,15.68,1337.6,15.67,106.5,15.66,1562.7,15.65,473.5,15.81,245.3,15.82,320.2,15.83,42.5,15.84,160.5,15.85,1471.0
1700000386.5,773,15.75,0.10000000000000142,15.7,71.6,15.8,10.0,1865.1,1552.4,15.8,85.9,BUY,1,15.7,71.6,15.69,359.1,15.68,145.6,15.67,493.4,15.66,795.4,15.8,10.0,15.81,886.8,15.82,264.5,15.83,335.7,15.84,55.4
1700000387.0,774,15.75,0.10000000000000142,15.7,481.5,15.8,128.5,2410.9,5633.1,15.8,13.0,BUY,2,15.7,481.5,15.69,922.1,15.68,523.0,15.67,59.2,15.66,425.1,15.8,128.5,15.81,2314.0,15.82,404.4,15.83,672.8,15.84,2113.4
1700000387.5,775,15.75,0.10000000000000142,15.7,41.2,15.8,704.3,2087.4,4275.8,15.7,8.7,SELL,1,15.7,41.2,15.69,674.9,15.68,170.7,15.67,727.8,15.66,472.8,15.8,704.3,15.81,1681.1,15.82,803.6,15.83,973.5,15.84,113.3
1700000388.0,776,15.75,0.10000000000000142,15.7,673.5,15.8,196.2,3623.1,2008.7,15.7,26.2,SELL,1,15.7,673.5,15.69,654.8,15.68,2088.2,15.67,80.1,15.66,126.5,15.8,196.2,15.81,277.5,15.82,526.2,15.83,60.0,15.84,948.8
1700000388.5,777,15.75,0.10000000000000142,15.7,234.8,15.8,551.7,3340.1,2713.9,15.8,48.1,BUY,1,15.7,234.8,15.69,1640.1,15.68,989.6,15.67,395.0,15.66,80.6,15.8,551.7,15.81,934.2,15.82,549.5,15.83,307.1,15.84,371.4
1700000389.0,778,14.64,0.09999999999999964,14.59,232.3,14.69,722.4,2247.4,4876.7,14.69,125.2,BUY,2,14.59,232.3,14.58,37.7,14.57,1360.3,14.56,102.4,14.55,514.7,14.69,722.4,14.7,1363.5,14.71,601.6,14.72,1382.9,14.73,806.3
1700000389.5,779,14.645,0.10999999999999943,14.59,262.3,14.7,948.6,2867.0999999999995,2141.4,14.645,0.0,BUY,0,14.59,262.3,14.58,940.3,14.57,879.6,14.56,89.1,14.55,695.8,14.7,948.6,14.71,79.7,14.72,318.2,14.73,448.2,14.74,346.7
1700000390.0,780,14.645,0.10999999999999943,14.59,598.0,14.7,430.9,1820.4,4869.5,14.59,5.0,SELL,1,14.59,598.0,14.58,995.4,14.57,101.9,14.56,115.1,14.55,10.0,14.7,430.9,14.71,1674.9,14.72,590.3,14.73,1511.5,14.74,661.9
1700000390.5,781,14.645,0.10999999999999943,14.59,94.1,14.7,61.6,2811.0,1240.9,14.59,18.2,SELL,1,14.59,94.1,14.58,221.1,14.57,156.7,14.56,2179.7,14.55,159.4,14.7,61.6,14.71,409.4,14.72,333.4,14.73,53.6,14.74,382.9
1700000391.0,782,14.64,0.11999999999999922,14.58,107.7,14.7,153.2,2608.5,1678.0,14.7,5.0,BUY,3,14.58,107.7,14.57,393.0,14.56,170.4,14.55,497.2,14.54,1440.2,14.7,153.2,14.71,80.5,14.72,670.8,14.73,382.1,14.74,391.4
1700000391.5,783,14.64,0.11999999999999922,14.58,168.4,14.7,174.0,2271.3999999999996,4115.6,14.7,15.2,BUY,5,14.58,168.4,14.57,1051.1,14.56,339.6,14.55,390.3,14.54,322.0,14.7,174.0,14.71,170.2,14.72,1266.0,14.73,60.7,14.74,2444.7
1700000392.0,784,14.645,0.10999999999999943,14.59,144.2,14.7,1675.4,2026.7999999999997,12462.6,14.7,24.5,BUY,1,14.59,144.2,14.58,439.8,14.57,454.6,14.56,752.6,14.55,235.6,14.7,1675.4,14.71,2372.2,14.72,764.8,14.73,7193.3,14.74,456.9
1700000392.5,785,14.64,0.11999999999999922,14.58,331.6,14.7,15.1,1195.0000000000002,1538.0,14.7,5.0,BUY,1,14.58,331.6,14.57,212.8,14.56,340.8,14.55,218.9,14.54,90.9,14.7,15.1,14.71,696.0,14.72,151.1,14.73,444.4,14.74,231.4
1700000393.0,786,14.645,0.10999999999999943,14.59,82.9,14.7,1133.8,2227.2999999999997,3569.3999999999996,14.645,0.0,BUY,0,14.59,82.9,14.58,20.4,14.57,1764.9,14.56,235.9,14.55,123.2,14.7,1133.8,14.71,796.2,14.72,387.7,14.73,731.2,14.74,520.5
1700000393.5,787,14.645,0.10999999999999943,14.59,308.4,14.7,335.5,3050.3999999999996,2526.0,14.645,0.0,BUY,0,14.59,308.4,14.58,10.0,14.57,1589.3,14.56,984.6,14.55,158.1,14.7,335.5,14.71,369.1,14.72,477.0,14.73,1147.6,14.74,196.8
1700000394.0,788,14.645,0.10999999999999943,14.59,178.8,14.7,120.0,1461.7,3743.1,14.7,49.9,BUY,1,14.59,178.8,14.58,370.8,14.57,870.8,14.56,27.3,14.55,14.0,14.7,120.0,14.71,407.0,14.72,380.0,14.73,1022.3,14.74,1813.8
1700000394.5,789,14.645,0.10999999999999943,14.59,325.6,14.7,63.1,2291.3999999999996,3900.2,14.59,5.0,SELL,3,14.59,325.6,14.58,1131.6,14.57,184.8,14.56,101.1,14.55,548.3,14.7,63.1,14.71,655.6,14.72,380.9,14.73,590.6,14.74,2210.0
1700000395.0,790,14.645,0.10999999999999943,14.59,546.9,14.7,117.7,1293.7,2664.2,14.7,10.6,BUY,2,14.59,546.9,14.58,393.9,14.57,69.6,14.56,221.5,14.55,61.8,14.7,117.7,14.71,89.9,14.72,1280.9,14.73,145.5,14.74,1030.2
1700000395.5,791,14.645,0.10999999999999943,14.59,466.7,14.7,680.9,5141.700000000001,2909.8,14.59,46.4,SELL,2,14.59,466.7,14.58,895.9,14.57,549.0,14.56,1404.7,14.55,1825.4,14.7,680.9,14.71,100.6,14.72,88.5,14.73,638.6,14.74,1401.2
1700000396.0,792,14.645,0.10999999999999943,14.59,71.8,14.7,203.6,1859.1000000000001,8327.7,14.7,76.4,BUY,2,14.59,71.8,14.58,638.7,14.57,348.3,14.56,764.6,14.55,35.7,14.7,203.6,14.71,167.1,14.72,1502.5,14.73,642.7,14.74,5811.8
1700000396.5,793,16.195,0.10999999999999943,16.14,247.2,16.25,1075.0,2476.0,6713.4,16.14,47.4,SELL,5,16.14,247.2,16.13,1026.8,16.12,633.0,16.11,211.2,16.1,357.8,16.25,1075.0,16.26,466.9,16.27,555.4,16.28,503.9,16.29,4112.2
1700000397.0,794,16.195,0.10999999999999943,16.14,77.5,16.25,29.5,3352.0,4710.4,16.25,46.5,BUY,1,16.14,77.5,16.13,663.4,16.12,176.3,16.11,1667.2,16.1,767.6,16.25,29.5,16.26,263.6,16.27,892.5,16.28,2096.6,16.29,1428.2
1700000397.5,795,16.195,0.10999999999999943,16.14,791.9,16.25,93.3,1553.8,1511.2,16.14,45.7,SELL,3,16.14,791.9,16.13,206.1,16.12,10.0,16.11,10.0,16.1,535.8,16.25,93.3,16.26,98.6,16.27,269.8,16.28,928.2,16.29,121.3
1700000398.0,796,16.189999999999998,0.09999999999999787,16.14,693.2,16.24,1122.3,1883.5000000000002,5339.8,16.14,5.0,SELL,2,16.14,693.2,16.13,149.3,16.12,587.4,16.11,265.7,16.1,187.9,16.24,1122.3,16.25,19.3,16.26,462.5,16.27,2074.8,16.28,1660.9
1700000398.5,797,16.195,0.10999999999999943,16.14,502.5,16.25,112.0,3422.0,965.3000000000001,16.14,81.0,SELL,2,16.14,502.5,16.13,682.9,16.12,136.9,16.11,10.0,16.1,2089.7,16.25,112.0,16.26,76.8,16.27,430.8,16.28,192.1,16.29,153.6
1700000399.0,798,16.189999999999998,0.09999999999999787,16.14,366.5,16.24,285.4,2228.7,4044.0,16.14,22.6,SELL,3,16.14,366.5,16.13,726.1,16.12,323.8,16.11,427.7,16.1,384.6,16.24,285.4,16.25,607.4,16.26,494.0,16.27,1993.4,16.28,663.8
1700000399.5,799,16.189999999999998,0.09999999999999787,16.14,472.9,16.24,825.0,4469.3,3922.2999999999997,16.24,29.0,BUY,3,16.14,472.9,16.13,13.5,16.12,1278.8,16.11,1750.5,16.1,953.6,16.24,825.0,16.25,488.2,16.26,539.4,16.27,1911.0,16.28,158.7
1700000400.0,800,16.195,0.10999999999999943,16.14,275.3,16.25,54.1,3559.7999999999997,2591.9,16.195,0.0,BUY,0,16.14,275.3,16.13,216.7,16.12,403.8,16.11,2187.9,16.1,476.1,16.25,54.1,16.26,536.4,16.27,1185.5,16.28,540.0,16.29,275.9
1700000400.5,801,16.2,0.10000000000000142,16.15,442.2,16.25,178.1,1487.6999999999998,3759.5999999999995,16.15,9.2,SELL,4,16.15,442.2,16.14,648.6,16.13,97.0,16.12,128.8,16.11,171.1,16.25,178.1,16.26,68.3,16.27,327.8,16.28,2175.2,16.29,1010.2
1700000401.0,802,16.195,0.10999999999999943,16.14,29.9,16.25,488.8,3998.8000000000006,3277.6,16.25,34.1,BUY,2,16.14,29.9,16.13,103.4,16.12,2416.8,16.11,536.8,16.1,911.9,16.25,488.8,16.26,145.1,16.27,10.0,16.28,173.7,16.29,2460.0
1700000401.5,803,16.2,0.10000000000000142,16.15,40.1,16.25,192.9,1156.3999999999999,5815.7,16.15,31.9,SELL,1,16.15,40.1,16.14,19.9,16.13,277.9,16.12,489.7,16.11,328.8,16.25,192.9,16.26,37.1,16.27,254.4,16.28,2072.6,16.29,3258.7
1700000402.0,804,16.195,0.10999999999999943,16.14,1506.8,16.25,770.1,4591.099999999999,2344.6,16.14,23.3,SELL,1,16.14,1506.8,16.13,310.0,16.12,1201.6,16.11,1196.0,16.1,376.7,16.25,770.1,16.26,344.2,16.27,444.6,16.28,677.6,16.29,108.1
1700000402.5,805,15.219999999999999,0.11999999999999922,15.16,176.2,15.28,1094.9,1697.4,4954.000000000001,15.28,8.3,BUY,2,15.16,176.2,15.15,320.3,15.14,361.2,15.13,87.9,15.12,751.8,15.28,1094.9,15.29,541.8,15.3,261.1,15.31,2201.4,15.32,854.8
1700000403.0,806,15.219999999999999,0.09999999999999964,15.17,216.5,15.27,814.5,3291.3,3584.4999999999995,15.17,95.9,SELL,4,15.17,216.5,15.16,677.8,15.15,744.6,15.14,1261.2,15.13,391.2,15.27,814.5,15.28,1998.2,15.29,45.5,15.3,477.6,15.31,248.7
1700000403.5,807,15.225,0.10999999999999943,15.17,238.1,15.28,210.5,4109.7,2557.2,15.28,27.9,BUY,3,15.17,238.1,15.16,386.9,15.15,1167.5,15.14,1132.6,15.13,1184.6,15.28,210.5,15.29,303.8,15.3,1332.3,15.31,386.1,15.32,324.5
1700000404.0,808,15.225,0.10999999999999943,15.17,123.0,15.28,298.4,2330.4,5249.9,15.225,0.0,BUY,0,15.17,123.0,15.16,754.8,15.15,975.2,15.14,305.1,15.13,172.3,15.28,298.4,15.29,541.3,15.3,679.4,15.31,240.7,15.32,3490.1
1700000404.5,809,15.219999999999999,0.09999999999999964,15.17,634.5,15.27,430.0,2207.4,1751.3000000000002,15.17,38.8,SELL,1,15.17,634.5,15.16,142.7,15.15,557.1,15.14,528.6,15.13,344.5,15.27,430.0,15.28,174.6,15.29,79.7,15.3,256.1,15.31,810.9
1700000405.0,810,15.225,0.10999999999999943,15.17,269.8,15.28,119.9,2358.3,1749.1000000000001,15.17,35.1,SELL,3,15.17,269.8,15.16,385.1,15.15,279.0,15.14,715.2,15.13,709.2,15.28,119.9,15.29,154.8,15.3,637.2,15.31,192.7,15.32,644.5
1700000405.5,811,15.219999999999999,0.11999999999999922,15.16,541.9,15.28,149.0,4429.5,5186.8,15.28,98.9,BUY,2,15.16,541.9,15.15,999.3,15.14,494.9,15.13,310.2,15.12,2083.2,15.28,149.0,15.29,637.4,15.3,94.1,15.31,1838.3,15.32,2468.0
1700000406.0,812,15.225,0.10999999999999943,15.17,50.5,15.28,1159.7,1707.8999999999999,2514.4,15.28,5.0,BUY,1,15.17,50.5,15.16,899.0,15.15,17.9,15.14,309.2,15.13,431.3,15.28,1159.7,15.29,1077.7,15.3,10.0,15.31,79.0,15.32,188.0
1700000406.5,813,15.225,0.10999999999999943,15.17,51.5,15.28,100.7,1126.4,3295.8,15.17,37.2,SELL,1,15.17,51.5,15.16,10.0,15.15,10.0,15.14,698.7,15.13,356.2,15.28,100.7,15.29,130.2,15.3,1862.5,15.31,287.9,15.32,914.5
1700000407.0,814,15.23,0.11999999999999922,15.17,207.6,15.29,566.1,3793.0,5529.7,15.29,5.0,BUY,2,15.17,207.6,15.16,1175.3,15.15,522.2,15.14,1547.0,15.13,340.9,15.29,566.1,15.3,904.6,15.31,526.5,15.32,3278.8,15.33,253.7
1700000407.5,815,15.235,0.10999999999999943,15.18,218.2,15.29,230.7,2442.7,4663.3,15.29,5.0,BUY,2,15.18,218.2,15.17,475.0,15.16,10.0,15.15,1221.0,15.14,518.5,15.29,230.7,15.3,243.3,15.31,1122.3,15.32,1934.3,15.33,1132.7
1700000408.0,816,15.235,0.10999999999999943,15.18,352.5,15.29,649.7,3442.9,4462.700000000001,15.18,48.2,SELL,5,15.18,352.5,15.17,681.7,15.16,261.3,15.15,747.0,15.14,1400.4,15.29,649.7,15.3,37.5,15.31,3276.4,15.32,444.5,15.33,54.6
1700000408.5,817,15.23,0.11999999999999922,15.17,695.5,15.29,1767.1,2780.9,5004.299999999999,15.17,75.3,SELL,5,15.17,695.5,15.16,553.2,15.15,555.5,15.14,58.8,15.13,917.9,15.29,1767.1,15.3,271.7,15.31,1229.1,15.32,1351.7,15.33,384.7
1700000409.0,818,13.5,0.120000000000001,13.44,646.6,13.56,724.6,2712.9,5575.5,13.56,37.4,BUY,2,13.44,646.6,13.43,381.3,13.42,258.5,13.41,754.9,13.4,671.6,13.56,724.6,13.57,28.7,13.58,975.1,13.59,644.2,13.6,3202.9
1700000409.5,819,13.5,0.10000000000000142,13.45,69.5,13.55,327.0,1255.5,2064.0,13.55,48.8,BUY,2,13.45,69.5,13.44,483.2,13.43,21.2,13.42,43.2,13.41,638.4,13.55,327.0,13.56,18.2,13.57,292.4,13.58,1178.2,13.59,248.2
1700000410.0,820,13.5,0.10000000000000142,13.45,922.8,13.55,546.6,7847.300000000001,4910.5,13.55,28.7,BUY,1,13.45,922.8,13.44,3170.8,13.43,1258.3,13.42,212.0,13.41,2283.4,13.55,546.6,13.56,566.0,13.57,718.3,13.58,3015.0,13.59,64.6
1700000410.5,821,13.5,0.10000000000000142,13.45,121.6,13.55,864.0,3186.4,6122.6,13.45,11.6,SELL,4,13.45,121.6,13.44,1307.0,13.43,476.4,13.42,595.3,13.41,686.1,13.55,864.0,13.56,496.0,13.57,1261.8,13.58,929.9,13.59,2570.9
1700000411.0,822,13.5,0.10000000000000142,13.45,95.5,13.55,666.8,2132.9,3072.4,13.55,48.6,BUY,4,13.45,95.5,13.44,133.2,13.43,153.8,13.42,1640.0,13.41,110.4,13.55,666.8,13.56,431.8,13.57,415.8,13.58,1194.7,13.59,363.3
1700000411.5,823,8.93,0.120000000000001,8.87,130.7,8.99,1320.3,2298.2,4471.9,8.93,0.0,BUY,0,8.87,130.7,8.86,73.3,8.85,1337.9,8.84,70.3,8.83,686.0,8.99,1320.3,9.0,54.0,9.01,271.6,9.02,1278.5,9.03,1547.5
1700000412.0,824,8.93,0.09999999999999964,8.88,10.0,8.98,301.0,1077.1,2796.0,8.88,31.1,SELL,1,8.88,10.0,8.87,107.6,8.86,18.9,8.85,684.5,8.84,256.1,8.98,301.0,8.99,17.7,9.0,323.1,9.01,1379.6,9.02,774.6
1700000412.5,825,8.93,0.09999999999999964,8.88,171.0,8.98,199.9,2469.4,3012.5,8.98,44.7,BUY,4,8.88,171.0,8.87,481.3,8.86,81.7,8.85,328.5,8.84,1406.9,8.98,199.9,8.99,239.5,9.0,922.8,9.01,286.9,9.02,1363.4
1700000413.0,826,8.93,0.09999999999999964,8.88,218.8,8.98,94.5,4691.0,1476.9,8.98,5.0,BUY,4,8.88,218.8,8.87,610.3,8.86,805.1,8.85,1563.6,8.84,1493.2,8.98,94.5,8.99,686.7,9.0,10.0,9.01,264.8,9.02,420.9
1700000413.5,827,8.93,0.09999999999999964,8.88,232.4,8.98,448.6,1771.2,4075.0000000000005,8.88,113.4,SELL,2,8.88,232.4,8.87,361.9,8.86,471.2,8.85,154.7,8.84,551.0,8.98,448.6,8.99,503.0,9.0,1013.8,9.01,927.7,9.02,1181.9
1700000414.0,828,8.93,0.09999999999999964,8.88,561.6,8.98,57.3,4024.4000000000005,2686.7999999999997,8.98,61.5,BUY,1,8.88,561.6,8.87,571.7,8.86,2127.9,8.85,644.9,8.84,118.3,8.98,57.3,8.99,1083.7,9.0,524.1,9.01,585.0,9.02,436.7
1700000414.5,829,8.93,0.09999999999999964,8.88,100.9,8.98,160.1,2671.7000000000003,894.7,8.98,34.8,BUY,3,8.88,100.9,8.87,246.9,8.86,484.1,8.85,870.2,8.84,969.6,8.98,160.1,8.99,68.3,9.0,29.1,9.01,546.1,9.02,91.1
1700000415.0,830,8.93,0.120000000000001,8.87,499.5,8.99,110.9,4341.5,2037.7,8.87,6.4,SELL,3,8.87,499.5,8.86,76.2,8.85,980.0,8.84,2226.2,8.83,559.6,8.99,110.9,9.0,168.9,9.01,945.1,9.02,434.1,9.03,378.7
1700000415.5,831,8.265,0.10999999999999943,8.21,807.5,8.32,1871.3,1071.4,3584.5,8.32,90.8,BUY,1,8.21,807.5,8.2,19.2,8.19,10.6,8.18,213.4,8.17,20.7,8.32,1871.3,8.33,91.0,8.34,1382.2,8.35,169.0,8.36,71.0
1700000416.0,832,8.27,0.11999999999999922,8.21,627.8,8.33,65.1,3754.9,5403.8,8.21,36.9,SELL,2,8.21,627.8,8.2,423.6,8.19,258.6,8.18,890.8,8.17,1554.1,8.33,65.1,8.34,474.0,8.35,134.4,8.36,2593.8,8.37,2136.5
1700000416.5,833,8.265,0.10999999999999943,8.21,463.3,8.32,107.8,2216.3,6090.099999999999,8.32,46.5,BUY,1,8.21,463.3,8.2,663.9,8.19,100.9,8.18,268.6,8.17,719.6,8.32,107.8,8.33,716.0,8.34,1102.0,8.35,1876.1,8.36,2288.2
1700000417.0,834,8.265,0.10999999999999943,8.21,902.1,8.32,310.4,4434.5,3999.4,8.21,13.0,SELL,1,8.21,902.1,8.2,644.0,8.19,612.8,8.18,392.7,8.17,1882.9,8.32,310.4,8.33,319.5,8.34,2415.2,8.35,903.0,8.36,51.3
1700000417.5,835,8.265,0.10999999999999943,8.21,281.3,8.32,79.3,3397.9,3377.7000000000003,8.265,0.0,BUY,0,8.21,281.3,8.2,656.0,8.19,340.2,8.18,486.0,8.17,1634.4,8.32,79.3,8.33,497.5,8.34,913.6,8.35,678.2,8.36,1209.1
1700000418.0,836,8.265,0.10999999999999943,8.21,105.4,8.32,59.5,3824.1000000000004,3613.7,8.32,41.1,BUY,2,8.21,105.4,8.2,1173.0,8.19,162.4,8.18,316.7,8.17,2066.6,8.32,59.5,8.33,575.0,8.34,472.8,8.35,65.7,8.36,2440.7
1700000418.5,837,8.27,0.11999999999999922,8.21,80.1,8.33,73.9,1434.1,1545.5,8.33,33.7,BUY,3,8.21,80.1,8.2,405.8,8.19,306.6,8.18,179.5,8.17,462.1,8.33,73.9,8.34,304.1,8.35,347.4,8.36,201.7,8.37,618.4
1700000419.0,838,8.27,0.11999999999999922,8.21,50.4,8.33,345.2,2209.8,2953.1,8.21,36.1,SELL,1,8.21,50.4,8.2,134.3,8.19,320.1,8.18,193.1,8.17,1511.9,8.33,345.2,8.34,1132.7,8.35,783.3,8.36,111.4,8.37,580.5
1700000419.5,839,8.265,0.10999999999999943,8.21,40.3,8.32,182.4,3001.2000000000003,1869.2,8.21,34.0,SELL,2,8.21,40.3,8.2,1937.8,8.19,342.4,8.18,555.8,8.17,124.9,8.32,182.4,8.33,123.8,8.34,870.7,8.35,419.1,8.36,273.2
1700000420.0,840,8.265,0.10999999999999943,8.21,1358.1,8.32,603.9,3746.9999999999995,3291.2,8.21,333.4,SELL,2,8.21,1358.1,8.2,1070.1,8.19,695.5,8.18,262.2,8.17,361.1,8.32,603.9,8.33,1160.9,8.34,150.6,8.35,415.5,8.36,960.3
1700000420.5,841,8.265,0.10999999999999943,8.21,490.5,8.32,55.2,2820.1000000000004,1836.0,8.265,0.0,BUY,0,8.21,490.5,8.2,184.4,8.19,259.6,8.18,1322.8,8.17,562.8,8.32,55.2,8.33,635.1,8.34,85.9,8.35,759.8,8.36,300.0
1700000421.0,842,8.27,0.09999999999999964,8.22,240.1,8.32,209.8,3053.7,4270.7,8.22,10.1,SELL,1,8.22,240.1,8.21,976.4,8.2,475.5,8.19,816.2,8.18,545.5,8.32,209.8,8.33,82.5,8.34,603.5,8.35,1973.7,8.36,1401.2
1700000421.5,843,8.265,0.10999999999999943,8.21,405.3,8.32,23.2,2758.3999999999996,4120.5,8.32,16.4,BUY,1,8.21,405.3,8.2,434.4,8.19,1252.3,8.18,226.7,8.17,439.7,8.32,23.2,8.33,1332.7,8.34,1395.7,8.35,99.4,8.36,1269.5
1700000422.0,844,8.265,0.10999999999999943,8.21,267.8,8.32,218.8,2078.2000000000003,5034.099999999999,8.32,50.9,BUY,2,8.21,267.8,8.2,10.0,8.19,497.7,8.18,827.9,8.17,474.8,8.32,218.8,8.33,487.9,8.34,1135.0,8.35,2183.0,8.36,1009.4
1700000422.5,845,8.265,0.10999999999999943,8.21,421.2,8.32,145.2,1989.6,2003.5,8.32,10.9,BUY,3,8.21,421.2,8.2,162.3,8.19,827.0,8.18,451.1,8.17,128.0,8.32,145.2,8.33,347.8,8.34,778.9,8.35,380.7,8.36,350.9
1700000423.0,846,8.265,0.10999999999999943,8.21,187.7,8.32,166.1,4016.1000000000004,1552.4,8.21,19.0,SELL,1,8.21,187.7,8.2,250.2,8.19,1416.9,8.18,15.3,8.17,2146.0,8.32,166.1,8.33,93.6,8.34,834.2,8.35,45.4,8.36,413.1
1700000423.5,847,8.27,0.11999999999999922,8.21,433.3,8.33,373.8,1882.0,3664.0,8.27,0.0,BUY,0,8.21,433.3,8.2,246.7,8.19,540.3,8.18,429.0,8.17,232.7,8.33,373.8,8.34,57.9,8.35,470.0,8.36,2137.1,8.37,625.2
1700000424.0,848,8.265,0.10999999999999943,8.21,195.8,8.32,411.7,1867.5,6179.799999999999,8.32,65.6,BUY,1,8.21,195.8,8.2,498.6,8.19,128.5,8.18,302.3,8.17,742.3,8.32,411.7,8.33,691.1,8.34,451.7,8.35,614.2,8.36,4011.1
1700000424.5,849,8.265,0.10999999999999943,8.21,21.0,8.32,45.6,3304.6,1046.9,8.32,121.8,BUY,3,8.21,21.0,8.2,41.3,8.19,483.9,8.18,1116.3,8.17,1642.1,8.32,45.6,8.33,699.3,8.34,55.7,8.35,10.0,8.36,236.3
1700000425.0,850,8.27,0.09999999999999964,8.22,659.1,8.32,85.3,3758.3,1662.1000000000001,8.32,83.4,BUY,4,8.22,659.1,8.21,1006.1,8.2,125.7,8.19,319.7,8.18,1647.7,8.32,85.3,8.33,351.0,8.34,139.3,8.35,273.3,8.36,813.2
1700000425.5,851,8.27,0.09999999999999964,8.22,403.5,8.32,351.7,2222.1,2572.1,8.32,66.1,BUY,3,8.22,403.5,8.21,200.7,8.2,80.8,8.19,598.2,8.18,938.9,8.32,351.7,8.33,293.2,8.34,171.8,8.35,1003.0,8.36,752.4
1700000426.0,852,8.265,0.10999999999999943,8.21,176.2,8.32,841.7,1153.6999999999998,5305.900000000001,8.32,38.0,BUY,1,8.21,176.2,8.2,253.6,8.19,53.9,8.18,57.9,8.17,612.1,8.32,841.7,8.33,615.1,8.34,183.3,8.35,731.5,8.36,2934.3
1700000426.5,853,8.27,0.11999999999999922,8.21,359.1,8.33,59.5,1125.9,1438.9,8.33,58.0,BUY,2,8.21,359.1,8.2,66.8,8.19,82.2,8.18,202.2,8.17,415.6,8.33,59.5,8.34,124.3,8.35,286.5,8.36,444.0,8.37,524.6
1700000427.0,854,8.265,0.10999999999999943,8.21,314.7,8.32,18.5,4253.4,2345.3,8.32,11.0,BUY,3,8.21,314.7,8.2,705.1,8.19,45.1,8.18,2387.8,8.17,800.7,8.32,18.5,8.33,692.2,8.34,60.1,8.35,1063.0,8.36,511.5
1700000427.5,855,8.265,0.10999999999999943,8.21,698.9,8.32,137.9,2024.2,2694.2,8.32,12.7,BUY,3,8.21,698.9,8.2,611.5,8.19,258.6,8.18,347.9,8.17,107.3,8.32,137.9,8.33,119.5,8.34,100.5,8.35,1199.8,8.36,1136.5
1700000428.0,856,8.265,0.10999999999999943,8.21,617.0,8.32,134.3,2778.0,2210.2,8.21,6.1,SELL,5,8.21,617.0,8.2,251.1,8.19,970.5,8.18,837.6,8.17,101.8,8.32,134.3,8.33,341.5,8.34,112.3,8.35,10.0,8.36,1612.1
1700000428.5,857,9.435,0.10999999999999943,9.38,208.8,9.49,3453.5,909.9,6349.700000000001,9.49,69.3,BUY,1,9.38,208.8,9.37,77.5,9.36,75.6,9.35,138.4,9.34,409.6,9.49,3453.5,9.5,82.9,9.51,94.1,9.52,372.8,9.53,2346.4
1700000429.0,858,9.440000000000001,0.09999999999999964,9.39,553.5,9.49,178.4,5454.700000000001,2042.2,9.49,117.2,BUY,2,9.39,553.5,9.38,479.3,9.37,1855.7,9.36,54.4,9.35,2511.8,9.49,178.4,9.5,22.8,9.51,1379.0,9.52,332.2,9.53,129.8
1700000429.5,859,9.435,0.10999999999999943,9.38,749.5,9.49,269.3,3333.2000000000003,3772.7,9.49,77.5,BUY,3,9.38,749.5,9.37,157.0,9.36,479.9,9.35,720.2,9.34,1226.6,9.49,269.3,9.5,1052.0,9.51,1743.2,9.52,310.2,9.53,398.0
1700000430.0,860,9.435,0.10999999999999943,9.38,10.0,9.49,163.9,1958.1,1985.0,9.49,47.1,BUY,2,9.38,10.0,9.37,138.6,9.36,378.0,9.35,1048.4,9.34,383.1,9.49,163.9,9.5,722.8,9.51,183.1,9.52,577.3,9.53,337.9
1700000430.5,861,9.435,0.10999999999999943,9.38,28.6,9.49,1204.5,2818.4,1710.0,9.435,0.0,BUY,0,9.38,28.6,9.37,703.0,9.36,437.5,9.35,491.9,9.34,1157.4,9.49,1204.5,9.5,174.3,9.51,29.7,9.52,103.5,9.53,198.0
1700000431.0,862,9.435,0.10999999999999943,9.38,41.7,9.49,352.5,2256.1000000000004,5476.7,9.38,18.1,SELL,1,9.38,41.7,9.37,10.0,9.36,1117.4,9.35,16.5,9.34,1070.5,9.49,352.5,9.5,260.0,9.51,1284.9,9.52,2587.1,9.53,992.2
1700000431.5,863,9.435,0.10999999999999943,9.38,250.9,9.49,106.3,2580.3,2047.0,9.38,40.0,SELL,4,9.38,250.9,9.37,1070.8,9.36,198.0,9.35,543.8,9.34,516.8,9.49,106.3,9.5,362.0,9.51,304.2,9.52,862.9,9.53,411.6
1700000432.0,864,9.435,0.10999999999999943,9.38,10.0,9.49,452.5,1480.3999999999999,1862.0,9.435,0.0,BUY,0,9.38,10.0,9.37,298.0,9.36,210.0,9.35,763.3,9.34,199.1,9.49,452.5,9.5,372.9,9.51,312.5,9.52,136.7,9.53,587.4
1700000432.5,865,9.435,0.10999999999999943,9.38,189.3,9.49,861.8,1880.5,2875.2,9.38,38.8,SELL,2,9.38,189.3,9.37,320.5,9.36,668.5,9.35,472.6,9.34,229.6,9.49,861.8,9.5,311.3,9.51,891.9,9.52,246.6,9.53,563.6
1700000433.0,866,9.435,0.10999999999999943,9.38,10.0,9.49,289.6,3856.4,3198.9999999999995,9.49,88.0,BUY,1,9.38,10.0,9.37,26.8,9.36,2793.4,9.35,973.0,9.34,53.2,9.49,289.6,9.5,1098.0,9.51,91.3,9.52,1509.0,9.53,211.1
1700000433.5,867,8.965,0.10999999999999943,8.91,30.1,9.02,119.1,2808.3999999999996,3185.3,8.965,0.0,BUY,0,8.91,30.1,8.9,978.1,8.89,488.4,8.88,69.8,8.87,1242.0,9.02,119.1,9.03,22.9,9.04,216.0,9.05,2642.3,9.06,185.0
1700000434.0,868,8.965,0.10999999999999943,8.91,401.2,9.02,559.7,4794.6,4363.7,9.02,153.4,BUY,4,8.91,401.2,8.9,365.6,8.89,120.8,8.88,2236.6,8.87,1670.4,9.02,559.7,9.03,715.0,9.04,315.4,9.05,2416.8,9.06,356.8
1700000434.5,869,8.96,0.11999999999999922,8.9,1558.4,9.02,97.7,3076.8,2300.7,9.02,125.8,BUY,1,8.9,1558.4,8.89,878.4,8.88,112.2,8.87,439.8,8.86,88.0,9.02,97.7,9.03,190.6,9.04,676.3,9.05,421.2,9.06,914.9
1700000435.0,870,11.725,0.10999999999999943,11.67,392.0,11.78,348.2,1383.1999999999998,2068.3999999999996,11.78,114.0,BUY,1,11.67,392.0,11.66,49.4,11.65,193.8,11.64,411.9,11.63,336.1,11.78,348.2,11.79,284.7,11.8,173.7,11.81,52.7,11.82,1209.1
1700000435.5,871,11.719999999999999,0.11999999999999922,11.66,729.4,11.78,1323.7,1458.7,4209.3,11.66,24.7,SELL,2,11.66,729.4,11.65,177.5,11.64,289.2,11.63,224.9,11.62,37.7,11.78,1323.7,11.79,198.6,11.8,2185.9,11.81,272.9,11.82,228.2
1700000436.0,872,11.719999999999999,0.11999999999999922,11.66,511.2,11.78,90.6,4121.299999999999,3929.1,11.78,79.9,BUY,1,11.66,511.2,11.65,1002.4,11.64,100.1,11.63,793.1,11.62,1714.5,11.78,90.6,11.79,1054.6,11.8,1221.6,11.81,480.4,11.82,1081.9
1700000436.5,873,11.719999999999999,0.09999999999999964,11.67,159.1,11.77,1044.9,1095.9,2497.6,11.77,106.3,BUY,1,11.67,159.1,11.66,543.3,11.65,239.3,11.64,56.7,11.63,97.5,11.77,1044.9,11.78,403.6,11.79,10.0,11.8,907.4,11.81,131.7
1700000437.0,874,11.719999999999999,0.11999999999999922,11.66,560.5,11.78,20.6,3568.4,1126.7,11.66,64.6,SELL,3,11.66,560.5,11.65,1115.9,11.64,657.6,11.63,79.4,11.62,1155.0,11.78,20.6,11.79,251.1,11.8,447.1,11.81,276.2,11.82,131.7
1700000437.5,875,11.725,0.10999999999999943,11.67,191.5,11.78,61.1,3248.6,4283.5,11.725,0.0,BUY,0,11.67,191.5,11.66,1195.8,11.65,271.4,11.64,958.0,11.63,631.9,11.78,61.1,11.79,711.4,11.8,452.2,11.81,2229.7,11.82,829.1
1700000438.0,876,11.725,0.10999999999999943,11.67,288.1,11.78,201.4,1941.4999999999998,2518.7,11.67,177.3,SELL,5,11.67,288.1,11.66,112.1,11.65,393.4,11.64,1109.6,11.63,38.3,11.78,201.4,11.79,630.1,11.8,46.9,11.81,895.4,11.82,744.9
1700000438.5,877,11.725,0.10999999999999943,11.67,540.9,11.78,142.0,3649.2,4308.3,11.67,59.5,SELL,1,11.67,540.9,11.66,1457.5,11.65,181.7,11.64,78.8,11.63,1390.3,11.78,142.0,11.79,173.9,11.8,1659.1,11.81,1303.4,11.82,1029.9
1700000439.0,878,11.719999999999999,0.11999999999999922,11.66,708.0,11.78,602.6,7885.7,2210.2000000000003,11.78,114.0,BUY,1,11.66,708.0,11.65,405.4,11.64,2504.0,11.63,1014.6,11.62,3253.7,11.78,602.6,11.79,485.8,11.8,449.0,11.81,449.7,11.82,223.1
1700000439.5,879,11.725,0.10999999999999943,11.67,399.1,11.78,60.1,2635.7000000000003,3426.8,11.67,15.1,SELL,3,11.67,399.1,11.66,690.1,11.65,1047.3,11.64,464.9,11.63,34.3,11.78,60.1,11.79,839.1,11.8,10.0,11.81,2490.6,11.82,27.0
1700000440.0,880,11.725,0.10999999999999943,11.67,129.7,11.78,130.2,2013.8000000000002,2881.1,11.78,58.6,BUY,2,11.67,129.7,11.66,247.6,11.65,987.7,11.64,183.7,11.63,465.1,11.78,130.2,11.79,500.9,11.8,456.9,11.81,582.5,11.82,1210.6
1700000440.5,881,11.725,0.10999999999999943,11.67,109.7,11.78,389.6,844.0,5872.4,11.78,7.4,BUY,1,11.67,109.7,11.66,280.5,11.65,203.4,11.64,94.9,11.63,155.5,11.78,389.6,11.79,1551.0,11.8,566.1,11.81,737.6,11.82,2628.1
1700000441.0,882,11.719999999999999,0.11999999999999922,11.66,382.6,11.78,314.1,3569.3000000000006,3647.7,11.719999999999999,0.0,BUY,0,11.66,382.6,11.65,1550.2,11.64,1230.3,11.63,387.4,11.62,18.8,11.78,314.1,11.79,728.6,11.8,124.6,11.81,791.3,11.82,1689.1
1700000441.5,883,11.675,0.11000000000000121,11.62,575.4,11.73,874.7,1770.8999999999999,6872.5,11.675,0.0,BUY,0,11.62,575.4,11.61,61.3,11.6,24.9,11.59,567.5,11.58,541.8,11.73,874.7,11.74,256.9,11.75,1927.0,11.76,723.4,11.77,3090.5
1700000442.0,884,11.68,0.09999999999999964,11.63,131.5,11.73,1398.3,1588.2,7642.9,11.73,6.1,BUY,1,11.63,131.5,11.62,10.0,11.61,422.0,11.6,164.0,11.59,860.7,11.73,1398.3,11.74,57.4,11.75,1383.4,11.76,561.6,11.77,4242.2
1700000442.5,885,11.675,0.11000000000000121,11.62,193.6,11.73,27.4,3245.0,3399.6,11.73,5.0,BUY,1,11.62,193.6,11.61,206.4,11.6,1662.0,11.59,157.6,11.58,1025.4,11.73,27.4,11.74,791.1,11.75,55.1,11.76,282.0,11.77,2244.0
1700000443.0,886,11.675,0.11000000000000121,11.62,727.4,11.73,425.5,2517.7,3177.2,11.73,57.4,BUY,4,11.62,727.4,11.61,1190.5,11.6,246.7,11.59,136.5,11.58,216.6,11.73,425.5,11.74,1501.9,11.75,469.1,11.76,133.1,11.77,647.6
1700000443.5,887,11.68,0.09999999999999964,11.63,617.8,11.73,169.1,3272.3,4112.7,11.63,9.7,SELL,1,11.63,617.8,11.62,10.0,11.61,302.5,11.6,838.7,11.59,1503.3,11.73,169.1,11.74,561.2,11.75,840.3,11.76,1660.6,11.77,881.5
1700000444.0,888,11.68,0.120000000000001,11.62,40.0,11.74,536.9,3860.2,2460.0,11.68,0.0,BUY,0,11.62,40.0,11.61,281.9,11.6,954.2,11.59,1353.0,11.58,1231.1,11.74,536.9,11.75,589.1,11.76,242.7,11.77,836.2,11.78,255.1
1700000444.5,889,11.675,0.11000000000000121,11.62,117.1,11.73,582.3,5181.5,5346.0,11.73,27.2,BUY,6,11.62,117.1,11.61,1869.8,11.6,1089.0,11.59,36.0,11.58,2069.6,11.73,582.3,11.74,339.8,11.75,802.3,11.76,892.5,11.77,2729.1
1700000445.0,890,9.86,0.11999999999999922,9.8,838.8,9.92,192.3,2163.3,1721.0000000000002,9.8,17.5,SELL,1,9.8,838.8,9.79,916.5,9.78,180.7,9.77,217.3,9.76,10.0,9.92,192.3,9.93,326.6,9.94,160.7,9.95,808.5,9.96,232.9
1700000445.5,891,9.855,0.10999999999999943,9.8,147.7,9.91,301.5,3343.2,3043.0,9.91,5.0,BUY,1,9.8,147.7,9.79,247.3,9.78,10.0,9.77,1219.6,9.76,1718.6,9.91,301.5,9.92,17.6,9.93,240.2,9.94,1383.7,9.95,1100.0
1700000446.0,892,9.86,0.09999999999999964,9.81,833.8,9.91,1156.2,4385.6,3618.2999999999997,9.86,0.0,BUY,0,9.81,833.8,9.8,20.1,9.79,1543.3,9.78,177.3,9.77,1811.1,9.91,1156.2,9.92,47.2,9.93,1598.3,9.94,715.0,9.95,101.6
1700000446.5,893,9.86,0.09999999999999964,9.81,265.5,9.91,339.8,3456.7,6953.700000000001,9.86,0.0,BUY,0,9.81,265.5,9.8,372.2,9.79,2536.0,9.78,14.1,9.77,268.9,9.91,339.8,9.92,534.0,9.93,3159.7,9.94,1176.3,9.95,1743.9
1700000447.0,894,9.855,0.10999999999999943,9.8,71.3,9.91,560.0,1924.8000000000002,3656.9999999999995,9.91,80.8,BUY,1,9.8,71.3,9.79,344.0,9.78,629.2,9.77,577.9,9.76,302.4,9.91,560.0,9.92,702.8,9.93,516.8,9.94,944.8,9.95,932.6
1700000447.5,895,9.855,0.10999999999999943,9.8,495.1,9.91,403.6,2916.7000000000003,5158.0,9.91,8.5,BUY,1,9.8,495.1,9.79,1576.2,9.78,132.5,9.77,172.3,9.76,540.6,9.91,403.6,9.92,598.5,9.93,1114.3,9.94,1653.5,9.95,1388.1
1700000448.0,896,9.855,0.10999999999999943,9.8,134.5,9.91,33.6,1961.1,2676.1,9.8,87.0,SELL,3,9.8,134.5,9.79,37.5,9.78,273.0,9.77,418.6,9.76,1097.5,9.91,33.6,9.92,1887.1,9.93,127.1,9.94,322.9,9.95,305.4
1700000448.5,897,9.855,0.10999999999999943,9.8,10.0,9.91,99.5,2911.0,1269.3000000000002,9.855,0.0,BUY,0,9.8,10.0,9.79,913.8,9.78,18.2,9.77,89.6,9.76,1879.4,9.91,99.5,9.92,43.8,9.93,172.2,9.94,784.4,9.95,169.4
1700000449.0,898,9.39,0.09999999999999964,9.34,225.6,9.44,10.0,3002.3999999999996,2565.9,9.34,65.5,SELL,3,9.34,225.6,9.33,817.5,9.32,642.6,9.31,960.1,9.3,356.6,9.44,10.0,9.45,30.9,9.46,338.5,9.47,1223.0,9.48,963.5
1700000449.5,899,9.34,0.10000000000000142,9.29,262.8,9.39,166.5,928.9,4209.0,9.34,0.0,BUY,0,9.29,262.8,9.28,247.1,9.27,79.9,9.26,292.0,9.25,47.1,9.39,166.5,9.4,234.2,9.41,1805.8,9.42,310.8,9.43,1691.7
1700000450.0,900,9.34,0.10000000000000142,9.29,14.2,9.39,709.1,3458.7999999999997,1504.8,9.34,0.0,BUY,0,9.29,14.2,9.28,2092.6,9.27,541.1,9.26,238.8,9.25,572.1,9.39,709.1,9.4,756.6,9.41,10.0,9.42,10.0,9.43,19.1
1700000450.5,901,9.34,0.10000000000000142,9.29,324.3,9.39,453.0,1238.1,2269.7,9.29,14.2,SELL,3,9.29,324.3,9.28,10.0,9.27,671.3,9.26,186.4,9.25,46.1,9.39,453.0,9.4,1229.5,9.41,87.1,9.42,448.9,9.43,51.2
1700000451.0,902,9.34,0.10000000000000142,9.29,55.3,9.39,243.4,4586.5,1263.1,9.39,253.2,BUY,2,9.29,55.3,9.28,449.0,9.27,2755.3,9.26,145.1,9.25,1181.8,9.39,243.4,9.4,277.3,9.41,160.0,9.42,40.5,9.43,541.9
1700000451.5,903,9.34,0.10000000000000142,9.29,1222.2,9.39,10.0,1972.7,838.5,9.39,55.2,BUY,1,9.29,1222.2,9.28,286.5,9.27,200.5,9.26,152.4,9.25,111.1,9.39,10.0,9.4,433.1,9.41,143.4,9.42,203.6,9.43,48.4
1700000452.0,904,9.34,0.10000000000000142,9.29,187.1,9.39,1686.8,2145.9,6119.6,9.34,0.0,BUY,0,9.29,187.1,9.28,284.1,9.27,93.1,9.26,342.3,9.25,1239.3,9.39,1686.8,9.4,167.1,9.41,494.1,9.42,1409.1,9.43,2362.5
1700000452.5,905,9.34,0.10000000000000142,9.29,443.0,9.39,111.2,3151.7,2067.7,9.39,9.0,BUY,2,9.29,443.0,9.28,90.2,9.27,676.2,9.26,731.7,9.25,1210.6,9.39,111.2,9.4,276.8,9.41,750.0,9.42,303.4,9.43,626.3
1700000453.0,906,10.71,0.11999999999999922,10.65,88.4,10.77,101.5,1560.5,1112.1,10.77,86.9,BUY,2,10.65,88.4,10.64,375.9,10.63,25.5,10.62,27.7,10.61,1043.0,10.77,101.5,10.78,151.1,10.79,208.1,10.8,291.6,10.81,359.8
1700000453.5,907,10.715,0.10999999999999943,10.66,168.5,10.77,128.7,1901.3000000000002,2540.1000000000004,10.77,44.7,BUY,2,10.66,168.5,10.65,13.9,10.64,359.3,10.63,1156.7,10.62,202.9,10.77,128.7,10.78,115.4,10.79,291.5,10.8,1067.2,10.81,937.3
1700000454.0,908,10.715,0.10999999999999943,10.66,980.2,10.77,93.0,3839.5,3436.8,10.77,60.8,BUY,3,10.66,980.2,10.65,378.4,10.64,716.9,10.63,317.4,10.62,1446.6,10.77,93.0,10.78,105.9,10.79,2673.1,10.8,56.4,10.81,508.4
1700000454.5,909,10.715,0.10999999999999943,10.66,191.5,10.77,285.5,2340.6000000000004,3728.8,10.77,27.6,BUY,2,10.66,191.5,10.65,397.4,10.64,1530.0,10.63,134.3,10.62,87.4,10.77,285.5,10.78,1009.9,10.79,255.4,10.8,1437.7,10.81,740.3
1700000455.0,910,10.715,0.10999999999999943,10.66,121.4,10.77,272.9,7071.900000000001,1961.7000000000003,10.77,10.3,BUY,1,10.66,121.4,10.65,2557.3,10.64,84.1,10.63,2526.3,10.62,1782.8,10.77,272.9,10.78,267.4,10.79,853.6,10.8,118.4,10.81,449.4
1700000455.5,911,10.715,0.10999999999999943,10.66,376.5,10.77,107.3,3509.3,1154.7,10.77,5.0,BUY,2,10.66,376.5,10.65,921.2,10.64,209.8,10.63,610.6,10.62,1391.2,10.77,107.3,10.78,145.1,10.79,58.2,10.8,606.4,10.81,237.7
1700000456.0,912,10.715,0.10999999999999943,10.66,550.1,10.77,74.1,3446.2000000000003,1561.1,10.66,12.1,SELL,4,10.66,550.1,10.65,1677.2,10.64,918.6,10.63,131.9,10.62,168.4,10.77,74.1,10.78,271.1,10.79,362.9,10.8,114.6,10.81,738.4
1700000456.5,913,10.715,0.10999999999999943,10.66,452.8,10.77,80.3,3401.3,3442.8,10.66,19.1,SELL,1,10.66,452.8,10.65,2098.3,10.64,470.8,10.63,233.2,10.62,146.2,10.77,80.3,10.78,59.5,10.79,1274.9,10.8,1767.2,10.81,260.9
1700000457.0,914,10.715,0.10999999999999943,10.66,290.6,10.77,588.7,1091.1,4684.1,10.715,0.0,BUY,0,10.66,290.6,10.65,10.0,10.64,176.7,10.63,241.8,10.62,372.0,10.77,588.7,10.78,233.5,10.79,216.8,10.8,572.9,10.81,3072.2
1700000457.5,915,10.715,0.10999999999999943,10.66,379.5,10.77,158.4,1352.6,3677.3999999999996,10.77,13.5,BUY,3,10.66,379.5,10.65,520.3,10.64,111.9,10.63,326.1,10.62,14.8,10.77,158.4,10.78,958.0,10.79,132.8,10.8,434.4,10.81,1993.8
1700000458.0,916,10.715,0.10999999999999943,10.66,243.4,10.77,1469.7,4546.7,4275.5,10.77,55.8,BUY,3,10.66,243.4,10.65,220.9,10.64,3803.2,10.63,10.0,10.62,269.2,10.77,1469.7,10.78,10.0,10.79,38.8,10.8,867.9,10.81,1889.1
1700000458.5,917,10.71,0.09999999999999964,10.66,1098.5,10.76,264.2,4498.2,2346.0,10.71,0.0,BUY,0,10.66,1098.5,10.65,99.4,10.64,141.0,10.63,227.3,10.62,2932.0,10.76,264.2,10.77,745.9,10.78,410.6,10.79,183.2,10.8,742.1
1700000459.0,918,10.71,0.11999999999999922,10.65,225.2,10.77,1087.6,3700.7,3541.8,10.65,17.9,SELL,3,10.65,225.2,10.64,17.3,10.63,1272.4,10.62,1371.5,10.61,814.3,10.77,1087.6,10.78,536.7,10.79,420.7,10.8,46.4,10.81,1450.4
1700000459.5,919,10.71,0.09999999999999964,10.66,1027.3,10.76,302.8,4110.0,3361.6000000000004,10.76,38.6,BUY,2,10.66,1027.3,10.65,371.0,10.64,190.6,10.63,941.1,10.62,1580.0,10.76,302.8,10.77,160.9,10.78,1378.9,10.79,1332.0,10.8,187.0
1700000460.0,920,10.715,0.10999999999999943,10.66,48.2,10.77,693.2,2692.0,3790.1000000000004,10.77,149.6,BUY,3,10.66,48.2,10.65,561.4,10.64,123.0,10.63,334.3,10.62,1625.1,10.77,693.2,10.78,711.3,10.79,74.2,10.8,1352.9,10.81,958.5
1700000460.5,921,10.719999999999999,0.09999999999999964,10.67,673.1,10.77,204.9,1195.1999999999998,3863.2999999999997,10.67,5.1,SELL,1,10.67,673.1,10.66,107.9,10.65,20.2,10.64,366.9,10.63,27.1,10.77,204.9,10.78,193.3,10.79,2760.5,10.8,224.1,10.81,480.5
1700000461.0,922,10.719999999999999,0.09999999999999964,10.67,914.7,10.77,1110.6,3940.8,2854.4,10.77,5.0,BUY,3,10.67,914.7,10.66,243.0,10.65,69.9,10.64,1871.3,10.63,841.9,10.77,1110.6,10.78,415.9,10.79,128.9,10.8,385.5,10.81,813.5
1700000461.5,923,10.725,0.10999999999999943,10.67,441.6,10.78,21.6,4971.7,1937.0000000000002,10.67,97.0,SELL,2,10.67,441.6,10.66,536.8,10.65,586.6,10.64,622.6,10.63,2784.1,10.78,21.6,10.79,248.4,10.8,470.7,10.81,422.6,10.82,773.7
1700000462.0,924,10.719999999999999,0.11999999999999922,10.66,200.8,10.78,66.1,2299.5,4512.2,10.66,71.9,SELL,1,10.66,200.8,10.65,428.1,10.64,181.2,10.63,1085.4,10.62,404.0,10.78,66.1,10.79,135.0,10.8,1068.8,10.81,2283.0,10.82,959.3
1700000462.5,925,10.725,0.10999999999999943,10.67,179.7,10.78,42.9,2629.2,2234.6000000000004,10.78,37.3,BUY,5,10.67,179.7,10.66,129.5,10.65,1275.5,10.64,533.8,10.63,510.7,10.78,42.9,10.79,765.5,10.8,286.1,10.81,110.9,10.82,1029.2
1700000463.0,926,10.719999999999999,0.09999999999999964,10.67,131.4,10.77,1882.5,2351.7,3252.5999999999995,10.719999999999999,0.0,BUY,0,10.67,131.4,10.66,868.4,10.65,39.6,10.64,57.1,10.63,1255.2,10.77,1882.5,10.78,251.1,10.79,488.2,10.8,404.7,10.81,226.1
1700000463.5,927,10.725,0.10999999999999943,10.67,353.1,10.78,12.9,2096.7000000000003,2175.7,10.78,11.1,BUY,3,10.67,353.1,10.66,40.8,10.65,1509.7,10.64,183.1,10.63,10.0,10.78,12.9,10.79,137.5,10.8,278.9,10.81,804.2,10.82,942.2
1700000464.0,928,10.725,0.10999999999999943,10.67,182.6,10.78,441.6,1212.9,4588.4,10.67,15.5,SELL,6,10.67,182.6,10.66,22.3,10.65,159.1,10.64,654.0,10.63,194.9,10.78,441.6,10.79,1285.2,10.8,214.8,10.81,94.2,10.82,2552.6
1700000464.5,929,10.725,0.10999999999999943,10.67,203.1,10.78,842.5,5043.0,4387.5,10.78,18.8,BUY,2,10.67,203.1,10.66,218.1,10.65,2076.6,10.64,1600.9,10.63,944.3,10.78,842.5,10.79,231.5,10.8,1315.0,10.81,217.9,10.82,1780.6
1700000465.0,930,10.725,0.10999999999999943,10.67,68.4,10.78,967.1,2483.4,3998.2999999999997,10.67,11.8,SELL,2,10.67,68.4,10.66,729.4,10.65,601.7,10.64,622.6,10.63,461.3,10.78,967.1,10.79,415.4,10.8,523.6,10.81,441.2,10.82,1651.0
1700000465.5,931,10.725,0.10999999999999943,10.67,52.6,10.78,1058.0,1125.4,3854.7,10.725,0.0,BUY,0,10.67,52.6,10.66,490.8,10.65,51.4,10.64,60.1,10.63,470.5,10.78,1058.0,10.79,369.6,10.8,554.3,10.81,585.4,10.82,1287.4
1700000466.0,932,10.725,0.10999999999999943,10.67,231.7,10.78,234.5,2856.7,1541.6000000000001,10.67,56.4,SELL,3,10.67,231.7,10.66,1195.6,10.65,414.9,10.64,730.4,10.63,284.1,10.78,234.5,10.79,465.2,10.8,619.6,10.81,23.5,10.82,198.8
1700000466.5,933,9.215,0.10999999999999943,9.16,575.9,9.27,32.2,2459.8999999999996,4390.9,9.27,15.5,BUY,2,9.16,575.9,9.15,178.5,9.14,1163.8,9.13,25.8,9.12,515.9,9.27,32.2,9.28,131.3,9.29,1039.4,9.3,108.0,9.31,3080.0
1700000467.0,934,9.215,0.10999999999999943,9.16,116.4,9.27,780.2,1516.4,2873.1,9.16,50.9,SELL,1,9.16,116.4,9.15,87.7,9.14,939.3,9.13,95.5,9.12,277.5,9.27,780.2,9.28,1174.4,9.29,348.4,9.3,294.0,9.31,276.1
1700000467.5,935,9.21,0.11999999999999922,9.15,365.2,9.27,194.5,3373.5,7818.599999999999,9.15,6.5,SELL,2,9.15,365.2,9.14,1616.1,9.13,616.6,9.12,759.8,9.11,15.8,9.27,194.5,9.28,2811.0,9.29,546.5,9.3,4018.7,9.31,247.9
1700000468.0,936,9.21,0.11999999999999922,9.15,1491.8,9.27,172.7,4911.4,5468.599999999999,9.27,9.8,BUY,2,9.15,1491.8,9.14,448.6,9.13,1525.9,9.12,554.2,9.11,890.9,9.27,172.7,9.28,356.5,9.29,410.3,9.3,3733.7,9.31,795.4
1700000468.5,937,9.21,0.11999999999999922,9.15,1468.1,9.27,538.5,3182.2000000000003,2716.9,9.15,102.5,SELL,2,9.15,1468.1,9.14,33.3,9.13,521.7,9.12,890.7,9.11,268.4,9.27,538.5,9.28,57.9,9.29,498.5,9.3,885.5,9.31,736.5
1700000469.0,938,9.21,0.09999999999999964,9.16,202.5,9.26,702.9,870.8,3335.1,9.16,24.6,SELL,2,9.16,202.5,9.15,67.4,9.14,88.3,9.13,468.4,9.12,44.2,9.26,702.9,9.27,57.8,9.28,588.6,9.29,749.7,9.3,1236.1
1700000469.5,939,9.21,0.11999999999999922,9.15,471.9,9.27,350.8,4956.0,2829.1000000000004,9.21,0.0,BUY,0,9.15,471.9,9.14,23.3,9.13,1420.8,9.12,69.6,9.11,2970.4,9.27,350.8,9.28,595.3,9.29,295.4,9.3,516.9,9.31,1070.7
1700000470.0,940,9.215,0.10999999999999943,9.16,64.9,9.27,623.0,4072.4,1000.1,9.27,10.9,BUY,1,9.16,64.9,9.15,415.1,9.14,1939.4,9.13,776.6,9.12,876.4,9.27,623.0,9.28,10.0,9.29,136.7,9.3,189.8,9.31,40.6
1700000470.5,941,9.215,0.10999999999999943,9.16,424.1,9.27,233.8,1859.0000000000002,4318.4,9.27,29.8,BUY,2,9.16,424.1,9.15,743.7,9.14,166.6,9.13,465.9,9.12,58.7,9.27,233.8,9.28,1215.9,9.29,430.9,9.3,1240.0,9.31,1197.8
1700000471.0,942,9.215,0.10999999999999943,9.16,43.0,9.27,168.5,2862.3,3715.5,9.27,88.8,BUY,1,9.16,43.0,9.15,436.5,9.14,1694.9,9.13,90.9,9.12,597.0,9.27,168.5,9.28,473.2,9.29,73.3,9.3,2044.8,9.31,955.7
1700000471.5,943,8.515,0.10999999999999943,8.46,44.5,8.57,260.1,3933.4,5230.1,8.57,62.2,BUY,2,8.46,44.5,8.45,287.4,8.44,1073.4,8.43,1602.2,8.42,925.9,8.57,260.1,8.58,1391.3,8.59,18.3,8.6,2929.1,8.61,631.3
1700000472.0,944,8.515,0.10999999999999943,8.46,223.0,8.57,10.0,2025.2,5299.6,8.46,39.2,SELL,3,8.46,223.0,8.45,676.1,8.44,512.0,8.43,440.9,8.42,173.2,8.57,10.0,8.58,37.0,8.59,1577.4,8.6,859.2,8.61,2816.0
1700000472.5,945,10.825,0.11000000000000121,10.77,17.6,10.88,21.1,2319.3,2298.2000000000003,10.88,223.7,BUY,2,10.77,17.6,10.76,1082.0,10.75,10.0,10.74,290.2,10.73,919.5,10.88,21.1,10.89,525.9,10.9,911.4,10.91,324.7,10.92,515.1
1700000473.0,946,10.825,0.11000000000000121,10.77,65.1,10.88,10.1,1016.8,2152.6,10.825,0.0,BUY,0,10.77,65.1,10.76,74.9,10.75,222.9,10.74,556.6,10.73,97.3,10.88,10.1,10.89,696.2,10.9,540.1,10.91,331.3,10.92,574.9
1700000473.5,947,10.825,0.11000000000000121,10.77,279.4,10.88,585.6,3974.0,3978.1,10.825,0.0,BUY,0,10.77,279.4,10.76,710.9,10.75,1611.8,10.74,118.6,10.73,1253.3,10.88,585.6,10.89,830.9,10.9,21.3,10.91,1203.2,10.92,1337.1
1700000474.0,948,10.825,0.11000000000000121,10.77,110.2,10.88,853.2,2053.7999999999997,1950.6,10.77,5.0,SELL,1,10.77,110.2,10.76,996.1,10.75,52.7,10.74,504.1,10.73,390.7,10.88,853.2,10.89,575.5,10.9,103.1,10.91,97.0,10.92,321.8
1700000474.5,949,10.82,0.09999999999999964,10.77,29.4,10.87,1056.3,1244.3,2373.7,10.87,27.9,BUY,2,10.77,29.4,10.76,416.6,10.75,52.4,10.74,462.2,10.73,283.7,10.87,1056.3,10.88,54.1,10.89,44.8,10.9,687.7,10.91,530.8
1700000475.0,950,10.82,0.09999999999999964,10.77,767.5,10.87,356.6,2877.8999999999996,2808.1,10.82,0.0,BUY,0,10.77,767.5,10.76,422.7,10.75,320.8,10.74,78.8,10.73,1288.1,10.87,356.6,10.88,461.0,10.89,1291.3,10.9,412.5,10.91,286.7
1700000475.5,951,10.825,0.11000000000000121,10.77,1187.5,10.88,191.4,2359.1,3797.8,10.88,37.2,BUY,1,10.77,1187.5,10.76,123.3,10.75,522.2,10.74,119.9,10.73,406.2,10.88,191.4,10.89,865.2,10.9,1162.6,10.91,1523.3,10.92,55.3
1700000476.0,952,10.825,0.11000000000000121,10.77,187.5,10.88,270.2,2668.8,2974.1,10.77,40.2,SELL,2,10.77,187.5,10.76,158.3,10.75,1083.5,10.74,63.4,10.73,1176.1,10.88,270.2,10.89,665.0,10.9,521.3,10.91,1156.6,10.92,361.0
1700000476.5,953,10.825,0.11000000000000121,10.77,196.3,10.88,1212.1,2342.6000000000004,4696.2,10.825,0.0,BUY,0,10.77,196.3,10.76,566.4,10.75,193.2,10.74,1118.7,10.73,268.0,10.88,1212.1,10.89,126.5,10.9,2131.1,10.91,1008.7,10.92,217.8
1700000477.0,954,10.82,0.120000000000001,10.76,132.2,10.88,572.2,1777.9,3132.7000000000003,10.88,15.1,BUY,1,10.76,132.2,10.75,219.9,10.74,56.0,10.73,337.0,10.72,1032.8,10.88,572.2,10.89,86.1,10.9,750.6,10.91,1395.9,10.92,327.9
1700000477.5,955,10.82,0.09999999999999964,10.77,98.8,10.87,174.1,6183.6,2934.1,10.82,0.0,BUY,0,10.77,98.8,10.76,393.9,10.75,388.2,10.74,783.4,10.73,4519.3,10.87,174.1,10.88,89.1,10.89,1748.9,10.9,696.8,10.91,225.2
1700000478.0,956,10.825,0.11000000000000121,10.77,257.4,10.88,699.8,2164.6,3671.2999999999997,10.88,171.0,BUY,1,10.77,257.4,10.76,20.6,10.75,268.5,10.74,270.0,10.73,1348.1,10.88,699.8,10.89,898.5,10.9,1254.7,10.91,427.2,10.92,391.1
1700000478.5,957,10.825,0.11000000000000121,10.77,606.0,10.88,95.4,3070.1000000000004,2841.0,10.88,17.6,BUY,2,10.77,606.0,10.76,31.5,10.75,839.7,10.74,995.6,10.73,597.3,10.88,95.4,10.89,29.6,10.9,670.0,10.91,469.7,10.92,1576.3
1700000479.0,958,10.815,0.10999999999999943,10.76,749.9,10.87,165.2,4215.1,2190.6,10.815,0.0,BUY,0,10.76,749.9,10.75,541.1,10.74,69.0,10.73,1027.8,10.72,1827.3,10.87,165.2,10.88,54.0,10.89,329.3,10.9,1582.6,10.91,59.5
1700000479.5,959,10.815,0.10999999999999943,10.76,203.8,10.87,326.7,2700.2,3449.8999999999996,10.815,0.0,BUY,0,10.76,203.8,10.75,117.5,10.74,599.2,10.73,1731.6,10.72,48.1,10.87,326.7,10.88,1213.3,10.89,206.1,10.9,159.5,10.91,1544.3
1700000480.0,960,10.815,0.10999999999999943,10.76,819.1,10.87,513.9,2133.3,7493.9,10.815,0.0,BUY,0,10.76,819.1,10.75,204.8,10.74,663.0,10.73,334.1,10.72,112.3,10.87,513.9,10.88,660.8,10.89,345.6,10.9,746.1,10.91,5227.5
1700000480.5,961,10.809999999999999,0.11999999999999922,10.75,19.4,10.87,2023.3,2626.2,5549.6,10.87,5.1,BUY,1,10.75,19.4,10.74,420.9,10.73,214.5,10.72,1068.4,10.71,903.0,10.87,2023.3,10.88,826.3,10.89,148.3,10.9,665.7,10.91,1886.0
1700000481.0,962,10.815,0.10999999999999943,10.76,104.3,10.87,1089.9,2528.7,4505.0,10.76,5.0,SELL,1,10.76,104.3,10.75,284.2,10.74,444.6,10.73,496.1,10.72,1199.5,10.87,1089.9,10.88,2030.8,10.89,995.9,10.9,170.8,10.91,217.6
1700000481.5,963,10.805,0.10999999999999943,10.75,813.8,10.86,45.4,3971.5,3297.8,10.75,24.8,SELL,1,10.75,813.8,10.74,309.7,10.73,1384.9,10.72,501.4,10.71,961.7,10.86,45.4,10.87,1039.2,10.88,102.9,10.89,294.9,10.9,1815.4
1700000482.0,964,10.805,0.10999999999999943,10.75,813.3,10.86,478.9,1713.4,4156.6,10.75,5.5,SELL,4,10.75,813.3,10.74,122.6,10.73,319.8,10.72,90.5,10.71,367.2,10.86,478.9,10.87,253.3,10.88,695.2,10.89,1408.0,10.9,1321.2
1700000482.5,965,10.805,0.10999999999999943,10.75,781.8,10.86,27.5,2529.3,3385.5,10.75,63.9,SELL,5,10.75,781.8,10.74,93.7,10.73,449.0,10.72,275.6,10.71,929.2,10.86,27.5,10.87,496.9,10.88,288.2,10.89,2536.4,10.9,36.5
1700000483.0,966,10.805,0.10999999999999943,10.75,630.8,10.86,786.8,2600.6000000000004,3284.5,10.86,37.6,BUY,1,10.75,630.8,10.74,519.2,10.73,370.9,10.72,248.9,10.71,830.8,10.86,786.8,10.87,900.5,10.88,104.6,10.89,1436.1,10.9,56.5
1700000483.5,967,10.805,0.08999999999999986,10.76,372.4,10.85,777.3,2128.2000000000003,4366.5,10.85,8.1,BUY,1,10.76,372.4,10.75,689.2,10.74,808.2,10.73,193.0,10.72,65.4,10.85,777.3,10.86,475.7,10.87,1643.7,10.88,981.0,10.89,488.8
1700000484.0,968,10.8,0.11999999999999922,10.74,259.2,10.86,101.3,1094.5,1368.6000000000001,10.74,54.5,SELL,4,10.74,259.2,10.73,239.1,10.72,173.6,10.71,234.8,10.7,187.8,10.86,101.3,10.87,265.5,10.88,360.4,10.89,556.1,10.9,85.3
1700000484.5,969,10.805,0.10999999999999943,10.75,283.5,10.86,167.4,2170.9,3246.8,10.75,24.8,SELL,2,10.75,283.5,10.74,44.1,10.73,657.0,10.72,779.3,10.71,407.0,10.86,167.4,10.87,749.4,10.88,981.3,10.89,1158.9,10.9,189.8
1700000485.0,970,10.805,0.10999999999999943,10.75,51.1,10.86,238.9,3320.1,1706.3,10.75,81.1,SELL,1,10.75,51.1,10.74,177.1,10.73,647.8,10.72,710.8,10.71,1733.3,10.86,238.9,10.87,263.6,10.88,894.1,10.89,212.9,10.9,96.8
1700000485.5,971,10.805,0.10999999999999943,10.75,43.7,10.86,323.0,1163.6,4154.1,10.75,28.5,SELL,1,10.75,43.7,10.74,139.1,10.73,84.2,10.72,510.1,10.71,386.5,10.86,323.0,10.87,408.1,10.88,543.5,10.89,66.7,10.9,2812.8
1700000486.0,972,10.805,0.10999999999999943,10.75,568.2,10.86,10.0,3044.7000000000003,1311.9,10.805,0.0,BUY,0,10.75,568.2,10.74,620.6,10.73,1078.3,10.72,527.7,10.71,249.9,10.86,10.0,10.87,81.5,10.88,540.4,10.89,143.6,10.9,536.4
1700000486.5,973,10.805,0.10999999999999943,10.75,961.9,10.86,571.8,3394.6,4967.7,10.805,0.0,BUY,0,10.75,961.9,10.74,474.0,10.73,1028.3,10.72,127.8,10.71,802.6,10.86,571.8,10.87,1860.9,10.88,948.1,10.89,1262.6,10.9,324.3
1700000487.0,974,10.8,0.09999999999999964,10.75,1201.1,10.85,66.3,2999.8999999999996,3824.8,10.75,32.2,SELL,1,10.75,1201.1,10.74,260.3,10.73,806.2,10.72,133.5,10.71,598.8,10.85,66.3,10.86,1740.2,10.87,269.0,10.88,674.5,10.89,1074.8
1700000487.5,975,10.805,0.10999999999999943,10.75,31.2,10.86,301.2,4269.3,3056.7,10.86,112.4,BUY,2,10.75,31.2,10.74,99.8,10.73,14.3,10.72,1290.0,10.71,2834.0,10.86,301.2,10.87,33.3,10.88,2151.9,10.89,241.2,10.9,329.1
1700000488.0,976,10.805,0.10999999999999943,10.75,73.3,10.86,1505.0,832.6,2149.4,10.75,114.5,SELL,1,10.75,73.3,10.74,30.0,10.73,27.2,10.72,321.3,10.71,380.8,10.86,1505.0,10.87,297.2,10.88,47.8,10.89,72.5,10.9,226.9
1700000488.5,977,10.8,0.11999999999999922,10.74,699.0,10.86,754.6,5367.5,3835.0000000000005,10.86,5.0,BUY,3,10.74,699.0,10.73,826.6,10.72,1395.8,10.71,2273.1,10.7,173.0,10.86,754.6,10.87,1595.7,10.88,103.8,10.89,60.4,10.9,1320.5
1700000489.0,978,10.36,0.11999999999999922,10.3,210.2,10.42,503.7,3061.8999999999996,3361.6,10.42,169.8,BUY,3,10.3,210.2,10.29,16.6,10.28,1617.7,10.27,230.2,10.26,987.2,10.42,503.7,10.43,1151.2,10.44,1012.9,10.45,647.1,10.46,46.7
1700000489.5,979,10.355,0.10999999999999943,10.3,827.2,10.41,732.2,5185.400000000001,2275.6,10.41,5.0,BUY,3,10.3,827.2,10.29,204.4,10.28,2825.7,10.27,996.0,10.26,332.1,10.41,732.2,10.42,10.0,10.43,1027.1,10.44,363.8,10.45,142.5
1700000490.0,980,10.36,0.11999999999999922,10.3,145.2,10.42,1126.1,2197.8,3046.7000000000003,10.3,24.4,SELL,1,10.3,145.2,10.29,248.1,10.28,10.0,10.27,610.8,10.26,1183.7,10.42,1126.1,10.43,166.5,10.44,501.7,10.45,520.5,10.46,731.9
1700000490.5,981,10.355,0.10999999999999943,10.3,447.3,10.41,519.1,5301.3,2018.9,10.355,0.0,BUY,0,10.3,447.3,10.29,484.3,10.28,1402.7,10.27,929.5,10.26,2037.5,10.41,519.1,10.42,167.8,10.43,13.6,10.44,847.4,10.45,471.0
1700000491.0,982,10.355,0.10999999999999943,10.3,442.9,10.41,537.4,4764.699999999999,5017.1,10.41,138.7,BUY,3,10.3,442.9,10.29,833.8,10.28,1049.6,10.27,2288.0,10.26,150.4,10.41,537.4,10.42,610.5,10.43,335.0,10.44,3352.4,10.45,181.8
1700000491.5,983,10.355,0.10999999999999943,10.3,1152.8,10.41,20.3,1587.1999999999998,5241.0,10.355,0.0,BUY,0,10.3,1152.8,10.29,28.0,10.28,249.5,10.27,116.6,10.26,40.3,10.41,20.3,10.42,943.5,10.43,576.1,10.44,2278.4,10.45,1422.7
1700000492.0,984,7.21,0.09999999999999964,7.16,26.6,7.26,413.0,1697.5,3015.7,7.21,0.0,BUY,0,7.16,26.6,7.15,185.7,7.14,221.1,7.13,337.7,7.12,926.4,7.26,413.0,7.27,322.8,7.28,52.1,7.29,434.3,7.3,1793.5
1700000492.5,985,8.08,0.10000000000000142,8.03,450.5,8.13,388.6,3218.6,3431.5,8.08,0.0,BUY,0,8.03,450.5,8.02,484.4,8.01,1186.6,8.0,327.6,7.99,769.5,8.13,388.6,8.14,312.4,8.15,105.1,8.16,1921.2,8.17,704.2
1700000493.0,986,8.08,0.10000000000000142,8.03,545.9,8.13,434.4,4816.5,1240.6999999999998,8.13,58.6,BUY,2,8.03,545.9,8.02,52.4,8.01,83.0,8.0,1432.2,7.99,2703.0,8.13,434.4,8.14,407.7,8.15,341.0,8.16,44.3,8.17,13.3
1700000493.5,987,8.08,0.10000000000000142,8.03,766.2,8.13,1034.6,3655.6,4288.7,8.03,38.9,SELL,2,8.03,766.2,8.02,747.0,8.01,1141.3,8.0,877.5,7.99,123.6,8.13,1034.6,8.14,210.5,8.15,10.0,8.16,2347.3,8.17,686.3
1700000494.0,988,8.08,0.10000000000000142,8.03,295.8,8.13,1877.1,3498.5000000000005,2461.2,8.13,8.6,BUY,2,8.03,295.8,8.02,189.4,8.01,1601.9,8.0,1360.0,7.99,51.4,8.13,1877.1,8.14,293.4,8.15,58.2,8.16,212.9,8.17,19.6
1700000494.5,989,8.08,0.10000000000000142,8.03,690.6,8.13,220.0,2571.7,2458.4,8.08,0.0,BUY,0,8.03,690.6,8.02,220.5,8.01,172.8,8.0,106.8,7.99,1381.0,8.13,220.0,8.14,284.4,8.15,652.0,8.16,718.1,8.17,583.9
1700000495.0,990,8.079999999999998,0.08000000000000007,8.04,1076.8,8.12,638.6,2299.1,4521.8,8.12,5.0,BUY,1,8.04,1076.8,8.03,474.1,8.02,501.2,8.01,50.7,8.0,196.3,8.12,638.6,8.13,1216.5,8.14,265.5,8.15,867.7,8.16,1533.5
1700000495.5,991,8.08,0.10000000000000142,8.03,521.6,8.13,1054.6,2464.1000000000004,7791.3,8.13,5.0,BUY,3,8.03,521.6,8.02,34.1,8.01,89.7,8.0,1219.5,7.99,599.2,8.13,1054.6,8.14,127.9,8.15,3462.4,8.16,1196.6,8.17,1949.8
1700000496.0,992,8.08,0.120000000000001,8.02,345.8,8.14,81.4,1351.0,3757.3,8.08,0.0,BUY,0,8.02,345.8,8.01,10.0,8.0,246.1,7.99,89.0,7.98,660.1,8.14,81.4,8.15,1384.8,8.16,19.9,8.17,1347.9,8.18,923.3
1700000496.5,993,8.08,0.10000000000000142,8.03,148.9,8.13,618.9,3726.5,1587.9,8.08,0.0,BUY,0,8.03,148.9,8.02,242.7,8.01,275.5,8.0,1918.2,7.99,1141.2,8.13,618.9,8.14,505.1,8.15,87.2,8.16,352.2,8.17,24.5
1700000497.0,994,8.08,0.10000000000000142,8.03,10.0,8.13,71.8,2726.2,3187.8,8.13,29.8,BUY,1,8.03,10.0,8.02,689.2,8.01,67.1,8.0,325.6,7.99,1634.3,8.13,71.8,8.14,149.9,8.15,527.2,8.16,560.4,8.17,1878.5
1700000497.5,995,8.08,0.10000000000000142,8.03,45.2,8.13,540.8,2790.4,2719.3999999999996,8.13,24.2,BUY,3,8.03,45.2,8.02,662.6,8.01,28.4,8.0,1318.7,7.99,735.5,8.13,540.8,8.14,74.3,8.15,165.0,8.16,1140.3,8.17,799.0
1700000498.0,996,7.0,0.09999999999999964,6.95,55.6,7.05,135.6,5798.3,3345.1,6.95,5.0,SELL,4,6.95,55.6,6.94,2157.8,6.93,575.7,6.92,626.1,6.91,2383.1,7.05,135.6,7.06,174.2,7.07,569.2,7.08,1232.6,7.09,1233.5
1700000498.5,997,7.0,0.09999999999999964,6.95,34.6,7.05,271.7,894.9000000000001,2723.0,6.95,33.4,SELL,2,6.95,34.6,6.94,385.1,6.93,85.8,6.92,143.3,6.91,246.1,7.05,271.7,7.06,339.1,7.07,51.9,7.08,1827.8,7.09,232.5
1700000499.0,998,7.0,0.11999999999999922,6.94,299.6,7.06,55.7,3256.1,1888.8999999999999,6.94,72.2,SELL,1,6.94,299.6,6.93,205.5,6.92,605.4,6.91,333.6,6.9,1812.0,7.06,55.7,7.07,112.0,7.08,631.8,7.09,873.8,7.1,215.6
1700000499.5,999,7.0,0.09999999999999964,6.95,179.7,7.05,297.1,4571.1,4004.1000000000004,7.0,0.0,BUY,0,6.95,179.7,6.94,1042.7,6.93,689.9,6.92,263.6,6.91,2395.2,7.05,297.1,7.06,911.2,7.07,621.8,7.08,474.0,7.09,1700.0
1700000500.0,1000,7.0,0.09999999999999964,6.95,26.6,7.05,1317.2,1336.5,3916.6,6.95,5.0,SELL,1,6.95,26.6,6.94,334.5,6.93,396.1,6.92,167.4,6.91,411.9,7.05,1317.2,7.06,31.1,7.07,494.5,7.08,875.9,7.09,1197.9
1700000500.5,1001,7.0,0.09999999999999964,6.95,1073.1,7.05,326.2,3919.1,3527.9,7.0,0.0,BUY,0,6.95,1073.1,6.94,34.3,6.93,997.3,6.92,1394.5,6.91,419.9,7.05,326.2,7.06,68.5,7.07,1195.4,7.08,659.2,7.09,1278.6
1700000501.0,1002,7.0,0.09999999999999964,6.95,185.3,7.05,330.2,5030.3,2055.8999999999996,7.0,0.0,BUY,0,6.95,185.3,6.94,194.0,6.93,826.3,6.92,787.7,6.91,3037.0,7.05,330.2,7.06,336.4,7.07,60.5,7.08,454.8,7.09,874.0
1700000501.5,1003,8.33,0.120000000000001,8.27,358.2,8.39,771.3,2091.7,5454.6,8.39,25.0,BUY,3,8.27,358.2,8.26,397.6,8.25,1101.9,8.24,27.8,8.23,206.2,8.39,771.3,8.4,2402.9,8.41,703.7,8.42,456.6,8.43,1120.1
1700000502.0,1004,8.33,0.10000000000000142,8.28,168.2,8.38,488.5,1751.9,7874.800000000001,8.38,80.7,BUY,3,8.28,168.2,8.27,222.3,8.26,662.9,8.25,113.0,8.24,585.5,8.38,488.5,8.39,895.8,8.4,74.3,8.41,6343.6,8.42,72.6
1700000502.5,1005,8.33,0.10000000000000142,8.28,161.5,8.38,283.7,1068.5,5224.0,8.33,0.0,BUY,0,8.28,161.5,8.27,115.0,8.26,165.2,8.25,192.2,8.24,434.6,8.38,283.7,8.39,42.2,8.4,2235.6,8.41,577.7,8.42,2084.8
1700000503.0,1006,8.33,0.10000000000000142,8.28,90.7,8.38,1100.9,1711.1,2975.7000000000003,8.38,34.7,BUY,3,8.28,90.7,8.27,355.2,8.26,14.4,8.25,174.3,8.24,1076.5,8.38,1100.9,8.39,90.9,8.4,131.2,8.41,850.3,8.42,802.4
1700000503.5,1007,6.635,0.11000000000000032,6.58,314.1,6.69,285.1,6075.099999999999,2469.4,6.635,0.0,BUY,0,6.58,314.1,6.57,2014.6,6.56,721.8,6.55,1135.4,6.54,1889.2,6.69,285.1,6.7,734.4,6.71,151.2,6.72,975.3,6.73,323.4
1700000504.0,1008,6.635,0.11000000000000032,6.58,513.3,6.69,138.8,3450.6000000000004,5656.2,6.58,11.4,SELL,1,6.58,513.3,6.57,408.7,6.56,848.4,6.55,359.4,6.54,1320.8,6.69,138.8,6.7,205.4,6.71,53.5,6.72,389.0,6.73,4869.5
1700000504.5,1009,6.640000000000001,0.1200000000000001,6.58,44.9,6.7,575.9,1214.3,1659.6999999999998,6.58,34.4,SELL,2,6.58,44.9,6.57,254.9,6.56,272.8,6.55,200.7,6.54,441.0,6.7,575.9,6.71,679.2,6.72,123.5,6.73,193.1,6.74,88.0
1700000505.0,1010,6.635,0.11000000000000032,6.58,55.6,6.69,507.6,748.9,2627.1000000000004,6.69,30.0,BUY,4,6.58,55.6,6.57,140.7,6.56,224.0,6.55,287.6,6.54,41.0,6.69,507.6,6.7,51.6,6.71,160.9,6.72,334.8,6.73,1572.2
1700000505.5,1011,6.635,0.11000000000000032,6.58,95.4,6.69,18.3,2281.0,4736.6,6.69,7.5,BUY,1,6.58,95.4,6.57,717.5,6.56,570.9,6.55,437.2,6.54,460.0,6.69,18.3,6.7,447.7,6.71,637.0,6.72,1207.1,6.73,2426.5
1700000506.0,1012,6.83,0.09999999999999964,6.78,28.6,6.88,204.8,2529.2999999999997,1219.6000000000001,6.78,23.0,SELL,3,6.78,28.6,6.77,1879.5,6.76,128.8,6.75,10.0,6.74,482.4,6.88,204.8,6.89,75.2,6.9,615.2,6.91,40.7,6.92,283.7
1700000506.5,1013,6.83,0.1200000000000001,6.77,107.2,6.89,2014.9,4065.7000000000003,6331.4,6.89,76.0,BUY,2,6.77,107.2,6.76,1163.4,6.75,912.8,6.74,931.7,6.73,950.6,6.89,2014.9,6.9,868.7,6.91,1296.4,6.92,156.8,6.93,1994.6
1700000507.0,1014,6.83,0.09999999999999964,6.78,307.8,6.88,199.2,2133.6,2934.6,6.83,0.0,BUY,0,6.78,307.8,6.77,219.9,6.76,364.6,6.75,741.4,6.74,499.9,6.88,199.2,6.89,217.2,6.9,1104.9,6.91,1012.6,6.92,400.7
1700000507.5,1015,6.83,0.09999999999999964,6.78,41.7,6.88,300.9,2876.5,4257.2,6.88,36.6,BUY,2,6.78,41.7,6.77,299.5,6.76,460.8,6.75,721.4,6.74,1353.1,6.88,300.9,6.89,305.4,6.9,2930.4,6.91,60.3,6.92,660.2
1700000508.0,1016,6.83,0.09999999999999964,6.78,927.4,6.88,121.6,2879.6,2647.3,6.78,5.0,SELL,2,6.78,927.4,6.77,678.0,6.76,499.5,6.75,337.6,6.74,437.1,6.88,121.6,6.89,422.6,6.9,874.7,6.91,497.4,6.92,731.0
1700000508.5,1017,6.83,0.09999999999999964,6.78,22.6,6.88,203.8,2304.1,4420.8,6.78,5.0,SELL,2,6.78,22.6,6.77,328.5,6.76,177.4,6.75,592.1,6.74,1183.5,6.88,203.8,6.89,315.6,6.9,92.8,6.91,1380.7,6.92,2427.9
1700000509.0,1018,6.83,0.09999999999999964,6.78,414.8,6.88,15.3,5452.999999999999,4980.700000000001,6.88,48.4,BUY,3,6.78,414.8,6.77,949.2,6.76,2483.2,6.75,593.4,6.74,1012.4,6.88,15.3,6.89,1204.1,6.9,541.7,6.91,428.8,6.92,2790.8
1700000509.5,1019,6.83,0.09999999999999964,6.78,512.4,6.88,10.0,2984.8999999999996,3623.5,6.88,96.0,BUY,2,6.78,512.4,6.77,709.8,6.76,114.3,6.75,1541.1,6.74,107.3,6.88,10.0,6.89,463.3,6.9,939.2,6.91,80.6,6.92,2130.4
1700000510.0,1020,6.83,0.09999999999999964,6.78,19.5,6.88,1446.2,1086.8,8918.6,6.83,0.0,BUY,0,6.78,19.5,6.77,101.3,6.76,625.9,6.75,98.1,6.74,242.0,6.88,1446.2,6.89,1050.7,6.9,2042.1,6.91,1600.5,6.92,2779.1
1700000510.5,1021,6.83,0.09999999999999964,6.78,773.2,6.88,379.5,2632.1,3101.6000000000004,6.78,6.3,SELL,2,6.78,773.2,6.77,490.2,6.76,502.8,6.75,662.3,6.74,203.6,6.88,379.5,6.89,127.8,6.9,1235.4,6.91,550.1,6.92,808.8
1700000511.0,1022,7.945,0.11000000000000032,7.89,82.9,8.0,141.9,1940.5,1735.3999999999999,8.0,17.1,BUY,3,7.89,82.9,7.88,210.1,7.87,575.9,7.86,528.2,7.85,543.4,8.0,141.9,8.01,180.5,8.02,372.5,8.03,550.2,8.04,490.3
1700000511.5,1023,7.945,0.11000000000000032,7.89,136.6,8.0,226.6,2004.7,2078.3,7.89,15.3,SELL,3,7.89,136.6,7.88,1390.4,7.87,144.6,7.86,147.9,7.85,185.2,8.0,226.6,8.01,357.3,8.02,520.6,8.03,478.5,8.04,495.3
1700000512.0,1024,9.08,0.10000000000000142,9.03,790.1,9.13,228.9,1784.8,2105.0,9.03,59.4,SELL,2,9.03,790.1,9.02,25.0,9.01,187.5,9.0,359.2,8.99,423.0,9.13,228.9,9.14,78.9,9.15,124.5,9.16,123.6,9.17,1549.1
1700000512.5,1025,9.08,0.120000000000001,9.02,1381.3,9.14,120.5,3288.1000000000004,5109.3,9.14,19.7,BUY,1,9.02,1381.3,9.01,22.0,9.0,1743.2,8.99,17.8,8.98,123.8,9.14,120.5,9.15,822.9,9.16,1249.6,9.17,1695.1,9.18,1221.2
1700000513.0,1026,9.08,0.10000000000000142,9.03,157.8,9.13,410.7,3201.1,2116.7,9.08,0.0,BUY,0,9.03,157.8,9.02,696.7,9.01,375.5,9.0,138.0,8.99,1833.1,9.13,410.7,9.14,25.1,9.15,601.6,9.16,509.5,9.17,569.8
1700000513.5,1027,9.08,0.10000000000000142,9.03,749.5,9.13,154.4,5222.200000000001,2328.4,9.08,0.0,BUY,0,9.03,749.5,9.02,1417.9,9.01,689.9,9.0,1189.5,8.99,1175.4,9.13,154.4,9.14,301.7,9.15,44.0,9.16,1307.8,9.17,520.5
1700000514.0,1028,9.08,0.10000000000000142,9.03,389.7,9.13,784.1,3623.6,3433.0999999999995,9.03,16.6,SELL,2,9.03,389.7,9.02,1101.0,9.01,625.5,9.0,439.4,8.99,1068.0,9.13,784.1,9.14,1616.0,9.15,274.7,9.16,359.2,9.17,399.1
1700000514.5,1029,9.08,0.10000000000000142,9.03,935.7,9.13,520.7,4930.1,3391.7,9.03,54.9,SELL,1,9.03,935.7,9.02,94.4,9.01,1525.9,9.0,1838.1,8.99,536.0,9.13,520.7,9.14,68.7,9.15,891.0,9.16,204.5,9.17,1706.8
1700000515.0,1030,9.08,0.10000000000000142,9.03,353.4,9.13,444.1,2916.7,4652.7,9.13,114.3,BUY,1,9.03,353.4,9.02,113.0,9.01,1285.6,9.0,751.7,8.99,413.0,9.13,444.1,9.14,1928.3,9.15,858.2,9.16,1245.2,9.17,176.9
1700000515.5,1031,9.565,0.10999999999999943,9.51,1424.2,9.62,118.2,5264.5,2836.2999999999997,9.51,28.5,SELL,4,9.51,1424.2,9.5,160.7,9.49,830.3,9.48,1989.2,9.47,860.1,9.62,118.2,9.63,1077.9,9.64,1207.1,9.65,76.4,9.66,356.7
1700000516.0,1032,9.559999999999999,0.09999999999999964,9.51,65.7,9.61,369.8,3681.1000000000004,2326.5,9.559999999999999,0.0,BUY,0,9.51,65.7,9.5,1309.5,9.49,110.8,9.48,582.9,9.47,1612.2,9.61,369.8,9.62,102.8,9.63,631.7,9.64,975.1,9.65,247.1
1700000516.5,1033,9.565,0.10999999999999943,9.51,311.5,9.62,37.9,1296.6000000000001,2942.7,9.565,0.0,BUY,0,9.51,311.5,9.5,405.1,9.49,205.9,9.48,155.7,9.47,218.4,9.62,37.9,9.63,185.4,9.64,872.5,9.65,333.7,9.66,1513.2
1700000517.0,1034,9.565,0.10999999999999943,9.51,164.4,9.62,158.6,1396.7,4592.599999999999,9.62,16.7,BUY,3,9.51,164.4,9.5,83.7,9.49,428.5,9.48,386.9,9.47,333.2,9.62,158.6,9.63,1228.0,9.64,1184.0,9.65,1117.6,9.66,904.4
1700000517.5,1035,9.559999999999999,0.09999999999999964,9.51,817.1,9.61,441.6,1245.9,3218.3,9.51,5.0,SELL,1,9.51,817.1,9.5,162.2,9.49,60.2,9.48,43.7,9.47,162.7,9.61,441.6,9.62,652.5,9.63,515.4,9.64,1229.3,9.65,379.5
1700000518.0,1036,9.559999999999999,0.09999999999999964,9.51,165.1,9.61,225.3,2986.8000000000006,4358.7,9.51,140.8,SELL,2,9.51,165.1,9.5,618.6,9.49,1973.4,9.48,109.4,9.47,120.3,9.61,225.3,9.62,114.8,9.63,715.9,9.64,682.2,9.65,2620.5
1700000518.5,1037,9.559999999999999,0.09999999999999964,9.51,530.6,9.61,41.5,2785.6,952.9,9.559999999999999,0.0,BUY,0,9.51,530.6,9.5,365.0,9.49,798.1,9.48,350.0,9.47,741.9,9.61,41.5,9.62,136.7,9.63,63.2,9.64,586.5,9.65,125.0
1700000519.0,1038,9.36,0.09999999999999964,9.31,71.8,9.41,404.6,1061.8,4337.8,9.41,11.9,BUY,4,9.31,71.8,9.3,10.0,9.29,58.3,9.28,594.5,9.27,327.2,9.41,404.6,9.42,556.1,9.43,725.5,9.44,2282.6,9.45,369.0
1700000519.5,1039,9.355,0.10999999999999943,9.3,270.2,9.41,847.0,5087.5,2818.8,9.41,17.7,BUY,3,9.3,270.2,9.29,325.1,9.28,522.3,9.27,1711.5,9.26,2258.4,9.41,847.0,9.42,258.3,9.43,93.6,9.44,852.7,9.45,767.2
1700000520.0,1040,9.355,0.10999999999999943,9.3,819.4,9.41,503.5,2469.0,3393.9,9.3,51.1,SELL,3,9.3,819.4,9.29,94.7,9.28,344.0,9.27,414.6,9.26,796.3,9.41,503.5,9.42,502.2,9.43,798.6,9.44,1415.9,9.45,173.7
1700000520.5,1041,9.355,0.10999999999999943,9.3,327.5,9.41,437.1,2522.1,1197.3,9.41,165.6,BUY,2,9.3,327.5,9.29,453.5,9.28,106.8,9.27,496.7,9.26,1137.6,9.41,437.1,9.42,114.8,9.43,189.7,9.44,327.5,9.45,128.2
1700000521.0,1042,9.355,0.10999999999999943,9.3,66.1,9.41,255.3,1902.4,3516.8,9.355,0.0,BUY,0,9.3,66.1,9.29,805.2,9.28,38.0,9.27,817.2,9.26,175.9,9.41,255.3,9.42,925.5,9.43,188.4,9.44,1275.2,9.45,872.4
1700000521.5,1043,9.355,0.10999999999999943,9.3,467.7,9.41,62.4,2490.1,1708.6,9.3,5.0,SELL,1,9.3,467.7,9.29,451.7,9.28,637.5,9.27,62.8,9.26,870.4,9.41,62.4,9.42,410.1,9.43,17.3,9.44,499.0,9.45,719.8
1700000522.0,1044,9.355,0.10999999999999943,9.3,182.0,9.41,267.7,6409.9,2147.0,9.3,20.4,SELL,1,9.3,182.0,9.29,2709.6,9.28,850.5,9.27,1008.6,9.26,1659.2,9.41,267.7,9.42,1321.0,9.43,48.6,9.44,423.5,9.45,86.2
1700000522.5,1045,9.36,0.11999999999999922,9.3,159.5,9.42,785.7,1397.1,1980.8999999999999,9.42,63.6,BUY,3,9.3,159.5,9.29,50.2,9.28,780.5,9.27,328.4,9.26,78.5,9.42,785.7,9.43,180.0,9.44,12.9,9.45,581.0,9.46,421.3
1700000523.0,1046,10.315,0.10999999999999943,10.26,402.0,10.37,338.1,4200.700000000001,1837.7,10.26,114.4,SELL,1,10.26,402.0,10.25,195.9,10.24,1973.5,10.23,127.3,10.22,1502.0,10.37,338.1,10.38,126.6,10.39,413.9,10.4,810.6,10.41,148.5
1700000523.5,1047,10.309999999999999,0.09999999999999964,10.26,391.6,10.36,1593.5,3235.8,3540.3999999999996,10.309999999999999,0.0,BUY,0,10.26,391.6,10.25,1274.7,10.24,446.5,10.23,69.6,10.22,1053.4,10.36,1593.5,10.37,700.2,10.38,627.9,10.39,201.2,10.4,417.6
1700000524.0,1048,10.315,0.10999999999999943,10.26,220.8,10.37,224.8,3210.8999999999996,1841.4999999999998,10.315,0.0,BUY,0,10.26,220.8,10.25,147.0,10.24,2171.2,10.23,56.7,10.22,615.2,10.37,224.8,10.38,1340.5,10.39,10.0,10.4,240.1,10.41,26.1
1700000524.5,1049,10.315,0.10999999999999943,10.26,645.3,10.37,1573.9,3699.2,3914.1000000000004,10.37,13.6,BUY,1,10.26,645.3,10.25,484.3,10.24,656.8,10.23,358.5,10.22,1554.3,10.37,1573.9,10.38,344.5,10.39,505.0,10.4,293.0,10.41,1197.7
1700000525.0,1050,10.315,0.10999999999999943,10.26,55.5,10.37,378.4,3087.8,5384.9,10.37,36.9,BUY,1,10.26,55.5,10.25,564.6,10.24,491.9,10.23,929.5,10.22,1046.3,10.37,378.4,10.38,510.9,10.39,938.7,10.4,1445.3,10.41,2111.6
1700000525.5,1051,10.315,0.10999999999999943,10.26,398.9,10.37,974.4,725.0999999999999,6559.2,10.37,161.8,BUY,7,10.26,398.9,10.25,72.3,10.24,31.0,10.23,68.2,10.22,154.7,10.37,974.4,10.38,1647.2,10.39,1236.9,10.4,1205.4,10.41,1495.3
1700000526.0,1052,10.315,0.10999999999999943,10.26,61.8,10.37,1327.3,762.0999999999999,3149.0,10.37,27.1,BUY,1,10.26,61.8,10.25,259.4,10.24,121.3,10.23,59.2,10.22,260.4,10.37,1327.3,10.38,11.2,10.39,500.3,10.4,605.8,10.41,704.4
1700000526.5,1053,10.315,0.10999999999999943,10.26,283.6,10.37,116.1,3917.2000000000003,1446.5,10.37,81.6,BUY,2,10.26,283.6,10.25,584.4,10.24,627.9,10.23,1063.2,10.22,1358.1,10.37,116.1,10.38,588.5,10.39,13.7,10.4,294.6,10.41,433.6
1700000527.0,1054,10.309999999999999,0.09999999999999964,10.26,218.6,10.36,75.2,1481.1000000000001,2092.2,10.36,41.2,BUY,4,10.26,218.6,10.25,271.4,10.24,703.4,10.23,214.2,10.22,73.5,10.36,75.2,10.37,254.9,10.38,705.1,10.39,109.6,10.4,947.4
1700000527.5,1055,10.315,0.10999999999999943,10.26,333.0,10.37,88.8,2112.8,2180.2,10.315,0.0,BUY,0,10.26,333.0,10.25,17.0,10.24,526.0,10.23,332.2,10.22,904.6,10.37,88.8,10.38,489.9,10.39,86.9,10.4,266.0,10.41,1248.6
1700000528.0,1056,10.315,0.10999999999999943,10.26,595.8,10.37,691.4,1606.3,3077.8,10.26,100.6,SELL,1,10.26,595.8,10.25,52.7,10.24,298.7,10.23,200.6,10.22,458.5,10.37,691.4,10.38,936.6,10.39,318.0,10.4,847.0,10.41,284.8
1700000528.5,1057,10.309999999999999,0.09999999999999964,10.26,48.8,10.36,166.7,7022.1,3003.3,10.26,107.6,SELL,2,10.26,48.8,10.25,2228.4,10.24,358.7,10.23,3722.9,10.22,663.3,10.36,166.7,10.37,313.1,10.38,425.7,10.39,729.7,10.4,1368.1
1700000529.0,1058,10.309999999999999,0.11999999999999922,10.25,201.7,10.37,229.9,1664.0,2312.8,10.25,5.0,SELL,1,10.25,201.7,10.24,49.6,10.23,221.9,10.22,416.5,10.21,774.3,10.37,229.9,10.38,623.0,10.39,261.1,10.4,397.1,10.41,801.7
1700000529.5,1059,10.309999999999999,0.09999999999999964,10.26,110.1,10.36,354.9,1809.1000000000001,2554.2,10.36,6.8,BUY,1,10.26,110.1,10.25,587.7,10.24,40.5,10.23,577.0,10.22,493.8,10.36,354.9,10.37,562.3,10.38,1226.6,10.39,311.3,10.4,99.1
1700000530.0,1060,10.315,0.10999999999999943,10.26,43.2,10.37,1033.3,2460.3,9606.3,10.37,12.5,BUY,1,10.26,43.2,10.25,514.0,10.24,146.5,10.23,943.2,10.22,813.4,10.37,1033.3,10.38,49.4,10.39,2284.5,10.4,852.6,10.41,5386.5
1700000530.5,1061,10.309999999999999,0.11999999999999922,10.25,1002.4,10.37,161.3,4631.0,2103.2,10.37,20.2,BUY,2,10.25,1002.4,10.24,991.3,10.23,202.8,10.22,1158.9,10.21,1275.6,10.37,161.3,10.38,20.4,10.39,1316.8,10.4,502.6,10.41,102.1
1700000531.0,1062,10.315,0.10999999999999943,10.26,318.5,10.37,371.6,3505.8999999999996,3829.2,10.26,103.6,SELL,2,10.26,318.5,10.25,102.7,10.24,335.9,10.23,1242.0,10.22,1506.8,10.37,371.6,10.38,641.6,10.39,199.3,10.4,1132.4,10.41,1484.3
1700000531.5,1063,10.315,0.10999999999999943,10.26,189.1,10.37,415.5,3432.5,7871.0,10.37,21.9,BUY,2,10.26,189.1,10.25,443.2,10.24,150.5,10.23,1755.7,10.22,894.0,10.37,415.5,10.38,2502.0,10.39,2694.6,10.4,861.9,10.41,1397.0
1700000532.0,1064,10.315,0.10999999999999943,10.26,20.4,10.37,454.0,567.7,5936.900000000001,10.315,0.0,BUY,0,10.26,20.4,10.25,319.9,10.24,184.0,10.23,24.2,10.22,19.2,10.37,454.0,10.38,284.1,10.39,989.7,10.4,3787.8,10.41,421.3
1700000532.5,1065,10.27,0.11999999999999922,10.21,565.9,10.33,1422.4,3080.3,5095.099999999999,10.21,21.7,SELL,1,10.21,565.9,10.2,960.4,10.19,493.7,10.18,602.9,10.17,457.4,10.33,1422.4,10.34,1106.1,10.35,496.7,10.36,1040.2,10.37,1029.7
1700000533.0,1066,10.265,0.10999999999999943,10.21,551.2,10.32,360.3,1780.8000000000002,3425.6000000000004,10.21,27.7,SELL,2,10.21,551.2,10.2,227.5,10.19,465.1,10.18,167.4,10.17,369.6,10.32,360.3,10.33,92.4,10.34,402.2,10.35,2441.9,10.36,128.8
1700000533.5,1067,10.265,0.10999999999999943,10.21,20.3,10.32,1019.8,3356.1000000000004,5230.900000000001,10.21,135.8,SELL,3,10.21,20.3,10.2,509.0,10.19,1961.5,10.18,730.3,10.17,135.0,10.32,1019.8,10.33,117.4,10.34,389.6,10.35,1564.3,10.36,2139.8
1700000534.0,1068,10.265,0.10999999999999943,10.21,1664.2,10.32,77.7,10784.3,2656.1000000000004,10.265,0.0,BUY,0,10.21,1664.2,10.2,115.4,10.19,946.8,10.18,55.5,10.17,8002.4,10.32,77.7,10.33,896.8,10.34,1082.5,10.35,442.3,10.36,156.8
1700000534.5,1069,10.265,0.10999999999999943,10.21,35.4,10.32,803.8,1023.7,1656.5,10.265,0.0,BUY,0,10.21,35.4,10.2,145.8,10.19,337.4,10.18,432.5,10.17,72.6,10.32,803.8,10.33,10.0,10.34,79.5,10.35,635.2,10.36,128.0
1700000535.0,1070,10.265,0.10999999999999943,10.21,314.6,10.32,407.0,5579.5,5874.4,10.265,0.0,BUY,0,10.21,314.6,10.2,1677.7,10.19,378.1,10.18,1017.6,10.17,2191.5,10.32,407.0,10.33,3988.9,10.34,10.0,10.35,968.1,10.36,500.4
1700000535.5,1071,10.265,0.10999999999999943,10.21,289.0,10.32,842.2,2891.0,3481.6,10.32,137.4,BUY,2,10.21,289.0,10.2,725.1,10.19,59.9,10.18,279.1,10.17,1537.9,10.32,842.2,10.33,386.3,10.34,364.8,10.35,10.0,10.36,1878.3
1700000536.0,1072,10.265,0.10999999999999943,10.21,31.7,10.32,76.8,1132.9,4002.9999999999995,10.265,0.0,BUY,0,10.21,31.7,10.2,19.0,10.19,460.5,10.18,134.0,10.17,487.7,10.32,76.8,10.33,604.3,10.34,966.8,10.35,1249.0,10.36,1106.1
1700000536.5,1073,10.27,0.09999999999999964,10.22,127.9,10.32,500.5,2609.8,2083.2000000000003,10.22,22.8,SELL,4,10.22,127.9,10.21,79.4,10.2,428.1,10.19,1330.7,10.18,643.7,10.32,500.5,10.33,268.5,10.34,388.7,10.35,494.1,10.36,431.4
1700000537.0,1074,10.615,0.10999999999999943,10.56,776.3,10.67,299.7,3170.9,2409.9,10.56,57.9,SELL,1,10.56,776.3,10.55,1261.9,10.54,34.9,10.53,261.4,10.52,836.4,10.67,299.7,10.68,135.1,10.69,40.5,10.7,354.1,10.71,1580.5
1700000537.5,1075,10.615,0.10999999999999943,10.56,899.7,10.67,181.8,3344.2,2297.0,10.615,0.0,BUY,0,10.56,899.7,10.55,1114.5,10.54,199.9,10.53,821.6,10.52,308.5,10.67,181.8,10.68,134.5,10.69,500.6,10.7,1450.0,10.71,30.1
1700000538.0,1076,10.620000000000001,0.11999999999999922,10.56,182.0,10.68,289.2,1409.6,2768.2999999999997,10.68,6.0,BUY,4,10.56,182.0,10.55,272.4,10.54,274.8,10.53,144.1,10.52,536.3,10.68,289.2,10.69,1008.1,10.7,273.9,10.71,442.3,10.72,754.8
1700000538.5,1077,10.620000000000001,0.11999999999999922,10.56,32.5,10.68,190.0,684.8,2002.8999999999999,10.56,57.9,SELL,3,10.56,32.5,10.55,291.4,10.54,37.9,10.53,218.3,10.52,104.7,10.68,190.0,10.69,829.8,10.7,147.6,10.71,764.8,10.72,70.7
1700000539.0,1078,10.620000000000001,0.11999999999999922,10.56,493.6,10.68,44.1,2509.7000000000003,1264.2,10.68,15.7,BUY,4,10.56,493.6,10.55,523.1,10.54,55.2,10.53,1027.7,10.52,410.1,10.68,44.1,10.69,514.3,10.7,397.5,10.71,159.1,10.72,149.2
1700000539.5,1079,10.615,0.10999999999999943,10.56,425.2,10.67,670.0,1353.6,3174.2,10.67,125.5,BUY,1,10.56,425.2,10.55,209.2,10.54,45.0,10.53,278.7,10.52,395.5,10.67,670.0,10.68,331.8,10.69,163.3,10.7,1234.6,10.71,774.5
1700000540.0,1080,10.620000000000001,0.11999999999999922,10.56,213.0,10.68,350.3,1694.6,4986.599999999999,10.56,57.6,SELL,1,10.56,213.0,10.55,544.6,10.54,329.8,10.53,364.1,10.52,243.1,10.68,350.3,10.69,467.7,10.7,505.3,10.71,1456.6,10.72,2206.7
1700000540.5,1081,10.615,0.10999999999999943,10.56,379.0,10.67,1555.9,4321.4,4138.8,10.56,15.4,SELL,3,10.56,379.0,10.55,685.2,10.54,143.9,10.53,1051.7,10.52,2061.6,10.67,1555.9,10.68,405.6,10.69,623.7,10.7,1485.0,10.71,68.6
1700000541.0,1082,10.615,0.10999999999999943,10.56,76.3,10.67,85.0,1717.3,3844.3,10.67,12.8,BUY,1,10.56,76.3,10.55,280.7,10.54,393.4,10.53,249.2,10.52,717.7,10.67,85.0,10.68,736.5,10.69,468.8,10.7,1334.5,10.71,1219.5
1700000541.5,1083,10.620000000000001,0.11999999999999922,10.56,1285.7,10.68,568.2,5838.599999999999,4921.9,10.68,5.0,BUY,2,10.56,1285.7,10.55,1210.1,10.54,2891.2,10.53,70.9,10.52,380.7,10.68,568.2,10.69,62.0,10.7,3885.8,10.71,145.4,10.72,260.5
1700000542.0,1084,10.620000000000001,0.09999999999999964,10.57,712.5,10.67,119.0,3426.0,1197.3,10.620000000000001,0.0,BUY,0,10.57,712.5,10.56,124.0,10.55,1315.7,10.54,331.3,10.53,942.5,10.67,119.0,10.68,487.0,10.69,10.0,10.7,570.6,10.71,10.7
1700000542.5,1085,10.615,0.10999999999999943,10.56,146.7,10.67,29.7,2655.7,2813.7000000000003,10.67,15.9,BUY,4,10.56,146.7,10.55,78.0,10.54,1915.5,10.53,293.2,10.52,222.3,10.67,29.7,10.68,116.0,10.69,1182.3,10.7,1323.9,10.71,161.8
1700000543.0,1086,10.620000000000001,0.11999999999999922,10.56,841.0,10.68,488.9,3617.6,2355.5,10.56,46.8,SELL,2,10.56,841.0,10.55,324.7,10.54,186.3,10.53,766.5,10.52,1499.1,10.68,488.9,10.69,203.7,10.7,861.7,10.71,618.9,10.72,182.3
1700000543.5,1087,10.620000000000001,0.11999999999999922,10.56,1126.6,10.68,272.8,1955.9,2101.1,10.620000000000001,0.0,BUY,0,10.56,1126.6,10.55,372.4,10.54,241.4,10.53,10.0,10.52,205.5,10.68,272.8,10.69,1326.4,10.7,128.7,10.71,276.0,10.72,97.2
1700000544.0,1088,10.615,0.10999999999999943,10.56,326.3,10.67,989.5,2381.0,6268.8,10.67,20.4,BUY,4,10.56,326.3,10.55,248.6,10.54,922.4,10.53,580.8,10.52,302.9,10.67,989.5,10.68,2033.2,10.69,131.0,10.7,621.3,10.71,2493.8
1700000544.5,1089,10.615,0.10999999999999943,10.56,1544.2,10.67,33.5,3871.7000000000003,1947.2999999999997,10.67,99.2,BUY,4,10.56,1544.2,10.55,257.6,10.54,532.0,10.53,1112.6,10.52,425.3,10.67,33.5,10.68,541.5,10.69,75.4,10.7,529.3,10.71,767.6
1700000545.0,1090,10.615,0.10999999999999943,10.56,55.7,10.67,36.1,2843.9,1911.3,10.56,71.2,SELL,3,10.56,55.7,10.55,1148.5,10.54,1236.3,10.53,236.6,10.52,166.8,10.67,36.1,10.68,104.2,10.69,143.5,10.7,1472.7,10.71,154.8
1700000545.5,1091,10.620000000000001,0.11999999999999922,10.56,63.6,10.68,699.1,4934.1,4128.299999999999,10.68,18.3,BUY,1,10.56,63.6,10.55,2199.2,10.54,535.3,10.53,1659.9,10.52,476.1,10.68,699.1,10.69,689.6,10.7,254.3,10.71,941.2,10.72,1544.1
1700000546.0,1092,10.615,0.10999999999999943,10.56,144.1,10.67,12.5,1088.1,1163.2,10.56,21.6,SELL,1,10.56,144.1,10.55,448.3,10.54,11.2,10.53,285.5,10.52,199.0,10.67,12.5,10.68,130.2,10.69,389.2,10.7,250.8,10.71,380.5
1700000546.5,1093,10.615,0.10999999999999943,10.56,299.7,10.67,10.0,3385.1,2776.5000000000005,10.615,0.0,BUY,0,10.56,299.7,10.55,426.1,10.54,948.5,10.53,593.2,10.52,1117.6,10.67,10.0,10.68,1242.2,10.69,682.1,10.7,763.8,10.71,78.4
1700000547.0,1094,10.615,0.10999999999999943,10.56,688.6,10.67,891.5,3403.6,3385.6,10.67,20.2,BUY,2,10.56,688.6,10.55,17.2,10.54,421.2,10.53,771.5,10.52,1505.1,10.67,891.5,10.68,922.8,10.69,531.8,10.7,453.9,10.71,585.6
1700000547.5,1095,10.620000000000001,0.09999999999999964,10.57,525.1,10.67,569.0,1296.6999999999998,2218.3,10.620000000000001,0.0,BUY,0,10.57,525.1,10.56,92.5,10.55,47.4,10.54,15.4,10.53,616.3,10.67,569.0,10.68,317.6,10.69,496.3,10.7,593.1,10.71,242.3
1700000548.0,1096,10.620000000000001,0.11999999999999922,10.56,322.4,10.68,133.7,3926.8,1181.2,10.56,15.6,SELL,2,10.56,322.4,10.55,621.0,10.54,56.3,10.53,264.7,10.52,2662.4,10.68,133.7,10.69,410.8,10.7,308.4,10.71,195.8,10.72,132.5
1700000548.5,1097,10.620000000000001,0.11999999999999922,10.56,26.5,10.68,781.8,2398.3999999999996,3476.9,10.68,38.5,BUY,1,10.56,26.5,10.55,447.6,10.54,398.7,10.53,283.9,10.52,1241.7,10.68,781.8,10.69,853.5,10.7,596.1,10.71,582.1,10.72,663.4
1700000549.0,1098,10.615,0.10999999999999943,10.56,255.7,10.67,426.2,3516.3,952.9,10.67,42.8,BUY,1,10.56,255.7,10.55,733.4,10.54,125.6,10.53,571.7,10.52,1829.9,10.67,426.2,10.68,50.2,10.69,274.6,10.7,144.4,10.71,57.5
1700000549.5,1099,10.620000000000001,0.11999999999999922,10.56,173.6,10.68,609.4,4356.1,2857.2,10.68,39.4,BUY,2,10.56,173.6,10.55,458.8,10.54,721.1,10.53,1679.1,10.52,1323.5,10.68,609.4,10.69,778.4,10.7,456.9,10.71,889.9,10.72,122.6
1700000550.0,1100,10.615,0.10999999999999943,10.56,24.4,10.67,106.3,1376.2,3086.9,10.615,0.0,BUY,0,10.56,24.4,10.55,244.5,10.54,60.5,10.53,968.0,10.52,78.8,10.67,106.3,10.68,307.9,10.69,186.7,10.7,2104.6,10.71,381.4
1700000550.5,1101,10.620000000000001,0.11999999999999922,10.56,635.8,10.68,287.3,8075.6,1285.6,10.56,15.1,SELL,2,10.56,635.8,10.55,577.5,10.54,489.2,10.53,302.6,10.52,6070.5,10.68,287.3,10.69,320.2,10.7,453.5,10.71,116.0,10.72,108.6
1700000551.0,1102,10.615,0.10999999999999943,10.56,160.8,10.67,54.2,4774.8,4698.3,10.67,111.6,BUY,3,10.56,160.8,10.55,330.5,10.54,371.0,10.53,3808.4,10.52,104.1,10.67,54.2,10.68,24.6,10.69,147.1,10.7,4189.3,10.71,283.1
1700000551.5,1103,10.615,0.10999999999999943,10.56,93.6,10.67,455.2,2028.8000000000002,3221.9000000000005,10.615,0.0,BUY,0,10.56,93.6,10.55,184.9,10.54,245.6,10.53,461.8,10.52,1042.9,10.67,455.2,10.68,146.6,10.69,534.6,10.7,1934.7,10.71,150.8
1700000552.0,1104,10.620000000000001,0.11999999999999922,10.56,475.1,10.68,22.0,1778.9,2003.0,10.68,5.6,BUY,4,10.56,475.1,10.55,466.6,10.54,466.6,10.53,333.5,10.52,37.1,10.68,22.0,10.69,112.5,10.7,212.3,10.71,1152.3,10.72,503.9
1700000552.5,1105,10.615,0.10999999999999943,10.56,201.2,10.67,10.0,2198.1,2015.6000000000004,10.615,0.0,BUY,0,10.56,201.2,10.55,105.8,10.54,581.7,10.53,337.5,10.52,971.9,10.67,10.0,10.68,1027.4,10.69,555.9,10.7,45.2,10.71,377.1
1700000553.0,1106,10.620000000000001,0.11999999999999922,10.56,585.3,10.68,428.9,2680.1,2255.2,10.620000000000001,0.0,BUY,0,10.56,585.3,10.55,478.0,10.54,440.9,10.53,386.8,10.52,789.1,10.68,428.9,10.69,148.3,10.7,451.0,10.71,379.8,10.72,847.2
1700000553.5,1107,10.615,0.10999999999999943,10.56,429.0,10.67,81.7,2730.0,4078.6000000000004,10.67,128.5,BUY,2,10.56,429.0,10.55,179.3,10.54,1502.8,10.53,525.0,10.52,93.9,10.67,81.7,10.68,1203.2,10.69,342.0,10.7,104.9,10.71,2346.8
1700000554.0,1108,10.615,0.10999999999999943,10.56,103.1,10.67,191.8,2419.8,3345.0,10.56,5.0,SELL,2,10.56,103.1,10.55,207.7,10.54,544.5,10.53,696.3,10.52,868.2,10.67,191.8,10.68,1417.7,10.69,368.2,10.7,1238.5,10.71,128.8
1700000554.5,1109,10.615,0.10999999999999943,10.56,1469.4,10.67,900.7,1896.7,2499.0,10.67,7.3,BUY,2,10.56,1469.4,10.55,103.1,10.54,92.4,10.53,187.1,10.52,44.7,10.67,900.7,10.68,398.3,10.69,515.8,10.7,451.6,10.71,232.6
1700000555.0,1110,10.615,0.10999999999999943,10.56,1213.8,10.67,21.8,6262.1,2543.0000000000005,10.67,5.0,BUY,2,10.56,1213.8,10.55,2488.4,10.54,1653.8,10.53,451.6,10.52,454.5,10.67,21.8,10.68,406.6,10.69,1076.2,10.7,680.0,10.71,358.4
1700000555.5,1111,10.620000000000001,0.11999999999999922,10.56,145.5,10.68,249.4,1768.4,2545.7,10.56,13.1,SELL,2,10.56,145.5,10.55,264.6,10.54,474.5,10.53,397.4,10.52,486.4,10.68,249.4,10.69,902.6,10.7,39.5,10.71,235.9,10.72,1118.3
1700000556.0,1112,10.615,0.10999999999999943,10.56,409.6,10.67,1145.5,1649.1999999999998,3443.7999999999997,10.67,13.0,BUY,4,10.56,409.6,10.55,133.7,10.54,315.3,10.53,223.7,10.52,566.9,10.67,1145.5,10.68,618.4,10.69,909.8,10.7,229.0,10.71,541.1
1700000556.5,1113,11.489999999999998,0.09999999999999964,11.44,620.0,11.54,33.9,3152.0,2466.9,11.44,77.2,SELL,4,11.44,620.0,11.43,381.5,11.42,722.5,11.41,98.0,11.4,1330.0,11.54,33.9,11.55,290.5,11.56,351.9,11.57,1482.5,11.58,308.1
1700000557.0,1114,8.82,0.09999999999999964,8.77,26.9,8.87,27.5,4027.5,1481.7,8.77,21.4,SELL,2,8.77,26.9,8.76,497.7,8.75,976.0,8.74,1114.6,8.73,1412.3,8.87,27.5,8.88,98.8,8.89,973.9,8.9,189.2,8.91,192.3
1700000557.5,1115,9.435,0.10999999999999943,9.38,1598.1,9.49,1262.6,4416.6,4188.0,9.38,35.5,SELL,2,9.38,1598.1,9.37,308.0,9.36,907.9,9.35,552.2,9.34,1050.4,9.49,1262.6,9.5,1417.2,9.51,991.1,9.52,305.5,9.53,211.6
1700000558.0,1116,9.435,0.10999999999999943,9.38,551.6,9.49,553.5,3688.0,4021.3,9.49,7.7,BUY,4,9.38,551.6,9.37,558.7,9.36,1407.9,9.35,326.7,9.34,843.1,9.49,553.5,9.5,405.9,9.51,322.5,9.52,1985.6,9.53,753.8
1700000558.5,1117,9.440000000000001,0.09999999999999964,9.39,252.6,9.49,786.4,1742.2,2816.2000000000003,9.49,41.3,BUY,1,9.39,252.6,9.38,136.1,9.37,97.8,9.36,977.9,9.35,277.8,9.49,786.4,9.5,575.5,9.51,196.4,9.52,1156.1,9.53,101.8
1700000559.0,1118,9.440000000000001,0.11999999999999922,9.38,238.5,9.5,774.6,3018.6,3043.8,9.38,5.0,SELL,2,9.38,238.5,9.37,680.9,9.36,65.0,9.35,1234.3,9.34,799.9,9.5,774.6,9.51,36.4,9.52,891.7,9.53,279.0,9.54,1062.1
1700000559.5,1119,9.440000000000001,0.09999999999999964,9.39,727.2,9.49,241.3,3388.8,5181.1,9.49,131.8,BUY,3,9.39,727.2,9.38,297.9,9.37,268.6,9.36,526.7,9.35,1568.4,9.49,241.3,9.5,1796.8,9.51,465.1,9.52,1176.9,9.53,1501.0
1700000560.0,1120,9.435,0.10999999999999943,9.38,278.9,9.49,77.5,1835.0,1331.5,9.38,16.9,SELL,1,9.38,278.9,9.37,211.2,9.36,352.9,9.35,67.3,9.34,924.7,9.49,77.5,9.5,193.7,9.51,273.6,9.52,59.5,9.53,727.2
1700000560.5,1121,9.440000000000001,0.09999999999999964,9.39,141.0,9.49,603.0,1181.6,3274.7,9.49,47.2,BUY,2,9.39,141.0,9.38,36.4,9.37,570.2,9.36,281.4,9.35,152.6,9.49,603.0,9.5,87.5,9.51,1029.5,9.52,225.8,9.53,1328.9
1700000561.0,1122,9.440000000000001,0.11999999999999922,9.38,159.0,9.5,484.7,2149.9,2896.8999999999996,9.38,40.3,SELL,1,9.38,159.0,9.37,466.1,9.36,161.3,9.35,104.3,9.34,1259.2,9.5,484.7,9.51,736.3,9.52,229.5,9.53,845.7,9.54,600.7
1700000561.5,1123,9.440000000000001,0.11999999999999922,9.38,71.9,9.5,562.3,2699.5,2479.7,9.38,5.0,SELL,3,9.38,71.9,9.37,137.5,9.36,920.9,9.35,571.5,9.34,997.7,9.5,562.3,9.51,194.6,9.52,599.9,9.53,487.0,9.54,635.9
1700000562.0,1124,9.435,0.10999999999999943,9.38,355.6,9.49,235.2,1767.1999999999998,5480.2,9.435,0.0,BUY,0,9.38,355.6,9.37,297.0,9.36,624.5,9.35,171.1,9.34,319.0,9.49,235.2,9.5,59.4,9.51,2068.0,9.52,2121.9,9.53,995.7
1700000562.5,1125,9.435,0.10999999999999943,9.38,494.6,9.49,356.0,5276.7,2879.5,9.49,44.7,BUY,4,9.38,494.6,9.37,78.3,9.36,112.1,9.35,1224.0,9.34,3367.7,9.49,356.0,9.5,166.8,9.51,1211.3,9.52,390.3,9.53,755.1
1700000563.0,1126,9.435,0.10999999999999943,9.38,588.8,9.49,1147.3,4636.5,4886.9,9.49,7.3,BUY,3,9.38,588.8,9.37,208.5,9.36,896.2,9.35,861.2,9.34,2081.8,9.49,1147.3,9.5,97.2,9.51,1500.4,9.52,1094.1,9.53,1047.9
1700000563.5,1127,9.435,0.10999999999999943,9.38,718.8,9.49,375.8,1513.3999999999999,4978.0,9.49,19.3,BUY,2,9.38,718.8,9.37,26.9,9.36,97.3,9.35,170.6,9.34,499.8,9.49,375.8,9.5,540.8,9.51,401.7,9.52,1794.5,9.53,1865.2
1700000564.0,1128,9.435,0.10999999999999943,9.38,336.0,9.49,296.5,1707.6,4303.4,9.38,43.0,SELL,2,9.38,336.0,9.37,151.8,9.36,134.3,9.35,130.4,9.34,955.1,9.49,296.5,9.5,609.7,9.51,895.2,9.52,401.6,9.53,2100.4
1700000564.5,1129,9.440000000000001,0.09999999999999964,9.39,120.4,9.49,258.7,4846.8,1616.7999999999997,9.39,100.9,SELL,2,9.39,120.4,9.38,1435.0,9.37,285.7,9.36,808.2,9.35,2197.5,9.49,258.7,9.5,47.2,9.51,843.3,9.52,54.0,9.53,413.6
1700000565.0,1130,9.435,0.10999999999999943,9.38,188.6,9.49,484.0,1050.8,5689.2,9.49,90.3,BUY,3,9.38,188.6,9.37,209.8,9.36,10.0,9.35,575.8,9.34,66.6,9.49,484.0,9.5,10.0,9.51,839.1,9.52,1127.4,9.53,3228.7
1700000565.5,1131,9.440000000000001,0.09999999999999964,9.39,167.8,9.49,498.3,2916.0,1757.4,9.49,23.6,BUY,1,9.39,167.8,9.38,306.0,9.37,39.7,9.36,329.4,9.35,2073.1,9.49,498.3,9.5,374.1,9.51,13.2,9.52,757.8,9.53,114.0
1700000566.0,1132,9.440000000000001,0.09999999999999964,9.39,51.6,9.49,54.9,854.8,2752.6000000000004,9.39,51.9,SELL,5,9.39,51.6,9.38,32.9,9.37,201.8,9.36,368.0,9.35,200.5,9.49,54.9,9.5,238.5,9.51,1285.4,9.52,295.2,9.53,878.6
1700000566.5,1133,9.435,0.10999999999999943,9.38,21.0,9.49,159.3,3814.5,3364.0,9.49,5.0,BUY,3,9.38,21.0,9.37,162.8,9.36,124.3,9.35,1219.7,9.34,2286.7,9.49,159.3,9.5,311.0,9.51,575.9,9.52,431.5,9.53,1886.3
1700000567.0,1134,9.435,0.10999999999999943,9.38,328.5,9.49,102.3,2064.6,886.8999999999999,9.49,25.4,BUY,5,9.38,328.5,9.37,147.4,9.36,469.5,9.35,171.6,9.34,947.6,9.49,102.3,9.5,216.8,9.51,262.2,9.52,124.3,9.53,181.3
1700000567.5,1135,8.83,0.120000000000001,8.77,508.9,8.89,68.2,4173.200000000001,3071.5,8.77,141.5,SELL,2,8.77,508.9,8.76,411.8,8.75,72.5,8.74,378.7,8.73,2801.3,8.89,68.2,8.9,43.2,8.91,556.7,8.92,887.1,8.93,1516.3
1700000568.0,1136,8.83,0.10000000000000142,8.78,315.0,8.88,52.1,1998.1,1331.9,8.88,19.9,BUY,1,8.78,315.0,8.77,107.7,8.76,1221.2,8.75,170.1,8.74,184.1,8.88,52.1,8.89,92.7,8.9,237.4,8.91,235.0,8.92,714.7
1700000568.5,1137,7.25,0.09999999999999964,7.2,19.8,7.3,1471.9,2747.8,4054.1000000000004,7.2,51.1,SELL,2,7.2,19.8,7.19,537.7,7.18,362.5,7.17,293.1,7.16,1534.7,7.3,1471.9,7.31,90.5,7.32,377.6,7.33,213.9,7.34,1900.2
1700000569.0,1138,7.25,0.09999999999999964,7.2,382.2,7.3,361.1,6525.9,2332.1000000000004,7.3,15.0,BUY,1,7.2,382.2,7.19,714.3,7.18,1559.5,7.17,2292.9,7.16,1577.0,7.3,361.1,7.31,168.1,7.32,162.5,7.33,808.7,7.34,831.7
1700000569.5,1139,7.25,0.09999999999999964,7.2,620.3,7.3,294.7,3410.7,2043.7,7.25,0.0,BUY,0,7.2,620.3,7.19,57.7,7.18,224.1,7.17,456.1,7.16,2052.5,7.3,294.7,7.31,279.0,7.32,490.4,7.33,690.9,7.34,288.7
1700000570.0,1140,7.25,0.09999999999999964,7.2,33.4,7.3,392.4,2283.4,2327.6,7.3,64.6,BUY,1,7.2,33.4,7.19,1400.1,7.18,230.9,7.17,386.1,7.16,232.9,7.3,392.4,7.31,158.5,7.32,405.9,7.33,187.6,7.34,1183.2
1700000570.5,1141,7.25,0.09999999999999964,7.2,770.5,7.3,308.8,4720.0,3732.3,7.3,32.0,BUY,4,7.2,770.5,7.19,168.0,7.18,2241.0,7.17,163.5,7.16,1377.0,7.3,308.8,7.31,1337.7,7.32,1128.1,7.33,576.2,7.34,381.5
1700000571.0,1142,7.25,0.09999999999999964,7.2,50.5,7.3,32.6,4616.8,2867.2000000000003,7.3,33.0,BUY,2,7.2,50.5,7.19,1513.4,7.18,627.9,7.17,888.8,7.16,1536.2,7.3,32.6,7.31,525.6,7.32,376.7,7.33,1438.9,7.34,493.4
1700000571.5,1143,7.25,0.09999999999999964,7.2,10.0,7.3,896.6,1055.9,2364.7,7.3,61.5,BUY,2,7.2,10.0,7.19,71.0,7.18,323.1,7.17,238.7,7.16,413.1,7.3,896.6,7.31,324.1,7.32,189.5,7.33,334.2,7.34,620.3
1700000572.0,1144,7.25,0.11999999999999922,7.19,415.9,7.31,835.6,4650.9,1730.6000000000004,7.31,76.3,BUY,6,7.19,415.9,7.18,1012.0,7.17,74.0,7.16,1398.6,7.15,1750.4,7.31,835.6,7.32,77.1,7.33,239.4,7.34,557.1,7.35,21.4
1700000572.5,1145,7.25,0.11999999999999922,7.19,81.4,7.31,1278.7,4318.299999999999,4422.700000000001,7.19,13.3,SELL,1,7.19,81.4,7.18,818.8,7.17,740.4,7.16,195.1,7.15,2482.6,7.31,1278.7,7.32,1554.2,7.33,193.8,7.34,963.5,7.35,432.5
1700000573.0,1146,7.25,0.09999999999999964,7.2,265.1,7.3,10.0,3540.9,1040.9,7.3,9.0,BUY,2,7.2,265.1,7.19,17.4,7.18,768.7,7.17,462.2,7.16,2027.5,7.3,10.0,7.31,20.5,7.32,287.0,7.33,174.4,7.34,549.0
1700000573.5,1147,7.25,0.09999999999999964,7.2,343.0,7.3,13.4,2768.5,971.2,7.2,5.0,SELL,4,7.2,343.0,7.19,143.1,7.18,403.7,7.17,42.0,7.16,1836.7,7.3,13.4,7.31,301.9,7.32,175.2,7.33,133.0,7.34,347.7
1700000574.0,1148,7.25,0.09999999999999964,7.2,223.5,7.3,10.0,1941.9,4541.2,7.2,39.8,SELL,3,7.2,223.5,7.19,52.1,7.18,997.4,7.17,658.9,7.16,10.0,7.3,10.0,7.31,389.6,7.32,453.0,7.33,1567.4,7.34,2121.2
1700000574.5,1149,7.25,0.09999999999999964,7.2,41.5,7.3,591.2,3381.1,1904.5000000000002,7.25,0.0,BUY,0,7.2,41.5,7.19,355.1,7.18,1699.9,7.17,83.5,7.16,1201.1,7.3,591.2,7.31,246.8,7.32,364.9,7.33,494.4,7.34,207.2
1700000575.0,1150,7.25,0.09999999999999964,7.2,773.5,7.3,586.2,2086.9,2162.7,7.2,82.8,SELL,1,7.2,773.5,7.19,356.9,7.18,532.2,7.17,94.4,7.16,329.9,7.3,586.2,7.31,133.7,7.32,10.0,7.33,579.6,7.34,853.2
1700000575.5,1151,7.25,0.09999999999999964,7.2,37.9,7.3,1147.9,880.6,4383.9,7.2,5.0,SELL,1,7.2,37.9,7.19,558.2,7.18,51.4,7.17,68.0,7.16,165.1,7.3,1147.9,7.31,414.6,7.32,827.8,7.33,650.0,7.34,1343.6
1700000576.0,1152,7.25,0.09999999999999964,7.2,948.3,7.3,487.5,5207.400000000001,3681.1000000000004,7.3,210.0,BUY,3,7.2,948.3,7.19,1108.2,7.18,705.3,7.17,660.8,7.16,1784.8,7.3,487.5,7.31,603.3,7.32,287.6,7.33,1379.4,7.34,923.3
1700000576.5,1153,7.25,0.09999999999999964,7.2,274.6,7.3,334.9,2550.5,2385.6,7.3,23.8,BUY,1,7.2,274.6,7.19,96.8,7.18,10.0,7.17,682.7,7.16,1486.4,7.3,334.9,7.31,47.4,7.32,552.4,7.33,411.2,7.34,1039.7
1700000577.0,1154,7.25,0.09999999999999964,7.2,55.1,7.3,1067.3,2632.5,4736.0,7.3,20.8,BUY,1,7.2,55.1,7.19,168.3,7.18,781.5,7.17,313.3,7.16,1314.3,7.3,1067.3,7.31,198.1,7.32,859.6,7.33,2401.0,7.34,210.0
1700000577.5,1155,7.25,0.11999999999999922,7.19,1158.1,7.31,879.4,4649.0,3729.7000000000003,7.31,12.8,BUY,2,7.19,1158.1,7.18,45.4,7.17,748.3,7.16,2678.4,7.15,18.8,7.31,879.4,7.32,887.9,7.33,394.5,7.34,582.0,7.35,985.9
1700000578.0,1156,7.25,0.11999999999999922,7.19,484.3,7.31,98.8,6898.5,2638.9,7.19,52.9,SELL,2,7.19,484.3,7.18,217.3,7.17,3204.2,7.16,429.7,7.15,2563.0,7.31,98.8,7.32,362.5,7.33,891.9,7.34,975.8,7.35,309.9
1700000578.5,1157,7.25,0.11999999999999922,7.19,100.9,7.31,954.8,2484.2,2434.7000000000003,7.25,0.0,BUY,0,7.19,100.9,7.18,724.4,7.17,330.4,7.16,953.1,7.15,375.4,7.31,954.8,7.32,146.4,7.33,438.1,7.34,798.1,7.35,97.3
1700000579.0,1158,7.25,0.09999999999999964,7.2,60.2,7.3,1032.8,2510.5,7088.4,7.3,16.9,BUY,1,7.2,60.2,7.19,266.7,7.18,580.2,7.17,1423.3,7.16,180.1,7.3,1032.8,7.31,1467.1,7.32,1706.2,7.33,578.2,7.34,2304.1
1700000579.5,1159,7.25,0.09999999999999964,7.2,1522.0,7.3,921.6,4431.900000000001,2017.5,7.3,113.9,BUY,1,7.2,1522.0,7.19,401.0,7.18,691.3,7.17,114.4,7.16,1703.2,7.3,921.6,7.31,36.4,7.32,627.1,7.33,177.5,7.34,254.9
1700000580.0,1160,7.25,0.09999999999999964,7.2,332.5,7.3,974.5,3577.0,1904.9,7.25,0.0,BUY,0,7.2,332.5,7.19,437.9,7.18,1435.7,7.17,815.0,7.16,555.9,7.3,974.5,7.31,532.8,7.32,101.4,7.33,105.2,7.34,191.0
1700000580.5,1161,7.25,0.09999999999999964,7.2,274.5,7.3,40.2,2913.7,2259.6,7.3,30.7,BUY,2,7.2,274.5,7.19,1943.5,7.18,569.0,7.17,91.5,7.16,35.2,7.3,40.2,7.31,10.0,7.32,22.4,7.33,1470.9,7.34,716.1
1700000581.0,1162,7.25,0.09999999999999964,7.2,279.7,7.3,1247.7,1999.9999999999998,3979.3,7.3,11.0,BUY,2,7.2,279.7,7.19,665.0,7.18,169.1,7.17,589.9,7.16,296.3,7.3,1247.7,7.31,518.1,7.32,473.1,7.33,722.6,7.34,1017.8
1700000581.5,1163,7.25,0.09999999999999964,7.2,82.1,7.3,170.4,2751.8,1997.5,7.3,48.9,BUY,3,7.2,82.1,7.19,269.5,7.18,380.0,7.17,397.2,7.16,1623.0,7.3,170.4,7.31,427.0,7.32,144.0,7.33,69.5,7.34,1186.6
1700000582.0,1164,5.24,0.09999999999999964,5.19,1290.2,5.29,809.3,2487.0,2751.0999999999995,5.19,5.0,SELL,1,5.19,1290.2,5.18,321.2,5.17,361.3,5.16,35.4,5.15,478.9,5.29,809.3,5.3,360.0,5.31,153.3,5.32,1034.3,5.33,394.2
1700000582.5,1165,5.24,0.09999999999999964,5.19,495.0,5.29,948.4,2898.9,2717.1000000000004,5.24,0.0,BUY,0,5.19,495.0,5.18,563.1,5.17,639.5,5.16,195.4,5.15,1005.9,5.29,948.4,5.3,203.5,5.31,25.5,5.32,730.9,5.33,808.8
1700000583.0,1166,5.24,0.1200000000000001,5.18,266.9,5.3,591.6,2139.2,5632.3,5.18,43.0,SELL,3,5.18,266.9,5.17,259.5,5.16,605.4,5.15,114.0,5.14,893.4,5.3,591.6,5.31,411.6,5.32,179.6,5.33,914.2,5.34,3535.3
1700000583.5,1167,5.24,0.09999999999999964,5.19,1279.6,5.29,514.5,3900.5,2399.9000000000005,5.19,43.6,SELL,1,5.19,1279.6,5.18,715.7,5.17,774.1,5.16,383.6,5.15,747.5,5.29,514.5,5.3,24.1,5.31,505.3,5.32,1270.2,5.33,85.8
1700000584.0,1168,5.33,0.09999999999999964,5.28,30.5,5.38,124.9,1222.5,2350.0,5.38,5.0,BUY,4,5.28,30.5,5.27,22.9,5.26,10.0,5.25,704.9,5.24,454.2,5.38,124.9,5.39,494.0,5.4,109.3,5.41,917.5,5.42,704.3
1700000584.5,1169,5.33,0.09999999999999964,5.28,1022.0,5.38,162.8,3454.3,1745.3,5.33,0.0,BUY,0,5.28,1022.0,5.27,72.0,5.26,232.0,5.25,315.9,5.24,1812.4,5.38,162.8,5.39,447.9,5.4,489.8,5.41,253.6,5.42,391.2
1700000585.0,1170,5.33,0.09999999999999964,5.28,144.9,5.38,21.6,2944.1000000000004,1356.6,5.38,21.2,BUY,3,5.28,144.9,5.27,298.3,5.26,436.0,5.25,322.5,5.24,1742.4,5.38,21.6,5.39,304.9,5.4,239.8,5.41,378.0,5.42,412.3
1700000585.5,1171,5.33,0.09999999999999964,5.28,604.7,5.38,162.7,3529.2000000000003,4161.0,5.38,100.1,BUY,2,5.28,604.7,5.27,907.5,5.26,1475.2,5.25,328.9,5.24,212.9,5.38,162.7,5.39,136.9,5.4,292.1,5.41,555.2,5.42,3014.1
1700000586.0,1172,5.33,0.09999999999999964,5.28,63.5,5.38,27.2,2719.1,2668.1,5.38,10.4,BUY,2,5.28,63.5,5.27,690.0,5.26,292.9,5.25,89.6,5.24,1583.1,5.38,27.2,5.39,616.3,5.4,1587.6,5.41,427.0,5.42,10.0
1700000586.5,1173,5.33,0.09999999999999964,5.28,325.6,5.38,16.5,2559.0,3668.7,5.38,120.1,BUY,2,5.28,325.6,5.27,155.6,5.26,872.0,5.25,157.8,5.24,1048.0,5.38,16.5,5.39,507.2,5.4,1204.0,5.41,331.8,5.42,1609.2
1700000587.0,1174,5.33,0.09999999999999964,5.28,459.7,5.38,56.0,2851.6,3471.3,5.38,5.0,BUY,2,5.28,459.7,5.27,502.9,5.26,48.5,5.25,688.0,5.24,1152.5,5.38,56.0,5.39,732.5,5.4,539.1,5.41,1213.2,5.42,930.5
1700000587.5,1175,5.33,0.09999999999999964,5.28,135.2,5.38,164.2,1883.3,3124.1000000000004,5.38,40.3,BUY,3,5.28,135.2,5.27,83.1,5.26,92.9,5.25,1200.1,5.24,372.0,5.38,164.2,5.39,113.7,5.4,1090.9,5.41,312.8,5.42,1442.5
1700000588.0,1176,5.33,0.09999999999999964,5.28,56.9,5.38,511.2,2227.2000000000003,2137.0,5.38,5.0,BUY,1,5.28,56.9,5.27,329.2,5.26,1278.2,5.25,272.1,5.24,290.8,5.38,511.2,5.39,114.3,5.4,161.3,5.41,186.5,5.42,1163.7
1700000588.5,1177,5.33,0.1200000000000001,5.27,513.0,5.39,1774.7,4489.900000000001,4412.9,5.27,106.6,SELL,1,5.27,513.0,5.26,889.0,5.25,2140.9,5.24,553.9,5.23,393.1,5.39,1774.7,5.4,141.5,5.41,1251.5,5.42,105.2,5.43,1140.0
1700000589.0,1178,5.33,0.09999999999999964,5.28,530.0,5.38,798.5,1753.5999999999997,2652.3999999999996,5.38,20.4,BUY,1,5.28,530.0,5.27,91.9,5.26,699.8,5.25,211.8,5.24,220.1,5.38,798.5,5.39,307.3,5.4,330.5,5.41,692.4,5.42,523.7
1700000589.5,1179,5.33,0.09999999999999964,5.28,89.3,5.38,219.1,3446.3,2089.6000000000004,5.33,0.0,BUY,0,5.28,89.3,5.27,403.1,5.26,1258.7,5.25,1500.4,5.24,194.8,5.38,219.1,5.39,79.4,5.4,58.4,5.41,1041.5,5.42,691.2
1700000590.0,1180,5.33,0.09999999999999964,5.28,754.0,5.38,268.0,3554.8999999999996,3599.2,5.28,54.3,SELL,2,5.28,754.0,5.27,581.1,5.26,885.0,5.25,1157.3,5.24,177.5,5.38,268.0,5.39,1467.4,5.4,34.7,5.41,229.6,5.42,1599.5
1700000590.5,1181,5.33,0.1200000000000001,5.27,135.7,5.39,309.3,2230.3,3624.2,5.27,19.9,SELL,1,5.27,135.7,5.26,331.1,5.25,621.4,5.24,306.9,5.23,835.2,5.39,309.3,5.4,882.3,5.41,214.5,5.42,1845.0,5.43,373.1
1700000591.0,1182,5.33,0.09999999999999964,5.28,246.6,5.38,1031.1,3505.5,7790.9,5.28,20.0,SELL,1,5.28,246.6,5.27,103.1,5.26,236.2,5.25,1827.0,5.24,1092.6,5.38,1031.1,5.39,1135.5,5.4,19.7,5.41,2003.1,5.42,3601.5
1700000591.5,1183,5.33,0.09999999999999964,5.28,571.8,5.38,243.9,3314.2,2745.4,5.38,37.0,BUY,3,5.28,571.8,5.27,798.6,5.26,324.8,5.25,1471.3,5.24,147.7,5.38,243.9,5.39,282.2,5.4,458.5,5.41,36.7,5.42,1724.1
1700000592.0,1184,5.33,0.1200000000000001,5.27,161.3,5.39,1016.1,3424.1000000000004,5418.6,5.39,148.0,BUY,2,5.27,161.3,5.26,2369.3,5.25,21.3,5.24,792.5,5.23,79.7,5.39,1016.1,5.4,275.2,5.41,723.9,5.42,945.6,5.43,2457.8
1700000592.5,1185,5.33,0.09999999999999964,5.28,107.6,5.38,440.1,2586.0,1895.8,5.28,7.1,SELL,3,5.28,107.6,5.27,61.6,5.26,181.6,5.25,1742.7,5.24,492.5,5.38,440.1,5.39,170.5,5.4,729.1,5.41,495.4,5.42,60.7
1700000593.0,1186,5.445,0.11000000000000032,5.39,367.8,5.5,1245.6,1784.0,8388.5,5.39,18.3,SELL,1,5.39,367.8,5.38,171.1,5.37,475.5,5.36,532.7,5.35,236.9,5.5,1245.6,5.51,2378.9,5.52,218.1,5.53,508.0,5.54,4037.9
1700000593.5,1187,5.445,0.11000000000000032,5.39,349.3,5.5,292.8,2493.8,2747.2000000000003,5.39,16.3,SELL,3,5.39,349.3,5.38,248.8,5.37,1137.7,5.36,175.9,5.35,582.1,5.5,292.8,5.51,631.2,5.52,1083.4,5.53,454.0,5.54,285.8
1700000594.0,1188,5.445,0.11000000000000032,5.39,839.0,5.5,871.3,2345.2,5941.4,5.39,48.7,SELL,1,5.39,839.0,5.38,108.1,5.37,42.3,5.36,711.8,5.35,644.0,5.5,871.3,5.51,935.5,5.52,96.2,5.53,1281.3,5.54,2757.1
1700000594.5,1189,5.4399999999999995,0.1200000000000001,5.38,411.1,5.5,247.8,2703.0,4520.4,5.4399999999999995,0.0,BUY,0,5.38,411.1,5.37,1983.5,5.36,44.5,5.35,131.1,5.34,132.8,5.5,247.8,5.51,3597.9,5.52,45.2,5.53,564.3,5.54,65.2
1700000595.0,1190,5.4399999999999995,0.1200000000000001,5.38,333.9,5.5,1446.1,4043.6,4645.799999999999,5.5,24.5,BUY,5,5.38,333.9,5.37,568.6,5.36,1517.2,5.35,10.0,5.34,1613.9,5.5,1446.1,5.51,805.3,5.52,1524.7,5.53,570.7,5.54,299.0
1700000595.5,1191,6.42,0.09999999999999964,6.37,110.5,6.47,221.2,2512.2,2287.3,6.37,83.5,SELL,1,6.37,110.5,6.36,648.7,6.35,715.2,6.34,373.8,6.33,664.0,6.47,221.2,6.48,97.5,6.49,807.4,6.5,937.7,6.51,223.5
1700000596.0,1192,6.845000000000001,0.11000000000000032,6.79,1204.1,6.9,265.5,2107.7,4997.2,6.9,87.7,BUY,1,6.79,1204.1,6.78,239.9,6.77,92.5,6.76,215.8,6.75,355.4,6.9,265.5,6.91,381.5,6.92,1122.6,6.93,2950.8,6.94,276.8
1700000596.5,1193,6.85,0.1200000000000001,6.79,46.6,6.91,10.0,3621.2,3544.0,6.91,5.0,BUY,1,6.79,46.6,6.78,121.4,6.77,1354.1,6.76,24.2,6.75,2074.9,6.91,10.0,6.92,952.1,6.93,820.5,6.94,380.6,6.95,1380.8
1700000597.0,1194,6.845000000000001,0.11000000000000032,6.79,300.1,6.9,1132.4,2900.5,2416.6000000000004,6.79,14.8,SELL,1,6.79,300.1,6.78,471.6,6.77,998.4,6.76,596.0,6.75,534.4,6.9,1132.4,6.91,369.4,6.92,219.9,6.93,655.6,6.94,39.3
1700000597.5,1195,6.845000000000001,0.11000000000000032,6.79,29.6,6.9,10.0,2423.5,3846.0,6.9,29.0,BUY,1,6.79,29.6,6.78,285.6,6.77,165.8,6.76,447.9,6.75,1494.6,6.9,10.0,6.91,699.2,6.92,117.2,6.93,72.9,6.94,2946.7
1700000598.0,1196,6.845000000000001,0.11000000000000032,6.79,634.4,6.9,801.8,2164.4,1739.2000000000003,6.9,39.3,BUY,4,6.79,634.4,6.78,108.6,6.77,759.0,6.76,641.5,6.75,20.9,6.9,801.8,6.91,386.7,6.92,129.4,6.93,215.9,6.94,205.4
1700000598.5,1197,6.85,0.10000000000000053,6.8,235.1,6.9,148.9,1613.1999999999998,3882.7,6.9,38.6,BUY,4,6.8,235.1,6.79,161.8,6.78,94.2,6.77,565.8,6.76,556.3,6.9,148.9,6.91,142.9,6.92,302.9,6.93,14.0,6.94,3274.0
1700000599.0,1198,6.845000000000001,0.11000000000000032,6.79,116.6,6.9,765.8,3358.1,3304.1,6.9,5.0,BUY,1,6.79,116.6,6.78,82.1,6.77,840.9,6.76,1895.4,6.75,423.1,6.9,765.8,6.91,648.1,6.92,442.5,6.93,261.1,6.94,1186.6
1700000599.5,1199,6.845000000000001,0.11000000000000032,6.79,45.0,6.9,280.3,3095.5,1799.6000000000004,6.9,57.8,BUY,2,6.79,45.0,6.78,266.1,6.77,1403.1,6.76,609.5,6.75,771.8,6.9,280.3,6.91,37.1,6.92,889.2,6.93,425.1,6.94,167.9
1700000600.0,1200,6.845000000000001,0.11000000000000032,6.79,81.9,6.9,586.7,4163.0,2395.9,6.79,12.0,SELL,3,6.79,81.9,6.78,343.2,6.77,36.5,6.76,3110.3,6.75,591.1,6.9,586.7,6.91,224.4,6.92,78.2,6.93,1142.8,6.94,363.8
1700000600.5,1201,6.845000000000001,0.11000000000000032,6.79,301.4,6.9,1156.7,4600.3,4224.6,6.9,18.9,BUY,1,6.79,301.4,6.78,1192.0,6.77,1421.1,6.76,1513.2,6.75,172.6,6.9,1156.7,6.91,431.0,6.92,181.4,6.93,994.9,6.94,1460.6
1700000601.0,1202,6.85,0.1200000000000001,6.79,128.4,6.91,609.4,2159.0,2896.5,6.91,75.8,BUY,1,6.79,128.4,6.78,799.5,6.77,483.9,6.76,493.2,6.75,254.0,6.91,609.4,6.92,301.6,6.93,732.0,6.94,287.3,6.95,966.2
1700000601.5,1203,6.845000000000001,0.11000000000000032,6.79,791.2,6.9,314.3,2630.2000000000003,1262.8,6.9,23.7,BUY,2,6.79,791.2,6.78,388.4,6.77,350.2,6.76,918.6,6.75,181.8,6.9,314.3,6.91,114.0,6.92,228.3,6.93,224.5,6.94,381.7
1700000602.0,1204,6.845000000000001,0.11000000000000032,6.79,92.6,6.9,726.1,3853.3,4034.7,6.9,12.6,BUY,2,6.79,92.6,6.78,567.9,6.77,1956.5,6.76,276.4,6.75,959.9,6.9,726.1,6.91,1631.2,6.92,128.5,6.93,40.7,6.94,1508.2
1700000602.5,1205,6.845000000000001,0.11000000000000032,6.79,10.0,6.9,134.7,2391.2999999999997,3018.7999999999997,6.9,65.8,BUY,3,6.79,10.0,6.78,444.0,6.77,1257.5,6.76,388.6,6.75,291.2,6.9,134.7,6.91,515.3,6.92,1124.8,6.93,688.9,6.94,555.1
1700000603.0,1206,6.85,0.10000000000000053,6.8,1438.6,6.9,59.5,6083.099999999999,3359.3,6.8,11.2,SELL,1,6.8,1438.6,6.79,834.1,6.78,2841.0,6.77,351.7,6.76,617.7,6.9,59.5,6.91,333.2,6.92,1195.2,6.93,1152.2,6.94,619.2
1700000603.5,1207,6.845000000000001,0.11000000000000032,6.79,444.2,6.9,165.9,2584.8,5054.6,6.9,70.8,BUY,1,6.79,444.2,6.78,99.1,6.77,556.0,6.76,939.1,6.75,546.4,6.9,165.9,6.91,37.7,6.92,2868.1,6.93,1018.4,6.94,964.5
1700000604.0,1208,6.85,0.10000000000000053,6.8,78.9,6.9,278.6,1932.4,2535.0,6.85,0.0,BUY,0,6.8,78.9,6.79,486.4,6.78,311.5,6.77,10.4,6.76,1045.2,6.9,278.6,6.91,230.0,6.92,233.8,6.93,1040.5,6.94,752.1
1700000604.5,1209,6.845000000000001,0.11000000000000032,6.79,1181.4,6.9,739.9,4964.200000000001,5645.599999999999,6.9,9.0,BUY,4,6.79,1181.4,6.78,777.1,6.77,525.4,6.76,1303.4,6.75,1176.9,6.9,739.9,6.91,67.0,6.92,312.2,6.93,205.8,6.94,4320.7
1700000605.0,1210,6.85,0.10000000000000053,6.8,697.9,6.9,130.3,2128.2,3950.5,6.9,5.0,BUY,5,6.8,697.9,6.79,261.9,6.78,987.2,6.77,164.1,6.76,17.1,6.9,130.3,6.91,474.1,6.92,795.9,6.93,432.0,6.94,2118.2
1700000605.5,1211,6.85,0.1200000000000001,6.79,1022.4,6.91,49.1,4112.2,5091.2,6.91,5.0,BUY,2,6.79,1022.4,6.78,1074.8,6.77,442.6,6.76,176.2,6.75,1396.2,6.91,49.1,6.92,1350.0,6.93,2638.7,6.94,267.2,6.95,786.2
1700000606.0,1212,6.845000000000001,0.11000000000000032,6.79,150.0,6.9,242.7,1656.4,4023.6,6.79,31.8,SELL,3,6.79,150.0,6.78,130.8,6.77,138.4,6.76,756.7,6.75,480.5,6.9,242.7,6.91,1211.0,6.92,1107.2,6.93,140.1,6.94,1322.6
1700000606.5,1213,6.85,0.1200000000000001,6.79,396.3,6.91,346.8,2944.1,4218.5,6.79,40.8,SELL,1,6.79,396.3,6.78,109.2,6.77,1505.6,6.76,452.7,6.75,480.3,6.91,346.8,6.92,483.3,6.93,1504.0,6.94,400.1,6.95,1484.3
1700000607.0,1214,7.24,0.09999999999999964,7.19,276.1,7.29,1137.6,4923.099999999999,5673.799999999999,7.29,11.4,BUY,3,7.19,276.1,7.18,222.3,7.17,1223.7,7.16,3163.6,7.15,37.4,7.29,1137.6,7.3,442.0,7.31,2648.3,7.32,689.0,7.33,756.9
1700000607.5,1215,7.24,0.09999999999999964,7.19,223.5,7.29,362.0,4214.5,3421.9,7.24,0.0,BUY,0,7.19,223.5,7.18,1757.8,7.17,336.1,7.16,582.6,7.15,1314.5,7.29,362.0,7.3,274.9,7.31,955.0,7.32,246.7,7.33,1583.3
1700000608.0,1216,6.07,0.10000000000000053,6.02,243.9,6.12,64.7,2824.8,3203.0,6.02,31.3,SELL,3,6.02,243.9,6.01,268.6,6.0,10.0,5.99,2143.8,5.98,158.5,6.12,64.7,6.13,79.1,6.14,1187.1,6.15,1164.6,6.16,707.5
1700000608.5,1217,6.07,0.10000000000000053,6.02,79.1,6.12,573.2,2456.0,5276.8,6.07,0.0,BUY,0,6.02,79.1,6.01,143.4,6.0,927.5,5.99,894.1,5.98,411.9,6.12,573.2,6.13,1009.4,6.14,994.9,6.15,929.8,6.16,1769.5
1700000609.0,1218,6.07,0.1200000000000001,6.01,761.5,6.13,861.9,2418.2,4551.5,6.01,43.8,SELL,4,6.01,761.5,6.0,110.2,5.99,798.7,5.98,648.3,5.97,99.5,6.13,861.9,6.14,389.6,6.15,179.0,6.16,1858.9,6.17,1262.1
1700000609.5,1219,6.07,0.10000000000000053,6.02,305.4,6.12,644.9,2076.8,1901.7999999999997,6.12,59.4,BUY,4,6.02,305.4,6.01,10.0,6.0,598.5,5.99,191.8,5.98,971.1,6.12,644.9,6.13,165.9,6.14,250.8,6.15,532.6,6.16,307.6
1700000610.0,1220,6.07,0.10000000000000053,6.02,139.9,6.12,117.2,3723.5,867.5,6.12,64.4,BUY,2,6.02,139.9,6.01,2196.8,6.0,637.1,5.99,410.0,5.98,339.7,6.12,117.2,6.13,191.5,6.14,50.4,6.15,41.4,6.16,467.0
1700000610.5,1221,6.07,0.10000000000000053,6.02,165.7,6.12,17.6,729.8000000000001,4358.4,6.02,22.9,SELL,4,6.02,165.7,6.01,16.0,6.0,157.7,5.99,288.8,5.98,101.6,6.12,17.6,6.13,45.5,6.14,1260.9,6.15,1380.9,6.16,1653.5
1700000611.0,1222,6.07,0.10000000000000053,6.02,993.3,6.12,989.1,3219.3,1722.0,6.07,0.0,BUY,0,6.02,993.3,6.01,260.0,6.0,455.2,5.99,235.7,5.98,1275.1,6.12,989.1,6.13,257.7,6.14,146.3,6.15,318.9,6.16,10.0
1700000611.5,1223,6.265000000000001,0.11000000000000032,6.21,266.8,6.32,202.8,2530.2000000000003,1668.0,6.32,50.6,BUY,1,6.21,266.8,6.2,762.1,6.19,539.4,6.18,543.8,6.17,418.1,6.32,202.8,6.33,116.8,6.34,684.7,6.35,376.9,6.36,286.8
1700000612.0,1224,6.27,0.10000000000000053,6.22,1526.6,6.32,96.2,4537.8,1744.8999999999999,6.27,0.0,BUY,0,6.22,1526.6,6.21,287.5,6.2,952.9,6.19,683.1,6.18,1087.7,6.32,96.2,6.33,140.1,6.34,36.5,6.35,1431.0,6.36,41.1
1700000612.5,1225,6.265000000000001,0.11000000000000032,6.21,276.2,6.32,106.2,3794.7,1226.8,6.21,57.2,SELL,2,6.21,276.2,6.2,446.6,6.19,1577.9,6.18,299.3,6.17,1194.7,6.32,106.2,6.33,24.0,6.34,73.4,6.35,119.1,6.36,904.1
1700000613.0,1226,6.265000000000001,0.11000000000000032,6.21,33.1,6.32,1040.6,1776.7,3695.7999999999997,6.32,24.7,BUY,3,6.21,33.1,6.2,633.1,6.19,696.5,6.18,101.8,6.17,312.2,6.32,1040.6,6.33,279.5,6.34,1116.1,6.35,365.5,6.36,894.1
1700000613.5,1227,6.62,0.09999999999999964,6.57,1254.2,6.67,461.7,3350.0,5792.4,6.57,229.1,SELL,6,6.57,1254.2,6.56,15.4,6.55,119.2,6.54,230.7,6.53,1730.5,6.67,461.7,6.68,184.7,6.69,714.6,6.7,1782.3,6.71,2649.1
1700000614.0,1228,6.62,0.09999999999999964,6.57,960.6,6.67,607.7,4580.8,1983.2999999999997,6.62,0.0,BUY,0,6.57,960.6,6.56,276.0,6.55,1813.4,6.54,1389.6,6.53,141.2,6.67,607.7,6.68,234.4,6.69,562.0,6.7,316.8,6.71,262.4
1700000614.5,1229,6.62,0.09999999999999964,6.57,241.6,6.67,65.9,2241.3,2638.7,6.57,22.1,SELL,1,6.57,241.6,6.56,250.3,6.55,169.1,6.54,723.6,6.53,856.7,6.67,65.9,6.68,67.7,6.69,1530.4,6.7,490.0,6.71,484.7
1700000615.0,1230,6.62,0.09999999999999964,6.57,515.3,6.67,286.0,4021.7,1622.4999999999998,6.57,22.0,SELL,2,6.57,515.3,6.56,736.9,6.55,1481.4,6.54,706.9,6.53,581.2,6.67,286.0,6.68,309.8,6.69,508.8,6.7,105.6,6.71,412.3
1700000615.5,1231,7.234999999999999,0.11000000000000032,7.18,47.2,7.29,56.0,2243.3,3298.2,7.29,32.2,BUY,1,7.18,47.2,7.17,370.1,7.16,277.5,7.15,414.1,7.14,1134.4,7.29,56.0,7.3,277.3,7.31,1454.2,7.32,235.1,7.33,1275.6
1700000616.0,1232,6.615,0.11000000000000032,6.56,272.4,6.67,1472.8,3356.5,4290.299999999999,6.56,5.0,SELL,1,6.56,272.4,6.55,848.4,6.54,658.7,6.53,559.2,6.52,1017.8,6.67,1472.8,6.68,1406.6,6.69,26.2,6.7,1028.4,6.71,356.3
1700000616.5,1233,6.615,0.11000000000000032,6.56,491.7,6.67,266.4,4536.0,2304.9,6.67,16.2,BUY,2,6.56,491.7,6.55,565.4,6.54,421.8,6.53,2879.3,6.52,177.8,6.67,266.4,6.68,1035.4,6.69,157.9,6.7,422.8,6.71,422.4
1700000617.0,1234,6.615,0.11000000000000032,6.56,976.7,6.67,624.6,1888.7,4716.6,6.56,70.5,SELL,2,6.56,976.7,6.55,18.0,6.54,87.3,6.53,319.9,6.52,486.8,6.67,624.6,6.68,65.7,6.69,824.6,6.7,1238.1,6.71,1963.6
1700000617.5,1235,6.615,0.11000000000000032,6.56,253.1,6.67,116.6,8595.4,1951.7,6.56,44.9,SELL,4,6.56,253.1,6.55,3258.6,6.54,779.3,6.53,2445.8,6.52,1858.6,6.67,116.6,6.68,123.4,6.69,215.0,6.7,81.5,6.71,1415.2
1700000618.0,1236,6.615,0.11000000000000032,6.56,43.4,6.67,59.9,2363.4,1221.3,6.615,0.0,BUY,0,6.56,43.4,6.55,153.4,6.54,56.9,6.53,340.9,6.52,1768.8,6.67,59.9,6.68,229.1,6.69,91.7,6.7,568.6,6.71,272.0
1700000618.5,1237,6.05,0.09999999999999964,6.0,207.5,6.1,125.3,1642.0,1261.1000000000001,6.1,121.1,BUY,2,6.0,207.5,5.99,177.4,5.98,479.3,5.97,529.3,5.96,248.5,6.1,125.3,6.11,44.4,6.12,829.2,6.13,72.2,6.14,190.0
1700000619.0,1238,6.05,0.09999999999999964,6.0,1715.2,6.1,58.9,2893.4,2220.1,6.05,0.0,BUY,0,6.0,1715.2,5.99,129.4,5.98,380.2,5.97,553.9,5.96,114.7,6.1,58.9,6.11,618.8,6.12,164.9,6.13,1016.0,6.14,361.5
1700000619.5,1239,6.05,0.09999999999999964,6.0,678.6,6.1,760.4,4647.7,4644.7,6.0,64.2,SELL,1,6.0,678.6,5.99,887.1,5.98,661.8,5.97,1156.1,5.96,1264.1,6.1,760.4,6.11,876.7,6.12,1729.4,6.13,203.2,6.14,1075.0
1700000620.0,1240,6.05,0.09999999999999964,6.0,366.2,6.1,37.6,1810.3000000000002,2628.0,6.1,74.0,BUY,1,6.0,366.2,5.99,185.9,5.98,220.6,5.97,1007.1,5.96,30.5,6.1,37.6,6.11,1307.7,6.12,197.3,6.13,728.0,6.14,357.4
1700000620.5,1241,6.05,0.09999999999999964,6.0,1396.7,6.1,739.6,2686.4,2032.3999999999999,6.1,60.0,BUY,2,6.0,1396.7,5.99,100.2,5.98,505.6,5.97,371.5,5.96,312.4,6.1,739.6,6.11,138.7,6.12,621.7,6.13,383.3,6.14,149.1
1700000621.0,1242,6.050000000000001,0.1200000000000001,5.99,1355.9,6.11,471.2,3650.8,2672.8,6.11,98.9,BUY,3,5.99,1355.9,5.98,688.9,5.97,15.6,5.96,481.3,5.95,1109.1,6.11,471.2,6.12,228.7,6.13,1662.9,6.14,275.2,6.15,34.8
1700000621.5,1243,6.05,0.09999999999999964,6.0,851.7,6.1,860.3,3735.2000000000003,6743.7,6.1,5.0,BUY,1,6.0,851.7,5.99,103.4,5.98,1929.7,5.97,508.9,5.96,341.5,6.1,860.3,6.11,10.0,6.12,908.8,6.13,792.1,6.14,4172.5
1700000622.0,1244,6.05,0.09999999999999964,6.0,1363.1,6.1,876.6,4892.0,3741.2999999999997,6.1,13.7,BUY,2,6.0,1363.1,5.99,172.6,5.98,2458.4,5.97,631.0,5.96,266.9,6.1,876.6,6.11,88.1,6.12,108.4,6.13,2624.1,6.14,44.1
1700000622.5,1245,3.5999999999999996,0.10000000000000009,3.55,648.6,3.65,457.9,5635.4,2719.2000000000003,3.65,5.0,BUY,1,3.55,648.6,3.54,556.5,3.53,473.5,3.52,1550.5,3.51,2406.3,3.65,457.9,3.66,19.0,3.67,656.5,3.68,605.7,3.69,980.1
1700000623.0,1246,3.5999999999999996,0.10000000000000009,3.55,151.7,3.65,265.4,3487.2,3680.7,3.55,26.8,SELL,2,3.55,151.7,3.54,166.0,3.53,712.7,3.52,1102.8,3.51,1354.0,3.65,265.4,3.66,469.6,3.67,640.3,3.68,511.2,3.69,1794.2
1700000623.5,1247,3.6,0.1200000000000001,3.54,560.6,3.66,144.9,1748.3999999999999,2364.1000000000004,3.66,16.3,BUY,3,3.54,560.6,3.53,90.9,3.52,718.5,3.51,150.1,3.5,228.3,3.66,144.9,3.67,357.0,3.68,829.9,3.69,431.6,3.7,600.7
1700000624.0,1248,3.5999999999999996,0.10000000000000009,3.55,146.3,3.65,230.4,2528.5,3466.0,3.55,10.7,SELL,2,3.55,146.3,3.54,95.3,3.53,56.4,3.52,1133.4,3.51,1097.1,3.65,230.4,3.66,216.8,3.67,1169.7,3.68,157.4,3.69,1691.7
1700000624.5,1249,3.6,0.1200000000000001,3.54,141.0,3.66,1186.8,3961.4,4614.2,3.66,65.9,BUY,2,3.54,141.0,3.53,881.1,3.52,851.0,3.51,607.9,3.5,1480.4,3.66,1186.8,3.67,327.3,3.68,112.3,3.69,1196.0,3.7,1791.8
1700000625.0,1250,3.6,0.1200000000000001,3.54,267.9,3.66,290.7,2935.2999999999997,7328.500000000001,3.54,72.9,SELL,2,3.54,267.9,3.53,391.1,3.52,1446.6,3.51,326.0,3.5,503.7,3.66,290.7,3.67,436.2,3.68,1189.2,3.69,5146.1,3.7,266.3
1700000625.5,1251,3.6,0.1200000000000001,3.54,162.6,3.66,389.6,2423.6000000000004,3761.8,3.54,22.9,SELL,2,3.54,162.6,3.53,285.1,3.52,689.0,3.51,1089.1,3.5,197.8,3.66,389.6,3.67,579.5,3.68,2566.8,3.69,123.6,3.7,102.3
1700000626.0,1252,3.6,0.1200000000000001,3.54,200.6,3.66,145.9,5439.3,3291.9,3.66,17.3,BUY,2,3.54,200.6,3.53,705.1,3.52,220.8,3.51,3159.6,3.5,1153.2,3.66,145.9,3.67,48.5,3.68,413.1,3.69,1573.5,3.7,1110.9
1700000626.5,1253,3.6,0.1200000000000001,3.54,47.6,3.66,623.5,1788.0000000000002,4007.1,3.54,23.4,SELL,2,3.54,47.6,3.53,104.0,3.52,899.1,3.51,276.6,3.5,460.7,3.66,623.5,3.67,143.3,3.68,1373.9,3.69,92.8,3.7,1773.6
1700000627.0,1254,3.6,0.1200000000000001,3.54,175.2,3.66,317.3,1809.7999999999997,2994.2000000000003,3.66,57.3,BUY,1,3.54,175.2,3.53,277.6,3.52,457.0,3.51,582.4,3.5,317.6,3.66,317.3,3.67,622.0,3.68,1145.7,3.69,573.8,3.7,335.4
1700000627.5,1255,3.6,0.1200000000000001,3.54,64.6,3.66,197.6,3778.9,4303.299999999999,3.6,0.0,BUY,0,3.54,64.6,3.53,62.4,3.52,330.7,3.51,545.9,3.5,2775.3,3.66,197.6,3.67,10.0,3.68,533.1,3.69,2919.2,3.7,643.4
1700000628.0,1256,3.6,0.1200000000000001,3.54,72.1,3.66,166.5,2027.2,2537.8,3.66,102.0,BUY,2,3.54,72.1,3.53,58.6,3.52,99.6,3.51,47.5,3.5,1749.4,3.66,166.5,3.67,60.6,3.68,10.0,3.69,1293.7,3.7,1007.0
1700000628.5,1257,3.5999999999999996,0.10000000000000009,3.55,897.3,3.65,588.1,4860.5,2145.1000000000004,3.65,5.0,BUY,1,3.55,897.3,3.54,2129.7,3.53,652.7,3.52,671.3,3.51,509.5,3.65,588.1,3.66,435.6,3.67,347.2,3.68,374.7,3.69,399.5
1700000629.0,1258,3.6,0.1200000000000001,3.54,1076.2,3.66,198.9,2787.1000000000004,2697.3,3.66,36.7,BUY,1,3.54,1076.2,3.53,317.7,3.52,215.5,3.51,539.7,3.5,638.0,3.66,198.9,3.67,354.9,3.68,862.7,3.69,1184.0,3.7,96.8
1700000629.5,1259,3.6,0.1200000000000001,3.54,107.7,3.66,367.9,2317.3,4105.4,3.6,0.0,BUY,0,3.54,107.7,3.53,726.1,3.52,460.0,3.51,320.5,3.5,703.0,3.66,367.9,3.67,529.3,3.68,773.9,3.69,372.7,3.7,2061.6
1700000630.0,1260,3.6,0.1200000000000001,3.54,10.4,3.66,1436.7,3082.3999999999996,7012.3,3.66,26.4,BUY,2,3.54,10.4,3.53,461.5,3.52,581.4,3.51,1828.1,3.5,201.0,3.66,1436.7,3.67,1992.6,3.68,2411.2,3.69,1022.8,3.7,149.0
1700000630.5,1261,3.64,0.1200000000000001,3.58,1143.6,3.7,444.1,3042.7,2995.0,3.7,28.0,BUY,2,3.58,1143.6,3.57,694.2,3.56,70.6,3.55,82.5,3.54,1051.8,3.7,444.1,3.71,170.8,3.72,737.1,3.73,1633.0,3.74,10.0
1700000631.0,1262,3.64,0.1200000000000001,3.58,78.6,3.7,433.2,2214.0,3789.3,3.58,15.1,SELL,3,3.58,78.6,3.57,119.0,3.56,1884.5,3.55,121.9,3.54,10.0,3.7,433.2,3.71,860.9,3.72,173.2,3.73,849.2,3.74,1472.8
1700000631.5,1263,3.64,0.1200000000000001,3.58,18.1,3.7,145.8,1076.1,2554.5,3.58,45.1,SELL,3,3.58,18.1,3.57,728.0,3.56,43.8,3.55,124.1,3.54,162.1,3.7,145.8,3.71,1304.0,3.72,37.4,3.73,583.1,3.74,484.2
1700000632.0,1264,3.64,0.1200000000000001,3.58,281.7,3.7,469.7,3070.1,3321.7,3.64,0.0,BUY,0,3.58,281.7,3.57,585.5,3.56,1266.0,3.55,621.6,3.54,315.3,3.7,469.7,3.71,203.3,3.72,19.6,3.73,354.4,3.74,2274.7
1700000632.5,1265,3.64,0.1200000000000001,3.58,88.3,3.7,554.7,1926.8000000000002,4838.0,3.58,45.7,SELL,3,3.58,88.3,3.57,163.7,3.56,725.0,3.55,546.2,3.54,403.6,3.7,554.7,3.71,2307.1,3.72,693.2,3.73,200.0,3.74,1083.0
1700000633.0,1266,3.64,0.1200000000000001,3.58,495.1,3.7,122.0,770.5,1631.1,3.58,12.7,SELL,3,3.58,495.1,3.57,150.4,3.56,25.0,3.55,43.9,3.54,56.1,3.7,122.0,3.71,38.6,3.72,176.2,3.73,1053.3,3.74,241.0
1700000633.5,1267,3.64,0.1200000000000001,3.58,560.2,3.7,602.0,3182.1000000000004,6109.6,3.58,8.4,SELL,2,3.58,560.2,3.57,205.0,3.56,257.6,3.55,2098.3,3.54,61.0,3.7,602.0,3.71,205.2,3.72,1371.8,3.73,744.5,3.74,3186.1
1700000634.0,1268,3.6399999999999997,0.10000000000000009,3.59,135.5,3.69,67.4,4655.900000000001,1664.4,3.69,19.5,BUY,3,3.59,135.5,3.58,958.7,3.57,363.1,3.56,3054.0,3.55,144.6,3.69,67.4,3.7,451.8,3.71,628.0,3.72,152.4,3.73,364.8
1700000634.5,1269,3.64,0.1200000000000001,3.58,100.2,3.7,549.1,3158.0,8196.0,3.58,5.0,SELL,2,3.58,100.2,3.57,503.4,3.56,13.6,3.55,483.1,3.54,2057.7,3.7,549.1,3.71,582.8,3.72,2454.0,3.73,2296.7,3.74,2313.4
1700000635.0,1270,3.64,0.1200000000000001,3.58,302.5,3.7,54.5,3395.3,2186.0,3.7,21.3,BUY,1,3.58,302.5,3.57,1439.1,3.56,369.3,3.55,751.2,3.54,533.2,3.7,54.5,3.71,420.6,3.72,767.3,3.73,864.5,3.74,79.1
1700000635.5,1271,3.6399999999999997,0.10000000000000009,3.59,33.8,3.69,798.0,2077.5,3408.4,3.69,5.0,BUY,5,3.59,33.8,3.58,310.4,3.57,1683.4,3.56,20.0,3.55,29.9,3.69,798.0,3.7,1110.8,3.71,555.0,3.72,287.2,3.73,657.4
1700000636.0,1272,3.64,0.1200000000000001,3.58,76.6,3.7,321.6,1351.0,8577.9,3.7,174.5,BUY,2,3.58,76.6,3.57,82.0,3.56,10.0,3.55,1037.7,3.54,144.7,3.7,321.6,3.71,2935.4,3.72,1223.4,3.73,496.6,3.74,3600.9
1700000636.5,1273,3.64,0.1200000000000001,3.58,162.4,3.7,566.6,2404.8999999999996,2456.3,3.7,55.1,BUY,1,3.58,162.4,3.57,505.2,3.56,865.3,3.55,706.3,3.54,165.7,3.7,566.6,3.71,34.6,3.72,96.0,3.73,1396.6,3.74,362.5
1700000637.0,1274,3.64,0.1200000000000001,3.58,708.8,3.7,1006.1,3924.8,2352.9000000000005,3.58,10.6,SELL,1,3.58,708.8,3.57,69.2,3.56,2068.4,3.55,73.4,3.54,1005.0,3.7,1006.1,3.71,86.1,3.72,476.7,3.73,664.2,3.74,119.8
1700000637.5,1275,3.75,0.1200000000000001,3.69,372.9,3.81,518.9,2475.7,5419.5,3.69,50.6,SELL,4,3.69,372.9,3.68,607.7,3.67,565.5,3.66,806.5,3.65,123.1,3.81,518.9,3.82,1295.4,3.83,1182.6,3.84,1298.9,3.85,1123.7
1700000638.0,1276,4.234999999999999,0.11000000000000032,4.18,173.5,4.29,548.4,3064.0,3256.3,4.234999999999999,0.0,BUY,0,4.18,173.5,4.17,199.8,4.16,1464.4,4.15,693.6,4.14,532.7,4.29,548.4,4.3,123.2,4.31,1604.2,4.32,222.4,4.33,758.1
1700000638.5,1277,4.23,0.1200000000000001,4.17,111.7,4.29,132.7,1474.9,4746.599999999999,4.29,8.3,BUY,1,4.17,111.7,4.16,247.8,4.15,712.4,4.14,358.5,4.13,44.5,4.29,132.7,4.3,1560.9,4.31,1656.3,4.32,667.8,4.33,728.9
1700000639.0,1278,4.234999999999999,0.11000000000000032,4.18,332.5,4.29,10.0,5776.4,830.1999999999999,4.29,46.6,BUY,5,4.18,332.5,4.17,12.7,4.16,4863.4,4.15,252.0,4.14,315.8,4.29,10.0,4.3,348.4,4.31,231.5,4.32,82.3,4.33,158.0
1700000639.5,1279,4.23,0.10000000000000053,4.18,10.0,4.28,341.8,1416.0,3769.7000000000003,4.28,24.3,BUY,1,4.18,10.0,4.17,115.7,4.16,852.6,4.15,160.4,4.14,277.3,4.28,341.8,4.29,462.7,4.3,664.4,4.31,2007.4,4.32,293.4
1700000640.0,1280,4.234999999999999,0.11000000000000032,4.18,613.2,4.29,1035.9,1355.1000000000001,2089.7,4.18,79.1,SELL,3,4.18,613.2,4.17,141.1,4.16,509.1,4.15,81.7,4.14,10.0,4.29,1035.9,4.3,163.1,4.31,336.0,4.32,261.1,4.33,293.6
1700000640.5,1281,4.234999999999999,0.11000000000000032,4.18,36.8,4.29,510.6,1898.6000000000001,5822.799999999999,4.18,5.0,SELL,1,4.18,36.8,4.17,82.5,4.16,272.1,4.15,850.7,4.14,656.5,4.29,510.6,4.3,1720.1,4.31,727.5,4.32,2243.7,4.33,620.9
1700000641.0,1282,4.234999999999999,0.11000000000000032,4.18,1811.4,4.29,54.5,5481.200000000001,5014.9,4.29,33.5,BUY,2,4.18,1811.4,4.17,227.3,4.16,272.3,4.15,1320.8,4.14,1849.4,4.29,54.5,4.3,1132.0,4.31,2509.1,4.32,185.1,4.33,1134.2
1700000641.5,1283,4.234999999999999,0.11000000000000032,4.18,108.7,4.29,173.1,1502.7,5083.8,4.18,5.0,SELL,1,4.18,108.7,4.17,133.8,4.16,950.3,4.15,201.9,4.14,108.0,4.29,173.1,4.3,992.3,4.31,717.9,4.32,2720.3,4.33,480.2
1700000642.0,1284,4.234999999999999,0.11000000000000032,4.18,1117.9,4.29,458.4,5367.5,4451.8,4.29,23.1,BUY,2,4.18,1117.9,4.17,292.1,4.16,1081.5,4.15,1442.4,4.14,1433.6,4.29,458.4,4.3,216.8,4.31,191.9,4.32,228.7,4.33,3356.0
1700000642.5,1285,4.23,0.10000000000000053,4.18,80.2,4.28,175.5,1013.2,2143.6,4.28,106.3,BUY,2,4.18,80.2,4.17,329.1,4.16,111.9,4.15,428.4,4.14,63.6,4.28,175.5,4.29,794.2,4.3,166.6,4.31,768.0,4.32,239.3
1700000643.0,1286,4.234999999999999,0.11000000000000032,4.18,257.6,4.29,73.1,2815.3,1340.0,4.29,90.1,BUY,3,4.18,257.6,4.17,600.5,4.16,1059.4,4.15,247.3,4.14,650.5,4.29,73.1,4.3,112.4,4.31,10.0,4.32,363.1,4.33,781.4
1700000643.5,1287,4.23,0.10000000000000053,4.18,1094.2,4.28,442.6,5010.4,2529.2,4.18,15.4,SELL,3,4.18,1094.2,4.17,1234.0,4.16,1126.1,4.15,470.5,4.14,1085.6,4.28,442.6,4.29,631.8,4.3,133.6,4.31,1211.0,4.32,110.2
1700000644.0,1288,4.234999999999999,0.11000000000000032,4.18,40.1,4.29,1053.5,3141.0,2248.8,4.29,213.3,BUY,3,4.18,40.1,4.17,45.7,4.16,1745.7,4.15,1089.5,4.14,220.0,4.29,1053.5,4.3,122.8,4.31,107.4,4.32,106.2,4.33,858.9
1700000644.5,1289,4.234999999999999,0.11000000000000032,4.18,223.2,4.29,429.2,2420.9,4286.1,4.29,42.2,BUY,3,4.18,223.2,4.17,306.5,4.16,410.1,4.15,1182.9,4.14,298.2,4.29,429.2,4.3,930.4,4.31,970.5,4.32,293.6,4.33,1662.4
1700000645.0,1290,4.23,0.10000000000000053,4.18,32.4,4.28,237.4,4678.5,2505.5,4.18,27.3,SELL,2,4.18,32.4,4.17,304.4,4.16,3440.4,4.15,332.2,4.14,569.1,4.28,237.4,4.29,604.8,4.3,29.4,4.31,1487.9,4.32,146.0
1700000645.5,1291,4.234999999999999,0.11000000000000032,4.18,86.0,4.29,51.9,1246.5,8203.599999999999,4.18,30.0,SELL,2,4.18,86.0,4.17,329.0,4.16,393.0,4.15,381.3,4.14,57.2,4.29,51.9,4.3,427.6,4.31,548.5,4.32,1275.2,4.33,5900.4
1700000646.0,1292,4.234999999999999,0.11000000000000032,4.18,715.0,4.29,989.0,2675.3,3904.9999999999995,4.29,16.0,BUY,3,4.18,715.0,4.17,390.4,4.16,703.1,4.15,212.4,4.14,654.4,4.29,989.0,4.3,2166.6,4.31,313.6,4.32,163.7,4.33,272.1
1700000646.5,1293,4.23,0.10000000000000053,4.18,46.5,4.28,76.8,2707.8999999999996,1599.0,4.18,67.7,SELL,2,4.18,46.5,4.17,402.7,4.16,414.8,4.15,720.3,4.14,1123.6,4.28,76.8,4.29,87.3,4.3,341.0,4.31,372.2,4.32,721.7
1700000647.0,1294,4.234999999999999,0.11000000000000032,4.18,112.8,4.29,30.6,4557.3,4154.0,4.29,60.8,BUY,4,4.18,112.8,4.17,1068.6,4.16,68.0,4.15,2125.4,4.14,1182.5,4.29,30.6,4.3,1609.4,4.31,31.6,4.32,2274.4,4.33,208.0
1700000647.5,1295,4.23,0.1200000000000001,4.17,83.1,4.29,1103.9,3377.2,4892.599999999999,4.29,8.6,BUY,1,4.17,83.1,4.16,10.0,4.15,1022.9,4.14,1088.1,4.13,1173.1,4.29,1103.9,4.3,1198.0,4.31,393.1,4.32,1795.2,4.33,402.4
1700000648.0,1296,4.234999999999999,0.11000000000000032,4.18,267.3,4.29,13.9,2760.8,2801.5,4.29,17.0,BUY,2,4.18,267.3,4.17,725.2,4.16,937.4,4.15,392.0,4.14,438.9,4.29,13.9,4.3,231.0,4.31,544.1,4.32,162.1,4.33,1850.4
1700000648.5,1297,4.234999999999999,0.11000000000000032,4.18,366.1,4.29,282.4,2914.8,969.1,4.234999999999999,0.0,BUY,0,4.18,366.1,4.17,292.4,4.16,596.2,4.15,350.5,4.14,1309.6,4.29,282.4,4.3,11.6,4.31,219.0,4.32,180.7,4.33,275.4
1700000649.0,1298,4.234999999999999,0.11000000000000032,4.18,280.0,4.29,746.8,1828.4,8745.0,4.29,7.1,BUY,3,4.18,280.0,4.17,26.7,4.16,483.3,4.15,536.4,4.14,502.0,4.29,746.8,4.3,1982.6,4.31,1403.1,4.32,29.1,4.33,4583.4
1700000649.5,1299,4.234999999999999,0.11000000000000032,4.18,160.1,4.29,123.1,2260.7,999.6,4.29,8.7,BUY,2,4.18,160.1,4.17,528.1,4.16,310.8,4.15,278.7,4.14,983.0,4.29,123.1,4.3,10.5,4.31,10.0,4.32,786.8,4.33,69.2
1700000650.0,1300,4.234999999999999,0.11000000000000032,4.18,641.2,4.29,50.6,3182.2,3147.9,4.29,31.8,BUY,2,4.18,641.2,4.17,47.1,4.16,111.6,4.15,1103.0,4.14,1279.3,4.29,50.6,4.3,1082.9,4.31,639.3,4.32,1093.5,4.33,281.6
1700000650.5,1301,4.23,0.1200000000000001,4.17,614.4,4.29,12.8,7783.1,1833.8000000000002,4.17,5.0,SELL,1,4.17,614.4,4.16,41.1,4.15,659.4,4.14,1318.6,4.13,5149.6,4.29,12.8,4.3,31.0,4.31,879.7,4.32,870.4,4.33,39.9
1700000651.0,1302,4.234999999999999,0.11000000000000032,4.18,98.5,4.29,50.6,2197.3,3475.9000000000005,4.18,28.0,SELL,2,4.18,98.5,4.17,334.5,4.16,838.7,4.15,344.5,4.14,581.1,4.29,50.6,4.3,743.1,4.31,1795.9,4.32,349.9,4.33,536.4
1700000651.5,1303,4.234999999999999,0.11000000000000032,4.18,123.5,4.29,97.8,1054.3,4377.6,4.18,55.5,SELL,3,4.18,123.5,4.17,429.8,4.16,225.0,4.15,88.1,4.14,187.9,4.29,97.8,4.3,252.3,4.31,1576.6,4.32,323.6,4.33,2127.3
1700000652.0,1304,4.234999999999999,0.11000000000000032,4.18,499.8,4.29,359.9,4513.8,1916.6999999999998,4.29,5.3,BUY,2,4.18,499.8,4.17,720.1,4.16,578.0,4.15,1839.0,4.14,876.9,4.29,359.9,4.3,543.3,4.31,100.6,4.32,730.9,4.33,182.0
1700000652.5,1305,4.23,0.1200000000000001,4.17,362.3,4.29,142.0,2222.6,725.4000000000001,4.17,12.8,SELL,4,4.17,362.3,4.16,863.1,4.15,585.1,4.14,50.4,4.13,361.7,4.29,142.0,4.3,310.0,4.31,70.1,4.32,10.0,4.33,193.3
1700000653.0,1306,4.234999999999999,0.11000000000000032,4.18,387.1,4.29,112.4,1661.6,2319.2,4.234999999999999,0.0,BUY,0,4.18,387.1,4.17,34.5,4.16,951.5,4.15,141.3,4.14,147.2,4.29,112.4,4.3,186.9,4.31,30.9,4.32,336.3,4.33,1652.7
1700000653.5,1307,4.23,0.1200000000000001,4.17,197.8,4.29,2470.4,598.6000000000001,3985.1000000000004,4.23,0.0,BUY,0,4.17,197.8,4.16,106.9,4.15,46.1,4.14,66.6,4.13,181.2,4.29,2470.4,4.3,534.2,4.31,485.3,4.32,477.5,4.33,17.7
1700000654.0,1308,4.234999999999999,0.11000000000000032,4.18,347.0,4.29,431.7,4194.7,2243.9999999999995,4.234999999999999,0.0,BUY,0,4.18,347.0,4.17,261.9,4.16,1472.7,4.15,1573.1,4.14,540.0,4.29,431.7,4.3,311.9,4.31,146.8,4.32,895.9,4.33,457.7
1700000654.5,1309,4.23,0.10000000000000053,4.18,22.3,4.28,1138.1,1102.3,5751.299999999999,4.28,111.1,BUY,2,4.18,22.3,4.17,222.7,4.16,567.9,4.15,10.0,4.14,279.4,4.28,1138.1,4.29,324.1,4.3,135.0,4.31,1997.1,4.32,2157.0
1700000655.0,1310,4.23,0.10000000000000053,4.18,203.9,4.28,10.0,5602.3,3174.3999999999996,4.18,20.4,SELL,3,4.18,203.9,4.17,78.9,4.16,1881.2,4.15,439.9,4.14,2998.4,4.28,10.0,4.29,347.1,4.3,231.9,4.31,1879.6,4.32,705.8
1700000655.5,1311,4.234999999999999,0.11000000000000032,4.18,185.8,4.29,291.2,1884.6,2308.8,4.29,9.8,BUY,1,4.18,185.8,4.17,1223.5,4.16,180.8,4.15,43.1,4.14,251.4,4.29,291.2,4.3,847.0,4.31,81.9,4.32,122.6,4.33,966.1
1700000656.0,1312,4.23,0.10000000000000053,4.18,1007.2,4.28,484.3,4117.099999999999,2465.2999999999997,4.28,102.9,BUY,6,4.18,1007.2,4.17,749.3,4.16,1091.6,4.15,714.1,4.14,554.9,4.28,484.3,4.29,1002.3,4.3,279.0,4.31,238.8,4.32,460.9
1700000656.5,1313,4.234999999999999,0.11000000000000032,4.18,772.9,4.29,230.0,6555.6,1094.6,4.18,70.1,SELL,2,4.18,772.9,4.17,242.4,4.16,4538.8,4.15,269.0,4.14,732.5,4.29,230.0,4.3,12.0,4.31,148.5,4.32,290.7,4.33,413.4
1700000657.0,1314,4.595000000000001,0.11000000000000032,4.54,141.9,4.65,13.3,2099.2,2601.3,4.65,32.5,BUY,1,4.54,141.9,4.53,599.8,4.52,616.4,4.51,330.4,4.5,410.7,4.65,13.3,4.66,106.7,4.67,854.1,4.68,62.7,4.69,1564.5
1700000657.5,1315,4.595000000000001,0.11000000000000032,4.54,27.7,4.65,242.3,1248.9,4030.8,4.54,31.4,SELL,1,4.54,27.7,4.53,316.1,4.52,102.7,4.51,423.8,4.5,378.6,4.65,242.3,4.66,493.1,4.67,188.6,4.68,1368.9,4.69,1737.9
1700000658.0,1316,4.79,0.09999999999999964,4.74,144.4,4.84,34.0,2608.4,2342.7000000000003,4.84,13.7,BUY,2,4.74,144.4,4.73,1187.3,4.72,245.4,4.71,704.1,4.7,327.2,4.84,34.0,4.85,117.8,4.86,891.5,4.87,1023.1,4.88,276.3
1700000658.5,1317,4.67,0.1200000000000001,4.61,58.3,4.73,44.4,2213.5,3365.7,4.73,51.8,BUY,2,4.61,58.3,4.6,416.7,4.59,654.6,4.58,459.7,4.57,624.2,4.73,44.4,4.74,49.9,4.75,321.3,4.76,1183.1,4.77,1767.0
1700000659.0,1318,4.67,0.09999999999999964,4.62,100.0,4.72,15.5,2786.4,4185.8,4.62,40.0,SELL,2,4.62,100.0,4.61,367.1,4.6,257.4,4.59,1145.4,4.58,916.5,4.72,15.5,4.73,359.8,4.74,1341.4,4.75,1499.5,4.76,969.6
1700000659.5,1319,4.67,0.09999999999999964,4.62,182.3,4.72,416.7,1848.6999999999998,3572.4,4.62,6.2,SELL,4,4.62,182.3,4.61,850.8,4.6,140.8,4.59,230.5,4.58,444.3,4.72,416.7,4.73,67.4,4.74,234.1,4.75,705.2,4.76,2149.0
1700000660.0,1320,4.67,0.09999999999999964,4.62,127.9,4.72,430.9,2484.1000000000004,1227.6000000000001,4.62,43.3,SELL,1,4.62,127.9,4.61,471.2,4.6,324.3,4.59,566.0,4.58,994.7,4.72,430.9,4.73,61.3,4.74,645.2,4.75,11.4,4.76,78.8
1700000660.5,1321,4.67,0.09999999999999964,4.62,652.2,4.72,1024.0,4076.3,1707.5,4.72,5.0,BUY,2,4.62,652.2,4.61,256.1,4.6,2457.4,4.59,159.4,4.58,551.2,4.72,1024.0,4.73,281.1,4.74,24.4,4.75,121.8,4.76,256.2
1700000661.0,1322,4.67,0.09999999999999964,4.62,156.0,4.72,152.9,2157.0,1770.0,4.67,0.0,BUY,0,4.62,156.0,4.61,10.0,4.6,1275.7,4.59,207.3,4.58,508.0,4.72,152.9,4.73,38.1,4.74,241.0,4.75,1005.8,4.76,332.2
1700000661.5,1323,4.67,0.1200000000000001,4.61,392.4,4.73,206.5,2194.0,3896.3,4.73,5.0,BUY,2,4.61,392.4,4.6,520.1,4.59,579.4,4.58,94.1,4.57,608.0,4.73,206.5,4.74,1900.0,4.75,678.1,4.76,991.2,4.77,120.5
1700000662.0,1324,4.67,0.09999999999999964,4.62,193.5,4.72,357.9,2004.3000000000002,1415.2,4.72,14.2,BUY,1,4.62,193.5,4.61,189.1,4.6,336.1,4.59,894.5,4.58,391.1,4.72,357.9,4.73,75.5,4.74,265.5,4.75,506.6,4.76,209.7
1700000662.5,1325,4.67,0.09999999999999964,4.62,21.0,4.72,726.7,4448.2,2504.4,4.72,49.4,BUY,1,4.62,21.0,4.61,1322.8,4.6,2285.5,4.59,707.7,4.58,111.2,4.72,726.7,4.73,212.6,4.74,290.6,4.75,467.2,4.76,807.3
1700000663.0,1326,4.67,0.09999999999999964,4.62,291.0,4.72,508.9,1672.5,2709.6,4.72,69.0,BUY,3,4.62,291.0,4.61,741.5,4.6,10.8,4.59,271.6,4.58,357.6,4.72,508.9,4.73,739.2,4.74,355.6,4.75,785.5,4.76,320.4
1700000663.5,1327,4.53,0.09999999999999964,4.48,802.5,4.58,679.9,4800.499999999999,3345.1,4.53,0.0,BUY,0,4.48,802.5,4.47,578.1,4.46,2998.7,4.45,33.7,4.44,387.5,4.58,679.9,4.59,882.4,4.6,232.5,4.61,666.9,4.62,883.4
1700000664.0,1328,4.53,0.09999999999999964,4.48,24.2,4.58,830.1,1831.1,3323.8999999999996,4.48,69.4,SELL,1,4.48,24.2,4.47,630.5,4.46,413.3,4.45,740.3,4.44,22.8,4.58,830.1,4.59,861.1,4.6,285.0,4.61,61.1,4.62,1286.6
1700000664.5,1329,4.53,0.09999999999999964,4.48,2750.9,4.58,50.6,4098.5,2335.1,4.48,5.0,SELL,3,4.48,2750.9,4.47,784.1,4.46,322.0,4.45,119.0,4.44,122.5,4.58,50.6,4.59,378.4,4.6,66.9,4.61,346.2,4.62,1493.0
1700000665.0,1330,4.53,0.09999999999999964,4.48,153.1,4.58,34.6,2713.2,2004.8,4.48,63.6,SELL,2,4.48,153.1,4.47,32.7,4.46,1007.9,4.45,10.0,4.44,1509.5,4.58,34.6,4.59,228.2,4.6,1234.8,4.61,97.2,4.62,410.0
1700000665.5,1331,4.529999999999999,0.1200000000000001,4.47,225.7,4.59,49.4,1820.0,2702.0,4.529999999999999,0.0,BUY,0,4.47,225.7,4.46,123.2,4.45,99.9,4.44,1074.9,4.43,296.3,4.59,49.4,4.6,812.0,4.61,768.1,4.62,787.6,4.63,284.9
1700000666.0,1332,4.529999999999999,0.1200000000000001,4.47,407.0,4.59,42.6,9777.900000000001,3932.5,4.59,24.6,BUY,2,4.47,407.0,4.46,175.8,4.45,1827.5,4.44,2245.3,4.43,5122.3,4.59,42.6,4.6,472.2,4.61,672.5,4.62,1319.8,4.63,1425.4
1700000666.5,1333,4.53,0.09999999999999964,4.48,10.0,4.58,689.9,2074.2,4766.0,4.58,14.3,BUY,2,4.48,10.0,4.47,588.3,4.46,1008.5,4.45,96.4,4.44,371.0,4.58,689.9,4.59,412.6,4.6,316.7,4.61,57.6,4.62,3289.2
1700000667.0,1334,4.47,0.09999999999999964,4.42,70.0,4.52,101.0,2550.6,1108.8,4.52,21.2,BUY,1,4.42,70.0,4.41,829.9,4.4,549.6,4.39,1009.5,4.38,91.6,4.52,101.0,4.53,203.6,4.54,381.8,4.55,247.3,4.56,175.1
1700000667.5,1335,4.47,0.09999999999999964,4.42,108.0,4.52,311.5,3180.4,9436.300000000001,4.52,5.0,BUY,2,4.42,108.0,4.41,1626.5,4.4,881.9,4.39,161.1,4.38,402.9,4.52,311.5,4.53,425.2,4.54,711.1,4.55,6640.1,4.56,1348.4
1700000668.0,1336,5.365,0.11000000000000032,5.31,1579.1,5.42,980.4,4161.6,5899.5,5.42,5.0,BUY,5,5.31,1579.1,5.3,301.9,5.29,101.0,5.28,586.7,5.27,1592.9,5.42,980.4,5.43,32.7,5.44,2259.8,5.45,761.9,5.46,1864.7
1700000668.5,1337,5.365,0.11000000000000032,5.31,40.7,5.42,309.3,2394.3,2822.2,5.42,8.7,BUY,3,5.31,40.7,5.3,169.5,5.29,660.7,5.28,214.9,5.27,1308.5,5.42,309.3,5.43,10.0,5.44,851.5,5.45,599.5,5.46,1051.9
1700000669.0,1338,5.365,0.11000000000000032,5.31,1104.5,5.42,221.3,4504.900000000001,2000.4,5.365,0.0,BUY,0,5.31,1104.5,5.3,1662.9,5.29,723.7,5.28,765.8,5.27,248.0,5.42,221.3,5.43,285.7,5.44,728.9,5.45,158.0,5.46,606.5
1700000669.5,1339,5.365,0.11000000000000032,5.31,778.2,5.42,325.7,3359.2,2611.1,5.31,79.0,SELL,2,5.31,778.2,5.3,371.6,5.29,1634.7,5.28,474.0,5.27,100.7,5.42,325.7,5.43,707.9,5.44,215.2,5.45,584.0,5.46,778.3
1700000670.0,1340,5.359999999999999,0.10000000000000053,5.31,1449.0,5.41,876.3,5094.3,2831.0000000000005,5.31,34.9,SELL,1,5.31,1449.0,5.3,1222.5,5.29,506.3,5.28,230.2,5.27,1686.3,5.41,876.3,5.42,1138.4,5.43,557.1,5.44,232.8,5.45,26.4
1700000670.5,1341,5.365,0.11000000000000032,5.31,1472.9,5.42,377.8,6526.299999999999,3723.7000000000003,5.31,17.7,SELL,1,5.31,1472.9,5.3,716.3,5.29,311.0,5.28,98.1,5.27,3928.0,5.42,377.8,5.43,804.0,5.44,898.1,5.45,1289.0,5.46,354.8
1700000671.0,1342,5.365,0.11000000000000032,5.31,62.1,5.42,144.9,3173.4,1752.3,5.31,5.0,SELL,1,5.31,62.1,5.3,156.1,5.29,532.7,5.28,1309.5,5.27,1113.0,5.42,144.9,5.43,775.7,5.44,27.8,5.45,786.2,5.46,17.7
1700000671.5,1343,5.359999999999999,0.1200000000000001,5.3,63.5,5.42,191.7,2113.5,3127.5,5.42,24.3,BUY,1,5.3,63.5,5.29,375.1,5.28,901.6,5.27,268.4,5.26,504.9,5.42,191.7,5.43,55.8,5.44,816.3,5.45,1084.4,5.46,979.3
1700000672.0,1344,5.359999999999999,0.1200000000000001,5.3,420.1,5.42,121.5,3069.2,1214.3000000000002,5.42,25.3,BUY,1,5.3,420.1,5.29,328.9,5.28,1037.0,5.27,252.9,5.26,1030.3,5.42,121.5,5.43,409.6,5.44,116.0,5.45,10.0,5.46,557.2
1700000672.5,1345,5.365,0.11000000000000032,5.31,595.9,5.42,589.5,3363.9,3522.4,5.42,22.1,BUY,3,5.31,595.9,5.3,66.1,5.29,146.3,5.28,384.3,5.27,2171.3,5.42,589.5,5.43,409.2,5.44,1163.8,5.45,98.0,5.46,1261.9
1700000673.0,1346,5.365,0.11000000000000032,5.31,228.2,5.42,261.6,2148.7999999999997,3925.1000000000004,5.31,5.0,SELL,5,5.31,228.2,5.3,23.7,5.29,1201.3,5.28,142.5,5.27,553.1,5.42,261.6,5.43,811.7,5.44,389.4,5.45,1893.5,5.46,568.9
1700000673.5,1347,5.359999999999999,0.10000000000000053,5.31,484.7,5.41,505.7,3181.1,2825.2,5.31,91.9,SELL,1,5.31,484.7,5.3,181.7,5.29,1348.1,5.28,1001.1,5.27,165.5,5.41,505.7,5.42,301.0,5.43,68.8,5.44,1179.9,5.45,769.8
1700000674.0,1348,5.365,0.11000000000000032,5.31,132.1,5.42,1029.5,1813.8,3272.8999999999996,5.31,49.3,SELL,1,5.31,132.1,5.3,310.4,5.29,106.8,5.28,1060.3,5.27,204.2,5.42,1029.5,5.43,269.8,5.44,757.1,5.45,1163.8,5.46,52.7
1700000674.5,1349,5.365,0.11000000000000032,5.31,152.8,5.42,109.4,2334.3999999999996,4054.3,5.42,10.5,BUY,2,5.31,152.8,5.3,123.1,5.29,486.7,5.28,1084.1,5.27,487.7,5.42,109.4,5.43,563.2,5.44,1002.0,5.45,1231.9,5.46,1147.8
1700000675.0,1350,4.26,0.1200000000000001,4.2,238.5,4.32,241.0,2740.3,1194.3000000000002,4.32,29.4,BUY,1,4.2,238.5,4.19,768.4,4.18,589.7,4.17,69.8,4.16,1073.9,4.32,241.0,4.33,542.7,4.34,208.8,4.35,70.9,4.36,130.9
1700000675.5,1351,4.26,0.09999999999999964,4.21,585.5,4.31,325.5,2683.3,4715.0,4.21,64.5,SELL,3,4.21,585.5,4.2,579.2,4.19,737.9,4.18,63.9,4.17,716.8,4.31,325.5,4.32,747.2,4.33,1359.0,4.34,966.0,4.35,1317.3
1700000676.0,1352,4.26,0.09999999999999964,4.21,133.9,4.31,297.3,600.8,1015.6999999999999,4.26,0.0,BUY,0,4.21,133.9,4.2,36.5,4.19,32.3,4.18,252.6,4.17,145.5,4.31,297.3,4.32,16.3,4.33,234.7,4.34,408.6,4.35,58.8
1700000676.5,1353,4.26,0.09999999999999964,4.21,2809.6,4.31,303.3,4885.1,2781.8999999999996,4.31,34.7,BUY,2,4.21,2809.6,4.2,58.9,4.19,393.7,4.18,1242.4,4.17,380.5,4.31,303.3,4.32,789.8,4.33,10.9,4.34,1144.1,4.35,533.8
1700000677.0,1354,4.26,0.09999999999999964,4.21,686.0,4.31,23.4,3032.5,4366.6,4.21,40.4,SELL,4,4.21,686.0,4.2,702.6,4.19,940.2,4.18,199.5,4.17,504.2,4.31,23.4,4.32,1500.8,4.33,1017.6,4.34,886.1,4.35,938.7
1700000677.5,1355,4.26,0.09999999999999964,4.21,13.7,4.31,143.6,1984.6000000000001,4735.1,4.31,19.6,BUY,1,4.21,13.7,4.2,532.9,4.19,266.0,4.18,1111.2,4.17,60.8,4.31,143.6,4.32,678.4,4.33,830.2,4.34,1523.2,4.35,1559.7
1700000678.0,1356,4.26,0.09999999999999964,4.21,166.1,4.31,105.0,5686.0,2751.5,4.21,47.2,SELL,1,4.21,166.1,4.2,334.1,4.19,226.7,4.18,26.3,4.17,4932.8,4.31,105.0,4.32,539.5,4.33,440.6,4.34,217.9,4.35,1448.5
1700000678.5,1357,4.26,0.09999999999999964,4.21,18.8,4.31,1138.4,1829.8000000000002,3949.2,4.26,0.0,BUY,0,4.21,18.8,4.2,302.2,4.19,1228.2,4.18,72.7,4.17,207.9,4.31,1138.4,4.32,113.6,4.33,332.9,4.34,544.6,4.35,1819.7
1700000679.0,1358,4.26,0.09999999999999964,4.21,116.0,4.31,61.0,4550.2,1590.0,4.31,169.2,BUY,2,4.21,116.0,4.2,92.9,4.19,1955.8,4.18,448.0,4.17,1937.5,4.31,61.0,4.32,408.6,4.33,443.1,4.34,293.5,4.35,383.8
1700000679.5,1359,4.26,0.1200000000000001,4.2,441.7,4.32,82.5,3027.7999999999997,3635.8999999999996,4.32,5.0,BUY,1,4.2,441.7,4.19,44.6,4.18,794.2,4.17,1343.1,4.16,404.2,4.32,82.5,4.33,897.5,4.34,473.8,4.35,1655.8,4.36,526.3
1700000680.0,1360,4.26,0.09999999999999964,4.21,57.9,4.31,134.0,1960.2,4418.7,4.21,16.6,SELL,1,4.21,57.9,4.2,975.2,4.19,42.1,4.18,253.2,4.17,631.8,4.31,134.0,4.32,739.3,4.33,1186.3,4.34,219.4,4.35,2139.7
1700000680.5,1361,4.26,0.1200000000000001,4.2,499.0,4.32,404.2,5101.9,6470.599999999999,4.32,76.7,BUY,1,4.2,499.0,4.19,35.1,4.18,702.5,4.17,3465.8,4.16,399.5,4.32,404.2,4.33,1378.7,4.34,561.1,4.35,3145.7,4.36,980.9
1700000681.0,1362,4.26,0.09999999999999964,4.21,408.3,4.31,285.7,3158.1,3385.7,4.21,17.4,SELL,2,4.21,408.3,4.2,458.9,4.19,508.3,4.18,1075.0,4.17,707.6,4.31,285.7,4.32,808.3,4.33,118.5,4.34,1687.1,4.35,486.1
1700000681.5,1363,4.26,0.09999999999999964,4.21,200.4,4.31,891.5,5163.6,3278.1,4.31,17.5,BUY,2,4.21,200.4,4.2,2531.2,4.19,139.6,4.18,352.9,4.17,1939.5,4.31,891.5,4.32,1136.2,4.33,790.9,4.34,233.2,4.35,226.3
1700000682.0,1364,4.26,0.09999999999999964,4.21,881.2,4.31,86.2,2471.3,4320.6,4.21,94.3,SELL,1,4.21,881.2,4.2,66.0,4.19,475.1,4.18,1009.3,4.17,39.7,4.31,86.2,4.32,906.4,4.33,1715.7,4.34,940.4,4.35,671.9
1700000682.5,1365,4.470000000000001,0.1200000000000001,4.41,520.3,4.53,769.0,2622.3,5633.4,4.41,101.4,SELL,2,4.41,520.3,4.4,257.8,4.39,250.5,4.38,90.4,4.37,1503.3,4.53,769.0,4.54,624.5,4.55,484.3,4.56,1219.5,4.57,2536.1
1700000683.0,1366,4.47,0.09999999999999964,4.42,558.5,4.52,599.9,2805.2000000000003,2121.2000000000003,4.52,138.3,BUY,6,4.42,558.5,4.41,576.7,4.4,523.1,4.39,947.1,4.38,199.8,4.52,599.9,4.53,426.3,4.54,262.1,4.55,403.7,4.56,429.2
1700000683.5,1367,4.47,0.09999999999999964,4.42,655.1,4.52,283.1,4103.200000000001,4631.7,4.42,15.7,SELL,1,4.42,655.1,4.41,346.9,4.4,452.7,4.39,1602.9,4.38,1045.6,4.52,283.1,4.53,169.2,4.54,3035.1,4.55,473.6,4.56,670.7
1700000684.0,1368,4.47,0.09999999999999964,4.42,40.4,4.52,1179.9,1569.8,5027.2,4.52,56.4,BUY,1,4.42,40.4,4.41,231.7,4.4,1134.0,4.39,13.2,4.38,150.5,4.52,1179.9,4.53,201.8,4.54,263.7,4.55,90.1,4.56,3291.7
1700000684.5,1369,4.47,0.09999999999999964,4.42,677.2,4.52,367.2,3346.3,2854.6000000000004,4.47,0.0,BUY,0,4.42,677.2,4.41,79.9,4.4,1356.0,4.39,465.8,4.38,767.4,4.52,367.2,4.53,101.8,4.54,1001.4,4.55,55.2,4.56,1329.0
1700000685.0,1370,4.47,0.09999999999999964,4.42,203.1,4.52,660.6,1275.0,4133.8,4.52,82.2,BUY,3,4.42,203.1,4.41,53.3,4.4,96.3,4.39,242.2,4.38,680.1,4.52,660.6,4.53,70.8,4.54,235.7,4.55,2624.5,4.56,542.2
1700000685.5,1371,4.470000000000001,0.1200000000000001,4.41,770.2,4.53,1104.0,2003.2000000000003,5222.700000000001,4.41,14.7,SELL,1,4.41,770.2,4.4,75.3,4.39,363.7,4.38,739.1,4.37,54.9,4.53,1104.0,4.54,1650.8,4.55,431.9,4.56,63.8,4.57,1972.2
1700000686.0,1372,4.47,0.09999999999999964,4.42,375.5,4.52,1376.4,4018.1000000000004,3514.3,4.52,44.4,BUY,1,4.42,375.5,4.41,100.8,4.4,38.8,4.39,1978.3,4.38,1524.7,4.52,1376.4,4.53,406.2,4.54,1128.0,4.55,388.0,4.56,215.7
1700000686.5,1373,4.47,0.09999999999999964,4.42,365.6,4.52,164.2,2940.0,5584.2,4.52,5.0,BUY,5,4.42,365.6,4.41,588.7,4.4,300.3,4.39,1254.2,4.38,431.2,4.52,164.2,4.53,1158.6,4.54,850.4,4.55,1404.2,4.56,2006.8
1700000687.0,1374,4.28,0.09999999999999964,4.23,181.0,4.33,141.8,2800.6000000000004,5307.1,4.33,6.4,BUY,7,4.23,181.0,4.22,1267.4,4.21,426.9,4.2,491.0,4.19,434.3,4.33,141.8,4.34,784.3,4.35,643.5,4.36,3024.0,4.37,713.5
1700000687.5,1375,4.28,0.09999999999999964,4.23,332.9,4.33,201.0,1363.8,5230.1,4.33,40.0,BUY,1,4.23,332.9,4.22,207.7,4.21,746.2,4.2,19.3,4.19,57.7,4.33,201.0,4.34,606.8,4.35,33.3,4.36,2211.7,4.37,2177.3
1700000688.0,1376,4.28,0.09999999999999964,4.23,51.5,4.33,264.8,3816.0,3524.4000000000005,4.33,47.3,BUY,2,4.23,51.5,4.22,1160.6,4.21,475.7,4.2,1281.2,4.19,847.0,4.33,264.8,4.34,194.2,4.35,2109.3,4.36,307.9,4.37,648.2
1700000688.5,1377,4.28,0.09999999999999964,4.23,291.9,4.33,57.7,4219.0,6250.2,4.28,0.0,BUY,0,4.23,291.9,4.22,779.8,4.21,1215.5,4.2,45.2,4.19,1886.6,4.33,57.7,4.34,1633.2,4.35,669.8,4.36,171.4,4.37,3718.1
1700000689.0,1378,4.28,0.09999999999999964,4.23,23.9,4.33,449.0,1898.3999999999999,5914.3,4.33,34.6,BUY,6,4.23,23.9,4.22,122.8,4.21,504.9,4.2,583.0,4.19,663.8,4.33,449.0,4.34,629.4,4.35,606.5,4.36,2228.9,4.37,2000.5
1700000689.5,1379,5.48,0.1200000000000001,5.42,209.5,5.54,1528.5,1996.9,3740.6,5.42,15.8,SELL,3,5.42,209.5,5.41,422.0,5.4,522.7,5.39,149.2,5.38,693.5,5.54,1528.5,5.55,452.4,5.56,720.0,5.57,784.0,5.58,255.7
1700000690.0,1380,5.484999999999999,0.11000000000000032,5.43,157.7,5.54,432.6,1853.5,6424.0,5.54,20.6,BUY,1,5.43,157.7,5.42,634.7,5.41,10.0,5.4,97.1,5.39,954.0,5.54,432.6,5.55,166.7,5.56,754.5,5.57,809.5,5.58,4260.7
1700000690.5,1381,5.484999999999999,0.11000000000000032,5.43,60.6,5.54,69.8,2910.5,1937.4,5.54,5.0,BUY,2,5.43,60.6,5.42,679.5,5.41,163.4,5.4,591.0,5.39,1416.0,5.54,69.8,5.55,250.9,5.56,587.5,5.57,552.7,5.58,476.5
1700000691.0,1382,5.484999999999999,0.11000000000000032,5.43,64.2,5.54,38.4,2146.4,4623.6,5.43,81.0,SELL,2,5.43,64.2,5.42,471.5,5.41,211.1,5.4,519.6,5.39,880.0,5.54,38.4,5.55,217.9,5.56,159.8,5.57,205.7,5.58,4001.8
1700000691.5,1383,5.484999999999999,0.11000000000000032,5.43,108.2,5.54,220.3,3995.8,2343.4,5.54,28.9,BUY,1,5.43,108.2,5.42,52.5,5.41,832.5,5.4,178.5,5.39,2824.1,5.54,220.3,5.55,244.0,5.56,1164.1,5.57,522.2,5.58,192.8
1700000692.0,1384,5.484999999999999,0.11000000000000032,5.43,642.3,5.54,62.6,2737.2999999999997,3339.2,5.54,103.1,BUY,1,5.43,642.3,5.42,481.7,5.41,522.8,5.4,716.4,5.39,374.1,5.54,62.6,5.55,562.7,5.56,270.3,5.57,1346.6,5.58,1097.0
1700000692.5,1385,5.484999999999999,0.11000000000000032,5.43,264.5,5.54,1223.3,4622.0,6288.3,5.43,28.0,SELL,4,5.43,264.5,5.42,781.1,5.41,430.6,5.4,166.2,5.39,2979.6,5.54,1223.3,5.55,2129.8,5.56,946.3,5.57,427.2,5.58,1561.7
1700000693.0,1386,5.484999999999999,0.11000000000000032,5.43,313.5,5.54,23.0,4083.6000000000004,573.9,5.54,5.0,BUY,2,5.43,313.5,5.42,616.4,5.41,657.9,5.4,543.6,5.39,1952.2,5.54,23.0,5.55,360.3,5.56,33.0,5.57,10.0,5.58,147.6
1700000693.5,1387,5.484999999999999,0.11000000000000032,5.43,752.1,5.54,579.5,3845.2,6117.6,5.43,10.4,SELL,1,5.43,752.1,5.42,330.3,5.41,1160.1,5.4,636.5,5.39,966.2,5.54,579.5,5.55,1150.0,5.56,611.0,5.57,3135.3,5.58,641.8
1700000694.0,1388,5.484999999999999,0.11000000000000032,5.43,1379.1,5.54,101.6,2888.0,3177.6,5.43,36.7,SELL,2,5.43,1379.1,5.42,90.4,5.41,274.9,5.4,158.5,5.39,985.1,5.54,101.6,5.55,251.2,5.56,887.2,5.57,317.1,5.58,1620.5
1700000694.5,1389,5.88,0.09999999999999964,5.83,447.2,5.93,407.2,2657.7,2575.0,5.83,13.0,SELL,1,5.83,447.2,5.82,579.7,5.81,184.6,5.8,108.3,5.79,1337.9,5.93,407.2,5.94,311.3,5.95,1168.1,5.96,528.7,5.97,159.7
1700000695.0,1390,5.88,0.09999999999999964,5.83,262.9,5.93,50.9,1705.6,4767.299999999999,5.83,47.2,SELL,2,5.83,262.9,5.82,351.4,5.81,10.0,5.8,500.7,5.79,580.6,5.93,50.9,5.94,66.7,5.95,1843.1,5.96,540.2,5.97,2266.4
1700000695.5,1391,5.880000000000001,0.1200000000000001,5.82,748.1,5.94,158.8,1444.5,1892.4,5.82,25.3,SELL,1,5.82,748.1,5.81,64.5,5.8,76.4,5.79,235.7,5.78,319.8,5.94,158.8,5.95,333.3,5.96,467.3,5.97,606.7,5.98,326.3
1700000696.0,1392,5.88,0.09999999999999964,5.83,420.4,5.93,2207.5,2394.5,6560.4,5.88,0.0,BUY,0,5.83,420.4,5.82,16.8,5.81,630.0,5.8,645.9,5.79,681.4,5.93,2207.5,5.94,2320.0,5.95,1483.4,5.96,277.5,5.97,272.0
1700000696.5,1393,5.88,0.09999999999999964,5.83,285.8,5.93,1219.8,2646.5,3352.5,5.93,8.5,BUY,5,5.83,285.8,5.82,60.5,5.81,1627.7,5.8,27.9,5.79,644.6,5.93,1219.8,5.94,864.5,5.95,437.1,5.96,343.2,5.97,487.9
1700000697.0,1394,5.880000000000001,0.1200000000000001,5.82,276.2,5.94,281.7,3393.1,1319.5,5.82,13.9,SELL,4,5.82,276.2,5.81,199.1,5.8,21.0,5.79,2652.7,5.78,244.1,5.94,281.7,5.95,548.7,5.96,216.6,5.97,194.8,5.98,77.7
1700000697.5,1395,5.88,0.09999999999999964,5.83,965.4,5.93,339.7,3254.1,5009.500000000001,5.83,28.1,SELL,4,5.83,965.4,5.82,349.4,5.81,496.3,5.8,970.9,5.79,472.1,5.93,339.7,5.94,242.4,5.95,355.8,5.96,4053.8,5.97,17.8
1700000698.0,1396,5.88,0.09999999999999964,5.83,560.7,5.93,270.2,2443.7,1304.8,5.83,21.7,SELL,1,5.83,560.7,5.82,779.4,5.81,101.3,5.8,202.7,5.79,799.6,5.93,270.2,5.94,439.1,5.95,13.8,5.96,535.2,5.97,46.5
1700000698.5,1397,5.88,0.09999999999999964,5.83,448.3,5.93,69.7,4118.9,7510.6,5.83,50.1,SELL,2,5.83,448.3,5.82,433.5,5.81,1599.2,5.8,297.7,5.79,1340.2,5.93,69.7,5.94,590.9,5.95,801.3,5.96,960.7,5.97,5088.0
1700000699.0,1398,5.880000000000001,0.1200000000000001,5.82,121.9,5.94,315.6,1659.6,1963.8,5.82,30.7,SELL,2,5.82,121.9,5.81,154.0,5.8,283.2,5.79,205.6,5.78,894.9,5.94,315.6,5.95,273.2,5.96,958.3,5.97,30.0,5.98,386.7
1700000699.5,1399,5.765000000000001,0.11000000000000032,5.71,40.1,5.82,117.5,3298.8,2809.6000000000004,5.82,5.0,BUY,5,5.71,40.1,5.7,393.5,5.69,1323.7,5.68,250.2,5.67,1291.3,5.82,117.5,5.83,327.1,5.84,1281.7,5.85,714.8,5.86,368.5
1700000700.0,1400,5.77,0.10000000000000053,5.72,22.6,5.82,1405.2,6035.200000000001,3317.2000000000003,5.82,84.0,BUY,1,5.72,22.6,5.71,917.2,5.7,426.8,5.69,2684.0,5.68,1984.6,5.82,1405.2,5.83,337.4,5.84,1127.4,5.85,404.3,5.86,42.9
1700000700.5,1401,5.765000000000001,0.11000000000000032,5.71,314.2,5.82,347.0,2228.7,5859.4,5.82,5.0,BUY,5,5.71,314.2,5.7,485.6,5.69,432.4,5.68,503.4,5.67,493.1,5.82,347.0,5.83,389.4,5.84,595.3,5.85,407.1,5.86,4120.6
1700000701.0,1402,6.484999999999999,0.11000000000000032,6.43,799.5,6.54,54.3,1676.2,1572.9,6.54,84.0,BUY,2,6.43,799.5,6.42,57.6,6.41,192.6,6.4,107.7,6.39,518.8,6.54,54.3,6.55,93.1,6.56,94.2,6.57,714.9,6.58,616.4
1700000701.5,1403,6.48,0.1200000000000001,6.42,276.1,6.54,537.3,2543.7000000000003,4038.5,6.42,7.5,SELL,3,6.42,276.1,6.41,61.5,6.4,489.8,6.39,893.7,6.38,822.6,6.54,537.3,6.55,424.5,6.56,847.4,6.57,525.3,6.58,1704.0
1700000702.0,1404,7.57,0.1200000000000001,7.51,107.4,7.63,738.2,4217.5,6091.400000000001,7.57,0.0,BUY,0,7.51,107.4,7.5,1757.5,7.49,222.0,7.48,1462.6,7.47,668.0,7.63,738.2,7.64,1428.9,7.65,1169.3,7.66,970.2,7.67,1784.8
1700000702.5,1405,7.57,0.10000000000000053,7.52,240.8,7.62,554.6,2370.2,6115.5,7.62,6.1,BUY,4,7.52,240.8,7.51,132.6,7.5,686.1,7.49,480.0,7.48,830.7,7.62,554.6,7.63,691.8,7.64,906.3,7.65,3176.7,7.66,786.1
1700000703.0,1406,7.57,0.10000000000000053,7.52,511.1,7.62,253.6,2529.7,2180.3,7.52,104.2,SELL,2,7.52,511.1,7.51,42.8,7.5,719.8,7.49,913.7,7.48,342.3,7.62,253.6,7.63,271.8,7.64,225.2,7.65,697.0,7.66,732.7
1700000703.5,1407,7.57,0.10000000000000053,7.52,374.1,7.62,854.0,1690.6000000000001,4040.8,7.52,53.7,SELL,1,7.52,374.1,7.51,332.3,7.5,344.9,7.49,426.8,7.48,212.5,7.62,854.0,7.63,1006.9,7.64,504.5,7.65,1465.0,7.66,210.4
1700000704.0,1408,7.57,0.10000000000000053,7.52,275.2,7.62,327.5,983.9000000000001,2513.0,7.62,5.5,BUY,4,7.52,275.2,7.51,254.0,7.5,15.2,7.49,207.0,7.48,232.5,7.62,327.5,7.63,424.1,7.64,805.9,7.65,308.2,7.66,647.3
1700000704.5,1409,7.57,0.10000000000000053,7.52,80.7,7.62,925.1,2726.2000000000003,5542.4,7.52,94.6,SELL,1,7.52,80.7,7.51,179.2,7.5,201.6,7.49,1681.3,7.48,583.4,7.62,925.1,7.63,862.3,7.64,1062.6,7.65,212.3,7.66,2480.1
1700000705.0,1410,7.57,0.1200000000000001,7.51,1704.7,7.63,30.3,2303.8,3474.7999999999997,7.51,16.7,SELL,1,7.51,1704.7,7.5,43.1,7.49,332.8,7.48,81.4,7.47,141.8,7.63,30.3,7.64,1525.6,7.65,14.6,7.66,1585.2,7.67,319.1
1700000705.5,1411,7.57,0.10000000000000053,7.52,187.1,7.62,496.5,1771.9999999999998,2576.2,7.62,23.0,BUY,3,7.52,187.1,7.51,1271.6,7.5,178.6,7.49,85.4,7.48,49.3,7.62,496.5,7.63,363.8,7.64,858.1,7.65,10.0,7.66,847.8
1700000706.0,1412,7.57,0.10000000000000053,7.52,190.5,7.62,683.4,1915.6999999999998,3949.1,7.52,16.7,SELL,3,7.52,190.5,7.51,458.4,7.5,675.8,7.49,581.0,7.48,10.0,7.62,683.4,7.63,27.8,7.64,775.5,7.65,192.5,7.66,2269.9
1700000706.5,1413,7.57,0.10000000000000053,7.52,284.9,7.62,358.9,3354.8,2056.4,7.62,8.2,BUY,3,7.52,284.9,7.51,105.2,7.5,136.4,7.49,812.6,7.48,2015.7,7.62,358.9,7.63,270.5,7.64,947.5,7.65,217.4,7.66,262.1
1700000707.0,1414,7.57,0.10000000000000053,7.52,1177.4,7.62,399.1,2178.0,2632.9,7.62,68.3,BUY,1,7.52,1177.4,7.51,205.2,7.5,289.3,7.49,115.1,7.48,391.0,7.62,399.1,7.63,194.2,7.64,248.7,7.65,1661.0,7.66,129.9
1700000707.5,1415,7.57,0.10000000000000053,7.52,151.7,7.62,1431.5,2337.8,5086.4,7.62,44.8,BUY,2,7.52,151.7,7.51,432.3,7.5,282.1,7.49,715.0,7.48,756.7,7.62,1431.5,7.63,566.1,7.64,539.9,7.65,588.7,7.66,1960.2
1700000708.0,1416,7.57,0.10000000000000053,7.52,138.3,7.62,526.1,2180.9,4347.3,7.57,0.0,BUY,0,7.52,138.3,7.51,160.6,7.5,1072.1,7.49,162.4,7.48,647.5,7.62,526.1,7.63,318.1,7.64,273.0,7.65,2790.1,7.66,440.0
1700000708.5,1417,7.57,0.10000000000000053,7.52,442.2,7.62,552.5,4681.0,3084.7999999999997,7.52,10.0,SELL,1,7.52,442.2,7.51,66.5,7.5,2434.9,7.49,219.2,7.48,1518.2,7.62,552.5,7.63,709.7,7.64,1164.0,7.65,45.2,7.66,613.4
1700000709.0,1418,7.2,0.09999999999999964,7.15,100.0,7.25,725.5,1497.0,1977.3000000000002,7.25,41.1,BUY,2,7.15,100.0,7.14,642.9,7.13,121.2,7.12,93.6,7.11,539.3,7.25,725.5,7.26,124.1,7.27,1021.3,7.28,20.2,7.29,86.2
1700000709.5,1419,7.2,0.09999999999999964,7.15,178.8,7.25,116.3,3628.4,1499.1,7.25,101.6,BUY,1,7.15,178.8,7.14,1228.9,7.13,2046.2,7.12,142.4,7.11,32.1,7.25,116.3,7.26,189.8,7.27,209.9,7.28,40.8,7.29,942.3
1700000710.0,1420,7.2,0.09999999999999964,7.15,221.9,7.25,92.1,790.0999999999999,4107.5,7.15,25.3,SELL,6,7.15,221.9,7.14,51.4,7.13,96.5,7.12,212.1,7.11,208.2,7.25,92.1,7.26,390.6,7.27,2648.9,7.28,235.1,7.29,740.8
1700000710.5,1421,7.2,0.09999999999999964,7.15,748.2,7.25,150.1,1963.1,2640.1000000000004,7.15,11.0,SELL,5,7.15,748.2,7.14,101.6,7.13,93.9,7.12,13.6,7.11,1005.8,7.25,150.1,7.26,675.6,7.27,102.7,7.28,1039.7,7.29,672.0
1700000711.0,1422,7.2,0.09999999999999964,7.15,66.6,7.25,746.1,2527.5,2833.3,7.2,0.0,BUY,0,7.15,66.6,7.14,374.2,7.13,558.9,7.12,422.9,7.11,1104.9,7.25,746.1,7.26,140.8,7.27,1154.5,7.28,717.9,7.29,74.0
1700000711.5,1423,7.2,0.09999999999999964,7.15,96.6,7.25,35.8,836.6,1414.5,7.25,13.5,BUY,4,7.15,96.6,7.14,96.4,7.13,212.5,7.12,421.1,7.11,10.0,7.25,35.8,7.26,82.2,7.27,796.9,7.28,483.7,7.29,15.9
1700000712.0,1424,7.2,0.09999999999999964,7.15,22.0,7.25,10.0,3491.0,4144.3,7.15,65.4,SELL,1,7.15,22.0,7.14,2930.7,7.13,37.1,7.12,28.3,7.11,472.9,7.25,10.0,7.26,1647.9,7.27,214.2,7.28,1141.7,7.29,1130.5
1700000712.5,1425,7.2,0.09999999999999964,7.15,292.2,7.25,92.3,2848.2,6004.7,7.2,0.0,BUY,0,7.15,292.2,7.14,477.9,7.13,1624.5,7.12,166.6,7.11,287.0,7.25,92.3,7.26,750.4,7.27,179.2,7.28,3143.1,7.29,1839.7
1700000713.0,1426,7.2,0.09999999999999964,7.15,525.7,7.25,416.2,2739.0,1785.3,7.15,35.0,SELL,2,7.15,525.7,7.14,584.4,7.13,90.5,7.12,506.4,7.11,1032.0,7.25,416.2,7.26,197.7,7.27,384.1,7.28,255.6,7.29,531.7
1700000713.5,1427,7.2,0.09999999999999964,7.15,303.4,7.25,10.0,4977.6,1142.1,7.25,23.4,BUY,1,7.15,303.4,7.14,63.6,7.13,2509.3,7.12,1386.2,7.11,715.1,7.25,10.0,7.26,10.0,7.27,172.9,7.28,504.3,7.29,444.9
1700000714.0,1428,7.2,0.09999999999999964,7.15,127.6,7.25,2127.8,7770.4,6953.700000000001,7.15,41.8,SELL,1,7.15,127.6,7.14,249.9,7.13,130.7,7.12,2369.7,7.11,4892.5,7.25,2127.8,7.26,1529.9,7.27,1519.9,7.28,1307.6,7.29,468.5
1700000714.5,1429,7.66,0.09999999999999964,7.61,1508.1,7.71,330.7,3655.4,2481.3999999999996,7.61,6.4,SELL,3,7.61,1508.1,7.6,1600.5,7.59,163.9,7.58,356.6,7.57,26.3,7.71,330.7,7.72,262.1,7.73,631.5,7.74,211.3,7.75,1045.8
1700000715.0,1430,7.65,0.10000000000000053,7.6,275.4,7.7,1966.5,1678.1,4357.0,7.6,92.5,SELL,1,7.6,275.4,7.59,76.0,7.58,434.5,7.57,381.6,7.56,510.6,7.7,1966.5,7.71,1064.6,7.72,1158.1,7.73,61.6,7.74,106.2
1700000715.5,1431,7.65,0.10000000000000053,7.6,1214.3,7.7,134.1,2123.5,3995.7999999999997,7.7,5.0,BUY,1,7.6,1214.3,7.59,173.2,7.58,446.6,7.57,23.5,7.56,265.9,7.7,134.1,7.71,1679.4,7.72,97.3,7.73,808.9,7.74,1276.1
1700000716.0,1432,7.654999999999999,0.11000000000000032,7.6,159.9,7.71,67.5,3246.7,1977.2999999999997,7.6,58.3,SELL,2,7.6,159.9,7.59,290.0,7.58,427.5,7.57,615.5,7.56,1753.8,7.71,67.5,7.72,86.0,7.73,410.8,7.74,306.4,7.75,1106.6
1700000716.5,1433,7.654999999999999,0.11000000000000032,7.6,145.1,7.71,590.1,3867.5,1512.7,7.654999999999999,0.0,BUY,0,7.6,145.1,7.59,344.7,7.58,841.1,7.57,2297.1,7.56,239.5,7.71,590.1,7.72,281.9,7.73,19.7,7.74,255.5,7.75,365.5
1700000717.0,1434,7.654999999999999,0.11000000000000032,7.6,53.7,7.71,1172.2,2754.8,3596.4000000000005,7.654999999999999,0.0,BUY,0,7.6,53.7,7.59,286.9,7.58,856.7,7.57,59.4,7.56,1498.1,7.71,1172.2,7.72,485.2,7.73,1077.7,7.74,564.8,7.75,296.5
1700000717.5,1435,7.65,0.1200000000000001,7.59,167.4,7.71,440.0,1481.5,4574.099999999999,7.59,29.8,SELL,1,7.59,167.4,7.58,547.5,7.57,426.7,7.56,26.9,7.55,313.0,7.71,440.0,7.72,85.6,7.73,1161.9,7.74,2792.7,7.75,93.9
1700000718.0,1436,7.654999999999999,0.11000000000000032,7.6,92.5,7.71,196.8,2216.3,3155.6,7.654999999999999,0.0,BUY,0,7.6,92.5,7.59,888.2,7.58,90.3,7.57,357.6,7.56,787.7,7.71,196.8,7.72,1291.6,7.73,194.5,7.74,1232.7,7.75,240.0
1700000718.5,1437,7.65,0.10000000000000053,7.6,1116.1,7.7,768.0,3406.3,3350.6000000000004,7.7,205.2,BUY,2,7.6,1116.1,7.59,326.2,7.58,19.8,7.57,162.3,7.56,1781.9,7.7,768.0,7.71,18.2,7.72,754.1,7.73,1479.3,7.74,331.0
1700000719.0,1438,7.654999999999999,0.11000000000000032,7.6,362.0,7.71,148.5,2384.6,3024.0,7.71,46.1,BUY,1,7.6,362.0,7.59,294.0,7.58,174.9,7.57,822.9,7.56,730.8,7.71,148.5,7.72,2027.4,7.73,12.7,7.74,126.2,7.75,709.2
1700000719.5,1439,7.654999999999999,0.11000000000000032,7.6,265.7,7.71,940.6,1328.8999999999999,2787.9,7.71,6.5,BUY,2,7.6,265.7,7.59,56.8,7.58,118.2,7.57,831.9,7.56,56.3,7.71,940.6,7.72,793.6,7.73,616.6,7.74,197.7,7.75,239.4
1700000720.0,1440,7.654999999999999,0.11000000000000032,7.6,390.9,7.71,534.0,2022.5,3344.7000000000003,7.71,33.7,BUY,1,7.6,390.9,7.59,597.9,7.58,542.2,7.57,191.7,7.56,299.8,7.71,534.0,7.72,1279.9,7.73,234.3,7.74,843.1,7.75,453.4
1700000720.5,1441,7.65,0.1200000000000001,7.59,130.4,7.71,746.9,2834.3,5905.800000000001,7.59,21.8,SELL,3,7.59,130.4,7.58,1158.8,7.57,639.5,7.56,254.2,7.55,651.4,7.71,746.9,7.72,2118.3,7.73,595.7,7.74,422.3,7.75,2022.6
1700000721.0,1442,7.654999999999999,0.11000000000000032,7.6,712.4,7.71,180.5,2455.2999999999997,3260.2999999999997,7.6,17.9,SELL,5,7.6,712.4,7.59,571.2,7.58,459.0,7.57,519.6,7.56,193.1,7.71,180.5,7.72,626.2,7.73,405.9,7.74,973.8,7.75,1073.9
1700000721.5,1443,7.65,0.1200000000000001,7.59,12.0,7.71,442.1,1944.8000000000002,5057.3,7.71,31.1,BUY,2,7.59,12.0,7.58,10.4,7.57,1029.8,7.56,14.5,7.55,878.1,7.71,442.1,7.72,1264.9,7.73,487.8,7.74,383.4,7.75,2479.1
1700000722.0,1444,7.65,0.10000000000000053,7.6,2001.5,7.7,16.6,6247.3,6489.099999999999,7.6,50.1,SELL,2,7.6,2001.5,7.59,240.2,7.58,2122.3,7.57,1438.8,7.56,444.5,7.7,16.6,7.71,30.0,7.72,398.3,7.73,1215.3,7.74,4828.9
1700000722.5,1445,7.029999999999999,0.1200000000000001,6.97,979.0,7.09,136.6,9540.900000000001,2011.8000000000002,7.09,39.2,BUY,1,6.97,979.0,6.96,17.8,6.95,40.3,6.94,8284.1,6.93,219.7,7.09,136.6,7.1,375.0,7.11,649.2,7.12,140.3,7.13,710.7
1700000723.0,1446,7.03,0.09999999999999964,6.98,331.8,7.08,173.0,5157.6,4304.5,7.03,0.0,BUY,0,6.98,331.8,6.97,2233.3,6.96,524.3,6.95,2038.7,6.94,29.5,7.08,173.0,7.09,1786.5,7.1,1039.1,7.11,132.8,7.12,1173.1
1700000723.5,1447,7.03,0.09999999999999964,6.98,124.1,7.08,36.4,5854.9,2536.1,7.08,28.0,BUY,2,6.98,124.1,6.97,337.8,6.96,1914.2,6.95,1145.2,6.94,2333.6,7.08,36.4,7.09,699.9,7.1,388.7,7.11,1190.9,7.12,220.2
1700000724.0,1448,7.029999999999999,0.1200000000000001,6.97,198.6,7.09,117.6,3000.1000000000004,2117.7,7.09,37.8,BUY,1,6.97,198.6,6.96,19.6,6.95,903.4,6.94,1406.7,6.93,471.8,7.09,117.6,7.1,667.2,7.11,610.8,7.12,480.5,7.13,241.6
1700000724.5,1449,7.03,0.09999999999999964,6.98,389.3,7.08,2482.8,2820.9,4706.599999999999,6.98,42.6,SELL,1,6.98,389.3,6.97,602.8,6.96,67.0,6.95,937.4,6.94,824.4,7.08,2482.8,7.09,599.0,7.1,1100.5,7.11,167.4,7.12,356.9
1700000725.0,1450,7.03,0.09999999999999964,6.98,891.5,7.08,294.9,5794.4,1831.4,7.08,28.8,BUY,1,6.98,891.5,6.97,1426.4,6.96,1003.3,6.95,59.6,6.94,2413.6,7.08,294.9,7.09,576.0,7.1,458.0,7.11,402.4,7.12,100.1
1700000725.5,1451,7.03,0.09999999999999964,6.98,10.0,7.08,191.7,2442.7,4302.2,6.98,111.7,SELL,3,6.98,10.0,6.97,615.2,6.96,260.7,6.95,275.3,6.94,1281.5,7.08,191.7,7.09,10.0,7.1,651.7,7.11,531.2,7.12,2917.6
1700000726.0,1452,7.03,0.09999999999999964,6.98,294.2,7.08,717.6,2262.4000000000005,1702.7000000000003,7.03,0.0,BUY,0,6.98,294.2,6.97,659.8,6.96,447.4,6.95,749.7,6.94,111.3,7.08,717.6,7.09,117.4,7.1,434.9,7.11,358.9,7.12,73.9
1700000726.5,1453,7.03,0.09999999999999964,6.98,11.1,7.08,155.7,2606.5,4988.3,6.98,201.2,SELL,1,6.98,11.1,6.97,968.7,6.96,418.2,6.95,10.0,6.94,1198.5,7.08,155.7,7.09,691.0,7.1,20.0,7.11,2113.4,7.12,2008.2
1700000727.0,1454,7.03,0.09999999999999964,6.98,570.3,7.08,1512.9,4969.0,6523.099999999999,6.98,5.0,SELL,2,6.98,570.3,6.97,35.8,6.96,857.2,6.95,1641.7,6.94,1864.0,7.08,1512.9,7.09,621.1,7.1,1026.0,7.11,1672.4,7.12,1690.7
1700000727.5,1455,7.03,0.09999999999999964,6.98,664.4,7.08,347.4,5922.2,3286.1,6.98,5.0,SELL,1,6.98,664.4,6.97,820.8,6.96,1235.4,6.95,1883.8,6.94,1317.8,7.08,347.4,7.09,1262.1,7.1,43.2,7.11,928.4,7.12,705.0
1700000728.0,1456,7.029999999999999,0.1200000000000001,6.97,235.5,7.09,90.4,3474.1,5594.1,7.09,40.0,BUY,4,6.97,235.5,6.96,373.4,6.95,656.3,6.94,315.7,6.93,1893.2,7.09,90.4,7.1,2620.8,7.11,718.6,7.12,1068.0,7.13,1096.3
1700000728.5,1457,7.03,0.09999999999999964,6.98,31.5,7.08,1269.8,2045.8,3241.1,7.08,8.9,BUY,1,6.98,31.5,6.97,273.4,6.96,655.9,6.95,267.5,6.94,817.5,7.08,1269.8,7.09,308.0,7.1,206.5,7.11,1190.9,7.12,265.9
1700000729.0,1458,7.03,0.09999999999999964,6.98,97.2,7.08,87.2,6816.7,1667.4,7.08,5.0,BUY,2,6.98,97.2,6.97,466.4,6.96,385.8,6.95,2445.1,6.94,3422.2,7.08,87.2,7.09,114.2,7.1,372.7,7.11,576.2,7.12,517.1
1700000729.5,1459,7.029999999999999,0.1200000000000001,6.97,15.2,7.09,59.2,2754.2999999999997,2663.8,6.97,107.9,SELL,4,6.97,15.2,6.96,291.4,6.95,1716.3,6.94,120.0,6.93,611.4,7.09,59.2,7.1,740.6,7.11,512.1,7.12,339.2,7.13,1012.7
1700000730.0,1460,7.03,0.09999999999999964,6.98,165.2,7.08,110.2,2545.1,6173.2,7.08,8.9,BUY,3,6.98,165.2,6.97,902.3,6.96,669.8,6.95,147.5,6.94,660.3,7.08,110.2,7.09,1830.0,7.1,1333.2,7.11,1244.5,7.12,1655.3
1700000730.5,1461,7.03,0.09999999999999964,6.98,341.7,7.08,272.6,1895.6000000000001,3932.3,6.98,34.6,SELL,2,6.98,341.7,6.97,642.5,6.96,79.4,6.95,609.8,6.94,222.2,7.08,272.6,7.09,233.6,7.1,452.4,7.11,2210.8,7.12,762.9
1700000731.0,1462,7.03,0.09999999999999964,6.98,381.8,7.08,119.4,1550.8,908.8,6.98,16.4,SELL,3,6.98,381.8,6.97,10.0,6.96,59.7,6.95,271.4,6.94,827.9,7.08,119.4,7.09,301.0,7.1,144.4,7.11,264.3,7.12,79.7
1700000731.5,1463,7.029999999999999,0.1200000000000001,6.97,352.4,7.09,10.0,1374.1000000000001,3871.0,7.09,49.7,BUY,1,6.97,352.4,6.96,143.6,6.95,301.0,6.94,527.9,6.93,49.2,7.09,10.0,7.1,244.4,7.11,1408.9,7.12,1711.5,7.13,496.2
1700000732.0,1464,7.03,0.09999999999999964,6.98,228.1,7.08,697.3,2650.0,3496.5,6.98,99.7,SELL,2,6.98,228.1,6.97,105.8,6.96,171.7,6.95,107.3,6.94,2037.1,7.08,697.3,7.09,472.8,7.1,138.7,7.11,1987.9,7.12,199.8
1700000732.5,1465,7.03,0.09999999999999964,6.98,368.4,7.08,256.9,1819.3,2215.1,7.08,17.3,BUY,1,6.98,368.4,6.97,948.6,6.96,52.5,6.95,170.8,6.94,279.0,7.08,256.9,7.09,103.7,7.1,293.2,7.11,1359.7,7.12,201.6
1700000733.0,1466,7.1899999999999995,0.10000000000000053,7.14,865.7,7.24,161.0,1370.3999999999999,2713.8999999999996,7.24,110.6,BUY,2,7.14,865.7,7.13,155.3,7.12,60.1,7.11,184.2,7.1,105.1,7.24,161.0,7.25,714.2,7.26,375.4,7.27,832.0,7.28,631.3
1700000733.5,1467,7.195,0.11000000000000032,7.14,665.3,7.25,42.5,4857.0,3293.5,7.25,134.8,BUY,2,7.14,665.3,7.13,23.7,7.12,1552.3,7.11,449.0,7.1,2166.7,7.25,42.5,7.26,1315.0,7.27,392.6,7.28,440.7,7.29,1102.7
1700000734.0,1468,7.195,0.11000000000000032,7.14,145.0,7.25,282.1,1174.1,2013.8,7.14,23.3,SELL,1,7.14,145.0,7.13,655.2,7.12,42.5,7.11,31.3,7.1,300.1,7.25,282.1,7.26,180.8,7.27,1165.5,7.28,79.6,7.29,305.8
1700000734.5,1469,7.195,0.11000000000000032,7.14,388.2,7.25,300.5,6120.599999999999,3664.1000000000004,7.14,102.0,SELL,5,7.14,388.2,7.13,1492.8,7.12,3097.2,7.11,744.7,7.1,397.7,7.25,300.5,7.26,262.7,7.27,817.7,7.28,113.4,7.29,2169.8
1700000735.0,1470,7.195,0.11000000000000032,7.14,117.9,7.25,788.3,1520.4999999999998,4042.4,7.25,9.4,BUY,1,7.14,117.9,7.13,43.8,7.12,502.4,7.11,627.1,7.1,229.3,7.25,788.3,7.26,583.7,7.27,911.0,7.28,1749.4,7.29,10.0
1700000735.5,1471,7.195,0.11000000000000032,7.14,750.3,7.25,142.2,2162.7,3319.6000000000004,7.25,28.0,BUY,1,7.14,750.3,7.13,512.0,7.12,113.5,7.11,240.2,7.1,546.7,7.25,142.2,7.26,24.3,7.27,24.8,7.28,2775.8,7.29,352.5
1700000736.0,1472,7.1899999999999995,0.10000000000000053,7.14,683.6,7.24,250.5,3859.4000000000005,3123.2999999999997,7.24,26.8,BUY,1,7.14,683.6,7.13,1001.9,7.12,667.3,7.11,575.3,7.1,931.3,7.24,250.5,7.25,738.8,7.26,1253.9,7.27,767.6,7.28,112.5
1700000736.5,1473,7.195,0.11000000000000032,7.14,339.5,7.25,386.3,7285.7,1716.8,7.195,0.0,BUY,0,7.14,339.5,7.13,1268.0,7.12,669.6,7.11,1775.8,7.1,3232.8,7.25,386.3,7.26,1176.9,7.27,47.3,7.28,96.3,7.29,10.0
1700000737.0,1474,6.97,0.09999999999999964,6.92,51.4,7.02,304.6,3956.4,1539.1,7.02,72.7,BUY,1,6.92,51.4,6.91,1049.6,6.9,682.7,6.89,631.3,6.88,1541.4,7.02,304.6,7.03,15.7,7.04,269.2,7.05,142.1,7.06,807.5
1700000737.5,1475,6.97,0.09999999999999964,6.92,195.7,7.02,211.5,3231.0999999999995,4157.0,7.02,84.6,BUY,4,6.92,195.7,6.91,292.7,6.9,1645.2,6.89,648.3,6.88,449.2,7.02,211.5,7.03,1023.2,7.04,684.2,7.05,805.6,7.06,1432.5
1700000738.0,1476,6.97,0.09999999999999964,6.92,330.1,7.02,704.5,2098.9,4022.2000000000003,6.92,38.4,SELL,3,6.92,330.1,6.91,807.1,6.9,330.9,6.89,130.7,6.88,500.1,7.02,704.5,7.03,1723.5,7.04,618.5,7.05,487.4,7.06,488.3
1700000738.5,1477,6.97,0.09999999999999964,6.92,79.4,7.02,10.0,2318.5,1945.8,6.97,0.0,BUY,0,6.92,79.4,6.91,411.5,6.9,122.8,6.89,258.7,6.88,1446.1,7.02,10.0,7.03,679.7,7.04,598.3,7.05,446.8,7.06,211.0
1700000739.0,1478,6.97,0.09999999999999964,6.92,559.1,7.02,173.2,2635.4,2215.0,6.97,0.0,BUY,0,6.92,559.1,6.91,231.0,6.9,618.6,6.89,726.6,6.88,500.1,7.02,173.2,7.03,26.8,7.04,1719.9,7.05,223.4,7.06,71.7
1700000739.5,1479,6.97,0.09999999999999964,6.92,109.0,7.02,142.4,3674.8999999999996,6175.5,7.02,165.9,BUY,3,6.92,109.0,6.91,298.3,6.9,1444.3,6.89,528.8,6.88,1294.5,7.02,142.4,7.03,387.5,7.04,419.3,7.05,4679.0,7.06,547.3
1700000740.0,1480,6.97,0.09999999999999964,6.92,44.8,7.02,11.3,3082.6000000000004,1956.0,7.02,6.1,BUY,3,6.92,44.8,6.91,263.4,6.9,1277.7,6.89,752.4,6.88,744.3,7.02,11.3,7.03,405.9,7.04,1033.3,7.05,152.2,7.06,353.3
1700000740.5,1481,6.97,0.09999999999999964,6.92,401.3,7.02,160.5,1637.3000000000002,4383.5,6.97,0.0,BUY,0,6.92,401.3,6.91,87.3,6.9,759.1,6.89,78.5,6.88,311.1,7.02,160.5,7.03,127.6,7.04,778.7,7.05,133.4,7.06,3183.3
1700000741.0,1482,6.970000000000001,0.1200000000000001,6.91,165.6,7.03,311.1,3669.6,4814.5,6.91,5.0,SELL,4,6.91,165.6,6.9,1156.8,6.89,708.3,6.88,1506.0,6.87,132.9,7.03,311.1,7.04,3646.7,7.05,314.2,7.06,178.1,7.07,364.4
1700000741.5,1483,6.97,0.09999999999999964,6.92,556.8,7.02,117.6,4121.700000000001,1817.6999999999998,6.92,5.7,SELL,2,6.92,556.8,6.91,472.6,6.9,380.0,6.89,73.5,6.88,2638.8,7.02,117.6,7.03,136.2,7.04,873.0,7.05,666.4,7.06,24.5
1700000742.0,1484,6.970000000000001,0.1200000000000001,6.91,377.8,7.03,499.8,2554.1,5245.5,7.03,5.0,BUY,2,6.91,377.8,6.9,408.8,6.89,484.9,6.88,675.2,6.87,607.4,7.03,499.8,7.04,463.7,7.05,1415.2,7.06,64.9,7.07,2801.9
1700000742.5,1485,6.97,0.09999999999999964,6.92,130.0,7.02,772.0,1200.9,3815.5,6.92,58.6,SELL,2,6.92,130.0,6.91,187.3,6.9,67.5,6.89,233.1,6.88,583.0,7.02,772.0,7.03,20.6,7.04,979.4,7.05,1943.4,7.06,100.1
1700000743.0,1486,6.97,0.09999999999999964,6.92,995.8,7.02,361.0,2917.2000000000003,1752.4,7.02,83.6,BUY,2,6.92,995.8,6.91,503.1,6.9,796.4,6.89,429.9,6.88,192.0,7.02,361.0,7.03,379.5,7.04,241.4,7.05,108.0,7.06,662.5
1700000743.5,1487,5.33,0.09999999999999964,5.28,439.0,5.38,344.0,2334.7999999999997,2883.8999999999996,5.38,23.4,BUY,4,5.28,439.0,5.27,411.8,5.26,592.4,5.25,853.6,5.24,38.0,5.38,344.0,5.39,710.1,5.4,1269.5,5.41,170.1,5.42,390.2
1700000744.0,1488,5.33,0.09999999999999964,5.28,18.6,5.38,300.5,1200.1000000000001,2339.7999999999997,5.28,11.0,SELL,1,5.28,18.6,5.27,752.2,5.26,65.4,5.25,345.6,5.24,18.3,5.38,300.5,5.39,330.6,5.4,793.0,5.41,876.6,5.42,39.1
1700000744.5,1489,4.22,0.09999999999999964,4.17,82.1,4.27,22.2,1752.3,1374.0,4.17,5.0,SELL,1,4.17,82.1,4.16,442.9,4.15,413.2,4.14,224.6,4.13,589.5,4.27,22.2,4.28,429.3,4.29,777.2,4.3,92.3,4.31,53.0
1700000745.0,1490,4.22,0.09999999999999964,4.17,333.3,4.27,149.8,3617.1,3312.7,4.17,59.2,SELL,1,4.17,333.3,4.16,421.8,4.15,933.1,4.14,11.1,4.13,1917.8,4.27,149.8,4.28,279.2,4.29,1565.4,4.3,107.0,4.31,1211.3
1700000745.5,1491,4.22,0.09999999999999964,4.17,454.1,4.27,531.8,3275.6000000000004,3933.6,4.27,5.0,BUY,3,4.17,454.1,4.16,419.8,4.15,1252.6,4.14,738.3,4.13,410.8,4.27,531.8,4.28,93.4,4.29,2174.8,4.3,28.1,4.31,1105.5
1700000746.0,1492,4.22,0.09999999999999964,4.17,69.7,4.27,638.9,3238.5,5010.3,4.27,49.7,BUY,2,4.17,69.7,4.16,220.2,4.15,2047.7,4.14,843.0,4.13,57.9,4.27,638.9,4.28,187.2,4.29,509.0,4.3,934.4,4.31,2740.8
1700000746.5,1493,4.22,0.09999999999999964,4.17,412.2,4.27,22.2,1095.8,2252.7000000000003,4.17,7.0,SELL,3,4.17,412.2,4.16,255.5,4.15,247.5,4.14,56.5,4.13,124.1,4.27,22.2,4.28,948.1,4.29,594.6,4.3,125.4,4.31,562.4
1700000747.0,1494,4.46,0.09999999999999964,4.41,34.6,4.51,97.0,1964.7,1742.0,4.41,43.4,SELL,4,4.41,34.6,4.4,963.3,4.39,597.1,4.38,197.9,4.37,171.8,4.51,97.0,4.52,109.5,4.53,299.5,4.54,757.5,4.55,478.5
1700000747.5,1495,3.33,0.1200000000000001,3.27,10.0,3.39,1412.6,4130.5,5056.0,3.39,7.1,BUY,2,3.27,10.0,3.26,1135.1,3.25,1032.9,3.24,152.3,3.23,1800.2,3.39,1412.6,3.4,55.0,3.41,1677.3,3.42,1350.1,3.43,561.0
1700000748.0,1496,3.33,0.10000000000000009,3.28,334.1,3.38,481.4,2397.1,1153.3,3.38,23.2,BUY,3,3.28,334.1,3.27,461.6,3.26,231.1,3.25,608.0,3.24,762.3,3.38,481.4,3.39,398.4,3.4,128.0,3.41,82.2,3.42,63.3
1700000748.5,1497,3.33,0.10000000000000009,3.28,16.9,3.38,180.1,448.1,1160.6999999999998,3.38,43.8,BUY,3,3.28,16.9,3.27,30.1,3.26,108.5,3.25,71.2,3.24,221.4,3.38,180.1,3.39,22.6,3.4,202.6,3.41,291.3,3.42,464.1
1700000749.0,1498,3.44,0.1200000000000001,3.38,324.7,3.5,2644.1,1842.8999999999999,7012.1,3.44,0.0,BUY,0,3.38,324.7,3.37,321.4,3.36,10.0,3.35,20.5,3.34,1166.3,3.5,2644.1,3.51,266.0,3.52,2175.6,3.53,223.0,3.54,1703.4
1700000749.5,1499,3.44,0.1200000000000001,3.38,20.4,3.5,441.7,401.5,3484.5999999999995,3.38,14.4,SELL,2,3.38,20.4,3.37,112.8,3.36,10.0,3.35,104.7,3.34,153.6,3.5,441.7,3.51,10.0,3.52,135.5,3.53,2620.2,3.54,277.2
