timestamp,sequence_id,mid_price,spread,best_bid,best_bid_size,best_ask,best_ask_size,total_bid_depth,total_ask_depth,last_trade_price,last_trade_size,last_trade_side,num_recent_trades,bid_price_0,bid_size_0,bid_price_1,bid_size_1,bid_price_2,bid_size_2,bid_price_3,bid_size_3,bid_price_4,bid_size_4,ask_price_0,ask_size_0,ask_price_1,ask_size_1,ask_price_2,ask_size_2,ask_price_3,ask_size_3,ask_price_4,ask_size_4
1700000000.0,0,100.0,0.060000000000002274,99.97,29.7,100.03,271.1,2733.1,1873.0,100.03,84.4,BUY,4,99.97,29.7,99.96,456.0,99.95,90.4,99.94,1210.1,99.93,946.9,100.03,271.1,100.04,594.9,100.05,653.3,100.06,12.2,100.07,341.5
1700000000.5,1,99.99,0.060000000000002274,99.96,376.2,100.02,123.1,1940.8000000000002,2585.0000000000005,100.02,14.5,BUY,3,99.96,376.2,99.95,531.5,99.94,45.8,99.93,26.7,99.92,960.6,100.02,123.1,100.03,444.6,100.04,1297.7,100.05,367.8,100.06,351.8
1700000001.0,2,99.985,0.06999999999999318,99.95,174.1,100.02,587.1,982.6,3061.2000000000003,99.95,31.9,SELL,2,99.95,174.1,99.94,112.4,99.93,424.2,99.92,89.3,99.91,182.6,100.02,587.1,100.03,634.5,100.04,23.4,100.05,845.8,100.06,970.4
1700000001.5,3,99.99,0.060000000000002274,99.96,155.7,100.02,1325.0,3388.2000000000003,4103.1,99.99,0.0,BUY,0,99.96,155.7,99.95,699.0,99.94,124.1,99.93,642.5,99.92,1766.9,100.02,1325.0,100.03,317.5,100.04,376.3,100.05,991.9,100.06,1092.4
1700000002.0,4,100.0,0.060000000000002274,99.97,139.9,100.03,29.1,3522.2999999999997,1907.8,99.97,12.5,SELL,2,99.97,139.9,99.96,102.1,99.95,10.7,99.94,91.9,99.93,3177.7,100.03,29.1,100.04,656.4,100.05,301.6,100.06,644.4,100.07,276.3
1700000002.5,5,100.0,0.060000000000002274,99.97,100.9,100.03,280.5,3066.5,3262.3,100.03,57.5,BUY,1,99.97,100.9,99.96,1089.6,99.95,850.0,99.94,14.1,99.93,1011.9,100.03,280.5,100.04,17.0,100.05,109.5,100.06,2063.3,100.07,792.0
1700000003.0,6,99.99,0.060000000000002274,99.96,297.3,100.02,87.9,1230.1,1847.0,99.96,17.8,SELL,5,99.96,297.3,99.95,59.6,99.94,10.3,99.93,457.9,99.92,405.0,100.02,87.9,100.03,269.1,100.04,220.4,100.05,801.0,100.06,468.6
1700000003.5,7,99.98,0.060000000000002274,99.95,688.6,100.01,415.1,2587.9,1796.2,100.01,14.4,BUY,2,99.95,688.6,99.94,101.2,99.93,351.6,99.92,843.2,99.91,603.3,100.01,415.1,100.02,788.1,100.03,171.3,100.04,25.2,100.05,396.5
1700000004.0,8,99.97,0.060000000000002274,99.94,413.6,100.0,195.7,4661.499999999999,774.2,100.0,61.1,BUY,3,99.94,413.6,99.93,1163.1,99.92,2519.6,99.91,508.8,99.9,56.4,100.0,195.7,100.01,257.1,100.02,58.2,100.03,110.9,100.04,152.3
1700000004.5,9,99.97,0.060000000000002274,99.94,216.0,100.0,564.6,2735.5000000000005,1990.1999999999998,100.0,5.0,BUY,2,99.94,216.0,99.93,117.0,99.92,819.4,99.91,1391.2,99.9,191.9,100.0,564.6,100.01,633.0,100.02,93.2,100.03,10.0,100.04,689.4
1700000005.0,10,99.95500000000001,0.04999999999999716,99.93,475.1,99.98,207.4,3300.8,3091.6000000000004,99.98,103.7,BUY,1,99.93,475.1,99.92,285.7,99.91,350.6,99.9,388.2,99.89,1801.2,99.98,207.4,99.99,647.7,100.0,678.2,100.01,1478.4,100.02,79.9
1700000005.5,11,99.95,0.060000000000002274,99.92,109.0,99.98,28.2,905.0,2515.9,99.98,95.5,BUY,6,99.92,109.0,99.91,391.4,99.9,114.2,99.89,115.7,99.88,174.7,99.98,28.2,99.99,37.8,100.0,236.6,100.01,526.2,100.02,1687.1
1700000006.0,12,99.95,0.060000000000002274,99.92,324.7,99.98,139.4,3434.7999999999997,2652.0,99.98,97.8,BUY,4,99.92,324.7,99.91,13.6,99.9,88.3,99.89,2060.1,99.88,948.1,99.98,139.4,99.99,478.6,100.0,406.0,100.01,372.7,100.02,1255.3
1700000006.5,13,99.94,0.060000000000002274,99.91,380.0,99.97,872.0,1150.4,2956.8,99.97,20.8,BUY,3,99.91,380.0,99.9,136.0,99.89,90.8,99.88,528.2,99.87,15.4,99.97,872.0,99.98,78.9,99.99,71.9,100.0,487.1,100.01,1446.9
1700000007.0,14,99.94,0.060000000000002274,99.91,207.2,99.97,62.9,2009.8000000000002,1859.5,99.97,6.2,BUY,1,99.91,207.2,99.9,221.7,99.89,529.0,99.88,239.5,99.87,812.4,99.97,62.9,99.98,902.3,99.99,126.6,100.0,82.5,100.01,685.2
1700000007.5,15,99.94,0.060000000000002274,99.91,1113.1,99.97,19.9,2413.5,1672.0,99.91,37.4,SELL,2,99.91,1113.1,99.9,130.8,99.89,64.2,99.88,241.7,99.87,863.7,99.97,19.9,99.98,762.2,99.99,129.6,100.0,11.9,100.01,748.4
1700000008.0,16,99.94,0.060000000000002274,99.91,10.0,99.97,409.8,3731.7999999999997,2569.6000000000004,99.97,24.7,BUY,2,99.91,10.0,99.9,67.2,99.89,952.9,99.88,1763.3,99.87,938.4,99.97,409.8,99.98,142.9,99.99,302.5,100.0,28.7,100.01,1685.7
1700000008.5,17,99.94,0.060000000000002274,99.91,47.0,99.97,1237.9,2639.2999999999997,2569.0,99.94,0.0,BUY,0,99.91,47.0,99.9,1132.8,99.89,103.5,99.88,351.9,99.87,1004.1,99.97,1237.9,99.98,584.1,99.99,152.3,100.0,574.2,100.01,20.5
1700000009.0,18,99.94,0.060000000000002274,99.91,196.0,99.97,691.4,2806.7000000000003,2948.0,99.94,0.0,BUY,0,99.91,196.0,99.9,116.3,99.89,729.1,99.88,400.9,99.87,1364.4,99.97,691.4,99.98,275.8,99.99,167.0,100.0,462.0,100.01,1351.8
1700000009.5,19,99.93,0.05999999999998806,99.9,495.3,99.96,157.5,3200.0,7146.9,99.9,21.6,SELL,1,99.9,495.3,99.89,270.3,99.88,1067.4,99.87,613.9,99.86,753.1,99.96,157.5,99.97,335.0,99.98,2862.7,99.99,191.4,100.0,3600.3
1700000010.0,20,99.93,0.05999999999998806,99.9,85.2,99.96,609.3,1810.1,2249.7,99.9,21.2,SELL,1,99.9,85.2,99.89,466.9,99.88,310.6,99.87,184.1,99.86,763.3,99.96,609.3,99.97,48.6,99.98,880.8,99.99,624.7,100.0,86.3
1700000010.5,21,99.93,0.05999999999998806,99.9,168.7,99.96,34.8,1773.2,1600.4,99.96,16.5,BUY,1,99.9,168.7,99.89,300.2,99.88,117.2,99.87,199.3,99.86,987.8,99.96,34.8,99.97,230.4,99.98,638.7,99.99,388.1,100.0,308.4
1700000011.0,22,99.93,0.05999999999998806,99.9,85.0,99.96,91.3,1943.6000000000001,1737.0,99.9,10.6,SELL,4,99.9,85.0,99.89,414.1,99.88,310.0,99.87,973.8,99.86,160.7,99.96,91.3,99.97,70.5,99.98,242.8,99.99,845.6,100.0,486.8
1700000011.5,23,99.92,0.060000000000002274,99.89,889.8,99.95,311.1,2637.2,3115.9999999999995,99.95,5.0,BUY,1,99.89,889.8,99.88,554.7,99.87,37.5,99.86,654.7,99.85,500.5,99.95,311.1,99.96,269.0,99.97,173.2,99.98,1531.1,99.99,831.6
1700000012.0,24,99.92,0.060000000000002274,99.89,617.2,99.95,295.7,1854.8,5660.9,99.95,5.0,BUY,1,99.89,617.2,99.88,140.7,99.87,239.1,99.86,125.5,99.85,732.3,99.95,295.7,99.96,332.0,99.97,1566.8,99.98,1199.8,99.99,2266.6
1700000012.5,25,99.905,0.05000000000001137,99.88,262.9,99.93,1016.1,1841.8,3427.6,99.88,5.0,SELL,2,99.88,262.9,99.87,151.4,99.86,524.9,99.85,682.8,99.84,219.8,99.93,1016.1,99.94,784.2,99.95,593.1,99.96,436.1,99.97,598.1
1700000013.0,26,99.905,0.06999999999999318,99.87,108.1,99.94,227.1,1749.2,4942.1,99.94,21.0,BUY,2,99.87,108.1,99.86,655.7,99.85,261.8,99.84,589.9,99.83,133.7,99.94,227.1,99.95,1343.4,99.96,950.4,99.97,1490.2,99.98,931.0
1700000013.5,27,84.795,0.06999999999999318,84.76,513.2,84.83,18.3,3828.6000000000004,3999.1000000000004,84.76,13.4,SELL,2,84.76,513.2,84.75,560.2,84.74,507.3,84.73,1046.4,84.72,1201.5,84.83,18.3,84.84,626.9,84.85,574.2,84.86,1482.4,84.87,1297.3
1700000014.0,28,84.78,0.060000000000002274,84.75,52.8,84.81,37.0,2923.2999999999997,1871.6,84.81,32.8,BUY,3,84.75,52.8,84.74,62.4,84.73,2033.2,84.72,648.8,84.71,126.1,84.81,37.0,84.82,649.0,84.83,97.1,84.84,241.0,84.85,847.5
1700000014.5,29,84.765,0.06999999999999318,84.73,15.6,84.8,51.3,2189.7,2610.2000000000003,84.73,74.8,SELL,3,84.73,15.6,84.72,1707.6,84.71,148.8,84.7,196.3,84.69,121.4,84.8,51.3,84.81,686.8,84.82,320.4,84.83,1218.4,84.84,333.3
1700000015.0,30,84.76,0.060000000000002274,84.73,184.7,84.79,199.7,2508.5,2011.5,84.79,31.0,BUY,2,84.73,184.7,84.72,580.4,84.71,79.9,84.7,224.7,84.69,1438.8,84.79,199.7,84.8,528.1,84.81,540.2,84.82,509.0,84.83,234.5
1700000015.5,31,84.76,0.060000000000002274,84.73,261.5,84.79,129.0,4082.5,4566.1,84.73,109.9,SELL,2,84.73,261.5,84.72,203.9,84.71,709.1,84.7,111.2,84.69,2796.8,84.79,129.0,84.8,494.4,84.81,333.2,84.82,2761.9,84.83,847.6
1700000016.0,32,84.76,0.060000000000002274,84.73,178.4,84.79,360.3,2500.0,4809.2,84.79,6.2,BUY,3,84.73,178.4,84.72,393.1,84.71,357.4,84.7,378.9,84.69,1192.2,84.79,360.3,84.8,10.0,84.81,1461.6,84.82,636.7,84.83,2340.6
1700000016.5,33,84.76,0.060000000000002274,84.73,303.1,84.79,205.9,2175.3,1061.1000000000001,84.79,177.4,BUY,1,84.73,303.1,84.72,632.4,84.71,77.7,84.7,921.1,84.69,241.0,84.79,205.9,84.8,324.2,84.81,332.5,84.82,34.2,84.83,164.3
1700000017.0,34,84.76,0.060000000000002274,84.73,875.6,84.79,1087.1,1921.1999999999998,3520.2,84.76,0.0,BUY,0,84.73,875.6,84.72,157.6,84.71,10.0,84.7,376.9,84.69,501.1,84.79,1087.1,84.8,618.1,84.81,386.1,84.82,731.0,84.83,697.9
1700000017.5,35,84.75,0.060000000000002274,84.72,471.2,84.78,12.2,1234.7,3488.1,84.72,23.2,SELL,5,84.72,471.2,84.71,96.4,84.7,97.0,84.69,276.9,84.68,293.2,84.78,12.2,84.79,70.7,84.8,1685.8,84.81,356.3,84.82,1363.1
1700000018.0,36,84.75,0.060000000000002274,84.72,512.3,84.78,804.8,1934.2999999999997,2816.8,84.78,25.9,BUY,2,84.72,512.3,84.71,309.8,84.7,202.8,84.69,396.3,84.68,513.1,84.78,804.8,84.79,259.9,84.8,200.4,84.81,209.3,84.82,1342.4
1700000018.5,37,84.75,0.060000000000002274,84.72,860.8,84.78,158.1,2386.1,3503.7000000000003,84.72,7.3,SELL,1,84.72,860.8,84.71,185.5,84.7,741.7,84.69,455.1,84.68,143.0,84.78,158.1,84.79,11.3,84.8,487.5,84.81,2708.8,84.82,138.0
1700000019.0,38,84.75,0.060000000000002274,84.72,53.6,84.78,807.3,2364.7,3373.9,84.78,62.1,BUY,1,84.72,53.6,84.71,215.3,84.7,22.0,84.69,354.7,84.68,1719.1,84.78,807.3,84.79,847.3,84.8,397.8,84.81,916.4,84.82,405.1
1700000019.5,39,84.75,0.060000000000002274,84.72,718.7,84.78,990.3,3878.4999999999995,3014.1000000000004,84.75,0.0,BUY,0,84.72,718.7,84.71,78.5,84.7,2274.2,84.69,347.5,84.68,459.6,84.78,990.3,84.79,642.1,84.8,182.4,84.81,128.7,84.82,1070.6
1700000020.0,40,84.73,0.060000000000002274,84.7,468.1,84.76,535.6,2832.2999999999997,3668.9999999999995,84.7,19.8,SELL,5,84.7,468.1,84.69,920.3,84.68,111.3,84.67,1319.0,84.66,13.6,84.76,535.6,84.77,1192.4,84.78,57.8,84.79,1312.1,84.8,571.1
1700000020.5,41,84.72,0.060000000000002274,84.69,889.4,84.75,149.9,2980.9,4449.6,84.75,103.5,BUY,3,84.69,889.4,84.68,114.2,84.67,508.5,84.66,805.4,84.65,663.4,84.75,149.9,84.76,2484.8,84.77,61.2,84.78,610.7,84.79,1143.0
1700000021.0,42,84.705,0.06999999999999318,84.67,31.6,84.74,165.8,1508.5,3957.3,84.74,29.1,BUY,1,84.67,31.6,84.66,548.7,84.65,584.2,84.64,57.3,84.63,286.7,84.74,165.8,84.75,2210.9,84.76,501.8,84.77,106.1,84.78,972.7
1700000021.5,43,84.7,0.060000000000002274,84.67,580.4,84.73,169.8,1758.2,3863.3,84.7,0.0,BUY,0,84.67,580.4,84.66,804.2,84.65,316.7,84.64,11.4,84.63,45.5,84.73,169.8,84.74,18.6,84.75,1728.3,84.76,757.3,84.77,1189.3
1700000022.0,44,84.7,0.060000000000002274,84.67,988.9,84.73,256.5,4341.6,1776.8000000000002,84.67,73.0,SELL,1,84.67,988.9,84.66,2173.0,84.65,51.1,84.64,85.9,84.63,1042.7,84.73,256.5,84.74,250.8,84.75,134.8,84.76,58.7,84.77,1076.0
1700000022.5,45,84.7,0.060000000000002274,84.67,51.0,84.73,131.5,2481.3999999999996,5549.099999999999,84.67,51.3,SELL,3,84.67,51.0,84.66,241.3,84.65,92.6,84.64,1180.7,84.63,915.8,84.73,131.5,84.74,2285.4,84.75,1352.9,84.76,1605.1,84.77,174.2
1700000023.0,46,84.69,0.060000000000002274,84.66,134.6,84.72,107.9,2654.1000000000004,4772.599999999999,84.69,0.0,BUY,0,84.66,134.6,84.65,644.7,84.64,231.9,84.63,1147.9,84.62,495.0,84.72,107.9,84.73,1923.7,84.74,173.4,84.75,2515.2,84.76,52.4
1700000023.5,47,84.68,0.05999999999998806,84.65,23.5,84.71,52.4,1168.9,798.1999999999999,84.65,94.5,SELL,3,84.65,23.5,84.64,42.3,84.63,31.8,84.62,418.9,84.61,652.4,84.71,52.4,84.72,185.9,84.73,118.1,84.74,373.4,84.75,68.4
1700000024.0,48,84.68,0.05999999999998806,84.65,228.5,84.71,403.3,1977.6999999999998,1910.9,84.71,91.7,BUY,3,84.65,228.5,84.64,10.0,84.63,274.6,84.62,1131.6,84.61,333.0,84.71,403.3,84.72,437.6,84.73,559.1,84.74,26.4,84.75,484.5
1700000024.5,49,84.69,0.060000000000002274,84.66,145.4,84.72,249.0,1180.6,1724.0,84.72,113.1,BUY,2,84.66,145.4,84.65,510.5,84.64,172.1,84.63,10.0,84.62,342.6,84.72,249.0,84.73,351.1,84.74,547.6,84.75,211.9,84.76,364.4
1700000025.0,50,84.68,0.05999999999998806,84.65,158.3,84.71,424.2,1320.8000000000002,2661.2999999999997,84.71,5.0,BUY,1,84.65,158.3,84.64,242.3,84.63,543.1,84.62,160.9,84.61,216.2,84.71,424.2,84.72,321.5,84.73,608.0,84.74,751.0,84.75,556.6
1700000025.5,51,84.685,0.04999999999999716,84.66,27.5,84.71,611.6,2000.9,3778.6,84.71,13.6,BUY,2,84.66,27.5,84.65,84.4,84.64,721.5,84.63,17.7,84.62,1149.8,84.71,611.6,84.72,1842.6,84.73,779.3,84.74,216.0,84.75,329.1
1700000026.0,52,84.68,0.05999999999998806,84.65,10.0,84.71,146.2,1132.7,3859.8,84.71,16.2,BUY,1,84.65,10.0,84.64,101.3,84.63,101.0,84.62,61.6,84.61,858.8,84.71,146.2,84.72,152.2,84.73,410.9,84.74,1934.7,84.75,1215.8
1700000026.5,53,84.67,0.060000000000002274,84.64,703.8,84.7,333.8,2160.9,1682.8000000000002,84.64,7.1,SELL,4,84.64,703.8,84.63,86.9,84.62,314.1,84.61,828.7,84.6,227.4,84.7,333.8,84.71,247.1,84.72,36.1,84.73,316.1,84.74,749.7
1700000027.0,54,84.68,0.05999999999998806,84.65,183.7,84.71,192.9,1522.7,2915.1000000000004,84.71,16.9,BUY,1,84.65,183.7,84.64,117.0,84.63,203.4,84.62,332.3,84.61,686.3,84.71,192.9,84.72,1410.0,84.73,653.2,84.74,444.8,84.75,214.2
1700000027.5,55,84.66,0.060000000000002274,84.63,484.7,84.69,191.0,3216.4,2813.0,84.66,0.0,BUY,0,84.63,484.7,84.62,574.7,84.61,192.9,84.6,1778.7,84.59,185.4,84.69,191.0,84.7,552.7,84.71,1798.5,84.72,233.0,84.73,37.8
1700000028.0,56,84.65,0.060000000000002274,84.62,698.5,84.68,126.7,1684.1,2595.3999999999996,84.62,27.4,SELL,3,84.62,698.5,84.61,40.6,84.6,655.0,84.59,18.4,84.58,271.6,84.68,126.7,84.69,147.8,84.7,81.7,84.71,427.9,84.72,1811.3
1700000028.5,57,84.65,0.060000000000002274,84.62,166.6,84.68,818.7,2033.5,2926.0,84.68,6.7,BUY,1,84.62,166.6,84.61,226.6,84.6,47.8,84.59,1562.0,84.58,30.5,84.68,818.7,84.69,275.1,84.7,1335.1,84.71,302.5,84.72,194.6
1700000029.0,58,71.98,0.060000000000002274,71.95,338.5,72.01,710.8,2722.1,3627.7,72.01,5.0,BUY,2,71.95,338.5,71.94,178.8,71.93,382.7,71.92,934.0,71.91,888.1,72.01,710.8,72.02,72.0,72.03,686.5,72.04,981.4,72.05,1177.0
1700000029.5,59,71.985,0.06999999999999318,71.95,163.6,72.02,559.1,3839.3,2299.6,72.02,7.1,BUY,3,71.95,163.6,71.94,30.2,71.93,744.0,71.92,160.5,71.91,2741.0,72.02,559.1,72.03,601.1,72.04,11.0,72.05,278.5,72.06,849.9
1700000030.0,60,71.97,0.060000000000002274,71.94,14.3,72.0,1628.5,2358.0,5198.6,72.0,10.4,BUY,1,71.94,14.3,71.93,334.7,71.92,1060.3,71.91,57.4,71.9,891.3,72.0,1628.5,72.01,295.7,72.02,303.6,72.03,2391.8,72.04,579.0
1700000030.5,61,71.96000000000001,0.05999999999998806,71.93,259.0,71.99,866.5,2570.6,3303.8,71.93,30.0,SELL,2,71.93,259.0,71.92,25.8,71.91,82.4,71.9,448.4,71.89,1755.0,71.99,866.5,72.0,259.5,72.01,943.7,72.02,441.9,72.03,792.2
1700000031.0,62,71.95,0.060000000000002274,71.92,278.0,71.98,176.4,3715.7,4375.1,71.92,17.6,SELL,4,71.92,278.0,71.91,25.7,71.9,2054.2,71.89,704.3,71.88,653.5,71.98,176.4,71.99,1505.5,72.0,52.2,72.01,893.0,72.02,1748.0
1700000031.5,63,71.95,0.060000000000002274,71.92,208.5,71.98,739.8,1174.2,3467.7999999999997,71.98,9.4,BUY,3,71.92,208.5,71.91,147.4,71.9,34.3,71.89,438.5,71.88,345.5,71.98,739.8,71.99,658.8,72.0,592.1,72.01,507.7,72.02,969.4
1700000032.0,64,71.95,0.060000000000002274,71.92,2191.9,71.98,50.7,4787.700000000001,1645.9,71.95,0.0,BUY,0,71.92,2191.9,71.91,1100.2,71.9,71.5,71.89,322.7,71.88,1101.4,71.98,50.7,71.99,150.8,72.0,382.3,72.01,601.2,72.02,460.9
1700000032.5,65,71.94,0.060000000000002274,71.91,26.0,71.97,34.6,1617.6,2428.3,71.94,0.0,BUY,0,71.91,26.0,71.9,135.0,71.89,368.3,71.88,580.4,71.87,507.9,71.97,34.6,71.98,10.0,71.99,42.2,72.0,376.7,72.01,1964.8
1700000033.0,66,71.935,0.04999999999999716,71.91,10.0,71.96,128.3,1063.6999999999998,4163.4,71.96,10.6,BUY,4,71.91,10.0,71.9,24.0,71.89,180.5,71.88,210.9,71.87,638.3,71.96,128.3,71.97,992.0,71.98,929.5,71.99,653.1,72.0,1460.5
1700000033.5,67,71.94,0.060000000000002274,71.91,10.0,71.97,170.9,3088.0,2491.9,71.97,18.1,BUY,2,71.91,10.0,71.9,928.5,71.89,169.6,71.88,1295.4,71.87,684.5,71.97,170.9,71.98,134.7,71.99,353.1,72.0,1387.9,72.01,445.3
1700000034.0,68,71.94,0.060000000000002274,71.91,114.3,71.97,560.6,2290.0,1676.1,71.91,44.6,SELL,4,71.91,114.3,71.9,234.1,71.89,341.1,71.88,1187.0,71.87,413.5,71.97,560.6,71.98,56.3,71.99,774.4,72.0,132.5,72.01,152.3
1700000034.5,69,75.64,0.060000000000002274,75.61,134.8,75.67,79.7,1084.2,2401.1,75.67,25.1,BUY,3,75.61,134.8,75.6,391.7,75.59,376.3,75.58,159.9,75.57,21.5,75.67,79.7,75.68,197.3,75.69,278.2,75.7,379.6,75.71,1466.3
1700000035.0,70,75.63,0.060000000000002274,75.6,532.7,75.66,1047.5,1722.2,4379.099999999999,75.6,34.9,SELL,1,75.6,532.7,75.59,52.0,75.58,252.3,75.57,591.2,75.56,294.0,75.66,1047.5,75.67,153.1,75.68,2038.6,75.69,340.5,75.7,799.4
1700000035.5,71,75.63,0.060000000000002274,75.6,765.7,75.66,725.6,1929.3000000000002,3098.2999999999997,75.66,15.7,BUY,2,75.6,765.7,75.59,531.6,75.58,391.4,75.57,94.5,75.56,146.1,75.66,725.6,75.67,1103.1,75.68,522.3,75.69,247.2,75.7,500.1
1700000036.0,72,75.63,0.060000000000002274,75.6,416.6,75.66,1227.7,1456.5,3928.9,75.6,30.7,SELL,1,75.6,416.6,75.59,444.2,75.58,10.0,75.57,383.8,75.56,201.9,75.66,1227.7,75.67,114.7,75.68,466.8,75.69,224.7,75.7,1895.0
1700000036.5,73,75.62,0.060000000000002274,75.59,234.6,75.65,515.1,3051.5,5394.5,75.65,21.0,BUY,2,75.59,234.6,75.58,10.0,75.57,466.3,75.56,1197.4,75.55,1143.2,75.65,515.1,75.66,1132.8,75.67,2080.3,75.68,917.3,75.69,749.0
1700000037.0,74,75.61,0.060000000000002274,75.58,123.4,75.64,139.0,1222.1000000000001,944.8,75.64,5.0,BUY,3,75.58,123.4,75.57,132.3,75.56,711.7,75.55,82.3,75.54,172.4,75.64,139.0,75.65,414.3,75.66,137.9,75.67,38.5,75.68,215.1
1700000037.5,75,75.61,0.060000000000002274,75.58,368.2,75.64,791.5,2618.1,3481.7,75.64,52.8,BUY,2,75.58,368.2,75.57,683.5,75.56,437.7,75.55,153.1,75.54,975.6,75.64,791.5,75.65,349.5,75.66,101.6,75.67,105.6,75.68,2133.5
1700000038.0,76,75.61,0.060000000000002274,75.58,16.5,75.64,255.4,2365.0,2657.8999999999996,75.58,71.2,SELL,3,75.58,16.5,75.57,530.0,75.56,13.9,75.55,598.3,75.54,1206.3,75.64,255.4,75.65,526.2,75.66,10.0,75.67,391.5,75.68,1474.8
1700000038.5,77,75.61,0.060000000000002274,75.58,481.6,75.64,277.6,2610.3,3030.0,75.58,11.0,SELL,1,75.58,481.6,75.57,949.4,75.56,276.6,75.55,540.2,75.54,362.5,75.64,277.6,75.65,935.2,75.66,467.8,75.67,337.4,75.68,1012.0
1700000039.0,78,75.6,0.060000000000002274,75.57,696.1,75.63,323.0,1932.3,3138.8,75.63,52.5,BUY,1,75.57,696.1,75.56,96.3,75.55,70.8,75.54,707.9,75.53,361.2,75.63,323.0,75.64,443.1,75.65,462.1,75.66,1572.2,75.67,338.4
1700000039.5,79,70.6,0.060000000000002274,70.57,52.6,70.63,46.4,4824.4,1938.6,70.6,0.0,BUY,0,70.57,52.6,70.56,124.7,70.55,1229.4,70.54,182.7,70.53,3235.0,70.63,46.4,70.64,303.6,70.65,35.5,70.66,841.8,70.67,711.3
1700000040.0,80,70.6,0.060000000000002274,70.57,20.1,70.63,200.7,1157.5,4603.400000000001,70.57,22.5,SELL,2,70.57,20.1,70.56,554.8,70.55,257.6,70.54,10.0,70.53,315.0,70.63,200.7,70.64,1145.6,70.65,2405.3,70.66,165.2,70.67,686.6
1700000040.5,81,70.6,0.060000000000002274,70.57,68.1,70.63,56.3,901.1,945.9,70.63,6.6,BUY,2,70.57,68.1,70.56,17.7,70.55,396.8,70.54,278.9,70.53,139.6,70.63,56.3,70.64,92.4,70.65,320.5,70.66,147.7,70.67,329.0
1700000041.0,82,67.68,0.05999999999998806,67.65,179.3,67.71,331.7,1244.8,2342.2,67.65,14.3,SELL,2,67.65,179.3,67.64,830.0,67.63,69.0,67.62,50.2,67.61,116.3,67.71,331.7,67.72,68.5,67.73,645.0,67.74,923.4,67.75,373.6
1700000041.5,83,67.68,0.05999999999998806,67.65,100.6,67.71,48.0,4872.299999999999,2477.5,67.68,0.0,BUY,0,67.65,100.6,67.64,456.2,67.63,3081.1,67.62,25.3,67.61,1209.1,67.71,48.0,67.72,56.4,67.73,167.4,67.74,378.1,67.75,1827.6
1700000042.0,84,67.685,0.06999999999999318,67.65,193.0,67.72,531.7,1247.8,2473.3,67.72,5.0,BUY,2,67.65,193.0,67.64,153.4,67.63,259.0,67.62,477.9,67.61,164.5,67.72,531.7,67.73,350.7,67.74,384.0,67.75,879.0,67.76,327.9
1700000042.5,85,67.67,0.060000000000002274,67.64,93.6,67.7,700.2,651.1999999999999,6793.8,67.7,28.0,BUY,3,67.64,93.6,67.63,120.1,67.62,409.1,67.61,16.5,67.6,11.9,67.7,700.2,67.71,1305.2,67.72,1144.5,67.73,677.2,67.74,2966.7
1700000043.0,86,67.65,0.060000000000002274,67.62,82.9,67.68,28.9,1250.1,1540.6,67.68,62.3,BUY,4,67.62,82.9,67.61,795.3,67.6,215.5,67.59,73.4,67.58,83.0,67.68,28.9,67.69,475.1,67.7,273.9,67.71,436.2,67.72,326.5
1700000043.5,87,67.64,0.060000000000002274,67.61,696.8,67.67,753.6,3739.5999999999995,4213.1,67.64,0.0,BUY,0,67.61,696.8,67.6,676.2,67.59,514.1,67.58,414.7,67.57,1437.8,67.67,753.6,67.68,860.1,67.69,306.7,67.7,1054.7,67.71,1238.0
1700000044.0,88,67.64,0.060000000000002274,67.61,37.5,67.67,225.5,2930.1000000000004,2304.1000000000004,67.61,51.4,SELL,1,67.61,37.5,67.6,190.2,67.59,1176.5,67.58,271.0,67.57,1254.9,67.67,225.5,67.68,356.9,67.69,1221.5,67.7,457.4,67.71,42.8
1700000044.5,89,67.64,0.060000000000002274,67.61,93.9,67.67,68.0,3111.3,2631.1000000000004,67.64,0.0,BUY,0,67.61,93.9,67.6,102.3,67.59,542.2,67.58,30.0,67.57,2342.9,67.67,68.0,67.68,332.5,67.69,49.0,67.7,518.2,67.71,1663.4
1700000045.0,90,67.64,0.060000000000002274,67.61,456.5,67.67,1647.8,2264.1,3650.8999999999996,67.64,0.0,BUY,0,67.61,456.5,67.6,198.4,67.59,534.2,67.58,68.2,67.57,1006.8,67.67,1647.8,67.68,1321.4,67.69,38.1,67.7,226.6,67.71,417.0
1700000045.5,91,67.64,0.060000000000002274,67.61,10.0,67.67,846.6,2554.7000000000003,2998.6000000000004,67.64,0.0,BUY,0,67.61,10.0,67.6,454.3,67.59,664.2,67.58,1273.9,67.57,152.3,67.67,846.6,67.68,70.4,67.69,101.2,67.7,632.5,67.71,1347.9
1700000046.0,92,67.625,0.06999999999999318,67.59,184.6,67.66,287.7,4649.0,4653.3,67.66,10.6,BUY,1,67.59,184.6,67.58,1734.6,67.57,706.9,67.56,986.7,67.55,1036.2,67.66,287.7,67.67,68.0,67.68,891.4,67.69,1060.4,67.7,2345.8
1700000046.5,93,67.625,0.06999999999999318,67.59,156.3,67.66,851.4,2366.7999999999997,5096.0,67.625,0.0,BUY,0,67.59,156.3,67.58,270.0,67.57,950.0,67.56,738.4,67.55,252.1,67.66,851.4,67.67,243.3,67.68,93.6,67.69,625.7,67.7,3282.0
1700000047.0,94,67.625,0.06999999999999318,67.59,36.4,67.66,162.9,1101.3,3342.8,67.66,46.6,BUY,3,67.59,36.4,67.58,365.8,67.57,36.0,67.56,584.6,67.55,78.5,67.66,162.9,67.67,1267.3,67.68,561.7,67.69,1138.4,67.7,212.5
1700000047.5,95,67.62,0.060000000000002274,67.59,270.1,67.65,2000.1,1689.4,11329.3,67.65,57.3,BUY,4,67.59,270.1,67.58,50.2,67.57,661.4,67.56,471.6,67.55,236.1,67.65,2000.1,67.66,1047.7,67.67,2803.0,67.68,271.5,67.69,5207.0
1700000048.0,96,67.62,0.060000000000002274,67.59,225.5,67.65,215.1,3116.5,1366.6999999999998,67.65,5.0,BUY,1,67.59,225.5,67.58,383.1,67.57,699.9,67.56,1057.6,67.55,750.4,67.65,215.1,67.66,809.5,67.67,64.2,67.68,71.1,67.69,206.8
1700000048.5,97,67.62,0.060000000000002274,67.59,336.4,67.65,553.0,2846.5,4194.9,67.65,11.2,BUY,1,67.59,336.4,67.58,764.6,67.57,100.0,67.56,395.1,67.55,1250.4,67.65,553.0,67.66,944.5,67.67,281.6,67.68,2184.9,67.69,230.9
1700000049.0,98,67.61,0.060000000000002274,67.58,311.4,67.64,96.4,2517.7000000000003,2404.6,67.58,37.9,SELL,3,67.58,311.4,67.57,562.6,67.56,509.8,67.55,1080.0,67.54,53.9,67.64,96.4,67.65,374.2,67.66,189.2,67.67,212.5,67.68,1532.3
1700000049.5,99,67.61,0.060000000000002274,67.58,470.3,67.64,603.9,2655.1,7139.7,67.58,16.4,SELL,1,67.58,470.3,67.57,129.7,67.56,765.3,67.55,151.2,67.54,1138.6,67.64,603.9,67.65,458.8,67.66,553.6,67.67,3150.2,67.68,2373.2
1700000050.0,100,66.7,0.060000000000002274,66.67,386.5,66.73,408.4,3090.0000000000005,4299.7,66.73,50.7,BUY,3,66.67,386.5,66.66,223.7,66.65,725.2,66.64,915.2,66.63,839.4,66.73,408.4,66.74,382.1,66.75,27.3,66.76,2747.2,66.77,734.7
1700000050.5,101,66.71000000000001,0.05999999999998806,66.68,206.1,66.74,51.8,3438.3,1962.1000000000001,66.74,57.8,BUY,2,66.68,206.1,66.67,316.2,66.66,1108.5,66.65,168.6,66.64,1638.9,66.74,51.8,66.75,723.8,66.76,95.7,66.77,866.1,66.78,224.7
1700000051.0,102,66.72,0.060000000000002274,66.69,1264.9,66.75,473.8,4156.8,3717.9,66.69,22.3,SELL,5,66.69,1264.9,66.68,116.7,66.67,1784.8,66.66,529.4,66.65,461.0,66.75,473.8,66.76,513.4,66.77,303.1,66.78,805.2,66.79,1622.4
1700000051.5,103,66.7,0.060000000000002274,66.67,638.2,66.73,77.7,7327.0999999999985,1677.1,66.67,8.5,SELL,4,66.67,638.2,66.66,58.7,66.65,4461.4,66.64,1193.4,66.63,975.4,66.73,77.7,66.74,427.6,66.75,397.7,66.76,296.6,66.77,477.5
1700000052.0,104,66.70500000000001,0.04999999999999716,66.68,141.8,66.73,10.3,1409.9,1236.5,66.70500000000001,0.0,BUY,0,66.68,141.8,66.67,333.6,66.66,385.0,66.65,470.0,66.64,79.5,66.73,10.3,66.74,446.0,66.75,239.2,66.76,118.3,66.77,422.7
1700000052.5,105,66.71000000000001,0.05999999999998806,66.68,20.6,66.74,304.3,1850.7,2105.7000000000003,66.68,28.3,SELL,1,66.68,20.6,66.67,411.1,66.66,398.2,66.65,542.5,66.64,478.3,66.74,304.3,66.75,503.6,66.76,730.2,66.77,502.2,66.78,65.4
1700000053.0,106,66.72,0.060000000000002274,66.69,299.4,66.75,355.1,1834.9,1183.3,66.75,13.8,BUY,2,66.69,299.4,66.68,545.3,66.67,18.0,66.66,322.1,66.65,650.1,66.75,355.1,66.76,245.1,66.77,82.9,66.78,232.2,66.79,268.0
1700000053.5,107,66.72,0.060000000000002274,66.69,528.9,66.75,234.3,3693.3,3208.1000000000004,66.69,46.3,SELL,1,66.69,528.9,66.68,2098.7,66.67,243.6,66.66,119.8,66.65,702.3,66.75,234.3,66.76,139.0,66.77,71.1,66.78,1901.5,66.79,862.2
1700000054.0,108,66.73,0.060000000000002274,66.7,556.8,66.76,11.4,1331.5,5490.2,66.76,20.6,BUY,6,66.7,556.8,66.69,10.0,66.68,415.4,66.67,10.0,66.66,339.3,66.76,11.4,66.77,878.7,66.78,737.1,66.79,3803.1,66.8,59.9
1700000054.5,109,66.73,0.060000000000002274,66.7,671.1,66.76,230.3,1780.4,3072.1,66.76,11.3,BUY,3,66.7,671.1,66.69,249.7,66.68,332.7,66.67,235.8,66.66,291.1,66.76,230.3,66.77,281.0,66.78,187.5,66.79,2086.4,66.8,286.9
1700000055.0,110,66.73,0.060000000000002274,66.7,195.3,66.76,163.6,2886.2999999999997,929.5000000000001,66.7,42.1,SELL,3,66.7,195.3,66.69,237.1,66.68,244.9,66.67,709.9,66.66,1499.1,66.76,163.6,66.77,10.0,66.78,135.0,66.79,415.8,66.8,205.1
1700000055.5,111,66.72,0.060000000000002274,66.69,463.7,66.75,217.4,3230.8999999999996,1848.4,66.72,0.0,BUY,0,66.69,463.7,66.68,61.7,66.67,688.9,66.66,415.4,66.65,1601.2,66.75,217.4,66.76,921.5,66.77,10.0,66.78,181.1,66.79,518.4
1700000056.0,112,66.71000000000001,0.05999999999998806,66.68,521.8,66.74,257.3,2605.8999999999996,5166.900000000001,66.68,32.1,SELL,2,66.68,521.8,66.67,78.8,66.66,126.2,66.65,615.0,66.64,1264.1,66.74,257.3,66.75,791.1,66.76,146.2,66.77,2058.5,66.78,1913.8
1700000056.5,113,66.71000000000001,0.05999999999998806,66.68,183.6,66.74,131.6,1597.7,4914.1,66.74,5.0,BUY,3,66.68,183.6,66.67,443.4,66.66,484.8,66.65,334.2,66.64,151.7,66.74,131.6,66.75,473.5,66.76,286.1,66.77,3997.3,66.78,25.6
1700000057.0,114,66.71000000000001,0.05999999999998806,66.68,713.0,66.74,192.2,3914.8999999999996,3900.0,66.68,60.0,SELL,1,66.68,713.0,66.67,150.4,66.66,87.3,66.65,1657.0,66.64,1307.2,66.74,192.2,66.75,441.6,66.76,1402.9,66.77,574.0,66.78,1289.3
1700000057.5,115,66.7,0.060000000000002274,66.67,270.8,66.73,112.0,3430.0000000000005,1491.8000000000002,66.7,0.0,BUY,0,66.67,270.8,66.66,109.0,66.65,2587.9,66.64,69.3,66.63,393.0,66.73,112.0,66.74,513.0,66.75,391.8,66.76,353.6,66.77,121.4
1700000058.0,116,66.705,0.06999999999999318,66.67,67.8,66.74,192.3,529.5,7748.6,66.705,0.0,BUY,0,66.67,67.8,66.66,21.4,66.65,256.0,66.64,11.2,66.63,173.1,66.74,192.3,66.75,2296.1,66.76,1405.5,66.77,89.6,66.78,3765.1
1700000058.5,117,66.70500000000001,0.04999999999999716,66.68,83.2,66.73,50.4,2498.3999999999996,3617.8,66.68,17.8,SELL,1,66.68,83.2,66.67,713.6,66.66,1009.7,66.65,347.7,66.64,344.2,66.73,50.4,66.74,1002.0,66.75,1468.7,66.76,290.5,66.77,806.2
1700000059.0,118,66.71000000000001,0.05999999999998806,66.68,102.8,66.74,841.4,1752.3999999999999,4054.7,66.68,10.2,SELL,4,66.68,102.8,66.67,481.4,66.66,277.1,66.65,304.8,66.64,586.3,66.74,841.4,66.75,133.5,66.76,675.7,66.77,550.1,66.78,1854.0
1700000059.5,119,65.34,0.060000000000002274,65.31,61.8,65.37,28.9,2090.4,3631.9,65.37,5.0,BUY,2,65.31,61.8,65.3,129.6,65.29,756.3,65.28,10.0,65.27,1132.7,65.37,28.9,65.38,873.1,65.39,773.2,65.4,1816.3,65.41,140.4
1700000060.0,120,65.33,0.060000000000002274,65.3,994.1,65.36,347.3,2912.0,3738.0,65.36,5.0,BUY,1,65.3,994.1,65.29,213.6,65.28,532.0,65.27,472.5,65.26,699.8,65.36,347.3,65.37,733.6,65.38,415.2,65.39,673.8,65.4,1568.1
1700000060.5,121,65.33,0.060000000000002274,65.3,696.6,65.36,303.5,4383.5,2324.3,65.3,20.0,SELL,1,65.3,696.6,65.29,310.6,65.28,56.1,65.27,1938.5,65.26,1381.7,65.36,303.5,65.37,196.8,65.38,291.4,65.39,1154.8,65.4,377.8
1700000061.0,122,65.32,0.05999999999998806,65.29,98.9,65.35,1024.8,1397.4,4226.599999999999,65.35,29.8,BUY,5,65.29,98.9,65.28,64.4,65.27,285.3,65.26,417.4,65.25,531.4,65.35,1024.8,65.36,120.8,65.37,2058.5,65.38,398.1,65.39,624.4
1700000061.5,123,65.32,0.05999999999998806,65.29,616.3,65.35,451.9,4520.6,3735.7000000000003,65.35,5.7,BUY,2,65.29,616.3,65.28,135.0,65.27,1626.0,65.26,2105.9,65.25,37.4,65.35,451.9,65.36,1609.9,65.37,142.3,65.38,87.7,65.39,1443.9
1700000062.0,124,67.5,0.060000000000002274,67.47,234.3,67.53,450.5,1546.2,1845.2999999999997,67.53,37.9,BUY,3,67.47,234.3,67.46,126.5,67.45,891.6,67.44,243.5,67.43,50.3,67.53,450.5,67.54,212.8,67.55,269.9,67.56,214.5,67.57,697.6
1700000062.5,125,67.5,0.060000000000002274,67.47,326.7,67.53,43.9,2241.5,2320.2,67.47,38.2,SELL,3,67.47,326.7,67.46,153.5,67.45,1036.1,67.44,278.8,67.43,446.4,67.53,43.9,67.54,536.4,67.55,41.3,67.56,519.0,67.57,1179.6
1700000063.0,126,67.51,0.060000000000002274,67.48,486.0,67.54,54.2,2077.1,5501.4,67.48,8.6,SELL,4,67.48,486.0,67.47,14.8,67.46,1309.3,67.45,70.2,67.44,196.8,67.54,54.2,67.55,363.6,67.56,1295.2,67.57,175.3,67.58,3613.1
1700000063.5,127,67.51,0.060000000000002274,67.48,192.1,67.54,58.3,2705.3,2427.9,67.48,5.0,SELL,3,67.48,192.1,67.47,408.9,67.46,483.9,67.45,196.2,67.44,1424.2,67.54,58.3,67.55,408.3,67.56,921.5,67.57,768.9,67.58,270.9
1700000064.0,128,67.515,0.06999999999999318,67.48,675.5,67.55,157.1,2760.9,2890.0,67.55,27.8,BUY,1,67.48,675.5,67.47,186.0,67.46,729.0,67.45,1012.4,67.44,158.0,67.55,157.1,67.56,73.6,67.57,10.0,67.58,764.9,67.59,1884.4
1700000064.5,129,67.51,0.060000000000002274,67.48,57.3,67.54,352.2,1600.6,1951.1000000000001,67.54,42.4,BUY,1,67.48,57.3,67.47,102.8,67.46,72.5,67.45,754.7,67.44,613.3,67.54,352.2,67.55,103.4,67.56,586.2,67.57,229.8,67.58,679.5
1700000065.0,130,67.5,0.060000000000002274,67.47,655.3,67.53,285.9,3694.7,1825.6999999999998,67.47,5.6,SELL,3,67.47,655.3,67.46,168.7,67.45,207.5,67.44,717.4,67.43,1945.8,67.53,285.9,67.54,77.9,67.55,35.4,67.56,381.7,67.57,1044.8
1700000065.5,131,67.49,0.060000000000002274,67.46,41.0,67.52,120.8,1310.6000000000001,1813.1,67.49,0.0,BUY,0,67.46,41.0,67.45,203.3,67.44,535.2,67.43,492.7,67.42,38.4,67.52,120.8,67.53,98.1,67.54,305.0,67.55,947.8,67.56,341.4
1700000066.0,132,67.49,0.060000000000002274,67.46,635.9,67.52,86.7,2078.0,2224.6,67.52,47.4,BUY,2,67.46,635.9,67.45,10.0,67.44,141.1,67.43,82.4,67.42,1208.6,67.52,86.7,67.53,200.1,67.54,566.3,67.55,1195.6,67.56,175.9
1700000066.5,133,67.5,0.060000000000002274,67.47,72.5,67.53,31.6,1576.8000000000002,1924.7,67.53,25.8,BUY,2,67.47,72.5,67.46,388.0,67.45,257.6,67.44,448.8,67.43,409.9,67.53,31.6,67.54,628.8,67.55,103.3,67.56,81.1,67.57,1079.9
1700000067.0,134,67.5,0.060000000000002274,67.47,517.3,67.53,516.6,2875.2999999999997,5911.5,67.53,13.0,BUY,5,67.47,517.3,67.46,321.8,67.45,60.4,67.44,1684.6,67.43,291.2,67.53,516.6,67.54,1052.6,67.55,1154.1,67.56,1921.6,67.57,1266.6
1700000067.5,135,67.49,0.060000000000002274,67.46,389.5,67.52,979.5,4635.599999999999,3157.2999999999997,67.46,54.8,SELL,1,67.46,389.5,67.45,319.1,67.44,2822.0,67.43,117.1,67.42,987.9,67.52,979.5,67.53,84.3,67.54,1249.1,67.55,136.0,67.56,708.4
1700000068.0,136,67.49,0.060000000000002274,67.46,418.9,67.52,1958.9,1732.2,5033.200000000001,67.52,6.9,BUY,4,67.46,418.9,67.45,546.7,67.44,196.7,67.43,450.6,67.42,119.3,67.52,1958.9,67.53,303.8,67.54,278.9,67.55,84.3,67.56,2407.3
1700000068.5,137,67.48,0.060000000000002274,67.45,555.6,67.51,243.1,1845.5000000000002,877.8000000000001,67.51,50.8,BUY,1,67.45,555.6,67.44,443.9,67.43,695.4,67.42,126.7,67.41,23.9,67.51,243.1,67.52,10.0,67.53,198.1,67.54,155.0,67.55,271.6
1700000069.0,138,67.47,0.060000000000002274,67.44,637.0,67.5,22.6,2204.6,599.5,67.5,13.0,BUY,1,67.44,637.0,67.43,1038.1,67.42,12.7,67.41,115.9,67.4,400.9,67.5,22.6,67.51,72.8,67.52,318.4,67.53,144.5,67.54,41.2
1700000069.5,139,67.46000000000001,0.05999999999998806,67.43,132.3,67.49,239.9,2284.2,2673.8,67.49,5.0,BUY,1,67.43,132.3,67.42,277.4,67.41,672.1,67.4,1042.6,67.39,159.8,67.49,239.9,67.5,228.8,67.51,1458.9,67.52,387.3,67.53,358.9
1700000070.0,140,67.46000000000001,0.05999999999998806,67.43,2169.2,67.49,330.8,6585.4,2720.7000000000003,67.49,57.0,BUY,1,67.43,2169.2,67.42,691.1,67.41,2048.5,67.4,180.8,67.39,1495.8,67.49,330.8,67.5,93.4,67.51,1859.9,67.52,116.5,67.53,320.1
1700000070.5,141,67.455,0.06999999999999318,67.42,10.0,67.49,86.6,2866.1,1954.3,67.49,20.5,BUY,3,67.42,10.0,67.41,652.5,67.4,158.9,67.39,1456.3,67.38,588.4,67.49,86.6,67.5,32.6,67.51,676.6,67.52,1008.2,67.53,150.3
1700000071.0,142,67.45,0.060000000000002274,67.42,224.7,67.48,469.4,1767.0,1629.3,67.48,33.3,BUY,1,67.42,224.7,67.41,172.5,67.4,247.3,67.39,720.0,67.38,402.5,67.48,469.4,67.49,260.9,67.5,93.4,67.51,120.4,67.52,685.2
1700000071.5,143,67.45,0.060000000000002274,67.42,406.1,67.48,135.2,1028.9,4622.4,67.48,62.2,BUY,2,67.42,406.1,67.41,24.4,67.4,452.5,67.39,94.4,67.38,51.5,67.48,135.2,67.49,314.9,67.5,625.0,67.51,711.2,67.52,2836.1
1700000072.0,144,67.45,0.060000000000002274,67.42,128.6,67.48,56.2,1743.6999999999998,3483.2,67.45,0.0,BUY,0,67.42,128.6,67.41,561.6,67.4,202.4,67.39,525.0,67.38,326.1,67.48,56.2,67.49,34.2,67.5,1754.8,67.51,307.0,67.52,1331.0
1700000072.5,145,67.45,0.060000000000002274,67.42,385.7,67.48,123.8,1271.6000000000001,4575.599999999999,67.48,69.0,BUY,3,67.42,385.7,67.41,15.1,67.4,418.1,67.39,337.3,67.38,115.4,67.48,123.8,67.49,1163.3,67.5,599.3,67.51,1603.0,67.52,1086.2
1700000073.0,146,67.45,0.060000000000002274,67.42,48.8,67.48,42.2,3608.2999999999997,2074.6,67.42,32.4,SELL,2,67.42,48.8,67.41,1488.4,67.4,1701.5,67.39,359.6,67.38,10.0,67.48,42.2,67.49,436.5,67.5,923.6,67.51,310.9,67.52,361.4
1700000073.5,147,67.45,0.060000000000002274,67.42,135.1,67.48,181.7,2062.7000000000003,1468.0,67.48,6.9,BUY,2,67.42,135.1,67.41,884.8,67.4,668.5,67.39,364.3,67.38,10.0,67.48,181.7,67.49,398.0,67.5,449.7,67.51,106.3,67.52,332.3
1700000074.0,148,67.45,0.060000000000002274,67.42,1006.2,67.48,157.3,4752.799999999999,1638.8000000000002,67.48,111.4,BUY,1,67.42,1006.2,67.41,564.1,67.4,883.6,67.39,173.7,67.38,2125.2,67.48,157.3,67.49,930.7,67.5,56.5,67.51,53.7,67.52,440.6
1700000074.5,149,67.45,0.060000000000002274,67.42,371.3,67.48,327.2,2588.5,2255.5,67.42,78.1,SELL,1,67.42,371.3,67.41,163.9,67.4,1005.4,67.39,642.9,67.38,405.0,67.48,327.2,67.49,726.9,67.5,494.3,67.51,285.7,67.52,421.4
1700000075.0,150,74.45,0.060000000000002274,74.42,102.2,74.48,38.1,945.3,3468.6,74.42,19.5,SELL,2,74.42,102.2,74.41,195.7,74.4,39.5,74.39,71.5,74.38,536.4,74.48,38.1,74.49,607.9,74.5,846.4,74.51,1710.6,74.52,265.6
1700000075.5,151,74.44,0.060000000000002274,74.41,352.6,74.47,10.0,2547.7,1113.6000000000001,74.41,71.2,SELL,1,74.41,352.6,74.4,45.7,74.39,306.5,74.38,178.4,74.37,1664.5,74.47,10.0,74.48,33.9,74.49,84.9,74.5,766.4,74.51,218.4
1700000076.0,152,74.43,0.05999999999998806,74.4,310.3,74.46,242.3,4191.7,2617.9,74.43,0.0,BUY,0,74.4,310.3,74.39,25.4,74.38,2388.1,74.37,471.3,74.36,996.6,74.46,242.3,74.47,417.8,74.48,1506.9,74.49,431.3,74.5,19.6
1700000076.5,153,74.42,0.060000000000002274,74.39,10.0,74.45,96.5,1217.2,6063.7,74.45,16.3,BUY,1,74.39,10.0,74.38,73.2,74.37,658.8,74.36,397.5,74.35,77.7,74.45,96.5,74.46,531.0,74.47,10.0,74.48,4704.7,74.49,721.5
1700000077.0,154,74.435,0.06999999999999318,74.4,174.9,74.47,21.2,5273.7,3370.9,74.47,48.3,BUY,2,74.4,174.9,74.39,120.0,74.38,904.7,74.37,41.5,74.36,4032.6,74.47,21.2,74.48,1410.6,74.49,416.1,74.5,304.0,74.51,1219.0
1700000077.5,155,74.435,0.06999999999999318,74.4,91.0,74.47,316.3,1097.3,1121.2,74.435,0.0,BUY,0,74.4,91.0,74.39,458.4,74.38,128.4,74.37,163.5,74.36,256.0,74.47,316.3,74.48,88.3,74.49,406.3,74.5,20.8,74.51,289.5
1700000078.0,156,74.435,0.04999999999999716,74.41,177.6,74.46,994.0,3205.4,3518.5,74.46,5.0,BUY,5,74.41,177.6,74.4,388.1,74.39,568.2,74.38,2009.0,74.37,62.5,74.46,994.0,74.47,169.2,74.48,1080.8,74.49,136.1,74.5,1138.4
1700000078.5,157,74.41,0.060000000000002274,74.38,222.7,74.44,10.0,5587.2,2476.3,74.44,23.8,BUY,3,74.38,222.7,74.37,19.7,74.36,902.6,74.35,18.3,74.34,4423.9,74.44,10.0,74.45,790.8,74.46,227.0,74.47,840.5,74.48,608.0
1700000079.0,158,74.4,0.060000000000002274,74.37,36.6,74.43,37.7,1920.1,1639.1,74.4,0.0,BUY,0,74.37,36.6,74.36,203.4,74.35,245.5,74.34,327.0,74.33,1107.6,74.43,37.7,74.44,271.2,74.45,16.6,74.46,1148.5,74.47,165.1
1700000079.5,159,74.41,0.060000000000002274,74.38,897.1,74.44,696.8,1374.1000000000001,2778.1000000000004,74.44,112.9,BUY,3,74.38,897.1,74.37,141.8,74.36,29.2,74.35,205.7,74.34,100.3,74.44,696.8,74.45,444.2,74.46,936.8,74.47,23.3,74.48,677.0
1700000080.0,160,74.41,0.060000000000002274,74.38,154.5,74.44,13.1,1494.9,1015.0,74.44,10.8,BUY,2,74.38,154.5,74.37,28.6,74.36,229.0,74.35,91.8,74.34,991.0,74.44,13.1,74.45,11.0,74.46,471.4,74.47,14.3,74.48,505.2
1700000080.5,161,74.41,0.060000000000002274,74.38,199.9,74.44,637.1,2520.2000000000003,1600.8,74.38,5.6,SELL,3,74.38,199.9,74.37,406.7,74.36,1533.2,74.35,310.0,74.34,70.4,74.44,637.1,74.45,127.9,74.46,511.6,74.47,245.8,74.48,78.4
1700000081.0,162,62.41,0.05999999999999517,62.38,805.4,62.44,149.6,2156.6,2076.3,62.44,62.1,BUY,3,62.38,805.4,62.37,133.1,62.36,567.8,62.35,44.1,62.34,606.2,62.44,149.6,62.45,189.0,62.46,257.4,62.47,60.1,62.48,1420.2
1700000081.5,163,57.879999999999995,0.05999999999999517,57.85,30.2,57.91,1361.0,1464.3,4753.4,57.91,5.0,BUY,1,57.85,30.2,57.84,163.3,57.83,126.7,57.82,687.9,57.81,456.2,57.91,1361.0,57.92,530.0,57.93,507.0,57.94,922.1,57.95,1433.3
1700000082.0,164,57.879999999999995,0.05999999999999517,57.85,10.0,57.91,72.0,2488.3,1156.5,57.879999999999995,0.0,BUY,0,57.85,10.0,57.84,921.0,57.83,412.6,57.82,475.9,57.81,668.8,57.91,72.0,57.92,107.2,57.93,28.0,57.94,111.8,57.95,837.5
1700000082.5,165,57.879999999999995,0.05999999999999517,57.85,555.1,57.91,70.2,2382.2000000000003,3316.1,57.85,22.8,SELL,3,57.85,555.1,57.84,349.9,57.83,532.3,57.82,658.0,57.81,286.9,57.91,70.2,57.92,853.1,57.93,1475.2,57.94,525.5,57.95,392.1
1700000083.0,166,57.870000000000005,0.05999999999999517,57.84,623.7,57.9,429.8,6802.0,2109.1000000000004,57.9,135.3,BUY,1,57.84,623.7,57.83,186.6,57.82,423.1,57.81,3282.7,57.8,2285.9,57.9,429.8,57.91,399.6,57.92,263.4,57.93,931.0,57.94,85.3
1700000083.5,167,57.86,0.060000000000002274,57.83,451.4,57.89,359.9,2955.8999999999996,4139.4,57.89,10.0,BUY,1,57.83,451.4,57.82,465.5,57.81,905.9,57.8,701.9,57.79,431.2,57.89,359.9,57.9,463.9,57.91,1109.2,57.92,321.9,57.93,1884.5
1700000084.0,168,57.85,0.060000000000002274,57.82,221.5,57.88,33.3,1277.2,900.4,57.88,5.0,BUY,3,57.82,221.5,57.81,46.7,57.8,28.3,57.79,952.5,57.78,28.2,57.88,33.3,57.89,639.1,57.9,20.4,57.91,66.1,57.92,141.5
1700000084.5,169,57.85,0.060000000000002274,57.82,703.6,57.88,879.6,2313.0,2580.3999999999996,57.88,84.0,BUY,2,57.82,703.6,57.81,376.2,57.8,503.8,57.79,232.5,57.78,496.9,57.88,879.6,57.89,297.4,57.9,237.1,57.91,273.5,57.92,892.8
1700000085.0,170,57.85,0.060000000000002274,57.82,46.1,57.88,502.6,937.7,1904.0000000000002,57.88,52.1,BUY,2,57.82,46.1,57.81,189.8,57.8,10.0,57.79,330.0,57.78,361.8,57.88,502.6,57.89,451.3,57.9,10.0,57.91,72.9,57.92,867.2
1700000085.5,171,57.85,0.060000000000002274,57.82,224.9,57.88,111.9,2168.7,1328.2,57.88,69.2,BUY,2,57.82,224.9,57.81,186.0,57.8,846.8,57.79,491.4,57.78,419.6,57.88,111.9,57.89,101.9,57.9,692.1,57.91,237.6,57.92,184.7
1700000086.0,172,57.84,0.05999999999999517,57.81,947.5,57.87,721.5,2043.4,3671.4,57.81,65.7,SELL,1,57.81,947.5,57.8,10.0,57.79,426.5,57.78,484.7,57.77,174.7,57.87,721.5,57.88,222.9,57.89,1707.4,57.9,520.2,57.91,499.4
1700000086.5,173,57.84,0.05999999999999517,57.81,220.9,57.87,535.5,974.5,7764.5,57.81,18.2,SELL,3,57.81,220.9,57.8,44.8,57.79,302.6,57.78,138.5,57.77,267.7,57.87,535.5,57.88,1095.2,57.89,1937.4,57.9,1122.4,57.91,3074.0
1700000087.0,174,57.83,0.060000000000002274,57.8,588.3,57.86,639.3,4459.6,2493.3999999999996,57.86,19.8,BUY,3,57.8,588.3,57.79,2438.8,57.78,173.3,57.77,921.5,57.76,337.7,57.86,639.3,57.87,478.9,57.88,243.3,57.89,1116.1,57.9,15.8
1700000087.5,175,57.82,0.060000000000002274,57.79,139.0,57.85,82.5,3937.2,3250.7,57.85,7.5,BUY,2,57.79,139.0,57.78,299.6,57.77,115.0,57.76,552.4,57.75,2831.2,57.85,82.5,57.86,1272.2,57.87,32.5,57.88,812.5,57.89,1051.0
1700000088.0,176,57.82,0.060000000000002274,57.79,615.5,57.85,969.4,2528.5,1915.0000000000002,57.82,0.0,BUY,0,57.79,615.5,57.78,285.5,57.77,460.4,57.76,10.0,57.75,1157.1,57.85,969.4,57.86,10.0,57.87,266.5,57.88,376.4,57.89,292.7
1700000088.5,177,57.82,0.060000000000002274,57.79,218.5,57.85,140.7,5129.1,2086.8999999999996,57.79,43.3,SELL,4,57.79,218.5,57.78,78.8,57.77,3930.3,57.76,184.5,57.75,717.0,57.85,140.7,57.86,408.8,57.87,1217.6,57.88,202.6,57.89,117.2
1700000089.0,178,57.82,0.04000000000000625,57.8,402.0,57.84,214.1,2575.2,3181.2000000000003,57.84,71.3,BUY,4,57.8,402.0,57.79,1264.6,57.78,167.1,57.77,134.7,57.76,606.8,57.84,214.1,57.85,791.2,57.86,391.4,57.87,1348.6,57.88,435.9
1700000089.5,179,52.845,0.07000000000000028,52.81,124.1,52.88,80.2,4135.7,3907.0,52.81,10.9,SELL,1,52.81,124.1,52.8,349.8,52.79,202.2,52.78,1161.7,52.77,2297.9,52.88,80.2,52.89,915.4,52.9,582.0,52.91,96.7,52.92,2232.7
1700000090.0,180,52.84,0.05999999999999517,52.81,601.5,52.87,612.7,6477.599999999999,4299.8,52.81,9.3,SELL,3,52.81,601.5,52.8,819.6,52.79,465.5,52.78,4065.3,52.77,525.7,52.87,612.7,52.88,364.5,52.89,1442.6,52.9,218.3,52.91,1661.7
1700000090.5,181,51.379999999999995,0.05999999999999517,51.35,48.6,51.41,545.6,1112.8,2403.6000000000004,51.41,6.0,BUY,1,51.35,48.6,51.34,19.5,51.33,268.4,51.32,384.6,51.31,391.7,51.41,545.6,51.42,415.8,51.43,245.7,51.44,634.1,51.45,562.4
1700000091.0,182,51.379999999999995,0.05999999999999517,51.35,806.9,51.41,1564.6,5392.7,1964.5,51.35,48.5,SELL,1,51.35,806.9,51.34,525.2,51.33,391.8,51.32,2446.0,51.31,1222.8,51.41,1564.6,51.42,10.0,51.43,283.2,51.44,24.7,51.45,82.0
1700000091.5,183,51.385,0.04999999999999716,51.36,32.6,51.41,766.5,1363.0,1249.2,51.41,10.5,BUY,1,51.36,32.6,51.35,114.8,51.34,451.5,51.33,540.5,51.32,223.6,51.41,766.5,51.42,64.1,51.43,45.0,51.44,363.6,51.45,10.0
1700000092.0,184,51.379999999999995,0.05999999999999517,51.35,315.8,51.41,154.6,1928.6,1976.0000000000002,51.35,5.0,SELL,5,51.35,315.8,51.34,12.8,51.33,235.2,51.32,193.4,51.31,1171.4,51.41,154.6,51.42,436.1,51.43,671.6,51.44,687.7,51.45,26.0
1700000092.5,185,51.385,0.04999999999999716,51.36,458.4,51.41,487.0,2956.1,1741.8000000000002,51.385,0.0,BUY,0,51.36,458.4,51.35,513.5,51.34,145.6,51.33,89.3,51.32,1749.3,51.41,487.0,51.42,105.7,51.43,16.4,51.44,264.8,51.45,867.9
1700000093.0,186,51.370000000000005,0.05999999999999517,51.34,280.7,51.4,978.1,3102.8,4985.5,51.4,29.6,BUY,3,51.34,280.7,51.33,152.3,51.32,420.6,51.31,393.8,51.3,1855.4,51.4,978.1,51.41,224.7,51.42,604.4,51.43,1502.3,51.44,1676.0
1700000093.5,187,51.379999999999995,0.05999999999999517,51.35,276.7,51.41,10.0,2055.1,2761.4,51.41,11.8,BUY,2,51.35,276.7,51.34,689.9,51.33,120.1,51.32,159.8,51.31,808.6,51.41,10.0,51.42,157.1,51.43,1834.9,51.44,607.9,51.45,151.5
1700000094.0,188,51.379999999999995,0.05999999999999517,51.35,10.0,51.41,84.4,2442.3999999999996,2656.3,51.41,17.1,BUY,1,51.35,10.0,51.34,491.5,51.33,1369.6,51.32,123.8,51.31,447.5,51.41,84.4,51.42,741.1,51.43,1342.0,51.44,80.0,51.45,408.8
1700000094.5,189,51.385,0.04999999999999716,51.36,211.7,51.41,1550.2,1264.6000000000001,4377.099999999999,51.41,10.7,BUY,1,51.36,211.7,51.35,88.2,51.34,516.1,51.33,265.2,51.32,183.4,51.41,1550.2,51.42,777.9,51.43,224.3,51.44,1502.8,51.45,321.9
1700000095.0,190,51.379999999999995,0.05999999999999517,51.35,320.2,51.41,70.6,3986.8,1650.5,51.35,15.5,SELL,1,51.35,320.2,51.34,48.1,51.33,2671.4,51.32,273.5,51.31,673.6,51.41,70.6,51.42,52.7,51.43,654.4,51.44,211.3,51.45,661.5
1700000095.5,191,51.379999999999995,0.05999999999999517,51.35,159.4,51.41,107.6,4779.8,3381.5,51.35,8.2,SELL,1,51.35,159.4,51.34,1041.3,51.33,437.5,51.32,1223.4,51.31,1918.2,51.41,107.6,51.42,335.1,51.43,2281.0,51.44,168.0,51.45,489.8
1700000096.0,192,51.365,0.04999999999999716,51.34,353.9,51.39,173.9,2278.7,612.4,51.39,56.5,BUY,3,51.34,353.9,51.33,229.2,51.32,1071.3,51.31,58.1,51.3,566.2,51.39,173.9,51.4,62.1,51.41,70.6,51.42,279.0,51.43,26.8
1700000096.5,193,51.370000000000005,0.05999999999999517,51.34,15.5,51.4,209.7,2247.5,2362.1,51.370000000000005,0.0,BUY,0,51.34,15.5,51.33,745.6,51.32,87.2,51.31,908.1,51.3,491.1,51.4,209.7,51.41,854.9,51.42,928.4,51.43,81.1,51.44,288.0
1700000097.0,194,51.370000000000005,0.05999999999999517,51.34,411.4,51.4,222.5,1760.8000000000002,2827.1,51.34,18.6,SELL,2,51.34,411.4,51.33,77.5,51.32,335.1,51.31,646.2,51.3,290.6,51.4,222.5,51.41,2151.8,51.42,13.2,51.43,217.7,51.44,221.9
1700000097.5,195,54.81,0.060000000000002274,54.78,208.9,54.84,221.1,4538.2,1866.5,54.84,36.1,BUY,2,54.78,208.9,54.77,691.4,54.76,87.2,54.75,79.1,54.74,3471.6,54.84,221.1,54.85,25.0,54.86,1001.1,54.87,232.5,54.88,386.8
1700000098.0,196,54.81,0.060000000000002274,54.78,55.2,54.84,10.0,3362.3999999999996,2663.0,54.78,52.2,SELL,3,54.78,55.2,54.77,690.9,54.76,1087.0,54.75,849.5,54.74,679.8,54.84,10.0,54.85,368.8,54.86,201.2,54.87,1065.5,54.88,1017.5
1700000098.5,197,54.8,0.05999999999999517,54.77,472.4,54.83,26.9,5942.400000000001,1154.8,54.8,0.0,BUY,0,54.77,472.4,54.76,2354.1,54.75,648.8,54.74,1588.3,54.73,878.8,54.83,26.9,54.84,41.7,54.85,35.6,54.86,58.2,54.87,992.4
1700000099.0,198,54.8,0.05999999999999517,54.77,1141.1,54.83,244.0,2690.6,1611.9,54.8,0.0,BUY,0,54.77,1141.1,54.76,285.1,54.75,1135.7,54.74,68.3,54.73,60.4,54.83,244.0,54.84,79.3,54.85,294.6,54.86,114.2,54.87,879.8
1700000099.5,199,53.45,0.05999999999999517,53.42,543.5,53.48,27.1,1180.3,1476.8,53.42,5.0,SELL,1,53.42,543.5,53.41,212.2,53.4,297.2,53.39,69.6,53.38,57.8,53.48,27.1,53.49,392.0,53.5,79.4,53.51,366.4,53.52,611.9
1700000100.0,200,53.45,0.05999999999999517,53.42,426.7,53.48,301.2,869.0,5049.7,53.48,11.3,BUY,3,53.42,426.7,53.41,110.3,53.4,82.8,53.39,191.0,53.38,58.2,53.48,301.2,53.49,698.3,53.5,949.9,53.51,2256.9,53.52,843.4
1700000100.5,201,53.45,0.05999999999999517,53.42,459.9,53.48,117.5,2091.3999999999996,1335.1,53.48,6.0,BUY,2,53.42,459.9,53.41,56.8,53.4,99.6,53.39,677.8,53.38,797.3,53.48,117.5,53.49,512.8,53.5,36.0,53.51,159.3,53.52,509.5
1700000101.0,202,53.45,0.05999999999999517,53.42,542.5,53.48,208.4,2656.3,3636.2000000000003,53.48,79.7,BUY,2,53.42,542.5,53.41,132.4,53.4,460.0,53.39,539.4,53.38,982.0,53.48,208.4,53.49,1135.9,53.5,1195.5,53.51,226.5,53.52,869.9
1700000101.5,203,53.45,0.05999999999999517,53.42,130.5,53.48,74.4,2825.5000000000005,1965.1999999999998,53.42,108.5,SELL,1,53.42,130.5,53.41,461.6,53.4,1869.2,53.39,76.8,53.38,287.4,53.48,74.4,53.49,201.6,53.5,285.4,53.51,214.0,53.52,1189.8
1700000102.0,204,53.44,0.060000000000002274,53.41,334.5,53.47,243.8,2987.5,1119.7,53.41,29.3,SELL,2,53.41,334.5,53.4,375.5,53.39,312.8,53.38,855.5,53.37,1109.2,53.47,243.8,53.48,90.9,53.49,482.4,53.5,170.9,53.51,131.7
1700000102.5,205,53.43,0.060000000000002274,53.4,151.9,53.46,186.4,1105.3,1875.0,53.46,37.7,BUY,1,53.4,151.9,53.39,232.4,53.38,281.3,53.37,398.2,53.36,41.5,53.46,186.4,53.47,421.6,53.48,143.4,53.49,414.6,53.5,709.0
1700000103.0,206,53.43,0.060000000000002274,53.4,57.1,53.46,822.5,3270.1000000000004,1989.3,53.46,55.7,BUY,1,53.4,57.1,53.39,875.0,53.38,182.8,53.37,399.0,53.36,1756.2,53.46,822.5,53.47,459.5,53.48,220.6,53.49,272.7,53.5,214.0
1700000103.5,207,53.425,0.05000000000000426,53.4,84.3,53.45,645.3,3592.0,2042.3,53.4,27.4,SELL,1,53.4,84.3,53.39,1408.2,53.38,208.5,53.37,401.3,53.36,1489.7,53.45,645.3,53.46,46.4,53.47,525.8,53.48,548.8,53.49,276.0
1700000104.0,208,53.41,0.05999999999999517,53.38,71.6,53.44,256.8,855.7,3779.1000000000004,53.44,19.1,BUY,2,53.38,71.6,53.37,562.1,53.36,10.0,53.35,10.0,53.34,202.0,53.44,256.8,53.45,932.2,53.46,904.9,53.47,1143.4,53.48,541.8
1700000104.5,209,53.41,0.05999999999999517,53.38,520.2,53.44,483.8,1373.0000000000002,4742.8,53.38,85.2,SELL,1,53.38,520.2,53.37,220.7,53.36,269.7,53.35,25.2,53.34,337.2,53.44,483.8,53.45,564.7,53.46,1046.7,53.47,872.9,53.48,1774.7
1700000105.0,210,53.4,0.060000000000002274,53.37,183.8,53.43,265.1,1611.1,3558.6000000000004,53.4,0.0,BUY,0,53.37,183.8,53.36,535.7,53.35,526.0,53.34,76.5,53.33,289.1,53.43,265.1,53.44,788.1,53.45,1635.9,53.46,727.2,53.47,142.3
1700000105.5,211,53.39,0.060000000000002274,53.36,229.5,53.42,1397.8,1924.5,3128.7,53.39,0.0,BUY,0,53.36,229.5,53.35,283.5,53.34,1094.9,53.33,180.5,53.32,136.1,53.42,1397.8,53.43,1340.5,53.44,137.1,53.45,42.1,53.46,211.2
1700000106.0,212,53.39,0.060000000000002274,53.36,221.4,53.42,208.7,1668.3,5654.5,53.42,79.3,BUY,1,53.36,221.4,53.35,171.8,53.34,662.3,53.33,298.5,53.32,314.3,53.42,208.7,53.43,1325.0,53.44,108.0,53.45,280.2,53.46,3732.6
1700000106.5,213,53.39,0.03999999999999915,53.37,42.6,53.41,154.7,3102.2999999999997,3123.5,53.41,19.1,BUY,4,53.37,42.6,53.36,413.0,53.35,97.3,53.34,1142.3,53.33,1407.1,53.41,154.7,53.42,755.8,53.43,1318.8,53.44,884.2,53.45,10.0
1700000107.0,214,53.39,0.060000000000002274,53.36,22.6,53.42,2244.1,3110.3999999999996,6631.7,53.42,57.4,BUY,1,53.36,22.6,53.35,222.1,53.34,243.7,53.33,1457.2,53.32,1164.8,53.42,2244.1,53.43,400.7,53.44,589.6,53.45,993.3,53.46,2404.0
1700000107.5,215,53.379999999999995,0.05999999999999517,53.35,42.4,53.41,255.7,1169.3999999999999,2663.8,53.35,48.1,SELL,2,53.35,42.4,53.34,552.1,53.33,285.1,53.32,262.2,53.31,27.6,53.41,255.7,53.42,67.2,53.43,1630.0,53.44,103.9,53.45,607.0
1700000108.0,216,53.385,0.04999999999999716,53.36,183.3,53.41,451.9,3080.4,4821.200000000001,53.36,27.5,SELL,1,53.36,183.3,53.35,123.9,53.34,110.1,53.33,711.6,53.32,1951.5,53.41,451.9,53.42,230.0,53.43,1196.4,53.44,1519.0,53.45,1423.9
1700000108.5,217,53.379999999999995,0.05999999999999517,53.35,11.3,53.41,86.3,2387.4,2436.2,53.35,17.4,SELL,3,53.35,11.3,53.34,1049.9,53.33,240.6,53.32,334.0,53.31,751.6,53.41,86.3,53.42,212.3,53.43,891.2,53.44,129.8,53.45,1116.6
1700000109.0,218,53.379999999999995,0.05999999999999517,53.35,17.3,53.41,2137.7,1756.5,3341.7999999999997,53.35,15.9,SELL,1,53.35,17.3,53.34,208.8,53.33,80.6,53.32,353.4,53.31,1096.4,53.41,2137.7,53.42,176.7,53.43,451.1,53.44,249.8,53.45,326.5
1700000109.5,219,53.370000000000005,0.05999999999999517,53.34,759.4,53.4,301.7,2319.6,2226.3,53.4,5.0,BUY,1,53.34,759.4,53.33,572.6,53.32,175.9,53.31,345.5,53.3,466.2,53.4,301.7,53.41,14.3,53.42,1369.9,53.43,144.0,53.44,396.4
1700000110.0,220,53.370000000000005,0.05999999999999517,53.34,624.9,53.4,296.8,2159.2,1201.1,53.370000000000005,0.0,BUY,0,53.34,624.9,53.33,378.9,53.32,331.0,53.31,272.0,53.3,552.4,53.4,296.8,53.41,336.4,53.42,374.9,53.43,148.4,53.44,44.6
1700000110.5,221,53.370000000000005,0.05999999999999517,53.34,705.4,53.4,102.4,2951.5,2940.4999999999995,53.34,84.4,SELL,4,53.34,705.4,53.33,1508.8,53.32,10.9,53.31,584.5,53.3,141.9,53.4,102.4,53.41,529.8,53.42,1811.6,53.43,486.7,53.44,10.0
1700000111.0,222,53.370000000000005,0.05999999999999517,53.34,33.7,53.4,302.6,1989.2,3095.5999999999995,53.370000000000005,0.0,BUY,0,53.34,33.7,53.33,141.5,53.32,162.6,53.31,1442.4,53.3,209.0,53.4,302.6,53.41,85.7,53.42,1616.3,53.43,750.8,53.44,340.2
1700000111.5,223,53.370000000000005,0.05999999999999517,53.34,26.6,53.4,189.6,838.4000000000001,3450.5,53.34,95.1,SELL,1,53.34,26.6,53.33,16.6,53.32,479.5,53.31,50.1,53.3,265.6,53.4,189.6,53.41,489.7,53.42,2642.9,53.43,62.4,53.44,65.9
1700000112.0,224,53.35,0.060000000000002274,53.32,953.6,53.38,492.7,3836.3999999999996,4897.200000000001,53.35,0.0,BUY,0,53.32,953.6,53.31,302.5,53.3,677.3,53.29,943.9,53.28,959.1,53.38,492.7,53.39,173.5,53.4,1110.2,53.41,2038.7,53.42,1082.1
1700000112.5,225,53.35,0.060000000000002274,53.32,130.1,53.38,314.2,2355.5,2046.8,53.32,72.1,SELL,3,53.32,130.1,53.31,187.2,53.3,662.6,53.29,597.7,53.28,777.9,53.38,314.2,53.39,39.0,53.4,731.3,53.41,708.8,53.42,253.5
1700000113.0,226,53.34,0.05999999999999517,53.31,462.8,53.37,1274.2,917.7,4682.000000000001,53.37,18.8,BUY,1,53.31,462.8,53.3,204.4,53.29,63.5,53.28,112.0,53.27,75.0,53.37,1274.2,53.38,167.4,53.39,805.1,53.4,1981.5,53.41,453.8
1700000113.5,227,53.34,0.05999999999999517,53.31,216.5,53.37,441.9,2682.9,3087.9,53.31,12.1,SELL,2,53.31,216.5,53.3,71.3,53.29,404.3,53.28,837.6,53.27,1153.2,53.37,441.9,53.38,292.7,53.39,663.7,53.4,1492.3,53.41,197.3
1700000114.0,228,53.33,0.060000000000002274,53.3,79.5,53.36,28.5,2857.8,2086.2000000000003,53.3,11.4,SELL,1,53.3,79.5,53.29,28.5,53.28,1298.7,53.27,697.9,53.26,753.2,53.36,28.5,53.37,1242.9,53.38,319.2,53.39,473.7,53.4,21.9
1700000114.5,229,53.32,0.060000000000002274,53.29,72.8,53.35,1161.4,1629.7,3509.7,53.29,55.2,SELL,2,53.29,72.8,53.28,48.4,53.27,166.0,53.26,1331.9,53.25,10.6,53.35,1161.4,53.36,707.3,53.37,13.5,53.38,681.3,53.39,946.2
1700000115.0,230,53.31,0.060000000000002274,53.28,131.5,53.34,636.2,1971.7,1912.6,53.28,36.3,SELL,1,53.28,131.5,53.27,275.3,53.26,236.2,53.25,1146.0,53.24,182.7,53.34,636.2,53.35,82.4,53.36,302.0,53.37,100.2,53.38,791.8
1700000115.5,231,53.31,0.060000000000002274,53.28,607.1,53.34,497.8,2852.8999999999996,2065.4,53.34,23.6,BUY,2,53.28,607.1,53.27,670.1,53.26,263.9,53.25,1216.6,53.24,95.2,53.34,497.8,53.35,270.0,53.36,854.2,53.37,314.1,53.38,129.3
1700000116.0,232,53.54,0.060000000000002274,53.51,466.3,53.57,624.0,1868.1,4686.6,53.57,5.0,BUY,2,53.51,466.3,53.5,550.8,53.49,149.5,53.48,598.4,53.47,103.1,53.57,624.0,53.58,89.8,53.59,239.9,53.6,306.6,53.61,3426.3
1700000116.5,233,53.54,0.060000000000002274,53.51,170.3,53.57,41.8,2396.4,2181.6,53.57,9.6,BUY,5,53.51,170.3,53.5,1214.3,53.49,526.8,53.48,387.1,53.47,97.9,53.57,41.8,53.58,409.3,53.59,1415.3,53.6,164.6,53.61,150.6
1700000117.0,234,53.54,0.060000000000002274,53.51,405.6,53.57,28.9,4548.0,1935.0,53.54,0.0,BUY,0,53.51,405.6,53.5,406.1,53.49,686.4,53.48,2142.0,53.47,907.9,53.57,28.9,53.58,23.4,53.59,1095.0,53.6,128.6,53.61,659.1
1700000117.5,235,53.540000000000006,0.03999999999999915,53.52,133.7,53.56,158.0,3328.3,2446.7999999999997,53.540000000000006,0.0,BUY,0,53.52,133.7,53.51,211.5,53.5,1430.5,53.49,615.8,53.48,936.8,53.56,158.0,53.57,1061.3,53.58,159.8,53.59,491.1,53.6,576.6
1700000118.0,236,53.53,0.060000000000002274,53.5,115.2,53.56,266.9,1001.7,3478.5,53.5,95.1,SELL,3,53.5,115.2,53.49,65.6,53.48,129.9,53.47,551.4,53.46,139.6,53.56,266.9,53.57,907.1,53.58,100.1,53.59,990.6,53.6,1213.8
1700000118.5,237,53.53,0.060000000000002274,53.5,10.0,53.56,804.5,1953.8,5562.3,53.56,96.0,BUY,1,53.5,10.0,53.49,216.4,53.48,462.9,53.47,464.2,53.46,800.3,53.56,804.5,53.57,39.6,53.58,2139.8,53.59,1972.6,53.6,605.8
1700000119.0,238,53.53,0.060000000000002274,53.5,124.0,53.56,109.4,1000.7,2250.1,53.5,35.2,SELL,2,53.5,124.0,53.49,136.2,53.48,256.7,53.47,10.0,53.46,473.8,53.56,109.4,53.57,561.9,53.58,1036.7,53.59,64.4,53.6,477.7
1700000119.5,239,53.519999999999996,0.05999999999999517,53.49,12.8,53.55,409.0,2799.2999999999997,3298.7999999999997,53.55,18.5,BUY,3,53.49,12.8,53.48,860.1,53.47,250.7,53.46,1638.1,53.45,37.6,53.55,409.0,53.56,856.2,53.57,1514.3,53.58,55.6,53.59,463.7
1700000120.0,240,53.519999999999996,0.05999999999999517,53.49,223.7,53.55,412.7,662.9,1926.0000000000002,53.55,30.4,BUY,1,53.49,223.7,53.48,278.3,53.47,23.3,53.46,10.0,53.45,127.6,53.55,412.7,53.56,706.0,53.57,126.4,53.58,289.1,53.59,391.8
1700000120.5,241,53.504999999999995,0.05000000000000426,53.48,116.9,53.53,80.5,2682.7,576.7,53.53,45.9,BUY,3,53.48,116.9,53.47,417.2,53.46,537.3,53.45,1055.1,53.44,556.2,53.53,80.5,53.54,19.4,53.55,126.7,53.56,165.7,53.57,184.4
1700000121.0,242,53.51,0.060000000000002274,53.48,563.3,53.54,177.2,1733.1,2080.3999999999996,53.48,5.0,SELL,3,53.48,563.3,53.47,300.3,53.46,468.5,53.45,147.4,53.44,253.6,53.54,177.2,53.55,920.8,53.56,23.6,53.57,886.1,53.58,72.7
1700000121.5,243,53.504999999999995,0.05000000000000426,53.48,125.8,53.53,385.9,2150.5,4954.7,53.48,32.6,SELL,3,53.48,125.8,53.47,201.1,53.46,213.1,53.45,505.1,53.44,1105.4,53.53,385.9,53.54,202.1,53.55,72.2,53.56,3075.2,53.57,1219.3
1700000122.0,244,53.51,0.060000000000002274,53.48,261.9,53.54,966.2,1689.6999999999998,7777.500000000001,53.48,5.0,SELL,4,53.48,261.9,53.47,53.0,53.46,260.5,53.45,187.9,53.44,926.4,53.54,966.2,53.55,140.1,53.56,1509.0,53.57,2149.4,53.58,3012.8
1700000122.5,245,53.51,0.060000000000002274,53.48,238.6,53.54,83.3,728.5999999999999,1682.0,53.54,19.7,BUY,1,53.48,238.6,53.47,78.7,53.46,121.0,53.45,140.5,53.44,149.8,53.54,83.3,53.55,87.3,53.56,42.5,53.57,10.0,53.58,1458.9
1700000123.0,246,53.5,0.060000000000002274,53.47,407.7,53.53,130.7,2054.6,2368.6000000000004,53.5,0.0,BUY,0,53.47,407.7,53.46,236.5,53.45,49.4,53.44,970.0,53.43,391.0,53.53,130.7,53.54,105.0,53.55,518.4,53.56,1486.2,53.57,128.3
1700000123.5,247,53.495000000000005,0.05000000000000426,53.47,197.9,53.52,262.0,3037.3,2097.0,53.47,60.8,SELL,2,53.47,197.9,53.46,241.8,53.45,502.3,53.44,294.3,53.43,1801.0,53.52,262.0,53.53,541.0,53.54,332.0,53.55,406.9,53.56,555.1
1700000124.0,248,53.49,0.060000000000002274,53.46,31.3,53.52,20.8,938.6,4942.1,53.46,20.8,SELL,2,53.46,31.3,53.45,65.6,53.44,241.9,53.43,333.8,53.42,266.0,53.52,20.8,53.53,1331.5,53.54,1454.0,53.55,553.8,53.56,1582.0
1700000124.5,249,53.49,0.060000000000002274,53.46,10.0,53.52,42.2,4750.8,2342.8,53.52,12.4,BUY,1,53.46,10.0,53.45,704.4,53.44,2598.4,53.43,273.7,53.42,1164.3,53.52,42.2,53.53,334.1,53.54,378.8,53.55,763.6,53.56,824.1
1700000125.0,250,53.49,0.060000000000002274,53.46,413.7,53.52,517.7,2592.5,1882.7,53.46,76.4,SELL,2,53.46,413.7,53.45,119.6,53.44,12.0,53.43,652.2,53.42,1395.0,53.52,517.7,53.53,554.5,53.54,351.8,53.55,271.9,53.56,186.8
1700000125.5,251,53.480000000000004,0.05999999999999517,53.45,157.8,53.51,751.7,2571.8,2578.0,53.45,7.3,SELL,3,53.45,157.8,53.44,1315.8,53.43,230.7,53.42,556.2,53.41,311.3,53.51,751.7,53.52,942.7,53.53,41.5,53.54,632.3,53.55,209.8
1700000126.0,252,53.480000000000004,0.05999999999999517,53.45,217.1,53.51,323.6,2556.7000000000003,3706.4000000000005,53.51,5.0,BUY,1,53.45,217.1,53.44,807.1,53.43,310.0,53.42,468.6,53.41,753.9,53.51,323.6,53.52,2722.9,53.53,127.3,53.54,366.3,53.55,166.3
1700000126.5,253,53.480000000000004,0.05999999999999517,53.45,1422.1,53.51,10.0,4456.3,1987.6,53.51,22.7,BUY,3,53.45,1422.1,53.44,1728.7,53.43,719.8,53.42,313.2,53.41,272.5,53.51,10.0,53.52,215.5,53.53,56.4,53.54,157.1,53.55,1548.6
1700000127.0,254,53.480000000000004,0.05999999999999517,53.45,29.1,53.51,184.5,1772.9999999999998,1843.3000000000002,53.51,20.3,BUY,3,53.45,29.1,53.44,201.6,53.43,1001.9,53.42,445.3,53.41,95.1,53.51,184.5,53.52,257.1,53.53,570.6,53.54,480.6,53.55,350.5
1700000127.5,255,53.47,0.03999999999999915,53.45,256.1,53.49,19.8,2253.5,3530.7,53.45,17.0,SELL,1,53.45,256.1,53.44,171.3,53.43,171.0,53.42,987.4,53.41,667.7,53.49,19.8,53.5,71.0,53.51,1103.8,53.52,383.3,53.53,1952.8
1700000128.0,256,53.47,0.060000000000002274,53.44,299.5,53.5,21.1,4178.7,637.7,53.47,0.0,BUY,0,53.44,299.5,53.43,1005.7,53.42,449.4,53.41,2335.2,53.4,88.9,53.5,21.1,53.51,72.2,53.52,48.6,53.53,40.5,53.54,455.3
1700000128.5,257,53.47,0.060000000000002274,53.44,818.1,53.5,174.9,1860.8000000000002,4957.0,53.5,88.0,BUY,2,53.44,818.1,53.43,24.2,53.42,357.5,53.41,159.4,53.4,501.6,53.5,174.9,53.51,1175.5,53.52,47.6,53.53,626.5,53.54,2932.5
1700000129.0,258,53.47,0.060000000000002274,53.44,95.4,53.5,430.2,1494.8000000000002,5393.8,53.44,7.8,SELL,1,53.44,95.4,53.43,580.4,53.42,178.0,53.41,315.1,53.4,325.9,53.5,430.2,53.51,490.0,53.52,993.4,53.53,144.3,53.54,3335.9
1700000129.5,259,53.46,0.060000000000002274,53.43,480.0,53.49,595.4,1473.3,1015.9999999999999,53.49,5.4,BUY,3,53.43,480.0,53.42,487.1,53.41,113.7,53.4,228.4,53.39,164.1,53.49,595.4,53.5,86.3,53.51,47.3,53.52,122.9,53.53,164.1
1700000130.0,260,53.46,0.060000000000002274,53.43,311.4,53.49,32.7,2197.2000000000003,743.4000000000001,53.49,88.3,BUY,1,53.43,311.4,53.42,311.8,53.41,403.7,53.4,944.2,53.39,226.1,53.49,32.7,53.5,66.5,53.51,248.4,53.52,121.0,53.53,274.8
1700000130.5,261,53.45,0.05999999999999517,53.42,507.4,53.48,118.4,2948.8,1948.0,53.42,32.8,SELL,4,53.42,507.4,53.41,13.5,53.4,1488.6,53.39,448.3,53.38,491.0,53.48,118.4,53.49,16.2,53.5,111.3,53.51,670.0,53.52,1032.1
1700000131.0,262,53.455,0.04999999999999716,53.43,242.8,53.48,240.2,1307.0,3369.1000000000004,53.455,0.0,BUY,0,53.43,242.8,53.42,219.4,53.41,121.3,53.4,105.0,53.39,618.5,53.48,240.2,53.49,479.0,53.5,594.9,53.51,979.2,53.52,1075.8
1700000131.5,263,53.45,0.05999999999999517,53.42,15.6,53.48,502.1,1765.1000000000001,1985.2,53.42,5.0,SELL,3,53.42,15.6,53.41,225.0,53.4,73.0,53.39,958.2,53.38,493.3,53.48,502.1,53.49,465.5,53.5,573.4,53.51,180.4,53.52,263.8
1700000132.0,264,53.46,0.060000000000002274,53.43,162.6,53.49,1244.6,1140.4,4143.4,53.49,37.0,BUY,2,53.43,162.6,53.42,11.2,53.41,319.2,53.4,82.8,53.39,564.6,53.49,1244.6,53.5,1831.3,53.51,573.5,53.52,95.0,53.53,399.0
1700000132.5,265,53.45,0.05999999999999517,53.42,31.7,53.48,296.9,5378.3,2169.2,53.48,9.2,BUY,2,53.42,31.7,53.41,204.7,53.4,823.9,53.39,1685.2,53.38,2632.8,53.48,296.9,53.49,101.3,53.5,49.8,53.51,545.2,53.52,1176.0
1700000133.0,266,53.44,0.060000000000002274,53.41,270.4,53.47,71.5,2240.2,6118.0,53.41,47.5,SELL,2,53.41,270.4,53.4,171.1,53.39,19.5,53.38,1028.7,53.37,750.5,53.47,71.5,53.48,149.5,53.49,1889.7,53.5,459.8,53.51,3547.5
1700000133.5,267,53.43,0.060000000000002274,53.4,1298.9,53.46,830.9,2371.9,3809.4,53.46,76.4,BUY,1,53.4,1298.9,53.39,460.0,53.38,129.4,53.37,268.1,53.36,215.5,53.46,830.9,53.47,72.4,53.48,1734.9,53.49,958.8,53.5,212.4
1700000134.0,268,53.43,0.04000000000000625,53.41,297.4,53.45,173.9,1944.0000000000002,1649.8000000000002,53.41,15.0,SELL,1,53.41,297.4,53.4,538.5,53.39,29.5,53.38,1041.4,53.37,37.2,53.45,173.9,53.46,653.1,53.47,115.2,53.48,639.2,53.49,68.4
1700000134.5,269,53.43,0.060000000000002274,53.4,183.3,53.46,18.6,1957.3,4435.2,53.4,27.3,SELL,2,53.4,183.3,53.39,260.7,53.38,68.3,53.37,1245.1,53.36,199.9,53.46,18.6,53.47,807.6,53.48,1011.9,53.49,567.5,53.5,2029.6
1700000135.0,270,53.43,0.060000000000002274,53.4,57.6,53.46,197.1,1271.7,3704.6,53.46,74.1,BUY,2,53.4,57.6,53.39,210.8,53.38,83.3,53.37,146.7,53.36,773.3,53.46,197.1,53.47,66.2,53.48,376.1,53.49,388.0,53.5,2677.2
1700000135.5,271,53.42,0.060000000000002274,53.39,102.1,53.45,392.8,4038.5,1262.8999999999999,53.42,0.0,BUY,0,53.39,102.1,53.38,1172.6,53.37,1547.7,53.36,30.8,53.35,1185.3,53.45,392.8,53.46,121.0,53.47,303.0,53.48,255.6,53.49,190.5
1700000136.0,272,53.42,0.060000000000002274,53.39,307.4,53.45,766.2,1388.3,3016.3999999999996,53.45,118.5,BUY,5,53.39,307.4,53.38,360.3,53.37,29.8,53.36,408.6,53.35,282.2,53.45,766.2,53.46,16.5,53.47,423.9,53.48,331.6,53.49,1478.2
1700000136.5,273,53.425,0.05000000000000426,53.4,355.8,53.45,1271.7,2894.8999999999996,2492.6000000000004,53.425,0.0,BUY,0,53.4,355.8,53.39,456.4,53.38,60.4,53.37,1395.1,53.36,627.2,53.45,1271.7,53.46,107.4,53.47,150.1,53.48,679.1,53.49,284.3
1700000137.0,274,53.42,0.060000000000002274,53.39,10.0,53.45,308.3,976.5999999999999,3949.8,53.45,25.6,BUY,1,53.39,10.0,53.38,394.2,53.37,10.0,53.36,277.4,53.35,285.0,53.45,308.3,53.46,954.9,53.47,528.0,53.48,296.6,53.49,1862.0
1700000137.5,275,53.405,0.04999999999999716,53.38,395.1,53.43,490.0,1712.2000000000003,4482.099999999999,53.38,5.0,SELL,1,53.38,395.1,53.37,140.1,53.36,328.6,53.35,335.3,53.34,513.1,53.43,490.0,53.44,65.0,53.45,1348.7,53.46,2223.2,53.47,355.2
1700000138.0,276,53.41,0.05999999999999517,53.38,10.0,53.44,69.0,4804.4,2789.4,53.38,55.0,SELL,2,53.38,10.0,53.37,360.1,53.36,313.9,53.35,2915.4,53.34,1205.0,53.44,69.0,53.45,829.5,53.46,622.1,53.47,15.4,53.48,1253.4
1700000138.5,277,53.41,0.05999999999999517,53.38,159.3,53.44,108.3,1307.9,1584.2000000000003,53.38,17.0,SELL,2,53.38,159.3,53.37,10.0,53.36,671.7,53.35,96.4,53.34,370.5,53.44,108.3,53.45,195.9,53.46,206.9,53.47,758.2,53.48,314.9
1700000139.0,278,53.41,0.05999999999999517,53.38,249.6,53.44,586.0,3434.7000000000003,3870.0,53.38,5.2,SELL,3,53.38,249.6,53.37,360.3,53.36,907.2,53.35,1377.2,53.34,540.4,53.44,586.0,53.45,427.8,53.46,2366.9,53.47,419.8,53.48,69.5
1700000139.5,279,53.41,0.05999999999999517,53.38,810.4,53.44,297.0,2761.9,667.6,53.38,5.0,SELL,1,53.38,810.4,53.37,371.3,53.36,59.7,53.35,761.4,53.34,759.1,53.44,297.0,53.45,39.8,53.46,56.3,53.47,161.4,53.48,113.1
1700000140.0,280,53.41,0.05999999999999517,53.38,34.0,53.44,309.6,1434.7,3900.8,53.38,45.0,SELL,1,53.38,34.0,53.37,339.8,53.36,233.1,53.35,465.1,53.34,362.7,53.44,309.6,53.45,979.8,53.46,484.3,53.47,105.8,53.48,2021.3
1700000140.5,281,53.41,0.05999999999999517,53.38,423.5,53.44,32.5,2692.3999999999996,1381.4,53.38,5.0,SELL,1,53.38,423.5,53.37,135.1,53.36,360.1,53.35,699.4,53.34,1074.3,53.44,32.5,53.45,506.8,53.46,57.9,53.47,236.6,53.48,547.6
1700000141.0,282,53.400000000000006,0.03999999999999915,53.38,480.8,53.42,103.4,3000.6,1549.9,53.400000000000006,0.0,BUY,0,53.38,480.8,53.37,612.0,53.36,765.0,53.35,1083.2,53.34,59.6,53.42,103.4,53.43,35.7,53.44,262.2,53.45,744.4,53.46,404.2
1700000141.5,283,53.41,0.05999999999999517,53.38,321.3,53.44,10.0,3142.4,1921.9,53.41,0.0,BUY,0,53.38,321.3,53.37,1170.1,53.36,683.3,53.35,795.8,53.34,171.9,53.44,10.0,53.45,76.3,53.46,398.8,53.47,1045.7,53.48,391.1
1700000142.0,284,53.41,0.05999999999999517,53.38,251.2,53.44,264.1,1785.1,1793.4,53.38,10.8,SELL,3,53.38,251.2,53.37,230.2,53.36,431.5,53.35,721.6,53.34,150.6,53.44,264.1,53.45,18.5,53.46,185.9,53.47,406.2,53.48,918.7
1700000142.5,285,53.41,0.05999999999999517,53.38,1003.6,53.44,1104.8,3819.2,3463.8,53.38,26.0,SELL,2,53.38,1003.6,53.37,1171.7,53.36,104.2,53.35,562.2,53.34,977.5,53.44,1104.8,53.45,281.5,53.46,333.7,53.47,438.6,53.48,1305.2
1700000143.0,286,53.41,0.05999999999999517,53.38,57.2,53.44,408.3,3135.2,2626.1,53.44,5.0,BUY,3,53.38,57.2,53.37,156.7,53.36,892.2,53.35,660.5,53.34,1368.6,53.44,408.3,53.45,185.1,53.46,1378.5,53.47,205.7,53.48,448.5
1700000143.5,287,53.4,0.060000000000002274,53.37,247.3,53.43,135.3,2959.7,2679.2,53.37,29.5,SELL,3,53.37,247.3,53.36,308.3,53.35,856.8,53.34,667.1,53.33,880.2,53.43,135.3,53.44,418.5,53.45,489.8,53.46,956.9,53.47,678.7
1700000144.0,288,53.4,0.060000000000002274,53.37,208.7,53.43,78.3,1880.2,3098.6,53.4,0.0,BUY,0,53.37,208.7,53.36,440.8,53.35,87.9,53.34,329.0,53.33,813.8,53.43,78.3,53.44,1068.9,53.45,433.3,53.46,1013.1,53.47,505.0
1700000144.5,289,53.4,0.060000000000002274,53.37,29.4,53.43,450.9,1729.0,8528.2,53.43,115.8,BUY,2,53.37,29.4,53.36,455.9,53.35,30.0,53.34,442.2,53.33,771.5,53.43,450.9,53.44,266.9,53.45,4646.7,53.46,319.3,53.47,2844.4
1700000145.0,290,53.400000000000006,0.03999999999999915,53.38,95.0,53.42,255.0,2891.1000000000004,1094.3,53.42,10.6,BUY,1,53.38,95.0,53.37,85.8,53.36,222.8,53.35,134.6,53.34,2352.9,53.42,255.0,53.43,63.4,53.44,502.0,53.45,186.5,53.46,87.4
1700000145.5,291,53.41,0.05999999999999517,53.38,10.0,53.44,81.3,3442.3,4029.8,53.38,5.0,SELL,2,53.38,10.0,53.37,285.4,53.36,693.6,53.35,435.0,53.34,2018.3,53.44,81.3,53.45,215.2,53.46,459.7,53.47,1676.6,53.48,1597.0
1700000146.0,292,53.41,0.05999999999999517,53.38,89.4,53.44,10.0,994.3000000000001,5456.1,53.38,22.4,SELL,1,53.38,89.4,53.37,57.3,53.36,63.3,53.35,49.6,53.34,734.7,53.44,10.0,53.45,1128.1,53.46,1601.8,53.47,289.4,53.48,2426.8
1700000146.5,293,53.41,0.05999999999999517,53.38,1057.9,53.44,339.0,3439.8,4236.3,53.38,14.4,SELL,3,53.38,1057.9,53.37,122.5,53.36,1529.5,53.35,272.4,53.34,457.5,53.44,339.0,53.45,848.4,53.46,529.5,53.47,815.5,53.48,1703.9
1700000147.0,294,53.4,0.060000000000002274,53.37,10.0,53.43,489.6,2285.2,2629.1000000000004,53.43,16.5,BUY,3,53.37,10.0,53.36,148.8,53.35,1260.4,53.34,538.9,53.33,327.1,53.43,489.6,53.44,539.9,53.45,285.0,53.46,1140.8,53.47,173.8
1700000147.5,295,55.2,0.05999999999999517,55.17,731.6,55.23,732.4,3452.6,2344.9,55.23,16.1,BUY,4,55.17,731.6,55.16,84.9,55.15,927.6,55.14,1573.5,55.13,135.0,55.23,732.4,55.24,440.5,55.25,739.3,55.26,389.2,55.27,43.5
1700000148.0,296,55.19,0.060000000000002274,55.16,168.6,55.22,646.8,1799.8000000000002,4477.6,55.19,0.0,BUY,0,55.16,168.6,55.15,609.2,55.14,106.8,55.13,600.6,55.12,314.6,55.22,646.8,55.23,638.8,55.24,370.9,55.25,25.2,55.26,2795.9
1700000148.5,297,55.19,0.060000000000002274,55.16,634.6,55.22,415.5,3760.3,1654.9,55.19,0.0,BUY,0,55.16,634.6,55.15,243.5,55.14,957.8,55.13,437.4,55.12,1487.0,55.22,415.5,55.23,276.5,55.24,122.5,55.25,17.4,55.26,823.0
1700000149.0,298,55.18,0.04000000000000625,55.16,970.7,55.2,455.0,4351.799999999999,4768.7,55.2,5.0,BUY,2,55.16,970.7,55.15,966.8,55.14,1011.7,55.13,241.0,55.12,1161.6,55.2,455.0,55.21,247.8,55.22,431.3,55.23,529.1,55.24,3105.5
1700000149.5,299,55.17,0.060000000000002274,55.14,196.6,55.2,782.6,1751.6000000000001,7717.7,55.14,115.4,SELL,3,55.14,196.6,55.13,50.0,55.12,997.6,55.11,375.6,55.1,131.8,55.2,782.6,55.21,665.5,55.22,3696.4,55.23,291.5,55.24,2281.7
1700000150.0,300,55.16,0.05999999999999517,55.13,84.9,55.19,222.0,1556.8,3158.4,55.16,0.0,BUY,0,55.13,84.9,55.12,860.3,55.11,591.6,55.1,10.0,55.09,10.0,55.19,222.0,55.2,189.9,55.21,351.8,55.22,1403.7,55.23,991.0
1700000150.5,301,55.16,0.05999999999999517,55.13,358.6,55.19,349.7,1913.3000000000002,3077.0,55.13,97.2,SELL,2,55.13,358.6,55.12,138.5,55.11,155.0,55.1,944.7,55.09,316.5,55.19,349.7,55.2,650.4,55.21,455.8,55.22,150.5,55.23,1470.6
1700000151.0,302,55.16,0.05999999999999517,55.13,65.6,55.19,380.4,1496.1000000000001,1502.7,55.19,18.6,BUY,6,55.13,65.6,55.12,179.3,55.11,325.2,55.1,514.7,55.09,411.3,55.19,380.4,55.2,22.2,55.21,552.9,55.22,116.0,55.23,431.2
1700000151.5,303,55.16,0.05999999999999517,55.13,29.3,55.19,1637.0,2973.5,2968.2000000000003,55.13,152.1,SELL,4,55.13,29.3,55.12,187.1,55.11,453.6,55.1,445.3,55.09,1858.2,55.19,1637.0,55.2,628.9,55.21,266.8,55.22,97.9,55.23,337.6
1700000152.0,304,55.15,0.060000000000002274,55.12,179.1,55.18,120.0,1826.8,893.9000000000001,55.12,14.2,SELL,3,55.12,179.1,55.11,577.2,55.1,201.9,55.09,552.9,55.08,315.7,55.18,120.0,55.19,190.6,55.2,107.7,55.21,265.6,55.22,210.0
1700000152.5,305,55.15,0.060000000000002274,55.12,444.1,55.18,368.8,2296.2000000000003,8081.0,55.12,36.9,SELL,3,55.12,444.1,55.11,399.1,55.1,204.7,55.09,313.4,55.08,934.9,55.18,368.8,55.19,1772.9,55.2,2671.4,55.21,1441.0,55.22,1826.9
1700000153.0,306,55.15,0.060000000000002274,55.12,512.7,55.18,178.8,3084.0,1687.8000000000002,55.18,42.2,BUY,3,55.12,512.7,55.11,830.1,55.1,522.6,55.09,619.4,55.08,599.2,55.18,178.8,55.19,21.3,55.2,278.0,55.21,675.3,55.22,534.4
1700000153.5,307,55.15,0.060000000000002274,55.12,603.6,55.18,551.3,3966.1000000000004,2116.4,55.18,31.2,BUY,1,55.12,603.6,55.11,39.6,55.1,1057.4,55.09,89.1,55.08,2176.4,55.18,551.3,55.19,80.2,55.2,597.2,55.21,793.4,55.22,94.3
1700000154.0,308,55.15,0.060000000000002274,55.12,283.5,55.18,771.6,5914.6,2071.0,55.15,0.0,BUY,0,55.12,283.5,55.11,1731.7,55.1,633.3,55.09,55.6,55.08,3210.5,55.18,771.6,55.19,695.6,55.2,50.2,55.21,272.2,55.22,281.4
1700000154.5,309,55.15,0.060000000000002274,55.12,119.6,55.18,10.0,1415.2999999999997,1650.1000000000001,55.12,60.3,SELL,2,55.12,119.6,55.11,88.1,55.1,595.4,55.09,375.6,55.08,236.6,55.18,10.0,55.19,70.9,55.2,192.2,55.21,837.7,55.22,539.3
1700000155.0,310,55.15,0.060000000000002274,55.12,1157.3,55.18,75.9,3752.3999999999996,5350.400000000001,55.18,78.0,BUY,2,55.12,1157.3,55.11,323.9,55.1,789.6,55.09,896.0,55.08,585.6,55.18,75.9,55.19,912.6,55.2,348.3,55.21,2697.8,55.22,1315.8
1700000155.5,311,55.144999999999996,0.05000000000000426,55.12,962.4,55.17,329.5,3184.2,2992.0,55.17,134.9,BUY,3,55.12,962.4,55.11,715.6,55.1,81.6,55.09,1034.4,55.08,390.2,55.17,329.5,55.18,917.7,55.19,302.5,55.2,618.1,55.21,824.2
1700000156.0,312,55.14,0.060000000000002274,55.11,74.0,55.17,10.0,2515.1,2153.3,55.17,29.0,BUY,6,55.11,74.0,55.1,1238.5,55.09,69.8,55.08,487.5,55.07,645.3,55.17,10.0,55.18,942.7,55.19,159.1,55.2,992.7,55.21,48.8
1700000156.5,313,55.129999999999995,0.05999999999999517,55.1,365.0,55.16,1890.5,5218.7,5954.0,55.1,32.4,SELL,1,55.1,365.0,55.09,584.9,55.08,10.0,55.07,3594.7,55.06,664.1,55.16,1890.5,55.17,70.4,55.18,944.5,55.19,1583.0,55.2,1465.6
1700000157.0,314,55.129999999999995,0.05999999999999517,55.1,462.1,55.16,727.4,1678.7,2823.5,55.16,24.1,BUY,1,55.1,462.1,55.09,230.2,55.08,90.7,55.07,707.3,55.06,188.4,55.16,727.4,55.17,304.2,55.18,118.8,55.19,592.1,55.2,1081.0
1700000157.5,315,55.129999999999995,0.05999999999999517,55.1,376.6,55.16,982.4,1886.6,2943.3,55.1,224.2,SELL,4,55.1,376.6,55.09,713.6,55.08,626.3,55.07,76.1,55.06,94.0,55.16,982.4,55.17,433.6,55.18,574.0,55.19,49.3,55.2,904.0
1700000158.0,316,55.120000000000005,0.05999999999999517,55.09,385.0,55.15,88.7,1028.7,1636.0,55.09,5.0,SELL,1,55.09,385.0,55.08,29.9,55.07,31.8,55.06,150.2,55.05,431.8,55.15,88.7,55.16,10.0,55.17,354.8,55.18,780.3,55.19,402.2
1700000158.5,317,55.11,0.060000000000002274,55.08,1016.4,55.14,680.0,1907.3999999999999,3348.1,55.11,0.0,BUY,0,55.08,1016.4,55.07,84.4,55.06,364.8,55.05,397.1,55.04,44.7,55.14,680.0,55.15,60.7,55.16,570.0,55.17,568.4,55.18,1469.0
1700000159.0,318,55.11,0.060000000000002274,55.08,64.8,55.14,772.7,2322.4,3076.6,55.14,23.5,BUY,2,55.08,64.8,55.07,595.6,55.06,29.0,55.05,1005.5,55.04,627.5,55.14,772.7,55.15,1706.8,55.16,119.4,55.17,445.5,55.18,32.2
1700000159.5,319,55.1,0.060000000000002274,55.07,350.8,55.13,379.4,3347.0,2998.7,55.1,0.0,BUY,0,55.07,350.8,55.06,601.9,55.05,10.0,55.04,2263.1,55.03,121.2,55.13,379.4,55.14,370.4,55.15,34.5,55.16,974.6,55.17,1239.8
1700000160.0,320,55.099999999999994,0.03999999999999915,55.08,58.4,55.12,320.2,1835.9,3146.8,55.12,8.9,BUY,1,55.08,58.4,55.07,200.9,55.06,855.4,55.05,190.5,55.04,530.7,55.12,320.2,55.13,798.2,55.14,1284.4,55.15,672.5,55.16,71.5
1700000160.5,321,55.1,0.060000000000002274,55.07,153.8,55.13,13.5,2671.7,1926.2,55.13,5.0,BUY,4,55.07,153.8,55.06,279.0,55.05,710.6,55.04,357.3,55.03,1171.0,55.13,13.5,55.14,765.8,55.15,31.8,55.16,974.2,55.17,140.9
1700000161.0,322,55.1,0.060000000000002274,55.07,344.3,55.13,473.1,2853.1,1975.2,55.07,14.5,SELL,2,55.07,344.3,55.06,111.0,55.05,359.0,55.04,277.5,55.03,1761.3,55.13,473.1,55.14,216.2,55.15,349.2,55.16,140.7,55.17,796.0
1700000161.5,323,55.1,0.060000000000002274,55.07,458.9,55.13,74.3,2299.8,3355.3,55.13,118.7,BUY,2,55.07,458.9,55.06,1313.6,55.05,142.5,55.04,45.7,55.03,339.1,55.13,74.3,55.14,157.4,55.15,455.4,55.16,972.0,55.17,1696.2
1700000162.0,324,55.1,0.060000000000002274,55.07,126.3,55.13,619.8,1244.8,3355.2,55.13,139.1,BUY,4,55.07,126.3,55.06,692.8,55.05,143.7,55.04,10.0,55.03,272.0,55.13,619.8,55.14,21.4,55.15,760.0,55.16,490.7,55.17,1463.3
1700000162.5,325,55.09,0.05999999999999517,55.06,343.5,55.12,70.7,1642.0,3918.9000000000005,55.06,118.3,SELL,3,55.06,343.5,55.05,134.8,55.04,915.9,55.03,90.6,55.02,157.2,55.12,70.7,55.13,645.9,55.14,755.2,55.15,1605.4,55.16,841.7
1700000163.0,326,55.09,0.03999999999999915,55.07,189.0,55.11,49.7,2088.8999999999996,948.4000000000001,55.11,152.4,BUY,4,55.07,189.0,55.06,10.0,55.05,699.9,55.04,233.2,55.03,956.8,55.11,49.7,55.12,251.5,55.13,193.9,55.14,81.6,55.15,371.7
1700000163.5,327,55.09,0.05999999999999517,55.06,403.4,55.12,316.1,2067.4,6464.1,55.12,40.7,BUY,1,55.06,403.4,55.05,197.9,55.04,512.0,55.03,18.9,55.02,935.2,55.12,316.1,55.13,364.2,55.14,1914.7,55.15,849.0,55.16,3020.1
1700000164.0,328,55.08,0.060000000000002274,55.05,120.9,55.11,433.4,2602.0,5645.199999999999,55.11,30.4,BUY,2,55.05,120.9,55.04,173.5,55.03,684.9,55.02,716.3,55.01,906.4,55.11,433.4,55.12,848.9,55.13,1191.4,55.14,1830.6,55.15,1340.9
1700000164.5,329,55.07,0.060000000000002274,55.04,131.0,55.1,94.6,2903.4999999999995,1470.5,55.1,21.3,BUY,2,55.04,131.0,55.03,870.2,55.02,1354.0,55.01,376.7,55.0,171.6,55.1,94.6,55.11,18.8,55.12,950.4,55.13,184.3,55.14,222.4
1700000165.0,330,55.07,0.060000000000002274,55.04,444.3,55.1,454.0,1263.0,4606.9,55.1,5.0,BUY,1,55.04,444.3,55.03,207.8,55.02,156.7,55.01,368.5,55.0,85.7,55.1,454.0,55.11,194.2,55.12,1784.5,55.13,865.4,55.14,1308.8
1700000165.5,331,55.07,0.060000000000002274,55.04,337.2,55.1,317.3,6765.799999999999,5473.0,55.1,45.4,BUY,1,55.04,337.2,55.03,1704.5,55.02,1383.0,55.01,609.2,55.0,2731.9,55.1,317.3,55.11,777.2,55.12,4109.0,55.13,155.5,55.14,114.0
1700000166.0,332,55.06,0.060000000000002274,55.03,10.0,55.09,145.7,2787.2999999999997,1537.9,55.03,32.6,SELL,3,55.03,10.0,55.02,85.8,55.01,528.0,55.0,1780.9,54.99,382.6,55.09,145.7,55.1,268.5,55.11,10.6,55.12,762.5,55.13,350.6
1700000166.5,333,55.065,0.05000000000000426,55.04,473.2,55.09,194.0,1335.0,5285.8,55.09,14.2,BUY,1,55.04,473.2,55.03,696.5,55.02,23.2,55.01,31.3,55.0,110.8,55.09,194.0,55.1,2506.4,55.11,1771.6,55.12,435.6,55.13,378.2
1700000167.0,334,55.05,0.05999999999999517,55.02,190.4,55.08,20.3,5279.9,2732.8999999999996,55.05,0.0,BUY,0,55.02,190.4,55.01,816.3,55.0,1877.1,54.99,267.1,54.98,2129.0,55.08,20.3,55.09,164.0,55.1,542.3,55.11,130.0,55.12,1876.3
1700000167.5,335,55.05,0.05999999999999517,55.02,159.5,55.08,10.0,740.6,6261.9,55.08,137.4,BUY,3,55.02,159.5,55.01,55.4,55.0,39.4,54.99,111.9,54.98,374.4,55.08,10.0,55.09,392.7,55.1,220.9,55.11,293.4,55.12,5344.9
1700000168.0,336,55.05,0.05999999999999517,55.02,324.8,55.08,139.3,1546.2,3357.5,55.02,18.2,SELL,2,55.02,324.8,55.01,182.3,55.0,215.8,54.99,738.5,54.98,84.8,55.08,139.3,55.09,218.0,55.1,587.6,55.11,594.6,55.12,1818.0
1700000168.5,337,55.04,0.060000000000002274,55.01,184.7,55.07,534.8,3329.6000000000004,2627.6000000000004,55.01,53.0,SELL,3,55.01,184.7,55.0,472.8,54.99,411.3,54.98,445.6,54.97,1815.2,55.07,534.8,55.08,766.3,55.09,1141.7,55.1,174.8,55.11,10.0
1700000169.0,338,55.03,0.060000000000002274,55.0,376.9,55.06,414.7,1858.3,11900.7,55.06,29.6,BUY,4,55.0,376.9,54.99,197.9,54.98,288.5,54.97,268.8,54.96,726.2,55.06,414.7,55.07,1550.5,55.08,1234.8,55.09,678.0,55.1,8022.7
1700000169.5,339,55.03,0.060000000000002274,55.0,53.9,55.06,267.3,1295.3,2380.4,55.06,25.3,BUY,1,55.0,53.9,54.99,724.8,54.98,48.5,54.97,65.4,54.96,402.7,55.06,267.3,55.07,596.3,55.08,491.4,55.09,917.1,55.1,108.3
1700000170.0,340,55.025,0.04999999999999716,55.0,605.4,55.05,34.1,2299.1,4209.200000000001,55.05,111.4,BUY,3,55.0,605.4,54.99,227.9,54.98,54.5,54.97,342.2,54.96,1069.1,55.05,34.1,55.06,389.4,55.07,1315.4,55.08,1441.9,55.09,1028.4
1700000170.5,341,55.019999999999996,0.05999999999999517,54.99,75.1,55.05,842.6,1422.6000000000001,3999.5,54.99,5.0,SELL,3,54.99,75.1,54.98,70.0,54.97,124.0,54.96,704.7,54.95,448.8,55.05,842.6,55.06,482.7,55.07,984.0,55.08,865.0,55.09,825.2
1700000171.0,342,55.01,0.060000000000002274,54.98,109.9,55.04,841.7,3590.8999999999996,2655.9,55.04,69.5,BUY,1,54.98,109.9,54.97,965.8,54.96,569.9,54.95,15.3,54.94,1930.0,55.04,841.7,55.05,1346.8,55.06,50.0,55.07,74.4,55.08,343.0
1700000171.5,343,55.01,0.060000000000002274,54.98,363.0,55.04,350.9,1158.4,4078.9,55.04,42.9,BUY,2,54.98,363.0,54.97,241.6,54.96,257.9,54.95,10.0,54.94,285.9,55.04,350.9,55.05,172.6,55.06,788.6,55.07,1336.2,55.08,1430.6
1700000172.0,344,55.01,0.060000000000002274,54.98,234.8,55.04,139.1,2692.7000000000003,4918.6,54.98,76.8,SELL,4,54.98,234.8,54.97,63.7,54.96,2286.8,54.95,80.4,54.94,27.0,55.04,139.1,55.05,503.3,55.06,374.1,55.07,33.1,55.08,3869.0
1700000172.5,345,55.0,0.04000000000000625,54.98,598.0,55.02,143.9,3605.8,2490.8,54.98,99.6,SELL,2,54.98,598.0,54.97,798.2,54.96,734.2,54.95,1404.4,54.94,71.0,55.02,143.9,55.03,405.6,55.04,89.5,55.05,688.7,55.06,1163.1
1700000173.0,346,54.99,0.060000000000002274,54.96,135.2,55.02,537.2,1313.3000000000002,4208.3,55.02,22.5,BUY,2,54.96,135.2,54.95,521.5,54.94,316.5,54.93,330.1,54.92,10.0,55.02,537.2,55.03,242.7,55.04,2350.6,55.05,669.8,55.06,408.0
1700000173.5,347,54.975,0.04999999999999716,54.95,84.8,55.0,251.4,2053.5,1229.1,54.95,5.0,SELL,2,54.95,84.8,54.94,754.6,54.93,847.1,54.92,264.4,54.91,102.6,55.0,251.4,55.01,252.2,55.02,37.7,55.03,415.4,55.04,272.4
1700000174.0,348,54.980000000000004,0.05999999999999517,54.95,464.3,55.01,84.9,2252.8,1601.5,55.01,143.5,BUY,1,54.95,464.3,54.94,332.3,54.93,655.2,54.92,307.7,54.91,493.3,55.01,84.9,55.02,764.0,55.03,68.1,55.04,519.9,55.05,164.6
1700000174.5,349,54.980000000000004,0.05999999999999517,54.95,514.4,55.01,161.2,2100.3,4803.3,54.95,68.9,SELL,2,54.95,514.4,54.94,90.2,54.93,10.0,54.92,22.2,54.91,1463.5,55.01,161.2,55.02,484.0,55.03,509.2,55.04,452.3,55.05,3196.6
1700000175.0,350,54.980000000000004,0.05999999999999517,54.95,154.4,55.01,448.2,771.1999999999999,2443.4,54.95,20.9,SELL,1,54.95,154.4,54.94,10.0,54.93,401.5,54.92,126.9,54.91,78.4,55.01,448.2,55.02,632.9,55.03,135.9,55.04,1052.0,55.05,174.4
1700000175.5,351,54.980000000000004,0.05999999999999517,54.95,596.5,55.01,744.8,1699.2,3169.1,55.01,28.7,BUY,3,54.95,596.5,54.94,173.5,54.93,263.5,54.92,498.0,54.91,167.7,55.01,744.8,55.02,344.9,55.03,529.6,55.04,429.9,55.05,1119.9
1700000176.0,352,54.97,0.060000000000002274,54.94,373.0,55.0,112.7,2505.7999999999997,1713.3999999999999,54.94,46.7,SELL,2,54.94,373.0,54.93,389.9,54.92,924.3,54.91,170.7,54.9,647.9,55.0,112.7,55.01,228.0,55.02,228.7,55.03,995.8,55.04,148.2
1700000176.5,353,54.97,0.060000000000002274,54.94,44.4,55.0,191.1,3961.2,2698.0,54.97,0.0,BUY,0,54.94,44.4,54.93,18.1,54.92,2242.6,54.91,1258.9,54.9,397.2,55.0,191.1,55.01,87.5,55.02,1481.5,55.03,494.5,55.04,443.4
1700000177.0,354,54.97,0.060000000000002274,54.94,740.4,55.0,211.9,3022.7,2145.6,54.97,0.0,BUY,0,54.94,740.4,54.93,335.7,54.92,612.3,54.91,148.1,54.9,1186.2,55.0,211.9,55.01,423.2,55.02,936.1,55.03,287.0,55.04,287.4
1700000177.5,355,54.97,0.060000000000002274,54.94,11.2,55.0,440.6,1498.1000000000001,4533.400000000001,55.0,111.7,BUY,7,54.94,11.2,54.93,12.2,54.92,643.4,54.91,411.1,54.9,420.2,55.0,440.6,55.01,524.2,55.02,321.0,55.03,2981.0,55.04,266.6
1700000178.0,356,54.97,0.060000000000002274,54.94,241.9,55.0,187.5,2457.8,2649.7000000000003,54.94,92.9,SELL,3,54.94,241.9,54.93,541.6,54.92,413.7,54.91,840.7,54.9,419.9,55.0,187.5,55.01,10.0,55.02,727.1,55.03,1642.8,55.04,82.3
1700000178.5,357,54.97,0.060000000000002274,54.94,127.8,55.0,273.0,4961.4,1536.5,54.94,21.5,SELL,2,54.94,127.8,54.93,93.3,54.92,500.8,54.91,3524.7,54.9,714.8,55.0,273.0,55.01,579.5,55.02,57.1,55.03,426.7,55.04,200.2
1700000179.0,358,54.96,0.060000000000002274,54.93,636.1,54.99,829.4,3137.0,3385.3,54.99,5.0,BUY,4,54.93,636.1,54.92,51.2,54.91,300.4,54.9,1075.0,54.89,1074.3,54.99,829.4,55.0,1014.9,55.01,254.2,55.02,942.8,55.03,344.0
1700000179.5,359,54.96,0.060000000000002274,54.93,152.5,54.99,321.0,1004.9000000000001,2664.5,54.99,142.7,BUY,1,54.93,152.5,54.92,384.3,54.91,144.2,54.9,84.7,54.89,239.2,54.99,321.0,55.0,562.1,55.01,708.5,55.02,978.2,55.03,94.7
1700000180.0,360,54.97,0.060000000000002274,54.94,390.9,55.0,322.3,2366.7999999999997,2528.7999999999997,55.0,16.5,BUY,5,54.94,390.9,54.93,131.1,54.92,520.7,54.91,876.9,54.9,447.2,55.0,322.3,55.01,516.8,55.02,622.6,55.03,733.0,55.04,334.1
1700000180.5,361,54.97,0.060000000000002274,54.94,103.8,55.0,32.1,2888.2000000000003,698.3,54.97,0.0,BUY,0,54.94,103.8,54.93,144.8,54.92,1266.4,54.91,1171.8,54.9,201.4,55.0,32.1,55.01,62.8,55.02,178.4,55.03,379.0,55.04,46.0
1700000181.0,362,54.97,0.03999999999999915,54.95,153.8,54.99,1047.4,2836.3999999999996,5898.6,54.99,30.2,BUY,2,54.95,153.8,54.94,661.2,54.93,212.8,54.92,18.3,54.91,1790.3,54.99,1047.4,55.0,30.7,55.01,2144.0,55.02,1401.4,55.03,1275.1
1700000181.5,363,54.97,0.060000000000002274,54.94,332.8,55.0,123.4,1285.8,7386.1,55.0,92.1,BUY,1,54.94,332.8,54.93,435.5,54.92,366.3,54.91,73.7,54.9,77.5,55.0,123.4,55.01,10.0,55.02,1994.0,55.03,1232.1,55.04,4026.6
1700000182.0,364,54.980000000000004,0.05999999999999517,54.95,212.8,55.01,62.1,2488.0,1567.2,55.01,6.9,BUY,2,54.95,212.8,54.94,660.5,54.93,10.0,54.92,614.9,54.91,989.8,55.01,62.1,55.02,276.0,55.03,539.0,55.04,227.6,55.05,462.5
1700000182.5,365,54.97,0.060000000000002274,54.94,117.6,55.0,447.7,2328.9,4855.200000000001,54.97,0.0,BUY,0,54.94,117.6,54.93,815.7,54.92,811.1,54.91,408.2,54.9,176.3,55.0,447.7,55.01,113.5,55.02,1013.3,55.03,915.9,55.04,2364.8
1700000183.0,366,54.97,0.060000000000002274,54.94,588.7,55.0,429.3,1521.2,3264.4,55.0,5.4,BUY,8,54.94,588.7,54.93,245.3,54.92,88.3,54.91,202.9,54.9,396.0,55.0,429.3,55.01,463.8,55.02,1683.4,55.03,539.3,55.04,148.6
1700000183.5,367,54.96,0.060000000000002274,54.93,222.3,54.99,256.7,973.6,1792.4,54.93,46.8,SELL,1,54.93,222.3,54.92,155.7,54.91,103.4,54.9,170.6,54.89,321.6,54.99,256.7,55.0,99.3,55.01,32.5,55.02,112.6,55.03,1291.3
1700000184.0,368,54.95,0.05999999999999517,54.92,91.3,54.98,187.2,3810.6,2230.2,54.98,13.6,BUY,3,54.92,91.3,54.91,94.7,54.9,1799.2,54.89,451.5,54.88,1373.9,54.98,187.2,54.99,149.5,55.0,616.5,55.01,650.9,55.02,626.1
1700000184.5,369,54.935,0.05000000000000426,54.91,189.3,54.96,49.1,2087.3,2423.0,54.91,34.0,SELL,1,54.91,189.3,54.9,11.6,54.89,549.8,54.88,178.8,54.87,1157.8,54.96,49.1,54.97,149.7,54.98,213.2,54.99,1624.7,55.0,386.3
1700000185.0,370,54.94,0.060000000000002274,54.91,242.4,54.97,275.7,1033.8,3496.8999999999996,54.91,20.8,SELL,2,54.91,242.4,54.9,81.0,54.89,432.2,54.88,132.3,54.87,145.9,54.97,275.7,54.98,308.6,54.99,119.6,55.0,1094.7,55.01,1698.3
1700000185.5,371,54.93,0.060000000000002274,54.9,425.6,54.96,286.9,3121.9,1684.8,54.96,5.0,BUY,5,54.9,425.6,54.89,195.1,54.88,591.5,54.87,225.0,54.86,1684.7,54.96,286.9,54.97,107.2,54.98,10.0,54.99,417.5,55.0,863.2
1700000186.0,372,54.93,0.060000000000002274,54.9,77.5,54.96,192.1,1896.6999999999998,3204.8,54.93,0.0,BUY,0,54.9,77.5,54.89,202.1,54.88,118.5,54.87,748.5,54.86,750.1,54.96,192.1,54.97,349.8,54.98,1172.6,54.99,360.1,55.0,1130.2
1700000186.5,373,54.93,0.060000000000002274,54.9,652.8,54.96,165.0,2575.7999999999997,2509.9,54.9,5.0,SELL,2,54.9,652.8,54.89,300.7,54.88,124.8,54.87,1259.3,54.86,238.2,54.96,165.0,54.97,394.5,54.98,723.7,54.99,559.7,55.0,667.0
1700000187.0,374,54.93,0.060000000000002274,54.9,63.2,54.96,92.5,2825.0,1803.7,54.96,37.1,BUY,1,54.9,63.2,54.89,99.8,54.88,417.4,54.87,1710.4,54.86,534.2,54.96,92.5,54.97,566.3,54.98,382.5,54.99,531.6,55.0,230.8
1700000187.5,375,54.94,0.060000000000002274,54.91,232.4,54.97,1238.9,649.3,2973.4,54.97,87.1,BUY,1,54.91,232.4,54.9,90.7,54.89,17.9,54.88,259.4,54.87,48.9,54.97,1238.9,54.98,86.1,54.99,175.8,55.0,769.7,55.01,702.9
1700000188.0,376,54.935,0.05000000000000426,54.91,26.5,54.96,242.9,2403.8999999999996,1910.3,54.96,20.1,BUY,4,54.91,26.5,54.9,598.4,54.89,798.2,54.88,444.0,54.87,536.8,54.96,242.9,54.97,405.3,54.98,691.5,54.99,365.0,55.0,205.6
1700000188.5,377,54.94,0.060000000000002274,54.91,663.9,54.97,155.9,1650.2,728.3,54.97,30.4,BUY,2,54.91,663.9,54.9,350.0,54.89,187.6,54.88,249.7,54.87,199.0,54.97,155.9,54.98,18.8,54.99,119.4,55.0,159.8,55.01,274.4
1700000189.0,378,54.94,0.060000000000002274,54.91,405.8,54.97,63.4,3561.2,3158.2,54.97,41.4,BUY,2,54.91,405.8,54.9,201.1,54.89,1082.8,54.88,1749.9,54.87,121.6,54.97,63.4,54.98,1041.8,54.99,501.7,55.0,636.0,55.01,915.3
1700000189.5,379,54.94,0.060000000000002274,54.91,24.6,54.97,438.7,886.3,2041.3,54.91,12.4,SELL,3,54.91,24.6,54.9,296.7,54.89,55.4,54.88,256.1,54.87,253.5,54.97,438.7,54.98,566.1,54.99,52.8,55.0,853.4,55.01,130.3
1700000190.0,380,54.94,0.060000000000002274,54.91,996.8,54.97,1281.7,2935.2999999999997,5138.900000000001,54.97,61.0,BUY,2,54.91,996.8,54.9,616.4,54.89,223.7,54.88,434.9,54.87,663.5,54.97,1281.7,54.98,1993.4,54.99,1114.3,55.0,691.4,55.01,58.1
1700000190.5,381,54.94,0.060000000000002274,54.91,335.8,54.97,205.3,2882.2999999999997,876.5999999999999,54.91,20.6,SELL,1,54.91,335.8,54.9,331.2,54.89,1304.6,54.88,219.7,54.87,691.0,54.97,205.3,54.98,541.8,54.99,76.5,55.0,14.0,55.01,39.0
1700000191.0,382,54.94,0.060000000000002274,54.91,487.1,54.97,151.3,1557.3,4734.7,54.91,41.5,SELL,4,54.91,487.1,54.9,41.3,54.89,288.0,54.88,594.1,54.87,146.8,54.97,151.3,54.98,1043.0,54.99,1400.1,55.0,1446.7,55.01,693.6
1700000191.5,383,54.94,0.060000000000002274,54.91,10.0,54.97,48.5,2780.3,4898.0,54.97,80.5,BUY,2,54.91,10.0,54.9,384.4,54.89,639.5,54.88,831.7,54.87,914.7,54.97,48.5,54.98,1592.1,54.99,155.4,55.0,2880.6,55.01,221.4
1700000192.0,384,54.94,0.060000000000002274,54.91,963.2,54.97,13.5,4165.8,3339.4,54.97,29.5,BUY,1,54.91,963.2,54.9,1853.2,54.89,398.6,54.88,791.3,54.87,159.5,54.97,13.5,54.98,393.0,54.99,1825.0,55.0,788.6,55.01,319.3
1700000192.5,385,54.94,0.060000000000002274,54.91,88.9,54.97,10.2,4577.3,3611.3999999999996,54.97,43.8,BUY,2,54.91,88.9,54.9,684.2,54.89,1443.2,54.88,319.7,54.87,2041.3,54.97,10.2,54.98,298.5,54.99,1592.1,55.0,519.8,55.01,1190.8
1700000193.0,386,54.94,0.060000000000002274,54.91,63.4,54.97,1432.8,1624.8000000000002,5379.2,54.94,0.0,BUY,0,54.91,63.4,54.9,469.5,54.89,447.5,54.88,185.5,54.87,458.9,54.97,1432.8,54.98,628.1,54.99,1188.7,55.0,1540.4,55.01,589.2
1700000193.5,387,54.94,0.060000000000002274,54.91,371.6,54.97,45.5,2079.2000000000003,1482.5,54.91,9.0,SELL,2,54.91,371.6,54.9,669.8,54.89,359.9,54.88,473.5,54.87,204.4,54.97,45.5,54.98,209.8,54.99,186.9,55.0,328.8,55.01,711.5
1700000194.0,388,54.93,0.060000000000002274,54.9,138.4,54.96,568.0,2510.5,1528.5,54.9,77.4,SELL,1,54.9,138.4,54.89,261.9,54.88,186.2,54.87,775.2,54.86,1148.8,54.96,568.0,54.97,57.7,54.98,74.2,54.99,372.3,55.0,456.3
1700000194.5,389,54.93,0.060000000000002274,54.9,539.7,54.96,353.7,1600.8999999999999,2414.9,54.93,0.0,BUY,0,54.9,539.7,54.89,346.4,54.88,292.2,54.87,141.6,54.86,281.0,54.96,353.7,54.97,72.5,54.98,197.6,54.99,50.2,55.0,1740.9
1700000195.0,390,54.92,0.060000000000002274,54.89,476.4,54.95,89.7,1785.6,2322.0,54.89,5.0,SELL,3,54.89,476.4,54.88,197.5,54.87,123.5,54.86,656.8,54.85,331.4,54.95,89.7,54.96,107.4,54.97,395.5,54.98,803.3,54.99,926.1
1700000195.5,391,54.92,0.060000000000002274,54.89,314.2,54.95,135.1,3631.0,2590.7,54.89,53.0,SELL,1,54.89,314.2,54.88,470.0,54.87,203.5,54.86,687.3,54.85,1956.0,54.95,135.1,54.96,2338.8,54.97,10.0,54.98,66.2,54.99,40.6
1700000196.0,392,54.925,0.05000000000000426,54.9,2142.3,54.95,90.4,3459.6000000000004,2616.9,54.95,33.2,BUY,2,54.9,2142.3,54.89,796.0,54.88,47.4,54.87,85.6,54.86,388.3,54.95,90.4,54.96,19.0,54.97,1104.7,54.98,458.8,54.99,944.0
1700000196.5,393,54.92,0.060000000000002274,54.89,116.8,54.95,1234.9,3338.8,4049.1000000000004,54.95,27.8,BUY,2,54.89,116.8,54.88,1339.2,54.87,12.1,54.86,814.5,54.85,1056.2,54.95,1234.9,54.96,744.4,54.97,884.6,54.98,742.7,54.99,442.5
1700000197.0,394,54.91,0.05999999999999517,54.88,442.0,54.94,148.8,1580.6,5329.5,54.88,10.5,SELL,2,54.88,442.0,54.87,12.9,54.86,27.1,54.85,401.3,54.84,697.3,54.94,148.8,54.95,127.7,54.96,1644.8,54.97,506.5,54.98,2901.7
1700000197.5,395,58.9,0.060000000000002274,58.87,44.7,58.93,383.8,675.9000000000001,1568.8,58.9,0.0,BUY,0,58.87,44.7,58.86,172.1,58.85,318.9,58.84,10.0,58.83,130.2,58.93,383.8,58.94,73.1,58.95,477.7,58.96,85.5,58.97,548.7
1700000198.0,396,58.9,0.060000000000002274,58.87,746.5,58.93,1438.5,2035.2,7520.500000000001,58.93,90.9,BUY,2,58.87,746.5,58.86,195.7,58.85,462.0,58.84,552.3,58.83,78.7,58.93,1438.5,58.94,1367.8,58.95,3662.4,58.96,166.6,58.97,885.2
1700000198.5,397,58.9,0.060000000000002274,58.87,70.3,58.93,277.7,3785.6,4730.9,58.87,31.7,SELL,3,58.87,70.3,58.86,26.0,58.85,626.0,58.84,402.2,58.83,2661.1,58.93,277.7,58.94,1004.1,58.95,1767.0,58.96,588.0,58.97,1094.1
1700000199.0,398,58.91,0.05999999999999517,58.88,458.0,58.94,400.4,3996.2999999999997,4348.7,58.94,27.8,BUY,1,58.88,458.0,58.87,321.5,58.86,250.5,58.85,2761.1,58.84,205.2,58.94,400.4,58.95,500.7,58.96,241.2,58.97,747.5,58.98,2458.9
1700000199.5,399,58.9,0.060000000000002274,58.87,126.9,58.93,393.3,2041.5,3544.1,58.93,8.2,BUY,2,58.87,126.9,58.86,127.8,58.85,167.9,58.84,641.9,58.83,977.0,58.93,393.3,58.94,2142.1,58.95,25.6,58.96,907.1,58.97,76.0
1700000200.0,400,58.89,0.03999999999999915,58.87,821.3,58.91,688.5,1074.6000000000001,3171.5,58.91,37.3,BUY,2,58.87,821.3,58.86,94.6,58.85,70.6,58.84,67.9,58.83,20.2,58.91,688.5,58.92,1476.7,58.93,478.5,58.94,376.9,58.95,150.9
1700000200.5,401,58.89,0.060000000000002274,58.86,697.9,58.92,753.0,2568.8,5639.4,58.92,39.1,BUY,1,58.86,697.9,58.85,339.5,58.84,282.9,58.83,153.9,58.82,1094.6,58.92,753.0,58.93,762.6,58.94,879.0,58.95,1729.1,58.96,1515.7
1700000201.0,402,58.89,0.060000000000002274,58.86,219.2,58.92,684.9,2841.2,1474.5,58.89,0.0,BUY,0,58.86,219.2,58.85,335.6,58.84,696.4,58.83,734.0,58.82,856.0,58.92,684.9,58.93,18.9,58.94,371.7,58.95,242.4,58.96,156.6
1700000201.5,403,55.28,0.060000000000002274,55.25,10.0,55.31,27.9,1305.3000000000002,1274.8,55.31,81.0,BUY,2,55.25,10.0,55.24,77.8,55.23,265.0,55.22,408.1,55.21,544.4,55.31,27.9,55.32,45.3,55.33,660.6,55.34,106.8,55.35,434.2
1700000202.0,404,55.269999999999996,0.05999999999999517,55.24,543.4,55.3,10.0,3451.7000000000003,3249.4,55.24,12.0,SELL,1,55.24,543.4,55.23,1952.5,55.22,385.6,55.21,536.3,55.2,33.9,55.3,10.0,55.31,132.6,55.32,1353.4,55.33,672.9,55.34,1080.5
1700000202.5,405,55.26,0.060000000000002274,55.23,112.4,55.29,490.2,965.9,2595.3,55.23,56.2,SELL,2,55.23,112.4,55.22,312.5,55.21,408.1,55.2,70.8,55.19,62.1,55.29,490.2,55.3,154.7,55.31,191.6,55.32,1231.1,55.33,527.7
1700000203.0,406,55.254999999999995,0.05000000000000426,55.23,836.5,55.28,289.3,3324.3999999999996,2695.5,55.28,43.2,BUY,4,55.23,836.5,55.22,94.9,55.21,532.2,55.2,960.6,55.19,900.2,55.28,289.3,55.29,932.8,55.3,242.4,55.31,132.7,55.32,1098.3
1700000203.5,407,55.26,0.060000000000002274,55.23,1112.3,55.29,499.8,2160.6,3802.7,55.29,19.2,BUY,4,55.23,1112.3,55.22,12.2,55.21,199.0,55.2,622.0,55.19,215.1,55.29,499.8,55.3,286.2,55.31,85.2,55.32,393.3,55.33,2538.2
1700000204.0,408,56.96,0.060000000000002274,56.93,53.6,56.99,796.8,1992.6000000000001,4464.4,56.99,40.1,BUY,2,56.93,53.6,56.92,489.7,56.91,562.6,56.9,10.9,56.89,875.8,56.99,796.8,57.0,548.2,57.01,244.1,57.02,664.4,57.03,2210.9
1700000204.5,409,56.97,0.060000000000002274,56.94,145.9,57.0,458.9,5146.200000000001,3551.9,57.0,10.2,BUY,1,56.94,145.9,56.93,793.5,56.92,408.3,56.91,693.6,56.9,3104.9,57.0,458.9,57.01,347.4,57.02,1040.1,57.03,1232.1,57.04,473.4
1700000205.0,410,56.97,0.060000000000002274,56.94,489.8,57.0,71.0,4750.200000000001,2616.2000000000003,57.0,58.5,BUY,1,56.94,489.8,56.93,521.2,56.92,1279.1,56.91,2191.0,56.9,269.1,57.0,71.0,57.01,773.5,57.02,824.9,57.03,476.5,57.04,470.3
1700000205.5,411,56.96,0.060000000000002274,56.93,105.7,56.99,323.7,1094.8,2575.7,56.93,6.4,SELL,1,56.93,105.7,56.92,15.5,56.91,160.3,56.9,204.8,56.89,608.5,56.99,323.7,57.0,106.2,57.01,210.4,57.02,191.8,57.03,1743.6
1700000206.0,412,56.95,0.05999999999999517,56.92,94.1,56.98,676.5,1833.9,1441.4999999999998,56.92,30.4,SELL,3,56.92,94.1,56.91,44.2,56.9,512.6,56.89,959.2,56.88,223.8,56.98,676.5,56.99,163.3,57.0,254.1,57.01,155.3,57.02,192.3
1700000206.5,413,56.95,0.05999999999999517,56.92,424.7,56.98,44.0,1323.0,3463.8,56.98,67.0,BUY,3,56.92,424.7,56.91,101.6,56.9,342.7,56.89,102.1,56.88,351.9,56.98,44.0,56.99,63.5,57.0,672.5,57.01,965.5,57.02,1718.3
1700000207.0,414,56.955,0.04999999999999716,56.93,10.0,56.98,96.9,1497.2,3793.4,56.98,5.0,BUY,1,56.93,10.0,56.92,638.5,56.91,559.3,56.9,10.4,56.89,279.0,56.98,96.9,56.99,524.1,57.0,509.3,57.01,280.6,57.02,2382.5
1700000207.5,415,56.95,0.05999999999999517,56.92,591.3,56.98,244.9,1048.5,3814.1,56.98,81.4,BUY,2,56.92,591.3,56.91,129.9,56.9,258.3,56.89,59.0,56.88,10.0,56.98,244.9,56.99,552.6,57.0,414.4,57.01,2317.6,57.02,284.6
1700000208.0,416,56.95,0.05999999999999517,56.92,334.1,56.98,65.3,2018.8999999999999,1561.8000000000002,56.92,10.6,SELL,1,56.92,334.1,56.91,190.8,56.9,338.8,56.89,888.4,56.88,266.8,56.98,65.3,56.99,460.4,57.0,535.1,57.01,47.9,57.02,453.1
1700000208.5,417,56.94,0.060000000000002274,56.91,222.4,56.97,579.4,1620.0,3942.8,56.91,8.2,SELL,3,56.91,222.4,56.9,51.0,56.89,34.7,56.88,583.4,56.87,728.5,56.97,579.4,56.98,231.8,56.99,361.0,57.0,695.1,57.01,2075.5
1700000209.0,418,56.94,0.060000000000002274,56.91,316.2,56.97,624.6,3602.2000000000003,6276.5,56.94,0.0,BUY,0,56.91,316.2,56.9,476.2,56.89,1642.6,56.88,1127.9,56.87,39.3,56.97,624.6,56.98,484.4,56.99,3972.3,57.0,433.9,57.01,761.3
1700000209.5,419,56.94,0.060000000000002274,56.91,39.9,56.97,1058.3,4776.3,4580.3,56.97,18.0,BUY,1,56.91,39.9,56.9,999.8,56.89,508.1,56.88,1300.9,56.87,1927.6,56.97,1058.3,56.98,810.2,56.99,1000.3,57.0,354.2,57.01,1357.3
1700000210.0,420,56.94,0.060000000000002274,56.91,402.3,56.97,1080.8,3035.3,3298.7000000000007,56.94,0.0,BUY,0,56.91,402.3,56.9,81.0,56.89,802.4,56.88,502.1,56.87,1247.5,56.97,1080.8,56.98,974.5,56.99,501.3,57.0,338.3,57.01,403.8
1700000210.5,421,56.94,0.060000000000002274,56.91,439.8,56.97,149.8,2373.4,1159.7999999999997,56.91,13.1,SELL,4,56.91,439.8,56.9,118.6,56.89,843.6,56.88,616.8,56.87,354.6,56.97,149.8,56.98,844.8,56.99,10.0,57.0,28.6,57.01,126.6
1700000211.0,422,56.95,0.05999999999999517,56.92,521.1,56.98,396.3,2145.6,4460.099999999999,56.98,5.0,BUY,2,56.92,521.1,56.91,189.4,56.9,180.3,56.89,414.3,56.88,840.5,56.98,396.3,56.99,832.6,57.0,961.8,57.01,1924.6,57.02,344.8
1700000211.5,423,56.94,0.060000000000002274,56.91,246.5,56.97,92.8,1479.8,1189.1,56.97,13.1,BUY,1,56.91,246.5,56.9,444.0,56.89,16.2,56.88,439.4,56.87,333.7,56.97,92.8,56.98,63.4,56.99,77.0,57.0,168.9,57.01,787.0
1700000212.0,424,56.93,0.060000000000002274,56.9,67.7,56.96,38.3,2682.2999999999997,2853.2,56.96,12.6,BUY,2,56.9,67.7,56.89,356.1,56.88,1470.7,56.87,254.2,56.86,533.6,56.96,38.3,56.97,577.5,56.98,190.4,56.99,655.5,57.0,1391.5
1700000212.5,425,56.93,0.060000000000002274,56.9,19.7,56.96,1419.2,5129.0,2621.8,56.93,0.0,BUY,0,56.9,19.7,56.89,1931.3,56.88,1523.1,56.87,1487.6,56.86,167.3,56.96,1419.2,56.97,198.7,56.98,104.5,56.99,481.4,57.0,418.0
1700000213.0,426,56.92,0.060000000000002274,56.89,66.3,56.95,1024.2,1651.4,3136.2000000000003,56.92,0.0,BUY,0,56.89,66.3,56.88,1225.9,56.87,24.5,56.86,220.3,56.85,114.4,56.95,1024.2,56.96,38.1,56.97,812.0,56.98,831.6,56.99,430.3
1700000213.5,427,56.93,0.060000000000002274,56.9,1537.2,56.96,599.9,3776.8999999999996,3191.9000000000005,56.96,5.4,BUY,1,56.9,1537.2,56.89,712.8,56.88,160.6,56.87,1113.6,56.86,252.7,56.96,599.9,56.97,113.7,56.98,662.8,56.99,1397.7,57.0,417.8
1700000214.0,428,56.93,0.060000000000002274,56.9,962.4,56.96,831.8,4402.9,3284.9,56.96,46.5,BUY,1,56.9,962.4,56.89,373.1,56.88,669.6,56.87,38.8,56.86,2359.0,56.96,831.8,56.97,472.3,56.98,159.7,56.99,1443.3,57.0,377.8
1700000214.5,429,56.92,0.060000000000002274,56.89,130.2,56.95,168.0,1659.8999999999999,2318.1,56.89,18.9,SELL,1,56.89,130.2,56.88,459.7,56.87,355.6,56.86,125.1,56.85,589.3,56.95,168.0,56.96,852.8,56.97,99.3,56.98,1068.6,56.99,129.4
1700000215.0,430,56.925,0.05000000000000426,56.9,107.7,56.95,173.2,700.6,2815.6000000000004,56.925,0.0,BUY,0,56.9,107.7,56.89,147.6,56.88,51.9,56.87,222.9,56.86,170.5,56.95,173.2,56.96,283.8,56.97,897.9,56.98,391.9,56.99,1068.8
1700000215.5,431,56.925,0.05000000000000426,56.9,158.8,56.95,471.2,4595.4,4984.7,56.95,38.7,BUY,1,56.9,158.8,56.89,275.7,56.88,1394.1,56.87,1736.8,56.86,1030.0,56.95,471.2,56.96,262.4,56.97,2596.4,56.98,1086.7,56.99,568.0
1700000216.0,432,56.92,0.060000000000002274,56.89,298.9,56.95,83.4,2309.1,1693.5,56.95,8.2,BUY,4,56.89,298.9,56.88,407.0,56.87,858.3,56.86,704.5,56.85,40.4,56.95,83.4,56.96,189.3,56.97,1268.8,56.98,56.3,56.99,95.7
1700000216.5,433,56.91,0.05999999999999517,56.88,458.2,56.94,409.6,1640.7000000000003,3082.3999999999996,56.91,0.0,BUY,0,56.88,458.2,56.87,93.0,56.86,414.7,56.85,320.9,56.84,353.9,56.94,409.6,56.95,401.2,56.96,682.8,56.97,70.2,56.98,1518.6
1700000217.0,434,56.905,0.04999999999999716,56.88,171.5,56.93,412.1,2514.7,1700.8,56.88,12.1,SELL,2,56.88,171.5,56.87,287.8,56.86,55.8,56.85,1017.1,56.84,982.5,56.93,412.1,56.94,55.0,56.95,847.0,56.96,161.5,56.97,225.2
1700000217.5,435,56.91,0.05999999999999517,56.88,122.2,56.94,17.1,3352.4,2192.5,56.88,5.0,SELL,1,56.88,122.2,56.87,86.4,56.86,84.1,56.85,2574.1,56.84,485.6,56.94,17.1,56.95,350.9,56.96,1276.4,56.97,340.0,56.98,208.1
1700000218.0,436,56.91,0.05999999999999517,56.88,10.0,56.94,113.9,2300.4,2902.7999999999997,56.94,142.3,BUY,2,56.88,10.0,56.87,556.6,56.86,118.0,56.85,602.4,56.84,1013.4,56.94,113.9,56.95,505.8,56.96,788.2,56.97,1478.3,56.98,16.6
1700000218.5,437,56.91,0.05999999999999517,56.88,58.1,56.94,31.8,2070.3,2794.2,56.94,69.7,BUY,2,56.88,58.1,56.87,251.6,56.86,119.0,56.85,79.3,56.84,1562.3,56.94,31.8,56.95,34.1,56.96,380.5,56.97,248.7,56.98,2099.1
1700000219.0,438,56.91,0.05999999999999517,56.88,17.0,56.94,532.2,2462.2000000000003,3189.2,56.94,23.4,BUY,2,56.88,17.0,56.87,551.6,56.86,1011.3,56.85,634.9,56.84,247.4,56.94,532.2,56.95,844.2,56.96,1495.3,56.97,307.5,56.98,10.0
1700000219.5,439,56.9,0.060000000000002274,56.87,737.4,56.93,1204.0,2495.1000000000004,2087.0,56.87,14.9,SELL,1,56.87,737.4,56.86,44.4,56.85,687.7,56.84,658.8,56.83,366.8,56.93,1204.0,56.94,448.3,56.95,143.0,56.96,17.3,56.97,274.4
1700000220.0,440,56.9,0.060000000000002274,56.87,439.6,56.93,10.0,2829.4,2421.9,56.93,85.5,BUY,1,56.87,439.6,56.86,706.7,56.85,870.6,56.84,27.8,56.83,784.7,56.93,10.0,56.94,168.1,56.95,839.0,56.96,714.9,56.97,689.9
1700000220.5,441,56.9,0.060000000000002274,56.87,609.7,56.93,279.4,3925.6000000000004,1980.8999999999999,56.87,141.9,SELL,1,56.87,609.7,56.86,1168.7,56.85,1822.7,56.84,108.7,56.83,215.8,56.93,279.4,56.94,626.0,56.95,230.6,56.96,55.6,56.97,789.3
1700000221.0,442,56.89,0.060000000000002274,56.86,65.3,56.92,358.0,3380.5,2038.8,56.86,18.4,SELL,1,56.86,65.3,56.85,447.2,56.84,778.2,56.83,1186.7,56.82,903.1,56.92,358.0,56.93,178.1,56.94,628.8,56.95,619.6,56.96,254.3
1700000221.5,443,56.89,0.060000000000002274,56.86,236.8,56.92,321.2,1709.3,2173.3,56.92,42.1,BUY,1,56.86,236.8,56.85,233.5,56.84,352.7,56.83,204.6,56.82,681.7,56.92,321.2,56.93,309.9,56.94,49.8,56.95,639.2,56.96,853.2
1700000222.0,444,56.89,0.060000000000002274,56.86,681.3,56.92,215.0,2460.7,5011.2,56.92,52.0,BUY,3,56.86,681.3,56.85,282.4,56.84,228.7,56.83,782.1,56.82,486.2,56.92,215.0,56.93,1246.9,56.94,1268.3,56.95,1188.9,56.96,1092.1
1700000222.5,445,56.89,0.060000000000002274,56.86,314.1,56.92,813.0,2960.9,4449.3,56.86,228.5,SELL,3,56.86,314.1,56.85,432.8,56.84,516.7,56.83,208.5,56.82,1488.8,56.92,813.0,56.93,282.0,56.94,1873.1,56.95,1300.4,56.96,180.8
1700000223.0,446,56.89,0.060000000000002274,56.86,405.3,56.92,100.8,1529.8,2497.2,56.92,46.1,BUY,3,56.86,405.3,56.85,282.9,56.84,128.8,56.83,547.5,56.82,165.3,56.92,100.8,56.93,1483.0,56.94,656.4,56.95,91.5,56.96,165.5
1700000223.5,447,56.879999999999995,0.05999999999999517,56.85,131.1,56.91,86.9,2262.5,2264.8,56.91,112.7,BUY,4,56.85,131.1,56.84,12.4,56.83,664.6,56.82,518.6,56.81,935.8,56.91,86.9,56.92,279.3,56.93,649.1,56.94,292.8,56.95,956.7
1700000224.0,448,56.879999999999995,0.05999999999999517,56.85,563.5,56.91,464.3,1535.4,2468.6000000000004,56.91,14.6,BUY,1,56.85,563.5,56.84,164.9,56.83,271.6,56.82,46.3,56.81,489.1,56.91,464.3,56.92,775.9,56.93,17.9,56.94,703.5,56.95,507.0
1700000224.5,449,56.89,0.060000000000002274,56.86,763.1,56.92,553.4,2173.2999999999997,4430.3,56.92,38.0,BUY,2,56.86,763.1,56.85,143.5,56.84,142.5,56.83,535.6,56.82,588.6,56.92,553.4,56.93,132.7,56.94,1979.7,56.95,112.4,56.96,1652.1
1700000225.0,450,56.9,0.060000000000002274,56.87,22.3,56.93,208.7,4712.1,2844.8999999999996,56.9,0.0,BUY,0,56.87,22.3,56.86,419.3,56.85,407.6,56.84,941.9,56.83,2921.0,56.93,208.7,56.94,274.0,56.95,1005.5,56.96,882.5,56.97,474.2
1700000225.5,451,56.9,0.060000000000002274,56.87,363.0,56.93,427.6,2888.0,1869.9,56.87,16.4,SELL,3,56.87,363.0,56.86,584.0,56.85,276.3,56.84,883.5,56.83,781.2,56.93,427.6,56.94,128.7,56.95,225.0,56.96,543.7,56.97,544.9
1700000226.0,452,56.9,0.060000000000002274,56.87,69.8,56.93,56.0,2386.1,1867.2,56.93,25.7,BUY,1,56.87,69.8,56.86,647.8,56.85,100.0,56.84,538.7,56.83,1029.8,56.93,56.0,56.94,1321.2,56.95,81.8,56.96,134.2,56.97,274.0
1700000226.5,453,56.900000000000006,0.03999999999999915,56.88,69.2,56.92,143.0,2042.7,3955.7,56.92,44.4,BUY,1,56.88,69.2,56.87,297.8,56.86,339.5,56.85,1136.5,56.84,199.7,56.92,143.0,56.93,335.7,56.94,86.9,56.95,1725.5,56.96,1664.6
1700000227.0,454,56.9,0.060000000000002274,56.87,94.9,56.93,401.3,2414.8,2950.0,56.87,117.9,SELL,1,56.87,94.9,56.86,638.0,56.85,1454.8,56.84,132.3,56.83,94.8,56.93,401.3,56.94,777.4,56.95,1319.1,56.96,101.2,56.97,351.0
1700000227.5,455,56.9,0.060000000000002274,56.87,116.1,56.93,838.2,3006.0,2432.3,56.87,51.4,SELL,1,56.87,116.1,56.86,1843.6,56.85,176.8,56.84,79.8,56.83,789.7,56.93,838.2,56.94,382.2,56.95,731.3,56.96,256.6,56.97,224.0
1700000228.0,456,56.9,0.060000000000002274,56.87,98.7,56.93,211.8,614.9,1231.7,56.93,5.3,BUY,3,56.87,98.7,56.86,168.4,56.85,108.4,56.84,27.3,56.83,212.1,56.93,211.8,56.94,248.5,56.95,149.9,56.96,390.9,56.97,230.6
1700000228.5,457,56.9,0.060000000000002274,56.87,164.7,56.93,164.1,1421.6,2117.2,56.93,40.6,BUY,4,56.87,164.7,56.86,28.4,56.85,1051.8,56.84,81.3,56.83,95.4,56.93,164.1,56.94,312.2,56.95,76.2,56.96,1179.5,56.97,385.2
1700000229.0,458,56.900000000000006,0.03999999999999915,56.88,85.8,56.92,464.8,1655.0,3452.3,56.900000000000006,0.0,BUY,0,56.88,85.8,56.87,279.4,56.86,164.5,56.85,1002.5,56.84,122.8,56.92,464.8,56.93,260.2,56.94,1269.1,56.95,507.0,56.96,951.2
1700000229.5,459,56.900000000000006,0.03999999999999915,56.88,425.2,56.92,825.0,3246.6,8066.0,56.88,121.8,SELL,1,56.88,425.2,56.87,93.4,56.86,975.8,56.85,1703.8,56.84,48.4,56.92,825.0,56.93,93.5,56.94,846.3,56.95,2424.6,56.96,3876.6
1700000230.0,460,56.9,0.060000000000002274,56.87,107.3,56.93,94.4,2619.2,2424.6,56.9,0.0,BUY,0,56.87,107.3,56.86,1038.0,56.85,456.8,56.84,914.6,56.83,102.5,56.93,94.4,56.94,1857.3,56.95,128.8,56.96,106.5,56.97,237.6
1700000230.5,461,56.9,0.060000000000002274,56.87,46.9,56.93,74.4,878.9999999999999,2229.0,56.9,0.0,BUY,0,56.87,46.9,56.86,324.8,56.85,66.7,56.84,297.7,56.83,142.9,56.93,74.4,56.94,114.1,56.95,726.8,56.96,415.3,56.97,898.4
1700000231.0,462,55.8,0.05999999999999517,55.77,547.2,55.83,311.6,1802.6999999999998,1239.7,55.83,42.3,BUY,3,55.77,547.2,55.76,61.2,55.75,220.9,55.74,920.3,55.73,53.1,55.83,311.6,55.84,349.2,55.85,360.8,55.86,14.4,55.87,203.7
1700000231.5,463,55.8,0.05999999999999517,55.77,447.3,55.83,168.9,2990.6000000000004,3237.1,55.83,5.0,BUY,1,55.77,447.3,55.76,212.8,55.75,1479.7,55.74,671.9,55.73,178.9,55.83,168.9,55.84,485.3,55.85,79.3,55.86,1815.2,55.87,688.4
1700000232.0,464,55.8,0.05999999999999517,55.77,10.0,55.83,540.1,2434.8,3989.9999999999995,55.77,61.0,SELL,1,55.77,10.0,55.76,1352.7,55.75,434.9,55.74,626.4,55.73,10.8,55.83,540.1,55.84,1236.1,55.85,1002.1,55.86,268.6,55.87,943.1
1700000232.5,465,55.79,0.060000000000002274,55.76,267.8,55.82,456.2,2670.6,4087.5,55.79,0.0,BUY,0,55.76,267.8,55.75,393.0,55.74,443.4,55.73,1324.6,55.72,241.8,55.82,456.2,55.83,317.0,55.84,620.6,55.85,436.7,55.86,2257.0
1700000233.0,466,55.79,0.060000000000002274,55.76,546.6,55.82,364.7,1865.4,4633.5,55.82,56.9,BUY,3,55.76,546.6,55.75,319.1,55.74,618.3,55.73,244.0,55.72,137.4,55.82,364.7,55.83,536.7,55.84,714.5,55.85,2865.1,55.86,152.5
1700000233.5,467,55.79,0.060000000000002274,55.76,823.6,55.82,10.0,3345.4000000000005,3689.1000000000004,55.76,13.3,SELL,3,55.76,823.6,55.75,54.5,55.74,385.6,55.73,2002.4,55.72,79.3,55.82,10.0,55.83,1319.7,55.84,232.2,55.85,1137.5,55.86,989.7
1700000234.0,468,55.78,0.060000000000002274,55.75,1066.2,55.81,276.0,3923.1000000000004,3921.7000000000003,55.75,15.9,SELL,1,55.75,1066.2,55.74,116.5,55.73,694.8,55.72,718.9,55.71,1326.7,55.81,276.0,55.82,412.1,55.83,2038.2,55.84,648.5,55.85,546.9
1700000234.5,469,55.78,0.060000000000002274,55.75,452.0,55.81,682.2,2049.2,1144.7,55.75,31.7,SELL,1,55.75,452.0,55.74,625.8,55.73,406.2,55.72,102.3,55.71,462.9,55.81,682.2,55.82,169.5,55.83,59.0,55.84,107.7,55.85,126.3
1700000235.0,470,55.78,0.060000000000002274,55.75,923.1,55.81,283.2,3684.8,2924.8,55.75,13.2,SELL,1,55.75,923.1,55.74,10.0,55.73,975.5,55.72,14.2,55.71,1762.0,55.81,283.2,55.82,478.7,55.83,678.8,55.84,917.8,55.85,566.3
1700000235.5,471,55.78,0.060000000000002274,55.75,994.7,55.81,613.1,1870.3,4338.0,55.81,8.9,BUY,1,55.75,994.7,55.74,796.3,55.73,26.0,55.72,43.3,55.71,10.0,55.81,613.1,55.82,646.3,55.83,962.7,55.84,1675.2,55.85,440.7
1700000236.0,472,55.775,0.04999999999999716,55.75,214.9,55.8,130.1,1959.6,2506.1000000000004,55.8,62.5,BUY,1,55.75,214.9,55.74,123.3,55.73,12.3,55.72,346.5,55.71,1262.6,55.8,130.1,55.81,711.5,55.82,712.7,55.83,478.4,55.84,473.4
1700000236.5,473,55.76,0.060000000000002274,55.73,581.6,55.79,186.0,899.3,971.6000000000001,55.73,32.1,SELL,2,55.73,581.6,55.72,169.4,55.71,10.0,55.7,56.0,55.69,82.3,55.79,186.0,55.8,18.3,55.81,72.4,55.82,541.7,55.83,153.2
1700000237.0,474,55.76,0.060000000000002274,55.73,1096.3,55.79,539.8,1641.1999999999998,1618.1,55.73,19.0,SELL,3,55.73,1096.3,55.72,30.8,55.71,114.0,55.7,171.6,55.69,228.5,55.79,539.8,55.8,121.0,55.81,588.5,55.82,234.2,55.83,134.6
1700000237.5,475,55.76,0.060000000000002274,55.73,210.4,55.79,56.9,1068.9,2019.8,55.79,51.2,BUY,2,55.73,210.4,55.72,116.5,55.71,159.3,55.7,297.1,55.69,285.6,55.79,56.9,55.8,10.0,55.81,819.5,55.82,555.6,55.83,577.8
1700000238.0,476,55.76,0.060000000000002274,55.73,17.7,55.79,284.5,1060.1,2291.4,55.79,48.3,BUY,1,55.73,17.7,55.72,55.0,55.71,171.1,55.7,97.4,55.69,718.9,55.79,284.5,55.8,602.0,55.81,1004.0,55.82,122.9,55.83,278.0
1700000238.5,477,55.75,0.060000000000002274,55.72,162.1,55.78,222.8,1799.1000000000001,978.2,55.75,0.0,BUY,0,55.72,162.1,55.71,716.7,55.7,19.1,55.69,849.2,55.68,52.0,55.78,222.8,55.79,102.4,55.8,178.2,55.81,254.0,55.82,220.8
1700000239.0,478,55.75,0.060000000000002274,55.72,683.0,55.78,57.2,1154.7,2413.0,55.72,15.5,SELL,2,55.72,683.0,55.71,104.7,55.7,10.0,55.69,156.5,55.68,200.5,55.78,57.2,55.79,196.8,55.8,1313.0,55.81,641.4,55.82,204.6
1700000239.5,479,55.745000000000005,0.05000000000000426,55.72,373.0,55.77,344.5,5412.299999999999,1971.3000000000002,55.72,47.4,SELL,2,55.72,373.0,55.71,1858.6,55.7,1578.8,55.69,757.9,55.68,844.0,55.77,344.5,55.78,342.1,55.79,103.5,55.8,505.6,55.81,675.6
1700000240.0,480,55.74,0.060000000000002274,55.71,495.5,55.77,183.5,2825.8999999999996,4167.5,55.77,5.0,BUY,3,55.71,495.5,55.7,717.5,55.69,221.3,55.68,269.4,55.67,1122.2,55.77,183.5,55.78,675.4,55.79,77.5,55.8,234.6,55.81,2996.5
1700000240.5,481,55.74,0.060000000000002274,55.71,111.2,55.77,523.0,2250.7,3403.9,55.77,32.9,BUY,1,55.71,111.2,55.7,11.8,55.69,743.5,55.68,1145.1,55.67,239.1,55.77,523.0,55.78,742.4,55.79,145.5,55.8,33.5,55.81,1959.5
1700000241.0,482,55.74,0.060000000000002274,55.71,18.4,55.77,161.0,1570.8000000000002,4031.5,55.77,21.3,BUY,2,55.71,18.4,55.7,309.8,55.69,398.1,55.68,444.6,55.67,399.9,55.77,161.0,55.78,1566.8,55.79,549.3,55.8,90.1,55.81,1664.3
1700000241.5,483,55.730000000000004,0.05999999999999517,55.7,306.9,55.76,1521.1,1219.7,2736.6,55.76,91.3,BUY,2,55.7,306.9,55.69,67.0,55.68,178.4,55.67,597.0,55.66,70.4,55.76,1521.1,55.77,300.5,55.78,152.0,55.79,56.1,55.8,706.9
1700000242.0,484,55.74,0.060000000000002274,55.71,253.6,55.77,27.1,1899.1000000000001,2107.7,55.74,0.0,BUY,0,55.71,253.6,55.7,655.2,55.69,951.4,55.68,19.9,55.67,19.0,55.77,27.1,55.78,844.9,55.79,494.6,55.8,495.0,55.81,246.1
1700000242.5,485,55.74,0.060000000000002274,55.71,1295.0,55.77,384.3,2839.6000000000004,2110.7999999999997,55.77,19.2,BUY,1,55.71,1295.0,55.7,299.5,55.69,589.1,55.68,624.2,55.67,31.8,55.77,384.3,55.78,686.3,55.79,318.0,55.8,424.0,55.81,298.2
1700000243.0,486,55.74,0.060000000000002274,55.71,982.4,55.77,99.2,5180.199999999999,1628.0,55.71,16.0,SELL,4,55.71,982.4,55.7,824.0,55.69,1743.8,55.68,1537.6,55.67,92.4,55.77,99.2,55.78,196.3,55.79,555.8,55.8,496.0,55.81,280.7
1700000243.5,487,55.730000000000004,0.05999999999999517,55.7,276.0,55.76,149.7,1725.0,1737.1,55.76,131.5,BUY,4,55.7,276.0,55.69,118.3,55.68,564.5,55.67,582.5,55.66,183.7,55.76,149.7,55.77,637.7,55.78,285.6,55.79,646.3,55.8,17.8
1700000244.0,488,55.730000000000004,0.05999999999999517,55.7,92.1,55.76,175.4,1210.2,2709.1,55.7,18.7,SELL,2,55.7,92.1,55.69,16.5,55.68,165.9,55.67,442.6,55.66,493.1,55.76,175.4,55.77,30.5,55.78,645.9,55.79,1163.1,55.8,694.2
1700000244.5,489,55.74,0.060000000000002274,55.71,1489.5,55.77,719.4,6249.6,2325.6,55.71,52.5,SELL,1,55.71,1489.5,55.7,293.4,55.69,1443.2,55.68,1911.7,55.67,1111.8,55.77,719.4,55.78,401.7,55.79,337.1,55.8,507.5,55.81,359.9
1700000245.0,490,55.74,0.060000000000002274,55.71,525.1,55.77,122.4,2879.0,3205.5,55.74,0.0,BUY,0,55.71,525.1,55.7,124.9,55.69,278.2,55.68,39.8,55.67,1911.0,55.77,122.4,55.78,198.1,55.79,1324.9,55.8,623.0,55.81,937.1
1700000245.5,491,55.74,0.060000000000002274,55.71,10.0,55.77,920.2,1846.5000000000002,2198.7000000000003,55.77,8.8,BUY,3,55.71,10.0,55.7,305.0,55.69,794.4,55.68,471.4,55.67,265.7,55.77,920.2,55.78,601.1,55.79,374.8,55.8,109.2,55.81,193.4
1700000246.0,492,55.745000000000005,0.05000000000000426,55.72,208.8,55.77,419.6,3113.1,2650.0,55.77,13.2,BUY,3,55.72,208.8,55.71,1603.8,55.7,172.0,55.69,214.4,55.68,914.1,55.77,419.6,55.78,10.0,55.79,958.3,55.8,272.7,55.81,989.4
1700000246.5,493,55.75,0.060000000000002274,55.72,10.0,55.78,413.4,1346.3,2892.1000000000004,55.78,25.8,BUY,1,55.72,10.0,55.71,104.3,55.7,152.9,55.69,960.9,55.68,118.2,55.78,413.4,55.79,778.5,55.8,1168.9,55.81,10.0,55.82,521.3
1700000247.0,494,55.75,0.060000000000002274,55.72,52.4,55.78,10.0,520.6,4166.299999999999,55.78,22.9,BUY,1,55.72,52.4,55.71,200.0,55.7,188.0,55.69,59.3,55.68,20.9,55.78,10.0,55.79,878.4,55.8,369.2,55.81,2840.8,55.82,67.9
1700000247.5,495,55.75,0.060000000000002274,55.72,270.2,55.78,134.7,1373.7,1836.5,55.72,56.8,SELL,2,55.72,270.2,55.71,215.3,55.7,42.2,55.69,511.8,55.68,334.2,55.78,134.7,55.79,10.0,55.8,132.4,55.81,659.0,55.82,900.4
1700000248.0,496,55.74,0.060000000000002274,55.71,115.7,55.77,250.0,874.9000000000001,1306.9,55.77,12.7,BUY,1,55.71,115.7,55.7,18.7,55.69,198.8,55.68,459.7,55.67,82.0,55.77,250.0,55.78,277.3,55.79,60.2,55.8,626.9,55.81,92.5
1700000248.5,497,55.74,0.060000000000002274,55.71,219.1,55.77,51.6,4062.5999999999995,2909.6,55.74,0.0,BUY,0,55.71,219.1,55.7,1455.6,55.69,652.6,55.68,601.8,55.67,1133.5,55.77,51.6,55.78,579.5,55.79,694.3,55.8,1369.3,55.81,214.9
1700000249.0,498,55.74,0.060000000000002274,55.71,672.9,55.77,103.9,2145.2,1849.0,55.77,75.9,BUY,5,55.71,672.9,55.7,158.3,55.69,371.3,55.68,766.2,55.67,176.5,55.77,103.9,55.78,126.0,55.79,117.7,55.8,256.4,55.81,1245.0
1700000249.5,499,55.745000000000005,0.05000000000000426,55.72,61.4,55.77,1078.5,1161.2,3732.7000000000003,55.77,37.8,BUY,4,55.72,61.4,55.71,19.3,55.7,139.0,55.69,287.1,55.68,654.4,55.77,1078.5,55.78,805.4,55.79,1354.4,55.8,274.3,55.81,220.1
1700000250.0,500,55.74,0.060000000000002274,55.71,620.2,55.77,223.1,3014.8,4278.3,55.77,73.2,BUY,1,55.71,620.2,55.7,359.7,55.69,284.4,55.68,294.6,55.67,1455.9,55.77,223.1,55.78,395.0,55.79,177.7,55.8,1192.1,55.81,2290.4
1700000250.5,501,55.730000000000004,0.05999999999999517,55.7,208.4,55.76,188.1,3253.8999999999996,2977.4,55.76,179.5,BUY,3,55.7,208.4,55.69,83.3,55.68,1738.8,55.67,187.2,55.66,1036.2,55.76,188.1,55.77,815.9,55.78,567.7,55.79,854.8,55.8,550.9
1700000251.0,502,58.07,0.060000000000002274,58.04,378.7,58.1,302.0,2367.4,2780.8,58.1,6.2,BUY,1,58.04,378.7,58.03,589.5,58.02,486.7,58.01,568.1,58.0,344.4,58.1,302.0,58.11,68.8,58.12,363.9,58.13,1555.3,58.14,490.8
1700000251.5,503,58.07,0.04000000000000625,58.05,10.0,58.09,91.5,2940.8999999999996,2378.3,58.05,5.3,SELL,4,58.05,10.0,58.04,1044.3,58.03,1121.9,58.02,166.0,58.01,598.7,58.09,91.5,58.1,933.0,58.11,398.0,58.12,217.0,58.13,738.8
1700000252.0,504,58.06,0.060000000000002274,58.03,329.8,58.09,10.9,4123.0,1910.1,58.09,42.5,BUY,5,58.03,329.8,58.02,110.8,58.01,327.2,58.0,1510.2,57.99,1845.0,58.09,10.9,58.1,101.2,58.11,85.6,58.12,263.9,58.13,1448.5
1700000252.5,505,58.065,0.05000000000000426,58.04,301.3,58.09,390.5,915.9000000000001,2673.4000000000005,58.065,0.0,BUY,0,58.04,301.3,58.03,173.4,58.02,142.8,58.01,237.7,58.0,60.7,58.09,390.5,58.1,654.8,58.11,74.4,58.12,1529.4,58.13,24.3
1700000253.0,506,58.06,0.060000000000002274,58.03,461.5,58.09,97.9,1675.8,1992.1999999999998,58.06,0.0,BUY,0,58.03,461.5,58.02,78.9,58.01,104.2,58.0,770.0,57.99,261.2,58.09,97.9,58.1,10.0,58.11,603.1,58.12,99.4,58.13,1181.8
1700000253.5,507,58.065,0.05000000000000426,58.04,37.9,58.09,28.4,3849.1000000000004,3039.2,58.04,15.6,SELL,2,58.04,37.9,58.03,1156.9,58.02,727.7,58.01,359.1,58.0,1567.5,58.09,28.4,58.1,653.0,58.11,633.8,58.12,494.6,58.13,1229.4
1700000254.0,508,58.06,0.060000000000002274,58.03,43.4,58.09,1609.9,4612.7,6260.3,58.09,160.4,BUY,3,58.03,43.4,58.02,800.8,58.01,1844.9,58.0,1102.0,57.99,821.6,58.09,1609.9,58.1,97.6,58.11,102.3,58.12,3576.0,58.13,874.5
1700000254.5,509,58.05,0.05999999999999517,58.02,277.3,58.08,1158.0,2325.2,2600.7,58.02,6.1,SELL,4,58.02,277.3,58.01,551.7,58.0,705.5,57.99,362.0,57.98,428.7,58.08,1158.0,58.09,33.0,58.1,336.8,58.11,281.1,58.12,791.8
1700000255.0,510,58.05,0.05999999999999517,58.02,66.1,58.08,396.6,4082.2000000000003,2315.5,58.08,164.2,BUY,1,58.02,66.1,58.01,715.9,58.0,1093.4,57.99,1436.9,57.98,769.9,58.08,396.6,58.09,217.4,58.1,335.4,58.11,1356.1,58.12,10.0
1700000255.5,511,58.05,0.05999999999999517,58.02,346.5,58.08,77.9,2365.7,2162.0,58.08,30.3,BUY,2,58.02,346.5,58.01,923.6,58.0,21.4,57.99,1064.2,57.98,10.0,58.08,77.9,58.09,207.9,58.1,250.8,58.11,182.5,58.12,1442.9
1700000256.0,512,58.05,0.05999999999999517,58.02,42.1,58.08,73.0,983.8,3531.0,58.02,11.0,SELL,1,58.02,42.1,58.01,436.4,58.0,192.3,57.99,58.6,57.98,254.4,58.08,73.0,58.09,141.8,58.1,30.9,58.11,971.6,58.12,2313.7
1700000256.5,513,58.045,0.04999999999999716,58.02,260.7,58.07,154.1,1809.0,2916.2,58.02,23.2,SELL,2,58.02,260.7,58.01,83.6,58.0,179.2,57.99,631.9,57.98,653.6,58.07,154.1,58.08,373.1,58.09,64.3,58.1,1393.8,58.11,930.9
1700000257.0,514,58.045,0.04999999999999716,58.02,229.9,58.07,520.3,2176.6,4323.5,58.07,23.5,BUY,3,58.02,229.9,58.01,356.5,58.0,103.8,57.99,742.0,57.98,744.4,58.07,520.3,58.08,617.9,58.09,1274.4,58.1,1002.6,58.11,908.3
1700000257.5,515,58.04,0.060000000000002274,58.01,217.5,58.07,146.7,1149.8999999999999,594.5,58.07,22.8,BUY,2,58.01,217.5,58.0,300.4,57.99,474.4,57.98,63.8,57.97,93.8,58.07,146.7,58.08,193.4,58.09,21.6,58.1,168.9,58.11,63.9
1700000258.0,516,58.03,0.060000000000002274,58.0,10.0,58.06,211.2,765.0999999999999,3307.6000000000004,58.06,13.3,BUY,5,58.0,10.0,57.99,200.2,57.98,276.0,57.97,94.7,57.96,184.2,58.06,211.2,58.07,1399.2,58.08,253.9,58.09,240.5,58.1,1202.8
1700000258.5,517,58.03,0.060000000000002274,58.0,395.3,58.06,113.6,2091.0,4202.3,58.06,6.1,BUY,2,58.0,395.3,57.99,325.0,57.98,152.1,57.97,816.0,57.96,402.6,58.06,113.6,58.07,1965.0,58.08,1542.1,58.09,231.9,58.1,349.7
1700000259.0,518,58.03,0.060000000000002274,58.0,119.4,58.06,118.8,3225.2,1174.0,58.0,22.8,SELL,1,58.0,119.4,57.99,555.5,57.98,781.7,57.97,10.0,57.96,1758.6,58.06,118.8,58.07,409.6,58.08,112.8,58.09,229.2,58.1,303.6
1700000259.5,519,58.03,0.060000000000002274,58.0,858.5,58.06,201.6,2919.9,3018.3,58.03,0.0,BUY,0,58.0,858.5,57.99,623.0,57.98,992.3,57.97,10.0,57.96,436.1,58.06,201.6,58.07,893.7,58.08,837.7,58.09,633.4,58.1,451.9
1700000260.0,520,54.370000000000005,0.05999999999999517,54.34,271.8,54.4,108.6,1965.8,3994.5,54.4,9.0,BUY,4,54.34,271.8,54.33,505.4,54.32,463.3,54.31,252.5,54.3,472.8,54.4,108.6,54.41,1461.8,54.42,107.4,54.43,1006.9,54.44,1309.8
1700000260.5,521,54.370000000000005,0.05999999999999517,54.34,67.2,54.4,396.2,772.8000000000001,2219.9,54.34,17.4,SELL,3,54.34,67.2,54.33,89.3,54.32,38.3,54.31,362.6,54.3,215.4,54.4,396.2,54.41,429.0,54.42,300.0,54.43,405.8,54.44,688.9
1700000261.0,522,54.36,0.060000000000002274,54.33,70.2,54.39,896.1,1381.9,2818.4999999999995,54.39,37.1,BUY,5,54.33,70.2,54.32,331.9,54.31,59.5,54.3,513.1,54.29,407.2,54.39,896.1,54.4,1179.0,54.41,363.0,54.42,160.7,54.43,219.7
1700000261.5,523,54.36,0.060000000000002274,54.33,139.0,54.39,973.3,3053.9,3754.6,54.33,82.7,SELL,3,54.33,139.0,54.32,587.9,54.31,1267.0,54.3,437.0,54.29,623.0,54.39,973.3,54.4,251.2,54.41,220.8,54.42,805.3,54.43,1504.0
1700000262.0,524,54.36,0.060000000000002274,54.33,340.9,54.39,147.0,2406.8999999999996,2861.8,54.33,7.0,SELL,1,54.33,340.9,54.32,1012.8,54.31,175.5,54.3,141.7,54.29,736.0,54.39,147.0,54.4,11.2,54.41,1021.1,54.42,850.1,54.43,832.4
1700000262.5,525,54.35,0.060000000000002274,54.32,441.0,54.38,1714.8,1762.0,5365.299999999999,54.38,70.1,BUY,4,54.32,441.0,54.31,138.0,54.3,884.2,54.29,84.6,54.28,214.2,54.38,1714.8,54.39,1268.4,54.4,557.9,54.41,1216.8,54.42,607.4
1700000263.0,526,54.35,0.060000000000002274,54.32,430.9,54.38,1565.9,1617.6,3804.8999999999996,54.38,25.8,BUY,6,54.32,430.9,54.31,253.3,54.3,10.0,54.29,869.8,54.28,53.6,54.38,1565.9,54.39,602.5,54.4,374.1,54.41,513.2,54.42,749.2
1700000263.5,527,54.35,0.060000000000002274,54.32,48.1,54.38,449.9,3318.0,3742.9999999999995,54.32,183.9,SELL,1,54.32,48.1,54.31,232.8,54.3,2066.1,54.29,48.5,54.28,922.5,54.38,449.9,54.39,781.8,54.4,2017.0,54.41,300.7,54.42,193.6
1700000264.0,528,54.35,0.060000000000002274,54.32,52.5,54.38,511.2,1577.7,2443.7000000000003,54.38,16.8,BUY,4,54.32,52.5,54.31,28.9,54.3,686.6,54.29,705.0,54.28,104.7,54.38,511.2,54.39,130.7,54.4,853.5,54.41,459.0,54.42,489.3
1700000264.5,529,54.355000000000004,0.05000000000000426,54.33,879.8,54.38,46.2,2814.5,2105.6,54.33,5.0,SELL,3,54.33,879.8,54.32,86.4,54.31,973.6,54.3,480.0,54.29,394.7,54.38,46.2,54.39,218.2,54.4,909.6,54.41,439.0,54.42,492.6
1700000265.0,530,54.355000000000004,0.05000000000000426,54.33,195.0,54.38,16.3,508.50000000000006,3739.8999999999996,54.38,27.9,BUY,1,54.33,195.0,54.32,103.1,54.31,10.0,54.3,82.6,54.29,117.8,54.38,16.3,54.39,746.4,54.4,1623.5,54.41,489.0,54.42,864.7
1700000265.5,531,54.35,0.060000000000002274,54.32,628.6,54.38,505.4,1710.1000000000004,2310.8999999999996,54.35,0.0,BUY,0,54.32,628.6,54.31,193.6,54.3,439.6,54.29,13.2,54.28,435.1,54.38,505.4,54.39,324.6,54.4,328.3,54.41,17.6,54.42,1135.0
1700000266.0,532,54.34,0.05999999999999517,54.31,392.4,54.37,207.6,2317.5999999999995,4163.5,54.37,13.3,BUY,1,54.31,392.4,54.3,985.3,54.29,676.1,54.28,194.2,54.27,69.6,54.37,207.6,54.38,1080.8,54.39,995.6,54.4,1446.5,54.41,433.0
1700000266.5,533,54.34,0.05999999999999517,54.31,523.9,54.37,553.7,2725.8,3877.7,54.34,0.0,BUY,0,54.31,523.9,54.3,102.6,54.29,802.4,54.28,351.3,54.27,945.6,54.37,553.7,54.38,48.9,54.39,357.4,54.4,1841.0,54.41,1076.7
1700000267.0,534,54.325,0.05000000000000426,54.3,160.7,54.35,24.8,1679.6000000000001,3945.3999999999996,54.3,8.8,SELL,2,54.3,160.7,54.29,240.4,54.28,281.5,54.27,908.2,54.26,88.8,54.35,24.8,54.36,1079.7,54.37,629.7,54.38,628.5,54.39,1582.7
1700000267.5,535,54.33,0.060000000000002274,54.3,367.4,54.36,908.0,1742.7,3491.1000000000004,54.36,8.5,BUY,4,54.3,367.4,54.29,461.1,54.28,54.2,54.27,93.1,54.26,766.9,54.36,908.0,54.37,441.0,54.38,379.6,54.39,1436.7,54.4,325.8
1700000268.0,536,54.34,0.05999999999999517,54.31,140.5,54.37,51.1,2988.6000000000004,2672.9,54.37,42.3,BUY,4,54.31,140.5,54.3,1153.5,54.29,895.8,54.28,146.8,54.27,652.0,54.37,51.1,54.38,544.9,54.39,855.9,54.4,587.8,54.41,633.2
1700000268.5,537,50.855000000000004,0.05000000000000426,50.83,61.2,50.88,122.5,1859.5,1466.6,50.88,24.9,BUY,2,50.83,61.2,50.82,127.1,50.81,444.7,50.8,383.1,50.79,843.4,50.88,122.5,50.89,135.3,50.9,138.5,50.91,1023.8,50.92,46.5
1700000269.0,538,50.82,0.04000000000000625,50.8,239.5,50.84,332.4,1635.3000000000002,5982.700000000001,50.84,32.9,BUY,1,50.8,239.5,50.79,148.2,50.78,169.0,50.77,163.2,50.76,915.4,50.84,332.4,50.85,921.5,50.86,1930.2,50.87,335.0,50.88,2463.6
1700000269.5,539,50.82,0.060000000000002274,50.79,126.5,50.85,992.9,782.8,2485.2000000000003,50.85,9.7,BUY,1,50.79,126.5,50.78,144.8,50.77,351.0,50.76,51.8,50.75,108.7,50.85,992.9,50.86,175.1,50.87,1079.3,50.88,227.0,50.89,10.9
1700000270.0,540,50.82,0.060000000000002274,50.79,411.9,50.85,341.8,1813.9,2512.1,50.79,40.4,SELL,1,50.79,411.9,50.78,619.1,50.77,175.2,50.76,458.8,50.75,148.9,50.85,341.8,50.86,10.0,50.87,123.6,50.88,218.4,50.89,1818.3
1700000270.5,541,50.82,0.04000000000000625,50.8,140.9,50.84,427.6,3185.6000000000004,2452.2999999999997,50.84,5.0,BUY,2,50.8,140.9,50.79,682.1,50.78,272.7,50.77,943.1,50.76,1146.8,50.84,427.6,50.85,1201.6,50.86,350.7,50.87,430.3,50.88,42.1
1700000271.0,542,50.82,0.060000000000002274,50.79,499.3,50.85,602.9,1657.1999999999998,3085.7999999999997,50.79,10.9,SELL,1,50.79,499.3,50.78,176.0,50.77,124.3,50.76,493.2,50.75,364.4,50.85,602.9,50.86,420.6,50.87,299.5,50.88,1197.7,50.89,565.1
1700000271.5,543,50.81,0.060000000000002274,50.78,34.0,50.84,125.8,2390.5,850.3,50.78,149.7,SELL,1,50.78,34.0,50.77,381.1,50.76,330.5,50.75,688.3,50.74,956.6,50.84,125.8,50.85,353.2,50.86,80.3,50.87,189.5,50.88,101.5
1700000272.0,544,50.795,0.04999999999999716,50.77,63.2,50.82,112.6,2799.5,958.3,50.77,5.0,SELL,2,50.77,63.2,50.76,686.4,50.75,217.8,50.74,93.8,50.73,1738.3,50.82,112.6,50.83,137.4,50.84,183.3,50.85,82.2,50.86,442.8
1700000272.5,545,50.8,0.05999999999999517,50.77,148.6,50.83,68.2,1217.4,2579.0,50.83,60.0,BUY,4,50.77,148.6,50.76,563.1,50.75,169.4,50.74,195.1,50.73,141.2,50.83,68.2,50.84,530.1,50.85,353.8,50.86,1607.4,50.87,19.5
1700000273.0,546,50.8,0.05999999999999517,50.77,449.2,50.83,10.0,1636.3000000000002,2236.8,50.83,135.3,BUY,1,50.77,449.2,50.76,223.4,50.75,323.3,50.74,421.4,50.73,219.0,50.83,10.0,50.84,389.8,50.85,279.9,50.86,827.9,50.87,729.2
1700000273.5,547,50.79,0.060000000000002274,50.76,224.4,50.82,1551.8,3616.3,4505.6,50.82,10.8,BUY,2,50.76,224.4,50.75,80.1,50.74,556.8,50.73,867.3,50.72,1887.7,50.82,1551.8,50.83,866.0,50.84,330.3,50.85,543.6,50.86,1213.9
1700000274.0,548,50.78,0.060000000000002274,50.75,15.6,50.81,354.7,1228.9,4408.9,50.75,81.8,SELL,3,50.75,15.6,50.74,419.7,50.73,29.1,50.72,567.1,50.71,197.4,50.81,354.7,50.82,1864.9,50.83,259.5,50.84,1154.4,50.85,775.4
1700000274.5,549,50.78,0.060000000000002274,50.75,269.8,50.81,91.2,4035.2,2000.4,50.75,5.0,SELL,5,50.75,269.8,50.74,86.8,50.73,69.4,50.72,738.5,50.71,2870.7,50.81,91.2,50.82,689.7,50.83,319.6,50.84,382.9,50.85,517.0
1700000275.0,550,50.78,0.060000000000002274,50.75,64.7,50.81,659.9,2030.4,4351.4,50.81,209.5,BUY,5,50.75,64.7,50.74,598.9,50.73,170.8,50.72,402.8,50.71,793.2,50.81,659.9,50.82,164.2,50.83,945.5,50.84,1780.5,50.85,801.3
1700000275.5,551,50.78,0.060000000000002274,50.75,69.2,50.81,299.5,2328.3,3131.2000000000003,50.81,117.6,BUY,1,50.75,69.2,50.74,585.0,50.73,650.1,50.72,526.8,50.71,497.2,50.81,299.5,50.82,216.5,50.83,1981.3,50.84,325.1,50.85,308.8
1700000276.0,552,50.79,0.060000000000002274,50.76,60.2,50.82,112.3,2896.5,1943.4,50.82,5.0,BUY,2,50.76,60.2,50.75,514.6,50.74,812.1,50.73,398.0,50.72,1111.6,50.82,112.3,50.83,268.3,50.84,596.8,50.85,530.5,50.86,435.5
1700000276.5,553,50.78,0.03999999999999915,50.76,90.1,50.8,571.8,2072.3,4622.6,50.8,52.9,BUY,4,50.76,90.1,50.75,611.9,50.74,45.8,50.73,825.2,50.72,499.3,50.8,571.8,50.81,994.0,50.82,2483.1,50.83,198.6,50.84,375.1
1700000277.0,554,50.769999999999996,0.05999999999999517,50.74,693.4,50.8,10.0,4186.6,815.1,50.769999999999996,0.0,BUY,0,50.74,693.4,50.73,2058.1,50.72,181.4,50.71,562.0,50.7,691.7,50.8,10.0,50.81,170.5,50.82,169.5,50.83,248.6,50.84,216.5
1700000277.5,555,50.76,0.060000000000002274,50.73,318.3,50.79,986.0,1641.7,3334.6000000000004,50.73,51.3,SELL,3,50.73,318.3,50.72,1038.3,50.71,26.4,50.7,128.3,50.69,130.4,50.79,986.0,50.8,436.0,50.81,892.9,50.82,426.5,50.83,593.2
1700000278.0,556,50.75,0.060000000000002274,50.72,132.1,50.78,15.2,1656.3000000000002,3209.7000000000003,50.78,16.9,BUY,1,50.72,132.1,50.71,813.7,50.7,278.0,50.69,101.2,50.68,331.3,50.78,15.2,50.79,103.2,50.8,116.5,50.81,18.5,50.82,2956.3
1700000278.5,557,45.32,0.04000000000000625,45.3,748.8,45.34,22.3,2202.0,2988.1,45.3,46.0,SELL,3,45.3,748.8,45.29,158.2,45.28,207.3,45.27,375.0,45.26,712.7,45.34,22.3,45.35,852.0,45.36,638.3,45.37,178.7,45.38,1296.8
1700000279.0,558,45.32,0.04000000000000625,45.3,464.2,45.34,250.9,2485.1,1873.6000000000001,45.3,25.8,SELL,3,45.3,464.2,45.29,211.9,45.28,491.8,45.27,459.1,45.26,858.1,45.34,250.9,45.35,445.0,45.36,871.5,45.37,295.7,45.38,10.5
1700000279.5,559,45.32,0.060000000000002274,45.29,25.8,45.35,265.1,3954.6,959.6,45.29,111.3,SELL,2,45.29,25.8,45.28,10.0,45.27,1831.9,45.26,1764.5,45.25,322.4,45.35,265.1,45.36,425.1,45.37,213.8,45.38,12.7,45.39,42.9
1700000280.0,560,45.32,0.060000000000002274,45.29,216.2,45.35,493.1,1506.9,2561.8,45.29,11.1,SELL,4,45.29,216.2,45.28,42.8,45.27,613.5,45.26,148.7,45.25,485.7,45.35,493.1,45.36,100.2,45.37,543.1,45.38,671.0,45.39,754.4
1700000280.5,561,45.32,0.060000000000002274,45.29,106.9,45.35,360.1,1842.8000000000002,4074.2,45.35,5.6,BUY,1,45.29,106.9,45.28,97.2,45.27,235.5,45.26,533.1,45.25,870.1,45.35,360.1,45.36,365.5,45.37,806.0,45.38,1061.3,45.39,1481.3
1700000281.0,562,45.32,0.060000000000002274,45.29,571.4,45.35,365.6,2181.2,3767.0,45.35,5.0,BUY,1,45.29,571.4,45.28,710.3,45.27,772.9,45.26,88.7,45.25,37.9,45.35,365.6,45.36,186.8,45.37,1705.9,45.38,720.1,45.39,788.6
1700000281.5,563,45.32,0.060000000000002274,45.29,10.0,45.35,166.6,1526.5,1130.7,45.29,151.4,SELL,1,45.29,10.0,45.28,510.3,45.27,309.8,45.26,282.2,45.25,414.2,45.35,166.6,45.36,239.9,45.37,51.8,45.38,653.6,45.39,18.8
1700000282.0,564,49.1,0.060000000000002274,49.07,186.3,49.13,110.5,3436.7999999999997,4658.0,49.07,12.2,SELL,2,49.07,186.3,49.06,10.0,49.05,1111.1,49.04,2058.5,49.03,70.9,49.13,110.5,49.14,1086.1,49.15,459.8,49.16,841.2,49.17,2160.4
1700000282.5,565,45.65,0.060000000000002274,45.62,298.8,45.68,746.0,774.9000000000001,2251.2000000000003,45.68,6.6,BUY,4,45.62,298.8,45.61,271.3,45.6,76.4,45.59,38.7,45.58,89.7,45.68,746.0,45.69,411.4,45.7,50.0,45.71,785.7,45.72,258.1
1700000283.0,566,45.64,0.060000000000002274,45.61,328.6,45.67,609.6,4077.8,2157.7,45.64,0.0,BUY,0,45.61,328.6,45.6,261.7,45.59,1054.9,45.58,334.2,45.57,2098.4,45.67,609.6,45.68,142.0,45.69,30.5,45.7,202.0,45.71,1173.6
1700000283.5,567,45.64,0.060000000000002274,45.61,95.5,45.67,222.7,3830.7000000000003,3065.6,45.64,0.0,BUY,0,45.61,95.5,45.6,674.9,45.59,135.1,45.58,2198.3,45.57,726.9,45.67,222.7,45.68,192.4,45.69,1026.9,45.7,370.8,45.71,1252.8
1700000284.0,568,45.64,0.060000000000002274,45.61,10.0,45.67,1001.7,2409.5,4351.799999999999,45.61,16.5,SELL,1,45.61,10.0,45.6,1434.3,45.59,269.0,45.58,231.1,45.57,465.1,45.67,1001.7,45.68,352.9,45.69,2105.7,45.7,111.2,45.71,780.3
1700000284.5,569,45.64,0.060000000000002274,45.61,668.8,45.67,2243.3,1889.0,3681.3,45.67,28.3,BUY,3,45.61,668.8,45.6,476.7,45.59,153.3,45.58,156.6,45.57,433.6,45.67,2243.3,45.68,479.7,45.69,625.8,45.7,10.0,45.71,322.5
1700000285.0,570,45.629999999999995,0.05999999999999517,45.6,133.4,45.66,40.0,3882.4,2475.2999999999997,45.66,40.8,BUY,4,45.6,133.4,45.59,1122.1,45.58,138.3,45.57,2185.7,45.56,302.9,45.66,40.0,45.67,74.8,45.68,1418.8,45.69,280.8,45.7,660.9
1700000285.5,571,45.629999999999995,0.05999999999999517,45.6,62.8,45.66,742.7,1578.4,2509.1000000000004,45.6,5.0,SELL,4,45.6,62.8,45.59,81.3,45.58,626.6,45.57,164.6,45.56,643.1,45.66,742.7,45.67,681.2,45.68,33.2,45.69,1042.0,45.7,10.0
1700000286.0,572,45.629999999999995,0.05999999999999517,45.6,642.4,45.66,10.3,1883.5,3069.9,45.66,18.2,BUY,3,45.6,642.4,45.59,341.7,45.58,40.8,45.57,220.5,45.56,638.1,45.66,10.3,45.67,550.2,45.68,204.8,45.69,359.6,45.7,1945.0
1700000286.5,573,45.620000000000005,0.05999999999999517,45.59,723.9,45.65,269.8,4289.4,1456.6,45.65,7.4,BUY,3,45.59,723.9,45.58,169.6,45.57,765.4,45.56,2366.6,45.55,263.9,45.65,269.8,45.66,204.1,45.67,231.0,45.68,549.2,45.69,202.5
1700000287.0,574,45.620000000000005,0.05999999999999517,45.59,49.9,45.65,481.6,2062.5,4967.8,45.65,23.3,BUY,2,45.59,49.9,45.58,661.9,45.57,118.1,45.56,830.8,45.55,401.8,45.65,481.6,45.66,368.1,45.67,205.7,45.68,3839.4,45.69,73.0
1700000287.5,575,45.620000000000005,0.05999999999999517,45.59,757.1,45.65,228.3,1655.4,1626.0000000000002,45.65,26.9,BUY,1,45.59,757.1,45.58,137.8,45.57,29.8,45.56,513.1,45.55,217.6,45.65,228.3,45.66,826.6,45.67,266.5,45.68,67.2,45.69,237.4
1700000288.0,576,45.615,0.04999999999999716,45.59,845.3,45.64,130.8,2892.6,2679.9,45.64,26.6,BUY,1,45.59,845.3,45.58,170.3,45.57,582.7,45.56,1147.3,45.55,147.0,45.64,130.8,45.65,654.4,45.66,762.5,45.67,162.5,45.68,969.7
1700000288.5,577,45.620000000000005,0.05999999999999517,45.59,675.5,45.65,49.2,1469.0,1662.4,45.65,11.3,BUY,3,45.59,675.5,45.58,428.6,45.57,230.6,45.56,101.4,45.55,32.9,45.65,49.2,45.66,731.4,45.67,10.0,45.68,330.1,45.69,541.7
1700000289.0,578,45.61,0.060000000000002274,45.58,381.3,45.64,439.2,3455.0000000000005,1714.7,45.64,9.8,BUY,4,45.58,381.3,45.57,687.9,45.56,1689.9,45.55,543.6,45.54,152.3,45.64,439.2,45.65,69.5,45.66,467.5,45.67,178.2,45.68,560.3
1700000289.5,579,45.620000000000005,0.05999999999999517,45.59,376.0,45.65,871.7,2821.8,1730.3000000000002,45.59,10.1,SELL,2,45.59,376.0,45.58,219.2,45.57,357.7,45.56,37.2,45.55,1831.7,45.65,871.7,45.66,10.0,45.67,278.6,45.68,116.7,45.69,453.3
1700000290.0,580,45.620000000000005,0.05999999999999517,45.59,249.5,45.65,964.1,2510.5000000000005,4055.0,45.65,11.8,BUY,2,45.59,249.5,45.58,675.9,45.57,1292.0,45.56,214.8,45.55,78.3,45.65,964.1,45.66,236.8,45.67,450.1,45.68,752.8,45.69,1651.2
1700000290.5,581,45.61,0.060000000000002274,45.58,24.6,45.64,359.2,1266.8000000000002,6940.099999999999,45.64,24.4,BUY,2,45.58,24.6,45.57,104.8,45.56,907.0,45.55,97.9,45.54,132.5,45.64,359.2,45.65,19.2,45.66,831.2,45.67,5034.2,45.68,696.3
1700000291.0,582,45.61,0.060000000000002274,45.58,10.0,45.64,500.2,2624.8,2566.1,45.58,5.0,SELL,1,45.58,10.0,45.57,67.8,45.56,424.2,45.55,1506.0,45.54,616.8,45.64,500.2,45.65,571.9,45.66,102.7,45.67,658.8,45.68,732.5
1700000291.5,583,45.61,0.060000000000002274,45.58,467.7,45.64,824.4,3076.6,3303.7999999999997,45.58,8.1,SELL,2,45.58,467.7,45.57,442.4,45.56,385.2,45.55,82.8,45.54,1698.5,45.64,824.4,45.65,747.8,45.66,120.8,45.67,751.2,45.68,859.6
1700000292.0,584,47.53,0.060000000000002274,47.5,964.4,47.56,245.1,3473.4999999999995,3197.2,47.56,47.0,BUY,2,47.5,964.4,47.49,216.4,47.48,697.3,47.47,1090.8,47.46,504.6,47.56,245.1,47.57,563.1,47.58,549.6,47.59,658.1,47.6,1181.3
1700000292.5,585,47.525,0.04999999999999716,47.5,183.8,47.55,36.9,893.7,1496.5,47.55,22.1,BUY,6,47.5,183.8,47.49,49.7,47.48,408.1,47.47,144.6,47.46,107.5,47.55,36.9,47.56,632.2,47.57,83.3,47.58,178.0,47.59,566.1
1700000293.0,586,47.519999999999996,0.05999999999999517,47.49,273.9,47.55,273.2,1335.8,3391.7000000000003,47.55,15.5,BUY,3,47.49,273.9,47.48,165.6,47.47,341.6,47.46,440.7,47.45,114.0,47.55,273.2,47.56,201.1,47.57,988.8,47.58,1120.7,47.59,807.9
1700000293.5,587,47.525,0.04999999999999716,47.5,717.6,47.55,114.3,2210.5,2589.7000000000003,47.55,10.6,BUY,2,47.5,717.6,47.49,86.1,47.48,815.7,47.47,53.3,47.46,537.8,47.55,114.3,47.56,1006.8,47.57,942.7,47.58,82.8,47.59,443.1
1700000294.0,588,47.519999999999996,0.05999999999999517,47.49,14.7,47.55,373.3,1308.1,2073.4,47.55,124.7,BUY,6,47.49,14.7,47.48,10.0,47.47,840.4,47.46,88.4,47.45,354.6,47.55,373.3,47.56,1418.9,47.57,40.8,47.58,15.3,47.59,225.1
1700000294.5,589,47.519999999999996,0.05999999999999517,47.49,127.6,47.55,521.7,2503.8,2926.1000000000004,47.55,5.0,BUY,1,47.49,127.6,47.48,307.1,47.47,126.9,47.46,146.9,47.45,1795.3,47.55,521.7,47.56,10.0,47.57,1389.7,47.58,617.4,47.59,387.3
1700000295.0,590,47.519999999999996,0.05999999999999517,47.49,74.9,47.55,105.6,1451.8,1390.3,47.55,11.6,BUY,1,47.49,74.9,47.48,265.9,47.47,849.8,47.46,10.0,47.45,251.2,47.55,105.6,47.56,324.4,47.57,198.0,47.58,28.5,47.59,733.8
1700000295.5,591,47.51,0.060000000000002274,47.48,523.8,47.54,427.5,2566.0999999999995,1606.1,47.48,40.0,SELL,3,47.48,523.8,47.47,720.4,47.46,872.5,47.45,161.2,47.44,288.2,47.54,427.5,47.55,28.2,47.56,287.5,47.57,762.9,47.58,100.0
1700000296.0,592,47.51,0.060000000000002274,47.48,767.4,47.54,181.9,6482.3,2671.7,47.54,135.9,BUY,1,47.48,767.4,47.47,268.5,47.46,151.7,47.45,5127.5,47.44,167.2,47.54,181.9,47.55,124.1,47.56,379.6,47.57,501.0,47.58,1485.1
1700000296.5,593,47.5,0.060000000000002274,47.47,103.1,47.53,340.9,2959.8999999999996,1569.2,47.5,0.0,BUY,0,47.47,103.1,47.46,173.5,47.45,377.2,47.44,597.4,47.43,1708.7,47.53,340.9,47.54,718.9,47.55,153.2,47.56,119.2,47.57,237.0
1700000297.0,594,47.5,0.060000000000002274,47.47,507.4,47.53,651.8,4329.2,2104.7,47.53,54.1,BUY,2,47.47,507.4,47.46,1659.3,47.45,828.0,47.44,71.8,47.43,1262.7,47.53,651.8,47.54,172.1,47.55,224.9,47.56,171.5,47.57,884.4
1700000297.5,595,47.5,0.04000000000000625,47.48,274.7,47.52,812.9,2734.3999999999996,2684.2,47.48,63.4,SELL,2,47.48,274.7,47.47,482.0,47.46,1527.0,47.45,307.5,47.44,143.2,47.52,812.9,47.53,551.8,47.54,385.2,47.55,169.9,47.56,764.4
1700000298.0,596,47.51,0.060000000000002274,47.48,112.1,47.54,207.7,1929.2,3615.4,47.48,19.8,SELL,2,47.48,112.1,47.47,164.8,47.46,120.1,47.45,749.7,47.44,782.5,47.54,207.7,47.55,149.3,47.56,404.1,47.57,911.3,47.58,1943.0
1700000298.5,597,47.5,0.060000000000002274,47.47,15.4,47.53,252.1,2050.1,3610.4,47.47,5.0,SELL,2,47.47,15.4,47.46,10.0,47.45,743.1,47.44,526.1,47.43,755.5,47.53,252.1,47.54,70.6,47.55,65.9,47.56,89.3,47.57,3132.5
1700000299.0,598,47.49,0.060000000000002274,47.46,197.5,47.52,101.5,3346.2,2938.3,47.46,66.3,SELL,1,47.46,197.5,47.45,167.6,47.44,2124.2,47.43,24.7,47.42,832.2,47.52,101.5,47.53,1479.2,47.54,123.3,47.55,369.1,47.56,865.2
1700000299.5,599,47.495000000000005,0.05000000000000426,47.47,369.5,47.52,142.7,3105.2999999999997,3807.5,47.52,64.4,BUY,1,47.47,369.5,47.46,1140.6,47.45,508.4,47.44,814.7,47.43,272.1,47.52,142.7,47.53,82.4,47.54,2202.2,47.55,1202.4,47.56,177.8
1700000300.0,600,47.475,0.04999999999999716,47.45,112.4,47.5,55.0,2010.5,2333.8999999999996,47.45,10.0,SELL,1,47.45,112.4,47.44,60.3,47.43,189.9,47.42,548.7,47.41,1099.2,47.5,55.0,47.51,684.3,47.52,519.4,47.53,361.1,47.54,714.1
1700000300.5,601,47.475,0.04999999999999716,47.45,248.9,47.5,359.9,2591.3,3460.1,47.5,36.4,BUY,1,47.45,248.9,47.44,568.4,47.43,342.2,47.42,140.9,47.41,1290.9,47.5,359.9,47.51,24.6,47.52,2715.2,47.53,178.6,47.54,181.8
1700000301.0,602,47.480000000000004,0.05999999999999517,47.45,82.0,47.51,33.2,5414.299999999999,1879.9,47.51,13.3,BUY,1,47.45,82.0,47.44,48.9,47.43,2391.6,47.42,477.2,47.41,2414.6,47.51,33.2,47.52,593.8,47.53,113.5,47.54,800.3,47.55,339.1
1700000301.5,603,47.480000000000004,0.05999999999999517,47.45,489.7,47.51,277.5,3917.3,2265.5,47.45,9.0,SELL,2,47.45,489.7,47.44,645.1,47.43,1744.9,47.42,599.3,47.41,438.3,47.51,277.5,47.52,194.8,47.53,641.2,47.54,468.5,47.55,683.5
1700000302.0,604,47.480000000000004,0.05999999999999517,47.45,222.3,47.51,1243.3,1230.0,4505.7,47.480000000000004,0.0,BUY,0,47.45,222.3,47.44,23.6,47.43,384.5,47.42,218.7,47.41,380.9,47.51,1243.3,47.52,737.2,47.53,376.3,47.54,1155.0,47.55,993.9
1700000302.5,605,47.480000000000004,0.05999999999999517,47.45,285.9,47.51,202.7,2323.8,1539.8,47.51,67.8,BUY,1,47.45,285.9,47.44,166.6,47.43,205.4,47.42,761.0,47.41,904.9,47.51,202.7,47.52,346.8,47.53,297.0,47.54,672.2,47.55,21.1
1700000303.0,606,47.480000000000004,0.05999999999999517,47.45,480.8,47.51,1055.8,1509.6,3334.5,47.51,40.6,BUY,2,47.45,480.8,47.44,574.4,47.43,374.4,47.42,45.6,47.41,34.4,47.51,1055.8,47.52,152.0,47.53,496.5,47.54,1605.9,47.55,24.3
1700000303.5,607,47.480000000000004,0.05999999999999517,47.45,126.8,47.51,274.1,1562.1999999999998,1822.1000000000001,47.51,8.0,BUY,3,47.45,126.8,47.44,349.0,47.43,152.9,47.42,748.4,47.41,185.1,47.51,274.1,47.52,410.8,47.53,18.2,47.54,729.7,47.55,389.3
1700000304.0,608,47.480000000000004,0.05999999999999517,47.45,43.7,47.51,514.0,1565.1,2421.8,47.51,31.8,BUY,1,47.45,43.7,47.44,92.7,47.43,602.8,47.42,167.9,47.41,658.0,47.51,514.0,47.52,156.7,47.53,173.2,47.54,634.7,47.55,943.2
1700000304.5,609,47.475,0.04999999999999716,47.45,924.2,47.5,924.8,2181.6,6060.2,47.45,31.2,SELL,2,47.45,924.2,47.44,643.4,47.43,82.2,47.42,192.6,47.41,339.2,47.5,924.8,47.51,217.7,47.52,446.1,47.53,4184.3,47.54,287.3
1700000305.0,610,47.480000000000004,0.05999999999999517,47.45,962.6,47.51,612.0,2905.4,1996.1999999999998,47.51,6.6,BUY,3,47.45,962.6,47.44,69.8,47.43,1256.0,47.42,306.7,47.41,310.3,47.51,612.0,47.52,52.5,47.53,725.1,47.54,355.3,47.55,251.3
1700000305.5,611,47.480000000000004,0.05999999999999517,47.45,287.2,47.51,406.7,2045.1999999999998,2728.7,47.45,11.0,SELL,2,47.45,287.2,47.44,30.4,47.43,540.2,47.42,1153.8,47.41,33.6,47.51,406.7,47.52,75.2,47.53,1722.3,47.54,91.5,47.55,433.0
1700000306.0,612,47.480000000000004,0.05999999999999517,47.45,162.1,47.51,907.2,1365.2,4415.4,47.45,118.6,SELL,3,47.45,162.1,47.44,326.4,47.43,39.0,47.42,732.5,47.41,105.2,47.51,907.2,47.52,97.0,47.53,520.1,47.54,1474.7,47.55,1416.4
1700000306.5,613,47.480000000000004,0.05999999999999517,47.45,1371.4,47.51,98.0,4584.5,4221.6,47.45,59.9,SELL,1,47.45,1371.4,47.44,36.1,47.43,882.5,47.42,998.8,47.41,1295.7,47.51,98.0,47.52,805.7,47.53,279.0,47.54,1357.9,47.55,1681.0
1700000307.0,614,47.480000000000004,0.05999999999999517,47.45,52.5,47.51,554.4,3835.2,3502.2999999999997,47.51,20.7,BUY,2,47.45,52.5,47.44,866.2,47.43,1635.3,47.42,1135.2,47.41,146.0,47.51,554.4,47.52,448.5,47.53,107.1,47.54,1618.2,47.55,774.1
1700000307.5,615,47.49,0.060000000000002274,47.46,802.0,47.52,699.4,4379.599999999999,2919.2,47.52,46.9,BUY,4,47.46,802.0,47.45,244.1,47.44,252.1,47.43,420.2,47.42,2661.2,47.52,699.4,47.53,421.6,47.54,873.5,47.55,224.5,47.56,700.2
1700000308.0,616,47.49,0.060000000000002274,47.46,71.3,47.52,479.9,1747.9,4124.5,47.52,107.2,BUY,1,47.46,71.3,47.45,108.6,47.44,634.3,47.43,10.0,47.42,923.7,47.52,479.9,47.53,686.5,47.54,860.1,47.55,509.4,47.56,1588.6
1700000308.5,617,47.475,0.04999999999999716,47.45,11.2,47.5,93.2,1122.2,3982.1000000000004,47.5,46.5,BUY,2,47.45,11.2,47.44,271.5,47.43,464.7,47.42,10.0,47.41,364.8,47.5,93.2,47.51,611.6,47.52,702.5,47.53,1563.6,47.54,1011.2
1700000309.0,618,47.480000000000004,0.05999999999999517,47.45,1243.7,47.51,301.5,3841.9,1786.1999999999998,47.51,27.6,BUY,3,47.45,1243.7,47.44,411.0,47.43,631.8,47.42,828.3,47.41,727.1,47.51,301.5,47.52,10.7,47.53,535.5,47.54,347.9,47.55,590.6
1700000309.5,619,47.475,0.04999999999999716,47.45,173.0,47.5,340.7,3039.6,4897.2,47.5,43.5,BUY,4,47.45,173.0,47.44,193.6,47.43,224.8,47.42,775.1,47.41,1673.1,47.5,340.7,47.51,309.6,47.52,518.7,47.53,2717.2,47.54,1011.0
1700000310.0,620,45.76,0.060000000000002274,45.73,253.8,45.79,553.7,1142.9,2315.5,45.73,43.0,SELL,2,45.73,253.8,45.72,228.4,45.71,252.9,45.7,77.3,45.69,330.5,45.79,553.7,45.8,686.2,45.81,143.6,45.82,915.1,45.83,16.9
1700000310.5,621,45.76,0.060000000000002274,45.73,103.1,45.79,114.0,594.4,679.8,45.79,14.8,BUY,3,45.73,103.1,45.72,230.7,45.71,32.3,45.7,46.2,45.69,182.1,45.79,114.0,45.8,21.3,45.81,57.9,45.82,466.2,45.83,20.4
1700000311.0,622,45.75,0.060000000000002274,45.72,15.8,45.78,43.0,2742.7,3014.8,45.72,36.3,SELL,1,45.72,15.8,45.71,230.6,45.7,2435.2,45.69,51.1,45.68,10.0,45.78,43.0,45.79,719.9,45.8,334.6,45.81,413.0,45.82,1504.3
1700000311.5,623,45.75,0.04000000000000625,45.73,725.1,45.77,458.9,3668.7,1425.3,45.73,34.8,SELL,2,45.73,725.1,45.72,820.4,45.71,404.9,45.7,347.5,45.69,1370.8,45.77,458.9,45.78,386.5,45.79,122.6,45.8,268.7,45.81,188.6
1700000312.0,624,45.75,0.060000000000002274,45.72,140.0,45.78,90.3,903.3000000000001,1175.2,45.78,51.2,BUY,2,45.72,140.0,45.71,37.0,45.7,62.4,45.69,295.8,45.68,368.1,45.78,90.3,45.79,50.8,45.8,10.0,45.81,29.1,45.82,995.0
1700000312.5,625,45.75,0.060000000000002274,45.72,419.9,45.78,375.0,4405.2,3057.2,45.78,137.3,BUY,2,45.72,419.9,45.71,469.9,45.7,1147.2,45.69,1450.9,45.68,917.3,45.78,375.0,45.79,138.4,45.8,284.8,45.81,2248.5,45.82,10.5
1700000313.0,626,45.75,0.060000000000002274,45.72,504.9,45.78,453.0,4081.7,2030.2999999999997,45.78,17.4,BUY,1,45.72,504.9,45.71,850.9,45.7,1658.9,45.69,741.1,45.68,325.9,45.78,453.0,45.79,144.3,45.8,125.9,45.81,183.5,45.82,1123.6
1700000313.5,627,45.75,0.060000000000002274,45.72,1166.3,45.78,141.8,2750.6,4703.799999999999,45.72,5.0,SELL,3,45.72,1166.3,45.71,11.6,45.7,406.1,45.69,441.6,45.68,725.0,45.78,141.8,45.79,1004.3,45.8,3024.7,45.81,179.9,45.82,353.1
1700000314.0,628,45.74,0.060000000000002274,45.71,191.1,45.77,1039.5,1978.2999999999997,3529.1,45.71,26.4,SELL,1,45.71,191.1,45.7,863.3,45.69,474.3,45.68,207.3,45.67,242.3,45.77,1039.5,45.78,434.4,45.79,1927.8,45.8,26.3,45.81,101.1
1700000314.5,629,45.74,0.060000000000002274,45.71,1483.3,45.77,505.9,3233.3999999999996,2905.9999999999995,45.74,0.0,BUY,0,45.71,1483.3,45.7,1293.1,45.69,288.4,45.68,90.9,45.67,77.7,45.77,505.9,45.78,494.4,45.79,568.9,45.8,666.2,45.81,670.6
1700000315.0,630,45.75,0.060000000000002274,45.72,194.6,45.78,198.0,4714.4,4686.099999999999,45.75,0.0,BUY,0,45.72,194.6,45.71,629.9,45.7,1751.6,45.69,736.6,45.68,1401.7,45.78,198.0,45.79,484.9,45.8,104.4,45.81,1567.6,45.82,2331.2
1700000315.5,631,46.07,0.060000000000002274,46.04,211.8,46.1,127.9,3062.8999999999996,752.2,46.1,35.8,BUY,2,46.04,211.8,46.03,45.6,46.02,243.5,46.01,1913.2,46.0,648.8,46.1,127.9,46.11,28.1,46.12,59.7,46.13,151.3,46.14,385.2
1700000316.0,632,46.07,0.060000000000002274,46.04,152.1,46.1,341.9,1320.1,3104.3999999999996,46.07,0.0,BUY,0,46.04,152.1,46.03,830.1,46.02,125.6,46.01,189.6,46.0,22.7,46.1,341.9,46.11,671.0,46.12,1069.6,46.13,704.2,46.14,317.7
1700000316.5,633,46.07,0.060000000000002274,46.04,13.8,46.1,161.9,2610.1,2782.8,46.07,0.0,BUY,0,46.04,13.8,46.03,1016.2,46.02,219.3,46.01,356.8,46.0,1004.0,46.1,161.9,46.11,209.2,46.12,389.0,46.13,515.0,46.14,1507.7
1700000317.0,634,46.08,0.060000000000002274,46.05,216.7,46.11,2819.4,6102.700000000001,5619.900000000001,46.08,0.0,BUY,0,46.05,216.7,46.04,1608.4,46.03,210.4,46.02,485.3,46.01,3581.9,46.11,2819.4,46.12,290.8,46.13,300.1,46.14,2093.9,46.15,115.7
1700000317.5,635,46.08,0.060000000000002274,46.05,201.1,46.11,10.0,2130.2,2104.2999999999997,46.11,112.1,BUY,1,46.05,201.1,46.04,25.8,46.03,14.2,46.02,1370.3,46.01,518.8,46.11,10.0,46.12,74.8,46.13,41.0,46.14,1048.6,46.15,929.9
1700000318.0,636,46.08,0.060000000000002274,46.05,36.9,46.11,356.6,3171.8,2264.4,46.11,50.0,BUY,1,46.05,36.9,46.04,63.5,46.03,71.7,46.02,853.6,46.01,2146.1,46.11,356.6,46.12,48.6,46.13,407.7,46.14,1386.9,46.15,64.6
1700000318.5,637,46.075,0.05000000000000426,46.05,150.3,46.1,394.2,4080.2000000000003,2227.9,46.1,84.0,BUY,1,46.05,150.3,46.04,52.8,46.03,734.1,46.02,449.6,46.01,2693.4,46.1,394.2,46.11,558.4,46.12,596.9,46.13,193.3,46.14,485.1
1700000319.0,638,46.08,0.060000000000002274,46.05,392.1,46.11,788.6,2126.2999999999997,2230.4,46.11,8.0,BUY,2,46.05,392.1,46.04,860.0,46.03,82.0,46.02,305.3,46.01,486.9,46.11,788.6,46.12,68.1,46.13,324.6,46.14,983.4,46.15,65.7
1700000319.5,639,46.08,0.060000000000002274,46.05,458.6,46.11,119.4,2303.0,2268.9,46.05,90.5,SELL,1,46.05,458.6,46.04,544.3,46.03,535.8,46.02,542.0,46.01,222.3,46.11,119.4,46.12,233.2,46.13,499.6,46.14,275.8,46.15,1140.9
1700000320.0,640,46.075,0.05000000000000426,46.05,1091.2,46.1,337.1,4493.5,2120.7000000000003,46.075,0.0,BUY,0,46.05,1091.2,46.04,640.2,46.03,1494.3,46.02,611.8,46.01,656.0,46.1,337.1,46.11,189.8,46.12,268.4,46.13,399.0,46.14,926.4
1700000320.5,641,46.07,0.060000000000002274,46.04,495.5,46.1,464.3,2384.0,6081.1,46.1,119.7,BUY,3,46.04,495.5,46.03,143.9,46.02,38.0,46.01,343.4,46.0,1363.2,46.1,464.3,46.11,95.1,46.12,19.1,46.13,3991.5,46.14,1511.1
1700000321.0,642,46.06,0.060000000000002274,46.03,48.4,46.09,174.3,1874.7,3903.0,46.03,55.7,SELL,3,46.03,48.4,46.02,430.6,46.01,1103.7,46.0,91.7,45.99,200.3,46.09,174.3,46.1,132.2,46.11,1080.6,46.12,1773.1,46.13,742.8
1700000321.5,643,46.06,0.060000000000002274,46.03,57.2,46.09,301.4,880.5,2469.4,46.09,46.5,BUY,4,46.03,57.2,46.02,10.0,46.01,439.9,46.0,345.9,45.99,27.5,46.09,301.4,46.1,77.7,46.11,1044.1,46.12,827.8,46.13,218.4
1700000322.0,644,46.05,0.05999999999999517,46.02,239.1,46.08,614.5,1626.3000000000002,1143.7,46.02,5.0,SELL,1,46.02,239.1,46.01,36.0,46.0,466.9,45.99,842.4,45.98,41.9,46.08,614.5,46.09,67.6,46.1,52.0,46.11,148.8,46.12,260.8
1700000322.5,645,46.05,0.05999999999999517,46.02,152.1,46.08,1265.4,1501.8,4933.5,46.08,28.3,BUY,4,46.02,152.1,46.01,165.6,46.0,316.6,45.99,764.8,45.98,102.7,46.08,1265.4,46.09,21.6,46.1,716.0,46.11,286.5,46.12,2644.0
1700000323.0,646,46.74,0.060000000000002274,46.71,10.0,46.77,419.0,3394.8999999999996,1506.6999999999998,46.71,5.3,SELL,1,46.71,10.0,46.7,250.9,46.69,448.6,46.68,2376.7,46.67,308.7,46.77,419.0,46.78,413.0,46.79,243.2,46.8,113.6,46.81,317.9
1700000323.5,647,46.74,0.060000000000002274,46.71,344.2,46.77,150.0,2108.9,2286.7,46.77,38.5,BUY,1,46.71,344.2,46.7,173.5,46.69,287.1,46.68,593.4,46.67,710.7,46.77,150.0,46.78,325.5,46.79,369.2,46.8,207.0,46.81,1235.0
1700000324.0,648,46.730000000000004,0.05999999999999517,46.7,70.5,46.76,179.0,2212.5,2545.5,46.76,48.4,BUY,1,46.7,70.5,46.69,668.0,46.68,89.5,46.67,327.4,46.66,1057.1,46.76,179.0,46.77,10.0,46.78,1820.8,46.79,44.2,46.8,491.5
1700000324.5,649,46.72,0.060000000000002274,46.69,245.2,46.75,521.8,1636.8999999999999,2643.0,46.69,56.4,SELL,3,46.69,245.2,46.68,200.8,46.67,241.3,46.66,708.4,46.65,241.2,46.75,521.8,46.76,345.0,46.77,796.8,46.78,802.4,46.79,177.0
1700000325.0,650,46.71,0.060000000000002274,46.68,365.6,46.74,635.3,2349.7,5680.9,46.74,77.4,BUY,5,46.68,365.6,46.67,390.3,46.66,93.0,46.65,457.8,46.64,1043.0,46.74,635.3,46.75,391.1,46.76,918.4,46.77,965.6,46.78,2770.5
1700000325.5,651,46.709999999999994,0.03999999999999915,46.69,170.1,46.73,73.8,3442.3,3872.8999999999996,46.69,23.8,SELL,6,46.69,170.1,46.68,496.5,46.67,253.8,46.66,1175.7,46.65,1346.2,46.73,73.8,46.74,1594.2,46.75,571.7,46.76,1483.1,46.77,150.1
1700000326.0,652,46.709999999999994,0.03999999999999915,46.69,421.4,46.73,230.9,2128.3,3684.7,46.709999999999994,0.0,BUY,0,46.69,421.4,46.68,177.5,46.67,74.8,46.66,946.7,46.65,507.9,46.73,230.9,46.74,468.8,46.75,600.4,46.76,334.3,46.77,2050.3
1700000326.5,653,46.72,0.060000000000002274,46.69,74.4,46.75,192.4,780.9000000000001,2512.2000000000003,46.69,14.7,SELL,1,46.69,74.4,46.68,256.4,46.67,200.2,46.66,147.2,46.65,102.7,46.75,192.4,46.76,130.7,46.77,1383.2,46.78,677.1,46.79,128.8
1700000327.0,654,46.709999999999994,0.03999999999999915,46.69,108.7,46.73,1236.0,1253.9,3206.7999999999997,46.73,17.2,BUY,2,46.69,108.7,46.68,468.3,46.67,84.8,46.66,248.5,46.65,343.6,46.73,1236.0,46.74,582.8,46.75,19.1,46.76,461.5,46.77,907.4
1700000327.5,655,46.71,0.060000000000002274,46.68,230.8,46.74,122.8,3700.1,2060.9,46.71,0.0,BUY,0,46.68,230.8,46.67,841.2,46.66,1899.1,46.65,406.3,46.64,322.7,46.74,122.8,46.75,791.0,46.76,65.6,46.77,305.3,46.78,776.2
1700000328.0,656,46.709999999999994,0.03999999999999915,46.69,118.0,46.73,165.4,804.4000000000001,2595.1000000000004,46.69,5.0,SELL,1,46.69,118.0,46.68,10.0,46.67,79.8,46.66,400.9,46.65,195.7,46.73,165.4,46.74,982.5,46.75,328.7,46.76,463.7,46.77,654.8
1700000328.5,657,46.71,0.060000000000002274,46.68,915.1,46.74,57.0,2602.4,2728.5,46.74,113.9,BUY,4,46.68,915.1,46.67,49.6,46.66,95.2,46.65,93.1,46.64,1449.4,46.74,57.0,46.75,562.2,46.76,130.1,46.77,1219.5,46.78,759.7
1700000329.0,658,51.355000000000004,0.05000000000000426,51.33,488.3,51.38,733.4,1229.0,3838.6,51.38,22.0,BUY,2,51.33,488.3,51.32,417.3,51.31,58.1,51.3,154.8,51.29,110.5,51.38,733.4,51.39,2611.2,51.4,294.1,51.41,39.0,51.42,160.9
1700000329.5,659,51.355000000000004,0.05000000000000426,51.33,410.5,51.38,544.4,1379.1000000000001,4706.299999999999,51.355000000000004,0.0,BUY,0,51.33,410.5,51.32,598.8,51.31,148.9,51.3,10.0,51.29,210.9,51.38,544.4,51.39,925.4,51.4,1865.4,51.41,892.2,51.42,478.9
1700000330.0,660,51.35,0.060000000000002274,51.32,93.9,51.38,41.8,3956.0,4609.8,51.32,67.2,SELL,2,51.32,93.9,51.31,429.6,51.3,1870.4,51.29,803.9,51.28,758.2,51.38,41.8,51.39,308.8,51.4,1783.2,51.41,1510.7,51.42,965.3
1700000330.5,661,51.35,0.060000000000002274,51.32,325.7,51.38,160.0,3926.2,840.5999999999999,51.35,0.0,BUY,0,51.32,325.7,51.31,1133.0,51.3,1063.0,51.29,76.5,51.28,1328.0,51.38,160.0,51.39,10.0,51.4,203.9,51.41,309.9,51.42,156.8
1700000331.0,662,51.35,0.060000000000002274,51.32,482.1,51.38,351.7,867.5,842.9000000000001,51.38,12.2,BUY,1,51.32,482.1,51.31,65.5,51.3,54.7,51.29,121.0,51.28,144.2,51.38,351.7,51.39,90.0,51.4,189.0,51.41,38.0,51.42,174.2
1700000331.5,663,51.35,0.060000000000002274,51.32,363.1,51.38,527.1,955.8,2570.9,51.38,95.5,BUY,4,51.32,363.1,51.31,117.4,51.3,36.8,51.29,379.9,51.28,58.6,51.38,527.1,51.39,39.9,51.4,815.5,51.41,104.7,51.42,1083.7
1700000332.0,664,51.35,0.060000000000002274,51.32,173.8,51.38,806.1,1281.9,4151.700000000001,51.32,13.8,SELL,1,51.32,173.8,51.31,782.9,51.3,102.9,51.29,212.3,51.28,10.0,51.38,806.1,51.39,136.2,51.4,812.2,51.41,100.4,51.42,2296.8
1700000332.5,665,51.35,0.060000000000002274,51.32,10.9,51.38,241.9,805.2,2635.7,51.32,48.8,SELL,2,51.32,10.9,51.31,421.4,51.3,205.7,51.29,130.6,51.28,36.6,51.38,241.9,51.39,467.4,51.4,427.3,51.41,231.9,51.42,1267.2
1700000333.0,666,51.34,0.05999999999999517,51.31,173.8,51.37,295.8,5904.5,2536.3999999999996,51.37,23.1,BUY,3,51.31,173.8,51.3,2496.2,51.29,1793.1,51.28,110.7,51.27,1330.7,51.37,295.8,51.38,48.9,51.39,813.9,51.4,61.6,51.41,1316.2
1700000333.5,667,51.33,0.060000000000002274,51.3,10.0,51.36,395.2,870.7,4093.8,51.36,5.0,BUY,1,51.3,10.0,51.29,27.5,51.28,162.0,51.27,419.5,51.26,251.7,51.36,395.2,51.37,1320.5,51.38,237.4,51.39,1697.8,51.4,442.9
1700000334.0,668,51.32,0.060000000000002274,51.29,134.2,51.35,256.7,2200.4,3375.7,51.32,0.0,BUY,0,51.29,134.2,51.28,141.6,51.27,86.2,51.26,12.9,51.25,1825.5,51.35,256.7,51.36,2440.1,51.37,409.1,51.38,123.3,51.39,146.5
1700000334.5,669,51.31,0.060000000000002274,51.28,28.3,51.34,110.3,5487.700000000001,2682.8,51.34,5.6,BUY,3,51.28,28.3,51.27,248.2,51.26,1479.0,51.25,596.8,51.24,3135.4,51.34,110.3,51.35,386.4,51.36,468.2,51.37,227.1,51.38,1490.8
1700000335.0,670,51.31,0.060000000000002274,51.28,119.5,51.34,387.1,2228.2,5849.3,51.28,174.3,SELL,3,51.28,119.5,51.27,62.5,51.26,1817.0,51.25,10.0,51.24,219.2,51.34,387.1,51.35,30.7,51.36,949.9,51.37,1912.9,51.38,2568.7
1700000335.5,671,51.31,0.060000000000002274,51.28,681.2,51.34,91.8,3619.1,2192.8999999999996,51.34,198.8,BUY,2,51.28,681.2,51.27,554.2,51.26,618.0,51.25,757.3,51.24,1008.4,51.34,91.8,51.35,574.0,51.36,98.9,51.37,220.9,51.38,1207.3
1700000336.0,672,51.31,0.060000000000002274,51.28,23.9,51.34,50.5,1206.0,2917.5,51.34,128.6,BUY,2,51.28,23.9,51.27,92.0,51.26,203.8,51.25,19.8,51.24,866.5,51.34,50.5,51.35,241.2,51.36,1735.7,51.37,432.0,51.38,458.1
1700000336.5,673,51.3,0.05999999999999517,51.27,81.2,51.33,880.1,2212.1,1790.9,51.27,42.9,SELL,2,51.27,81.2,51.26,1172.9,51.25,487.8,51.24,230.1,51.23,240.1,51.33,880.1,51.34,42.4,51.35,205.5,51.36,352.5,51.37,310.4
1700000337.0,674,51.29,0.060000000000002274,51.26,150.2,51.32,283.0,1207.4,2017.2,51.32,34.3,BUY,2,51.26,150.2,51.25,314.3,51.24,231.5,51.23,315.9,51.22,195.5,51.32,283.0,51.33,183.4,51.34,247.9,51.35,1177.7,51.36,125.2
1700000337.5,675,51.3,0.05999999999999517,51.27,96.2,51.33,187.6,887.7,2763.1,51.33,5.0,BUY,1,51.27,96.2,51.26,22.2,51.25,244.9,51.24,502.6,51.23,21.8,51.33,187.6,51.34,272.4,51.35,150.1,51.36,313.0,51.37,1840.0
1700000338.0,676,51.3,0.05999999999999517,51.27,10.3,51.33,199.6,2135.6,4520.400000000001,51.27,72.8,SELL,3,51.27,10.3,51.26,1247.9,51.25,580.3,51.24,28.1,51.23,269.0,51.33,199.6,51.34,593.1,51.35,1900.9,51.36,1356.3,51.37,470.5
1700000338.5,677,51.290000000000006,0.03999999999999915,51.27,736.4,51.31,705.4,1443.0000000000002,3962.0,51.31,127.4,BUY,2,51.27,736.4,51.26,108.2,51.25,129.8,51.24,251.9,51.23,216.7,51.31,705.4,51.32,1202.8,51.33,88.4,51.34,320.4,51.35,1645.0
1700000339.0,678,51.28,0.03999999999999915,51.26,63.4,51.3,1879.2,2603.2,7485.4,51.26,5.0,SELL,2,51.26,63.4,51.25,1300.2,51.24,833.4,51.23,323.7,51.22,82.5,51.3,1879.2,51.31,1174.0,51.32,3777.6,51.33,287.6,51.34,367.0
1700000339.5,679,51.28,0.060000000000002274,51.25,158.8,51.31,28.4,1385.1,1202.8,51.31,42.8,BUY,2,51.25,158.8,51.24,217.1,51.23,294.0,51.22,169.8,51.21,545.4,51.31,28.4,51.32,548.0,51.33,188.4,51.34,110.6,51.35,327.4
1700000340.0,680,51.28,0.060000000000002274,51.25,35.8,51.31,137.1,761.9,2572.3999999999996,51.28,0.0,BUY,0,51.25,35.8,51.24,78.5,51.23,124.3,51.22,450.5,51.21,72.8,51.31,137.1,51.32,1823.2,51.33,26.1,51.34,253.4,51.35,332.6
1700000340.5,681,51.29,0.060000000000002274,51.26,478.7,51.32,42.7,5476.7,5889.0,51.26,69.4,SELL,3,51.26,478.7,51.25,348.9,51.24,360.8,51.23,3795.5,51.22,492.8,51.32,42.7,51.33,210.7,51.34,1924.5,51.35,255.6,51.36,3455.5
1700000341.0,682,51.29,0.060000000000002274,51.26,695.4,51.32,564.6,3194.5,2790.8,51.29,0.0,BUY,0,51.26,695.4,51.25,220.9,51.24,212.5,51.23,710.5,51.22,1355.2,51.32,564.6,51.33,40.5,51.34,42.4,51.35,687.8,51.36,1455.5
1700000341.5,683,51.29,0.060000000000002274,51.26,267.3,51.32,1318.3,926.1999999999999,3872.8999999999996,51.26,66.5,SELL,3,51.26,267.3,51.25,593.0,51.24,23.0,51.23,28.3,51.22,14.6,51.32,1318.3,51.33,825.6,51.34,104.6,51.35,440.1,51.36,1184.3
1700000342.0,684,51.29,0.060000000000002274,51.26,309.3,51.32,310.2,2369.6,1583.6999999999998,51.29,0.0,BUY,0,51.26,309.3,51.25,196.1,51.24,1544.3,51.23,290.4,51.22,29.5,51.32,310.2,51.33,192.5,51.34,205.5,51.35,541.9,51.36,333.6
1700000342.5,685,51.29,0.060000000000002274,51.26,16.3,51.32,211.8,885.4000000000001,842.8,51.26,58.1,SELL,3,51.26,16.3,51.25,375.6,51.24,100.6,51.23,222.1,51.22,170.8,51.32,211.8,51.33,94.5,51.34,74.3,51.35,360.4,51.36,101.8
1700000343.0,686,51.29,0.060000000000002274,51.26,155.6,51.32,745.0,2072.8,2302.7,51.26,15.2,SELL,2,51.26,155.6,51.25,508.2,51.24,354.4,51.23,980.8,51.22,73.8,51.32,745.0,51.33,791.7,51.34,96.8,51.35,659.2,51.36,10.0
1700000343.5,687,51.29,0.060000000000002274,51.26,847.3,51.32,268.6,4298.200000000001,2111.6,51.32,108.2,BUY,3,51.26,847.3,51.25,390.6,51.24,107.5,51.23,2246.3,51.22,706.5,51.32,268.6,51.33,1041.1,51.34,416.9,51.35,268.4,51.36,116.6
1700000344.0,688,51.29,0.060000000000002274,51.26,728.9,51.32,119.1,5175.3,2004.3,51.29,0.0,BUY,0,51.26,728.9,51.25,535.7,51.24,2138.3,51.23,816.7,51.22,955.7,51.32,119.1,51.33,10.0,51.34,1019.6,51.35,516.8,51.36,338.8
1700000344.5,689,51.28,0.060000000000002274,51.25,180.2,51.31,549.0,2563.2999999999997,2539.6,51.25,27.1,SELL,3,51.25,180.2,51.24,522.6,51.23,1545.9,51.22,179.2,51.21,135.4,51.31,549.0,51.32,262.3,51.33,912.7,51.34,94.0,51.35,721.6
1700000345.0,690,51.269999999999996,0.05999999999999517,51.24,10.0,51.3,83.2,1428.9,4098.700000000001,51.269999999999996,0.0,BUY,0,51.24,10.0,51.23,91.0,51.22,1253.9,51.21,35.4,51.2,38.6,51.3,83.2,51.31,482.1,51.32,436.9,51.33,2541.9,51.34,554.6
1700000345.5,691,51.269999999999996,0.05999999999999517,51.24,649.9,51.3,245.1,2521.1,3409.9,51.3,7.2,BUY,1,51.24,649.9,51.23,962.8,51.22,767.1,51.21,12.5,51.2,128.8,51.3,245.1,51.31,1704.5,51.32,377.4,51.33,180.5,51.34,902.4
1700000346.0,692,51.26,0.060000000000002274,51.23,58.6,51.29,296.2,3040.3999999999996,5295.4,51.29,11.8,BUY,1,51.23,58.6,51.22,1062.3,51.21,229.0,51.2,701.9,51.19,988.6,51.29,296.2,51.3,2160.4,51.31,119.5,51.32,241.3,51.33,2478.0
1700000346.5,693,51.25,0.04000000000000625,51.23,753.8,51.27,208.6,3349.3999999999996,2268.2,51.27,13.7,BUY,3,51.23,753.8,51.22,11.4,51.21,654.0,51.2,324.6,51.19,1605.6,51.27,208.6,51.28,701.9,51.29,167.0,51.3,605.5,51.31,585.2
1700000347.0,694,51.25,0.060000000000002274,51.22,21.3,51.28,50.7,1791.4,2361.9,51.22,132.5,SELL,1,51.22,21.3,51.21,521.0,51.2,60.0,51.19,1166.4,51.18,22.7,51.28,50.7,51.29,203.4,51.3,852.3,51.31,326.5,51.32,929.0
1700000347.5,695,51.25,0.060000000000002274,51.22,607.0,51.28,531.7,3266.2999999999997,3296.6,51.28,28.2,BUY,1,51.22,607.0,51.21,76.2,51.2,557.0,51.19,1620.5,51.18,405.6,51.28,531.7,51.29,222.8,51.3,616.3,51.31,50.3,51.32,1875.5
1700000348.0,696,51.24,0.060000000000002274,51.21,856.5,51.27,29.6,2809.5,2603.9999999999995,51.27,5.0,BUY,2,51.21,856.5,51.2,296.6,51.19,112.0,51.18,1360.5,51.17,183.9,51.27,29.6,51.28,290.9,51.29,2090.2,51.3,70.6,51.31,122.7
1700000348.5,697,51.225,0.04999999999999716,51.2,157.3,51.25,59.6,3087.5000000000005,3352.7,51.225,0.0,BUY,0,51.2,157.3,51.19,496.9,51.18,1659.7,51.17,680.7,51.16,92.9,51.25,59.6,51.26,625.7,51.27,107.9,51.28,582.3,51.29,1977.2
1700000349.0,698,51.225,0.04999999999999716,51.2,301.4,51.25,24.6,1685.6999999999998,2555.3999999999996,51.2,5.0,SELL,2,51.2,301.4,51.19,301.0,51.18,273.7,51.17,271.7,51.16,537.9,51.25,24.6,51.26,345.4,51.27,267.3,51.28,1560.6,51.29,357.5
1700000349.5,699,51.225,0.04999999999999716,51.2,48.7,51.25,324.0,1139.8999999999999,3742.8,51.2,12.1,SELL,3,51.2,48.7,51.19,368.7,51.18,150.2,51.17,72.9,51.16,499.4,51.25,324.0,51.26,175.8,51.27,1107.1,51.28,1233.4,51.29,902.5
1700000350.0,700,51.22,0.060000000000002274,51.19,371.4,51.25,766.1,1452.6999999999998,1702.6,51.25,9.9,BUY,3,51.19,371.4,51.18,447.6,51.17,466.1,51.16,63.8,51.15,103.8,51.25,766.1,51.26,82.9,51.27,116.5,51.28,542.5,51.29,194.6
1700000350.5,701,51.21,0.060000000000002274,51.18,115.6,51.24,148.6,1308.4,770.5,51.24,17.4,BUY,1,51.18,115.6,51.17,622.4,51.16,261.3,51.15,183.2,51.14,125.9,51.24,148.6,51.25,39.7,51.26,41.7,51.27,421.7,51.28,118.8
1700000351.0,702,51.21,0.060000000000002274,51.18,767.5,51.24,339.9,2841.0,1950.9,51.18,114.8,SELL,6,51.18,767.5,51.17,241.3,51.16,1305.2,51.15,55.6,51.14,471.4,51.24,339.9,51.25,289.3,51.26,506.0,51.27,192.9,51.28,622.8
1700000351.5,703,51.2,0.05999999999999517,51.17,247.6,51.23,271.6,1803.8,2679.6,51.23,172.4,BUY,3,51.17,247.6,51.16,287.0,51.15,470.6,51.14,367.3,51.13,431.3,51.23,271.6,51.24,333.7,51.25,137.0,51.26,432.3,51.27,1505.0
1700000352.0,704,51.19,0.060000000000002274,51.16,49.5,51.22,51.7,2149.3,1887.4,51.16,72.3,SELL,4,51.16,49.5,51.15,497.8,51.14,382.4,51.13,974.1,51.12,245.5,51.22,51.7,51.23,173.2,51.24,189.3,51.25,110.4,51.26,1362.8
1700000352.5,705,51.185,0.05000000000000426,51.16,231.3,51.21,209.6,1371.2,2325.3,51.16,24.8,SELL,2,51.16,231.3,51.15,141.0,51.14,10.0,51.13,99.0,51.12,889.9,51.21,209.6,51.22,39.4,51.23,148.2,51.24,1220.5,51.25,707.6
1700000353.0,706,51.19,0.060000000000002274,51.16,1253.6,51.22,1516.5,3244.5999999999995,3918.1,51.22,60.0,BUY,6,51.16,1253.6,51.15,603.3,51.14,692.5,51.13,10.0,51.12,685.2,51.22,1516.5,51.23,322.0,51.24,1010.5,51.25,979.2,51.26,89.9
1700000353.5,707,51.19,0.060000000000002274,51.16,213.8,51.22,531.2,2832.6,3845.8999999999996,51.19,0.0,BUY,0,51.16,213.8,51.15,970.7,51.14,1175.2,51.13,98.3,51.12,374.6,51.22,531.2,51.23,1506.1,51.24,497.7,51.25,481.1,51.26,829.8
1700000354.0,708,52.5,0.060000000000002274,52.47,180.1,52.53,552.1,2950.4000000000005,3821.0999999999995,52.53,21.8,BUY,3,52.47,180.1,52.46,10.0,52.45,995.6,52.44,1713.4,52.43,51.3,52.53,552.1,52.54,158.7,52.55,643.9,52.56,1996.2,52.57,470.2
1700000354.5,709,52.5,0.060000000000002274,52.47,436.2,52.53,172.5,2282.4,2104.7999999999997,52.47,61.2,SELL,2,52.47,436.2,52.46,373.0,52.45,790.5,52.44,194.2,52.43,488.5,52.53,172.5,52.54,258.6,52.55,401.7,52.56,988.8,52.57,283.2
1700000355.0,710,52.495000000000005,0.05000000000000426,52.47,442.2,52.52,282.7,4362.700000000001,2026.1000000000001,52.47,19.5,SELL,3,52.47,442.2,52.46,747.4,52.45,1041.2,52.44,26.1,52.43,2105.8,52.52,282.7,52.53,723.3,52.54,392.9,52.55,540.0,52.56,87.2
1700000355.5,711,52.5,0.060000000000002274,52.47,152.8,52.53,155.8,3677.3,2548.7999999999997,52.5,0.0,BUY,0,52.47,152.8,52.46,348.8,52.45,1519.1,52.44,1474.8,52.43,181.8,52.53,155.8,52.54,1131.8,52.55,643.3,52.56,368.5,52.57,249.4
1700000356.0,712,52.5,0.060000000000002274,52.47,1213.5,52.53,656.1,5755.0,2988.7999999999997,52.47,23.2,SELL,2,52.47,1213.5,52.46,1395.8,52.45,1255.2,52.44,646.9,52.43,1243.6,52.53,656.1,52.54,106.5,52.55,972.6,52.56,361.5,52.57,892.1
1700000356.5,713,52.5,0.060000000000002274,52.47,300.5,52.53,10.0,1629.2,3481.4,52.53,21.8,BUY,1,52.47,300.5,52.46,498.9,52.45,64.2,52.44,755.6,52.43,10.0,52.53,10.0,52.54,297.8,52.55,417.1,52.56,2543.9,52.57,212.6
1700000357.0,714,52.5,0.04000000000000625,52.48,407.6,52.52,960.6,2932.7999999999997,6341.5,52.48,5.0,SELL,1,52.48,407.6,52.47,683.5,52.46,74.2,52.45,1541.1,52.44,226.4,52.52,960.6,52.53,217.6,52.54,882.8,52.55,218.6,52.56,4061.9
1700000357.5,715,52.5,0.060000000000002274,52.47,22.0,52.53,494.4,2325.7,4467.799999999999,52.53,38.4,BUY,1,52.47,22.0,52.46,55.5,52.45,320.6,52.44,331.5,52.43,1596.1,52.53,494.4,52.54,1804.1,52.55,482.6,52.56,748.8,52.57,937.9
1700000358.0,716,52.5,0.060000000000002274,52.47,350.7,52.53,88.7,3744.9,973.4,52.47,13.4,SELL,4,52.47,350.7,52.46,912.8,52.45,1205.3,52.44,839.9,52.43,436.2,52.53,88.7,52.54,467.0,52.55,279.4,52.56,92.4,52.57,45.9
1700000358.5,717,52.5,0.060000000000002274,52.47,206.3,52.53,1280.7,1164.6999999999998,3770.2999999999997,52.5,0.0,BUY,0,52.47,206.3,52.46,690.5,52.45,149.6,52.44,46.8,52.43,71.5,52.53,1280.7,52.54,1395.3,52.55,121.6,52.56,913.0,52.57,59.7
1700000359.0,718,52.49,0.060000000000002274,52.46,1644.8,52.52,74.1,3970.8,1058.7,52.46,5.3,SELL,2,52.46,1644.8,52.45,433.6,52.44,720.5,52.43,1078.6,52.42,93.3,52.52,74.1,52.53,10.0,52.54,469.5,52.55,458.0,52.56,47.1
1700000359.5,719,52.480000000000004,0.05999999999999517,52.45,19.0,52.51,196.1,2414.2,3560.3,52.45,44.8,SELL,4,52.45,19.0,52.44,621.7,52.43,155.1,52.42,753.3,52.41,865.1,52.51,196.1,52.52,1221.8,52.53,497.7,52.54,604.5,52.55,1040.2
1700000360.0,720,52.480000000000004,0.05999999999999517,52.45,153.6,52.51,731.1,977.6999999999999,4797.8,52.45,19.3,SELL,3,52.45,153.6,52.44,338.8,52.43,119.9,52.42,197.4,52.41,168.0,52.51,731.1,52.52,27.7,52.53,377.8,52.54,3651.2,52.55,10.0
1700000360.5,721,52.480000000000004,0.05999999999999517,52.45,430.8,52.51,203.0,2926.7,3538.8,52.480000000000004,0.0,BUY,0,52.45,430.8,52.44,122.2,52.43,369.4,52.42,687.9,52.41,1316.4,52.51,203.0,52.52,1282.1,52.53,1427.5,52.54,100.8,52.55,525.4
1700000361.0,722,52.47,0.060000000000002274,52.44,342.4,52.5,431.0,2239.0,2490.2,52.47,0.0,BUY,0,52.44,342.4,52.43,861.2,52.42,431.3,52.41,70.9,52.4,533.2,52.5,431.0,52.51,211.7,52.52,10.0,52.53,228.8,52.54,1608.7
1700000361.5,723,52.46,0.060000000000002274,52.43,43.9,52.49,60.8,1544.3000000000002,1871.8999999999999,52.46,0.0,BUY,0,52.43,43.9,52.42,959.4,52.41,177.2,52.4,24.2,52.39,339.6,52.49,60.8,52.5,10.0,52.51,12.8,52.52,1611.7,52.53,176.6
1700000362.0,724,52.46,0.060000000000002274,52.43,11.7,52.49,403.3,2909.6,4047.5,52.46,0.0,BUY,0,52.43,11.7,52.42,899.2,52.41,55.2,52.4,1907.6,52.39,35.9,52.49,403.3,52.5,356.3,52.51,275.0,52.52,2783.4,52.53,229.5
1700000362.5,725,52.45,0.05999999999999517,52.42,304.6,52.48,131.2,1244.5,4637.9,52.45,0.0,BUY,0,52.42,304.6,52.41,219.8,52.4,254.7,52.39,321.9,52.38,143.5,52.48,131.2,52.49,197.9,52.5,1988.7,52.51,1826.2,52.52,493.9
1700000363.0,726,52.455,0.04999999999999716,52.43,196.5,52.48,419.9,5975.500000000001,2571.9,52.455,0.0,BUY,0,52.43,196.5,52.42,41.9,52.41,587.2,52.4,4299.1,52.39,850.8,52.48,419.9,52.49,349.0,52.5,135.1,52.51,954.9,52.52,713.0
1700000363.5,727,52.45,0.05999999999999517,52.42,991.9,52.48,988.7,4696.0,3089.2,52.45,0.0,BUY,0,52.42,991.9,52.41,364.8,52.4,920.5,52.39,586.9,52.38,1831.9,52.48,988.7,52.49,485.6,52.5,938.0,52.51,91.2,52.52,585.7
1700000364.0,728,52.455,0.04999999999999716,52.43,209.9,52.48,16.7,492.0,4018.5,52.48,13.1,BUY,3,52.43,209.9,52.42,54.0,52.41,66.6,52.4,25.6,52.39,135.9,52.48,16.7,52.49,332.9,52.5,1035.5,52.51,1124.6,52.52,1508.8
1700000364.5,729,52.45,0.05999999999999517,52.42,56.5,52.48,500.9,3137.3999999999996,5422.5,52.42,44.4,SELL,5,52.42,56.5,52.41,649.1,52.4,82.2,52.39,1587.3,52.38,762.3,52.48,500.9,52.49,856.1,52.5,633.2,52.51,2462.9,52.52,969.4
1700000365.0,730,52.45,0.05999999999999517,52.42,10.0,52.48,1643.3,1070.2,3085.3,52.42,18.0,SELL,5,52.42,10.0,52.41,176.8,52.4,22.6,52.39,111.3,52.38,749.5,52.48,1643.3,52.49,301.8,52.5,499.5,52.51,348.3,52.52,292.4
1700000365.5,731,52.44,0.060000000000002274,52.41,294.2,52.47,21.0,1768.1,2718.7000000000003,52.47,8.0,BUY,2,52.41,294.2,52.4,272.7,52.39,415.6,52.38,664.1,52.37,121.5,52.47,21.0,52.48,162.2,52.49,625.0,52.5,139.6,52.51,1770.9
1700000366.0,732,52.435,0.05000000000000426,52.41,190.0,52.46,85.9,2440.8,2533.1000000000004,52.41,78.4,SELL,3,52.41,190.0,52.4,110.5,52.39,781.2,52.38,512.8,52.37,846.3,52.46,85.9,52.47,554.4,52.48,319.7,52.49,913.9,52.5,659.2
1700000366.5,733,52.43,0.060000000000002274,52.4,20.4,52.46,168.0,1424.6999999999998,1998.7,52.46,5.0,BUY,1,52.4,20.4,52.39,417.4,52.38,497.6,52.37,38.8,52.36,450.5,52.46,168.0,52.47,449.2,52.48,76.9,52.49,370.4,52.5,934.2
1700000367.0,734,52.43,0.060000000000002274,52.4,406.6,52.46,24.5,3830.2,6825.5,52.46,41.3,BUY,1,52.4,406.6,52.39,289.9,52.38,117.9,52.37,54.4,52.36,2961.4,52.46,24.5,52.47,1464.4,52.48,1091.7,52.49,605.0,52.5,3639.9
1700000367.5,735,52.43,0.060000000000002274,52.4,114.6,52.46,338.6,7689.4,1801.2,52.4,34.8,SELL,3,52.4,114.6,52.39,84.2,52.38,765.3,52.37,433.0,52.36,6292.3,52.46,338.6,52.47,125.4,52.48,272.8,52.49,1037.7,52.5,26.7
1700000368.0,736,52.42,0.060000000000002274,52.39,296.1,52.45,258.1,2641.9999999999995,5549.5,52.45,228.7,BUY,2,52.39,296.1,52.38,1358.6,52.37,56.7,52.36,685.0,52.35,245.6,52.45,258.1,52.46,3383.6,52.47,230.9,52.48,51.6,52.49,1625.3
1700000368.5,737,52.42,0.060000000000002274,52.39,94.7,52.45,499.5,245.89999999999998,4166.4,52.39,28.1,SELL,2,52.39,94.7,52.38,23.0,52.37,32.8,52.36,30.6,52.35,64.8,52.45,499.5,52.46,1600.2,52.47,985.4,52.48,498.8,52.49,582.5
1700000369.0,738,52.405,0.04999999999999716,52.38,190.9,52.43,374.5,1548.9,2025.8000000000002,52.43,68.6,BUY,4,52.38,190.9,52.37,213.3,52.36,10.0,52.35,75.2,52.34,1059.5,52.43,374.5,52.44,25.0,52.45,149.1,52.46,1011.3,52.47,465.9
1700000369.5,739,52.400000000000006,0.03999999999999915,52.38,277.2,52.42,472.4,3435.7999999999997,2461.0,52.42,66.9,BUY,2,52.38,277.2,52.37,56.3,52.36,776.8,52.35,612.9,52.34,1712.6,52.42,472.4,52.43,118.2,52.44,944.9,52.45,901.6,52.46,23.9
1700000370.0,740,52.39,0.060000000000002274,52.36,103.2,52.42,10.0,1543.0,3502.6,52.36,54.9,SELL,2,52.36,103.2,52.35,332.4,52.34,448.7,52.33,224.1,52.32,434.6,52.42,10.0,52.43,836.8,52.44,442.4,52.45,472.5,52.46,1740.9
1700000370.5,741,52.4,0.060000000000002274,52.37,114.2,52.43,389.5,1243.9,3045.1000000000004,52.4,0.0,BUY,0,52.37,114.2,52.36,455.5,52.35,50.0,52.34,66.3,52.33,557.9,52.43,389.5,52.44,1039.3,52.45,330.0,52.46,286.6,52.47,999.7
1700000371.0,742,52.39,0.060000000000002274,52.36,492.4,52.42,87.7,2003.6,1112.0,52.36,7.7,SELL,2,52.36,492.4,52.35,10.0,52.34,247.6,52.33,284.6,52.32,969.0,52.42,87.7,52.43,359.0,52.44,330.1,52.45,109.2,52.46,226.0
1700000371.5,743,52.379999999999995,0.05999999999999517,52.35,201.2,52.41,71.6,1843.0,2437.8,52.41,78.0,BUY,3,52.35,201.2,52.34,236.1,52.33,439.5,52.32,552.3,52.31,413.9,52.41,71.6,52.42,811.0,52.43,951.4,52.44,16.5,52.45,587.3
1700000372.0,744,52.365,0.04999999999999716,52.34,252.1,52.39,878.1,1359.6,3592.6000000000004,52.39,5.0,BUY,2,52.34,252.1,52.33,12.9,52.32,355.4,52.31,237.2,52.3,502.0,52.39,878.1,52.4,1123.3,52.41,578.2,52.42,603.6,52.43,409.4
1700000372.5,745,52.36,0.060000000000002274,52.33,425.8,52.39,334.5,2175.1,2718.8,52.36,0.0,BUY,0,52.33,425.8,52.32,111.3,52.31,609.5,52.3,407.5,52.29,621.0,52.39,334.5,52.4,392.0,52.41,48.1,52.42,1352.2,52.43,592.0
1700000373.0,746,52.36,0.060000000000002274,52.33,192.5,52.39,131.1,1312.7,2753.9,52.39,5.1,BUY,2,52.33,192.5,52.32,111.1,52.31,161.5,52.3,651.9,52.29,195.7,52.39,131.1,52.4,363.4,52.41,827.4,52.42,1294.0,52.43,138.0
1700000373.5,747,52.35,0.060000000000002274,52.32,360.7,52.38,37.0,2494.3,1951.1999999999998,52.38,45.7,BUY,1,52.32,360.7,52.31,205.3,52.3,1105.6,52.29,191.7,52.28,631.0,52.38,37.0,52.39,158.9,52.4,216.5,52.41,582.4,52.42,956.4
1700000374.0,748,52.34,0.05999999999999517,52.31,458.7,52.37,1756.4,3146.1000000000004,2911.6,52.34,0.0,BUY,0,52.31,458.7,52.3,99.6,52.29,230.4,52.28,273.6,52.27,2083.8,52.37,1756.4,52.38,61.1,52.39,368.6,52.4,455.5,52.41,270.0
1700000374.5,749,52.35,0.060000000000002274,52.32,185.9,52.38,761.0,2693.4,9022.099999999999,52.32,27.7,SELL,4,52.32,185.9,52.31,879.8,52.3,662.3,52.29,699.8,52.28,265.6,52.38,761.0,52.39,2640.3,52.4,2092.6,52.41,301.7,52.42,3226.5
1700000375.0,750,52.35,0.060000000000002274,52.32,124.2,52.38,621.8,2049.3999999999996,3316.8999999999996,52.38,86.3,BUY,1,52.32,124.2,52.31,63.1,52.3,69.6,52.29,1469.8,52.28,322.7,52.38,621.8,52.39,49.9,52.4,448.5,52.41,154.4,52.42,2042.3
1700000375.5,751,52.35,0.060000000000002274,52.32,114.7,52.38,502.9,6025.6,7878.5,52.35,0.0,BUY,0,52.32,114.7,52.31,55.3,52.3,860.2,52.29,2968.4,52.28,2027.0,52.38,502.9,52.39,1505.5,52.4,1396.6,52.41,195.7,52.42,4277.8
1700000376.0,752,52.35,0.060000000000002274,52.32,22.8,52.38,346.4,5135.1,2570.4,52.32,61.9,SELL,1,52.32,22.8,52.31,111.0,52.3,1752.1,52.29,327.1,52.28,2922.1,52.38,346.4,52.39,1422.1,52.4,111.3,52.41,419.0,52.42,271.6
1700000376.5,753,52.355000000000004,0.05000000000000426,52.33,77.0,52.38,10.0,1922.1999999999998,3898.9,52.38,31.9,BUY,2,52.33,77.0,52.32,929.4,52.31,10.0,52.3,262.9,52.29,642.9,52.38,10.0,52.39,343.6,52.4,1359.4,52.41,402.5,52.42,1783.4
1700000377.0,754,52.35,0.060000000000002274,52.32,329.0,52.38,200.4,1825.9,4672.700000000001,52.38,114.9,BUY,1,52.32,329.0,52.31,40.8,52.3,292.8,52.29,380.2,52.28,783.1,52.38,200.4,52.39,1230.3,52.4,543.2,52.41,1227.4,52.42,1471.4
1700000377.5,755,52.35,0.060000000000002274,52.32,858.1,52.38,371.6,3029.2000000000003,2189.6,52.38,22.0,BUY,1,52.32,858.1,52.31,343.3,52.3,1167.2,52.29,361.0,52.28,299.6,52.38,371.6,52.39,112.4,52.4,1079.5,52.41,230.3,52.42,395.8
1700000378.0,756,52.35,0.060000000000002274,52.32,439.4,52.38,10.0,5283.700000000001,3838.7999999999997,52.32,9.2,SELL,1,52.32,439.4,52.31,651.0,52.3,3327.8,52.29,501.1,52.28,364.4,52.38,10.0,52.39,98.4,52.4,657.6,52.41,1449.7,52.42,1623.1
1700000378.5,757,52.355000000000004,0.05000000000000426,52.33,232.9,52.38,266.6,2595.1,2418.1,52.33,15.0,SELL,1,52.33,232.9,52.32,479.4,52.31,871.6,52.3,402.3,52.29,608.9,52.38,266.6,52.39,409.4,52.4,756.2,52.41,25.0,52.42,960.9
1700000379.0,758,52.35,0.060000000000002274,52.32,322.2,52.38,462.7,2236.1,3436.1000000000004,52.35,0.0,BUY,0,52.32,322.2,52.31,487.0,52.3,349.8,52.29,833.2,52.28,243.9,52.38,462.7,52.39,1119.9,52.4,916.5,52.41,16.8,52.42,920.2
1700000379.5,759,52.34,0.05999999999999517,52.31,343.6,52.37,673.1,2398.6000000000004,3889.5,52.31,5.7,SELL,2,52.31,343.6,52.3,117.0,52.29,685.2,52.28,277.4,52.27,975.4,52.37,673.1,52.38,248.2,52.39,554.8,52.4,1734.6,52.41,678.8
1700000380.0,760,52.33,0.060000000000002274,52.3,16.2,52.36,28.3,688.6,2072.9,52.3,71.2,SELL,6,52.3,16.2,52.29,131.8,52.28,413.8,52.27,94.2,52.26,32.6,52.36,28.3,52.37,67.1,52.38,546.2,52.39,732.7,52.4,698.6
1700000380.5,761,52.325,0.05000000000000426,52.3,32.4,52.35,637.6,3301.5,2228.5,52.35,66.8,BUY,2,52.3,32.4,52.29,223.1,52.28,644.7,52.27,2194.1,52.26,207.2,52.35,637.6,52.36,10.0,52.37,25.6,52.38,80.2,52.39,1475.1
1700000381.0,762,52.33,0.060000000000002274,52.3,195.3,52.36,147.0,1904.7,2957.3,52.3,30.4,SELL,5,52.3,195.3,52.29,647.2,52.28,483.5,52.27,475.3,52.26,103.4,52.36,147.0,52.37,308.7,52.38,256.0,52.39,1994.6,52.4,251.0
1700000381.5,763,52.33,0.060000000000002274,52.3,409.5,52.36,44.9,1343.8,6284.1,52.33,0.0,BUY,0,52.3,409.5,52.29,416.8,52.28,286.0,52.27,41.7,52.26,189.8,52.36,44.9,52.37,1159.3,52.38,1708.4,52.39,3012.2,52.4,359.3
1700000382.0,764,52.33,0.060000000000002274,52.3,26.7,52.36,188.7,1949.0,3981.6,52.33,0.0,BUY,0,52.3,26.7,52.29,455.0,52.28,372.7,52.27,27.9,52.26,1066.7,52.36,188.7,52.37,124.1,52.38,2124.4,52.39,212.5,52.4,1331.9
1700000382.5,765,52.33,0.060000000000002274,52.3,282.9,52.36,177.2,3396.2999999999997,3777.3,52.36,31.3,BUY,4,52.3,282.9,52.29,663.4,52.28,520.2,52.27,909.2,52.26,1020.6,52.36,177.2,52.37,10.0,52.38,1599.0,52.39,789.6,52.4,1201.5
1700000383.0,766,52.32,0.060000000000002274,52.29,61.4,52.35,68.4,1732.8999999999999,5045.6,52.32,0.0,BUY,0,52.29,61.4,52.28,317.7,52.27,221.3,52.26,352.2,52.25,780.3,52.35,68.4,52.36,663.7,52.37,1583.2,52.38,879.8,52.39,1850.5
1700000383.5,767,52.32,0.060000000000002274,52.29,86.2,52.35,77.3,2804.0,3661.8,52.29,73.5,SELL,3,52.29,86.2,52.28,97.4,52.27,919.7,52.26,1158.7,52.25,542.0,52.35,77.3,52.36,1443.7,52.37,222.8,52.38,1712.0,52.39,206.0
1700000384.0,768,52.32,0.060000000000002274,52.29,718.1,52.35,1051.0,3014.2,1568.1,52.29,108.6,SELL,1,52.29,718.1,52.28,307.4,52.27,197.3,52.26,79.6,52.25,1711.8,52.35,1051.0,52.36,46.1,52.37,10.0,52.38,248.1,52.39,212.9
1700000384.5,769,52.32,0.060000000000002274,52.29,237.2,52.35,111.0,1730.0,3704.1,52.35,57.3,BUY,3,52.29,237.2,52.28,29.9,52.27,490.6,52.26,435.2,52.25,537.1,52.35,111.0,52.36,283.0,52.37,30.0,52.38,1553.3,52.39,1726.8
1700000385.0,770,52.32,0.060000000000002274,52.29,63.7,52.35,596.8,1115.0,2541.7,52.29,26.3,SELL,2,52.29,63.7,52.28,254.9,52.27,134.3,52.26,375.9,52.25,286.2,52.35,596.8,52.36,135.4,52.37,112.8,52.38,162.6,52.39,1534.1
1700000385.5,771,52.31,0.060000000000002274,52.28,47.4,52.34,68.1,910.1999999999999,2116.5,52.28,100.3,SELL,4,52.28,47.4,52.27,303.2,52.26,53.5,52.25,345.5,52.24,160.6,52.34,68.1,52.35,1080.8,52.36,96.6,52.37,258.3,52.38,612.7
1700000386.0,772,52.31,0.060000000000002274,52.28,435.0,52.34,636.5,2893.5,3446.2999999999997,52.28,56.8,SELL,1,52.28,435.0,52.27,1069.4,52.26,67.5,52.25,1171.9,52.24,149.7,52.34,636.5,52.35,45.7,52.36,2065.0,52.37,531.7,52.38,167.4
1700000386.5,773,52.3,0.05999999999999517,52.27,248.4,52.33,222.3,3559.3999999999996,3636.8,52.27,14.9,SELL,3,52.27,248.4,52.26,163.5,52.25,1911.2,52.24,512.8,52.23,723.5,52.33,222.3,52.34,767.9,52.35,371.8,52.36,1229.8,52.37,1045.0
1700000387.0,774,52.3,0.05999999999999517,52.27,409.4,52.33,204.1,3491.7,3042.7999999999997,52.33,66.9,BUY,2,52.27,409.4,52.26,262.1,52.25,1236.4,52.24,647.1,52.23,936.7,52.33,204.1,52.34,938.2,52.35,152.6,52.36,1555.0,52.37,192.9
1700000387.5,775,52.3,0.05999999999999517,52.27,796.4,52.33,778.0,4303.8,2526.2999999999997,52.33,59.8,BUY,4,52.27,796.4,52.26,1512.6,52.25,98.5,52.24,1701.8,52.23,194.5,52.33,778.0,52.34,1129.1,52.35,66.8,52.36,400.3,52.37,152.1
1700000388.0,776,52.29,0.060000000000002274,52.26,483.9,52.32,37.9,7230.700000000001,2496.4,52.32,56.3,BUY,3,52.26,483.9,52.25,316.6,52.24,3729.0,52.23,2402.1,52.22,299.1,52.32,37.9,52.33,383.8,52.34,105.7,52.35,1884.1,52.36,84.9
1700000388.5,777,52.28,0.03999999999999915,52.26,352.6,52.3,558.1,3234.3,4094.9999999999995,52.28,0.0,BUY,0,52.26,352.6,52.25,1234.7,52.24,178.2,52.23,1073.0,52.22,395.8,52.3,558.1,52.31,543.4,52.32,70.3,52.33,1243.1,52.34,1680.1
1700000389.0,778,52.28,0.060000000000002274,52.25,275.4,52.31,523.3,1224.6000000000001,4448.7,52.28,0.0,BUY,0,52.25,275.4,52.24,166.4,52.23,254.7,52.22,502.4,52.21,25.7,52.31,523.3,52.32,93.4,52.33,318.4,52.34,981.0,52.35,2532.6
1700000389.5,779,52.275,0.04999999999999716,52.25,679.8,52.3,1278.9,1447.9,3696.3,52.3,21.3,BUY,1,52.25,679.8,52.24,243.9,52.23,251.8,52.22,262.4,52.21,10.0,52.3,1278.9,52.31,143.7,52.32,10.0,52.33,1745.3,52.34,518.4
1700000390.0,780,52.269999999999996,0.05999999999999517,52.24,129.8,52.3,57.1,1806.3,6585.7,52.269999999999996,0.0,BUY,0,52.24,129.8,52.23,77.9,52.22,878.1,52.21,441.7,52.2,278.8,52.3,57.1,52.31,212.4,52.32,210.3,52.33,3756.9,52.34,2349.0
1700000390.5,781,52.254999999999995,0.05000000000000426,52.23,366.8,52.28,1233.1,1867.6999999999998,2355.2999999999997,52.28,5.0,BUY,2,52.23,366.8,52.22,111.1,52.21,395.5,52.2,265.2,52.19,729.1,52.28,1233.1,52.29,556.0,52.3,302.2,52.31,44.0,52.32,220.0
1700000391.0,782,52.26,0.060000000000002274,52.23,10.0,52.29,43.8,2640.9,2287.9,52.26,0.0,BUY,0,52.23,10.0,52.22,615.7,52.21,494.1,52.2,1496.9,52.19,24.2,52.29,43.8,52.3,171.0,52.31,1016.6,52.32,404.4,52.33,652.1
1700000391.5,783,52.26,0.060000000000002274,52.23,571.9,52.29,347.1,1889.2,2082.0,52.29,50.8,BUY,1,52.23,571.9,52.22,181.1,52.21,390.2,52.2,131.2,52.19,614.8,52.29,347.1,52.3,254.6,52.31,712.1,52.32,11.7,52.33,756.5
1700000392.0,784,52.25,0.04000000000000625,52.23,1724.1,52.27,131.9,3945.7999999999997,4835.5,52.27,6.0,BUY,1,52.23,1724.1,52.22,147.4,52.21,339.4,52.2,1203.3,52.19,531.6,52.27,131.9,52.28,724.2,52.29,681.5,52.3,1171.3,52.31,2126.6
1700000392.5,785,52.25,0.060000000000002274,52.22,755.2,52.28,476.2,3117.4,5239.200000000001,52.22,40.6,SELL,4,52.22,755.2,52.21,611.6,52.2,925.4,52.19,384.0,52.18,441.2,52.28,476.2,52.29,390.9,52.3,1581.4,52.31,67.8,52.32,2722.9
1700000393.0,786,52.25,0.060000000000002274,52.22,96.2,52.28,514.4,1467.4,2071.7000000000003,52.22,19.1,SELL,1,52.22,96.2,52.21,110.5,52.2,888.7,52.19,161.2,52.18,210.8,52.28,514.4,52.29,305.6,52.3,258.7,52.31,498.6,52.32,494.4
1700000393.5,787,52.24,0.060000000000002274,52.21,10.0,52.27,1026.3,3520.7000000000003,5602.200000000001,52.21,101.3,SELL,3,52.21,10.0,52.2,820.8,52.19,809.2,52.18,1123.8,52.17,756.9,52.27,1026.3,52.28,470.6,52.29,669.2,52.3,2364.2,52.31,1071.9
1700000394.0,788,52.24,0.060000000000002274,52.21,229.3,52.27,184.0,2518.8,2998.1000000000004,52.27,21.6,BUY,5,52.21,229.3,52.2,408.5,52.19,870.6,52.18,306.8,52.17,703.6,52.27,184.0,52.28,607.3,52.29,681.1,52.3,1429.9,52.31,95.8
1700000394.5,789,52.245000000000005,0.05000000000000426,52.22,77.3,52.27,10.0,1201.8,709.1,52.27,118.1,BUY,1,52.22,77.3,52.21,72.3,52.2,107.1,52.19,10.0,52.18,935.1,52.27,10.0,52.28,61.1,52.29,10.0,52.3,410.0,52.31,218.0
1700000395.0,790,52.24,0.060000000000002274,52.21,17.5,52.27,950.7,2796.3,6306.4,52.27,52.7,BUY,1,52.21,17.5,52.2,263.7,52.19,297.4,52.18,463.9,52.17,1753.8,52.27,950.7,52.28,194.5,52.29,1268.4,52.3,2156.4,52.31,1736.4
1700000395.5,791,52.245000000000005,0.05000000000000426,52.22,281.2,52.27,350.0,2114.7,3990.1000000000004,52.22,40.1,SELL,3,52.22,281.2,52.21,429.4,52.2,90.8,52.19,651.8,52.18,661.5,52.27,350.0,52.28,536.0,52.29,226.3,52.3,692.5,52.31,2185.3
1700000396.0,792,52.24,0.060000000000002274,52.21,10.0,52.27,780.6,2538.3,2265.0,52.27,61.8,BUY,1,52.21,10.0,52.2,394.8,52.19,300.2,52.18,1700.8,52.17,132.5,52.27,780.6,52.28,302.9,52.29,366.4,52.3,242.7,52.31,572.4
1700000396.5,793,52.24,0.060000000000002274,52.21,10.0,52.27,65.2,3369.8,2396.6,52.21,29.9,SELL,1,52.21,10.0,52.2,1129.8,52.19,173.8,52.18,286.3,52.17,1769.9,52.27,65.2,52.28,274.5,52.29,1601.2,52.3,186.7,52.31,269.0
1700000397.0,794,52.225,0.04999999999999716,52.2,129.5,52.25,823.2,2334.1,6883.9,52.225,0.0,BUY,0,52.2,129.5,52.19,235.9,52.18,529.5,52.17,805.6,52.16,633.6,52.25,823.2,52.26,387.0,52.27,1120.0,52.28,1525.6,52.29,3028.1
1700000397.5,795,52.230000000000004,0.05999999999999517,52.2,162.0,52.26,14.5,1865.2,1898.1999999999998,52.230000000000004,0.0,BUY,0,52.2,162.0,52.19,125.6,52.18,531.7,52.17,234.9,52.16,811.0,52.26,14.5,52.27,100.6,52.28,329.3,52.29,535.3,52.3,918.5
1700000398.0,796,52.230000000000004,0.05999999999999517,52.2,21.8,52.26,632.5,3902.7,1932.2000000000003,52.230000000000004,0.0,BUY,0,52.2,21.8,52.19,904.3,52.18,731.7,52.17,1631.1,52.16,613.8,52.26,632.5,52.27,263.7,52.28,711.1,52.29,246.9,52.3,78.0
1700000398.5,797,52.24,0.060000000000002274,52.21,385.7,52.27,171.6,2851.7000000000003,4273.4,52.21,37.7,SELL,2,52.21,385.7,52.2,488.0,52.19,1413.8,52.18,157.9,52.17,406.3,52.27,171.6,52.28,644.8,52.29,1405.2,52.3,165.3,52.31,1886.5
1700000399.0,798,52.245000000000005,0.05000000000000426,52.22,96.5,52.27,376.3,2831.3999999999996,4598.200000000001,52.22,97.8,SELL,1,52.22,96.5,52.21,323.3,52.2,10.0,52.19,588.3,52.18,1813.3,52.27,376.3,52.28,980.1,52.29,504.9,52.3,272.4,52.31,2464.5
1700000399.5,799,52.230000000000004,0.05999999999999517,52.2,217.9,52.26,13.8,1696.7,5758.7,52.26,13.9,BUY,4,52.2,217.9,52.19,289.8,52.18,497.9,52.17,659.8,52.16,31.3,52.26,13.8,52.27,1420.4,52.28,2468.2,52.29,1563.5,52.3,292.8
1700000400.0,800,52.230000000000004,0.05999999999999517,52.2,139.3,52.26,1268.1,1602.1,2741.8,52.2,76.5,SELL,3,52.2,139.3,52.19,161.8,52.18,706.6,52.17,193.3,52.16,401.1,52.26,1268.1,52.27,191.5,52.28,73.5,52.29,1122.7,52.3,86.0
1700000400.5,801,52.230000000000004,0.05999999999999517,52.2,520.8,52.26,370.4,3899.7,3283.8,52.230000000000004,0.0,BUY,0,52.2,520.8,52.19,439.9,52.18,1281.6,52.17,709.7,52.16,947.7,52.26,370.4,52.27,1140.9,52.28,502.8,52.29,1238.2,52.3,31.5
1700000401.0,802,51.82,0.060000000000002274,51.79,315.5,51.85,19.6,1218.5,4404.2,51.79,9.3,SELL,1,51.79,315.5,51.78,25.7,51.77,117.1,51.76,266.1,51.75,494.1,51.85,19.6,51.86,521.9,51.87,1987.7,51.88,761.8,51.89,1113.2
1700000401.5,803,51.82,0.060000000000002274,51.79,1562.2,51.85,1041.1,5013.4,2296.7,51.79,15.1,SELL,2,51.79,1562.2,51.78,650.9,51.77,56.5,51.76,602.8,51.75,2141.0,51.85,1041.1,51.86,234.2,51.87,222.5,51.88,245.4,51.89,553.5
1700000402.0,804,51.82,0.060000000000002274,51.79,72.7,51.85,404.8,4163.4,1134.3000000000002,51.85,5.0,BUY,2,51.79,72.7,51.78,52.8,51.77,620.8,51.76,1361.1,51.75,2056.0,51.85,404.8,51.86,55.5,51.87,525.6,51.88,137.4,51.89,11.0
1700000402.5,805,47.065,0.05000000000000426,47.04,251.6,47.09,337.3,2725.0,3919.8999999999996,47.09,38.2,BUY,2,47.04,251.6,47.03,120.9,47.02,1304.2,47.01,572.3,47.0,476.0,47.09,337.3,47.1,551.3,47.11,82.9,47.12,1946.7,47.13,1001.7
1700000403.0,806,47.06,0.060000000000002274,47.03,137.1,47.09,364.7,3413.1000000000004,4603.000000000001,47.09,166.9,BUY,3,47.03,137.1,47.02,381.2,47.01,10.0,47.0,389.5,46.99,2495.3,47.09,364.7,47.1,34.1,47.11,2694.8,47.12,627.8,47.13,881.6
1700000403.5,807,47.06,0.060000000000002274,47.03,459.7,47.09,261.4,3128.5,5766.8,47.03,6.7,SELL,2,47.03,459.7,47.02,1350.2,47.01,652.7,47.0,393.7,46.99,272.2,47.09,261.4,47.1,222.6,47.11,830.1,47.12,1373.4,47.13,3079.3
1700000404.0,808,47.065,0.05000000000000426,47.04,31.0,47.09,1093.5,3709.8,4541.1,47.09,42.3,BUY,1,47.04,31.0,47.03,232.1,47.02,82.7,47.01,2054.8,47.0,1309.2,47.09,1093.5,47.1,631.8,47.11,287.5,47.12,1139.5,47.13,1388.8
1700000404.5,809,47.05,0.05999999999999517,47.02,61.2,47.08,56.4,1997.8999999999999,1525.6,47.08,5.0,BUY,2,47.02,61.2,47.01,396.5,47.0,308.9,46.99,98.2,46.98,1133.1,47.08,56.4,47.09,96.2,47.1,1090.7,47.11,113.8,47.12,168.5
1700000405.0,810,47.05,0.05999999999999517,47.02,967.1,47.08,575.4,2976.4,4113.9,47.02,25.2,SELL,3,47.02,967.1,47.01,1332.5,47.0,273.3,46.99,17.0,46.98,386.5,47.08,575.4,47.09,21.9,47.1,125.6,47.11,1581.6,47.12,1809.4
1700000405.5,811,47.05,0.05999999999999517,47.02,533.4,47.08,1232.2,2833.7999999999997,5353.0,47.08,6.3,BUY,1,47.02,533.4,47.01,504.2,47.0,372.8,46.99,1390.2,46.98,33.2,47.08,1232.2,47.09,341.0,47.1,1534.7,47.11,1700.2,47.12,544.9
1700000406.0,812,47.05,0.05999999999999517,47.02,1108.5,47.08,271.7,3133.5,5741.4,47.08,115.9,BUY,1,47.02,1108.5,47.01,15.6,47.0,132.2,46.99,1187.8,46.98,689.4,47.08,271.7,47.09,658.6,47.1,1009.3,47.11,1329.3,47.12,2472.5
1700000406.5,813,47.04,0.060000000000002274,47.01,262.0,47.07,27.3,1220.0000000000002,1910.3,47.07,9.9,BUY,2,47.01,262.0,47.0,814.2,46.99,10.7,46.98,113.7,46.97,19.4,47.07,27.3,47.08,324.3,47.09,764.5,47.1,453.2,47.11,341.0
1700000407.0,814,47.04,0.060000000000002274,47.01,821.9,47.07,150.3,4165.2,1494.5,47.04,0.0,BUY,0,47.01,821.9,47.0,72.9,46.99,642.4,46.98,1857.9,46.97,770.1,47.07,150.3,47.08,120.5,47.09,892.6,47.1,252.3,47.11,78.8
1700000407.5,815,47.03,0.060000000000002274,47.0,827.7,47.06,44.4,5596.5,3261.1000000000004,47.0,32.4,SELL,2,47.0,827.7,46.99,718.2,46.98,429.6,46.97,1788.8,46.96,1832.2,47.06,44.4,47.07,1771.9,47.08,215.5,47.09,294.3,47.1,935.0
1700000408.0,816,47.03,0.060000000000002274,47.0,118.4,47.06,508.1,2009.6,4437.0,47.06,5.0,BUY,3,47.0,118.4,46.99,1041.3,46.98,341.9,46.97,193.5,46.96,314.5,47.06,508.1,47.07,1018.5,47.08,209.7,47.09,871.8,47.1,1828.9
1700000408.5,817,47.03,0.03999999999999915,47.01,166.2,47.05,28.8,8761.9,3712.3,47.05,31.0,BUY,1,47.01,166.2,47.0,22.3,46.99,1674.2,46.98,2534.5,46.97,4364.7,47.05,28.8,47.06,837.1,47.07,772.4,47.08,113.4,47.09,1960.6
1700000409.0,818,47.03,0.060000000000002274,47.0,338.2,47.06,1109.7,4244.6,2261.1,47.0,43.5,SELL,1,47.0,338.2,46.99,125.9,46.98,223.9,46.97,129.2,46.96,3427.4,47.06,1109.7,47.07,555.2,47.08,130.8,47.09,10.0,47.1,455.4
1700000409.5,819,47.03,0.060000000000002274,47.0,238.1,47.06,650.7,1530.8,3229.1,47.06,6.0,BUY,2,47.0,238.1,46.99,88.3,46.98,110.2,46.97,90.5,46.96,1003.7,47.06,650.7,47.07,803.6,47.08,60.1,47.09,798.6,47.1,916.1
1700000410.0,820,47.025,0.04999999999999716,47.0,16.0,47.05,199.3,1782.8999999999999,1801.1,47.0,5.0,SELL,2,47.0,16.0,46.99,918.0,46.98,571.8,46.97,232.5,46.96,44.6,47.05,199.3,47.06,565.9,47.07,284.5,47.08,357.9,47.09,393.5
1700000410.5,821,47.019999999999996,0.05999999999999517,46.99,624.2,47.05,63.1,5673.0,1466.5999999999997,46.99,40.8,SELL,1,46.99,624.2,46.98,1541.6,46.97,1616.4,46.96,392.6,46.95,1498.2,47.05,63.1,47.06,1044.8,47.07,57.1,47.08,118.5,47.09,183.1
1700000411.0,822,47.01,0.060000000000002274,46.98,10.8,47.04,19.4,2999.2999999999997,1222.1,47.04,53.4,BUY,1,46.98,10.8,46.97,677.8,46.96,1668.3,46.95,424.0,46.94,218.4,47.04,19.4,47.05,308.5,47.06,473.7,47.07,186.4,47.08,234.1
1700000411.5,823,47.01,0.060000000000002274,46.98,132.4,47.04,770.8,1862.2999999999997,4113.4,47.01,0.0,BUY,0,46.98,132.4,46.97,57.4,46.96,1039.3,46.95,333.6,46.94,299.6,47.04,770.8,47.05,1059.1,47.06,563.9,47.07,104.4,47.08,1615.2
1700000412.0,824,47.01,0.060000000000002274,46.98,162.2,47.04,218.0,2391.2,4886.9,46.98,18.8,SELL,3,46.98,162.2,46.97,1635.4,46.96,298.8,46.95,146.2,46.94,148.6,47.04,218.0,47.05,649.5,47.06,1107.3,47.07,1400.3,47.08,1511.8
1700000412.5,825,47.004999999999995,0.05000000000000426,46.98,102.6,47.03,41.2,2122.8,3657.8,46.98,160.4,SELL,1,46.98,102.6,46.97,274.8,46.96,53.8,46.95,119.7,46.94,1571.9,47.03,41.2,47.04,1174.4,47.05,1078.2,47.06,1067.9,47.07,296.1
1700000413.0,826,49.5,0.060000000000002274,49.47,213.6,49.53,533.2,4679.0,5234.599999999999,49.47,69.3,SELL,4,49.47,213.6,49.46,883.5,49.45,248.2,49.44,1414.5,49.43,1919.2,49.53,533.2,49.54,73.9,49.55,2367.0,49.56,214.2,49.57,2046.3
1700000413.5,827,49.49,0.060000000000002274,49.46,337.6,49.52,1432.1,3200.1000000000004,3207.1,49.52,5.0,BUY,1,49.46,337.6,49.45,1340.8,49.44,457.3,49.43,754.5,49.42,309.9,49.52,1432.1,49.53,209.7,49.54,109.9,49.55,966.5,49.56,488.9
1700000414.0,828,49.49,0.060000000000002274,49.46,1135.8,49.52,224.9,2409.5,1011.0,49.46,66.3,SELL,2,49.46,1135.8,49.45,151.2,49.44,33.3,49.43,326.9,49.42,762.3,49.52,224.9,49.53,76.7,49.54,105.8,49.55,125.8,49.56,477.8
1700000414.5,829,49.49,0.060000000000002274,49.46,520.7,49.52,174.7,3217.7000000000003,5593.099999999999,49.52,16.2,BUY,2,49.46,520.7,49.45,218.5,49.44,346.6,49.43,299.5,49.42,1832.4,49.52,174.7,49.53,57.2,49.54,4230.3,49.55,260.0,49.56,870.9
1700000415.0,830,49.49,0.060000000000002274,49.46,147.7,49.52,1719.7,4192.7,3989.1,49.46,32.6,SELL,1,49.46,147.7,49.45,190.0,49.44,191.6,49.43,549.7,49.42,3113.7,49.52,1719.7,49.53,315.1,49.54,895.2,49.55,762.7,49.56,296.4
1700000415.5,831,49.49,0.060000000000002274,49.46,133.7,49.52,1011.5,1545.8000000000002,1542.6,49.46,65.8,SELL,2,49.46,133.7,49.45,463.8,49.44,663.9,49.43,121.4,49.42,163.0,49.52,1011.5,49.53,10.1,49.54,181.6,49.55,173.1,49.56,166.3
1700000416.0,832,49.495000000000005,0.05000000000000426,49.47,151.2,49.52,263.7,1865.1999999999998,5683.0,49.52,201.6,BUY,2,49.47,151.2,49.46,164.6,49.45,936.4,49.44,291.8,49.43,321.2,49.52,263.7,49.53,1079.8,49.54,2033.3,49.55,246.3,49.56,2059.9
1700000416.5,833,49.129999999999995,0.05999999999999517,49.1,642.2,49.16,459.3,6199.0,2564.8999999999996,49.16,19.0,BUY,2,49.1,642.2,49.09,654.8,49.08,208.1,49.07,3012.3,49.06,1681.6,49.16,459.3,49.17,61.6,49.18,374.5,49.19,203.9,49.2,1465.6
1700000417.0,834,49.129999999999995,0.05999999999999517,49.1,410.3,49.16,118.4,1743.3,2754.7,49.16,5.6,BUY,4,49.1,410.3,49.09,109.0,49.08,66.1,49.07,921.2,49.06,236.7,49.16,118.4,49.17,235.3,49.18,10.8,49.19,1923.5,49.2,466.7
1700000417.5,835,49.135,0.04999999999999716,49.11,165.0,49.16,402.8,2402.1000000000004,2269.4,49.11,51.9,SELL,3,49.11,165.0,49.1,1251.0,49.09,74.9,49.08,69.2,49.07,842.0,49.16,402.8,49.17,43.1,49.18,109.5,49.19,1297.9,49.2,416.1
1700000418.0,836,49.129999999999995,0.05999999999999517,49.1,157.6,49.16,58.8,1160.5,1068.1,49.16,50.0,BUY,1,49.1,157.6,49.09,481.3,49.08,28.8,49.07,482.8,49.06,10.0,49.16,58.8,49.17,158.8,49.18,164.8,49.19,227.2,49.2,458.5
1700000418.5,837,49.129999999999995,0.05999999999999517,49.1,111.3,49.16,108.2,1341.6999999999998,3075.0,49.129999999999995,0.0,BUY,0,49.1,111.3,49.09,277.9,49.08,660.9,49.07,200.8,49.06,90.8,49.16,108.2,49.17,111.2,49.18,381.3,49.19,997.2,49.2,1477.1
1700000419.0,838,49.120000000000005,0.05999999999999517,49.09,10.0,49.15,20.9,1931.5,1920.8,49.15,30.3,BUY,4,49.09,10.0,49.08,10.0,49.07,430.0,49.06,672.8,49.05,808.7,49.15,20.9,49.16,174.7,49.17,136.1,49.18,38.3,49.19,1550.8
1700000419.5,839,49.120000000000005,0.05999999999999517,49.09,132.7,49.15,167.0,7649.1,2951.6000000000004,49.15,77.7,BUY,3,49.09,132.7,49.08,875.8,49.07,117.6,49.06,755.9,49.05,5767.1,49.15,167.0,49.16,380.5,49.17,517.2,49.18,118.7,49.19,1768.2
1700000420.0,840,49.115,0.04999999999999716,49.09,78.4,49.14,66.9,1218.8999999999999,1618.3000000000002,49.14,22.5,BUY,1,49.09,78.4,49.08,415.9,49.07,624.2,49.06,55.8,49.05,44.6,49.14,66.9,49.15,104.6,49.16,379.4,49.17,591.0,49.18,476.4
1700000420.5,841,49.120000000000005,0.05999999999999517,49.09,761.2,49.15,69.5,4534.3,2413.0,49.15,33.6,BUY,3,49.09,761.2,49.08,758.0,49.07,322.7,49.06,564.2,49.05,2128.2,49.15,69.5,49.16,200.4,49.17,639.7,49.18,1023.3,49.19,480.1
1700000421.0,842,49.120000000000005,0.05999999999999517,49.09,403.5,49.15,42.4,3762.9,2917.5,49.15,14.1,BUY,3,49.09,403.5,49.08,260.2,49.07,200.1,49.06,1784.0,49.05,1115.1,49.15,42.4,49.16,153.3,49.17,1793.7,49.18,165.9,49.19,762.2
1700000421.5,843,49.11,0.060000000000002274,49.08,177.8,49.14,371.0,1757.8,2867.9,49.14,75.8,BUY,4,49.08,177.8,49.07,1278.4,49.06,56.0,49.05,70.3,49.04,175.3,49.14,371.0,49.15,42.7,49.16,1440.0,49.17,800.7,49.18,213.5
1700000422.0,844,49.11,0.060000000000002274,49.08,235.4,49.14,198.3,2339.7999999999997,3016.6,49.14,82.5,BUY,1,49.08,235.4,49.07,88.1,49.06,135.9,49.05,1454.2,49.04,426.2,49.14,198.3,49.15,342.4,49.16,124.3,49.17,1766.6,49.18,585.0
1700000422.5,845,49.11,0.060000000000002274,49.08,10.0,49.14,308.2,935.9,5907.700000000001,49.08,5.0,SELL,1,49.08,10.0,49.07,685.0,49.06,51.7,49.05,95.9,49.04,93.3,49.14,308.2,49.15,173.3,49.16,365.7,49.17,1603.2,49.18,3457.3
1700000423.0,846,49.11,0.060000000000002274,49.08,242.0,49.14,174.9,2471.7,2906.6000000000004,49.14,11.6,BUY,2,49.08,242.0,49.07,123.7,49.06,94.6,49.05,1218.7,49.04,792.7,49.14,174.9,49.15,323.2,49.16,652.0,49.17,1553.2,49.18,203.3
1700000423.5,847,49.11,0.060000000000002274,49.08,212.9,49.14,25.1,2323.6,865.0000000000001,49.14,9.8,BUY,2,49.08,212.9,49.07,181.2,49.06,115.7,49.05,668.7,49.04,1145.1,49.14,25.1,49.15,306.5,49.16,69.6,49.17,377.7,49.18,86.1
1700000424.0,848,49.11,0.060000000000002274,49.08,759.8,49.14,826.3,6341.3,3523.0999999999995,49.08,16.6,SELL,2,49.08,759.8,49.07,567.7,49.06,308.7,49.05,1055.8,49.04,3649.3,49.14,826.3,49.15,954.7,49.16,787.7,49.17,195.6,49.18,758.8
1700000424.5,849,49.11,0.060000000000002274,49.08,439.8,49.14,113.4,889.9,7522.1,49.14,5.0,BUY,3,49.08,439.8,49.07,15.2,49.06,197.9,49.05,116.5,49.04,120.5,49.14,113.4,49.15,176.0,49.16,1053.8,49.17,3803.8,49.18,2375.1
1700000425.0,850,49.11,0.03999999999999915,49.09,263.2,49.13,360.2,3893.4,2244.9,49.09,5.0,SELL,2,49.09,263.2,49.08,317.4,49.07,295.5,49.06,91.4,49.05,2925.9,49.13,360.2,49.14,333.1,49.15,236.9,49.16,854.7,49.17,460.0
1700000425.5,851,49.11,0.060000000000002274,49.08,124.5,49.14,397.4,899.1,2140.1,49.11,0.0,BUY,0,49.08,124.5,49.07,126.0,49.06,223.3,49.05,98.3,49.04,327.0,49.14,397.4,49.15,312.9,49.16,500.1,49.17,878.1,49.18,51.6
1700000426.0,852,49.11,0.060000000000002274,49.08,17.3,49.14,252.2,2283.8,2357.3,49.14,65.8,BUY,1,49.08,17.3,49.07,793.0,49.06,429.5,49.05,913.6,49.04,130.4,49.14,252.2,49.15,505.2,49.16,576.7,49.17,408.9,49.18,614.3
1700000426.5,853,49.1,0.060000000000002274,49.07,24.6,49.13,877.3,1520.6999999999998,2891.1,49.13,23.9,BUY,2,49.07,24.6,49.06,334.8,49.05,38.5,49.04,676.4,49.03,446.4,49.13,877.3,49.14,462.7,49.15,108.6,49.16,560.9,49.17,881.6
1700000427.0,854,49.1,0.060000000000002274,49.07,338.4,49.13,728.0,2637.3999999999996,3776.1000000000004,49.07,124.0,SELL,4,49.07,338.4,49.06,350.7,49.05,561.9,49.04,426.6,49.03,959.8,49.13,728.0,49.14,800.8,49.15,572.0,49.16,595.1,49.17,1080.2
1700000427.5,855,49.099999999999994,0.03999999999999915,49.08,83.1,49.12,270.2,2575.1,3159.9,49.12,119.3,BUY,4,49.08,83.1,49.07,213.5,49.06,272.1,49.05,1534.0,49.04,472.4,49.12,270.2,49.13,160.8,49.14,120.3,49.15,2155.5,49.16,453.1
1700000428.0,856,49.09,0.05999999999999517,49.06,105.4,49.12,574.7,1516.4,2940.0,49.12,11.9,BUY,2,49.06,105.4,49.05,501.6,49.04,142.0,49.03,436.4,49.02,331.0,49.12,574.7,49.13,74.5,49.14,201.0,49.15,639.0,49.16,1450.8
1700000428.5,857,49.09,0.05999999999999517,49.06,92.7,49.12,113.2,819.5,2370.6,49.06,5.0,SELL,2,49.06,92.7,49.05,170.3,49.04,415.0,49.03,99.2,49.02,42.3,49.12,113.2,49.13,471.0,49.14,597.5,49.15,815.8,49.16,373.1
1700000429.0,858,49.08,0.060000000000002274,49.05,492.2,49.11,88.4,1489.3,2179.4,49.11,101.6,BUY,4,49.05,492.2,49.04,92.5,49.03,685.4,49.02,205.5,49.01,13.7,49.11,88.4,49.12,234.4,49.13,1209.7,49.14,484.3,49.15,162.6
1700000429.5,859,49.07,0.04000000000000625,49.05,35.2,49.09,1013.5,822.5,4695.299999999999,49.07,0.0,BUY,0,49.05,35.2,49.04,110.7,49.03,208.0,49.02,10.0,49.01,458.6,49.09,1013.5,49.1,1322.6,49.11,1565.0,49.12,170.7,49.13,623.5
1700000430.0,860,49.07,0.060000000000002274,49.04,277.8,49.1,354.4,3121.9,5404.000000000001,49.04,39.8,SELL,4,49.04,277.8,49.03,286.1,49.02,1840.1,49.01,484.1,49.0,233.8,49.1,354.4,49.11,1699.4,49.12,1983.9,49.13,926.0,49.14,440.3
1700000430.5,861,49.07,0.060000000000002274,49.04,417.4,49.1,1264.5,2693.3,2838.5999999999995,49.1,27.9,BUY,1,49.04,417.4,49.03,508.1,49.02,149.3,49.01,817.5,49.0,801.0,49.1,1264.5,49.11,120.3,49.12,731.9,49.13,360.2,49.14,361.7
1700000431.0,862,49.07,0.04000000000000625,49.05,375.1,49.09,182.6,2540.9,4602.5,49.05,67.0,SELL,2,49.05,375.1,49.04,94.5,49.03,758.4,49.02,42.7,49.01,1270.2,49.09,182.6,49.1,274.9,49.11,928.0,49.12,622.8,49.13,2594.2
1700000431.5,863,43.519999999999996,0.05999999999999517,43.49,57.0,43.55,36.2,2991.3,3284.5,43.519999999999996,0.0,BUY,0,43.49,57.0,43.48,288.8,43.47,390.6,43.46,1701.2,43.45,553.7,43.55,36.2,43.56,795.5,43.57,1448.0,43.58,40.0,43.59,964.8
1700000432.0,864,43.519999999999996,0.05999999999999517,43.49,22.6,43.55,654.8,2342.2,4978.099999999999,43.55,74.5,BUY,1,43.49,22.6,43.48,275.3,43.47,511.2,43.46,220.0,43.45,1313.1,43.55,654.8,43.56,714.9,43.57,110.9,43.58,543.3,43.59,2954.2
1700000432.5,865,43.519999999999996,0.05999999999999517,43.49,767.7,43.55,1254.3,3167.6000000000004,2338.2,43.49,117.9,SELL,3,43.49,767.7,43.48,708.4,43.47,10.0,43.46,1532.2,43.45,149.3,43.55,1254.3,43.56,180.9,43.57,323.9,43.58,112.6,43.59,466.5
1700000433.0,866,43.519999999999996,0.05999999999999517,43.49,943.2,43.55,778.3,2109.1,4440.3,43.55,14.1,BUY,4,43.49,943.2,43.48,369.3,43.47,200.3,43.46,557.7,43.45,38.6,43.55,778.3,43.56,240.9,43.57,189.4,43.58,1997.9,43.59,1233.8
1700000433.5,867,43.519999999999996,0.05999999999999517,43.49,273.6,43.55,119.4,2430.4,3587.2,43.55,20.1,BUY,1,43.49,273.6,43.48,145.0,43.47,551.4,43.46,641.7,43.45,818.7,43.55,119.4,43.56,1612.8,43.57,117.8,43.58,1694.0,43.59,43.2
1700000434.0,868,43.519999999999996,0.05999999999999517,43.49,55.1,43.55,466.3,142.4,4886.5,43.55,40.4,BUY,5,43.49,55.1,43.48,57.3,43.47,10.0,43.46,10.0,43.45,10.0,43.55,466.3,43.56,513.7,43.57,3134.8,43.58,617.7,43.59,154.0
1700000434.5,869,43.519999999999996,0.05999999999999517,43.49,243.2,43.55,554.6,1855.4,2413.3,43.55,5.0,BUY,2,43.49,243.2,43.48,65.6,43.47,567.9,43.46,94.7,43.45,884.0,43.55,554.6,43.56,541.5,43.57,293.9,43.58,399.1,43.59,624.2
1700000435.0,870,43.519999999999996,0.05999999999999517,43.49,502.8,43.55,357.7,2536.9,1406.6,43.49,5.0,SELL,3,43.49,502.8,43.48,437.4,43.47,206.7,43.46,474.5,43.45,915.5,43.55,357.7,43.56,505.6,43.57,62.4,43.58,112.7,43.59,368.2
1700000435.5,871,43.519999999999996,0.05999999999999517,43.49,263.0,43.55,207.1,1748.3,1889.3000000000002,43.55,9.8,BUY,1,43.49,263.0,43.48,73.4,43.47,657.8,43.46,268.9,43.45,485.2,43.55,207.1,43.56,856.1,43.57,518.7,43.58,246.5,43.59,60.9
1700000436.0,872,43.51,0.060000000000002274,43.48,212.7,43.54,174.2,2601.1000000000004,3430.4,43.48,8.7,SELL,2,43.48,212.7,43.47,238.1,43.46,1913.5,43.45,226.3,43.44,10.5,43.54,174.2,43.55,262.6,43.56,1430.5,43.57,1226.2,43.58,336.9
1700000436.5,873,44.07,0.060000000000002274,44.04,696.4,44.1,708.9,2270.2000000000003,2763.6000000000004,44.1,8.8,BUY,4,44.04,696.4,44.03,412.3,44.02,433.5,44.01,649.2,44.0,78.8,44.1,708.9,44.11,336.7,44.12,45.9,44.13,560.7,44.14,1111.4
1700000437.0,874,44.07,0.060000000000002274,44.04,306.6,44.1,206.4,3056.0,3661.5,44.04,9.1,SELL,1,44.04,306.6,44.03,196.1,44.02,504.8,44.01,1571.8,44.0,476.7,44.1,206.4,44.11,607.4,44.12,1622.4,44.13,379.5,44.14,845.8
1700000437.5,875,44.07,0.060000000000002274,44.04,10.0,44.1,269.8,681.2,1751.0,44.1,121.8,BUY,4,44.04,10.0,44.03,114.0,44.02,283.0,44.01,10.0,44.0,264.2,44.1,269.8,44.11,92.1,44.12,152.0,44.13,24.8,44.14,1212.3
1700000438.0,876,44.075,0.05000000000000426,44.05,44.5,44.1,366.3,557.4,5893.700000000001,44.1,6.4,BUY,1,44.05,44.5,44.04,33.2,44.03,26.2,44.02,348.5,44.01,105.0,44.1,366.3,44.11,118.7,44.12,699.9,44.13,2024.4,44.14,2684.4
1700000438.5,877,44.08,0.060000000000002274,44.05,132.7,44.11,223.6,2272.8,2986.9,44.08,0.0,BUY,0,44.05,132.7,44.04,531.3,44.03,50.5,44.02,676.5,44.01,881.8,44.11,223.6,44.12,923.4,44.13,164.7,44.14,833.7,44.15,841.5
1700000439.0,878,44.075,0.05000000000000426,44.05,682.0,44.1,20.1,4435.3,3880.7999999999997,44.1,21.9,BUY,2,44.05,682.0,44.04,74.9,44.03,137.4,44.02,2586.7,44.01,954.3,44.1,20.1,44.11,3073.7,44.12,655.0,44.13,43.0,44.14,89.0
1700000439.5,879,44.08,0.060000000000002274,44.05,539.1,44.11,279.2,2159.2,970.0,44.11,23.1,BUY,3,44.05,539.1,44.04,201.0,44.03,80.0,44.02,761.8,44.01,577.3,44.11,279.2,44.12,23.6,44.13,165.6,44.14,343.0,44.15,158.6
1700000440.0,880,44.07,0.060000000000002274,44.04,217.3,44.1,240.6,2956.1,5318.400000000001,44.07,0.0,BUY,0,44.04,217.3,44.03,96.8,44.02,24.5,44.01,2355.2,44.0,262.3,44.1,240.6,44.11,1543.5,44.12,1705.4,44.13,1147.8,44.14,681.1
1700000440.5,881,44.07,0.060000000000002274,44.04,44.5,44.1,425.7,1569.1999999999998,3459.1,44.07,0.0,BUY,0,44.04,44.5,44.03,1046.8,44.02,82.3,44.01,57.7,44.0,337.9,44.1,425.7,44.11,244.8,44.12,1089.2,44.13,1325.8,44.14,373.6
1700000441.0,882,44.06,0.060000000000002274,44.03,675.1,44.09,132.1,1514.3000000000002,4509.0,44.06,0.0,BUY,0,44.03,675.1,44.02,254.7,44.01,10.0,44.0,329.1,43.99,245.4,44.09,132.1,44.1,60.5,44.11,237.8,44.12,3399.9,44.13,678.7
1700000441.5,883,44.06,0.060000000000002274,44.03,203.2,44.09,254.0,3086.2,1989.1,44.09,10.8,BUY,1,44.03,203.2,44.02,447.5,44.01,659.4,44.0,33.6,43.99,1742.5,44.09,254.0,44.1,706.4,44.11,86.7,44.12,667.8,44.13,274.2
1700000442.0,884,44.05,0.05999999999999517,44.02,21.9,44.08,152.6,1504.3,5680.299999999999,44.02,51.3,SELL,8,44.02,21.9,44.01,300.1,44.0,454.8,43.99,687.5,43.98,40.0,44.08,152.6,44.09,1194.2,44.1,432.4,44.11,579.7,44.12,3321.4
1700000442.5,885,44.04,0.060000000000002274,44.01,54.9,44.07,122.3,2787.0,5358.2,44.07,23.6,BUY,2,44.01,54.9,44.0,545.6,43.99,551.0,43.98,511.8,43.97,1123.7,44.07,122.3,44.08,669.1,44.09,899.0,44.1,1408.8,44.11,2259.0
1700000443.0,886,44.04,0.060000000000002274,44.01,124.6,44.07,158.6,2398.8,1268.3,44.01,11.6,SELL,3,44.01,124.6,44.0,792.4,43.99,1123.3,43.98,345.7,43.97,12.8,44.07,158.6,44.08,437.4,44.09,87.2,44.1,441.8,44.11,143.3
1700000443.5,887,44.04,0.060000000000002274,44.01,114.8,44.07,725.5,3236.8,4890.4,44.07,5.0,BUY,2,44.01,114.8,44.0,415.9,43.99,666.3,43.98,982.9,43.97,1056.9,44.07,725.5,44.08,2412.6,44.09,10.0,44.1,1106.1,44.11,636.2
1700000444.0,888,40.54,0.060000000000002274,40.51,201.2,40.57,493.8,2278.7999999999997,1855.3000000000002,40.51,24.7,SELL,1,40.51,201.2,40.5,833.5,40.49,720.4,40.48,98.5,40.47,425.2,40.57,493.8,40.58,84.4,40.59,740.3,40.6,517.9,40.61,18.9
1700000444.5,889,40.540000000000006,0.03999999999999915,40.52,10.0,40.56,135.2,1215.2,3283.9,40.52,33.3,SELL,2,40.52,10.0,40.51,98.9,40.5,351.8,40.49,486.4,40.48,268.1,40.56,135.2,40.57,224.8,40.58,646.5,40.59,1660.3,40.6,617.1
1700000445.0,890,40.54,0.060000000000002274,40.51,125.0,40.57,425.2,4334.9,5790.8,40.51,14.0,SELL,5,40.51,125.0,40.5,76.6,40.49,948.4,40.48,449.8,40.47,2735.1,40.57,425.2,40.58,102.3,40.59,122.2,40.6,2188.6,40.61,2952.5
1700000445.5,891,40.54,0.060000000000002274,40.51,302.4,40.57,212.9,2268.5,2059.5,40.51,8.5,SELL,2,40.51,302.4,40.5,173.3,40.49,221.9,40.48,1382.5,40.47,188.4,40.57,212.9,40.58,514.4,40.59,175.9,40.6,1016.8,40.61,139.5
1700000446.0,892,40.540000000000006,0.03999999999999915,40.52,753.0,40.56,96.9,2914.9999999999995,1220.8,40.56,9.2,BUY,2,40.52,753.0,40.51,152.5,40.5,121.8,40.49,1486.1,40.48,401.6,40.56,96.9,40.57,92.6,40.58,716.9,40.59,142.7,40.6,171.7
1700000446.5,893,40.54,0.060000000000002274,40.51,28.3,40.57,796.6,841.2,1916.0,40.51,21.4,SELL,3,40.51,28.3,40.5,125.5,40.49,45.0,40.48,415.6,40.47,226.8,40.57,796.6,40.58,133.3,40.59,250.8,40.6,511.3,40.61,224.0
1700000447.0,894,40.54,0.060000000000002274,40.51,455.9,40.57,261.4,1897.2,1658.0,40.57,38.4,BUY,1,40.51,455.9,40.5,40.1,40.49,307.1,40.48,584.6,40.47,509.5,40.57,261.4,40.58,659.9,40.59,681.5,40.6,45.2,40.61,10.0
1700000447.5,895,40.54,0.060000000000002274,40.51,330.9,40.57,455.6,3747.0,3374.0,40.51,76.9,SELL,1,40.51,330.9,40.5,449.6,40.49,595.2,40.48,1208.8,40.47,1162.5,40.57,455.6,40.58,1098.8,40.59,1052.0,40.6,52.9,40.61,714.7
1700000448.0,896,40.54,0.060000000000002274,40.51,61.0,40.57,1002.7,3886.6000000000004,2496.4,40.57,5.0,BUY,3,40.51,61.0,40.5,371.6,40.49,828.7,40.48,651.6,40.47,1973.7,40.57,1002.7,40.58,346.0,40.59,10.0,40.6,926.4,40.61,211.3
1700000448.5,897,40.54,0.060000000000002274,40.51,649.8,40.57,362.8,2376.6,7495.9,40.57,40.5,BUY,3,40.51,649.8,40.5,88.4,40.49,268.2,40.48,34.4,40.47,1335.8,40.57,362.8,40.58,1180.5,40.59,180.5,40.6,4579.4,40.61,1192.7
1700000449.0,898,40.54,0.060000000000002274,40.51,461.9,40.57,181.6,2632.5,1458.3,40.57,54.2,BUY,3,40.51,461.9,40.5,253.8,40.49,989.4,40.48,778.0,40.47,149.4,40.57,181.6,40.58,10.0,40.59,155.8,40.6,104.1,40.61,1006.8
1700000449.5,899,40.53,0.060000000000002274,40.5,10.0,40.56,843.0,2507.4,2095.0,40.56,114.0,BUY,2,40.5,10.0,40.49,116.0,40.48,941.2,40.47,624.8,40.46,815.4,40.56,843.0,40.57,343.5,40.58,179.3,40.59,673.2,40.6,56.0
1700000450.0,900,40.53,0.060000000000002274,40.5,722.7,40.56,449.3,2127.8,4206.7,40.56,65.2,BUY,1,40.5,722.7,40.49,227.3,40.48,311.7,40.47,176.1,40.46,690.0,40.56,449.3,40.57,405.5,40.58,1049.4,40.59,125.6,40.6,2176.9
1700000450.5,901,40.525,0.04999999999999716,40.5,201.5,40.55,778.4,3571.0,3937.5,40.5,66.4,SELL,2,40.5,201.5,40.49,1393.3,40.48,390.5,40.47,465.9,40.46,1119.8,40.55,778.4,40.56,850.6,40.57,163.5,40.58,1847.6,40.59,297.4
1700000451.0,902,40.51,0.060000000000002274,40.48,322.2,40.54,1010.3,2385.1,3776.0,40.48,12.8,SELL,5,40.48,322.2,40.47,10.0,40.46,82.3,40.45,525.9,40.44,1444.7,40.54,1010.3,40.55,478.9,40.56,1647.3,40.57,366.5,40.58,273.0
1700000451.5,903,40.5,0.060000000000002274,40.47,15.6,40.53,331.3,1926.2,1593.8,40.5,0.0,BUY,0,40.47,15.6,40.46,1477.2,40.45,184.7,40.44,119.2,40.43,129.5,40.53,331.3,40.54,33.6,40.55,77.5,40.56,762.1,40.57,389.3
1700000452.0,904,40.49,0.060000000000002274,40.46,96.9,40.52,10.0,2478.5,1433.0,40.46,16.8,SELL,4,40.46,96.9,40.45,1396.6,40.44,87.4,40.43,368.2,40.42,529.4,40.52,10.0,40.53,182.9,40.54,581.9,40.55,50.2,40.56,608.0
1700000452.5,905,40.495000000000005,0.05000000000000426,40.47,358.5,40.52,123.4,3159.7999999999997,1968.6000000000001,40.47,82.5,SELL,2,40.47,358.5,40.46,1643.8,40.45,332.4,40.44,134.0,40.43,691.1,40.52,123.4,40.53,70.3,40.54,635.0,40.55,356.1,40.56,783.8
1700000453.0,906,40.49,0.060000000000002274,40.46,53.0,40.52,280.3,3722.5000000000005,2646.3999999999996,40.52,45.5,BUY,2,40.46,53.0,40.45,10.0,40.44,1127.7,40.43,2309.9,40.42,221.9,40.52,280.3,40.53,979.8,40.54,338.6,40.55,206.7,40.56,841.0
1700000453.5,907,40.49,0.060000000000002274,40.46,148.0,40.52,56.8,913.2,2486.0,40.49,0.0,BUY,0,40.46,148.0,40.45,397.9,40.44,273.8,40.43,31.1,40.42,62.4,40.52,56.8,40.53,801.5,40.54,587.2,40.55,420.1,40.56,620.4
1700000454.0,908,40.49,0.060000000000002274,40.46,274.0,40.52,586.6,752.6,5608.500000000001,40.46,5.0,SELL,2,40.46,274.0,40.45,10.0,40.44,244.4,40.43,106.6,40.42,117.6,40.52,586.6,40.53,103.1,40.54,823.1,40.55,3167.9,40.56,927.8
1700000454.5,909,40.49,0.060000000000002274,40.46,529.4,40.52,314.0,2507.9,1477.6999999999998,40.46,11.3,SELL,2,40.46,529.4,40.45,14.0,40.44,163.2,40.43,1539.2,40.42,262.1,40.52,314.0,40.53,274.8,40.54,121.9,40.55,472.4,40.56,294.6
1700000455.0,910,40.49,0.060000000000002274,40.46,554.2,40.52,1513.9,5977.4,2710.7,40.46,5.0,SELL,1,40.46,554.2,40.45,292.4,40.44,1949.9,40.43,1015.1,40.42,2165.8,40.52,1513.9,40.53,118.8,40.54,10.7,40.55,148.8,40.56,918.5
1700000455.5,911,40.49,0.060000000000002274,40.46,717.6,40.52,639.3,3553.2,2504.0,40.52,5.2,BUY,4,40.46,717.6,40.45,1220.3,40.44,537.8,40.43,560.6,40.42,516.9,40.52,639.3,40.53,1064.1,40.54,130.3,40.55,200.4,40.56,469.9
1700000456.0,912,40.49,0.060000000000002274,40.46,352.6,40.52,59.3,2096.1,2145.3999999999996,40.46,71.2,SELL,5,40.46,352.6,40.45,266.0,40.44,412.5,40.43,173.1,40.42,891.9,40.52,59.3,40.53,316.3,40.54,678.0,40.55,1081.8,40.56,10.0
1700000456.5,913,40.495000000000005,0.05000000000000426,40.47,30.2,40.52,315.2,2294.6,1966.6,40.47,18.3,SELL,2,40.47,30.2,40.46,267.5,40.45,348.9,40.44,874.4,40.43,773.6,40.52,315.2,40.53,366.9,40.54,10.0,40.55,797.4,40.56,477.1
1700000457.0,914,40.49,0.060000000000002274,40.46,110.0,40.52,78.1,845.4,5754.9,40.46,59.8,SELL,2,40.46,110.0,40.45,38.4,40.44,242.6,40.43,444.4,40.42,10.0,40.52,78.1,40.53,334.6,40.54,105.6,40.55,436.7,40.56,4799.9
1700000457.5,915,40.49,0.060000000000002274,40.46,700.7,40.52,58.4,4380.7,3770.2,40.46,14.7,SELL,6,40.46,700.7,40.45,513.8,40.44,184.9,40.43,2408.0,40.42,573.3,40.52,58.4,40.53,1472.9,40.54,513.5,40.55,119.7,40.56,1605.7
1700000458.0,916,40.49,0.060000000000002274,40.46,437.7,40.52,92.9,2488.3,1764.6000000000001,40.46,26.6,SELL,2,40.46,437.7,40.45,520.8,40.44,194.3,40.43,444.3,40.42,891.2,40.52,92.9,40.53,258.6,40.54,303.6,40.55,217.3,40.56,892.2
1700000458.5,917,40.49,0.060000000000002274,40.46,364.8,40.52,554.1,2170.0,4737.0,40.46,92.8,SELL,1,40.46,364.8,40.45,203.5,40.44,95.4,40.43,659.0,40.42,847.3,40.52,554.1,40.53,2066.0,40.54,180.5,40.55,708.5,40.56,1227.9
1700000459.0,918,40.49,0.060000000000002274,40.46,86.2,40.52,377.8,4008.0,3773.1,40.52,36.6,BUY,1,40.46,86.2,40.45,91.4,40.44,935.4,40.43,1221.9,40.42,1673.1,40.52,377.8,40.53,85.6,40.54,1874.1,40.55,1397.7,40.56,37.9
1700000459.5,919,40.5,0.060000000000002274,40.47,217.5,40.53,991.9,1264.9,5801.500000000001,40.5,0.0,BUY,0,40.47,217.5,40.46,465.5,40.45,111.5,40.44,151.0,40.43,319.4,40.53,991.9,40.54,1955.0,40.55,1218.2,40.56,974.8,40.57,661.6
1700000460.0,920,40.5,0.060000000000002274,40.47,218.3,40.53,38.8,3218.9,2800.1,40.47,12.2,SELL,1,40.47,218.3,40.46,953.3,40.45,528.4,40.44,1147.6,40.43,371.3,40.53,38.8,40.54,49.0,40.55,433.8,40.56,946.9,40.57,1331.6
1700000460.5,921,40.5,0.060000000000002274,40.47,40.3,40.53,19.7,1426.9,1727.2,40.53,57.2,BUY,1,40.47,40.3,40.46,116.0,40.45,356.6,40.44,658.0,40.43,256.0,40.53,19.7,40.54,272.5,40.55,10.0,40.56,229.8,40.57,1195.2
1700000461.0,922,40.5,0.060000000000002274,40.47,184.5,40.53,606.3,3614.0,3210.3999999999996,40.53,8.1,BUY,3,40.47,184.5,40.46,891.5,40.45,1992.5,40.44,237.7,40.43,307.8,40.53,606.3,40.54,167.1,40.55,1060.7,40.56,93.3,40.57,1283.0
1700000461.5,923,39.36,0.060000000000002274,39.33,94.6,39.39,180.2,1313.0,4372.700000000001,39.39,21.2,BUY,1,39.33,94.6,39.32,762.7,39.31,10.0,39.3,70.4,39.29,375.3,39.39,180.2,39.4,1778.6,39.41,64.2,39.42,137.8,39.43,2211.9
1700000462.0,924,39.36,0.060000000000002274,39.33,143.7,39.39,326.5,5104.9,1080.4,39.33,29.0,SELL,2,39.33,143.7,39.32,10.0,39.31,54.7,39.3,458.0,39.29,4438.5,39.39,326.5,39.4,41.0,39.41,27.1,39.42,647.7,39.43,38.1
1700000462.5,925,39.36,0.060000000000002274,39.33,187.4,39.39,10.0,3216.0,3999.7,39.33,21.6,SELL,1,39.33,187.4,39.32,228.4,39.31,10.0,39.3,90.7,39.29,2699.5,39.39,10.0,39.4,708.0,39.41,2345.4,39.42,252.5,39.43,683.8
1700000463.0,926,39.36,0.060000000000002274,39.33,367.7,39.39,59.8,1603.2000000000003,1299.0,39.39,5.0,BUY,3,39.33,367.7,39.32,582.5,39.31,10.0,39.3,410.6,39.29,232.4,39.39,59.8,39.4,97.2,39.41,133.4,39.42,494.2,39.43,514.4
1700000463.5,927,39.36,0.060000000000002274,39.33,31.9,39.39,101.5,3524.3,4992.700000000001,39.39,5.2,BUY,3,39.33,31.9,39.32,476.3,39.31,1123.2,39.3,488.6,39.29,1404.3,39.39,101.5,39.4,359.0,39.41,3244.8,39.42,48.4,39.43,1239.0
1700000464.0,928,39.35,0.060000000000002274,39.32,223.6,39.38,559.4,542.7,2906.1,39.32,40.9,SELL,3,39.32,223.6,39.31,10.0,39.3,46.4,39.29,41.7,39.28,221.0,39.38,559.4,39.39,616.2,39.4,1089.0,39.41,398.6,39.42,242.9
1700000464.5,929,39.35,0.060000000000002274,39.32,62.6,39.38,73.4,1705.8999999999999,3308.8999999999996,39.38,5.0,BUY,3,39.32,62.6,39.31,70.8,39.3,39.4,39.29,68.5,39.28,1464.6,39.38,73.4,39.39,146.1,39.4,1346.6,39.41,1259.8,39.42,483.0
1700000465.0,930,39.35,0.060000000000002274,39.32,174.5,39.38,722.1,2118.5,2514.8,39.38,51.1,BUY,2,39.32,174.5,39.31,165.0,39.3,61.3,39.29,334.6,39.28,1383.1,39.38,722.1,39.39,10.0,39.4,282.6,39.41,1404.9,39.42,95.2
1700000465.5,931,39.35,0.060000000000002274,39.32,288.2,39.38,251.2,2254.4,2465.4,39.38,7.2,BUY,1,39.32,288.2,39.31,57.0,39.3,452.5,39.29,728.0,39.28,728.7,39.38,251.2,39.39,630.2,39.4,921.6,39.41,76.7,39.42,585.7
1700000466.0,932,39.35,0.060000000000002274,39.32,382.3,39.38,10.0,1003.5999999999999,3331.0,39.32,55.0,SELL,3,39.32,382.3,39.31,515.3,39.3,14.1,39.29,75.6,39.28,16.3,39.38,10.0,39.39,784.1,39.4,10.0,39.41,2465.5,39.42,61.4
1700000466.5,933,39.35,0.060000000000002274,39.32,152.7,39.38,13.7,1311.6,2811.1,39.35,0.0,BUY,0,39.32,152.7,39.31,40.1,39.3,764.4,39.29,135.1,39.28,219.3,39.38,13.7,39.39,94.2,39.4,357.3,39.41,204.7,39.42,2141.2
1700000467.0,934,39.35,0.060000000000002274,39.32,53.0,39.38,104.2,770.5,3682.4999999999995,39.38,138.8,BUY,4,39.32,53.0,39.31,228.7,39.3,139.4,39.29,103.0,39.28,246.4,39.38,104.2,39.39,1356.8,39.4,1767.2,39.41,337.6,39.42,116.7
1700000467.5,935,39.35,0.060000000000002274,39.32,367.3,39.38,662.2,4140.7,2302.4,39.32,68.4,SELL,6,39.32,367.3,39.31,81.2,39.3,106.7,39.29,1102.1,39.28,2483.4,39.38,662.2,39.39,865.2,39.4,323.8,39.41,441.2,39.42,10.0
1700000468.0,936,39.35,0.060000000000002274,39.32,263.6,39.38,686.8,919.5,2799.7999999999997,39.38,77.8,BUY,1,39.32,263.6,39.31,50.2,39.3,200.3,39.29,125.8,39.28,279.6,39.38,686.8,39.39,46.0,39.4,128.7,39.41,1298.2,39.42,640.1
1700000468.5,937,39.35,0.060000000000002274,39.32,286.2,39.38,292.3,2547.5,5499.300000000001,39.38,68.7,BUY,1,39.32,286.2,39.31,20.5,39.3,294.1,39.29,940.7,39.28,1006.0,39.38,292.3,39.39,489.6,39.4,292.0,39.41,3989.8,39.42,435.6
1700000469.0,938,39.35,0.060000000000002274,39.32,10.0,39.38,274.1,2193.9,2320.9,39.38,22.9,BUY,1,39.32,10.0,39.31,136.6,39.3,84.1,39.29,249.0,39.28,1714.2,39.38,274.1,39.39,697.8,39.4,1022.9,39.41,230.1,39.42,96.0
1700000469.5,939,39.35,0.060000000000002274,39.32,400.6,39.38,159.4,2245.5,2385.3,39.38,16.4,BUY,1,39.32,400.6,39.31,971.4,39.3,128.6,39.29,705.0,39.28,39.9,39.38,159.4,39.39,470.8,39.4,1172.2,39.41,103.1,39.42,479.8
1700000470.0,940,39.35,0.060000000000002274,39.32,89.7,39.38,24.5,968.5,4819.299999999999,39.38,15.7,BUY,3,39.32,89.7,39.31,157.7,39.3,365.0,39.29,229.9,39.28,126.2,39.38,24.5,39.39,110.6,39.4,962.3,39.41,295.9,39.42,3426.0
1700000470.5,941,39.35,0.060000000000002274,39.32,16.5,39.38,124.9,1164.9,3087.0,39.35,0.0,BUY,0,39.32,16.5,39.31,79.9,39.3,651.0,39.29,59.9,39.28,357.6,39.38,124.9,39.39,1004.3,39.4,395.8,39.41,384.1,39.42,1177.9
1700000471.0,942,39.35,0.060000000000002274,39.32,490.5,39.38,131.5,1493.4999999999998,3898.9,39.38,11.9,BUY,4,39.32,490.5,39.31,582.1,39.3,130.6,39.29,201.6,39.28,88.7,39.38,131.5,39.39,1628.7,39.4,10.0,39.41,101.4,39.42,2027.3
1700000471.5,943,39.35,0.060000000000002274,39.32,114.8,39.38,46.4,3071.9,3555.5,39.38,27.0,BUY,3,39.32,114.8,39.31,713.0,39.3,740.2,39.29,1369.6,39.28,134.3,39.38,46.4,39.39,117.0,39.4,1544.3,39.41,429.6,39.42,1418.2
1700000472.0,944,39.345,0.07000000000000028,39.31,169.6,39.38,583.7,2033.0,3980.1,39.38,204.7,BUY,1,39.31,169.6,39.3,139.8,39.29,1670.8,39.28,16.9,39.27,35.9,39.38,583.7,39.39,548.2,39.4,1965.6,39.41,162.0,39.42,720.6
1700000472.5,945,39.34,0.05999999999999517,39.31,471.1,39.37,329.3,3418.1000000000004,4321.9,39.31,5.0,SELL,3,39.31,471.1,39.3,790.8,39.29,978.9,39.28,206.3,39.27,971.0,39.37,329.3,39.38,270.4,39.39,455.8,39.4,278.8,39.41,2987.6
1700000473.0,946,39.345,0.04999999999999716,39.32,742.7,39.37,918.2,5577.4,3842.8,39.32,47.5,SELL,1,39.32,742.7,39.31,1815.3,39.3,1252.3,39.29,724.4,39.28,1042.7,39.37,918.2,39.38,347.1,39.39,212.0,39.4,346.8,39.41,2018.7
1700000473.5,947,39.34,0.05999999999999517,39.31,601.9,39.37,234.3,986.5999999999999,2323.0,39.31,18.1,SELL,2,39.31,601.9,39.3,10.0,39.29,195.2,39.28,67.8,39.27,111.7,39.37,234.3,39.38,341.8,39.39,54.6,39.4,638.2,39.41,1054.1
1700000474.0,948,39.345,0.04999999999999716,39.32,232.7,39.37,821.4,2528.3,4110.900000000001,39.37,40.9,BUY,1,39.32,232.7,39.31,206.4,39.3,865.4,39.29,407.3,39.28,816.5,39.37,821.4,39.38,59.1,39.39,335.9,39.4,107.2,39.41,2787.3
1700000474.5,949,39.33,0.060000000000002274,39.3,318.3,39.36,328.3,6647.8,2305.6,39.3,21.1,SELL,3,39.3,318.3,39.29,1438.2,39.28,2251.1,39.27,1835.5,39.26,804.7,39.36,328.3,39.37,96.0,39.38,1159.2,39.39,267.4,39.4,454.7
1700000475.0,950,39.32,0.04000000000000625,39.3,301.4,39.34,107.0,3778.0,2992.1,39.34,72.1,BUY,3,39.3,301.4,39.29,233.4,39.28,627.3,39.27,2167.8,39.26,448.1,39.34,107.0,39.35,369.0,39.36,933.8,39.37,699.4,39.38,882.9
1700000475.5,951,39.32,0.060000000000002274,39.29,140.5,39.35,632.5,3182.2000000000003,5514.1,39.35,161.1,BUY,1,39.29,140.5,39.28,121.5,39.27,775.7,39.26,1300.6,39.25,843.9,39.35,632.5,39.36,705.5,39.37,99.1,39.38,770.9,39.39,3306.1
1700000476.0,952,39.32,0.060000000000002274,39.29,150.4,39.35,166.3,659.9000000000001,5085.2,39.32,0.0,BUY,0,39.29,150.4,39.28,161.7,39.27,37.4,39.26,22.8,39.25,287.6,39.35,166.3,39.36,1075.1,39.37,932.5,39.38,2799.0,39.39,112.3
1700000476.5,953,42.935,0.05000000000000426,42.91,558.4,42.96,203.2,1033.2,2495.5,42.91,12.7,SELL,1,42.91,558.4,42.9,70.4,42.89,120.9,42.88,68.2,42.87,215.3,42.96,203.2,42.97,256.7,42.98,341.3,42.99,1184.5,43.0,509.8
1700000477.0,954,42.94,0.060000000000002274,42.91,1621.4,42.97,146.3,4494.9,3450.3,42.94,0.0,BUY,0,42.91,1621.4,42.9,159.5,42.89,2020.5,42.88,391.3,42.87,302.2,42.97,146.3,42.98,387.2,42.99,1658.7,43.0,211.9,43.01,1046.2
1700000477.5,955,42.93,0.060000000000002274,42.9,492.2,42.96,134.6,1843.4,3393.0,42.96,74.2,BUY,2,42.9,492.2,42.89,207.5,42.88,280.8,42.87,98.9,42.86,764.0,42.96,134.6,42.97,798.5,42.98,216.3,42.99,849.5,43.0,1394.1
1700000478.0,956,42.93,0.04000000000000625,42.91,77.5,42.95,204.8,2759.6000000000004,2600.1,42.95,5.0,BUY,2,42.91,77.5,42.9,32.5,42.89,275.0,42.88,1102.4,42.87,1272.2,42.95,204.8,42.96,616.0,42.97,438.5,42.98,168.8,42.99,1172.0
1700000478.5,957,42.92,0.060000000000002274,42.89,1476.3,42.95,175.4,4436.799999999999,2854.8,42.89,17.9,SELL,1,42.89,1476.3,42.88,296.9,42.87,2184.1,42.86,353.8,42.85,125.7,42.95,175.4,42.96,1111.9,42.97,542.3,42.98,835.4,42.99,189.8
1700000479.0,958,42.92,0.060000000000002274,42.89,209.4,42.95,325.6,2293.7999999999997,2629.9,42.89,21.1,SELL,4,42.89,209.4,42.88,211.9,42.87,917.8,42.86,178.6,42.85,776.1,42.95,325.6,42.96,400.9,42.97,12.2,42.98,877.5,42.99,1013.7
1700000479.5,959,42.925,0.05000000000000426,42.9,10.0,42.95,237.1,886.3000000000001,6436.0,42.95,11.9,BUY,4,42.9,10.0,42.89,359.1,42.88,36.4,42.87,135.7,42.86,345.1,42.95,237.1,42.96,591.7,42.97,1134.4,42.98,2685.9,42.99,1786.9
1700000480.0,960,42.92,0.060000000000002274,42.89,704.2,42.95,1012.0,2235.3,2773.4,42.95,21.2,BUY,1,42.89,704.2,42.88,228.9,42.87,44.2,42.86,449.5,42.85,808.5,42.95,1012.0,42.96,129.0,42.97,875.9,42.98,47.0,42.99,709.5
1700000480.5,961,42.925,0.05000000000000426,42.9,173.4,42.95,224.2,1945.4,3450.8,42.925,0.0,BUY,0,42.9,173.4,42.89,371.8,42.88,39.6,42.87,53.9,42.86,1306.7,42.95,224.2,42.96,640.1,42.97,489.7,42.98,515.5,42.99,1581.3
1700000481.0,962,42.92,0.060000000000002274,42.89,206.6,42.95,383.4,1800.3000000000002,3521.2,42.95,14.9,BUY,2,42.89,206.6,42.88,658.7,42.87,270.7,42.86,317.9,42.85,346.4,42.95,383.4,42.96,10.9,42.97,140.0,42.98,128.5,42.99,2858.4
1700000481.5,963,42.91,0.05999999999999517,42.88,150.5,42.94,306.7,3084.3999999999996,2262.2,42.88,19.0,SELL,1,42.88,150.5,42.87,400.2,42.86,499.3,42.85,996.8,42.84,1037.6,42.94,306.7,42.95,595.0,42.96,166.8,42.97,766.1,42.98,427.6
1700000482.0,964,42.9,0.060000000000002274,42.87,688.0,42.93,171.5,1162.9,2693.0,42.87,40.0,SELL,3,42.87,688.0,42.86,56.4,42.85,160.2,42.84,207.4,42.83,50.9,42.93,171.5,42.94,302.2,42.95,1274.4,42.96,931.3,42.97,13.6
1700000482.5,965,41.78,0.060000000000002274,41.75,66.4,41.81,262.2,3377.0,1260.1,41.78,0.0,BUY,0,41.75,66.4,41.74,382.2,41.73,588.8,41.72,1096.9,41.71,1242.7,41.81,262.2,41.82,399.9,41.83,275.5,41.84,127.4,41.85,195.1
1700000483.0,966,41.78,0.03999999999999915,41.76,115.7,41.8,323.4,2124.5,3815.2,41.76,277.6,SELL,6,41.76,115.7,41.75,256.2,41.74,162.2,41.73,76.6,41.72,1513.8,41.8,323.4,41.81,1226.7,41.82,1383.6,41.83,147.3,41.84,734.2
1700000483.5,967,41.79,0.060000000000002274,41.76,137.9,41.82,100.3,1478.9,2831.8999999999996,41.82,74.1,BUY,3,41.76,137.9,41.75,213.8,41.74,353.9,41.73,112.4,41.72,660.9,41.82,100.3,41.83,1043.6,41.84,149.0,41.85,956.3,41.86,582.7
1700000484.0,968,41.79,0.060000000000002274,41.76,155.7,41.82,246.9,1724.0,1665.1,41.76,64.8,SELL,2,41.76,155.7,41.75,204.1,41.74,199.3,41.73,531.8,41.72,633.1,41.82,246.9,41.83,213.0,41.84,281.7,41.85,303.2,41.86,620.3
1700000484.5,969,41.79,0.060000000000002274,41.76,423.0,41.82,941.1,2617.3999999999996,2685.7,41.82,14.6,BUY,3,41.76,423.0,41.75,427.8,41.74,1158.0,41.73,370.9,41.72,237.7,41.82,941.1,41.83,916.9,41.84,27.9,41.85,617.8,41.86,182.0
1700000485.0,970,41.78,0.060000000000002274,41.75,98.3,41.81,46.3,729.0,2086.0,41.81,17.7,BUY,2,41.75,98.3,41.74,290.9,41.73,42.5,41.72,168.9,41.71,128.4,41.81,46.3,41.82,278.0,41.83,109.2,41.84,965.4,41.85,687.1
1700000485.5,971,41.78,0.060000000000002274,41.75,60.7,41.81,19.6,4215.7,3874.0,41.78,0.0,BUY,0,41.75,60.7,41.74,593.3,41.73,1780.1,41.72,467.3,41.71,1314.3,41.81,19.6,41.82,840.9,41.83,459.9,41.84,826.3,41.85,1727.3
1700000486.0,972,41.78,0.060000000000002274,41.75,250.7,41.81,532.9,4887.8,2286.6000000000004,41.78,0.0,BUY,0,41.75,250.7,41.74,148.0,41.73,699.5,41.72,3047.5,41.71,742.1,41.81,532.9,41.82,318.5,41.83,362.0,41.84,1063.2,41.85,10.0
1700000486.5,973,41.78,0.060000000000002274,41.75,123.5,41.81,391.9,1345.1,4737.0,41.78,0.0,BUY,0,41.75,123.5,41.74,488.4,41.73,176.5,41.72,383.4,41.71,173.3,41.81,391.9,41.82,1316.4,41.83,398.7,41.84,910.0,41.85,1720.0
1700000487.0,974,41.78,0.060000000000002274,41.75,157.5,41.81,769.8,1839.0,1741.9,41.78,0.0,BUY,0,41.75,157.5,41.74,942.2,41.73,297.7,41.72,58.7,41.71,382.9,41.81,769.8,41.82,10.0,41.83,613.1,41.84,287.6,41.85,61.4
1700000487.5,975,41.78,0.03999999999999915,41.76,430.7,41.8,201.4,3536.1,1597.8000000000002,41.8,88.9,BUY,2,41.76,430.7,41.75,832.7,41.74,17.1,41.73,1655.6,41.72,600.0,41.8,201.4,41.81,741.0,41.82,245.8,41.83,10.2,41.84,399.4
1700000488.0,976,41.769999999999996,0.05999999999999517,41.74,890.8,41.8,127.9,2682.4,1117.9,41.74,39.9,SELL,2,41.74,890.8,41.73,146.3,41.72,656.4,41.71,173.0,41.7,815.9,41.8,127.9,41.81,157.7,41.82,49.9,41.83,253.0,41.84,529.4
1700000488.5,977,41.754999999999995,0.05000000000000426,41.73,626.2,41.78,10.0,5776.2,1796.3999999999999,41.754999999999995,0.0,BUY,0,41.73,626.2,41.72,30.3,41.71,125.4,41.7,4606.3,41.69,388.0,41.78,10.0,41.79,539.3,41.8,429.5,41.81,483.9,41.82,333.7
1700000489.0,978,41.76,0.060000000000002274,41.73,330.4,41.79,860.8,2031.2,3132.0,41.79,15.8,BUY,2,41.73,330.4,41.72,398.9,41.71,718.2,41.7,153.4,41.69,430.3,41.79,860.8,41.8,200.9,41.81,527.8,41.82,201.7,41.83,1340.8
1700000489.5,979,41.75,0.060000000000002274,41.72,1630.3,41.78,435.3,3125.1,2487.2,41.72,44.4,SELL,2,41.72,1630.3,41.71,282.9,41.7,255.0,41.69,760.0,41.68,196.9,41.78,435.3,41.79,29.0,41.8,692.4,41.81,709.7,41.82,620.8
1700000490.0,980,41.74,0.060000000000002274,41.71,97.1,41.77,1987.7,2123.0,3662.5,41.71,31.6,SELL,1,41.71,97.1,41.7,186.7,41.69,98.0,41.68,1469.8,41.67,271.4,41.77,1987.7,41.78,589.7,41.79,74.5,41.8,655.1,41.81,355.5
1700000490.5,981,40.54,0.060000000000002274,40.51,59.6,40.57,897.9,1529.2,3966.8,40.57,128.5,BUY,1,40.51,59.6,40.5,905.2,40.49,163.6,40.48,176.5,40.47,224.3,40.57,897.9,40.58,484.6,40.59,1542.2,40.6,712.3,40.61,329.8
1700000491.0,982,40.86,0.060000000000002274,40.83,13.3,40.89,235.1,3233.7,1655.5,40.83,10.7,SELL,1,40.83,13.3,40.82,141.3,40.81,157.0,40.8,1725.1,40.79,1197.0,40.89,235.1,40.9,23.7,40.91,69.2,40.92,57.7,40.93,1269.8
1700000491.5,983,40.86,0.060000000000002274,40.83,117.0,40.89,199.3,3044.2999999999997,3672.1,40.89,26.2,BUY,2,40.83,117.0,40.82,977.6,40.81,505.3,40.8,1235.2,40.79,209.2,40.89,199.3,40.9,583.3,40.91,2338.5,40.92,142.9,40.93,408.1
1700000492.0,984,40.86,0.060000000000002274,40.83,448.3,40.89,343.7,3116.3,2362.7000000000003,40.83,28.6,SELL,2,40.83,448.3,40.82,648.4,40.81,297.7,40.8,1472.9,40.79,249.0,40.89,343.7,40.9,649.5,40.91,88.6,40.92,1092.0,40.93,188.9
1700000492.5,985,40.86,0.060000000000002274,40.83,361.2,40.89,242.7,1187.6,2082.8,40.89,67.0,BUY,1,40.83,361.2,40.82,261.8,40.81,154.5,40.8,79.5,40.79,330.6,40.89,242.7,40.9,17.0,40.91,485.6,40.92,19.8,40.93,1317.7
1700000493.0,986,40.86,0.060000000000002274,40.83,20.9,40.89,314.4,2747.8999999999996,3552.6000000000004,40.89,5.0,BUY,4,40.83,20.9,40.82,114.4,40.81,1233.0,40.8,179.0,40.79,1200.6,40.89,314.4,40.9,1739.2,40.91,626.7,40.92,225.9,40.93,646.4
1700000493.5,987,40.86,0.060000000000002274,40.83,286.2,40.89,21.4,1343.9,1521.1999999999998,40.89,15.7,BUY,3,40.83,286.2,40.82,11.7,40.81,209.3,40.8,134.5,40.79,702.2,40.89,21.4,40.9,290.3,40.91,828.9,40.92,242.6,40.93,138.0
1700000494.0,988,40.86,0.060000000000002274,40.83,615.7,40.89,250.4,2366.2,4354.200000000001,40.89,5.9,BUY,1,40.83,615.7,40.82,69.0,40.81,196.8,40.8,1015.7,40.79,469.0,40.89,250.4,40.9,1127.9,40.91,1630.8,40.92,1297.5,40.93,47.6
1700000494.5,989,40.86,0.060000000000002274,40.83,10.0,40.89,16.0,4861.7,2780.7999999999997,40.89,67.3,BUY,2,40.83,10.0,40.82,209.1,40.81,2805.2,40.8,1406.1,40.79,431.3,40.89,16.0,40.9,1513.1,40.91,144.3,40.92,730.0,40.93,377.4
1700000495.0,990,40.855000000000004,0.05000000000000426,40.83,59.3,40.88,336.9,1212.7,2522.2,40.83,48.4,SELL,1,40.83,59.3,40.82,26.9,40.81,16.4,40.8,252.9,40.79,857.2,40.88,336.9,40.89,359.5,40.9,1469.3,40.91,179.7,40.92,176.8
1700000495.5,991,40.85,0.060000000000002274,40.82,772.8,40.88,1330.7,1863.9,3556.4,40.82,39.9,SELL,5,40.82,772.8,40.81,335.5,40.8,393.6,40.79,143.3,40.78,218.7,40.88,1330.7,40.89,605.1,40.9,145.0,40.91,1150.7,40.92,324.9
1700000496.0,992,40.85,0.060000000000002274,40.82,125.9,40.88,932.7,4439.1,3866.1,40.88,5.0,BUY,5,40.82,125.9,40.81,475.5,40.8,1026.1,40.79,1226.2,40.78,1585.4,40.88,932.7,40.89,349.2,40.9,787.6,40.91,10.5,40.92,1786.1
1700000496.5,993,43.480000000000004,0.05999999999999517,43.45,108.2,43.51,66.4,3302.1000000000004,930.1,43.45,63.5,SELL,2,43.45,108.2,43.44,1807.9,43.43,137.5,43.42,974.6,43.41,273.9,43.51,66.4,43.52,80.9,43.53,488.4,43.54,146.3,43.55,148.1
1700000497.0,994,43.47,0.060000000000002274,43.44,86.1,43.5,178.3,2439.1,1392.4999999999998,43.47,0.0,BUY,0,43.44,86.1,43.43,170.8,43.42,299.0,43.41,1178.8,43.4,704.4,43.5,178.3,43.51,819.3,43.52,25.5,43.53,308.3,43.54,61.1
1700000497.5,995,43.46,0.060000000000002274,43.43,508.4,43.49,499.2,1431.4999999999998,1910.8000000000002,43.49,83.8,BUY,1,43.43,508.4,43.42,295.7,43.41,66.3,43.4,175.3,43.39,385.8,43.49,499.2,43.5,58.6,43.51,309.2,43.52,229.2,43.53,814.6
1700000498.0,996,43.46,0.060000000000002274,43.43,86.6,43.49,493.0,1277.0,2766.1,43.49,7.4,BUY,1,43.43,86.6,43.42,332.7,43.41,190.5,43.4,24.1,43.39,643.1,43.49,493.0,43.5,276.9,43.51,466.1,43.52,1337.6,43.53,192.5
1700000498.5,997,43.46,0.060000000000002274,43.43,406.5,43.49,589.0,2302.5,2754.3999999999996,43.49,5.0,BUY,2,43.43,406.5,43.42,412.1,43.41,242.9,43.4,571.3,43.39,669.7,43.49,589.0,43.5,559.5,43.51,325.2,43.52,737.0,43.53,543.7
1700000499.0,998,43.46,0.060000000000002274,43.43,1334.2,43.49,22.7,2861.3,1088.3999999999999,43.43,37.0,SELL,1,43.43,1334.2,43.42,891.6,43.41,91.6,43.4,420.3,43.39,123.6,43.49,22.7,43.5,10.0,43.51,988.3,43.52,37.6,43.53,29.8
1700000499.5,999,43.45,0.05999999999999517,43.42,415.1,43.48,1578.8,5354.5,3678.6000000000004,43.45,0.0,BUY,0,43.42,415.1,43.41,28.5,43.4,388.1,43.39,309.8,43.38,4213.0,43.48,1578.8,43.49,92.0,43.5,994.1,43.51,20.9,43.52,992.8
1700000500.0,1000,43.45,0.05999999999999517,43.42,618.7,43.48,275.9,3834.5999999999995,5117.0,43.48,5.6,BUY,3,43.42,618.7,43.41,456.9,43.4,2062.6,43.39,545.2,43.38,151.2,43.48,275.9,43.49,819.6,43.5,1798.5,43.51,1792.1,43.52,430.9
1700000500.5,1001,43.45,0.05999999999999517,43.42,128.6,43.48,594.9,2730.5,2023.8,43.42,57.9,SELL,2,43.42,128.6,43.41,530.5,43.4,308.8,43.39,418.2,43.38,1344.4,43.48,594.9,43.49,263.6,43.5,550.7,43.51,499.5,43.52,115.1
1700000501.0,1002,43.45,0.05999999999999517,43.42,31.2,43.48,584.0,838.3,3683.7,43.48,8.1,BUY,3,43.42,31.2,43.41,197.8,43.4,279.4,43.39,283.9,43.38,46.0,43.48,584.0,43.49,813.5,43.5,379.6,43.51,1144.8,43.52,761.8
1700000501.5,1003,43.45,0.05999999999999517,43.42,145.9,43.48,552.1,6978.3,6503.700000000001,43.42,5.0,SELL,2,43.42,145.9,43.41,315.6,43.4,713.2,43.39,1962.6,43.38,3841.0,43.48,552.1,43.49,27.7,43.5,4068.3,43.51,554.1,43.52,1301.5
1700000502.0,1004,43.45,0.05999999999999517,43.42,264.4,43.48,141.5,4389.3,834.0,43.48,26.9,BUY,4,43.42,264.4,43.41,1375.2,43.4,31.3,43.39,701.1,43.38,2017.3,43.48,141.5,43.49,385.0,43.5,146.2,43.51,39.9,43.52,121.4
1700000502.5,1005,43.455,0.04999999999999716,43.43,78.3,43.48,508.7,1538.8000000000002,4293.3,43.455,0.0,BUY,0,43.43,78.3,43.42,156.0,43.41,393.8,43.4,646.2,43.39,264.5,43.48,508.7,43.49,350.4,43.5,469.0,43.51,2487.4,43.52,477.8
1700000503.0,1006,43.45,0.05999999999999517,43.42,89.3,43.48,58.2,2383.7000000000003,1337.0,43.42,153.6,SELL,2,43.42,89.3,43.41,307.9,43.4,1176.9,43.39,530.1,43.38,279.5,43.48,58.2,43.49,261.8,43.5,308.1,43.51,15.3,43.52,693.6
1700000503.5,1007,43.45,0.05999999999999517,43.42,128.7,43.48,98.1,1669.6999999999998,2427.6,43.42,46.0,SELL,3,43.42,128.7,43.41,895.4,43.4,225.0,43.39,410.6,43.38,10.0,43.48,98.1,43.49,207.5,43.5,289.6,43.51,701.8,43.52,1130.6
1700000504.0,1008,43.45,0.05999999999999517,43.42,353.0,43.48,1177.3,4897.7,2116.9,43.48,21.6,BUY,1,43.42,353.0,43.41,966.6,43.4,1302.9,43.39,1701.7,43.38,573.5,43.48,1177.3,43.49,161.4,43.5,245.6,43.51,230.8,43.52,301.8
1700000504.5,1009,43.44,0.060000000000002274,43.41,153.5,43.47,58.8,721.4,1970.6,43.47,36.2,BUY,2,43.41,153.5,43.4,153.6,43.39,164.0,43.38,196.2,43.37,54.1,43.47,58.8,43.48,295.4,43.49,241.1,43.5,1227.7,43.51,147.6
1700000505.0,1010,43.44,0.060000000000002274,43.41,41.3,43.47,2121.8,692.9,3352.6000000000004,43.41,42.2,SELL,5,43.41,41.3,43.4,17.7,43.39,281.7,43.38,135.5,43.37,216.7,43.47,2121.8,43.48,178.8,43.49,837.0,43.5,10.0,43.51,205.0
1700000505.5,1011,43.44,0.060000000000002274,43.41,48.6,43.47,220.3,1407.7,3422.3999999999996,43.47,11.0,BUY,6,43.41,48.6,43.4,86.8,43.39,12.8,43.38,548.5,43.37,711.0,43.47,220.3,43.48,737.7,43.49,108.8,43.5,356.9,43.51,1998.7
1700000506.0,1012,43.44,0.060000000000002274,43.41,136.9,43.47,41.5,1132.3000000000002,3231.8999999999996,43.41,10.0,SELL,2,43.41,136.9,43.4,81.1,43.39,312.1,43.38,231.1,43.37,371.1,43.47,41.5,43.48,228.5,43.49,788.4,43.5,1677.3,43.51,496.2
1700000506.5,1013,43.44,0.060000000000002274,43.41,553.5,43.47,242.4,2389.5000000000005,2217.5,43.41,56.9,SELL,1,43.41,553.5,43.4,10.0,43.39,1577.8,43.38,143.4,43.37,104.8,43.47,242.4,43.48,255.2,43.49,107.4,43.5,950.1,43.51,662.4
1700000507.0,1014,43.44,0.060000000000002274,43.41,470.1,43.47,23.7,2263.4,1306.4,43.47,145.3,BUY,5,43.41,470.1,43.4,206.0,43.39,240.0,43.38,1235.2,43.37,112.1,43.47,23.7,43.48,75.1,43.49,10.0,43.5,1177.7,43.51,19.9
1700000507.5,1015,43.44,0.060000000000002274,43.41,18.5,43.47,1384.5,3556.6000000000004,5643.1,43.41,5.9,SELL,2,43.41,18.5,43.4,27.3,43.39,212.9,43.38,1447.2,43.37,1850.7,43.47,1384.5,43.48,19.6,43.49,1201.5,43.5,1366.5,43.51,1671.0
1700000508.0,1016,43.44,0.060000000000002274,43.41,75.2,43.47,22.3,3403.5999999999995,3938.9,43.41,10.3,SELL,1,43.41,75.2,43.4,377.3,43.39,2387.7,43.38,99.7,43.37,463.7,43.47,22.3,43.48,23.3,43.49,14.8,43.5,1109.4,43.51,2769.1
1700000508.5,1017,43.44,0.060000000000002274,43.41,1052.3,43.47,41.6,2331.9,2726.6000000000004,43.41,50.6,SELL,1,43.41,1052.3,43.4,105.8,43.39,473.7,43.38,362.2,43.37,337.9,43.47,41.6,43.48,58.8,43.49,1259.5,43.5,952.7,43.51,414.0
1700000509.0,1018,39.79,0.060000000000002274,39.76,134.0,39.82,68.3,1604.1,3807.5,39.82,5.0,BUY,2,39.76,134.0,39.75,61.0,39.74,228.9,39.73,352.1,39.72,828.1,39.82,68.3,39.83,501.1,39.84,400.8,39.85,1284.6,39.86,1552.7
1700000509.5,1019,39.79,0.060000000000002274,39.76,19.9,39.82,751.0,2135.5,5950.8,39.82,11.9,BUY,2,39.76,19.9,39.75,1435.5,39.74,545.2,39.73,29.4,39.72,105.5,39.82,751.0,39.83,1124.3,39.84,994.0,39.85,932.6,39.86,2148.9
1700000510.0,1020,39.79,0.060000000000002274,39.76,443.0,39.82,483.8,3727.2,7564.6,39.82,5.0,BUY,3,39.76,443.0,39.75,754.9,39.74,249.6,39.73,431.8,39.72,1847.9,39.82,483.8,39.83,1179.7,39.84,94.3,39.85,4071.2,39.86,1735.6
1700000510.5,1021,39.79,0.060000000000002274,39.76,10.0,39.82,48.7,2280.4,1257.7,39.76,149.3,SELL,2,39.76,10.0,39.75,476.1,39.74,980.6,39.73,144.7,39.72,669.0,39.82,48.7,39.83,254.0,39.84,32.6,39.85,186.4,39.86,736.0
1700000511.0,1022,39.79,0.060000000000002274,39.76,79.9,39.82,156.7,3117.2999999999997,2277.6,39.76,5.0,SELL,4,39.76,79.9,39.75,480.9,39.74,368.4,39.73,1527.0,39.72,661.1,39.82,156.7,39.83,10.0,39.84,1103.8,39.85,133.7,39.86,873.4
1700000511.5,1023,39.79,0.060000000000002274,39.76,10.0,39.82,1088.7,4001.7999999999997,3008.3999999999996,39.82,28.2,BUY,1,39.76,10.0,39.75,218.2,39.74,158.1,39.73,2179.6,39.72,1435.9,39.82,1088.7,39.83,430.5,39.84,147.8,39.85,1203.2,39.86,138.2
1700000512.0,1024,39.79,0.060000000000002274,39.76,1041.7,39.82,339.6,3229.2,2216.6,39.76,19.7,SELL,2,39.76,1041.7,39.75,317.1,39.74,729.9,39.73,1052.3,39.72,88.2,39.82,339.6,39.83,937.1,39.84,919.8,39.85,10.0,39.86,10.1
1700000512.5,1025,39.79,0.060000000000002274,39.76,20.5,39.82,83.1,2494.2,2541.9,39.79,0.0,BUY,0,39.76,20.5,39.75,375.0,39.74,115.9,39.73,1517.2,39.72,465.6,39.82,83.1,39.83,1987.4,39.84,80.0,39.85,204.9,39.86,186.5
1700000513.0,1026,39.79,0.060000000000002274,39.76,34.3,39.82,43.9,1265.2,1149.3999999999999,39.76,47.5,SELL,2,39.76,34.3,39.75,28.8,39.74,478.9,39.73,214.2,39.72,509.0,39.82,43.9,39.83,53.2,39.84,382.3,39.85,491.4,39.86,178.6
1700000513.5,1027,39.79,0.060000000000002274,39.76,472.8,39.82,173.1,2698.6,1610.0,39.79,0.0,BUY,0,39.76,472.8,39.75,287.6,39.74,1132.6,39.73,568.7,39.72,236.9,39.82,173.1,39.83,23.1,39.84,10.8,39.85,184.0,39.86,1219.0
1700000514.0,1028,39.79,0.060000000000002274,39.76,10.0,39.82,588.3,3005.7,3559.9,39.76,13.0,SELL,1,39.76,10.0,39.75,666.7,39.74,72.4,39.73,2211.0,39.72,45.6,39.82,588.3,39.83,367.9,39.84,1304.5,39.85,95.3,39.86,1203.9
1700000514.5,1029,39.790000000000006,0.03999999999999915,39.77,374.2,39.81,737.7,3887.7,7275.6,39.77,5.1,SELL,4,39.77,374.2,39.76,183.3,39.75,481.7,39.74,831.5,39.73,2017.0,39.81,737.7,39.82,33.5,39.83,364.6,39.84,1651.0,39.85,4488.8
1700000515.0,1030,39.79,0.060000000000002274,39.76,420.9,39.82,516.4,2085.5,2945.6000000000004,39.82,50.9,BUY,1,39.76,420.9,39.75,658.7,39.74,740.2,39.73,60.9,39.72,204.8,39.82,516.4,39.83,639.6,39.84,19.9,39.85,463.8,39.86,1305.9
1700000515.5,1031,39.790000000000006,0.03999999999999915,39.77,458.9,39.81,656.8,3016.1000000000004,4207.0,39.81,5.0,BUY,1,39.77,458.9,39.76,391.6,39.75,970.4,39.74,46.8,39.73,1148.4,39.81,656.8,39.82,278.1,39.83,71.4,39.84,3122.1,39.85,78.6
1700000516.0,1032,39.79,0.060000000000002274,39.76,559.7,39.82,340.0,3435.7000000000003,2516.7,39.76,10.3,SELL,1,39.76,559.7,39.75,833.6,39.74,338.4,39.73,505.1,39.72,1198.9,39.82,340.0,39.83,393.2,39.84,112.9,39.85,19.3,39.86,1651.3
1700000516.5,1033,37.14,0.060000000000002274,37.11,71.9,37.17,379.7,1472.5,2952.1,37.11,30.0,SELL,1,37.11,71.9,37.1,349.1,37.09,655.8,37.08,257.6,37.07,138.1,37.17,379.7,37.18,598.4,37.19,31.0,37.2,1228.4,37.21,714.6
1700000517.0,1034,37.14,0.060000000000002274,37.11,343.9,37.17,661.3,2025.2,4427.6,37.17,34.7,BUY,1,37.11,343.9,37.1,566.9,37.09,247.9,37.08,521.3,37.07,345.2,37.17,661.3,37.18,584.2,37.19,527.7,37.2,1751.6,37.21,902.8
1700000517.5,1035,37.14,0.060000000000002274,37.11,202.4,37.17,482.7,3958.1,3128.3999999999996,37.11,54.1,SELL,1,37.11,202.4,37.1,1108.1,37.09,925.2,37.08,1500.3,37.07,222.1,37.17,482.7,37.18,316.7,37.19,895.2,37.2,1355.1,37.21,78.7
1700000518.0,1036,37.14,0.03999999999999915,37.12,180.0,37.16,1154.1,2663.7,2585.3999999999996,37.12,67.3,SELL,1,37.12,180.0,37.11,511.2,37.1,595.5,37.09,475.3,37.08,901.7,37.16,1154.1,37.17,603.6,37.18,284.0,37.19,235.6,37.2,308.1
1700000518.5,1037,37.14,0.060000000000002274,37.11,1025.9,37.17,222.4,1824.8000000000002,1658.9,37.11,65.5,SELL,1,37.11,1025.9,37.1,88.3,37.09,261.2,37.08,224.7,37.07,224.7,37.17,222.4,37.18,129.4,37.19,255.6,37.2,309.6,37.21,741.9
1700000519.0,1038,37.14,0.060000000000002274,37.11,718.6,37.17,560.9,1866.8999999999999,2822.3,37.14,0.0,BUY,0,37.11,718.6,37.1,362.6,37.09,469.9,37.08,166.8,37.07,149.0,37.17,560.9,37.18,683.2,37.19,456.9,37.2,989.0,37.21,132.3
1700000519.5,1039,37.129999999999995,0.05999999999999517,37.1,85.6,37.16,45.5,2082.6,6133.7,37.129999999999995,0.0,BUY,0,37.1,85.6,37.09,25.2,37.08,261.4,37.07,381.8,37.06,1328.6,37.16,45.5,37.17,535.9,37.18,910.7,37.19,4269.4,37.2,372.2
1700000520.0,1040,37.120000000000005,0.05999999999999517,37.09,375.2,37.15,233.7,988.5,3990.5,37.09,67.6,SELL,1,37.09,375.2,37.08,10.0,37.07,360.6,37.06,232.7,37.05,10.0,37.15,233.7,37.16,683.7,37.17,209.8,37.18,357.6,37.19,2505.7
1700000520.5,1041,37.120000000000005,0.05999999999999517,37.09,608.9,37.15,1622.9,1637.1000000000001,4352.1,37.120000000000005,0.0,BUY,0,37.09,608.9,37.08,478.1,37.07,10.0,37.06,372.7,37.05,167.4,37.15,1622.9,37.16,11.2,37.17,373.7,37.18,1693.7,37.19,650.6
1700000521.0,1042,37.115,0.04999999999999716,37.09,135.8,37.14,201.0,1955.2,3529.5,37.09,13.0,SELL,1,37.09,135.8,37.08,43.2,37.07,37.5,37.06,192.3,37.05,1546.4,37.14,201.0,37.15,382.2,37.16,1643.8,37.17,1091.2,37.18,211.3
1700000521.5,1043,37.120000000000005,0.05999999999999517,37.09,97.7,37.15,898.3,3464.7999999999997,2913.3,37.120000000000005,0.0,BUY,0,37.09,97.7,37.08,68.9,37.07,10.0,37.06,2243.7,37.05,1044.5,37.15,898.3,37.16,88.1,37.17,236.0,37.18,58.4,37.19,1632.5
1700000522.0,1044,37.120000000000005,0.05999999999999517,37.09,112.4,37.15,1183.2,1883.6,3152.5,37.120000000000005,0.0,BUY,0,37.09,112.4,37.08,230.0,37.07,90.0,37.06,180.2,37.05,1271.0,37.15,1183.2,37.16,302.8,37.17,1091.6,37.18,534.5,37.19,40.4
1700000522.5,1045,37.120000000000005,0.05999999999999517,37.09,374.5,37.15,933.7,1311.6,1682.7000000000003,37.15,29.1,BUY,3,37.09,374.5,37.08,360.5,37.07,96.8,37.06,176.2,37.05,303.6,37.15,933.7,37.16,247.2,37.17,336.2,37.18,22.7,37.19,142.9
1700000523.0,1046,37.120000000000005,0.05999999999999517,37.09,25.4,37.15,691.1,2044.8000000000002,1581.0,37.09,5.2,SELL,4,37.09,25.4,37.08,10.0,37.07,184.9,37.06,478.3,37.05,1346.2,37.15,691.1,37.16,18.7,37.17,791.7,37.18,36.1,37.19,43.4
1700000523.5,1047,37.120000000000005,0.05999999999999517,37.09,21.5,37.15,636.7,1232.8999999999999,5086.4,37.15,25.9,BUY,3,37.09,21.5,37.08,156.2,37.07,254.3,37.06,596.6,37.05,204.3,37.15,636.7,37.16,221.3,37.17,423.8,37.18,1860.8,37.19,1943.8
1700000524.0,1048,37.11,0.060000000000002274,37.08,360.9,37.14,1451.9,1852.2,2998.8,37.08,5.0,SELL,1,37.08,360.9,37.07,702.1,37.06,202.4,37.05,381.6,37.04,205.2,37.14,1451.9,37.15,62.4,37.16,390.1,37.17,462.1,37.18,632.3
1700000524.5,1049,37.099999999999994,0.03999999999999915,37.08,127.9,37.12,115.9,3268.7,4800.0,37.099999999999994,0.0,BUY,0,37.08,127.9,37.07,951.4,37.06,370.0,37.05,1399.8,37.04,419.6,37.12,115.9,37.13,762.3,37.14,676.5,37.15,606.6,37.16,2638.7
1700000525.0,1050,37.1,0.060000000000002274,37.07,83.1,37.13,333.2,2713.9,2347.0,37.13,141.3,BUY,5,37.07,83.1,37.06,147.1,37.05,1431.4,37.04,213.8,37.03,838.5,37.13,333.2,37.14,400.9,37.15,115.9,37.16,1089.9,37.17,407.1
1700000525.5,1051,37.099999999999994,0.03999999999999915,37.08,701.2,37.12,469.5,1567.6999999999998,6413.3,37.12,5.0,BUY,6,37.08,701.2,37.07,141.4,37.06,120.4,37.05,262.6,37.04,342.1,37.12,469.5,37.13,18.7,37.14,2698.5,37.15,2836.3,37.16,390.3
1700000526.0,1052,37.1,0.060000000000002274,37.07,61.1,37.13,73.6,2058.0,520.8,37.13,33.3,BUY,2,37.07,61.1,37.06,1455.3,37.05,356.7,37.04,46.7,37.03,138.2,37.13,73.6,37.14,33.8,37.15,94.5,37.16,145.6,37.17,173.3
1700000526.5,1053,37.1,0.060000000000002274,37.07,234.8,37.13,814.5,819.1000000000001,3975.0,37.07,22.7,SELL,5,37.07,234.8,37.06,136.2,37.05,223.6,37.04,131.3,37.03,93.2,37.13,814.5,37.14,619.5,37.15,2259.6,37.16,260.6,37.17,20.8
1700000527.0,1054,37.1,0.060000000000002274,37.07,298.8,37.13,265.1,1870.6000000000001,2827.7000000000003,37.13,5.4,BUY,2,37.07,298.8,37.06,64.1,37.05,396.1,37.04,269.4,37.03,842.2,37.13,265.1,37.14,54.5,37.15,399.3,37.16,1330.9,37.17,777.9
1700000527.5,1055,37.1,0.060000000000002274,37.07,265.9,37.13,43.0,1456.8000000000002,1908.4999999999998,37.07,5.8,SELL,1,37.07,265.9,37.06,10.0,37.05,562.7,37.04,167.6,37.03,450.6,37.13,43.0,37.14,112.4,37.15,464.0,37.16,1018.8,37.17,270.3
1700000528.0,1056,37.1,0.060000000000002274,37.07,212.5,37.13,239.2,1893.3,5476.7,37.13,64.0,BUY,4,37.07,212.5,37.06,28.1,37.05,641.3,37.04,782.7,37.03,228.7,37.13,239.2,37.14,615.6,37.15,56.1,37.16,3813.3,37.17,752.5
1700000528.5,1057,37.09,0.05999999999999517,37.06,724.5,37.12,915.8,2092.2,3948.0,37.12,57.7,BUY,1,37.06,724.5,37.05,787.8,37.04,276.5,37.03,42.6,37.02,260.8,37.12,915.8,37.13,46.2,37.14,781.0,37.15,1858.9,37.16,346.1
1700000529.0,1058,37.09,0.05999999999999517,37.06,179.6,37.12,142.8,1576.8,5770.4,37.12,5.9,BUY,2,37.06,179.6,37.05,632.7,37.04,695.2,37.03,54.8,37.02,14.5,37.12,142.8,37.13,1360.9,37.14,68.8,37.15,1358.3,37.16,2839.6
1700000529.5,1059,37.095,0.04999999999999716,37.07,158.8,37.12,31.9,3709.2,4643.9,37.07,64.0,SELL,1,37.07,158.8,37.06,10.7,37.05,2010.4,37.04,1204.6,37.03,324.7,37.12,31.9,37.13,720.1,37.14,907.6,37.15,2420.1,37.16,564.2
1700000530.0,1060,37.09,0.05999999999999517,37.06,199.2,37.12,949.9,7050.799999999999,4359.1,37.06,48.9,SELL,1,37.06,199.2,37.05,10.0,37.04,2316.8,37.03,1370.2,37.02,3154.6,37.12,949.9,37.13,1154.2,37.14,1179.4,37.15,245.4,37.16,830.2
1700000530.5,1061,37.08,0.060000000000002274,37.05,102.9,37.11,256.8,1895.2,4342.2,37.08,0.0,BUY,0,37.05,102.9,37.04,351.2,37.03,314.9,37.02,1106.0,37.01,20.2,37.11,256.8,37.12,418.4,37.13,1099.1,37.14,1669.2,37.15,898.7
1700000531.0,1062,37.08,0.060000000000002274,37.05,269.6,37.11,148.6,2918.2,4539.4,37.11,5.0,BUY,3,37.05,269.6,37.04,77.8,37.03,688.6,37.02,28.6,37.01,1853.6,37.11,148.6,37.12,1659.4,37.13,1283.3,37.14,324.0,37.15,1124.1
1700000531.5,1063,37.08,0.060000000000002274,37.05,438.6,37.11,424.9,1555.0,2043.1,37.08,0.0,BUY,0,37.05,438.6,37.04,230.8,37.03,749.8,37.02,99.6,37.01,36.2,37.11,424.9,37.12,194.6,37.13,1157.0,37.14,256.6,37.15,10.0
1700000532.0,1064,37.08,0.060000000000002274,37.05,375.0,37.11,92.2,3021.9,2854.6000000000004,37.05,95.6,SELL,2,37.05,375.0,37.04,620.3,37.03,827.2,37.02,28.4,37.01,1171.0,37.11,92.2,37.12,338.8,37.13,110.7,37.14,1779.9,37.15,533.0
1700000532.5,1065,37.07,0.060000000000002274,37.04,548.3,37.1,314.4,1404.1999999999998,6083.6,37.1,37.0,BUY,2,37.04,548.3,37.03,148.8,37.02,513.6,37.01,116.8,37.0,76.7,37.1,314.4,37.11,569.4,37.12,292.9,37.13,1820.5,37.14,3086.4
1700000533.0,1066,37.07,0.060000000000002274,37.04,672.8,37.1,509.2,3922.8999999999996,2610.3,37.04,126.4,SELL,3,37.04,672.8,37.03,675.4,37.02,309.5,37.01,1087.9,37.0,1177.3,37.1,509.2,37.11,302.7,37.12,772.6,37.13,520.9,37.14,504.9
1700000533.5,1067,37.07,0.060000000000002274,37.04,40.9,37.1,70.3,860.2,962.4999999999999,37.1,21.7,BUY,1,37.04,40.9,37.03,195.4,37.02,154.2,37.01,459.7,37.0,10.0,37.1,70.3,37.11,10.0,37.12,621.0,37.13,95.3,37.14,165.9
1700000534.0,1068,32.065,0.05000000000000426,32.04,266.0,32.09,121.3,3236.7999999999997,1512.9,32.09,30.7,BUY,1,32.04,266.0,32.03,247.2,32.02,691.8,32.01,1615.1,32.0,416.7,32.09,121.3,32.1,577.4,32.11,691.6,32.12,20.4,32.13,102.2
1700000534.5,1069,32.06,0.060000000000002274,32.03,101.4,32.09,663.9,1608.4,1686.4999999999998,32.09,106.8,BUY,1,32.03,101.4,32.02,302.1,32.01,79.1,32.0,760.2,31.99,365.6,32.09,663.9,32.1,131.2,32.11,54.7,32.12,278.9,32.13,557.8
1700000535.0,1070,32.06,0.060000000000002274,32.03,197.6,32.09,949.1,2061.0,4163.0,32.06,0.0,BUY,0,32.03,197.6,32.02,49.7,32.01,687.5,32.0,870.4,31.99,255.8,32.09,949.1,32.1,906.1,32.11,178.2,32.12,459.4,32.13,1670.2
1700000535.5,1071,32.06,0.060000000000002274,32.03,173.4,32.09,434.0,5713.7,3908.1,32.09,11.6,BUY,3,32.03,173.4,32.02,48.8,32.01,2335.1,32.0,1508.4,31.99,1648.0,32.09,434.0,32.1,85.8,32.11,487.7,32.12,1147.6,32.13,1753.0
1700000536.0,1072,32.06,0.060000000000002274,32.03,1065.8,32.09,18.7,1466.9,520.5,32.09,50.6,BUY,1,32.03,1065.8,32.02,277.2,32.01,10.0,32.0,10.0,31.99,103.9,32.09,18.7,32.1,166.7,32.11,13.4,32.12,52.0,32.13,269.7
1700000536.5,1073,32.06,0.060000000000002274,32.03,402.9,32.09,185.8,3216.3,6604.299999999999,32.03,89.5,SELL,4,32.03,402.9,32.02,28.0,32.01,422.6,32.0,1234.9,31.99,1127.9,32.09,185.8,32.1,600.7,32.11,2400.2,32.12,810.7,32.13,2606.9
1700000537.0,1074,32.06,0.060000000000002274,32.03,388.9,32.09,420.9,5153.200000000001,3464.1,32.03,41.6,SELL,2,32.03,388.9,32.02,241.4,32.01,1579.5,32.0,2743.4,31.99,200.0,32.09,420.9,32.1,329.3,32.11,114.2,32.12,2569.6,32.13,30.1
1700000537.5,1075,32.06,0.060000000000002274,32.03,128.6,32.09,156.2,2537.8,2636.3,32.09,13.1,BUY,1,32.03,128.6,32.02,17.4,32.01,93.3,32.0,275.0,31.99,2023.5,32.09,156.2,32.1,855.6,32.11,171.7,32.12,607.4,32.13,845.4
1700000538.0,1076,32.06,0.0799999999999983,32.02,99.4,32.1,352.8,2575.7,3219.5,32.06,0.0,BUY,0,32.02,99.4,32.01,222.6,32.0,132.2,31.99,907.6,31.98,1213.9,32.1,352.8,32.11,32.5,32.12,1387.1,32.13,904.7,32.14,542.4
1700000538.5,1077,32.06,0.060000000000002274,32.03,317.1,32.09,151.8,1556.6000000000001,2861.1,32.09,20.2,BUY,4,32.03,317.1,32.02,614.5,32.01,89.1,32.0,29.7,31.99,506.2,32.09,151.8,32.1,1067.3,32.11,633.8,32.12,17.2,32.13,991.0
1700000539.0,1078,32.065,0.05000000000000426,32.04,1504.9,32.09,391.7,3122.8000000000006,2935.3,32.09,126.5,BUY,2,32.04,1504.9,32.03,22.0,32.02,530.7,32.01,607.4,32.0,457.8,32.09,391.7,32.1,144.8,32.11,102.6,32.12,764.3,32.13,1531.9
1700000539.5,1079,32.06,0.060000000000002274,32.03,221.0,32.09,192.1,1148.6999999999998,2873.2000000000003,32.09,7.3,BUY,3,32.03,221.0,32.02,42.5,32.01,247.2,32.0,96.1,31.99,541.9,32.09,192.1,32.1,126.2,32.11,429.6,32.12,1965.7,32.13,159.6
1700000540.0,1080,32.06,0.060000000000002274,32.03,252.7,32.09,71.9,2877.4000000000005,1133.7,32.06,0.0,BUY,0,32.03,252.7,32.02,1679.3,32.01,46.4,32.0,679.7,31.99,219.3,32.09,71.9,32.1,133.7,32.11,186.7,32.12,361.1,32.13,380.3
1700000540.5,1081,32.06,0.060000000000002274,32.03,87.2,32.09,43.8,2762.6,6156.0,32.03,38.5,SELL,2,32.03,87.2,32.02,398.1,32.01,1680.3,32.0,486.2,31.99,110.8,32.09,43.8,32.1,596.5,32.11,625.0,32.12,389.9,32.13,4500.8
1700000541.0,1082,32.06,0.060000000000002274,32.03,67.0,32.09,169.8,2381.8999999999996,1825.1999999999998,32.09,19.7,BUY,3,32.03,67.0,32.02,963.1,32.01,819.6,32.0,116.8,31.99,415.4,32.09,169.8,32.1,218.3,32.11,1091.1,32.12,331.3,32.13,14.7
1700000541.5,1083,32.06,0.060000000000002274,32.03,25.2,32.09,17.1,3679.0,1026.5,32.03,112.1,SELL,1,32.03,25.2,32.02,1310.6,32.01,240.6,32.0,619.8,31.99,1482.8,32.09,17.1,32.1,420.9,32.11,69.9,32.12,259.6,32.13,259.0
1700000542.0,1084,32.065,0.05000000000000426,32.04,435.5,32.09,371.8,4857.3,4328.1,32.09,55.6,BUY,2,32.04,435.5,32.03,941.0,32.02,693.9,32.01,240.8,32.0,2546.1,32.09,371.8,32.1,430.6,32.11,473.3,32.12,452.4,32.13,2600.0
1700000542.5,1085,32.06,0.060000000000002274,32.03,111.2,32.09,900.4,2984.0,2488.3999999999996,32.06,0.0,BUY,0,32.03,111.2,32.02,206.0,32.01,733.9,32.0,793.8,31.99,1139.1,32.09,900.4,32.1,705.8,32.11,248.1,32.12,511.0,32.13,123.1
1700000543.0,1086,32.065,0.05000000000000426,32.04,18.3,32.09,128.6,4520.1,5490.799999999999,32.04,39.5,SELL,5,32.04,18.3,32.03,216.1,32.02,218.7,32.01,1513.1,32.0,2553.9,32.09,128.6,32.1,2053.1,32.11,485.0,32.12,959.6,32.13,1864.5
1700000543.5,1087,32.06,0.060000000000002274,32.03,134.7,32.09,1693.6,2467.3,4994.6,32.09,5.0,BUY,2,32.03,134.7,32.02,162.8,32.01,222.9,32.0,80.9,31.99,1866.0,32.09,1693.6,32.1,244.5,32.11,890.5,32.12,1841.0,32.13,325.0
1700000544.0,1088,29.380000000000003,0.05999999999999872,29.35,89.4,29.41,12.6,2421.3999999999996,4627.2,29.35,23.8,SELL,1,29.35,89.4,29.34,947.4,29.33,550.8,29.32,243.1,29.31,590.7,29.41,12.6,29.42,89.2,29.43,299.5,29.44,2578.2,29.45,1647.7
1700000544.5,1089,29.375,0.07000000000000028,29.34,532.5,29.41,52.7,4406.4,5186.1,29.375,0.0,BUY,0,29.34,532.5,29.33,250.3,29.32,111.7,29.31,711.1,29.3,2800.8,29.41,52.7,29.42,4126.7,29.43,370.6,29.44,148.8,29.45,487.3
1700000545.0,1090,25.23,0.060000000000002274,25.2,177.8,25.26,260.8,2754.2000000000003,5405.8,25.2,50.5,SELL,4,25.2,177.8,25.19,510.6,25.18,54.5,25.17,1139.4,25.16,871.9,25.26,260.8,25.27,957.0,25.28,357.7,25.29,743.8,25.3,3086.5
1700000545.5,1091,25.130000000000003,0.05999999999999872,25.1,26.9,25.16,645.7,3245.2,2757.9,25.1,68.4,SELL,2,25.1,26.9,25.09,95.9,25.08,32.9,25.07,616.9,25.06,2472.6,25.16,645.7,25.17,818.9,25.18,641.5,25.19,42.8,25.2,609.0
1700000546.0,1092,25.130000000000003,0.05999999999999872,25.1,104.5,25.16,364.3,2438.5,3249.5,25.1,15.7,SELL,2,25.1,104.5,25.09,205.4,25.08,565.2,25.07,1285.1,25.06,278.3,25.16,364.3,25.17,128.1,25.18,747.4,25.19,1066.2,25.2,943.5
1700000546.5,1093,25.130000000000003,0.05999999999999872,25.1,207.7,25.16,208.0,1478.0,3242.5,25.16,5.0,BUY,2,25.1,207.7,25.09,446.5,25.08,10.0,25.07,451.2,25.06,362.6,25.16,208.0,25.17,1072.0,25.18,104.3,25.19,1596.9,25.2,261.3
1700000547.0,1094,25.125,0.07000000000000028,25.09,200.5,25.16,1307.0,418.20000000000005,3213.1,25.09,97.2,SELL,1,25.09,200.5,25.08,29.5,25.07,15.1,25.06,31.2,25.05,141.9,25.16,1307.0,25.17,675.6,25.18,55.7,25.19,908.3,25.2,266.5
1700000547.5,1095,25.130000000000003,0.05999999999999872,25.1,336.8,25.16,75.8,3628.4,1844.0,25.130000000000003,0.0,BUY,0,25.1,336.8,25.09,497.1,25.08,253.6,25.07,1118.3,25.06,1422.6,25.16,75.8,25.17,327.0,25.18,546.4,25.19,486.5,25.2,408.3
1700000548.0,1096,25.119999999999997,0.05999999999999872,25.09,59.1,25.15,101.3,587.0999999999999,3701.2,25.15,71.1,BUY,4,25.09,59.1,25.08,187.7,25.07,275.4,25.06,41.3,25.05,23.6,25.15,101.3,25.16,280.6,25.17,709.0,25.18,147.2,25.19,2463.1
1700000548.5,1097,25.125,0.07000000000000028,25.09,95.5,25.16,34.0,901.3000000000001,2581.4,25.09,40.7,SELL,1,25.09,95.5,25.08,297.6,25.07,193.3,25.06,120.8,25.05,194.1,25.16,34.0,25.17,32.8,25.18,761.7,25.19,688.4,25.2,1064.5
1700000549.0,1098,25.119999999999997,0.05999999999999872,25.09,351.8,25.15,97.4,1258.1,4248.0,25.15,70.3,BUY,1,25.09,351.8,25.08,148.0,25.07,457.8,25.06,232.0,25.05,68.5,25.15,97.4,25.16,99.6,25.17,168.0,25.18,324.4,25.19,3558.6
1700000549.5,1099,25.119999999999997,0.05999999999999872,25.09,476.6,25.15,293.7,2962.3,2372.5,25.09,105.4,SELL,3,25.09,476.6,25.08,112.5,25.07,476.0,25.06,185.3,25.05,1711.9,25.15,293.7,25.16,370.2,25.17,146.6,25.18,745.3,25.19,816.7
1700000550.0,1100,25.12,0.03999999999999915,25.1,424.0,25.14,20.5,2119.9,2992.4,25.12,0.0,BUY,0,25.1,424.0,25.09,640.6,25.08,170.9,25.07,385.5,25.06,498.9,25.14,20.5,25.15,767.9,25.16,1114.8,25.17,865.8,25.18,223.4
1700000550.5,1101,25.119999999999997,0.05999999999999872,25.09,458.1,25.15,318.9,1800.1,1855.6,25.119999999999997,0.0,BUY,0,25.09,458.1,25.08,88.3,25.07,44.7,25.06,376.0,25.05,833.0,25.15,318.9,25.16,59.9,25.17,52.6,25.18,441.4,25.19,982.8
1700000551.0,1102,25.119999999999997,0.05999999999999872,25.09,108.2,25.15,474.5,1451.9,2340.7000000000003,25.15,5.0,BUY,5,25.09,108.2,25.08,342.9,25.07,84.6,25.06,341.6,25.05,574.6,25.15,474.5,25.16,525.1,25.17,244.1,25.18,516.1,25.19,580.9
1700000551.5,1103,25.105,0.07000000000000028,25.07,2118.9,25.14,20.8,4328.3,2443.3,25.07,54.8,SELL,3,25.07,2118.9,25.06,158.8,25.05,720.7,25.04,713.6,25.03,616.3,25.14,20.8,25.15,430.9,25.16,363.2,25.17,263.4,25.18,1365.0
1700000552.0,1104,25.11,0.060000000000002274,25.08,290.0,25.14,430.3,2137.6,3326.0000000000005,25.08,52.3,SELL,3,25.08,290.0,25.07,522.9,25.06,226.2,25.05,405.3,25.04,693.2,25.14,430.3,25.15,1085.7,25.16,124.4,25.17,820.7,25.18,864.9
1700000552.5,1105,25.11,0.060000000000002274,25.08,831.8,25.14,119.7,3291.6000000000004,3005.9,25.11,0.0,BUY,0,25.08,831.8,25.07,393.8,25.06,826.7,25.05,101.3,25.04,1138.0,25.14,119.7,25.15,311.0,25.16,738.7,25.17,280.4,25.18,1556.1
1700000553.0,1106,25.105,0.07000000000000028,25.07,89.9,25.14,101.7,1717.1,1271.8999999999999,25.07,5.0,SELL,2,25.07,89.9,25.06,689.3,25.05,545.7,25.04,89.6,25.03,302.6,25.14,101.7,25.15,213.2,25.16,271.5,25.17,538.3,25.18,147.2
1700000553.5,1107,25.11,0.060000000000002274,25.08,632.2,25.14,376.5,3238.4,3314.9,25.08,91.6,SELL,1,25.08,632.2,25.07,1121.7,25.06,64.8,25.05,268.8,25.04,1150.9,25.14,376.5,25.15,718.4,25.16,42.2,25.17,973.2,25.18,1204.6
1700000554.0,1108,25.11,0.03999999999999915,25.09,111.5,25.13,515.2,2229.3,4930.0,25.09,50.4,SELL,2,25.09,111.5,25.08,192.4,25.07,72.9,25.06,1311.9,25.05,540.6,25.13,515.2,25.14,619.3,25.15,2277.8,25.16,601.5,25.17,916.2
1700000554.5,1109,25.11,0.03999999999999915,25.09,148.7,25.13,528.5,2404.7,3991.8,25.09,15.2,SELL,5,25.09,148.7,25.08,1223.6,25.07,151.5,25.06,263.8,25.05,617.1,25.13,528.5,25.14,1006.3,25.15,811.6,25.16,830.4,25.17,815.0
1700000555.0,1110,25.105,0.07000000000000028,25.07,244.0,25.14,15.1,2007.1000000000001,1842.4,25.07,71.4,SELL,3,25.07,244.0,25.06,315.7,25.05,271.0,25.04,1061.4,25.03,115.0,25.14,15.1,25.15,135.1,25.16,441.1,25.17,812.1,25.18,439.0
1700000555.5,1111,25.11,0.060000000000002274,25.08,385.5,25.14,10.6,8698.7,2027.5,25.14,35.9,BUY,3,25.08,385.5,25.07,106.0,25.06,2281.0,25.05,1717.5,25.04,4208.7,25.14,10.6,25.15,253.2,25.16,338.8,25.17,513.3,25.18,911.6
1700000556.0,1112,25.105,0.07000000000000028,25.07,68.7,25.14,335.9,2171.5,2114.8999999999996,25.14,38.3,BUY,2,25.07,68.7,25.06,304.0,25.05,314.3,25.04,1245.1,25.03,239.4,25.14,335.9,25.15,211.7,25.16,169.4,25.17,557.9,25.18,840.0
1700000556.5,1113,25.105,0.07000000000000028,25.07,89.4,25.14,164.2,1349.8,4551.2,25.14,20.6,BUY,2,25.07,89.4,25.06,285.5,25.05,260.4,25.04,24.1,25.03,690.4,25.14,164.2,25.15,500.2,25.16,2403.7,25.17,1033.8,25.18,449.3
1700000557.0,1114,25.1,0.05999999999999872,25.07,589.5,25.13,654.3,1504.8,4957.2,25.13,17.4,BUY,1,25.07,589.5,25.06,133.9,25.05,340.7,25.04,70.2,25.03,370.5,25.13,654.3,25.14,80.8,25.15,52.5,25.16,4032.9,25.17,136.7
1700000557.5,1115,25.1,0.05999999999999872,25.07,54.3,25.13,178.9,1685.4,2346.7999999999997,25.07,165.2,SELL,2,25.07,54.3,25.06,281.6,25.05,1001.1,25.04,104.2,25.03,244.2,25.13,178.9,25.14,382.2,25.15,216.6,25.16,1430.5,25.17,138.6
1700000558.0,1116,25.105,0.07000000000000028,25.07,631.3,25.14,868.9,1356.2,2800.5,25.105,0.0,BUY,0,25.07,631.3,25.06,121.1,25.05,224.1,25.04,140.2,25.03,239.5,25.14,868.9,25.15,369.3,25.16,458.9,25.17,363.4,25.18,740.0
1700000558.5,1117,25.1,0.05999999999999872,25.07,724.6,25.13,196.8,3293.1,3772.2999999999997,25.13,11.3,BUY,3,25.07,724.6,25.06,40.6,25.05,851.2,25.04,319.1,25.03,1357.6,25.13,196.8,25.14,588.5,25.15,996.3,25.16,1002.8,25.17,987.9
1700000559.0,1118,25.1,0.05999999999999872,25.07,159.5,25.13,308.4,2033.6,3878.8999999999996,25.07,65.8,SELL,1,25.07,159.5,25.06,160.0,25.05,288.5,25.04,592.7,25.03,832.9,25.13,308.4,25.14,503.2,25.15,387.6,25.16,541.1,25.17,2138.6
1700000559.5,1119,25.1,0.05999999999999872,25.07,13.3,25.13,738.7,1781.1000000000001,2866.8,25.07,5.0,SELL,3,25.07,13.3,25.06,626.2,25.05,179.7,25.04,355.7,25.03,606.2,25.13,738.7,25.14,276.7,25.15,204.5,25.16,1347.0,25.17,299.9
1700000560.0,1120,25.1,0.05999999999999872,25.07,103.2,25.13,342.0,2563.4,3251.0,25.1,0.0,BUY,0,25.07,103.2,25.06,150.3,25.05,414.6,25.04,1397.4,25.03,497.9,25.13,342.0,25.14,219.9,25.15,707.1,25.16,994.1,25.17,987.9
1700000560.5,1121,25.1,0.05999999999999872,25.07,645.5,25.13,100.5,3981.0,2951.3,25.07,23.2,SELL,1,25.07,645.5,25.06,1781.0,25.05,168.8,25.04,553.1,25.03,832.6,25.13,100.5,25.14,312.7,25.15,1458.9,25.16,567.7,25.17,511.5
1700000561.0,1122,25.1,0.05999999999999872,25.07,216.7,25.13,1511.7,4396.3,3222.8,25.13,37.7,BUY,1,25.07,216.7,25.06,558.2,25.05,2216.7,25.04,113.9,25.03,1290.8,25.13,1511.7,25.14,136.5,25.15,30.7,25.16,10.0,25.17,1533.9
1700000561.5,1123,25.1,0.05999999999999872,25.07,203.2,25.13,187.0,827.5,3365.5,25.13,10.9,BUY,2,25.07,203.2,25.06,150.1,25.05,231.9,25.04,71.5,25.03,170.8,25.13,187.0,25.14,442.9,25.15,944.6,25.16,572.8,25.17,1218.2
1700000562.0,1124,25.1,0.05999999999999872,25.07,287.5,25.13,219.3,1968.1000000000001,4095.2,25.07,5.0,SELL,1,25.07,287.5,25.06,457.0,25.05,877.4,25.04,116.5,25.03,229.7,25.13,219.3,25.14,18.7,25.15,2147.6,25.16,1403.4,25.17,306.2
1700000562.5,1125,25.1,0.05999999999999872,25.07,24.0,25.13,285.0,2258.1000000000004,2651.1,25.13,33.7,BUY,1,25.07,24.0,25.06,77.7,25.05,574.1,25.04,428.3,25.03,1154.0,25.13,285.0,25.14,319.7,25.15,197.9,25.16,1045.9,25.17,802.6
1700000563.0,1126,25.105,0.07000000000000028,25.07,567.6,25.14,332.0,2453.2,2830.1,25.105,0.0,BUY,0,25.07,567.6,25.06,350.5,25.05,632.1,25.04,83.1,25.03,819.9,25.14,332.0,25.15,523.6,25.16,180.0,25.17,241.0,25.18,1553.5
1700000563.5,1127,25.1,0.05999999999999872,25.07,366.9,25.13,552.1,2693.5,2480.7,25.13,7.1,BUY,5,25.07,366.9,25.06,670.1,25.05,775.2,25.04,788.0,25.03,93.3,25.13,552.1,25.14,134.4,25.15,140.4,25.16,607.7,25.17,1046.1
1700000564.0,1128,25.105,0.07000000000000028,25.07,401.1,25.14,75.6,2585.6,2030.1,25.14,20.8,BUY,2,25.07,401.1,25.06,298.1,25.05,903.3,25.04,520.5,25.03,462.6,25.14,75.6,25.15,241.3,25.16,976.1,25.17,419.0,25.18,318.1
1700000564.5,1129,25.1,0.05999999999999872,25.07,178.2,25.13,34.0,2520.8,3678.8,25.13,43.6,BUY,4,25.07,178.2,25.06,79.9,25.05,644.5,25.04,40.8,25.03,1577.4,25.13,34.0,25.14,14.1,25.15,1271.3,25.16,1488.2,25.17,871.2
1700000565.0,1130,25.1,0.05999999999999872,25.07,160.8,25.13,196.5,4084.2000000000003,5575.5,25.07,101.2,SELL,2,25.07,160.8,25.06,2401.3,25.05,517.3,25.04,757.2,25.03,247.6,25.13,196.5,25.14,770.4,25.15,2775.8,25.16,1134.6,25.17,698.2
1700000565.5,1131,25.1,0.05999999999999872,25.07,490.5,25.13,753.9,3191.3,4500.1,25.1,0.0,BUY,0,25.07,490.5,25.06,604.2,25.05,1106.3,25.04,318.0,25.03,672.3,25.13,753.9,25.14,1633.4,25.15,935.0,25.16,34.4,25.17,1143.4
1700000566.0,1132,25.1,0.05999999999999872,25.07,525.7,25.13,23.5,2042.7,2825.7,25.1,0.0,BUY,0,25.07,525.7,25.06,993.6,25.05,177.6,25.04,56.8,25.03,289.0,25.13,23.5,25.14,99.1,25.15,683.8,25.16,320.3,25.17,1699.0
1700000566.5,1133,25.1,0.05999999999999872,25.07,353.4,25.13,715.5,1856.4,4401.0,25.13,18.6,BUY,6,25.07,353.4,25.06,138.4,25.05,10.0,25.04,1038.4,25.03,316.2,25.13,715.5,25.14,318.3,25.15,2565.2,25.16,94.1,25.17,707.9
1700000567.0,1134,25.1,0.05999999999999872,25.07,987.6,25.13,58.1,2139.1,1671.7,25.1,0.0,BUY,0,25.07,987.6,25.06,309.0,25.05,447.3,25.04,158.6,25.03,236.6,25.13,58.1,25.14,38.7,25.15,297.5,25.16,209.2,25.17,1068.2
1700000567.5,1135,25.1,0.05999999999999872,25.07,299.8,25.13,1374.7,1995.0,5181.5,25.13,16.7,BUY,2,25.07,299.8,25.06,823.1,25.05,14.3,25.04,209.2,25.03,648.6,25.13,1374.7,25.14,371.4,25.15,2359.9,25.16,807.3,25.17,268.2
1700000568.0,1136,25.1,0.05999999999999872,25.07,822.4,25.13,89.6,1699.3,2347.3,25.07,38.1,SELL,1,25.07,822.4,25.06,136.8,25.05,253.5,25.04,462.5,25.03,24.1,25.13,89.6,25.14,231.0,25.15,300.3,25.16,1095.0,25.17,631.4
1700000568.5,1137,25.1,0.0400000000000027,25.08,62.6,25.12,238.1,2010.3,3189.4,25.1,0.0,BUY,0,25.08,62.6,25.07,809.5,25.06,98.8,25.05,199.7,25.04,839.7,25.12,238.1,25.13,904.9,25.14,616.6,25.15,1326.0,25.16,103.8
1700000569.0,1138,25.1,0.05999999999999872,25.07,41.7,25.13,222.0,314.2,2164.5,25.13,57.5,BUY,5,25.07,41.7,25.06,38.7,25.05,81.2,25.04,109.2,25.03,43.4,25.13,222.0,25.14,158.1,25.15,853.2,25.16,268.4,25.17,662.8
1700000569.5,1139,25.1,0.05999999999999872,25.07,254.8,25.13,75.0,2000.1000000000001,1619.2,25.07,5.0,SELL,2,25.07,254.8,25.06,110.8,25.05,10.0,25.04,418.6,25.03,1205.9,25.13,75.0,25.14,303.1,25.15,881.6,25.16,18.3,25.17,341.2
1700000570.0,1140,25.105,0.07000000000000028,25.07,141.9,25.14,104.0,1068.1999999999998,4488.9,25.07,8.5,SELL,3,25.07,141.9,25.06,211.9,25.05,198.6,25.04,221.4,25.03,294.4,25.14,104.0,25.15,60.5,25.16,2502.6,25.17,1006.6,25.18,815.2
1700000570.5,1141,25.1,0.05999999999999872,25.07,56.4,25.13,289.3,477.1,1639.4,25.1,0.0,BUY,0,25.07,56.4,25.06,105.6,25.05,144.6,25.04,119.9,25.03,50.6,25.13,289.3,25.14,196.0,25.15,231.2,25.16,132.2,25.17,790.7
1700000571.0,1142,25.1,0.05999999999999872,25.07,65.5,25.13,623.3,1141.0,3391.8999999999996,25.13,14.7,BUY,3,25.07,65.5,25.06,363.7,25.05,123.9,25.04,341.1,25.03,246.8,25.13,623.3,25.14,253.5,25.15,1443.1,25.16,318.7,25.17,753.3
1700000571.5,1143,25.1,0.0400000000000027,25.08,338.3,25.12,151.0,4940.0,2422.7999999999997,25.12,63.4,BUY,4,25.08,338.3,25.07,1396.0,25.06,1630.7,25.05,117.8,25.04,1457.2,25.12,151.0,25.13,285.2,25.14,819.9,25.15,498.3,25.16,668.4
1700000572.0,1144,25.1,0.05999999999999872,25.07,174.7,25.13,535.4,2422.8,3191.5,25.07,46.5,SELL,1,25.07,174.7,25.06,241.4,25.05,544.9,25.04,1329.4,25.03,132.4,25.13,535.4,25.14,486.5,25.15,1413.4,25.16,355.5,25.17,400.7
1700000572.5,1145,25.1,0.05999999999999872,25.07,965.9,25.13,273.2,2255.5,2635.7,25.07,53.2,SELL,1,25.07,965.9,25.06,1093.5,25.05,104.1,25.04,23.5,25.03,68.5,25.13,273.2,25.14,358.7,25.15,538.8,25.16,859.0,25.17,606.0
1700000573.0,1146,24.3,0.03999999999999915,24.28,479.8,24.32,794.8,5395.500000000001,4830.9,24.28,11.1,SELL,3,24.28,479.8,24.27,378.1,24.26,324.9,24.25,3020.4,24.24,1192.3,24.32,794.8,24.33,564.6,24.34,1258.8,24.35,740.8,24.36,1471.9
1700000573.5,1147,24.299999999999997,0.05999999999999872,24.27,17.9,24.33,608.4,1460.0,1899.5,24.27,9.2,SELL,3,24.27,17.9,24.26,79.7,24.25,26.9,24.24,1240.0,24.23,95.5,24.33,608.4,24.34,284.6,24.35,60.7,24.36,711.0,24.37,234.8
1700000574.0,1148,24.299999999999997,0.05999999999999872,24.27,124.3,24.33,49.5,923.4000000000001,900.4000000000001,24.33,40.3,BUY,1,24.27,124.3,24.26,110.7,24.25,96.7,24.24,562.2,24.23,29.5,24.33,49.5,24.34,59.6,24.35,260.0,24.36,335.6,24.37,195.7
1700000574.5,1149,24.305,0.07000000000000028,24.27,161.1,24.34,105.0,3177.9,3993.3,24.305,0.0,BUY,0,24.27,161.1,24.26,40.9,24.25,2403.8,24.24,99.2,24.23,472.9,24.34,105.0,24.35,582.1,24.36,1093.0,24.37,1744.7,24.38,468.5
1700000575.0,1150,24.299999999999997,0.05999999999999872,24.27,382.0,24.33,723.2,2200.9,4292.3,24.27,8.9,SELL,2,24.27,382.0,24.26,539.2,24.25,122.6,24.24,223.2,24.23,933.9,24.33,723.2,24.34,1344.6,24.35,503.3,24.36,601.9,24.37,1119.3
1700000575.5,1151,24.299999999999997,0.05999999999999872,24.27,399.3,24.33,661.9,3714.3,2445.4,24.33,45.2,BUY,3,24.27,399.3,24.26,2185.1,24.25,314.6,24.24,670.3,24.23,145.0,24.33,661.9,24.34,100.7,24.35,764.0,24.36,392.2,24.37,526.6
1700000576.0,1152,24.299999999999997,0.05999999999999872,24.27,450.0,24.33,411.7,2158.3,5716.2,24.33,65.0,BUY,2,24.27,450.0,24.26,924.7,24.25,364.1,24.24,308.7,24.23,110.8,24.33,411.7,24.34,2458.2,24.35,67.6,24.36,1634.9,24.37,1143.8
1700000576.5,1153,24.305,0.07000000000000028,24.27,280.4,24.34,10.0,4006.2,861.6999999999999,24.27,108.3,SELL,3,24.27,280.4,24.26,1248.4,24.25,311.8,24.24,273.9,24.23,1891.7,24.34,10.0,24.35,184.2,24.36,166.6,24.37,158.0,24.38,342.9
1700000577.0,1154,24.310000000000002,0.05999999999999872,24.28,727.8,24.34,295.3,3149.5,3109.2,24.34,27.2,BUY,1,24.28,727.8,24.27,56.0,24.26,899.7,24.25,1158.6,24.24,307.4,24.34,295.3,24.35,510.7,24.36,83.1,24.37,1350.6,24.38,869.5
1700000577.5,1155,24.310000000000002,0.05999999999999872,24.28,80.2,24.34,131.8,3224.7,3170.1000000000004,24.34,13.2,BUY,1,24.28,80.2,24.27,206.3,24.26,279.9,24.25,12.1,24.24,2646.2,24.34,131.8,24.35,288.0,24.36,1066.9,24.37,395.1,24.38,1288.3
1700000578.0,1156,24.310000000000002,0.05999999999999872,24.28,972.2,24.34,1052.3,2450.6,2091.0,24.34,14.1,BUY,1,24.28,972.2,24.27,416.9,24.26,145.7,24.25,244.9,24.24,670.9,24.34,1052.3,24.35,557.7,24.36,108.6,24.37,93.6,24.38,278.8
1700000578.5,1157,24.310000000000002,0.05999999999999872,24.28,222.7,24.34,28.6,2265.2999999999997,4412.0,24.28,50.0,SELL,3,24.28,222.7,24.27,544.1,24.26,438.4,24.25,339.8,24.24,720.3,24.34,28.6,24.35,277.0,24.36,321.2,24.37,944.7,24.38,2840.5
1700000579.0,1158,24.310000000000002,0.05999999999999872,24.28,275.0,24.34,54.7,1442.5,3424.2000000000007,24.34,48.3,BUY,1,24.28,275.0,24.27,74.4,24.26,159.5,24.25,242.5,24.24,691.1,24.34,54.7,24.35,1376.4,24.36,646.1,24.37,68.3,24.38,1278.7
1700000579.5,1159,24.310000000000002,0.05999999999999872,24.28,13.6,24.34,246.1,1380.3000000000002,1523.9,24.28,5.0,SELL,1,24.28,13.6,24.27,525.2,24.26,302.1,24.25,154.0,24.24,385.4,24.34,246.1,24.35,122.6,24.36,34.1,24.37,261.4,24.38,859.7
1700000580.0,1160,24.310000000000002,0.05999999999999872,24.28,734.1,24.34,87.3,3893.2000000000003,3028.6,24.310000000000002,0.0,BUY,0,24.28,734.1,24.27,59.5,24.26,1601.2,24.25,1169.6,24.24,328.8,24.34,87.3,24.35,135.7,24.36,1402.9,24.37,28.6,24.38,1374.1
1700000580.5,1161,24.310000000000002,0.05999999999999872,24.28,21.3,24.34,22.3,636.8,2546.7,24.34,207.8,BUY,4,24.28,21.3,24.27,10.0,24.26,34.2,24.25,50.0,24.24,521.3,24.34,22.3,24.35,208.8,24.36,332.7,24.37,452.0,24.38,1530.9
1700000581.0,1162,24.310000000000002,0.05999999999999872,24.28,186.8,24.34,697.0,1202.0,4062.4,24.28,66.6,SELL,1,24.28,186.8,24.27,104.2,24.26,336.9,24.25,487.0,24.24,87.1,24.34,697.0,24.35,379.6,24.36,338.4,24.37,780.3,24.38,1867.1
1700000581.5,1163,24.310000000000002,0.05999999999999872,24.28,357.0,24.34,18.6,3287.1,3063.5,24.34,20.2,BUY,3,24.28,357.0,24.27,42.3,24.26,912.0,24.25,726.7,24.24,1249.1,24.34,18.6,24.35,438.9,24.36,387.7,24.37,1289.1,24.38,929.2
1700000582.0,1164,24.310000000000002,0.05999999999999872,24.28,24.9,24.34,158.0,1771.4,3635.5,24.28,76.5,SELL,2,24.28,24.9,24.27,399.7,24.26,464.9,24.25,372.3,24.24,509.6,24.34,158.0,24.35,630.5,24.36,316.1,24.37,2326.1,24.38,204.8
1700000582.5,1165,24.310000000000002,0.05999999999999872,24.28,117.1,24.34,422.4,3063.9,3496.8999999999996,24.34,137.1,BUY,4,24.28,117.1,24.27,1320.8,24.26,188.4,24.25,1275.8,24.24,161.8,24.34,422.4,24.35,451.3,24.36,496.8,24.37,1573.7,24.38,552.7
1700000583.0,1166,24.310000000000002,0.05999999999999872,24.28,452.5,24.34,44.7,3068.8,1347.3999999999999,24.34,115.3,BUY,3,24.28,452.5,24.27,1151.0,24.26,572.0,24.25,186.6,24.24,706.7,24.34,44.7,24.35,874.8,24.36,25.0,24.37,321.1,24.38,81.8
1700000583.5,1167,24.310000000000002,0.05999999999999872,24.28,321.3,24.34,346.3,2066.8,1668.6999999999998,24.34,5.0,BUY,1,24.28,321.3,24.27,318.0,24.26,440.7,24.25,380.7,24.24,606.1,24.34,346.3,24.35,218.5,24.36,403.4,24.37,109.0,24.38,591.5
1700000584.0,1168,24.310000000000002,0.05999999999999872,24.28,402.6,24.34,235.7,3732.7,1845.0,24.28,30.0,SELL,1,24.28,402.6,24.27,1828.5,24.26,579.4,24.25,644.2,24.24,278.0,24.34,235.7,24.35,204.4,24.36,84.8,24.37,281.2,24.38,1038.9
1700000584.5,1169,24.305,0.07000000000000028,24.27,28.7,24.34,182.6,1845.6000000000001,3338.8999999999996,24.34,94.1,BUY,1,24.27,28.7,24.26,329.9,24.25,744.6,24.24,155.9,24.23,586.5,24.34,182.6,24.35,256.9,24.36,1342.7,24.37,96.6,24.38,1460.1
1700000585.0,1170,24.305,0.07000000000000028,24.27,473.6,24.34,193.9,1739.9,1279.0,24.27,23.1,SELL,3,24.27,473.6,24.26,46.7,24.25,300.9,24.24,874.3,24.23,44.4,24.34,193.9,24.35,160.5,24.36,238.0,24.37,457.9,24.38,228.7
1700000585.5,1171,24.310000000000002,0.05999999999999872,24.28,77.9,24.34,425.3,2198.5,5454.700000000001,24.28,18.2,SELL,2,24.28,77.9,24.27,56.0,24.26,271.7,24.25,496.1,24.24,1296.8,24.34,425.3,24.35,339.8,24.36,737.3,24.37,3217.3,24.38,735.0
1700000586.0,1172,24.31,0.03999999999999915,24.29,304.3,24.33,208.7,3294.3999999999996,6348.7,24.33,11.3,BUY,1,24.29,304.3,24.28,163.0,24.27,1579.7,24.26,685.7,24.25,561.7,24.33,208.7,24.34,637.9,24.35,767.1,24.36,4429.7,24.37,305.3
1700000586.5,1173,24.310000000000002,0.05999999999999872,24.28,1802.9,24.34,54.9,2860.7999999999997,3197.5,24.310000000000002,0.0,BUY,0,24.28,1802.9,24.27,58.0,24.26,252.2,24.25,447.0,24.24,300.7,24.34,54.9,24.35,488.8,24.36,1438.9,24.37,337.7,24.38,877.2
1700000587.0,1174,24.310000000000002,0.05999999999999872,24.28,330.5,24.34,325.8,1721.7,3277.6,24.28,5.0,SELL,1,24.28,330.5,24.27,855.0,24.26,266.1,24.25,59.9,24.24,210.2,24.34,325.8,24.35,1249.1,24.36,34.4,24.37,1658.3,24.38,10.0
1700000587.5,1175,24.310000000000002,0.05999999999999872,24.28,682.7,24.34,10.0,3326.1,2152.6,24.34,86.5,BUY,1,24.28,682.7,24.27,107.5,24.26,1519.8,24.25,954.9,24.24,61.2,24.34,10.0,24.35,232.1,24.36,322.9,24.37,663.5,24.38,924.1
1700000588.0,1176,24.31,0.03999999999999915,24.29,532.2,24.33,1014.0,1829.4,1646.1999999999998,24.33,53.6,BUY,2,24.29,532.2,24.28,166.6,24.27,967.6,24.26,25.5,24.25,137.5,24.33,1014.0,24.34,190.1,24.35,88.5,24.36,55.1,24.37,298.5
1700000588.5,1177,24.310000000000002,0.05999999999999872,24.28,147.5,24.34,441.5,1448.3,2031.2000000000003,24.310000000000002,0.0,BUY,0,24.28,147.5,24.27,115.9,24.26,344.0,24.25,564.7,24.24,276.2,24.34,441.5,24.35,85.4,24.36,768.0,24.37,95.2,24.38,641.1
1700000589.0,1178,24.310000000000002,0.05999999999999872,24.28,13.6,24.34,117.0,4101.099999999999,3228.8,24.28,54.2,SELL,3,24.28,13.6,24.27,3104.7,24.26,12.5,24.25,262.0,24.24,708.3,24.34,117.0,24.35,380.7,24.36,1364.9,24.37,1208.9,24.38,157.3
1700000589.5,1179,24.310000000000002,0.05999999999999872,24.28,16.0,24.34,51.9,2652.1,1741.8000000000002,24.34,24.9,BUY,2,24.28,16.0,24.27,281.5,24.26,1480.4,24.25,654.5,24.24,219.7,24.34,51.9,24.35,136.3,24.36,279.7,24.37,654.5,24.38,619.4
1700000590.0,1180,23.450000000000003,0.05999999999999872,23.42,110.4,23.48,233.7,2455.2,4543.099999999999,23.42,5.0,SELL,4,23.42,110.4,23.41,494.9,23.4,644.1,23.39,460.5,23.38,745.3,23.48,233.7,23.49,325.9,23.5,2721.6,23.51,512.0,23.52,749.9
1700000590.5,1181,23.450000000000003,0.05999999999999872,23.42,202.7,23.48,298.1,1964.1000000000001,2465.9,23.48,38.1,BUY,3,23.42,202.7,23.41,40.0,23.4,1020.5,23.39,83.7,23.38,617.2,23.48,298.1,23.49,292.2,23.5,685.7,23.51,207.8,23.52,982.1
1700000591.0,1182,23.450000000000003,0.05999999999999872,23.42,195.1,23.48,1041.9,2530.1,3503.4999999999995,23.48,23.5,BUY,3,23.42,195.1,23.41,233.4,23.4,175.9,23.39,839.6,23.38,1086.1,23.48,1041.9,23.49,54.6,23.5,145.8,23.51,1140.6,23.52,1120.6
1700000591.5,1183,23.450000000000003,0.05999999999999872,23.42,767.6,23.48,13.5,2155.3,7025.5,23.450000000000003,0.0,BUY,0,23.42,767.6,23.41,268.3,23.4,553.8,23.39,534.6,23.38,31.0,23.48,13.5,23.49,897.3,23.5,922.0,23.51,1011.4,23.52,4181.3
1700000592.0,1184,23.450000000000003,0.05999999999999872,23.42,254.1,23.48,586.1,3013.3,3279.1,23.42,51.7,SELL,2,23.42,254.1,23.41,90.2,23.4,1380.5,23.39,37.7,23.38,1250.8,23.48,586.1,23.49,747.5,23.5,525.3,23.51,495.6,23.52,924.6
1700000592.5,1185,23.450000000000003,0.05999999999999872,23.42,43.1,23.48,158.4,2149.2,1738.8,23.42,5.0,SELL,2,23.42,43.1,23.41,960.4,23.4,598.3,23.39,508.9,23.38,38.5,23.48,158.4,23.49,403.4,23.5,142.0,23.51,317.7,23.52,717.3
1700000593.0,1186,23.450000000000003,0.05999999999999872,23.42,93.0,23.48,717.3,2425.5,14487.300000000001,23.48,17.1,BUY,1,23.42,93.0,23.41,731.7,23.4,319.2,23.39,631.0,23.38,650.6,23.48,717.3,23.49,301.6,23.5,5907.6,23.51,1882.2,23.52,5678.6
1700000593.5,1187,23.450000000000003,0.05999999999999872,23.42,308.1,23.48,122.6,3548.7000000000003,1830.1,23.48,5.3,BUY,2,23.42,308.1,23.41,637.9,23.4,1985.3,23.39,449.8,23.38,167.6,23.48,122.6,23.49,161.5,23.5,646.9,23.51,200.8,23.52,698.3
1700000594.0,1188,23.445,0.07000000000000028,23.41,753.2,23.48,1374.6,2049.0,4367.5,23.445,0.0,BUY,0,23.41,753.2,23.4,167.6,23.39,128.0,23.38,739.7,23.37,260.5,23.48,1374.6,23.49,880.9,23.5,1851.2,23.51,184.0,23.52,76.8
1700000594.5,1189,23.445,0.07000000000000028,23.41,182.3,23.48,289.3,4059.5000000000005,2673.9,23.48,111.1,BUY,1,23.41,182.3,23.4,151.8,23.39,157.1,23.38,2631.4,23.37,936.9,23.48,289.3,23.49,52.0,23.5,489.1,23.51,1210.1,23.52,633.4
1700000595.0,1190,23.439999999999998,0.05999999999999872,23.41,231.0,23.47,377.2,3334.3,4554.299999999999,23.41,49.7,SELL,3,23.41,231.0,23.4,91.0,23.39,1174.4,23.38,1550.7,23.37,287.2,23.47,377.2,23.48,1760.5,23.49,158.2,23.5,1802.5,23.51,455.9
1700000595.5,1191,23.439999999999998,0.05999999999999872,23.41,88.4,23.47,140.9,1582.9,1551.8000000000002,23.47,35.8,BUY,2,23.41,88.4,23.4,784.9,23.39,10.0,23.38,299.1,23.37,400.5,23.47,140.9,23.48,73.5,23.49,85.7,23.5,239.0,23.51,1012.7
1700000596.0,1192,23.630000000000003,0.05999999999999872,23.6,111.8,23.66,159.6,2564.7999999999997,2807.5999999999995,23.66,41.1,BUY,3,23.6,111.8,23.59,940.3,23.58,114.2,23.57,1234.4,23.56,164.1,23.66,159.6,23.67,1339.6,23.68,575.0,23.69,616.2,23.7,117.2
1700000596.5,1193,23.630000000000003,0.05999999999999872,23.6,311.1,23.66,28.5,1314.1999999999998,1757.3000000000002,23.6,91.4,SELL,1,23.6,311.1,23.59,23.2,23.58,339.3,23.57,521.0,23.56,119.6,23.66,28.5,23.67,582.9,23.68,210.5,23.69,682.5,23.7,252.9
1700000597.0,1194,23.630000000000003,0.05999999999999872,23.6,446.3,23.66,142.8,1774.6000000000001,1741.1,23.66,9.2,BUY,1,23.6,446.3,23.59,40.1,23.58,674.2,23.57,378.7,23.56,235.3,23.66,142.8,23.67,84.6,23.68,337.5,23.69,365.1,23.7,811.1
1700000597.5,1195,23.63,0.03999999999999915,23.61,454.8,23.65,246.8,3277.5,3895.6,23.63,0.0,BUY,0,23.61,454.8,23.6,619.8,23.59,833.6,23.58,268.3,23.57,1101.0,23.65,246.8,23.66,407.9,23.67,381.9,23.68,2849.0,23.69,10.0
1700000598.0,1196,23.630000000000003,0.05999999999999872,23.6,190.8,23.66,23.1,2670.2,2583.1000000000004,23.6,53.7,SELL,3,23.6,190.8,23.59,894.8,23.58,144.4,23.57,1200.7,23.56,239.5,23.66,23.1,23.67,706.7,23.68,1112.5,23.69,351.8,23.7,389.0
1700000598.5,1197,23.630000000000003,0.05999999999999872,23.6,22.5,23.66,262.2,852.1,5358.3,23.66,5.7,BUY,5,23.6,22.5,23.59,319.4,23.58,247.6,23.57,246.4,23.56,16.2,23.66,262.2,23.67,368.5,23.68,3602.3,23.69,763.8,23.7,361.5
1700000599.0,1198,23.630000000000003,0.05999999999999872,23.6,342.8,23.66,483.3,6137.099999999999,4319.9,23.6,5.8,SELL,1,23.6,342.8,23.59,911.6,23.58,90.4,23.57,3695.6,23.56,1096.7,23.66,483.3,23.67,1313.0,23.68,573.6,23.69,665.3,23.7,1284.7
1700000599.5,1199,23.785,0.07000000000000028,23.75,72.0,23.82,83.5,1881.5000000000002,2316.1000000000004,23.82,5.0,BUY,3,23.75,72.0,23.74,602.7,23.73,550.7,23.72,412.9,23.71,243.2,23.82,83.5,23.83,825.2,23.84,1156.9,23.85,176.5,23.86,74.0
1700000600.0,1200,23.79,0.05999999999999872,23.76,107.7,23.82,680.3,2390.3999999999996,5241.1,23.76,44.2,SELL,1,23.76,107.7,23.75,304.8,23.74,1258.9,23.73,594.8,23.72,124.2,23.82,680.3,23.83,117.4,23.84,873.3,23.85,267.7,23.86,3302.4
1700000600.5,1201,23.79,0.05999999999999872,23.76,787.6,23.82,188.4,5451.200000000001,3135.1000000000004,23.82,22.5,BUY,1,23.76,787.6,23.75,929.6,23.74,1015.6,23.73,18.5,23.72,2699.9,23.82,188.4,23.83,473.2,23.84,569.7,23.85,1750.3,23.86,153.5
1700000601.0,1202,23.79,0.05999999999999872,23.76,728.2,23.82,1104.3,2937.0,1834.1,23.76,21.1,SELL,1,23.76,728.2,23.75,10.6,23.74,568.5,23.73,696.2,23.72,933.5,23.82,1104.3,23.83,215.7,23.84,337.3,23.85,35.3,23.86,141.5
1700000601.5,1203,23.79,0.05999999999999872,23.76,286.7,23.82,71.2,1491.4,2378.3,23.79,0.0,BUY,0,23.76,286.7,23.75,103.0,23.74,233.1,23.73,323.2,23.72,545.4,23.82,71.2,23.83,398.6,23.84,609.6,23.85,478.3,23.86,820.6
1700000602.0,1204,23.79,0.05999999999999872,23.76,133.4,23.82,145.4,1748.2,1559.0,23.76,42.3,SELL,2,23.76,133.4,23.75,86.5,23.74,637.0,23.73,307.1,23.72,584.2,23.82,145.4,23.83,21.5,23.84,498.8,23.85,751.8,23.86,141.5
1700000602.5,1205,23.785,0.07000000000000028,23.75,10.0,23.82,400.8,2751.5,1917.9,23.82,5.0,BUY,2,23.75,10.0,23.74,635.1,23.73,622.9,23.72,723.7,23.71,759.8,23.82,400.8,23.83,383.8,23.84,597.9,23.85,497.0,23.86,38.4
1700000603.0,1206,23.79,0.05999999999999872,23.76,837.7,23.82,389.9,3071.7000000000003,3238.5999999999995,23.82,37.3,BUY,2,23.76,837.7,23.75,408.0,23.74,1031.8,23.73,689.4,23.72,104.8,23.82,389.9,23.83,909.5,23.84,1306.3,23.85,198.2,23.86,434.7
1700000603.5,1207,23.79,0.05999999999999872,23.76,374.9,23.82,447.7,3042.7,2665.3999999999996,23.82,73.7,BUY,1,23.76,374.9,23.75,168.3,23.74,887.0,23.73,928.4,23.72,684.1,23.82,447.7,23.83,392.9,23.84,833.8,23.85,674.3,23.86,316.7
1700000604.0,1208,23.79,0.05999999999999872,23.76,96.0,23.82,72.9,1907.0,2023.4,23.82,5.0,BUY,2,23.76,96.0,23.75,717.2,23.74,119.5,23.73,379.0,23.72,595.3,23.82,72.9,23.83,1149.3,23.84,59.4,23.85,42.4,23.86,699.4
1700000604.5,1209,23.79,0.05999999999999872,23.76,876.6,23.82,638.0,2130.1,4135.2,23.79,0.0,BUY,0,23.76,876.6,23.75,119.1,23.74,305.4,23.73,389.2,23.72,439.8,23.82,638.0,23.83,372.5,23.84,385.7,23.85,810.7,23.86,1928.3
1700000605.0,1210,23.79,0.03999999999999915,23.77,149.1,23.81,332.4,1658.4,4538.2,23.77,90.0,SELL,1,23.77,149.1,23.76,14.0,23.75,146.2,23.74,1101.2,23.73,247.9,23.81,332.4,23.82,1365.8,23.83,108.0,23.84,883.1,23.85,1848.9
1700000605.5,1211,23.785,0.07000000000000028,23.75,104.0,23.82,714.2,1558.0,1809.6,23.82,9.2,BUY,1,23.75,104.0,23.74,10.0,23.73,491.4,23.72,885.7,23.71,66.9,23.82,714.2,23.83,617.1,23.84,189.6,23.85,11.6,23.86,277.1
1700000606.0,1212,23.78,0.05999999999999872,23.75,278.3,23.81,255.5,2299.8,5591.7,23.81,6.5,BUY,4,23.75,278.3,23.74,411.6,23.73,1472.7,23.72,103.5,23.71,33.7,23.81,255.5,23.82,851.1,23.83,3044.2,23.84,537.8,23.85,903.1
1700000606.5,1213,23.78,0.03999999999999915,23.76,339.9,23.8,685.2,1024.7,1876.6,23.8,5.0,BUY,2,23.76,339.9,23.75,304.0,23.74,96.6,23.73,35.7,23.72,248.5,23.8,685.2,23.81,771.7,23.82,13.5,23.83,119.6,23.84,286.6
1700000607.0,1214,23.78,0.03999999999999915,23.76,688.4,23.8,24.4,1209.6999999999998,1612.3,23.76,11.5,SELL,1,23.76,688.4,23.75,42.5,23.74,379.7,23.73,10.0,23.72,89.1,23.8,24.4,23.81,395.4,23.82,209.9,23.83,38.4,23.84,944.2
1700000607.5,1215,23.78,0.05999999999999872,23.75,165.5,23.81,31.7,5281.4,1165.4999999999998,23.81,45.1,BUY,1,23.75,165.5,23.74,855.5,23.73,2116.6,23.72,1043.1,23.71,1100.7,23.81,31.7,23.82,193.1,23.83,554.8,23.84,265.1,23.85,120.8
1700000608.0,1216,23.78,0.05999999999999872,23.75,665.6,23.81,14.5,2721.0,2735.7,23.81,9.7,BUY,1,23.75,665.6,23.74,335.5,23.73,69.8,23.72,649.2,23.71,1000.9,23.81,14.5,23.82,86.2,23.83,40.7,23.84,1320.0,23.85,1274.3
1700000608.5,1217,23.78,0.05999999999999872,23.75,10.0,23.81,432.3,2365.8999999999996,2213.5,23.81,62.7,BUY,2,23.75,10.0,23.74,447.7,23.73,258.9,23.72,776.3,23.71,873.0,23.81,432.3,23.82,311.9,23.83,143.6,23.84,817.8,23.85,507.9
1700000609.0,1218,23.78,0.05999999999999872,23.75,251.0,23.81,329.2,2019.9,3164.7,23.78,0.0,BUY,0,23.75,251.0,23.74,192.2,23.73,624.5,23.72,942.2,23.71,10.0,23.81,329.2,23.82,524.1,23.83,441.0,23.84,846.3,23.85,1024.1
1700000609.5,1219,23.78,0.03999999999999915,23.76,398.6,23.8,650.1,1592.3000000000002,2678.3999999999996,23.8,11.5,BUY,1,23.76,398.6,23.75,159.1,23.74,35.3,23.73,853.9,23.72,145.4,23.8,650.1,23.81,217.4,23.82,212.0,23.83,1189.7,23.84,409.2
1700000610.0,1220,23.78,0.05999999999999872,23.75,101.0,23.81,545.0,1662.8,4689.099999999999,23.75,26.4,SELL,5,23.75,101.0,23.74,218.5,23.73,209.1,23.72,743.0,23.71,391.2,23.81,545.0,23.82,511.3,23.83,840.5,23.84,2671.1,23.85,121.2
1700000610.5,1221,23.78,0.05999999999999872,23.75,70.7,23.81,86.3,1346.2000000000003,3159.0,23.75,44.6,SELL,1,23.75,70.7,23.74,519.7,23.73,10.0,23.72,273.2,23.71,472.6,23.81,86.3,23.82,187.7,23.83,2063.0,23.84,233.8,23.85,588.2
1700000611.0,1222,23.78,0.05999999999999872,23.75,1219.3,23.81,359.7,2927.1,3172.7,23.75,13.3,SELL,2,23.75,1219.3,23.74,245.7,23.73,197.3,23.72,201.3,23.71,1063.5,23.81,359.7,23.82,10.0,23.83,1466.7,23.84,710.5,23.85,625.8
1700000611.5,1223,23.78,0.03999999999999915,23.76,425.6,23.8,57.7,2933.8999999999996,3324.2000000000003,23.8,51.0,BUY,1,23.76,425.6,23.75,232.7,23.74,749.0,23.73,426.4,23.72,1100.2,23.8,57.7,23.81,107.0,23.82,1501.8,23.83,926.8,23.84,730.9
1700000612.0,1224,23.78,0.05999999999999872,23.75,137.3,23.81,98.8,3922.9,2456.6,23.75,28.9,SELL,1,23.75,137.3,23.74,193.0,23.73,874.1,23.72,715.8,23.71,2002.7,23.81,98.8,23.82,303.6,23.83,444.7,23.84,1525.6,23.85,83.9
1700000612.5,1225,23.785,0.07000000000000028,23.75,579.4,23.82,103.7,3887.1000000000004,1222.2,23.82,22.3,BUY,2,23.75,579.4,23.74,1809.4,23.73,168.1,23.72,157.9,23.71,1172.3,23.82,103.7,23.83,428.2,23.84,153.8,23.85,186.4,23.86,350.1
1700000613.0,1226,23.78,0.05999999999999872,23.75,289.2,23.81,218.4,1008.2,1407.6999999999998,23.81,18.4,BUY,1,23.75,289.2,23.74,84.7,23.73,333.0,23.72,87.0,23.71,214.3,23.81,218.4,23.82,238.6,23.83,154.5,23.84,467.1,23.85,329.1
1700000613.5,1227,23.78,0.05999999999999872,23.75,422.4,23.81,77.9,1799.5000000000002,1728.8,23.78,0.0,BUY,0,23.75,422.4,23.74,55.3,23.73,444.0,23.72,533.1,23.71,344.7,23.81,77.9,23.82,92.1,23.83,1198.6,23.84,120.5,23.85,239.7
1700000614.0,1228,23.78,0.05999999999999872,23.75,52.4,23.81,10.7,7116.200000000001,1953.6999999999998,23.81,23.8,BUY,1,23.75,52.4,23.74,1112.6,23.73,1618.5,23.72,1842.6,23.71,2490.1,23.81,10.7,23.82,77.4,23.83,339.3,23.84,145.7,23.85,1380.6
1700000614.5,1229,23.78,0.05999999999999872,23.75,795.3,23.81,825.8,3252.3,2467.5,23.75,8.4,SELL,1,23.75,795.3,23.74,296.3,23.73,673.9,23.72,622.3,23.71,864.5,23.81,825.8,23.82,162.9,23.83,855.3,23.84,545.2,23.85,78.3
1700000615.0,1230,23.78,0.05999999999999872,23.75,795.7,23.81,375.6,2334.6000000000004,1894.6999999999998,23.78,0.0,BUY,0,23.75,795.7,23.74,256.3,23.73,516.9,23.72,563.2,23.71,202.5,23.81,375.6,23.82,303.4,23.83,118.8,23.84,45.9,23.85,1051.0
1700000615.5,1231,23.78,0.05999999999999872,23.75,1113.7,23.81,10.0,2008.2,2641.3,23.81,128.2,BUY,2,23.75,1113.7,23.74,25.9,23.73,77.6,23.72,411.3,23.71,379.7,23.81,10.0,23.82,23.5,23.83,486.0,23.84,1638.5,23.85,483.3
1700000616.0,1232,23.78,0.05999999999999872,23.75,186.6,23.81,192.0,3459.8,6250.7,23.75,23.7,SELL,1,23.75,186.6,23.74,11.2,23.73,1479.2,23.72,1076.8,23.71,706.0,23.81,192.0,23.82,473.4,23.83,5188.7,23.84,175.6,23.85,221.0
1700000616.5,1233,23.78,0.03999999999999915,23.76,933.1,23.8,376.1,2392.7999999999997,4033.5,23.8,49.1,BUY,3,23.76,933.1,23.75,313.5,23.74,88.7,23.73,1038.8,23.72,18.7,23.8,376.1,23.81,295.7,23.82,1094.3,23.83,1406.1,23.84,861.3
1700000617.0,1234,23.78,0.05999999999999872,23.75,543.3,23.81,310.2,1464.2,3217.3,23.75,5.0,SELL,3,23.75,543.3,23.74,157.7,23.73,219.2,23.72,10.2,23.71,533.8,23.81,310.2,23.82,441.8,23.83,525.4,23.84,386.8,23.85,1553.1
1700000617.5,1235,23.55,0.03999999999999915,23.53,166.8,23.57,54.6,2534.9,2471.5,23.53,25.7,SELL,3,23.53,166.8,23.52,1048.2,23.51,232.0,23.5,119.7,23.49,968.2,23.57,54.6,23.58,319.4,23.59,884.1,23.6,664.4,23.61,549.0
1700000618.0,1236,23.549999999999997,0.05999999999999872,23.52,216.6,23.58,10.0,4191.8,1383.3,23.58,27.4,BUY,2,23.52,216.6,23.51,827.9,23.5,1419.2,23.49,49.4,23.48,1678.7,23.58,10.0,23.59,104.4,23.6,125.4,23.61,155.0,23.62,988.5
1700000618.5,1237,23.549999999999997,0.05999999999999872,23.52,547.6,23.58,98.2,3134.2,2319.1,23.58,54.6,BUY,1,23.52,547.6,23.51,75.7,23.5,178.7,23.49,771.9,23.48,1560.3,23.58,98.2,23.59,820.4,23.6,453.3,23.61,429.8,23.62,517.4
1700000619.0,1238,23.549999999999997,0.05999999999999872,23.52,49.5,23.58,67.0,4569.400000000001,4414.5,23.52,30.4,SELL,3,23.52,49.5,23.51,1205.2,23.5,1040.2,23.49,1697.7,23.48,576.8,23.58,67.0,23.59,1852.8,23.6,125.9,23.61,280.4,23.62,2088.4
1700000619.5,1239,23.549999999999997,0.05999999999999872,23.52,116.8,23.58,693.3,1192.0,2751.3999999999996,23.549999999999997,0.0,BUY,0,23.52,116.8,23.51,205.9,23.5,453.1,23.49,325.8,23.48,90.4,23.58,693.3,23.59,1277.1,23.6,306.7,23.61,301.1,23.62,173.2
1700000620.0,1240,23.549999999999997,0.05999999999999872,23.52,173.7,23.58,340.1,6456.5,6575.1,23.58,25.5,BUY,2,23.52,173.7,23.51,80.7,23.5,1575.9,23.49,2703.3,23.48,1922.9,23.58,340.1,23.59,112.9,23.6,3779.3,23.61,220.5,23.62,2122.3
1700000620.5,1241,23.549999999999997,0.05999999999999872,23.52,199.7,23.58,11.5,2385.6,3007.5,23.58,37.9,BUY,1,23.52,199.7,23.51,371.8,23.5,197.4,23.49,26.6,23.48,1590.1,23.58,11.5,23.59,1603.2,23.6,97.1,23.61,201.3,23.62,1094.4
1700000621.0,1242,23.549999999999997,0.05999999999999872,23.52,96.0,23.58,147.1,2887.9,3219.3,23.58,49.6,BUY,1,23.52,96.0,23.51,22.4,23.5,687.8,23.49,624.3,23.48,1457.4,23.58,147.1,23.59,853.1,23.6,530.1,23.61,203.2,23.62,1485.8
1700000621.5,1243,23.55,0.03999999999999915,23.53,463.7,23.57,707.2,4375.700000000001,2831.3,23.57,22.3,BUY,2,23.53,463.7,23.52,1132.6,23.51,351.1,23.5,1181.7,23.49,1246.6,23.57,707.2,23.58,395.2,23.59,56.5,23.6,979.6,23.61,692.8
1700000622.0,1244,23.549999999999997,0.05999999999999872,23.52,170.7,23.58,91.0,4671.5,1431.4,23.58,16.4,BUY,1,23.52,170.7,23.51,948.2,23.5,197.4,23.49,2194.8,23.48,1160.4,23.58,91.0,23.59,1059.7,23.6,28.3,23.61,113.9,23.62,138.5
1700000622.5,1245,23.549999999999997,0.05999999999999872,23.52,173.2,23.58,396.7,2117.5,3239.4,23.52,37.1,SELL,2,23.52,173.2,23.51,304.7,23.5,113.0,23.49,152.2,23.48,1374.4,23.58,396.7,23.59,1031.6,23.6,996.3,23.61,716.0,23.62,98.8
1700000623.0,1246,23.55,0.03999999999999915,23.53,62.2,23.57,74.8,1274.0,1060.0,23.55,0.0,BUY,0,23.53,62.2,23.52,200.4,23.51,334.3,23.5,365.4,23.49,311.7,23.57,74.8,23.58,21.1,23.59,51.4,23.6,275.5,23.61,637.2
1700000623.5,1247,22.84,0.03999999999999915,22.82,16.8,22.86,95.8,1541.0,3582.6000000000004,22.82,10.9,SELL,5,22.82,16.8,22.81,574.0,22.8,314.4,22.79,407.4,22.78,228.4,22.86,95.8,22.87,229.3,22.88,1756.3,22.89,1315.2,22.9,186.0
1700000624.0,1248,22.84,0.060000000000002274,22.81,1352.2,22.87,592.4,3660.3,3240.5000000000005,22.81,6.4,SELL,1,22.81,1352.2,22.8,10.0,22.79,515.5,22.78,877.1,22.77,905.5,22.87,592.4,22.88,444.5,22.89,1011.7,22.9,736.1,22.91,455.8
1700000624.5,1249,22.84,0.060000000000002274,22.81,189.6,22.87,869.1,776.0,1187.8,22.81,57.8,SELL,4,22.81,189.6,22.8,55.2,22.79,179.9,22.78,67.9,22.77,283.4,22.87,869.1,22.88,141.4,22.89,59.6,22.9,65.2,22.91,52.5
1700000625.0,1250,22.84,0.060000000000002274,22.81,88.5,22.87,701.4,1639.4,5157.6,22.81,192.7,SELL,2,22.81,88.5,22.8,199.1,22.79,166.9,22.78,397.4,22.77,787.5,22.87,701.4,22.88,264.6,22.89,336.1,22.9,1180.1,22.91,2675.4
1700000625.5,1251,22.84,0.03999999999999915,22.82,179.0,22.86,742.1,2470.1,5070.299999999999,22.84,0.0,BUY,0,22.82,179.0,22.81,406.5,22.8,204.5,22.79,877.5,22.78,802.6,22.86,742.1,22.87,446.5,22.88,118.5,22.89,203.1,22.9,3560.1
1700000626.0,1252,22.84,0.060000000000002274,22.81,134.3,22.87,182.5,1750.9,2153.8,22.87,40.4,BUY,5,22.81,134.3,22.8,609.5,22.79,220.1,22.78,456.8,22.77,330.2,22.87,182.5,22.88,251.7,22.89,1176.5,22.9,40.1,22.91,503.0
1700000626.5,1253,22.84,0.060000000000002274,22.81,555.8,22.87,268.6,1853.4,2529.3,22.81,51.6,SELL,3,22.81,555.8,22.8,167.0,22.79,323.0,22.78,418.6,22.77,389.0,22.87,268.6,22.88,461.6,22.89,133.4,22.9,249.0,22.91,1416.7
1700000627.0,1254,22.84,0.060000000000002274,22.81,271.4,22.87,103.8,1612.6999999999998,3669.2,22.81,5.0,SELL,1,22.81,271.4,22.8,51.2,22.79,472.5,22.78,614.6,22.77,203.0,22.87,103.8,22.88,1524.9,22.89,911.9,22.9,356.9,22.91,771.7
1700000627.5,1255,22.84,0.060000000000002274,22.81,74.8,22.87,26.5,3273.6000000000004,2743.5,22.87,74.9,BUY,2,22.81,74.8,22.8,2446.9,22.79,694.1,22.78,10.0,22.77,47.8,22.87,26.5,22.88,695.6,22.89,382.8,22.9,1376.1,22.91,262.5
1700000628.0,1256,22.84,0.03999999999999915,22.82,14.0,22.86,40.5,1509.4,1800.2,22.82,5.0,SELL,4,22.82,14.0,22.81,88.0,22.8,336.2,22.79,108.9,22.78,962.3,22.86,40.5,22.87,76.5,22.88,241.6,22.89,659.1,22.9,782.5
1700000628.5,1257,22.84,0.060000000000002274,22.81,280.0,22.87,468.1,1782.1000000000001,5520.6,22.81,17.2,SELL,6,22.81,280.0,22.8,172.5,22.79,407.7,22.78,792.1,22.77,129.8,22.87,468.1,22.88,125.4,22.89,825.9,22.9,1961.1,22.91,2140.1
1700000629.0,1258,22.84,0.0799999999999983,22.8,162.5,22.88,192.5,4569.5,4204.0,22.84,0.0,BUY,0,22.8,162.5,22.79,683.1,22.78,985.1,22.77,249.3,22.76,2489.5,22.88,192.5,22.89,128.3,22.9,686.9,22.91,361.1,22.92,2835.2
1700000629.5,1259,22.84,0.03999999999999915,22.82,100.9,22.86,52.0,4409.7,2927.7999999999997,22.82,6.0,SELL,5,22.82,100.9,22.81,992.5,22.8,728.7,22.79,24.0,22.78,2563.6,22.86,52.0,22.87,106.4,22.88,883.4,22.89,1192.9,22.9,693.1
1700000630.0,1260,22.84,0.060000000000002274,22.81,10.0,22.87,360.4,1599.2,3078.6000000000004,22.84,0.0,BUY,0,22.81,10.0,22.8,451.4,22.79,178.8,22.78,269.4,22.77,689.6,22.87,360.4,22.88,48.7,22.89,55.3,22.9,2567.9,22.91,46.3
1700000630.5,1261,22.84,0.060000000000002274,22.81,898.7,22.87,1569.3,3141.1,5977.599999999999,22.84,0.0,BUY,0,22.81,898.7,22.8,175.0,22.79,1760.3,22.78,88.0,22.77,219.1,22.87,1569.3,22.88,868.2,22.89,2617.9,22.9,741.3,22.91,180.9
1700000631.0,1262,22.84,0.03999999999999915,22.82,131.8,22.86,279.7,950.7,2936.2,22.82,18.3,SELL,3,22.82,131.8,22.81,337.5,22.8,199.3,22.79,48.0,22.78,234.1,22.86,279.7,22.87,954.3,22.88,182.8,22.89,499.6,22.9,1019.8
1700000631.5,1263,22.84,0.0799999999999983,22.8,134.8,22.88,80.0,3908.2,2246.5,22.8,25.0,SELL,1,22.8,134.8,22.79,804.9,22.78,471.8,22.77,1374.6,22.76,1122.1,22.88,80.0,22.89,772.3,22.9,267.9,22.91,593.3,22.92,533.0
1700000632.0,1264,22.84,0.060000000000002274,22.81,166.2,22.87,131.4,1246.0,3143.2,22.87,99.2,BUY,2,22.81,166.2,22.8,129.3,22.79,388.8,22.78,56.7,22.77,505.0,22.87,131.4,22.88,1419.1,22.89,338.7,22.9,608.8,22.91,645.2
1700000632.5,1265,22.84,0.03999999999999915,22.82,582.8,22.86,393.7,3286.3999999999996,2889.0,22.86,78.4,BUY,6,22.82,582.8,22.81,1675.9,22.8,96.6,22.79,640.1,22.78,291.0,22.86,393.7,22.87,388.3,22.88,168.9,22.89,757.1,22.9,1181.0
1700000633.0,1266,22.84,0.060000000000002274,22.81,479.0,22.87,72.7,1681.3,3029.8999999999996,22.87,55.5,BUY,2,22.81,479.0,22.8,506.0,22.79,10.0,22.78,378.6,22.77,307.7,22.87,72.7,22.88,1521.0,22.89,275.8,22.9,693.2,22.91,467.2
1700000633.5,1267,22.84,0.0799999999999983,22.8,1152.2,22.88,814.3,3161.2000000000003,4099.8,22.88,96.8,BUY,2,22.8,1152.2,22.79,73.7,22.78,328.3,22.77,674.1,22.76,932.9,22.88,814.3,22.89,79.2,22.9,1246.6,22.91,1277.7,22.92,682.0
1700000634.0,1268,22.84,0.060000000000002274,22.81,509.0,22.87,151.9,2125.5000000000005,2497.1,22.81,42.2,SELL,2,22.81,509.0,22.8,1195.4,22.79,382.9,22.78,10.4,22.77,27.8,22.87,151.9,22.88,534.1,22.89,1661.0,22.9,82.7,22.91,67.4
1700000634.5,1269,22.84,0.03999999999999915,22.82,220.6,22.86,130.7,2110.3999999999996,2417.0,22.86,5.0,BUY,6,22.82,220.6,22.81,205.5,22.8,110.1,22.79,581.4,22.78,992.8,22.86,130.7,22.87,625.2,22.88,922.1,22.89,663.4,22.9,75.6
1700000635.0,1270,22.84,0.060000000000002274,22.81,343.8,22.87,90.3,3996.7,1953.2999999999997,22.84,0.0,BUY,0,22.81,343.8,22.8,100.3,22.79,150.7,22.78,56.4,22.77,3345.5,22.87,90.3,22.88,572.5,22.89,330.4,22.9,127.5,22.91,832.6
1700000635.5,1271,22.84,0.03999999999999915,22.82,127.2,22.86,1258.1,1850.0999999999997,4997.6,22.86,61.8,BUY,2,22.82,127.2,22.81,962.9,22.8,366.6,22.79,261.8,22.78,131.6,22.86,1258.1,22.87,2492.9,22.88,498.6,22.89,280.6,22.9,467.4
1700000636.0,1272,22.84,0.0799999999999983,22.8,138.1,22.88,234.3,2201.1,4655.8,22.88,72.0,BUY,2,22.8,138.1,22.79,110.7,22.78,58.1,22.77,1488.1,22.76,406.1,22.88,234.3,22.89,129.2,22.9,674.8,22.91,2734.7,22.92,882.8
1700000636.5,1273,22.84,0.060000000000002274,22.81,10.0,22.87,17.6,4219.2,1228.1,22.81,47.1,SELL,1,22.81,10.0,22.8,1104.3,22.79,550.9,22.78,1658.3,22.77,895.7,22.87,17.6,22.88,77.9,22.89,288.4,22.9,813.9,22.91,30.3
1700000637.0,1274,22.84,0.060000000000002274,22.81,716.1,22.87,47.0,4449.0,3130.2000000000003,22.81,13.5,SELL,1,22.81,716.1,22.8,942.1,22.79,542.1,22.78,628.4,22.77,1620.3,22.87,47.0,22.88,322.6,22.89,1689.8,22.9,266.3,22.91,804.5
1700000637.5,1275,22.84,0.060000000000002274,22.81,157.3,22.87,1522.7,972.2,3367.0,22.87,78.1,BUY,2,22.81,157.3,22.8,226.0,22.79,211.9,22.78,215.1,22.77,161.9,22.87,1522.7,22.88,516.1,22.89,463.2,22.9,203.9,22.91,661.1
1700000638.0,1276,22.84,0.0799999999999983,22.8,58.1,22.88,164.8,936.2,2383.1,22.8,5.0,SELL,2,22.8,58.1,22.79,80.3,22.78,83.8,22.77,100.5,22.76,613.5,22.88,164.8,22.89,48.5,22.9,394.8,22.91,1391.0,22.92,384.0
1700000638.5,1277,22.84,0.060000000000002274,22.81,101.3,22.87,38.3,3147.6000000000004,2828.7,22.84,0.0,BUY,0,22.81,101.3,22.8,564.5,22.79,2321.3,22.78,20.3,22.77,140.2,22.87,38.3,22.88,15.6,22.89,2082.6,22.9,80.2,22.91,612.0
1700000639.0,1278,22.84,0.03999999999999915,22.82,157.4,22.86,113.5,4350.5,1979.5,22.86,111.7,BUY,2,22.82,157.4,22.81,348.8,22.8,826.1,22.79,2234.2,22.78,784.0,22.86,113.5,22.87,594.1,22.88,474.4,22.89,101.5,22.9,696.0
1700000639.5,1279,22.84,0.060000000000002274,22.81,182.1,22.87,152.6,3634.5999999999995,1189.4,22.87,14.0,BUY,2,22.81,182.1,22.8,2502.7,22.79,342.1,22.78,596.6,22.77,11.1,22.87,152.6,22.88,75.8,22.89,51.4,22.9,125.0,22.91,784.6
1700000640.0,1280,22.84,0.03999999999999915,22.82,10.0,22.86,332.0,3176.2,2310.8,22.86,20.6,BUY,1,22.82,10.0,22.81,10.0,22.8,546.5,22.79,1033.5,22.78,1576.2,22.86,332.0,22.87,115.5,22.88,1162.4,22.89,378.4,22.9,322.5
1700000640.5,1281,22.84,0.060000000000002274,22.81,46.6,22.87,10.0,3137.0,423.0,22.87,16.2,BUY,1,22.81,46.6,22.8,117.2,22.79,1400.3,22.78,690.6,22.77,882.3,22.87,10.0,22.88,12.3,22.89,166.9,22.9,22.6,22.91,211.2
1700000641.0,1282,22.84,0.0799999999999983,22.8,46.1,22.88,421.7,3469.6000000000004,2882.2,22.84,0.0,BUY,0,22.8,46.1,22.79,71.3,22.78,2247.0,22.77,242.3,22.76,862.9,22.88,421.7,22.89,104.8,22.9,1051.4,22.91,769.0,22.92,535.3
1700000641.5,1283,22.84,0.060000000000002274,22.81,378.6,22.87,400.8,4206.0,3933.2,22.84,0.0,BUY,0,22.81,378.6,22.8,105.2,22.79,103.7,22.78,205.2,22.77,3413.3,22.87,400.8,22.88,208.0,22.89,441.9,22.9,1993.6,22.91,888.9
1700000642.0,1284,22.84,0.0799999999999983,22.8,135.3,22.88,207.2,2917.9999999999995,2470.0,22.84,0.0,BUY,0,22.8,135.3,22.79,1439.6,22.78,124.7,22.77,1089.3,22.76,129.1,22.88,207.2,22.89,394.8,22.9,1095.7,22.91,10.9,22.92,761.4
1700000642.5,1285,22.84,0.060000000000002274,22.81,237.3,22.87,319.4,3312.5,1459.0,22.87,102.6,BUY,1,22.81,237.3,22.8,858.2,22.79,399.3,22.78,1516.7,22.77,301.0,22.87,319.4,22.88,168.5,22.89,290.3,22.9,125.7,22.91,555.1
1700000643.0,1286,22.84,0.060000000000002274,22.81,388.1,22.87,217.0,2760.8,3108.6,22.81,12.4,SELL,6,22.81,388.1,22.8,215.6,22.79,10.0,22.78,1349.7,22.77,797.4,22.87,217.0,22.88,23.6,22.89,322.2,22.9,774.4,22.91,1771.4
1700000643.5,1287,22.84,0.03999999999999915,22.82,122.9,22.86,33.8,2218.2,1226.1999999999998,22.82,57.5,SELL,6,22.82,122.9,22.81,107.8,22.8,418.1,22.79,1028.8,22.78,540.6,22.86,33.8,22.87,214.2,22.88,485.8,22.89,218.5,22.9,273.9
1700000644.0,1288,22.84,0.060000000000002274,22.81,205.4,22.87,747.8,1722.1000000000001,5608.599999999999,22.87,123.2,BUY,2,22.81,205.4,22.8,116.5,22.79,45.8,22.78,33.0,22.77,1321.4,22.87,747.8,22.88,133.6,22.89,1130.8,22.9,2313.6,22.91,1282.8
1700000644.5,1289,22.84,0.03999999999999915,22.82,104.1,22.86,730.9,2716.2,2134.7,22.82,28.1,SELL,3,22.82,104.1,22.81,25.1,22.8,2080.6,22.79,481.4,22.78,25.0,22.86,730.9,22.87,64.9,22.88,372.5,22.89,98.0,22.9,868.4
1700000645.0,1290,22.84,0.060000000000002274,22.81,381.4,22.87,1109.9,2065.2,3188.5000000000005,22.81,26.0,SELL,2,22.81,381.4,22.8,74.8,22.79,439.9,22.78,1158.5,22.77,10.6,22.87,1109.9,22.88,861.0,22.89,569.2,22.9,600.8,22.91,47.6
1700000645.5,1291,22.84,0.060000000000002274,22.81,128.4,22.87,1294.8,2834.9,7617.6,22.84,0.0,BUY,0,22.81,128.4,22.8,63.3,22.79,1127.5,22.78,993.2,22.77,522.5,22.87,1294.8,22.88,256.5,22.89,2932.8,22.9,1846.6,22.91,1286.9
1700000646.0,1292,22.84,0.03999999999999915,22.82,111.7,22.86,462.2,7155.199999999999,2876.9,22.84,0.0,BUY,0,22.82,111.7,22.81,2257.1,22.8,180.2,22.79,1535.8,22.78,3070.4,22.86,462.2,22.87,10.0,22.88,1319.4,22.89,959.3,22.9,126.0
1700000646.5,1293,22.84,0.060000000000002274,22.81,172.0,22.87,225.5,3035.3,2553.3,22.87,5.1,BUY,1,22.81,172.0,22.8,202.2,22.79,1226.1,22.78,38.0,22.77,1397.0,22.87,225.5,22.88,113.6,22.89,1044.4,22.9,189.3,22.91,980.5
1700000647.0,1294,22.84,0.060000000000002274,22.81,448.2,22.87,620.8,2718.3,1902.1,22.87,79.1,BUY,2,22.81,448.2,22.8,492.1,22.79,1041.0,22.78,59.9,22.77,677.1,22.87,620.8,22.88,88.3,22.89,229.6,22.9,256.7,22.91,706.7
1700000647.5,1295,22.84,0.060000000000002274,22.81,81.1,22.87,240.9,2554.2,2570.3,22.81,10.1,SELL,1,22.81,81.1,22.8,1122.4,22.79,200.0,22.78,120.6,22.77,1030.1,22.87,240.9,22.88,1183.6,22.89,560.6,22.9,37.5,22.91,547.7
1700000648.0,1296,22.84,0.0799999999999983,22.8,13.1,22.88,59.3,1204.0,2505.7,22.88,5.0,BUY,1,22.8,13.1,22.79,45.0,22.78,587.0,22.77,341.9,22.76,217.0,22.88,59.3,22.89,615.4,22.9,778.2,22.91,308.6,22.92,744.2
1700000648.5,1297,22.84,0.060000000000002274,22.81,41.5,22.87,421.9,2066.7000000000003,2723.7999999999997,22.87,15.7,BUY,1,22.81,41.5,22.8,10.0,22.79,579.6,22.78,1171.8,22.77,263.8,22.87,421.9,22.88,78.9,22.89,968.4,22.9,327.2,22.91,927.4
1700000649.0,1298,22.84,0.060000000000002274,22.81,44.9,22.87,1329.1,1386.1,3702.2999999999997,22.87,17.2,BUY,5,22.81,44.9,22.8,324.4,22.79,97.8,22.78,80.8,22.77,838.2,22.87,1329.1,22.88,235.6,22.89,301.5,22.9,1799.1,22.91,37.0
1700000649.5,1299,22.84,0.03999999999999915,22.82,495.9,22.86,718.4,2202.6,4294.7,22.86,18.7,BUY,1,22.82,495.9,22.81,568.8,22.8,577.0,22.79,447.0,22.78,113.9,22.86,718.4,22.87,431.9,22.88,2385.9,22.89,741.7,22.9,16.8
1700000650.0,1300,22.84,0.060000000000002274,22.81,194.4,22.87,211.6,4833.7,968.8000000000002,22.81,95.0,SELL,1,22.81,194.4,22.8,93.7,22.79,445.3,22.78,237.1,22.77,3863.2,22.87,211.6,22.88,380.6,22.89,105.7,22.9,86.7,22.91,184.2
1700000650.5,1301,22.84,0.060000000000002274,22.81,448.8,22.87,47.3,3947.1000000000004,3423.7,22.81,5.0,SELL,4,22.81,448.8,22.8,61.6,22.79,2236.0,22.78,863.9,22.77,336.8,22.87,47.3,22.88,62.6,22.89,778.5,22.9,495.7,22.91,2039.6
1700000651.0,1302,22.84,0.060000000000002274,22.81,597.5,22.87,113.3,3009.2,2889.0,22.87,78.3,BUY,1,22.81,597.5,22.8,75.7,22.79,535.2,22.78,23.2,22.77,1777.6,22.87,113.3,22.88,451.5,22.89,538.2,22.9,96.7,22.91,1689.3
1700000651.5,1303,22.84,0.060000000000002274,22.81,270.4,22.87,127.3,2094.5,2661.7,22.81,181.1,SELL,2,22.81,270.4,22.8,194.8,22.79,889.3,22.78,151.6,22.77,588.4,22.87,127.3,22.88,569.0,22.89,682.4,22.9,940.3,22.91,342.7
1700000652.0,1304,22.84,0.060000000000002274,22.81,215.6,22.87,266.8,1892.2,1454.2000000000003,22.87,88.5,BUY,1,22.81,215.6,22.8,216.0,22.79,723.3,22.78,666.8,22.77,70.5,22.87,266.8,22.88,634.0,22.89,341.1,22.9,95.4,22.91,116.9
1700000652.5,1305,22.84,0.060000000000002274,22.81,735.4,22.87,400.6,2787.1,1894.6000000000001,22.84,0.0,BUY,0,22.81,735.4,22.8,413.1,22.79,32.6,22.78,961.1,22.77,644.9,22.87,400.6,22.88,751.8,22.89,73.0,22.9,371.0,22.91,298.2
1700000653.0,1306,22.84,0.060000000000002274,22.81,116.9,22.87,90.5,1816.3000000000002,3106.7000000000003,22.84,0.0,BUY,0,22.81,116.9,22.8,208.5,22.79,750.0,22.78,157.7,22.77,583.2,22.87,90.5,22.88,10.0,22.89,164.8,22.9,551.6,22.91,2289.8
1700000653.5,1307,22.84,0.060000000000002274,22.81,482.4,22.87,81.7,1133.3000000000002,2063.2999999999997,22.84,0.0,BUY,0,22.81,482.4,22.8,34.7,22.79,524.9,22.78,44.4,22.77,46.9,22.87,81.7,22.88,303.9,22.89,200.1,22.9,472.7,22.91,1004.9
1700000654.0,1308,22.84,0.060000000000002274,22.81,606.9,22.87,268.8,2369.2,3498.8,22.87,20.8,BUY,2,22.81,606.9,22.8,181.8,22.79,566.4,22.78,26.4,22.77,987.7,22.87,268.8,22.88,563.0,22.89,495.1,22.9,1390.6,22.91,781.3
1700000654.5,1309,22.84,0.060000000000002274,22.81,394.2,22.87,117.9,2009.8,2338.2999999999997,22.84,0.0,BUY,0,22.81,394.2,22.8,217.2,22.79,216.7,22.78,1103.5,22.77,78.2,22.87,117.9,22.88,548.8,22.89,707.3,22.9,608.6,22.91,355.7
1700000655.0,1310,22.84,0.060000000000002274,22.81,344.2,22.87,47.6,1908.1,2100.8,22.81,30.9,SELL,4,22.81,344.2,22.8,53.1,22.79,1013.2,22.78,216.8,22.77,280.8,22.87,47.6,22.88,1187.0,22.89,421.2,22.9,219.5,22.91,225.5
1700000655.5,1311,22.84,0.060000000000002274,22.81,12.2,22.87,10.0,2218.8,4091.1,22.84,0.0,BUY,0,22.81,12.2,22.8,61.9,22.79,556.4,22.78,85.2,22.77,1503.1,22.87,10.0,22.88,715.9,22.89,283.8,22.9,2174.0,22.91,907.4
1700000656.0,1312,22.84,0.060000000000002274,22.81,10.0,22.87,349.4,3783.2000000000003,1696.0000000000002,22.84,0.0,BUY,0,22.81,10.0,22.8,288.9,22.79,100.0,22.78,1723.4,22.77,1660.9,22.87,349.4,22.88,130.8,22.89,183.4,22.9,923.7,22.91,108.7
1700000656.5,1313,22.84,0.060000000000002274,22.81,182.9,22.87,138.9,1163.6000000000001,2074.6,22.87,9.7,BUY,1,22.81,182.9,22.8,180.0,22.79,209.8,22.78,29.2,22.77,561.7,22.87,138.9,22.88,91.3,22.89,253.9,22.9,537.7,22.91,1052.8
1700000657.0,1314,22.84,0.060000000000002274,22.81,261.5,22.87,15.0,1449.8,1587.0,22.87,15.1,BUY,3,22.81,261.5,22.8,123.8,22.79,58.9,22.78,138.1,22.77,867.5,22.87,15.0,22.88,12.0,22.89,163.7,22.9,55.1,22.91,1341.2
1700000657.5,1315,22.84,0.060000000000002274,22.81,102.5,22.87,738.0,2221.1,4038.6,22.87,54.8,BUY,1,22.81,102.5,22.8,209.5,22.79,696.1,22.78,224.2,22.77,988.8,22.87,738.0,22.88,186.9,22.89,630.0,22.9,275.6,22.91,2208.1
1700000658.0,1316,22.84,0.03999999999999915,22.82,479.6,22.86,79.0,1704.6000000000001,1552.2,22.82,30.0,SELL,5,22.82,479.6,22.81,202.1,22.8,33.7,22.79,582.2,22.78,407.0,22.86,79.0,22.87,43.8,22.88,175.0,22.89,561.1,22.9,693.3
1700000658.5,1317,22.84,0.060000000000002274,22.81,174.1,22.87,355.0,2068.5,1674.4,22.81,15.4,SELL,3,22.81,174.1,22.8,223.4,22.79,1174.3,22.78,443.0,22.77,53.7,22.87,355.0,22.88,188.2,22.89,514.5,22.9,25.3,22.91,591.4
1700000659.0,1318,22.84,0.0799999999999983,22.8,10.0,22.88,66.7,1207.1,3989.5,22.88,5.0,BUY,1,22.8,10.0,22.79,45.2,22.78,335.5,22.77,245.7,22.76,570.7,22.88,66.7,22.89,1284.1,22.9,164.3,22.91,2045.5,22.92,428.9
1700000659.5,1319,22.84,0.060000000000002274,22.81,2246.4,22.87,76.9,5793.6,5282.200000000001,22.87,108.2,BUY,2,22.81,2246.4,22.8,225.0,22.79,121.9,22.78,1717.9,22.77,1482.4,22.87,76.9,22.88,1125.6,22.89,165.7,22.9,1731.2,22.91,2182.8
1700000660.0,1320,22.84,0.060000000000002274,22.81,585.2,22.87,33.5,1920.0,1898.1999999999998,22.81,16.7,SELL,2,22.81,585.2,22.8,300.6,22.79,187.2,22.78,810.6,22.77,36.4,22.87,33.5,22.88,218.5,22.89,269.8,22.9,667.0,22.91,709.4
1700000660.5,1321,22.84,0.060000000000002274,22.81,111.1,22.87,477.2,1469.8,6182.0,22.87,28.3,BUY,4,22.81,111.1,22.8,61.1,22.79,791.9,22.78,180.7,22.77,325.0,22.87,477.2,22.88,124.4,22.89,40.1,22.9,3381.8,22.91,2158.5
1700000661.0,1322,22.84,0.060000000000002274,22.81,211.1,22.87,132.1,1509.1999999999998,983.8000000000001,22.87,63.4,BUY,3,22.81,211.1,22.8,349.9,22.79,67.9,22.78,771.7,22.77,108.6,22.87,132.1,22.88,298.6,22.89,10.3,22.9,171.4,22.91,371.4
1700000661.5,1323,22.84,0.0799999999999983,22.8,10.0,22.88,10.0,4483.0,3123.1,22.8,74.6,SELL,2,22.8,10.0,22.79,345.2,22.78,843.3,22.77,2498.2,22.76,786.3,22.88,10.0,22.89,47.9,22.9,877.4,22.91,1453.2,22.92,734.6
1700000662.0,1324,22.84,0.0799999999999983,22.8,137.3,22.88,134.3,1579.1,1253.9,22.8,26.6,SELL,2,22.8,137.3,22.79,880.9,22.78,385.3,22.77,89.8,22.76,85.8,22.88,134.3,22.89,178.5,22.9,497.2,22.91,228.7,22.92,215.2
1700000662.5,1325,22.84,0.060000000000002274,22.81,186.3,22.87,312.4,1949.6,4279.4,22.87,12.7,BUY,3,22.81,186.3,22.8,389.4,22.79,996.2,22.78,120.8,22.77,256.9,22.87,312.4,22.88,50.0,22.89,95.9,22.9,1023.9,22.91,2797.2
1700000663.0,1326,22.84,0.0799999999999983,22.8,72.4,22.88,253.3,1805.3000000000002,2900.1,22.88,16.9,BUY,2,22.8,72.4,22.79,625.6,22.78,296.6,22.77,382.8,22.76,427.9,22.88,253.3,22.89,999.0,22.9,954.5,22.91,464.1,22.92,229.2
1700000663.5,1327,22.84,0.0799999999999983,22.8,19.7,22.88,107.7,4269.8,2614.7999999999997,22.88,18.1,BUY,3,22.8,19.7,22.79,867.5,22.78,234.9,22.77,2013.8,22.76,1133.9,22.88,107.7,22.89,169.8,22.9,507.8,22.91,1321.6,22.92,507.9
1700000664.0,1328,22.84,0.0799999999999983,22.8,357.0,22.88,401.6,2822.3,3030.2000000000003,22.8,6.0,SELL,1,22.8,357.0,22.79,912.5,22.78,81.8,22.77,246.8,22.76,1224.2,22.88,401.6,22.89,1704.8,22.9,444.1,22.91,335.3,22.92,144.4
1700000664.5,1329,22.84,0.0799999999999983,22.8,506.4,22.88,1357.3,3545.8999999999996,3715.5,22.88,6.5,BUY,1,22.8,506.4,22.79,317.3,22.78,1035.1,22.77,39.0,22.76,1648.1,22.88,1357.3,22.89,982.2,22.9,496.3,22.91,769.7,22.92,110.0
1700000665.0,1330,22.84,0.060000000000002274,22.81,86.8,22.87,415.1,816.8000000000001,2500.9,22.87,31.1,BUY,1,22.81,86.8,22.8,370.1,22.79,263.2,22.78,35.7,22.77,61.0,22.87,415.1,22.88,296.6,22.89,741.4,22.9,94.2,22.91,953.6
1700000665.5,1331,22.84,0.060000000000002274,22.81,222.0,22.87,1031.0,3380.2999999999997,3918.4000000000005,22.87,24.0,BUY,2,22.81,222.0,22.8,289.2,22.79,979.7,22.78,822.8,22.77,1066.6,22.87,1031.0,22.88,683.5,22.89,112.9,22.9,678.2,22.91,1412.8
1700000666.0,1332,22.84,0.0799999999999983,22.8,471.1,22.88,148.7,2646.3,3834.1,22.88,12.6,BUY,3,22.8,471.1,22.79,86.1,22.78,240.1,22.77,67.3,22.76,1781.7,22.88,148.7,22.89,181.2,22.9,36.1,22.91,2770.0,22.92,698.1
1700000666.5,1333,22.84,0.060000000000002274,22.81,182.3,22.87,38.5,2382.8,1385.0,22.84,0.0,BUY,0,22.81,182.3,22.8,261.4,22.79,441.0,22.78,1270.7,22.77,227.4,22.87,38.5,22.88,10.0,22.89,285.0,22.9,994.3,22.91,57.2
1700000667.0,1334,22.84,0.060000000000002274,22.81,1208.3,22.87,128.5,2900.2999999999997,1715.4,22.87,7.3,BUY,3,22.81,1208.3,22.8,406.0,22.79,260.9,22.78,150.0,22.77,875.1,22.87,128.5,22.88,518.8,22.89,136.7,22.9,400.7,22.91,530.7
1700000667.5,1335,22.84,0.060000000000002274,22.81,767.4,22.87,60.7,2051.5,2655.0,22.87,5.5,BUY,2,22.81,767.4,22.8,129.1,22.79,666.9,22.78,22.3,22.77,465.8,22.87,60.7,22.88,763.6,22.89,60.0,22.9,1056.5,22.91,714.2
1700000668.0,1336,22.84,0.0799999999999983,22.8,62.7,22.88,281.4,1251.8999999999999,2167.6,22.88,7.8,BUY,2,22.8,62.7,22.79,134.2,22.78,146.7,22.77,111.0,22.76,797.3,22.88,281.4,22.89,208.4,22.9,536.5,22.91,642.8,22.92,498.5
1700000668.5,1337,22.84,0.060000000000002274,22.81,278.4,22.87,22.7,1707.6,1854.4,22.87,60.1,BUY,4,22.81,278.4,22.8,459.5,22.79,174.9,22.78,466.8,22.77,328.0,22.87,22.7,22.88,674.7,22.89,61.3,22.9,1009.5,22.91,86.2
1700000669.0,1338,22.84,0.060000000000002274,22.81,796.0,22.87,274.0,3093.8,1212.6000000000001,22.87,21.5,BUY,4,22.81,796.0,22.8,422.7,22.79,283.8,22.78,491.0,22.77,1100.3,22.87,274.0,22.88,97.7,22.89,222.2,22.9,389.8,22.91,228.9
1700000669.5,1339,22.84,0.0799999999999983,22.8,183.4,22.88,323.2,1134.5,3022.9000000000005,22.88,18.7,BUY,5,22.8,183.4,22.79,164.2,22.78,176.3,22.77,42.1,22.76,568.5,22.88,323.2,22.89,202.4,22.9,36.6,22.91,1579.4,22.92,881.3
1700000670.0,1340,22.825,0.07000000000000028,22.79,91.1,22.86,561.0,3896.7,2179.0,22.86,32.3,BUY,1,22.79,91.1,22.78,1214.6,22.77,546.9,22.76,840.1,22.75,1204.0,22.86,561.0,22.87,338.9,22.88,35.2,22.89,663.9,22.9,580.0
1700000670.5,1341,22.83,0.05999999999999872,22.8,32.1,22.86,530.0,841.6000000000001,2580.1,22.86,27.6,BUY,3,22.8,32.1,22.79,10.0,22.78,462.8,22.77,65.4,22.76,271.3,22.86,530.0,22.87,230.7,22.88,1338.1,22.89,100.7,22.9,380.6
1700000671.0,1342,22.83,0.05999999999999872,22.8,519.4,22.86,397.2,2594.1,2721.9,22.8,35.7,SELL,1,22.8,519.4,22.79,35.8,22.78,107.7,22.77,876.9,22.76,1054.3,22.86,397.2,22.87,156.1,22.88,1052.0,22.89,673.1,22.9,443.5
1700000671.5,1343,22.825000000000003,0.05000000000000071,22.8,536.7,22.85,60.9,2148.3,3328.2999999999997,22.8,7.4,SELL,1,22.8,536.7,22.79,30.6,22.78,423.3,22.77,883.3,22.76,274.4,22.85,60.9,22.86,1104.3,22.87,31.2,22.88,1150.8,22.89,981.1
1700000672.0,1344,22.83,0.05999999999999872,22.8,765.4,22.86,422.3,1870.8000000000002,1783.3,22.8,22.3,SELL,2,22.8,765.4,22.79,10.3,22.78,726.8,22.77,105.2,22.76,263.1,22.86,422.3,22.87,44.6,22.88,107.4,22.89,533.7,22.9,675.3
1700000672.5,1345,22.83,0.05999999999999872,22.8,367.1,22.86,152.7,2028.4,3162.7,22.86,22.0,BUY,2,22.8,367.1,22.79,100.6,22.78,186.1,22.77,1364.6,22.76,10.0,22.86,152.7,22.87,111.1,22.88,461.5,22.89,1145.7,22.9,1291.7
1700000673.0,1346,22.83,0.05999999999999872,22.8,32.8,22.86,579.8,1425.6,3897.7,22.83,0.0,BUY,0,22.8,32.8,22.79,576.0,22.78,227.6,22.77,376.1,22.76,213.1,22.86,579.8,22.87,178.7,22.88,615.3,22.89,2362.9,22.9,161.0
1700000673.5,1347,22.83,0.05999999999999872,22.8,267.7,22.86,225.8,1557.8000000000002,2567.9,22.86,27.2,BUY,1,22.8,267.7,22.79,279.0,22.78,392.6,22.77,209.8,22.76,408.7,22.86,225.8,22.87,383.9,22.88,514.1,22.89,16.8,22.9,1427.3
1700000674.0,1348,22.83,0.05999999999999872,22.8,371.1,22.86,182.0,3470.0,1498.6000000000001,22.86,5.0,BUY,1,22.8,371.1,22.79,1003.7,22.78,634.0,22.77,733.4,22.76,727.8,22.86,182.0,22.87,446.4,22.88,19.1,22.89,585.4,22.9,265.7
1700000674.5,1349,22.83,0.05999999999999872,22.8,744.3,22.86,54.8,2604.7,2482.5,22.8,26.0,SELL,2,22.8,744.3,22.79,464.2,22.78,174.7,22.77,144.0,22.76,1077.5,22.86,54.8,22.87,424.4,22.88,481.3,22.89,729.7,22.9,792.3
1700000675.0,1350,22.83,0.05999999999999872,22.8,231.8,22.86,29.6,5149.1,1620.9,22.8,16.6,SELL,2,22.8,231.8,22.79,919.6,22.78,760.0,22.77,2161.6,22.76,1076.1,22.86,29.6,22.87,213.5,22.88,292.2,22.89,431.6,22.9,654.0
1700000675.5,1351,22.83,0.05999999999999872,22.8,529.1,22.86,123.2,2322.1,3763.9000000000005,22.8,8.9,SELL,4,22.8,529.1,22.79,210.3,22.78,857.6,22.77,685.4,22.76,39.7,22.86,123.2,22.87,1072.3,22.88,1350.3,22.89,206.8,22.9,1011.3
1700000676.0,1352,22.83,0.05999999999999872,22.8,741.9,22.86,145.4,2872.7999999999997,3655.6000000000004,22.83,0.0,BUY,0,22.8,741.9,22.79,716.3,22.78,191.8,22.77,498.7,22.76,724.1,22.86,145.4,22.87,1642.5,22.88,1079.2,22.89,689.2,22.9,99.3
1700000676.5,1353,21.41,0.060000000000002274,21.38,649.3,21.44,257.8,1893.9,3658.2,21.38,33.7,SELL,2,21.38,649.3,21.37,347.1,21.36,78.4,21.35,341.7,21.34,477.4,21.44,257.8,21.45,429.2,21.46,400.1,21.47,565.9,21.48,2005.2
1700000677.0,1354,21.41,0.03999999999999915,21.39,369.4,21.43,37.4,6458.900000000001,1327.2,21.39,16.1,SELL,3,21.39,369.4,21.38,87.6,21.37,934.3,21.36,4901.8,21.35,165.8,21.43,37.4,21.44,239.0,21.45,608.4,21.46,399.5,21.47,42.9
1700000677.5,1355,21.41,0.060000000000002274,21.38,32.8,21.44,229.6,1549.6999999999998,3388.1000000000004,21.44,18.9,BUY,2,21.38,32.8,21.37,211.0,21.36,270.8,21.35,491.7,21.34,543.4,21.44,229.6,21.45,380.5,21.46,322.4,21.47,863.7,21.48,1591.9
1700000678.0,1356,21.41,0.060000000000002274,21.38,510.9,21.44,510.5,2948.6,3982.7,21.44,57.9,BUY,5,21.38,510.9,21.37,78.7,21.36,1190.8,21.35,1083.6,21.34,84.6,21.44,510.5,21.45,158.9,21.46,908.6,21.47,1124.5,21.48,1280.2
1700000678.5,1357,21.41,0.060000000000002274,21.38,58.8,21.44,35.8,563.5,2663.2000000000003,21.44,69.5,BUY,1,21.38,58.8,21.37,161.4,21.36,172.4,21.35,40.0,21.34,130.9,21.44,35.8,21.45,693.2,21.46,57.4,21.47,1823.4,21.48,53.4
1700000679.0,1358,21.41,0.03999999999999915,21.39,567.9,21.43,214.8,4356.9,2364.5,21.41,0.0,BUY,0,21.39,567.9,21.38,639.0,21.37,2246.2,21.36,449.2,21.35,454.6,21.43,214.8,21.44,683.1,21.45,46.8,21.46,1053.3,21.47,366.5
1700000679.5,1359,21.41,0.060000000000002274,21.38,904.0,21.44,499.2,2660.5,2715.3,21.44,29.6,BUY,1,21.38,904.0,21.37,408.1,21.36,583.3,21.35,207.7,21.34,557.4,21.44,499.2,21.45,172.2,21.46,1589.7,21.47,70.8,21.48,383.4
1700000680.0,1360,21.41,0.060000000000002274,21.38,357.1,21.44,324.3,1277.2,4679.8,21.44,21.5,BUY,3,21.38,357.1,21.37,882.8,21.36,10.0,21.35,17.1,21.34,10.2,21.44,324.3,21.45,2464.0,21.46,449.3,21.47,1027.7,21.48,414.5
1700000680.5,1361,20.310000000000002,0.05999999999999872,20.28,90.0,20.34,63.2,2164.1,4546.2,20.28,94.4,SELL,2,20.28,90.0,20.27,1093.2,20.26,256.4,20.25,56.3,20.24,668.2,20.34,63.2,20.35,258.1,20.36,746.7,20.37,3030.3,20.38,447.9
1700000681.0,1362,20.310000000000002,0.05999999999999872,20.28,650.1,20.34,841.3,2459.2000000000003,2188.2,20.34,5.0,BUY,1,20.28,650.1,20.27,91.8,20.26,648.0,20.25,270.2,20.24,799.1,20.34,841.3,20.35,337.1,20.36,228.8,20.37,332.8,20.38,448.2
1700000681.5,1363,20.305,0.07000000000000028,20.27,10.0,20.34,207.9,2712.3,1986.6000000000001,20.34,30.7,BUY,1,20.27,10.0,20.26,277.0,20.25,368.6,20.24,1653.3,20.23,403.4,20.34,207.9,20.35,566.6,20.36,894.2,20.37,262.6,20.38,55.3
1700000682.0,1364,20.31,0.03999999999999915,20.29,10.0,20.33,233.8,2836.6,6290.8,20.29,40.7,SELL,1,20.29,10.0,20.28,50.6,20.27,13.5,20.26,517.8,20.25,2244.7,20.33,233.8,20.34,473.4,20.35,1502.4,20.36,172.7,20.37,3908.5
1700000682.5,1365,20.310000000000002,0.05999999999999872,20.28,273.6,20.34,74.8,4421.8,2115.8999999999996,20.34,5.0,BUY,1,20.28,273.6,20.27,898.3,20.26,49.9,20.25,2147.0,20.24,1053.0,20.34,74.8,20.35,56.8,20.36,109.7,20.37,1549.6,20.38,325.0
1700000683.0,1366,20.310000000000002,0.05999999999999872,20.28,182.1,20.34,41.9,3884.7999999999997,4791.8,20.28,12.7,SELL,3,20.28,182.1,20.27,101.2,20.26,1561.3,20.25,1749.6,20.24,290.6,20.34,41.9,20.35,945.6,20.36,1028.0,20.37,1034.6,20.38,1741.7
1700000683.5,1367,20.310000000000002,0.05999999999999872,20.28,272.3,20.34,340.6,4794.7,2385.1,20.34,44.4,BUY,3,20.28,272.3,20.27,349.9,20.26,856.7,20.25,540.3,20.24,2775.5,20.34,340.6,20.35,409.1,20.36,618.3,20.37,985.1,20.38,32.0
1700000684.0,1368,20.310000000000002,0.05999999999999872,20.28,216.8,20.34,399.3,1610.5,5595.5,20.34,41.8,BUY,2,20.28,216.8,20.27,186.6,20.26,108.3,20.25,93.0,20.24,1005.8,20.34,399.3,20.35,854.9,20.36,322.4,20.37,1302.0,20.38,2716.9
1700000684.5,1369,20.310000000000002,0.05999999999999872,20.28,48.1,20.34,343.1,4270.4,2625.8,20.28,95.6,SELL,1,20.28,48.1,20.27,544.7,20.26,592.5,20.25,3052.1,20.24,33.0,20.34,343.1,20.35,107.7,20.36,639.1,20.37,660.5,20.38,875.4
1700000685.0,1370,20.31,0.03999999999999915,20.29,178.3,20.33,391.1,2891.7,3351.3,20.33,122.5,BUY,3,20.29,178.3,20.28,35.1,20.27,1554.7,20.26,482.3,20.25,641.3,20.33,391.1,20.34,1434.7,20.35,308.7,20.36,715.0,20.37,501.8
1700000685.5,1371,20.305,0.07000000000000028,20.27,174.1,20.34,78.2,1094.0,784.6999999999999,20.27,5.0,SELL,2,20.27,174.1,20.26,245.6,20.25,429.0,20.24,185.5,20.23,59.8,20.34,78.2,20.35,339.9,20.36,10.0,20.37,304.8,20.38,51.8
1700000686.0,1372,20.310000000000002,0.05999999999999872,20.28,201.4,20.34,336.4,4627.4,2427.3,20.28,40.6,SELL,2,20.28,201.4,20.27,105.0,20.26,873.9,20.25,601.5,20.24,2845.6,20.34,336.4,20.35,16.1,20.36,1178.0,20.37,111.1,20.38,785.7
1700000686.5,1373,20.310000000000002,0.05999999999999872,20.28,291.5,20.34,437.3,3379.2999999999997,2919.3999999999996,20.310000000000002,0.0,BUY,0,20.28,291.5,20.27,182.5,20.26,483.2,20.25,1809.5,20.24,612.6,20.34,437.3,20.35,873.6,20.36,624.1,20.37,555.7,20.38,428.7
1700000687.0,1374,20.310000000000002,0.05999999999999872,20.28,674.6,20.34,188.5,4440.2,4732.2,20.28,6.1,SELL,5,20.28,674.6,20.27,177.5,20.26,2835.1,20.25,399.6,20.24,353.4,20.34,188.5,20.35,451.1,20.36,423.1,20.37,2669.8,20.38,999.7
1700000687.5,1375,20.310000000000002,0.05999999999999872,20.28,128.3,20.34,1036.5,3716.3,7080.7,20.28,38.5,SELL,3,20.28,128.3,20.27,852.7,20.26,772.1,20.25,1189.4,20.24,773.8,20.34,1036.5,20.35,764.1,20.36,2111.6,20.37,714.3,20.38,2454.2
1700000688.0,1376,20.31,0.03999999999999915,20.29,21.8,20.33,115.8,824.5,4037.8,20.33,103.8,BUY,2,20.29,21.8,20.28,83.1,20.27,225.8,20.26,37.0,20.25,456.8,20.33,115.8,20.34,371.1,20.35,708.7,20.36,360.8,20.37,2481.4
1700000688.5,1377,20.310000000000002,0.05999999999999872,20.28,273.5,20.34,58.6,1826.6,1507.0,20.34,11.3,BUY,1,20.28,273.5,20.27,435.9,20.26,673.7,20.25,300.7,20.24,142.8,20.34,58.6,20.35,261.7,20.36,374.7,20.37,391.5,20.38,420.5
1700000689.0,1378,20.31,0.03999999999999915,20.29,146.6,20.33,302.5,925.5999999999999,1307.5,20.33,50.2,BUY,1,20.29,146.6,20.28,10.0,20.27,86.6,20.26,492.9,20.25,189.5,20.33,302.5,20.34,131.7,20.35,534.7,20.36,192.1,20.37,146.5
1700000689.5,1379,20.310000000000002,0.05999999999999872,20.28,590.2,20.34,871.2,1544.2000000000003,3904.3,20.28,52.1,SELL,2,20.28,590.2,20.27,86.4,20.26,202.1,20.25,363.6,20.24,301.9,20.34,871.2,20.35,140.2,20.36,66.7,20.37,353.7,20.38,2472.5
1700000690.0,1380,20.310000000000002,0.05999999999999872,20.28,76.7,20.34,1453.0,825.4000000000001,5120.4,20.34,23.9,BUY,6,20.28,76.7,20.27,152.0,20.26,321.2,20.25,220.3,20.24,55.2,20.34,1453.0,20.35,1668.0,20.36,1079.9,20.37,224.8,20.38,694.7
1700000690.5,1381,20.310000000000002,0.05999999999999872,20.28,30.5,20.34,750.2,841.4,2359.3,20.34,34.1,BUY,2,20.28,30.5,20.27,125.3,20.26,62.4,20.25,518.9,20.24,104.3,20.34,750.2,20.35,84.6,20.36,1192.9,20.37,112.0,20.38,219.6
1700000691.0,1382,20.305,0.07000000000000028,20.27,247.5,20.34,347.5,3124.0,3209.3999999999996,20.34,77.9,BUY,3,20.27,247.5,20.26,34.8,20.25,16.0,20.24,1523.1,20.23,1302.6,20.34,347.5,20.35,39.9,20.36,264.4,20.37,240.0,20.38,2317.6
1700000691.5,1383,20.310000000000002,0.05999999999999872,20.28,71.2,20.34,93.1,1356.3000000000002,1711.8000000000002,20.28,12.2,SELL,2,20.28,71.2,20.27,650.3,20.26,151.9,20.25,324.0,20.24,158.9,20.34,93.1,20.35,184.8,20.36,303.3,20.37,270.2,20.38,860.4
1700000692.0,1384,20.310000000000002,0.05999999999999872,20.28,10.0,20.34,790.8,747.4,2601.7,20.310000000000002,0.0,BUY,0,20.28,10.0,20.27,94.3,20.26,118.7,20.25,101.0,20.24,423.4,20.34,790.8,20.35,580.0,20.36,434.8,20.37,104.2,20.38,691.9
1700000692.5,1385,20.310000000000002,0.05999999999999872,20.28,300.7,20.34,901.5,1856.5,5708.7,20.34,21.5,BUY,1,20.28,300.7,20.27,260.3,20.26,161.3,20.25,1000.0,20.24,134.2,20.34,901.5,20.35,518.5,20.36,885.2,20.37,1265.7,20.38,2137.8
1700000693.0,1386,20.31,0.03999999999999915,20.29,351.4,20.33,253.3,2593.3,3058.5,20.33,18.6,BUY,2,20.29,351.4,20.28,441.6,20.27,1121.8,20.26,70.5,20.25,608.0,20.33,253.3,20.34,1009.3,20.35,135.4,20.36,1492.5,20.37,168.0
1700000693.5,1387,20.310000000000002,0.05999999999999872,20.28,88.1,20.34,62.9,2545.5,2844.7999999999997,20.28,58.0,SELL,2,20.28,88.1,20.27,2026.5,20.26,108.7,20.25,234.8,20.24,87.4,20.34,62.9,20.35,126.4,20.36,41.9,20.37,395.9,20.38,2217.7
1700000694.0,1388,20.310000000000002,0.05999999999999872,20.28,419.2,20.34,219.4,6018.700000000001,3461.7000000000003,20.34,45.5,BUY,1,20.28,419.2,20.27,538.6,20.26,1123.5,20.25,908.5,20.24,3028.9,20.34,219.4,20.35,148.4,20.36,1002.1,20.37,1389.7,20.38,702.1
1700000694.5,1389,20.310000000000002,0.05999999999999872,20.28,531.1,20.34,153.2,3597.0,5053.400000000001,20.310000000000002,0.0,BUY,0,20.28,531.1,20.27,438.2,20.26,1580.7,20.25,983.4,20.24,63.6,20.34,153.2,20.35,672.8,20.36,2554.9,20.37,923.2,20.38,749.3
1700000695.0,1390,20.31,0.03999999999999915,20.29,382.9,20.33,663.9,2723.8999999999996,3072.7000000000003,20.33,62.5,BUY,1,20.29,382.9,20.28,242.7,20.27,346.6,20.26,1220.0,20.25,531.7,20.33,663.9,20.34,836.0,20.35,635.2,20.36,885.9,20.37,51.7
1700000695.5,1391,20.310000000000002,0.05999999999999872,20.28,302.3,20.34,95.8,2587.1000000000004,2152.9,20.34,13.3,BUY,4,20.28,302.3,20.27,478.3,20.26,1059.8,20.25,232.0,20.24,514.7,20.34,95.8,20.35,570.0,20.36,494.6,20.37,702.5,20.38,290.0
1700000696.0,1392,20.305,0.07000000000000028,20.27,10.0,20.34,15.4,2324.5,570.0,20.34,16.2,BUY,2,20.27,10.0,20.26,92.6,20.25,424.6,20.24,84.0,20.23,1713.3,20.34,15.4,20.35,91.9,20.36,46.8,20.37,101.5,20.38,314.4
1700000696.5,1393,20.305,0.07000000000000028,20.27,311.7,20.34,84.1,2093.1,4550.4,20.305,0.0,BUY,0,20.27,311.7,20.26,204.6,20.25,956.2,20.24,365.4,20.23,255.2,20.34,84.1,20.35,1329.3,20.36,2088.4,20.37,661.9,20.38,386.7
1700000697.0,1394,20.305,0.07000000000000028,20.27,340.0,20.34,467.7,2097.9,1614.9,20.34,21.7,BUY,3,20.27,340.0,20.26,31.0,20.25,434.6,20.24,438.4,20.23,853.9,20.34,467.7,20.35,195.3,20.36,107.6,20.37,252.6,20.38,591.7
1700000697.5,1395,20.310000000000002,0.05999999999999872,20.28,73.4,20.34,1053.5,3709.6,1985.3,20.28,10.3,SELL,3,20.28,73.4,20.27,491.3,20.26,1105.3,20.25,1870.0,20.24,169.6,20.34,1053.5,20.35,248.8,20.36,335.6,20.37,183.1,20.38,164.3
1700000698.0,1396,20.310000000000002,0.05999999999999872,20.28,558.2,20.34,287.5,2592.6,5069.8,20.310000000000002,0.0,BUY,0,20.28,558.2,20.27,16.6,20.26,687.6,20.25,892.8,20.24,437.4,20.34,287.5,20.35,382.1,20.36,3760.7,20.37,502.0,20.38,137.5
1700000698.5,1397,20.310000000000002,0.05999999999999872,20.28,143.4,20.34,774.6,1718.3,3456.0,20.28,8.9,SELL,3,20.28,143.4,20.27,335.5,20.26,197.4,20.25,206.8,20.24,835.2,20.34,774.6,20.35,286.1,20.36,53.0,20.37,1977.1,20.38,365.2
1700000699.0,1398,20.310000000000002,0.05999999999999872,20.28,465.8,20.34,69.8,3732.5,2703.7,20.34,5.0,BUY,1,20.28,465.8,20.27,992.8,20.26,306.6,20.25,620.6,20.24,1346.7,20.34,69.8,20.35,663.5,20.36,402.0,20.37,925.3,20.38,643.1
1700000699.5,1399,20.305,0.07000000000000028,20.27,31.4,20.34,437.2,2137.1,2137.3,20.305,0.0,BUY,0,20.27,31.4,20.26,161.3,20.25,40.9,20.24,1873.1,20.23,30.4,20.34,437.2,20.35,981.0,20.36,449.1,20.37,160.9,20.38,109.1
1700000700.0,1400,20.31,0.03999999999999915,20.29,379.8,20.33,650.9,1743.3,4391.8,20.31,0.0,BUY,0,20.29,379.8,20.28,972.2,20.27,228.8,20.26,74.1,20.25,88.4,20.33,650.9,20.34,758.0,20.35,44.4,20.36,376.2,20.37,2562.3
1700000700.5,1401,20.310000000000002,0.05999999999999872,20.28,421.8,20.34,10.0,3514.4,2266.8999999999996,20.28,35.6,SELL,1,20.28,421.8,20.27,62.3,20.26,756.2,20.25,2079.6,20.24,194.5,20.34,10.0,20.35,144.2,20.36,686.4,20.37,515.6,20.38,910.7
1700000701.0,1402,20.31,0.03999999999999915,20.29,267.5,20.33,268.4,5280.6,2898.8,20.29,40.3,SELL,3,20.29,267.5,20.28,449.0,20.27,884.5,20.26,3264.5,20.25,415.1,20.33,268.4,20.34,26.8,20.35,771.8,20.36,782.3,20.37,1049.5
1700000701.5,1403,20.305,0.07000000000000028,20.27,368.8,20.34,490.4,1879.5,4100.400000000001,20.34,5.5,BUY,1,20.27,368.8,20.26,680.1,20.25,478.4,20.24,17.3,20.23,334.9,20.34,490.4,20.35,104.2,20.36,375.8,20.37,640.2,20.38,2489.8
1700000702.0,1404,20.305,0.07000000000000028,20.27,292.6,20.34,41.0,4151.1,4062.7999999999997,20.34,33.8,BUY,5,20.27,292.6,20.26,751.1,20.25,156.4,20.24,1511.8,20.23,1439.2,20.34,41.0,20.35,769.2,20.36,288.8,20.37,2938.6,20.38,25.2
1700000702.5,1405,20.310000000000002,0.05999999999999872,20.28,525.2,20.34,79.7,2502.2,946.9,20.28,16.8,SELL,1,20.28,525.2,20.27,101.9,20.26,726.4,20.25,337.7,20.24,811.0,20.34,79.7,20.35,342.1,20.36,41.3,20.37,88.3,20.38,395.5
1700000703.0,1406,20.310000000000002,0.05999999999999872,20.28,491.6,20.34,445.6,5011.400000000001,3560.5,20.28,68.5,SELL,2,20.28,491.6,20.27,10.0,20.26,1095.7,20.25,203.7,20.24,3210.4,20.34,445.6,20.35,128.7,20.36,1102.3,20.37,341.4,20.38,1542.5
1700000703.5,1407,20.310000000000002,0.05999999999999872,20.28,48.3,20.34,190.5,1797.1,1947.8,20.310000000000002,0.0,BUY,0,20.28,48.3,20.27,82.1,20.26,611.9,20.25,694.3,20.24,360.5,20.34,190.5,20.35,527.3,20.36,417.0,20.37,364.2,20.38,448.8
1700000704.0,1408,20.310000000000002,0.05999999999999872,20.28,23.7,20.34,408.8,1452.3,2786.9,20.310000000000002,0.0,BUY,0,20.28,23.7,20.27,258.0,20.26,644.8,20.25,353.0,20.24,172.8,20.34,408.8,20.35,139.2,20.36,1087.9,20.37,896.4,20.38,254.6
1700000704.5,1409,20.305,0.07000000000000028,20.27,398.8,20.34,398.1,1694.1,3593.4,20.305,0.0,BUY,0,20.27,398.8,20.26,23.6,20.25,45.2,20.24,477.1,20.23,749.4,20.34,398.1,20.35,866.6,20.36,1415.8,20.37,764.8,20.38,148.1
1700000705.0,1410,20.305,0.07000000000000028,20.27,114.7,20.34,242.6,3848.6,3546.6,20.27,76.9,SELL,2,20.27,114.7,20.26,500.8,20.25,1396.3,20.24,1485.2,20.23,351.6,20.34,242.6,20.35,11.2,20.36,251.5,20.37,908.1,20.38,2133.2
1700000705.5,1411,20.310000000000002,0.05999999999999872,20.28,869.9,20.34,69.9,1948.8000000000002,2644.8,20.34,5.7,BUY,3,20.28,869.9,20.27,173.3,20.26,147.7,20.25,737.7,20.24,20.2,20.34,69.9,20.35,329.1,20.36,740.7,20.37,748.9,20.38,756.2
1700000706.0,1412,20.310000000000002,0.05999999999999872,20.28,67.9,20.34,195.6,1945.8,4786.4,20.34,41.2,BUY,1,20.28,67.9,20.27,106.6,20.26,411.4,20.25,1266.7,20.24,93.2,20.34,195.6,20.35,420.8,20.36,1048.7,20.37,2635.7,20.38,485.6
1700000706.5,1413,20.310000000000002,0.05999999999999872,20.28,106.9,20.34,125.2,3895.2000000000003,4986.3,20.28,14.5,SELL,1,20.28,106.9,20.27,1043.2,20.26,41.7,20.25,686.0,20.24,2017.4,20.34,125.2,20.35,516.8,20.36,113.6,20.37,3448.3,20.38,782.4
1700000707.0,1414,20.310000000000002,0.05999999999999872,20.28,221.6,20.34,223.1,1553.0,1395.6999999999998,20.34,79.5,BUY,2,20.28,221.6,20.27,172.6,20.26,462.2,20.25,141.7,20.24,554.9,20.34,223.1,20.35,353.9,20.36,54.3,20.37,614.9,20.38,149.5
1700000707.5,1415,20.310000000000002,0.05999999999999872,20.28,56.3,20.34,10.0,2077.6,1547.4,20.34,7.6,BUY,2,20.28,56.3,20.27,227.2,20.26,641.3,20.25,150.1,20.24,1002.7,20.34,10.0,20.35,251.2,20.36,212.3,20.37,192.8,20.38,881.1
1700000708.0,1416,20.305,0.07000000000000028,20.27,113.7,20.34,552.8,830.4999999999999,3765.0,20.34,84.1,BUY,5,20.27,113.7,20.26,391.4,20.25,208.7,20.24,66.8,20.23,49.9,20.34,552.8,20.35,772.6,20.36,337.9,20.37,364.2,20.38,1737.5
1700000708.5,1417,20.310000000000002,0.05999999999999872,20.28,425.4,20.34,1094.4,2428.6000000000004,2449.7,20.34,40.8,BUY,1,20.28,425.4,20.27,337.1,20.26,767.2,20.25,645.6,20.24,253.3,20.34,1094.4,20.35,506.2,20.36,10.0,20.37,69.1,20.38,770.0
1700000709.0,1418,20.310000000000002,0.05999999999999872,20.28,965.4,20.34,177.8,3277.2,2247.7999999999997,20.34,10.7,BUY,1,20.28,965.4,20.27,235.2,20.26,1498.1,20.25,329.0,20.24,249.5,20.34,177.8,20.35,79.3,20.36,529.8,20.37,1359.7,20.38,101.2
1700000709.5,1419,20.310000000000002,0.05999999999999872,20.28,447.7,20.34,590.6,1451.8999999999999,2636.6,20.34,103.6,BUY,5,20.28,447.7,20.27,28.4,20.26,535.0,20.25,181.1,20.24,259.7,20.34,590.6,20.35,1064.2,20.36,203.7,20.37,417.0,20.38,361.1
1700000710.0,1420,20.31,0.03999999999999915,20.29,268.3,20.33,212.4,1074.3999999999999,1774.6,20.33,48.6,BUY,1,20.29,268.3,20.28,359.4,20.27,289.4,20.26,134.7,20.25,22.6,20.33,212.4,20.34,30.8,20.35,103.3,20.36,1373.3,20.37,54.8
1700000710.5,1421,20.310000000000002,0.05999999999999872,20.28,117.4,20.34,1705.9,1607.7,3126.9000000000005,20.310000000000002,0.0,BUY,0,20.28,117.4,20.27,752.5,20.26,161.9,20.25,513.5,20.24,62.4,20.34,1705.9,20.35,127.7,20.36,105.4,20.37,49.7,20.38,1138.2
1700000711.0,1422,20.310000000000002,0.05999999999999872,20.28,40.1,20.34,215.5,2378.0,4667.400000000001,20.34,93.1,BUY,4,20.28,40.1,20.27,1391.1,20.26,711.1,20.25,196.8,20.24,38.9,20.34,215.5,20.35,49.1,20.36,1319.2,20.37,1415.4,20.38,1668.2
1700000711.5,1423,20.305,0.07000000000000028,20.27,16.2,20.34,467.0,2588.1,1598.2,20.34,34.2,BUY,2,20.27,16.2,20.26,110.7,20.25,1498.8,20.24,930.0,20.23,32.4,20.34,467.0,20.35,318.3,20.36,182.0,20.37,154.4,20.38,476.5
1700000712.0,1424,20.310000000000002,0.05999999999999872,20.28,82.9,20.34,966.9,1176.3,2954.5,20.34,5.9,BUY,7,20.28,82.9,20.27,359.9,20.26,375.0,20.25,204.7,20.24,153.8,20.34,966.9,20.35,137.5,20.36,815.0,20.37,741.3,20.38,293.8
1700000712.5,1425,20.310000000000002,0.05999999999999872,20.28,371.5,20.34,454.3,3094.2000000000003,4266.7,20.28,43.0,SELL,3,20.28,371.5,20.27,641.7,20.26,42.7,20.25,109.9,20.24,1928.4,20.34,454.3,20.35,1145.6,20.36,408.2,20.37,509.6,20.38,1749.0
1700000713.0,1426,20.310000000000002,0.05999999999999872,20.28,65.8,20.34,42.9,2816.6,3269.4999999999995,20.28,9.6,SELL,3,20.28,65.8,20.27,1408.8,20.26,354.3,20.25,602.7,20.24,385.0,20.34,42.9,20.35,842.9,20.36,2030.3,20.37,141.7,20.38,211.7
1700000713.5,1427,20.310000000000002,0.05999999999999872,20.28,850.0,20.34,538.2,3181.0,5074.200000000001,20.34,117.1,BUY,4,20.28,850.0,20.27,695.6,20.26,561.4,20.25,49.1,20.24,1024.9,20.34,538.2,20.35,195.9,20.36,1464.4,20.37,646.4,20.38,2229.3
1700000714.0,1428,20.310000000000002,0.05999999999999872,20.28,260.6,20.34,1463.2,1288.8,3047.7,20.28,17.5,SELL,5,20.28,260.6,20.27,35.1,20.26,152.5,20.25,635.0,20.24,205.6,20.34,1463.2,20.35,375.8,20.36,465.1,20.37,715.0,20.38,28.6
1700000714.5,1429,21.105,0.07000000000000028,21.07,191.9,21.14,580.5,3111.9,4328.7,21.14,16.9,BUY,1,21.07,191.9,21.06,930.2,21.05,536.9,21.04,1072.3,21.03,380.6,21.14,580.5,21.15,153.6,21.16,92.6,21.17,842.9,21.18,2659.1
1700000715.0,1430,21.1,0.05999999999999872,21.07,859.2,21.13,308.2,3453.0,2261.0,21.13,34.4,BUY,2,21.07,859.2,21.06,11.7,21.05,1605.5,21.04,230.9,21.03,745.7,21.13,308.2,21.14,506.2,21.15,311.8,21.16,14.2,21.17,1120.6
1700000715.5,1431,21.1,0.05999999999999872,21.07,1525.7,21.13,114.5,2920.3999999999996,1198.8,21.13,42.4,BUY,1,21.07,1525.7,21.06,464.9,21.05,46.4,21.04,20.2,21.03,863.2,21.13,114.5,21.14,233.7,21.15,384.6,21.16,248.6,21.17,217.4
1700000716.0,1432,21.105,0.07000000000000028,21.07,316.1,21.14,32.3,2322.8999999999996,3758.7,21.14,32.2,BUY,5,21.07,316.1,21.06,870.5,21.05,10.0,21.04,498.0,21.03,628.3,21.14,32.3,21.15,248.4,21.16,2068.2,21.17,18.1,21.18,1391.7
1700000716.5,1433,21.1,0.05999999999999872,21.07,47.3,21.13,282.1,3324.8,1201.1000000000001,21.13,17.4,BUY,2,21.07,47.3,21.06,15.3,21.05,705.6,21.04,1631.4,21.03,925.2,21.13,282.1,21.14,155.3,21.15,79.4,21.16,623.6,21.17,60.7
1700000717.0,1434,21.1,0.05999999999999872,21.07,174.8,21.13,554.3,2531.4,3284.7,21.13,79.7,BUY,1,21.07,174.8,21.06,141.2,21.05,513.2,21.04,1571.3,21.03,130.9,21.13,554.3,21.14,134.8,21.15,16.7,21.16,2009.3,21.17,569.6
1700000717.5,1435,21.1,0.05999999999999872,21.07,12.5,21.13,80.9,1063.1000000000001,3706.1000000000004,21.07,8.1,SELL,2,21.07,12.5,21.06,540.2,21.05,32.2,21.04,104.6,21.03,373.6,21.13,80.9,21.14,1152.9,21.15,933.9,21.16,405.0,21.17,1133.4
1700000718.0,1436,21.105,0.07000000000000028,21.07,137.7,21.14,149.1,3065.8,2266.0,21.07,35.4,SELL,4,21.07,137.7,21.06,363.6,21.05,325.6,21.04,879.5,21.03,1359.4,21.14,149.1,21.15,203.8,21.16,1032.9,21.17,32.2,21.18,848.0
1700000718.5,1437,21.1,0.05999999999999872,21.07,750.8,21.13,207.3,3708.6000000000004,3899.2,21.13,16.1,BUY,2,21.07,750.8,21.06,488.6,21.05,1663.7,21.04,70.2,21.03,735.3,21.13,207.3,21.14,279.1,21.15,441.9,21.16,1565.9,21.17,1405.0
1700000719.0,1438,21.1,0.05999999999999872,21.07,86.2,21.13,33.3,397.20000000000005,4664.4,21.07,59.2,SELL,4,21.07,86.2,21.06,10.0,21.05,112.2,21.04,13.3,21.03,175.5,21.13,33.3,21.14,1157.9,21.15,707.1,21.16,528.7,21.17,2237.4
1700000719.5,1439,21.1,0.05999999999999872,21.07,215.2,21.13,1037.7,3627.4999999999995,2509.0,21.07,10.1,SELL,2,21.07,215.2,21.06,138.1,21.05,1778.1,21.04,1289.6,21.03,206.5,21.13,1037.7,21.14,150.0,21.15,965.4,21.16,10.5,21.17,345.4
1700000720.0,1440,21.1,0.05999999999999872,21.07,282.6,21.13,431.0,2009.9,2955.8,21.13,29.2,BUY,2,21.07,282.6,21.06,206.0,21.05,484.3,21.04,626.0,21.03,411.0,21.13,431.0,21.14,372.7,21.15,750.8,21.16,168.9,21.17,1232.4
1700000720.5,1441,21.1,0.05999999999999872,21.07,231.5,21.13,122.2,1842.4,2639.7,21.13,37.3,BUY,1,21.07,231.5,21.06,193.5,21.05,1364.3,21.04,14.2,21.03,38.9,21.13,122.2,21.14,339.4,21.15,291.1,21.16,1661.3,21.17,225.7
1700000721.0,1442,21.1,0.05999999999999872,21.07,529.3,21.13,78.1,1918.2,4901.4,21.07,14.7,SELL,2,21.07,529.3,21.06,314.4,21.05,17.0,21.04,917.2,21.03,140.3,21.13,78.1,21.14,2767.4,21.15,273.5,21.16,927.6,21.17,854.8
1700000721.5,1443,21.1,0.0400000000000027,21.08,221.3,21.12,415.5,1103.9,1908.3000000000002,21.12,37.5,BUY,2,21.08,221.3,21.07,482.6,21.06,40.1,21.05,200.6,21.04,159.3,21.12,415.5,21.13,36.5,21.14,397.5,21.15,543.7,21.16,515.1
1700000722.0,1444,21.1,0.0400000000000027,21.08,59.3,21.12,44.8,2345.0,704.9,21.12,53.8,BUY,2,21.08,59.3,21.07,330.8,21.06,523.4,21.05,1032.4,21.04,399.1,21.12,44.8,21.13,44.4,21.14,355.2,21.15,130.0,21.16,130.5
1700000722.5,1445,21.105,0.07000000000000028,21.07,591.5,21.14,777.5,2118.1,3636.2,21.07,6.5,SELL,1,21.07,591.5,21.06,572.6,21.05,781.7,21.04,88.2,21.03,84.1,21.14,777.5,21.15,942.5,21.16,268.8,21.17,693.3,21.18,954.1
1700000723.0,1446,21.1,0.05999999999999872,21.07,154.7,21.13,142.1,3923.0000000000005,1304.0,21.07,22.1,SELL,4,21.07,154.7,21.06,864.7,21.05,1658.9,21.04,745.9,21.03,498.8,21.13,142.1,21.14,222.8,21.15,442.4,21.16,135.5,21.17,361.2
1700000723.5,1447,21.105,0.07000000000000028,21.07,218.2,21.14,54.2,652.3,3159.2,21.07,17.8,SELL,1,21.07,218.2,21.06,36.5,21.05,185.3,21.04,171.8,21.03,40.5,21.14,54.2,21.15,29.7,21.16,114.0,21.17,290.8,21.18,2670.5
1700000724.0,1448,21.1,0.05999999999999872,21.07,277.3,21.13,121.9,5119.6,1680.7,21.13,105.2,BUY,2,21.07,277.3,21.06,201.6,21.05,1201.9,21.04,2596.4,21.03,842.4,21.13,121.9,21.14,451.3,21.15,279.0,21.16,333.7,21.17,494.8
1700000724.5,1449,21.1,0.05999999999999872,21.07,229.3,21.13,157.3,2904.3,2673.4000000000005,21.07,25.6,SELL,4,21.07,229.3,21.06,125.3,21.05,100.5,21.04,1718.4,21.03,730.8,21.13,157.3,21.14,49.1,21.15,995.8,21.16,1113.9,21.17,357.3
1700000725.0,1450,21.105,0.07000000000000028,21.07,129.4,21.14,1358.6,4678.3,3877.2,21.14,51.0,BUY,3,21.07,129.4,21.06,334.7,21.05,602.7,21.04,81.1,21.03,3530.4,21.14,1358.6,21.15,52.0,21.16,1353.8,21.17,1068.0,21.18,44.8
1700000725.5,1451,21.1,0.05999999999999872,21.07,574.4,21.13,381.7,2877.2,928.1,21.07,101.5,SELL,2,21.07,574.4,21.06,250.4,21.05,641.0,21.04,22.2,21.03,1389.2,21.13,381.7,21.14,81.0,21.15,34.2,21.16,229.8,21.17,201.4
1700000726.0,1452,21.1,0.05999999999999872,21.07,913.9,21.13,65.1,3061.0,1290.1,21.1,0.0,BUY,0,21.07,913.9,21.06,813.4,21.05,10.0,21.04,1309.2,21.03,14.5,21.13,65.1,21.14,393.0,21.15,649.9,21.16,52.8,21.17,129.3
1700000726.5,1453,21.1,0.0400000000000027,21.08,242.5,21.12,691.4,2113.0,3230.0,21.12,31.2,BUY,1,21.08,242.5,21.07,138.3,21.06,1463.1,21.05,80.6,21.04,188.5,21.12,691.4,21.13,172.2,21.14,330.3,21.15,496.8,21.16,1539.3
1700000727.0,1454,21.1,0.05999999999999872,21.07,169.7,21.13,552.7,1312.6,5107.400000000001,21.07,48.2,SELL,1,21.07,169.7,21.06,214.5,21.05,527.4,21.04,221.2,21.03,179.8,21.13,552.7,21.14,1421.6,21.15,1202.8,21.16,1104.7,21.17,825.6
1700000727.5,1455,21.1,0.0400000000000027,21.08,49.8,21.12,788.6,2005.7,5811.7,21.12,70.6,BUY,1,21.08,49.8,21.07,632.7,21.06,1210.4,21.05,32.0,21.04,80.8,21.12,788.6,21.13,673.4,21.14,715.0,21.15,3299.3,21.16,335.4
1700000728.0,1456,21.1,0.05999999999999872,21.07,76.8,21.13,1033.6,1811.8000000000002,3714.6,21.07,12.4,SELL,3,21.07,76.8,21.06,258.9,21.05,860.8,21.04,320.7,21.03,294.6,21.13,1033.6,21.14,43.0,21.15,877.6,21.16,1353.0,21.17,407.4
1700000728.5,1457,21.1,0.0400000000000027,21.08,325.6,21.12,575.2,1707.1000000000001,2500.7,21.12,25.2,BUY,2,21.08,325.6,21.07,314.1,21.06,851.8,21.05,116.9,21.04,98.7,21.12,575.2,21.13,86.3,21.14,253.4,21.15,892.3,21.16,693.5
1700000729.0,1458,21.1,0.05999999999999872,21.07,159.9,21.13,133.1,3128.3,1680.7,21.1,0.0,BUY,0,21.07,159.9,21.06,128.3,21.05,775.0,21.04,1401.2,21.03,663.9,21.13,133.1,21.14,268.4,21.15,831.9,21.16,283.5,21.17,163.8
1700000729.5,1459,21.1,0.05999999999999872,21.07,697.4,21.13,170.5,4471.7,1582.0,21.1,0.0,BUY,0,21.07,697.4,21.06,2562.2,21.05,243.0,21.04,504.4,21.03,464.7,21.13,170.5,21.14,55.2,21.15,140.1,21.16,358.5,21.17,857.7
1700000730.0,1460,21.1,0.05999999999999872,21.07,336.4,21.13,591.2,1404.0,3367.2000000000003,21.13,24.4,BUY,1,21.07,336.4,21.06,441.9,21.05,104.3,21.04,356.9,21.03,164.5,21.13,591.2,21.14,330.5,21.15,84.7,21.16,1176.7,21.17,1184.1
1700000730.5,1461,21.1,0.05999999999999872,21.07,249.9,21.13,764.9,1655.0,2966.8999999999996,21.07,20.5,SELL,6,21.07,249.9,21.06,13.4,21.05,315.9,21.04,240.6,21.03,835.2,21.13,764.9,21.14,301.8,21.15,689.4,21.16,186.6,21.17,1024.2
1700000731.0,1462,21.1,0.05999999999999872,21.07,94.1,21.13,555.3,2545.2,1569.3000000000002,21.13,48.9,BUY,1,21.07,94.1,21.06,177.0,21.05,978.7,21.04,910.7,21.03,384.7,21.13,555.3,21.14,84.0,21.15,317.2,21.16,285.9,21.17,326.9
1700000731.5,1463,21.1,0.05999999999999872,21.07,266.3,21.13,436.9,1340.3,1465.2,21.1,0.0,BUY,0,21.07,266.3,21.06,81.8,21.05,208.7,21.04,407.6,21.03,375.9,21.13,436.9,21.14,149.1,21.15,10.0,21.16,673.2,21.17,196.0
1700000732.0,1464,21.105,0.07000000000000028,21.07,198.9,21.14,151.9,2747.5,7486.8,21.14,63.9,BUY,3,21.07,198.9,21.06,1884.3,21.05,18.6,21.04,572.7,21.03,73.0,21.14,151.9,21.15,1010.3,21.16,2414.3,21.17,3526.1,21.18,384.2
1700000732.5,1465,21.1,0.05999999999999872,21.07,144.4,21.13,851.4,2003.8,4340.200000000001,21.13,14.6,BUY,2,21.07,144.4,21.06,1472.1,21.05,10.0,21.04,279.7,21.03,97.6,21.13,851.4,21.14,1252.4,21.15,275.7,21.16,21.3,21.17,1939.4
1700000733.0,1466,21.1,0.05999999999999872,21.07,278.7,21.13,59.1,1047.3,3788.2,21.13,37.4,BUY,2,21.07,278.7,21.06,38.9,21.05,10.0,21.04,193.8,21.03,525.9,21.13,59.1,21.14,162.8,21.15,99.2,21.16,2341.9,21.17,1125.2
1700000733.5,1467,21.1,0.05999999999999872,21.07,855.2,21.13,574.6,3596.9,4160.8,21.13,12.3,BUY,4,21.07,855.2,21.06,600.6,21.05,193.6,21.04,1880.4,21.03,67.1,21.13,574.6,21.14,539.1,21.15,394.3,21.16,2249.9,21.17,402.9
1700000734.0,1468,21.1,0.05999999999999872,21.07,482.7,21.13,129.4,2151.9,3914.5,21.1,0.0,BUY,0,21.07,482.7,21.06,312.2,21.05,522.7,21.04,469.2,21.03,365.1,21.13,129.4,21.14,627.7,21.15,809.7,21.16,1454.4,21.17,893.3
1700000734.5,1469,21.1,0.05999999999999872,21.07,264.2,21.13,113.0,1885.6,2134.5,21.07,40.0,SELL,1,21.07,264.2,21.06,453.9,21.05,663.0,21.04,346.9,21.03,157.6,21.13,113.0,21.14,106.4,21.15,49.0,21.16,1661.5,21.17,204.6
1700000735.0,1470,21.105,0.07000000000000028,21.07,217.4,21.14,195.9,3534.2,2499.7,21.14,38.5,BUY,2,21.07,217.4,21.06,748.1,21.05,721.2,21.04,389.2,21.03,1458.3,21.14,195.9,21.15,754.8,21.16,190.0,21.17,418.7,21.18,940.3
1700000735.5,1471,21.1,0.0400000000000027,21.08,356.0,21.12,231.1,2500.7,1595.3,21.12,130.4,BUY,4,21.08,356.0,21.07,903.7,21.06,877.5,21.05,153.6,21.04,209.9,21.12,231.1,21.13,688.4,21.14,22.4,21.15,11.9,21.16,641.5
1700000736.0,1472,21.1,0.05999999999999872,21.07,144.6,21.13,929.3,3602.6,2524.0,21.13,15.2,BUY,1,21.07,144.6,21.06,705.3,21.05,2004.9,21.04,329.6,21.03,418.2,21.13,929.3,21.14,210.3,21.15,862.2,21.16,409.6,21.17,112.6
1700000736.5,1473,21.1,0.05999999999999872,21.07,108.5,21.13,173.0,1463.0,2047.1,21.07,73.4,SELL,2,21.07,108.5,21.06,262.6,21.05,275.0,21.04,598.5,21.03,218.4,21.13,173.0,21.14,25.6,21.15,231.3,21.16,29.2,21.17,1588.0
1700000737.0,1474,21.105,0.07000000000000028,21.07,270.1,21.14,63.0,1179.6000000000001,2205.1,21.14,51.5,BUY,2,21.07,270.1,21.06,554.5,21.05,28.2,21.04,138.1,21.03,188.7,21.14,63.0,21.15,905.4,21.16,455.4,21.17,701.7,21.18,79.6
1700000737.5,1475,20.91,0.060000000000002274,20.88,556.1,20.94,368.8,3794.8999999999996,1726.9,20.88,36.4,SELL,1,20.88,556.1,20.87,537.0,20.86,122.5,20.85,1641.5,20.84,937.8,20.94,368.8,20.95,591.4,20.96,122.8,20.97,602.4,20.98,41.5
1700000738.0,1476,20.91,0.03999999999999915,20.89,44.9,20.93,812.4,1683.1,2446.3999999999996,20.89,28.7,SELL,1,20.89,44.9,20.88,1069.1,20.87,275.1,20.86,86.8,20.85,207.2,20.93,812.4,20.94,120.6,20.95,622.9,20.96,818.8,20.97,71.7
1700000738.5,1477,20.91,0.060000000000002274,20.88,75.0,20.94,806.9,1689.3,2703.2999999999997,20.94,20.6,BUY,3,20.88,75.0,20.87,1005.1,20.86,293.8,20.85,13.2,20.84,302.2,20.94,806.9,20.95,28.3,20.96,96.4,20.97,1649.1,20.98,122.6
1700000739.0,1478,20.91,0.060000000000002274,20.88,64.5,20.94,718.9,1669.5,3644.5,20.88,59.3,SELL,2,20.88,64.5,20.87,134.5,20.86,1210.0,20.85,52.3,20.84,208.2,20.94,718.9,20.95,158.1,20.96,939.8,20.97,190.4,20.98,1637.3
1700000739.5,1479,20.91,0.060000000000002274,20.88,73.2,20.94,733.8,2839.7,3607.5,20.94,12.0,BUY,4,20.88,73.2,20.87,31.1,20.86,1089.8,20.85,268.8,20.84,1376.8,20.94,733.8,20.95,177.0,20.96,45.1,20.97,1991.8,20.98,659.8
1700000740.0,1480,20.91,0.060000000000002274,20.88,25.6,20.94,1028.7,1282.1,5587.7,20.94,108.2,BUY,4,20.88,25.6,20.87,428.7,20.86,156.5,20.85,68.8,20.84,602.5,20.94,1028.7,20.95,11.5,20.96,1858.0,20.97,508.1,20.98,2181.4
1700000740.5,1481,20.91,0.060000000000002274,20.88,105.8,20.94,666.9,1532.6000000000001,5405.2,20.88,206.3,SELL,3,20.88,105.8,20.87,158.5,20.86,743.1,20.85,457.9,20.84,67.3,20.94,666.9,20.95,2356.0,20.96,485.0,20.97,373.0,20.98,1524.3
1700000741.0,1482,20.91,0.03999999999999915,20.89,100.5,20.93,456.7,6369.200000000001,3113.3,20.91,0.0,BUY,0,20.89,100.5,20.88,612.9,20.87,1485.4,20.86,1837.6,20.85,2332.8,20.93,456.7,20.94,668.2,20.95,358.6,20.96,1619.8,20.97,10.0
1700000741.5,1483,20.91,0.03999999999999915,20.89,54.5,20.93,273.8,3382.3,1658.1,20.91,0.0,BUY,0,20.89,54.5,20.88,343.1,20.87,64.4,20.86,1622.3,20.85,1298.0,20.93,273.8,20.94,53.0,20.95,501.8,20.96,178.9,20.97,650.6
1700000742.0,1484,20.91,0.060000000000002274,20.88,67.5,20.94,561.4,3119.6,3217.2,20.91,0.0,BUY,0,20.88,67.5,20.87,264.6,20.86,587.4,20.85,368.5,20.84,1831.6,20.94,561.4,20.95,341.0,20.96,108.2,20.97,1846.4,20.98,360.2
1700000742.5,1485,20.91,0.060000000000002274,20.88,134.1,20.94,206.8,2195.5,3523.5,20.94,44.3,BUY,3,20.88,134.1,20.87,166.5,20.86,169.4,20.85,110.0,20.84,1615.5,20.94,206.8,20.95,619.7,20.96,221.9,20.97,1306.8,20.98,1168.3
1700000743.0,1486,20.91,0.060000000000002274,20.88,142.2,20.94,174.5,4162.7,1773.9,20.94,95.2,BUY,2,20.88,142.2,20.87,330.5,20.86,1766.0,20.85,874.1,20.84,1049.9,20.94,174.5,20.95,69.8,20.96,243.4,20.97,1276.2,20.98,10.0
1700000743.5,1487,20.91,0.060000000000002274,20.88,156.8,20.94,262.1,2013.6000000000001,5184.799999999999,20.88,37.4,SELL,2,20.88,156.8,20.87,108.5,20.86,221.9,20.85,155.2,20.84,1371.2,20.94,262.1,20.95,1374.1,20.96,974.1,20.97,813.6,20.98,1760.9
1700000744.0,1488,20.915,0.07000000000000028,20.88,1235.2,20.95,187.2,3021.0,5545.9,20.95,12.8,BUY,1,20.88,1235.2,20.87,235.0,20.86,1269.2,20.85,257.2,20.84,24.4,20.95,187.2,20.96,359.8,20.97,175.2,20.98,30.2,20.99,4793.5
1700000744.5,1489,20.91,0.060000000000002274,20.88,773.0,20.94,942.8,3889.1,1823.1,20.94,9.5,BUY,1,20.88,773.0,20.87,29.4,20.86,672.5,20.85,1894.1,20.84,520.1,20.94,942.8,20.95,140.1,20.96,94.0,20.97,465.7,20.98,180.5
1700000745.0,1490,20.91,0.060000000000002274,20.88,33.0,20.94,95.3,3147.8,5652.4,20.94,5.0,BUY,2,20.88,33.0,20.87,489.0,20.86,1597.7,20.85,369.4,20.84,658.7,20.94,95.3,20.95,233.9,20.96,1071.9,20.97,726.4,20.98,3524.9
1700000745.5,1491,20.91,0.03999999999999915,20.89,154.4,20.93,313.0,4423.8,1376.4999999999998,20.93,5.0,BUY,3,20.89,154.4,20.88,836.6,20.87,1712.4,20.86,256.3,20.85,1464.1,20.93,313.0,20.94,148.3,20.95,680.3,20.96,55.1,20.97,179.8
1700000746.0,1492,20.91,0.060000000000002274,20.88,121.1,20.94,30.1,5870.1,1566.4,20.88,43.5,SELL,2,20.88,121.1,20.87,572.0,20.86,98.4,20.85,1562.2,20.84,3516.4,20.94,30.1,20.95,196.7,20.96,879.9,20.97,231.7,20.98,228.0
1700000746.5,1493,20.91,0.060000000000002274,20.88,307.6,20.94,18.3,2190.8,3094.8,20.88,45.3,SELL,2,20.88,307.6,20.87,102.1,20.86,621.0,20.85,525.6,20.84,634.5,20.94,18.3,20.95,666.0,20.96,661.2,20.97,595.4,20.98,1153.9
1700000747.0,1494,20.91,0.060000000000002274,20.88,131.2,20.94,29.3,2913.9,2775.0,20.88,59.0,SELL,1,20.88,131.2,20.87,799.7,20.86,600.3,20.85,41.0,20.84,1341.7,20.94,29.3,20.95,422.6,20.96,473.0,20.97,666.6,20.98,1183.5
1700000747.5,1495,20.915,0.07000000000000028,20.88,653.0,20.95,673.4,4328.8,4192.2,20.88,5.0,SELL,2,20.88,653.0,20.87,182.0,20.86,2321.4,20.85,517.8,20.84,654.6,20.95,673.4,20.96,107.8,20.97,24.0,20.98,10.0,20.99,3377.0
1700000748.0,1496,20.91,0.060000000000002274,20.88,33.1,20.94,55.4,3333.1000000000004,6148.0,20.94,20.5,BUY,5,20.88,33.1,20.87,255.8,20.86,1116.0,20.85,285.2,20.84,1643.0,20.94,55.4,20.95,373.2,20.96,1249.4,20.97,1533.0,20.98,2937.0
1700000748.5,1497,20.91,0.060000000000002274,20.88,380.8,20.94,780.1,2197.0,2568.2000000000003,20.88,79.8,SELL,1,20.88,380.8,20.87,537.7,20.86,502.6,20.85,691.4,20.84,84.5,20.94,780.1,20.95,10.0,20.96,563.3,20.97,625.7,20.98,589.1
1700000749.0,1498,20.91,0.060000000000002274,20.88,115.1,20.94,10.0,1133.5,1527.2,20.94,5.0,BUY,1,20.88,115.1,20.87,604.3,20.86,16.7,20.85,27.9,20.84,369.5,20.94,10.0,20.95,93.8,20.96,1309.8,20.97,84.2,20.98,29.4
1700000749.5,1499,20.91,0.060000000000002274,20.88,255.9,20.94,975.7,2289.9,2560.2000000000003,20.88,71.7,SELL,1,20.88,255.9,20.87,1395.3,20.86,92.4,20.85,223.9,20.84,322.4,20.94,975.7,20.95,110.7,20.96,733.0,20.97,304.9,20.98,435.9
