timestamp,sequence_id,mid_price,spread,best_bid,best_bid_size,best_ask,best_ask_size,total_bid_depth,total_ask_depth,last_trade_price,last_trade_size,last_trade_side,num_recent_trades,bid_price_0,bid_size_0,bid_price_1,bid_size_1,bid_price_2,bid_size_2,bid_price_3,bid_size_3,bid_price_4,bid_size_4,ask_price_0,ask_size_0,ask_price_1,ask_size_1,ask_price_2,ask_size_2,ask_price_3,ask_size_3,ask_price_4,ask_size_4
1700000000.0,0,100.0,0.060000000000002274,99.97,1178.2,100.03,919.7,5267.9,4052.1,100.0,0.0,BUY,0,99.97,1178.2,99.96,730.9,99.95,1216.3,99.94,1375.2,99.93,767.3,100.03,919.7,100.04,56.9,100.05,1087.9,100.06,1942.5,100.07,45.1
1700000000.5,1,100.01,0.060000000000002274,99.98,80.2,100.04,622.0,2801.0,3794.7,99.98,25.8,SELL,2,99.98,80.2,99.97,1019.6,99.96,412.4,99.95,946.4,99.94,342.4,100.04,622.0,100.05,1075.7,100.06,70.3,100.07,165.8,100.08,1860.9
1700000001.0,2,100.02,0.060000000000002274,99.99,549.5,100.05,143.7,4593.2,5887.0,99.99,31.9,SELL,3,99.99,549.5,99.98,448.8,99.97,10.0,99.96,595.3,99.95,2989.6,100.05,143.7,100.06,10.0,100.07,1742.8,100.08,2109.9,100.09,1880.6
1700000001.5,3,100.0,0.060000000000002274,99.97,218.3,100.03,46.4,5668.2,8156.7,99.97,16.8,SELL,4,99.97,218.3,99.96,488.3,99.95,2541.8,99.94,1544.9,99.93,874.9,100.03,46.4,100.04,983.7,100.05,522.3,100.06,1884.3,100.07,4720.0
1700000002.0,4,100.00999999999999,0.04000000000000625,99.99,428.4,100.03,343.7,5385.8,5954.5,99.99,31.6,SELL,2,99.99,428.4,99.98,905.6,99.97,257.5,99.96,1305.4,99.95,2488.9,100.03,343.7,100.04,10.4,100.05,831.4,100.06,734.4,100.07,4034.6
1700000002.5,5,100.02,0.060000000000002274,99.99,142.1,100.05,554.3,3007.4000000000005,3720.3999999999996,100.05,5.0,BUY,2,99.99,142.1,99.98,1006.1,99.97,841.7,99.96,180.3,99.95,837.2,100.05,554.3,100.06,676.4,100.07,478.3,100.08,1920.9,100.09,90.5
1700000003.0,6,100.02,0.060000000000002274,99.99,708.5,100.05,78.1,4203.1,5009.700000000001,99.99,35.5,SELL,1,99.99,708.5,99.98,511.4,99.97,537.4,99.96,1317.2,99.95,1128.6,100.05,78.1,100.06,432.4,100.07,1157.4,100.08,3087.3,100.09,254.5
1700000003.5,7,100.02,0.060000000000002274,99.99,203.9,100.05,542.1,2272.5,1638.4,99.99,37.8,SELL,1,99.99,203.9,99.98,388.2,99.97,450.3,99.96,474.3,99.95,755.8,100.05,542.1,100.06,349.5,100.07,334.3,100.08,11.4,100.09,401.1
1700000004.0,8,100.03,0.060000000000002274,100.0,460.9,100.06,205.4,2477.1,4210.7,100.06,141.2,BUY,2,100.0,460.9,99.99,13.0,99.98,610.6,99.97,795.3,99.96,597.3,100.06,205.4,100.07,10.0,100.08,3030.2,100.09,807.8,100.1,157.3
1700000004.5,9,100.03,0.03999999999999204,100.01,136.3,100.05,237.0,2148.6,6265.0,100.01,15.6,SELL,1,100.01,136.3,100.0,70.3,99.99,149.2,99.98,1184.1,99.97,608.7,100.05,237.0,100.06,460.7,100.07,3421.9,100.08,792.9,100.09,1352.5
1700000005.0,10,100.03,0.060000000000002274,100.0,330.5,100.06,223.1,3106.2999999999993,4251.299999999999,100.06,46.3,BUY,2,100.0,330.5,99.99,1813.6,99.98,586.8,99.97,67.2,99.96,308.2,100.06,223.1,100.07,953.0,100.08,2064.7,100.09,524.8,100.1,485.7
1700000005.5,11,100.02,0.060000000000002274,99.99,10.0,100.05,706.9,3134.6000000000004,8462.5,99.99,102.9,SELL,3,99.99,10.0,99.98,516.1,99.97,602.2,99.96,151.6,99.95,1854.7,100.05,706.9,100.06,4674.6,100.07,660.5,100.08,1941.0,100.09,479.5
1700000006.0,12,100.02,0.060000000000002274,99.99,670.7,100.05,1275.9,4044.0000000000005,4940.700000000001,100.05,24.6,BUY,3,99.99,670.7,99.98,276.1,99.97,568.5,99.96,1944.3,99.95,584.4,100.05,1275.9,100.06,1921.7,100.07,320.4,100.08,651.4,100.09,771.3
1700000006.5,13,100.03,0.03999999999999204,100.01,153.4,100.05,754.2,6801.4,11538.0,100.03,0.0,BUY,0,100.01,153.4,100.0,245.2,99.99,1862.5,99.98,1683.5,99.97,2856.8,100.05,754.2,100.06,708.1,100.07,3343.2,100.08,980.9,100.09,5751.6
1700000007.0,14,100.02,0.060000000000002274,99.99,387.5,100.05,898.9,3736.8,3460.6000000000004,99.99,40.9,SELL,4,99.99,387.5,99.98,1201.7,99.97,120.1,99.96,10.0,99.95,2017.5,100.05,898.9,100.06,296.0,100.07,192.2,100.08,1342.2,100.09,731.3
1700000007.5,15,100.02,0.060000000000002274,99.99,302.2,100.05,65.6,5675.0,1851.5,99.99,22.7,SELL,1,99.99,302.2,99.98,687.6,99.97,1502.4,99.96,2479.2,99.95,703.6,100.05,65.6,100.06,245.6,100.07,203.8,100.08,87.4,100.09,1249.1
1700000008.0,16,100.02,0.060000000000002274,99.99,494.3,100.05,1008.6,2219.2000000000003,5535.8,100.05,14.2,BUY,2,99.99,494.3,99.98,57.4,99.97,597.0,99.96,651.7,99.95,418.8,100.05,1008.6,100.06,72.6,100.07,42.5,100.08,1541.1,100.09,2871.0
1700000008.5,17,100.01,0.060000000000002274,99.98,1136.9,100.04,173.9,4857.700000000001,6418.1,99.98,33.1,SELL,3,99.98,1136.9,99.97,1063.0,99.96,191.5,99.95,2156.2,99.94,310.1,100.04,173.9,100.05,159.0,100.06,3331.9,100.07,856.0,100.08,1897.3
1700000009.0,18,100.01,0.060000000000002274,99.98,236.9,100.04,70.6,7180.000000000001,3722.4,99.98,11.8,SELL,2,99.98,236.9,99.97,613.4,99.96,2215.8,99.95,1237.6,99.94,2876.3,100.04,70.6,100.05,404.8,100.06,469.1,100.07,1747.9,100.08,1030.0
1700000009.5,19,100.02000000000001,0.04000000000000625,100.0,368.6,100.04,26.4,3143.3,3433.2999999999997,100.04,6.8,BUY,3,100.0,368.6,99.99,517.8,99.98,361.7,99.97,1733.4,99.96,161.8,100.04,26.4,100.05,61.5,100.06,1602.6,100.07,535.7,100.08,1207.1
1700000010.0,20,100.02,0.060000000000002274,99.99,594.7,100.05,1520.2,13707.699999999999,5323.3,99.99,11.0,SELL,3,99.99,594.7,99.98,22.7,99.97,8082.6,99.96,3367.4,99.95,1640.3,100.05,1520.2,100.06,496.4,100.07,2350.0,100.08,257.4,100.09,699.3
1700000010.5,21,100.01,0.060000000000002274,99.98,225.4,100.04,48.3,2885.8,4702.5,100.04,48.8,BUY,1,99.98,225.4,99.97,767.0,99.96,1195.9,99.95,364.0,99.94,333.5,100.04,48.3,100.05,586.5,100.06,1410.3,100.07,1304.0,100.08,1353.4
1700000011.0,22,100.01,0.060000000000002274,99.98,1223.1,100.04,1044.6,3590.0,4469.7,100.04,13.1,BUY,3,99.98,1223.1,99.97,952.4,99.96,275.3,99.95,699.5,99.94,439.7,100.04,1044.6,100.05,631.3,100.06,151.2,100.07,292.7,100.08,2349.9
1700000011.5,23,100.01,0.060000000000002274,99.98,148.7,100.04,10.0,8861.9,2626.7,99.98,92.6,SELL,1,99.98,148.7,99.97,251.1,99.96,261.5,99.95,7082.8,99.94,1117.8,100.04,10.0,100.05,360.4,100.06,281.4,100.07,1166.1,100.08,808.8
1700000012.0,24,100.00999999999999,0.04000000000000625,99.99,362.2,100.03,267.2,4035.7999999999997,4697.8,100.03,108.6,BUY,1,99.99,362.2,99.98,581.6,99.97,728.7,99.96,1705.2,99.95,658.1,100.03,267.2,100.04,1242.7,100.05,2421.5,100.06,311.4,100.07,455.0
1700000012.5,25,100.0,0.060000000000002274,99.97,210.0,100.03,137.0,2892.5,3596.5,100.0,0.0,BUY,0,99.97,210.0,99.96,1603.2,99.95,164.4,99.94,66.8,99.93,848.1,100.03,137.0,100.04,464.1,100.05,508.0,100.06,1621.5,100.07,865.9
1700000013.0,26,100.0,0.060000000000002274,99.97,221.1,100.03,258.5,6829.200000000001,1382.4,100.03,120.9,BUY,2,99.97,221.1,99.96,61.1,99.95,1670.2,99.94,2948.9,99.93,1927.9,100.03,258.5,100.04,377.0,100.05,337.5,100.06,153.5,100.07,255.9
1700000013.5,27,99.99,0.060000000000002274,99.96,280.9,100.02,373.8,4406.3,5533.6,99.96,38.8,SELL,2,99.96,280.9,99.95,2174.9,99.94,950.2,99.93,290.6,99.92,709.7,100.02,373.8,100.03,1243.5,100.04,1045.7,100.05,336.8,100.06,2533.8
1700000014.0,28,99.99000000000001,0.04000000000000625,99.97,277.9,100.01,170.9,3568.5,2202.2999999999997,100.01,5.0,BUY,3,99.97,277.9,99.96,969.8,99.95,192.3,99.94,989.1,99.93,1139.4,100.01,170.9,100.02,725.8,100.03,336.9,100.04,220.6,100.05,748.1
1700000014.5,29,99.99,0.060000000000002274,99.96,1016.3,100.02,46.6,3161.1,5227.099999999999,99.99,0.0,BUY,0,99.96,1016.3,99.95,712.4,99.94,577.5,99.93,16.8,99.92,838.1,100.02,46.6,100.03,2156.2,100.04,576.1,100.05,1612.9,100.06,835.3
1700000015.0,30,99.99000000000001,0.04000000000000625,99.97,1277.6,100.01,35.3,5284.8,2793.9,100.01,28.7,BUY,3,99.97,1277.6,99.96,1132.8,99.95,832.0,99.94,1993.3,99.93,49.1,100.01,35.3,100.02,144.5,100.03,142.9,100.04,1044.7,100.05,1426.5
1700000015.5,31,99.99,0.060000000000002274,99.96,427.2,100.02,223.7,5439.9,3851.5,100.02,5.0,BUY,3,99.96,427.2,99.95,1108.6,99.94,2470.1,99.93,1380.6,99.92,53.4,100.02,223.7,100.03,459.6,100.04,501.7,100.05,154.8,100.06,2511.7
1700000016.0,32,99.99,0.060000000000002274,99.96,1257.9,100.02,1015.7,6212.6,2176.2,100.02,48.8,BUY,1,99.96,1257.9,99.95,30.4,99.94,545.8,99.93,1889.0,99.92,2489.5,100.02,1015.7,100.03,92.1,100.04,447.5,100.05,516.3,100.06,104.6
1700000016.5,33,100.0,0.03999999999999204,99.98,31.2,100.02,202.1,7048.4,1910.1999999999998,99.98,37.0,SELL,1,99.98,31.2,99.97,1592.0,99.96,2946.6,99.95,157.2,99.94,2321.4,100.02,202.1,100.03,134.4,100.04,846.8,100.05,76.3,100.06,650.6
1700000017.0,34,100.01,0.060000000000002274,99.98,1840.4,100.04,1034.4,5373.699999999999,4434.8,99.98,7.7,SELL,2,99.98,1840.4,99.97,1938.1,99.96,566.9,99.95,218.9,99.94,809.4,100.04,1034.4,100.05,1679.9,100.06,123.9,100.07,1140.2,100.08,456.4
1700000017.5,35,100.02,0.060000000000002274,99.99,600.0,100.05,558.1,4141.0,3672.4,99.99,23.3,SELL,3,99.99,600.0,99.98,331.8,99.97,431.8,99.96,1516.4,99.95,1261.0,100.05,558.1,100.06,264.7,100.07,1875.2,100.08,486.8,100.09,487.6
1700000018.0,36,100.02000000000001,0.04000000000000625,100.0,442.3,100.04,195.9,4606.1,6064.200000000001,100.0,30.7,SELL,1,100.0,442.3,99.99,141.3,99.98,2309.9,99.97,510.0,99.96,1202.6,100.04,195.9,100.05,1573.0,100.06,521.5,100.07,1537.2,100.08,2236.6
1700000018.5,37,100.01,0.060000000000002274,99.98,638.0,100.04,453.9,2060.5,13272.0,99.98,90.2,SELL,1,99.98,638.0,99.97,410.7,99.96,305.4,99.95,109.6,99.94,596.8,100.04,453.9,100.05,1385.6,100.06,2387.1,100.07,7924.4,100.08,1121.0
1700000019.0,38,100.0,0.060000000000002274,99.97,387.2,100.03,271.9,3158.3,4350.0,99.97,27.0,SELL,3,99.97,387.2,99.96,1138.1,99.95,710.9,99.94,196.3,99.93,725.8,100.03,271.9,100.04,224.7,100.05,1047.8,100.06,554.0,100.07,2251.6
1700000019.5,39,100.01,0.060000000000002274,99.98,39.7,100.04,451.4,6695.5,2749.1,100.01,0.0,BUY,0,99.98,39.7,99.97,604.3,99.96,1634.5,99.95,319.0,99.94,4098.0,100.04,451.4,100.05,1245.0,100.06,113.6,100.07,152.6,100.08,786.5
1700000020.0,40,100.0,0.060000000000002274,99.97,496.5,100.03,839.5,5066.5,5818.4,99.97,36.1,SELL,3,99.97,496.5,99.96,438.4,99.95,166.9,99.94,2121.6,99.93,1843.1,100.03,839.5,100.04,1068.8,100.05,921.1,100.06,1178.6,100.07,1810.4
1700000020.5,41,99.99,0.060000000000002274,99.96,2208.1,100.02,857.6,3985.6,6290.9,100.02,49.9,BUY,2,99.96,2208.1,99.95,376.8,99.94,654.6,99.93,261.2,99.92,484.9,100.02,857.6,100.03,1795.6,100.04,612.9,100.05,1720.2,100.06,1304.6
1700000021.0,42,99.99,0.060000000000002274,99.96,468.3,100.02,1387.1,3150.9,2475.3999999999996,99.96,56.3,SELL,2,99.96,468.3,99.95,114.0,99.94,18.1,99.93,2367.8,99.92,182.7,100.02,1387.1,100.03,387.0,100.04,52.1,100.05,108.5,100.06,540.7
1700000021.5,43,99.99,0.060000000000002274,99.96,970.3,100.02,107.0,2996.3,3063.8,100.02,93.0,BUY,1,99.96,970.3,99.95,453.6,99.94,649.7,99.93,467.2,99.92,455.5,100.02,107.0,100.03,346.6,100.04,881.0,100.05,832.4,100.06,896.8
1700000022.0,44,100.0,0.060000000000002274,99.97,114.2,100.03,292.8,10055.5,7098.0,99.97,11.8,SELL,1,99.97,114.2,99.96,2667.4,99.95,2943.9,99.94,766.1,99.93,3563.9,100.03,292.8,100.04,28.4,100.05,862.1,100.06,1683.3,100.07,4231.4
1700000022.5,45,100.0,0.060000000000002274,99.97,999.5,100.03,1020.0,5777.9,10089.400000000001,100.03,27.6,BUY,4,99.97,999.5,99.96,404.0,99.95,1650.9,99.94,1705.8,99.93,1017.7,100.03,1020.0,100.04,3973.3,100.05,408.6,100.06,879.3,100.07,3808.2
1700000023.0,46,100.0,0.060000000000002274,99.97,452.0,100.03,389.7,4248.6,5368.900000000001,100.03,5.0,BUY,2,99.97,452.0,99.96,597.2,99.95,693.0,99.94,1068.6,99.93,1437.8,100.03,389.7,100.04,2852.1,100.05,281.8,100.06,960.5,100.07,884.8
1700000023.5,47,100.01,0.060000000000002274,99.98,273.9,100.04,71.0,5133.700000000001,4302.7,99.98,106.7,SELL,4,99.98,273.9,99.97,795.7,99.96,274.7,99.95,571.6,99.94,3217.8,100.04,71.0,100.05,1473.7,100.06,540.4,100.07,943.3,100.08,1274.3
1700000024.0,48,100.02,0.060000000000002274,99.99,85.5,100.05,257.1,1544.5,3266.6000000000004,100.05,49.7,BUY,4,99.99,85.5,99.98,820.0,99.97,476.2,99.96,101.8,99.95,61.0,100.05,257.1,100.06,62.2,100.07,1807.4,100.08,922.2,100.09,217.7
1700000024.5,49,100.02,0.060000000000002274,99.99,39.2,100.05,308.6,2516.2,8842.9,100.02,0.0,BUY,0,99.99,39.2,99.98,73.4,99.97,518.6,99.96,235.9,99.95,1649.1,100.05,308.6,100.06,172.6,100.07,243.0,100.08,6105.3,100.09,2013.4
1700000025.0,50,98.63,0.060000000000002274,98.6,196.2,98.66,550.9,3892.1999999999994,5773.0,98.66,16.3,BUY,2,98.6,196.2,98.59,537.9,98.58,1757.3,98.57,607.2,98.56,793.6,98.66,550.9,98.67,948.3,98.68,3798.7,98.69,27.1,98.7,448.0
1700000025.5,51,98.63,0.060000000000002274,98.6,453.4,98.66,1415.9,4763.200000000001,4269.9,98.6,10.8,SELL,3,98.6,453.4,98.59,257.5,98.58,535.5,98.57,3383.2,98.56,133.6,98.66,1415.9,98.67,915.8,98.68,61.6,98.69,1693.7,98.7,182.9
1700000026.0,52,98.63,0.060000000000002274,98.6,1067.2,98.66,618.9,4419.6,5639.000000000001,98.66,32.8,BUY,1,98.6,1067.2,98.59,251.9,98.58,899.2,98.57,46.7,98.56,2154.6,98.66,618.9,98.67,3630.1,98.68,25.8,98.69,833.1,98.7,531.1
1700000026.5,53,98.63,0.060000000000002274,98.6,484.4,98.66,84.9,11720.5,3318.5,98.6,122.3,SELL,2,98.6,484.4,98.59,563.4,98.58,375.7,98.57,6412.3,98.56,3884.7,98.66,84.9,98.67,146.3,98.68,153.5,98.69,2090.5,98.7,843.3
1700000027.0,54,98.64,0.060000000000002274,98.61,669.7,98.67,291.7,3762.8999999999996,2928.3,98.61,162.6,SELL,3,98.61,669.7,98.6,462.4,98.59,545.8,98.58,1116.0,98.57,969.0,98.67,291.7,98.68,703.0,98.69,1602.6,98.7,38.7,98.71,292.3
1700000027.5,55,98.64,0.060000000000002274,98.61,775.5,98.67,998.0,3353.7999999999997,7213.1,98.61,95.1,SELL,1,98.61,775.5,98.6,336.2,98.59,826.9,98.58,1067.3,98.57,347.9,98.67,998.0,98.68,1603.4,98.69,330.8,98.7,1143.8,98.71,3137.1
1700000028.0,56,98.63,0.060000000000002274,98.6,618.0,98.66,542.8,2779.2999999999997,4991.8,98.66,12.1,BUY,2,98.6,618.0,98.59,23.3,98.58,355.3,98.57,1354.3,98.56,428.4,98.66,542.8,98.67,1537.8,98.68,424.8,98.69,958.0,98.7,1528.4
1700000028.5,57,98.63,0.060000000000002274,98.6,50.9,98.66,603.2,3554.9,5766.200000000001,98.6,45.1,SELL,2,98.6,50.9,98.59,298.2,98.58,1015.8,98.57,1190.4,98.56,999.6,98.66,603.2,98.67,733.9,98.68,163.4,98.69,153.1,98.7,4112.6
1700000029.0,58,98.62,0.060000000000002274,98.59,1109.8,98.65,853.8,2898.5,2534.5,98.59,15.1,SELL,3,98.59,1109.8,98.58,35.4,98.57,239.3,98.56,951.9,98.55,562.1,98.65,853.8,98.66,808.4,98.67,301.4,98.68,10.0,98.69,560.9
1700000029.5,59,98.62,0.060000000000002274,98.59,1692.0,98.65,67.8,6805.200000000001,12202.5,98.65,8.8,BUY,1,98.59,1692.0,98.58,467.8,98.57,1094.0,98.56,1845.3,98.55,1706.1,98.65,67.8,98.66,110.3,98.67,529.5,98.68,7988.6,98.69,3506.3
1700000030.0,60,98.61,0.060000000000002274,98.58,177.1,98.64,172.7,6426.599999999999,3222.7,98.64,91.7,BUY,3,98.58,177.1,98.57,951.4,98.56,793.1,98.55,4088.7,98.54,416.3,98.64,172.7,98.65,36.1,98.66,1214.6,98.67,648.3,98.68,1151.0
1700000030.5,61,98.61,0.060000000000002274,98.58,274.2,98.64,935.4,2284.8,5684.5,98.64,40.2,BUY,3,98.58,274.2,98.57,23.8,98.56,647.9,98.55,395.9,98.54,943.0,98.64,935.4,98.65,339.8,98.66,19.5,98.67,420.5,98.68,3969.3
1700000031.0,62,98.61,0.060000000000002274,98.58,48.2,98.64,1865.9,2412.7000000000003,11344.2,98.64,7.5,BUY,2,98.58,48.2,98.57,115.3,98.56,745.5,98.55,1327.9,98.54,175.8,98.64,1865.9,98.65,1525.7,98.66,1851.8,98.67,2368.1,98.68,3732.7
1700000031.5,63,98.61,0.060000000000002274,98.58,793.3,98.64,146.8,2380.9,3869.3,98.61,0.0,BUY,0,98.58,793.3,98.57,359.3,98.56,764.9,98.55,141.4,98.54,322.0,98.64,146.8,98.65,885.6,98.66,1023.1,98.67,832.9,98.68,980.9
1700000032.0,64,98.62,0.060000000000002274,98.59,577.3,98.65,703.7,1623.1,13112.699999999999,98.59,22.6,SELL,1,98.59,577.3,98.58,510.6,98.57,60.2,98.56,445.9,98.55,29.1,98.65,703.7,98.66,5751.9,98.67,2515.0,98.68,1796.0,98.69,2346.1
1700000032.5,65,98.63,0.060000000000002274,98.6,50.8,98.66,348.6,3428.1,6316.300000000001,98.6,12.1,SELL,4,98.6,50.8,98.59,1406.2,98.58,904.6,98.57,935.4,98.56,131.1,98.66,348.6,98.67,474.8,98.68,312.4,98.69,877.4,98.7,4303.1
1700000033.0,66,98.62,0.060000000000002274,98.59,954.2,98.65,63.5,4096.900000000001,6527.9,98.65,64.9,BUY,2,98.59,954.2,98.58,524.6,98.57,590.9,98.56,1472.4,98.55,554.8,98.65,63.5,98.66,965.0,98.67,624.5,98.68,3119.9,98.69,1755.0
1700000033.5,67,98.62,0.060000000000002274,98.59,110.5,98.65,1351.9,4786.799999999999,5694.400000000001,98.59,90.5,SELL,3,98.59,110.5,98.58,41.0,98.57,2484.1,98.56,1052.1,98.55,1099.1,98.65,1351.9,98.66,322.9,98.67,81.0,98.68,704.3,98.69,3234.3
1700000034.0,68,98.63,0.060000000000002274,98.6,664.7,98.66,154.1,7607.9,2234.5,98.63,0.0,BUY,0,98.6,664.7,98.59,1037.2,98.58,1529.7,98.57,795.1,98.56,3581.2,98.66,154.1,98.67,335.2,98.68,204.4,98.69,579.3,98.7,961.5
1700000034.5,69,98.63,0.04000000000000625,98.61,791.3,98.65,614.7,8460.1,2521.2,98.65,79.6,BUY,2,98.61,791.3,98.6,1833.5,98.59,325.3,98.58,1927.7,98.57,3582.3,98.65,614.7,98.66,137.1,98.67,412.8,98.68,27.5,98.69,1329.1
1700000035.0,70,98.63,0.04000000000000625,98.61,231.0,98.65,237.9,5169.6,2473.4,98.61,86.2,SELL,3,98.61,231.0,98.6,1606.0,98.59,23.4,98.58,1347.4,98.57,1961.8,98.65,237.9,98.66,162.5,98.67,522.0,98.68,56.8,98.69,1494.2
1700000035.5,71,98.62,0.060000000000002274,98.59,37.5,98.65,643.4,1313.1,7666.2,98.65,33.1,BUY,2,98.59,37.5,98.58,138.3,98.57,366.6,98.56,522.1,98.55,248.6,98.65,643.4,98.66,980.9,98.67,416.4,98.68,4407.2,98.69,1218.3
1700000036.0,72,98.61,0.060000000000002274,98.58,142.6,98.64,2166.9,3502.8,4778.900000000001,98.64,65.5,BUY,1,98.58,142.6,98.57,2977.3,98.56,97.5,98.55,212.6,98.54,72.8,98.64,2166.9,98.65,429.6,98.66,492.6,98.67,1662.2,98.68,27.6
1700000036.5,73,98.62,0.060000000000002274,98.59,688.0,98.65,5953.9,9777.4,9815.9,98.62,0.0,BUY,0,98.59,688.0,98.58,494.0,98.57,3487.8,98.56,4769.2,98.55,338.4,98.65,5953.9,98.66,957.1,98.67,469.2,98.68,746.5,98.69,1689.2
1700000037.0,74,98.62,0.060000000000002274,98.59,172.6,98.65,20.1,4602.9,6442.900000000001,98.62,0.0,BUY,0,98.59,172.6,98.58,556.6,98.57,1934.3,98.56,599.1,98.55,1340.3,98.65,20.1,98.66,550.2,98.67,2040.4,98.68,2775.9,98.69,1056.3
1700000037.5,75,98.62,0.060000000000002274,98.59,21.1,98.65,231.8,4900.999999999999,6059.2,98.65,56.8,BUY,2,98.59,21.1,98.58,1038.6,98.57,2995.7,98.56,516.4,98.55,329.2,98.65,231.8,98.66,4760.9,98.67,10.0,98.68,705.7,98.69,350.8
1700000038.0,76,98.62,0.060000000000002274,98.59,203.1,98.65,804.5,3761.2,3748.3,98.59,8.5,SELL,1,98.59,203.1,98.58,1853.1,98.57,415.2,98.56,1226.8,98.55,63.0,98.65,804.5,98.66,553.4,98.67,866.0,98.68,1067.5,98.69,456.9
1700000038.5,77,98.62,0.04000000000000625,98.6,421.6,98.64,1229.6,1757.3000000000002,2350.1,98.6,9.2,SELL,2,98.6,421.6,98.59,144.3,98.58,181.1,98.57,508.8,98.56,501.5,98.64,1229.6,98.65,70.3,98.66,221.2,98.67,756.0,98.68,73.0
1700000039.0,78,98.63,0.060000000000002274,98.6,42.8,98.66,487.0,4273.299999999999,2800.0,98.63,0.0,BUY,0,98.6,42.8,98.59,38.5,98.58,123.2,98.57,1845.1,98.56,2223.7,98.66,487.0,98.67,131.9,98.68,264.2,98.69,356.9,98.7,1560.0
1700000039.5,79,98.63,0.060000000000002274,98.6,222.7,98.66,33.4,2777.1,924.9,98.6,11.3,SELL,2,98.6,222.7,98.59,1333.5,98.58,797.7,98.57,221.5,98.56,201.7,98.66,33.4,98.67,212.9,98.68,141.7,98.69,83.2,98.7,453.7
1700000040.0,80,98.63,0.060000000000002274,98.6,695.1,98.66,504.9,3688.2999999999997,4262.5,98.6,22.9,SELL,2,98.6,695.1,98.59,786.5,98.58,1137.0,98.57,565.0,98.56,504.7,98.66,504.9,98.67,175.2,98.68,1038.1,98.69,2475.3,98.7,69.0
1700000040.5,81,98.62,0.060000000000002274,98.59,347.0,98.65,114.0,4047.3999999999996,3401.2000000000003,98.65,36.4,BUY,4,98.59,347.0,98.58,318.4,98.57,689.5,98.56,2074.7,98.55,617.8,98.65,114.0,98.66,1295.0,98.67,128.9,98.68,1834.2,98.69,29.1
1700000041.0,82,98.62,0.060000000000002274,98.59,601.5,98.65,206.4,4205.900000000001,3671.0,98.65,53.7,BUY,3,98.59,601.5,98.58,749.9,98.57,1273.2,98.56,859.0,98.55,722.3,98.65,206.4,98.66,337.4,98.67,540.2,98.68,675.9,98.69,1911.1
1700000041.5,83,98.63,0.060000000000002274,98.6,274.1,98.66,1292.2,3308.2999999999997,3505.1,98.6,6.9,SELL,1,98.6,274.1,98.59,1373.4,98.58,408.9,98.57,779.8,98.56,472.1,98.66,1292.2,98.67,1068.0,98.68,578.6,98.69,322.0,98.7,244.3
1700000042.0,84,98.63,0.04000000000000625,98.61,50.3,98.65,516.3,3938.3,4047.2000000000003,98.65,20.9,BUY,2,98.61,50.3,98.6,370.1,98.59,11.5,98.58,2641.6,98.57,864.8,98.65,516.3,98.66,450.1,98.67,676.2,98.68,572.7,98.69,1831.9
1700000042.5,85,98.63,0.060000000000002274,98.6,767.3,98.66,57.8,7982.700000000001,2267.5,98.66,16.0,BUY,1,98.6,767.3,98.59,2442.5,98.58,973.1,98.57,1112.3,98.56,2687.5,98.66,57.8,98.67,203.1,98.68,864.2,98.69,872.7,98.7,269.7
1700000043.0,86,98.63,0.04000000000000625,98.61,538.5,98.65,567.3,1528.9,4340.6,98.61,5.0,SELL,2,98.61,538.5,98.6,303.4,98.59,190.3,98.58,455.5,98.57,41.2,98.65,567.3,98.66,498.0,98.67,1804.0,98.68,1224.6,98.69,246.7
1700000043.5,87,98.62,0.060000000000002274,98.59,78.3,98.65,567.8,2259.8,3869.3,98.59,14.2,SELL,1,98.59,78.3,98.58,702.8,98.57,681.4,98.56,590.5,98.55,206.8,98.65,567.8,98.66,578.3,98.67,443.8,98.68,411.2,98.69,1868.2
1700000044.0,88,98.63,0.060000000000002274,98.6,84.7,98.66,128.7,3196.4,2147.6,98.6,17.1,SELL,2,98.6,84.7,98.59,784.4,98.58,259.5,98.57,1659.4,98.56,408.4,98.66,128.7,98.67,366.0,98.68,1136.2,98.69,10.0,98.7,506.7
1700000044.5,89,98.63,0.060000000000002274,98.6,116.0,98.66,139.9,3018.7999999999997,2803.0,98.63,0.0,BUY,0,98.6,116.0,98.59,745.4,98.58,1396.8,98.57,747.0,98.56,13.6,98.66,139.9,98.67,192.8,98.68,288.9,98.69,201.7,98.7,1979.7
1700000045.0,90,98.63,0.060000000000002274,98.6,819.3,98.66,92.3,3127.4,4206.3,98.66,5.0,BUY,2,98.6,819.3,98.59,389.2,98.58,250.7,98.57,68.8,98.56,1599.4,98.66,92.3,98.67,1946.4,98.68,490.8,98.69,948.5,98.7,728.3
1700000045.5,91,98.63,0.060000000000002274,98.6,1088.0,98.66,593.7,4983.2,2212.1000000000004,98.6,15.6,SELL,2,98.6,1088.0,98.59,776.0,98.58,1304.4,98.57,420.5,98.56,1394.3,98.66,593.7,98.67,174.1,98.68,720.0,98.69,378.9,98.7,345.4
1700000046.0,92,98.62,0.060000000000002274,98.59,938.5,98.65,1077.5,4463.6,8825.4,98.59,26.3,SELL,2,98.59,938.5,98.58,362.2,98.57,1018.2,98.56,877.1,98.55,1267.6,98.65,1077.5,98.66,1205.8,98.67,5041.7,98.68,562.0,98.69,938.4
1700000046.5,93,98.63,0.060000000000002274,98.6,1123.8,98.66,76.8,5253.6,3343.5000000000005,98.6,21.9,SELL,1,98.6,1123.8,98.59,179.9,98.58,639.6,98.57,820.4,98.56,2489.9,98.66,76.8,98.67,100.7,98.68,864.8,98.69,2253.3,98.7,47.9
1700000047.0,94,98.64,0.060000000000002274,98.61,199.5,98.67,1540.7,2690.4,10309.2,98.61,29.4,SELL,1,98.61,199.5,98.6,686.9,98.59,196.5,98.58,399.4,98.57,1208.1,98.67,1540.7,98.68,2231.5,98.69,2701.4,98.7,789.2,98.71,3046.4
1700000047.5,95,98.64,0.060000000000002274,98.61,281.9,98.67,949.0,4154.3,5748.8,98.61,6.7,SELL,1,98.61,281.9,98.6,1565.6,98.59,420.3,98.58,638.9,98.57,1247.6,98.67,949.0,98.68,1280.3,98.69,136.3,98.7,2056.4,98.71,1326.8
1700000048.0,96,98.64,0.060000000000002274,98.61,804.4,98.67,914.8,3917.7999999999997,3514.5,98.61,30.8,SELL,2,98.61,804.4,98.6,28.9,98.59,754.4,98.58,2038.0,98.57,292.1,98.67,914.8,98.68,453.0,98.69,289.5,98.7,385.3,98.71,1471.9
1700000048.5,97,98.65,0.060000000000002274,98.62,637.2,98.68,1028.8,4031.2,4600.4,98.62,12.4,SELL,2,98.62,637.2,98.61,1953.6,98.6,269.7,98.59,180.4,98.58,990.3,98.68,1028.8,98.69,433.7,98.7,478.8,98.71,748.8,98.72,1910.3
1700000049.0,98,98.64,0.060000000000002274,98.61,742.0,98.67,750.0,8517.2,3347.4,98.67,5.7,BUY,7,98.61,742.0,98.6,213.4,98.59,3125.7,98.58,957.9,98.57,3478.2,98.67,750.0,98.68,1654.9,98.69,137.7,98.7,469.4,98.71,335.4
1700000049.5,99,98.64,0.060000000000002274,98.61,237.1,98.67,2556.9,7395.6,5619.200000000001,98.67,247.6,BUY,1,98.61,237.1,98.6,1546.2,98.59,264.8,98.58,2269.9,98.57,3077.6,98.67,2556.9,98.68,109.5,98.69,1151.6,98.7,482.3,98.71,1318.9
1700000050.0,100,98.63,0.060000000000002274,98.6,472.7,98.66,421.9,4170.2,5277.1,98.66,10.5,BUY,3,98.6,472.7,98.59,991.7,98.58,1470.0,98.57,1224.4,98.56,11.4,98.66,421.9,98.67,689.5,98.68,2083.9,98.69,1765.4,98.7,316.4
1700000050.5,101,98.63,0.060000000000002274,98.6,73.4,98.66,123.7,11209.1,6842.3,98.6,5.0,SELL,3,98.6,73.4,98.59,1426.1,98.58,491.9,98.57,2368.1,98.56,6849.6,98.66,123.7,98.67,3674.9,98.68,1347.6,98.69,853.6,98.7,842.5
1700000051.0,102,98.64,0.060000000000002274,98.61,1866.0,98.67,166.3,6424.900000000001,4683.1,98.61,45.2,SELL,2,98.61,1866.0,98.6,2144.5,98.59,252.6,98.58,1612.1,98.57,549.7,98.67,166.3,98.68,563.4,98.69,787.3,98.7,2580.8,98.71,585.3
1700000051.5,103,98.64,0.060000000000002274,98.61,1781.9,98.67,226.6,5498.4,4911.200000000001,98.67,5.0,BUY,2,98.61,1781.9,98.6,124.2,98.59,25.8,98.58,1283.3,98.57,2283.2,98.67,226.6,98.68,489.6,98.69,1190.4,98.7,2920.8,98.71,83.8
1700000052.0,104,98.64,0.060000000000002274,98.61,528.2,98.67,971.4,2855.5,4810.5,98.61,13.8,SELL,4,98.61,528.2,98.6,18.4,98.59,790.1,98.58,303.8,98.57,1215.0,98.67,971.4,98.68,638.4,98.69,818.3,98.7,1276.7,98.71,1105.7
1700000052.5,105,98.65,0.060000000000002274,98.62,154.3,98.68,891.9,5725.0,10259.999999999998,98.65,0.0,BUY,0,98.62,154.3,98.61,925.8,98.6,3900.9,98.59,428.5,98.58,315.5,98.68,891.9,98.69,79.3,98.7,5952.4,98.71,1700.6,98.72,1635.8
1700000053.0,106,98.66,0.04000000000000625,98.64,524.9,98.68,81.0,4601.5,2120.0,98.64,144.1,SELL,4,98.64,524.9,98.63,1028.5,98.62,2302.0,98.61,351.2,98.6,394.9,98.68,81.0,98.69,209.1,98.7,494.5,98.71,750.1,98.72,585.3
1700000053.5,107,98.67,0.060000000000002274,98.64,51.0,98.7,89.2,1383.7,4082.8,98.7,18.3,BUY,4,98.64,51.0,98.63,343.0,98.62,446.7,98.61,107.7,98.6,435.3,98.7,89.2,98.71,1302.7,98.72,929.7,98.73,1337.6,98.74,423.6
1700000054.0,108,98.685,0.04999999999999716,98.66,1315.2,98.71,66.7,6863.900000000001,1925.1,98.66,18.0,SELL,1,98.66,1315.2,98.65,1189.8,98.64,524.1,98.63,2925.5,98.62,909.3,98.71,66.7,98.72,940.4,98.73,321.2,98.74,39.3,98.75,557.5
1700000054.5,109,98.69,0.060000000000002274,98.66,711.7,98.72,988.0,3350.5,6992.2,98.66,5.0,SELL,1,98.66,711.7,98.65,362.4,98.64,289.9,98.63,29.3,98.62,1957.2,98.72,988.0,98.73,842.5,98.74,1513.7,98.75,351.2,98.76,3296.8
1700000055.0,110,98.685,0.04999999999999716,98.66,85.5,98.71,873.1,4350.8,2451.2000000000003,98.685,0.0,BUY,0,98.66,85.5,98.65,586.1,98.64,2019.7,98.63,946.9,98.62,712.6,98.71,873.1,98.72,447.3,98.73,485.0,98.74,145.4,98.75,500.4
1700000055.5,111,98.685,0.04999999999999716,98.66,10.0,98.71,976.0,7025.299999999999,5306.6,98.71,106.8,BUY,1,98.66,10.0,98.65,346.9,98.64,705.6,98.63,1260.6,98.62,4702.2,98.71,976.0,98.72,455.3,98.73,1786.5,98.74,1625.0,98.75,463.8
1700000056.0,112,98.685,0.04999999999999716,98.66,649.7,98.71,603.5,1661.1000000000001,3153.4,98.66,7.4,SELL,1,98.66,649.7,98.65,10.0,98.64,183.2,98.63,18.6,98.62,799.6,98.71,603.5,98.72,666.0,98.73,227.4,98.74,472.7,98.75,1183.8
1700000056.5,113,98.68,0.04000000000000625,98.66,701.5,98.7,537.6,3267.8,1761.1,98.7,27.1,BUY,3,98.66,701.5,98.65,248.2,98.64,38.9,98.63,901.8,98.62,1377.4,98.7,537.6,98.71,1022.0,98.72,88.4,98.73,54.8,98.74,58.3
1700000057.0,114,98.685,0.04999999999999716,98.66,2475.2,98.71,394.1,3605.8,2570.0000000000005,98.71,5.0,BUY,1,98.66,2475.2,98.65,602.9,98.64,169.9,98.63,12.8,98.62,345.0,98.71,394.1,98.72,413.1,98.73,1248.7,98.74,243.8,98.75,270.3
1700000057.5,115,98.685,0.04999999999999716,98.66,489.4,98.71,636.0,8045.7,5757.099999999999,98.66,5.0,SELL,4,98.66,489.4,98.65,1682.7,98.64,1206.8,98.63,2266.8,98.62,2400.0,98.71,636.0,98.72,1443.1,98.73,726.6,98.74,2467.5,98.75,483.9
1700000058.0,116,98.685,0.04999999999999716,98.66,203.8,98.71,320.9,4705.5,3207.0,98.66,7.1,SELL,2,98.66,203.8,98.65,213.7,98.64,934.6,98.63,2182.1,98.62,1171.3,98.71,320.9,98.72,608.7,98.73,395.7,98.74,571.0,98.75,1310.7
1700000058.5,117,98.69,0.060000000000002274,98.66,596.5,98.72,190.3,3052.9,7082.4,98.72,5.0,BUY,3,98.66,596.5,98.65,644.8,98.64,428.0,98.63,159.7,98.62,1223.9,98.72,190.3,98.73,1970.6,98.74,2104.2,98.75,2108.9,98.76,708.4
1700000059.0,118,98.685,0.04999999999999716,98.66,84.0,98.71,1023.7,3616.2000000000003,4070.9,98.66,38.4,SELL,1,98.66,84.0,98.65,140.9,98.64,1856.9,98.63,1271.1,98.62,263.3,98.71,1023.7,98.72,451.9,98.73,672.4,98.74,521.8,98.75,1401.1
1700000059.5,119,98.67,0.060000000000002274,98.64,398.9,98.7,2113.4,7327.200000000001,6611.500000000001,98.64,25.0,SELL,4,98.64,398.9,98.63,1679.6,98.62,1359.4,98.61,1224.9,98.6,2664.4,98.7,2113.4,98.71,1569.2,98.72,2165.3,98.73,713.3,98.74,50.3
1700000060.0,120,98.67,0.060000000000002274,98.64,879.9,98.7,153.3,4974.5,1562.6,98.7,5.0,BUY,1,98.64,879.9,98.63,1308.6,98.62,892.1,98.61,679.7,98.6,1214.2,98.7,153.3,98.71,609.7,98.72,537.9,98.73,228.1,98.74,33.6
1700000060.5,121,98.67,0.060000000000002274,98.64,141.9,98.7,1158.0,907.5,6525.299999999999,98.7,5.0,BUY,2,98.64,141.9,98.63,58.9,98.62,477.7,98.61,129.5,98.6,99.5,98.7,1158.0,98.71,1809.7,98.72,427.8,98.73,88.6,98.74,3041.2
1700000061.0,122,98.685,0.04999999999999716,98.66,390.3,98.71,1829.3,1341.3,3534.7999999999997,98.66,65.8,SELL,2,98.66,390.3,98.65,470.7,98.64,84.8,98.63,367.5,98.62,28.0,98.71,1829.3,98.72,245.3,98.73,178.6,98.74,305.7,98.75,975.9
1700000061.5,123,93.66,0.04000000000000625,93.64,513.2,93.68,2169.4,6380.8,5295.200000000001,93.64,66.5,SELL,1,93.64,513.2,93.63,946.1,93.62,1886.1,93.61,2128.2,93.6,907.2,93.68,2169.4,93.69,2078.7,93.7,382.5,93.71,654.6,93.72,10.0
1700000062.0,124,93.66,0.060000000000002274,93.63,1531.9,93.69,313.1,3752.9,4996.0,93.69,35.7,BUY,1,93.63,1531.9,93.62,181.1,93.61,510.3,93.6,1519.6,93.59,10.0,93.69,313.1,93.7,280.1,93.71,2547.0,93.72,1665.8,93.73,190.0
1700000062.5,125,93.66,0.060000000000002274,93.63,669.6,93.69,347.6,3811.2999999999997,4877.700000000001,93.69,22.6,BUY,3,93.63,669.6,93.62,615.0,93.61,494.6,93.6,933.6,93.59,1098.5,93.69,347.6,93.7,788.2,93.71,2916.9,93.72,49.0,93.73,776.0
1700000063.0,126,93.65,0.060000000000002274,93.62,595.8,93.68,454.0,11012.8,6619.7,93.62,19.4,SELL,3,93.62,595.8,93.61,928.9,93.6,1146.1,93.59,3794.1,93.58,4547.9,93.68,454.0,93.69,188.3,93.7,1126.7,93.71,4835.8,93.72,14.9
1700000063.5,127,93.65,0.04000000000000625,93.63,109.6,93.67,1451.4,9075.6,4223.9,93.67,39.4,BUY,1,93.63,109.6,93.62,3062.4,93.61,4711.1,93.6,126.6,93.59,1065.9,93.67,1451.4,93.68,995.8,93.69,861.8,93.7,350.5,93.71,564.4
1700000064.0,128,93.65,0.060000000000002274,93.62,164.5,93.68,15.6,5849.3,1498.3999999999999,93.68,6.9,BUY,2,93.62,164.5,93.61,2941.9,93.6,262.4,93.59,2092.5,93.58,388.0,93.68,15.6,93.69,49.6,93.7,251.8,93.71,887.1,93.72,294.3
1700000064.5,129,93.64,0.060000000000002274,93.61,705.8,93.67,1953.6,3496.7999999999997,5332.299999999999,93.64,0.0,BUY,0,93.61,705.8,93.6,734.4,93.59,198.0,93.58,241.8,93.57,1616.8,93.67,1953.6,93.68,148.9,93.69,1784.2,93.7,1419.7,93.71,25.9
1700000065.0,130,93.64,0.060000000000002274,93.61,76.4,93.67,1454.6,7987.5,4192.3,93.61,118.4,SELL,2,93.61,76.4,93.6,612.8,93.59,651.5,93.58,1647.1,93.57,4999.7,93.67,1454.6,93.68,61.8,93.69,78.3,93.7,640.9,93.71,1956.7
1700000065.5,131,93.65,0.060000000000002274,93.62,1126.3,93.68,295.1,7451.9,3049.1000000000004,93.68,5.0,BUY,3,93.62,1126.3,93.61,119.4,93.6,2792.4,93.59,1501.9,93.58,1911.9,93.68,295.1,93.69,413.5,93.7,93.5,93.71,1171.8,93.72,1075.2
1700000066.0,132,93.64,0.03999999999999204,93.62,400.2,93.66,56.8,12324.7,4268.6,93.62,29.0,SELL,2,93.62,400.2,93.61,2129.9,93.6,4484.8,93.59,1500.7,93.58,3809.1,93.66,56.8,93.67,2073.9,93.68,910.5,93.69,820.4,93.7,407.0
1700000066.5,133,93.64,0.060000000000002274,93.61,1287.6,93.67,824.5,4802.299999999999,4538.4,93.67,192.1,BUY,4,93.61,1287.6,93.6,325.5,93.59,1178.9,93.58,361.2,93.57,1649.1,93.67,824.5,93.68,1454.9,93.69,469.6,93.7,1448.9,93.71,340.5
1700000067.0,134,93.63,0.060000000000002274,93.6,1021.8,93.66,822.1,4901.4,4072.6000000000004,93.6,30.4,SELL,1,93.6,1021.8,93.59,11.9,93.58,1194.2,93.57,606.9,93.56,2066.6,93.66,822.1,93.67,473.4,93.68,603.9,93.69,1428.9,93.7,744.3
1700000067.5,135,93.63,0.060000000000002274,93.6,1814.7,93.66,395.8,7965.5,4347.299999999999,93.6,173.0,SELL,4,93.6,1814.7,93.59,1381.1,93.58,1254.2,93.57,1396.0,93.56,2119.5,93.66,395.8,93.67,814.2,93.68,1202.6,93.69,706.8,93.7,1227.9
1700000068.0,136,93.63,0.060000000000002274,93.6,1693.4,93.66,39.0,4880.5,6123.400000000001,93.66,13.3,BUY,1,93.6,1693.4,93.59,1469.2,93.58,176.6,93.57,1471.9,93.56,69.4,93.66,39.0,93.67,414.5,93.68,3927.3,93.69,1461.4,93.7,281.2
1700000068.5,137,93.64,0.060000000000002274,93.61,598.2,93.67,90.0,3406.6000000000004,3366.1000000000004,93.67,6.7,BUY,2,93.61,598.2,93.6,1105.4,93.59,455.0,93.58,249.5,93.57,998.5,93.67,90.0,93.68,20.9,93.69,1026.8,93.7,76.5,93.71,2151.9
1700000069.0,138,93.63,0.060000000000002274,93.6,209.5,93.66,576.3,7911.499999999999,5035.2,93.6,119.9,SELL,5,93.6,209.5,93.59,354.3,93.58,495.4,93.57,3061.6,93.56,3790.7,93.66,576.3,93.67,721.1,93.68,739.4,93.69,400.7,93.7,2597.7
1700000069.5,139,93.64,0.060000000000002274,93.61,966.4,93.67,426.2,2546.6,4131.9,93.61,86.8,SELL,1,93.61,966.4,93.6,1015.2,93.59,57.0,93.58,360.0,93.57,148.0,93.67,426.2,93.68,1687.9,93.69,840.9,93.7,1118.5,93.71,58.4
1700000070.0,140,93.64,0.060000000000002274,93.61,222.4,93.67,953.7,3330.0,3520.2000000000003,93.61,102.6,SELL,1,93.61,222.4,93.6,755.3,93.59,459.5,93.58,1328.3,93.57,564.5,93.67,953.7,93.68,559.1,93.69,295.3,93.7,1695.3,93.71,16.8
1700000070.5,141,93.64,0.03999999999999204,93.62,175.6,93.66,1055.4,5915.299999999999,7048.5,93.62,10.6,SELL,4,93.62,175.6,93.61,473.6,93.6,1572.2,93.59,1078.8,93.58,2615.1,93.66,1055.4,93.67,410.9,93.68,1653.2,93.69,2358.6,93.7,1570.4
1700000071.0,142,93.65,0.060000000000002274,93.62,234.7,93.68,262.9,4288.4,10157.8,93.62,8.3,SELL,1,93.62,234.7,93.61,360.2,93.6,1716.6,93.59,42.7,93.58,1934.2,93.68,262.9,93.69,1156.2,93.7,112.7,93.71,248.2,93.72,8377.8
1700000071.5,143,93.64,0.060000000000002274,93.61,201.8,93.67,109.0,2038.6,3041.1,93.67,5.0,BUY,3,93.61,201.8,93.6,331.9,93.59,540.7,93.58,867.1,93.57,97.1,93.67,109.0,93.68,1337.3,93.69,656.9,93.7,534.8,93.71,403.1
1700000072.0,144,93.64,0.060000000000002274,93.61,279.7,93.67,1096.1,2933.1,1849.9999999999998,93.61,16.3,SELL,1,93.61,279.7,93.6,124.8,93.59,216.8,93.58,916.9,93.57,1394.9,93.67,1096.1,93.68,365.6,93.69,170.1,93.7,201.8,93.71,16.4
1700000072.5,145,93.64,0.060000000000002274,93.61,294.6,93.67,1624.2,3590.1000000000004,5420.800000000001,93.61,37.8,SELL,1,93.61,294.6,93.6,1327.3,93.59,445.4,93.58,1354.5,93.57,168.3,93.67,1624.2,93.68,880.3,93.69,140.3,93.7,2215.4,93.71,560.6
1700000073.0,146,93.64,0.03999999999999204,93.62,583.4,93.66,792.1,8610.5,5317.400000000001,93.64,0.0,BUY,0,93.62,583.4,93.61,352.4,93.6,625.9,93.59,1379.3,93.58,5669.5,93.66,792.1,93.67,175.3,93.68,2361.7,93.69,1096.2,93.7,892.1
1700000073.5,147,93.63,0.060000000000002274,93.6,926.9,93.66,496.5,2933.7000000000003,1726.1999999999998,93.66,43.2,BUY,1,93.6,926.9,93.59,108.7,93.58,339.4,93.57,1405.9,93.56,152.8,93.66,496.5,93.67,650.1,93.68,425.1,93.69,92.7,93.7,61.8
1700000074.0,148,93.64,0.060000000000002274,93.61,597.9,93.67,302.8,5005.799999999999,2854.0,93.67,13.5,BUY,2,93.61,597.9,93.6,484.4,93.59,3115.6,93.58,96.2,93.57,711.7,93.67,302.8,93.68,174.7,93.69,140.8,93.7,1272.7,93.71,963.0
1700000074.5,149,93.65,0.04000000000000625,93.63,248.5,93.67,543.7,4935.5,7680.200000000001,93.65,0.0,BUY,0,93.63,248.5,93.62,53.1,93.61,847.8,93.6,494.6,93.59,3291.5,93.67,543.7,93.68,1090.5,93.69,3620.0,93.7,1106.9,93.71,1319.1
1700000075.0,150,93.65,0.060000000000002274,93.62,511.5,93.68,61.2,2768.8999999999996,2636.8000000000006,93.62,83.5,SELL,1,93.62,511.5,93.61,287.5,93.6,273.1,93.59,1239.8,93.58,457.0,93.68,61.2,93.69,1119.0,93.7,1037.4,93.71,69.8,93.72,349.4
1700000075.5,151,93.65,0.060000000000002274,93.62,683.7,93.68,781.3,3499.8,4117.3,93.62,57.0,SELL,1,93.62,683.7,93.61,153.7,93.6,469.4,93.59,2183.0,93.58,10.0,93.68,781.3,93.69,2050.9,93.7,847.1,93.71,309.9,93.72,128.1
1700000076.0,152,93.66,0.060000000000002274,93.63,708.3,93.69,694.7,7051.099999999999,6147.0,93.63,5.0,SELL,5,93.63,708.3,93.62,1096.3,93.61,1356.5,93.6,3148.2,93.59,741.8,93.69,694.7,93.7,81.3,93.71,1128.2,93.72,829.7,93.73,3413.1
1700000076.5,153,93.66,0.060000000000002274,93.63,162.8,93.69,296.2,4257.0,3087.1,93.63,91.3,SELL,1,93.63,162.8,93.62,458.6,93.61,1375.4,93.6,1578.8,93.59,681.4,93.69,296.2,93.7,574.0,93.71,786.3,93.72,923.5,93.73,507.1
1700000077.0,154,93.67,0.060000000000002274,93.64,739.4,93.7,362.8,7001.700000000001,1327.1,93.64,44.3,SELL,1,93.64,739.4,93.63,1895.5,93.62,2780.4,93.61,414.6,93.6,1171.8,93.7,362.8,93.71,10.0,93.72,510.0,93.73,111.0,93.74,333.3
1700000077.5,155,93.67,0.060000000000002274,93.64,989.5,93.7,835.2,4374.9,6547.599999999999,93.67,0.0,BUY,0,93.64,989.5,93.63,10.0,93.62,227.0,93.61,2116.9,93.6,1031.5,93.7,835.2,93.71,369.6,93.72,60.1,93.73,3762.5,93.74,1520.2
1700000078.0,156,93.67,0.060000000000002274,93.64,687.8,93.7,73.5,5205.0,8245.3,93.64,15.9,SELL,3,93.64,687.8,93.63,1058.7,93.62,1849.8,93.61,944.5,93.6,664.2,93.7,73.5,93.71,373.0,93.72,218.9,93.73,4793.7,93.74,2786.2
1700000078.5,157,93.67,0.060000000000002274,93.64,2095.4,93.7,1665.6,3624.4000000000005,4297.7,93.67,0.0,BUY,0,93.64,2095.4,93.63,827.0,93.62,324.8,93.61,115.8,93.6,261.4,93.7,1665.6,93.71,741.0,93.72,60.0,93.73,907.6,93.74,923.5
1700000079.0,158,93.67,0.060000000000002274,93.64,1204.4,93.7,634.0,3230.9,2410.3999999999996,93.7,6.5,BUY,2,93.64,1204.4,93.63,727.3,93.62,178.2,93.61,407.0,93.6,714.0,93.7,634.0,93.71,320.8,93.72,569.3,93.73,534.8,93.74,351.5
1700000079.5,159,93.67,0.060000000000002274,93.64,222.4,93.7,293.2,5780.5,3383.7,93.64,5.6,SELL,1,93.64,222.4,93.63,570.8,93.62,4211.2,93.61,746.1,93.6,30.0,93.7,293.2,93.71,720.2,93.72,1462.8,93.73,413.3,93.74,494.2
1700000080.0,160,93.67,0.060000000000002274,93.64,51.3,93.7,1453.7,9157.9,5721.0,93.67,0.0,BUY,0,93.64,51.3,93.63,401.9,93.62,2726.2,93.61,2504.2,93.6,3474.3,93.7,1453.7,93.71,971.1,93.72,866.1,93.73,1450.9,93.74,979.2
1700000080.5,161,93.67,0.060000000000002274,93.64,162.9,93.7,196.2,3352.6,6447.0,93.64,5.0,SELL,1,93.64,162.9,93.63,345.2,93.62,173.4,93.61,702.8,93.6,1968.3,93.7,196.2,93.71,2042.9,93.72,2213.5,93.73,1220.5,93.74,773.9
1700000081.0,162,93.68,0.05999999999998806,93.65,1596.9,93.71,261.3,3402.6000000000004,8446.599999999999,93.71,38.3,BUY,1,93.65,1596.9,93.64,440.5,93.63,199.8,93.62,607.5,93.61,557.9,93.71,261.3,93.72,538.5,93.73,328.4,93.74,2292.2,93.75,5026.2
1700000081.5,163,93.685,0.04999999999999716,93.66,106.0,93.71,435.6,2840.6,7970.199999999999,93.66,20.2,SELL,1,93.66,106.0,93.65,446.4,93.64,481.9,93.63,539.7,93.62,1266.6,93.71,435.6,93.72,428.6,93.73,3911.5,93.74,1288.1,93.75,1906.4
1700000082.0,164,93.68,0.05999999999998806,93.65,452.0,93.71,216.4,4683.0,1749.3999999999999,93.71,13.2,BUY,2,93.65,452.0,93.64,503.3,93.63,328.0,93.62,948.1,93.61,2451.6,93.71,216.4,93.72,22.7,93.73,102.5,93.74,1048.0,93.75,359.8
1700000082.5,165,93.685,0.04999999999999716,93.66,692.5,93.71,998.8,4487.2,5434.199999999999,93.71,23.8,BUY,2,93.66,692.5,93.65,1582.2,93.64,1212.3,93.63,813.0,93.62,187.2,93.71,998.8,93.72,2112.6,93.73,1381.7,93.74,605.9,93.75,335.2
1700000083.0,166,93.685,0.04999999999999716,93.66,148.2,93.71,90.5,5100.7,8442.599999999999,93.71,10.0,BUY,1,93.66,148.2,93.65,22.5,93.64,1295.5,93.63,763.3,93.62,2871.2,93.71,90.5,93.72,553.8,93.73,3303.6,93.74,1600.9,93.75,2893.8
1700000083.5,167,93.68,0.04000000000000625,93.66,319.1,93.7,280.5,1682.5,6735.1,93.68,0.0,BUY,0,93.66,319.1,93.65,161.1,93.64,234.1,93.63,893.1,93.62,75.1,93.7,280.5,93.71,241.9,93.72,33.7,93.73,2290.7,93.74,3888.3
1700000084.0,168,93.68,0.05999999999998806,93.65,110.0,93.71,334.8,4268.2,4634.4,93.65,29.6,SELL,4,93.65,110.0,93.64,818.0,93.63,219.7,93.62,29.5,93.61,3091.0,93.71,334.8,93.72,173.1,93.73,376.4,93.74,2779.4,93.75,970.7
1700000084.5,169,93.69,0.060000000000002274,93.66,2104.3,93.72,204.4,5252.2,5683.299999999999,93.69,0.0,BUY,0,93.66,2104.3,93.65,128.4,93.64,468.4,93.63,1681.7,93.62,869.4,93.72,204.4,93.73,533.7,93.74,80.0,93.75,1718.6,93.76,3146.6
1700000085.0,170,93.69,0.060000000000002274,93.66,479.1,93.72,397.2,4016.2999999999997,2498.6,93.69,0.0,BUY,0,93.66,479.1,93.65,66.5,93.64,589.5,93.63,1597.3,93.62,1283.9,93.72,397.2,93.73,68.2,93.74,378.7,93.75,1130.3,93.76,524.2
1700000085.5,171,93.69,0.060000000000002274,93.66,629.8,93.72,29.3,2256.0,2241.7,93.66,22.4,SELL,1,93.66,629.8,93.65,503.6,93.64,395.8,93.63,44.1,93.62,682.7,93.72,29.3,93.73,122.3,93.74,810.5,93.75,865.0,93.76,414.6
1700000086.0,172,93.69,0.060000000000002274,93.66,1169.8,93.72,301.0,6335.7,2486.5,93.66,7.9,SELL,2,93.66,1169.8,93.65,252.9,93.64,1308.1,93.63,2598.1,93.62,1006.8,93.72,301.0,93.73,1506.8,93.74,312.0,93.75,273.0,93.76,93.7
1700000086.5,173,93.69,0.060000000000002274,93.66,416.2,93.72,966.4,5580.9,6937.900000000001,93.66,42.4,SELL,2,93.66,416.2,93.65,623.3,93.64,922.9,93.63,1128.4,93.62,2490.1,93.72,966.4,93.73,532.3,93.74,423.9,93.75,4397.1,93.76,618.2
1700000087.0,174,93.69,0.03999999999999204,93.67,427.1,93.71,210.5,5454.099999999999,10965.9,93.67,56.1,SELL,5,93.67,427.1,93.66,2604.2,93.65,25.6,93.64,428.0,93.63,1969.2,93.71,210.5,93.72,756.2,93.73,825.8,93.74,2830.0,93.75,6343.4
1700000087.5,175,93.7,0.060000000000002274,93.67,1294.0,93.73,330.8,5507.5,3769.1000000000004,93.67,40.9,SELL,1,93.67,1294.0,93.66,470.0,93.65,839.1,93.64,2822.6,93.63,81.8,93.73,330.8,93.74,72.6,93.75,1314.4,93.76,2016.9,93.77,34.4
1700000088.0,176,93.7,0.060000000000002274,93.67,23.9,93.73,347.9,6815.1,9024.2,93.73,7.6,BUY,2,93.67,23.9,93.66,1008.9,93.65,254.2,93.64,2866.8,93.63,2661.3,93.73,347.9,93.74,2074.8,93.75,686.0,93.76,91.2,93.77,5824.3
1700000088.5,177,93.7,0.060000000000002274,93.67,242.2,93.73,569.2,6866.5,3351.8,93.73,21.1,BUY,3,93.67,242.2,93.66,1499.8,93.65,470.6,93.64,1758.6,93.63,2895.3,93.73,569.2,93.74,1756.1,93.75,93.8,93.76,465.6,93.77,467.1
1700000089.0,178,93.69,0.03999999999999204,93.67,351.7,93.71,68.6,4588.8,5041.799999999999,93.67,19.2,SELL,1,93.67,351.7,93.66,226.1,93.65,3482.3,93.64,22.2,93.63,506.5,93.71,68.6,93.72,1107.0,93.73,613.2,93.74,75.8,93.75,3177.2
1700000089.5,179,93.69,0.060000000000002274,93.66,263.7,93.72,1277.3,3859.8,5927.8,93.72,49.3,BUY,1,93.66,263.7,93.65,1111.4,93.64,10.0,93.63,1566.9,93.62,907.8,93.72,1277.3,93.73,1076.9,93.74,1263.9,93.75,1357.5,93.76,952.2
1700000090.0,180,93.69,0.060000000000002274,93.66,802.8,93.72,190.7,8322.3,3881.0,93.69,0.0,BUY,0,93.66,802.8,93.65,304.2,93.64,2986.7,93.63,1904.2,93.62,2324.4,93.72,190.7,93.73,822.9,93.74,958.6,93.75,1331.6,93.76,577.2
1700000090.5,181,93.685,0.04999999999999716,93.66,2244.4,93.71,356.2,5134.0,2387.5,93.71,21.4,BUY,2,93.66,2244.4,93.65,559.1,93.64,1043.5,93.63,799.8,93.62,487.2,93.71,356.2,93.72,678.3,93.73,1007.4,93.74,25.9,93.75,319.7
1700000091.0,182,93.67,0.060000000000002274,93.64,1376.2,93.7,361.7,6311.6,5075.400000000001,93.67,0.0,BUY,0,93.64,1376.2,93.63,1985.6,93.62,521.6,93.61,1950.4,93.6,477.8,93.7,361.7,93.71,1426.5,93.72,321.1,93.73,2868.4,93.74,97.7
1700000091.5,183,93.685,0.04999999999999716,93.66,157.1,93.71,839.0,3287.0,2830.3999999999996,93.71,57.5,BUY,1,93.66,157.1,93.65,76.3,93.64,191.5,93.63,345.9,93.62,2516.2,93.71,839.0,93.72,835.2,93.73,249.0,93.74,261.5,93.75,645.7
1700000092.0,184,93.67,0.03999999999999204,93.65,834.5,93.69,1869.1,7383.099999999999,6176.8,93.67,0.0,BUY,0,93.65,834.5,93.64,3117.1,93.63,2390.2,93.62,718.0,93.61,323.3,93.69,1869.1,93.7,1476.9,93.71,1015.6,93.72,83.7,93.73,1731.5
1700000092.5,185,93.68,0.05999999999998806,93.65,197.0,93.71,2022.8,5943.3,6512.200000000001,93.65,30.9,SELL,1,93.65,197.0,93.64,1400.2,93.63,3701.5,93.62,48.8,93.61,595.8,93.71,2022.8,93.72,812.3,93.73,1813.0,93.74,363.0,93.75,1501.1
1700000093.0,186,93.685,0.04999999999999716,93.66,105.7,93.71,39.0,1891.1,6539.4,93.66,59.2,SELL,2,93.66,105.7,93.65,228.3,93.64,323.0,93.63,1151.6,93.62,82.5,93.71,39.0,93.72,324.8,93.73,3750.5,93.74,638.7,93.75,1786.4
1700000093.5,187,93.68,0.04000000000000625,93.66,472.6,93.7,270.4,5055.599999999999,12260.6,93.66,5.0,SELL,1,93.66,472.6,93.65,531.5,93.64,2327.0,93.63,780.3,93.62,944.2,93.7,270.4,93.71,2323.9,93.72,1524.3,93.73,1952.7,93.74,6189.3
1700000094.0,188,93.67,0.060000000000002274,93.64,810.5,93.7,661.3,4148.2,6335.6,93.7,16.9,BUY,4,93.64,810.5,93.63,128.3,93.62,1157.1,93.61,1819.4,93.6,232.9,93.7,661.3,93.71,294.1,93.72,2574.5,93.73,846.2,93.74,1959.5
1700000094.5,189,93.67,0.03999999999999204,93.65,526.6,93.69,326.1,6774.9,2652.7999999999997,93.65,68.5,SELL,4,93.65,526.6,93.64,603.0,93.63,465.1,93.62,1430.2,93.61,3750.0,93.69,326.1,93.7,283.3,93.71,1007.6,93.72,551.1,93.73,484.7
1700000095.0,190,93.685,0.04999999999999716,93.66,211.2,93.71,102.1,4461.2,4674.5,93.71,24.6,BUY,2,93.66,211.2,93.65,769.1,93.64,759.2,93.63,1788.9,93.62,932.8,93.71,102.1,93.72,1104.2,93.73,1669.8,93.74,500.8,93.75,1297.6
1700000095.5,191,93.69,0.060000000000002274,93.66,1043.0,93.72,478.3,3959.0,5362.799999999999,93.66,66.2,SELL,4,93.66,1043.0,93.65,33.9,93.64,654.4,93.63,783.4,93.62,1444.3,93.72,478.3,93.73,89.2,93.74,1775.1,93.75,162.1,93.76,2858.1
1700000096.0,192,93.69,0.03999999999999204,93.67,748.5,93.71,698.7,3138.3999999999996,5159.8,93.71,82.7,BUY,3,93.67,748.5,93.66,47.6,93.65,492.8,93.64,1113.8,93.63,735.7,93.71,698.7,93.72,738.7,93.73,473.6,93.74,1109.8,93.75,2139.0
1700000096.5,193,93.685,0.04999999999999716,93.66,384.5,93.71,329.5,4518.9,4731.700000000001,93.71,5.0,BUY,1,93.66,384.5,93.65,1617.2,93.64,47.2,93.63,1100.1,93.62,1369.9,93.71,329.5,93.72,1932.8,93.73,115.3,93.74,428.2,93.75,1925.9
1700000097.0,194,93.685,0.04999999999999716,93.66,325.4,93.71,668.2,3576.1,1361.6,93.685,0.0,BUY,0,93.66,325.4,93.65,316.7,93.64,750.1,93.63,1344.3,93.62,839.6,93.71,668.2,93.72,30.5,93.73,518.3,93.74,110.0,93.75,34.6
1700000097.5,195,93.69,0.060000000000002274,93.66,1300.2,93.72,593.6,4040.0,6315.8,93.66,12.0,SELL,3,93.66,1300.2,93.65,914.6,93.64,444.7,93.63,373.5,93.62,1007.0,93.72,593.6,93.73,493.3,93.74,957.6,93.75,807.4,93.76,3463.9
1700000098.0,196,93.68,0.05999999999998806,93.65,61.9,93.71,129.8,1893.8999999999999,385.59999999999997,93.71,5.0,BUY,2,93.65,61.9,93.64,124.9,93.63,1346.6,93.62,138.8,93.61,221.7,93.71,129.8,93.72,58.7,93.73,92.5,93.74,10.9,93.75,93.7
1700000098.5,197,93.685,0.04999999999999716,93.66,1050.7,93.71,691.7,5373.4,1382.7,93.71,169.6,BUY,2,93.66,1050.7,93.65,1343.8,93.64,659.0,93.63,87.6,93.62,2232.3,93.71,691.7,93.72,128.8,93.73,106.5,93.74,399.9,93.75,55.8
1700000099.0,198,93.69,0.060000000000002274,93.66,1173.4,93.72,36.7,5965.299999999999,1653.3999999999999,93.72,5.0,BUY,5,93.66,1173.4,93.65,1215.3,93.64,115.0,93.63,2953.2,93.62,508.4,93.72,36.7,93.73,81.6,93.74,300.5,93.75,823.8,93.76,410.8
1700000099.5,199,93.69,0.060000000000002274,93.66,1554.2,93.72,10.0,4542.8,4266.599999999999,93.66,84.7,SELL,1,93.66,1554.2,93.65,108.3,93.64,456.0,93.63,1193.0,93.62,1231.3,93.72,10.0,93.73,378.1,93.74,464.7,93.75,1602.1,93.76,1811.7
1700000100.0,200,98.27000000000001,0.04000000000000625,98.25,133.4,98.29,692.1,5286.6,3469.4,98.29,22.0,BUY,2,98.25,133.4,98.24,1848.1,98.23,1833.5,98.22,1460.6,98.21,11.0,98.29,692.1,98.3,59.8,98.31,342.5,98.32,1963.4,98.33,411.6
1700000100.5,201,98.27,0.060000000000002274,98.24,440.9,98.3,232.7,1960.6,5278.099999999999,98.3,54.6,BUY,1,98.24,440.9,98.23,659.3,98.22,583.5,98.21,175.0,98.2,101.9,98.3,232.7,98.31,2223.6,98.32,727.0,98.33,2075.4,98.34,19.4
1700000101.0,202,98.27,0.060000000000002274,98.24,102.5,98.3,598.3,3290.6,4727.299999999999,98.3,59.6,BUY,1,98.24,102.5,98.23,274.6,98.22,1890.2,98.21,19.2,98.2,1004.1,98.3,598.3,98.31,132.5,98.32,1741.7,98.33,882.2,98.34,1372.6
1700000101.5,203,98.26,0.060000000000002274,98.23,75.1,98.29,577.0,5081.4,3557.4999999999995,98.23,30.9,SELL,2,98.23,75.1,98.22,113.4,98.21,1311.3,98.2,1586.3,98.19,1995.3,98.29,577.0,98.3,1132.7,98.31,185.1,98.32,1433.6,98.33,229.1
1700000102.0,204,98.26,0.060000000000002274,98.23,822.4,98.29,10.0,4194.4,4276.8,98.29,7.7,BUY,3,98.23,822.4,98.22,838.4,98.21,572.8,98.2,415.4,98.19,1545.4,98.29,10.0,98.3,369.1,98.31,2522.2,98.32,1132.7,98.33,242.8
1700000102.5,205,98.26,0.060000000000002274,98.23,838.5,98.29,17.3,6030.700000000001,8344.5,98.26,0.0,BUY,0,98.23,838.5,98.22,206.5,98.21,311.0,98.2,1220.3,98.19,3454.4,98.29,17.3,98.3,920.6,98.31,1747.8,98.32,3155.3,98.33,2503.5
1700000103.0,206,98.27,0.060000000000002274,98.24,341.5,98.3,1038.5,5447.4,4094.9000000000005,98.3,5.0,BUY,1,98.24,341.5,98.23,379.2,98.22,158.4,98.21,345.3,98.2,4223.0,98.3,1038.5,98.31,1032.4,98.32,1151.7,98.33,462.3,98.34,410.0
1700000103.5,207,98.27000000000001,0.04000000000000625,98.25,16.8,98.29,468.1,3220.2,2471.5,98.27000000000001,0.0,BUY,0,98.25,16.8,98.24,1110.6,98.23,591.3,98.22,820.2,98.21,681.3,98.29,468.1,98.3,255.6,98.31,92.3,98.32,1164.8,98.33,490.7
1700000104.0,208,98.27,0.060000000000002274,98.24,271.1,98.3,890.6,7704.8,6495.5,98.3,9.8,BUY,1,98.24,271.1,98.23,2460.9,98.22,356.5,98.21,366.0,98.2,4250.3,98.3,890.6,98.31,228.3,98.32,1871.9,98.33,1130.1,98.34,2374.6
1700000104.5,209,98.27,0.060000000000002274,98.24,1650.2,98.3,403.0,6453.7,3691.2999999999997,98.24,26.6,SELL,3,98.24,1650.2,98.23,808.8,98.22,2950.9,98.21,55.0,98.2,988.8,98.3,403.0,98.31,939.1,98.32,628.9,98.33,1330.1,98.34,390.2
1700000105.0,210,98.26,0.060000000000002274,98.23,632.3,98.29,18.9,9963.1,2786.6,98.29,22.3,BUY,2,98.23,632.3,98.22,5955.1,98.21,18.9,98.2,308.0,98.19,3048.8,98.29,18.9,98.3,228.5,98.31,775.4,98.32,73.6,98.33,1690.2
1700000105.5,211,98.26,0.060000000000002274,98.23,878.6,98.29,319.9,7052.7,3599.4,98.29,17.5,BUY,2,98.23,878.6,98.22,1176.3,98.21,2896.9,98.2,366.7,98.19,1734.2,98.29,319.9,98.3,604.0,98.31,1377.0,98.32,220.1,98.33,1078.4
1700000106.0,212,98.25,0.060000000000002274,98.22,73.5,98.28,1006.2,3592.8999999999996,4710.7,98.22,13.3,SELL,1,98.22,73.5,98.21,358.6,98.2,408.6,98.19,2302.2,98.18,450.0,98.28,1006.2,98.29,802.0,98.3,915.2,98.31,1560.4,98.32,426.9
1700000106.5,213,98.24,0.060000000000002274,98.21,950.0,98.27,182.3,7218.3,2870.9,98.21,5.0,SELL,1,98.21,950.0,98.2,46.4,98.19,961.9,98.18,5163.2,98.17,96.8,98.27,182.3,98.28,167.9,98.29,103.7,98.3,1452.1,98.31,964.9
1700000107.0,214,98.24,0.060000000000002274,98.21,1954.4,98.27,137.1,4104.5,8955.0,98.27,16.4,BUY,1,98.21,1954.4,98.2,537.6,98.19,860.0,98.18,110.7,98.17,641.8,98.27,137.1,98.28,303.3,98.29,2943.4,98.3,1352.5,98.31,4218.7
1700000107.5,215,98.25,0.060000000000002274,98.22,293.9,98.28,1025.2,4463.0,7179.900000000001,98.28,25.3,BUY,2,98.22,293.9,98.21,2997.4,98.2,201.8,98.19,340.5,98.18,629.4,98.28,1025.2,98.29,1168.0,98.3,3369.4,98.31,264.5,98.32,1352.8
1700000108.0,216,98.26,0.060000000000002274,98.23,705.9,98.29,366.8,3695.6000000000004,5969.3,98.26,0.0,BUY,0,98.23,705.9,98.22,699.5,98.21,188.9,98.2,618.4,98.19,1482.9,98.29,366.8,98.3,47.4,98.31,146.2,98.32,678.4,98.33,4730.5
1700000108.5,217,98.25,0.060000000000002274,98.22,1087.5,98.28,24.9,5192.4,2803.5,98.28,8.5,BUY,3,98.22,1087.5,98.21,31.8,98.2,1083.9,98.19,1320.5,98.18,1668.7,98.28,24.9,98.29,52.3,98.3,518.2,98.31,663.7,98.32,1544.4
1700000109.0,218,98.25,0.060000000000002274,98.22,284.8,98.28,209.2,6458.5,1365.8,98.28,69.4,BUY,1,98.22,284.8,98.21,2230.8,98.2,790.8,98.19,960.7,98.18,2191.4,98.28,209.2,98.29,21.4,98.3,724.1,98.31,191.0,98.32,220.1
1700000109.5,219,98.24,0.060000000000002274,98.21,1198.4,98.27,226.1,4406.900000000001,4649.8,98.21,10.0,SELL,1,98.21,1198.4,98.2,1505.3,98.19,829.9,98.18,771.5,98.17,101.8,98.27,226.1,98.28,416.4,98.29,37.9,98.3,2089.2,98.31,1880.2
1700000110.0,220,98.24,0.060000000000002274,98.21,2040.7,98.27,106.4,4490.8,2536.6000000000004,98.24,0.0,BUY,0,98.21,2040.7,98.2,1021.6,98.19,150.1,98.18,763.6,98.17,514.8,98.27,106.4,98.28,359.2,98.29,614.3,98.3,806.2,98.31,650.5
1700000110.5,221,98.23,0.060000000000002274,98.2,1632.8,98.26,111.6,5702.5,5344.9,98.26,59.9,BUY,3,98.2,1632.8,98.19,645.3,98.18,1407.4,98.17,1789.3,98.16,227.7,98.26,111.6,98.27,83.0,98.28,548.4,98.29,931.3,98.3,3670.6
1700000111.0,222,98.22999999999999,0.04000000000000625,98.21,1629.3,98.25,127.3,5717.2,5255.4,98.21,16.0,SELL,3,98.21,1629.3,98.2,255.7,98.19,1749.8,98.18,47.1,98.17,2035.3,98.25,127.3,98.26,1270.7,98.27,329.8,98.28,777.8,98.29,2749.8
1700000111.5,223,98.22,0.060000000000002274,98.19,1457.4,98.25,552.5,4820.8,4992.9,98.25,119.2,BUY,3,98.19,1457.4,98.18,883.1,98.17,1691.1,98.16,577.1,98.15,212.1,98.25,552.5,98.26,64.4,98.27,3838.7,98.28,350.2,98.29,187.1
1700000112.0,224,98.20500000000001,0.04999999999999716,98.18,753.2,98.23,335.6,4268.2,2219.9,98.18,42.3,SELL,2,98.18,753.2,98.17,895.1,98.16,1592.9,98.15,276.6,98.14,750.4,98.23,335.6,98.24,232.9,98.25,524.8,98.26,152.2,98.27,974.4
1700000112.5,225,98.2,0.060000000000002274,98.17,1339.1,98.23,1108.4,5372.299999999999,5007.6,98.23,5.7,BUY,3,98.17,1339.1,98.16,517.2,98.15,451.7,98.14,1246.7,98.13,1817.6,98.23,1108.4,98.24,875.3,98.25,873.4,98.26,288.1,98.27,1862.4
1700000113.0,226,98.19,0.060000000000002274,98.16,66.6,98.22,1927.9,4202.8,6861.4000000000015,98.22,62.0,BUY,2,98.16,66.6,98.15,376.8,98.14,272.1,98.13,661.0,98.12,2826.3,98.22,1927.9,98.23,2284.8,98.24,342.3,98.25,1766.4,98.26,540.0
1700000113.5,227,98.185,0.04999999999999716,98.16,265.4,98.21,609.5,5365.2,2218.8999999999996,98.16,28.7,SELL,1,98.16,265.4,98.15,365.7,98.14,1093.1,98.13,718.4,98.12,2922.6,98.21,609.5,98.22,571.2,98.23,398.3,98.24,622.7,98.25,17.2
1700000114.0,228,98.19,0.03999999999999204,98.17,253.5,98.21,186.0,6102.4,2835.2,98.21,5.0,BUY,2,98.17,253.5,98.16,2361.9,98.15,257.6,98.14,1399.9,98.13,1829.5,98.21,186.0,98.22,99.5,98.23,344.2,98.24,1095.2,98.25,1110.3
1700000114.5,229,98.2,0.060000000000002274,98.17,1170.5,98.23,257.1,3338.0,3139.4,98.23,48.6,BUY,3,98.17,1170.5,98.16,715.1,98.15,397.9,98.14,472.2,98.13,582.3,98.23,257.1,98.24,1092.1,98.25,891.8,98.26,636.9,98.27,261.5
1700000115.0,230,98.19,0.060000000000002274,98.16,913.2,98.22,1669.3,4663.6,6852.6,98.22,15.8,BUY,1,98.16,913.2,98.15,1442.4,98.14,554.1,98.13,185.0,98.12,1568.9,98.22,1669.3,98.23,659.0,98.24,1002.9,98.25,1336.8,98.26,2184.6
1700000115.5,231,98.185,0.04999999999999716,98.16,393.1,98.21,610.3,7167.599999999999,5328.299999999999,98.21,27.1,BUY,5,98.16,393.1,98.15,1209.1,98.14,181.6,98.13,4803.6,98.12,580.2,98.21,610.3,98.22,1443.6,98.23,731.2,98.24,1028.9,98.25,1514.3
1700000116.0,232,98.185,0.04999999999999716,98.16,453.6,98.21,425.3,5511.9,3905.2,98.16,5.0,SELL,5,98.16,453.6,98.15,574.1,98.14,3000.5,98.13,379.8,98.12,1103.9,98.21,425.3,98.22,589.2,98.23,1887.8,98.24,10.6,98.25,992.3
1700000116.5,233,98.17,0.060000000000002274,98.14,1063.9,98.2,490.5,5741.1,2100.7999999999997,98.14,16.9,SELL,2,98.14,1063.9,98.13,377.0,98.12,2859.6,98.11,1243.0,98.1,197.6,98.2,490.5,98.21,595.1,98.22,45.8,98.23,500.8,98.24,468.6
1700000117.0,234,98.16,0.060000000000002274,98.13,380.0,98.19,1249.3,1899.5,7308.5,98.13,5.0,SELL,2,98.13,380.0,98.12,334.1,98.11,10.0,98.1,124.9,98.09,1050.5,98.19,1249.3,98.2,444.7,98.21,2202.4,98.22,175.9,98.23,3236.2
1700000117.5,235,98.16,0.060000000000002274,98.13,289.7,98.19,113.7,2382.6,3270.5,98.13,46.0,SELL,6,98.13,289.7,98.12,126.1,98.11,841.0,98.1,156.0,98.09,969.8,98.19,113.7,98.2,64.3,98.21,1157.9,98.22,1818.6,98.23,116.0
1700000118.0,236,98.17,0.060000000000002274,98.14,372.0,98.2,554.0,2931.9,3324.3,98.2,48.0,BUY,2,98.14,372.0,98.13,1143.7,98.12,1135.3,98.11,186.0,98.1,94.9,98.2,554.0,98.21,85.6,98.22,735.0,98.23,1804.7,98.24,145.0
1700000118.5,237,98.17,0.060000000000002274,98.14,696.6,98.2,1273.6,2444.4,3430.7,98.17,0.0,BUY,0,98.14,696.6,98.13,520.2,98.12,430.5,98.11,288.1,98.1,509.0,98.2,1273.6,98.21,193.4,98.22,470.9,98.23,419.1,98.24,1073.7
1700000119.0,238,98.17,0.060000000000002274,98.14,1772.0,98.2,352.3,11543.6,4182.200000000001,98.2,15.5,BUY,1,98.14,1772.0,98.13,1318.4,98.12,3925.7,98.11,464.9,98.1,4062.6,98.2,352.3,98.21,307.9,98.22,655.2,98.23,1506.2,98.24,1360.6
1700000119.5,239,98.17,0.060000000000002274,98.14,174.0,98.2,316.9,6179.7,2335.5000000000005,98.14,10.2,SELL,1,98.14,174.0,98.13,1972.0,98.12,85.7,98.11,581.3,98.1,3366.7,98.2,316.9,98.21,374.6,98.22,309.2,98.23,1212.4,98.24,122.4
1700000120.0,240,91.23,0.060000000000002274,91.2,323.6,91.26,277.1,2567.0,2714.9,91.26,62.0,BUY,3,91.2,323.6,91.19,35.3,91.18,450.1,91.17,799.0,91.16,959.0,91.26,277.1,91.27,291.3,91.28,850.2,91.29,884.9,91.3,411.4
1700000120.5,241,91.22999999999999,0.04000000000000625,91.21,657.2,91.25,134.8,4491.8,6626.6,91.25,13.2,BUY,3,91.21,657.2,91.2,214.0,91.19,444.3,91.18,1374.0,91.17,1802.3,91.25,134.8,91.26,1047.1,91.27,2691.3,91.28,1474.3,91.29,1279.1
1700000121.0,242,91.23,0.060000000000002274,91.2,128.4,91.26,146.3,2001.7,5052.4,91.2,5.0,SELL,2,91.2,128.4,91.19,703.1,91.18,281.0,91.17,650.5,91.16,238.7,91.26,146.3,91.27,379.5,91.28,1819.7,91.29,612.8,91.3,2094.1
1700000121.5,243,91.23,0.060000000000002274,91.2,447.2,91.26,690.5,4290.9,5458.700000000001,91.26,88.1,BUY,1,91.2,447.2,91.19,500.4,91.18,1977.5,91.17,374.4,91.16,991.4,91.26,690.5,91.27,656.7,91.28,1085.5,91.29,2124.4,91.3,901.6
1700000122.0,244,91.24,0.060000000000002274,91.21,331.2,91.27,1732.2,4634.8,3293.3,91.27,45.6,BUY,1,91.21,331.2,91.2,614.0,91.19,309.9,91.18,847.9,91.17,2531.8,91.27,1732.2,91.28,434.6,91.29,333.4,91.3,423.5,91.31,369.6
1700000122.5,245,91.25,0.060000000000002274,91.22,635.7,91.28,104.7,6274.6,4231.6,91.25,0.0,BUY,0,91.22,635.7,91.21,1031.2,91.2,2057.3,91.19,49.3,91.18,2501.1,91.28,104.7,91.29,1035.7,91.3,1631.4,91.31,466.7,91.32,993.1
1700000123.0,246,91.25,0.060000000000002274,91.22,127.3,91.28,76.9,7933.299999999999,3647.7000000000003,91.25,0.0,BUY,0,91.22,127.3,91.21,603.3,91.2,1587.4,91.19,3520.9,91.18,2094.4,91.28,76.9,91.29,1314.2,91.3,1154.3,91.31,654.2,91.32,448.1
1700000123.5,247,91.25,0.060000000000002274,91.22,3147.0,91.28,16.5,10992.900000000001,4360.5,91.22,26.2,SELL,2,91.22,3147.0,91.21,2331.6,91.2,762.9,91.19,4176.2,91.18,575.2,91.28,16.5,91.29,655.8,91.3,662.6,91.31,523.1,91.32,2502.5
1700000124.0,248,91.25,0.060000000000002274,91.22,157.6,91.28,1384.6,3567.3,4375.2,91.22,37.3,SELL,1,91.22,157.6,91.21,883.6,91.2,53.7,91.19,1661.2,91.18,811.2,91.28,1384.6,91.29,1445.3,91.3,90.2,91.31,234.9,91.32,1220.2
1700000124.5,249,91.25,0.060000000000002274,91.22,745.1,91.28,863.5,5192.099999999999,3070.1000000000004,91.28,36.9,BUY,1,91.22,745.1,91.21,559.6,91.2,2186.5,91.19,954.0,91.18,746.9,91.28,863.5,91.29,597.9,91.3,932.7,91.31,557.4,91.32,118.6
1700000125.0,250,91.24,0.060000000000002274,91.21,314.3,91.27,227.4,8733.1,1240.3,91.27,55.0,BUY,2,91.21,314.3,91.2,2418.8,91.19,763.4,91.18,2028.1,91.17,3208.5,91.27,227.4,91.28,36.6,91.29,92.7,91.3,51.9,91.31,831.7
1700000125.5,251,91.25,0.060000000000002274,91.22,75.6,91.28,464.5,2964.5,2967.8,91.22,35.5,SELL,2,91.22,75.6,91.21,1106.0,91.2,892.0,91.19,230.0,91.18,660.9,91.28,464.5,91.29,120.4,91.3,24.8,91.31,427.4,91.32,1930.7
1700000126.0,252,91.25,0.060000000000002274,91.22,443.5,91.28,189.0,5089.6,660.8,91.25,0.0,BUY,0,91.22,443.5,91.21,2158.4,91.2,182.7,91.19,1715.2,91.18,589.8,91.28,189.0,91.29,32.7,91.3,50.5,91.31,57.4,91.32,331.2
1700000126.5,253,91.25,0.060000000000002274,91.22,1342.1,91.28,50.7,6718.3,7008.7,91.28,14.0,BUY,2,91.22,1342.1,91.21,1900.6,91.2,164.8,91.19,993.1,91.18,2317.7,91.28,50.7,91.29,79.2,91.3,1091.5,91.31,734.8,91.32,5052.5
1700000127.0,254,91.25,0.060000000000002274,91.22,1009.6,91.28,454.9,4947.7,5839.1,91.28,78.0,BUY,3,91.22,1009.6,91.21,375.4,91.2,703.1,91.19,1007.3,91.18,1852.3,91.28,454.9,91.29,1064.3,91.3,1915.6,91.31,2089.2,91.32,315.1
1700000127.5,255,91.26,0.060000000000002274,91.23,134.2,91.29,917.3,4037.3999999999996,4480.2,91.29,9.3,BUY,1,91.23,134.2,91.22,290.8,91.21,141.2,91.2,2437.2,91.19,1034.0,91.29,917.3,91.3,1225.5,91.31,561.0,91.32,1387.2,91.33,389.2
1700000128.0,256,91.27000000000001,0.04000000000000625,91.25,210.4,91.29,10.0,5395.900000000001,3000.3,91.29,15.9,BUY,1,91.25,210.4,91.24,1771.2,91.23,33.4,91.22,2343.4,91.21,1037.5,91.29,10.0,91.3,804.4,91.31,764.5,91.32,277.4,91.33,1144.0
1700000128.5,257,91.26,0.060000000000002274,91.23,97.5,91.29,2367.3,1599.8,9794.7,91.26,0.0,BUY,0,91.23,97.5,91.22,26.6,91.21,179.2,91.2,519.4,91.19,777.1,91.29,2367.3,91.3,2070.0,91.31,2186.7,91.32,95.5,91.33,3075.2
1700000129.0,258,91.25,0.060000000000002274,91.22,1324.5,91.28,1696.2,6492.4,5840.799999999999,91.28,110.9,BUY,3,91.22,1324.5,91.21,2381.1,91.2,724.9,91.19,10.0,91.18,2051.9,91.28,1696.2,91.29,1732.2,91.3,1755.0,91.31,256.7,91.32,400.7
1700000129.5,259,91.25,0.060000000000002274,91.22,179.9,91.28,52.1,6110.6,3832.7,91.25,0.0,BUY,0,91.22,179.9,91.21,703.7,91.2,2600.9,91.19,2476.6,91.18,149.5,91.28,52.1,91.29,386.4,91.3,149.1,91.31,509.2,91.32,2735.9
1700000130.0,260,91.25,0.060000000000002274,91.22,227.4,91.28,725.0,2822.2000000000003,2198.0,91.28,103.0,BUY,3,91.22,227.4,91.21,838.8,91.2,289.1,91.19,369.0,91.18,1097.9,91.28,725.0,91.29,636.3,91.3,300.4,91.31,187.7,91.32,348.6
1700000130.5,261,91.25,0.060000000000002274,91.22,1146.9,91.28,478.0,4181.7,5152.2,91.25,0.0,BUY,0,91.22,1146.9,91.21,838.9,91.2,1133.7,91.19,643.1,91.18,419.1,91.28,478.0,91.29,736.5,91.3,2072.9,91.31,622.0,91.32,1242.8
1700000131.0,262,81.065,0.04999999999999716,81.04,215.4,81.09,1079.8,5462.1,4377.2,81.04,69.5,SELL,2,81.04,215.4,81.03,941.6,81.02,2818.9,81.01,524.9,81.0,961.3,81.09,1079.8,81.1,10.0,81.11,205.8,81.12,1670.6,81.13,1411.0
1700000131.5,263,81.07,0.05999999999998806,81.04,13.5,81.1,101.4,3881.4,6676.8,81.1,78.6,BUY,2,81.04,13.5,81.03,1790.0,81.02,611.0,81.01,505.3,81.0,961.6,81.1,101.4,81.11,876.3,81.12,3089.6,81.13,420.2,81.14,2189.3
1700000132.0,264,81.06,0.03999999999999204,81.04,135.4,81.08,1036.8,3194.0,3883.1,81.06,0.0,BUY,0,81.04,135.4,81.03,335.6,81.02,889.4,81.01,85.7,81.0,1747.9,81.08,1036.8,81.09,369.4,81.1,912.6,81.11,838.4,81.12,725.9
1700000132.5,265,81.06,0.060000000000002274,81.03,14.3,81.09,1186.8,5786.4,7753.9,81.03,62.8,SELL,4,81.03,14.3,81.02,541.0,81.01,286.3,81.0,2641.6,80.99,2303.2,81.09,1186.8,81.1,2463.2,81.11,1810.8,81.12,770.5,81.13,1522.6
1700000133.0,266,81.06,0.060000000000002274,81.03,604.1,81.09,971.4,3832.6000000000004,2425.2,81.03,5.0,SELL,1,81.03,604.1,81.02,807.5,81.01,324.4,81.0,602.3,80.99,1494.3,81.09,971.4,81.1,64.3,81.11,580.9,81.12,216.2,81.13,592.4
1700000133.5,267,81.06,0.060000000000002274,81.03,391.7,81.09,1795.5,3349.4000000000005,6392.4,81.03,5.0,SELL,1,81.03,391.7,81.02,1994.7,81.01,244.4,81.0,691.8,80.99,26.8,81.09,1795.5,81.1,1757.3,81.11,80.6,81.12,1020.4,81.13,1738.6
1700000134.0,268,81.06,0.060000000000002274,81.03,75.3,81.09,539.3,3909.2000000000003,4128.0,81.09,65.4,BUY,2,81.03,75.3,81.02,436.4,81.01,491.3,81.0,774.9,80.99,2131.3,81.09,539.3,81.1,351.1,81.11,569.5,81.12,1225.5,81.13,1442.6
1700000134.5,269,81.06,0.060000000000002274,81.03,475.6,81.09,565.2,3147.0,5384.4,81.09,56.6,BUY,2,81.03,475.6,81.02,151.8,81.01,1432.2,81.0,84.7,80.99,1002.7,81.09,565.2,81.1,374.7,81.11,839.0,81.12,1118.5,81.13,2487.0
1700000135.0,270,81.06,0.03999999999999204,81.04,628.9,81.08,689.6,2437.6,6172.3,81.04,9.9,SELL,1,81.04,628.9,81.03,715.5,81.02,244.9,81.01,817.2,81.0,31.1,81.08,689.6,81.09,680.8,81.1,648.5,81.11,163.5,81.12,3989.9
1700000135.5,271,81.06,0.060000000000002274,81.03,1463.1,81.09,1311.5,6530.999999999999,4050.2000000000003,81.09,65.1,BUY,2,81.03,1463.1,81.02,329.5,81.01,408.1,81.0,3391.6,80.99,938.7,81.09,1311.5,81.1,827.0,81.11,1543.4,81.12,213.3,81.13,155.0
1700000136.0,272,81.06,0.03999999999999204,81.04,243.5,81.08,704.3,2109.2,10868.7,81.08,5.0,BUY,1,81.04,243.5,81.03,591.5,81.02,366.5,81.01,839.7,81.0,68.0,81.08,704.3,81.09,1029.9,81.1,3439.1,81.11,183.7,81.12,5511.7
1700000136.5,273,81.06,0.03999999999999204,81.04,111.0,81.08,360.4,3412.0,3066.6,81.06,0.0,BUY,0,81.04,111.0,81.03,751.9,81.02,1231.0,81.01,603.6,81.0,714.5,81.08,360.4,81.09,240.2,81.1,824.6,81.11,1475.1,81.12,166.3
1700000137.0,274,81.06,0.03999999999999204,81.04,1411.6,81.08,614.3,5403.700000000001,2899.0,81.08,83.1,BUY,1,81.04,1411.6,81.03,1756.7,81.02,1041.4,81.01,455.6,81.0,738.4,81.08,614.3,81.09,341.7,81.1,10.0,81.11,381.0,81.12,1552.0
1700000137.5,275,81.06,0.060000000000002274,81.03,45.1,81.09,814.6,4393.9,7327.3,81.09,6.2,BUY,1,81.03,45.1,81.02,72.5,81.01,1438.9,81.0,2445.1,80.99,392.3,81.09,814.6,81.1,1742.6,81.11,398.6,81.12,1188.2,81.13,3183.3
1700000138.0,276,81.06,0.060000000000002274,81.03,285.7,81.09,315.5,2123.3,3151.3,81.09,12.1,BUY,4,81.03,285.7,81.02,265.2,81.01,562.0,81.0,778.9,80.99,231.5,81.09,315.5,81.1,51.2,81.11,1479.2,81.12,639.2,81.13,666.2
1700000138.5,277,81.06,0.060000000000002274,81.03,464.7,81.09,261.4,14773.400000000001,2627.7,81.03,9.4,SELL,1,81.03,464.7,81.02,784.5,81.01,1354.0,81.0,1179.5,80.99,10990.7,81.09,261.4,81.1,36.4,81.11,58.1,81.12,474.6,81.13,1797.2
1700000139.0,278,81.06,0.060000000000002274,81.03,301.4,81.09,985.7,1630.6,5010.9,81.06,0.0,BUY,0,81.03,301.4,81.02,201.4,81.01,191.4,81.0,730.6,80.99,205.8,81.09,985.7,81.1,197.1,81.11,718.7,81.12,1768.8,81.13,1340.6
1700000139.5,279,81.05,0.060000000000002274,81.02,382.1,81.08,74.8,2500.1,5089.200000000001,81.02,42.4,SELL,2,81.02,382.1,81.01,290.5,81.0,198.6,80.99,672.3,80.98,956.6,81.08,74.8,81.09,1627.7,81.1,298.1,81.11,168.3,81.12,2920.3
1700000140.0,280,81.04499999999999,0.04999999999999716,81.02,586.8,81.07,443.2,7485.0,3310.0999999999995,81.04499999999999,0.0,BUY,0,81.02,586.8,81.01,785.3,81.0,3264.7,80.99,100.8,80.98,2747.4,81.07,443.2,81.08,456.6,81.09,765.5,81.1,1174.1,81.11,470.7
1700000140.5,281,81.03999999999999,0.05999999999998806,81.01,215.2,81.07,387.0,5593.799999999999,5654.099999999999,81.07,5.0,BUY,2,81.01,215.2,81.0,952.9,80.99,2575.7,80.98,1412.5,80.97,437.5,81.07,387.0,81.08,1997.1,81.09,119.2,81.1,3011.4,81.11,139.4
1700000141.0,282,81.03,0.060000000000002274,81.0,10.6,81.06,70.6,3143.4,2888.3,81.03,0.0,BUY,0,81.0,10.6,80.99,171.6,80.98,116.1,80.97,577.3,80.96,2267.8,81.06,70.6,81.07,202.5,81.08,279.0,81.09,1318.9,81.1,1017.3
1700000141.5,283,81.03,0.060000000000002274,81.0,729.1,81.06,563.9,7543.300000000001,4364.3,81.06,11.4,BUY,6,81.0,729.1,80.99,3487.3,80.98,303.6,80.97,2372.5,80.96,650.8,81.06,563.9,81.07,136.4,81.08,2572.2,81.09,525.8,81.1,566.0
1700000142.0,284,81.02,0.060000000000002274,80.99,60.6,81.05,1100.5,3030.6,3509.8,81.05,13.9,BUY,2,80.99,60.6,80.98,173.7,80.97,705.4,80.96,240.1,80.95,1850.8,81.05,1100.5,81.06,888.5,81.07,143.3,81.08,16.0,81.09,1361.5
1700000142.5,285,81.02,0.060000000000002274,80.99,70.9,81.05,1114.3,2501.2000000000003,11382.8,81.05,5.0,BUY,6,80.99,70.9,80.98,1185.0,80.97,235.4,80.96,234.2,80.95,775.7,81.05,1114.3,81.06,1031.7,81.07,242.8,81.08,2581.1,81.09,6412.9
1700000143.0,286,81.02000000000001,0.04000000000000625,81.0,14.2,81.04,2496.9,3550.3999999999996,4387.8,81.0,5.0,SELL,2,81.0,14.2,80.99,214.2,80.98,2068.2,80.97,123.1,80.96,1130.7,81.04,2496.9,81.05,424.3,81.06,461.1,81.07,893.9,81.08,111.6
1700000143.5,287,81.02,0.060000000000002274,80.99,232.1,81.05,564.2,5689.299999999999,6059.400000000001,80.99,5.0,SELL,2,80.99,232.1,80.98,349.9,80.97,754.8,80.96,1283.4,80.95,3069.1,81.05,564.2,81.06,2825.1,81.07,2013.8,81.08,231.8,81.09,424.5
1700000144.0,288,81.00999999999999,0.04000000000000625,80.99,608.3,81.03,2276.0,4738.0,5448.5,80.99,5.0,SELL,2,80.99,608.3,80.98,263.0,80.97,241.5,80.96,1059.0,80.95,2566.2,81.03,2276.0,81.04,203.0,81.05,2265.2,81.06,137.8,81.07,566.5
1700000144.5,289,81.02000000000001,0.04000000000000625,81.0,1924.3,81.04,437.2,4959.700000000001,2248.8,81.0,26.8,SELL,2,81.0,1924.3,80.99,382.5,80.98,560.7,80.97,701.8,80.96,1390.4,81.04,437.2,81.05,455.3,81.06,22.8,81.07,272.8,81.08,1060.7
1700000145.0,290,81.01,0.060000000000002274,80.98,1187.0,81.04,1023.2,4227.700000000001,6801.0,81.01,0.0,BUY,0,80.98,1187.0,80.97,646.1,80.96,535.2,80.95,1316.8,80.94,542.6,81.04,1023.2,81.05,169.4,81.06,92.1,81.07,3076.9,81.08,2439.4
1700000145.5,291,81.01,0.060000000000002274,80.98,369.8,81.04,293.7,4578.7,8467.7,81.04,31.7,BUY,1,80.98,369.8,80.97,318.6,80.96,979.6,80.95,363.2,80.94,2547.5,81.04,293.7,81.05,448.0,81.06,1617.2,81.07,445.4,81.08,5663.4
1700000146.0,292,81.01,0.060000000000002274,80.98,521.4,81.04,1289.4,2972.1,10839.900000000001,80.98,10.6,SELL,1,80.98,521.4,80.97,10.0,80.96,78.0,80.95,586.8,80.94,1775.9,81.04,1289.4,81.05,5015.3,81.06,118.6,81.07,3416.0,81.08,1000.6
1700000146.5,293,81.00999999999999,0.04000000000000625,80.99,256.0,81.03,186.8,4772.3,5636.6,81.03,5.0,BUY,2,80.99,256.0,80.98,1239.7,80.97,1160.3,80.96,277.3,80.95,1839.0,81.03,186.8,81.04,69.6,81.05,349.1,81.06,1475.8,81.07,3555.3
1700000147.0,294,80.65,0.060000000000002274,80.62,2189.5,80.68,619.7,9259.0,2929.2999999999997,80.65,0.0,BUY,0,80.62,2189.5,80.61,905.2,80.6,1061.9,80.59,4782.9,80.58,319.5,80.68,619.7,80.69,276.9,80.7,1109.9,80.71,556.7,80.72,366.1
1700000147.5,295,80.64,0.060000000000002274,80.61,62.6,80.67,909.7,7410.099999999999,4529.8,80.61,20.6,SELL,4,80.61,62.6,80.6,46.8,80.59,4207.5,80.58,567.7,80.57,2525.5,80.67,909.7,80.68,251.1,80.69,1713.7,80.7,855.4,80.71,799.9
1700000148.0,296,80.64,0.03999999999999204,80.62,2497.5,80.66,648.4,6108.2,8200.8,80.62,29.7,SELL,2,80.62,2497.5,80.61,101.9,80.6,390.2,80.59,1519.8,80.58,1598.8,80.66,648.4,80.67,1441.2,80.68,1601.5,80.69,1864.4,80.7,2645.3
1700000148.5,297,80.64,0.060000000000002274,80.61,1884.1,80.67,153.1,5563.3,3060.8999999999996,80.67,7.2,BUY,2,80.61,1884.1,80.6,488.3,80.59,1516.1,80.58,544.0,80.57,1130.8,80.67,153.1,80.68,774.8,80.69,1162.8,80.7,119.0,80.71,851.2
1700000149.0,298,80.64,0.060000000000002274,80.61,1332.9,80.67,426.8,5354.9,3593.7,80.61,47.7,SELL,2,80.61,1332.9,80.6,1585.4,80.59,613.1,80.58,744.4,80.57,1079.1,80.67,426.8,80.68,436.9,80.69,66.5,80.7,2460.3,80.71,203.2
1700000149.5,299,80.64,0.060000000000002274,80.61,622.0,80.67,1058.5,6918.0,3178.9,80.67,21.9,BUY,1,80.61,622.0,80.6,2244.2,80.59,218.1,80.58,650.7,80.57,3183.0,80.67,1058.5,80.68,605.2,80.69,238.2,80.7,185.5,80.71,1091.5
1700000150.0,300,80.64,0.060000000000002274,80.61,298.0,80.67,382.2,10798.5,5942.7,80.67,76.6,BUY,2,80.61,298.0,80.6,770.8,80.59,4532.5,80.58,3493.8,80.57,1703.4,80.67,382.2,80.68,184.9,80.69,2858.5,80.7,207.6,80.71,2309.5
1700000150.5,301,80.64,0.060000000000002274,80.61,619.3,80.67,508.5,4099.0,2637.7000000000003,80.64,0.0,BUY,0,80.61,619.3,80.6,400.9,80.59,2386.8,80.58,78.9,80.57,613.1,80.67,508.5,80.68,98.1,80.69,341.4,80.7,1410.8,80.71,278.9
1700000151.0,302,80.64,0.060000000000002274,80.61,375.3,80.67,172.3,6317.8,5009.7,80.67,50.6,BUY,3,80.61,375.3,80.6,167.8,80.59,1018.7,80.58,10.0,80.57,4746.0,80.67,172.3,80.68,1558.2,80.69,2128.9,80.7,644.0,80.71,506.3
1700000151.5,303,80.64,0.060000000000002274,80.61,495.3,80.67,68.1,5269.5,7346.700000000001,80.61,36.3,SELL,2,80.61,495.3,80.6,2247.4,80.59,347.7,80.58,1457.4,80.57,721.7,80.67,68.1,80.68,1512.3,80.69,2518.4,80.7,1708.4,80.71,1539.5
1700000152.0,304,80.64,0.03999999999999204,80.62,825.8,80.66,167.8,6355.500000000001,6956.6,80.62,20.9,SELL,1,80.62,825.8,80.61,699.0,80.6,859.1,80.59,3515.3,80.58,456.3,80.66,167.8,80.67,1393.2,80.68,1980.3,80.69,2478.5,80.7,936.8
1700000152.5,305,80.65,0.04000000000000625,80.63,46.4,80.67,461.5,5699.0,3905.3999999999996,80.63,42.9,SELL,1,80.63,46.4,80.62,196.8,80.61,615.5,80.6,4244.1,80.59,596.2,80.67,461.5,80.68,903.4,80.69,1157.6,80.7,513.1,80.71,869.8
1700000153.0,306,80.65,0.060000000000002274,80.62,161.7,80.68,274.7,2502.0,2266.9,80.62,26.9,SELL,1,80.62,161.7,80.61,773.6,80.6,473.3,80.59,816.9,80.58,276.5,80.68,274.7,80.69,665.0,80.7,295.2,80.71,756.0,80.72,276.0
1700000153.5,307,80.65,0.060000000000002274,80.62,16.5,80.68,698.5,1889.8,3428.3999999999996,80.68,30.6,BUY,1,80.62,16.5,80.61,316.6,80.6,260.0,80.59,1110.4,80.58,186.3,80.68,698.5,80.69,812.3,80.7,1393.1,80.71,60.1,80.72,464.4
1700000154.0,308,80.65,0.060000000000002274,80.62,568.0,80.68,862.9,4536.6,6269.4,80.68,7.7,BUY,1,80.62,568.0,80.61,205.6,80.6,61.0,80.59,2226.6,80.58,1475.4,80.68,862.9,80.69,1679.6,80.7,1058.7,80.71,362.0,80.72,2306.2
1700000154.5,309,80.65,0.04000000000000625,80.63,60.9,80.67,436.5,3305.5,3979.8,80.65,0.0,BUY,0,80.63,60.9,80.62,1692.8,80.61,104.9,80.6,514.9,80.59,932.0,80.67,436.5,80.68,440.8,80.69,1217.0,80.7,983.1,80.71,902.4
1700000155.0,310,80.65,0.060000000000002274,80.62,280.7,80.68,542.7,2728.8999999999996,8165.5,80.62,40.0,SELL,1,80.62,280.7,80.61,1319.1,80.6,78.6,80.59,252.6,80.58,797.9,80.68,542.7,80.69,1341.1,80.7,605.9,80.71,2840.5,80.72,2835.3
1700000155.5,311,80.65,0.060000000000002274,80.62,238.2,80.68,453.5,6370.2,8200.0,80.65,0.0,BUY,0,80.62,238.2,80.61,384.2,80.6,2135.4,80.59,1352.7,80.58,2259.7,80.68,453.5,80.69,302.7,80.7,2065.0,80.71,2736.8,80.72,2642.0
1700000156.0,312,80.63,0.060000000000002274,80.6,376.3,80.66,790.7,6851.2,3765.0,80.6,59.1,SELL,2,80.6,376.3,80.59,355.5,80.58,1688.5,80.57,2133.6,80.56,2297.3,80.66,790.7,80.67,606.8,80.68,61.9,80.69,997.9,80.7,1307.7
1700000156.5,313,80.62,0.060000000000002274,80.59,361.2,80.65,58.5,3230.4,2502.4,80.65,56.3,BUY,2,80.59,361.2,80.58,79.9,80.57,55.7,80.56,2016.2,80.55,717.4,80.65,58.5,80.66,306.1,80.67,591.1,80.68,208.2,80.69,1338.5
1700000157.0,314,80.62,0.060000000000002274,80.59,385.4,80.65,72.1,5513.299999999999,5444.0,80.65,5.0,BUY,1,80.59,385.4,80.58,2772.1,80.57,349.6,80.56,955.1,80.55,1051.1,80.65,72.1,80.66,362.5,80.67,2197.9,80.68,1192.3,80.69,1619.2
1700000157.5,315,80.62,0.060000000000002274,80.59,80.8,80.65,433.4,8744.1,4763.8,80.62,0.0,BUY,0,80.59,80.8,80.58,126.6,80.57,189.6,80.56,2832.4,80.55,5514.7,80.65,433.4,80.66,778.5,80.67,2047.7,80.68,1202.8,80.69,301.4
1700000158.0,316,80.62,0.060000000000002274,80.59,320.5,80.65,381.7,7010.2,7622.8,80.62,0.0,BUY,0,80.59,320.5,80.58,453.4,80.57,592.7,80.56,1253.9,80.55,4389.7,80.65,381.7,80.66,343.7,80.67,318.5,80.68,3185.6,80.69,3393.3
1700000158.5,317,80.63,0.060000000000002274,80.6,343.4,80.66,281.5,5435.6,3822.7000000000003,80.6,14.8,SELL,1,80.6,343.4,80.59,3311.9,80.58,56.0,80.57,809.0,80.56,915.3,80.66,281.5,80.67,1118.5,80.68,301.3,80.69,1251.0,80.7,870.4
1700000159.0,318,80.63,0.060000000000002274,80.6,16.3,80.66,205.5,5093.299999999999,5270.8,80.63,0.0,BUY,0,80.6,16.3,80.59,1516.8,80.58,305.6,80.57,1344.6,80.56,1910.0,80.66,205.5,80.67,2103.8,80.68,339.7,80.69,831.0,80.7,1790.8
1700000159.5,319,80.63,0.04000000000000625,80.61,440.3,80.65,81.9,3619.5,2232.0,80.65,30.6,BUY,1,80.61,440.3,80.6,188.4,80.59,1914.2,80.58,755.0,80.57,321.6,80.65,81.9,80.66,25.8,80.67,858.4,80.68,1164.8,80.69,101.1
1700000160.0,320,80.62,0.060000000000002274,80.59,17.2,80.65,960.4,1881.3,5203.6,80.59,20.4,SELL,2,80.59,17.2,80.58,472.7,80.57,373.6,80.56,101.5,80.55,916.3,80.65,960.4,80.66,2452.3,80.67,60.6,80.68,1401.0,80.69,329.3
1700000160.5,321,80.62,0.060000000000002274,80.59,786.5,80.65,1442.2,4698.6,3256.1,80.59,18.8,SELL,1,80.59,786.5,80.58,484.1,80.57,1366.6,80.56,1540.9,80.55,520.5,80.65,1442.2,80.66,575.0,80.67,908.3,80.68,243.5,80.69,87.1
1700000161.0,322,80.62,0.060000000000002274,80.59,356.9,80.65,79.2,2560.7,5573.200000000001,80.65,5.0,BUY,2,80.59,356.9,80.58,651.3,80.57,554.0,80.56,261.3,80.55,737.2,80.65,79.2,80.66,2073.0,80.67,265.0,80.68,2728.4,80.69,427.6
1700000161.5,323,80.62,0.060000000000002274,80.59,326.5,80.65,688.7,5389.599999999999,3863.0000000000005,80.62,0.0,BUY,0,80.59,326.5,80.58,597.7,80.57,1140.0,80.56,2951.7,80.55,373.7,80.65,688.7,80.66,842.7,80.67,1748.2,80.68,318.8,80.69,264.6
1700000162.0,324,83.73,0.060000000000002274,83.7,1209.5,83.76,203.5,4766.6,6830.7,83.76,89.0,BUY,3,83.7,1209.5,83.69,64.5,83.68,583.9,83.67,1081.1,83.66,1827.6,83.76,203.5,83.77,986.1,83.78,1431.0,83.79,2393.9,83.8,1816.2
1700000162.5,325,83.73,0.060000000000002274,83.7,861.5,83.76,408.9,6794.2,12353.2,83.7,25.3,SELL,1,83.7,861.5,83.69,1504.4,83.68,54.1,83.67,508.6,83.66,3865.6,83.76,408.9,83.77,1212.7,83.78,1961.0,83.79,1498.5,83.8,7272.1
1700000163.0,326,83.72,0.060000000000002274,83.69,552.4,83.75,10.0,1390.5,3838.8,83.72,0.0,BUY,0,83.69,552.4,83.68,72.6,83.67,492.4,83.66,67.1,83.65,206.0,83.75,10.0,83.76,220.4,83.77,2297.9,83.78,1177.4,83.79,133.1
1700000163.5,327,83.72,0.060000000000002274,83.69,827.2,83.75,308.1,5421.300000000001,4740.6,83.75,38.9,BUY,1,83.69,827.2,83.68,801.0,83.67,1977.6,83.66,649.1,83.65,1166.4,83.75,308.1,83.76,846.4,83.77,359.8,83.78,400.4,83.79,2825.9
1700000164.0,328,83.73,0.060000000000002274,83.7,1831.1,83.76,177.8,4026.0,4228.2,83.76,87.5,BUY,4,83.7,1831.1,83.69,464.5,83.68,637.3,83.67,642.3,83.66,450.8,83.76,177.8,83.77,554.0,83.78,1023.0,83.79,1740.4,83.8,733.0
1700000164.5,329,83.72999999999999,0.04000000000000625,83.71,29.7,83.75,532.6,6074.9,4557.1,83.71,10.4,SELL,2,83.71,29.7,83.7,676.0,83.69,2221.1,83.68,400.1,83.67,2748.0,83.75,532.6,83.76,775.9,83.77,1125.9,83.78,90.0,83.79,2032.7
1700000165.0,330,83.72,0.060000000000002274,83.69,312.9,83.75,465.3,1510.2,4641.7,83.69,13.6,SELL,2,83.69,312.9,83.68,275.5,83.67,29.2,83.66,739.9,83.65,152.7,83.75,465.3,83.76,362.3,83.77,2585.7,83.78,338.6,83.79,889.8
1700000165.5,331,83.72,0.060000000000002274,83.69,276.8,83.75,2082.5,2301.3,5027.200000000001,83.75,10.0,BUY,2,83.69,276.8,83.68,34.4,83.67,88.1,83.66,952.1,83.65,949.9,83.75,2082.5,83.76,532.0,83.77,1721.0,83.78,10.6,83.79,681.1
1700000166.0,332,83.73,0.060000000000002274,83.7,106.5,83.76,412.3,1364.1999999999998,3061.1000000000004,83.73,0.0,BUY,0,83.7,106.5,83.69,299.6,83.68,461.0,83.67,231.0,83.66,266.1,83.76,412.3,83.77,23.3,83.78,1067.7,83.79,659.9,83.8,897.9
1700000166.5,333,83.73,0.060000000000002274,83.7,32.8,83.76,104.7,3442.5999999999995,6162.4,83.76,75.0,BUY,4,83.7,32.8,83.69,316.8,83.68,1480.0,83.67,618.8,83.66,994.2,83.76,104.7,83.77,1474.2,83.78,656.0,83.79,386.4,83.8,3541.1
1700000167.0,334,83.73,0.060000000000002274,83.7,341.6,83.76,2367.1,6480.2,6515.799999999999,83.76,22.0,BUY,2,83.7,341.6,83.69,696.7,83.68,125.2,83.67,4384.0,83.66,932.7,83.76,2367.1,83.77,310.9,83.78,1886.4,83.79,860.2,83.8,1091.2
1700000167.5,335,83.72,0.03999999999999204,83.7,748.0,83.74,103.4,4968.2,1163.6999999999998,83.7,50.6,SELL,3,83.7,748.0,83.69,368.6,83.68,151.1,83.67,2208.6,83.66,1491.9,83.74,103.4,83.75,439.9,83.76,10.0,83.77,15.0,83.78,595.4
1700000168.0,336,83.72,0.060000000000002274,83.69,205.8,83.75,10.0,5249.7,2428.8,83.69,19.7,SELL,2,83.69,205.8,83.68,106.4,83.67,701.9,83.66,2073.1,83.65,2162.5,83.75,10.0,83.76,596.3,83.77,997.5,83.78,363.2,83.79,461.8
1700000168.5,337,83.72,0.060000000000002274,83.69,383.0,83.75,114.1,6503.0,1883.8,83.75,94.7,BUY,6,83.69,383.0,83.68,2072.9,83.67,958.1,83.66,521.0,83.65,2568.0,83.75,114.1,83.76,437.8,83.77,823.2,83.78,80.5,83.79,428.2
1700000169.0,338,83.72,0.060000000000002274,83.69,28.9,83.75,1235.4,4296.0,4330.5,83.69,45.2,SELL,3,83.69,28.9,83.68,1434.4,83.67,80.9,83.66,445.8,83.65,2306.0,83.75,1235.4,83.76,258.0,83.77,84.0,83.78,987.7,83.79,1765.4
1700000169.5,339,83.73,0.060000000000002274,83.7,1320.6,83.76,303.4,8819.300000000001,4690.299999999999,83.7,18.4,SELL,1,83.7,1320.6,83.69,351.0,83.68,1173.2,83.67,928.4,83.66,5046.1,83.76,303.4,83.77,1004.6,83.78,458.1,83.79,10.0,83.8,2914.2
1700000170.0,340,83.72999999999999,0.04000000000000625,83.71,51.6,83.75,120.7,4619.1,5681.4,83.71,25.0,SELL,2,83.71,51.6,83.7,1368.1,83.69,2203.8,83.68,683.6,83.67,312.0,83.75,120.7,83.76,2751.0,83.77,298.9,83.78,470.5,83.79,2040.3
1700000170.5,341,83.74,0.060000000000002274,83.71,63.3,83.77,232.9,3192.0,5217.0,83.71,71.4,SELL,3,83.71,63.3,83.7,10.0,83.69,368.8,83.68,593.2,83.67,2156.7,83.77,232.9,83.78,602.5,83.79,734.1,83.8,2555.2,83.81,1092.3
1700000171.0,342,83.74,0.060000000000002274,83.71,2136.0,83.77,1295.9,6659.400000000001,6421.200000000001,83.77,67.7,BUY,1,83.71,2136.0,83.7,457.0,83.69,878.1,83.68,2712.0,83.67,476.3,83.77,1295.9,83.78,96.4,83.79,434.6,83.8,3610.8,83.81,983.5
1700000171.5,343,83.74,0.060000000000002274,83.71,386.2,83.77,250.3,1314.1,3007.9,83.77,16.6,BUY,4,83.71,386.2,83.7,18.7,83.69,178.4,83.68,266.2,83.67,464.6,83.77,250.3,83.78,247.5,83.79,1349.8,83.8,740.7,83.81,419.6
1700000172.0,344,83.74,0.060000000000002274,83.71,60.9,83.77,1170.7,2283.2,7434.099999999999,83.74,0.0,BUY,0,83.71,60.9,83.7,336.5,83.69,189.0,83.68,1240.6,83.67,456.2,83.77,1170.7,83.78,714.8,83.79,1633.6,83.8,1412.3,83.81,2502.7
1700000172.5,345,83.74,0.060000000000002274,83.71,75.7,83.77,599.1,4560.8,2213.6,83.74,0.0,BUY,0,83.71,75.7,83.7,948.5,83.69,1689.5,83.68,938.9,83.67,908.2,83.77,599.1,83.78,152.1,83.79,129.4,83.8,1028.5,83.81,304.5
1700000173.0,346,83.74000000000001,0.04000000000000625,83.72,507.8,83.76,209.0,12390.0,3369.1,83.74000000000001,0.0,BUY,0,83.72,507.8,83.71,162.7,83.7,921.3,83.69,4250.6,83.68,6547.6,83.76,209.0,83.77,197.8,83.78,1636.7,83.79,1312.5,83.8,13.1
1700000173.5,347,83.73,0.060000000000002274,83.7,52.2,83.76,88.6,3404.4,2057.6,83.7,38.8,SELL,4,83.7,52.2,83.69,1467.2,83.68,778.0,83.67,171.9,83.66,935.1,83.76,88.6,83.77,1623.8,83.78,217.6,83.79,101.9,83.8,25.7
1700000174.0,348,83.74,0.060000000000002274,83.71,379.0,83.77,1554.6,1677.9999999999998,2604.6,83.77,5.0,BUY,3,83.71,379.0,83.7,755.3,83.69,204.1,83.68,222.1,83.67,117.5,83.77,1554.6,83.78,305.0,83.79,40.7,83.8,432.8,83.81,271.5
1700000174.5,349,83.74,0.060000000000002274,83.71,454.2,83.77,810.6,2652.8999999999996,5610.1,83.71,15.3,SELL,3,83.71,454.2,83.7,178.2,83.69,711.3,83.68,486.1,83.67,823.1,83.77,810.6,83.78,356.9,83.79,3615.1,83.8,157.1,83.81,670.4
1700000175.0,350,83.74,0.060000000000002274,83.71,336.6,83.77,826.5,6025.7,5643.799999999999,83.71,5.0,SELL,2,83.71,336.6,83.7,60.2,83.69,4026.6,83.68,830.6,83.67,771.7,83.77,826.5,83.78,473.5,83.79,2745.3,83.8,1075.1,83.81,523.4
1700000175.5,351,83.73,0.060000000000002274,83.7,267.2,83.76,617.3,3478.7999999999997,5593.299999999999,83.76,25.1,BUY,2,83.7,267.2,83.69,964.9,83.68,10.0,83.67,537.6,83.66,1699.1,83.76,617.3,83.77,1619.8,83.78,1413.6,83.79,909.5,83.8,1033.1
1700000176.0,352,83.73,0.060000000000002274,83.7,894.0,83.76,748.8,5379.5,6042.7,83.76,18.4,BUY,1,83.7,894.0,83.69,575.5,83.68,1451.1,83.67,2210.3,83.66,248.6,83.76,748.8,83.77,1210.5,83.78,1004.9,83.79,2771.2,83.8,307.3
1700000176.5,353,83.74,0.060000000000002274,83.71,745.2,83.77,2888.0,4775.5,5067.2,83.77,63.1,BUY,1,83.71,745.2,83.7,384.9,83.69,949.0,83.68,2089.6,83.67,606.8,83.77,2888.0,83.78,675.7,83.79,659.5,83.8,712.6,83.81,131.4
1700000177.0,354,83.75,0.03999999999999204,83.73,1381.2,83.77,515.4,5419.1,9961.9,83.73,44.5,SELL,2,83.73,1381.2,83.72,1272.4,83.71,2195.5,83.7,256.9,83.69,313.1,83.77,515.4,83.78,329.9,83.79,3499.1,83.8,2607.8,83.81,3009.7
1700000177.5,355,83.75,0.060000000000002274,83.72,236.5,83.78,354.0,6519.5,2253.7,83.72,20.0,SELL,4,83.72,236.5,83.71,177.2,83.7,499.1,83.69,3091.5,83.68,2515.2,83.78,354.0,83.79,140.4,83.8,429.5,83.81,495.3,83.82,834.5
1700000178.0,356,83.75,0.060000000000002274,83.72,717.7,83.78,54.7,5811.9,2782.4,83.78,47.2,BUY,1,83.72,717.7,83.71,598.2,83.7,2341.2,83.69,1137.4,83.68,1017.4,83.78,54.7,83.79,301.3,83.8,530.4,83.81,394.8,83.82,1501.2
1700000178.5,357,83.76,0.060000000000002274,83.73,552.2,83.79,260.8,5156.9,2415.3,83.73,150.5,SELL,4,83.73,552.2,83.72,842.1,83.71,294.8,83.7,170.8,83.69,3297.0,83.79,260.8,83.8,460.7,83.81,616.8,83.82,336.1,83.83,740.9
1700000179.0,358,83.76,0.060000000000002274,83.73,697.6,83.79,276.1,6843.3,3279.4,83.79,41.2,BUY,1,83.73,697.6,83.72,275.5,83.71,334.1,83.7,3801.6,83.69,1734.5,83.79,276.1,83.8,20.1,83.81,212.6,83.82,769.2,83.83,2001.4
1700000179.5,359,83.75,0.060000000000002274,83.72,95.6,83.78,200.2,2812.7,2732.1,83.72,13.6,SELL,2,83.72,95.6,83.71,112.5,83.7,1414.3,83.69,143.9,83.68,1046.4,83.78,200.2,83.79,93.0,83.8,280.5,83.81,1460.1,83.82,698.3
1700000180.0,360,83.76,0.060000000000002274,83.73,303.2,83.79,242.3,3551.0,5836.8,83.79,54.7,BUY,2,83.73,303.2,83.72,1054.7,83.71,543.8,83.7,1266.2,83.69,383.1,83.79,242.3,83.8,852.8,83.81,42.6,83.82,2846.8,83.83,1852.3
1700000180.5,361,83.76,0.060000000000002274,83.73,911.0,83.79,300.7,6654.2,2825.2,83.73,44.7,SELL,3,83.73,911.0,83.72,744.0,83.71,2207.0,83.7,895.5,83.69,1896.7,83.79,300.7,83.8,371.2,83.81,293.1,83.82,1304.2,83.83,556.0
1700000181.0,362,83.76,0.060000000000002274,83.73,154.9,83.79,336.3,3390.8999999999996,5392.900000000001,83.76,0.0,BUY,0,83.73,154.9,83.72,66.7,83.71,698.5,83.7,1492.5,83.69,978.3,83.79,336.3,83.8,259.4,83.81,609.5,83.82,1166.4,83.83,3021.3
1700000181.5,363,83.77,0.060000000000002274,83.74,537.6,83.8,194.7,6571.700000000001,6439.799999999999,83.8,80.6,BUY,4,83.74,537.6,83.73,299.1,83.72,454.0,83.71,3770.1,83.7,1510.9,83.8,194.7,83.81,702.7,83.82,571.3,83.83,4754.7,83.84,216.4
1700000182.0,364,83.76,0.060000000000002274,83.73,1034.0,83.79,228.7,4183.6,3144.2999999999997,83.73,15.5,SELL,3,83.73,1034.0,83.72,136.3,83.71,2492.2,83.7,367.4,83.69,153.7,83.79,228.7,83.8,435.7,83.81,1141.2,83.82,1265.5,83.83,73.2
1700000182.5,365,83.77,0.060000000000002274,83.74,324.2,83.8,306.9,11419.2,1728.3999999999999,83.8,132.9,BUY,5,83.74,324.2,83.73,128.6,83.72,1421.2,83.71,5205.0,83.7,4340.2,83.8,306.9,83.81,214.5,83.82,163.0,83.83,718.3,83.84,325.7
1700000183.0,366,83.77,0.060000000000002274,83.74,247.6,83.8,346.7,1736.6,5353.4,83.8,11.5,BUY,1,83.74,247.6,83.73,358.3,83.72,373.0,83.71,739.7,83.7,18.0,83.8,346.7,83.81,99.0,83.82,1593.3,83.83,1475.4,83.84,1839.0
1700000183.5,367,83.77,0.060000000000002274,83.74,586.7,83.8,123.7,4378.2,2312.5,83.74,37.0,SELL,3,83.74,586.7,83.73,278.8,83.72,382.6,83.71,1377.8,83.7,1752.3,83.8,123.7,83.81,10.0,83.82,117.0,83.83,1111.2,83.84,950.6
1700000184.0,368,83.75999999999999,0.04000000000000625,83.74,2064.3,83.78,1418.3,6249.4,3321.1000000000004,83.74,54.8,SELL,3,83.74,2064.3,83.73,236.0,83.72,2861.1,83.71,439.2,83.7,648.8,83.78,1418.3,83.79,382.5,83.8,627.1,83.81,10.0,83.82,883.2
1700000184.5,369,83.77,0.060000000000002274,83.74,734.8,83.8,203.6,1986.4999999999995,4703.9,83.8,51.7,BUY,1,83.74,734.8,83.73,623.4,83.72,199.6,83.71,401.6,83.7,27.1,83.8,203.6,83.81,418.4,83.82,10.0,83.83,2840.4,83.84,1231.5
1700000185.0,370,83.78,0.060000000000002274,83.75,3135.2,83.81,1201.2,5461.2,6694.299999999999,83.75,15.1,SELL,5,83.75,3135.2,83.74,849.5,83.73,1016.8,83.72,186.0,83.71,273.7,83.81,1201.2,83.82,1951.2,83.83,1700.8,83.84,657.2,83.85,1183.9
1700000185.5,371,83.78,0.060000000000002274,83.75,1832.3,83.81,147.6,4234.999999999999,5464.2,83.75,77.4,SELL,2,83.75,1832.3,83.74,168.6,83.73,55.5,83.72,1913.2,83.71,265.4,83.81,147.6,83.82,1895.6,83.83,465.5,83.84,771.5,83.85,2184.0
1700000186.0,372,83.785,0.030000000000001137,83.77,19.1,83.8,111.6,2073.3,6108.3,83.77,17.8,SELL,2,83.77,19.1,83.76,512.8,83.75,255.9,83.74,1220.4,83.73,65.1,83.8,111.6,83.81,1526.1,83.82,3800.9,83.83,108.3,83.84,561.4
1700000186.5,373,83.77,0.060000000000002274,83.74,588.9,83.8,1526.3,2494.1,3020.9000000000005,83.74,42.9,SELL,2,83.74,588.9,83.73,18.7,83.72,509.7,83.71,1057.8,83.7,319.0,83.8,1526.3,83.81,642.0,83.82,43.3,83.83,18.5,83.84,790.8
1700000187.0,374,83.77,0.060000000000002274,83.74,130.0,83.8,456.1,2460.1,4179.299999999999,83.77,0.0,BUY,0,83.74,130.0,83.73,1129.7,83.72,723.9,83.71,263.1,83.7,213.4,83.8,456.1,83.81,248.7,83.82,2327.1,83.83,782.7,83.84,364.7
1700000187.5,375,83.77000000000001,0.04000000000000625,83.75,228.9,83.79,1591.9,2990.3,2907.8999999999996,83.79,76.7,BUY,3,83.75,228.9,83.74,683.9,83.73,81.4,83.72,239.3,83.71,1756.8,83.79,1591.9,83.8,312.6,83.81,299.7,83.82,336.7,83.83,367.0
1700000188.0,376,83.78,0.03999999999999204,83.76,1242.9,83.8,351.3,3134.7999999999997,4917.3,83.76,20.5,SELL,2,83.76,1242.9,83.75,459.6,83.74,258.7,83.73,841.5,83.72,332.1,83.8,351.3,83.81,2971.8,83.82,199.2,83.83,893.4,83.84,501.6
1700000188.5,377,83.77,0.060000000000002274,83.74,1183.6,83.8,567.3,2871.0,917.3,83.74,15.2,SELL,3,83.74,1183.6,83.73,178.0,83.72,919.1,83.71,54.6,83.7,535.7,83.8,567.3,83.81,120.6,83.82,86.6,83.83,13.8,83.84,129.0
1700000189.0,378,77.91,0.060000000000002274,77.88,505.7,77.94,461.6,4540.6,6963.700000000001,77.88,166.3,SELL,1,77.88,505.7,77.87,1969.7,77.86,107.7,77.85,967.2,77.84,990.3,77.94,461.6,77.95,140.7,77.96,793.3,77.97,1109.5,77.98,4458.6
1700000189.5,379,77.91,0.060000000000002274,77.88,2790.2,77.94,241.1,4935.400000000001,2413.6,77.94,5.2,BUY,3,77.88,2790.2,77.87,1545.8,77.86,140.5,77.85,192.6,77.84,266.3,77.94,241.1,77.95,1186.2,77.96,354.6,77.97,221.5,77.98,410.2
1700000190.0,380,77.91,0.060000000000002274,77.88,194.4,77.94,235.9,4641.9,6721.200000000001,77.88,15.4,SELL,1,77.88,194.4,77.87,698.1,77.86,1360.4,77.85,1172.9,77.84,1216.1,77.94,235.9,77.95,954.2,77.96,3448.5,77.97,1421.8,77.98,660.8
1700000190.5,381,77.91,0.060000000000002274,77.88,518.6,77.94,1758.6,4074.2,4373.799999999999,77.94,28.0,BUY,3,77.88,518.6,77.87,316.2,77.86,78.0,77.85,1391.3,77.84,1770.1,77.94,1758.6,77.95,1111.4,77.96,70.2,77.97,1250.7,77.98,182.9
1700000191.0,382,77.905,0.05000000000001137,77.88,404.1,77.93,610.7,2960.4,4026.3999999999996,77.93,29.1,BUY,2,77.88,404.1,77.87,81.5,77.86,1111.8,77.85,413.8,77.84,949.2,77.93,610.7,77.94,1682.8,77.95,181.7,77.96,1272.6,77.97,278.6
1700000191.5,383,77.905,0.05000000000001137,77.88,107.0,77.93,62.0,2299.2000000000003,1856.9999999999998,77.905,0.0,BUY,0,77.88,107.0,77.87,361.4,77.86,611.7,77.85,1125.7,77.84,93.4,77.93,62.0,77.94,764.3,77.95,417.5,77.96,538.4,77.97,74.8
1700000192.0,384,77.905,0.05000000000001137,77.88,383.1,77.93,513.0,3574.8,5517.2,77.93,75.2,BUY,2,77.88,383.1,77.87,495.1,77.86,458.1,77.85,99.2,77.84,2139.3,77.93,513.0,77.94,676.2,77.95,1372.2,77.96,1204.6,77.97,1751.2
1700000192.5,385,77.905,0.05000000000001137,77.88,231.7,77.93,3780.8,1670.8999999999999,8259.699999999999,77.88,13.2,SELL,3,77.88,231.7,77.87,122.7,77.86,64.8,77.85,899.4,77.84,352.3,77.93,3780.8,77.94,2026.2,77.95,120.4,77.96,908.0,77.97,1424.3
1700000193.0,386,77.905,0.05000000000001137,77.88,81.2,77.93,711.5,2478.8999999999996,7268.9,77.88,32.9,SELL,1,77.88,81.2,77.87,406.4,77.86,409.7,77.85,590.3,77.84,991.3,77.93,711.5,77.94,676.8,77.95,3647.4,77.96,319.4,77.97,1913.8
1700000193.5,387,77.905,0.05000000000001137,77.88,2958.8,77.93,1343.5,4004.4,2264.9,77.93,5.0,BUY,1,77.88,2958.8,77.87,274.2,77.86,313.5,77.85,352.6,77.84,105.3,77.93,1343.5,77.94,53.2,77.95,481.3,77.96,191.1,77.97,195.8
1700000194.0,388,77.91,0.060000000000002274,77.88,51.6,77.94,1084.9,5627.8,4825.5,77.94,5.0,BUY,3,77.88,51.6,77.87,89.7,77.86,2260.6,77.85,2604.4,77.84,621.5,77.94,1084.9,77.95,1738.2,77.96,932.6,77.97,192.3,77.98,877.5
1700000194.5,389,77.91,0.060000000000002274,77.88,840.4,77.94,35.7,4076.5,1021.0999999999999,77.94,5.0,BUY,1,77.88,840.4,77.87,305.5,77.86,483.1,77.85,498.0,77.84,1949.5,77.94,35.7,77.95,14.0,77.96,297.0,77.97,486.9,77.98,187.5
1700000195.0,390,77.91,0.060000000000002274,77.88,1019.8,77.94,304.6,3660.0,4758.3,77.91,0.0,BUY,0,77.88,1019.8,77.87,500.4,77.86,444.1,77.85,958.7,77.84,737.0,77.94,304.6,77.95,228.5,77.96,2038.4,77.97,1233.1,77.98,953.7
1700000195.5,391,77.91,0.060000000000002274,77.88,1300.3,77.94,1227.1,9580.300000000001,7202.0,77.91,0.0,BUY,0,77.88,1300.3,77.87,905.2,77.86,4616.1,77.85,2534.6,77.84,224.1,77.94,1227.1,77.95,266.2,77.96,813.4,77.97,4641.8,77.98,253.5
1700000196.0,392,77.91,0.060000000000002274,77.88,64.2,77.94,1293.0,3087.7000000000003,4954.3,77.94,52.1,BUY,2,77.88,64.2,77.87,15.5,77.86,719.1,77.85,606.5,77.84,1682.4,77.94,1293.0,77.95,75.4,77.96,1072.4,77.97,896.5,77.98,1617.0
1700000196.5,393,77.91,0.04000000000000625,77.89,2389.1,77.93,466.6,10126.599999999999,2448.1,77.89,12.2,SELL,3,77.89,2389.1,77.88,3399.2,77.87,766.1,77.86,1385.4,77.85,2186.8,77.93,466.6,77.94,63.4,77.95,396.0,77.96,605.3,77.97,916.8
1700000197.0,394,77.91,0.060000000000002274,77.88,682.1,77.94,1348.4,4455.5,3871.2,77.94,98.6,BUY,2,77.88,682.1,77.87,49.3,77.86,346.3,77.85,357.2,77.84,3020.6,77.94,1348.4,77.95,358.6,77.96,515.6,77.97,292.8,77.98,1355.8
1700000197.5,395,77.91,0.060000000000002274,77.88,1201.0,77.94,114.5,3673.8999999999996,5499.299999999999,77.94,46.1,BUY,1,77.88,1201.0,77.87,1228.1,77.86,81.4,77.85,617.1,77.84,546.3,77.94,114.5,77.95,836.6,77.96,500.7,77.97,1574.9,77.98,2472.6
1700000198.0,396,77.91,0.060000000000002274,77.88,1100.3,77.94,456.2,5520.6,2808.8,77.91,0.0,BUY,0,77.88,1100.3,77.87,550.1,77.86,326.3,77.85,2937.8,77.84,606.1,77.94,456.2,77.95,112.4,77.96,559.9,77.97,896.4,77.98,783.9
1700000198.5,397,77.91,0.060000000000002274,77.88,690.4,77.94,13.0,3195.6,8627.9,77.88,43.9,SELL,1,77.88,690.4,77.87,323.5,77.86,223.1,77.85,1623.6,77.84,335.0,77.94,13.0,77.95,1397.2,77.96,1073.0,77.97,6090.1,77.98,54.6
1700000199.0,398,77.92,0.060000000000002274,77.89,79.8,77.95,125.1,2860.9,3480.7,77.95,75.4,BUY,1,77.89,79.8,77.88,349.8,77.87,1765.6,77.86,437.4,77.85,228.3,77.95,125.1,77.96,61.2,77.97,1528.8,77.98,445.3,77.99,1320.3
1700000199.5,399,77.92,0.060000000000002274,77.89,330.3,77.95,216.1,3872.8999999999996,3586.4,77.89,5.0,SELL,1,77.89,330.3,77.88,557.8,77.87,1561.6,77.86,548.7,77.85,874.5,77.95,216.1,77.96,627.2,77.97,530.7,77.98,929.4,77.99,1283.0
1700000200.0,400,77.92,0.060000000000002274,77.89,58.0,77.95,244.1,3904.3,7433.7,77.95,107.1,BUY,3,77.89,58.0,77.88,1047.4,77.87,620.5,77.86,2013.0,77.85,165.4,77.95,244.1,77.96,1606.9,77.97,5330.7,77.98,31.2,77.99,220.8
1700000200.5,401,77.935,0.04999999999999716,77.91,1005.3,77.96,542.0,5171.2,4149.4,77.935,0.0,BUY,0,77.91,1005.3,77.9,1356.1,77.89,990.7,77.88,91.4,77.87,1727.7,77.96,542.0,77.97,214.3,77.98,694.5,77.99,1344.8,78.0,1353.8
1700000201.0,402,77.94,0.060000000000002274,77.91,284.7,77.97,131.8,1761.3000000000002,3040.5,77.91,61.0,SELL,2,77.91,284.7,77.9,1037.9,77.89,176.4,77.88,23.3,77.87,239.0,77.97,131.8,77.98,712.8,77.99,1288.4,78.0,745.8,78.01,161.7
1700000201.5,403,77.94,0.060000000000002274,77.91,234.0,77.97,511.1,6752.8,4471.8,77.91,5.0,SELL,2,77.91,234.0,77.9,585.3,77.89,1329.4,77.88,2055.3,77.87,2548.8,77.97,511.1,77.98,1096.6,77.99,449.4,78.0,1889.9,78.01,524.8
1700000202.0,404,77.94,0.060000000000002274,77.91,10.0,77.97,26.0,3291.6000000000004,839.5999999999999,77.91,37.5,SELL,3,77.91,10.0,77.9,345.1,77.89,1728.2,77.88,409.0,77.87,799.3,77.97,26.0,77.98,340.0,77.99,183.9,78.0,10.0,78.01,279.7
1700000202.5,405,81.8,0.060000000000002274,81.77,1348.6,81.83,1570.6,7506.200000000001,6865.0,81.77,19.9,SELL,1,81.77,1348.6,81.76,185.7,81.75,767.2,81.74,1223.4,81.73,3981.3,81.83,1570.6,81.84,173.2,81.85,1286.4,81.86,1222.2,81.87,2612.6
1700000203.0,406,81.78999999999999,0.05999999999998806,81.76,244.6,81.82,274.2,4980.7,1445.9,81.76,182.4,SELL,3,81.76,244.6,81.75,3126.1,81.74,638.1,81.73,106.1,81.72,865.8,81.82,274.2,81.83,33.2,81.84,129.6,81.85,321.5,81.86,687.4
1700000203.5,407,81.79499999999999,0.04999999999999716,81.77,89.5,81.82,160.5,3532.2000000000003,3775.5,81.77,5.0,SELL,2,81.77,89.5,81.76,646.4,81.75,356.8,81.74,399.1,81.73,2040.4,81.82,160.5,81.83,1006.5,81.84,144.6,81.85,112.8,81.86,2351.1
1700000204.0,408,81.79499999999999,0.04999999999999716,81.77,367.4,81.82,608.1,1891.5,4706.4,81.82,54.0,BUY,2,81.77,367.4,81.76,542.0,81.75,10.0,81.74,84.0,81.73,888.1,81.82,608.1,81.83,499.0,81.84,660.0,81.85,2929.3,81.86,10.0
1700000204.5,409,81.78,0.060000000000002274,81.75,399.0,81.81,1602.7,7082.2,4854.400000000001,81.78,0.0,BUY,0,81.75,399.0,81.74,330.4,81.73,3589.3,81.72,593.7,81.71,2169.8,81.81,1602.7,81.82,2097.4,81.83,530.8,81.84,211.9,81.85,411.6
1700000205.0,410,81.78,0.03999999999999204,81.76,39.0,81.8,1623.3,7508.4,6042.999999999999,81.76,5.0,SELL,1,81.76,39.0,81.75,958.9,81.74,2348.4,81.73,2924.1,81.72,1238.0,81.8,1623.3,81.81,904.8,81.82,826.3,81.83,2207.7,81.84,480.9
1700000205.5,411,81.78,0.060000000000002274,81.75,259.8,81.81,180.7,1463.4,2495.7,81.75,32.9,SELL,1,81.75,259.8,81.74,28.0,81.73,92.4,81.72,541.6,81.71,541.6,81.81,180.7,81.82,483.8,81.83,90.0,81.84,352.7,81.85,1388.5
1700000206.0,412,81.78,0.060000000000002274,81.75,778.2,81.81,53.3,2811.2999999999993,1420.6,81.81,87.3,BUY,1,81.75,778.2,81.74,551.4,81.73,803.8,81.72,665.2,81.71,12.7,81.81,53.3,81.82,209.1,81.83,521.4,81.84,110.7,81.85,526.1
1700000206.5,413,81.77,0.060000000000002274,81.74,653.1,81.8,111.7,5932.200000000001,3616.8999999999996,81.8,5.0,BUY,1,81.74,653.1,81.73,647.3,81.72,537.7,81.71,2528.3,81.7,1565.8,81.8,111.7,81.81,141.2,81.82,985.5,81.83,985.3,81.84,1393.2
1700000207.0,414,81.77,0.060000000000002274,81.74,357.0,81.8,835.2,3554.5,6381.699999999999,81.74,18.8,SELL,3,81.74,357.0,81.73,31.8,81.72,897.2,81.71,1822.1,81.7,446.4,81.8,835.2,81.81,1505.6,81.82,1955.1,81.83,45.4,81.84,2040.4
1700000207.5,415,81.77,0.060000000000002274,81.74,1137.6,81.8,397.1,4143.2,1473.4,81.74,26.5,SELL,1,81.74,1137.6,81.73,394.5,81.72,925.8,81.71,862.5,81.7,822.8,81.8,397.1,81.81,105.4,81.82,391.6,81.83,55.6,81.84,523.7
1700000208.0,416,81.77,0.060000000000002274,81.74,137.5,81.8,1503.5,5736.099999999999,10525.5,81.8,11.0,BUY,2,81.74,137.5,81.73,35.2,81.72,567.2,81.71,3965.0,81.7,1031.2,81.8,1503.5,81.81,772.5,81.82,706.6,81.83,815.4,81.84,6727.5
1700000208.5,417,81.77000000000001,0.04000000000000625,81.75,142.3,81.79,989.8,1907.7,4656.3,81.79,17.0,BUY,5,81.75,142.3,81.74,332.2,81.73,265.6,81.72,526.4,81.71,641.2,81.79,989.8,81.8,10.0,81.81,2744.2,81.82,653.6,81.83,258.7
1700000209.0,418,81.77,0.060000000000002274,81.74,416.0,81.8,331.3,4493.3,4947.0,81.8,37.2,BUY,1,81.74,416.0,81.73,466.3,81.72,1775.3,81.71,1667.1,81.7,168.6,81.8,331.3,81.81,786.0,81.82,268.8,81.83,693.4,81.84,2867.5
1700000209.5,419,81.77000000000001,0.04000000000000625,81.75,11.2,81.79,1195.4,4135.5,4718.1,81.79,29.6,BUY,1,81.75,11.2,81.74,1279.4,81.73,239.3,81.72,1709.4,81.71,896.2,81.79,1195.4,81.8,2502.5,81.81,804.2,81.82,165.4,81.83,50.6
1700000210.0,420,81.77,0.060000000000002274,81.74,41.5,81.8,261.1,9356.8,3282.0,81.8,11.5,BUY,1,81.74,41.5,81.73,819.3,81.72,60.1,81.71,7629.1,81.7,806.8,81.8,261.1,81.81,37.6,81.82,891.8,81.83,151.4,81.84,1940.1
1700000210.5,421,81.77,0.060000000000002274,81.74,15.1,81.8,491.1,3171.1000000000004,4520.2,81.8,21.8,BUY,2,81.74,15.1,81.73,36.0,81.72,653.1,81.71,40.0,81.7,2426.9,81.8,491.1,81.81,843.0,81.82,1349.1,81.83,703.8,81.84,1133.2
1700000211.0,422,81.77,0.060000000000002274,81.74,84.4,81.8,218.7,3422.1,3871.0999999999995,81.8,114.1,BUY,1,81.74,84.4,81.73,973.8,81.72,475.8,81.71,345.6,81.7,1542.5,81.8,218.7,81.81,1295.4,81.82,1408.6,81.83,714.2,81.84,234.2
1700000211.5,423,75.48,0.060000000000002274,75.45,150.2,75.51,154.1,5286.0,6642.5,75.45,69.6,SELL,1,75.45,150.2,75.44,100.9,75.43,253.0,75.42,2812.4,75.41,1969.5,75.51,154.1,75.52,237.1,75.53,838.8,75.54,4830.2,75.55,582.3
1700000212.0,424,75.48,0.060000000000002274,75.45,124.4,75.51,1053.9,4219.6,5390.700000000001,75.48,0.0,BUY,0,75.45,124.4,75.44,878.0,75.43,263.6,75.42,1750.8,75.41,1202.8,75.51,1053.9,75.52,121.6,75.53,1292.9,75.54,1026.4,75.55,1895.9
1700000212.5,425,75.47,0.060000000000002274,75.44,416.0,75.5,1569.8,3245.5,7811.7,75.5,13.6,BUY,1,75.44,416.0,75.43,878.4,75.42,456.3,75.41,867.5,75.4,627.3,75.5,1569.8,75.51,1132.3,75.52,1580.5,75.53,2718.7,75.54,810.4
1700000213.0,426,75.47,0.060000000000002274,75.44,47.5,75.5,758.5,1392.5,6705.1,75.5,15.9,BUY,1,75.44,47.5,75.43,35.7,75.42,350.6,75.41,246.6,75.4,712.1,75.5,758.5,75.51,1158.8,75.52,1724.0,75.53,809.7,75.54,2254.1
1700000213.5,427,75.47,0.03999999999999204,75.45,13.7,75.49,624.7,2760.6,4883.6,75.49,10.4,BUY,3,75.45,13.7,75.44,698.1,75.43,953.7,75.42,756.1,75.41,339.0,75.49,624.7,75.5,1357.0,75.51,330.2,75.52,727.6,75.53,1844.1
1700000214.0,428,75.47,0.060000000000002274,75.44,199.7,75.5,21.0,2466.3999999999996,3583.3,75.47,0.0,BUY,0,75.44,199.7,75.43,339.5,75.42,260.7,75.41,1556.3,75.4,110.2,75.5,21.0,75.51,224.9,75.52,1316.4,75.53,1659.2,75.54,361.8
1700000214.5,429,75.47,0.060000000000002274,75.44,73.4,75.5,407.4,1937.6,5604.5,75.44,7.4,SELL,1,75.44,73.4,75.43,229.4,75.42,135.1,75.41,1143.6,75.4,356.1,75.5,407.4,75.51,128.6,75.52,2124.3,75.53,637.3,75.54,2306.9
1700000215.0,430,75.47,0.060000000000002274,75.44,10.0,75.5,36.0,2023.0,3218.0,75.44,181.8,SELL,1,75.44,10.0,75.43,465.9,75.42,252.0,75.41,788.6,75.4,506.5,75.5,36.0,75.51,456.1,75.52,523.5,75.53,514.5,75.54,1687.9
1700000215.5,431,75.48,0.060000000000002274,75.45,225.1,75.51,235.4,8004.5,1901.0,75.48,0.0,BUY,0,75.45,225.1,75.44,1753.2,75.43,3147.2,75.42,1346.0,75.41,1533.0,75.51,235.4,75.52,646.4,75.53,458.7,75.54,216.2,75.55,344.3
1700000216.0,432,75.48,0.060000000000002274,75.45,643.2,75.51,228.3,3007.7,1571.5,75.45,5.0,SELL,3,75.45,643.2,75.44,41.9,75.43,1066.8,75.42,216.8,75.41,1039.0,75.51,228.3,75.52,264.6,75.53,591.7,75.54,10.0,75.55,476.9
1700000216.5,433,75.48,0.060000000000002274,75.45,157.2,75.51,211.3,1210.8000000000002,3558.8,75.51,18.8,BUY,1,75.45,157.2,75.44,536.3,75.43,456.9,75.42,10.0,75.41,50.4,75.51,211.3,75.52,1438.0,75.53,354.4,75.54,207.8,75.55,1347.3
1700000217.0,434,75.48,0.060000000000002274,75.45,181.4,75.51,45.0,1243.2,4021.0,75.45,52.9,SELL,1,75.45,181.4,75.44,57.0,75.43,645.0,75.42,293.9,75.41,65.9,75.51,45.0,75.52,400.2,75.53,2258.5,75.54,753.5,75.55,563.8
1700000217.5,435,75.47,0.03999999999999204,75.45,293.5,75.49,388.4,4250.3,10590.699999999999,75.45,57.9,SELL,3,75.45,293.5,75.44,82.9,75.43,136.2,75.42,455.3,75.41,3282.4,75.49,388.4,75.5,2671.8,75.51,2020.1,75.52,4178.5,75.53,1331.9
1700000218.0,436,75.47,0.060000000000002274,75.44,2370.0,75.5,873.5,4710.400000000001,6038.1,75.5,77.5,BUY,1,75.44,2370.0,75.43,715.6,75.42,30.8,75.41,96.3,75.4,1497.7,75.5,873.5,75.51,1115.7,75.52,1764.9,75.53,2009.3,75.54,274.7
1700000218.5,437,75.45500000000001,0.04999999999999716,75.43,419.6,75.48,497.4,4303.799999999999,6671.7,75.45500000000001,0.0,BUY,0,75.43,419.6,75.42,2244.2,75.41,137.6,75.4,650.4,75.39,852.0,75.48,497.4,75.49,1751.8,75.5,1336.0,75.51,1230.0,75.52,1856.5
1700000219.0,438,75.45500000000001,0.04999999999999716,75.43,886.9,75.48,10.0,4389.6,2859.3,75.48,164.2,BUY,1,75.43,886.9,75.42,22.4,75.41,607.1,75.4,872.4,75.39,2000.8,75.48,10.0,75.49,328.1,75.5,786.3,75.51,1077.7,75.52,657.2
1700000219.5,439,75.45,0.060000000000002274,75.42,846.2,75.48,101.8,2650.5,2338.1,75.42,7.9,SELL,4,75.42,846.2,75.41,165.5,75.4,828.5,75.39,259.1,75.38,551.2,75.48,101.8,75.49,437.5,75.5,93.1,75.51,114.8,75.52,1590.9
1700000220.0,440,75.45,0.060000000000002274,75.42,509.8,75.48,338.9,5957.9,4293.6,75.48,36.9,BUY,2,75.42,509.8,75.41,73.6,75.4,2513.2,75.39,570.8,75.38,2290.5,75.48,338.9,75.49,138.7,75.5,1174.1,75.51,1230.0,75.52,1411.9
1700000220.5,441,75.45,0.060000000000002274,75.42,1157.6,75.48,484.4,6368.599999999999,2763.3999999999996,75.48,16.5,BUY,2,75.42,1157.6,75.41,2494.6,75.4,1154.0,75.39,406.4,75.38,1156.0,75.48,484.4,75.49,397.7,75.5,651.6,75.51,300.8,75.52,928.9
1700000221.0,442,75.44,0.060000000000002274,75.41,1082.3,75.47,179.5,4204.5,2360.1,75.44,0.0,BUY,0,75.41,1082.3,75.4,579.7,75.39,952.6,75.38,486.4,75.37,1103.5,75.47,179.5,75.48,87.0,75.49,591.1,75.5,428.7,75.51,1073.8
1700000221.5,443,75.44,0.060000000000002274,75.41,330.1,75.47,45.1,6867.1,2245.1000000000004,75.44,0.0,BUY,0,75.41,330.1,75.4,42.0,75.39,1281.4,75.38,948.9,75.37,4264.7,75.47,45.1,75.48,96.7,75.49,1855.7,75.5,235.3,75.51,12.3
1700000222.0,444,75.435,0.04999999999999716,75.41,147.3,75.46,802.3,4319.6,3801.8999999999996,75.41,29.3,SELL,1,75.41,147.3,75.4,155.4,75.39,797.7,75.38,1318.0,75.37,1901.2,75.46,802.3,75.47,513.6,75.48,713.1,75.49,685.7,75.5,1087.2
1700000222.5,445,75.44,0.03999999999999204,75.42,462.1,75.46,101.5,3880.9000000000005,5555.6,75.46,22.2,BUY,2,75.42,462.1,75.41,10.7,75.4,2831.6,75.39,31.3,75.38,545.2,75.46,101.5,75.47,1904.9,75.48,1072.1,75.49,621.3,75.5,1855.8
1700000223.0,446,75.44,0.060000000000002274,75.41,193.2,75.47,1930.5,4383.1,2528.1,75.41,109.4,SELL,1,75.41,193.2,75.4,826.4,75.39,1403.9,75.38,973.5,75.37,986.1,75.47,1930.5,75.48,128.5,75.49,86.6,75.5,95.5,75.51,287.0
1700000223.5,447,75.45,0.060000000000002274,75.42,1038.1,75.48,204.4,6283.3,5814.1,75.45,0.0,BUY,0,75.42,1038.1,75.41,752.2,75.4,1659.4,75.39,755.8,75.38,2077.8,75.48,204.4,75.49,607.9,75.5,166.5,75.51,3698.5,75.52,1136.8
1700000224.0,448,75.45,0.060000000000002274,75.42,27.4,75.48,95.4,3094.9,2766.7,75.48,36.4,BUY,1,75.42,27.4,75.41,10.0,75.4,2472.6,75.39,495.4,75.38,89.5,75.48,95.4,75.49,151.5,75.5,262.7,75.51,1103.8,75.52,1153.3
1700000224.5,449,75.45500000000001,0.04999999999999716,75.43,183.1,75.48,626.3,7879.1,4651.799999999999,75.48,9.0,BUY,1,75.43,183.1,75.42,2761.1,75.41,70.5,75.4,3092.4,75.39,1772.0,75.48,626.3,75.49,605.1,75.5,1299.1,75.51,657.2,75.52,1464.1
1700000225.0,450,75.45,0.03999999999999204,75.43,1781.8,75.47,2369.9,7390.2,7702.2,75.43,31.1,SELL,5,75.43,1781.8,75.42,1478.8,75.41,230.5,75.4,898.8,75.39,3000.3,75.47,2369.9,75.48,365.3,75.49,535.2,75.5,1330.1,75.51,3101.7
1700000225.5,451,75.44,0.060000000000002274,75.41,608.5,75.47,1806.2,7589.4,4428.700000000001,75.41,13.3,SELL,4,75.41,608.5,75.4,1095.5,75.39,504.1,75.38,2639.4,75.37,2741.9,75.47,1806.2,75.48,781.7,75.49,874.2,75.5,832.5,75.51,134.1
1700000226.0,452,75.44,0.060000000000002274,75.41,814.6,75.47,467.9,6315.900000000001,3038.2999999999997,75.41,13.2,SELL,2,75.41,814.6,75.4,1547.7,75.39,105.3,75.38,3466.3,75.37,382.0,75.47,467.9,75.48,119.7,75.49,423.9,75.5,1755.1,75.51,271.7
1700000226.5,453,75.45,0.060000000000002274,75.42,424.1,75.48,235.2,7397.099999999999,2178.7,75.42,35.5,SELL,2,75.42,424.1,75.41,212.1,75.4,3018.0,75.39,413.2,75.38,3329.7,75.48,235.2,75.49,59.5,75.5,120.9,75.51,287.1,75.52,1476.0
1700000227.0,454,75.45,0.060000000000002274,75.42,653.7,75.48,612.6,3457.3000000000006,4863.7,75.48,5.0,BUY,2,75.42,653.7,75.41,1779.9,75.4,134.9,75.39,119.3,75.38,769.5,75.48,612.6,75.49,2741.3,75.5,360.6,75.51,804.7,75.52,344.5
1700000227.5,455,75.45,0.060000000000002274,75.42,139.6,75.48,1591.4,7041.0,4512.000000000001,75.45,0.0,BUY,0,75.42,139.6,75.41,201.0,75.4,474.5,75.39,3890.6,75.38,2335.3,75.48,1591.4,75.49,281.7,75.5,1127.5,75.51,641.3,75.52,870.1
1700000228.0,456,75.45,0.060000000000002274,75.42,124.6,75.48,956.1,2919.4,3130.7999999999997,75.48,63.8,BUY,2,75.42,124.6,75.41,608.6,75.4,925.1,75.39,1163.1,75.38,98.0,75.48,956.1,75.49,960.5,75.5,286.9,75.51,506.6,75.52,420.7
1700000228.5,457,75.45,0.060000000000002274,75.42,772.9,75.48,204.1,2797.5,6128.4,75.42,17.5,SELL,1,75.42,772.9,75.41,140.8,75.4,1274.8,75.39,134.5,75.38,474.5,75.48,204.1,75.49,1216.2,75.5,1909.6,75.51,850.7,75.52,1947.8
1700000229.0,458,75.45,0.060000000000002274,75.42,79.0,75.48,776.8,9205.699999999999,4682.099999999999,75.45,0.0,BUY,0,75.42,79.0,75.41,1776.4,75.4,469.1,75.39,5457.9,75.38,1423.3,75.48,776.8,75.49,373.4,75.5,746.7,75.51,2040.0,75.52,745.2
1700000229.5,459,75.45,0.060000000000002274,75.42,1197.4,75.48,1950.3,2755.1000000000004,6916.1,75.48,24.9,BUY,1,75.42,1197.4,75.41,545.1,75.4,679.3,75.39,197.9,75.38,135.4,75.48,1950.3,75.49,324.8,75.5,376.3,75.51,1029.8,75.52,3234.9
1700000230.0,460,75.45,0.060000000000002274,75.42,936.4,75.48,329.8,6472.3,7560.999999999999,75.45,0.0,BUY,0,75.42,936.4,75.41,15.2,75.4,2474.6,75.39,2766.9,75.38,279.2,75.48,329.8,75.49,1648.6,75.5,5422.4,75.51,51.0,75.52,109.2
1700000230.5,461,82.22,0.060000000000002274,82.19,175.1,82.25,204.4,8658.7,4695.200000000001,82.19,46.8,SELL,1,82.19,175.1,82.18,212.9,82.17,1630.7,82.16,153.1,82.15,6486.9,82.25,204.4,82.26,2283.5,82.27,1137.2,82.28,81.4,82.29,988.7
1700000231.0,462,82.22,0.03999999999999204,82.2,25.2,82.24,991.0,5806.9,4356.9,82.2,22.9,SELL,5,82.2,25.2,82.19,1210.1,82.18,216.3,82.17,1808.6,82.16,2546.7,82.24,991.0,82.25,239.7,82.26,1302.0,82.27,1765.0,82.28,59.2
1700000231.5,463,81.94,0.060000000000002274,81.91,275.5,81.97,219.8,1716.5999999999997,3868.1,81.97,48.7,BUY,1,81.91,275.5,81.9,109.4,81.89,1178.3,81.88,54.1,81.87,99.3,81.97,219.8,81.98,43.9,81.99,466.8,82.0,1299.3,82.01,1838.3
1700000232.0,464,81.94,0.060000000000002274,81.91,75.0,81.97,446.0,1108.5,3303.3,81.91,48.8,SELL,3,81.91,75.0,81.9,340.4,81.89,289.9,81.88,174.7,81.87,228.5,81.97,446.0,81.98,545.1,81.99,625.7,82.0,96.5,82.01,1590.0
1700000232.5,465,81.935,0.04999999999999716,81.91,420.6,81.96,295.0,3109.3999999999996,3396.2,81.96,42.5,BUY,3,81.91,420.6,81.9,1048.1,81.89,955.1,81.88,273.0,81.87,412.6,81.96,295.0,81.97,136.7,81.98,157.3,81.99,2199.6,82.0,607.6
1700000233.0,466,81.935,0.04999999999999716,81.91,251.1,81.96,386.2,7250.0,3590.2,81.96,47.9,BUY,1,81.91,251.1,81.9,506.7,81.89,107.6,81.88,5788.1,81.87,596.5,81.96,386.2,81.97,171.3,81.98,22.6,81.99,1151.6,82.0,1858.5
1700000233.5,467,81.935,0.04999999999999716,81.91,141.5,81.96,537.2,5985.999999999999,2025.2000000000003,81.96,9.0,BUY,3,81.91,141.5,81.9,1182.1,81.89,1970.8,81.88,2239.7,81.87,451.9,81.96,537.2,81.97,285.2,81.98,122.7,81.99,745.6,82.0,334.5
1700000234.0,468,81.935,0.04999999999999716,81.91,277.5,81.96,445.4,2228.3999999999996,4166.6,81.935,0.0,BUY,0,81.91,277.5,81.9,1250.2,81.89,212.6,81.88,234.6,81.87,253.5,81.96,445.4,81.97,708.4,81.98,924.8,81.99,157.4,82.0,1930.6
1700000234.5,469,81.92,0.060000000000002274,81.89,2648.3,81.95,167.3,8397.2,6565.8,81.92,0.0,BUY,0,81.89,2648.3,81.88,362.1,81.87,205.2,81.86,1617.3,81.85,3564.3,81.95,167.3,81.96,1083.0,81.97,174.0,81.98,1579.0,81.99,3562.5
1700000235.0,470,81.92,0.060000000000002274,81.89,930.3,81.95,278.9,5909.9,6282.8,81.95,9.4,BUY,5,81.89,930.3,81.88,1267.7,81.87,1206.9,81.86,1628.5,81.85,876.5,81.95,278.9,81.96,843.5,81.97,309.5,81.98,2196.1,81.99,2654.8
1700000235.5,471,81.92,0.060000000000002274,81.89,501.3,81.95,3576.4,2320.8999999999996,4376.6,81.89,5.0,SELL,2,81.89,501.3,81.88,1299.6,81.87,123.8,81.86,379.2,81.85,17.0,81.95,3576.4,81.96,13.0,81.97,130.0,81.98,92.0,81.99,565.2
1700000236.0,472,81.91,0.060000000000002274,81.88,41.2,81.94,351.6,5091.5,4415.8,81.91,0.0,BUY,0,81.88,41.2,81.87,1583.1,81.86,864.3,81.85,1752.9,81.84,850.0,81.94,351.6,81.95,133.8,81.96,759.7,81.97,1655.0,81.98,1515.7
1700000236.5,473,81.91,0.060000000000002274,81.88,1236.6,81.94,145.1,8559.3,5236.4,81.91,0.0,BUY,0,81.88,1236.6,81.87,1903.0,81.86,1954.4,81.85,2227.0,81.84,1238.3,81.94,145.1,81.95,122.3,81.96,49.7,81.97,3729.2,81.98,1190.1
1700000237.0,474,81.905,0.05000000000001137,81.88,358.9,81.93,738.6,3080.3999999999996,2582.3,81.88,50.1,SELL,1,81.88,358.9,81.87,313.5,81.86,1135.8,81.85,472.2,81.84,800.0,81.93,738.6,81.94,230.8,81.95,453.0,81.96,686.5,81.97,473.4
1700000237.5,475,81.89,0.03999999999999204,81.87,2112.3,81.91,63.9,10422.3,1772.0,81.91,60.3,BUY,3,81.87,2112.3,81.86,78.4,81.85,1937.4,81.84,4829.2,81.83,1465.0,81.91,63.9,81.92,185.7,81.93,201.4,81.94,59.4,81.95,1261.6
1700000238.0,476,81.89,0.060000000000002274,81.86,10.0,81.92,588.5,7585.299999999999,4233.099999999999,81.92,17.7,BUY,4,81.86,10.0,81.85,35.3,81.84,879.3,81.83,4633.3,81.82,2027.4,81.92,588.5,81.93,343.8,81.94,1780.1,81.95,935.1,81.96,585.6
1700000238.5,477,81.89,0.03999999999999204,81.87,47.2,81.91,920.7,7372.700000000001,2068.6,81.91,11.4,BUY,2,81.87,47.2,81.86,85.3,81.85,3436.4,81.84,501.8,81.83,3302.0,81.91,920.7,81.92,152.8,81.93,443.9,81.94,466.8,81.95,84.4
1700000239.0,478,81.905,0.05000000000001137,81.88,342.0,81.93,449.4,7642.7,4076.6,81.905,0.0,BUY,0,81.88,342.0,81.87,247.2,81.86,3206.8,81.85,1150.7,81.84,2696.0,81.93,449.4,81.94,902.7,81.95,520.5,81.96,325.6,81.97,1878.4
1700000239.5,479,81.905,0.05000000000001137,81.88,1192.6,81.93,103.6,4498.9,2409.9,81.93,15.2,BUY,1,81.88,1192.6,81.87,701.9,81.86,1241.2,81.85,575.4,81.84,787.8,81.93,103.6,81.94,700.8,81.95,1472.6,81.96,48.5,81.97,84.4
1700000240.0,480,81.9,0.04000000000000625,81.88,134.0,81.92,14.2,2284.2,8406.7,81.88,154.8,SELL,3,81.88,134.0,81.87,688.1,81.86,16.1,81.85,862.3,81.84,583.7,81.92,14.2,81.93,1095.3,81.94,686.4,81.95,1986.7,81.96,4624.1
1700000240.5,481,81.905,0.05000000000001137,81.88,369.9,81.93,438.1,3176.4,2447.5,81.93,11.3,BUY,4,81.88,369.9,81.87,671.0,81.86,1241.3,81.85,393.4,81.84,500.8,81.93,438.1,81.94,471.8,81.95,609.2,81.96,757.3,81.97,171.1
1700000241.0,482,81.905,0.05000000000001137,81.88,263.1,81.93,265.8,3391.5,6177.5,81.88,16.7,SELL,2,81.88,263.1,81.87,1774.8,81.86,604.5,81.85,470.5,81.84,278.6,81.93,265.8,81.94,1274.4,81.95,2107.5,81.96,2355.5,81.97,174.3
1700000241.5,483,81.89,0.060000000000002274,81.86,2782.2,81.92,512.8,4734.2,8480.6,81.92,88.6,BUY,2,81.86,2782.2,81.85,731.7,81.84,310.1,81.83,10.0,81.82,900.2,81.92,512.8,81.93,3583.7,81.94,213.7,81.95,2367.8,81.96,1802.6
1700000242.0,484,81.905,0.05000000000001137,81.88,2300.0,81.93,1005.4,4614.5,11028.1,81.93,20.2,BUY,1,81.88,2300.0,81.87,21.9,81.86,477.9,81.85,873.6,81.84,941.1,81.93,1005.4,81.94,2967.6,81.95,5429.7,81.96,362.6,81.97,1262.8
1700000242.5,485,81.905,0.05000000000001137,81.88,389.5,81.93,10.0,2748.6,10209.5,81.93,94.8,BUY,1,81.88,389.5,81.87,388.4,81.86,526.8,81.85,338.5,81.84,1105.4,81.93,10.0,81.94,311.9,81.95,844.6,81.96,7774.1,81.97,1268.9
1700000243.0,486,81.905,0.05000000000001137,81.88,481.3,81.93,164.6,4164.2,9770.5,81.905,0.0,BUY,0,81.88,481.3,81.87,306.2,81.86,34.0,81.85,165.5,81.84,3177.2,81.93,164.6,81.94,1776.0,81.95,964.1,81.96,5590.8,81.97,1275.0
1700000243.5,487,81.9,0.04000000000000625,81.88,224.2,81.92,86.0,2359.6000000000004,3120.6,81.92,19.6,BUY,3,81.88,224.2,81.87,1178.2,81.86,411.6,81.85,271.8,81.84,273.8,81.92,86.0,81.93,55.6,81.94,367.6,81.95,1130.6,81.96,1480.8
1700000244.0,488,81.905,0.06999999999999318,81.87,1198.9,81.94,26.7,3817.2,3848.4000000000005,81.94,28.7,BUY,1,81.87,1198.9,81.86,1043.5,81.85,10.0,81.84,241.6,81.83,1323.2,81.94,26.7,81.95,1307.2,81.96,1352.0,81.97,558.2,81.98,604.3
1700000244.5,489,81.905,0.05000000000001137,81.88,153.9,81.93,1589.6,1410.1,7826.4,81.88,43.2,SELL,2,81.88,153.9,81.87,272.1,81.86,366.7,81.85,26.8,81.84,590.6,81.93,1589.6,81.94,271.2,81.95,1629.8,81.96,772.4,81.97,3563.4
1700000245.0,490,81.905,0.05000000000001137,81.88,1610.0,81.93,53.5,2858.9,4146.5,81.88,23.4,SELL,2,81.88,1610.0,81.87,334.6,81.86,576.5,81.85,24.0,81.84,313.8,81.93,53.5,81.94,169.9,81.95,1581.8,81.96,436.4,81.97,1904.9
1700000245.5,491,81.905,0.05000000000001137,81.88,1901.9,81.93,344.6,6131.7,3362.7999999999997,81.93,9.0,BUY,3,81.88,1901.9,81.87,959.7,81.86,656.5,81.85,2087.4,81.84,526.2,81.93,344.6,81.94,1819.1,81.95,1060.0,81.96,89.0,81.97,50.1
1700000246.0,492,81.905,0.05000000000001137,81.88,81.1,81.93,608.6,1739.8999999999999,5305.9,81.88,5.0,SELL,1,81.88,81.1,81.87,254.1,81.86,676.6,81.85,547.0,81.84,181.1,81.93,608.6,81.94,312.2,81.95,190.4,81.96,158.1,81.97,4036.6
1700000246.5,493,81.91,0.060000000000002274,81.88,36.8,81.94,413.4,4754.4,4611.4,81.88,5.0,SELL,3,81.88,36.8,81.87,14.9,81.86,189.4,81.85,1693.7,81.84,2819.6,81.94,413.4,81.95,29.0,81.96,428.8,81.97,140.5,81.98,3599.7
1700000247.0,494,81.91,0.060000000000002274,81.88,627.5,81.94,1504.9,4694.4,2076.7,81.94,11.4,BUY,3,81.88,627.5,81.87,782.5,81.86,1707.5,81.85,427.7,81.84,1149.2,81.94,1504.9,81.95,47.3,81.96,253.0,81.97,102.0,81.98,169.5
1700000247.5,495,81.91,0.060000000000002274,81.88,955.4,81.94,1390.7,2315.3999999999996,4225.900000000001,81.94,156.7,BUY,1,81.88,955.4,81.87,82.7,81.86,753.1,81.85,234.3,81.84,289.9,81.94,1390.7,81.95,71.7,81.96,613.0,81.97,437.8,81.98,1712.7
1700000248.0,496,81.9,0.060000000000002274,81.87,320.7,81.93,572.2,7311.7,4631.5,81.93,41.5,BUY,2,81.87,320.7,81.86,672.9,81.85,2904.4,81.84,1677.4,81.83,1736.3,81.93,572.2,81.94,620.4,81.95,1811.0,81.96,1150.7,81.97,477.2
1700000248.5,497,81.91,0.060000000000002274,81.88,199.8,81.94,441.0,6085.400000000001,4004.8999999999996,81.94,5.0,BUY,1,81.88,199.8,81.87,1772.9,81.86,1613.9,81.85,1046.3,81.84,1452.5,81.94,441.0,81.95,247.3,81.96,964.8,81.97,51.7,81.98,2300.1
1700000249.0,498,81.91,0.060000000000002274,81.88,335.8,81.94,221.9,3420.7,4841.5,81.88,5.0,SELL,1,81.88,335.8,81.87,706.3,81.86,1472.8,81.85,847.4,81.84,58.4,81.94,221.9,81.95,1212.5,81.96,46.6,81.97,1598.2,81.98,1762.3
1700000249.5,499,81.91,0.060000000000002274,81.88,176.0,81.94,1448.9,4142.299999999999,4880.299999999999,81.94,5.0,BUY,3,81.88,176.0,81.87,679.0,81.86,22.7,81.85,2018.0,81.84,1246.6,81.94,1448.9,81.95,1113.8,81.96,494.2,81.97,1804.2,81.98,19.2
1700000250.0,500,81.91,0.04000000000000625,81.89,103.5,81.93,482.8,3202.0,2292.1,81.89,8.8,SELL,1,81.89,103.5,81.88,494.3,81.87,94.3,81.86,2164.0,81.85,345.9,81.93,482.8,81.94,66.7,81.95,1152.5,81.96,260.8,81.97,329.3
1700000250.5,501,81.91,0.060000000000002274,81.88,314.8,81.94,159.4,3006.1,4095.7000000000003,81.94,53.4,BUY,2,81.88,314.8,81.87,856.1,81.86,115.2,81.85,399.9,81.84,1320.1,81.94,159.4,81.95,1826.5,81.96,1098.5,81.97,952.9,81.98,58.4
1700000251.0,502,81.92,0.060000000000002274,81.89,243.9,81.95,42.4,6012.700000000001,2808.2,81.89,311.9,SELL,3,81.89,243.9,81.88,1680.7,81.87,1500.2,81.86,362.0,81.85,2225.9,81.95,42.4,81.96,262.0,81.97,1261.8,81.98,67.2,81.99,1174.8
1700000251.5,503,81.92,0.03999999999999204,81.9,645.9,81.94,302.5,5838.5,5879.9,81.94,68.2,BUY,5,81.9,645.9,81.89,27.4,81.88,340.9,81.87,545.1,81.86,4279.2,81.94,302.5,81.95,1597.7,81.96,1701.1,81.97,1974.6,81.98,304.0
1700000252.0,504,81.91,0.060000000000002274,81.88,584.0,81.94,519.3,7615.9,3641.0,81.91,0.0,BUY,0,81.88,584.0,81.87,1756.5,81.86,621.7,81.85,1519.1,81.84,3134.6,81.94,519.3,81.95,523.3,81.96,10.0,81.97,62.1,81.98,2526.3
1700000252.5,505,81.905,0.05000000000001137,81.88,25.4,81.93,215.4,2706.2999999999997,9045.099999999999,81.88,83.3,SELL,3,81.88,25.4,81.87,845.3,81.86,173.0,81.85,816.2,81.84,846.4,81.93,215.4,81.94,2305.9,81.95,1807.1,81.96,1676.4,81.97,3040.3
1700000253.0,506,81.9,0.060000000000002274,81.87,118.1,81.93,325.3,3183.1000000000004,3449.2,81.87,24.3,SELL,5,81.87,118.1,81.86,229.0,81.85,167.8,81.84,558.3,81.83,2109.9,81.93,325.3,81.94,949.1,81.95,1446.3,81.96,538.3,81.97,190.2
1700000253.5,507,81.9,0.04000000000000625,81.88,1103.2,81.92,26.8,5153.5,11602.199999999999,81.92,85.3,BUY,1,81.88,1103.2,81.87,763.3,81.86,10.0,81.85,1099.5,81.84,2177.5,81.92,26.8,81.93,772.9,81.94,5938.9,81.95,1466.5,81.96,3397.1
1700000254.0,508,81.9,0.060000000000002274,81.87,1278.8,81.93,1920.6,6641.799999999999,4118.6,81.9,0.0,BUY,0,81.87,1278.8,81.86,63.2,81.85,2633.2,81.84,35.5,81.83,2631.1,81.93,1920.6,81.94,177.3,81.95,244.8,81.96,274.4,81.97,1501.5
1700000254.5,509,81.905,0.05000000000001137,81.88,395.6,81.93,373.3,5042.599999999999,2795.3999999999996,81.93,134.2,BUY,1,81.88,395.6,81.87,758.6,81.86,2229.0,81.85,1620.6,81.84,38.8,81.93,373.3,81.94,665.3,81.95,351.7,81.96,489.8,81.97,915.3
1700000255.0,510,81.89,0.060000000000002274,81.86,73.7,81.92,1692.1,3430.1,6367.6,81.92,14.9,BUY,5,81.86,73.7,81.85,1083.0,81.84,1939.0,81.83,243.1,81.82,91.3,81.92,1692.1,81.93,1245.2,81.94,1473.3,81.95,123.8,81.96,1833.2
1700000255.5,511,81.89,0.060000000000002274,81.86,954.9,81.92,486.5,3236.2999999999997,3775.0,81.89,0.0,BUY,0,81.86,954.9,81.85,115.9,81.84,156.1,81.83,977.8,81.82,1031.6,81.92,486.5,81.93,199.3,81.94,572.5,81.95,1102.7,81.96,1414.0
1700000256.0,512,81.89,0.03999999999999204,81.87,1000.9,81.91,59.1,4988.5,2517.4,81.89,0.0,BUY,0,81.87,1000.9,81.86,1439.6,81.85,514.4,81.84,1455.7,81.83,577.9,81.91,59.1,81.92,420.8,81.93,761.8,81.94,739.3,81.95,536.4
1700000256.5,513,81.89,0.060000000000002274,81.86,646.3,81.92,249.8,1605.1999999999998,5677.200000000001,81.86,22.0,SELL,4,81.86,646.3,81.85,344.5,81.84,320.5,81.83,45.3,81.82,248.6,81.92,249.8,81.93,541.9,81.94,181.7,81.95,1688.7,81.96,3015.1
1700000257.0,514,81.88,0.060000000000002274,81.85,353.8,81.91,64.1,3821.3999999999996,3546.5000000000005,81.91,92.0,BUY,2,81.85,353.8,81.84,1156.6,81.83,1562.5,81.82,580.1,81.81,168.4,81.91,64.1,81.92,390.3,81.93,2241.8,81.94,802.5,81.95,47.8
1700000257.5,515,81.88,0.060000000000002274,81.85,186.6,81.91,817.0,9181.4,8421.900000000001,81.88,0.0,BUY,0,81.85,186.6,81.84,1174.4,81.83,954.2,81.82,4523.6,81.81,2342.6,81.91,817.0,81.92,822.4,81.93,819.9,81.94,249.8,81.95,5712.8
1700000258.0,516,81.88,0.060000000000002274,81.85,324.2,81.91,10.0,3841.8999999999996,5916.799999999999,81.91,6.1,BUY,2,81.85,324.2,81.84,2012.1,81.83,37.1,81.82,1068.7,81.81,399.8,81.91,10.0,81.92,761.6,81.93,373.0,81.94,1214.6,81.95,3557.6
1700000258.5,517,81.88,0.060000000000002274,81.85,10.6,81.91,175.8,1320.3000000000002,7401.099999999999,81.85,54.4,SELL,5,81.85,10.6,81.84,347.7,81.83,132.3,81.82,615.3,81.81,214.4,81.91,175.8,81.92,606.9,81.93,39.6,81.94,287.4,81.95,6291.4
1700000259.0,518,81.88,0.060000000000002274,81.85,10.0,81.91,95.7,4803.9,3735.4,81.91,50.0,BUY,3,81.85,10.0,81.84,216.2,81.83,827.1,81.82,601.8,81.81,3148.8,81.91,95.7,81.92,50.5,81.93,462.0,81.94,1789.8,81.95,1337.4
1700000259.5,519,81.89,0.060000000000002274,81.86,666.3,81.92,59.2,10254.3,2433.5,81.92,31.2,BUY,1,81.86,666.3,81.85,408.2,81.84,1972.4,81.83,3948.4,81.82,3259.0,81.92,59.2,81.93,456.6,81.94,508.9,81.95,337.4,81.96,1071.4
1700000260.0,520,81.89,0.060000000000002274,81.86,872.9,81.92,1751.4,3875.8,7165.6,81.86,131.7,SELL,2,81.86,872.9,81.85,373.1,81.84,486.1,81.83,1758.7,81.82,385.0,81.92,1751.4,81.93,667.1,81.94,635.3,81.95,3835.9,81.96,275.9
1700000260.5,521,81.89,0.060000000000002274,81.86,291.5,81.92,493.0,3678.0,5298.3,81.92,80.8,BUY,1,81.86,291.5,81.85,551.1,81.84,760.0,81.83,123.6,81.82,1951.8,81.92,493.0,81.93,853.9,81.94,2307.0,81.95,399.3,81.96,1245.1
1700000261.0,522,81.89,0.060000000000002274,81.86,150.6,81.92,227.3,4046.2,3120.1,81.92,150.8,BUY,1,81.86,150.6,81.85,996.9,81.84,473.3,81.83,136.9,81.82,2288.5,81.92,227.3,81.93,928.7,81.94,468.0,81.95,934.7,81.96,561.4
1700000261.5,523,81.88,0.060000000000002274,81.85,300.6,81.91,15.0,4098.9,4884.3,81.91,40.3,BUY,1,81.85,300.6,81.84,471.9,81.83,1296.1,81.82,636.4,81.81,1393.9,81.91,15.0,81.92,122.6,81.93,570.9,81.94,1759.4,81.95,2416.4
1700000262.0,524,81.89,0.060000000000002274,81.86,1029.2,81.92,1548.4,3525.1000000000004,4918.700000000001,81.86,211.1,SELL,1,81.86,1029.2,81.85,157.0,81.84,144.0,81.83,793.1,81.82,1401.8,81.92,1548.4,81.93,119.4,81.94,780.8,81.95,246.7,81.96,2223.4
1700000262.5,525,81.89,0.060000000000002274,81.86,10.0,81.92,964.8,2533.2,3841.6000000000004,81.86,63.8,SELL,1,81.86,10.0,81.85,74.6,81.84,141.8,81.83,602.7,81.82,1704.1,81.92,964.8,81.93,678.9,81.94,1010.3,81.95,217.3,81.96,970.3
1700000263.0,526,81.88,0.060000000000002274,81.85,405.1,81.91,136.1,4724.5,1794.8,81.88,0.0,BUY,0,81.85,405.1,81.84,888.5,81.83,746.8,81.82,1473.1,81.81,1211.0,81.91,136.1,81.92,70.5,81.93,1321.8,81.94,44.4,81.95,222.0
1700000263.5,527,81.87,0.060000000000002274,81.84,453.7,81.9,95.3,3317.5000000000005,3558.8999999999996,81.87,0.0,BUY,0,81.84,453.7,81.83,206.1,81.82,2370.5,81.81,69.3,81.8,217.9,81.9,95.3,81.91,1762.1,81.92,411.4,81.93,419.7,81.94,870.4
1700000264.0,528,81.88,0.060000000000002274,81.85,355.7,81.91,1148.9,3182.8,1859.6,81.85,18.5,SELL,1,81.85,355.7,81.84,1519.5,81.83,329.5,81.82,59.4,81.81,918.7,81.91,1148.9,81.92,59.8,81.93,10.0,81.94,540.8,81.95,100.1
1700000264.5,529,81.88,0.060000000000002274,81.85,1109.1,81.91,331.9,6369.7,2396.2,81.88,0.0,BUY,0,81.85,1109.1,81.84,984.1,81.83,321.7,81.82,3784.2,81.81,170.6,81.91,331.9,81.92,10.0,81.93,32.3,81.94,10.0,81.95,2012.0
1700000265.0,530,81.88,0.060000000000002274,81.85,969.1,81.91,385.7,4296.900000000001,5158.1,81.88,0.0,BUY,0,81.85,969.1,81.84,984.9,81.83,116.3,81.82,398.3,81.81,1828.3,81.91,385.7,81.92,1791.1,81.93,510.6,81.94,21.4,81.95,2449.3
1700000265.5,531,81.88,0.060000000000002274,81.85,293.5,81.91,130.2,5317.8,4314.5,81.91,37.3,BUY,5,81.85,293.5,81.84,152.5,81.83,3303.3,81.82,965.4,81.81,603.1,81.91,130.2,81.92,758.3,81.93,778.0,81.94,665.6,81.95,1982.4
1700000266.0,532,81.88,0.060000000000002274,81.85,216.0,81.91,28.6,3001.8999999999996,5833.9,81.91,30.5,BUY,2,81.85,216.0,81.84,189.9,81.83,51.9,81.82,1627.8,81.81,916.3,81.91,28.6,81.92,42.7,81.93,1582.7,81.94,2169.5,81.95,2010.4
1700000266.5,533,81.88,0.060000000000002274,81.85,1425.6,81.91,846.3,3365.7,4679.3,81.91,38.1,BUY,2,81.85,1425.6,81.84,46.7,81.83,1391.9,81.82,218.3,81.81,283.2,81.91,846.3,81.92,978.1,81.93,793.7,81.94,1316.5,81.95,744.7
1700000267.0,534,81.89,0.060000000000002274,81.86,852.4,81.92,182.1,2390.0,3503.5,81.89,0.0,BUY,0,81.86,852.4,81.85,35.6,81.84,649.3,81.83,163.1,81.82,689.6,81.92,182.1,81.93,1336.8,81.94,790.3,81.95,1184.3,81.96,10.0
1700000267.5,535,81.89,0.060000000000002274,81.86,230.4,81.92,475.7,5747.0,7060.099999999999,81.92,5.0,BUY,2,81.86,230.4,81.85,1192.8,81.84,2133.5,81.83,384.7,81.82,1805.6,81.92,475.7,81.93,5143.9,81.94,275.4,81.95,820.6,81.96,344.5
1700000268.0,536,81.88,0.060000000000002274,81.85,47.7,81.91,1017.6,1878.9,3992.1000000000004,81.85,65.9,SELL,1,81.85,47.7,81.84,379.4,81.83,807.7,81.82,513.7,81.81,130.4,81.91,1017.6,81.92,1946.7,81.93,76.4,81.94,870.5,81.95,80.9
1700000268.5,537,81.87,0.04000000000000625,81.85,576.9,81.89,1461.9,5122.4,1947.5000000000002,81.89,46.2,BUY,2,81.85,576.9,81.84,143.3,81.83,1314.8,81.82,1296.0,81.81,1791.4,81.89,1461.9,81.9,421.2,81.91,34.9,81.92,19.5,81.93,10.0
1700000269.0,538,81.88,0.060000000000002274,81.85,1140.4,81.91,195.8,6244.4,4873.4,81.91,65.2,BUY,1,81.85,1140.4,81.84,1413.0,81.83,531.4,81.82,569.6,81.81,2590.0,81.91,195.8,81.92,1007.8,81.93,1227.0,81.94,1359.9,81.95,1082.9
1700000269.5,539,81.89,0.03999999999999204,81.87,2656.9,81.91,312.0,5565.8,883.0,81.89,0.0,BUY,0,81.87,2656.9,81.86,502.5,81.85,88.8,81.84,1982.9,81.83,334.7,81.91,312.0,81.92,67.9,81.93,65.5,81.94,264.5,81.95,173.1
1700000270.0,540,81.89,0.060000000000002274,81.86,1422.2,81.92,748.2,5788.300000000001,7118.799999999999,81.92,25.4,BUY,2,81.86,1422.2,81.85,2875.4,81.84,746.6,81.83,348.0,81.82,396.1,81.92,748.2,81.93,25.6,81.94,256.9,81.95,1048.2,81.96,5039.9
1700000270.5,541,81.89,0.060000000000002274,81.86,588.4,81.92,10.9,5475.5,2061.0,81.86,31.6,SELL,3,81.86,588.4,81.85,143.5,81.84,457.6,81.83,2792.9,81.82,1493.1,81.92,10.9,81.93,67.1,81.94,1450.7,81.95,90.9,81.96,441.4
1700000271.0,542,81.89,0.060000000000002274,81.86,567.9,81.92,943.7,2904.2,8762.400000000001,81.86,40.0,SELL,1,81.86,567.9,81.85,268.8,81.84,357.0,81.83,1519.3,81.82,191.2,81.92,943.7,81.93,1971.7,81.94,736.9,81.95,5014.4,81.96,95.7
1700000271.5,543,81.89,0.060000000000002274,81.86,159.5,81.92,79.5,4564.200000000001,4236.0,81.86,5.0,SELL,2,81.86,159.5,81.85,2178.6,81.84,2099.9,81.83,104.1,81.82,22.1,81.92,79.5,81.93,966.8,81.94,694.5,81.95,38.2,81.96,2457.0
1700000272.0,544,81.89,0.060000000000002274,81.86,126.7,81.92,413.6,2811.6,7298.1,81.86,44.8,SELL,2,81.86,126.7,81.85,984.0,81.84,10.0,81.83,713.4,81.82,977.5,81.92,413.6,81.93,1340.1,81.94,146.8,81.95,4053.7,81.96,1343.9
1700000272.5,545,81.89,0.060000000000002274,81.86,362.1,81.92,475.3,4897.799999999999,2923.7999999999997,81.86,49.4,SELL,3,81.86,362.1,81.85,1171.1,81.84,856.6,81.83,257.3,81.82,2250.7,81.92,475.3,81.93,704.0,81.94,294.9,81.95,490.6,81.96,959.0
1700000273.0,546,81.89,0.03999999999999204,81.87,224.8,81.91,1063.0,3237.0,4377.0,81.87,5.0,SELL,1,81.87,224.8,81.86,243.2,81.85,844.6,81.84,671.4,81.83,1253.0,81.91,1063.0,81.92,21.8,81.93,786.1,81.94,909.9,81.95,1596.2
1700000273.5,547,81.89,0.060000000000002274,81.86,447.7,81.92,593.9,4186.5,4161.4,81.89,0.0,BUY,0,81.86,447.7,81.85,2053.3,81.84,526.6,81.83,873.6,81.82,285.3,81.92,593.9,81.93,979.9,81.94,175.5,81.95,451.6,81.96,1960.5
1700000274.0,548,81.89,0.060000000000002274,81.86,646.7,81.92,298.4,4515.4,2462.6,81.86,9.8,SELL,1,81.86,646.7,81.85,76.5,81.84,658.9,81.83,2021.2,81.82,1112.1,81.92,298.4,81.93,78.4,81.94,553.4,81.95,360.6,81.96,1171.8
1700000274.5,549,81.905,0.05000000000001137,81.88,68.1,81.93,143.7,4578.6,4871.4,81.93,39.8,BUY,1,81.88,68.1,81.87,522.6,81.86,380.2,81.85,1068.6,81.84,2539.1,81.93,143.7,81.94,109.1,81.95,1481.9,81.96,206.7,81.97,2930.0
1700000275.0,550,81.9,0.04000000000000625,81.88,1229.1,81.92,305.4,7704.3,6538.400000000001,81.92,9.4,BUY,1,81.88,1229.1,81.87,1438.6,81.86,828.3,81.85,739.3,81.84,3469.0,81.92,305.4,81.93,2674.1,81.94,1951.3,81.95,1382.9,81.96,224.7
1700000275.5,551,81.89,0.060000000000002274,81.86,982.7,81.92,465.7,2629.2000000000003,9270.099999999999,81.92,5.0,BUY,2,81.86,982.7,81.85,443.1,81.84,743.5,81.83,301.9,81.82,158.0,81.92,465.7,81.93,105.2,81.94,2039.1,81.95,1674.2,81.96,4985.9
1700000276.0,552,81.89,0.060000000000002274,81.86,924.9,81.92,462.0,3684.4,2836.1,81.89,0.0,BUY,0,81.86,924.9,81.85,1092.7,81.84,52.0,81.83,502.9,81.82,1111.9,81.92,462.0,81.93,1035.6,81.94,245.8,81.95,183.4,81.96,909.3
1700000276.5,553,81.88,0.060000000000002274,81.85,580.7,81.91,1027.3,5237.6,4175.599999999999,81.85,71.0,SELL,2,81.85,580.7,81.84,248.7,81.83,3560.9,81.82,335.1,81.81,512.2,81.91,1027.3,81.92,594.6,81.93,536.6,81.94,1113.7,81.95,903.4
1700000277.0,554,81.89,0.060000000000002274,81.86,140.1,81.92,10.0,3688.2,4742.8,81.92,16.1,BUY,1,81.86,140.1,81.85,264.8,81.84,185.4,81.83,195.8,81.82,2902.1,81.92,10.0,81.93,2154.4,81.94,477.3,81.95,358.4,81.96,1742.7
1700000277.5,555,81.89,0.03999999999999204,81.87,118.1,81.91,249.4,5022.4,6247.1,81.87,5.0,SELL,2,81.87,118.1,81.86,1211.2,81.85,1663.0,81.84,883.0,81.83,1147.1,81.91,249.4,81.92,748.5,81.93,633.5,81.94,308.2,81.95,4307.5
1700000278.0,556,81.9,0.04000000000000625,81.88,677.8,81.92,859.5,6165.8,10199.4,81.92,29.5,BUY,2,81.88,677.8,81.87,508.7,81.86,223.7,81.85,3745.8,81.84,1009.8,81.92,859.5,81.93,218.1,81.94,122.7,81.95,31.1,81.96,8968.0
1700000278.5,557,81.91,0.060000000000002274,81.88,133.5,81.94,463.6,2687.2999999999997,6722.700000000001,81.88,30.2,SELL,2,81.88,133.5,81.87,894.1,81.86,197.8,81.85,315.8,81.84,1146.1,81.94,463.6,81.95,607.8,81.96,1073.2,81.97,4082.8,81.98,495.3
1700000279.0,558,81.92,0.060000000000002274,81.89,651.8,81.95,372.8,3455.2,3588.8,81.89,65.7,SELL,2,81.89,651.8,81.88,729.4,81.87,1481.0,81.86,522.2,81.85,70.8,81.95,372.8,81.96,1747.5,81.97,483.1,81.98,49.8,81.99,935.6
1700000279.5,559,81.92,0.060000000000002274,81.89,554.5,81.95,845.1,5750.5,4812.999999999999,81.89,23.7,SELL,2,81.89,554.5,81.88,737.7,81.87,1556.5,81.86,968.5,81.85,1933.3,81.95,845.1,81.96,350.2,81.97,1592.1,81.98,1691.7,81.99,333.9
1700000280.0,560,81.92,0.060000000000002274,81.89,146.2,81.95,2714.6,939.0,6650.400000000001,81.95,54.2,BUY,2,81.89,146.2,81.88,134.7,81.87,84.1,81.86,43.8,81.85,530.2,81.95,2714.6,81.96,2323.0,81.97,658.6,81.98,942.3,81.99,11.9
1700000280.5,561,84.1,0.060000000000002274,84.07,1362.0,84.13,719.8,4801.8,6739.1,84.13,5.0,BUY,1,84.07,1362.0,84.06,1245.3,84.05,55.6,84.04,933.4,84.03,1205.5,84.13,719.8,84.14,12.8,84.15,728.7,84.16,1629.0,84.17,3648.8
1700000281.0,562,84.1,0.060000000000002274,84.07,1817.7,84.13,227.9,9551.9,3842.1,84.07,69.1,SELL,1,84.07,1817.7,84.06,10.0,84.05,2740.6,84.04,1547.2,84.03,3436.4,84.13,227.9,84.14,281.7,84.15,653.0,84.16,123.0,84.17,2556.5
1700000281.5,563,84.1,0.04000000000000625,84.08,814.8,84.12,1010.8,6063.200000000001,6883.4,84.08,21.0,SELL,2,84.08,814.8,84.07,2060.3,84.06,49.1,84.05,3041.4,84.04,97.6,84.12,1010.8,84.13,707.4,84.14,170.8,84.15,1862.8,84.16,3131.6
1700000282.0,564,84.1,0.04000000000000625,84.08,285.1,84.12,250.1,6431.7,2790.9,84.1,0.0,BUY,0,84.08,285.1,84.07,513.1,84.06,1229.3,84.05,324.5,84.04,4079.7,84.12,250.1,84.13,637.5,84.14,55.3,84.15,1346.4,84.16,501.6
1700000282.5,565,84.09,0.060000000000002274,84.06,416.1,84.12,94.1,2444.0,6288.0,84.06,44.5,SELL,1,84.06,416.1,84.05,422.6,84.04,812.3,84.03,256.2,84.02,536.8,84.12,94.1,84.13,1316.6,84.14,1853.5,84.15,568.1,84.16,2455.7
1700000283.0,566,84.095,0.05000000000001137,84.07,299.6,84.12,1179.0,6504.4,9640.6,84.12,55.2,BUY,2,84.07,299.6,84.06,599.3,84.05,1127.3,84.04,640.1,84.03,3838.1,84.12,1179.0,84.13,555.9,84.14,1328.7,84.15,2063.7,84.16,4513.3
1700000283.5,567,84.1,0.060000000000002274,84.07,1143.5,84.13,741.7,2953.1000000000004,7301.900000000001,84.13,79.4,BUY,1,84.07,1143.5,84.06,381.9,84.05,296.5,84.04,488.3,84.03,642.9,84.13,741.7,84.14,989.1,84.15,1317.8,84.16,894.8,84.17,3358.5
1700000284.0,568,84.11,0.060000000000002274,84.08,123.4,84.14,59.1,2865.6000000000004,1974.5,84.11,0.0,BUY,0,84.08,123.4,84.07,269.7,84.06,514.2,84.05,145.9,84.04,1812.4,84.14,59.1,84.15,504.2,84.16,196.6,84.17,234.6,84.18,980.0
1700000284.5,569,84.11,0.060000000000002274,84.08,478.6,84.14,215.7,6832.4,1765.0,84.14,39.7,BUY,1,84.08,478.6,84.07,2852.2,84.06,537.9,84.05,58.2,84.04,2905.5,84.14,215.7,84.15,154.7,84.16,542.7,84.17,506.9,84.18,345.0
1700000285.0,570,84.12,0.04000000000000625,84.1,188.0,84.14,589.0,7527.5,2573.1000000000004,84.1,43.4,SELL,1,84.1,188.0,84.09,1560.2,84.08,2152.9,84.07,431.4,84.06,3195.0,84.14,589.0,84.15,130.2,84.16,327.4,84.17,1091.7,84.18,434.8
1700000285.5,571,84.11,0.060000000000002274,84.08,31.5,84.14,203.2,7295.7,8351.6,84.08,22.8,SELL,1,84.08,31.5,84.07,659.5,84.06,5459.0,84.05,431.8,84.04,713.9,84.14,203.2,84.15,217.4,84.16,3357.8,84.17,2425.3,84.18,2147.9
1700000286.0,572,84.095,0.05000000000001137,84.07,191.5,84.12,183.2,7127.8,8048.2,84.095,0.0,BUY,0,84.07,191.5,84.06,49.7,84.05,794.2,84.04,2933.5,84.03,3158.9,84.12,183.2,84.13,498.2,84.14,2009.5,84.15,4704.5,84.16,652.8
1700000286.5,573,84.1,0.04000000000000625,84.08,391.6,84.12,38.9,4874.2,4577.4,84.1,0.0,BUY,0,84.08,391.6,84.07,737.6,84.06,998.2,84.05,2723.5,84.04,23.3,84.12,38.9,84.13,1620.5,84.14,126.8,84.15,757.6,84.16,2033.6
1700000287.0,574,84.095,0.05000000000001137,84.07,217.0,84.12,458.6,3547.8,4924.8,84.07,37.3,SELL,2,84.07,217.0,84.06,718.3,84.05,295.5,84.04,680.8,84.03,1636.2,84.12,458.6,84.13,321.9,84.14,1782.4,84.15,511.2,84.16,1850.7
1700000287.5,575,84.09,0.060000000000002274,84.06,2447.0,84.12,156.0,7016.0,1953.5,84.12,29.0,BUY,3,84.06,2447.0,84.05,1428.8,84.04,870.2,84.03,1365.6,84.02,904.4,84.12,156.0,84.13,41.1,84.14,204.2,84.15,1366.0,84.16,186.2
1700000288.0,576,84.09,0.060000000000002274,84.06,324.7,84.12,584.5,4583.0,6521.5,84.09,0.0,BUY,0,84.06,324.7,84.05,109.3,84.04,2906.2,84.03,392.6,84.02,850.2,84.12,584.5,84.13,1105.5,84.14,1772.7,84.15,1104.4,84.16,1954.4
1700000288.5,577,84.09,0.04000000000000625,84.07,421.7,84.11,1405.4,4211.4,2780.1000000000004,84.11,45.2,BUY,3,84.07,421.7,84.06,188.0,84.05,233.7,84.04,187.1,84.03,3180.9,84.11,1405.4,84.12,140.4,84.13,152.4,84.14,524.7,84.15,557.2
1700000289.0,578,84.09,0.060000000000002274,84.06,610.2,84.12,86.6,7160.9,3785.2,84.06,25.4,SELL,2,84.06,610.2,84.05,1034.4,84.04,1610.2,84.03,269.0,84.02,3637.1,84.12,86.6,84.13,405.2,84.14,589.5,84.15,2154.2,84.16,549.7
1700000289.5,579,84.095,0.05000000000001137,84.07,356.5,84.12,1114.9,2948.7000000000003,4663.1,84.095,0.0,BUY,0,84.07,356.5,84.06,646.7,84.05,1320.7,84.04,440.0,84.03,184.8,84.12,1114.9,84.13,1899.4,84.14,81.4,84.15,386.9,84.16,1180.5
1700000290.0,580,84.095,0.05000000000001137,84.07,1183.6,84.12,38.0,6926.8,5142.400000000001,84.12,120.5,BUY,3,84.07,1183.6,84.06,2037.3,84.05,1088.7,84.04,2041.4,84.03,575.8,84.12,38.0,84.13,708.5,84.14,152.0,84.15,3912.6,84.16,331.3
1700000290.5,581,84.095,0.05000000000001137,84.07,678.4,84.12,163.2,5514.200000000001,4984.4,84.12,36.9,BUY,2,84.07,678.4,84.06,958.2,84.05,1060.4,84.04,1676.1,84.03,1141.1,84.12,163.2,84.13,184.8,84.14,154.7,84.15,24.3,84.16,4457.4
1700000291.0,582,84.095,0.05000000000001137,84.07,608.9,84.12,140.0,7297.099999999999,7329.0,84.07,175.1,SELL,2,84.07,608.9,84.06,2513.9,84.05,3227.5,84.04,825.9,84.03,120.9,84.12,140.0,84.13,2080.1,84.14,530.8,84.15,942.1,84.16,3636.0
1700000291.5,583,84.095,0.05000000000001137,84.07,299.7,84.12,787.2,4034.0,6543.6,84.07,27.1,SELL,4,84.07,299.7,84.06,149.4,84.05,274.7,84.04,743.4,84.03,2566.8,84.12,787.2,84.13,1015.1,84.14,10.0,84.15,1074.2,84.16,3657.1
1700000292.0,584,84.09,0.060000000000002274,84.06,253.1,84.12,1120.9,3449.6000000000004,4440.6,84.09,0.0,BUY,0,84.06,253.1,84.05,1614.5,84.04,212.4,84.03,305.8,84.02,1063.8,84.12,1120.9,84.13,767.1,84.14,1632.4,84.15,385.5,84.16,534.7
1700000292.5,585,84.09,0.060000000000002274,84.06,417.2,84.12,186.5,4936.5,4752.3,84.12,5.0,BUY,1,84.06,417.2,84.05,278.8,84.04,717.3,84.03,1299.6,84.02,2223.6,84.12,186.5,84.13,1201.7,84.14,622.5,84.15,841.2,84.16,1900.4
1700000293.0,586,84.095,0.05000000000001137,84.07,98.0,84.12,573.7,4955.2,3376.0,84.095,0.0,BUY,0,84.07,98.0,84.06,1078.8,84.05,623.3,84.04,1885.5,84.03,1269.6,84.12,573.7,84.13,345.1,84.14,621.8,84.15,650.2,84.16,1185.2
1700000293.5,587,84.09,0.060000000000002274,84.06,311.8,84.12,607.9,4728.6,6391.5,84.06,5.0,SELL,1,84.06,311.8,84.05,26.4,84.04,976.7,84.03,1002.1,84.02,2411.6,84.12,607.9,84.13,97.2,84.14,1424.5,84.15,1834.7,84.16,2427.2
1700000294.0,588,84.09,0.060000000000002274,84.06,537.9,84.12,160.3,8128.8,5309.3,84.06,45.8,SELL,1,84.06,537.9,84.05,1081.0,84.04,2927.2,84.03,265.0,84.02,3317.7,84.12,160.3,84.13,1867.9,84.14,364.7,84.15,487.9,84.16,2428.5
1700000294.5,589,84.08,0.060000000000002274,84.05,905.1,84.11,2124.0,3621.3999999999996,11442.8,84.05,43.1,SELL,1,84.05,905.1,84.04,175.5,84.03,406.9,84.02,161.3,84.01,1972.6,84.11,2124.0,84.12,3302.5,84.13,2847.9,84.14,463.9,84.15,2704.5
1700000295.0,590,84.08,0.03999999999999204,84.06,150.2,84.1,58.1,5681.3,7009.599999999999,84.06,16.3,SELL,1,84.06,150.2,84.05,351.1,84.04,287.4,84.03,2455.9,84.02,2436.7,84.1,58.1,84.11,1401.1,84.12,4165.9,84.13,1374.5,84.14,10.0
1700000295.5,591,84.08,0.060000000000002274,84.05,2034.5,84.11,452.5,5469.7,3515.7,84.11,46.7,BUY,1,84.05,2034.5,84.04,705.6,84.03,1668.8,84.02,56.8,84.01,1004.0,84.11,452.5,84.12,271.6,84.13,28.2,84.14,1121.8,84.15,1641.6
1700000296.0,592,84.08,0.060000000000002274,84.05,52.2,84.11,366.2,2816.2,3920.2,84.08,0.0,BUY,0,84.05,52.2,84.04,962.2,84.03,653.8,84.02,321.5,84.01,826.5,84.11,366.2,84.12,588.9,84.13,669.7,84.14,895.1,84.15,1400.3
1700000296.5,593,84.08,0.060000000000002274,84.05,511.3,84.11,2711.0,4628.0,5377.6,84.08,0.0,BUY,0,84.05,511.3,84.04,1070.1,84.03,1376.8,84.02,252.2,84.01,1417.6,84.11,2711.0,84.12,158.6,84.13,221.3,84.14,535.7,84.15,1751.0
1700000297.0,594,84.08,0.060000000000002274,84.05,286.5,84.11,1302.7,5081.1,7693.299999999999,84.05,41.0,SELL,2,84.05,286.5,84.04,988.0,84.03,1472.4,84.02,32.3,84.01,2301.9,84.11,1302.7,84.12,1121.0,84.13,991.0,84.14,1113.0,84.15,3165.6
1700000297.5,595,84.08,0.060000000000002274,84.05,1555.0,84.11,1358.6,3584.9,5599.3,84.08,0.0,BUY,0,84.05,1555.0,84.04,101.7,84.03,672.8,84.02,874.6,84.01,380.8,84.11,1358.6,84.12,232.1,84.13,1624.5,84.14,1403.4,84.15,980.7
1700000298.0,596,84.09,0.060000000000002274,84.06,481.7,84.12,1355.8,5494.3,5918.6,84.06,13.5,SELL,2,84.06,481.7,84.05,382.0,84.04,2075.1,84.03,532.6,84.02,2022.9,84.12,1355.8,84.13,160.1,84.14,436.6,84.15,781.2,84.16,3184.9
1700000298.5,597,84.09,0.04000000000000625,84.07,1710.0,84.11,67.5,6874.5,3367.4,84.09,0.0,BUY,0,84.07,1710.0,84.06,831.3,84.05,3134.2,84.04,1170.2,84.03,28.8,84.11,67.5,84.12,67.8,84.13,57.3,84.14,527.8,84.15,2647.0
1700000299.0,598,84.09,0.060000000000002274,84.06,255.1,84.12,1333.2,5436.7,3806.5,84.09,0.0,BUY,0,84.06,255.1,84.05,1195.8,84.04,2712.8,84.03,21.3,84.02,1251.7,84.12,1333.2,84.13,126.0,84.14,153.8,84.15,2129.9,84.16,63.6
1700000299.5,599,84.08,0.060000000000002274,84.05,587.8,84.11,156.2,8046.7,4980.0,84.08,0.0,BUY,0,84.05,587.8,84.04,1154.1,84.03,294.9,84.02,2973.9,84.01,3036.0,84.11,156.2,84.12,168.5,84.13,798.5,84.14,3595.1,84.15,261.7
1700000300.0,600,84.08,0.060000000000002274,84.05,196.4,84.11,500.4,7711.7,4623.0,84.11,96.5,BUY,1,84.05,196.4,84.04,1442.0,84.03,892.2,84.02,4873.7,84.01,307.4,84.11,500.4,84.12,1296.1,84.13,440.6,84.14,1571.2,84.15,814.7
1700000300.5,601,84.065,0.04999999999999716,84.04,103.9,84.09,1857.6,2531.5,5236.4,84.09,36.6,BUY,1,84.04,103.9,84.03,10.0,84.02,10.0,84.01,1182.2,84.0,1225.4,84.09,1857.6,84.1,460.9,84.11,541.2,84.12,1780.6,84.13,596.1
1700000301.0,602,84.065,0.04999999999999716,84.04,1008.8,84.09,187.2,9100.3,2500.9,84.065,0.0,BUY,0,84.04,1008.8,84.03,261.0,84.02,28.2,84.01,4628.3,84.0,3174.0,84.09,187.2,84.1,667.3,84.11,541.0,84.12,799.1,84.13,306.3
1700000301.5,603,84.065,0.04999999999999716,84.04,138.6,84.09,303.0,9852.9,5319.8,84.09,5.0,BUY,5,84.04,138.6,84.03,2003.4,84.02,680.2,84.01,2844.7,84.0,4186.0,84.09,303.0,84.1,888.7,84.11,111.1,84.12,2795.5,84.13,1221.5
1700000302.0,604,84.065,0.04999999999999716,84.04,871.3,84.09,584.0,5761.200000000001,1910.9,84.09,56.0,BUY,3,84.04,871.3,84.03,128.2,84.02,1273.8,84.01,77.6,84.0,3410.3,84.09,584.0,84.1,47.3,84.11,321.5,84.12,176.7,84.13,781.4
1700000302.5,605,84.065,0.04999999999999716,84.04,449.3,84.09,33.6,8065.0,2682.7,84.09,105.7,BUY,1,84.04,449.3,84.03,207.6,84.02,5187.6,84.01,376.2,84.0,1844.3,84.09,33.6,84.1,1687.5,84.11,58.3,84.12,874.9,84.13,28.4
1700000303.0,606,84.06,0.03999999999999204,84.04,543.9,84.08,80.3,4941.0,663.0999999999999,84.04,54.4,SELL,1,84.04,543.9,84.03,2348.9,84.02,667.1,84.01,706.8,84.0,674.3,84.08,80.3,84.09,116.8,84.1,50.4,84.11,285.3,84.12,130.3
1700000303.5,607,84.06,0.060000000000002274,84.03,1702.6,84.09,925.6,5862.4,3098.6000000000004,84.06,0.0,BUY,0,84.03,1702.6,84.02,1677.0,84.01,855.9,84.0,403.4,83.99,1223.5,84.09,925.6,84.1,517.8,84.11,858.7,84.12,21.4,84.13,775.1
1700000304.0,608,84.065,0.04999999999999716,84.04,79.5,84.09,15.8,3752.2,8218.3,84.09,116.9,BUY,3,84.04,79.5,84.03,676.5,84.02,1636.6,84.01,568.4,84.0,791.2,84.09,15.8,84.1,977.8,84.11,2073.3,84.12,3184.6,84.13,1966.8
1700000304.5,609,84.065,0.04999999999999716,84.04,113.5,84.09,10.0,3992.3,853.1,84.04,14.7,SELL,1,84.04,113.5,84.03,3182.3,84.02,21.5,84.01,209.9,84.0,465.1,84.09,10.0,84.1,171.8,84.11,340.7,84.12,10.0,84.13,320.6
1700000305.0,610,84.08,0.060000000000002274,84.05,31.1,84.11,279.3,910.5,3803.7,84.11,48.1,BUY,1,84.05,31.1,84.04,306.9,84.03,10.0,84.02,18.6,84.01,543.9,84.11,279.3,84.12,2647.1,84.13,179.6,84.14,326.1,84.15,371.6
1700000305.5,611,84.08,0.060000000000002274,84.05,127.2,84.11,96.0,3525.3,2896.8,84.05,5.7,SELL,3,84.05,127.2,84.04,129.7,84.03,266.3,84.02,450.0,84.01,2552.1,84.11,96.0,84.12,145.6,84.13,1866.2,84.14,537.0,84.15,252.0
1700000306.0,612,84.08,0.060000000000002274,84.05,760.7,84.11,219.1,3501.9,4571.599999999999,84.11,41.3,BUY,1,84.05,760.7,84.04,10.0,84.03,399.6,84.02,598.8,84.01,1732.8,84.11,219.1,84.12,169.8,84.13,311.3,84.14,2780.7,84.15,1090.7
1700000306.5,613,84.07,0.04000000000000625,84.05,333.4,84.09,729.9,5367.2,3475.5999999999995,84.07,0.0,BUY,0,84.05,333.4,84.04,1555.7,84.03,25.2,84.02,176.9,84.01,3276.0,84.09,729.9,84.1,596.9,84.11,1256.4,84.12,845.2,84.13,47.2
1700000307.0,614,84.065,0.04999999999999716,84.04,1866.1,84.09,426.0,7483.599999999999,4509.0,84.04,58.7,SELL,2,84.04,1866.1,84.03,816.8,84.02,1219.5,84.01,2813.5,84.0,767.7,84.09,426.0,84.1,1836.9,84.11,335.8,84.12,1249.3,84.13,661.0
1700000307.5,615,84.07,0.05999999999998806,84.04,447.7,84.1,115.6,3877.2999999999997,1970.6999999999998,84.04,10.6,SELL,2,84.04,447.7,84.03,304.9,84.02,364.1,84.01,498.4,84.0,2262.2,84.1,115.6,84.11,269.2,84.12,319.2,84.13,887.1,84.14,379.6
1700000308.0,616,84.07,0.05999999999998806,84.04,326.9,84.1,311.5,1849.9,4690.0,84.07,0.0,BUY,0,84.04,326.9,84.03,456.1,84.02,75.7,84.01,395.6,84.0,595.6,84.1,311.5,84.11,427.7,84.12,2333.8,84.13,227.9,84.14,1389.1
1700000308.5,617,84.065,0.04999999999999716,84.04,367.6,84.09,367.9,6970.099999999999,4963.700000000001,84.04,5.9,SELL,5,84.04,367.6,84.03,879.9,84.02,698.5,84.01,3779.9,84.0,1244.2,84.09,367.9,84.1,1375.7,84.11,1349.7,84.12,345.4,84.13,1525.0
1700000309.0,618,84.05,0.060000000000002274,84.02,505.7,84.08,228.3,10835.6,3632.7000000000003,84.02,16.1,SELL,3,84.02,505.7,84.01,723.5,84.0,3145.8,83.99,1255.1,83.98,5205.5,84.08,228.3,84.09,799.5,84.1,265.6,84.11,1339.4,84.12,999.9
1700000309.5,619,84.05,0.060000000000002274,84.02,1799.8,84.08,194.6,7550.4,3368.5,84.08,6.6,BUY,1,84.02,1799.8,84.01,3608.2,84.0,1932.0,83.99,44.2,83.98,166.2,84.08,194.6,84.09,979.0,84.1,153.3,84.11,1909.9,84.12,131.7
1700000310.0,620,84.06,0.03999999999999204,84.04,385.3,84.08,74.1,4081.9,3842.6,84.04,13.3,SELL,5,84.04,385.3,84.03,143.5,84.02,364.7,84.01,2152.5,84.0,1035.9,84.08,74.1,84.09,74.1,84.1,1899.1,84.11,1140.9,84.12,654.4
1700000310.5,621,84.06,0.060000000000002274,84.03,22.2,84.09,20.7,7494.8,4689.0,84.09,96.3,BUY,1,84.03,22.2,84.02,5741.1,84.01,337.7,84.0,10.0,83.99,1383.8,84.09,20.7,84.1,330.8,84.11,47.4,84.12,1828.0,84.13,2462.1
1700000311.0,622,84.05,0.060000000000002274,84.02,506.9,84.08,552.3,5001.8,8465.8,84.08,9.7,BUY,3,84.02,506.9,84.01,509.0,84.0,2112.6,83.99,1143.8,83.98,729.5,84.08,552.3,84.09,1338.2,84.1,1823.4,84.11,2066.2,84.12,2685.7
1700000311.5,623,84.05,0.03999999999999204,84.03,79.4,84.07,2176.4,1648.8000000000002,3382.4,84.03,16.4,SELL,1,84.03,79.4,84.02,1009.3,84.01,185.5,84.0,10.0,83.99,364.6,84.07,2176.4,84.08,168.3,84.09,283.5,84.1,469.6,84.11,284.6
1700000312.0,624,84.05,0.03999999999999204,84.03,273.3,84.07,607.3,6842.400000000001,6995.4,84.07,7.5,BUY,1,84.03,273.3,84.02,579.9,84.01,41.6,84.0,4633.1,83.99,1314.5,84.07,607.3,84.08,2545.8,84.09,37.6,84.1,1085.3,84.11,2719.4
1700000312.5,625,84.06,0.060000000000002274,84.03,273.7,84.09,1069.7,3210.8,10182.1,84.09,44.9,BUY,1,84.03,273.7,84.02,721.2,84.01,282.7,84.0,41.8,83.99,1891.4,84.09,1069.7,84.1,1121.8,84.11,24.9,84.12,766.7,84.13,7199.0
1700000313.0,626,84.065,0.04999999999999716,84.04,14.5,84.09,384.7,3046.6,3409.4,84.065,0.0,BUY,0,84.04,14.5,84.03,1511.3,84.02,936.7,84.01,558.5,84.0,25.6,84.09,384.7,84.1,211.9,84.11,328.6,84.12,1120.3,84.13,1363.9
1700000313.5,627,84.08,0.060000000000002274,84.05,160.0,84.11,398.5,2285.2000000000003,3226.1,84.05,5.0,SELL,2,84.05,160.0,84.04,221.8,84.03,928.9,84.02,666.6,84.01,307.9,84.11,398.5,84.12,1508.7,84.13,981.9,84.14,141.5,84.15,195.5
1700000314.0,628,84.08,0.060000000000002274,84.05,754.7,84.11,858.2,9883.900000000001,8687.7,84.08,0.0,BUY,0,84.05,754.7,84.04,1411.1,84.03,1321.1,84.02,2573.2,84.01,3823.8,84.11,858.2,84.12,2550.5,84.13,963.0,84.14,1728.2,84.15,2587.8
1700000314.5,629,84.07,0.05999999999998806,84.04,952.7,84.1,798.1,2645.5,3309.6,84.04,22.3,SELL,6,84.04,952.7,84.03,317.4,84.02,529.7,84.01,234.8,84.0,610.9,84.1,798.1,84.11,181.0,84.12,141.9,84.13,1188.5,84.14,1000.1
1700000315.0,630,84.065,0.04999999999999716,84.04,768.6,84.09,392.4,3430.1,3687.1,84.065,0.0,BUY,0,84.04,768.6,84.03,394.4,84.02,494.3,84.01,142.3,84.0,1630.5,84.09,392.4,84.1,1680.5,84.11,914.1,84.12,55.7,84.13,644.4
1700000315.5,631,84.06,0.03999999999999204,84.04,1057.8,84.08,735.3,8733.2,2862.2000000000003,84.08,5.0,BUY,3,84.04,1057.8,84.03,661.1,84.02,2471.2,84.01,2682.8,84.0,1860.3,84.08,735.3,84.09,447.0,84.1,343.8,84.11,1151.2,84.12,184.9
1700000316.0,632,84.065,0.04999999999999716,84.04,44.7,84.09,525.8,6715.5,4977.5,84.09,10.9,BUY,1,84.04,44.7,84.03,536.1,84.02,1808.1,84.01,140.0,84.0,4186.6,84.09,525.8,84.1,1400.1,84.11,133.0,84.12,220.8,84.13,2697.8
1700000316.5,633,84.065,0.04999999999999716,84.04,483.7,84.09,510.2,4109.3,7964.2,84.065,0.0,BUY,0,84.04,483.7,84.03,748.8,84.02,180.2,84.01,1132.7,84.0,1563.9,84.09,510.2,84.1,82.0,84.11,2893.0,84.12,884.8,84.13,3594.2
1700000317.0,634,84.065,0.04999999999999716,84.04,1007.8,84.09,610.8,2080.2,4269.200000000001,84.04,189.5,SELL,4,84.04,1007.8,84.03,10.0,84.02,127.1,84.01,391.5,84.0,543.8,84.09,610.8,84.1,1633.0,84.11,386.5,84.12,1243.3,84.13,395.6
1700000317.5,635,84.08,0.060000000000002274,84.05,761.9,84.11,227.9,4902.0,2787.8,84.11,124.6,BUY,4,84.05,761.9,84.04,567.0,84.03,496.2,84.02,2570.9,84.01,506.0,84.11,227.9,84.12,1505.3,84.13,791.8,84.14,18.4,84.15,244.4
1700000318.0,636,84.08,0.03999999999999204,84.06,593.4,84.1,1191.7,5324.1,4308.200000000001,84.1,16.1,BUY,2,84.06,593.4,84.05,419.4,84.04,3521.2,84.03,171.3,84.02,618.8,84.1,1191.7,84.11,52.7,84.12,600.7,84.13,507.6,84.14,1955.5
1700000318.5,637,84.08,0.03999999999999204,84.06,67.9,84.1,952.0,2637.1,2711.2999999999997,84.08,0.0,BUY,0,84.06,67.9,84.05,206.3,84.04,225.2,84.03,1673.8,84.02,463.9,84.1,952.0,84.11,108.5,84.12,1110.0,84.13,467.7,84.14,73.1
1700000319.0,638,84.08,0.060000000000002274,84.05,703.9,84.11,22.0,8476.7,2611.3999999999996,84.08,0.0,BUY,0,84.05,703.9,84.04,1803.3,84.03,2247.9,84.02,2261.1,84.01,1460.5,84.11,22.0,84.12,711.3,84.13,139.8,84.14,261.2,84.15,1477.1
1700000319.5,639,84.09,0.060000000000002274,84.06,572.0,84.12,51.4,3831.7,4766.8,84.12,5.0,BUY,4,84.06,572.0,84.05,1992.9,84.04,262.7,84.03,252.6,84.02,751.5,84.12,51.4,84.13,536.1,84.14,147.6,84.15,3267.3,84.16,764.4
1700000320.0,640,84.095,0.05000000000001137,84.07,488.1,84.12,79.3,4841.2,6109.1,84.12,170.0,BUY,1,84.07,488.1,84.06,758.7,84.05,335.1,84.04,2864.9,84.03,394.4,84.12,79.3,84.13,268.8,84.14,1331.6,84.15,2982.9,84.16,1446.5
1700000320.5,641,84.095,0.05000000000001137,84.07,54.0,84.12,384.2,3569.8,7958.8,84.12,9.1,BUY,1,84.07,54.0,84.06,499.0,84.05,2044.3,84.04,188.7,84.03,783.8,84.12,384.2,84.13,307.5,84.14,6423.5,84.15,327.0,84.16,516.6
1700000321.0,642,84.11,0.060000000000002274,84.08,176.0,84.14,3328.2,2838.0,6699.0999999999985,84.14,22.4,BUY,1,84.08,176.0,84.07,428.5,84.06,544.6,84.05,271.1,84.04,1417.8,84.14,3328.2,84.15,1673.6,84.16,99.4,84.17,487.5,84.18,1110.4
1700000321.5,643,84.11,0.060000000000002274,84.08,162.8,84.14,761.3,3307.8,5091.7,84.14,18.0,BUY,2,84.08,162.8,84.07,433.2,84.06,537.3,84.05,1003.5,84.04,1171.0,84.14,761.3,84.15,2566.2,84.16,1196.7,84.17,294.9,84.18,272.6
1700000322.0,644,90.3,0.060000000000002274,90.27,119.5,90.33,669.4,1922.1,4850.6,90.33,14.1,BUY,3,90.27,119.5,90.26,33.2,90.25,839.4,90.24,100.8,90.23,829.2,90.33,669.4,90.34,1709.8,90.35,1346.7,90.36,969.1,90.37,155.6
1700000322.5,645,90.3,0.03999999999999204,90.28,10.0,90.32,350.3,7841.5,5013.6,90.28,46.8,SELL,4,90.28,10.0,90.27,494.1,90.26,4248.2,90.25,1748.7,90.24,1340.5,90.32,350.3,90.33,369.0,90.34,690.2,90.35,285.0,90.36,3319.1
1700000323.0,646,90.29499999999999,0.04999999999999716,90.27,43.9,90.32,109.6,5208.7,2906.6,90.27,126.0,SELL,2,90.27,43.9,90.26,18.9,90.25,576.1,90.24,2164.1,90.23,2405.7,90.32,109.6,90.33,440.2,90.34,302.5,90.35,933.0,90.36,1121.3
1700000323.5,647,90.29499999999999,0.04999999999999716,90.27,906.5,90.32,149.9,4639.299999999999,2922.8,90.32,21.3,BUY,2,90.27,906.5,90.26,71.0,90.25,804.3,90.24,2414.6,90.23,442.9,90.32,149.9,90.33,955.6,90.34,814.5,90.35,282.3,90.36,720.5
1700000324.0,648,90.29499999999999,0.04999999999999716,90.27,68.2,90.32,315.6,3523.2,3194.5,90.32,208.3,BUY,1,90.27,68.2,90.26,18.7,90.25,299.2,90.24,2856.6,90.23,280.5,90.32,315.6,90.33,1520.8,90.34,381.6,90.35,303.8,90.36,672.7
1700000324.5,649,90.3,0.060000000000002274,90.27,383.6,90.33,78.1,3766.7000000000003,3004.2000000000003,90.27,51.2,SELL,3,90.27,383.6,90.26,789.7,90.25,599.8,90.24,370.1,90.23,1623.5,90.33,78.1,90.34,546.7,90.35,309.9,90.36,1981.9,90.37,87.6
1700000325.0,650,90.3,0.060000000000002274,90.27,712.1,90.33,443.1,3942.5,4463.1,90.33,103.1,BUY,2,90.27,712.1,90.26,443.2,90.25,571.9,90.24,2010.8,90.23,204.5,90.33,443.1,90.34,1618.6,90.35,263.9,90.36,75.4,90.37,2062.1
1700000325.5,651,90.31,0.060000000000002274,90.28,413.2,90.34,337.3,3616.8,10419.000000000002,90.28,21.0,SELL,2,90.28,413.2,90.27,516.4,90.26,1339.5,90.25,1126.2,90.24,221.5,90.34,337.3,90.35,2088.8,90.36,1531.6,90.37,5309.6,90.38,1151.7
1700000326.0,652,90.31,0.060000000000002274,90.28,159.9,90.34,674.0,9312.7,9361.5,90.31,0.0,BUY,0,90.28,159.9,90.27,2525.0,90.26,2009.7,90.25,152.7,90.24,4465.4,90.34,674.0,90.35,2143.1,90.36,231.9,90.37,185.2,90.38,6127.3
1700000326.5,653,90.32,0.04000000000000625,90.3,1195.2,90.34,607.7,2164.2000000000003,4531.0,90.34,102.6,BUY,1,90.3,1195.2,90.29,24.0,90.28,90.9,90.27,492.7,90.26,361.4,90.34,607.7,90.35,135.6,90.36,286.7,90.37,165.2,90.38,3335.8
1700000327.0,654,79.06,0.060000000000002274,79.03,227.0,79.09,624.1,4648.0,9473.6,79.03,37.4,SELL,2,79.03,227.0,79.02,811.0,79.01,948.7,79.0,2417.2,78.99,244.1,79.09,624.1,79.1,1531.6,79.11,3294.2,79.12,33.3,79.13,3990.4
1700000327.5,655,79.06,0.060000000000002274,79.03,10.0,79.09,102.3,3491.8,3728.5,79.09,5.3,BUY,4,79.03,10.0,79.02,292.0,79.01,1404.7,79.0,967.7,78.99,817.4,79.09,102.3,79.1,249.9,79.11,109.5,79.12,127.7,79.13,3139.1
1700000328.0,656,79.06,0.03999999999999204,79.04,675.6,79.08,962.1,4078.4,5275.4,79.08,21.7,BUY,1,79.04,675.6,79.03,2597.3,79.02,618.5,79.01,175.3,79.0,11.7,79.08,962.1,79.09,1530.6,79.1,792.5,79.11,861.8,79.12,1128.4
1700000328.5,657,79.07,0.04000000000000625,79.05,473.7,79.09,881.0,3312.7000000000003,6271.2,79.05,55.1,SELL,3,79.05,473.7,79.04,710.2,79.03,1961.7,79.02,82.5,79.01,84.6,79.09,881.0,79.1,39.5,79.11,1569.8,79.12,2553.2,79.13,1227.7
1700000329.0,658,79.06,0.060000000000002274,79.03,159.1,79.09,896.4,1932.6999999999998,11068.5,79.06,0.0,BUY,0,79.03,159.1,79.02,732.0,79.01,120.9,79.0,150.6,78.99,770.1,79.09,896.4,79.1,89.1,79.11,4487.5,79.12,277.9,79.13,5317.6
1700000329.5,659,79.06,0.060000000000002274,79.03,805.0,79.09,605.8,4017.1,2902.0,79.09,42.0,BUY,2,79.03,805.0,79.02,139.4,79.01,392.5,79.0,1779.3,78.99,900.9,79.09,605.8,79.1,1070.9,79.11,268.2,79.12,643.1,79.13,314.0
1700000330.0,660,79.06,0.060000000000002274,79.03,1340.6,79.09,210.8,6203.700000000001,3964.5,79.09,34.3,BUY,1,79.03,1340.6,79.02,1466.1,79.01,197.4,79.0,1548.7,78.99,1650.9,79.09,210.8,79.1,327.6,79.11,61.1,79.12,180.4,79.13,3184.6
1700000330.5,661,79.06,0.03999999999999204,79.04,285.6,79.08,93.3,11628.8,940.7,79.08,62.7,BUY,3,79.04,285.6,79.03,335.3,79.02,4714.0,79.01,4287.1,79.0,2006.8,79.08,93.3,79.09,503.2,79.1,37.6,79.11,290.4,79.12,16.2
1700000331.0,662,79.06,0.060000000000002274,79.03,1264.7,79.09,333.3,4977.1,1691.0,79.09,21.7,BUY,3,79.03,1264.7,79.02,1865.4,79.01,105.6,79.0,187.1,78.99,1554.3,79.09,333.3,79.1,191.7,79.11,450.3,79.12,52.9,79.13,662.8
1700000331.5,663,79.06,0.060000000000002274,79.03,261.9,79.09,862.4,2502.3999999999996,3037.4000000000005,79.03,15.2,SELL,2,79.03,261.9,79.02,10.0,79.01,1507.7,79.0,151.1,78.99,571.7,79.09,862.4,79.1,523.5,79.11,48.7,79.12,402.1,79.13,1200.7
1700000332.0,664,79.06,0.060000000000002274,79.03,471.1,79.09,326.6,6788.3,1592.6,79.03,11.2,SELL,2,79.03,471.1,79.02,1052.9,79.01,175.5,79.0,3901.3,78.99,1187.5,79.09,326.6,79.1,849.8,79.11,10.0,79.12,289.1,79.13,117.1
1700000332.5,665,79.06,0.060000000000002274,79.03,232.8,79.09,339.8,7258.200000000001,12186.0,79.09,26.2,BUY,3,79.03,232.8,79.02,2340.6,79.01,2475.8,79.0,2098.5,78.99,110.5,79.09,339.8,79.1,4582.1,79.11,1832.5,79.12,656.8,79.13,4774.8
1700000333.0,666,79.06,0.03999999999999204,79.04,176.1,79.08,37.7,5256.700000000001,2879.1000000000004,79.06,0.0,BUY,0,79.04,176.1,79.03,1432.4,79.02,1615.2,79.01,1576.9,79.0,456.1,79.08,37.7,79.09,10.0,79.1,609.8,79.11,1226.9,79.12,994.7
1700000333.5,667,79.06,0.060000000000002274,79.03,304.8,79.09,231.1,14140.0,4815.800000000001,79.03,6.0,SELL,2,79.03,304.8,79.02,2118.4,79.01,1707.7,79.0,1244.2,78.99,8764.9,79.09,231.1,79.1,337.3,79.11,2491.3,79.12,1483.0,79.13,273.1
1700000334.0,668,79.07,0.04000000000000625,79.05,102.4,79.09,202.9,5847.5,3056.1,79.05,72.2,SELL,2,79.05,102.4,79.04,2836.1,79.03,1590.5,79.02,213.2,79.01,1105.3,79.09,202.9,79.1,189.4,79.11,464.1,79.12,2189.7,79.13,10.0
1700000334.5,669,79.065,0.04999999999999716,79.04,263.6,79.09,655.1,4349.9,9407.3,79.09,22.1,BUY,1,79.04,263.6,79.03,546.3,79.02,915.7,79.01,2093.6,79.0,530.7,79.09,655.1,79.1,105.7,79.11,5704.7,79.12,2226.4,79.13,715.4
1700000335.0,670,79.06,0.060000000000002274,79.03,1202.6,79.09,596.0,6884.5,7572.000000000001,79.03,5.0,SELL,2,79.03,1202.6,79.02,217.8,79.01,69.5,79.0,3160.0,78.99,2234.6,79.09,596.0,79.1,2535.2,79.11,3356.4,79.12,320.3,79.13,764.1
1700000335.5,671,79.065,0.04999999999999716,79.04,1751.3,79.09,91.6,5296.0,3672.6000000000004,79.04,143.7,SELL,1,79.04,1751.3,79.03,129.0,79.02,177.4,79.01,3192.9,79.0,45.4,79.09,91.6,79.1,640.7,79.11,1020.1,79.12,289.9,79.13,1630.3
1700000336.0,672,79.065,0.04999999999999716,79.04,84.9,79.09,49.0,6150.4,3242.1000000000004,79.04,5.7,SELL,2,79.04,84.9,79.03,396.5,79.02,484.9,79.01,1356.0,79.0,3828.1,79.09,49.0,79.1,121.6,79.11,90.2,79.12,2388.8,79.13,592.5
1700000336.5,673,79.07,0.04000000000000625,79.05,888.4,79.09,3678.3,3856.5,7156.6,79.05,82.3,SELL,1,79.05,888.4,79.04,97.7,79.03,790.9,79.02,1395.3,79.01,684.2,79.09,3678.3,79.1,250.4,79.11,1566.5,79.12,1588.9,79.13,72.5
1700000337.0,674,79.065,0.04999999999999716,79.04,129.0,79.09,589.1,2348.6,3167.3,79.04,5.0,SELL,5,79.04,129.0,79.03,151.7,79.02,190.7,79.01,1516.3,79.0,360.9,79.09,589.1,79.1,168.5,79.11,831.9,79.12,367.3,79.13,1210.5
1700000337.5,675,79.065,0.04999999999999716,79.04,879.2,79.09,488.2,2908.1,3649.0,79.09,34.6,BUY,3,79.04,879.2,79.03,1275.2,79.02,309.9,79.01,164.2,79.0,279.6,79.09,488.2,79.1,549.1,79.11,269.9,79.12,901.9,79.13,1439.9
1700000338.0,676,79.065,0.04999999999999716,79.04,148.8,79.09,302.6,4971.8,9951.599999999999,79.04,126.5,SELL,3,79.04,148.8,79.03,1212.1,79.02,1996.3,79.01,249.9,79.0,1364.7,79.09,302.6,79.1,2132.2,79.11,1847.0,79.12,365.8,79.13,5304.0
1700000338.5,677,79.065,0.04999999999999716,79.04,420.4,79.09,655.2,5754.700000000001,6492.2,79.09,16.6,BUY,2,79.04,420.4,79.03,1436.4,79.02,842.8,79.01,2744.8,79.0,310.3,79.09,655.2,79.1,237.1,79.11,310.4,79.12,1758.8,79.13,3530.7
1700000339.0,678,79.065,0.04999999999999716,79.04,465.1,79.09,655.8,5170.5,6751.599999999999,79.04,23.6,SELL,3,79.04,465.1,79.03,128.5,79.02,69.3,79.01,1120.6,79.0,3387.0,79.09,655.8,79.1,1093.1,79.11,2237.8,79.12,322.2,79.13,2442.7
1700000339.5,679,79.065,0.04999999999999716,79.04,72.0,79.09,10.0,4118.7,2259.0,79.04,5.0,SELL,3,79.04,72.0,79.03,1664.1,79.02,1163.3,79.01,199.1,79.0,1020.2,79.09,10.0,79.1,382.4,79.11,225.8,79.12,957.7,79.13,683.1
1700000340.0,680,79.065,0.04999999999999716,79.04,118.8,79.09,88.2,1372.6999999999998,3307.5,79.04,66.5,SELL,4,79.04,118.8,79.03,10.0,79.02,250.1,79.01,64.0,79.0,929.8,79.09,88.2,79.1,675.8,79.11,279.2,79.12,13.4,79.13,2250.9
1700000340.5,681,79.08,0.060000000000002274,79.05,525.1,79.11,1234.7,4106.200000000001,5877.700000000001,79.05,16.2,SELL,2,79.05,525.1,79.04,379.0,79.03,198.8,79.02,154.0,79.01,2849.3,79.11,1234.7,79.12,743.1,79.13,344.6,79.14,2740.2,79.15,815.1
1700000341.0,682,79.08,0.060000000000002274,79.05,69.6,79.11,1112.5,6057.7,4755.6,79.05,26.9,SELL,1,79.05,69.6,79.04,1967.0,79.03,3042.0,79.02,152.2,79.01,826.9,79.11,1112.5,79.12,792.9,79.13,1957.9,79.14,383.8,79.15,508.5
1700000341.5,683,79.09,0.060000000000002274,79.06,157.3,79.12,958.7,2628.2,3152.7000000000003,79.09,0.0,BUY,0,79.06,157.3,79.05,1247.9,79.04,70.7,79.03,159.5,79.02,992.8,79.12,958.7,79.13,597.6,79.14,846.0,79.15,624.1,79.16,126.3
1700000342.0,684,79.09,0.060000000000002274,79.06,196.5,79.12,194.1,4602.3,6765.1,79.12,22.7,BUY,2,79.06,196.5,79.05,496.1,79.04,841.2,79.03,1279.6,79.02,1788.9,79.12,194.1,79.13,1861.8,79.14,136.1,79.15,3206.3,79.16,1366.8
1700000342.5,685,79.09,0.04000000000000625,79.07,446.4,79.11,75.2,1145.8,2213.0,79.07,11.6,SELL,1,79.07,446.4,79.06,18.5,79.05,221.7,79.04,10.4,79.03,448.8,79.11,75.2,79.12,822.1,79.13,139.8,79.14,731.9,79.15,444.0
1700000343.0,686,79.09,0.060000000000002274,79.06,95.3,79.12,571.9,5344.800000000001,2521.2000000000003,79.12,6.1,BUY,4,79.06,95.3,79.05,429.0,79.04,3605.3,79.03,1122.1,79.02,93.1,79.12,571.9,79.13,33.0,79.14,270.3,79.15,566.6,79.16,1079.4
1700000343.5,687,79.09,0.060000000000002274,79.06,263.6,79.12,30.9,3390.0,4180.7,79.06,15.9,SELL,1,79.06,263.6,79.05,292.7,79.04,54.0,79.03,861.5,79.02,1918.2,79.12,30.9,79.13,700.8,79.14,798.8,79.15,274.3,79.16,2375.9
1700000344.0,688,79.09,0.060000000000002274,79.06,1535.4,79.12,491.9,4360.5,5833.400000000001,79.09,0.0,BUY,0,79.06,1535.4,79.05,893.3,79.04,128.7,79.03,464.7,79.02,1338.4,79.12,491.9,79.13,2183.5,79.14,1900.2,79.15,357.0,79.16,900.8
1700000344.5,689,79.09,0.04000000000000625,79.07,749.9,79.11,10.0,2094.3,3777.3999999999996,79.07,47.1,SELL,4,79.07,749.9,79.06,501.0,79.05,10.0,79.04,300.6,79.03,532.8,79.11,10.0,79.12,839.8,79.13,85.2,79.14,1097.3,79.15,1745.1
1700000345.0,690,79.09,0.060000000000002274,79.06,320.5,79.12,1938.0,7129.0,8442.6,79.12,114.6,BUY,1,79.06,320.5,79.05,58.4,79.04,754.1,79.03,5157.7,79.02,838.3,79.12,1938.0,79.13,1530.8,79.14,1217.9,79.15,1000.7,79.16,2755.2
1700000345.5,691,79.09,0.04000000000000625,79.07,1050.8,79.11,330.3,6187.0,5004.799999999999,79.11,57.1,BUY,2,79.07,1050.8,79.06,350.6,79.05,487.4,79.04,451.8,79.03,3846.4,79.11,330.3,79.12,193.8,79.13,2383.1,79.14,715.7,79.15,1381.9
1700000346.0,692,75.09,0.060000000000002274,75.06,35.5,75.12,1666.4,6248.9,4750.0,75.06,64.3,SELL,2,75.06,35.5,75.05,2744.1,75.04,696.3,75.03,2453.7,75.02,319.3,75.12,1666.4,75.13,699.4,75.14,556.6,75.15,729.5,75.16,1098.1
1700000346.5,693,75.09,0.060000000000002274,75.06,441.2,75.12,1304.4,4227.8,5348.0,75.06,25.5,SELL,2,75.06,441.2,75.05,208.9,75.04,843.4,75.03,2326.9,75.02,407.4,75.12,1304.4,75.13,222.4,75.14,2765.8,75.15,372.9,75.16,682.5
1700000347.0,694,75.09,0.060000000000002274,75.06,10.0,75.12,168.7,3251.2000000000003,4184.7,75.09,0.0,BUY,0,75.06,10.0,75.05,1231.4,75.04,598.2,75.03,1076.8,75.02,334.8,75.12,168.7,75.13,163.6,75.14,1032.0,75.15,60.5,75.16,2759.9
1700000347.5,695,75.09,0.060000000000002274,75.06,166.7,75.12,257.3,2626.4,7023.000000000001,75.09,0.0,BUY,0,75.06,166.7,75.05,59.3,75.04,171.1,75.03,1745.7,75.02,483.6,75.12,257.3,75.13,108.2,75.14,1731.4,75.15,3286.3,75.16,1639.8
1700000348.0,696,75.09,0.04000000000000625,75.07,124.3,75.11,570.5,3305.6,4278.9,75.11,73.9,BUY,2,75.07,124.3,75.06,10.0,75.05,1181.7,75.04,1236.5,75.03,753.1,75.11,570.5,75.12,322.4,75.13,508.6,75.14,578.5,75.15,2298.9
1700000348.5,697,75.09,0.04000000000000625,75.07,2333.6,75.11,506.1,9978.4,6460.099999999999,75.11,14.9,BUY,4,75.07,2333.6,75.06,43.2,75.05,501.6,75.04,3143.6,75.03,3956.4,75.11,506.1,75.12,511.5,75.13,2606.8,75.14,2265.5,75.15,570.2
1700000349.0,698,75.09,0.060000000000002274,75.06,872.9,75.12,228.4,7929.900000000001,2850.1,75.09,0.0,BUY,0,75.06,872.9,75.05,2479.2,75.04,307.4,75.03,3186.1,75.02,1084.3,75.12,228.4,75.13,632.5,75.14,953.3,75.15,996.1,75.16,39.8
1700000349.5,699,75.09,0.060000000000002274,75.06,128.3,75.12,11.3,3458.9,5839.4,75.06,17.5,SELL,1,75.06,128.3,75.05,75.4,75.04,1609.4,75.03,714.3,75.02,931.5,75.12,11.3,75.13,1354.9,75.14,3344.3,75.15,750.0,75.16,378.9
1700000350.0,700,75.09,0.060000000000002274,75.06,809.4,75.12,433.4,3778.8,3961.9000000000005,75.12,22.6,BUY,1,75.06,809.4,75.05,463.3,75.04,853.3,75.03,1414.9,75.02,237.9,75.12,433.4,75.13,3012.9,75.14,121.8,75.15,165.5,75.16,228.3
1700000350.5,701,75.08,0.060000000000002274,75.05,277.7,75.11,1588.1,6266.699999999999,7614.500000000001,75.05,31.0,SELL,2,75.05,277.7,75.04,1951.1,75.03,268.5,75.02,505.2,75.01,3264.2,75.11,1588.1,75.12,1745.7,75.13,10.0,75.14,3821.9,75.15,448.8
1700000351.0,702,75.08,0.060000000000002274,75.05,200.5,75.11,73.2,6973.2,2517.9,75.05,5.0,SELL,6,75.05,200.5,75.04,757.1,75.03,3916.6,75.02,142.0,75.01,1957.0,75.11,73.2,75.12,778.3,75.13,1015.2,75.14,589.9,75.15,61.3
1700000351.5,703,75.08,0.060000000000002274,75.05,501.7,75.11,261.1,1586.3000000000002,1547.3,75.05,83.6,SELL,2,75.05,501.7,75.04,462.5,75.03,219.7,75.02,72.4,75.01,330.0,75.11,261.1,75.12,310.2,75.13,521.5,75.14,437.2,75.15,17.3
1700000352.0,704,75.08,0.060000000000002274,75.05,600.7,75.11,310.8,5160.9,6155.599999999999,75.05,41.1,SELL,1,75.05,600.7,75.04,978.3,75.03,2418.4,75.02,63.6,75.01,1099.9,75.11,310.8,75.12,1184.1,75.13,432.9,75.14,1364.3,75.15,2863.5
1700000352.5,705,75.065,0.04999999999999716,75.04,225.6,75.09,10.0,3647.8,5644.5,75.04,25.1,SELL,1,75.04,225.6,75.03,595.2,75.02,137.5,75.01,288.1,75.0,2401.4,75.09,10.0,75.1,723.3,75.11,962.2,75.12,816.0,75.13,3133.0
1700000353.0,706,75.08,0.060000000000002274,75.05,822.5,75.11,207.9,3046.4,3241.0,75.11,66.3,BUY,2,75.05,822.5,75.04,139.3,75.03,776.6,75.02,828.1,75.01,479.9,75.11,207.9,75.12,698.6,75.13,587.6,75.14,768.0,75.15,978.9
1700000353.5,707,75.08,0.060000000000002274,75.05,307.4,75.11,456.2,6684.4,5165.3,75.05,13.5,SELL,1,75.05,307.4,75.04,873.1,75.03,1644.0,75.02,2275.5,75.01,1584.4,75.11,456.2,75.12,95.9,75.13,860.1,75.14,1080.4,75.15,2672.7
1700000354.0,708,75.09,0.04000000000000625,75.07,271.2,75.11,79.8,5211.5,7656.0,75.11,5.0,BUY,3,75.07,271.2,75.06,598.9,75.05,930.3,75.04,2919.6,75.03,491.5,75.11,79.8,75.12,290.5,75.13,791.1,75.14,4266.5,75.15,2228.1
1700000354.5,709,75.09,0.060000000000002274,75.06,521.3,75.12,174.2,7778.6,4079.5,75.12,12.2,BUY,4,75.06,521.3,75.05,914.3,75.04,307.8,75.03,763.1,75.02,5272.1,75.12,174.2,75.13,837.5,75.14,225.9,75.15,1734.2,75.16,1107.7
1700000355.0,710,75.08,0.060000000000002274,75.05,336.2,75.11,207.6,3130.8,2914.0,75.11,14.4,BUY,1,75.05,336.2,75.04,321.5,75.03,597.9,75.02,784.0,75.01,1091.2,75.11,207.6,75.12,138.9,75.13,461.6,75.14,773.7,75.15,1332.2
1700000355.5,711,75.09,0.060000000000002274,75.06,661.7,75.12,101.0,4891.1,6304.400000000001,75.06,5.0,SELL,1,75.06,661.7,75.05,182.5,75.04,994.3,75.03,844.9,75.02,2207.7,75.12,101.0,75.13,1685.4,75.14,2088.3,75.15,691.0,75.16,1738.7
1700000356.0,712,75.09,0.060000000000002274,75.06,482.6,75.12,233.8,2141.5,3041.1,75.12,26.0,BUY,3,75.06,482.6,75.05,446.5,75.04,126.4,75.03,526.3,75.02,559.7,75.12,233.8,75.13,254.3,75.14,1239.4,75.15,71.6,75.16,1242.0
1700000356.5,713,75.09,0.060000000000002274,75.06,369.9,75.12,251.6,3561.0,3000.4,75.12,5.0,BUY,1,75.06,369.9,75.05,477.5,75.04,1357.0,75.03,529.8,75.02,826.8,75.12,251.6,75.13,677.5,75.14,1126.0,75.15,685.5,75.16,259.8
1700000357.0,714,75.09,0.060000000000002274,75.06,220.9,75.12,160.9,4890.2,6815.1,75.09,0.0,BUY,0,75.06,220.9,75.05,681.1,75.04,1115.5,75.03,1083.0,75.02,1789.7,75.12,160.9,75.13,2529.4,75.14,1256.5,75.15,855.9,75.16,2012.4
1700000357.5,715,75.09,0.060000000000002274,75.06,38.8,75.12,2055.5,2550.0,6636.7,75.12,29.7,BUY,1,75.06,38.8,75.05,1994.6,75.04,73.3,75.03,412.3,75.02,31.0,75.12,2055.5,75.13,1515.0,75.14,605.7,75.15,746.8,75.16,1713.7
1700000358.0,716,75.08,0.060000000000002274,75.05,486.4,75.11,758.5,6171.900000000001,3851.1999999999994,75.11,101.1,BUY,1,75.05,486.4,75.04,917.5,75.03,2467.2,75.02,1418.5,75.01,882.3,75.11,758.5,75.12,782.6,75.13,726.8,75.14,560.2,75.15,1023.1
1700000358.5,717,75.08,0.060000000000002274,75.05,263.6,75.11,884.3,3100.7000000000003,4106.299999999999,75.11,62.8,BUY,3,75.05,263.6,75.04,658.3,75.03,690.6,75.02,1158.3,75.01,329.9,75.11,884.3,75.12,2196.1,75.13,472.3,75.14,514.1,75.15,39.5
1700000359.0,718,75.08,0.060000000000002274,75.05,529.7,75.11,213.6,3149.6000000000004,2509.7,75.11,72.4,BUY,1,75.05,529.7,75.04,464.8,75.03,876.9,75.02,445.0,75.01,833.2,75.11,213.6,75.12,685.2,75.13,925.8,75.14,617.3,75.15,67.8
1700000359.5,719,75.07,0.05999999999998806,75.04,252.7,75.1,512.5,3880.1,5926.2,75.04,26.4,SELL,3,75.04,252.7,75.03,363.8,75.02,507.6,75.01,899.4,75.0,1856.6,75.1,512.5,75.11,1169.8,75.12,1681.4,75.13,529.7,75.14,2032.8
1700000360.0,720,75.08,0.060000000000002274,75.05,1140.9,75.11,184.3,4118.8,1462.6,75.11,24.5,BUY,4,75.05,1140.9,75.04,895.0,75.03,1714.0,75.02,61.6,75.01,307.3,75.11,184.3,75.12,368.5,75.13,527.0,75.14,324.8,75.15,58.0
1700000360.5,721,75.08,0.060000000000002274,75.05,1701.4,75.11,1439.1,3766.4,5908.1,75.11,5.0,BUY,1,75.05,1701.4,75.04,128.3,75.03,1343.2,75.02,367.0,75.01,226.5,75.11,1439.1,75.12,2226.8,75.13,1064.8,75.14,1018.1,75.15,159.3
1700000361.0,722,75.08,0.060000000000002274,75.05,528.0,75.11,201.3,2533.4,3001.6,75.05,79.8,SELL,1,75.05,528.0,75.04,721.7,75.03,305.6,75.02,807.6,75.01,170.5,75.11,201.3,75.12,546.4,75.13,10.0,75.14,1946.2,75.15,297.7
1700000361.5,723,75.08,0.03999999999999204,75.06,244.7,75.1,1204.3,4616.7,4385.699999999999,75.1,5.0,BUY,2,75.06,244.7,75.05,271.2,75.04,2214.0,75.03,1277.6,75.02,609.2,75.1,1204.3,75.11,1181.1,75.12,480.2,75.13,104.7,75.14,1415.4
1700000362.0,724,75.08,0.03999999999999204,75.06,455.1,75.1,2530.6,3902.8,7574.500000000001,75.06,8.9,SELL,1,75.06,455.1,75.05,846.6,75.04,831.2,75.03,1247.0,75.02,522.9,75.1,2530.6,75.11,919.7,75.12,2233.9,75.13,1375.7,75.14,514.6
1700000362.5,725,75.08,0.03999999999999204,75.06,945.7,75.1,120.6,5377.0,10092.0,75.1,20.9,BUY,4,75.06,945.7,75.05,219.6,75.04,898.7,75.03,1893.0,75.02,1420.0,75.1,120.6,75.11,406.4,75.12,2364.1,75.13,3576.8,75.14,3624.1
1700000363.0,726,75.08,0.060000000000002274,75.05,158.3,75.11,34.7,3225.8,4404.8,75.05,18.3,SELL,1,75.05,158.3,75.04,119.4,75.03,2761.8,75.02,104.4,75.01,81.9,75.11,34.7,75.12,136.5,75.13,650.9,75.14,3272.0,75.15,310.7
1700000363.5,727,75.08,0.060000000000002274,75.05,387.0,75.11,203.8,2506.2,3238.6000000000004,75.05,14.7,SELL,2,75.05,387.0,75.04,1008.4,75.03,118.3,75.02,171.7,75.01,820.8,75.11,203.8,75.12,1445.5,75.13,460.0,75.14,557.9,75.15,571.4
1700000364.0,728,75.09,0.060000000000002274,75.06,1107.2,75.12,1703.0,2901.7000000000003,7021.6,75.12,38.0,BUY,2,75.06,1107.2,75.05,1181.9,75.04,298.4,75.03,280.1,75.02,34.1,75.12,1703.0,75.13,2185.5,75.14,1251.6,75.15,283.3,75.16,1598.2
1700000364.5,729,75.09,0.04000000000000625,75.07,2252.3,75.11,31.2,4026.7000000000003,2041.5,75.09,0.0,BUY,0,75.07,2252.3,75.06,393.5,75.05,950.6,75.04,59.8,75.03,370.5,75.11,31.2,75.12,766.9,75.13,605.5,75.14,67.3,75.15,570.6
1700000365.0,730,75.08,0.060000000000002274,75.05,333.9,75.11,433.0,1871.6,5767.200000000001,75.08,0.0,BUY,0,75.05,333.9,75.04,307.6,75.03,43.6,75.02,387.7,75.01,798.8,75.11,433.0,75.12,46.1,75.13,4691.7,75.14,388.1,75.15,208.3
1700000365.5,731,75.065,0.04999999999999716,75.04,735.5,75.09,695.4,7471.200000000001,2619.1,75.065,0.0,BUY,0,75.04,735.5,75.03,2372.8,75.02,26.8,75.01,2288.8,75.0,2047.3,75.09,695.4,75.1,317.7,75.11,604.8,75.12,516.8,75.13,484.4
1700000366.0,732,75.06,0.060000000000002274,75.03,173.7,75.09,1832.1,4252.3,7985.8,75.09,5.5,BUY,1,75.03,173.7,75.02,516.6,75.01,2449.9,75.0,287.0,74.99,825.1,75.09,1832.1,75.1,2113.9,75.11,425.2,75.12,1056.3,75.13,2558.3
1700000366.5,733,75.065,0.04999999999999716,75.04,631.9,75.09,950.6,9318.0,5547.9,75.04,117.8,SELL,2,75.04,631.9,75.03,2099.3,75.02,4543.8,75.01,1172.2,75.0,870.8,75.09,950.6,75.1,453.7,75.11,1719.8,75.12,582.2,75.13,1841.6
1700000367.0,734,75.065,0.04999999999999716,75.04,49.8,75.09,64.8,3991.2000000000003,2007.8000000000002,75.09,39.6,BUY,3,75.04,49.8,75.03,240.9,75.02,2115.3,75.01,53.3,75.0,1531.9,75.09,64.8,75.1,983.2,75.11,237.7,75.12,50.7,75.13,671.4
1700000367.5,735,75.06,0.060000000000002274,75.03,305.7,75.09,42.6,1295.9,9865.8,75.03,46.0,SELL,1,75.03,305.7,75.02,251.5,75.01,394.1,75.0,106.8,74.99,237.8,75.09,42.6,75.1,3772.9,75.11,933.8,75.12,343.6,75.13,4772.9
1700000368.0,736,75.06,0.060000000000002274,75.03,863.1,75.09,151.0,1567.7,3414.3,75.09,5.0,BUY,1,75.03,863.1,75.02,158.2,75.01,239.0,75.0,23.9,74.99,283.5,75.09,151.0,75.1,789.1,75.11,31.6,75.12,377.1,75.13,2065.5
1700000368.5,737,75.065,0.04999999999999716,75.04,1241.1,75.09,2084.1,4950.5,3878.8,75.04,5.2,SELL,3,75.04,1241.1,75.03,1091.2,75.02,846.7,75.01,384.0,75.0,1387.5,75.09,2084.1,75.1,180.9,75.11,203.7,75.12,652.4,75.13,757.7
1700000369.0,738,75.065,0.04999999999999716,75.04,37.8,75.09,1313.8,5048.1,7802.3,75.04,25.2,SELL,2,75.04,37.8,75.03,11.8,75.02,1349.8,75.01,638.8,75.0,3009.9,75.09,1313.8,75.1,693.5,75.11,4413.8,75.12,653.9,75.13,727.3
1700000369.5,739,75.07,0.04000000000000625,75.05,2567.3,75.09,402.9,6301.9,9065.7,75.05,19.5,SELL,3,75.05,2567.3,75.04,591.3,75.03,915.7,75.02,1039.2,75.01,1188.4,75.09,402.9,75.1,2010.4,75.11,464.2,75.12,3099.5,75.13,3088.7
1700000370.0,740,75.065,0.04999999999999716,75.04,1921.1,75.09,29.4,11316.0,5444.3,75.04,35.1,SELL,4,75.04,1921.1,75.03,40.2,75.02,3426.5,75.01,2286.5,75.0,3641.7,75.09,29.4,75.1,504.8,75.11,274.8,75.12,4038.1,75.13,597.2
1700000370.5,741,75.065,0.04999999999999716,75.04,2829.2,75.09,707.2,6213.499999999999,3715.9,75.04,53.6,SELL,5,75.04,2829.2,75.03,1357.1,75.02,435.1,75.01,1380.4,75.0,211.7,75.09,707.2,75.1,890.3,75.11,273.9,75.12,1225.9,75.13,618.6
1700000371.0,742,79.00999999999999,0.04000000000000625,78.99,236.1,79.03,693.7,8442.4,5303.7,79.03,39.7,BUY,2,78.99,236.1,78.98,223.2,78.97,3854.7,78.96,1432.3,78.95,2696.1,79.03,693.7,79.04,420.7,79.05,943.9,79.06,2482.2,79.07,763.2
1700000371.5,743,79.00999999999999,0.04000000000000625,78.99,205.5,79.03,242.1,8282.7,3222.8,78.99,5.0,SELL,4,78.99,205.5,78.98,10.0,78.97,4829.7,78.96,711.1,78.95,2526.4,79.03,242.1,79.04,193.9,79.05,136.9,79.06,2082.9,79.07,567.0
1700000372.0,744,79.02,0.060000000000002274,78.99,25.4,79.05,1056.5,9041.900000000001,4420.1,79.02,0.0,BUY,0,78.99,25.4,78.98,3023.2,78.97,435.5,78.96,2200.5,78.95,3357.3,79.05,1056.5,79.06,980.6,79.07,1085.7,79.08,140.1,79.09,1157.2
1700000372.5,745,79.01,0.060000000000002274,78.98,57.3,79.04,639.4,2750.7,1405.6999999999998,79.04,69.3,BUY,1,78.98,57.3,78.97,60.6,78.96,104.3,78.95,2346.9,78.94,181.6,79.04,639.4,79.05,497.0,79.06,46.6,79.07,21.1,79.08,201.6
1700000373.0,746,79.0,0.060000000000002274,78.97,21.9,79.03,1508.4,5170.9,5899.4,78.97,5.8,SELL,4,78.97,21.9,78.96,1641.4,78.95,251.6,78.94,312.5,78.93,2943.5,79.03,1508.4,79.04,114.5,79.05,954.4,79.06,2001.7,79.07,1320.4
1700000373.5,747,79.00999999999999,0.04000000000000625,78.99,344.3,79.03,219.5,4716.5,4668.9,79.03,22.5,BUY,4,78.99,344.3,78.98,847.4,78.97,2092.7,78.96,1093.3,78.95,338.8,79.03,219.5,79.04,13.6,79.05,1177.6,79.06,1307.2,79.07,1951.0
1700000374.0,748,79.01,0.060000000000002274,78.98,769.1,79.04,260.7,4405.4,3635.7000000000003,78.98,5.0,SELL,2,78.98,769.1,78.97,159.1,78.96,2358.0,78.95,196.3,78.94,922.9,79.04,260.7,79.05,742.1,79.06,749.6,79.07,871.4,79.08,1011.9
1700000374.5,749,79.01,0.060000000000002274,78.98,865.8,79.04,153.0,4280.9,5055.5,79.04,5.0,BUY,1,78.98,865.8,78.97,180.2,78.96,828.2,78.95,142.1,78.94,2264.6,79.04,153.0,79.05,104.4,79.06,134.7,79.07,3811.6,79.08,851.8
1700000375.0,750,79.01,0.060000000000002274,78.98,710.6,79.04,124.1,3061.1,2874.1000000000004,79.04,303.3,BUY,3,78.98,710.6,78.97,791.9,78.96,584.1,78.95,451.5,78.94,523.0,79.04,124.1,79.05,331.5,79.06,224.6,79.07,2119.4,79.08,74.5
1700000375.5,751,79.01,0.060000000000002274,78.98,110.4,79.04,583.7,4255.900000000001,3523.5,78.98,74.1,SELL,1,78.98,110.4,78.97,105.0,78.96,1862.6,78.95,1668.3,78.94,509.6,79.04,583.7,79.05,273.5,79.06,1595.6,79.07,400.4,79.08,670.3
1700000376.0,752,79.02,0.060000000000002274,78.99,1074.2,79.05,399.2,3649.7,10142.8,78.99,86.1,SELL,1,78.99,1074.2,78.98,1272.9,78.97,696.7,78.96,496.7,78.95,109.2,79.05,399.2,79.06,1735.3,79.07,1102.1,79.08,2012.6,79.09,4893.6
1700000376.5,753,79.02,0.060000000000002274,78.99,592.2,79.05,1512.2,4557.8,5611.6,78.99,128.4,SELL,3,78.99,592.2,78.98,2164.4,78.97,1031.4,78.96,596.6,78.95,173.2,79.05,1512.2,79.06,1669.7,79.07,229.3,79.08,1962.0,79.09,238.4
1700000377.0,754,79.02,0.060000000000002274,78.99,97.7,79.05,2421.7,1468.1999999999998,6003.1,78.99,16.3,SELL,1,78.99,97.7,78.98,250.3,78.97,485.6,78.96,304.0,78.95,330.6,79.05,2421.7,79.06,668.9,79.07,1644.8,79.08,1008.6,79.09,259.1
1700000377.5,755,79.00999999999999,0.04000000000000625,78.99,415.0,79.03,753.3,6442.599999999999,2826.3999999999996,79.03,5.0,BUY,2,78.99,415.0,78.98,188.4,78.97,1498.7,78.96,156.6,78.95,4183.9,79.03,753.3,79.04,233.8,79.05,190.3,79.06,879.7,79.07,769.3
1700000378.0,756,79.01,0.060000000000002274,78.98,415.9,79.04,1327.7,2608.7,6458.700000000001,79.04,80.9,BUY,1,78.98,415.9,78.97,386.2,78.96,11.3,78.95,543.8,78.94,1251.5,79.04,1327.7,79.05,684.5,79.06,1803.6,79.07,368.6,79.08,2274.3
1700000378.5,757,79.01,0.060000000000002274,78.98,365.7,79.04,247.8,5043.8,3744.8,79.01,0.0,BUY,0,78.98,365.7,78.97,2211.4,78.96,1727.1,78.95,172.5,78.94,567.1,79.04,247.8,79.05,489.0,79.06,946.3,79.07,318.9,79.08,1742.8
1700000379.0,758,79.0,0.060000000000002274,78.97,288.2,79.03,17.9,7504.599999999999,2696.5,78.97,116.8,SELL,2,78.97,288.2,78.96,4248.2,78.95,2373.5,78.94,442.7,78.93,152.0,79.03,17.9,79.04,194.9,79.05,1409.0,79.06,40.1,79.07,1034.6
1700000379.5,759,79.0,0.060000000000002274,78.97,732.0,79.03,308.5,3208.7,3314.3,79.03,15.5,BUY,2,78.97,732.0,78.96,251.9,78.95,1660.2,78.94,122.9,78.93,441.7,79.03,308.5,79.04,1382.7,79.05,350.2,79.06,1202.5,79.07,70.4
1700000380.0,760,79.0,0.060000000000002274,78.97,127.3,79.03,176.5,2008.3999999999996,903.6,78.97,58.0,SELL,1,78.97,127.3,78.96,741.4,78.95,714.5,78.94,88.1,78.93,337.1,79.03,176.5,79.04,404.9,79.05,220.5,79.06,91.7,79.07,10.0
1700000380.5,761,79.0,0.060000000000002274,78.97,252.5,79.03,200.5,2558.5,3175.9,79.03,5.0,BUY,4,78.97,252.5,78.96,308.1,78.95,1658.3,78.94,321.0,78.93,18.6,79.03,200.5,79.04,686.7,79.05,1063.3,79.06,673.0,79.07,552.4
1700000381.0,762,79.0,0.060000000000002274,78.97,291.1,79.03,3002.7,2680.8999999999996,4524.5,79.0,0.0,BUY,0,78.97,291.1,78.96,1024.5,78.95,541.8,78.94,287.3,78.93,536.2,79.03,3002.7,79.04,175.2,79.05,576.4,79.06,603.7,79.07,166.5
1700000381.5,763,79.0,0.060000000000002274,78.97,403.2,79.03,381.8,5335.5,2118.2,79.0,0.0,BUY,0,78.97,403.2,78.96,2691.3,78.95,570.0,78.94,1626.6,78.93,44.4,79.03,381.8,79.04,827.3,79.05,117.6,79.06,400.4,79.07,391.1
1700000382.0,764,79.0,0.060000000000002274,78.97,306.6,79.03,513.0,3330.5,2390.7,78.97,5.0,SELL,1,78.97,306.6,78.96,443.6,78.95,1030.6,78.94,1458.0,78.93,91.7,79.03,513.0,79.04,238.8,79.05,731.1,79.06,233.0,79.07,674.8
1700000382.5,765,79.01,0.060000000000002274,78.98,532.6,79.04,2156.0,1493.6,8472.4,78.98,61.4,SELL,1,78.98,532.6,78.97,38.4,78.96,266.9,78.95,280.6,78.94,375.1,79.04,2156.0,79.05,928.3,79.06,2977.6,79.07,1405.3,79.08,1005.2
1700000383.0,766,79.01,0.060000000000002274,78.98,152.7,79.04,196.0,7081.9,3542.4,79.04,5.0,BUY,2,78.98,152.7,78.97,2231.6,78.96,630.3,78.95,3107.0,78.94,960.3,79.04,196.0,79.05,58.7,79.06,1141.2,79.07,1636.6,79.08,509.9
1700000383.5,767,79.01,0.060000000000002274,78.98,192.7,79.04,399.3,4124.7,1536.1,79.04,5.0,BUY,2,78.98,192.7,78.97,421.0,78.96,1106.0,78.95,405.2,78.94,1999.8,79.04,399.3,79.05,233.6,79.06,102.7,79.07,10.0,79.08,790.5
1700000384.0,768,79.01,0.060000000000002274,78.98,282.8,79.04,1817.8,8507.4,3022.7,79.04,80.9,BUY,1,78.98,282.8,78.97,3635.5,78.96,937.9,78.95,111.1,78.94,3540.1,79.04,1817.8,79.05,120.6,79.06,486.2,79.07,425.4,79.08,172.7
1700000384.5,769,79.0,0.060000000000002274,78.97,176.7,79.03,586.6,2077.9,5112.7,79.03,87.7,BUY,1,78.97,176.7,78.96,408.4,78.95,191.1,78.94,500.3,78.93,801.4,79.03,586.6,79.04,1809.1,79.05,426.6,79.06,321.8,79.07,1968.6
1700000385.0,770,79.0,0.060000000000002274,78.97,161.6,79.03,167.5,6955.5,8315.4,79.03,5.0,BUY,2,78.97,161.6,78.96,617.4,78.95,925.6,78.94,1093.6,78.93,4157.3,79.03,167.5,79.04,10.0,79.05,109.3,79.06,131.3,79.07,7897.3
1700000385.5,771,79.0,0.060000000000002274,78.97,1802.9,79.03,1048.6,4256.900000000001,3867.0,79.03,53.0,BUY,3,78.97,1802.9,78.96,138.0,78.95,106.5,78.94,667.2,78.93,1542.3,79.03,1048.6,79.04,680.4,79.05,1532.5,79.06,294.0,79.07,311.5
1700000386.0,772,79.0,0.060000000000002274,78.97,1422.1,79.03,99.2,2602.0,3030.6,79.03,15.6,BUY,2,78.97,1422.1,78.96,206.4,78.95,93.0,78.94,754.1,78.93,126.4,79.03,99.2,79.04,1512.8,79.05,293.4,79.06,909.1,79.07,216.1
1700000386.5,773,79.0,0.060000000000002274,78.97,1257.2,79.03,2291.0,7183.5,5094.6,79.03,24.4,BUY,1,78.97,1257.2,78.96,10.0,78.95,19.2,78.94,763.8,78.93,5133.3,79.03,2291.0,79.04,10.0,79.05,256.6,79.06,1864.7,79.07,672.3
1700000387.0,774,79.01,0.060000000000002274,78.98,418.4,79.04,102.3,3440.2,4229.2,79.04,14.2,BUY,1,78.98,418.4,78.97,255.1,78.96,305.9,78.95,758.3,78.94,1702.5,79.04,102.3,79.05,579.4,79.06,278.3,79.07,2888.5,79.08,380.7
1700000387.5,775,79.0,0.060000000000002274,78.97,568.7,79.03,592.2,4493.7,5154.5,78.97,24.6,SELL,3,78.97,568.7,78.96,250.4,78.95,61.6,78.94,2021.3,78.93,1591.7,79.03,592.2,79.04,1045.1,79.05,374.1,79.06,332.9,79.07,2810.2
1700000388.0,776,79.0,0.060000000000002274,78.97,946.2,79.03,1056.1,3319.0000000000005,4565.400000000001,79.03,8.6,BUY,1,78.97,946.2,78.96,501.5,78.95,821.2,78.94,774.7,78.93,275.4,79.03,1056.1,79.04,1367.5,79.05,311.8,79.06,748.2,79.07,1081.8
1700000388.5,777,78.99,0.060000000000002274,78.96,1891.0,79.02,177.2,4550.4,6107.0,78.96,46.0,SELL,1,78.96,1891.0,78.95,185.3,78.94,353.1,78.93,566.6,78.92,1554.4,79.02,177.2,79.03,390.6,79.04,112.3,79.05,3310.0,79.06,2116.9
1700000389.0,778,78.99,0.060000000000002274,78.96,104.6,79.02,271.7,946.7,4544.3,78.96,11.2,SELL,2,78.96,104.6,78.95,226.5,78.94,278.1,78.93,159.4,78.92,178.1,79.02,271.7,79.03,98.0,79.04,1923.5,79.05,1571.5,79.06,679.6
1700000389.5,779,78.98,0.060000000000002274,78.95,363.6,79.01,657.6,4845.1,3685.0,79.01,49.1,BUY,3,78.95,363.6,78.94,970.3,78.93,2938.6,78.92,206.8,78.91,365.8,79.01,657.6,79.02,1478.1,79.03,960.3,79.04,74.3,79.05,514.7
1700000390.0,780,78.98,0.060000000000002274,78.95,56.3,79.01,1782.5,7296.0,4796.6,78.95,5.0,SELL,1,78.95,56.3,78.94,297.1,78.93,179.1,78.92,128.3,78.91,6635.2,79.01,1782.5,79.02,125.9,79.03,938.8,79.04,470.5,79.05,1478.9
1700000390.5,781,78.98,0.060000000000002274,78.95,333.3,79.01,1778.3,3797.0,4153.0,78.95,5.2,SELL,3,78.95,333.3,78.94,694.1,78.93,648.6,78.92,805.3,78.91,1315.7,79.01,1778.3,79.02,1084.7,79.03,386.5,79.04,455.0,79.05,448.5
1700000391.0,782,78.99000000000001,0.04000000000000625,78.97,88.1,79.01,87.6,3306.7,4870.1,78.99000000000001,0.0,BUY,0,78.97,88.1,78.96,646.7,78.95,278.8,78.94,592.8,78.93,1700.3,79.01,87.6,79.02,910.1,79.03,1414.3,79.04,20.4,79.05,2437.7
1700000391.5,783,78.99,0.060000000000002274,78.96,1064.8,79.02,293.0,3266.7,874.7,79.02,77.0,BUY,3,78.96,1064.8,78.95,628.6,78.94,391.2,78.93,1107.6,78.92,74.5,79.02,293.0,79.03,239.8,79.04,186.7,79.05,29.2,79.06,126.0
1700000392.0,784,78.98,0.060000000000002274,78.95,77.8,79.01,480.8,3460.4,9466.1,79.01,16.9,BUY,2,78.95,77.8,78.94,79.2,78.93,792.1,78.92,1430.9,78.91,1080.4,79.01,480.8,79.02,227.9,79.03,766.1,79.04,1070.8,79.05,6920.5
1700000392.5,785,78.99000000000001,0.04000000000000625,78.97,62.8,79.01,12.9,1397.9,3334.8,78.97,36.6,SELL,5,78.97,62.8,78.96,452.4,78.95,751.8,78.94,58.4,78.93,72.5,79.01,12.9,79.02,617.2,79.03,481.6,79.04,959.8,79.05,1263.3
1700000393.0,786,78.99,0.060000000000002274,78.96,543.0,79.02,2126.6,2538.1000000000004,8730.4,79.02,11.5,BUY,3,78.96,543.0,78.95,103.7,78.94,69.2,78.93,641.2,78.92,1181.0,79.02,2126.6,79.03,349.4,79.04,145.1,79.05,569.6,79.06,5539.7
1700000393.5,787,78.97999999999999,0.04000000000000625,78.96,805.3,79.0,1414.1,2729.7,4206.3,79.0,42.6,BUY,5,78.96,805.3,78.95,237.6,78.94,193.4,78.93,1167.3,78.92,326.1,79.0,1414.1,79.01,1660.9,79.02,214.8,79.03,700.7,79.04,215.8
1700000394.0,788,78.97999999999999,0.04000000000000625,78.96,1286.4,79.0,575.1,7345.0,4400.099999999999,78.96,54.9,SELL,1,78.96,1286.4,78.95,1501.2,78.94,1083.9,78.93,644.8,78.92,2828.7,79.0,575.1,79.01,706.6,79.02,861.7,79.03,1808.3,79.04,448.4
1700000394.5,789,78.98,0.060000000000002274,78.95,1198.5,79.01,204.5,2532.7,5366.6,78.95,5.8,SELL,6,78.95,1198.5,78.94,136.0,78.93,389.0,78.92,625.1,78.91,184.1,79.01,204.5,79.02,458.1,79.03,12.7,79.04,73.0,79.05,4618.3
1700000395.0,790,78.98,0.060000000000002274,78.95,683.4,79.01,178.3,4355.0,6742.3,78.95,97.5,SELL,1,78.95,683.4,78.94,267.6,78.93,473.5,78.92,1148.6,78.91,1781.9,79.01,178.3,79.02,5378.4,79.03,370.0,79.04,698.8,79.05,116.8
1700000395.5,791,78.98,0.060000000000002274,78.95,276.8,79.01,263.9,6654.900000000001,2980.6000000000004,79.01,5.0,BUY,1,78.95,276.8,78.94,954.2,78.93,620.6,78.92,4295.0,78.91,508.3,79.01,263.9,79.02,1155.5,79.03,78.1,79.04,48.4,79.05,1434.7
1700000396.0,792,78.97999999999999,0.04000000000000625,78.96,550.5,79.0,909.8,7416.1,7384.0,78.97999999999999,0.0,BUY,0,78.96,550.5,78.95,2176.8,78.94,379.5,78.93,23.5,78.92,4285.8,79.0,909.8,79.01,1513.7,79.02,1810.6,79.03,951.5,79.04,2198.4
1700000396.5,793,78.98,0.060000000000002274,78.95,404.9,79.01,19.5,4231.9,8832.9,79.01,95.1,BUY,1,78.95,404.9,78.94,586.1,78.93,99.1,78.92,2736.5,78.91,405.3,79.01,19.5,79.02,5985.6,79.03,2016.4,79.04,482.0,79.05,329.4
1700000397.0,794,78.98,0.060000000000002274,78.95,35.2,79.01,592.9,6238.3,3764.3999999999996,78.98,0.0,BUY,0,78.95,35.2,78.94,51.9,78.93,507.5,78.92,3026.9,78.91,2616.8,79.01,592.9,79.02,1000.2,79.03,171.8,79.04,739.4,79.05,1260.1
1700000397.5,795,78.98,0.060000000000002274,78.95,384.6,79.01,304.2,7932.299999999999,2747.0,78.98,0.0,BUY,0,78.95,384.6,78.94,1583.0,78.93,453.2,78.92,3277.5,78.91,2234.0,79.01,304.2,79.02,946.4,79.03,297.9,79.04,202.8,79.05,995.7
1700000398.0,796,78.97,0.060000000000002274,78.94,1463.5,79.0,141.6,5179.200000000001,4660.2,78.94,93.7,SELL,1,78.94,1463.5,78.93,56.4,78.92,1840.4,78.91,727.4,78.9,1091.5,79.0,141.6,79.01,2141.3,79.02,961.6,79.03,364.9,79.04,1050.8
1700000398.5,797,78.99,0.060000000000002274,78.96,364.7,79.02,1235.7,3889.3,5711.5,78.96,44.4,SELL,2,78.96,364.7,78.95,64.8,78.94,1155.7,78.93,472.6,78.92,1831.5,79.02,1235.7,79.03,1547.3,79.04,1179.0,79.05,273.4,79.06,1476.1
1700000399.0,798,78.99,0.060000000000002274,78.96,732.8,79.02,701.0,2808.4,6692.099999999999,79.02,87.5,BUY,3,78.96,732.8,78.95,102.8,78.94,51.6,78.93,345.8,78.92,1575.4,79.02,701.0,79.03,636.5,79.04,1937.6,79.05,2462.8,79.06,954.2
1700000399.5,799,78.98,0.060000000000002274,78.95,127.2,79.01,328.4,3405.2,5510.3,78.95,39.2,SELL,1,78.95,127.2,78.94,511.6,78.93,1039.8,78.92,740.8,78.91,985.8,79.01,328.4,79.02,1502.1,79.03,1443.7,79.04,320.8,79.05,1915.3
1700000400.0,800,78.98,0.060000000000002274,78.95,329.7,79.01,10.0,5285.200000000001,4401.400000000001,79.01,5.0,BUY,1,78.95,329.7,78.94,89.5,78.93,231.4,78.92,1500.8,78.91,3133.8,79.01,10.0,79.02,155.5,79.03,1072.9,79.04,1340.7,79.05,1822.3
1700000400.5,801,78.99,0.060000000000002274,78.96,658.8,79.02,1795.5,4414.2,7153.5,79.02,25.3,BUY,2,78.96,658.8,78.95,1332.5,78.94,18.8,78.93,1133.3,78.92,1270.8,79.02,1795.5,79.03,1661.0,79.04,2069.2,79.05,114.7,79.06,1513.1
1700000401.0,802,78.99,0.060000000000002274,78.96,219.2,79.02,1063.7,3565.6,7544.5,78.99,0.0,BUY,0,78.96,219.2,78.95,128.6,78.94,323.6,78.93,113.1,78.92,2781.1,79.02,1063.7,79.03,91.7,79.04,551.3,79.05,2606.5,79.06,3231.3
1700000401.5,803,79.0,0.060000000000002274,78.97,858.7,79.03,906.4,3449.8,9311.8,79.0,0.0,BUY,0,78.97,858.7,78.96,1510.4,78.95,298.4,78.94,411.6,78.93,370.7,79.03,906.4,79.04,561.6,79.05,3916.7,79.06,2188.5,79.07,1738.6
1700000402.0,804,79.0,0.03999999999999204,78.98,197.7,79.02,51.4,2938.5,2874.3999999999996,79.02,5.0,BUY,2,78.98,197.7,78.97,756.7,78.96,293.2,78.95,52.5,78.94,1638.4,79.02,51.4,79.03,610.0,79.04,393.8,79.05,1501.0,79.06,318.2
1700000402.5,805,79.0,0.03999999999999204,78.98,372.4,79.02,633.5,3711.8,4690.799999999999,79.02,13.3,BUY,3,78.98,372.4,78.97,444.5,78.96,574.0,78.95,47.1,78.94,2273.8,79.02,633.5,79.03,317.5,79.04,41.1,79.05,2312.2,79.06,1386.5
1700000403.0,806,78.99000000000001,0.04000000000000625,78.97,46.1,79.01,343.4,4566.9,1491.6999999999998,78.97,11.7,SELL,1,78.97,46.1,78.96,2067.5,78.95,744.1,78.94,1409.0,78.93,300.2,79.01,343.4,79.02,133.4,79.03,114.8,79.04,376.2,79.05,523.9
1700000403.5,807,78.99,0.060000000000002274,78.96,26.3,79.02,309.5,2574.6,7070.1,78.96,6.9,SELL,2,78.96,26.3,78.95,101.3,78.94,467.3,78.93,1548.6,78.92,431.1,79.02,309.5,79.03,375.4,79.04,595.7,79.05,427.7,79.06,5361.8
1700000404.0,808,78.99000000000001,0.04000000000000625,78.97,543.1,79.01,96.0,3227.7000000000003,3511.4,78.97,16.6,SELL,2,78.97,543.1,78.96,1207.4,78.95,128.9,78.94,323.4,78.93,1024.9,79.01,96.0,79.02,2888.4,79.03,336.5,79.04,89.7,79.05,100.8
1700000404.5,809,79.0,0.03999999999999204,78.98,609.5,79.02,80.1,3620.2,5998.2,79.02,13.6,BUY,2,78.98,609.5,78.97,1469.4,78.96,95.0,78.95,306.6,78.94,1139.7,79.02,80.1,79.03,216.6,79.04,1715.7,79.05,3846.9,79.06,138.9
1700000405.0,810,78.685,0.04999999999999716,78.66,1854.5,78.71,550.0,2695.4,5302.8,78.71,23.2,BUY,4,78.66,1854.5,78.65,10.0,78.64,80.0,78.63,501.3,78.62,249.6,78.71,550.0,78.72,704.1,78.73,1841.3,78.74,1548.1,78.75,659.3
1700000405.5,811,78.685,0.04999999999999716,78.66,518.6,78.71,1252.6,5947.1,4998.099999999999,78.71,6.7,BUY,2,78.66,518.6,78.65,685.8,78.64,1713.6,78.63,1657.3,78.62,1371.8,78.71,1252.6,78.72,300.0,78.73,1184.8,78.74,1133.2,78.75,1127.5
1700000406.0,812,78.68,0.04000000000000625,78.66,720.3,78.7,11.8,5286.5,1793.4,78.66,67.7,SELL,2,78.66,720.3,78.65,1438.8,78.64,201.2,78.63,1405.7,78.62,1520.5,78.7,11.8,78.71,419.6,78.72,436.6,78.73,88.7,78.74,836.7
1700000406.5,813,78.67,0.060000000000002274,78.64,437.8,78.7,35.6,4511.5,6955.5,78.7,22.6,BUY,1,78.64,437.8,78.63,384.5,78.62,3437.4,78.61,17.1,78.6,234.7,78.7,35.6,78.71,496.3,78.72,897.9,78.73,1911.7,78.74,3614.0
1700000407.0,814,78.67,0.060000000000002274,78.64,1038.5,78.7,705.6,8267.0,4785.299999999999,78.64,59.8,SELL,3,78.64,1038.5,78.63,435.9,78.62,4394.8,78.61,1591.8,78.6,806.0,78.7,705.6,78.71,148.5,78.72,3003.9,78.73,780.9,78.74,146.4
1700000407.5,815,78.67,0.060000000000002274,78.64,23.4,78.7,120.7,3738.3,3895.4,78.7,134.8,BUY,1,78.64,23.4,78.63,29.5,78.62,176.7,78.61,2701.9,78.6,806.8,78.7,120.7,78.71,964.2,78.72,778.3,78.73,1146.2,78.74,886.0
1700000408.0,816,78.66,0.060000000000002274,78.63,137.7,78.69,98.6,1926.8999999999999,5107.8,78.69,11.1,BUY,1,78.63,137.7,78.62,290.6,78.61,836.8,78.6,630.6,78.59,31.2,78.69,98.6,78.7,2416.0,78.71,689.9,78.72,1114.1,78.73,789.2
1700000408.5,817,78.67,0.060000000000002274,78.64,1306.3,78.7,232.6,4581.7,3216.5,78.64,21.0,SELL,2,78.64,1306.3,78.63,431.9,78.62,494.1,78.61,1142.4,78.6,1207.0,78.7,232.6,78.71,653.4,78.72,378.4,78.73,26.2,78.74,1925.9
1700000409.0,818,78.67,0.060000000000002274,78.64,97.6,78.7,306.7,4551.7,9005.5,78.7,29.3,BUY,2,78.64,97.6,78.63,508.3,78.62,375.1,78.61,3339.7,78.6,231.0,78.7,306.7,78.71,344.6,78.72,2041.9,78.73,1751.4,78.74,4560.9
1700000409.5,819,78.67,0.060000000000002274,78.64,328.8,78.7,119.0,4798.9,14944.9,78.64,43.1,SELL,2,78.64,328.8,78.63,201.9,78.62,1629.3,78.61,2404.7,78.6,234.2,78.7,119.0,78.71,581.1,78.72,2419.9,78.73,178.1,78.74,11646.8
1700000410.0,820,78.67,0.060000000000002274,78.64,94.7,78.7,1063.6,8775.9,6069.0,78.7,26.4,BUY,2,78.64,94.7,78.63,283.5,78.62,241.8,78.61,3490.0,78.6,4665.9,78.7,1063.6,78.71,106.4,78.72,1941.6,78.73,1381.4,78.74,1576.0
1700000410.5,821,78.67,0.060000000000002274,78.64,621.7,78.7,28.4,4477.6,3308.1,78.67,0.0,BUY,0,78.64,621.7,78.63,35.2,78.62,1298.5,78.61,735.3,78.6,1786.9,78.7,28.4,78.71,212.6,78.72,1153.3,78.73,1526.2,78.74,387.6
1700000411.0,822,78.66,0.060000000000002274,78.63,18.2,78.69,61.6,1670.8,5109.4,78.69,23.5,BUY,2,78.63,18.2,78.62,164.4,78.61,122.5,78.6,123.9,78.59,1241.8,78.69,61.6,78.7,993.4,78.71,138.2,78.72,1634.2,78.73,2282.0
1700000411.5,823,78.66,0.060000000000002274,78.63,71.1,78.69,930.0,4596.799999999999,4787.900000000001,78.69,11.8,BUY,1,78.63,71.1,78.62,252.0,78.61,1056.5,78.6,76.0,78.59,3141.2,78.69,930.0,78.7,89.2,78.71,1217.1,78.72,2257.5,78.73,294.1
1700000412.0,824,78.65,0.04000000000000625,78.63,30.6,78.67,92.3,8039.500000000001,3145.4,78.63,22.8,SELL,2,78.63,30.6,78.62,166.9,78.61,1133.4,78.6,2868.8,78.59,3839.8,78.67,92.3,78.68,1220.8,78.69,628.9,78.7,564.3,78.71,639.1
1700000412.5,825,78.64,0.060000000000002274,78.61,319.8,78.67,115.8,5707.6,3681.8,78.67,12.4,BUY,1,78.61,319.8,78.6,221.7,78.59,881.2,78.58,1942.2,78.57,2342.7,78.67,115.8,78.68,191.9,78.69,1406.5,78.7,1778.9,78.71,188.7
1700000413.0,826,78.63,0.060000000000002274,78.6,102.6,78.66,238.4,2146.4,7048.0,78.63,0.0,BUY,0,78.6,102.6,78.59,75.0,78.58,1633.0,78.57,67.2,78.56,268.6,78.66,238.4,78.67,150.0,78.68,2619.5,78.69,177.6,78.7,3862.5
1700000413.5,827,78.63,0.060000000000002274,78.6,81.6,78.66,399.7,2213.1,3593.9,78.66,5.0,BUY,2,78.6,81.6,78.59,1562.8,78.58,186.1,78.57,117.9,78.56,264.7,78.66,399.7,78.67,1421.1,78.68,26.0,78.69,1656.5,78.7,90.6
1700000414.0,828,78.63,0.04000000000000625,78.61,145.6,78.65,865.4,2514.6000000000004,4242.9,78.63,0.0,BUY,0,78.61,145.6,78.6,141.5,78.59,593.7,78.58,161.0,78.57,1472.8,78.65,865.4,78.66,280.9,78.67,798.3,78.68,1816.9,78.69,481.4
1700000414.5,829,78.63,0.060000000000002274,78.6,1464.9,78.66,191.4,8766.8,3447.5,78.66,5.0,BUY,2,78.6,1464.9,78.59,1294.5,78.58,955.0,78.57,1805.0,78.56,3247.4,78.66,191.4,78.67,560.8,78.68,59.6,78.69,28.3,78.7,2607.4
1700000415.0,830,78.62,0.060000000000002274,78.59,381.6,78.65,178.5,1597.8000000000002,5605.7,78.59,17.4,SELL,1,78.59,381.6,78.58,213.6,78.57,14.9,78.56,438.6,78.55,549.1,78.65,178.5,78.66,126.6,78.67,275.6,78.68,1298.5,78.69,3726.5
1700000415.5,831,78.61,0.060000000000002274,78.58,342.9,78.64,596.6,5582.9,10175.699999999999,78.58,26.7,SELL,1,78.58,342.9,78.57,861.6,78.56,1917.8,78.55,1680.1,78.54,780.5,78.64,596.6,78.65,1166.9,78.66,550.4,78.67,5990.4,78.68,1871.4
1700000416.0,832,78.61,0.060000000000002274,78.58,1214.0,78.64,402.7,4285.6,3792.2999999999997,78.64,5.0,BUY,1,78.58,1214.0,78.57,1347.6,78.56,789.7,78.55,264.9,78.54,669.4,78.64,402.7,78.65,686.8,78.66,1339.7,78.67,60.0,78.68,1303.1
1700000416.5,833,78.61,0.060000000000002274,78.58,128.6,78.64,554.8,2901.0999999999995,7687.700000000001,78.64,56.7,BUY,3,78.58,128.6,78.57,334.8,78.56,132.7,78.55,114.8,78.54,2190.2,78.64,554.8,78.65,507.6,78.66,1570.4,78.67,1704.0,78.68,3350.9
1700000417.0,834,78.595,0.05000000000001137,78.57,826.8,78.62,82.5,2804.2000000000003,4703.6,78.62,27.6,BUY,2,78.57,826.8,78.56,1560.5,78.55,74.0,78.54,251.1,78.53,91.8,78.62,82.5,78.63,2724.8,78.64,142.9,78.65,1210.7,78.66,542.7
1700000417.5,835,78.595,0.05000000000001137,78.57,1809.4,78.62,745.6,14735.3,4436.6,78.595,0.0,BUY,0,78.57,1809.4,78.56,525.3,78.55,8200.4,78.54,18.9,78.53,4181.3,78.62,745.6,78.63,762.7,78.64,296.4,78.65,858.5,78.66,1773.4
1700000418.0,836,78.59,0.060000000000002274,78.56,157.7,78.62,495.4,4062.2,7526.1,78.56,75.2,SELL,1,78.56,157.7,78.55,328.7,78.54,1301.3,78.53,1363.6,78.52,910.9,78.62,495.4,78.63,1318.9,78.64,3179.9,78.65,1902.7,78.66,629.2
1700000418.5,837,78.59,0.060000000000002274,78.56,129.4,78.62,317.4,1981.4,8071.599999999999,78.56,9.5,SELL,1,78.56,129.4,78.55,207.1,78.54,99.3,78.53,186.7,78.52,1358.9,78.62,317.4,78.63,1440.7,78.64,4216.7,78.65,1231.6,78.66,865.2
1700000419.0,838,78.59,0.060000000000002274,78.56,185.7,78.62,837.3,3720.2,6699.9,78.56,5.0,SELL,2,78.56,185.7,78.55,28.2,78.54,132.3,78.53,1829.7,78.52,1544.3,78.62,837.3,78.63,48.8,78.64,1606.3,78.65,60.5,78.66,4147.0
1700000419.5,839,78.595,0.05000000000001137,78.57,1266.6,78.62,334.9,2454.7,3045.1,78.62,25.8,BUY,4,78.57,1266.6,78.56,295.3,78.55,237.2,78.54,340.5,78.53,315.1,78.62,334.9,78.63,693.6,78.64,1346.6,78.65,438.6,78.66,231.4
1700000420.0,840,78.595,0.05000000000001137,78.57,1382.5,78.62,389.4,4810.8,4866.4,78.595,0.0,BUY,0,78.57,1382.5,78.56,17.7,78.55,1501.7,78.54,720.6,78.53,1188.3,78.62,389.4,78.63,574.2,78.64,1387.5,78.65,74.8,78.66,2440.5
1700000420.5,841,78.61,0.060000000000002274,78.58,485.2,78.64,189.5,5159.7,2767.0,78.61,0.0,BUY,0,78.58,485.2,78.57,57.2,78.56,1135.7,78.55,2943.6,78.54,538.0,78.64,189.5,78.65,81.7,78.66,742.1,78.67,1602.9,78.68,150.8
1700000421.0,842,78.61,0.03999999999999204,78.59,535.0,78.63,2039.5,6726.199999999999,4509.8,78.59,65.3,SELL,1,78.59,535.0,78.58,306.4,78.57,3727.7,78.56,528.5,78.55,1628.6,78.63,2039.5,78.64,389.3,78.65,706.7,78.66,1101.8,78.67,272.5
1700000421.5,843,78.595,0.05000000000001137,78.57,145.7,78.62,2564.7,1190.5,9927.6,78.57,10.8,SELL,2,78.57,145.7,78.56,185.8,78.55,45.2,78.54,738.0,78.53,75.8,78.62,2564.7,78.63,3342.3,78.64,1797.5,78.65,1918.1,78.66,305.0
1700000422.0,844,78.595,0.05000000000001137,78.57,10.0,78.62,227.2,5200.0,9515.6,78.595,0.0,BUY,0,78.57,10.0,78.56,1508.4,78.55,942.2,78.54,273.4,78.53,2466.0,78.62,227.2,78.63,502.5,78.64,417.8,78.65,2083.9,78.66,6284.2
1700000422.5,845,78.6,0.04000000000000625,78.58,551.3,78.62,606.4,5493.3,7333.7,78.62,64.4,BUY,2,78.58,551.3,78.57,19.2,78.56,87.6,78.55,2421.8,78.54,2413.4,78.62,606.4,78.63,744.3,78.64,1041.7,78.65,2772.3,78.66,2169.0
1700000423.0,846,78.6,0.060000000000002274,78.57,69.9,78.63,50.5,5054.400000000001,1859.3,78.6,0.0,BUY,0,78.57,69.9,78.56,1356.3,78.55,261.7,78.54,592.2,78.53,2774.3,78.63,50.5,78.64,1103.3,78.65,342.1,78.66,130.3,78.67,233.1
1700000423.5,847,78.61,0.03999999999999204,78.59,157.4,78.63,188.8,3954.5,6496.4,78.63,6.0,BUY,2,78.59,157.4,78.58,44.2,78.57,211.2,78.56,178.9,78.55,3362.8,78.63,188.8,78.64,1860.9,78.65,1579.6,78.66,2724.1,78.67,143.0
1700000424.0,848,75.68,0.05999999999998806,75.65,1415.7,75.71,2356.0,6091.8,6783.6,75.65,44.7,SELL,1,75.65,1415.7,75.64,1314.4,75.63,102.2,75.62,2119.3,75.61,1140.2,75.71,2356.0,75.72,959.8,75.73,1438.5,75.74,449.5,75.75,1579.8
1700000424.5,849,75.68,0.04000000000000625,75.66,42.4,75.7,1418.4,3913.6,5215.7,75.66,5.0,SELL,1,75.66,42.4,75.65,981.9,75.64,1386.3,75.63,130.0,75.62,1373.0,75.7,1418.4,75.71,302.6,75.72,1786.5,75.73,429.9,75.74,1278.3
1700000425.0,850,75.685,0.04999999999999716,75.66,370.1,75.71,72.9,2157.6,5629.0,75.71,36.5,BUY,1,75.66,370.1,75.65,777.5,75.64,408.5,75.63,190.6,75.62,410.9,75.71,72.9,75.72,643.2,75.73,1944.2,75.74,610.8,75.75,2357.9
1700000425.5,851,75.685,0.04999999999999716,75.66,144.4,75.71,863.6,9649.8,1958.3,75.71,26.5,BUY,2,75.66,144.4,75.65,87.6,75.64,766.1,75.63,3289.5,75.62,5362.2,75.71,863.6,75.72,436.6,75.73,76.0,75.74,351.3,75.75,230.8
1700000426.0,852,75.685,0.04999999999999716,75.66,526.6,75.71,15.3,3015.7,9327.099999999999,75.66,44.6,SELL,3,75.66,526.6,75.65,396.9,75.64,281.5,75.63,362.3,75.62,1448.4,75.71,15.3,75.72,2060.9,75.73,905.3,75.74,6009.8,75.75,335.8
1700000426.5,853,75.685,0.04999999999999716,75.66,326.1,75.71,1854.3,1679.3,5021.1,75.66,47.4,SELL,4,75.66,326.1,75.65,649.2,75.64,413.9,75.63,44.6,75.62,245.5,75.71,1854.3,75.72,910.1,75.73,1251.2,75.74,520.8,75.75,484.7
1700000427.0,854,75.69,0.060000000000002274,75.66,858.5,75.72,12.8,7089.299999999999,1333.8999999999999,75.72,39.2,BUY,3,75.66,858.5,75.65,1301.1,75.64,1285.5,75.63,11.1,75.62,3633.1,75.72,12.8,75.73,389.7,75.74,384.7,75.75,483.9,75.76,62.8
1700000427.5,855,75.7,0.060000000000002274,75.67,488.6,75.73,1290.9,7310.8,5880.000000000001,75.7,0.0,BUY,0,75.67,488.6,75.66,1191.0,75.65,1410.4,75.64,2846.6,75.63,1374.2,75.73,1290.9,75.74,2825.8,75.75,639.2,75.76,883.3,75.77,240.8
1700000428.0,856,75.69,0.060000000000002274,75.66,109.2,75.72,130.5,2725.2,954.0,75.66,37.1,SELL,1,75.66,109.2,75.65,117.4,75.64,746.0,75.63,968.6,75.62,784.0,75.72,130.5,75.73,95.0,75.74,151.6,75.75,233.9,75.76,343.0
1700000428.5,857,75.69,0.060000000000002274,75.66,665.3,75.72,1725.9,3943.5,4510.5,75.66,18.3,SELL,1,75.66,665.3,75.65,154.2,75.64,13.5,75.63,1845.8,75.62,1264.7,75.72,1725.9,75.73,124.3,75.74,1102.9,75.75,939.1,75.76,618.3
1700000429.0,858,75.69,0.060000000000002274,75.66,10.0,75.72,281.1,2513.8,2741.0,75.72,97.4,BUY,3,75.66,10.0,75.65,272.8,75.64,143.6,75.63,1926.6,75.62,160.8,75.72,281.1,75.73,10.0,75.74,108.0,75.75,1483.4,75.76,858.5
1700000429.5,859,75.69,0.060000000000002274,75.66,390.6,75.72,645.4,2835.4,3417.7999999999997,75.66,8.9,SELL,1,75.66,390.6,75.65,263.9,75.64,485.8,75.63,869.6,75.62,825.5,75.72,645.4,75.73,575.2,75.74,755.5,75.75,1135.3,75.76,306.4
1700000430.0,860,75.685,0.04999999999999716,75.66,118.8,75.71,139.4,5519.299999999999,4951.5,75.71,11.6,BUY,4,75.66,118.8,75.65,1303.2,75.64,2082.0,75.63,563.2,75.62,1452.1,75.71,139.4,75.72,405.1,75.73,1527.6,75.74,1441.0,75.75,1438.4
1700000430.5,861,75.685,0.04999999999999716,75.66,118.3,75.71,191.1,5239.4,7328.9,75.71,84.8,BUY,3,75.66,118.3,75.65,424.6,75.64,515.2,75.63,3226.4,75.62,954.9,75.71,191.1,75.72,706.9,75.73,1115.2,75.74,2815.8,75.75,2499.9
1700000431.0,862,75.68,0.04000000000000625,75.66,949.8,75.7,632.9,9899.6,6994.699999999999,75.66,14.0,SELL,1,75.66,949.8,75.65,169.1,75.64,2369.3,75.63,4409.5,75.62,2001.9,75.7,632.9,75.71,1596.5,75.72,553.8,75.73,2172.1,75.74,2039.4
1700000431.5,863,75.685,0.04999999999999716,75.66,662.2,75.71,148.4,7400.499999999999,1296.7,75.66,56.0,SELL,3,75.66,662.2,75.65,79.0,75.64,1755.5,75.63,4018.1,75.62,885.7,75.71,148.4,75.72,12.7,75.73,64.4,75.74,67.7,75.75,1003.5
1700000432.0,864,75.67,0.060000000000002274,75.64,342.9,75.7,2089.5,2183.7,6271.0,75.7,6.0,BUY,2,75.64,342.9,75.63,690.4,75.62,301.4,75.61,224.9,75.6,624.1,75.7,2089.5,75.71,1015.5,75.72,175.6,75.73,1570.5,75.74,1419.9
1700000432.5,865,75.67,0.060000000000002274,75.64,706.1,75.7,1383.8,3368.5,3744.1,75.67,0.0,BUY,0,75.64,706.1,75.63,60.6,75.62,254.7,75.61,147.3,75.6,2199.8,75.7,1383.8,75.71,1120.7,75.72,202.1,75.73,324.6,75.74,712.9
1700000433.0,866,68.99,0.060000000000002274,68.96,205.1,69.02,245.3,6338.4,5274.2,69.02,5.0,BUY,1,68.96,205.1,68.95,644.0,68.94,1508.3,68.93,2229.1,68.92,1751.9,69.02,245.3,69.03,262.1,69.04,2379.6,69.05,685.7,69.06,1701.5
1700000433.5,867,68.99,0.060000000000002274,68.96,1182.2,69.02,173.8,5507.9,2229.8,69.02,5.0,BUY,1,68.96,1182.2,68.95,248.4,68.94,801.8,68.93,1964.4,68.92,1311.1,69.02,173.8,69.03,496.0,69.04,286.7,69.05,640.5,69.06,632.8
1700000434.0,868,68.99,0.060000000000002274,68.96,536.7,69.02,1185.6,3915.5,3738.7,68.96,43.9,SELL,2,68.96,536.7,68.95,90.0,68.94,1532.2,68.93,1432.6,68.92,324.0,69.02,1185.6,69.03,574.1,69.04,424.8,69.05,657.5,69.06,896.7
1700000434.5,869,69.0,0.03999999999999204,68.98,601.5,69.02,541.8,3124.6,6883.9,68.98,60.1,SELL,1,68.98,601.5,68.97,1013.1,68.96,51.2,68.95,1354.2,68.94,104.6,69.02,541.8,69.03,32.1,69.04,370.5,69.05,2554.8,69.06,3384.7
1700000435.0,870,68.99,0.060000000000002274,68.96,198.0,69.02,901.1,5304.1,2618.8,68.96,12.0,SELL,4,68.96,198.0,68.95,304.8,68.94,396.1,68.93,3331.4,68.92,1073.8,69.02,901.1,69.03,458.9,69.04,275.7,69.05,456.2,69.06,526.9
1700000435.5,871,68.99,0.060000000000002274,68.96,220.0,69.02,401.4,4402.0,2614.0,68.99,0.0,BUY,0,68.96,220.0,68.95,1796.3,68.94,891.9,68.93,35.5,68.92,1458.3,69.02,401.4,69.03,985.7,69.04,311.7,69.05,97.1,69.06,818.1
1700000436.0,872,68.99000000000001,0.04000000000000625,68.97,590.2,69.01,658.8,2555.5,4452.6,68.97,82.2,SELL,2,68.97,590.2,68.96,554.5,68.95,223.5,68.94,226.9,68.93,960.4,69.01,658.8,69.02,871.3,69.03,1216.5,69.04,53.6,69.05,1652.4
1700000436.5,873,68.99,0.060000000000002274,68.96,222.0,69.02,132.3,6191.4,5370.8,68.99,0.0,BUY,0,68.96,222.0,68.95,910.1,68.94,1995.9,68.93,1885.9,68.92,1177.5,69.02,132.3,69.03,593.8,69.04,4272.9,69.05,223.1,69.06,148.7
1700000437.0,874,68.99000000000001,0.04000000000000625,68.97,1419.7,69.01,272.6,10833.4,5344.4,69.01,13.5,BUY,1,68.97,1419.7,68.96,655.3,68.95,2367.9,68.94,6149.9,68.93,240.6,69.01,272.6,69.02,225.8,69.03,144.9,69.04,186.7,69.05,4514.4
1700000437.5,875,68.99,0.060000000000002274,68.96,350.0,69.02,112.6,2503.0,2815.6,68.96,131.7,SELL,2,68.96,350.0,68.95,978.4,68.94,346.7,68.93,174.6,68.92,653.3,69.02,112.6,69.03,631.5,69.04,191.3,69.05,762.1,69.06,1118.1
1700000438.0,876,68.99,0.060000000000002274,68.96,2955.6,69.02,541.3,7186.699999999999,3440.2,69.02,7.5,BUY,2,68.96,2955.6,68.95,2803.7,68.94,746.4,68.93,144.0,68.92,537.0,69.02,541.3,69.03,341.9,69.04,10.0,69.05,75.4,69.06,2471.6
1700000438.5,877,68.98,0.060000000000002274,68.95,48.1,69.01,2549.5,4935.4,4586.3,69.01,5.0,BUY,1,68.95,48.1,68.94,596.6,68.93,111.3,68.92,3481.9,68.91,697.5,69.01,2549.5,69.02,1203.6,69.03,659.7,69.04,129.4,69.05,44.1
1700000439.0,878,68.98,0.060000000000002274,68.95,222.9,69.01,900.8,4598.2,3891.1999999999994,68.95,23.7,SELL,3,68.95,222.9,68.94,680.1,68.93,73.3,68.92,1897.1,68.91,1724.8,69.01,900.8,69.02,113.0,69.03,2105.1,69.04,606.1,69.05,166.2
1700000439.5,879,68.98,0.060000000000002274,68.95,62.4,69.01,156.2,2081.5,6017.0,68.95,126.0,SELL,1,68.95,62.4,68.94,123.7,68.93,797.9,68.92,1087.5,68.91,10.0,69.01,156.2,69.02,1002.9,69.03,272.9,69.04,2001.6,69.05,2583.4
1700000440.0,880,64.7,0.060000000000002274,64.67,364.8,64.73,31.2,1720.1,4976.5,64.73,52.2,BUY,4,64.67,364.8,64.66,339.4,64.65,59.8,64.64,92.6,64.63,863.5,64.73,31.2,64.74,249.0,64.75,326.5,64.76,3835.8,64.77,534.0
1700000440.5,881,64.7,0.060000000000002274,64.67,474.4,64.73,428.6,5073.099999999999,2851.5000000000005,64.73,19.3,BUY,1,64.67,474.4,64.66,1839.7,64.65,2229.8,64.64,36.9,64.63,492.3,64.73,428.6,64.74,1079.7,64.75,316.9,64.76,771.0,64.77,255.3
1700000441.0,882,64.70500000000001,0.04999999999999716,64.68,245.6,64.73,1570.6,6295.200000000001,3736.7,64.73,64.2,BUY,1,64.68,245.6,64.67,1650.9,64.66,788.5,64.65,44.3,64.64,3565.9,64.73,1570.6,64.74,394.9,64.75,570.7,64.76,1137.7,64.77,62.8
1700000441.5,883,64.70500000000001,0.04999999999999716,64.68,46.2,64.73,245.0,4575.900000000001,8528.5,64.73,10.2,BUY,1,64.68,46.2,64.67,204.4,64.66,410.1,64.65,3018.1,64.64,897.1,64.73,245.0,64.74,2973.1,64.75,575.5,64.76,4071.0,64.77,663.9
1700000442.0,884,64.70500000000001,0.04999999999999716,64.68,1992.0,64.73,46.8,7051.599999999999,6551.799999999999,64.68,38.5,SELL,6,64.68,1992.0,64.67,1765.4,64.66,1507.5,64.65,889.0,64.64,897.7,64.73,46.8,64.74,999.5,64.75,758.3,64.76,291.8,64.77,4455.4
1700000442.5,885,64.70500000000001,0.04999999999999716,64.68,462.3,64.73,103.0,4625.6,5574.4,64.73,5.0,BUY,2,64.68,462.3,64.67,3128.1,64.66,120.9,64.65,183.1,64.64,731.2,64.73,103.0,64.74,1744.2,64.75,275.3,64.76,2721.7,64.77,730.2
1700000443.0,886,64.70500000000001,0.04999999999999716,64.68,414.8,64.73,1292.5,5233.299999999999,6402.900000000001,64.68,48.9,SELL,2,64.68,414.8,64.67,329.5,64.66,2766.9,64.65,55.6,64.64,1666.5,64.73,1292.5,64.74,352.4,64.75,2189.4,64.76,1473.9,64.77,1094.7
1700000443.5,887,64.7,0.060000000000002274,64.67,473.1,64.73,254.3,4832.099999999999,3890.8,64.73,37.8,BUY,3,64.67,473.1,64.66,1546.2,64.65,1720.5,64.64,455.4,64.63,636.9,64.73,254.3,64.74,799.7,64.75,1744.1,64.76,438.8,64.77,653.9
1700000444.0,888,64.7,0.060000000000002274,64.67,213.7,64.73,760.5,2708.3,7806.700000000001,64.7,0.0,BUY,0,64.67,213.7,64.66,382.5,64.65,123.7,64.64,1511.9,64.63,476.5,64.73,760.5,64.74,2647.4,64.75,2724.4,64.76,378.5,64.77,1295.9
1700000444.5,889,64.69,0.060000000000002274,64.66,546.7,64.72,821.9,7954.8,7721.400000000001,64.69,0.0,BUY,0,64.66,546.7,64.65,919.9,64.64,76.9,64.63,5577.8,64.62,833.5,64.72,821.9,64.73,422.6,64.74,2880.5,64.75,2980.1,64.76,616.3
1700000445.0,890,64.68,0.05999999999998806,64.65,1510.0,64.71,551.9,10297.1,3710.9000000000005,64.65,17.5,SELL,2,64.65,1510.0,64.64,1018.9,64.63,1955.9,64.62,1280.8,64.61,4531.5,64.71,551.9,64.72,1120.6,64.73,617.4,64.74,145.3,64.75,1275.7
1700000445.5,891,64.685,0.04999999999999716,64.66,281.6,64.71,965.7,3705.7,3379.0,64.66,77.0,SELL,3,64.66,281.6,64.65,750.4,64.64,442.0,64.63,147.2,64.62,2084.5,64.71,965.7,64.72,966.8,64.73,1023.6,64.74,175.8,64.75,247.1
1700000446.0,892,64.685,0.04999999999999716,64.66,1071.5,64.71,138.4,6669.3,8576.0,64.71,21.3,BUY,2,64.66,1071.5,64.65,86.9,64.64,477.4,64.63,2419.7,64.62,2613.8,64.71,138.4,64.72,2726.2,64.73,1002.7,64.74,3383.8,64.75,1324.9
1700000446.5,893,64.685,0.04999999999999716,64.66,830.6,64.71,234.1,4576.5,2924.3999999999996,64.685,0.0,BUY,0,64.66,830.6,64.65,336.4,64.64,1671.9,64.63,984.6,64.62,753.0,64.71,234.1,64.72,569.5,64.73,147.5,64.74,1213.1,64.75,760.2
1700000447.0,894,64.685,0.04999999999999716,64.66,396.5,64.71,500.1,3910.8,2299.9,64.66,26.4,SELL,1,64.66,396.5,64.65,247.0,64.64,2920.9,64.63,214.9,64.62,131.5,64.71,500.1,64.72,315.9,64.73,401.5,64.74,660.8,64.75,421.6
1700000447.5,895,66.56,0.060000000000002274,66.53,448.4,66.59,549.0,5782.200000000001,3279.0999999999995,66.53,93.5,SELL,2,66.53,448.4,66.52,312.3,66.51,2078.1,66.5,1675.4,66.49,1268.0,66.59,549.0,66.6,491.3,66.61,1073.8,66.62,820.3,66.63,344.7
1700000448.0,896,66.56,0.060000000000002274,66.53,811.6,66.59,210.8,5039.799999999999,3228.3999999999996,66.59,21.9,BUY,2,66.53,811.6,66.52,530.6,66.51,1646.0,66.5,53.7,66.49,1997.9,66.59,210.8,66.6,1041.2,66.61,734.6,66.62,308.2,66.63,933.6
1700000448.5,897,66.565,0.04999999999999716,66.54,311.4,66.59,2319.3,2703.5,7514.900000000001,66.565,0.0,BUY,0,66.54,311.4,66.53,570.2,66.52,401.2,66.51,467.2,66.5,953.5,66.59,2319.3,66.6,468.9,66.61,354.8,66.62,3165.7,66.63,1206.2
1700000449.0,898,66.565,0.04999999999999716,66.54,1642.0,66.59,357.6,5903.199999999999,5603.400000000001,66.565,0.0,BUY,0,66.54,1642.0,66.53,983.5,66.52,1811.4,66.51,63.2,66.5,1403.1,66.59,357.6,66.6,2015.2,66.61,210.8,66.62,1559.6,66.63,1460.2
1700000449.5,899,66.565,0.04999999999999716,66.54,57.0,66.59,587.1,2883.3,6679.4,66.59,15.4,BUY,2,66.54,57.0,66.53,954.5,66.52,165.6,66.51,1392.7,66.5,313.5,66.59,587.1,66.6,642.0,66.61,2515.3,66.62,1512.0,66.63,1423.0
1700000450.0,900,66.58,0.060000000000002274,66.55,139.0,66.61,70.9,5168.099999999999,4532.800000000001,66.55,5.0,SELL,1,66.55,139.0,66.54,1204.9,66.53,2785.0,66.52,776.4,66.51,262.8,66.61,70.9,66.62,340.6,66.63,2208.8,66.64,1870.9,66.65,41.6
1700000450.5,901,64.63,0.060000000000002274,64.6,698.9,64.66,1060.8,8090.4,4300.7,64.6,41.4,SELL,6,64.6,698.9,64.59,2111.6,64.58,2628.4,64.57,730.4,64.56,1921.1,64.66,1060.8,64.67,737.5,64.68,512.2,64.69,1777.1,64.7,213.1
1700000451.0,902,64.64,0.060000000000002274,64.61,188.5,64.67,956.2,1849.1999999999998,10531.3,64.61,26.5,SELL,5,64.61,188.5,64.6,210.9,64.59,1245.7,64.58,194.1,64.57,10.0,64.67,956.2,64.68,1776.3,64.69,2814.6,64.7,2142.9,64.71,2841.3
1700000451.5,903,64.64,0.060000000000002274,64.61,507.7,64.67,96.1,3347.4,7809.700000000001,64.67,17.7,BUY,1,64.61,507.7,64.6,113.8,64.59,831.5,64.58,707.8,64.57,1186.6,64.67,96.1,64.68,1061.7,64.69,3028.3,64.7,1151.6,64.71,2472.0
1700000452.0,904,64.64,0.03999999999999204,64.62,587.9,64.66,663.7,6196.599999999999,2879.6000000000004,64.62,20.6,SELL,1,64.62,587.9,64.61,1020.5,64.6,1287.8,64.59,2885.7,64.58,414.7,64.66,663.7,64.67,780.7,64.68,365.3,64.69,882.1,64.7,187.8
1700000452.5,905,64.64,0.060000000000002274,64.61,66.6,64.67,855.5,5744.3,5901.000000000001,64.64,0.0,BUY,0,64.61,66.6,64.6,223.8,64.59,3650.5,64.58,1783.6,64.57,19.8,64.67,855.5,64.68,2460.3,64.69,543.4,64.7,1576.2,64.71,465.6
1700000453.0,906,64.64,0.060000000000002274,64.61,698.8,64.67,624.4,4907.1,1783.9,64.61,28.2,SELL,3,64.61,698.8,64.6,559.0,64.59,894.6,64.58,1022.7,64.57,1732.0,64.67,624.4,64.68,67.9,64.69,93.7,64.7,599.9,64.71,398.0
1700000453.5,907,64.64,0.03999999999999204,64.62,348.3,64.66,446.5,2290.4,7850.4,64.62,15.3,SELL,1,64.62,348.3,64.61,967.9,64.6,87.6,64.59,528.5,64.58,358.1,64.66,446.5,64.67,63.6,64.68,3393.9,64.69,3801.5,64.7,144.9
1700000454.0,908,64.64,0.03999999999999204,64.62,260.7,64.66,1788.1,2577.1000000000004,4986.299999999999,64.66,14.0,BUY,1,64.62,260.7,64.61,364.0,64.6,378.9,64.59,249.3,64.58,1324.2,64.66,1788.1,64.67,629.6,64.68,1695.5,64.69,741.4,64.7,131.7
1700000454.5,909,64.64,0.060000000000002274,64.61,1058.5,64.67,47.4,2890.5000000000005,3339.0000000000005,64.61,38.8,SELL,3,64.61,1058.5,64.6,93.7,64.59,41.5,64.58,1398.4,64.57,298.4,64.67,47.4,64.68,1693.9,64.69,197.7,64.7,1106.1,64.71,293.9
1700000455.0,910,68.15,0.060000000000002274,68.12,331.9,68.18,1258.5,7030.8,8273.400000000001,68.15,0.0,BUY,0,68.12,331.9,68.11,2185.9,68.1,869.0,68.09,2536.7,68.08,1107.3,68.18,1258.5,68.19,683.9,68.2,556.2,68.21,1165.2,68.22,4609.6
1700000455.5,911,68.15,0.060000000000002274,68.12,168.4,68.18,138.4,4328.9,1899.5,68.15,0.0,BUY,0,68.12,168.4,68.11,1216.9,68.1,369.1,68.09,1158.3,68.08,1416.2,68.18,138.4,68.19,277.2,68.2,236.0,68.21,457.6,68.22,790.3
1700000456.0,912,68.15,0.060000000000002274,68.12,1955.6,68.18,1571.5,5382.6,8881.0,68.12,44.3,SELL,3,68.12,1955.6,68.11,10.0,68.1,698.2,68.09,1299.0,68.08,1419.8,68.18,1571.5,68.19,2307.2,68.2,823.3,68.21,3947.4,68.22,231.6
1700000456.5,913,68.15,0.060000000000002274,68.12,776.8,68.18,238.9,2176.5,6712.6,68.12,42.5,SELL,3,68.12,776.8,68.11,524.5,68.1,553.9,68.09,10.0,68.08,311.3,68.18,238.9,68.19,1113.0,68.2,1522.9,68.21,1175.2,68.22,2662.6
1700000457.0,914,68.15,0.04000000000000625,68.13,1092.6,68.17,1647.0,3897.3999999999996,4091.8,68.13,5.0,SELL,1,68.13,1092.6,68.12,107.4,68.11,457.2,68.1,936.5,68.09,1303.7,68.17,1647.0,68.18,387.8,68.19,634.8,68.2,1062.7,68.21,359.5
1700000457.5,915,68.15,0.060000000000002274,68.12,192.4,68.18,67.9,3924.4000000000005,7165.0,68.15,0.0,BUY,0,68.12,192.4,68.11,302.7,68.1,711.7,68.09,1513.9,68.08,1203.7,68.18,67.9,68.19,152.9,68.2,203.9,68.21,2019.1,68.22,4721.2
1700000458.0,916,68.15,0.060000000000002274,68.12,41.7,68.18,67.4,1784.6,3550.5,68.12,14.3,SELL,2,68.12,41.7,68.11,1528.8,68.1,141.6,68.09,14.2,68.08,58.3,68.18,67.4,68.19,946.4,68.2,724.0,68.21,504.7,68.22,1308.0
1700000458.5,917,68.15,0.060000000000002274,68.12,34.6,68.18,326.4,2333.4,4145.8,68.18,29.8,BUY,1,68.12,34.6,68.11,389.2,68.1,929.7,68.09,676.8,68.08,303.1,68.18,326.4,68.19,487.9,68.2,533.2,68.21,411.0,68.22,2387.3
1700000459.0,918,68.15,0.04000000000000625,68.13,774.4,68.17,662.7,6635.0,8406.2,68.17,26.8,BUY,3,68.13,774.4,68.12,2032.3,68.11,1614.1,68.1,537.6,68.09,1676.6,68.17,662.7,68.18,3726.7,68.19,2054.6,68.2,108.5,68.21,1853.7
1700000459.5,919,68.16,0.04000000000000625,68.14,349.4,68.18,831.8,10840.400000000001,2655.2,68.18,25.5,BUY,3,68.14,349.4,68.13,1067.2,68.12,151.5,68.11,1072.7,68.1,8199.6,68.18,831.8,68.19,591.8,68.2,187.6,68.21,36.7,68.22,1007.3
1700000460.0,920,68.17,0.060000000000002274,68.14,502.5,68.2,1728.1,6480.1,4042.8,68.14,12.0,SELL,2,68.14,502.5,68.13,1058.7,68.12,928.3,68.11,2380.0,68.1,1610.6,68.2,1728.1,68.21,840.4,68.22,235.8,68.23,309.0,68.24,929.5
1700000460.5,921,68.17,0.060000000000002274,68.14,135.2,68.2,657.3,2602.4,3878.3,68.2,70.9,BUY,3,68.14,135.2,68.13,473.7,68.12,945.4,68.11,235.0,68.1,813.1,68.2,657.3,68.21,921.8,68.22,1791.1,68.23,276.3,68.24,231.8
1700000461.0,922,68.17,0.060000000000002274,68.14,450.6,68.2,650.2,4648.0,3104.0,68.14,46.5,SELL,2,68.14,450.6,68.13,763.4,68.12,695.7,68.11,2235.6,68.1,502.7,68.2,650.2,68.21,103.0,68.22,1600.6,68.23,25.0,68.24,725.2
1700000461.5,923,68.17,0.060000000000002274,68.14,2581.4,68.2,945.9,4507.900000000001,3069.4,68.14,12.6,SELL,1,68.14,2581.4,68.13,486.0,68.12,951.1,68.11,282.1,68.1,207.3,68.2,945.9,68.21,12.4,68.22,628.8,68.23,1090.5,68.24,391.8
1700000462.0,924,68.17,0.060000000000002274,68.14,403.6,68.2,581.2,2524.2,10562.2,68.14,56.7,SELL,3,68.14,403.6,68.13,453.8,68.12,199.9,68.11,817.6,68.1,649.3,68.2,581.2,68.21,141.2,68.22,2163.1,68.23,2218.3,68.24,5458.4
1700000462.5,925,68.17,0.060000000000002274,68.14,650.9,68.2,449.7,4606.5,2480.3,68.17,0.0,BUY,0,68.14,650.9,68.13,674.3,68.12,503.5,68.11,601.4,68.1,2176.4,68.2,449.7,68.21,209.0,68.22,54.0,68.23,1631.2,68.24,136.4
1700000463.0,926,68.17,0.060000000000002274,68.14,629.6,68.2,398.9,2988.8,1796.4,68.14,7.5,SELL,3,68.14,629.6,68.13,1111.8,68.12,517.1,68.11,502.4,68.1,227.9,68.2,398.9,68.21,24.5,68.22,151.5,68.23,759.1,68.24,462.4
1700000463.5,927,68.17,0.060000000000002274,68.14,234.7,68.2,444.7,5810.2,4258.799999999999,68.2,18.1,BUY,2,68.14,234.7,68.13,1081.6,68.12,10.0,68.11,293.4,68.1,4190.5,68.2,444.7,68.21,82.2,68.22,400.8,68.23,914.9,68.24,2416.2
1700000464.0,928,68.17,0.060000000000002274,68.14,259.5,68.2,1236.9,3338.9000000000005,4284.3,68.14,5.0,SELL,1,68.14,259.5,68.13,1302.4,68.12,968.2,68.11,279.9,68.1,528.9,68.2,1236.9,68.21,392.2,68.22,583.6,68.23,382.7,68.24,1688.9
1700000464.5,929,68.16,0.060000000000002274,68.13,61.3,68.19,25.4,7167.1,4579.6,68.19,108.6,BUY,2,68.13,61.3,68.12,1600.4,68.11,203.9,68.1,3069.9,68.09,2231.6,68.19,25.4,68.2,1107.4,68.21,1045.5,68.22,1276.4,68.23,1124.9
1700000465.0,930,68.16,0.060000000000002274,68.13,423.1,68.19,126.0,6771.7,1598.1999999999998,68.19,5.0,BUY,1,68.13,423.1,68.12,590.3,68.11,1816.2,68.1,291.9,68.09,3650.2,68.19,126.0,68.2,466.2,68.21,89.8,68.22,367.3,68.23,548.9
1700000465.5,931,68.55,0.060000000000002274,68.52,10.0,68.58,1827.1,4445.5,6056.400000000001,68.52,11.5,SELL,1,68.52,10.0,68.51,413.1,68.5,284.3,68.49,1542.8,68.48,2195.3,68.58,1827.1,68.59,338.6,68.6,2085.4,68.61,1632.0,68.62,173.3
1700000466.0,932,68.54499999999999,0.04999999999999716,68.52,545.6,68.57,139.6,6392.9,1868.3999999999999,68.52,5.0,SELL,1,68.52,545.6,68.51,2040.0,68.5,1942.3,68.49,774.0,68.48,1091.0,68.57,139.6,68.58,10.0,68.59,753.8,68.6,907.7,68.61,57.3
1700000466.5,933,68.54499999999999,0.04999999999999716,68.52,402.5,68.57,637.5,2279.3,10565.5,68.52,18.8,SELL,5,68.52,402.5,68.51,66.4,68.5,663.9,68.49,104.7,68.48,1041.8,68.57,637.5,68.58,420.4,68.59,219.2,68.6,352.6,68.61,8935.8
1700000467.0,934,68.54499999999999,0.04999999999999716,68.52,28.6,68.57,1100.8,2697.7,2924.8999999999996,68.57,20.9,BUY,3,68.52,28.6,68.51,210.7,68.5,474.6,68.49,1369.5,68.48,614.3,68.57,1100.8,68.58,1190.9,68.59,164.2,68.6,381.0,68.61,88.0
1700000467.5,935,68.54499999999999,0.04999999999999716,68.52,265.2,68.57,308.7,5035.599999999999,2990.1000000000004,68.54499999999999,0.0,BUY,0,68.52,265.2,68.51,1835.9,68.5,165.2,68.49,1169.6,68.48,1599.7,68.57,308.7,68.58,1343.7,68.59,140.1,68.6,40.2,68.61,1157.4
1700000468.0,936,68.54499999999999,0.04999999999999716,68.52,329.5,68.57,276.7,13540.0,8279.5,68.52,5.0,SELL,2,68.52,329.5,68.51,1158.1,68.5,3260.5,68.49,5685.2,68.48,3106.7,68.57,276.7,68.58,2472.8,68.59,726.8,68.6,425.7,68.61,4377.5
1700000468.5,937,68.53999999999999,0.04000000000000625,68.52,1551.7,68.56,695.1,3695.3,3789.9,68.52,35.2,SELL,2,68.52,1551.7,68.51,319.6,68.5,1269.5,68.49,313.8,68.48,240.7,68.56,695.1,68.57,587.9,68.58,23.0,68.59,2351.0,68.6,132.9
1700000469.0,938,68.53,0.060000000000002274,68.5,650.4,68.56,1753.4,1435.5,7001.2,68.53,0.0,BUY,0,68.5,650.4,68.49,340.5,68.48,11.2,68.47,374.9,68.46,58.5,68.56,1753.4,68.57,565.9,68.58,554.1,68.59,2937.0,68.6,1190.8
1700000469.5,939,68.53,0.060000000000002274,68.5,1461.0,68.56,202.1,5191.699999999999,7468.400000000001,68.56,34.0,BUY,2,68.5,1461.0,68.49,1498.0,68.48,183.2,68.47,1695.6,68.46,353.9,68.56,202.1,68.57,4321.3,68.58,309.4,68.59,266.1,68.6,2369.5
1700000470.0,940,68.53,0.060000000000002274,68.5,776.1,68.56,48.3,3872.4,7424.1,68.56,23.3,BUY,3,68.5,776.1,68.49,954.3,68.48,212.8,68.47,1414.2,68.46,515.0,68.56,48.3,68.57,712.4,68.58,145.2,68.59,1259.1,68.6,5259.1
1700000470.5,941,68.53,0.03999999999999204,68.51,758.7,68.55,14.3,2892.9999999999995,3392.0,68.51,11.5,SELL,1,68.51,758.7,68.5,10.0,68.49,834.9,68.48,1021.3,68.47,268.1,68.55,14.3,68.56,1267.7,68.57,657.0,68.58,984.0,68.59,469.0
1700000471.0,942,68.54499999999999,0.04999999999999716,68.52,11.0,68.57,627.5,3566.3,1160.9,68.54499999999999,0.0,BUY,0,68.52,11.0,68.51,914.6,68.5,767.8,68.49,618.2,68.48,1254.7,68.57,627.5,68.58,97.4,68.59,96.9,68.6,91.2,68.61,247.9
1700000471.5,943,68.54499999999999,0.04999999999999716,68.52,227.7,68.57,548.0,7940.0,2600.0,68.57,104.2,BUY,1,68.52,227.7,68.51,501.7,68.5,2439.1,68.49,229.6,68.48,4541.9,68.57,548.0,68.58,264.3,68.59,753.1,68.6,364.7,68.61,669.9
1700000472.0,944,68.53999999999999,0.04000000000000625,68.52,151.0,68.56,853.3,4170.9,5220.7,68.56,5.4,BUY,1,68.52,151.0,68.51,1375.0,68.5,163.2,68.49,904.8,68.48,1576.9,68.56,853.3,68.57,580.9,68.58,173.3,68.59,891.6,68.6,2721.6
1700000472.5,945,68.53999999999999,0.05999999999998806,68.51,528.8,68.57,372.7,8439.3,3799.1,68.53999999999999,0.0,BUY,0,68.51,528.8,68.5,86.7,68.49,1348.6,68.48,3717.9,68.47,2757.3,68.57,372.7,68.58,855.2,68.59,976.1,68.6,317.6,68.61,1277.5
1700000473.0,946,68.54499999999999,0.04999999999999716,68.52,1817.3,68.57,770.9,4674.099999999999,4954.999999999999,68.57,5.0,BUY,6,68.52,1817.3,68.51,1673.9,68.5,437.6,68.49,10.0,68.48,735.3,68.57,770.9,68.58,1443.2,68.59,1696.3,68.6,716.7,68.61,327.9
1700000473.5,947,68.54499999999999,0.04999999999999716,68.52,16.5,68.57,804.4,4148.0,5694.4,68.57,75.2,BUY,1,68.52,16.5,68.51,3028.2,68.5,813.6,68.49,10.0,68.48,279.7,68.57,804.4,68.58,90.7,68.59,3560.1,68.6,674.7,68.61,564.5
1700000474.0,948,68.53999999999999,0.04000000000000625,68.52,748.7,68.56,88.4,3297.7,3578.3,68.53999999999999,0.0,BUY,0,68.52,748.7,68.51,10.0,68.5,310.4,68.49,405.0,68.48,1823.6,68.56,88.4,68.57,1245.4,68.58,1131.4,68.59,493.9,68.6,619.2
1700000474.5,949,68.55,0.060000000000002274,68.52,3510.8,68.58,32.3,9595.999999999998,1966.5,68.58,17.4,BUY,4,68.52,3510.8,68.51,2478.6,68.5,181.5,68.49,2076.7,68.48,1348.4,68.58,32.3,68.59,597.9,68.6,751.9,68.61,360.5,68.62,223.9
1700000475.0,950,68.55,0.03999999999999204,68.53,807.5,68.57,107.5,2368.2000000000003,4394.9,68.57,45.5,BUY,2,68.53,807.5,68.52,125.2,68.51,487.7,68.5,788.4,68.49,159.4,68.57,107.5,68.58,290.2,68.59,2117.2,68.6,1119.2,68.61,760.8
1700000475.5,951,68.56,0.060000000000002274,68.53,2120.7,68.59,467.1,3608.7999999999997,3704.5,68.56,0.0,BUY,0,68.53,2120.7,68.52,914.8,68.51,97.2,68.5,96.4,68.49,379.7,68.59,467.1,68.6,258.1,68.61,45.8,68.62,1992.8,68.63,940.7
1700000476.0,952,68.56,0.060000000000002274,68.53,413.5,68.59,456.9,8055.1,7168.6,68.56,0.0,BUY,0,68.53,413.5,68.52,39.0,68.51,2488.7,68.5,806.3,68.49,4307.6,68.59,456.9,68.6,2712.9,68.61,1734.4,68.62,1071.8,68.63,1192.6
1700000476.5,953,68.56,0.060000000000002274,68.53,504.4,68.59,809.8,4108.2,9999.5,68.53,43.9,SELL,2,68.53,504.4,68.52,2950.0,68.51,170.2,68.5,388.1,68.49,95.5,68.59,809.8,68.6,1070.2,68.61,2055.7,68.62,2406.6,68.63,3657.2
1700000477.0,954,68.56,0.060000000000002274,68.53,600.6,68.59,871.7,3922.6,3431.5,68.56,0.0,BUY,0,68.53,600.6,68.52,587.5,68.51,335.1,68.5,348.5,68.49,2050.9,68.59,871.7,68.6,143.9,68.61,414.2,68.62,572.2,68.63,1429.5
1700000477.5,955,68.55,0.060000000000002274,68.52,252.7,68.58,538.4,2261.8,5636.999999999999,68.52,8.6,SELL,1,68.52,252.7,68.51,383.1,68.5,216.0,68.49,207.3,68.48,1202.7,68.58,538.4,68.59,989.9,68.6,1330.6,68.61,1889.9,68.62,888.2
1700000478.0,956,68.55,0.060000000000002274,68.52,492.1,68.58,419.3,4907.7,10528.099999999999,68.52,41.6,SELL,2,68.52,492.1,68.51,433.8,68.5,87.9,68.49,2017.8,68.48,1876.1,68.58,419.3,68.59,1127.2,68.6,2226.6,68.61,5430.7,68.62,1324.3
1700000478.5,957,68.54499999999999,0.04999999999999716,68.52,388.5,68.57,384.8,5430.9,4471.900000000001,68.52,37.3,SELL,1,68.52,388.5,68.51,855.2,68.5,1803.2,68.49,1071.0,68.48,1313.0,68.57,384.8,68.58,330.8,68.59,713.3,68.6,2821.2,68.61,221.8
1700000479.0,958,66.71000000000001,0.05999999999998806,66.68,351.6,66.74,147.9,5936.2,3251.9,66.74,60.8,BUY,1,66.68,351.6,66.67,176.0,66.66,290.2,66.65,702.5,66.64,4415.9,66.74,147.9,66.75,323.7,66.76,849.0,66.77,90.4,66.78,1840.9
1700000479.5,959,66.70500000000001,0.04999999999999716,66.68,658.7,66.73,455.4,2768.3,4149.299999999999,66.68,10.3,SELL,4,66.68,658.7,66.67,265.3,66.66,77.3,66.65,158.8,66.64,1608.2,66.73,455.4,66.74,1871.5,66.75,697.3,66.76,1115.1,66.77,10.0
1700000480.0,960,66.71000000000001,0.05999999999998806,66.68,212.6,66.74,292.7,5164.5,5758.299999999999,66.74,42.9,BUY,3,66.68,212.6,66.67,52.9,66.66,251.2,66.65,25.8,66.64,4622.0,66.74,292.7,66.75,528.4,66.76,2112.1,66.77,40.5,66.78,2784.6
1700000480.5,961,66.72,0.060000000000002274,66.69,506.4,66.75,906.2,2378.2999999999997,10575.699999999999,66.75,24.3,BUY,6,66.69,506.4,66.68,28.2,66.67,1338.5,66.66,350.6,66.65,154.6,66.75,906.2,66.76,31.2,66.77,5361.9,66.78,1012.0,66.79,3264.4
1700000481.0,962,66.70500000000001,0.04999999999999716,66.68,487.5,66.73,2331.5,1944.9,7526.8,66.70500000000001,0.0,BUY,0,66.68,487.5,66.67,263.2,66.66,1071.5,66.65,76.2,66.64,46.5,66.73,2331.5,66.74,876.9,66.75,1230.1,66.76,1125.3,66.77,1963.0
1700000481.5,963,66.70500000000001,0.04999999999999716,66.68,1896.3,66.73,1235.4,5624.799999999999,1829.7000000000003,66.68,51.3,SELL,3,66.68,1896.3,66.67,1949.4,66.66,14.2,66.65,338.9,66.64,1426.0,66.73,1235.4,66.74,163.8,66.75,86.7,66.76,24.2,66.77,319.6
1700000482.0,964,66.70500000000001,0.04999999999999716,66.68,1736.8,66.73,53.9,2670.0,9475.300000000001,66.68,10.7,SELL,1,66.68,1736.8,66.67,88.2,66.66,82.1,66.65,182.3,66.64,580.6,66.73,53.9,66.74,4408.1,66.75,3467.2,66.76,436.9,66.77,1109.2
1700000482.5,965,66.70500000000001,0.04999999999999716,66.68,78.1,66.73,436.8,1945.6,5183.7,66.73,59.7,BUY,1,66.68,78.1,66.67,270.9,66.66,676.8,66.65,822.4,66.64,97.4,66.73,436.8,66.74,828.2,66.75,1295.9,66.76,863.3,66.77,1759.5
1700000483.0,966,66.70500000000001,0.04999999999999716,66.68,408.6,66.73,25.3,6700.9,4778.4,66.73,23.2,BUY,5,66.68,408.6,66.67,1079.7,66.66,1234.1,66.65,2214.4,66.64,1764.1,66.73,25.3,66.74,1050.8,66.75,1056.8,66.76,882.5,66.77,1763.0
1700000483.5,967,66.7,0.060000000000002274,66.67,619.7,66.73,44.1,7414.400000000001,2075.2,66.7,0.0,BUY,0,66.67,619.7,66.66,580.3,66.65,785.1,66.64,3592.0,66.63,1837.3,66.73,44.1,66.74,357.5,66.75,12.8,66.76,856.0,66.77,804.8
1700000484.0,968,66.7,0.060000000000002274,66.67,75.0,66.73,362.1,1703.7000000000003,3634.7,66.73,73.5,BUY,2,66.67,75.0,66.66,681.1,66.65,117.0,66.64,685.2,66.63,145.4,66.73,362.1,66.74,293.1,66.75,404.7,66.76,1338.1,66.77,1236.7
1700000484.5,969,66.70500000000001,0.04999999999999716,66.68,992.9,66.73,177.1,3286.8999999999996,4209.3,66.73,54.3,BUY,2,66.68,992.9,66.67,151.1,66.66,913.2,66.65,335.7,66.64,894.0,66.73,177.1,66.74,65.1,66.75,728.3,66.76,412.5,66.77,2826.3
1700000485.0,970,66.72,0.060000000000002274,66.69,472.8,66.75,260.5,5341.2,3953.2,66.69,54.5,SELL,1,66.69,472.8,66.68,1079.7,66.67,1415.9,66.66,1234.1,66.65,1138.7,66.75,260.5,66.76,816.1,66.77,1234.3,66.78,1579.9,66.79,62.4
1700000485.5,971,66.73,0.060000000000002274,66.7,76.7,66.76,88.3,3058.2,7471.2,66.76,35.8,BUY,2,66.7,76.7,66.69,879.1,66.68,152.5,66.67,244.3,66.66,1705.6,66.76,88.3,66.77,16.0,66.78,749.8,66.79,2582.0,66.8,4035.1
1700000486.0,972,66.73,0.060000000000002274,66.7,108.9,66.76,1095.4,1014.2,5118.200000000001,66.73,0.0,BUY,0,66.7,108.9,66.69,145.8,66.68,20.0,66.67,401.6,66.66,337.9,66.76,1095.4,66.77,342.9,66.78,394.9,66.79,791.6,66.8,2493.4
1700000486.5,973,66.72999999999999,0.04000000000000625,66.71,46.8,66.75,509.4,4984.200000000001,4370.6,66.75,9.3,BUY,3,66.71,46.8,66.7,1257.6,66.69,1073.6,66.68,1742.6,66.67,863.6,66.75,509.4,66.76,1340.1,66.77,350.4,66.78,1117.2,66.79,1053.5
1700000487.0,974,66.73,0.060000000000002274,66.7,215.6,66.76,224.1,859.7,3498.6,66.7,58.9,SELL,2,66.7,215.6,66.69,10.0,66.68,277.4,66.67,249.0,66.66,107.7,66.76,224.1,66.77,730.5,66.78,1986.5,66.79,490.2,66.8,67.3
1700000487.5,975,66.72999999999999,0.04000000000000625,66.71,1522.3,66.75,161.3,2445.7999999999997,2913.3,66.72999999999999,0.0,BUY,0,66.71,1522.3,66.7,96.8,66.69,249.6,66.68,511.9,66.67,65.2,66.75,161.3,66.76,1448.5,66.77,967.6,66.78,125.9,66.79,210.0
1700000488.0,976,66.74000000000001,0.04000000000000625,66.72,437.7,66.76,518.2,1930.0000000000002,4087.1000000000004,66.76,16.3,BUY,2,66.72,437.7,66.71,568.7,66.7,623.3,66.69,51.4,66.68,248.9,66.76,518.2,66.77,1738.1,66.78,175.4,66.79,1114.2,66.8,541.2
1700000488.5,977,66.74,0.060000000000002274,66.71,27.1,66.77,53.3,3670.8,4312.0,66.77,40.4,BUY,2,66.71,27.1,66.7,730.1,66.69,670.5,66.68,952.3,66.67,1290.8,66.77,53.3,66.78,471.3,66.79,2978.0,66.8,592.6,66.81,216.8
1700000489.0,978,66.75,0.060000000000002274,66.72,563.2,66.78,177.1,2231.5,4771.5,66.78,37.1,BUY,2,66.72,563.2,66.71,309.7,66.7,120.5,66.69,474.1,66.68,764.0,66.78,177.1,66.79,207.9,66.8,129.7,66.81,2360.1,66.82,1896.7
1700000489.5,979,66.75,0.060000000000002274,66.72,263.6,66.78,44.6,2369.4,3735.8,66.78,47.2,BUY,1,66.72,263.6,66.71,61.8,66.7,62.0,66.69,1491.9,66.68,490.1,66.78,44.6,66.79,629.7,66.8,488.6,66.81,1661.7,66.82,911.2
1700000490.0,980,66.75,0.060000000000002274,66.72,27.2,66.78,193.1,4869.7,4596.1,66.78,16.5,BUY,3,66.72,27.2,66.71,142.4,66.7,3187.8,66.69,1358.0,66.68,154.3,66.78,193.1,66.79,290.7,66.8,405.8,66.81,691.0,66.82,3015.5
1700000490.5,981,66.75,0.03999999999999204,66.73,778.5,66.77,1025.4,3933.4,6443.500000000001,66.73,41.3,SELL,3,66.73,778.5,66.72,1993.7,66.71,60.1,66.7,976.7,66.69,124.4,66.77,1025.4,66.78,908.8,66.79,1205.4,66.8,1994.6,66.81,1309.3
1700000491.0,982,66.75,0.060000000000002274,66.72,1873.3,66.78,21.1,4568.2,3379.5,66.72,6.6,SELL,1,66.72,1873.3,66.71,110.8,66.7,1690.6,66.69,354.3,66.68,539.2,66.78,21.1,66.79,868.7,66.8,182.2,66.81,865.6,66.82,1441.9
1700000491.5,983,66.75,0.060000000000002274,66.72,195.6,66.78,1108.6,8562.6,4084.3999999999996,66.72,25.4,SELL,1,66.72,195.6,66.71,806.1,66.7,438.6,66.69,5788.4,66.68,1333.9,66.78,1108.6,66.79,82.9,66.8,467.3,66.81,2167.4,66.82,258.2
1700000492.0,984,66.75,0.03999999999999204,66.73,994.5,66.77,450.8,8649.099999999999,6412.3,66.73,106.2,SELL,2,66.73,994.5,66.72,1668.5,66.71,598.7,66.7,2505.7,66.69,2881.7,66.77,450.8,66.78,573.8,66.79,417.4,66.8,3255.3,66.81,1715.0
1700000492.5,985,66.75,0.060000000000002274,66.72,650.2,66.78,547.9,5870.7,2157.3,66.75,0.0,BUY,0,66.72,650.2,66.71,860.6,66.7,324.1,66.69,1271.1,66.68,2764.7,66.78,547.9,66.79,237.5,66.8,991.5,66.81,309.8,66.82,70.6
1700000493.0,986,66.75,0.060000000000002274,66.72,13.5,66.78,1011.4,2261.8,4018.0,66.78,57.2,BUY,3,66.72,13.5,66.71,844.2,66.7,933.1,66.69,181.1,66.68,289.9,66.78,1011.4,66.79,930.8,66.8,591.0,66.81,76.5,66.82,1408.3
1700000493.5,987,66.75,0.03999999999999204,66.73,24.2,66.77,1652.2,5612.6,4002.3,66.75,0.0,BUY,0,66.73,24.2,66.72,1246.8,66.71,987.6,66.7,1526.7,66.69,1827.3,66.77,1652.2,66.78,233.3,66.79,110.3,66.8,645.1,66.81,1361.4
1700000494.0,988,66.75,0.060000000000002274,66.72,339.7,66.78,82.2,3619.3,2346.5,66.72,37.6,SELL,2,66.72,339.7,66.71,288.2,66.7,2737.5,66.69,12.1,66.68,241.8,66.78,82.2,66.79,1128.4,66.8,10.0,66.81,402.0,66.82,723.9
1700000494.5,989,66.75,0.060000000000002274,66.72,791.0,66.78,230.2,6632.3,12546.0,66.72,5.0,SELL,2,66.72,791.0,66.71,203.1,66.7,346.5,66.69,1986.2,66.68,3305.5,66.78,230.2,66.79,465.7,66.8,1282.5,66.81,6479.2,66.82,4088.4
1700000495.0,990,66.74,0.060000000000002274,66.71,1709.5,66.77,1812.7,11270.5,7515.9,66.71,35.1,SELL,1,66.71,1709.5,66.7,912.8,66.69,5382.0,66.68,2582.0,66.67,684.2,66.77,1812.7,66.78,113.0,66.79,4492.0,66.8,141.7,66.81,956.5
1700000495.5,991,66.74,0.060000000000002274,66.71,251.0,66.77,542.7,3006.7,6046.899999999999,66.71,5.0,SELL,3,66.71,251.0,66.7,392.2,66.69,348.8,66.68,1675.6,66.67,339.1,66.77,542.7,66.78,2345.2,66.79,93.7,66.8,2441.6,66.81,623.7
1700000496.0,992,66.74000000000001,0.04000000000000625,66.72,369.7,66.76,532.6,2350.3,5590.4,66.72,73.1,SELL,2,66.72,369.7,66.71,193.2,66.7,186.6,66.69,1590.8,66.68,10.0,66.76,532.6,66.77,194.3,66.78,296.8,66.79,1042.6,66.8,3524.1
1700000496.5,993,66.74,0.060000000000002274,66.71,193.0,66.77,180.5,2963.0,4527.6,66.71,15.7,SELL,4,66.71,193.0,66.7,244.1,66.69,265.0,66.68,822.5,66.67,1438.4,66.77,180.5,66.78,109.1,66.79,519.0,66.8,2809.4,66.81,909.6
1700000497.0,994,66.74,0.060000000000002274,66.71,805.8,66.77,502.3,2523.5,4502.2,66.74,0.0,BUY,0,66.71,805.8,66.7,16.7,66.69,1634.0,66.68,35.7,66.67,31.3,66.77,502.3,66.78,806.5,66.79,981.9,66.8,1533.7,66.81,677.8
1700000497.5,995,66.75,0.060000000000002274,66.72,95.7,66.78,941.8,6821.1,8311.300000000001,66.72,23.9,SELL,2,66.72,95.7,66.71,342.5,66.7,3270.8,66.69,66.8,66.68,3045.3,66.78,941.8,66.79,422.1,66.8,1892.4,66.81,4708.6,66.82,346.4
1700000498.0,996,66.75,0.060000000000002274,66.72,366.2,66.78,335.9,2480.5,3500.6,66.78,29.3,BUY,1,66.72,366.2,66.71,453.6,66.7,963.7,66.69,214.6,66.68,482.4,66.78,335.9,66.79,1000.2,66.8,984.1,66.81,483.4,66.82,697.0
1700000498.5,997,66.75,0.060000000000002274,66.72,498.4,66.78,3226.7,4681.5,6525.500000000001,66.75,0.0,BUY,0,66.72,498.4,66.71,299.7,66.7,1324.0,66.69,221.4,66.68,2338.0,66.78,3226.7,66.79,1402.9,66.8,336.5,66.81,1492.3,66.82,67.1
1700000499.0,998,66.75,0.060000000000002274,66.72,71.4,66.78,13.8,2035.8999999999999,6998.6,66.72,56.8,SELL,3,66.72,71.4,66.71,111.9,66.7,1236.1,66.69,244.2,66.68,372.3,66.78,13.8,66.79,1729.7,66.8,282.9,66.81,2154.3,66.82,2817.9
1700000499.5,999,66.75,0.03999999999999204,66.73,2336.0,66.77,2005.6,4873.400000000001,9800.3,66.75,0.0,BUY,0,66.73,2336.0,66.72,253.4,66.71,324.8,66.7,964.9,66.69,994.3,66.77,2005.6,66.78,1693.1,66.79,85.9,66.8,1279.9,66.81,4735.8
1700000500.0,1000,66.75,0.060000000000002274,66.72,44.6,66.78,10.0,2638.7999999999997,5647.3,66.72,5.0,SELL,2,66.72,44.6,66.71,782.9,66.7,1102.2,66.69,579.0,66.68,130.1,66.78,10.0,66.79,668.0,66.8,2352.1,66.81,1518.4,66.82,1098.8
1700000500.5,1001,66.75,0.03999999999999204,66.73,31.9,66.77,1537.9,3028.2000000000003,4052.2,66.77,51.0,BUY,2,66.73,31.9,66.72,1546.0,66.71,139.7,66.7,820.3,66.69,490.3,66.77,1537.9,66.78,73.8,66.79,648.5,66.8,1362.2,66.81,429.8
1700000501.0,1002,66.75,0.060000000000002274,66.72,482.7,66.78,1631.6,4135.7,3471.2,66.78,5.0,BUY,2,66.72,482.7,66.71,562.0,66.7,1338.1,66.69,1668.7,66.68,84.2,66.78,1631.6,66.79,114.6,66.8,14.7,66.81,414.6,66.82,1295.7
1700000501.5,1003,66.75,0.060000000000002274,66.72,99.0,66.78,311.3,1111.6,3890.2999999999997,66.78,15.9,BUY,4,66.72,99.0,66.71,409.4,66.7,65.4,66.69,26.2,66.68,511.6,66.78,311.3,66.79,1877.8,66.8,392.6,66.81,508.2,66.82,800.4
1700000502.0,1004,66.75,0.060000000000002274,66.72,419.8,66.78,152.4,2109.9,5917.099999999999,66.78,27.6,BUY,1,66.72,419.8,66.71,64.5,66.7,262.6,66.69,1290.7,66.68,72.3,66.78,152.4,66.79,1685.8,66.8,1509.6,66.81,2152.6,66.82,416.7
1700000502.5,1005,66.75,0.060000000000002274,66.72,1397.6,66.78,1031.7,4020.2,4132.200000000001,66.75,0.0,BUY,0,66.72,1397.6,66.71,188.0,66.7,30.2,66.69,1344.6,66.68,1059.8,66.78,1031.7,66.79,214.2,66.8,224.3,66.81,1946.4,66.82,715.6
1700000503.0,1006,66.75,0.03999999999999204,66.73,87.9,66.77,638.1,6991.0,2154.8,66.75,0.0,BUY,0,66.73,87.9,66.72,956.6,66.71,902.9,66.7,2422.6,66.69,2621.0,66.77,638.1,66.78,169.6,66.79,35.9,66.8,810.3,66.81,500.9
1700000503.5,1007,66.75,0.060000000000002274,66.72,14.4,66.78,370.3,1868.8000000000002,7028.4,66.78,82.4,BUY,1,66.72,14.4,66.71,454.0,66.7,76.5,66.69,137.5,66.68,1186.4,66.78,370.3,66.79,1717.3,66.8,1369.7,66.81,10.0,66.82,3561.1
1700000504.0,1008,66.75,0.060000000000002274,66.72,295.0,66.78,32.6,2506.2,2765.6,66.78,20.7,BUY,1,66.72,295.0,66.71,945.4,66.7,165.8,66.69,695.3,66.68,404.7,66.78,32.6,66.79,991.5,66.8,761.4,66.81,85.5,66.82,894.6
1700000504.5,1009,66.74,0.060000000000002274,66.71,208.9,66.77,193.6,6693.5,6735.6,66.77,63.3,BUY,2,66.71,208.9,66.7,215.3,66.69,412.5,66.68,1712.8,66.67,4144.0,66.77,193.6,66.78,1131.7,66.79,1715.0,66.8,800.3,66.81,2895.0
1700000505.0,1010,66.73,0.060000000000002274,66.7,720.7,66.76,479.0,6404.0,5459.9,66.76,30.0,BUY,1,66.7,720.7,66.69,918.0,66.68,316.6,66.67,27.5,66.66,4421.2,66.76,479.0,66.77,1660.4,66.78,727.5,66.79,1199.4,66.8,1393.6
1700000505.5,1011,66.74,0.060000000000002274,66.71,1263.1,66.77,27.3,3650.0000000000005,3323.1000000000004,66.71,168.0,SELL,2,66.71,1263.1,66.7,348.2,66.69,861.1,66.68,679.7,66.67,497.9,66.77,27.3,66.78,264.6,66.79,1120.7,66.8,1342.8,66.81,567.7
1700000506.0,1012,66.74,0.060000000000002274,66.71,739.2,66.77,423.8,4735.8,2811.1,66.77,21.4,BUY,2,66.71,739.2,66.7,94.5,66.69,116.2,66.68,114.3,66.67,3671.6,66.77,423.8,66.78,688.4,66.79,1436.2,66.8,215.1,66.81,47.6
1700000506.5,1013,66.74,0.060000000000002274,66.71,61.3,66.77,436.1,3011.1,4967.5,66.77,5.5,BUY,2,66.71,61.3,66.7,820.0,66.69,491.7,66.68,1424.1,66.67,214.0,66.77,436.1,66.78,221.0,66.79,2061.7,66.8,626.0,66.81,1622.7
1700000507.0,1014,66.74,0.060000000000002274,66.71,165.3,66.77,77.2,3107.0,4046.2000000000003,66.77,5.8,BUY,4,66.71,165.3,66.7,538.3,66.69,1015.5,66.68,841.7,66.67,546.2,66.77,77.2,66.78,258.1,66.79,1829.0,66.8,1664.4,66.81,217.5
1700000507.5,1015,66.74,0.060000000000002274,66.71,87.0,66.77,779.2,4943.7,3598.6999999999994,66.77,8.8,BUY,1,66.71,87.0,66.7,397.9,66.69,802.1,66.68,2729.2,66.67,927.5,66.77,779.2,66.78,1171.1,66.79,1531.1,66.8,97.2,66.81,20.1
1700000508.0,1016,66.74000000000001,0.04000000000000625,66.72,238.9,66.76,141.0,6743.6,3515.6,66.76,18.2,BUY,2,66.72,238.9,66.71,195.9,66.7,1145.0,66.69,1927.0,66.68,3236.8,66.76,141.0,66.77,13.3,66.78,1248.7,66.79,1457.5,66.8,655.1
1700000508.5,1017,66.74,0.060000000000002274,66.71,145.2,66.77,456.3,734.3,2698.9,66.71,47.7,SELL,1,66.71,145.2,66.7,54.6,66.69,13.0,66.68,41.1,66.67,480.4,66.77,456.3,66.78,746.3,66.79,117.4,66.8,1300.0,66.81,78.9
1700000509.0,1018,66.74,0.060000000000002274,66.71,344.5,66.77,497.4,6942.3,5928.2,66.77,116.1,BUY,1,66.71,344.5,66.7,474.3,66.69,1141.5,66.68,4623.6,66.67,358.4,66.77,497.4,66.78,823.5,66.79,2299.9,66.8,445.6,66.81,1861.8
1700000509.5,1019,66.74,0.060000000000002274,66.71,454.6,66.77,1855.0,5988.8,9383.3,66.71,35.7,SELL,1,66.71,454.6,66.7,573.6,66.69,62.7,66.68,4524.6,66.67,373.3,66.77,1855.0,66.78,4465.7,66.79,1017.5,66.8,74.7,66.81,1970.4
1700000510.0,1020,66.74,0.060000000000002274,66.71,3228.3,66.77,745.1,7274.099999999999,3634.4000000000005,66.74,0.0,BUY,0,66.71,3228.3,66.7,968.8,66.69,1194.9,66.68,1386.4,66.67,495.7,66.77,745.1,66.78,334.8,66.79,610.9,66.8,1238.9,66.81,704.7
1700000510.5,1021,66.75,0.060000000000002274,66.72,906.9,66.78,2148.0,12407.5,4955.099999999999,66.72,51.5,SELL,3,66.72,906.9,66.71,1085.3,66.7,2850.2,66.69,2623.2,66.68,4941.9,66.78,2148.0,66.79,748.1,66.8,88.0,66.81,262.2,66.82,1708.8
1700000511.0,1022,66.75,0.03999999999999204,66.73,181.4,66.77,231.1,7485.9,2544.0,66.77,19.1,BUY,3,66.73,181.4,66.72,382.3,66.71,393.7,66.7,6312.1,66.69,216.4,66.77,231.1,66.78,439.1,66.79,23.0,66.8,1451.5,66.81,399.3
1700000511.5,1023,66.75,0.060000000000002274,66.72,993.7,66.78,88.8,2158.9,3415.1000000000004,66.75,0.0,BUY,0,66.72,993.7,66.71,321.4,66.7,519.5,66.69,178.7,66.68,145.6,66.78,88.8,66.79,845.7,66.8,180.4,66.81,1000.5,66.82,1299.7
1700000512.0,1024,66.75,0.060000000000002274,66.72,522.3,66.78,174.1,2347.2,8382.4,66.72,99.2,SELL,2,66.72,522.3,66.71,614.7,66.7,327.6,66.69,833.5,66.68,49.1,66.78,174.1,66.79,320.0,66.8,3550.9,66.81,453.9,66.82,3883.5
1700000512.5,1025,66.75,0.060000000000002274,66.72,1012.2,66.78,493.6,3095.6000000000004,3476.8,66.72,10.2,SELL,3,66.72,1012.2,66.71,192.7,66.7,546.4,66.69,290.0,66.68,1054.3,66.78,493.6,66.79,157.9,66.8,894.6,66.81,839.4,66.82,1091.3
1700000513.0,1026,66.75,0.060000000000002274,66.72,347.7,66.78,875.2,2607.7000000000003,2569.8,66.78,28.0,BUY,2,66.72,347.7,66.71,95.2,66.7,31.2,66.69,1973.3,66.68,160.3,66.78,875.2,66.79,367.9,66.8,810.9,66.81,262.5,66.82,253.3
1700000513.5,1027,66.75,0.03999999999999204,66.73,203.0,66.77,252.8,2514.2,4956.2,66.73,18.8,SELL,1,66.73,203.0,66.72,24.0,66.71,459.9,66.7,702.4,66.69,1124.9,66.77,252.8,66.78,791.6,66.79,889.3,66.8,1386.0,66.81,1636.5
1700000514.0,1028,66.75,0.060000000000002274,66.72,159.8,66.78,1357.7,8058.700000000001,7967.400000000001,66.72,91.7,SELL,1,66.72,159.8,66.71,666.5,66.7,6295.8,66.69,359.1,66.68,577.5,66.78,1357.7,66.79,2841.1,66.8,250.8,66.81,692.3,66.82,2825.5
1700000514.5,1029,66.75,0.060000000000002274,66.72,298.3,66.78,423.2,5274.0,4000.5,66.78,70.3,BUY,1,66.72,298.3,66.71,1933.1,66.7,1156.1,66.69,894.0,66.68,992.5,66.78,423.2,66.79,43.1,66.8,1942.9,66.81,1241.6,66.82,349.7
1700000515.0,1030,66.75,0.060000000000002274,66.72,720.8,66.78,2818.8,3569.4,4949.900000000001,66.78,27.7,BUY,4,66.72,720.8,66.71,10.5,66.7,603.4,66.69,2165.4,66.68,69.3,66.78,2818.8,66.79,216.8,66.8,1274.3,66.81,386.6,66.82,253.4
1700000515.5,1031,66.735,0.030000000000001137,66.72,1089.9,66.75,678.3,3616.0,8299.6,66.72,9.8,SELL,2,66.72,1089.9,66.71,71.2,66.7,694.6,66.69,941.5,66.68,818.8,66.75,678.3,66.76,1978.3,66.77,566.3,66.78,3284.0,66.79,1792.7
1700000516.0,1032,66.74,0.060000000000002274,66.71,1096.5,66.77,76.1,8368.2,3743.2,66.77,49.2,BUY,1,66.71,1096.5,66.7,1516.0,66.69,2453.1,66.68,171.0,66.67,3131.6,66.77,76.1,66.78,1180.1,66.79,562.6,66.8,1113.4,66.81,811.0
1700000516.5,1033,66.74,0.060000000000002274,66.71,101.0,66.77,398.0,7156.200000000001,3683.6000000000004,66.74,0.0,BUY,0,66.71,101.0,66.7,96.4,66.69,423.9,66.68,4123.0,66.67,2411.9,66.77,398.0,66.78,528.6,66.79,19.7,66.8,2496.5,66.81,240.8
1700000517.0,1034,66.75,0.060000000000002274,66.72,730.7,66.78,468.9,2176.5,8934.3,66.75,0.0,BUY,0,66.72,730.7,66.71,84.6,66.7,47.4,66.69,103.1,66.68,1210.7,66.78,468.9,66.79,129.9,66.8,387.8,66.81,5741.5,66.82,2206.2
1700000517.5,1035,66.74000000000001,0.04000000000000625,66.72,1226.1,66.76,818.3,8352.6,2356.1,66.72,139.0,SELL,1,66.72,1226.1,66.71,1576.5,66.7,2221.0,66.69,2629.0,66.68,700.0,66.76,818.3,66.77,74.2,66.78,88.5,66.79,1066.1,66.8,309.0
1700000518.0,1036,69.91,0.060000000000002274,69.88,67.8,69.94,1310.5,2451.8,7960.7,69.94,36.8,BUY,3,69.88,67.8,69.87,250.2,69.86,750.5,69.85,521.6,69.84,861.7,69.94,1310.5,69.95,528.7,69.96,1940.7,69.97,2022.1,69.98,2158.7
1700000518.5,1037,69.91,0.060000000000002274,69.88,556.1,69.94,220.6,4448.3,2274.3,69.91,0.0,BUY,0,69.88,556.1,69.87,2002.5,69.86,73.0,69.85,1265.1,69.84,551.6,69.94,220.6,69.95,1012.9,69.96,84.1,69.97,216.7,69.98,740.0
1700000519.0,1038,69.91,0.060000000000002274,69.88,364.7,69.94,2223.9,3121.7000000000003,7271.1,69.94,5.0,BUY,1,69.88,364.7,69.87,12.2,69.86,2078.8,69.85,358.1,69.84,307.9,69.94,2223.9,69.95,289.5,69.96,2173.0,69.97,849.6,69.98,1735.1
1700000519.5,1039,69.91,0.060000000000002274,69.88,824.2,69.94,1648.7,6941.200000000001,3842.1,69.88,46.4,SELL,1,69.88,824.2,69.87,1899.4,69.86,704.1,69.85,1908.7,69.84,1604.8,69.94,1648.7,69.95,780.8,69.96,120.5,69.97,71.6,69.98,1220.5
1700000520.0,1040,69.91,0.060000000000002274,69.88,849.8,69.94,497.1,10377.9,2390.2,69.91,0.0,BUY,0,69.88,849.8,69.87,566.1,69.86,31.3,69.85,3119.7,69.84,5811.0,69.94,497.1,69.95,174.5,69.96,368.7,69.97,664.4,69.98,685.5
1700000520.5,1041,69.905,0.05000000000001137,69.88,491.7,69.93,1075.9,7515.2,11456.6,69.93,47.4,BUY,1,69.88,491.7,69.87,680.6,69.86,4055.4,69.85,1930.8,69.84,356.7,69.93,1075.9,69.94,635.3,69.95,557.8,69.96,1618.5,69.97,7569.1
1700000521.0,1042,69.89,0.03999999999999204,69.87,1070.4,69.91,451.7,4826.900000000001,1600.7,69.91,32.8,BUY,2,69.87,1070.4,69.86,490.9,69.85,1149.4,69.84,1023.9,69.83,1092.3,69.91,451.7,69.92,326.8,69.93,735.5,69.94,76.7,69.95,10.0
1700000521.5,1043,69.89,0.060000000000002274,69.86,426.8,69.92,58.7,8567.1,3763.6,69.89,0.0,BUY,0,69.86,426.8,69.85,2378.6,69.84,3360.2,69.83,1950.7,69.82,450.8,69.92,58.7,69.93,585.6,69.94,1183.7,69.95,405.5,69.96,1530.1
1700000522.0,1044,69.89,0.060000000000002274,69.86,530.5,69.92,369.9,7668.700000000001,7895.0,69.86,70.3,SELL,1,69.86,530.5,69.85,750.1,69.84,4866.1,69.83,248.5,69.82,1273.5,69.92,369.9,69.93,1831.1,69.94,3321.7,69.95,392.5,69.96,1979.8
1700000522.5,1045,69.88,0.060000000000002274,69.85,1774.2,69.91,543.8,5521.8,1797.7,69.91,5.0,BUY,1,69.85,1774.2,69.84,11.0,69.83,113.9,69.82,3375.9,69.81,246.8,69.91,543.8,69.92,93.5,69.93,622.7,69.94,327.8,69.95,209.9
1700000523.0,1046,69.88,0.060000000000002274,69.85,2756.2,69.91,147.4,4660.0,2650.2,69.91,58.1,BUY,1,69.85,2756.2,69.84,932.9,69.83,356.7,69.82,142.1,69.81,472.1,69.91,147.4,69.92,493.9,69.93,300.5,69.94,707.3,69.95,1001.1
1700000523.5,1047,69.87,0.060000000000002274,69.84,512.0,69.9,53.6,1385.8,4609.3,69.9,38.9,BUY,4,69.84,512.0,69.83,59.3,69.82,54.1,69.81,386.9,69.8,373.5,69.9,53.6,69.91,1565.0,69.92,879.4,69.93,744.5,69.94,1366.8
1700000524.0,1048,69.87,0.060000000000002274,69.84,969.6,69.9,21.8,2689.1000000000004,2149.2999999999997,69.9,33.5,BUY,1,69.84,969.6,69.83,524.3,69.82,792.2,69.81,252.3,69.8,150.7,69.9,21.8,69.91,666.9,69.92,888.9,69.93,509.0,69.94,62.7
1700000524.5,1049,69.87,0.060000000000002274,69.84,10.0,69.9,941.9,4655.099999999999,4248.5,69.9,5.0,BUY,2,69.84,10.0,69.83,210.2,69.82,1877.3,69.81,1792.7,69.8,764.9,69.9,941.9,69.91,845.4,69.92,624.0,69.93,752.9,69.94,1084.3
1700000525.0,1050,69.87,0.060000000000002274,69.84,182.3,69.9,1609.2,4022.5,6255.2,69.84,47.1,SELL,2,69.84,182.3,69.83,11.1,69.82,17.5,69.81,3108.0,69.8,703.6,69.9,1609.2,69.91,2957.8,69.92,1063.8,69.93,479.5,69.94,144.9
1700000525.5,1051,69.87,0.060000000000002274,69.84,633.8,69.9,10.0,12974.5,4974.5,69.84,16.8,SELL,1,69.84,633.8,69.83,962.9,69.82,3050.1,69.81,4262.5,69.8,4065.2,69.9,10.0,69.91,1588.1,69.92,985.6,69.93,637.3,69.94,1753.5
1700000526.0,1052,69.87,0.060000000000002274,69.84,535.2,69.9,1183.9,4849.3,5217.5,69.84,89.2,SELL,3,69.84,535.2,69.83,722.5,69.82,1093.4,69.81,1561.3,69.8,936.9,69.9,1183.9,69.91,695.0,69.92,1645.8,69.93,387.7,69.94,1305.1
1700000526.5,1053,69.86,0.060000000000002274,69.83,333.7,69.89,227.6,953.5,4220.4,69.83,17.0,SELL,3,69.83,333.7,69.82,54.4,69.81,19.5,69.8,157.7,69.79,388.2,69.89,227.6,69.9,1407.6,69.91,10.0,69.92,472.8,69.93,2102.4
1700000527.0,1054,69.86,0.060000000000002274,69.83,35.0,69.89,150.2,6013.599999999999,5991.0,69.83,297.6,SELL,3,69.83,35.0,69.82,158.8,69.81,1354.3,69.8,252.1,69.79,4213.4,69.89,150.2,69.9,312.0,69.91,1429.9,69.92,2660.2,69.93,1438.7
1700000527.5,1055,69.87,0.060000000000002274,69.84,79.4,69.9,526.7,6994.9,5994.4,69.9,101.4,BUY,2,69.84,79.4,69.83,2447.0,69.82,827.7,69.81,149.6,69.8,3491.2,69.9,526.7,69.91,2296.8,69.92,524.4,69.93,1268.0,69.94,1378.5
1700000528.0,1056,69.87,0.060000000000002274,69.84,1497.7,69.9,145.7,11913.0,4203.5,69.84,30.9,SELL,1,69.84,1497.7,69.83,575.5,69.82,4635.5,69.81,3490.4,69.8,1713.9,69.9,145.7,69.91,503.3,69.92,953.2,69.93,1527.5,69.94,1073.8
1700000528.5,1057,69.87,0.060000000000002274,69.84,2360.9,69.9,246.5,5793.2,1570.0,69.9,60.6,BUY,1,69.84,2360.9,69.83,314.0,69.82,1521.2,69.81,1229.2,69.8,367.9,69.9,246.5,69.91,50.8,69.92,899.8,69.93,32.2,69.94,340.7
1700000529.0,1058,69.86,0.060000000000002274,69.83,985.9,69.89,535.6,5413.0,4558.099999999999,69.86,0.0,BUY,0,69.83,985.9,69.82,844.7,69.81,789.7,69.8,390.4,69.79,2402.3,69.89,535.6,69.9,715.6,69.91,634.9,69.92,153.3,69.93,2518.7
1700000529.5,1059,69.86,0.060000000000002274,69.83,141.1,69.89,1089.6,5957.999999999999,4681.9,69.86,0.0,BUY,0,69.83,141.1,69.82,1402.3,69.81,880.9,69.8,3307.5,69.79,226.2,69.89,1089.6,69.9,392.2,69.91,1034.3,69.92,1250.8,69.93,915.0
1700000530.0,1060,69.85,0.04000000000000625,69.83,328.1,69.87,664.4,4073.7000000000003,4049.7,69.87,38.7,BUY,4,69.83,328.1,69.82,858.0,69.81,693.9,69.8,413.3,69.79,1780.4,69.87,664.4,69.88,28.6,69.89,79.2,69.9,653.5,69.91,2624.0
1700000530.5,1061,69.85,0.060000000000002274,69.82,618.5,69.88,246.1,4310.8,2110.4,69.85,0.0,BUY,0,69.82,618.5,69.81,583.4,69.8,664.0,69.79,134.2,69.78,2310.7,69.88,246.1,69.89,435.6,69.9,135.8,69.91,434.8,69.92,858.1
1700000531.0,1062,69.85,0.060000000000002274,69.82,307.7,69.88,82.2,8410.1,1798.4,69.82,23.1,SELL,4,69.82,307.7,69.81,1203.4,69.8,713.3,69.79,2652.4,69.78,3533.3,69.88,82.2,69.89,49.6,69.9,260.3,69.91,872.4,69.92,533.9
1700000531.5,1063,69.85,0.060000000000002274,69.82,295.2,69.88,105.9,2924.4,5178.2,69.88,57.5,BUY,2,69.82,295.2,69.81,1663.4,69.8,601.7,69.79,221.5,69.78,142.6,69.88,105.9,69.89,840.0,69.9,2501.1,69.91,637.9,69.92,1093.3
1700000532.0,1064,69.85,0.060000000000002274,69.82,986.2,69.88,962.2,3403.0,10710.199999999999,69.82,82.9,SELL,3,69.82,986.2,69.81,500.8,69.8,298.5,69.79,732.9,69.78,884.6,69.88,962.2,69.89,946.3,69.9,257.2,69.91,8324.1,69.92,220.4
1700000532.5,1065,69.85,0.060000000000002274,69.82,192.6,69.88,132.7,4569.8,1491.0,69.88,45.1,BUY,2,69.82,192.6,69.81,786.1,69.8,1619.7,69.79,150.2,69.78,1821.2,69.88,132.7,69.89,51.3,69.9,470.2,69.91,298.3,69.92,538.5
1700000533.0,1066,69.85,0.060000000000002274,69.82,127.5,69.88,371.4,3921.4,7203.0,69.88,62.3,BUY,3,69.82,127.5,69.81,157.7,69.8,140.9,69.79,2386.8,69.78,1108.5,69.88,371.4,69.89,550.3,69.9,3571.4,69.91,1520.0,69.92,1189.9
1700000533.5,1067,69.85,0.060000000000002274,69.82,1410.2,69.88,30.5,4368.5,1300.9,69.88,33.3,BUY,1,69.82,1410.2,69.81,1588.1,69.8,872.6,69.79,224.9,69.78,272.7,69.88,30.5,69.89,32.8,69.9,52.3,69.91,565.4,69.92,619.9
1700000534.0,1068,69.85,0.060000000000002274,69.82,297.4,69.88,28.8,2700.2,5054.9,69.82,124.7,SELL,1,69.82,297.4,69.81,505.7,69.8,359.0,69.79,687.3,69.78,850.8,69.88,28.8,69.89,12.0,69.9,273.1,69.91,1508.3,69.92,3232.7
1700000534.5,1069,69.85,0.060000000000002274,69.82,685.1,69.88,303.9,5817.0,5172.700000000001,69.82,29.9,SELL,3,69.82,685.1,69.81,365.0,69.8,1154.4,69.79,1396.0,69.78,2216.5,69.88,303.9,69.89,780.1,69.9,1243.3,69.91,2449.3,69.92,396.1
1700000535.0,1070,69.85,0.060000000000002274,69.82,471.5,69.88,876.6,3926.8,7482.1,69.88,10.1,BUY,2,69.82,471.5,69.81,144.2,69.8,910.3,69.79,597.3,69.78,1803.5,69.88,876.6,69.89,3122.0,69.9,346.5,69.91,1241.6,69.92,1895.4
1700000535.5,1071,69.84,0.060000000000002274,69.81,359.1,69.87,133.5,3751.1,5593.2,69.87,68.8,BUY,1,69.81,359.1,69.8,49.2,69.79,1134.6,69.78,1648.7,69.77,559.5,69.87,133.5,69.88,250.2,69.89,1770.8,69.9,3178.0,69.91,260.7
1700000536.0,1072,69.85,0.060000000000002274,69.82,91.4,69.88,105.9,2512.5,2019.4,69.82,14.0,SELL,2,69.82,91.4,69.81,837.4,69.8,537.5,69.79,310.6,69.78,735.6,69.88,105.9,69.89,53.2,69.9,753.9,69.91,775.8,69.92,330.6
1700000536.5,1073,69.86,0.03999999999999204,69.84,491.4,69.88,23.5,4035.7,4206.6,69.84,33.6,SELL,2,69.84,491.4,69.83,1039.2,69.82,159.1,69.81,1008.9,69.8,1337.1,69.88,23.5,69.89,1048.6,69.9,707.9,69.91,1729.6,69.92,697.0
1700000537.0,1074,69.87,0.04000000000000625,69.85,729.9,69.89,10.0,3572.5999999999995,6685.0,69.89,131.5,BUY,3,69.85,729.9,69.84,1082.7,69.83,728.8,69.82,575.2,69.81,456.0,69.89,10.0,69.9,955.9,69.91,301.4,69.92,3803.2,69.93,1614.5
1700000537.5,1075,69.87,0.060000000000002274,69.84,419.2,69.9,646.3,3622.6000000000004,4632.900000000001,69.87,0.0,BUY,0,69.84,419.2,69.83,850.5,69.82,728.2,69.81,969.2,69.8,655.5,69.9,646.3,69.91,309.6,69.92,1127.6,69.93,2297.1,69.94,252.3
1700000538.0,1076,69.87,0.04000000000000625,69.85,1816.2,69.89,80.2,9901.5,9880.6,69.85,14.1,SELL,3,69.85,1816.2,69.84,3129.0,69.83,52.0,69.82,1438.7,69.81,3465.6,69.89,80.2,69.9,1422.4,69.91,2203.3,69.92,1456.2,69.93,4718.5
1700000538.5,1077,69.87,0.060000000000002274,69.84,709.4,69.9,903.2,5276.799999999999,3209.6999999999994,69.84,5.0,SELL,1,69.84,709.4,69.83,322.1,69.82,1208.1,69.81,407.5,69.8,2629.7,69.9,903.2,69.91,973.9,69.92,312.7,69.93,795.3,69.94,224.6
1700000539.0,1078,69.87,0.060000000000002274,69.84,469.3,69.9,876.2,7476.7,3148.2,69.9,12.2,BUY,3,69.84,469.3,69.83,1724.6,69.82,2079.0,69.81,1266.1,69.8,1937.7,69.9,876.2,69.91,606.9,69.92,10.0,69.93,489.9,69.94,1165.2
1700000539.5,1079,69.86,0.03999999999999204,69.84,1938.8,69.88,468.2,5005.1,2579.5,69.86,0.0,BUY,0,69.84,1938.8,69.83,1020.6,69.82,623.6,69.81,52.1,69.8,1370.0,69.88,468.2,69.89,239.3,69.9,89.0,69.91,1414.9,69.92,368.1
1700000540.0,1080,69.86,0.03999999999999204,69.84,238.1,69.88,1590.7,5069.5,4560.1,69.84,78.0,SELL,3,69.84,238.1,69.83,488.5,69.82,2439.3,69.81,1818.7,69.8,84.9,69.88,1590.7,69.89,399.3,69.9,85.4,69.91,1423.0,69.92,1061.7
1700000540.5,1081,69.86,0.060000000000002274,69.83,677.4,69.89,30.7,3378.0,3908.6000000000004,69.89,88.5,BUY,1,69.83,677.4,69.82,148.3,69.81,1107.2,69.8,825.3,69.79,619.8,69.89,30.7,69.9,476.6,69.91,782.1,69.92,2385.9,69.93,233.3
1700000541.0,1082,69.86,0.03999999999999204,69.84,270.9,69.88,631.6,3767.2,6063.300000000001,69.88,14.5,BUY,3,69.84,270.9,69.83,247.9,69.82,952.0,69.81,383.8,69.8,1912.6,69.88,631.6,69.89,613.7,69.9,1071.4,69.91,878.2,69.92,2868.4
1700000541.5,1083,69.86,0.060000000000002274,69.83,1026.8,69.89,1688.2,6746.0,4100.4,69.83,6.2,SELL,2,69.83,1026.8,69.82,763.0,69.81,1702.0,69.8,1237.1,69.79,2017.1,69.89,1688.2,69.9,254.5,69.91,430.5,69.92,531.1,69.93,1196.1
1700000542.0,1084,69.86,0.060000000000002274,69.83,247.0,69.89,127.4,6379.200000000001,4927.0,69.89,30.9,BUY,1,69.83,247.0,69.82,643.2,69.81,2315.5,69.8,2758.4,69.79,415.1,69.89,127.4,69.9,2336.1,69.91,217.1,69.92,1480.7,69.93,765.7
1700000542.5,1085,69.86,0.060000000000002274,69.83,902.5,69.89,1382.4,4364.0,7129.900000000001,69.86,0.0,BUY,0,69.83,902.5,69.82,2099.8,69.81,854.3,69.8,47.1,69.79,460.3,69.89,1382.4,69.9,1186.9,69.91,2704.5,69.92,1841.3,69.93,14.8
1700000543.0,1086,69.86,0.060000000000002274,69.83,375.4,69.89,152.3,6111.5,2406.1,69.83,122.0,SELL,3,69.83,375.4,69.82,81.0,69.81,898.7,69.8,654.2,69.79,4102.2,69.89,152.3,69.9,208.4,69.91,202.2,69.92,1546.0,69.93,297.2
1700000543.5,1087,69.87,0.060000000000002274,69.84,985.8,69.9,233.5,7022.799999999999,4711.0,69.9,9.3,BUY,1,69.84,985.8,69.83,448.5,69.82,887.7,69.81,1684.2,69.8,3016.6,69.9,233.5,69.91,1102.2,69.92,67.8,69.93,646.9,69.94,2660.6
1700000544.0,1088,69.88,0.060000000000002274,69.85,213.8,69.91,632.3,5318.9,3957.4999999999995,69.91,5.0,BUY,2,69.85,213.8,69.84,919.0,69.83,891.5,69.82,1982.4,69.81,1312.2,69.91,632.3,69.92,972.4,69.93,908.4,69.94,820.3,69.95,624.1
1700000544.5,1089,69.89,0.060000000000002274,69.86,773.3,69.92,861.6,8534.7,6744.1,69.86,21.7,SELL,5,69.86,773.3,69.85,3608.2,69.84,1788.5,69.83,1212.7,69.82,1152.0,69.92,861.6,69.93,1553.8,69.94,595.3,69.95,2892.9,69.96,840.5
1700000545.0,1090,69.89,0.060000000000002274,69.86,245.0,69.92,1031.3,5096.799999999999,4200.1,69.89,0.0,BUY,0,69.86,245.0,69.85,20.1,69.84,2252.2,69.83,371.1,69.82,2208.4,69.92,1031.3,69.93,425.6,69.94,2209.9,69.95,366.3,69.96,167.0
1700000545.5,1091,69.89,0.060000000000002274,69.86,107.9,69.92,10.0,4591.3,1754.8999999999999,69.86,14.5,SELL,1,69.86,107.9,69.85,1058.6,69.84,540.0,69.83,2848.0,69.82,36.8,69.92,10.0,69.93,247.3,69.94,229.0,69.95,153.0,69.96,1115.6
1700000546.0,1092,69.89,0.060000000000002274,69.86,531.0,69.92,462.9,8701.8,5945.700000000001,69.86,11.7,SELL,1,69.86,531.0,69.85,902.2,69.84,1099.0,69.83,794.1,69.82,5375.5,69.92,462.9,69.93,803.1,69.94,524.0,69.95,3132.1,69.96,1023.6
1700000546.5,1093,69.905,0.05000000000001137,69.88,29.9,69.93,461.2,5141.6,4862.799999999999,69.88,41.5,SELL,1,69.88,29.9,69.87,421.1,69.86,859.3,69.85,483.3,69.84,3348.0,69.93,461.2,69.94,465.1,69.95,2171.9,69.96,188.0,69.97,1576.6
1700000547.0,1094,69.905,0.05000000000001137,69.88,10.0,69.93,425.4,4081.4,1824.4999999999998,69.88,97.7,SELL,2,69.88,10.0,69.87,40.9,69.86,1945.0,69.85,604.9,69.84,1480.6,69.93,425.4,69.94,227.7,69.95,46.0,69.96,80.3,69.97,1045.1
1700000547.5,1095,69.9,0.04000000000000625,69.88,215.8,69.92,143.0,2588.4,2491.2,69.92,5.0,BUY,2,69.88,215.8,69.87,24.3,69.86,754.5,69.85,1221.3,69.84,372.5,69.92,143.0,69.93,715.9,69.94,169.1,69.95,1090.5,69.96,372.7
1700000548.0,1096,69.905,0.05000000000001137,69.88,74.9,69.93,762.7,5209.3,3201.8,69.93,101.0,BUY,2,69.88,74.9,69.87,491.4,69.86,1376.5,69.85,2665.0,69.84,601.5,69.93,762.7,69.94,666.4,69.95,1407.2,69.96,155.2,69.97,210.3
1700000548.5,1097,69.905,0.05000000000001137,69.88,456.1,69.93,670.6,3863.6,5555.2,69.88,14.7,SELL,4,69.88,456.1,69.87,619.4,69.86,299.3,69.85,696.8,69.84,1792.0,69.93,670.6,69.94,1201.4,69.95,110.3,69.96,3105.7,69.97,467.2
1700000549.0,1098,69.9,0.04000000000000625,69.88,48.3,69.92,528.3,2595.7,2476.8999999999996,69.92,12.0,BUY,2,69.88,48.3,69.87,290.0,69.86,1332.9,69.85,848.0,69.84,76.5,69.92,528.3,69.93,772.8,69.94,94.7,69.95,112.6,69.96,968.5
1700000549.5,1099,69.91,0.060000000000002274,69.88,2398.6,69.94,675.3,8011.099999999999,3520.0,69.88,35.4,SELL,2,69.88,2398.6,69.87,319.0,69.86,1356.5,69.85,2818.8,69.84,1118.2,69.94,675.3,69.95,364.5,69.96,958.3,69.97,26.0,69.98,1495.9
1700000550.0,1100,69.92,0.060000000000002274,69.89,74.3,69.95,1104.2,2126.4,4765.7,69.89,13.9,SELL,1,69.89,74.3,69.88,187.7,69.87,408.4,69.86,537.9,69.85,918.1,69.95,1104.2,69.96,169.5,69.97,1254.2,69.98,1313.8,69.99,924.0
1700000550.5,1101,69.92,0.060000000000002274,69.89,1203.9,69.95,1542.4,8316.7,7523.3,69.92,0.0,BUY,0,69.89,1203.9,69.88,170.0,69.87,147.1,69.86,2393.6,69.85,4402.1,69.95,1542.4,69.96,782.7,69.97,3629.7,69.98,1236.8,69.99,331.7
1700000551.0,1102,74.905,0.05000000000001137,74.88,431.4,74.93,377.8,3433.3999999999996,1834.8,74.93,53.5,BUY,1,74.88,431.4,74.87,104.4,74.86,1570.6,74.85,639.8,74.84,687.2,74.93,377.8,74.94,256.1,74.95,115.8,74.96,422.4,74.97,662.7
1700000551.5,1103,74.91,0.060000000000002274,74.88,180.6,74.94,478.6,5635.6,3469.2,74.94,24.9,BUY,2,74.88,180.6,74.87,445.5,74.86,265.8,74.85,3845.7,74.84,898.0,74.94,478.6,74.95,327.2,74.96,705.7,74.97,573.4,74.98,1384.3
1700000552.0,1104,74.91,0.04000000000000625,74.89,688.7,74.93,769.8,3492.6,14119.6,74.89,26.2,SELL,2,74.89,688.7,74.88,600.6,74.87,504.6,74.86,1631.5,74.85,67.2,74.93,769.8,74.94,624.9,74.95,3622.8,74.96,2666.0,74.97,6436.1
1700000552.5,1105,74.91,0.060000000000002274,74.88,120.8,74.94,639.9,2432.2000000000003,4046.4,74.91,0.0,BUY,0,74.88,120.8,74.87,907.7,74.86,678.4,74.85,689.5,74.84,35.8,74.94,639.9,74.95,389.3,74.96,408.9,74.97,764.4,74.98,1843.9
1700000553.0,1106,74.91,0.060000000000002274,74.88,156.7,74.94,1188.0,3201.7999999999997,4094.9,74.94,64.4,BUY,1,74.88,156.7,74.87,10.0,74.86,286.8,74.85,2384.6,74.84,363.7,74.94,1188.0,74.95,385.7,74.96,355.9,74.97,1832.5,74.98,332.8
1700000553.5,1107,74.91,0.060000000000002274,74.88,896.5,74.94,1118.0,5698.0,3226.9,74.88,83.8,SELL,4,74.88,896.5,74.87,885.2,74.86,3374.3,74.85,24.7,74.84,517.3,74.94,1118.0,74.95,10.0,74.96,78.4,74.97,743.1,74.98,1277.4
1700000554.0,1108,74.91,0.060000000000002274,74.88,197.1,74.94,620.4,6244.1,1952.1,74.94,13.1,BUY,2,74.88,197.1,74.87,55.2,74.86,636.2,74.85,2678.6,74.84,2677.0,74.94,620.4,74.95,120.7,74.96,612.0,74.97,351.6,74.98,247.4
1700000554.5,1109,74.91,0.060000000000002274,74.88,1000.0,74.94,1174.0,8208.1,3545.0000000000005,74.94,5.0,BUY,1,74.88,1000.0,74.87,1866.7,74.86,579.6,74.85,1695.9,74.84,3065.9,74.94,1174.0,74.95,325.4,74.96,781.7,74.97,148.4,74.98,1115.5
1700000555.0,1110,70.69,0.060000000000002274,70.66,146.2,70.72,303.7,5920.4,5469.299999999999,70.69,0.0,BUY,0,70.66,146.2,70.65,1066.2,70.64,1107.7,70.63,3432.9,70.62,167.4,70.72,303.7,70.73,3102.7,70.74,152.7,70.75,1801.8,70.76,108.4
1700000555.5,1111,70.69,0.060000000000002274,70.66,1158.1,70.72,1242.6,4190.3,4288.400000000001,70.72,31.3,BUY,2,70.66,1158.1,70.65,197.5,70.64,904.9,70.63,1263.7,70.62,666.1,70.72,1242.6,70.73,42.7,70.74,464.6,70.75,1477.2,70.76,1061.3
1700000556.0,1112,70.69,0.060000000000002274,70.66,636.6,70.72,227.6,6039.5,1883.6999999999998,70.72,155.4,BUY,2,70.66,636.6,70.65,3133.1,70.64,60.5,70.63,144.7,70.62,2064.6,70.72,227.6,70.73,395.3,70.74,220.8,70.75,799.9,70.76,240.1
1700000556.5,1113,70.69,0.060000000000002274,70.66,1398.4,70.72,216.0,3089.0,5923.900000000001,70.72,40.3,BUY,1,70.66,1398.4,70.65,10.0,70.64,244.8,70.63,711.8,70.62,724.0,70.72,216.0,70.73,1253.7,70.74,1089.4,70.75,1583.6,70.76,1781.2
1700000557.0,1114,70.69,0.060000000000002274,70.66,392.9,70.72,190.0,3853.8,9745.0,70.66,52.9,SELL,1,70.66,392.9,70.65,713.0,70.64,821.9,70.63,534.6,70.62,1391.4,70.72,190.0,70.73,2326.4,70.74,4002.6,70.75,363.4,70.76,2862.6
1700000557.5,1115,70.69,0.060000000000002274,70.66,922.5,70.72,251.6,4267.3,1447.5,70.66,49.5,SELL,1,70.66,922.5,70.65,13.3,70.64,1127.1,70.63,1651.3,70.62,553.1,70.72,251.6,70.73,130.6,70.74,211.5,70.75,809.8,70.76,44.0
1700000558.0,1116,70.69,0.060000000000002274,70.66,747.6,70.72,107.4,7611.1,2646.1000000000004,70.69,0.0,BUY,0,70.66,747.6,70.65,10.0,70.64,462.5,70.63,2393.9,70.62,3997.1,70.72,107.4,70.73,244.3,70.74,229.9,70.75,1350.7,70.76,713.8
1700000558.5,1117,70.685,0.04999999999999716,70.66,241.7,70.71,449.4,3607.6000000000004,3228.7999999999993,70.71,30.1,BUY,2,70.66,241.7,70.65,798.6,70.64,326.6,70.63,204.4,70.62,2036.3,70.71,449.4,70.72,301.4,70.73,1931.1,70.74,202.2,70.75,344.7
1700000559.0,1118,70.69,0.03999999999999204,70.67,2007.8,70.71,208.4,3823.7000000000003,3520.2000000000003,70.67,49.5,SELL,1,70.67,2007.8,70.66,592.3,70.65,80.8,70.64,157.9,70.63,984.9,70.71,208.4,70.72,10.0,70.73,3099.5,70.74,158.0,70.75,44.3
1700000559.5,1119,70.69,0.03999999999999204,70.67,918.7,70.71,472.7,3969.7999999999997,1887.4,70.69,0.0,BUY,0,70.67,918.7,70.66,10.0,70.65,390.7,70.64,1298.3,70.63,1352.1,70.71,472.7,70.72,118.3,70.73,169.6,70.74,297.3,70.75,829.5
1700000560.0,1120,70.69,0.060000000000002274,70.66,38.3,70.72,1237.4,3569.1,8141.099999999999,70.69,0.0,BUY,0,70.66,38.3,70.65,373.7,70.64,1040.5,70.63,2092.6,70.62,24.0,70.72,1237.4,70.73,470.6,70.74,2004.6,70.75,843.8,70.76,3584.7
1700000560.5,1121,70.69,0.060000000000002274,70.66,316.5,70.72,129.5,6195.3,3216.7000000000003,70.66,57.8,SELL,2,70.66,316.5,70.65,628.1,70.64,899.0,70.63,92.9,70.62,4258.8,70.72,129.5,70.73,1448.1,70.74,311.2,70.75,1292.5,70.76,35.4
1700000561.0,1122,70.69,0.060000000000002274,70.66,2620.8,70.72,113.1,9289.2,6956.8,70.72,19.1,BUY,1,70.66,2620.8,70.65,711.9,70.64,1332.5,70.63,691.4,70.62,3932.6,70.72,113.1,70.73,142.5,70.74,360.1,70.75,3758.1,70.76,2583.0
1700000561.5,1123,70.7,0.060000000000002274,70.67,1387.6,70.73,360.1,3062.0,3049.2999999999997,70.73,31.0,BUY,1,70.67,1387.6,70.66,694.4,70.65,326.5,70.64,574.6,70.63,78.9,70.73,360.1,70.74,1432.6,70.75,195.9,70.76,754.5,70.77,306.2
1700000562.0,1124,70.69,0.03999999999999204,70.67,739.8,70.71,1999.7,3962.1,5963.299999999999,70.67,10.5,SELL,5,70.67,739.8,70.66,125.9,70.65,1549.4,70.64,1516.1,70.63,30.9,70.71,1999.7,70.72,104.3,70.73,1920.4,70.74,1611.0,70.75,327.9
1700000562.5,1125,70.69,0.03999999999999204,70.67,1106.0,70.71,1007.8,3317.2,4051.6,70.71,6.0,BUY,2,70.67,1106.0,70.66,386.2,70.65,536.9,70.64,1264.3,70.63,23.8,70.71,1007.8,70.72,186.9,70.73,311.6,70.74,777.7,70.75,1767.6
1700000563.0,1126,70.685,0.04999999999999716,70.66,764.6,70.71,639.9,5569.400000000001,3688.0,70.71,5.0,BUY,3,70.66,764.6,70.65,747.3,70.64,3555.9,70.63,237.6,70.62,264.0,70.71,639.9,70.72,514.7,70.73,249.5,70.74,1767.4,70.75,516.5
1700000563.5,1127,70.68,0.05999999999998806,70.65,455.0,70.71,121.5,2804.1,3943.5,70.65,8.4,SELL,4,70.65,455.0,70.64,399.9,70.63,785.4,70.62,1025.9,70.61,137.9,70.71,121.5,70.72,386.7,70.73,1685.4,70.74,71.5,70.75,1678.4
1700000564.0,1128,70.68,0.04000000000000625,70.66,1116.5,70.7,375.3,2207.9,6060.200000000001,70.7,14.0,BUY,3,70.66,1116.5,70.65,230.3,70.64,310.2,70.63,41.7,70.62,509.2,70.7,375.3,70.71,203.2,70.72,550.6,70.73,2698.8,70.74,2232.3
1700000564.5,1129,70.685,0.04999999999999716,70.66,783.5,70.71,279.6,6950.200000000001,3478.7,70.71,224.1,BUY,2,70.66,783.5,70.65,1297.8,70.64,823.3,70.63,2410.5,70.62,1635.1,70.71,279.6,70.72,2195.5,70.73,18.2,70.74,379.2,70.75,606.2
1700000565.0,1130,70.69,0.060000000000002274,70.66,885.8,70.72,131.4,4833.8,4528.1,70.66,42.8,SELL,2,70.66,885.8,70.65,1978.4,70.64,1149.5,70.63,624.8,70.62,195.3,70.72,131.4,70.73,906.5,70.74,1795.2,70.75,808.9,70.76,886.1
1700000565.5,1131,70.68,0.04000000000000625,70.66,223.6,70.7,466.5,4930.700000000001,2222.0,70.7,8.9,BUY,2,70.66,223.6,70.65,1922.4,70.64,2312.6,70.63,294.0,70.62,178.1,70.7,466.5,70.71,113.3,70.72,634.5,70.73,810.0,70.74,197.7
1700000566.0,1132,70.69,0.03999999999999204,70.67,59.2,70.71,103.3,4689.9,1315.0,70.71,69.8,BUY,1,70.67,59.2,70.66,378.1,70.65,1292.6,70.64,1811.2,70.63,1148.8,70.71,103.3,70.72,120.2,70.73,123.8,70.74,123.2,70.75,844.5
1700000566.5,1133,70.69,0.060000000000002274,70.66,131.0,70.72,619.4,4185.4,8003.999999999999,70.72,21.3,BUY,3,70.66,131.0,70.65,147.8,70.64,160.9,70.63,3298.5,70.62,447.2,70.72,619.4,70.73,3669.0,70.74,401.9,70.75,768.4,70.76,2545.3
1700000567.0,1134,70.685,0.04999999999999716,70.66,71.4,70.71,829.7,3796.1,3580.5,70.66,5.0,SELL,1,70.66,71.4,70.65,139.1,70.64,370.2,70.63,355.7,70.62,2859.7,70.71,829.7,70.72,596.5,70.73,557.7,70.74,1287.1,70.75,309.5
1700000567.5,1135,70.685,0.04999999999999716,70.66,755.2,70.71,105.8,3594.9000000000005,2180.7,70.66,87.3,SELL,2,70.66,755.2,70.65,1018.5,70.64,571.1,70.63,892.3,70.62,357.8,70.71,105.8,70.72,670.4,70.73,956.5,70.74,231.9,70.75,216.1
1700000568.0,1136,70.685,0.04999999999999716,70.66,180.5,70.71,823.5,4238.9,4508.3,70.685,0.0,BUY,0,70.66,180.5,70.65,1390.4,70.64,2166.1,70.63,342.1,70.62,159.8,70.71,823.5,70.72,1306.1,70.73,150.1,70.74,423.9,70.75,1804.7
1700000568.5,1137,70.69,0.03999999999999204,70.67,230.2,70.71,105.3,7657.900000000001,6260.4,70.69,0.0,BUY,0,70.67,230.2,70.66,1598.5,70.65,143.1,70.64,4848.1,70.63,838.0,70.71,105.3,70.72,875.0,70.73,2167.7,70.74,1171.8,70.75,1940.6
1700000569.0,1138,77.815,0.04999999999999716,77.79,392.5,77.84,1129.6,8762.9,4912.4,77.84,50.2,BUY,2,77.79,392.5,77.78,4184.1,77.77,780.7,77.76,738.0,77.75,2667.6,77.84,1129.6,77.85,451.0,77.86,492.6,77.87,1065.4,77.88,1773.8
1700000569.5,1139,77.815,0.04999999999999716,77.79,688.9,77.84,50.4,4417.7,3943.2,77.79,39.9,SELL,1,77.79,688.9,77.78,1234.1,77.77,1276.6,77.76,143.9,77.75,1074.2,77.84,50.4,77.85,167.1,77.86,554.4,77.87,806.3,77.88,2365.0
1700000570.0,1140,77.82,0.04000000000000625,77.8,111.0,77.84,494.6,6907.0,5928.7,77.84,7.2,BUY,1,77.8,111.0,77.79,1017.7,77.78,413.0,77.77,2910.8,77.76,2454.5,77.84,494.6,77.85,590.4,77.86,2944.7,77.87,1091.5,77.88,807.5
1700000570.5,1141,77.82,0.05999999999998806,77.79,124.9,77.85,268.9,2496.9,4610.8,77.82,0.0,BUY,0,77.79,124.9,77.78,14.7,77.77,749.7,77.76,1098.8,77.75,508.8,77.85,268.9,77.86,1398.5,77.87,619.2,77.88,899.6,77.89,1424.6
1700000571.0,1142,77.82,0.04000000000000625,77.8,370.6,77.84,894.3,4524.1,6076.0,77.84,6.2,BUY,1,77.8,370.6,77.79,127.1,77.78,2168.6,77.77,1176.2,77.76,681.6,77.84,894.3,77.85,454.5,77.86,281.5,77.87,710.2,77.88,3735.5
1700000571.5,1143,77.82,0.05999999999998806,77.79,242.6,77.85,1721.3,4844.599999999999,5281.0,77.85,8.7,BUY,1,77.79,242.6,77.78,527.7,77.77,1352.8,77.76,1722.1,77.75,999.4,77.85,1721.3,77.86,1051.8,77.87,391.4,77.88,1175.5,77.89,941.0
1700000572.0,1144,77.815,0.04999999999999716,77.79,93.4,77.84,1436.8,2609.9,4601.299999999999,77.79,5.0,SELL,1,77.79,93.4,77.78,253.3,77.77,628.1,77.76,1488.8,77.75,146.3,77.84,1436.8,77.85,135.4,77.86,920.3,77.87,542.2,77.88,1566.6
1700000572.5,1145,77.83,0.060000000000002274,77.8,649.9,77.86,435.9,4836.4,4475.2,77.83,0.0,BUY,0,77.8,649.9,77.79,1088.9,77.78,1589.1,77.77,717.0,77.76,791.5,77.86,435.9,77.87,763.6,77.88,3038.4,77.89,167.7,77.9,69.6
1700000573.0,1146,77.84,0.060000000000002274,77.81,563.1,77.87,197.9,9212.0,10488.0,77.84,0.0,BUY,0,77.81,563.1,77.8,384.7,77.79,302.0,77.78,5992.4,77.77,1969.8,77.87,197.9,77.88,1586.5,77.89,667.2,77.9,5493.1,77.91,2543.3
1700000573.5,1147,77.85,0.060000000000002274,77.82,660.5,77.88,24.8,6886.0,2092.6,77.82,20.6,SELL,2,77.82,660.5,77.81,739.0,77.8,207.6,77.79,1790.6,77.78,3488.3,77.88,24.8,77.89,877.3,77.9,240.6,77.91,460.4,77.92,489.5
1700000574.0,1148,77.85,0.060000000000002274,77.82,216.7,77.88,919.5,2925.6000000000004,2733.8,77.82,27.4,SELL,1,77.82,216.7,77.81,664.1,77.8,517.1,77.79,1429.4,77.78,98.3,77.88,919.5,77.89,1171.8,77.9,20.3,77.91,256.7,77.92,365.5
1700000574.5,1149,77.85,0.060000000000002274,77.82,346.3,77.88,326.0,3058.2,1938.4,77.85,0.0,BUY,0,77.82,346.3,77.81,386.3,77.8,1158.8,77.79,253.6,77.78,913.2,77.88,326.0,77.89,471.0,77.9,126.0,77.91,102.8,77.92,912.6
1700000575.0,1150,77.86,0.060000000000002274,77.83,261.3,77.89,201.3,1575.7,3175.7000000000003,77.83,16.4,SELL,1,77.83,261.3,77.82,76.4,77.81,498.3,77.8,61.7,77.79,678.0,77.89,201.3,77.9,520.9,77.91,175.5,77.92,1450.1,77.93,827.9
1700000575.5,1151,77.86,0.060000000000002274,77.83,309.6,77.89,62.7,8089.800000000001,2979.3,77.83,102.6,SELL,2,77.83,309.6,77.82,2998.5,77.81,1781.0,77.8,741.1,77.79,2259.6,77.89,62.7,77.9,203.5,77.91,257.7,77.92,1069.5,77.93,1385.9
1700000576.0,1152,77.86,0.060000000000002274,77.83,624.5,77.89,2537.8,3919.5,8060.9,77.83,96.9,SELL,2,77.83,624.5,77.82,431.5,77.81,1494.7,77.8,722.4,77.79,646.4,77.89,2537.8,77.9,389.3,77.91,338.5,77.92,724.6,77.93,4070.7
1700000576.5,1153,77.86,0.060000000000002274,77.83,649.5,77.89,393.4,5871.900000000001,7705.800000000001,77.83,7.6,SELL,2,77.83,649.5,77.82,197.1,77.81,2516.8,77.8,2117.9,77.79,390.6,77.89,393.4,77.9,2949.4,77.91,1479.8,77.92,1541.8,77.93,1341.4
1700000577.0,1154,77.87,0.060000000000002274,77.84,705.4,77.9,22.3,5998.400000000001,2914.9,77.9,41.1,BUY,2,77.84,705.4,77.83,2088.6,77.82,2196.6,77.81,442.7,77.8,565.1,77.9,22.3,77.91,146.5,77.92,116.5,77.93,1573.7,77.94,1055.9
1700000577.5,1155,77.87,0.060000000000002274,77.84,207.3,77.9,466.4,5262.8,5114.4,77.9,68.9,BUY,1,77.84,207.3,77.83,545.6,77.82,483.5,77.81,27.3,77.8,3999.1,77.9,466.4,77.91,509.1,77.92,1921.7,77.93,2085.1,77.94,132.1
1700000578.0,1156,77.87,0.060000000000002274,77.84,410.3,77.9,10.0,5204.2,1847.9,77.84,5.0,SELL,3,77.84,410.3,77.83,226.7,77.82,3673.5,77.81,121.7,77.8,772.0,77.9,10.0,77.91,457.6,77.92,248.5,77.93,489.2,77.94,642.6
1700000578.5,1157,77.87,0.04000000000000625,77.85,82.9,77.89,1805.0,5779.3,5311.5,77.87,0.0,BUY,0,77.85,82.9,77.84,352.9,77.83,1298.1,77.82,979.6,77.81,3065.8,77.89,1805.0,77.9,693.5,77.91,538.7,77.92,1831.5,77.93,442.8
1700000579.0,1158,77.88,0.060000000000002274,77.85,2278.5,77.91,142.7,11835.2,4093.2,77.85,63.2,SELL,3,77.85,2278.5,77.84,1024.4,77.83,4375.6,77.82,1188.9,77.81,2967.8,77.91,142.7,77.92,230.2,77.93,1012.1,77.94,956.1,77.95,1752.1
1700000579.5,1159,77.88,0.060000000000002274,77.85,463.2,77.91,220.4,4308.700000000001,3484.9,77.91,40.5,BUY,1,77.85,463.2,77.84,1170.2,77.83,380.3,77.82,123.6,77.81,2171.4,77.91,220.4,77.92,925.7,77.93,1655.8,77.94,145.1,77.95,537.9
1700000580.0,1160,77.88,0.060000000000002274,77.85,132.9,77.91,245.6,4092.1,2912.6,77.85,57.2,SELL,1,77.85,132.9,77.84,304.8,77.83,1012.5,77.82,610.3,77.81,2031.6,77.91,245.6,77.92,63.4,77.93,604.8,77.94,1030.0,77.95,968.8
1700000580.5,1161,77.88,0.04000000000000625,77.86,37.6,77.9,694.6,2818.0,2860.7,77.9,68.0,BUY,1,77.86,37.6,77.85,1335.3,77.84,421.6,77.83,387.0,77.82,636.5,77.9,694.6,77.91,150.6,77.92,31.9,77.93,1585.6,77.94,398.0
1700000581.0,1162,77.88,0.060000000000002274,77.85,1307.9,77.91,833.2,7400.9,2259.1,77.85,42.7,SELL,1,77.85,1307.9,77.84,676.4,77.83,85.4,77.82,3717.8,77.81,1613.4,77.91,833.2,77.92,257.0,77.93,412.3,77.94,247.2,77.95,509.4
1700000581.5,1163,77.88,0.060000000000002274,77.85,14.7,77.91,1200.4,4995.299999999999,6430.9,77.85,89.8,SELL,6,77.85,14.7,77.84,219.3,77.83,995.8,77.82,3395.6,77.81,369.9,77.91,1200.4,77.92,1379.1,77.93,1128.0,77.94,257.4,77.95,2466.0
1700000582.0,1164,77.88,0.060000000000002274,77.85,739.0,77.91,260.1,3922.9,1827.2,77.88,0.0,BUY,0,77.85,739.0,77.84,931.3,77.83,723.7,77.82,71.0,77.81,1457.9,77.91,260.1,77.92,149.1,77.93,869.7,77.94,384.6,77.95,163.7
1700000582.5,1165,77.89,0.03999999999999204,77.87,123.4,77.91,71.9,7934.3,3161.0,77.91,134.5,BUY,3,77.87,123.4,77.86,1386.1,77.85,4529.7,77.84,715.1,77.83,1180.0,77.91,71.9,77.92,2145.1,77.93,136.3,77.94,355.1,77.95,452.6
1700000583.0,1166,77.905,0.05000000000001137,77.88,461.7,77.93,463.4,5575.300000000001,7554.6,77.88,30.1,SELL,2,77.88,461.7,77.87,860.5,77.86,3089.9,77.85,162.6,77.84,1000.6,77.93,463.4,77.94,419.0,77.95,2747.4,77.96,305.0,77.97,3619.8
1700000583.5,1167,77.905,0.05000000000001137,77.88,998.7,77.93,317.9,4029.0,2660.4,77.93,60.6,BUY,1,77.88,998.7,77.87,437.5,77.86,38.3,77.85,1007.8,77.84,1546.7,77.93,317.9,77.94,325.2,77.95,123.0,77.96,1796.0,77.97,98.3
1700000584.0,1168,77.905,0.05000000000001137,77.88,784.9,77.93,131.3,6948.999999999999,5472.299999999999,77.93,23.6,BUY,2,77.88,784.9,77.87,1788.8,77.86,2377.1,77.85,1770.2,77.84,228.0,77.93,131.3,77.94,526.6,77.95,1440.8,77.96,700.5,77.97,2673.1
1700000584.5,1169,77.905,0.05000000000001137,77.88,225.1,77.93,51.7,1228.0,5925.099999999999,77.88,5.1,SELL,6,77.88,225.1,77.87,196.5,77.86,359.2,77.85,310.2,77.84,137.0,77.93,51.7,77.94,538.3,77.95,1072.5,77.96,3548.7,77.97,713.9
1700000585.0,1170,77.9,0.060000000000002274,77.87,262.3,77.93,840.9,6866.700000000001,3848.7000000000007,77.93,20.6,BUY,1,77.87,262.3,77.86,323.6,77.85,3041.4,77.84,258.9,77.83,2980.5,77.93,840.9,77.94,1092.0,77.95,1251.7,77.96,148.4,77.97,515.7
1700000585.5,1171,77.905,0.05000000000001137,77.88,56.3,77.93,457.0,7052.0,1237.6,77.88,7.6,SELL,2,77.88,56.3,77.87,2094.3,77.86,891.2,77.85,292.7,77.84,3717.5,77.93,457.0,77.94,264.5,77.95,65.6,77.96,170.9,77.97,279.6
1700000586.0,1172,77.905,0.05000000000001137,77.88,419.0,77.93,928.1,5439.5,4020.5,77.905,0.0,BUY,0,77.88,419.0,77.87,461.6,77.86,362.5,77.85,1266.2,77.84,2930.2,77.93,928.1,77.94,962.7,77.95,1253.0,77.96,152.1,77.97,724.6
1700000586.5,1173,77.91,0.060000000000002274,77.88,615.0,77.94,1018.3,4762.1,3503.5,77.91,0.0,BUY,0,77.88,615.0,77.87,756.2,77.86,570.6,77.85,1772.6,77.84,1047.7,77.94,1018.3,77.95,202.2,77.96,358.3,77.97,1724.0,77.98,200.7
1700000587.0,1174,77.905,0.05000000000001137,77.88,448.5,77.93,836.0,5955.6,11074.699999999999,77.88,37.2,SELL,3,77.88,448.5,77.87,167.6,77.86,965.9,77.85,771.1,77.84,3602.5,77.93,836.0,77.94,5542.8,77.95,1743.0,77.96,1352.5,77.97,1600.4
1700000587.5,1175,77.905,0.05000000000001137,77.88,68.3,77.93,85.7,1976.3,6590.200000000001,77.88,8.9,SELL,3,77.88,68.3,77.87,468.3,77.86,467.7,77.85,64.3,77.84,907.7,77.93,85.7,77.94,572.6,77.95,1899.5,77.96,4022.4,77.97,10.0
1700000588.0,1176,77.91,0.060000000000002274,77.88,65.1,77.94,445.4,5813.2,7618.8,77.94,26.4,BUY,2,77.88,65.1,77.87,2711.3,77.86,1931.9,77.85,129.9,77.84,975.0,77.94,445.4,77.95,6618.0,77.96,67.0,77.97,11.8,77.98,476.6
1700000588.5,1177,77.91,0.060000000000002274,77.88,483.6,77.94,850.6,5951.799999999999,6132.699999999999,77.88,19.1,SELL,4,77.88,483.6,77.87,2128.7,77.86,1897.3,77.85,266.7,77.84,1175.5,77.94,850.6,77.95,1478.6,77.96,1679.5,77.97,462.4,77.98,1661.6
1700000589.0,1178,77.91,0.04000000000000625,77.89,180.8,77.93,506.4,6790.5,5916.4,77.93,21.8,BUY,1,77.89,180.8,77.88,544.8,77.87,99.7,77.86,349.7,77.85,5615.5,77.93,506.4,77.94,454.9,77.95,1797.0,77.96,969.4,77.97,2188.7
1700000589.5,1179,77.92,0.03999999999999204,77.9,200.3,77.94,10.0,1800.6,2356.6000000000004,77.9,41.5,SELL,2,77.9,200.3,77.89,88.5,77.88,1135.7,77.87,226.6,77.86,149.5,77.94,10.0,77.95,288.7,77.96,694.0,77.97,208.7,77.98,1155.2
1700000590.0,1180,77.93,0.04000000000000625,77.91,193.8,77.95,282.2,4775.799999999999,7537.3,77.93,0.0,BUY,0,77.91,193.8,77.9,2509.9,77.89,194.6,77.88,1550.1,77.87,327.4,77.95,282.2,77.96,1323.9,77.97,251.3,77.98,3102.7,77.99,2577.2
1700000590.5,1181,77.92,0.060000000000002274,77.89,1895.8,77.95,265.2,7582.4,7881.7,77.95,70.0,BUY,1,77.89,1895.8,77.88,137.0,77.87,517.7,77.86,4383.0,77.85,648.9,77.95,265.2,77.96,742.1,77.97,1315.7,77.98,2195.0,77.99,3363.7
1700000591.0,1182,77.92,0.060000000000002274,77.89,75.8,77.95,2577.5,2420.4,6227.9,77.95,110.7,BUY,2,77.89,75.8,77.88,733.7,77.87,672.5,77.86,730.6,77.85,207.8,77.95,2577.5,77.96,2304.4,77.97,369.9,77.98,378.0,77.99,598.1
1700000591.5,1183,77.92,0.060000000000002274,77.89,357.2,77.95,138.2,5048.4,3044.5,77.95,17.2,BUY,3,77.89,357.2,77.88,69.2,77.87,1261.0,77.86,478.0,77.85,2883.0,77.95,138.2,77.96,70.5,77.97,789.0,77.98,812.5,77.99,1234.3
1700000592.0,1184,77.92,0.060000000000002274,77.89,71.0,77.95,527.7,2897.1,11084.300000000001,77.95,5.2,BUY,7,77.89,71.0,77.88,86.2,77.87,382.9,77.86,2197.9,77.85,159.1,77.95,527.7,77.96,469.6,77.97,3996.3,77.98,5463.1,77.99,627.6
1700000592.5,1185,77.92,0.060000000000002274,77.89,105.6,77.95,242.5,2186.4,5562.5,77.92,0.0,BUY,0,77.89,105.6,77.88,863.3,77.87,49.0,77.86,149.3,77.85,1019.2,77.95,242.5,77.96,128.0,77.97,647.3,77.98,65.0,77.99,4479.7
1700000593.0,1186,74.05,0.03999999999999204,74.03,232.9,74.07,420.4,1210.9,5844.9,74.03,17.9,SELL,1,74.03,232.9,74.02,401.8,74.01,115.8,74.0,37.2,73.99,423.2,74.07,420.4,74.08,1886.9,74.09,26.5,74.1,67.5,74.11,3443.6
1700000593.5,1187,74.05,0.060000000000002274,74.02,741.4,74.08,1406.5,3282.5,7574.3,74.02,19.0,SELL,2,74.02,741.4,74.01,1174.2,74.0,457.5,73.99,827.9,73.98,81.5,74.08,1406.5,74.09,1792.2,74.1,1302.0,74.11,3034.0,74.12,39.6
1700000594.0,1188,74.05,0.060000000000002274,74.02,356.2,74.08,283.9,7453.700000000001,4812.6,74.08,10.5,BUY,2,74.02,356.2,74.01,3474.9,74.0,1926.9,73.99,1271.6,73.98,424.1,74.08,283.9,74.09,372.4,74.1,223.6,74.11,2299.7,74.12,1633.0
1700000594.5,1189,74.05,0.060000000000002274,74.02,1007.4,74.08,541.1,4508.599999999999,4894.1,74.05,0.0,BUY,0,74.02,1007.4,74.01,1023.0,74.0,1597.8,73.99,465.0,73.98,415.4,74.08,541.1,74.09,538.2,74.1,615.6,74.11,415.4,74.12,2783.8
1700000595.0,1190,74.03999999999999,0.04000000000000625,74.02,697.7,74.06,869.7,2978.5,3736.9,74.03999999999999,0.0,BUY,0,74.02,697.7,74.01,384.2,74.0,1425.9,73.99,11.2,73.98,459.5,74.06,869.7,74.07,855.0,74.08,949.3,74.09,697.4,74.1,365.5
1700000595.5,1191,74.03999999999999,0.04000000000000625,74.02,216.0,74.06,1271.5,3313.5,3762.5,74.06,53.0,BUY,1,74.02,216.0,74.01,92.8,74.0,943.6,73.99,1114.0,73.98,947.1,74.06,1271.5,74.07,113.4,74.08,1178.9,74.09,519.7,74.1,679.0
1700000596.0,1192,72.86,0.03999999999999204,72.84,581.4,72.88,2688.4,7181.0,11123.5,72.88,39.3,BUY,1,72.84,581.4,72.83,1589.5,72.82,25.5,72.81,754.1,72.8,4230.5,72.88,2688.4,72.89,2750.9,72.9,2759.2,72.91,1849.9,72.92,1075.1
1700000596.5,1193,72.87,0.060000000000002274,72.84,1134.8,72.9,85.0,5236.4,3039.2999999999997,72.9,22.2,BUY,4,72.84,1134.8,72.83,1013.3,72.82,1011.4,72.81,84.2,72.8,1992.7,72.9,85.0,72.91,1092.3,72.92,1532.4,72.93,23.7,72.94,305.9
1700000597.0,1194,72.86,0.060000000000002274,72.83,135.4,72.89,979.8,4552.200000000001,4378.9,72.83,107.6,SELL,3,72.83,135.4,72.82,1380.3,72.81,1052.9,72.8,1791.5,72.79,192.1,72.89,979.8,72.9,138.1,72.91,927.4,72.92,151.7,72.93,2181.9
1700000597.5,1195,72.85,0.060000000000002274,72.82,228.7,72.88,1104.9,2315.9,5429.5,72.88,46.9,BUY,2,72.82,228.7,72.81,1142.4,72.8,10.0,72.79,732.2,72.78,202.6,72.88,1104.9,72.89,816.7,72.9,1017.5,72.91,1117.7,72.92,1372.7
1700000598.0,1196,72.85,0.04000000000000625,72.83,1264.4,72.87,140.7,5325.3,5000.299999999999,72.83,15.6,SELL,3,72.83,1264.4,72.82,48.0,72.81,289.4,72.8,2546.3,72.79,1177.2,72.87,140.7,72.88,159.5,72.89,264.6,72.9,3212.9,72.91,1222.6
1700000598.5,1197,72.85,0.060000000000002274,72.82,556.3,72.88,68.2,14588.3,3048.2000000000003,72.88,5.6,BUY,2,72.82,556.3,72.81,283.5,72.8,2233.2,72.79,1954.9,72.78,9560.4,72.88,68.2,72.89,528.9,72.9,641.2,72.91,1150.5,72.92,659.4
1700000599.0,1198,72.85,0.060000000000002274,72.82,276.2,72.88,2052.7,1255.1000000000001,9122.1,72.82,36.2,SELL,3,72.82,276.2,72.81,260.8,72.8,194.9,72.79,481.5,72.78,41.7,72.88,2052.7,72.89,1533.5,72.9,2143.8,72.91,884.6,72.92,2507.5
1700000599.5,1199,72.85,0.060000000000002274,72.82,68.8,72.88,269.8,2521.0,5334.0,72.88,86.4,BUY,5,72.82,68.8,72.81,660.5,72.8,288.8,72.79,1010.6,72.78,492.3,72.88,269.8,72.89,1382.1,72.9,1022.5,72.91,144.8,72.92,2514.8
1700000600.0,1200,72.85,0.060000000000002274,72.82,585.3,72.88,286.5,4653.1,2470.7,72.82,48.8,SELL,1,72.82,585.3,72.81,938.9,72.8,565.3,72.79,689.3,72.78,1874.3,72.88,286.5,72.89,697.6,72.9,579.9,72.91,376.3,72.92,530.4
1700000600.5,1201,72.86,0.060000000000002274,72.83,1041.1,72.89,398.5,4892.9,1319.2,72.83,25.8,SELL,2,72.83,1041.1,72.82,47.7,72.81,113.4,72.8,2751.8,72.79,938.9,72.89,398.5,72.9,408.9,72.91,45.3,72.92,382.1,72.93,84.4
1700000601.0,1202,72.86,0.03999999999999204,72.84,815.2,72.88,10.0,4685.900000000001,5443.9,72.88,29.5,BUY,1,72.84,815.2,72.83,1111.4,72.82,301.6,72.81,1191.7,72.8,1266.0,72.88,10.0,72.89,2219.9,72.9,1514.1,72.91,717.4,72.92,982.5
1700000601.5,1203,72.86,0.060000000000002274,72.83,996.6,72.89,925.5,2551.5000000000005,3711.7,72.83,32.7,SELL,3,72.83,996.6,72.82,676.0,72.81,764.7,72.8,102.4,72.79,11.8,72.89,925.5,72.9,657.1,72.91,906.1,72.92,920.8,72.93,302.2
1700000602.0,1204,72.86,0.060000000000002274,72.83,2501.3,72.89,762.9,5763.5,4006.2,72.83,18.9,SELL,4,72.83,2501.3,72.82,47.5,72.81,10.0,72.8,2487.1,72.79,717.6,72.89,762.9,72.9,921.1,72.91,390.6,72.92,1783.3,72.93,148.3
1700000602.5,1205,72.86,0.060000000000002274,72.83,80.3,72.89,96.7,4792.0,6018.599999999999,72.83,87.8,SELL,1,72.83,80.3,72.82,631.6,72.81,370.9,72.8,3013.5,72.79,695.7,72.89,96.7,72.9,1558.3,72.91,3239.2,72.92,761.2,72.93,363.2
1700000603.0,1206,72.86,0.060000000000002274,72.83,854.3,72.89,305.3,2430.6,8367.7,72.83,52.5,SELL,6,72.83,854.3,72.82,217.2,72.81,760.3,72.8,516.2,72.79,82.6,72.89,305.3,72.9,619.4,72.91,1490.1,72.92,4973.1,72.93,979.8
1700000603.5,1207,72.86,0.060000000000002274,72.83,97.9,72.89,2177.6,5221.4,5781.4,72.83,49.0,SELL,3,72.83,97.9,72.82,10.0,72.81,3282.5,72.8,1040.0,72.79,791.0,72.89,2177.6,72.9,1387.9,72.91,1192.4,72.92,749.7,72.93,273.8
1700000604.0,1208,72.86,0.060000000000002274,72.83,239.5,72.89,637.2,2543.7,4559.7,72.83,13.4,SELL,2,72.83,239.5,72.82,10.0,72.81,1069.7,72.8,592.3,72.79,632.2,72.89,637.2,72.9,386.0,72.91,1269.8,72.92,2113.8,72.93,152.9
1700000604.5,1209,72.86,0.060000000000002274,72.83,971.0,72.89,599.3,3644.3999999999996,2164.2000000000003,72.83,26.1,SELL,2,72.83,971.0,72.82,1204.4,72.81,300.7,72.8,560.8,72.79,607.5,72.89,599.3,72.9,421.7,72.91,954.3,72.92,77.1,72.93,111.8
1700000605.0,1210,72.86,0.060000000000002274,72.83,331.5,72.89,322.5,2448.1,6678.900000000001,72.89,29.5,BUY,1,72.83,331.5,72.82,1156.3,72.81,359.0,72.8,310.9,72.79,290.4,72.89,322.5,72.9,2034.0,72.91,65.0,72.92,159.3,72.93,4098.1
1700000605.5,1211,72.87,0.060000000000002274,72.84,61.5,72.9,33.0,6144.700000000001,4161.7,72.87,0.0,BUY,0,72.84,61.5,72.83,1772.1,72.82,487.8,72.81,427.3,72.8,3396.0,72.9,33.0,72.91,326.4,72.92,2292.2,72.93,69.8,72.94,1440.3
1700000606.0,1212,67.4,0.04000000000000625,67.38,10.0,67.42,176.7,4381.700000000001,6124.799999999999,67.42,69.4,BUY,3,67.38,10.0,67.37,46.8,67.36,378.8,67.35,353.3,67.34,3592.8,67.42,176.7,67.43,847.4,67.44,3639.2,67.45,441.5,67.46,1020.0
1700000606.5,1213,67.41,0.060000000000002274,67.38,587.3,67.44,123.6,2568.1,9102.3,67.44,192.7,BUY,4,67.38,587.3,67.37,1018.9,67.36,19.1,67.35,836.7,67.34,106.1,67.44,123.6,67.45,2199.4,67.46,2009.0,67.47,2358.6,67.48,2411.7
1700000607.0,1214,67.41,0.060000000000002274,67.38,772.9,67.44,353.5,3165.1,3563.9,67.41,0.0,BUY,0,67.38,772.9,67.37,10.0,67.36,868.9,67.35,199.8,67.34,1313.5,67.44,353.5,67.45,474.0,67.46,1825.1,67.47,660.9,67.48,250.4
1700000607.5,1215,67.41,0.060000000000002274,67.38,336.2,67.44,156.3,3225.7,2022.5,67.38,14.0,SELL,1,67.38,336.2,67.37,350.6,67.36,1177.4,67.35,1097.5,67.34,264.0,67.44,156.3,67.45,420.7,67.46,165.2,67.47,1237.1,67.48,43.2
1700000608.0,1216,67.405,0.05000000000001137,67.38,698.9,67.43,258.0,4048.0,3421.5,67.43,46.0,BUY,1,67.38,698.9,67.37,39.9,67.36,616.7,67.35,219.4,67.34,2473.1,67.43,258.0,67.44,143.8,67.45,1378.7,67.46,1321.7,67.47,319.3
1700000608.5,1217,67.4,0.04000000000000625,67.38,28.6,67.42,887.4,3570.9,5738.7,67.42,13.7,BUY,1,67.38,28.6,67.37,56.0,67.36,1884.9,67.35,1398.5,67.34,202.9,67.42,887.4,67.43,1450.9,67.44,1904.1,67.45,447.5,67.46,1048.8
1700000609.0,1218,67.405,0.05000000000001137,67.38,1022.4,67.43,175.8,13860.1,5281.0,67.43,19.6,BUY,1,67.38,1022.4,67.37,3946.2,67.36,1337.2,67.35,5812.7,67.34,1741.6,67.43,175.8,67.44,994.0,67.45,2088.1,67.46,1285.5,67.47,737.6
1700000609.5,1219,67.405,0.05000000000001137,67.38,2358.3,67.43,1881.1,4809.8,6801.5,67.38,5.0,SELL,2,67.38,2358.3,67.37,593.8,67.36,49.4,67.35,1660.1,67.34,148.2,67.43,1881.1,67.44,1967.3,67.45,693.1,67.46,801.1,67.47,1458.9
1700000610.0,1220,67.39,0.060000000000002274,67.36,1105.0,67.42,504.7,5691.799999999999,3946.8,67.39,0.0,BUY,0,67.36,1105.0,67.35,1372.4,67.34,1209.4,67.33,577.9,67.32,1427.1,67.42,504.7,67.43,754.9,67.44,491.9,67.45,811.9,67.46,1383.4
1700000610.5,1221,67.39,0.060000000000002274,67.36,610.2,67.42,912.7,2783.2,3748.6000000000004,67.36,64.7,SELL,3,67.36,610.2,67.35,452.9,67.34,88.7,67.33,1521.8,67.32,109.6,67.42,912.7,67.43,121.7,67.44,222.5,67.45,322.8,67.46,2168.9
1700000611.0,1222,67.39,0.060000000000002274,67.36,94.4,67.42,625.8,1913.9,8859.8,67.42,8.1,BUY,2,67.36,94.4,67.35,769.5,67.34,10.0,67.33,957.5,67.32,82.5,67.42,625.8,67.43,864.7,67.44,3531.6,67.45,635.7,67.46,3202.0
1700000611.5,1223,67.39,0.03999999999999204,67.37,1433.7,67.41,454.0,6381.3,3127.9,67.39,0.0,BUY,0,67.37,1433.7,67.36,1332.3,67.35,602.9,67.34,705.9,67.33,2306.5,67.41,454.0,67.42,208.3,67.43,91.5,67.44,1290.4,67.45,1083.7
1700000612.0,1224,67.39,0.03999999999999204,67.37,10.0,67.41,580.2,7815.6,7675.700000000001,67.41,5.0,BUY,2,67.37,10.0,67.36,1414.4,67.35,683.5,67.34,1681.1,67.33,4026.6,67.41,580.2,67.42,954.9,67.43,1673.7,67.44,4005.3,67.45,461.6
1700000612.5,1225,67.39,0.060000000000002274,67.36,1457.4,67.42,69.1,5646.0,3521.8,67.39,0.0,BUY,0,67.36,1457.4,67.35,804.9,67.34,694.5,67.33,1202.0,67.32,1487.2,67.42,69.1,67.43,229.0,67.44,1207.3,67.45,1484.5,67.46,531.9
1700000613.0,1226,67.38,0.060000000000002274,67.35,198.1,67.41,1482.4,2096.1000000000004,7595.6,67.41,28.4,BUY,2,67.35,198.1,67.34,405.0,67.33,786.8,67.32,124.2,67.31,582.0,67.41,1482.4,67.42,1345.5,67.43,3834.9,67.44,857.3,67.45,75.5
1700000613.5,1227,67.38,0.060000000000002274,67.35,860.0,67.41,1700.3,2796.2,4525.3,67.38,0.0,BUY,0,67.35,860.0,67.34,34.1,67.33,70.4,67.32,296.0,67.31,1535.7,67.41,1700.3,67.42,870.1,67.43,1194.5,67.44,549.4,67.45,211.0
1700000614.0,1228,67.38,0.060000000000002274,67.35,112.2,67.41,1755.2,3491.0000000000005,5805.4,67.41,8.8,BUY,1,67.35,112.2,67.34,796.6,67.33,1681.4,67.32,375.4,67.31,525.4,67.41,1755.2,67.42,1689.2,67.43,292.5,67.44,361.6,67.45,1706.9
1700000614.5,1229,67.38,0.060000000000002274,67.35,703.0,67.41,850.0,8250.0,3298.7,67.38,0.0,BUY,0,67.35,703.0,67.34,2776.9,67.33,362.9,67.32,2723.8,67.31,1683.4,67.41,850.0,67.42,134.3,67.43,1104.7,67.44,215.1,67.45,994.6
1700000615.0,1230,67.38,0.04000000000000625,67.36,585.0,67.4,303.0,7319.9,2432.7,67.36,75.3,SELL,4,67.36,585.0,67.35,603.4,67.34,168.1,67.33,338.4,67.32,5625.0,67.4,303.0,67.41,85.3,67.42,975.4,67.43,105.7,67.44,963.3
1700000615.5,1231,67.38,0.060000000000002274,67.35,508.9,67.41,14.0,1905.4,12112.8,67.41,38.5,BUY,1,67.35,508.9,67.34,120.1,67.33,866.9,67.32,337.8,67.31,71.7,67.41,14.0,67.42,280.6,67.43,969.1,67.44,1910.3,67.45,8938.8
1700000616.0,1232,67.37,0.060000000000002274,67.34,544.7,67.4,50.0,4681.200000000001,3526.8999999999996,67.37,0.0,BUY,0,67.34,544.7,67.33,2463.1,67.32,56.2,67.31,490.8,67.3,1126.4,67.4,50.0,67.41,73.9,67.42,301.9,67.43,1997.6,67.44,1103.5
1700000616.5,1233,67.37,0.060000000000002274,67.34,145.9,67.4,212.3,5716.2,5593.7,67.4,61.2,BUY,2,67.34,145.9,67.33,2155.2,67.32,329.7,67.31,1081.0,67.3,2004.4,67.4,212.3,67.41,1161.6,67.42,1526.0,67.43,1236.3,67.44,1457.5
1700000617.0,1234,67.37,0.060000000000002274,67.34,810.6,67.4,85.2,3974.2000000000003,2844.7000000000003,67.34,10.7,SELL,3,67.34,810.6,67.33,1066.9,67.32,54.1,67.31,1829.2,67.3,213.4,67.4,85.2,67.41,182.3,67.42,405.2,67.43,655.6,67.44,1516.4
1700000617.5,1235,67.37,0.060000000000002274,67.34,258.8,67.4,1825.0,3182.9999999999995,6980.6,67.34,98.0,SELL,1,67.34,258.8,67.33,356.9,67.32,1502.0,67.31,568.2,67.3,497.1,67.4,1825.0,67.41,491.4,67.42,4110.0,67.43,376.6,67.44,177.6
1700000618.0,1236,67.37,0.060000000000002274,67.34,910.8,67.4,919.3,3835.5,4687.1,67.4,44.5,BUY,1,67.34,910.8,67.33,782.1,67.32,605.6,67.31,1518.7,67.3,18.3,67.4,919.3,67.41,152.9,67.42,205.0,67.43,1338.3,67.44,2071.6
1700000618.5,1237,67.37,0.060000000000002274,67.34,854.4,67.4,194.8,4246.3,9773.2,67.34,14.7,SELL,1,67.34,854.4,67.33,967.0,67.32,115.9,67.31,2113.5,67.3,195.5,67.4,194.8,67.41,2327.4,67.42,347.5,67.43,179.0,67.44,6724.5
1700000619.0,1238,67.37,0.060000000000002274,67.34,843.5,67.4,17.6,4261.6,4905.299999999999,67.34,16.1,SELL,1,67.34,843.5,67.33,522.9,67.32,340.7,67.31,2261.9,67.3,292.6,67.4,17.6,67.41,1127.7,67.42,2418.9,67.43,304.0,67.44,1037.1
1700000619.5,1239,67.37,0.04000000000000625,67.35,657.5,67.39,336.3,4730.6,6237.599999999999,67.35,5.0,SELL,1,67.35,657.5,67.34,1627.6,67.33,422.9,67.32,631.4,67.31,1391.2,67.39,336.3,67.4,585.5,67.41,228.8,67.42,2014.3,67.43,3072.7
1700000620.0,1240,71.44,0.03999999999999204,71.42,221.1,71.46,49.2,3604.4,3614.2,71.42,198.2,SELL,3,71.42,221.1,71.41,204.2,71.4,1687.4,71.39,1410.9,71.38,80.8,71.46,49.2,71.47,299.9,71.48,1353.4,71.49,506.6,71.5,1405.1
1700000620.5,1241,71.44,0.060000000000002274,71.41,55.7,71.47,941.8,6870.200000000001,3480.1,71.41,47.6,SELL,1,71.41,55.7,71.4,13.2,71.39,1888.7,71.38,295.1,71.37,4617.5,71.47,941.8,71.48,1197.8,71.49,1139.1,71.5,26.4,71.51,175.0
1700000621.0,1242,71.44,0.060000000000002274,71.41,1026.0,71.47,682.4,7336.7,3401.0,71.41,20.0,SELL,1,71.41,1026.0,71.4,245.7,71.39,1066.6,71.38,1583.7,71.37,3414.7,71.47,682.4,71.48,938.1,71.49,322.7,71.5,415.1,71.51,1042.7
1700000621.5,1243,71.44,0.060000000000002274,71.41,2708.1,71.47,777.5,5906.0,4100.8,71.47,18.9,BUY,1,71.41,2708.1,71.4,1308.3,71.39,167.1,71.38,354.8,71.37,1367.7,71.47,777.5,71.48,157.6,71.49,1142.7,71.5,1201.7,71.51,821.3
1700000622.0,1244,71.44,0.060000000000002274,71.41,1088.3,71.47,736.0,6045.8,3318.2,71.41,6.8,SELL,4,71.41,1088.3,71.4,632.2,71.39,4268.0,71.38,31.5,71.37,25.8,71.47,736.0,71.48,384.6,71.49,665.1,71.5,1246.5,71.51,286.0
1700000622.5,1245,71.44,0.060000000000002274,71.41,469.6,71.47,323.7,3470.2,3283.4,71.41,5.0,SELL,6,71.41,469.6,71.4,431.2,71.39,947.9,71.38,448.9,71.37,1172.6,71.47,323.7,71.48,164.2,71.49,1537.8,71.5,852.8,71.51,404.9
1700000623.0,1246,71.44,0.060000000000002274,71.41,102.6,71.47,530.1,4117.6,3544.6,71.44,0.0,BUY,0,71.41,102.6,71.4,900.7,71.39,356.4,71.38,2332.3,71.37,425.6,71.47,530.1,71.48,275.6,71.49,177.9,71.5,2406.5,71.51,154.5
1700000623.5,1247,71.44,0.060000000000002274,71.41,245.0,71.47,240.7,4380.9,3760.1000000000004,71.41,19.2,SELL,2,71.41,245.0,71.4,594.9,71.39,733.9,71.38,789.9,71.37,2017.2,71.47,240.7,71.48,1034.7,71.49,469.2,71.5,1588.2,71.51,427.3
1700000624.0,1248,71.44,0.060000000000002274,71.41,366.8,71.47,2386.8,3362.7999999999997,6175.1,71.47,13.1,BUY,2,71.41,366.8,71.4,425.8,71.39,1016.6,71.38,734.0,71.37,819.6,71.47,2386.8,71.48,352.9,71.49,1142.2,71.5,2029.1,71.51,264.1
1700000624.5,1249,71.44,0.03999999999999204,71.42,78.4,71.46,246.4,3452.3,3263.0,71.42,193.4,SELL,2,71.42,78.4,71.41,369.8,71.4,715.4,71.39,1084.9,71.38,1203.8,71.46,246.4,71.47,927.4,71.48,432.2,71.49,621.3,71.5,1035.7
1700000625.0,1250,71.44,0.060000000000002274,71.41,600.8,71.47,55.6,9854.4,7995.4,71.41,24.7,SELL,1,71.41,600.8,71.4,3641.8,71.39,852.2,71.38,405.4,71.37,4354.2,71.47,55.6,71.48,1548.6,71.49,757.7,71.5,1872.2,71.51,3761.3
1700000625.5,1251,71.44,0.060000000000002274,71.41,1387.9,71.47,10.0,7063.8,4261.0,71.47,85.8,BUY,2,71.41,1387.9,71.4,1799.8,71.39,759.8,71.38,3081.7,71.37,34.6,71.47,10.0,71.48,306.9,71.49,1791.9,71.5,1734.8,71.51,417.4
1700000626.0,1252,71.44,0.060000000000002274,71.41,16.4,71.47,61.2,3131.2,5640.200000000001,71.41,23.9,SELL,2,71.41,16.4,71.4,1454.6,71.39,458.6,71.38,719.6,71.37,482.0,71.47,61.2,71.48,1316.2,71.49,159.8,71.5,3053.9,71.51,1049.1
1700000626.5,1253,71.44,0.060000000000002274,71.41,670.9,71.47,1102.8,8396.900000000001,7644.8,71.44,0.0,BUY,0,71.41,670.9,71.4,2014.9,71.39,407.0,71.38,3785.9,71.37,1518.2,71.47,1102.8,71.48,169.4,71.49,119.9,71.5,4638.7,71.51,1614.0
1700000627.0,1254,71.44,0.060000000000002274,71.41,382.8,71.47,149.3,6131.5,2925.0,71.44,0.0,BUY,0,71.41,382.8,71.4,431.3,71.39,2556.9,71.38,2331.0,71.37,429.5,71.47,149.3,71.48,179.9,71.49,771.1,71.5,417.9,71.51,1406.8
1700000627.5,1255,71.44,0.060000000000002274,71.41,57.8,71.47,287.8,3993.7999999999997,3075.1000000000004,71.47,5.0,BUY,2,71.41,57.8,71.4,1181.1,71.39,247.7,71.38,1985.1,71.37,522.1,71.47,287.8,71.48,566.6,71.49,460.9,71.5,1302.5,71.51,457.3
1700000628.0,1256,71.43,0.05999999999998806,71.4,151.0,71.46,402.6,2834.2,3530.8999999999996,71.4,5.0,SELL,4,71.4,151.0,71.39,192.3,71.38,1081.3,71.37,772.1,71.36,637.5,71.46,402.6,71.47,758.5,71.48,325.7,71.49,348.0,71.5,1696.1
1700000628.5,1257,71.435,0.04999999999999716,71.41,590.9,71.46,529.1,1131.1999999999998,4147.599999999999,71.46,5.0,BUY,2,71.41,590.9,71.4,183.7,71.39,231.5,71.38,10.0,71.37,115.1,71.46,529.1,71.47,2041.6,71.48,230.6,71.49,27.2,71.5,1319.1
1700000629.0,1258,71.43,0.05999999999998806,71.4,29.6,71.46,2443.6,8132.500000000001,3753.8999999999996,71.46,82.7,BUY,5,71.4,29.6,71.39,287.0,71.38,4228.1,71.37,2837.6,71.36,750.2,71.46,2443.6,71.47,970.8,71.48,205.9,71.49,90.4,71.5,43.2
1700000629.5,1259,71.44,0.060000000000002274,71.41,136.0,71.47,362.8,10108.199999999999,5660.3,71.47,60.0,BUY,3,71.41,136.0,71.4,2980.8,71.39,2340.0,71.38,3826.1,71.37,825.3,71.47,362.8,71.48,326.6,71.49,356.0,71.5,12.9,71.51,4602.0
1700000630.0,1260,71.44,0.060000000000002274,71.41,60.3,71.47,2511.6,3489.8,3679.2,71.47,68.2,BUY,1,71.41,60.3,71.4,550.8,71.39,1238.7,71.38,1461.7,71.37,178.3,71.47,2511.6,71.48,152.7,71.49,400.7,71.5,483.8,71.51,130.4
1700000630.5,1261,71.45,0.060000000000002274,71.42,1219.2,71.48,1307.3,2095.4,8838.7,71.42,32.6,SELL,1,71.42,1219.2,71.41,95.9,71.4,10.4,71.39,403.2,71.38,366.7,71.48,1307.3,71.49,25.5,71.5,683.8,71.51,2877.9,71.52,3944.2
1700000631.0,1262,71.45,0.060000000000002274,71.42,260.5,71.48,285.4,1636.3,4586.3,71.48,13.5,BUY,3,71.42,260.5,71.41,314.3,71.4,807.2,71.39,60.6,71.38,193.7,71.48,285.4,71.49,1108.3,71.5,510.2,71.51,1559.9,71.52,1122.5
1700000631.5,1263,71.45,0.060000000000002274,71.42,878.9,71.48,396.1,4525.3,3464.6000000000004,71.45,0.0,BUY,0,71.42,878.9,71.41,186.3,71.4,112.2,71.39,2430.1,71.38,917.8,71.48,396.1,71.49,768.1,71.5,38.5,71.51,432.6,71.52,1829.3
1700000632.0,1264,71.45,0.060000000000002274,71.42,854.3,71.48,133.8,2061.5,7113.0,71.48,77.6,BUY,1,71.42,854.3,71.41,159.3,71.4,54.3,71.39,747.6,71.38,246.0,71.48,133.8,71.49,2547.3,71.5,733.2,71.51,2997.1,71.52,701.6
1700000632.5,1265,71.45,0.060000000000002274,71.42,121.7,71.48,811.2,3258.3,5503.0,71.48,5.0,BUY,1,71.42,121.7,71.41,51.2,71.4,1258.6,71.39,119.5,71.38,1707.3,71.48,811.2,71.49,261.1,71.5,336.2,71.51,731.5,71.52,3363.0
1700000633.0,1266,71.45500000000001,0.04999999999999716,71.43,3092.9,71.48,1195.4,7544.099999999999,5952.9,71.48,102.3,BUY,4,71.43,3092.9,71.42,571.8,71.41,455.3,71.4,2190.4,71.39,1233.7,71.48,1195.4,71.49,1011.6,71.5,297.3,71.51,1029.9,71.52,2418.7
1700000633.5,1267,71.45500000000001,0.04999999999999716,71.43,136.7,71.48,602.4,6669.5,9314.300000000001,71.48,41.8,BUY,4,71.43,136.7,71.42,2430.6,71.41,21.6,71.4,941.1,71.39,3139.5,71.48,602.4,71.49,23.5,71.5,2620.9,71.51,2702.9,71.52,3364.6
1700000634.0,1268,71.46000000000001,0.05999999999998806,71.43,20.6,71.49,1090.7,5606.400000000001,5486.6,71.49,33.5,BUY,1,71.43,20.6,71.42,1183.5,71.41,595.1,71.4,3695.9,71.39,111.3,71.49,1090.7,71.5,930.1,71.51,593.1,71.52,1466.1,71.53,1406.6
1700000634.5,1269,71.45500000000001,0.04999999999999716,71.43,757.7,71.48,546.6,2758.9999999999995,2712.7,71.43,5.0,SELL,3,71.43,757.7,71.42,451.5,71.41,85.1,71.4,1035.1,71.39,429.6,71.48,546.6,71.49,472.6,71.5,62.6,71.51,258.2,71.52,1372.7
1700000635.0,1270,71.45500000000001,0.04999999999999716,71.43,42.3,71.48,28.5,3774.6,2229.6,71.43,19.5,SELL,1,71.43,42.3,71.42,633.1,71.41,86.2,71.4,748.8,71.39,2264.2,71.48,28.5,71.49,51.6,71.5,1937.0,71.51,105.6,71.52,106.9
1700000635.5,1271,71.45500000000001,0.04999999999999716,71.43,78.2,71.48,49.7,1913.1,4374.299999999999,71.48,5.0,BUY,2,71.43,78.2,71.42,1454.8,71.41,25.8,71.4,158.7,71.39,195.6,71.48,49.7,71.49,747.2,71.5,1878.3,71.51,641.0,71.52,1058.1
1700000636.0,1272,71.46000000000001,0.04000000000000625,71.44,52.0,71.48,1145.3,3387.8999999999996,4885.7,71.46000000000001,0.0,BUY,0,71.44,52.0,71.43,832.8,71.42,356.9,71.41,1243.7,71.4,902.5,71.48,1145.3,71.49,1242.2,71.5,346.8,71.51,35.7,71.52,2115.7
1700000636.5,1273,71.46000000000001,0.05999999999998806,71.43,1051.7,71.49,444.0,5575.5,3712.9999999999995,71.43,17.2,SELL,2,71.43,1051.7,71.42,1183.2,71.41,248.7,71.4,741.4,71.39,2350.5,71.49,444.0,71.5,174.8,71.51,1512.9,71.52,1209.2,71.53,372.1
1700000637.0,1274,72.77,0.060000000000002274,72.74,1313.6,72.8,584.2,6988.1,6603.1,72.74,103.1,SELL,4,72.74,1313.6,72.73,2378.9,72.72,1485.6,72.71,1017.7,72.7,792.3,72.8,584.2,72.81,1060.6,72.82,1244.3,72.83,1757.1,72.84,1956.9
1700000637.5,1275,72.77,0.060000000000002274,72.74,141.0,72.8,1047.9,2463.6000000000004,3763.6000000000004,72.74,104.7,SELL,2,72.74,141.0,72.73,774.1,72.72,762.9,72.71,542.8,72.7,242.8,72.8,1047.9,72.81,960.2,72.82,1227.5,72.83,249.7,72.84,278.3
1700000638.0,1276,72.77,0.060000000000002274,72.74,67.8,72.8,318.8,5295.299999999999,1894.7,72.77,0.0,BUY,0,72.74,67.8,72.73,50.6,72.72,1663.8,72.71,2005.5,72.7,1507.6,72.8,318.8,72.81,494.8,72.82,482.3,72.83,358.8,72.84,240.0
1700000638.5,1277,72.75999999999999,0.04000000000000625,72.74,403.3,72.78,75.4,5689.599999999999,5791.2,72.74,40.2,SELL,3,72.74,403.3,72.73,395.8,72.72,1302.3,72.71,3024.5,72.7,563.7,72.78,75.4,72.79,1302.2,72.8,1705.9,72.81,2673.7,72.82,34.0
1700000639.0,1278,72.76,0.060000000000002274,72.73,1545.9,72.79,138.7,5576.099999999999,5739.700000000001,72.76,0.0,BUY,0,72.73,1545.9,72.72,130.2,72.71,2138.6,72.7,1412.2,72.69,349.2,72.79,138.7,72.8,1974.2,72.81,32.4,72.82,689.8,72.83,2904.6
1700000639.5,1279,72.76,0.060000000000002274,72.73,80.7,72.79,451.4,3592.1000000000004,5811.8,72.73,121.2,SELL,4,72.73,80.7,72.72,813.3,72.71,81.9,72.7,193.3,72.69,2422.9,72.79,451.4,72.8,957.6,72.81,1658.5,72.82,2366.2,72.83,378.1
1700000640.0,1280,72.77,0.060000000000002274,72.74,1421.1,72.8,681.5,4125.099999999999,12127.8,72.8,47.8,BUY,3,72.74,1421.1,72.73,1307.3,72.72,293.6,72.71,602.7,72.7,500.4,72.8,681.5,72.81,798.7,72.82,2859.3,72.83,3739.0,72.84,4049.3
1700000640.5,1281,72.78,0.060000000000002274,72.75,322.8,72.81,651.2,6475.799999999999,5795.0,72.75,91.4,SELL,2,72.75,322.8,72.74,2525.6,72.73,788.8,72.72,549.5,72.71,2289.1,72.81,651.2,72.82,146.8,72.83,329.8,72.84,2444.0,72.85,2223.2
1700000641.0,1282,72.78,0.060000000000002274,72.75,180.4,72.81,46.8,5973.7,6850.9,72.81,76.1,BUY,2,72.75,180.4,72.74,23.5,72.73,427.6,72.72,119.5,72.71,5222.7,72.81,46.8,72.82,624.2,72.83,1160.3,72.84,1811.3,72.85,3208.3
1700000641.5,1283,72.78,0.060000000000002274,72.75,154.8,72.81,1474.7,4228.9,10940.400000000001,72.81,23.8,BUY,2,72.75,154.8,72.74,1395.7,72.73,229.8,72.72,1214.0,72.71,1234.6,72.81,1474.7,72.82,2139.6,72.83,1448.0,72.84,1050.8,72.85,4827.3
1700000642.0,1284,72.79499999999999,0.04999999999999716,72.77,650.8,72.82,462.5,6380.299999999999,3223.0,72.82,6.1,BUY,2,72.77,650.8,72.76,1515.5,72.75,966.5,72.74,1914.1,72.73,1333.4,72.82,462.5,72.83,1537.9,72.84,10.0,72.85,129.4,72.86,1083.2
1700000642.5,1285,72.78999999999999,0.04000000000000625,72.77,1564.4,72.81,188.0,6836.5,5722.7,72.81,5.0,BUY,2,72.77,1564.4,72.76,2822.4,72.75,195.2,72.74,569.1,72.73,1685.4,72.81,188.0,72.82,219.6,72.83,95.4,72.84,3236.1,72.85,1983.6
1700000643.0,1286,72.79499999999999,0.04999999999999716,72.77,560.5,72.82,599.7,4878.3,3767.6,72.77,23.2,SELL,3,72.77,560.5,72.76,617.6,72.75,667.3,72.74,2454.6,72.73,578.3,72.82,599.7,72.83,839.7,72.84,394.8,72.85,530.0,72.86,1403.4
1700000643.5,1287,72.79499999999999,0.04999999999999716,72.77,99.9,72.82,159.1,9063.4,5203.9,72.77,10.5,SELL,2,72.77,99.9,72.76,256.6,72.75,1348.5,72.74,1717.2,72.73,5641.2,72.82,159.1,72.83,2519.2,72.84,265.9,72.85,316.5,72.86,1943.2
1700000644.0,1288,72.79499999999999,0.04999999999999716,72.77,259.0,72.82,708.8,5918.6,3353.1,72.77,41.4,SELL,1,72.77,259.0,72.76,2866.5,72.75,540.6,72.74,1168.2,72.73,1084.3,72.82,708.8,72.83,259.2,72.84,216.9,72.85,1877.1,72.86,291.1
1700000644.5,1289,72.79499999999999,0.04999999999999716,72.77,46.7,72.82,294.6,4235.9,6062.4,72.77,14.7,SELL,3,72.77,46.7,72.76,725.8,72.75,930.2,72.74,2495.8,72.73,37.4,72.82,294.6,72.83,2094.6,72.84,179.1,72.85,1243.1,72.86,2251.0
1700000645.0,1290,72.78999999999999,0.05999999999998806,72.76,287.7,72.82,78.0,6360.5,2544.7999999999997,72.76,66.8,SELL,1,72.76,287.7,72.75,4610.7,72.74,118.5,72.73,770.5,72.72,573.1,72.82,78.0,72.83,10.0,72.84,939.1,72.85,1074.8,72.86,442.9
1700000645.5,1291,72.78999999999999,0.05999999999998806,72.76,765.7,72.82,1142.2,5725.900000000001,3713.5,72.76,36.4,SELL,1,72.76,765.7,72.75,2067.9,72.74,1885.9,72.73,799.1,72.72,207.3,72.82,1142.2,72.83,173.7,72.84,1121.6,72.85,1209.9,72.86,66.1
1700000646.0,1292,72.79499999999999,0.04999999999999716,72.77,1039.3,72.82,688.5,11901.3,4212.9,72.79499999999999,0.0,BUY,0,72.77,1039.3,72.76,5565.2,72.75,1992.4,72.74,1505.4,72.73,1799.0,72.82,688.5,72.83,1095.5,72.84,458.3,72.85,561.5,72.86,1409.1
1700000646.5,1293,72.79499999999999,0.04999999999999716,72.77,607.7,72.82,1035.5,2959.0,4962.2,72.82,14.9,BUY,4,72.77,607.7,72.76,208.8,72.75,713.2,72.74,826.2,72.73,603.1,72.82,1035.5,72.83,903.2,72.84,708.0,72.85,433.0,72.86,1882.5
1700000647.0,1294,72.79499999999999,0.04999999999999716,72.77,457.1,72.82,97.8,4887.1,5962.5,72.77,56.9,SELL,1,72.77,457.1,72.76,1244.7,72.75,397.4,72.74,467.8,72.73,2320.1,72.82,97.8,72.83,399.8,72.84,1476.4,72.85,1783.4,72.86,2205.1
1700000647.5,1295,72.79499999999999,0.04999999999999716,72.77,164.1,72.82,866.1,5522.299999999999,6207.0,72.82,24.0,BUY,1,72.77,164.1,72.76,1751.7,72.75,450.9,72.74,1217.2,72.73,1938.4,72.82,866.1,72.83,81.5,72.84,2416.4,72.85,1257.6,72.86,1585.4
1700000648.0,1296,72.79499999999999,0.04999999999999716,72.77,1178.3,72.82,482.3,5779.9,5568.2,72.77,10.0,SELL,1,72.77,1178.3,72.76,573.0,72.75,10.0,72.74,1438.9,72.73,2579.7,72.82,482.3,72.83,530.9,72.84,153.2,72.85,1281.6,72.86,3120.2
1700000648.5,1297,72.78999999999999,0.05999999999998806,72.76,362.8,72.82,1035.7,4458.1,6212.799999999999,72.78999999999999,0.0,BUY,0,72.76,362.8,72.75,260.7,72.74,3263.8,72.73,256.6,72.72,314.2,72.82,1035.7,72.83,117.8,72.84,3154.7,72.85,303.7,72.86,1600.9
1700000649.0,1298,72.78999999999999,0.04000000000000625,72.77,36.6,72.81,36.1,4601.400000000001,4586.0,72.81,30.4,BUY,1,72.77,36.6,72.76,906.2,72.75,882.0,72.74,1972.9,72.73,803.7,72.81,36.1,72.82,872.0,72.83,432.3,72.84,1847.2,72.85,1398.4
1700000649.5,1299,72.79499999999999,0.04999999999999716,72.77,619.9,72.82,579.5,3503.5000000000005,4808.5,72.82,103.9,BUY,3,72.77,619.9,72.76,1185.4,72.75,132.9,72.74,885.2,72.73,680.1,72.82,579.5,72.83,94.8,72.84,1230.1,72.85,2501.0,72.86,403.1
1700000650.0,1300,72.78999999999999,0.05999999999998806,72.76,84.0,72.82,316.5,3850.2000000000003,4237.6,72.76,13.8,SELL,1,72.76,84.0,72.75,1757.7,72.74,361.1,72.73,123.4,72.72,1524.0,72.82,316.5,72.83,479.2,72.84,337.1,72.85,280.0,72.86,2824.8
1700000650.5,1301,72.78999999999999,0.05999999999998806,72.76,347.6,72.82,87.2,7863.6,4330.0,72.82,35.2,BUY,1,72.76,347.6,72.75,1410.9,72.74,2507.5,72.73,2554.6,72.72,1043.0,72.82,87.2,72.83,211.7,72.84,137.0,72.85,1379.9,72.86,2514.2
1700000651.0,1302,72.8,0.060000000000002274,72.77,519.2,72.83,604.6,4164.9,2084.4,72.77,43.6,SELL,1,72.77,519.2,72.76,1060.5,72.75,2018.0,72.74,26.5,72.73,540.7,72.83,604.6,72.84,977.9,72.85,23.8,72.86,356.2,72.87,121.9
1700000651.5,1303,72.8,0.060000000000002274,72.77,95.0,72.83,1079.3,7388.6,2696.7,72.77,21.6,SELL,6,72.77,95.0,72.76,1133.0,72.75,1405.3,72.74,937.0,72.73,3818.3,72.83,1079.3,72.84,32.9,72.85,996.2,72.86,413.2,72.87,175.1
1700000652.0,1304,72.8,0.060000000000002274,72.77,154.9,72.83,21.9,1850.4,4432.0,72.8,0.0,BUY,0,72.77,154.9,72.76,331.0,72.75,81.2,72.74,10.0,72.73,1273.3,72.83,21.9,72.84,215.3,72.85,773.0,72.86,354.9,72.87,3066.9
1700000652.5,1305,72.8,0.060000000000002274,72.77,1092.8,72.83,79.1,10095.699999999999,3297.7999999999997,72.8,0.0,BUY,0,72.77,1092.8,72.76,1644.7,72.75,5762.3,72.74,941.4,72.73,654.5,72.83,79.1,72.84,86.2,72.85,400.7,72.86,1571.7,72.87,1160.1
1700000653.0,1306,72.8,0.060000000000002274,72.77,1632.2,72.83,1631.2,3431.5,5400.1,72.77,16.5,SELL,4,72.77,1632.2,72.76,128.6,72.75,1118.3,72.74,10.0,72.73,542.4,72.83,1631.2,72.84,755.4,72.85,445.1,72.86,140.9,72.87,2427.5
1700000653.5,1307,72.8,0.060000000000002274,72.77,110.4,72.83,1046.6,9360.300000000001,7434.700000000001,72.83,5.0,BUY,2,72.77,110.4,72.76,1061.4,72.75,3809.4,72.74,1793.7,72.73,2585.4,72.83,1046.6,72.84,295.3,72.85,158.4,72.86,3576.8,72.87,2357.6
1700000654.0,1308,72.8,0.03999999999999204,72.78,2066.9,72.82,497.0,6097.000000000001,1074.6000000000001,72.8,0.0,BUY,0,72.78,2066.9,72.77,1668.2,72.76,333.9,72.75,1224.7,72.74,803.3,72.82,497.0,72.83,232.6,72.84,54.4,72.85,71.7,72.86,218.9
1700000654.5,1309,72.8,0.060000000000002274,72.77,97.6,72.83,101.0,6907.599999999999,2787.2999999999997,72.8,0.0,BUY,0,72.77,97.6,72.76,274.6,72.75,268.5,72.74,3080.2,72.73,3186.7,72.83,101.0,72.84,1780.6,72.85,220.2,72.86,545.0,72.87,140.5
1700000655.0,1310,76.06,0.060000000000002274,76.03,210.5,76.09,324.2,2550.8,5137.2,76.06,0.0,BUY,0,76.03,210.5,76.02,384.9,76.01,165.1,76.0,618.2,75.99,1172.1,76.09,324.2,76.1,159.1,76.11,1772.2,76.12,648.7,76.13,2233.0
1700000655.5,1311,76.06,0.060000000000002274,76.03,253.2,76.09,329.5,4893.0,5445.200000000001,76.06,0.0,BUY,0,76.03,253.2,76.02,1090.4,76.01,356.7,76.0,2705.8,75.99,486.9,76.09,329.5,76.1,100.4,76.11,2429.5,76.12,2380.3,76.13,205.5
1700000656.0,1312,76.06,0.060000000000002274,76.03,749.4,76.09,261.4,2403.8999999999996,2752.2999999999997,76.09,78.0,BUY,2,76.03,749.4,76.02,34.4,76.01,934.4,76.0,111.3,75.99,574.4,76.09,261.4,76.1,42.3,76.11,2317.8,76.12,28.7,76.13,102.1
1700000656.5,1313,76.06,0.060000000000002274,76.03,245.2,76.09,180.1,2465.2999999999997,5749.7,76.03,5.0,SELL,2,76.03,245.2,76.02,473.7,76.01,263.7,76.0,657.6,75.99,825.1,76.09,180.1,76.1,2427.9,76.11,397.7,76.12,1521.0,76.13,1223.0
1700000657.0,1314,76.06,0.060000000000002274,76.03,750.8,76.09,172.7,4525.5,10303.3,76.03,55.2,SELL,1,76.03,750.8,76.02,773.2,76.01,1615.9,76.0,391.2,75.99,994.4,76.09,172.7,76.1,1821.3,76.11,1029.4,76.12,2115.0,76.13,5164.9
1700000657.5,1315,76.06,0.060000000000002274,76.03,796.6,76.09,1980.1,6015.6,4589.700000000001,76.06,0.0,BUY,0,76.03,796.6,76.02,552.6,76.01,3520.1,76.0,591.8,75.99,554.5,76.09,1980.1,76.1,1977.0,76.11,406.5,76.12,148.6,76.13,77.5
1700000658.0,1316,76.06,0.060000000000002274,76.03,517.3,76.09,1104.3,5779.5,8563.699999999999,76.03,55.6,SELL,3,76.03,517.3,76.02,819.8,76.01,872.4,76.0,1114.2,75.99,2455.8,76.09,1104.3,76.1,4045.9,76.11,120.0,76.12,2626.7,76.13,666.8
1700000658.5,1317,76.05,0.060000000000002274,76.02,458.6,76.08,294.7,2535.2999999999997,4635.4,76.08,18.9,BUY,1,76.02,458.6,76.01,512.9,76.0,848.6,75.99,277.7,75.98,437.5,76.08,294.7,76.09,498.7,76.1,873.8,76.11,1375.2,76.12,1593.0
1700000659.0,1318,76.05,0.060000000000002274,76.02,963.1,76.08,277.4,4786.900000000001,3276.1000000000004,76.05,0.0,BUY,0,76.02,963.1,76.01,514.7,76.0,1163.8,75.99,1333.3,75.98,812.0,76.08,277.4,76.09,633.7,76.1,943.8,76.11,1103.4,76.12,317.8
1700000659.5,1319,76.06,0.060000000000002274,76.03,246.5,76.09,340.2,4608.900000000001,3937.6000000000004,76.03,74.4,SELL,2,76.03,246.5,76.02,876.5,76.01,914.5,76.0,2546.6,75.99,24.8,76.09,340.2,76.1,1242.7,76.11,618.7,76.12,1432.9,76.13,303.1
1700000660.0,1320,76.06,0.060000000000002274,76.03,115.1,76.09,878.7,389.2,3900.3,76.03,51.8,SELL,1,76.03,115.1,76.02,16.3,76.01,93.5,76.0,83.6,75.99,80.7,76.09,878.7,76.1,135.7,76.11,291.8,76.12,1868.3,76.13,725.8
1700000660.5,1321,76.06,0.060000000000002274,76.03,149.8,76.09,162.0,1856.1999999999998,3534.0,76.03,31.6,SELL,1,76.03,149.8,76.02,236.6,76.01,671.7,76.0,418.2,75.99,379.9,76.09,162.0,76.1,384.1,76.11,1025.3,76.12,380.0,76.13,1582.6
1700000661.0,1322,76.065,0.04999999999999716,76.04,266.3,76.09,123.8,6039.2,5866.5,76.09,5.0,BUY,2,76.04,266.3,76.03,1493.9,76.02,655.1,76.01,2049.7,76.0,1574.2,76.09,123.8,76.1,10.0,76.11,245.8,76.12,1205.5,76.13,4281.4
1700000661.5,1323,76.08,0.060000000000002274,76.05,645.1,76.11,265.2,6394.2,12444.6,76.08,0.0,BUY,0,76.05,645.1,76.04,2801.2,76.03,51.7,76.02,1390.9,76.01,1505.3,76.11,265.2,76.12,4827.1,76.13,2500.8,76.14,1738.6,76.15,3112.9
1700000662.0,1324,76.08,0.060000000000002274,76.05,397.6,76.11,594.2,3529.2,7079.199999999999,76.08,0.0,BUY,0,76.05,397.6,76.04,107.1,76.03,828.9,76.02,1329.8,76.01,865.8,76.11,594.2,76.12,2169.2,76.13,104.4,76.14,3307.0,76.15,904.4
1700000662.5,1325,76.08,0.060000000000002274,76.05,22.4,76.11,373.6,2986.2,6104.8,76.05,75.0,SELL,1,76.05,22.4,76.04,1069.3,76.03,256.3,76.02,933.1,76.01,705.1,76.11,373.6,76.12,1069.3,76.13,423.9,76.14,897.9,76.15,3340.1
1700000663.0,1326,76.09,0.060000000000002274,76.06,1555.2,76.12,101.6,4114.200000000001,1895.6,76.06,8.1,SELL,1,76.06,1555.2,76.05,989.3,76.04,402.3,76.03,60.5,76.02,1106.9,76.12,101.6,76.13,1462.7,76.14,36.6,76.15,158.7,76.16,136.0
1700000663.5,1327,78.25,0.060000000000002274,78.22,712.6,78.28,212.3,1997.9,7882.9,78.22,14.8,SELL,2,78.22,712.6,78.21,24.1,78.2,313.4,78.19,347.2,78.18,600.6,78.28,212.3,78.29,321.5,78.3,2249.0,78.31,437.7,78.32,4662.4
1700000664.0,1328,78.25,0.060000000000002274,78.22,213.7,78.28,405.0,4987.9,4250.4,78.22,54.9,SELL,1,78.22,213.7,78.21,3351.7,78.2,357.1,78.19,677.3,78.18,388.1,78.28,405.0,78.29,1446.1,78.3,1327.0,78.31,291.3,78.32,781.0
1700000664.5,1329,78.25,0.060000000000002274,78.22,258.9,78.28,960.2,4193.900000000001,6829.0,78.28,135.3,BUY,2,78.22,258.9,78.21,482.6,78.2,2293.5,78.19,638.3,78.18,520.6,78.28,960.2,78.29,1894.8,78.3,425.0,78.31,603.1,78.32,2945.9
1700000665.0,1330,78.25,0.060000000000002274,78.22,2620.3,78.28,10.0,4811.3,1932.6,78.22,188.2,SELL,3,78.22,2620.3,78.21,341.5,78.2,619.3,78.19,266.2,78.18,964.0,78.28,10.0,78.29,60.6,78.3,271.7,78.31,1295.0,78.32,295.3
1700000665.5,1331,78.25,0.060000000000002274,78.22,64.5,78.28,214.3,1861.1000000000001,517.3000000000001,78.22,18.0,SELL,3,78.22,64.5,78.21,19.2,78.2,82.7,78.19,1433.0,78.18,261.7,78.28,214.3,78.29,22.9,78.3,219.9,78.31,27.1,78.32,33.1
1700000666.0,1332,78.25,0.060000000000002274,78.22,358.3,78.28,439.6,2474.1000000000004,6653.2,78.22,5.0,SELL,6,78.22,358.3,78.21,291.3,78.2,40.9,78.19,726.7,78.18,1056.9,78.28,439.6,78.29,617.6,78.3,699.9,78.31,1524.6,78.32,3371.5
1700000666.5,1333,78.25999999999999,0.04000000000000625,78.24,41.8,78.28,586.4,3235.2000000000003,4220.7,78.28,84.9,BUY,2,78.24,41.8,78.23,1041.2,78.22,1187.9,78.21,792.4,78.2,171.9,78.28,586.4,78.29,1100.0,78.3,851.1,78.31,229.2,78.32,1454.0
1700000667.0,1334,79.88,0.060000000000002274,79.85,87.4,79.91,680.3,4791.400000000001,4404.900000000001,79.85,59.0,SELL,1,79.85,87.4,79.84,2530.0,79.83,24.1,79.82,1535.6,79.81,614.3,79.91,680.3,79.92,2474.3,79.93,160.4,79.94,361.6,79.95,728.3
1700000667.5,1335,79.88,0.04000000000000625,79.86,658.3,79.9,619.8,5929.3,3830.2999999999997,79.86,5.0,SELL,3,79.86,658.3,79.85,286.9,79.84,2160.3,79.83,2128.0,79.82,695.8,79.9,619.8,79.91,173.7,79.92,1590.9,79.93,681.8,79.94,764.1
1700000668.0,1336,79.88,0.060000000000002274,79.85,450.6,79.91,653.7,938.5999999999999,3367.9000000000005,79.85,5.0,SELL,3,79.85,450.6,79.84,76.0,79.83,315.2,79.82,58.5,79.81,38.3,79.91,653.7,79.92,673.7,79.93,998.4,79.94,82.4,79.95,959.7
1700000668.5,1337,79.88,0.060000000000002274,79.85,1034.9,79.91,841.8,6647.6,3741.2,79.91,14.2,BUY,2,79.85,1034.9,79.84,758.0,79.83,876.1,79.82,375.5,79.81,3603.1,79.91,841.8,79.92,154.6,79.93,130.1,79.94,248.8,79.95,2365.9
1700000669.0,1338,79.87,0.04000000000000625,79.85,181.0,79.89,294.3,3387.9,1815.2,79.87,0.0,BUY,0,79.85,181.0,79.84,628.7,79.83,123.4,79.82,2268.3,79.81,186.5,79.89,294.3,79.9,712.6,79.91,409.6,79.92,199.5,79.93,199.2
1700000669.5,1339,79.87,0.060000000000002274,79.84,23.9,79.9,239.3,3713.6000000000004,3485.4,79.84,13.0,SELL,2,79.84,23.9,79.83,24.4,79.82,71.6,79.81,2010.0,79.8,1583.7,79.9,239.3,79.91,1743.5,79.92,124.8,79.93,766.2,79.94,611.6
1700000670.0,1340,79.87,0.060000000000002274,79.84,258.7,79.9,1129.9,6049.7,4042.5,79.84,76.3,SELL,1,79.84,258.7,79.83,107.8,79.82,1471.6,79.81,3516.3,79.8,695.3,79.9,1129.9,79.91,10.0,79.92,1002.1,79.93,381.0,79.94,1519.5
1700000670.5,1341,79.87,0.060000000000002274,79.84,219.3,79.9,869.2,2743.3999999999996,3700.2999999999997,79.87,0.0,BUY,0,79.84,219.3,79.83,578.0,79.82,175.0,79.81,1761.1,79.8,10.0,79.9,869.2,79.91,689.4,79.92,1062.0,79.93,226.6,79.94,853.1
1700000671.0,1342,79.86,0.060000000000002274,79.83,572.7,79.89,206.0,6194.7,4809.900000000001,79.86,0.0,BUY,0,79.83,572.7,79.82,10.0,79.81,362.0,79.8,1015.8,79.79,4234.2,79.89,206.0,79.9,655.0,79.91,723.4,79.92,1194.7,79.93,2030.8
1700000671.5,1343,79.86,0.060000000000002274,79.83,322.4,79.89,136.2,6559.900000000001,2156.6,79.89,67.7,BUY,3,79.83,322.4,79.82,1017.9,79.81,4456.0,79.8,10.0,79.79,753.6,79.89,136.2,79.9,10.0,79.91,815.4,79.92,720.9,79.93,474.1
1700000672.0,1344,79.85,0.060000000000002274,79.82,162.1,79.88,36.3,2664.3999999999996,3645.1,79.82,17.6,SELL,2,79.82,162.1,79.81,897.0,79.8,544.2,79.79,25.3,79.78,1035.8,79.88,36.3,79.89,313.6,79.9,158.7,79.91,1627.4,79.92,1509.1
1700000672.5,1345,79.84,0.060000000000002274,79.81,451.6,79.87,1164.9,8763.5,3123.7000000000007,79.84,0.0,BUY,0,79.81,451.6,79.8,125.7,79.79,5536.1,79.78,787.1,79.77,1863.0,79.87,1164.9,79.88,70.7,79.89,332.6,79.9,793.2,79.91,762.3
1700000673.0,1346,79.83,0.03999999999999204,79.81,130.1,79.85,622.4,3346.0,10876.400000000001,79.81,44.3,SELL,3,79.81,130.1,79.8,667.7,79.79,675.5,79.78,297.6,79.77,1575.1,79.85,622.4,79.86,3071.3,79.87,718.0,79.88,2873.5,79.89,3591.2
1700000673.5,1347,79.83,0.060000000000002274,79.8,828.8,79.86,54.8,6173.299999999999,2172.5,79.8,36.5,SELL,2,79.8,828.8,79.79,3102.7,79.78,152.0,79.77,1465.4,79.76,624.4,79.86,54.8,79.87,173.2,79.88,1770.1,79.89,24.9,79.9,149.5
1700000674.0,1348,79.83,0.060000000000002274,79.8,353.2,79.86,94.9,3620.8999999999996,3122.8999999999996,79.83,0.0,BUY,0,79.8,353.2,79.79,358.6,79.78,369.5,79.77,884.4,79.76,1655.2,79.86,94.9,79.87,423.3,79.88,586.4,79.89,1813.8,79.9,204.5
1700000674.5,1349,79.84,0.04000000000000625,79.82,359.6,79.86,1587.0,7503.799999999999,6420.099999999999,79.84,0.0,BUY,0,79.82,359.6,79.81,3230.6,79.8,351.5,79.79,66.4,79.78,3495.7,79.86,1587.0,79.87,2446.2,79.88,725.0,79.89,1509.7,79.9,152.2
1700000675.0,1350,79.84,0.060000000000002274,79.81,866.0,79.87,171.2,2303.9,7945.799999999999,79.81,82.5,SELL,3,79.81,866.0,79.8,159.1,79.79,62.2,79.78,69.9,79.77,1146.7,79.87,171.2,79.88,859.9,79.89,211.1,79.9,1260.2,79.91,5443.4
1700000675.5,1351,79.84,0.060000000000002274,79.81,428.4,79.87,127.4,5440.200000000001,3681.8999999999996,79.81,38.9,SELL,1,79.81,428.4,79.8,1141.5,79.79,26.8,79.78,1626.7,79.77,2216.8,79.87,127.4,79.88,3275.6,79.89,144.2,79.9,93.5,79.91,41.2
1700000676.0,1352,79.84,0.060000000000002274,79.81,457.0,79.87,11.4,6354.1,2237.6000000000004,79.87,23.2,BUY,2,79.81,457.0,79.8,627.6,79.79,83.8,79.78,205.1,79.77,4980.6,79.87,11.4,79.88,2024.3,79.89,21.7,79.9,107.3,79.91,72.9
1700000676.5,1353,79.84,0.060000000000002274,79.81,89.3,79.87,260.5,6285.3,2943.2,79.81,79.8,SELL,1,79.81,89.3,79.8,2481.1,79.79,448.5,79.78,46.1,79.77,3220.3,79.87,260.5,79.88,647.6,79.89,294.1,79.9,298.9,79.91,1442.1
1700000677.0,1354,79.84,0.060000000000002274,79.81,10.0,79.87,1742.4,10662.1,4644.099999999999,79.84,0.0,BUY,0,79.81,10.0,79.8,1305.1,79.79,3284.5,79.78,5946.6,79.77,115.9,79.87,1742.4,79.88,1197.4,79.89,745.7,79.9,661.4,79.91,297.2
1700000677.5,1355,79.84,0.060000000000002274,79.81,1190.4,79.87,375.0,4412.4,4832.9,79.84,0.0,BUY,0,79.81,1190.4,79.8,207.3,79.79,400.7,79.78,778.3,79.77,1835.7,79.87,375.0,79.88,1094.2,79.89,614.7,79.9,1143.0,79.91,1606.0
1700000678.0,1356,79.83,0.060000000000002274,79.8,1014.5,79.86,1316.1,6643.9,3492.2000000000003,79.86,28.6,BUY,3,79.8,1014.5,79.79,2514.5,79.78,344.7,79.77,2154.6,79.76,615.6,79.86,1316.1,79.87,436.5,79.88,446.3,79.89,345.4,79.9,947.9
1700000678.5,1357,79.84,0.060000000000002274,79.81,1359.3,79.87,59.3,3819.8,4934.7,79.81,29.1,SELL,1,79.81,1359.3,79.8,468.5,79.79,517.2,79.78,16.5,79.77,1458.3,79.87,59.3,79.88,1003.7,79.89,687.6,79.9,2806.1,79.91,378.0
1700000679.0,1358,79.84,0.060000000000002274,79.81,36.9,79.87,1192.1,1752.5000000000002,3559.8,79.81,13.3,SELL,2,79.81,36.9,79.8,766.7,79.79,637.1,79.78,71.9,79.77,239.9,79.87,1192.1,79.88,767.2,79.89,1209.8,79.9,27.9,79.91,362.8
1700000679.5,1359,81.69,0.060000000000002274,81.66,912.8,81.72,207.5,2204.2000000000003,4367.2,81.72,37.5,BUY,1,81.66,912.8,81.65,152.4,81.64,609.7,81.63,150.7,81.62,378.6,81.72,207.5,81.73,881.0,81.74,796.7,81.75,913.2,81.76,1568.8
1700000680.0,1360,81.7,0.060000000000002274,81.67,1214.5,81.73,117.3,2670.1000000000004,709.2,81.67,18.1,SELL,1,81.67,1214.5,81.66,20.4,81.65,347.1,81.64,96.4,81.63,991.7,81.73,117.3,81.74,113.1,81.75,390.8,81.76,40.0,81.77,48.0
1700000680.5,1361,81.7,0.060000000000002274,81.67,694.9,81.73,291.8,6396.1,4378.8,81.73,5.2,BUY,1,81.67,694.9,81.66,95.9,81.65,1471.3,81.64,3211.0,81.63,923.0,81.73,291.8,81.74,921.0,81.75,689.2,81.76,548.9,81.77,1927.9
1700000681.0,1362,81.7,0.060000000000002274,81.67,122.4,81.73,688.4,2862.3,9556.1,81.73,5.5,BUY,2,81.67,122.4,81.66,288.6,81.65,514.9,81.64,498.4,81.63,1438.0,81.73,688.4,81.74,477.4,81.75,4997.9,81.76,2197.9,81.77,1194.5
1700000681.5,1363,81.70500000000001,0.04999999999999716,81.68,234.7,81.73,292.9,4896.7,1688.2,81.68,78.6,SELL,2,81.68,234.7,81.67,46.0,81.66,3878.0,81.65,94.4,81.64,643.6,81.73,292.9,81.74,35.9,81.75,493.1,81.76,463.3,81.77,403.0
1700000682.0,1364,81.70500000000001,0.04999999999999716,81.68,38.6,81.73,114.2,3682.2,5972.5,81.73,5.0,BUY,1,81.68,38.6,81.67,1062.2,81.66,629.8,81.65,1805.6,81.64,146.0,81.73,114.2,81.74,256.0,81.75,1320.1,81.76,1409.8,81.77,2872.4
1700000682.5,1365,81.70500000000001,0.04999999999999716,81.68,1607.0,81.73,600.9,3582.6,4659.6,81.73,135.2,BUY,2,81.68,1607.0,81.67,289.2,81.66,187.3,81.65,241.5,81.64,1257.6,81.73,600.9,81.74,1837.7,81.75,707.7,81.76,128.3,81.77,1385.0
1700000683.0,1366,81.72,0.060000000000002274,81.69,264.7,81.75,408.2,5259.200000000001,5716.6,81.75,5.0,BUY,1,81.69,264.7,81.68,1457.9,81.67,831.1,81.66,508.2,81.65,2197.3,81.75,408.2,81.76,219.8,81.77,19.9,81.78,3630.3,81.79,1438.4
1700000683.5,1367,81.72,0.060000000000002274,81.69,483.7,81.75,192.0,1939.9,3388.6,81.75,24.5,BUY,3,81.69,483.7,81.68,249.0,81.67,172.6,81.66,472.0,81.65,562.6,81.75,192.0,81.76,846.8,81.77,250.2,81.78,1862.6,81.79,237.0
1700000684.0,1368,81.72,0.060000000000002274,81.69,426.8,81.75,1621.3,3173.5999999999995,7269.0,81.72,0.0,BUY,0,81.69,426.8,81.68,259.4,81.67,1931.5,81.66,169.7,81.65,386.2,81.75,1621.3,81.76,1735.9,81.77,417.6,81.78,2347.8,81.79,1146.4
1700000684.5,1369,81.72,0.060000000000002274,81.69,290.9,81.75,241.1,4456.5,3617.6000000000004,81.75,104.3,BUY,1,81.69,290.9,81.68,1917.1,81.67,124.6,81.66,727.7,81.65,1396.2,81.75,241.1,81.76,382.3,81.77,709.0,81.78,133.2,81.79,2152.0
1700000685.0,1370,81.72,0.060000000000002274,81.69,911.0,81.75,151.0,1776.0,5549.1,81.72,0.0,BUY,0,81.69,911.0,81.68,596.5,81.67,89.9,81.66,35.0,81.65,143.6,81.75,151.0,81.76,261.0,81.77,1570.5,81.78,3420.6,81.79,146.0
1700000685.5,1371,81.73,0.060000000000002274,81.7,754.4,81.76,133.8,4471.2,2093.2000000000003,81.76,17.1,BUY,4,81.7,754.4,81.69,840.3,81.68,268.4,81.67,1782.0,81.66,826.1,81.76,133.8,81.77,828.1,81.78,205.3,81.79,793.2,81.8,132.8
1700000686.0,1372,81.72,0.060000000000002274,81.69,84.6,81.75,417.7,6756.299999999999,6049.5,81.72,0.0,BUY,0,81.69,84.6,81.68,1152.7,81.67,2977.6,81.66,638.8,81.65,1902.6,81.75,417.7,81.76,1188.6,81.77,2518.1,81.78,446.7,81.79,1478.4
1700000686.5,1373,81.72999999999999,0.04000000000000625,81.71,583.4,81.75,145.9,5282.6,4366.200000000001,81.75,36.9,BUY,4,81.71,583.4,81.7,2056.7,81.69,158.4,81.68,657.8,81.67,1826.3,81.75,145.9,81.76,703.9,81.77,2348.8,81.78,1022.1,81.79,145.5
1700000687.0,1374,81.74,0.060000000000002274,81.71,729.7,81.77,229.3,4321.8,5686.5,81.77,66.0,BUY,2,81.71,729.7,81.7,809.1,81.69,39.6,81.68,2235.5,81.67,507.9,81.77,229.3,81.78,216.7,81.79,759.9,81.8,3794.6,81.81,686.0
1700000687.5,1375,81.74,0.060000000000002274,81.71,328.3,81.77,991.9,2213.6,4343.9,81.77,51.2,BUY,2,81.71,328.3,81.7,52.0,81.69,831.5,81.68,811.8,81.67,190.0,81.77,991.9,81.78,262.4,81.79,1156.6,81.8,996.5,81.81,936.5
1700000688.0,1376,81.74000000000001,0.04000000000000625,81.72,1140.4,81.76,1056.1,3562.8,3607.1,81.72,91.1,SELL,2,81.72,1140.4,81.71,1104.6,81.7,282.0,81.69,634.0,81.68,401.8,81.76,1056.1,81.77,149.9,81.78,1544.6,81.79,328.9,81.8,527.6
1700000688.5,1377,81.74,0.060000000000002274,81.71,36.2,81.77,64.7,3112.2,2010.1000000000001,81.77,167.1,BUY,2,81.71,36.2,81.7,232.4,81.69,2137.7,81.68,375.1,81.67,330.8,81.77,64.7,81.78,1359.5,81.79,47.0,81.8,89.4,81.81,449.5
1700000689.0,1378,81.74,0.060000000000002274,81.71,46.6,81.77,10.0,3635.5,5302.7,81.71,5.0,SELL,1,81.71,46.6,81.7,132.7,81.69,226.9,81.68,1029.0,81.67,2200.3,81.77,10.0,81.78,2427.5,81.79,962.4,81.8,1814.5,81.81,88.3
1700000689.5,1379,81.75,0.060000000000002274,81.72,84.7,81.78,404.2,4266.0,4020.5,81.72,5.0,SELL,1,81.72,84.7,81.71,1946.5,81.7,491.6,81.69,848.9,81.68,894.3,81.78,404.2,81.79,962.2,81.8,387.9,81.81,1638.5,81.82,627.7
1700000690.0,1380,81.75,0.060000000000002274,81.72,1422.6,81.78,53.1,14117.199999999999,8037.1,81.78,36.0,BUY,1,81.72,1422.6,81.71,1955.9,81.7,2646.2,81.69,7551.6,81.68,540.9,81.78,53.1,81.79,815.5,81.8,549.5,81.81,4251.0,81.82,2368.0
1700000690.5,1381,81.75,0.03999999999999204,81.73,10.0,81.77,83.9,2218.4,3918.8999999999996,81.73,29.8,SELL,2,81.73,10.0,81.72,19.4,81.71,964.9,81.7,510.6,81.69,713.5,81.77,83.9,81.78,432.1,81.79,1741.2,81.8,1050.0,81.81,611.7
1700000691.0,1382,81.76,0.060000000000002274,81.73,557.9,81.79,479.9,3329.2999999999993,4333.7,81.76,0.0,BUY,0,81.73,557.9,81.72,887.2,81.71,1440.3,81.7,18.2,81.69,425.7,81.79,479.9,81.8,1164.4,81.81,229.5,81.82,160.3,81.83,2299.6
1700000691.5,1383,81.75,0.03999999999999204,81.73,205.6,81.77,668.3,1742.2,2604.7,81.73,126.4,SELL,2,81.73,205.6,81.72,75.7,81.71,16.4,81.7,425.5,81.69,1019.0,81.77,668.3,81.78,434.5,81.79,30.3,81.8,908.7,81.81,562.9
1700000692.0,1384,81.75,0.060000000000002274,81.72,908.9,81.78,777.7,5756.3,7335.7,81.75,0.0,BUY,0,81.72,908.9,81.71,1074.6,81.7,487.0,81.69,1299.9,81.68,1985.9,81.78,777.7,81.79,1648.0,81.8,174.0,81.81,65.5,81.82,4670.5
1700000692.5,1385,81.75,0.03999999999999204,81.73,416.2,81.77,1239.0,2115.3999999999996,9002.2,81.77,5.0,BUY,4,81.73,416.2,81.72,656.8,81.71,136.5,81.7,368.1,81.69,537.8,81.77,1239.0,81.78,4086.6,81.79,1001.1,81.8,2373.3,81.81,302.2
1700000693.0,1386,81.75,0.03999999999999204,81.73,740.7,81.77,36.2,3479.6000000000004,7339.5,81.77,49.4,BUY,2,81.73,740.7,81.72,1508.6,81.71,10.0,81.7,224.9,81.69,995.4,81.77,36.2,81.78,4466.8,81.79,378.5,81.8,2179.1,81.81,278.9
1700000693.5,1387,81.74,0.060000000000002274,81.71,92.7,81.77,680.5,8910.4,5726.0,81.71,5.0,SELL,2,81.71,92.7,81.7,675.7,81.69,3130.6,81.68,598.4,81.67,4413.0,81.77,680.5,81.78,487.1,81.79,2075.5,81.8,72.3,81.81,2410.6
1700000694.0,1388,81.74,0.060000000000002274,81.71,241.0,81.77,74.1,1467.1,2676.3,81.71,36.6,SELL,1,81.71,241.0,81.7,26.9,81.69,535.8,81.68,565.8,81.67,97.6,81.77,74.1,81.78,177.5,81.79,10.0,81.8,898.3,81.81,1516.4
1700000694.5,1389,81.74,0.060000000000002274,81.71,267.3,81.77,42.4,2867.1000000000004,5885.0,81.77,97.2,BUY,3,81.71,267.3,81.7,445.9,81.69,71.5,81.68,1126.7,81.67,955.7,81.77,42.4,81.78,2134.9,81.79,1811.3,81.8,345.3,81.81,1551.1
1700000695.0,1390,81.75,0.03999999999999204,81.73,977.6,81.77,175.5,3170.3,5292.7,81.77,57.5,BUY,1,81.73,977.6,81.72,266.8,81.71,261.5,81.7,851.4,81.69,813.0,81.77,175.5,81.78,584.9,81.79,757.8,81.8,1901.8,81.81,1872.7
1700000695.5,1391,81.75,0.060000000000002274,81.72,411.4,81.78,42.5,4991.5,4585.599999999999,81.78,20.6,BUY,1,81.72,411.4,81.71,441.3,81.7,174.2,81.69,3290.1,81.68,674.5,81.78,42.5,81.79,1372.2,81.8,2054.7,81.81,586.4,81.82,529.8
1700000696.0,1392,81.74,0.060000000000002274,81.71,10.0,81.77,115.8,5643.7,8710.399999999998,81.71,56.1,SELL,3,81.71,10.0,81.7,21.6,81.69,1451.5,81.68,2670.6,81.67,1490.0,81.77,115.8,81.78,2064.5,81.79,2711.1,81.8,3532.7,81.81,286.3
1700000696.5,1393,81.74,0.060000000000002274,81.71,748.3,81.77,194.7,2586.3,11324.6,81.77,24.4,BUY,3,81.71,748.3,81.7,239.8,81.69,355.9,81.68,453.4,81.67,788.9,81.77,194.7,81.78,498.4,81.79,378.6,81.8,2725.8,81.81,7527.1
1700000697.0,1394,81.74,0.060000000000002274,81.71,396.0,81.77,69.7,8037.2,1199.8000000000002,81.71,89.6,SELL,2,81.71,396.0,81.7,1191.2,81.69,3893.1,81.68,1466.2,81.67,1090.7,81.77,69.7,81.78,83.6,81.79,560.6,81.8,473.9,81.81,12.0
1700000697.5,1395,79.095,0.05000000000001137,79.07,652.4,79.12,1213.7,5740.4,4939.700000000001,79.12,33.2,BUY,2,79.07,652.4,79.06,289.8,79.05,3788.3,79.04,959.4,79.03,50.5,79.12,1213.7,79.13,493.1,79.14,705.4,79.15,380.3,79.16,2147.2
1700000698.0,1396,79.095,0.05000000000001137,79.07,271.4,79.12,584.2,2184.3,3800.3,79.07,55.4,SELL,1,79.07,271.4,79.06,797.0,79.05,358.7,79.04,229.8,79.03,527.4,79.12,584.2,79.13,504.2,79.14,1181.4,79.15,725.3,79.16,805.2
1700000698.5,1397,79.11,0.03999999999999204,79.09,294.9,79.13,718.6,4628.099999999999,4824.9,79.13,28.2,BUY,1,79.09,294.9,79.08,217.4,79.07,2002.6,79.06,457.0,79.05,1656.2,79.13,718.6,79.14,647.9,79.15,1016.0,79.16,1239.1,79.17,1203.3
1700000699.0,1398,71.02,0.060000000000002274,70.99,630.5,71.05,463.5,3064.8,5059.0,71.02,0.0,BUY,0,70.99,630.5,70.98,63.1,70.97,189.8,70.96,316.3,70.95,1865.1,71.05,463.5,71.06,1304.4,71.07,594.3,71.08,868.7,71.09,1828.1
1700000699.5,1399,71.02,0.060000000000002274,70.99,578.8,71.05,783.7,6366.700000000001,1571.2,70.99,16.3,SELL,1,70.99,578.8,70.98,21.7,70.97,1095.2,70.96,191.7,70.95,4479.3,71.05,783.7,71.06,50.1,71.07,21.6,71.08,488.6,71.09,227.2
1700000700.0,1400,71.02,0.060000000000002274,70.99,897.0,71.05,416.1,4534.7,2523.9,71.02,0.0,BUY,0,70.99,897.0,70.98,1535.0,70.97,847.5,70.96,981.5,70.95,273.7,71.05,416.1,71.06,16.3,71.07,300.7,71.08,1657.5,71.09,133.3
1700000700.5,1401,71.02,0.060000000000002274,70.99,331.0,71.05,588.9,1988.4,2001.1999999999998,70.99,52.7,SELL,1,70.99,331.0,70.98,748.2,70.97,515.8,70.96,50.8,70.95,342.6,71.05,588.9,71.06,605.8,71.07,501.8,71.08,122.3,71.09,182.4
1700000701.0,1402,71.02,0.060000000000002274,70.99,223.6,71.05,1152.1,6356.4,4864.6,71.05,18.1,BUY,3,70.99,223.6,70.98,613.3,70.97,1639.3,70.96,1477.6,70.95,2402.6,71.05,1152.1,71.06,590.9,71.07,2195.8,71.08,880.7,71.09,45.1
1700000701.5,1403,71.01,0.060000000000002274,70.98,495.0,71.04,436.5,3085.2,3032.7,71.01,0.0,BUY,0,70.98,495.0,70.97,819.3,70.96,442.4,70.95,1025.9,70.94,302.6,71.04,436.5,71.05,1049.1,71.06,353.3,71.07,582.8,71.08,611.0
1700000702.0,1404,71.00999999999999,0.04000000000000625,70.99,10.0,71.03,318.0,6144.2,5126.0,70.99,5.0,SELL,2,70.99,10.0,70.98,1000.7,70.97,277.8,70.96,3945.5,70.95,910.2,71.03,318.0,71.04,1466.6,71.05,536.8,71.06,1052.9,71.07,1751.7
1700000702.5,1405,71.01,0.060000000000002274,70.98,242.0,71.04,307.7,5198.9,2966.0,70.98,28.1,SELL,2,70.98,242.0,70.97,1720.7,70.96,314.3,70.95,818.1,70.94,2103.8,71.04,307.7,71.05,581.1,71.06,1118.3,71.07,212.2,71.08,746.7
1700000703.0,1406,71.01,0.060000000000002274,70.98,896.2,71.04,1296.6,3289.0000000000005,7140.7,71.01,0.0,BUY,0,70.98,896.2,70.97,1606.2,70.96,255.8,70.95,200.9,70.94,329.9,71.04,1296.6,71.05,566.1,71.06,3855.0,71.07,304.3,71.08,1118.7
1700000703.5,1407,71.01,0.060000000000002274,70.98,184.0,71.04,538.3,4851.4,6230.5,70.98,31.5,SELL,2,70.98,184.0,70.97,382.9,70.96,916.2,70.95,866.9,70.94,2501.4,71.04,538.3,71.05,755.1,71.06,719.3,71.07,139.1,71.08,4078.7
1700000704.0,1408,71.00999999999999,0.04000000000000625,70.99,196.3,71.03,10.0,5031.5,1216.4,71.00999999999999,0.0,BUY,0,70.99,196.3,70.98,594.2,70.97,1564.0,70.96,619.7,70.95,2057.3,71.03,10.0,71.04,370.7,71.05,250.4,71.06,203.5,71.07,381.8
1700000704.5,1409,71.00999999999999,0.04000000000000625,70.99,556.9,71.03,1163.3,1363.5,5693.1,71.03,50.5,BUY,1,70.99,556.9,70.98,10.0,70.97,75.7,70.96,710.9,70.95,10.0,71.03,1163.3,71.04,602.7,71.05,240.5,71.06,488.4,71.07,3198.2
1700000705.0,1410,71.01,0.060000000000002274,70.98,1553.2,71.04,44.9,5215.699999999999,2989.4000000000005,71.04,15.7,BUY,4,70.98,1553.2,70.97,1886.1,70.96,1319.6,70.95,214.4,70.94,242.4,71.04,44.9,71.05,1100.7,71.06,157.9,71.07,160.9,71.08,1525.0
1700000705.5,1411,71.01,0.060000000000002274,70.98,92.4,71.04,1157.5,4510.9,6186.6,71.04,12.1,BUY,2,70.98,92.4,70.97,73.5,70.96,1289.6,70.95,2384.9,70.94,670.5,71.04,1157.5,71.05,82.2,71.06,550.2,71.07,3646.2,71.08,750.5
1700000706.0,1412,71.01,0.060000000000002274,70.98,129.0,71.04,127.6,6223.4,2725.2,70.98,23.7,SELL,1,70.98,129.0,70.97,876.2,70.96,306.7,70.95,4491.0,70.94,420.5,71.04,127.6,71.05,110.7,71.06,1080.5,71.07,646.6,71.08,759.8
1700000706.5,1413,71.02,0.060000000000002274,70.99,522.9,71.05,398.1,5577.000000000001,3483.1000000000004,71.05,51.9,BUY,2,70.99,522.9,70.98,820.1,70.97,1225.3,70.96,1792.9,70.95,1215.8,71.05,398.1,71.06,1404.9,71.07,392.0,71.08,614.3,71.09,673.8
1700000707.0,1414,71.02,0.060000000000002274,70.99,10.0,71.05,2147.6,2381.6,3712.8,70.99,5.0,SELL,4,70.99,10.0,70.98,353.2,70.97,59.9,70.96,128.3,70.95,1830.2,71.05,2147.6,71.06,245.8,71.07,111.4,71.08,273.0,71.09,935.0
1700000707.5,1415,71.02,0.060000000000002274,70.99,547.6,71.05,164.8,3840.3,6045.0,70.99,21.2,SELL,1,70.99,547.6,70.98,957.6,70.97,54.2,70.96,640.7,70.95,1640.2,71.05,164.8,71.06,77.3,71.07,1508.0,71.08,413.7,71.09,3881.2
1700000708.0,1416,71.03,0.060000000000002274,71.0,1012.3,71.06,56.8,7379.099999999999,2858.7,71.03,0.0,BUY,0,71.0,1012.3,70.99,696.2,70.98,1247.2,70.97,3382.6,70.96,1040.8,71.06,56.8,71.07,832.9,71.08,420.3,71.09,1096.0,71.1,452.7
1700000708.5,1417,71.03,0.060000000000002274,71.0,106.2,71.06,612.5,3417.7,7587.499999999999,71.03,0.0,BUY,0,71.0,106.2,70.99,655.7,70.98,327.4,70.97,1091.1,70.96,1237.3,71.06,612.5,71.07,316.4,71.08,806.8,71.09,5460.4,71.1,391.4
1700000709.0,1418,71.03,0.060000000000002274,71.0,838.1,71.06,1234.3,3444.6,2682.5,71.06,55.0,BUY,3,71.0,838.1,70.99,100.8,70.98,15.5,70.97,1076.2,70.96,1414.0,71.06,1234.3,71.07,448.0,71.08,158.8,71.09,360.9,71.1,480.5
1700000709.5,1419,71.03,0.060000000000002274,71.0,565.0,71.06,88.1,3668.5,3839.7999999999997,71.0,28.0,SELL,3,71.0,565.0,70.99,316.1,70.98,418.5,70.97,1258.4,70.96,1110.5,71.06,88.1,71.07,1971.5,71.08,996.5,71.09,521.3,71.1,262.4
1700000710.0,1420,71.03,0.060000000000002274,71.0,486.4,71.06,623.0,7274.5,6013.1,71.0,30.5,SELL,2,71.0,486.4,70.99,527.8,70.98,2823.7,70.97,2981.1,70.96,455.5,71.06,623.0,71.07,382.3,71.08,2848.7,71.09,402.0,71.1,1757.1
1700000710.5,1421,71.03,0.060000000000002274,71.0,169.0,71.06,48.1,2195.7,8768.5,71.0,49.3,SELL,1,71.0,169.0,70.99,70.7,70.98,583.1,70.97,183.7,70.96,1189.2,71.06,48.1,71.07,286.6,71.08,1786.7,71.09,911.6,71.1,5735.5
1700000711.0,1422,71.03,0.060000000000002274,71.0,66.8,71.06,1119.6,2883.5,5048.5,71.03,0.0,BUY,0,71.0,66.8,70.99,28.3,70.98,369.2,70.97,189.5,70.96,2229.7,71.06,1119.6,71.07,694.3,71.08,749.8,71.09,1743.2,71.1,741.6
1700000711.5,1423,71.03,0.060000000000002274,71.0,1640.9,71.06,1558.6,5605.6,4903.2,71.06,9.6,BUY,1,71.0,1640.9,70.99,299.6,70.98,57.4,70.97,2661.8,70.96,945.9,71.06,1558.6,71.07,1369.2,71.08,1119.4,71.09,53.6,71.1,802.4
1700000712.0,1424,71.03,0.03999999999999204,71.01,289.6,71.05,378.8,2873.6000000000004,6598.1,71.01,55.8,SELL,4,71.01,289.6,71.0,87.8,70.99,1442.4,70.98,541.0,70.97,512.8,71.05,378.8,71.06,941.5,71.07,1975.7,71.08,819.7,71.09,2482.4
1700000712.5,1425,76.85,0.060000000000002274,76.82,1625.8,76.88,359.0,6621.299999999999,4431.0,76.88,8.9,BUY,1,76.82,1625.8,76.81,2432.0,76.8,996.2,76.79,849.4,76.78,717.9,76.88,359.0,76.89,134.3,76.9,3485.5,76.91,200.0,76.92,252.2
1700000713.0,1426,76.85,0.060000000000002274,76.82,224.4,76.88,395.0,4623.800000000001,2625.8,76.82,201.4,SELL,3,76.82,224.4,76.81,2089.9,76.8,1968.9,76.79,312.3,76.78,28.3,76.88,395.0,76.89,323.1,76.9,254.9,76.91,713.3,76.92,939.5
1700000713.5,1427,76.85,0.060000000000002274,76.82,42.9,76.88,520.9,2200.2,4098.4,76.85,0.0,BUY,0,76.82,42.9,76.81,29.0,76.8,688.7,76.79,1410.6,76.78,29.0,76.88,520.9,76.89,232.5,76.9,212.3,76.91,1613.5,76.92,1519.2
1700000714.0,1428,76.86,0.060000000000002274,76.83,417.7,76.89,577.8,4616.299999999999,4439.9,76.83,164.2,SELL,1,76.83,417.7,76.82,1765.1,76.81,50.6,76.8,256.3,76.79,2126.6,76.89,577.8,76.9,2598.0,76.91,537.2,76.92,248.6,76.93,478.3
1700000714.5,1429,76.87,0.060000000000002274,76.84,156.4,76.9,861.1,2383.1000000000004,5096.4,76.9,52.5,BUY,5,76.84,156.4,76.83,22.2,76.82,52.1,76.81,963.2,76.8,1189.2,76.9,861.1,76.91,1068.5,76.92,152.4,76.93,1714.7,76.94,1299.7
1700000715.0,1430,76.88,0.060000000000002274,76.85,29.0,76.91,1671.7,4261.7,4792.0,76.85,59.0,SELL,3,76.85,29.0,76.84,781.3,76.83,826.1,76.82,2157.0,76.81,468.3,76.91,1671.7,76.92,502.2,76.93,1719.1,76.94,382.2,76.95,516.8
1700000715.5,1431,76.87,0.04000000000000625,76.85,1873.8,76.89,76.2,4365.499999999999,3944.2,76.87,0.0,BUY,0,76.85,1873.8,76.84,192.4,76.83,2073.6,76.82,122.8,76.81,102.9,76.89,76.2,76.9,1734.6,76.91,656.9,76.92,842.6,76.93,633.9
1700000716.0,1432,76.86,0.060000000000002274,76.83,226.9,76.89,734.7,3983.4,8588.6,76.89,5.0,BUY,2,76.83,226.9,76.82,312.9,76.81,1312.2,76.8,1827.8,76.79,303.6,76.89,734.7,76.9,591.7,76.91,792.1,76.92,2432.2,76.93,4037.9
1700000716.5,1433,76.86,0.060000000000002274,76.83,1017.7,76.89,184.8,4331.799999999999,4650.7,76.83,18.9,SELL,3,76.83,1017.7,76.82,906.8,76.81,1069.1,76.8,90.2,76.79,1248.0,76.89,184.8,76.9,123.5,76.91,90.8,76.92,1327.6,76.93,2924.0
1700000717.0,1434,76.86,0.060000000000002274,76.83,732.6,76.89,760.3,8173.799999999999,2505.1,76.86,0.0,BUY,0,76.83,732.6,76.82,358.4,76.81,1148.2,76.8,1345.1,76.79,4589.5,76.89,760.3,76.9,215.6,76.91,28.5,76.92,610.2,76.93,890.5
1700000717.5,1435,76.86,0.060000000000002274,76.83,170.6,76.89,921.2,2770.7000000000003,6692.8,76.83,12.3,SELL,1,76.83,170.6,76.82,10.0,76.81,913.9,76.8,1501.8,76.79,174.4,76.89,921.2,76.9,1602.1,76.91,2268.0,76.92,1429.3,76.93,472.2
1700000718.0,1436,76.86,0.060000000000002274,76.83,145.2,76.89,603.3,7478.099999999999,3799.8,76.89,5.0,BUY,2,76.83,145.2,76.82,1592.4,76.81,2062.4,76.8,1919.4,76.79,1758.7,76.89,603.3,76.9,63.8,76.91,383.0,76.92,212.2,76.93,2537.5
1700000718.5,1437,76.87,0.060000000000002274,76.84,985.5,76.9,541.2,2034.2,2728.0,76.84,14.5,SELL,2,76.84,985.5,76.83,197.2,76.82,304.5,76.81,176.7,76.8,370.3,76.9,541.2,76.91,443.7,76.92,57.3,76.93,1377.7,76.94,308.1
1700000719.0,1438,76.87,0.060000000000002274,76.84,1198.5,76.9,106.0,7228.799999999999,1908.6999999999998,76.84,95.6,SELL,1,76.84,1198.5,76.83,206.9,76.82,3030.6,76.81,2739.4,76.8,53.4,76.9,106.0,76.91,134.3,76.92,981.8,76.93,10.0,76.94,676.6
1700000719.5,1439,76.87,0.060000000000002274,76.84,543.4,76.9,27.3,9031.1,4690.0,76.84,34.4,SELL,5,76.84,543.4,76.83,63.5,76.82,852.1,76.81,5593.0,76.8,1979.1,76.9,27.3,76.91,649.9,76.92,69.0,76.93,1318.4,76.94,2625.4
1700000720.0,1440,76.87,0.060000000000002274,76.84,281.9,76.9,426.4,5332.2,5934.2,76.9,46.8,BUY,3,76.84,281.9,76.83,1346.3,76.82,716.1,76.81,2557.1,76.8,430.8,76.9,426.4,76.91,443.5,76.92,2316.4,76.93,2529.2,76.94,218.7
1700000720.5,1441,73.03,0.060000000000002274,73.0,2242.9,73.06,276.4,6739.800000000001,6903.4,73.0,84.9,SELL,1,73.0,2242.9,72.99,3484.8,72.98,61.1,72.97,781.5,72.96,169.5,73.06,276.4,73.07,751.6,73.08,3321.8,73.09,415.7,73.1,2137.9
1700000721.0,1442,73.03,0.060000000000002274,73.0,238.6,73.06,846.2,5383.1,6980.0,73.06,23.2,BUY,2,73.0,238.6,72.99,149.8,72.98,194.6,72.97,2705.0,72.96,2095.1,73.06,846.2,73.07,942.6,73.08,888.2,73.09,1966.5,73.1,2336.5
1700000721.5,1443,73.03999999999999,0.05999999999998806,73.01,764.1,73.07,78.3,4784.5,2478.8,73.01,17.3,SELL,3,73.01,764.1,73.0,1092.7,72.99,620.0,72.98,1727.1,72.97,580.6,73.07,78.3,73.08,259.8,73.09,400.2,73.1,634.7,73.11,1105.8
1700000722.0,1444,73.05,0.060000000000002274,73.02,578.4,73.08,370.9,2728.7999999999997,1974.1,73.02,17.5,SELL,1,73.02,578.4,73.01,498.7,73.0,137.4,72.99,1188.6,72.98,325.7,73.08,370.9,73.09,1069.1,73.1,144.4,73.11,210.1,73.12,179.6
1700000722.5,1445,73.05,0.060000000000002274,73.02,578.0,73.08,515.2,5495.299999999999,1623.4,73.02,108.2,SELL,1,73.02,578.0,73.01,501.2,73.0,1320.0,72.99,2733.2,72.98,362.9,73.08,515.2,73.09,695.6,73.1,57.8,73.11,344.8,73.12,10.0
1700000723.0,1446,73.05,0.060000000000002274,73.02,1297.4,73.08,1873.1,3491.1,9771.7,73.05,0.0,BUY,0,73.02,1297.4,73.01,59.0,73.0,690.6,72.99,560.1,72.98,884.0,73.08,1873.1,73.09,1034.4,73.1,430.6,73.11,368.9,73.12,6064.7
1700000723.5,1447,73.05,0.060000000000002274,73.02,59.9,73.08,190.3,2397.2999999999997,6569.8,73.08,91.6,BUY,3,73.02,59.9,73.01,465.8,73.0,625.4,72.99,699.1,72.98,547.1,73.08,190.3,73.09,641.3,73.1,741.0,73.11,190.2,73.12,4807.0
1700000724.0,1448,73.06,0.060000000000002274,73.03,16.1,73.09,331.7,5074.7,4479.099999999999,73.03,7.2,SELL,1,73.03,16.1,73.02,1204.5,73.01,889.5,73.0,907.6,72.99,2057.0,73.09,331.7,73.1,10.0,73.11,2156.1,73.12,1809.8,73.13,171.5
1700000724.5,1449,73.05,0.03999999999999204,73.03,100.3,73.07,51.1,2004.1999999999998,1278.6,73.05,0.0,BUY,0,73.03,100.3,73.02,360.3,73.01,197.7,73.0,525.9,72.99,820.0,73.07,51.1,73.08,159.9,73.09,505.8,73.1,128.6,73.11,433.2
1700000725.0,1450,73.05,0.060000000000002274,73.02,260.7,73.08,641.3,2631.5,4743.900000000001,73.05,0.0,BUY,0,73.02,260.7,73.01,209.9,73.0,128.6,72.99,704.9,72.98,1327.4,73.08,641.3,73.09,2029.2,73.1,273.3,73.11,1684.0,73.12,116.1
1700000725.5,1451,73.05,0.060000000000002274,73.02,299.5,73.08,2588.7,2915.5,4971.2,73.02,38.6,SELL,2,73.02,299.5,73.01,1085.0,73.0,28.4,72.99,304.0,72.98,1198.6,73.08,2588.7,73.09,379.4,73.1,74.0,73.11,1289.2,73.12,639.9
1700000726.0,1452,73.03999999999999,0.04000000000000625,73.02,915.8,73.06,174.0,4844.7,8440.9,73.02,114.1,SELL,1,73.02,915.8,73.01,234.8,73.0,548.6,72.99,3123.5,72.98,22.0,73.06,174.0,73.07,10.0,73.08,175.6,73.09,6372.5,73.1,1708.8
1700000726.5,1453,73.04499999999999,0.04999999999999716,73.02,175.5,73.07,267.4,5857.3,4448.0,73.02,44.6,SELL,2,73.02,175.5,73.01,78.6,73.0,650.9,72.99,4328.7,72.98,623.6,73.07,267.4,73.08,2460.1,73.09,257.5,73.1,348.0,73.11,1115.0
1700000727.0,1454,73.03999999999999,0.05999999999998806,73.01,813.5,73.07,627.3,8113.7,7474.7,73.01,110.6,SELL,1,73.01,813.5,73.0,82.3,72.99,2495.0,72.98,3810.7,72.97,912.2,73.07,627.3,73.08,1364.2,73.09,1880.9,73.1,1014.1,73.11,2588.2
1700000727.5,1455,73.05,0.060000000000002274,73.02,226.1,73.08,527.6,3451.5,1126.4,73.02,10.2,SELL,2,73.02,226.1,73.01,1786.7,73.0,76.9,72.99,582.8,72.98,779.0,73.08,527.6,73.09,281.8,73.1,96.0,73.11,53.8,73.12,167.2
1700000728.0,1456,73.05,0.060000000000002274,73.02,10.0,73.08,360.0,4694.9,4392.2,73.05,0.0,BUY,0,73.02,10.0,73.01,362.9,73.0,639.6,72.99,2257.4,72.98,1425.0,73.08,360.0,73.09,1750.8,73.1,1316.3,73.11,763.9,73.12,201.2
1700000728.5,1457,73.04499999999999,0.04999999999999716,73.02,581.2,73.07,1278.5,3813.2,8370.8,73.02,5.0,SELL,1,73.02,581.2,73.01,26.4,73.0,334.0,72.99,168.2,72.98,2703.4,73.07,1278.5,73.08,4990.9,73.09,1106.6,73.1,460.3,73.11,534.5
1700000729.0,1458,73.03999999999999,0.04000000000000625,73.02,718.8,73.06,182.6,4972.4,7543.7,73.03999999999999,0.0,BUY,0,73.02,718.8,73.01,309.3,73.0,20.3,72.99,2349.7,72.98,1574.3,73.06,182.6,73.07,274.1,73.08,394.0,73.09,2279.0,73.1,4414.0
1700000729.5,1459,73.03,0.060000000000002274,73.0,679.6,73.06,1576.7,3963.7,8367.6,73.06,29.0,BUY,2,73.0,679.6,72.99,2323.3,72.98,201.5,72.97,743.3,72.96,16.0,73.06,1576.7,73.07,1736.7,73.08,465.2,73.09,3944.8,73.1,644.2
1700000730.0,1460,73.03,0.060000000000002274,73.0,544.2,73.06,151.4,3625.2,2584.6,73.06,8.5,BUY,1,73.0,544.2,72.99,749.0,72.98,985.9,72.97,1064.9,72.96,281.2,73.06,151.4,73.07,184.5,73.08,687.8,73.09,426.7,73.1,1134.2
1700000730.5,1461,73.02,0.060000000000002274,72.99,20.2,73.05,642.0,2607.4,7875.9,73.05,5.0,BUY,3,72.99,20.2,72.98,42.5,72.97,1142.5,72.96,325.6,72.95,1076.6,73.05,642.0,73.06,1296.0,73.07,2871.7,73.08,300.2,73.09,2766.0
1700000731.0,1462,73.02,0.060000000000002274,72.99,1590.9,73.05,429.2,11348.800000000001,4742.9,73.05,21.0,BUY,1,72.99,1590.9,72.98,1532.2,72.97,1229.7,72.96,6726.3,72.95,269.7,73.05,429.2,73.06,1696.5,73.07,289.1,73.08,1351.6,73.09,976.5
1700000731.5,1463,73.03,0.060000000000002274,73.0,1128.1,73.06,1099.6,8625.8,6003.700000000001,73.0,5.0,SELL,1,73.0,1128.1,72.99,360.9,72.98,1572.7,72.97,3168.0,72.96,2396.1,73.06,1099.6,73.07,1009.4,73.08,818.3,73.09,1470.8,73.1,1605.6
1700000732.0,1464,73.03,0.060000000000002274,73.0,684.2,73.06,744.2,13078.6,5928.099999999999,73.06,96.8,BUY,2,73.0,684.2,72.99,584.5,72.98,237.3,72.97,3155.6,72.96,8417.0,73.06,744.2,73.07,2252.7,73.08,63.8,73.09,2786.6,73.1,80.8
1700000732.5,1465,73.03,0.060000000000002274,73.0,800.8,73.06,306.3,8128.900000000001,7032.299999999999,73.0,6.5,SELL,2,73.0,800.8,72.99,49.2,72.98,651.9,72.97,3749.2,72.96,2877.8,73.06,306.3,73.07,803.4,73.08,308.2,73.09,5209.0,73.1,405.4
1700000733.0,1466,73.03,0.060000000000002274,73.0,395.2,73.06,545.0,2405.7,9172.2,73.0,65.7,SELL,5,73.0,395.2,72.99,33.0,72.98,235.6,72.97,1298.3,72.96,443.6,73.06,545.0,73.07,1255.9,73.08,69.3,73.09,5341.0,73.1,1961.0
1700000733.5,1467,73.03,0.060000000000002274,73.0,1186.3,73.06,598.8,4803.4,4490.799999999999,73.03,0.0,BUY,0,73.0,1186.3,72.99,212.9,72.98,200.1,72.97,292.5,72.96,2911.6,73.06,598.8,73.07,560.0,73.08,414.5,73.09,266.8,73.1,2650.7
1700000734.0,1468,73.03,0.060000000000002274,73.0,917.2,73.06,487.7,4802.4,3270.6,73.06,6.4,BUY,2,73.0,917.2,72.99,1419.3,72.98,1189.5,72.97,439.2,72.96,837.2,73.06,487.7,73.07,85.4,73.08,1070.2,73.09,1529.6,73.1,97.7
1700000734.5,1469,73.03,0.03999999999999204,73.01,215.5,73.05,401.8,2770.3,2226.8,73.03,0.0,BUY,0,73.01,215.5,73.0,1863.9,72.99,74.8,72.98,348.6,72.97,267.5,73.05,401.8,73.06,778.9,73.07,312.1,73.08,185.7,73.09,548.3
1700000735.0,1470,73.02,0.060000000000002274,72.99,350.9,73.05,441.3,4252.2,5801.8,73.02,0.0,BUY,0,72.99,350.9,72.98,627.7,72.97,2496.8,72.96,130.1,72.95,646.7,73.05,441.3,73.06,2407.7,73.07,867.6,73.08,47.0,73.09,2038.2
1700000735.5,1471,73.03,0.060000000000002274,73.0,259.5,73.06,305.4,5372.900000000001,6377.0,73.06,82.0,BUY,3,73.0,259.5,72.99,1035.8,72.98,1954.3,72.97,1892.0,72.96,231.3,73.06,305.4,73.07,686.0,73.08,1214.3,73.09,3445.2,73.1,726.1
1700000736.0,1472,73.04499999999999,0.04999999999999716,73.02,622.3,73.07,80.3,2253.5,2640.5,73.07,5.0,BUY,2,73.02,622.3,73.01,668.9,73.0,709.4,72.99,136.1,72.98,116.8,73.07,80.3,73.08,411.8,73.09,145.6,73.1,36.4,73.11,1966.4
1700000736.5,1473,73.03,0.060000000000002274,73.0,748.0,73.06,377.2,5551.2,5964.0,73.0,20.8,SELL,2,73.0,748.0,72.99,107.5,72.98,3228.7,72.97,816.3,72.96,650.7,73.06,377.2,73.07,178.0,73.08,81.5,73.09,2142.8,73.1,3184.5
1700000737.0,1474,73.04499999999999,0.04999999999999716,73.02,1156.0,73.07,1602.0,2144.1000000000004,2425.4,73.02,8.2,SELL,6,73.02,1156.0,73.01,18.4,73.0,297.4,72.99,374.2,72.98,298.1,73.07,1602.0,73.08,349.9,73.09,70.5,73.1,212.5,73.11,190.5
1700000737.5,1475,73.04499999999999,0.04999999999999716,73.02,793.8,73.07,38.2,9564.8,2522.3999999999996,73.07,93.5,BUY,2,73.02,793.8,73.01,1066.1,73.0,1583.0,72.99,683.8,72.98,5438.1,73.07,38.2,73.08,480.7,73.09,67.7,73.1,260.2,73.11,1675.6
1700000738.0,1476,76.06,0.060000000000002274,76.03,890.2,76.09,297.3,7669.6,2076.8,76.09,41.8,BUY,3,76.03,890.2,76.02,822.3,76.01,16.4,76.0,1192.2,75.99,4748.5,76.09,297.3,76.1,722.5,76.11,169.7,76.12,164.3,76.13,723.0
1700000738.5,1477,76.06,0.060000000000002274,76.03,161.8,76.09,256.5,5551.0,4355.900000000001,76.03,37.1,SELL,1,76.03,161.8,76.02,188.2,76.01,3296.3,76.0,374.1,75.99,1530.6,76.09,256.5,76.1,997.7,76.11,1187.4,76.12,388.9,76.13,1525.4
1700000739.0,1478,76.065,0.04999999999999716,76.04,100.0,76.09,51.3,7669.9,2343.6,76.04,59.8,SELL,3,76.04,100.0,76.03,2456.4,76.02,1295.9,76.01,283.7,76.0,3533.9,76.09,51.3,76.1,324.0,76.11,523.9,76.12,999.5,76.13,444.9
1700000739.5,1479,76.07,0.04000000000000625,76.05,270.1,76.09,1934.9,6892.0,10958.2,76.09,74.8,BUY,1,76.05,270.1,76.04,630.5,76.03,144.7,76.02,3571.6,76.01,2275.1,76.09,1934.9,76.1,972.4,76.11,989.1,76.12,4046.9,76.13,3014.9
1700000740.0,1480,83.03,0.060000000000002274,83.0,1008.7,83.06,110.4,2232.2000000000003,3061.2,83.06,67.5,BUY,3,83.0,1008.7,82.99,408.3,82.98,253.5,82.97,372.4,82.96,189.3,83.06,110.4,83.07,374.6,83.08,375.6,83.09,1309.3,83.1,891.3
1700000740.5,1481,83.03,0.060000000000002274,83.0,449.3,83.06,808.7,3299.8,7221.7,83.03,0.0,BUY,0,83.0,449.3,82.99,364.0,82.98,333.5,82.97,1432.0,82.96,721.0,83.06,808.7,83.07,1034.7,83.08,1312.8,83.09,1830.8,83.1,2234.7
1700000741.0,1482,83.03,0.060000000000002274,83.0,655.7,83.06,1736.5,4426.7,10563.0,83.06,49.7,BUY,2,83.0,655.7,82.99,841.2,82.98,11.7,82.97,1991.3,82.96,926.8,83.06,1736.5,83.07,1825.0,83.08,1240.9,83.09,4258.3,83.1,1502.3
1700000741.5,1483,83.03,0.060000000000002274,83.0,513.7,83.06,125.1,3006.3,5449.8,83.0,19.2,SELL,3,83.0,513.7,82.99,454.5,82.98,319.6,82.97,33.1,82.96,1685.4,83.06,125.1,83.07,220.3,83.08,316.5,83.09,2811.3,83.1,1976.6
1700000742.0,1484,83.02,0.060000000000002274,82.99,177.0,83.05,487.6,2870.0,6333.6,82.99,56.4,SELL,1,82.99,177.0,82.98,10.0,82.97,552.2,82.96,1613.0,82.95,517.8,83.05,487.6,83.06,1523.0,83.07,1681.2,83.08,1033.0,83.09,1608.8
1700000742.5,1485,83.02,0.060000000000002274,82.99,70.1,83.05,419.3,1438.0,3995.1,82.99,61.9,SELL,2,82.99,70.1,82.98,16.5,82.97,335.5,82.96,317.8,82.95,698.1,83.05,419.3,83.06,1588.6,83.07,977.3,83.08,254.0,83.09,755.9
1700000743.0,1486,83.02,0.060000000000002274,82.99,312.6,83.05,909.7,4451.099999999999,7254.299999999999,83.05,33.9,BUY,2,82.99,312.6,82.98,68.8,82.97,10.1,82.96,3338.7,82.95,720.9,83.05,909.7,83.06,2619.1,83.07,1143.7,83.08,1021.9,83.09,1559.9
1700000743.5,1487,83.02,0.060000000000002274,82.99,520.3,83.05,188.3,7134.4,4268.2,83.05,38.4,BUY,2,82.99,520.3,82.98,671.7,82.97,117.7,82.96,2601.0,82.95,3223.7,83.05,188.3,83.06,394.4,83.07,560.7,83.08,2629.5,83.09,495.3
1700000744.0,1488,83.03,0.060000000000002274,83.0,270.1,83.06,432.1,2520.7999999999997,5032.7,83.0,17.8,SELL,1,83.0,270.1,82.99,907.9,82.98,249.2,82.97,761.5,82.96,332.1,83.06,432.1,83.07,3068.4,83.08,280.9,83.09,959.1,83.1,292.2
1700000744.5,1489,83.04499999999999,0.04999999999999716,83.02,64.5,83.07,154.0,1373.6999999999998,13441.6,83.02,49.4,SELL,3,83.02,64.5,83.01,295.4,83.0,226.5,82.99,447.2,82.98,340.1,83.07,154.0,83.08,1727.6,83.09,3911.2,83.1,4774.2,83.11,2874.6
1700000745.0,1490,83.04499999999999,0.04999999999999716,83.02,54.8,83.07,2456.5,2971.1000000000004,4270.9,83.07,69.1,BUY,1,83.02,54.8,83.01,335.2,83.0,654.9,82.99,43.7,82.98,1882.5,83.07,2456.5,83.08,352.2,83.09,10.0,83.1,340.5,83.11,1111.7
1700000745.5,1491,83.04499999999999,0.04999999999999716,83.02,599.5,83.07,83.3,3423.1000000000004,3872.0,83.07,5.0,BUY,1,83.02,599.5,83.01,275.5,83.0,2189.8,82.99,210.8,82.98,147.5,83.07,83.3,83.08,907.3,83.09,60.8,83.1,556.1,83.11,2264.5
1700000746.0,1492,83.04499999999999,0.04999999999999716,83.02,106.2,83.07,10.0,2112.3999999999996,9646.4,83.02,17.7,SELL,1,83.02,106.2,83.01,502.7,83.0,605.4,82.99,253.6,82.98,644.5,83.07,10.0,83.08,1444.3,83.09,652.4,83.1,3622.7,83.11,3917.0
1700000746.5,1493,83.04499999999999,0.04999999999999716,83.02,1528.2,83.07,53.6,8390.8,4552.9,83.02,17.8,SELL,1,83.02,1528.2,83.01,1177.5,83.0,2629.0,82.99,1086.2,82.98,1969.9,83.07,53.6,83.08,864.4,83.09,474.7,83.1,1706.5,83.11,1453.7
1700000747.0,1494,83.03999999999999,0.04000000000000625,83.02,1635.6,83.06,658.7,2606.2999999999997,3563.5000000000005,83.02,62.8,SELL,1,83.02,1635.6,83.01,94.7,83.0,486.9,82.99,374.4,82.98,14.7,83.06,658.7,83.07,1554.7,83.08,81.8,83.09,972.9,83.1,295.4
1700000747.5,1495,83.04499999999999,0.04999999999999716,83.02,1021.5,83.07,998.1,2817.2,6646.4,83.04499999999999,0.0,BUY,0,83.02,1021.5,83.01,244.9,83.0,96.8,82.99,469.5,82.98,984.5,83.07,998.1,83.08,2810.6,83.09,226.6,83.1,579.2,83.11,2031.9
1700000748.0,1496,83.04499999999999,0.04999999999999716,83.02,1074.2,83.07,410.5,8746.8,4752.3,83.02,34.1,SELL,1,83.02,1074.2,83.01,1267.8,83.0,901.9,82.99,2436.1,82.98,3066.8,83.07,410.5,83.08,88.1,83.09,2916.3,83.1,985.2,83.11,352.2
1700000748.5,1497,83.03,0.060000000000002274,83.0,174.8,83.06,591.3,3499.8999999999996,2470.0,83.0,26.0,SELL,1,83.0,174.8,82.99,742.3,82.98,130.0,82.97,329.3,82.96,2123.5,83.06,591.3,83.07,402.7,83.08,226.6,83.09,720.7,83.1,528.7
1700000749.0,1498,83.03,0.060000000000002274,83.0,259.9,83.06,436.8,2793.1000000000004,5855.0,83.03,0.0,BUY,0,83.0,259.9,82.99,159.1,82.98,955.3,82.97,855.0,82.96,563.8,83.06,436.8,83.07,2525.2,83.08,778.2,83.09,1317.9,83.1,796.9
1700000749.5,1499,83.03,0.060000000000002274,83.0,600.2,83.06,504.4,8924.4,6492.0,83.0,36.9,SELL,2,83.0,600.2,82.99,713.5,82.98,510.0,82.97,2934.2,82.96,4166.5,83.06,504.4,83.07,69.1,83.08,439.7,83.09,322.2,83.1,5156.6
