timestamp,sequence_id,mid_price,spread,best_bid,best_bid_size,best_ask,best_ask_size,total_bid_depth,total_ask_depth,last_trade_price,last_trade_size,last_trade_side,num_recent_trades,bid_price_0,bid_size_0,bid_price_1,bid_size_1,bid_price_2,bid_size_2,bid_price_3,bid_size_3,bid_price_4,bid_size_4,ask_price_0,ask_size_0,ask_price_1,ask_size_1,ask_price_2,ask_size_2,ask_price_3,ask_size_3,ask_price_4,ask_size_4
1700000000.0,0,100.00999999999999,0.04000000000000625,99.99,1373.9,100.03,557.0,6965.6,2393.7999999999997,99.99,45.8,SELL,4,99.99,1373.9,99.98,48.2,99.97,780.1,99.96,314.8,99.95,4448.6,100.03,557.0,100.04,482.6,100.05,1187.6,100.06,100.0,100.07,66.6
1700000000.5,1,100.02000000000001,0.04000000000000625,100.0,2250.8,100.04,89.8,8581.5,570.3,100.0,8.3,SELL,2,100.0,2250.8,99.99,1946.6,99.98,2598.5,99.97,279.6,99.96,1506.0,100.04,89.8,100.05,66.2,100.06,294.3,100.07,30.2,100.08,89.8
1700000001.0,2,100.03,0.03999999999999204,100.01,270.1,100.05,156.6,1933.7,5523.0,100.03,0.0,BUY,0,100.01,270.1,100.0,685.8,99.99,335.0,99.98,629.3,99.97,13.5,100.05,156.6,100.06,2296.4,100.07,1077.3,100.08,1822.0,100.09,170.7
1700000001.5,3,100.04499999999999,0.04999999999999716,100.02,679.8,100.07,415.1,3500.3999999999996,8049.3,100.02,90.0,SELL,2,100.02,679.8,100.01,37.4,100.0,20.0,99.99,2467.7,99.98,295.5,100.07,415.1,100.08,492.3,100.09,2220.7,100.1,117.6,100.11,4803.6
1700000002.0,4,100.06,0.060000000000002274,100.03,817.4,100.09,487.9,11860.1,4317.6,100.09,37.1,BUY,3,100.03,817.4,100.02,1803.8,100.01,419.0,100.0,7038.0,99.99,1781.9,100.09,487.9,100.1,920.7,100.11,629.7,100.12,2144.2,100.13,135.1
1700000002.5,5,100.065,0.030000000000001137,100.05,2192.7,100.08,761.2,9514.1,6416.1,100.08,35.7,BUY,2,100.05,2192.7,100.04,1279.7,100.03,1288.6,100.02,3984.9,100.01,768.2,100.08,761.2,100.09,32.1,100.1,2304.7,100.11,2518.3,100.12,799.8
1700000003.0,6,100.08,0.03999999999999204,100.06,780.1,100.1,656.2,8251.599999999999,2157.0,100.1,119.0,BUY,2,100.06,780.1,100.05,30.3,100.04,1470.3,100.03,980.2,100.02,4990.7,100.1,656.2,100.11,301.2,100.12,856.7,100.13,57.5,100.14,285.4
1700000003.5,7,100.095,0.05000000000001137,100.07,552.6,100.12,31.1,4518.5,5470.6,100.07,23.4,SELL,3,100.07,552.6,100.06,312.8,100.05,947.4,100.04,855.7,100.03,1850.0,100.12,31.1,100.13,620.9,100.14,2319.1,100.15,1058.6,100.16,1440.9
1700000004.0,8,100.11,0.03999999999999204,100.09,411.7,100.13,78.1,4388.9,1558.1,100.09,110.8,SELL,2,100.09,411.7,100.08,19.7,100.07,1551.4,100.06,1807.6,100.05,598.5,100.13,78.1,100.14,41.3,100.15,318.3,100.16,560.3,100.17,560.1
1700000004.5,9,100.12,0.04000000000000625,100.1,260.2,100.14,180.6,6640.599999999999,4070.0,100.1,72.4,SELL,1,100.1,260.2,100.09,901.1,100.08,684.2,100.07,2843.4,100.06,1951.7,100.14,180.6,100.15,170.8,100.16,950.6,100.17,866.4,100.18,1901.6
1700000005.0,10,100.13,0.060000000000002274,100.1,430.2,100.16,136.3,3088.7,6507.299999999999,100.1,16.6,SELL,2,100.1,430.2,100.09,909.9,100.08,601.6,100.07,39.3,100.06,1107.7,100.16,136.3,100.17,770.4,100.18,922.3,100.19,683.7,100.2,3994.6
1700000005.5,11,100.15,0.04000000000000625,100.13,835.7,100.17,127.0,4798.7,4733.2,100.13,5.0,SELL,5,100.13,835.7,100.12,1429.0,100.11,407.0,100.1,940.3,100.09,1186.7,100.17,127.0,100.18,1801.1,100.19,1504.8,100.2,839.8,100.21,460.5
1700000006.0,12,100.17,0.03999999999999204,100.15,135.2,100.19,39.5,9181.5,5131.7,100.15,58.1,SELL,1,100.15,135.2,100.14,981.4,100.13,4865.0,100.12,3187.9,100.11,12.0,100.19,39.5,100.2,148.4,100.21,3379.2,100.22,880.1,100.23,684.5
1700000006.5,13,100.18,0.04000000000000625,100.16,501.6,100.2,2494.7,11202.099999999999,5348.9,100.2,66.7,BUY,2,100.16,501.6,100.15,3307.8,100.14,2221.0,100.13,3576.7,100.12,1595.0,100.2,2494.7,100.21,1368.1,100.22,741.9,100.23,81.5,100.24,662.7
1700000007.0,14,100.19,0.03999999999999204,100.17,373.0,100.21,693.9,4112.7,3500.2000000000003,100.17,109.6,SELL,2,100.17,373.0,100.16,1129.9,100.15,902.6,100.14,1462.8,100.13,244.4,100.21,693.9,100.22,1328.9,100.23,379.6,100.24,736.5,100.25,361.3
1700000007.5,15,100.2,0.03999999999999204,100.18,291.0,100.22,342.9,3247.8,2593.2000000000003,100.22,29.5,BUY,7,100.18,291.0,100.17,144.4,100.16,132.4,100.15,962.2,100.14,1717.8,100.22,342.9,100.23,74.9,100.24,578.1,100.25,1276.4,100.26,320.9
1700000008.0,16,100.21000000000001,0.04000000000000625,100.19,398.0,100.23,156.4,8476.7,5578.6,100.19,46.5,SELL,1,100.19,398.0,100.18,3837.0,100.17,688.7,100.16,1177.8,100.15,2375.2,100.23,156.4,100.24,2150.5,100.25,275.2,100.26,626.5,100.27,2370.0
1700000008.5,17,100.215,0.030000000000001137,100.2,471.3,100.23,314.5,7531.1,4247.6,100.2,21.5,SELL,3,100.2,471.3,100.19,548.4,100.18,3685.8,100.17,193.8,100.16,2631.8,100.23,314.5,100.24,105.4,100.25,1983.2,100.26,1832.9,100.27,11.6
1700000009.0,18,100.22,0.03999999999999204,100.2,670.7,100.24,657.1,7165.799999999999,3824.7,100.2,119.3,SELL,2,100.2,670.7,100.19,572.9,100.18,3509.3,100.17,558.9,100.16,1854.0,100.24,657.1,100.25,1050.8,100.26,1054.0,100.27,10.0,100.28,1052.8
1700000009.5,19,100.22999999999999,0.04000000000000625,100.21,458.2,100.25,826.9,3906.1,8481.599999999999,100.25,68.5,BUY,2,100.21,458.2,100.2,1800.8,100.19,306.2,100.18,567.0,100.17,773.9,100.25,826.9,100.26,1090.1,100.27,3913.2,100.28,547.2,100.29,2104.2
1700000010.0,20,100.24,0.060000000000002274,100.21,84.0,100.27,473.8,7175.099999999999,2629.0,100.21,14.0,SELL,2,100.21,84.0,100.2,1238.8,100.19,1036.8,100.18,2347.7,100.17,2467.8,100.27,473.8,100.28,543.6,100.29,341.7,100.3,669.6,100.31,600.3
1700000010.5,21,100.25,0.060000000000002274,100.22,210.2,100.28,88.0,3099.3999999999996,2668.7999999999997,100.22,53.5,SELL,1,100.22,210.2,100.21,294.8,100.2,2032.7,100.19,88.1,100.18,473.6,100.28,88.0,100.29,136.2,100.3,1476.1,100.31,825.9,100.32,142.6
1700000011.0,22,100.27000000000001,0.04000000000000625,100.25,3077.5,100.29,131.3,18659.3,1499.3000000000002,100.29,84.4,BUY,2,100.25,3077.5,100.24,2740.9,100.23,5737.8,100.22,6373.8,100.21,729.3,100.29,131.3,100.3,200.7,100.31,196.6,100.32,847.2,100.33,123.5
1700000011.5,23,100.28,0.03999999999999204,100.26,769.0,100.3,1338.4,7354.0,4589.9,100.26,15.4,SELL,2,100.26,769.0,100.25,3640.2,100.24,211.2,100.23,460.6,100.22,2273.0,100.3,1338.4,100.31,134.5,100.32,690.0,100.33,707.3,100.34,1719.7
1700000012.0,24,100.28,0.03999999999999204,100.26,292.0,100.3,40.3,18091.7,3673.5,100.26,253.6,SELL,1,100.26,292.0,100.25,513.7,100.24,28.6,100.23,437.9,100.22,16819.5,100.3,40.3,100.31,338.3,100.32,1024.7,100.33,1509.2,100.34,761.0
1700000012.5,25,100.3,0.03999999999999204,100.28,725.7,100.32,345.9,6570.7,5544.400000000001,100.28,10.9,SELL,2,100.28,725.7,100.27,2691.3,100.26,1212.4,100.25,1268.0,100.24,673.3,100.32,345.9,100.33,816.9,100.34,450.6,100.35,79.2,100.36,3851.8
1700000013.0,26,100.31,0.060000000000002274,100.28,2623.6,100.34,119.6,11214.099999999999,2491.6,100.28,8.9,SELL,7,100.28,2623.6,100.27,566.3,100.26,1691.9,100.25,1317.8,100.24,5014.5,100.34,119.6,100.35,119.8,100.36,450.9,100.37,219.9,100.38,1581.4
1700000013.5,27,100.32,0.04000000000000625,100.3,1015.7,100.34,153.6,4486.8,2667.6,100.34,46.0,BUY,2,100.3,1015.7,100.29,919.6,100.28,390.4,100.27,1412.1,100.26,749.0,100.34,153.6,100.35,858.0,100.36,558.3,100.37,694.3,100.38,403.4
1700000014.0,28,100.325,0.030000000000001137,100.31,2055.7,100.34,1378.9,4691.0,5630.8,100.31,108.1,SELL,5,100.31,2055.7,100.3,333.9,100.29,1891.4,100.28,10.0,100.27,400.0,100.34,1378.9,100.35,66.0,100.36,369.7,100.37,840.5,100.38,2975.7
1700000014.5,29,100.34,0.060000000000002274,100.31,2111.6,100.37,87.1,9368.699999999999,4116.1,100.34,0.0,BUY,0,100.31,2111.6,100.3,1217.5,100.29,3658.6,100.28,836.7,100.27,1544.3,100.37,87.1,100.38,204.1,100.39,620.9,100.4,225.6,100.41,2978.4
1700000015.0,30,100.345,0.030000000000001137,100.33,1103.8,100.36,1258.8,6330.8,5730.3,100.36,31.2,BUY,6,100.33,1103.8,100.32,4292.5,100.31,160.2,100.3,94.7,100.29,679.6,100.36,1258.8,100.37,1905.6,100.38,517.8,100.39,109.4,100.4,1938.7
1700000015.5,31,100.375,0.030000000000001137,100.36,2133.1,100.39,254.3,5724.9,6439.0,100.36,16.4,SELL,1,100.36,2133.1,100.35,481.3,100.34,741.1,100.33,446.5,100.32,1922.9,100.39,254.3,100.4,1440.8,100.41,10.0,100.42,160.1,100.43,4573.8
1700000016.0,32,100.38,0.04000000000000625,100.36,165.5,100.4,876.0,6603.5,3179.6000000000004,100.36,21.5,SELL,1,100.36,165.5,100.35,1702.3,100.34,2035.3,100.33,1261.6,100.32,1438.8,100.4,876.0,100.41,396.6,100.42,998.5,100.43,592.2,100.44,316.3
1700000016.5,33,100.39,0.03999999999999204,100.37,1021.6,100.41,1867.0,10646.7,5609.1,100.37,43.1,SELL,4,100.37,1021.6,100.36,1379.0,100.35,159.2,100.34,3657.9,100.33,4429.0,100.41,1867.0,100.42,1305.6,100.43,739.7,100.44,312.3,100.45,1384.5
1700000017.0,34,100.4,0.04000000000000625,100.38,72.0,100.42,172.3,4021.5,3015.3,100.38,28.7,SELL,5,100.38,72.0,100.37,2022.7,100.36,353.9,100.35,909.0,100.34,663.9,100.42,172.3,100.43,85.0,100.44,95.7,100.45,1590.3,100.46,1072.0
1700000017.5,35,100.4,0.04000000000000625,100.38,2353.2,100.42,975.4,10239.7,3456.9999999999995,100.38,15.4,SELL,1,100.38,2353.2,100.37,313.1,100.36,3379.8,100.35,2158.4,100.34,2035.2,100.42,975.4,100.43,525.8,100.44,162.7,100.45,1681.0,100.46,112.1
1700000018.0,36,100.41,0.04000000000000625,100.39,10.2,100.43,1112.1,6103.0,4373.6,100.39,20.8,SELL,2,100.39,10.2,100.38,1287.1,100.37,539.2,100.36,1051.0,100.35,3215.5,100.43,1112.1,100.44,764.9,100.45,192.8,100.46,720.5,100.47,1583.3
1700000018.5,37,100.425,0.030000000000001137,100.41,1562.8,100.44,508.4,9774.4,3972.1,100.44,58.1,BUY,2,100.41,1562.8,100.4,3249.6,100.39,3159.0,100.38,552.0,100.37,1251.0,100.44,508.4,100.45,427.8,100.46,1437.7,100.47,467.6,100.48,1130.6
1700000019.0,38,100.435,0.04999999999999716,100.41,701.4,100.46,517.3,4618.200000000001,8851.400000000001,100.46,5.9,BUY,1,100.41,701.4,100.4,107.8,100.39,3215.8,100.38,448.6,100.37,144.6,100.46,517.3,100.47,3015.0,100.48,82.9,100.49,584.0,100.5,4652.2
1700000019.5,39,100.44,0.060000000000002274,100.41,400.1,100.47,167.0,10264.5,3315.6000000000004,100.41,5.0,SELL,3,100.41,400.1,100.4,281.8,100.39,4428.7,100.38,955.6,100.37,4198.3,100.47,167.0,100.48,454.4,100.49,231.4,100.5,705.1,100.51,1757.7
1700000020.0,40,100.46000000000001,0.04000000000000625,100.44,1257.5,100.48,745.1,5881.3,9390.900000000001,100.44,5.0,SELL,4,100.44,1257.5,100.43,1316.4,100.42,334.2,100.41,308.4,100.4,2664.8,100.48,745.1,100.49,319.0,100.5,4953.0,100.51,1824.6,100.52,1549.2
1700000020.5,41,100.47999999999999,0.04000000000000625,100.46,336.3,100.5,769.9,5851.599999999999,4776.8,100.5,17.7,BUY,3,100.46,336.3,100.45,1907.6,100.44,1726.6,100.43,1533.4,100.42,347.7,100.5,769.9,100.51,135.9,100.52,840.2,100.53,393.3,100.54,2637.5
1700000021.0,42,100.49000000000001,0.04000000000000625,100.47,1809.5,100.51,425.8,5593.799999999999,3423.6,100.51,108.1,BUY,3,100.47,1809.5,100.46,179.3,100.45,2009.1,100.44,722.0,100.43,873.9,100.51,425.8,100.52,889.3,100.53,809.8,100.54,1201.8,100.55,96.9
1700000021.5,43,100.50999999999999,0.04000000000000625,100.49,785.0,100.53,1690.5,3978.2000000000003,5076.799999999999,100.49,30.2,SELL,1,100.49,785.0,100.48,322.2,100.47,1612.2,100.46,534.7,100.45,724.1,100.53,1690.5,100.54,1618.0,100.55,1276.7,100.56,85.7,100.57,405.9
1700000022.0,44,100.52000000000001,0.04000000000000625,100.5,2172.9,100.54,627.5,13446.7,2914.7999999999997,100.54,5.6,BUY,2,100.5,2172.9,100.49,2024.1,100.48,1120.1,100.47,1981.6,100.46,6148.0,100.54,627.5,100.55,408.2,100.56,1244.0,100.57,480.4,100.58,154.7
1700000022.5,45,100.53,0.03999999999999204,100.51,892.9,100.55,643.7,6155.3,1522.0000000000002,100.53,0.0,BUY,0,100.51,892.9,100.5,178.5,100.49,4017.6,100.48,405.0,100.47,661.3,100.55,643.7,100.56,820.1,100.57,32.9,100.58,10.0,100.59,15.3
1700000023.0,46,100.535,0.030000000000001137,100.52,768.5,100.55,578.3,2101.9,2739.8,100.52,8.1,SELL,4,100.52,768.5,100.51,447.2,100.5,780.6,100.49,36.1,100.48,69.5,100.55,578.3,100.56,392.0,100.57,420.7,100.58,617.2,100.59,731.6
1700000023.5,47,100.53999999999999,0.04000000000000625,100.52,847.9,100.56,593.7,4496.3,4072.5000000000005,100.53999999999999,0.0,BUY,0,100.52,847.9,100.51,1034.4,100.5,2207.2,100.49,286.5,100.48,120.3,100.56,593.7,100.57,1932.1,100.58,400.4,100.59,375.4,100.6,770.9
1700000024.0,48,100.53999999999999,0.04000000000000625,100.52,592.9,100.56,71.9,3734.4,3352.3999999999996,100.56,24.0,BUY,1,100.52,592.9,100.51,428.8,100.5,393.5,100.49,771.6,100.48,1547.6,100.56,71.9,100.57,485.2,100.58,1143.4,100.59,18.6,100.6,1633.3
1700000024.5,49,100.56,0.03999999999999204,100.54,1404.3,100.58,536.2,5916.7,6381.2,100.54,59.5,SELL,3,100.54,1404.3,100.53,1326.3,100.52,929.6,100.51,259.6,100.5,1996.9,100.58,536.2,100.59,720.0,100.6,143.5,100.61,160.0,100.62,4821.5
1700000025.0,50,100.58,0.03999999999999204,100.56,308.1,100.6,853.9,8781.800000000001,2415.3999999999996,100.58,0.0,BUY,0,100.56,308.1,100.55,1858.7,100.54,1097.6,100.53,4795.2,100.52,722.2,100.6,853.9,100.61,775.2,100.62,95.2,100.63,416.9,100.64,274.2
1700000025.5,51,100.59,0.060000000000002274,100.56,1405.4,100.62,760.9,5830.700000000001,4125.7,100.56,19.6,SELL,2,100.56,1405.4,100.55,2219.0,100.54,93.4,100.53,1271.8,100.52,841.1,100.62,760.9,100.63,382.3,100.64,83.3,100.65,238.8,100.66,2660.4
1700000026.0,52,100.6,0.04000000000000625,100.58,327.7,100.62,161.5,13768.3,2087.0,100.62,5.0,BUY,4,100.58,327.7,100.57,1752.5,100.56,5246.3,100.55,1353.0,100.54,5088.8,100.62,161.5,100.63,635.5,100.64,10.0,100.65,505.7,100.66,774.3
1700000026.5,53,100.61,0.03999999999999204,100.59,134.8,100.63,210.6,5008.299999999999,4370.5,100.59,17.5,SELL,1,100.59,134.8,100.58,1367.8,100.57,739.1,100.56,640.7,100.55,2125.9,100.63,210.6,100.64,65.9,100.65,926.9,100.66,2437.6,100.67,729.5
1700000027.0,54,100.605,0.030000000000001137,100.59,350.4,100.62,187.8,2719.9000000000005,3937.0000000000005,100.59,25.8,SELL,1,100.59,350.4,100.58,864.7,100.57,1030.7,100.56,462.3,100.55,11.8,100.62,187.8,100.63,1352.9,100.64,20.0,100.65,1404.9,100.66,971.4
1700000027.5,55,100.61,0.060000000000002274,100.58,634.9,100.64,408.9,8489.8,4763.7,100.58,27.7,SELL,3,100.58,634.9,100.57,565.5,100.56,757.7,100.55,1663.7,100.54,4868.0,100.64,408.9,100.65,906.3,100.66,546.9,100.67,1316.6,100.68,1585.0
1700000028.0,56,100.63,0.04000000000000625,100.61,92.9,100.65,171.8,22313.199999999997,2397.6,100.61,12.8,SELL,1,100.61,92.9,100.6,6785.2,100.59,3229.0,100.58,2052.3,100.57,10153.8,100.65,171.8,100.66,56.0,100.67,787.5,100.68,796.5,100.69,585.8
1700000028.5,57,100.655,0.030000000000001137,100.64,137.8,100.67,41.3,2099.6,12141.0,100.67,95.1,BUY,2,100.64,137.8,100.63,23.5,100.62,859.5,100.61,1003.7,100.6,75.1,100.67,41.3,100.68,1229.9,100.69,2734.7,100.7,877.8,100.71,7257.3
1700000029.0,58,100.67,0.060000000000002274,100.64,1720.5,100.7,1024.0,11795.1,3521.2,100.64,76.9,SELL,6,100.64,1720.5,100.63,316.8,100.62,703.6,100.61,4078.2,100.6,4976.0,100.7,1024.0,100.71,10.0,100.72,1050.2,100.73,1148.2,100.74,288.8
1700000029.5,59,100.685,0.030000000000001137,100.67,507.3,100.7,905.8,6462.2,7950.699999999999,100.7,38.5,BUY,2,100.67,507.3,100.66,492.6,100.65,1775.4,100.64,1781.7,100.63,1905.2,100.7,905.8,100.71,1529.6,100.72,237.1,100.73,1768.1,100.74,3510.1
1700000030.0,60,100.69,0.060000000000002274,100.66,822.9,100.72,715.7,7612.699999999999,1317.0000000000002,100.66,36.9,SELL,4,100.66,822.9,100.65,351.9,100.64,1146.8,100.63,118.2,100.62,5172.9,100.72,715.7,100.73,137.0,100.74,206.0,100.75,173.9,100.76,84.4
1700000030.5,61,100.7,0.03999999999999204,100.68,1444.0,100.72,462.0,9578.2,5967.9,100.68,42.8,SELL,1,100.68,1444.0,100.67,1485.7,100.66,298.7,100.65,1406.8,100.64,4943.0,100.72,462.0,100.73,2323.8,100.74,1232.5,100.75,610.4,100.76,1339.2
1700000031.0,62,100.705,0.030000000000001137,100.69,976.3,100.72,271.9,12514.7,4406.0,100.69,7.2,SELL,2,100.69,976.3,100.68,429.3,100.67,3466.6,100.66,2314.5,100.65,5328.0,100.72,271.9,100.73,330.8,100.74,236.8,100.75,3474.5,100.76,92.0
1700000031.5,63,99.58,0.03999999999999204,99.56,3449.4,99.6,348.0,12525.900000000001,6388.6,99.56,22.4,SELL,1,99.56,3449.4,99.55,1748.1,99.54,99.5,99.53,555.1,99.52,6673.8,99.6,348.0,99.61,2409.7,99.62,208.9,99.63,685.2,99.64,2736.8
1700000032.0,64,99.6,0.04000000000000625,99.58,1851.4,99.62,58.7,4602.4,4579.0,99.62,49.1,BUY,3,99.58,1851.4,99.57,1039.9,99.56,276.1,99.55,413.2,99.54,1021.8,99.62,58.7,99.63,3022.5,99.64,341.0,99.65,99.1,99.66,1057.7
1700000032.5,65,99.61,0.03999999999999204,99.59,988.7,99.63,77.8,12290.900000000001,1589.4,99.59,65.0,SELL,1,99.59,988.7,99.58,1101.1,99.57,671.9,99.56,9330.1,99.55,199.1,99.63,77.8,99.64,380.0,99.65,127.0,99.66,357.4,99.67,647.2
1700000033.0,66,99.62,0.04000000000000625,99.6,845.9,99.64,571.3,11300.5,3974.6,99.6,40.4,SELL,2,99.6,845.9,99.59,3196.5,99.58,1281.7,99.57,4539.2,99.56,1437.2,99.64,571.3,99.65,101.8,99.66,74.8,99.67,2308.8,99.68,917.9
1700000033.5,67,99.63,0.060000000000002274,99.6,1546.7,99.66,74.4,4924.5,2026.0,99.6,9.2,SELL,1,99.6,1546.7,99.59,1246.9,99.58,341.9,99.57,41.2,99.56,1747.8,99.66,74.4,99.67,851.2,99.68,544.9,99.69,280.6,99.7,274.9
1700000034.0,68,99.64,0.060000000000002274,99.61,261.1,99.67,217.9,15623.3,766.7,99.64,0.0,BUY,0,99.61,261.1,99.6,678.4,99.59,520.8,99.58,14014.3,99.57,148.7,99.67,217.9,99.68,120.5,99.69,152.6,99.7,42.1,99.71,233.6
1700000034.5,69,99.66,0.04000000000000625,99.64,655.4,99.68,1921.9,5834.799999999999,6191.6,99.68,65.3,BUY,3,99.64,655.4,99.63,1126.3,99.62,68.8,99.61,321.3,99.6,3663.0,99.68,1921.9,99.69,1092.9,99.7,447.3,99.71,192.7,99.72,2536.8
1700000035.0,70,99.68,0.04000000000000625,99.66,1778.4,99.7,638.2,9824.199999999999,3920.0000000000005,99.68,0.0,BUY,0,99.66,1778.4,99.65,3065.0,99.64,547.9,99.63,2743.7,99.62,1689.2,99.7,638.2,99.71,338.8,99.72,1585.8,99.73,987.3,99.74,369.9
1700000035.5,71,99.69,0.03999999999999204,99.67,2028.8,99.71,47.6,12194.0,3163.4,99.71,27.6,BUY,1,99.67,2028.8,99.66,1895.3,99.65,336.2,99.64,3183.8,99.63,4749.9,99.71,47.6,99.72,799.7,99.73,924.6,99.74,966.4,99.75,425.1
1700000036.0,72,99.7,0.03999999999999204,99.68,648.1,99.72,874.0,9392.8,2821.7,99.68,11.3,SELL,2,99.68,648.1,99.67,1167.9,99.66,1886.1,99.65,2445.4,99.64,3245.3,99.72,874.0,99.73,494.5,99.74,676.8,99.75,402.7,99.76,373.7
1700000036.5,73,99.435,0.030000000000001137,99.42,465.3,99.45,10.0,4902.3,3301.6,99.435,0.0,BUY,0,99.42,465.3,99.41,780.9,99.4,520.6,99.39,1647.4,99.38,1488.1,99.45,10.0,99.46,19.2,99.47,227.9,99.48,1276.6,99.49,1767.9
1700000037.0,74,99.44,0.03999999999999204,99.42,1877.0,99.46,285.0,9800.7,3565.3999999999996,99.46,50.7,BUY,4,99.42,1877.0,99.41,242.8,99.4,2692.7,99.39,649.5,99.38,4338.7,99.46,285.0,99.47,502.3,99.48,193.5,99.49,1756.6,99.5,828.0
1700000037.5,75,99.44,0.03999999999999204,99.42,1106.4,99.46,22.3,7358.1,2783.1,99.42,64.5,SELL,3,99.42,1106.4,99.41,1822.0,99.4,349.7,99.39,2882.4,99.38,1197.6,99.46,22.3,99.47,816.8,99.48,421.8,99.49,1041.3,99.5,480.9
1700000038.0,76,99.45,0.03999999999999204,99.43,194.7,99.47,2774.7,5922.6,6330.4,99.47,97.9,BUY,2,99.43,194.7,99.42,177.1,99.41,2579.3,99.4,2622.7,99.39,348.8,99.47,2774.7,99.48,2166.6,99.49,674.3,99.5,646.6,99.51,68.2
1700000038.5,77,99.45,0.03999999999999204,99.43,23.4,99.47,412.9,3916.5,2174.3,99.47,5.0,BUY,2,99.43,23.4,99.42,1059.9,99.41,79.9,99.4,1492.8,99.39,1260.5,99.47,412.9,99.48,396.4,99.49,766.6,99.5,244.4,99.51,354.0
1700000039.0,78,99.45,0.03999999999999204,99.43,407.3,99.47,351.6,12221.6,7503.200000000001,99.45,0.0,BUY,0,99.43,407.3,99.42,2314.2,99.41,652.5,99.4,7145.5,99.39,1702.1,99.47,351.6,99.48,71.6,99.49,4347.5,99.5,1426.9,99.51,1305.6
1700000039.5,79,99.47,0.03999999999999204,99.45,285.9,99.49,727.4,5214.999999999999,3331.5,99.47,0.0,BUY,0,99.45,285.9,99.44,136.2,99.43,31.8,99.42,4188.7,99.41,572.4,99.49,727.4,99.5,264.2,99.51,491.3,99.52,405.9,99.53,1442.7
1700000040.0,80,99.47999999999999,0.04000000000000625,99.46,3359.1,99.5,512.4,10737.7,2950.1,99.46,10.8,SELL,1,99.46,3359.1,99.45,728.3,99.44,1153.9,99.43,617.6,99.42,4878.8,99.5,512.4,99.51,153.0,99.52,94.8,99.53,1977.6,99.54,212.3
1700000040.5,81,99.49000000000001,0.04000000000000625,99.47,72.4,99.51,524.6,9933.7,2247.2,99.51,118.0,BUY,1,99.47,72.4,99.46,2252.2,99.45,1872.6,99.44,19.3,99.43,5717.2,99.51,524.6,99.52,157.0,99.53,657.6,99.54,488.9,99.55,419.1
1700000041.0,82,99.5,0.03999999999999204,99.48,1736.7,99.52,53.2,9312.3,2812.7999999999997,99.52,28.2,BUY,2,99.48,1736.7,99.47,324.3,99.46,6639.4,99.45,277.9,99.44,334.0,99.52,53.2,99.53,409.1,99.54,760.3,99.55,882.8,99.56,707.4
1700000041.5,83,99.50999999999999,0.04000000000000625,99.49,379.6,99.53,1209.2,5736.700000000001,7702.3,99.49,198.0,SELL,2,99.49,379.6,99.48,158.6,99.47,242.0,99.46,2806.4,99.45,2150.1,99.53,1209.2,99.54,64.9,99.55,2941.3,99.56,3179.7,99.57,307.2
1700000042.0,84,99.53,0.03999999999999204,99.51,2436.2,99.55,223.0,9697.499999999998,3951.8999999999996,99.51,14.5,SELL,3,99.51,2436.2,99.5,1153.2,99.49,2484.2,99.48,2289.0,99.47,1334.9,99.55,223.0,99.56,1095.9,99.57,592.3,99.58,1676.0,99.59,364.7
1700000042.5,85,99.55,0.03999999999999204,99.53,680.6,99.57,301.3,4164.3,6304.7,99.55,0.0,BUY,0,99.53,680.6,99.52,1682.8,99.51,853.4,99.5,429.2,99.49,518.3,99.57,301.3,99.58,196.2,99.59,1839.6,99.6,896.4,99.61,3071.2
1700000043.0,86,99.545,0.030000000000001137,99.53,115.7,99.56,580.3,7380.799999999999,7523.699999999999,99.53,38.3,SELL,3,99.53,115.7,99.52,2275.6,99.51,2072.9,99.5,791.4,99.49,2125.2,99.56,580.3,99.57,2591.0,99.58,1094.6,99.59,239.7,99.6,3018.1
1700000043.5,87,99.56,0.03999999999999204,99.54,3864.4,99.58,126.8,6783.4,3109.7,99.54,22.3,SELL,2,99.54,3864.4,99.53,1317.9,99.52,1081.2,99.51,394.9,99.5,125.0,99.58,126.8,99.59,10.0,99.6,276.3,99.61,1617.1,99.62,1079.5
1700000044.0,88,99.575,0.030000000000001137,99.56,468.8,99.59,370.1,4872.599999999999,1911.9,99.56,10.0,SELL,1,99.56,468.8,99.55,535.8,99.54,1510.5,99.53,1462.6,99.52,894.9,99.59,370.1,99.6,168.6,99.61,46.0,99.62,941.6,99.63,385.6
1700000044.5,89,99.595,0.030000000000001137,99.58,443.0,99.61,1923.6,7386.4,2537.9999999999995,99.58,58.1,SELL,2,99.58,443.0,99.57,661.8,99.56,3001.9,99.55,677.5,99.54,2602.2,99.61,1923.6,99.62,145.1,99.63,27.2,99.64,249.1,99.65,193.0
1700000045.0,90,99.6,0.04000000000000625,99.58,456.7,99.62,221.2,5406.499999999999,8008.2,99.58,28.3,SELL,2,99.58,456.7,99.57,1168.0,99.56,2729.7,99.55,844.2,99.54,207.9,99.62,221.2,99.63,2004.4,99.64,3432.1,99.65,1423.2,99.66,927.3
1700000045.5,91,99.595,0.05000000000001137,99.57,2562.1,99.62,1648.0,12655.6,3324.7,99.595,0.0,BUY,0,99.57,2562.1,99.56,632.1,99.55,124.6,99.54,6966.2,99.53,2370.6,99.62,1648.0,99.63,175.7,99.64,110.5,99.65,292.5,99.66,1098.0
1700000046.0,92,99.61,0.060000000000002274,99.58,77.5,99.64,159.6,4920.599999999999,4356.4,99.58,5.7,SELL,3,99.58,77.5,99.57,828.7,99.56,742.9,99.55,3240.8,99.54,30.7,99.64,159.6,99.65,550.0,99.66,1953.5,99.67,458.3,99.68,1235.0
1700000046.5,93,93.62,0.04000000000000625,93.6,569.3,93.64,212.5,7668.3,4081.2,93.6,10.0,SELL,4,93.6,569.3,93.59,139.5,93.58,1453.7,93.57,3173.5,93.56,2332.3,93.64,212.5,93.65,456.3,93.66,1354.8,93.67,1295.4,93.68,762.2
1700000047.0,94,93.63,0.04000000000000625,93.61,1178.9,93.65,1961.9,6450.700000000001,9711.0,93.63,0.0,BUY,0,93.61,1178.9,93.6,316.2,93.59,511.7,93.58,1856.3,93.57,2587.6,93.65,1961.9,93.66,289.8,93.67,1682.7,93.68,1957.0,93.69,3819.6
1700000047.5,95,93.64,0.03999999999999204,93.62,72.0,93.66,991.7,7989.200000000001,8688.4,93.62,21.3,SELL,4,93.62,72.0,93.61,216.0,93.6,3372.3,93.59,771.8,93.58,3557.1,93.66,991.7,93.67,3315.7,93.68,1086.6,93.69,1080.8,93.7,2213.6
1700000048.0,96,93.66,0.04000000000000625,93.64,244.9,93.68,122.0,5482.1,6937.0,93.68,5.0,BUY,2,93.64,244.9,93.63,450.7,93.62,1039.3,93.61,881.2,93.6,2866.0,93.68,122.0,93.69,1444.1,93.7,1885.0,93.71,173.5,93.72,3312.4
1700000048.5,97,93.68,0.04000000000000625,93.66,827.0,93.7,331.2,14455.9,1285.6999999999998,93.7,54.5,BUY,1,93.66,827.0,93.65,1948.8,93.64,1314.7,93.63,216.9,93.62,10148.5,93.7,331.2,93.71,528.4,93.72,193.6,93.73,20.2,93.74,212.3
1700000049.0,98,93.69,0.03999999999999204,93.67,228.4,93.71,881.7,3747.3999999999996,7174.4,93.67,9.5,SELL,1,93.67,228.4,93.66,752.7,93.65,126.3,93.64,138.3,93.63,2501.7,93.71,881.7,93.72,1038.7,93.73,2483.6,93.74,1696.8,93.75,1073.6
1700000049.5,99,93.7,0.03999999999999204,93.68,206.5,93.72,468.3,6926.0,3476.8,93.72,41.7,BUY,3,93.68,206.5,93.67,3190.3,93.66,1121.5,93.65,931.2,93.64,1476.5,93.72,468.3,93.73,229.6,93.74,258.6,93.75,1495.5,93.76,1024.8
1700000050.0,100,93.71000000000001,0.04000000000000625,93.69,391.5,93.73,82.2,9316.7,5739.4,93.73,5.0,BUY,2,93.69,391.5,93.68,1715.6,93.67,1928.9,93.66,2184.7,93.65,3096.0,93.73,82.2,93.74,242.8,93.75,2315.8,93.76,233.2,93.77,2865.4
1700000050.5,101,93.72,0.03999999999999204,93.7,2807.1,93.74,70.6,10800.8,7564.1,93.7,17.5,SELL,3,93.7,2807.1,93.69,4213.3,93.68,1646.9,93.67,853.1,93.66,1280.4,93.74,70.6,93.75,1336.3,93.76,463.9,93.77,3184.2,93.78,2509.1
1700000051.0,102,93.73,0.060000000000002274,93.7,1039.3,93.76,645.7,7405.9,8175.1,93.76,12.2,BUY,4,93.7,1039.3,93.69,393.9,93.68,2177.9,93.67,2619.2,93.66,1175.6,93.76,645.7,93.77,290.6,93.78,1660.5,93.79,2927.9,93.8,2650.4
1700000051.5,103,93.74000000000001,0.04000000000000625,93.72,10.0,93.76,1290.7,2606.2,6634.0,93.76,5.0,BUY,2,93.72,10.0,93.71,739.8,93.7,45.2,93.69,455.9,93.68,1355.3,93.76,1290.7,93.77,126.0,93.78,485.0,93.79,909.6,93.8,3822.7
1700000052.0,104,93.75,0.03999999999999204,93.73,43.9,93.77,317.5,11937.4,2086.6,93.73,17.9,SELL,3,93.73,43.9,93.72,1691.0,93.71,2059.9,93.7,211.1,93.69,7931.5,93.77,317.5,93.78,197.4,93.79,857.2,93.8,317.3,93.81,397.2
1700000052.5,105,93.77,0.060000000000002274,93.74,763.4,93.8,548.3,11832.9,3062.8999999999996,93.74,5.0,SELL,3,93.74,763.4,93.73,340.5,93.72,300.5,93.71,4923.9,93.7,5504.6,93.8,548.3,93.81,1311.1,93.82,701.8,93.83,179.1,93.84,322.6
1700000053.0,106,93.77000000000001,0.04000000000000625,93.75,1613.9,93.79,171.9,19160.0,3304.7,93.75,14.5,SELL,1,93.75,1613.9,93.74,5189.3,93.73,3143.0,93.72,475.4,93.71,8738.4,93.79,171.9,93.8,2001.8,93.81,63.5,93.82,105.1,93.83,962.4
1700000053.5,107,93.77000000000001,0.04000000000000625,93.75,599.4,93.79,334.9,6273.6,4927.8,93.75,39.1,SELL,3,93.75,599.4,93.74,1480.0,93.73,1231.0,93.72,1780.8,93.71,1182.4,93.79,334.9,93.8,818.1,93.81,1305.0,93.82,651.6,93.83,1818.2
1700000054.0,108,90.97,0.03999999999999204,90.95,546.5,90.99,254.9,6620.8,5063.6,90.95,41.6,SELL,3,90.95,546.5,90.94,2186.3,90.93,1209.8,90.92,920.4,90.91,1757.8,90.99,254.9,91.0,1052.8,91.01,514.5,91.02,2620.4,91.03,621.0
1700000054.5,109,90.97999999999999,0.04000000000000625,90.96,1504.2,91.0,715.6,10261.600000000002,4196.8,90.96,55.5,SELL,4,90.96,1504.2,90.95,3501.1,90.94,157.1,90.93,673.6,90.92,4425.6,91.0,715.6,91.01,459.0,91.02,421.5,91.03,12.9,91.04,2587.8
1700000055.0,110,90.99000000000001,0.04000000000000625,90.97,411.6,91.01,1481.5,4173.799999999999,2418.7,90.97,38.2,SELL,2,90.97,411.6,90.96,944.6,90.95,430.3,90.94,331.7,90.93,2055.6,91.01,1481.5,91.02,101.6,91.03,768.3,91.04,52.4,91.05,14.9
1700000055.5,111,91.00999999999999,0.04000000000000625,90.99,530.8,91.03,216.0,4755.3,4543.4,91.03,74.9,BUY,2,90.99,530.8,90.98,642.3,90.97,98.9,90.96,1848.0,90.95,1635.3,91.03,216.0,91.04,707.1,91.05,1490.0,91.06,916.1,91.07,1214.2
1700000056.0,112,91.02000000000001,0.04000000000000625,91.0,319.8,91.04,168.6,9253.7,8589.5,91.04,69.1,BUY,1,91.0,319.8,90.99,209.2,90.98,2824.6,90.97,2973.4,90.96,2926.7,91.04,168.6,91.05,368.5,91.06,955.1,91.07,6395.3,91.08,702.0
1700000056.5,113,91.03,0.060000000000002274,91.0,90.3,91.06,113.3,4580.2,3409.1,91.06,57.7,BUY,1,91.0,90.3,90.99,899.1,90.98,695.5,90.97,1724.3,90.96,1171.0,91.06,113.3,91.07,625.2,91.08,680.0,91.09,906.2,91.1,1084.4
1700000057.0,114,91.03999999999999,0.04000000000000625,91.02,241.6,91.06,63.9,3945.7,3315.0999999999995,91.06,20.6,BUY,2,91.02,241.6,91.01,2054.9,91.0,218.0,90.99,1310.7,90.98,120.5,91.06,63.9,91.07,824.2,91.08,1391.1,91.09,149.1,91.1,886.8
1700000057.5,115,91.065,0.030000000000001137,91.05,18.6,91.08,80.7,10001.300000000001,3284.5,91.08,17.8,BUY,1,91.05,18.6,91.04,1303.7,91.03,307.3,91.02,5696.6,91.01,2675.1,91.08,80.7,91.09,234.1,91.1,754.2,91.11,285.0,91.12,1930.5
1700000058.0,116,91.065,0.030000000000001137,91.05,279.1,91.08,366.0,2763.3,4714.7,91.05,13.3,SELL,3,91.05,279.1,91.04,427.3,91.03,808.7,91.02,734.5,91.01,513.7,91.08,366.0,91.09,1324.3,91.1,2682.9,91.11,266.4,91.12,75.1
1700000058.5,117,91.075,0.030000000000001137,91.06,1082.9,91.09,345.5,9287.0,3350.5,91.075,0.0,BUY,0,91.06,1082.9,91.05,1115.9,91.04,2462.0,91.03,3198.4,91.02,1427.8,91.09,345.5,91.1,1242.7,91.11,84.7,91.12,760.3,91.13,917.3
1700000059.0,118,91.09,0.04000000000000625,91.07,1395.3,91.11,312.5,9732.2,2051.2,91.07,16.3,SELL,5,91.07,1395.3,91.06,1919.0,91.05,148.9,91.04,45.7,91.03,6223.3,91.11,312.5,91.12,846.1,91.13,515.7,91.14,255.7,91.15,121.2
1700000059.5,119,91.1,0.04000000000000625,91.08,611.4,91.12,609.3,7927.7,7822.599999999999,91.12,5.0,BUY,1,91.08,611.4,91.07,1397.5,91.06,880.3,91.05,2004.2,91.04,3034.3,91.12,609.3,91.13,1865.1,91.14,488.2,91.15,3000.0,91.16,1860.0
1700000060.0,120,91.105,0.030000000000001137,91.09,3182.5,91.12,22.6,6526.899999999999,3395.5,91.09,138.2,SELL,8,91.09,3182.5,91.08,1514.9,91.07,485.9,91.06,1281.7,91.05,61.9,91.12,22.6,91.13,134.0,91.14,1491.1,91.15,524.8,91.16,1223.0
1700000060.5,121,91.125,0.030000000000001137,91.11,1041.6,91.14,168.0,2323.5,5226.5,91.11,5.0,SELL,3,91.11,1041.6,91.1,266.1,91.09,698.0,91.08,12.0,91.07,305.8,91.14,168.0,91.15,2096.9,91.16,1867.0,91.17,743.1,91.18,351.5
1700000061.0,122,91.13,0.04000000000000625,91.11,5584.5,91.15,44.5,16438.8,6632.9,91.13,0.0,BUY,0,91.11,5584.5,91.1,5968.8,91.09,394.7,91.08,1665.8,91.07,2825.0,91.15,44.5,91.16,461.5,91.17,1054.9,91.18,3517.5,91.19,1554.5
1700000061.5,123,91.15,0.04000000000000625,91.13,749.4,91.17,309.7,6037.0,4265.8,91.13,105.8,SELL,3,91.13,749.4,91.12,1343.5,91.11,313.9,91.1,179.5,91.09,3450.7,91.17,309.7,91.18,378.2,91.19,1098.1,91.2,1146.3,91.21,1333.5
1700000062.0,124,91.16,0.04000000000000625,91.14,2017.0,91.18,1401.6,10898.400000000001,6545.499999999999,91.14,5.0,SELL,2,91.14,2017.0,91.13,949.8,91.12,1091.8,91.11,2335.8,91.1,4504.0,91.18,1401.6,91.19,236.5,91.2,539.5,91.21,4071.2,91.22,296.7
1700000062.5,125,91.17,0.03999999999999204,91.15,2257.3,91.19,980.4,8303.6,5254.3,91.15,18.7,SELL,3,91.15,2257.3,91.14,1157.3,91.13,3605.4,91.12,876.4,91.11,407.2,91.19,980.4,91.2,1735.0,91.21,1751.7,91.22,123.5,91.23,663.7
1700000063.0,126,91.18,0.04000000000000625,91.16,1110.8,91.2,296.2,9021.0,5388.5,91.16,19.9,SELL,2,91.16,1110.8,91.15,710.2,91.14,810.5,91.13,1889.4,91.12,4500.1,91.2,296.2,91.21,3264.4,91.22,1161.5,91.23,202.5,91.24,463.9
1700000063.5,127,91.205,0.030000000000001137,91.19,3018.6,91.22,116.9,10444.499999999998,8945.6,91.19,16.3,SELL,3,91.19,3018.6,91.18,621.4,91.17,4745.8,91.16,320.8,91.15,1737.9,91.22,116.9,91.23,275.6,91.24,2010.1,91.25,131.9,91.26,6411.1
1700000064.0,128,91.20500000000001,0.04999999999999716,91.18,605.4,91.23,619.9,7089.699999999999,4806.3,91.23,11.3,BUY,6,91.18,605.4,91.17,529.9,91.16,1617.6,91.15,568.6,91.14,3768.2,91.23,619.9,91.24,253.3,91.25,133.6,91.26,1847.9,91.27,1951.6
1700000064.5,129,91.205,0.030000000000001137,91.19,1185.7,91.22,782.4,6714.3,5601.1,91.22,8.3,BUY,1,91.19,1185.7,91.18,1731.7,91.17,79.2,91.16,2323.0,91.15,1394.7,91.22,782.4,91.23,1773.5,91.24,356.6,91.25,35.5,91.26,2653.1
1700000065.0,130,91.23,0.060000000000002274,91.2,156.4,91.26,1559.9,3308.1000000000004,3899.9000000000005,91.26,5.0,BUY,3,91.2,156.4,91.19,162.7,91.18,825.8,91.17,1092.7,91.16,1070.5,91.26,1559.9,91.27,141.8,91.28,582.1,91.29,177.9,91.3,1438.2
1700000065.5,131,91.24000000000001,0.04000000000000625,91.22,289.5,91.26,145.6,5988.2,6774.0,91.22,15.7,SELL,1,91.22,289.5,91.21,1075.7,91.2,2377.7,91.19,2192.2,91.18,53.1,91.26,145.6,91.27,2421.4,91.28,1162.1,91.29,731.8,91.3,2313.1
1700000066.0,132,91.25,0.03999999999999204,91.23,396.1,91.27,1316.6,11971.6,4014.8,91.27,24.3,BUY,1,91.23,396.1,91.22,1768.5,91.21,10.3,91.2,7545.7,91.19,2251.0,91.27,1316.6,91.28,429.0,91.29,412.5,91.3,770.2,91.31,1086.5
1700000066.5,133,91.25999999999999,0.04000000000000625,91.24,581.8,91.28,674.1,2787.6000000000004,3605.9,91.28,39.1,BUY,7,91.24,581.8,91.23,81.5,91.22,805.8,91.21,851.7,91.2,466.8,91.28,674.1,91.29,120.7,91.3,337.1,91.31,640.1,91.32,1833.9
1700000067.0,134,91.265,0.030000000000001137,91.25,694.9,91.28,344.8,10105.2,5608.599999999999,91.28,54.8,BUY,2,91.25,694.9,91.24,2070.0,91.23,1936.7,91.22,1222.4,91.21,4181.2,91.28,344.8,91.29,189.0,91.3,10.0,91.31,4658.9,91.32,405.9
1700000067.5,135,91.295,0.030000000000001137,91.28,3636.9,91.31,1170.1,8938.8,3652.2,91.295,0.0,BUY,0,91.28,3636.9,91.27,3863.2,91.26,522.9,91.25,898.8,91.24,17.0,91.31,1170.1,91.32,2050.7,91.33,123.0,91.34,250.9,91.35,57.5
1700000068.0,136,91.31,0.03999999999999204,91.29,70.2,91.33,1045.5,4231.8,4784.5,91.29,5.0,SELL,3,91.29,70.2,91.28,769.2,91.27,66.0,91.26,1345.2,91.25,1981.2,91.33,1045.5,91.34,10.0,91.35,1163.7,91.36,1048.7,91.37,1516.6
1700000068.5,137,91.32,0.04000000000000625,91.3,269.8,91.34,676.3,3800.6000000000004,3085.4,91.34,14.9,BUY,3,91.3,269.8,91.29,42.6,91.28,750.5,91.27,1698.0,91.26,1039.7,91.34,676.3,91.35,646.3,91.36,136.9,91.37,270.5,91.38,1355.4
1700000069.0,138,91.33,0.03999999999999204,91.31,142.1,91.35,69.7,7146.9,1399.1000000000001,91.31,34.4,SELL,2,91.31,142.1,91.3,3599.1,91.29,1157.3,91.28,1420.0,91.27,828.4,91.35,69.7,91.36,92.9,91.37,334.6,91.38,497.6,91.39,404.3
1700000069.5,139,91.34,0.04000000000000625,91.32,2099.1,91.36,428.4,6568.200000000001,4335.2,91.32,25.3,SELL,4,91.32,2099.1,91.31,1162.1,91.3,309.1,91.29,2605.3,91.28,392.6,91.36,428.4,91.37,1636.1,91.38,845.5,91.39,1206.7,91.4,218.5
1700000070.0,140,91.36,0.03999999999999204,91.34,914.9,91.38,295.9,7574.499999999999,4512.9,91.34,85.8,SELL,3,91.34,914.9,91.33,346.7,91.32,1251.0,91.31,4060.2,91.3,1001.7,91.38,295.9,91.39,501.6,91.4,53.2,91.41,2299.8,91.42,1362.4
1700000070.5,141,88.25999999999999,0.04000000000000625,88.24,3418.5,88.28,1237.5,7876.299999999999,4572.200000000001,88.28,5.0,BUY,2,88.24,3418.5,88.23,580.2,88.22,1776.0,88.21,690.0,88.2,1411.6,88.28,1237.5,88.29,582.6,88.3,375.3,88.31,339.8,88.32,2037.0
1700000071.0,142,88.69,0.03999999999999204,88.67,1914.7,88.71,897.1,10172.4,8153.099999999999,88.67,5.0,SELL,1,88.67,1914.7,88.66,870.1,88.65,281.1,88.64,871.1,88.63,6235.4,88.71,897.1,88.72,825.5,88.73,510.6,88.74,5705.2,88.75,214.7
1700000071.5,143,88.7,0.03999999999999204,88.68,163.8,88.72,1207.9,2954.7,5958.5,88.68,47.1,SELL,2,88.68,163.8,88.67,632.3,88.66,874.7,88.65,856.2,88.64,427.7,88.72,1207.9,88.73,73.3,88.74,305.5,88.75,2963.5,88.76,1408.3
1700000072.0,144,88.71000000000001,0.04000000000000625,88.69,1363.4,88.73,753.8,5535.3,3913.0,88.69,78.6,SELL,2,88.69,1363.4,88.68,1068.0,88.67,1224.1,88.66,1631.3,88.65,248.5,88.73,753.8,88.74,722.9,88.75,24.9,88.76,2342.1,88.77,69.3
1700000072.5,145,88.72999999999999,0.04000000000000625,88.71,1760.4,88.75,258.3,6738.9,2379.2999999999997,88.71,14.8,SELL,3,88.71,1760.4,88.7,1802.3,88.69,826.7,88.68,1347.1,88.67,1002.4,88.75,258.3,88.76,655.3,88.77,866.3,88.78,549.7,88.79,49.7
1700000073.0,146,88.74,0.060000000000002274,88.71,22.4,88.77,491.8,7917.3,3073.9,88.71,10.9,SELL,5,88.71,22.4,88.7,1281.3,88.69,3097.4,88.68,1234.9,88.67,2281.3,88.77,491.8,88.78,153.6,88.79,254.1,88.8,1587.3,88.81,587.1
1700000073.5,147,88.75,0.03999999999999204,88.73,727.4,88.77,93.9,3193.6,2180.8,88.77,17.0,BUY,3,88.73,727.4,88.72,1239.0,88.71,318.1,88.7,30.6,88.69,878.5,88.77,93.9,88.78,71.5,88.79,1432.2,88.8,498.7,88.81,84.5
1700000074.0,148,90.86,0.03999999999999204,90.84,2973.7,90.88,415.3,5839.4,10414.1,90.84,118.0,SELL,4,90.84,2973.7,90.83,445.3,90.82,1522.7,90.81,572.7,90.8,325.0,90.88,415.3,90.89,264.3,90.9,4154.9,90.91,4788.2,90.92,791.4
1700000074.5,149,90.87,0.04000000000000625,90.85,196.6,90.89,238.1,5433.999999999999,2106.0,90.89,23.5,BUY,6,90.85,196.6,90.84,3408.6,90.83,262.6,90.82,1547.8,90.81,18.4,90.89,238.1,90.9,482.2,90.91,10.3,90.92,190.4,90.93,1185.0
1700000075.0,150,90.89,0.060000000000002274,90.86,438.0,90.92,632.6,6905.900000000001,3575.0,90.86,107.6,SELL,4,90.86,438.0,90.85,233.4,90.84,2206.0,90.83,4017.3,90.82,11.2,90.92,632.6,90.93,619.5,90.94,90.1,90.95,1194.3,90.96,1038.5
1700000075.5,151,90.905,0.05000000000001137,90.88,92.3,90.93,840.8,3519.4999999999995,4807.7,90.88,85.4,SELL,2,90.88,92.3,90.87,899.4,90.86,480.2,90.85,819.0,90.84,1228.6,90.93,840.8,90.94,567.0,90.95,1659.9,90.96,159.9,90.97,1580.1
1700000076.0,152,90.92,0.03999999999999204,90.9,297.9,90.94,67.9,10126.300000000001,5127.2,90.9,67.9,SELL,3,90.9,297.9,90.89,6216.5,90.88,198.1,90.87,1635.6,90.86,1778.2,90.94,67.9,90.95,1697.7,90.96,2313.6,90.97,333.6,90.98,714.4
1700000076.5,153,90.93,0.04000000000000625,90.91,1590.4,90.95,751.9,3761.9,2017.1,90.95,72.5,BUY,3,90.91,1590.4,90.9,350.4,90.89,97.9,90.88,1436.6,90.87,286.6,90.95,751.9,90.96,65.8,90.97,178.3,90.98,143.2,90.99,877.9
1700000077.0,154,90.94,0.03999999999999204,90.92,3417.7,90.96,251.9,6722.1,3676.8,90.92,44.4,SELL,2,90.92,3417.7,90.91,1437.2,90.9,296.1,90.89,1019.5,90.88,551.6,90.96,251.9,90.97,522.6,90.98,1340.4,90.99,1046.7,91.0,515.2
1700000077.5,155,90.22,0.03999999999999204,90.2,1544.2,90.24,71.2,6089.799999999999,3506.5,90.2,32.6,SELL,3,90.2,1544.2,90.19,1450.5,90.18,1675.7,90.17,150.2,90.16,1269.2,90.24,71.2,90.25,196.6,90.26,1238.7,90.27,259.1,90.28,1740.9
1700000078.0,156,90.24000000000001,0.04000000000000625,90.22,2088.1,90.26,621.3,19327.3,2834.4,90.22,8.5,SELL,3,90.22,2088.1,90.21,3025.9,90.2,10648.9,90.19,1924.7,90.18,1639.7,90.26,621.3,90.27,536.2,90.28,691.9,90.29,114.6,90.3,870.4
1700000078.5,157,90.25999999999999,0.04000000000000625,90.24,724.3,90.28,369.0,12177.7,3354.1000000000004,90.28,5.0,BUY,4,90.24,724.3,90.23,332.3,90.22,1447.5,90.21,4119.6,90.2,5554.0,90.28,369.0,90.29,496.4,90.3,304.6,90.31,723.2,90.32,1460.9
1700000079.0,158,90.28,0.03999999999999204,90.26,633.1,90.3,770.1,7481.5,3393.0,90.3,77.1,BUY,2,90.26,633.1,90.25,2204.4,90.24,1536.9,90.23,2618.5,90.22,488.6,90.3,770.1,90.31,26.0,90.32,179.4,90.33,2144.5,90.34,273.0
1700000079.5,159,90.3,0.03999999999999204,90.28,170.9,90.32,184.3,8878.5,6456.6,90.28,10.0,SELL,5,90.28,170.9,90.27,1564.6,90.26,2938.2,90.25,749.0,90.24,3455.8,90.32,184.3,90.33,1079.8,90.34,336.2,90.35,919.5,90.36,3936.8
1700000080.0,160,90.31,0.060000000000002274,90.28,1553.9,90.34,190.1,10976.3,6548.4,90.34,67.6,BUY,1,90.28,1553.9,90.27,4485.1,90.26,2772.4,90.25,794.8,90.24,1370.1,90.34,190.1,90.35,3477.0,90.36,1512.9,90.37,1353.7,90.38,14.7
1700000080.5,161,90.32,0.04000000000000625,90.3,119.1,90.34,438.7,7752.300000000001,3326.0,90.32,0.0,BUY,0,90.3,119.1,90.29,3531.9,90.28,1560.8,90.27,802.6,90.26,1737.9,90.34,438.7,90.35,137.0,90.36,19.2,90.37,907.6,90.38,1823.5
1700000081.0,162,90.34,0.04000000000000625,90.32,260.4,90.36,566.8,4593.9,5669.799999999999,90.36,5.8,BUY,5,90.32,260.4,90.31,916.1,90.3,501.8,90.29,999.6,90.28,1916.0,90.36,566.8,90.37,354.2,90.38,478.7,90.39,2910.7,90.4,1359.4
1700000081.5,163,90.36,0.03999999999999204,90.34,1085.2,90.38,389.4,14919.4,3299.0999999999995,90.34,18.9,SELL,6,90.34,1085.2,90.33,218.7,90.32,853.6,90.31,12127.1,90.3,634.8,90.38,389.4,90.39,995.6,90.4,730.7,90.41,362.6,90.42,820.8
1700000082.0,164,90.37,0.060000000000002274,90.34,29.7,90.4,3808.6,9797.699999999999,6664.8,90.34,27.0,SELL,3,90.34,29.7,90.33,392.3,90.32,4708.7,90.31,3870.6,90.3,796.4,90.4,3808.6,90.41,1166.4,90.42,251.1,90.43,1157.8,90.44,280.9
1700000082.5,165,90.38,0.04000000000000625,90.36,246.9,90.4,262.1,6084.4,5286.5,90.4,6.9,BUY,3,90.36,246.9,90.35,444.1,90.34,567.4,90.33,535.6,90.32,4290.4,90.4,262.1,90.41,1567.7,90.42,153.1,90.43,1427.3,90.44,1876.3
1700000083.0,166,90.4,0.04000000000000625,90.38,1150.5,90.42,413.9,3573.1,3432.2,90.38,62.7,SELL,2,90.38,1150.5,90.37,277.4,90.36,810.8,90.35,1057.3,90.34,277.1,90.42,413.9,90.43,809.3,90.44,166.0,90.45,1454.2,90.46,588.8
1700000083.5,167,90.42,0.03999999999999204,90.4,35.3,90.44,916.8,3663.1,2709.7,90.4,72.7,SELL,3,90.4,35.3,90.39,447.0,90.38,398.6,90.37,1489.8,90.36,1292.4,90.44,916.8,90.45,539.9,90.46,164.8,90.47,491.0,90.48,597.2
1700000084.0,168,92.545,0.030000000000001137,92.53,24.0,92.56,384.0,5120.8,13869.9,92.53,5.2,SELL,3,92.53,24.0,92.52,729.4,92.51,2985.9,92.5,909.5,92.49,472.0,92.56,384.0,92.57,3053.2,92.58,4531.2,92.59,665.4,92.6,5236.1
1700000084.5,169,92.56,0.03999999999999204,92.54,858.6,92.58,292.0,5992.799999999999,2967.0,92.54,48.6,SELL,1,92.54,858.6,92.53,2859.0,92.52,395.3,92.51,665.2,92.5,1214.7,92.58,292.0,92.59,1291.1,92.6,85.1,92.61,351.5,92.62,947.3
1700000085.0,170,92.57,0.04000000000000625,92.55,326.1,92.59,761.0,2845.9000000000005,3808.2000000000003,92.55,19.2,SELL,1,92.55,326.1,92.54,868.3,92.53,1423.4,92.52,58.8,92.51,169.3,92.59,761.0,92.6,532.3,92.61,293.1,92.62,1710.4,92.63,511.4
1700000085.5,171,92.59,0.060000000000002274,92.56,10.0,92.62,126.6,3875.3,4060.3,92.56,39.4,SELL,1,92.56,10.0,92.55,2060.8,92.54,1191.0,92.53,175.5,92.52,438.0,92.62,126.6,92.63,389.3,92.64,249.0,92.65,140.8,92.66,3154.6
1700000086.0,172,92.6,0.04000000000000625,92.58,233.3,92.62,131.0,9406.5,2379.2999999999997,92.58,8.7,SELL,3,92.58,233.3,92.57,3824.6,92.56,658.2,92.55,2962.4,92.54,1728.0,92.62,131.0,92.63,644.3,92.64,962.5,92.65,191.3,92.66,450.2
1700000086.5,173,92.62,0.04000000000000625,92.6,1766.7,92.64,521.8,9139.0,2464.2999999999997,92.6,18.4,SELL,2,92.6,1766.7,92.59,889.7,92.58,2109.1,92.57,3761.3,92.56,612.2,92.64,521.8,92.65,506.9,92.66,673.7,92.67,149.6,92.68,612.3
1700000087.0,174,92.64,0.03999999999999204,92.62,65.6,92.66,162.2,7355.700000000001,6568.0,92.62,29.5,SELL,3,92.62,65.6,92.61,3002.3,92.6,45.3,92.59,1238.6,92.58,3003.9,92.66,162.2,92.67,241.3,92.68,731.5,92.69,2212.5,92.7,3220.5
1700000087.5,175,92.65,0.04000000000000625,92.63,59.2,92.67,301.7,9294.099999999999,10516.2,92.67,75.4,BUY,5,92.63,59.2,92.62,1334.0,92.61,1236.3,92.6,1261.7,92.59,5402.9,92.67,301.7,92.68,1879.6,92.69,10.4,92.7,2573.8,92.71,5750.7
1700000088.0,176,92.66,0.04000000000000625,92.64,278.7,92.68,983.0,2143.3,3583.1000000000004,92.68,65.0,BUY,4,92.64,278.7,92.63,1161.4,92.62,397.3,92.61,199.3,92.6,106.6,92.68,983.0,92.69,1072.3,92.7,263.9,92.71,398.0,92.72,865.9
1700000088.5,177,92.68,0.04000000000000625,92.66,479.7,92.7,62.2,6162.0,2025.2,92.7,9.2,BUY,2,92.66,479.7,92.65,10.0,92.64,17.5,92.63,3570.4,92.62,2084.4,92.7,62.2,92.71,136.1,92.72,602.0,92.73,987.2,92.74,237.7
1700000089.0,178,92.69,0.060000000000002274,92.66,606.9,92.72,41.9,6513.5,3937.6000000000004,92.72,19.8,BUY,2,92.66,606.9,92.65,410.0,92.64,3839.6,92.63,450.2,92.62,1206.8,92.72,41.9,92.73,340.6,92.74,1154.6,92.75,1094.7,92.76,1305.8
1700000089.5,179,92.71000000000001,0.04000000000000625,92.69,1311.6,92.73,892.8,3942.0,5314.1,92.71000000000001,0.0,BUY,0,92.69,1311.6,92.68,273.6,92.67,673.4,92.66,1612.4,92.65,71.0,92.73,892.8,92.74,246.0,92.75,1211.2,92.76,619.2,92.77,2344.9
1700000090.0,180,92.72,0.03999999999999204,92.7,121.5,92.74,49.1,4485.7,3128.2,92.74,33.1,BUY,1,92.7,121.5,92.69,1443.9,92.68,413.6,92.67,1134.1,92.66,1372.6,92.74,49.1,92.75,2364.2,92.76,161.8,92.77,543.1,92.78,10.0
1700000090.5,181,92.74,0.060000000000002274,92.71,771.4,92.77,640.2,7264.1,4763.6,92.77,139.3,BUY,3,92.71,771.4,92.7,307.0,92.69,2660.4,92.68,1703.4,92.67,1821.9,92.77,640.2,92.78,249.8,92.79,392.0,92.8,2396.4,92.81,1085.2
1700000091.0,182,92.75,0.03999999999999204,92.73,736.0,92.77,22.1,2956.9,4729.2,92.73,62.8,SELL,1,92.73,736.0,92.72,673.2,92.71,160.1,92.7,243.4,92.69,1144.2,92.77,22.1,92.78,1308.7,92.79,2771.6,92.8,13.7,92.81,613.1
1700000091.5,183,92.75999999999999,0.04000000000000625,92.74,468.1,92.78,921.4,9927.5,5448.4,92.74,25.9,SELL,3,92.74,468.1,92.73,6902.4,92.72,528.2,92.71,1589.9,92.7,438.9,92.78,921.4,92.79,42.6,92.8,1860.1,92.81,2342.8,92.82,281.5
1700000092.0,184,92.77000000000001,0.04000000000000625,92.75,681.7,92.79,394.5,5453.9,2283.8,92.77000000000001,0.0,BUY,0,92.75,681.7,92.74,69.1,92.73,1386.0,92.72,592.4,92.71,2724.7,92.79,394.5,92.8,158.9,92.81,772.0,92.82,61.0,92.83,897.4
1700000092.5,185,92.78,0.03999999999999204,92.76,1660.5,92.8,85.5,10892.1,1309.9999999999998,92.76,30.9,SELL,2,92.76,1660.5,92.75,97.1,92.74,4262.6,92.73,2169.0,92.72,2702.9,92.8,85.5,92.81,388.4,92.82,750.3,92.83,22.7,92.84,63.1
1700000093.0,186,92.78999999999999,0.04000000000000625,92.77,4508.2,92.81,1504.9,15451.899999999998,2389.0,92.77,5.0,SELL,1,92.77,4508.2,92.76,131.4,92.75,426.5,92.74,4543.5,92.73,5842.3,92.81,1504.9,92.82,165.8,92.83,326.9,92.84,123.5,92.85,267.9
1700000093.5,187,92.815,0.030000000000001137,92.8,1885.5,92.83,1253.6,6823.4,3908.6,92.83,45.8,BUY,3,92.8,1885.5,92.79,643.0,92.78,1257.4,92.77,2249.0,92.76,788.5,92.83,1253.6,92.84,62.0,92.85,484.2,92.86,384.9,92.87,1723.9
1700000094.0,188,92.82,0.04000000000000625,92.8,882.8,92.84,136.6,6400.799999999999,5015.900000000001,92.84,39.0,BUY,4,92.8,882.8,92.79,2055.6,92.78,1350.9,92.77,922.3,92.76,1189.2,92.84,136.6,92.85,1088.4,92.86,2275.8,92.87,315.8,92.88,1199.3
1700000094.5,189,92.83,0.03999999999999204,92.81,94.4,92.85,866.7,6220.500000000001,5451.4,92.83,0.0,BUY,0,92.81,94.4,92.8,554.3,92.79,1676.7,92.78,3047.8,92.77,847.3,92.85,866.7,92.86,369.0,92.87,862.5,92.88,2430.7,92.89,922.5
1700000095.0,190,92.84,0.04000000000000625,92.82,292.5,92.86,144.4,3808.6000000000004,4776.6,92.84,0.0,BUY,0,92.82,292.5,92.81,528.2,92.8,49.6,92.79,2609.4,92.78,328.9,92.86,144.4,92.87,819.6,92.88,1157.5,92.89,2502.5,92.9,152.6
1700000095.5,191,92.85,0.04000000000000625,92.83,2141.4,92.87,333.0,7640.500000000001,5964.000000000001,92.85,0.0,BUY,0,92.83,2141.4,92.82,323.9,92.81,1973.0,92.8,1300.4,92.79,1901.8,92.87,333.0,92.88,380.9,92.89,1804.0,92.9,2876.3,92.91,569.8
1700000096.0,192,92.86,0.03999999999999204,92.84,288.3,92.88,1049.0,6645.2,6133.0,92.88,26.6,BUY,4,92.84,288.3,92.83,34.2,92.82,1049.0,92.81,4724.0,92.8,549.7,92.88,1049.0,92.89,1965.0,92.9,1383.2,92.91,1343.9,92.92,391.9
1700000096.5,193,92.87,0.04000000000000625,92.85,307.3,92.89,41.2,10827.0,2746.7,92.87,0.0,BUY,0,92.85,307.3,92.84,1983.8,92.83,187.5,92.82,5994.9,92.81,2353.5,92.89,41.2,92.9,142.9,92.91,1786.5,92.92,172.9,92.93,603.2
1700000097.0,194,92.88,0.04000000000000625,92.86,562.5,92.9,227.6,7697.200000000001,4819.6,92.86,59.2,SELL,1,92.86,562.5,92.85,476.8,92.84,902.1,92.83,3090.9,92.82,2664.9,92.9,227.6,92.91,86.1,92.92,1671.3,92.93,1402.3,92.94,1432.3
1700000097.5,195,92.89,0.03999999999999204,92.87,31.9,92.91,165.9,10586.1,3603.4,92.87,16.9,SELL,5,92.87,31.9,92.86,2054.1,92.85,432.7,92.84,1325.9,92.83,6741.5,92.91,165.9,92.92,372.2,92.93,424.7,92.94,685.6,92.95,1955.0
1700000098.0,196,92.9,0.04000000000000625,92.88,98.0,92.92,107.8,8910.9,7151.4,92.88,12.0,SELL,3,92.88,98.0,92.87,2354.8,92.86,2977.6,92.85,1581.4,92.84,1899.1,92.92,107.8,92.93,422.3,92.94,101.8,92.95,4668.2,92.96,1851.3
1700000098.5,197,92.91,0.060000000000002274,92.88,3405.2,92.94,292.0,20349.5,7664.9,92.94,5.0,BUY,4,92.88,3405.2,92.87,3203.3,92.86,9394.6,92.85,1133.5,92.84,3212.9,92.94,292.0,92.95,218.8,92.96,2437.0,92.97,712.4,92.98,4004.7
1700000099.0,198,92.92,0.060000000000002274,92.89,1366.6,92.95,1278.1,3277.6,9463.7,92.95,29.3,BUY,2,92.89,1366.6,92.88,151.0,92.87,1476.5,92.86,192.5,92.85,91.0,92.95,1278.1,92.96,1372.3,92.97,1587.6,92.98,1967.5,92.99,3258.2
1700000099.5,199,92.94,0.060000000000002274,92.91,313.0,92.97,148.3,5500.299999999999,2874.7999999999993,92.97,230.3,BUY,2,92.91,313.0,92.9,393.0,92.89,457.1,92.88,3913.7,92.87,423.5,92.97,148.3,92.98,1847.6,92.99,349.5,93.0,49.2,93.01,480.2
1700000100.0,200,92.95,0.03999999999999204,92.93,538.6,92.97,1972.6,4222.9,6847.800000000001,92.97,33.1,BUY,2,92.93,538.6,92.92,1442.9,92.91,818.6,92.9,1145.1,92.89,277.7,92.97,1972.6,92.98,527.2,92.99,262.4,93.0,28.8,93.01,4056.8
1700000100.5,201,92.96000000000001,0.04000000000000625,92.94,1164.8,92.98,206.7,8020.7,2360.2999999999997,92.98,10.4,BUY,3,92.94,1164.8,92.93,3483.4,92.92,124.7,92.91,2346.0,92.9,901.8,92.98,206.7,92.99,35.5,93.0,838.1,93.01,1066.9,93.02,213.1
1700000101.0,202,92.97,0.03999999999999204,92.95,2159.1,92.99,1489.5,12920.9,3286.2000000000003,92.95,36.4,SELL,3,92.95,2159.1,92.94,4569.4,92.93,1492.1,92.92,3269.2,92.91,1431.1,92.99,1489.5,93.0,66.6,93.01,761.7,93.02,846.6,93.03,121.8
1700000101.5,203,92.98,0.060000000000002274,92.95,1435.5,93.01,103.8,6501.900000000001,4004.2,92.95,76.7,SELL,4,92.95,1435.5,92.94,71.1,92.93,362.9,92.92,531.8,92.91,4100.6,93.01,103.8,93.02,192.5,93.03,648.0,93.04,1906.8,93.05,1153.1
1700000102.0,204,92.99000000000001,0.04000000000000625,92.97,2564.7,93.01,1169.9,17203.2,2464.8,92.97,134.5,SELL,2,92.97,2564.7,92.96,1610.8,92.95,3359.0,92.94,8572.6,92.93,1096.1,93.01,1169.9,93.02,207.8,93.03,82.7,93.04,468.7,93.05,535.7
1700000102.5,205,93.0,0.03999999999999204,92.98,115.2,93.02,170.5,7716.3,1198.2,93.02,128.5,BUY,2,92.98,115.2,92.97,1272.0,92.96,1458.9,92.95,4653.0,92.94,217.2,93.02,170.5,93.03,445.9,93.04,14.3,93.05,505.8,93.06,61.7
1700000103.0,206,93.00999999999999,0.04000000000000625,92.99,1488.3,93.03,535.4,7051.0,3385.6000000000004,92.99,5.0,SELL,2,92.99,1488.3,92.98,193.2,92.97,1172.6,92.96,1036.5,92.95,3160.4,93.03,535.4,93.04,523.0,93.05,663.4,93.06,1054.9,93.07,608.9
1700000103.5,207,93.02000000000001,0.04000000000000625,93.0,55.4,93.04,674.2,9295.7,3470.6,93.0,24.1,SELL,2,93.0,55.4,92.99,948.1,92.98,5670.7,92.97,1429.3,92.96,1192.2,93.04,674.2,93.05,1460.7,93.06,436.5,93.07,299.6,93.08,599.6
1700000104.0,208,93.03,0.03999999999999204,93.01,2493.9,93.05,911.1,5423.2,4047.2,93.05,248.6,BUY,1,93.01,2493.9,93.0,914.4,92.99,908.9,92.98,382.3,92.97,723.7,93.05,911.1,93.06,1276.4,93.07,959.6,93.08,365.2,93.09,534.9
1700000104.5,209,93.045,0.030000000000001137,93.03,128.2,93.06,95.4,9869.3,4474.500000000001,93.045,0.0,BUY,0,93.03,128.2,93.02,871.5,93.01,4223.1,93.0,3749.1,92.99,897.4,93.06,95.4,93.07,1086.0,93.08,790.5,93.09,2205.8,93.1,296.8
1700000105.0,210,93.05,0.03999999999999204,93.03,187.0,93.07,425.5,6700.700000000001,3395.7999999999997,93.03,13.7,SELL,4,93.03,187.0,93.02,409.7,93.01,316.8,93.0,2383.4,92.99,3403.8,93.07,425.5,93.08,475.9,93.09,994.2,93.1,1138.0,93.11,362.2
1700000105.5,211,93.06,0.060000000000002274,93.03,10.0,93.09,320.4,4012.4,9180.4,93.09,17.8,BUY,6,93.03,10.0,93.02,810.8,93.01,1733.8,93.0,1114.0,92.99,343.8,93.09,320.4,93.1,3162.7,93.11,2784.3,93.12,2209.6,93.13,703.4
1700000106.0,212,93.07,0.04000000000000625,93.05,1182.2,93.09,78.5,9537.7,4878.200000000001,93.09,5.0,BUY,2,93.05,1182.2,93.04,3298.6,93.03,966.0,93.02,434.8,93.01,3656.1,93.09,78.5,93.1,962.5,93.11,3126.1,93.12,52.5,93.13,658.6
1700000106.5,213,93.08,0.03999999999999204,93.06,1617.3,93.1,236.6,10400.8,3682.9,93.06,45.2,SELL,6,93.06,1617.3,93.05,188.1,93.04,1480.8,93.03,3671.2,93.02,3443.4,93.1,236.6,93.11,433.5,93.12,1777.5,93.13,496.4,93.14,738.9
1700000107.0,214,93.1,0.04000000000000625,93.08,148.5,93.12,1263.3,12059.1,7527.500000000001,93.08,41.2,SELL,3,93.08,148.5,93.07,981.5,93.06,5549.0,93.05,4286.9,93.04,1093.2,93.12,1263.3,93.13,3684.8,93.14,775.5,93.15,631.6,93.16,1172.3
1700000107.5,215,93.1,0.04000000000000625,93.08,10.0,93.12,10.7,5330.8,4412.1,93.12,25.6,BUY,3,93.08,10.0,93.07,112.7,93.06,3090.7,93.05,1783.6,93.04,333.8,93.12,10.7,93.13,1604.9,93.14,301.4,93.15,2055.5,93.16,439.6
1700000108.0,216,93.12,0.04000000000000625,93.1,2105.5,93.14,654.8,7936.200000000001,2424.3999999999996,93.12,0.0,BUY,0,93.1,2105.5,93.09,1529.9,93.08,397.4,93.07,2447.5,93.06,1455.9,93.14,654.8,93.15,22.1,93.16,138.5,93.17,599.7,93.18,1009.3
1700000108.5,217,93.13,0.04000000000000625,93.11,1234.5,93.15,963.1,10239.6,2366.7,93.11,53.7,SELL,2,93.11,1234.5,93.1,815.9,93.09,284.0,93.08,4043.1,93.07,3862.1,93.15,963.1,93.16,255.3,93.17,138.1,93.18,123.2,93.19,887.0
1700000109.0,218,93.14,0.060000000000002274,93.11,776.5,93.17,305.8,6787.9,1868.1,93.11,53.9,SELL,2,93.11,776.5,93.1,1961.7,93.09,1393.1,93.08,1387.7,93.07,1268.9,93.17,305.8,93.18,247.8,93.19,228.4,93.2,361.8,93.21,724.3
1700000109.5,219,93.15,0.04000000000000625,93.13,159.4,93.17,343.9,9209.9,8432.3,93.13,53.6,SELL,2,93.13,159.4,93.12,1968.6,93.11,2564.9,93.1,2533.3,93.09,1983.7,93.17,343.9,93.18,3701.3,93.19,94.2,93.2,2475.1,93.21,1817.8
1700000110.0,220,93.155,0.030000000000001137,93.14,597.9,93.17,572.6,3621.7,1639.5,93.14,21.2,SELL,1,93.14,597.9,93.13,933.5,93.12,587.9,93.11,73.6,93.1,1428.8,93.17,572.6,93.18,121.6,93.19,469.9,93.2,72.0,93.21,403.4
1700000110.5,221,93.175,0.030000000000001137,93.16,407.8,93.19,93.6,14129.0,2259.7,93.19,37.6,BUY,2,93.16,407.8,93.15,2544.1,93.14,1425.7,93.13,6697.0,93.12,3054.4,93.19,93.6,93.2,53.5,93.21,521.7,93.22,443.9,93.23,1147.0
1700000111.0,222,93.19,0.060000000000002274,93.16,997.3,93.22,174.8,5761.8,4065.7000000000003,93.22,18.6,BUY,3,93.16,997.3,93.15,181.4,93.14,3849.0,93.13,463.1,93.12,271.0,93.22,174.8,93.23,2617.9,93.24,92.9,93.25,971.7,93.26,208.4
1700000111.5,223,93.205,0.030000000000001137,93.19,400.3,93.22,115.4,9906.3,1710.8000000000002,93.22,94.4,BUY,4,93.19,400.3,93.18,1336.9,93.17,4144.4,93.16,1906.0,93.15,2118.7,93.22,115.4,93.23,672.1,93.24,559.9,93.25,108.5,93.26,254.9
1700000112.0,224,93.21000000000001,0.04000000000000625,93.19,984.4,93.23,10.0,13357.199999999999,4554.9,93.19,56.0,SELL,4,93.19,984.4,93.18,4204.0,93.17,3531.6,93.16,2591.9,93.15,2045.3,93.23,10.0,93.24,309.0,93.25,957.8,93.26,1878.2,93.27,1399.9
1700000112.5,225,93.215,0.030000000000001137,93.2,354.2,93.23,350.2,6829.2,3331.4,93.2,84.8,SELL,2,93.2,354.2,93.19,2670.8,93.18,205.7,93.17,2152.2,93.16,1446.3,93.23,350.2,93.24,557.6,93.25,1474.0,93.26,306.2,93.27,643.4
1700000113.0,226,93.23,0.060000000000002274,93.2,4113.9,93.26,314.1,14644.1,7930.6,93.2,94.1,SELL,5,93.2,4113.9,93.19,2504.5,93.18,1051.0,93.17,5478.6,93.16,1496.1,93.26,314.1,93.27,10.0,93.28,1235.7,93.29,1387.9,93.3,4982.9
1700000113.5,227,93.235,0.030000000000001137,93.22,1202.3,93.25,292.7,12258.4,5908.4,93.22,30.6,SELL,5,93.22,1202.3,93.21,2765.6,93.2,4865.6,93.19,3339.1,93.18,85.8,93.25,292.7,93.26,1273.2,93.27,922.3,93.28,2823.1,93.29,597.1
1700000114.0,228,93.25,0.060000000000002274,93.22,693.3,93.28,870.4,7133.0,6218.900000000001,93.28,8.6,BUY,2,93.22,693.3,93.21,24.3,93.2,21.5,93.19,2335.3,93.18,4058.6,93.28,870.4,93.29,729.2,93.3,120.0,93.31,2725.5,93.32,1773.8
1700000114.5,229,93.25999999999999,0.04000000000000625,93.24,211.3,93.28,482.5,7343.1,1741.8,93.24,32.2,SELL,1,93.24,211.3,93.23,31.8,93.22,28.7,93.21,6213.7,93.2,857.6,93.28,482.5,93.29,262.0,93.3,230.9,93.31,703.6,93.32,62.8
1700000115.0,230,93.265,0.030000000000001137,93.25,1203.2,93.28,1653.2,9850.3,6873.7,93.25,38.0,SELL,2,93.25,1203.2,93.24,54.2,93.23,2207.9,93.22,3598.7,93.21,2786.3,93.28,1653.2,93.29,917.8,93.3,1063.8,93.31,2547.1,93.32,691.8
1700000115.5,231,93.28,0.03999999999999204,93.26,1832.5,93.3,342.0,10973.6,5518.8,93.3,5.0,BUY,5,93.26,1832.5,93.25,2164.9,93.24,375.7,93.23,4449.6,93.22,2150.9,93.3,342.0,93.31,15.7,93.32,1126.2,93.33,1032.0,93.34,3002.9
1700000116.0,232,93.29499999999999,0.04999999999999716,93.27,1663.0,93.32,312.3,8532.9,7152.5,93.29499999999999,0.0,BUY,0,93.27,1663.0,93.26,695.3,93.25,2230.7,93.24,2617.8,93.23,1326.1,93.32,312.3,93.33,458.1,93.34,3304.7,93.35,2440.5,93.36,636.9
1700000116.5,233,93.31,0.03999999999999204,93.29,42.2,93.33,1168.0,3236.3999999999996,6384.9,93.33,23.5,BUY,2,93.29,42.2,93.28,120.8,93.27,182.3,93.26,1560.6,93.25,1330.5,93.33,1168.0,93.34,802.7,93.35,99.6,93.36,2326.0,93.37,1988.6
1700000117.0,234,93.33,0.060000000000002274,93.3,1141.7,93.36,1223.7,4324.0,9246.9,93.3,12.2,SELL,1,93.3,1141.7,93.29,203.9,93.28,944.5,93.27,1599.5,93.26,434.4,93.36,1223.7,93.37,2990.7,93.38,52.1,93.39,3272.1,93.4,1708.3
1700000117.5,235,93.345,0.030000000000001137,93.33,112.2,93.36,423.1,7351.8,3539.8,93.345,0.0,BUY,0,93.33,112.2,93.32,154.4,93.31,1044.3,93.3,3684.1,93.29,2356.8,93.36,423.1,93.37,1402.2,93.38,719.9,93.39,296.4,93.4,698.2
1700000118.0,236,93.36,0.03999999999999204,93.34,327.7,93.38,2131.0,8999.6,5733.1,93.36,0.0,BUY,0,93.34,327.7,93.33,3228.4,93.32,1223.8,93.31,4130.6,93.3,89.1,93.38,2131.0,93.39,458.0,93.4,573.1,93.41,44.1,93.42,2526.9
1700000118.5,237,93.37,0.04000000000000625,93.35,32.5,93.39,428.0,4985.0,3251.3,93.39,144.5,BUY,4,93.35,32.5,93.34,260.6,93.33,450.1,93.32,1918.2,93.31,2323.6,93.39,428.0,93.4,332.3,93.41,233.1,93.42,1515.5,93.43,742.4
1700000119.0,238,93.38,0.04000000000000625,93.36,204.2,93.4,936.0,5154.799999999999,3310.9999999999995,93.38,0.0,BUY,0,93.36,204.2,93.35,264.6,93.34,1195.3,93.33,779.3,93.32,2711.4,93.4,936.0,93.41,352.1,93.42,1006.8,93.43,897.0,93.44,119.1
1700000119.5,239,93.405,0.05000000000001137,93.38,195.8,93.43,482.2,2157.7000000000003,3903.7999999999997,93.38,12.5,SELL,2,93.38,195.8,93.37,292.7,93.36,454.2,93.35,791.6,93.34,423.4,93.43,482.2,93.44,362.2,93.45,927.2,93.46,497.1,93.47,1635.1
1700000120.0,240,93.405,0.030000000000001137,93.39,595.7,93.42,933.4,5889.6,6372.1,93.42,18.5,BUY,1,93.39,595.7,93.38,3954.3,93.37,90.8,93.36,321.8,93.35,927.0,93.42,933.4,93.43,458.6,93.44,2854.0,93.45,1576.3,93.46,549.8
1700000120.5,241,93.425,0.030000000000001137,93.41,817.1,93.44,896.4,12303.2,2452.0,93.41,5.0,SELL,3,93.41,817.1,93.4,318.6,93.39,2813.9,93.38,6224.6,93.37,2129.0,93.44,896.4,93.45,348.9,93.46,524.0,93.47,540.8,93.48,141.9
1700000121.0,242,93.435,0.04999999999999716,93.41,395.3,93.46,214.2,4114.1,4563.6,93.41,50.4,SELL,3,93.41,395.3,93.4,622.1,93.39,559.8,93.38,1124.6,93.37,1412.3,93.46,214.2,93.47,856.2,93.48,15.7,93.49,1475.6,93.5,2001.9
1700000121.5,243,93.455,0.030000000000001137,93.44,2244.2,93.47,1077.2,16571.6,2322.9,93.44,200.5,SELL,4,93.44,2244.2,93.43,4146.7,93.42,1075.9,93.41,3655.7,93.4,5449.1,93.47,1077.2,93.48,134.6,93.49,656.7,93.5,292.1,93.51,162.3
1700000122.0,244,93.45500000000001,0.04999999999999716,93.43,13.4,93.48,561.9,3613.0999999999995,2212.6,93.48,7.9,BUY,4,93.43,13.4,93.42,503.2,93.41,556.5,93.4,269.3,93.39,2270.7,93.48,561.9,93.49,387.8,93.5,248.6,93.51,896.4,93.52,117.9
1700000122.5,245,93.47,0.03999999999999204,93.45,299.9,93.49,295.9,4772.400000000001,3884.3,93.45,12.0,SELL,1,93.45,299.9,93.44,923.6,93.43,2570.3,93.42,967.3,93.41,11.3,93.49,295.9,93.5,255.9,93.51,1773.2,93.52,450.6,93.53,1108.7
1700000123.0,246,93.47,0.03999999999999204,93.45,735.3,93.49,569.5,3141.0,7172.400000000001,93.47,0.0,BUY,0,93.45,735.3,93.44,932.5,93.43,42.8,93.42,496.3,93.41,934.1,93.49,569.5,93.5,3198.9,93.51,54.3,93.52,901.2,93.53,2448.5
1700000123.5,247,93.47999999999999,0.04000000000000625,93.46,2167.3,93.5,53.1,6114.000000000001,4019.3,93.47999999999999,0.0,BUY,0,93.46,2167.3,93.45,835.1,93.44,2848.8,93.43,133.7,93.42,129.1,93.5,53.1,93.51,294.1,93.52,749.0,93.53,506.5,93.54,2416.6
1700000124.0,248,93.49000000000001,0.04000000000000625,93.47,1803.0,93.51,10.0,8762.9,2807.4,93.51,5.0,BUY,4,93.47,1803.0,93.46,1733.5,93.45,2393.4,93.44,2348.1,93.43,484.9,93.51,10.0,93.52,102.3,93.53,1164.7,93.54,1440.8,93.55,89.6
1700000124.5,249,93.50999999999999,0.04000000000000625,93.49,511.5,93.53,189.6,5390.0,2309.0,93.49,60.7,SELL,3,93.49,511.5,93.48,936.5,93.47,2665.2,93.46,123.0,93.45,1153.8,93.53,189.6,93.54,778.1,93.55,380.6,93.56,230.8,93.57,729.9
1700000125.0,250,93.535,0.030000000000001137,93.52,485.7,93.55,352.7,6233.1,3853.9999999999995,93.535,0.0,BUY,0,93.52,485.7,93.51,471.8,93.5,1621.5,93.49,159.0,93.48,3495.1,93.55,352.7,93.56,262.9,93.57,1065.3,93.58,1115.5,93.59,1057.6
1700000125.5,251,93.55,0.03999999999999204,93.53,37.2,93.57,71.4,4292.4,3354.3,93.57,58.3,BUY,3,93.53,37.2,93.52,14.0,93.51,26.9,93.5,1486.9,93.49,2727.4,93.57,71.4,93.58,323.4,93.59,1616.8,93.6,587.5,93.61,755.2
1700000126.0,252,93.56,0.03999999999999204,93.54,1315.1,93.58,890.2,5247.799999999999,4501.6,93.56,0.0,BUY,0,93.54,1315.1,93.53,763.8,93.52,176.2,93.51,2326.5,93.5,666.2,93.58,890.2,93.59,1050.6,93.6,605.8,93.61,1335.7,93.62,619.3
1700000126.5,253,93.57,0.04000000000000625,93.55,1020.4,93.59,497.4,7984.6,4244.0,93.55,19.7,SELL,2,93.55,1020.4,93.54,2037.8,93.53,1948.3,93.52,2571.3,93.51,406.8,93.59,497.4,93.6,271.9,93.61,308.4,93.62,1805.6,93.63,1360.7
1700000127.0,254,93.58,0.03999999999999204,93.56,1466.9,93.6,614.2,12883.2,2360.3,93.6,165.4,BUY,5,93.56,1466.9,93.55,104.9,93.54,4243.4,93.53,5791.3,93.52,1276.7,93.6,614.2,93.61,746.2,93.62,31.2,93.63,441.0,93.64,527.7
1700000127.5,255,93.58,0.03999999999999204,93.56,777.6,93.6,670.7,4183.1,4365.5,93.56,29.4,SELL,1,93.56,777.6,93.55,10.0,93.54,683.8,93.53,622.3,93.52,2089.4,93.6,670.7,93.61,382.5,93.62,1932.3,93.63,815.9,93.64,564.1
1700000128.0,256,93.59,0.04000000000000625,93.57,223.7,93.61,271.4,14240.2,1735.1000000000001,93.57,11.4,SELL,1,93.57,223.7,93.56,221.6,93.55,2048.6,93.54,5211.8,93.53,6534.5,93.61,271.4,93.62,291.2,93.63,729.7,93.64,224.4,93.65,218.4
1700000128.5,257,92.16,0.04000000000000625,92.14,656.9,92.18,472.9,10614.300000000001,2583.9,92.14,10.6,SELL,3,92.14,656.9,92.13,3224.4,92.12,1300.3,92.11,2904.8,92.1,2527.9,92.18,472.9,92.19,176.1,92.2,234.4,92.21,800.0,92.22,900.5
1700000129.0,258,92.17,0.03999999999999204,92.15,188.0,92.19,12.1,6312.0,8776.3,92.19,65.4,BUY,1,92.15,188.0,92.14,930.5,92.13,2038.9,92.12,80.6,92.11,3074.0,92.19,12.1,92.2,690.3,92.21,691.9,92.22,7323.6,92.23,58.4
1700000129.5,259,92.19,0.060000000000002274,92.16,98.7,92.22,107.3,6720.299999999999,2395.9,92.16,87.9,SELL,2,92.16,98.7,92.15,2124.3,92.14,1976.9,92.13,494.0,92.12,2026.4,92.22,107.3,92.23,1336.4,92.24,10.0,92.25,218.3,92.26,723.9
1700000130.0,260,92.2,0.03999999999999204,92.18,3388.4,92.22,58.7,7816.200000000001,9149.7,92.2,0.0,BUY,0,92.18,3388.4,92.17,403.6,92.16,1246.6,92.15,2763.8,92.14,13.8,92.22,58.7,92.23,1344.3,92.24,2093.8,92.25,1207.5,92.26,4445.4
1700000130.5,261,92.21000000000001,0.04000000000000625,92.19,244.2,92.23,13.1,13045.7,2284.5,92.19,5.0,SELL,2,92.19,244.2,92.18,6004.3,92.17,489.8,92.16,5583.6,92.15,723.8,92.23,13.1,92.24,87.9,92.25,1546.3,92.26,451.0,92.27,186.2
1700000131.0,262,92.235,0.030000000000001137,92.22,145.1,92.25,992.7,7490.4,7763.799999999999,92.25,51.9,BUY,1,92.22,145.1,92.21,880.3,92.2,1129.8,92.19,3803.5,92.18,1531.7,92.25,992.7,92.26,36.1,92.27,537.2,92.28,2230.7,92.29,3967.1
1700000131.5,263,92.24000000000001,0.04000000000000625,92.22,1913.1,92.26,923.2,6938.300000000001,3790.9000000000005,92.22,65.8,SELL,2,92.22,1913.1,92.21,1361.0,92.2,688.7,92.19,1142.9,92.18,1832.6,92.26,923.2,92.27,178.5,92.28,1995.4,92.29,371.4,92.3,322.4
1700000132.0,264,92.25,0.03999999999999204,92.23,1013.7,92.27,37.3,6681.099999999999,3493.1000000000004,92.27,36.1,BUY,3,92.23,1013.7,92.22,3872.5,92.21,96.6,92.2,1007.9,92.19,690.4,92.27,37.3,92.28,1278.0,92.29,257.3,92.3,1253.7,92.31,666.8
1700000132.5,265,92.25999999999999,0.04000000000000625,92.24,2815.6,92.28,217.2,9613.2,3163.5,92.24,23.4,SELL,1,92.24,2815.6,92.23,3382.2,92.22,2304.2,92.21,241.0,92.2,870.2,92.28,217.2,92.29,527.1,92.3,560.0,92.31,441.3,92.32,1417.9
1700000133.0,266,92.28,0.03999999999999204,92.26,99.2,92.3,200.4,10018.199999999999,1342.9999999999998,92.26,28.6,SELL,3,92.26,99.2,92.25,884.5,92.24,234.8,92.23,7857.9,92.22,941.8,92.3,200.4,92.31,266.6,92.32,55.4,92.33,516.8,92.34,303.8
1700000133.5,267,93.91,0.060000000000002274,93.88,26.9,93.94,887.8,7905.6,5227.1,93.88,15.6,SELL,1,93.88,26.9,93.87,692.3,93.86,1057.8,93.85,2827.3,93.84,3301.3,93.94,887.8,93.95,1479.7,93.96,1035.4,93.97,209.9,93.98,1614.3
1700000134.0,268,93.92,0.060000000000002274,93.89,317.1,93.95,1377.7,4059.2000000000003,6259.5,93.92,0.0,BUY,0,93.89,317.1,93.88,1035.8,93.87,611.4,93.86,1352.3,93.85,742.6,93.95,1377.7,93.96,1485.0,93.97,829.5,93.98,80.7,93.99,2486.6
1700000134.5,269,93.93,0.04000000000000625,93.91,1614.0,93.95,42.4,5185.099999999999,5214.2,93.91,100.4,SELL,2,93.91,1614.0,93.9,1176.5,93.89,557.2,93.88,1240.0,93.87,597.4,93.95,42.4,93.96,157.8,93.97,1508.4,93.98,1567.1,93.99,1938.5
1700000135.0,270,93.94,0.03999999999999204,93.92,226.6,93.96,179.5,7299.200000000001,4006.5,93.92,15.4,SELL,3,93.92,226.6,93.91,138.4,93.9,109.4,93.89,3887.9,93.88,2936.9,93.96,179.5,93.97,461.1,93.98,712.2,93.99,839.6,94.0,1814.1
1700000135.5,271,93.96000000000001,0.04000000000000625,93.94,1486.2,93.98,2071.4,2862.3,5964.3,93.98,54.8,BUY,1,93.94,1486.2,93.93,245.9,93.92,265.5,93.91,83.1,93.9,781.6,93.98,2071.4,93.99,363.0,94.0,1914.6,94.01,114.1,94.02,1501.2
1700000136.0,272,93.97,0.03999999999999204,93.95,907.1,93.99,775.6,7719.9,6199.400000000001,93.95,34.7,SELL,1,93.95,907.1,93.94,210.1,93.93,3654.2,93.92,2362.3,93.91,586.2,93.99,775.6,94.0,960.6,94.01,943.4,94.02,1822.5,94.03,1697.3
1700000136.5,273,93.97,0.03999999999999204,93.95,1262.6,93.99,304.0,11403.999999999998,4452.1,93.95,13.9,SELL,4,93.95,1262.6,93.94,2967.2,93.93,5882.4,93.92,568.8,93.91,723.0,93.99,304.0,94.0,177.4,94.01,135.8,94.02,902.1,94.03,2932.8
1700000137.0,274,93.97999999999999,0.04000000000000625,93.96,46.3,94.0,1857.2,4410.6,6019.199999999999,93.97999999999999,0.0,BUY,0,93.96,46.3,93.95,772.3,93.94,201.8,93.93,2891.6,93.92,498.6,94.0,1857.2,94.01,58.6,94.02,1417.1,94.03,479.6,94.04,2206.7
1700000137.5,275,93.99000000000001,0.04000000000000625,93.97,403.0,94.01,1147.3,7431.0,6530.900000000001,93.97,21.7,SELL,3,93.97,403.0,93.96,1500.1,93.95,336.2,93.94,2062.2,93.93,3129.5,94.01,1147.3,94.02,727.3,94.03,1387.5,94.04,2040.0,94.05,1228.8
1700000138.0,276,94.0,0.03999999999999204,93.98,1491.3,94.02,114.4,3290.3999999999996,3627.8,94.0,0.0,BUY,0,93.98,1491.3,93.97,169.1,93.96,442.6,93.95,1068.7,93.94,118.7,94.02,114.4,94.03,1837.7,94.04,1050.7,94.05,538.4,94.06,86.6
1700000138.5,277,94.00999999999999,0.04000000000000625,93.99,632.6,94.03,577.2,3348.6000000000004,7054.000000000001,93.99,21.3,SELL,4,93.99,632.6,93.98,1138.0,93.97,520.7,93.96,276.1,93.95,781.2,94.03,577.2,94.04,2558.4,94.05,1059.6,94.06,1285.0,94.07,1573.8
1700000139.0,278,94.02000000000001,0.04000000000000625,94.0,96.4,94.04,244.3,4278.8,4196.9,94.02000000000001,0.0,BUY,0,94.0,96.4,93.99,994.5,93.98,714.2,93.97,1966.5,93.96,507.2,94.04,244.3,94.05,562.2,94.06,318.4,94.07,284.6,94.08,2787.4
1700000139.5,279,94.03,0.03999999999999204,94.01,30.6,94.05,410.9,8373.5,3074.1,94.01,129.3,SELL,5,94.01,30.6,94.0,1894.5,93.99,1980.8,93.98,3509.2,93.97,958.4,94.05,410.9,94.06,400.5,94.07,1130.2,94.08,528.9,94.09,603.6
1700000140.0,280,94.045,0.030000000000001137,94.03,1207.4,94.06,63.1,3259.0000000000005,3515.5,94.045,0.0,BUY,0,94.03,1207.4,94.02,1188.2,94.01,211.7,94.0,618.9,93.99,32.8,94.06,63.1,94.07,124.6,94.08,1057.4,94.09,1781.9,94.1,488.5
1700000140.5,281,94.03999999999999,0.04000000000000625,94.02,1343.4,94.06,252.3,13341.9,4229.200000000001,94.02,5.0,SELL,2,94.02,1343.4,94.01,3125.8,94.0,203.3,93.99,8188.0,93.98,481.4,94.06,252.3,94.07,400.1,94.08,1991.7,94.09,245.6,94.1,1339.5
1700000141.0,282,94.05,0.03999999999999204,94.03,111.7,94.07,312.3,12143.4,2008.8999999999999,94.03,17.2,SELL,1,94.03,111.7,94.02,2399.6,94.01,1128.5,94.0,6761.0,93.99,1742.6,94.07,312.3,94.08,641.5,94.09,354.9,94.1,175.4,94.11,524.8
1700000141.5,283,94.06,0.03999999999999204,94.04,2385.9,94.08,251.8,16484.5,3299.1000000000004,94.08,55.9,BUY,1,94.04,2385.9,94.03,1356.7,94.02,3437.5,94.01,4488.9,94.0,4815.5,94.08,251.8,94.09,844.2,94.1,1415.5,94.11,692.3,94.12,95.3
1700000142.0,284,94.07,0.04000000000000625,94.05,207.4,94.09,19.6,7622.7,5839.0,94.05,55.2,SELL,5,94.05,207.4,94.04,4679.4,94.03,1863.8,94.02,235.5,94.01,636.6,94.09,19.6,94.1,685.6,94.11,1347.6,94.12,3002.3,94.13,783.9
1700000142.5,285,94.08,0.03999999999999204,94.06,21.4,94.1,535.8,7193.8,5910.9,94.06,18.7,SELL,1,94.06,21.4,94.05,44.7,94.04,1987.4,94.03,4192.3,94.02,948.0,94.1,535.8,94.11,854.4,94.12,1832.1,94.13,1744.7,94.14,943.9
1700000143.0,286,94.09,0.04000000000000625,94.07,443.4,94.11,2443.7,4513.7,7583.099999999999,94.07,66.8,SELL,1,94.07,443.4,94.06,1194.8,94.05,120.5,94.04,280.4,94.03,2474.6,94.11,2443.7,94.12,2305.6,94.13,277.3,94.14,1117.5,94.15,1439.0
1700000143.5,287,94.1,0.04000000000000625,94.08,1037.0,94.12,271.6,5864.6,1485.6999999999998,94.12,81.3,BUY,3,94.08,1037.0,94.07,397.2,94.06,1641.3,94.05,2090.1,94.04,699.0,94.12,271.6,94.13,176.1,94.14,590.4,94.15,10.0,94.16,437.6
1700000144.0,288,94.11,0.03999999999999204,94.09,527.4,94.13,448.7,8927.3,7432.700000000001,94.09,8.8,SELL,2,94.09,527.4,94.08,505.3,94.07,1531.3,94.06,6100.8,94.05,262.5,94.13,448.7,94.14,2757.9,94.15,1028.6,94.16,1723.4,94.17,1474.1
1700000144.5,289,94.105,0.030000000000001137,94.09,10.0,94.12,713.7,1879.9,1738.4,94.09,42.9,SELL,3,94.09,10.0,94.08,510.1,94.07,44.7,94.06,260.0,94.05,1055.1,94.12,713.7,94.13,14.8,94.14,708.8,94.15,174.2,94.16,126.9
1700000145.0,290,94.125,0.030000000000001137,94.11,573.6,94.14,864.1,11781.5,1977.6999999999998,94.11,20.4,SELL,2,94.11,573.6,94.1,1631.3,94.09,1348.9,94.08,1933.8,94.07,6293.9,94.14,864.1,94.15,451.4,94.16,167.2,94.17,473.4,94.18,21.6
1700000145.5,291,94.14,0.03999999999999204,94.12,3168.3,94.16,71.5,4806.200000000001,3181.4,94.12,5.0,SELL,3,94.12,3168.3,94.11,189.9,94.1,376.9,94.09,771.1,94.08,300.0,94.16,71.5,94.17,37.2,94.18,910.7,94.19,1582.9,94.2,579.1
1700000146.0,292,94.16,0.04000000000000625,94.14,1068.7,94.18,2574.4,5203.6,10116.900000000001,94.14,70.9,SELL,1,94.14,1068.7,94.13,1402.4,94.12,1025.7,94.11,102.0,94.1,1604.8,94.18,2574.4,94.19,642.9,94.2,1837.7,94.21,2771.1,94.22,2290.8
1700000146.5,293,94.17,0.03999999999999204,94.15,1059.8,94.19,1957.3,5642.000000000001,5016.200000000001,94.19,44.5,BUY,3,94.15,1059.8,94.14,3201.7,94.13,53.1,94.12,1162.8,94.11,164.6,94.19,1957.3,94.2,763.5,94.21,1053.5,94.22,101.8,94.23,1140.1
1700000147.0,294,94.18,0.04000000000000625,94.16,3347.7,94.2,365.0,15827.5,4983.1,94.16,94.2,SELL,2,94.16,3347.7,94.15,1704.4,94.14,2112.8,94.13,1804.2,94.12,6858.4,94.2,365.0,94.21,1248.7,94.22,15.1,94.23,3006.0,94.24,348.3
1700000147.5,295,94.2,0.03999999999999204,94.18,1386.5,94.22,692.0,8586.5,3431.3999999999996,94.18,57.5,SELL,3,94.18,1386.5,94.17,1958.5,94.16,5146.4,94.15,11.5,94.14,83.6,94.22,692.0,94.23,81.1,94.24,347.7,94.25,138.6,94.26,2172.0
1700000148.0,296,94.21000000000001,0.04000000000000625,94.19,89.3,94.23,1197.3,3084.5,7058.599999999999,94.23,29.8,BUY,1,94.19,89.3,94.18,706.7,94.17,1191.9,94.16,487.8,94.15,608.8,94.23,1197.3,94.24,767.7,94.25,3540.2,94.26,501.7,94.27,1051.7
1700000148.5,297,94.22,0.060000000000002274,94.19,244.7,94.25,321.2,2344.1,6352.1,94.19,20.5,SELL,3,94.19,244.7,94.18,491.3,94.17,442.4,94.16,926.6,94.15,239.1,94.25,321.2,94.26,1291.3,94.27,857.6,94.28,476.0,94.29,3406.0
1700000149.0,298,94.22,0.060000000000002274,94.19,156.3,94.25,2287.7,3244.3,6362.2,94.19,42.6,SELL,6,94.19,156.3,94.18,993.2,94.17,540.6,94.16,1286.9,94.15,267.3,94.25,2287.7,94.26,455.5,94.27,2049.8,94.28,1502.2,94.29,67.0
1700000149.5,299,94.22999999999999,0.04000000000000625,94.21,2287.8,94.25,1203.3,15392.800000000001,7244.4,94.25,5.0,BUY,3,94.21,2287.8,94.2,4965.2,94.19,476.3,94.18,1839.9,94.17,5823.6,94.25,1203.3,94.26,1593.3,94.27,854.9,94.28,683.4,94.29,2909.5
1700000150.0,300,94.24000000000001,0.04000000000000625,94.22,853.1,94.26,215.2,6951.0,2753.4,94.22,5.0,SELL,2,94.22,853.1,94.21,2403.5,94.2,525.2,94.19,1507.1,94.18,1662.1,94.26,215.2,94.27,168.1,94.28,57.5,94.29,1402.9,94.3,909.7
1700000150.5,301,94.25,0.03999999999999204,94.23,227.9,94.27,233.8,4477.0,3199.2,94.23,23.9,SELL,5,94.23,227.9,94.22,231.5,94.21,1812.9,94.2,1552.1,94.19,652.6,94.27,233.8,94.28,855.5,94.29,211.0,94.3,835.2,94.31,1063.7
1700000151.0,302,94.25999999999999,0.04000000000000625,94.24,11.3,94.28,645.3,3185.0,5646.9,94.28,22.0,BUY,3,94.24,11.3,94.23,426.4,94.22,921.2,94.21,925.5,94.2,900.6,94.28,645.3,94.29,349.8,94.3,2095.1,94.31,225.5,94.32,2331.2
1700000151.5,303,94.27000000000001,0.04000000000000625,94.25,743.3,94.29,768.1,16982.4,9328.7,94.25,24.0,SELL,4,94.25,743.3,94.24,1864.9,94.23,813.8,94.22,1919.4,94.21,11641.0,94.29,768.1,94.3,928.4,94.31,286.7,94.32,6626.3,94.33,719.2
1700000152.0,304,94.28,0.03999999999999204,94.26,1243.2,94.3,42.5,9257.7,2869.3999999999996,94.26,20.5,SELL,3,94.26,1243.2,94.25,535.3,94.24,281.8,94.23,1489.7,94.22,5707.7,94.3,42.5,94.31,20.6,94.32,536.5,94.33,2228.7,94.34,41.1
1700000152.5,305,94.29499999999999,0.04999999999999716,94.27,283.3,94.32,1953.3,5367.299999999999,7967.900000000001,94.32,150.5,BUY,2,94.27,283.3,94.26,633.7,94.25,174.5,94.24,19.9,94.23,4255.9,94.32,1953.3,94.33,17.3,94.34,799.0,94.35,3803.5,94.36,1394.8
1700000153.0,306,94.3,0.03999999999999204,94.28,4143.9,94.32,193.7,11333.7,2885.9,94.28,133.7,SELL,2,94.28,4143.9,94.27,1947.5,94.26,717.5,94.25,280.5,94.24,4244.3,94.32,193.7,94.33,1485.8,94.34,314.8,94.35,241.2,94.36,650.4
1700000153.5,307,94.31,0.03999999999999204,94.29,816.0,94.33,96.5,9037.4,6550.2,94.29,53.3,SELL,1,94.29,816.0,94.28,1605.2,94.27,166.7,94.26,1711.5,94.25,4738.0,94.33,96.5,94.34,3134.9,94.35,357.1,94.36,2909.8,94.37,51.9
1700000154.0,308,94.33,0.03999999999999204,94.31,242.3,94.35,1468.2,7535.4,5571.299999999999,94.35,12.4,BUY,3,94.31,242.3,94.3,1551.1,94.29,255.5,94.28,1930.9,94.27,3555.6,94.35,1468.2,94.36,1360.8,94.37,269.6,94.38,294.6,94.39,2178.1
1700000154.5,309,94.345,0.030000000000001137,94.33,66.6,94.36,35.8,4748.0,4072.6,94.33,6.7,SELL,4,94.33,66.6,94.32,700.0,94.31,2195.0,94.3,481.5,94.29,1304.9,94.36,35.8,94.37,250.4,94.38,2104.5,94.39,391.9,94.4,1290.0
1700000155.0,310,94.36,0.060000000000002274,94.33,2488.6,94.39,1090.1,11489.5,3514.1,94.33,5.0,SELL,2,94.33,2488.6,94.32,3992.0,94.31,735.6,94.3,2056.8,94.29,2216.5,94.39,1090.1,94.4,367.5,94.41,220.5,94.42,511.6,94.43,1324.4
1700000155.5,311,94.37,0.04000000000000625,94.35,468.7,94.39,50.8,15871.300000000001,4941.4,94.39,25.5,BUY,3,94.35,468.7,94.34,953.1,94.33,4963.3,94.32,2194.8,94.31,7291.4,94.39,50.8,94.4,29.8,94.41,3239.3,94.42,576.3,94.43,1045.2
1700000156.0,312,94.38,0.04000000000000625,94.36,1157.0,94.4,239.5,9415.5,3958.4,94.36,87.5,SELL,3,94.36,1157.0,94.35,1949.4,94.34,1558.6,94.33,808.3,94.32,3942.2,94.4,239.5,94.41,362.5,94.42,104.4,94.43,2049.1,94.44,1202.9
1700000156.5,313,94.405,0.05000000000001137,94.38,54.5,94.43,274.7,3407.6000000000004,6024.9,94.38,7.5,SELL,2,94.38,54.5,94.37,684.6,94.36,1296.8,94.35,570.4,94.34,801.3,94.43,274.7,94.44,181.0,94.45,2109.7,94.46,2229.3,94.47,1230.2
1700000157.0,314,94.41,0.04000000000000625,94.39,2307.8,94.43,188.5,8566.2,1799.1,94.39,5.0,SELL,6,94.39,2307.8,94.38,2738.7,94.37,1401.8,94.36,2107.9,94.35,10.0,94.43,188.5,94.44,442.4,94.45,813.6,94.46,248.8,94.47,105.8
1700000157.5,315,94.42,0.060000000000002274,94.39,1125.3,94.45,1278.8,11135.499999999998,4660.6,94.45,110.9,BUY,3,94.39,1125.3,94.38,3750.9,94.37,1519.7,94.36,3252.7,94.35,1486.9,94.45,1278.8,94.46,339.1,94.47,2206.8,94.48,804.7,94.49,31.2
1700000158.0,316,94.435,0.04999999999999716,94.41,1097.9,94.46,198.0,5816.8,3653.9,94.41,14.1,SELL,2,94.41,1097.9,94.4,1362.6,94.39,608.4,94.38,2567.4,94.37,180.5,94.46,198.0,94.47,603.0,94.48,490.6,94.49,1965.0,94.5,397.3
1700000158.5,317,94.455,0.030000000000001137,94.44,1945.2,94.47,15.4,6143.200000000001,2781.6,94.47,53.3,BUY,1,94.44,1945.2,94.43,182.4,94.42,759.7,94.41,2191.3,94.4,1064.6,94.47,15.4,94.48,29.3,94.49,189.3,94.5,1029.3,94.51,1518.3
1700000159.0,318,94.465,0.030000000000001137,94.45,2235.8,94.48,147.1,10447.300000000001,5011.1,94.465,0.0,BUY,0,94.45,2235.8,94.44,1212.3,94.43,383.0,94.42,6446.5,94.41,169.7,94.48,147.1,94.49,1057.0,94.5,1089.4,94.51,292.2,94.52,2425.4
1700000159.5,319,94.485,0.030000000000001137,94.47,636.5,94.5,87.8,14738.500000000002,2587.6,94.47,65.4,SELL,2,94.47,636.5,94.46,8559.2,94.45,4994.2,94.44,314.1,94.43,234.5,94.5,87.8,94.51,253.3,94.52,811.6,94.53,316.3,94.54,1118.6
1700000160.0,320,94.49000000000001,0.04000000000000625,94.47,311.0,94.51,370.9,6462.799999999999,4115.0,94.47,27.4,SELL,4,94.47,311.0,94.46,733.5,94.45,2043.5,94.44,1093.2,94.43,2281.6,94.51,370.9,94.52,1081.8,94.53,480.6,94.54,1735.7,94.55,446.0
1700000160.5,321,94.5,0.03999999999999204,94.48,414.4,94.52,239.3,4559.5,2691.0,94.48,36.2,SELL,1,94.48,414.4,94.47,261.6,94.46,1499.5,94.45,1511.8,94.44,872.2,94.52,239.3,94.53,126.1,94.54,497.5,94.55,679.2,94.56,1148.9
1700000161.0,322,94.50999999999999,0.04000000000000625,94.49,632.6,94.53,612.9,5455.7,9334.6,94.50999999999999,0.0,BUY,0,94.49,632.6,94.48,260.8,94.47,1852.1,94.46,687.9,94.45,2022.3,94.53,612.9,94.54,306.0,94.55,1617.1,94.56,3132.2,94.57,3666.4
1700000161.5,323,94.52000000000001,0.04000000000000625,94.5,484.5,94.54,315.6,5358.099999999999,3439.0,94.54,37.6,BUY,1,94.5,484.5,94.49,117.8,94.48,465.5,94.47,3193.1,94.46,1097.2,94.54,315.6,94.55,1000.4,94.56,552.8,94.57,892.7,94.58,677.5
1700000162.0,324,94.53999999999999,0.04000000000000625,94.52,261.0,94.56,445.7,3065.6000000000004,8023.200000000001,94.52,7.7,SELL,3,94.52,261.0,94.51,156.8,94.5,152.7,94.49,1501.3,94.48,993.8,94.56,445.7,94.57,1581.5,94.58,523.2,94.59,4583.8,94.6,889.0
1700000162.5,325,94.55,0.03999999999999204,94.53,249.4,94.57,855.8,8007.900000000001,2725.1,94.57,79.4,BUY,2,94.53,249.4,94.52,604.4,94.51,4408.1,94.5,1748.0,94.49,998.0,94.57,855.8,94.58,306.5,94.59,686.8,94.6,796.4,94.61,79.6
1700000163.0,326,94.56,0.03999999999999204,94.54,115.8,94.58,564.9,7961.799999999999,3494.5999999999995,94.54,37.6,SELL,2,94.54,115.8,94.53,1460.3,94.52,1730.3,94.51,2972.4,94.5,1683.0,94.58,564.9,94.59,1092.3,94.6,697.6,94.61,322.5,94.62,817.3
1700000163.5,327,94.57,0.04000000000000625,94.55,1338.0,94.59,187.1,4614.0,3830.2000000000003,94.55,21.3,SELL,4,94.55,1338.0,94.54,152.3,94.53,1426.4,94.52,717.7,94.51,979.6,94.59,187.1,94.6,308.0,94.61,282.4,94.62,2328.3,94.63,724.4
1700000164.0,328,94.58,0.03999999999999204,94.56,560.4,94.6,443.2,12566.5,5857.8,94.6,24.2,BUY,4,94.56,560.4,94.55,101.6,94.54,3162.4,94.53,7658.6,94.52,1083.5,94.6,443.2,94.61,221.7,94.62,643.7,94.63,611.9,94.64,3937.3
1700000164.5,329,94.59,0.04000000000000625,94.57,806.5,94.61,414.3,7283.5,9573.9,94.61,25.5,BUY,3,94.57,806.5,94.56,12.7,94.55,1579.3,94.54,2833.7,94.53,2051.3,94.61,414.3,94.62,803.5,94.63,1739.7,94.64,743.2,94.65,5873.2
1700000165.0,330,94.6,0.04000000000000625,94.58,726.0,94.62,182.9,8848.0,2065.0,94.62,7.3,BUY,3,94.58,726.0,94.57,646.4,94.56,3713.6,94.55,2970.8,94.54,791.2,94.62,182.9,94.63,686.6,94.64,987.8,94.65,166.5,94.66,41.2
1700000165.5,331,94.62,0.04000000000000625,94.6,821.1,94.64,653.6,5223.200000000001,4111.5,94.64,7.3,BUY,1,94.6,821.1,94.59,1080.4,94.58,341.0,94.57,2226.1,94.56,754.6,94.64,653.6,94.65,254.5,94.66,1545.8,94.67,345.3,94.68,1312.3
1700000166.0,332,94.64,0.03999999999999204,94.62,178.5,94.66,58.2,3956.7999999999997,2438.1000000000004,94.62,12.2,SELL,4,94.62,178.5,94.61,847.0,94.6,470.5,94.59,2183.2,94.58,277.6,94.66,58.2,94.67,10.0,94.68,754.2,94.69,1283.9,94.7,331.8
1700000166.5,333,94.65,0.04000000000000625,94.63,900.2,94.67,297.4,8050.0,4422.8,94.67,10.7,BUY,2,94.63,900.2,94.62,994.0,94.61,3278.8,94.6,295.1,94.59,2581.9,94.67,297.4,94.68,577.8,94.69,2526.3,94.7,163.9,94.71,857.4
1700000167.0,334,94.66,0.060000000000002274,94.63,164.9,94.69,316.4,5717.599999999999,2053.0,94.66,0.0,BUY,0,94.63,164.9,94.62,654.4,94.61,3629.7,94.6,293.4,94.59,975.2,94.69,316.4,94.7,1228.3,94.71,20.0,94.72,251.0,94.73,237.3
1700000167.5,335,94.675,0.030000000000001137,94.66,1676.3,94.69,298.3,4121.5,2803.7000000000003,94.66,5.8,SELL,3,94.66,1676.3,94.65,110.1,94.64,225.5,94.63,739.7,94.62,1369.9,94.69,298.3,94.7,155.0,94.71,1183.5,94.72,962.0,94.73,204.9
1700000168.0,336,94.705,0.030000000000001137,94.69,731.7,94.72,283.2,17387.7,6852.5,94.72,79.1,BUY,3,94.69,731.7,94.68,314.4,94.67,8532.6,94.66,6499.5,94.65,1309.5,94.72,283.2,94.73,634.1,94.74,323.8,94.75,2473.0,94.76,3138.4
1700000168.5,337,94.715,0.030000000000001137,94.7,442.8,94.73,1705.9,5541.999999999999,7316.500000000001,94.73,6.4,BUY,2,94.7,442.8,94.69,1534.6,94.68,2524.5,94.67,23.9,94.66,1016.2,94.73,1705.9,94.74,1148.7,94.75,2572.3,94.76,1861.5,94.77,28.1
1700000169.0,338,94.72,0.060000000000002274,94.69,86.7,94.75,181.0,1492.2,3391.0,94.75,5.0,BUY,1,94.69,86.7,94.68,1175.5,94.67,20.1,94.66,129.9,94.65,80.0,94.75,181.0,94.76,171.4,94.77,893.8,94.78,1241.9,94.79,902.9
1700000169.5,339,94.72999999999999,0.04000000000000625,94.71,1366.1,94.75,127.2,8454.0,3971.1000000000004,94.75,5.0,BUY,3,94.71,1366.1,94.7,2019.2,94.69,1561.9,94.68,1848.5,94.67,1658.3,94.75,127.2,94.76,1766.2,94.77,161.9,94.78,179.5,94.79,1736.3
1700000170.0,340,94.74000000000001,0.04000000000000625,94.72,570.8,94.76,610.3,3509.8,2084.7999999999997,94.72,56.2,SELL,3,94.72,570.8,94.71,2042.2,94.7,703.3,94.69,70.2,94.68,123.3,94.76,610.3,94.77,1232.4,94.78,190.1,94.79,36.4,94.8,15.6
1700000170.5,341,94.75999999999999,0.04000000000000625,94.74,176.0,94.78,520.0,2907.4,5996.4,94.74,44.5,SELL,1,94.74,176.0,94.73,76.9,94.72,2331.9,94.71,260.4,94.7,62.2,94.78,520.0,94.79,643.9,94.8,1577.8,94.81,2417.6,94.82,837.1
1700000171.0,342,94.77000000000001,0.04000000000000625,94.75,209.0,94.79,295.4,3857.9,5704.5,94.79,22.9,BUY,5,94.75,209.0,94.74,488.4,94.73,1467.0,94.72,231.1,94.71,1462.4,94.79,295.4,94.8,661.1,94.81,1473.0,94.82,2776.9,94.83,498.1
1700000171.5,343,94.78,0.03999999999999204,94.76,839.7,94.8,1070.0,5170.3,8494.3,94.8,5.0,BUY,5,94.76,839.7,94.75,1216.5,94.74,2249.9,94.73,48.2,94.72,816.0,94.8,1070.0,94.81,739.0,94.82,732.8,94.83,4482.9,94.84,1469.6
1700000172.0,344,94.78999999999999,0.04000000000000625,94.77,1912.3,94.81,845.8,9518.800000000001,1454.6,94.81,36.2,BUY,1,94.77,1912.3,94.76,1765.8,94.75,1046.7,94.74,3837.4,94.73,956.6,94.81,845.8,94.82,54.9,94.83,365.7,94.84,43.7,94.85,144.5
1700000172.5,345,94.8,0.060000000000002274,94.77,421.2,94.83,808.7,5245.6,5056.599999999999,94.77,66.7,SELL,4,94.77,421.2,94.76,432.5,94.75,2169.9,94.74,1608.6,94.73,613.4,94.83,808.7,94.84,698.0,94.85,168.5,94.86,3183.0,94.87,198.4
1700000173.0,346,94.81,0.03999999999999204,94.79,186.6,94.83,500.7,9560.400000000001,2596.4,94.79,64.3,SELL,1,94.79,186.6,94.78,4489.4,94.77,1943.1,94.76,1934.2,94.75,1007.1,94.83,500.7,94.84,131.3,94.85,1327.8,94.86,222.8,94.87,413.8
1700000173.5,347,94.83,0.03999999999999204,94.81,1772.1,94.85,289.6,5154.2,4517.0,94.83,0.0,BUY,0,94.81,1772.1,94.8,2106.7,94.79,503.4,94.78,264.2,94.77,507.8,94.85,289.6,94.86,2430.4,94.87,1376.3,94.88,194.3,94.89,226.4
1700000174.0,348,94.845,0.030000000000001137,94.83,522.6,94.86,610.5,5861.1,7468.2,94.83,55.5,SELL,1,94.83,522.6,94.82,978.9,94.81,137.6,94.8,1211.7,94.79,3010.3,94.86,610.5,94.87,3036.5,94.88,1154.9,94.89,2155.3,94.9,511.0
1700000174.5,349,94.86,0.03999999999999204,94.84,76.2,94.88,62.2,3824.2000000000003,4680.700000000001,94.86,0.0,BUY,0,94.84,76.2,94.83,1512.3,94.82,794.3,94.81,924.0,94.8,517.4,94.88,62.2,94.89,1601.9,94.9,228.2,94.91,888.0,94.92,1900.4
1700000175.0,350,94.87,0.04000000000000625,94.85,144.4,94.89,295.4,9895.8,2330.3999999999996,94.85,64.2,SELL,1,94.85,144.4,94.84,1160.9,94.83,3134.7,94.82,2668.0,94.81,2787.8,94.89,295.4,94.9,385.7,94.91,239.0,94.92,266.1,94.93,1144.2
1700000175.5,351,94.88,0.04000000000000625,94.86,1639.5,94.9,457.8,6248.9,2097.6,94.86,65.6,SELL,2,94.86,1639.5,94.85,1317.8,94.84,1112.6,94.83,1444.6,94.82,734.4,94.9,457.8,94.91,260.4,94.92,933.5,94.93,145.6,94.94,300.3
1700000176.0,352,94.89,0.060000000000002274,94.86,149.2,94.92,502.4,2416.2,6081.0,94.92,52.7,BUY,6,94.86,149.2,94.85,202.7,94.84,952.3,94.83,244.8,94.82,867.2,94.92,502.4,94.93,84.4,94.94,3756.2,94.95,450.8,94.96,1287.2
1700000176.5,353,94.895,0.030000000000001137,94.88,621.0,94.91,265.1,6407.4,5923.2,94.91,5.0,BUY,1,94.88,621.0,94.87,542.6,94.86,2006.1,94.85,1872.0,94.84,1365.7,94.91,265.1,94.92,733.3,94.93,594.3,94.94,1305.2,94.95,3025.3
1700000177.0,354,94.91,0.04000000000000625,94.89,1139.4,94.93,367.3,3888.4,6751.9,94.89,81.5,SELL,1,94.89,1139.4,94.88,177.5,94.87,432.0,94.86,485.5,94.85,1654.0,94.93,367.3,94.94,840.9,94.95,976.3,94.96,2754.8,94.97,1812.6
1700000177.5,355,94.92,0.060000000000002274,94.89,711.2,94.95,49.6,5264.200000000001,2885.9,94.89,197.9,SELL,1,94.89,711.2,94.88,940.0,94.87,1593.2,94.86,714.4,94.85,1305.4,94.95,49.6,94.96,25.8,94.97,471.3,94.98,286.3,94.99,2052.9
1700000178.0,356,94.92,0.03999999999999204,94.9,895.0,94.94,42.7,7456.6,3288.2,94.94,26.5,BUY,3,94.9,895.0,94.89,2545.4,94.88,16.8,94.87,3381.3,94.86,618.1,94.94,42.7,94.95,127.8,94.96,977.7,94.97,1350.3,94.98,789.7
1700000178.5,357,94.925,0.030000000000001137,94.91,792.7,94.94,378.0,7258.4,5384.3,94.91,108.6,SELL,2,94.91,792.7,94.9,3842.3,94.89,1310.1,94.88,1077.9,94.87,235.4,94.94,378.0,94.95,44.7,94.96,311.2,94.97,2661.5,94.98,1988.9
1700000179.0,358,94.94,0.03999999999999204,94.92,440.9,94.96,421.3,7135.4,1726.9999999999998,94.92,5.0,SELL,2,94.92,440.9,94.91,4763.4,94.9,108.6,94.89,492.1,94.88,1330.4,94.96,421.3,94.97,71.6,94.98,212.4,94.99,438.9,95.0,582.8
1700000179.5,359,94.95,0.060000000000002274,94.92,3982.8,94.98,1443.9,6068.6,3049.5000000000005,94.92,113.9,SELL,1,94.92,3982.8,94.91,792.5,94.9,645.5,94.89,461.8,94.88,186.0,94.98,1443.9,94.99,754.2,95.0,67.6,95.01,133.3,95.02,650.5
1700000180.0,360,94.97,0.03999999999999204,94.95,868.7,94.99,378.4,4921.5,5245.0,94.97,0.0,BUY,0,94.95,868.7,94.94,1824.9,94.93,280.5,94.92,126.6,94.91,1820.8,94.99,378.4,95.0,146.2,95.01,3630.4,95.02,1080.0,95.03,10.0
1700000180.5,361,94.97,0.03999999999999204,94.95,10.0,94.99,108.3,14672.400000000001,2812.4,94.99,5.0,BUY,2,94.95,10.0,94.94,1815.4,94.93,7904.8,94.92,353.1,94.91,4589.1,94.99,108.3,95.0,616.5,95.01,393.5,95.02,1613.2,95.03,80.9
1700000181.0,362,94.985,0.030000000000001137,94.97,184.6,95.0,171.8,3471.6,5357.099999999999,95.0,88.2,BUY,3,94.97,184.6,94.96,302.6,94.95,1314.9,94.94,1350.4,94.93,319.1,95.0,171.8,95.01,683.3,95.02,1782.3,95.03,187.2,95.04,2532.5
1700000181.5,363,94.99000000000001,0.04000000000000625,94.97,91.6,95.01,21.3,9668.8,3083.3,94.97,5.0,SELL,3,94.97,91.6,94.96,2150.7,94.95,5180.6,94.94,764.7,94.93,1481.2,95.01,21.3,95.02,219.2,95.03,540.1,95.04,1314.5,95.05,988.2
1700000182.0,364,94.99000000000001,0.04000000000000625,94.97,131.7,95.01,262.9,7885.7,6640.199999999999,94.97,35.3,SELL,2,94.97,131.7,94.96,254.0,94.95,3916.6,94.94,3168.0,94.93,415.4,95.01,262.9,95.02,1914.7,95.03,223.0,95.04,2314.2,95.05,1925.4
1700000182.5,365,95.0,0.060000000000002274,94.97,775.6,95.03,579.5,8356.4,1509.2000000000003,94.97,48.7,SELL,7,94.97,775.6,94.96,2078.5,94.95,2921.1,94.94,850.2,94.93,1731.0,95.03,579.5,95.04,512.4,95.05,86.2,95.06,163.4,95.07,167.7
1700000183.0,366,95.02000000000001,0.04000000000000625,95.0,744.1,95.04,1323.5,7626.2,2887.1000000000004,95.0,56.8,SELL,3,95.0,744.1,94.99,1503.4,94.98,4100.5,94.97,274.4,94.96,1003.8,95.04,1323.5,95.05,1341.0,95.06,59.5,95.07,79.3,95.08,83.8
1700000183.5,367,95.03,0.03999999999999204,95.01,3016.1,95.05,100.8,7125.5,2455.7,95.01,82.8,SELL,3,95.01,3016.1,95.0,1478.4,94.99,945.5,94.98,238.6,94.97,1446.9,95.05,100.8,95.06,691.9,95.07,68.8,95.08,1018.0,95.09,576.2
1700000184.0,368,95.03999999999999,0.04000000000000625,95.02,2129.0,95.06,493.8,15456.7,2810.0,95.03999999999999,0.0,BUY,0,95.02,2129.0,95.01,2402.9,95.0,970.7,94.99,4400.9,94.98,5553.2,95.06,493.8,95.07,804.1,95.08,741.3,95.09,713.6,95.1,57.2
1700000184.5,369,95.065,0.030000000000001137,95.05,761.1,95.08,565.3,3788.3999999999996,3324.7,95.08,5.8,BUY,2,95.05,761.1,95.04,421.4,95.03,2228.1,95.02,177.1,95.01,200.7,95.08,565.3,95.09,55.9,95.1,1204.1,95.11,481.4,95.12,1018.0
1700000185.0,370,95.06,0.03999999999999204,95.04,1498.6,95.08,305.9,5331.3,6933.6,95.04,59.8,SELL,3,95.04,1498.6,95.03,845.1,95.02,245.4,95.01,2584.6,95.0,157.6,95.08,305.9,95.09,1367.5,95.1,632.6,95.11,2839.2,95.12,1788.4
1700000185.5,371,95.07,0.04000000000000625,95.05,1459.1,95.09,81.6,9987.9,4301.6,95.05,47.5,SELL,3,95.05,1459.1,95.04,588.4,95.03,2288.1,95.02,3758.2,95.01,1894.1,95.09,81.6,95.1,642.3,95.11,1038.2,95.12,1447.2,95.13,1092.3
1700000186.0,372,95.075,0.030000000000001137,95.06,184.4,95.09,306.8,5304.6,4581.4,95.06,9.6,SELL,1,95.06,184.4,95.05,1344.9,95.04,710.9,95.03,1059.9,95.02,2004.5,95.09,306.8,95.1,498.9,95.11,186.1,95.12,3512.1,95.13,77.5
1700000186.5,373,95.09,0.04000000000000625,95.07,264.7,95.11,834.7,4330.5,6010.7,95.07,57.0,SELL,1,95.07,264.7,95.06,398.1,95.05,454.3,95.04,1333.1,95.03,1880.3,95.11,834.7,95.12,171.6,95.13,2822.0,95.14,1804.2,95.15,378.2
1700000187.0,374,95.09,0.04000000000000625,95.07,620.0,95.11,357.6,3942.6000000000004,2362.7000000000003,95.07,75.7,SELL,3,95.07,620.0,95.06,131.7,95.05,746.8,95.04,1473.9,95.03,970.2,95.11,357.6,95.12,82.0,95.13,1003.8,95.14,154.7,95.15,764.6
1700000187.5,375,95.09,0.04000000000000625,95.07,342.9,95.11,205.6,10313.9,3482.1,95.07,13.4,SELL,8,95.07,342.9,95.06,1640.2,95.05,423.5,95.04,3150.3,95.03,4757.0,95.11,205.6,95.12,586.1,95.13,831.8,95.14,369.0,95.15,1489.6
1700000188.0,376,95.1,0.04000000000000625,95.08,75.4,95.12,425.3,6749.9,3524.9,95.12,165.2,BUY,3,95.08,75.4,95.07,1915.8,95.06,263.6,95.05,1395.9,95.04,3099.2,95.12,425.3,95.13,1587.8,95.14,246.3,95.15,262.6,95.16,1002.9
1700000188.5,377,95.1,0.04000000000000625,95.08,863.2,95.12,708.4,3511.5,3211.3999999999996,95.1,0.0,BUY,0,95.08,863.2,95.07,1401.6,95.06,225.0,95.05,966.5,95.04,55.2,95.12,708.4,95.13,550.4,95.14,1479.2,95.15,326.7,95.16,146.7
1700000189.0,378,95.12,0.04000000000000625,95.1,1443.8,95.14,369.1,6746.700000000001,3834.8999999999996,95.14,20.7,BUY,5,95.1,1443.8,95.09,2204.3,95.08,1370.5,95.07,1443.0,95.06,285.1,95.14,369.1,95.15,181.9,95.16,37.4,95.17,608.3,95.18,2638.2
1700000189.5,379,95.13,0.04000000000000625,95.11,463.9,95.15,969.8,14646.8,3151.5999999999995,95.11,55.1,SELL,5,95.11,463.9,95.1,830.2,95.09,5940.5,95.08,5347.7,95.07,2064.5,95.15,969.8,95.16,96.5,95.17,210.1,95.18,119.6,95.19,1755.6
1700000190.0,380,95.15,0.04000000000000625,95.13,2260.6,95.17,1074.2,11608.199999999999,2257.3,95.17,55.3,BUY,3,95.13,2260.6,95.12,867.7,95.11,6701.3,95.1,59.8,95.09,1718.8,95.17,1074.2,95.18,104.4,95.19,755.4,95.2,256.5,95.21,66.8
1700000190.5,381,95.175,0.030000000000001137,95.16,1016.4,95.19,182.0,8003.5,5670.5,95.16,73.5,SELL,3,95.16,1016.4,95.15,1439.4,95.14,3961.0,95.13,805.9,95.12,780.8,95.19,182.0,95.2,537.4,95.21,1354.4,95.22,1507.5,95.23,2089.2
1700000191.0,382,95.18,0.04000000000000625,95.16,70.9,95.2,704.7,2786.9,2750.3,95.2,57.6,BUY,5,95.16,70.9,95.15,793.4,95.14,1524.3,95.13,121.0,95.12,277.3,95.2,704.7,95.21,239.5,95.22,430.8,95.23,41.6,95.24,1333.7
1700000191.5,383,95.2,0.03999999999999204,95.18,1541.2,95.22,10.0,7360.800000000001,2615.4,95.22,15.6,BUY,3,95.18,1541.2,95.17,1955.2,95.16,285.9,95.15,1238.4,95.14,2340.1,95.22,10.0,95.23,636.0,95.24,1044.3,95.25,281.1,95.26,644.0
1700000192.0,384,95.2,0.060000000000002274,95.17,1545.2,95.23,20.8,14392.5,4551.5,95.17,106.3,SELL,4,95.17,1545.2,95.16,1370.3,95.15,2407.0,95.14,5437.5,95.13,3632.5,95.23,20.8,95.24,787.8,95.25,3367.1,95.26,99.7,95.27,276.1
1700000192.5,385,95.20500000000001,0.04999999999999716,95.18,331.2,95.23,32.0,4287.4,6425.7,95.18,9.3,SELL,3,95.18,331.2,95.17,302.8,95.16,27.1,95.15,2252.0,95.14,1374.3,95.23,32.0,95.24,1906.9,95.25,555.9,95.26,1410.2,95.27,2520.7
1700000193.0,386,95.22,0.03999999999999204,95.2,285.7,95.24,215.8,7464.9,1829.5,95.2,21.2,SELL,1,95.2,285.7,95.19,119.4,95.18,1457.0,95.17,2120.3,95.16,3482.5,95.24,215.8,95.25,631.9,95.26,285.4,95.27,13.4,95.28,683.0
1700000193.5,387,95.22999999999999,0.04000000000000625,95.21,111.2,95.25,737.6,7780.099999999999,7717.5,95.21,5.0,SELL,1,95.21,111.2,95.2,795.7,95.19,404.3,95.18,5472.7,95.17,996.2,95.25,737.6,95.26,91.7,95.27,5149.7,95.28,1265.0,95.29,473.5
1700000194.0,388,95.24,0.060000000000002274,95.21,1300.5,95.27,966.9,6419.2,7280.5,95.21,179.0,SELL,3,95.21,1300.5,95.2,1158.2,95.19,728.8,95.18,156.6,95.17,3075.1,95.27,966.9,95.28,3053.3,95.29,605.1,95.3,1311.0,95.31,1344.2
1700000194.5,389,95.25999999999999,0.04000000000000625,95.24,101.7,95.28,3547.3,4953.5,6497.900000000001,95.25999999999999,0.0,BUY,0,95.24,101.7,95.23,587.2,95.22,1943.5,95.21,2119.9,95.2,201.2,95.28,3547.3,95.29,292.0,95.3,1217.8,95.31,463.5,95.32,977.3
1700000195.0,390,95.27000000000001,0.04000000000000625,95.25,1264.2,95.29,1006.0,5691.4,6085.7,95.25,5.0,SELL,5,95.25,1264.2,95.24,640.9,95.23,840.5,95.22,1037.8,95.21,1908.0,95.29,1006.0,95.3,18.8,95.31,578.2,95.32,240.8,95.33,4241.9
1700000195.5,391,95.285,0.030000000000001137,95.27,1242.2,95.3,399.5,10514.8,2635.5,95.27,5.0,SELL,1,95.27,1242.2,95.26,4123.4,95.25,1414.7,95.24,354.8,95.23,3379.7,95.3,399.5,95.31,28.4,95.32,896.6,95.33,226.1,95.34,1084.9
1700000196.0,392,95.3,0.03999999999999204,95.28,2526.9,95.32,42.1,10571.1,2611.2,95.28,80.1,SELL,1,95.28,2526.9,95.27,2205.4,95.26,2253.4,95.25,680.7,95.24,2904.7,95.32,42.1,95.33,92.0,95.34,843.1,95.35,725.0,95.36,909.0
1700000196.5,393,95.31,0.03999999999999204,95.29,1750.7,95.33,222.0,6792.4,4722.2,95.29,65.1,SELL,2,95.29,1750.7,95.28,115.7,95.27,1919.5,95.26,1505.0,95.25,1501.5,95.33,222.0,95.34,33.6,95.35,995.9,95.36,21.8,95.37,3448.9
1700000197.0,394,95.32,0.04000000000000625,95.3,816.9,95.34,352.7,12318.4,2342.3999999999996,95.34,9.0,BUY,7,95.3,816.9,95.29,456.3,95.28,2124.6,95.27,58.2,95.26,8862.4,95.34,352.7,95.35,420.6,95.36,1255.8,95.37,206.7,95.38,106.6
1700000197.5,395,95.33,0.060000000000002274,95.3,469.8,95.36,242.5,8909.699999999999,5973.9,95.3,6.1,SELL,2,95.3,469.8,95.29,919.3,95.28,10.0,95.27,6155.2,95.26,1355.4,95.36,242.5,95.37,1038.1,95.38,168.8,95.39,513.1,95.4,4011.4
1700000198.0,396,95.34,0.04000000000000625,95.32,1753.6,95.36,589.0,11985.2,4494.8,95.32,85.1,SELL,1,95.32,1753.6,95.31,1105.7,95.3,419.0,95.29,1882.1,95.28,6824.8,95.36,589.0,95.37,235.5,95.38,797.9,95.39,440.6,95.4,2431.8
1700000198.5,397,95.35,0.04000000000000625,95.33,1165.5,95.37,95.3,11963.8,3231.6,95.33,26.9,SELL,1,95.33,1165.5,95.32,472.0,95.31,2311.0,95.3,4679.0,95.29,3336.3,95.37,95.3,95.38,559.4,95.39,79.4,95.4,2165.8,95.41,331.7
1700000199.0,398,95.35,0.04000000000000625,95.33,2513.1,95.37,463.9,4161.3,9489.5,95.37,144.7,BUY,1,95.33,2513.1,95.32,796.5,95.31,135.6,95.3,399.5,95.29,316.6,95.37,463.9,95.38,390.2,95.39,3276.7,95.4,5007.2,95.41,351.5
1700000199.5,399,95.37,0.04000000000000625,95.35,1268.4,95.39,386.1,11660.099999999999,2322.7999999999997,95.35,75.2,SELL,3,95.35,1268.4,95.34,544.5,95.33,2413.6,95.32,1373.4,95.31,6060.2,95.39,386.1,95.4,163.8,95.41,1171.8,95.42,433.5,95.43,167.6
1700000200.0,400,95.38,0.04000000000000625,95.36,1127.7,95.4,37.9,7937.5,5859.5,95.36,52.3,SELL,1,95.36,1127.7,95.35,106.8,95.34,4338.7,95.33,858.9,95.32,1505.4,95.4,37.9,95.41,600.3,95.42,1686.0,95.43,1629.1,95.44,1906.2
1700000200.5,401,95.405,0.030000000000001137,95.39,741.0,95.42,44.1,5761.8,2854.9,95.39,5.0,SELL,2,95.39,741.0,95.38,2308.1,95.37,139.9,95.36,1042.1,95.35,1530.7,95.42,44.1,95.43,53.8,95.44,1162.3,95.45,777.7,95.46,817.0
1700000201.0,402,95.42,0.03999999999999204,95.4,424.1,95.44,1043.6,4993.2,2944.8999999999996,95.44,24.9,BUY,3,95.4,424.1,95.39,2851.8,95.38,507.4,95.37,613.7,95.36,596.2,95.44,1043.6,95.45,572.3,95.46,89.8,95.47,254.4,95.48,984.8
1700000201.5,403,95.43,0.04000000000000625,95.41,289.3,95.45,529.8,3788.6,1411.9,95.45,40.4,BUY,1,95.41,289.3,95.4,303.3,95.39,734.9,95.38,1751.2,95.37,709.9,95.45,529.8,95.46,178.5,95.47,258.7,95.48,188.5,95.49,256.4
1700000202.0,404,95.44,0.03999999999999204,95.42,20.2,95.46,427.3,5324.6,5826.8,95.44,0.0,BUY,0,95.42,20.2,95.41,122.3,95.4,2631.8,95.39,1939.9,95.38,610.4,95.46,427.3,95.47,318.5,95.48,2121.6,95.49,1585.1,95.5,1374.3
1700000202.5,405,95.45,0.03999999999999204,95.43,570.9,95.47,1372.1,2458.4,11455.4,95.47,38.1,BUY,1,95.43,570.9,95.42,232.5,95.41,1112.5,95.4,261.3,95.39,281.2,95.47,1372.1,95.48,468.2,95.49,488.2,95.5,10.0,95.51,9116.9
1700000203.0,406,95.455,0.030000000000001137,95.44,109.3,95.47,540.9,9941.0,1767.3000000000002,95.455,0.0,BUY,0,95.44,109.3,95.43,388.2,95.42,1951.9,95.41,518.5,95.4,6973.1,95.47,540.9,95.48,441.5,95.49,421.0,95.5,110.0,95.51,253.9
1700000203.5,407,95.465,0.030000000000001137,95.45,1269.7,95.48,10.0,12412.6,6021.2,95.48,37.1,BUY,2,95.45,1269.7,95.44,3581.8,95.43,4187.5,95.42,2567.5,95.41,806.1,95.48,10.0,95.49,750.6,95.5,549.1,95.51,663.0,95.52,4048.5
1700000204.0,408,95.47999999999999,0.04000000000000625,95.46,87.2,95.5,430.4,5833.200000000001,2329.5000000000005,95.47999999999999,0.0,BUY,0,95.46,87.2,95.45,1655.6,95.44,748.1,95.43,3275.2,95.42,67.1,95.5,430.4,95.51,636.1,95.52,1093.3,95.53,84.4,95.54,85.3
1700000204.5,409,95.49000000000001,0.04000000000000625,95.47,1850.2,95.51,281.8,5017.0,826.9000000000001,95.49000000000001,0.0,BUY,0,95.47,1850.2,95.46,147.9,95.45,1061.4,95.44,1664.5,95.43,293.0,95.51,281.8,95.52,16.6,95.53,220.6,95.54,173.6,95.55,134.3
1700000205.0,410,95.5,0.060000000000002274,95.47,1665.7,95.53,93.1,5246.499999999999,3104.9,95.53,33.9,BUY,2,95.47,1665.7,95.46,1454.5,95.45,860.5,95.44,699.9,95.43,565.9,95.53,93.1,95.54,563.2,95.55,14.3,95.56,686.2,95.57,1748.1
1700000205.5,411,95.50999999999999,0.04000000000000625,95.49,243.7,95.53,1703.9,4384.4,5854.8,95.49,41.3,SELL,3,95.49,243.7,95.48,2013.0,95.47,1490.8,95.46,151.5,95.45,485.4,95.53,1703.9,95.54,13.1,95.55,1927.1,95.56,1144.7,95.57,1066.0
1700000206.0,412,95.53,0.03999999999999204,95.51,1043.2,95.55,421.7,15018.7,4803.1,95.51,9.7,SELL,1,95.51,1043.2,95.5,579.2,95.49,5727.7,95.48,277.7,95.47,7390.9,95.55,421.7,95.56,829.5,95.57,145.1,95.58,2126.2,95.59,1280.6
1700000206.5,413,95.53999999999999,0.04000000000000625,95.52,1733.2,95.56,491.1,10442.6,5966.2,95.52,15.0,SELL,5,95.52,1733.2,95.51,2400.5,95.5,171.3,95.49,2148.6,95.48,3989.0,95.56,491.1,95.57,2824.5,95.58,1447.0,95.59,615.7,95.6,587.9
1700000207.0,414,95.55,0.03999999999999204,95.53,27.1,95.57,162.6,3156.7,4675.8,95.53,85.3,SELL,3,95.53,27.1,95.52,201.4,95.51,943.8,95.5,1356.4,95.49,628.0,95.57,162.6,95.58,762.6,95.59,1552.7,95.6,1214.5,95.61,983.4
1700000207.5,415,95.56,0.060000000000002274,95.53,519.6,95.59,1408.2,6383.700000000001,4642.3,95.59,9.6,BUY,3,95.53,519.6,95.52,824.6,95.51,1152.5,95.5,3327.9,95.49,559.1,95.59,1408.2,95.6,1448.9,95.61,41.1,95.62,499.1,95.63,1245.0
1700000208.0,416,95.57,0.04000000000000625,95.55,1052.9,95.59,213.5,3038.9000000000005,4825.299999999999,95.55,28.2,SELL,4,95.55,1052.9,95.54,159.2,95.53,264.8,95.52,1361.2,95.51,200.8,95.59,213.5,95.6,1401.2,95.61,2285.7,95.62,384.5,95.63,540.4
1700000208.5,417,95.59,0.04000000000000625,95.57,1166.1,95.61,924.8,6171.3,7868.1,95.59,0.0,BUY,0,95.57,1166.1,95.56,3119.1,95.55,959.5,95.54,192.5,95.53,734.1,95.61,924.8,95.62,340.9,95.63,244.6,95.64,4966.8,95.65,1391.0
1700000209.0,418,95.6,0.04000000000000625,95.58,755.1,95.62,1404.8,7946.5,3894.2999999999997,95.58,20.3,SELL,4,95.58,755.1,95.57,341.4,95.56,4770.3,95.55,1008.1,95.54,1071.6,95.62,1404.8,95.63,360.4,95.64,1353.0,95.65,548.0,95.66,228.1
1700000209.5,419,95.61,0.03999999999999204,95.59,699.9,95.63,1082.7,6181.5,4352.5,95.63,87.6,BUY,1,95.59,699.9,95.58,998.5,95.57,957.4,95.56,1036.6,95.55,2489.1,95.63,1082.7,95.64,1715.2,95.65,724.3,95.66,380.7,95.67,449.6
1700000210.0,420,95.63,0.04000000000000625,95.61,2691.9,95.65,683.1,9952.5,3638.6,95.61,18.3,SELL,5,95.61,2691.9,95.6,930.8,95.59,2497.3,95.58,2684.5,95.57,1148.0,95.65,683.1,95.66,1297.9,95.67,333.0,95.68,597.1,95.69,727.5
1700000210.5,421,95.65,0.060000000000002274,95.62,3102.1,95.68,607.9,7877.4,4305.9,95.68,44.8,BUY,3,95.62,3102.1,95.61,446.5,95.6,559.4,95.59,3288.5,95.58,480.9,95.68,607.9,95.69,324.8,95.7,818.5,95.71,2161.7,95.72,393.0
1700000211.0,422,95.67,0.03999999999999204,95.65,639.1,95.69,1192.6,5534.800000000001,3831.2000000000003,95.69,8.1,BUY,3,95.65,639.1,95.64,2667.9,95.63,845.3,95.62,135.6,95.61,1246.9,95.69,1192.6,95.7,307.4,95.71,1319.9,95.72,447.4,95.73,563.9
1700000211.5,423,95.67,0.03999999999999204,95.65,593.6,95.69,684.4,9588.9,3581.2000000000003,95.69,30.4,BUY,1,95.65,593.6,95.64,1014.9,95.63,120.8,95.62,1026.6,95.61,6833.0,95.69,684.4,95.7,880.4,95.71,898.3,95.72,545.2,95.73,572.9
1700000212.0,424,95.685,0.04999999999999716,95.66,1850.6,95.71,33.1,10112.7,2835.0,95.66,10.6,SELL,2,95.66,1850.6,95.65,1389.4,95.64,1846.5,95.63,491.5,95.62,4534.7,95.71,33.1,95.72,439.3,95.73,351.2,95.74,39.2,95.75,1972.2
1700000212.5,425,95.69,0.03999999999999204,95.67,1574.9,95.71,495.5,6370.0,4023.2,95.67,22.8,SELL,3,95.67,1574.9,95.66,905.6,95.65,102.5,95.64,1085.6,95.63,2701.4,95.71,495.5,95.72,540.3,95.73,1631.1,95.74,813.5,95.75,542.8
1700000213.0,426,95.71000000000001,0.04000000000000625,95.69,204.4,95.73,20.5,4982.3,5868.8,95.69,37.8,SELL,1,95.69,204.4,95.68,97.5,95.67,2696.5,95.66,500.4,95.65,1483.5,95.73,20.5,95.74,518.1,95.75,3176.9,95.76,1457.8,95.77,695.5
1700000213.5,427,95.72,0.060000000000002274,95.69,1111.7,95.75,77.4,7114.0,735.7,95.69,15.3,SELL,3,95.69,1111.7,95.68,1201.2,95.67,1113.7,95.66,772.0,95.65,2915.4,95.75,77.4,95.76,103.9,95.77,226.4,95.78,36.5,95.79,291.5
1700000214.0,428,97.065,0.030000000000001137,97.05,793.8,97.08,533.3,10539.6,6489.700000000001,97.05,46.8,SELL,1,97.05,793.8,97.04,3567.2,97.03,484.0,97.02,4834.2,97.01,860.4,97.08,533.3,97.09,151.9,97.1,189.3,97.11,1491.4,97.12,4123.8
1700000214.5,429,97.07,0.04000000000000625,97.05,917.6,97.09,314.7,6951.8,4892.8,97.09,51.8,BUY,2,97.05,917.6,97.04,1194.2,97.03,212.5,97.02,3224.8,97.01,1402.7,97.09,314.7,97.1,213.1,97.11,757.5,97.12,1152.0,97.13,2455.5
1700000215.0,430,97.08,0.060000000000002274,97.05,1129.8,97.11,218.4,6307.5,4962.0,97.05,45.2,SELL,3,97.05,1129.8,97.04,929.0,97.03,1281.8,97.02,2661.2,97.01,305.7,97.11,218.4,97.12,52.4,97.13,3482.1,97.14,509.6,97.15,699.5
1700000215.5,431,97.1,0.04000000000000625,97.08,3042.9,97.12,445.1,9904.0,8010.200000000001,97.12,81.8,BUY,3,97.08,3042.9,97.07,3439.9,97.06,1937.1,97.05,726.6,97.04,757.5,97.12,445.1,97.13,1025.4,97.14,1567.8,97.15,2556.0,97.16,2415.9
1700000216.0,432,97.125,0.030000000000001137,97.11,1116.8,97.14,543.1,7512.599999999999,4488.1,97.14,21.7,BUY,2,97.11,1116.8,97.1,1037.6,97.09,1205.1,97.08,3683.9,97.07,469.2,97.14,543.1,97.15,411.9,97.16,882.2,97.17,2346.6,97.18,304.3
1700000216.5,433,97.12,0.060000000000002274,97.09,1005.1,97.15,1799.4,1978.6,8768.8,97.09,46.9,SELL,4,97.09,1005.1,97.08,78.2,97.07,238.9,97.06,10.0,97.05,646.4,97.15,1799.4,97.16,500.9,97.17,223.7,97.18,3452.0,97.19,2792.8
1700000217.0,434,97.13,0.04000000000000625,97.11,262.5,97.15,1545.8,4538.0,4496.2,97.11,65.5,SELL,4,97.11,262.5,97.1,1153.0,97.09,949.9,97.08,234.4,97.07,1938.2,97.15,1545.8,97.16,484.2,97.17,72.8,97.18,943.7,97.19,1449.7
1700000217.5,435,97.14,0.03999999999999204,97.12,655.2,97.16,1304.1,4661.6,3905.8,97.12,92.0,SELL,2,97.12,655.2,97.11,648.6,97.1,1253.4,97.09,1871.2,97.08,233.2,97.16,1304.1,97.17,703.0,97.18,973.9,97.19,899.5,97.2,25.3
1700000218.0,436,97.15,0.060000000000002274,97.12,1634.2,97.18,10.0,5422.900000000001,1113.5,97.18,24.6,BUY,3,97.12,1634.2,97.11,877.1,97.1,660.9,97.09,2124.6,97.08,126.1,97.18,10.0,97.19,295.7,97.2,666.6,97.21,115.0,97.22,26.2
1700000218.5,437,97.16,0.060000000000002274,97.13,1986.0,97.19,388.0,8691.8,9436.5,97.13,8.0,SELL,3,97.13,1986.0,97.12,10.0,97.11,5965.7,97.1,621.7,97.09,108.4,97.19,388.0,97.2,1278.1,97.21,307.7,97.22,4118.3,97.23,3344.4
1700000219.0,438,97.17,0.060000000000002274,97.14,514.7,97.2,117.3,8944.699999999999,5818.4,97.2,50.3,BUY,2,97.14,514.7,97.13,1401.2,97.12,3864.4,97.11,2756.1,97.1,408.3,97.2,117.3,97.21,320.9,97.22,2622.4,97.23,594.5,97.24,2163.3
1700000219.5,439,97.18,0.04000000000000625,97.16,274.5,97.2,399.4,6156.7,5171.4,97.16,16.9,SELL,1,97.16,274.5,97.15,732.9,97.14,1494.3,97.13,1339.6,97.12,2315.4,97.2,399.4,97.21,79.5,97.22,1853.9,97.23,1472.1,97.24,1366.5
1700000220.0,440,97.2,0.03999999999999204,97.18,1608.0,97.22,16.6,9446.6,2775.0,97.22,8.6,BUY,1,97.18,1608.0,97.17,226.9,97.16,1532.1,97.15,378.8,97.14,5700.8,97.22,16.6,97.23,377.6,97.24,2152.1,97.25,216.2,97.26,12.5
1700000220.5,441,97.2,0.03999999999999204,97.18,1488.2,97.22,31.5,6728.4,2221.7,97.22,5.9,BUY,1,97.18,1488.2,97.17,1650.8,97.16,3360.4,97.15,21.6,97.14,207.4,97.22,31.5,97.23,155.2,97.24,520.4,97.25,907.7,97.26,606.9
1700000221.0,442,97.21000000000001,0.04000000000000625,97.19,62.6,97.23,437.6,5082.9,5554.0,97.21000000000001,0.0,BUY,0,97.19,62.6,97.18,596.7,97.17,1547.2,97.16,456.1,97.15,2420.3,97.23,437.6,97.24,1090.1,97.25,1003.9,97.26,1130.4,97.27,1892.0
1700000221.5,443,97.21000000000001,0.04000000000000625,97.19,1137.1,97.23,106.7,5244.1,2643.4,97.19,5.0,SELL,2,97.19,1137.1,97.18,723.9,97.17,2301.8,97.16,941.1,97.15,140.2,97.23,106.7,97.24,597.6,97.25,734.4,97.26,334.5,97.27,870.2
1700000222.0,444,97.22,0.060000000000002274,97.19,859.7,97.25,3553.5,7664.0,8841.5,97.22,0.0,BUY,0,97.19,859.7,97.18,1472.2,97.17,766.3,97.16,723.2,97.15,3842.6,97.25,3553.5,97.26,298.7,97.27,2367.0,97.28,95.0,97.29,2527.3
1700000222.5,445,97.22999999999999,0.04000000000000625,97.21,525.3,97.25,181.2,4111.2,3660.0,97.25,39.2,BUY,5,97.21,525.3,97.2,2662.9,97.19,52.5,97.18,434.8,97.17,435.7,97.25,181.2,97.26,124.4,97.27,1554.0,97.28,885.6,97.29,914.8
1700000223.0,446,97.25,0.03999999999999204,97.23,735.7,97.27,10.0,7150.999999999999,2194.9,97.27,44.2,BUY,1,97.23,735.7,97.22,3578.2,97.21,1564.4,97.2,721.5,97.19,551.2,97.27,10.0,97.28,508.6,97.29,242.1,97.3,175.5,97.31,1258.7
1700000223.5,447,97.27000000000001,0.04000000000000625,97.25,10.0,97.29,381.6,5891.7,1596.7,97.25,7.1,SELL,3,97.25,10.0,97.24,2222.0,97.23,856.8,97.22,1244.6,97.21,1558.3,97.29,381.6,97.3,21.2,97.31,565.6,97.32,243.3,97.33,385.0
1700000224.0,448,97.29499999999999,0.04999999999999716,97.27,996.2,97.32,617.7,9606.8,3549.4,97.32,10.0,BUY,3,97.27,996.2,97.26,1217.0,97.25,1598.7,97.24,828.3,97.23,4966.6,97.32,617.7,97.33,452.3,97.34,148.1,97.35,1043.4,97.36,1287.9
1700000224.5,449,97.31,0.060000000000002274,97.28,404.4,97.34,286.5,3139.2999999999997,2646.9000000000005,97.28,19.3,SELL,2,97.28,404.4,97.27,1549.3,97.26,445.8,97.25,548.6,97.24,191.2,97.34,286.5,97.35,127.8,97.36,2203.8,97.37,18.8,97.38,10.0
1700000225.0,450,97.315,0.030000000000001137,97.3,2682.8,97.33,99.9,13240.199999999999,2382.8999999999996,97.3,50.4,SELL,1,97.3,2682.8,97.29,4108.2,97.28,2595.1,97.27,2012.8,97.26,1841.3,97.33,99.9,97.34,291.6,97.35,1288.3,97.36,77.1,97.37,626.0
1700000225.5,451,97.33,0.03999999999999204,97.31,1005.4,97.35,412.6,10591.7,3278.0,97.33,0.0,BUY,0,97.31,1005.4,97.3,12.2,97.29,4525.8,97.28,1767.4,97.27,3280.9,97.35,412.6,97.36,908.0,97.37,362.4,97.38,103.9,97.39,1491.1
1700000226.0,452,97.345,0.030000000000001137,97.33,124.3,97.36,69.2,9297.0,2692.5,97.33,19.0,SELL,1,97.33,124.3,97.32,66.2,97.31,6233.6,97.3,1266.8,97.29,1606.1,97.36,69.2,97.37,648.8,97.38,680.0,97.39,250.9,97.4,1043.6
1700000226.5,453,97.36,0.060000000000002274,97.33,690.1,97.39,1792.0,11226.4,5446.2,97.39,62.6,BUY,2,97.33,690.1,97.32,483.2,97.31,3346.7,97.3,6510.8,97.29,195.6,97.39,1792.0,97.4,422.1,97.41,269.9,97.42,400.5,97.43,2561.7
1700000227.0,454,97.37,0.060000000000002274,97.34,3229.3,97.4,114.1,9638.1,4978.5,97.34,73.4,SELL,2,97.34,3229.3,97.33,1224.8,97.32,477.3,97.31,1068.2,97.3,3638.5,97.4,114.1,97.41,337.5,97.42,245.9,97.43,1680.9,97.44,2600.1
1700000227.5,455,97.375,0.030000000000001137,97.36,2130.2,97.39,801.1,11646.800000000001,4689.5,97.36,67.3,SELL,1,97.36,2130.2,97.35,268.2,97.34,3834.5,97.33,4602.3,97.32,811.6,97.39,801.1,97.4,237.2,97.41,555.2,97.42,1917.8,97.43,1178.2
1700000228.0,456,97.39,0.03999999999999204,97.37,303.8,97.41,1881.3,6970.799999999999,6777.4,97.41,15.5,BUY,6,97.37,303.8,97.36,648.1,97.35,1080.6,97.34,4536.4,97.33,401.9,97.41,1881.3,97.42,549.2,97.43,1636.9,97.44,134.6,97.45,2575.4
1700000228.5,457,97.4,0.04000000000000625,97.38,440.8,97.42,62.3,6527.199999999999,4076.1,97.38,102.3,SELL,2,97.38,440.8,97.37,801.5,97.36,829.9,97.35,213.6,97.34,4241.4,97.42,62.3,97.43,423.3,97.44,1709.4,97.45,1525.7,97.46,355.4
1700000229.0,458,97.42,0.060000000000002274,97.39,139.5,97.45,862.1,6686.0,10070.599999999999,97.45,5.0,BUY,1,97.39,139.5,97.38,385.8,97.37,1668.7,97.36,2018.8,97.35,2473.2,97.45,862.1,97.46,3018.3,97.47,153.4,97.48,1343.1,97.49,4693.7
1700000229.5,459,97.44,0.03999999999999204,97.42,1020.1,97.46,27.3,4588.7,2929.3,97.42,13.7,SELL,2,97.42,1020.1,97.41,1210.0,97.4,604.9,97.39,1095.2,97.38,658.5,97.46,27.3,97.47,502.1,97.48,701.1,97.49,1238.5,97.5,460.3
1700000230.0,460,97.455,0.030000000000001137,97.44,2530.7,97.47,249.5,10542.5,4192.1,97.47,53.8,BUY,4,97.44,2530.7,97.43,472.7,97.42,89.5,97.41,5701.3,97.4,1748.3,97.47,249.5,97.48,512.3,97.49,159.7,97.5,1179.2,97.51,2091.4
1700000230.5,461,97.47999999999999,0.04000000000000625,97.46,1251.0,97.5,713.6,11683.900000000001,4293.3,97.46,91.7,SELL,1,97.46,1251.0,97.45,3044.1,97.44,1072.1,97.43,1030.5,97.42,5286.2,97.5,713.6,97.51,860.6,97.52,1529.5,97.53,502.4,97.54,687.2
1700000231.0,462,97.49000000000001,0.04000000000000625,97.47,15.8,97.51,448.0,5304.2,2622.0,97.51,69.7,BUY,2,97.47,15.8,97.46,380.8,97.45,3140.3,97.44,372.5,97.43,1394.8,97.51,448.0,97.52,358.4,97.53,1385.0,97.54,410.2,97.55,20.4
1700000231.5,463,97.5,0.060000000000002274,97.47,1824.0,97.53,290.0,4053.5,2083.7,97.47,134.9,SELL,1,97.47,1824.0,97.46,533.9,97.45,726.5,97.44,437.0,97.43,532.1,97.53,290.0,97.54,36.6,97.55,845.5,97.56,385.9,97.57,525.7
1700000232.0,464,97.5,0.03999999999999204,97.48,119.6,97.52,58.0,4374.699999999999,6838.0,97.48,5.0,SELL,4,97.48,119.6,97.47,659.3,97.46,724.2,97.45,2702.7,97.44,168.9,97.52,58.0,97.53,1516.2,97.54,2678.2,97.55,331.3,97.56,2254.3
1700000232.5,465,97.515,0.030000000000001137,97.5,1127.2,97.53,1344.9,2919.7999999999997,4491.200000000001,97.53,24.4,BUY,2,97.5,1127.2,97.49,142.6,97.48,572.4,97.47,324.1,97.46,753.5,97.53,1344.9,97.54,356.2,97.55,1023.5,97.56,1200.9,97.57,565.7
1700000233.0,466,97.52000000000001,0.04000000000000625,97.5,70.2,97.54,242.5,8332.7,4701.1,97.5,42.4,SELL,1,97.5,70.2,97.49,3861.3,97.48,562.9,97.47,1001.1,97.46,2837.2,97.54,242.5,97.55,331.0,97.56,204.5,97.57,1640.1,97.58,2283.0
1700000233.5,467,97.53,0.03999999999999204,97.51,129.6,97.55,60.6,8827.0,5096.9,97.51,52.6,SELL,2,97.51,129.6,97.5,2901.3,97.49,883.3,97.48,3200.2,97.47,1712.6,97.55,60.6,97.56,840.2,97.57,838.1,97.58,1131.4,97.59,2226.6
1700000234.0,468,97.54499999999999,0.04999999999999716,97.52,184.1,97.57,719.6,2104.9,3755.5,97.57,19.3,BUY,3,97.52,184.1,97.51,118.1,97.5,743.4,97.49,72.9,97.48,986.4,97.57,719.6,97.58,35.2,97.59,706.9,97.6,835.2,97.61,1458.6
1700000234.5,469,97.56,0.03999999999999204,97.54,675.2,97.58,71.3,8196.2,9125.1,97.54,10.7,SELL,4,97.54,675.2,97.53,1562.3,97.52,4043.1,97.51,955.0,97.5,960.6,97.58,71.3,97.59,280.1,97.6,5980.7,97.61,1819.4,97.62,973.6
1700000235.0,470,97.565,0.030000000000001137,97.55,986.8,97.58,331.1,7449.1,6270.4,97.55,42.0,SELL,6,97.55,986.8,97.54,43.0,97.53,4359.2,97.52,1647.8,97.51,412.3,97.58,331.1,97.59,1795.9,97.6,248.3,97.61,2204.6,97.62,1690.5
1700000235.5,471,97.58,0.03999999999999204,97.56,15.0,97.6,66.9,2414.8999999999996,2293.6000000000004,97.56,8.4,SELL,4,97.56,15.0,97.55,280.9,97.54,138.6,97.53,636.1,97.52,1344.3,97.6,66.9,97.61,574.7,97.62,999.7,97.63,10.2,97.64,642.1
1700000236.0,472,97.6,0.04000000000000625,97.58,492.0,97.62,721.7,7254.3,2952.4,97.62,5.0,BUY,1,97.58,492.0,97.57,1775.4,97.56,1073.4,97.55,2983.7,97.54,929.8,97.62,721.7,97.63,92.9,97.64,126.2,97.65,1517.4,97.66,494.2
1700000236.5,473,97.61,0.03999999999999204,97.59,499.0,97.63,601.4,10005.0,4869.0,97.63,84.2,BUY,4,97.59,499.0,97.58,266.5,97.57,3714.8,97.56,1757.9,97.55,3766.8,97.63,601.4,97.64,661.2,97.65,2705.8,97.66,672.5,97.67,228.1
1700000237.0,474,97.63,0.04000000000000625,97.61,204.8,97.65,360.4,1779.5000000000002,14378.300000000001,97.63,0.0,BUY,0,97.61,204.8,97.6,61.4,97.59,795.2,97.58,221.9,97.57,496.2,97.65,360.4,97.66,4306.1,97.67,1336.3,97.68,5786.1,97.69,2589.4
1700000237.5,475,97.64,0.03999999999999204,97.62,334.2,97.66,205.4,4739.8,3417.3,97.62,18.6,SELL,3,97.62,334.2,97.61,961.4,97.6,362.8,97.59,2127.8,97.58,953.6,97.66,205.4,97.67,599.7,97.68,1506.9,97.69,591.4,97.7,513.9
1700000238.0,476,97.655,0.030000000000001137,97.64,102.8,97.67,631.1,7225.8,5224.5,97.67,9.8,BUY,1,97.64,102.8,97.63,1920.4,97.62,2012.9,97.61,1069.9,97.6,2119.8,97.67,631.1,97.68,1208.9,97.69,849.0,97.7,723.2,97.71,1812.3
1700000238.5,477,97.66,0.04000000000000625,97.64,1329.8,97.68,1756.6,5429.5,7613.700000000001,97.66,0.0,BUY,0,97.64,1329.8,97.63,695.2,97.62,3058.7,97.61,116.5,97.6,229.3,97.68,1756.6,97.69,535.2,97.7,2731.8,97.71,1807.6,97.72,782.5
1700000239.0,478,97.67,0.03999999999999204,97.65,10.4,97.69,685.4,3829.3999999999996,8732.0,97.65,86.0,SELL,2,97.65,10.4,97.64,1929.8,97.63,590.5,97.62,826.7,97.61,472.0,97.69,685.4,97.7,1218.4,97.71,3195.3,97.72,3365.0,97.73,267.9
1700000239.5,479,97.69,0.03999999999999204,97.67,217.2,97.71,44.4,11861.0,3754.3999999999996,97.69,0.0,BUY,0,97.67,217.2,97.66,430.1,97.65,1994.9,97.64,2694.2,97.63,6524.6,97.71,44.4,97.72,545.1,97.73,1169.0,97.74,1938.2,97.75,57.7
1700000240.0,480,97.71000000000001,0.04000000000000625,97.69,125.0,97.73,333.5,4332.900000000001,2135.8,97.69,88.0,SELL,3,97.69,125.0,97.68,218.8,97.67,2605.3,97.66,479.0,97.65,904.8,97.73,333.5,97.74,903.5,97.75,217.9,97.76,667.2,97.77,13.7
1700000240.5,481,97.72999999999999,0.04000000000000625,97.71,592.0,97.75,57.3,4910.799999999999,2251.8,97.71,16.3,SELL,2,97.71,592.0,97.7,343.0,97.69,1300.5,97.68,1179.7,97.67,1495.6,97.75,57.3,97.76,601.3,97.77,65.5,97.78,455.8,97.79,1071.9
1700000241.0,482,97.735,0.030000000000001137,97.72,1110.8,97.75,915.8,6009.1,3052.1,97.75,12.7,BUY,2,97.72,1110.8,97.71,781.6,97.7,250.9,97.69,1706.4,97.68,2159.4,97.75,915.8,97.76,331.2,97.77,320.3,97.78,659.9,97.79,824.9
1700000241.5,483,97.76,0.060000000000002274,97.73,277.5,97.79,217.4,7767.700000000001,7002.2,97.73,32.7,SELL,2,97.73,277.5,97.72,464.4,97.71,1475.4,97.7,3787.4,97.69,1763.0,97.79,217.4,97.8,4237.8,97.81,194.1,97.82,682.4,97.83,1670.5
1700000242.0,484,97.77000000000001,0.04000000000000625,97.75,38.2,97.79,505.8,8398.3,2922.3,97.77000000000001,0.0,BUY,0,97.75,38.2,97.74,402.0,97.73,356.5,97.72,265.3,97.71,7336.3,97.79,505.8,97.8,266.1,97.81,718.1,97.82,488.0,97.83,944.3
1700000242.5,485,97.78,0.03999999999999204,97.76,218.7,97.8,345.1,5239.0,2696.9,97.76,18.8,SELL,1,97.76,218.7,97.75,527.4,97.74,2193.1,97.73,502.6,97.72,1797.2,97.8,345.1,97.81,10.0,97.82,464.9,97.83,63.9,97.84,1813.0
1700000243.0,486,97.78999999999999,0.04000000000000625,97.77,358.5,97.81,1452.0,4332.200000000001,4476.7,97.81,44.5,BUY,2,97.77,358.5,97.76,482.5,97.75,605.8,97.74,758.6,97.73,2126.8,97.81,1452.0,97.82,337.1,97.83,1020.3,97.84,950.7,97.85,716.6
1700000243.5,487,97.81,0.03999999999999204,97.79,257.8,97.83,720.4,6947.299999999999,5724.399999999999,97.79,5.0,SELL,2,97.79,257.8,97.78,917.7,97.77,1059.2,97.76,2677.2,97.75,2035.4,97.83,720.4,97.84,3543.2,97.85,527.4,97.86,442.0,97.87,491.4
1700000244.0,488,97.815,0.04999999999999716,97.79,441.8,97.84,502.8,15778.0,6440.9,97.84,173.7,BUY,2,97.79,441.8,97.78,4149.2,97.77,4066.6,97.76,2853.5,97.75,4266.9,97.84,502.8,97.85,217.5,97.86,83.0,97.87,3372.1,97.88,2265.5
1700000244.5,489,97.83,0.03999999999999204,97.81,972.4,97.85,325.6,8213.0,5675.000000000001,97.81,100.3,SELL,1,97.81,972.4,97.8,1086.2,97.79,119.2,97.78,655.9,97.77,5379.3,97.85,325.6,97.86,1750.2,97.87,2534.5,97.88,977.6,97.89,87.1
1700000245.0,490,102.00999999999999,0.04000000000000625,101.99,351.5,102.03,393.4,5924.3,2146.9,101.99,58.4,SELL,1,101.99,351.5,101.98,164.7,101.97,1034.3,101.96,1095.5,101.95,3278.3,102.03,393.4,102.04,707.9,102.05,662.5,102.06,12.9,102.07,370.2
1700000245.5,491,102.03,0.03999999999999204,102.01,882.1,102.05,904.6,5042.699999999999,9296.0,102.05,5.0,BUY,2,102.01,882.1,102.0,2483.4,101.99,1229.4,101.98,147.4,101.97,300.4,102.05,904.6,102.06,631.1,102.07,193.0,102.08,1638.0,102.09,5929.3
1700000246.0,492,102.03999999999999,0.04000000000000625,102.02,945.2,102.06,132.5,5428.1,2487.1,102.06,106.6,BUY,4,102.02,945.2,102.01,13.3,102.0,3127.8,101.99,541.5,101.98,800.3,102.06,132.5,102.07,601.1,102.08,1090.9,102.09,390.4,102.1,272.2
1700000246.5,493,102.06,0.03999999999999204,102.04,123.2,102.08,492.4,2818.1,3593.6,102.04,35.0,SELL,2,102.04,123.2,102.03,94.5,102.02,1922.9,102.01,407.3,102.0,270.2,102.08,492.4,102.09,622.4,102.1,460.3,102.11,307.6,102.12,1710.9
1700000247.0,494,102.36,0.03999999999999204,102.34,935.6,102.38,228.9,7429.0,2368.2,102.38,43.5,BUY,1,102.34,935.6,102.33,452.1,102.32,3510.5,102.31,333.3,102.3,2197.5,102.38,228.9,102.39,434.6,102.4,328.1,102.41,48.7,102.42,1327.9
1700000247.5,495,102.37,0.04000000000000625,102.35,1968.0,102.39,851.3,9137.4,2539.7000000000003,102.35,15.5,SELL,5,102.35,1968.0,102.34,2060.0,102.33,40.3,102.32,968.9,102.31,4100.2,102.39,851.3,102.4,337.1,102.41,586.9,102.42,503.6,102.43,260.8
1700000248.0,496,102.375,0.030000000000001137,102.36,383.9,102.39,232.4,4268.3,991.9000000000001,102.375,0.0,BUY,0,102.36,383.9,102.35,816.5,102.34,722.8,102.33,1124.7,102.32,1220.4,102.39,232.4,102.4,57.6,102.41,130.2,102.42,93.5,102.43,478.2
1700000248.5,497,102.39,0.03999999999999204,102.37,178.5,102.41,478.5,7936.900000000001,3539.9,102.37,90.6,SELL,3,102.37,178.5,102.36,1183.9,102.35,140.8,102.34,1572.4,102.33,4861.3,102.41,478.5,102.42,723.5,102.43,1036.5,102.44,93.0,102.45,1208.4
1700000249.0,498,102.405,0.030000000000001137,102.39,10.0,102.42,174.4,3266.4,6281.7,102.39,16.7,SELL,2,102.39,10.0,102.38,2630.2,102.37,129.0,102.36,164.4,102.35,332.8,102.42,174.4,102.43,15.5,102.44,1280.9,102.45,1912.2,102.46,2898.7
1700000249.5,499,102.42,0.060000000000002274,102.39,2318.8,102.45,779.4,11365.0,4893.6,102.39,15.1,SELL,2,102.39,2318.8,102.38,1426.8,102.37,4411.5,102.36,2349.1,102.35,858.8,102.45,779.4,102.46,1685.9,102.47,1214.1,102.48,19.2,102.49,1195.0
1700000250.0,500,102.43,0.04000000000000625,102.41,1723.6,102.45,486.4,4234.0,4634.599999999999,102.41,35.4,SELL,2,102.41,1723.6,102.4,1077.7,102.39,370.3,102.38,286.9,102.37,775.5,102.45,486.4,102.46,231.2,102.47,75.1,102.48,2166.6,102.49,1675.3
1700000250.5,501,102.44,0.03999999999999204,102.42,186.6,102.46,311.6,4188.5,1434.5,102.46,19.1,BUY,5,102.42,186.6,102.41,126.8,102.4,1318.9,102.39,391.2,102.38,2165.0,102.46,311.6,102.47,470.1,102.48,114.7,102.49,308.5,102.5,229.6
1700000251.0,502,102.45,0.03999999999999204,102.43,820.8,102.47,381.7,7911.400000000001,3874.6,102.43,56.8,SELL,3,102.43,820.8,102.42,2200.8,102.41,2325.2,102.4,1881.3,102.39,683.3,102.47,381.7,102.48,208.0,102.49,451.9,102.5,807.4,102.51,2025.6
1700000251.5,503,102.47,0.03999999999999204,102.45,1208.4,102.49,160.4,6092.0,6002.299999999999,102.45,27.2,SELL,3,102.45,1208.4,102.44,339.7,102.43,784.9,102.42,2438.1,102.41,1320.9,102.49,160.4,102.5,961.4,102.51,1845.1,102.52,10.0,102.53,3025.4
1700000252.0,504,102.47999999999999,0.04000000000000625,102.46,1355.1,102.5,150.6,6177.900000000001,1855.6000000000001,102.46,27.1,SELL,2,102.46,1355.1,102.45,395.9,102.44,703.2,102.43,2371.4,102.42,1352.3,102.5,150.6,102.51,778.7,102.52,438.5,102.53,443.8,102.54,44.0
1700000252.5,505,102.5,0.03999999999999204,102.48,1584.2,102.52,1162.6,7773.3,3687.3999999999996,102.5,0.0,BUY,0,102.48,1584.2,102.47,51.5,102.46,2567.8,102.45,3549.8,102.44,20.0,102.52,1162.6,102.53,137.8,102.54,110.1,102.55,828.6,102.56,1448.3
1700000253.0,506,102.515,0.030000000000001137,102.5,58.3,102.53,648.9,5186.700000000001,3672.9999999999995,102.5,67.3,SELL,1,102.5,58.3,102.49,1011.9,102.48,877.7,102.47,3046.2,102.46,192.6,102.53,648.9,102.54,269.4,102.55,805.4,102.56,1086.2,102.57,863.1
1700000253.5,507,102.52,0.060000000000002274,102.49,802.6,102.55,778.4,9690.599999999999,6198.7,102.55,17.0,BUY,5,102.49,802.6,102.48,2630.1,102.47,118.0,102.46,4170.4,102.45,1969.5,102.55,778.4,102.56,490.2,102.57,172.2,102.58,1702.4,102.59,3055.5
1700000254.0,508,102.53,0.060000000000002274,102.5,33.9,102.56,302.3,5478.1,2043.0,102.5,5.0,SELL,1,102.5,33.9,102.49,738.7,102.48,1518.0,102.47,930.5,102.46,2257.0,102.56,302.3,102.57,617.6,102.58,699.4,102.59,135.1,102.6,288.6
1700000254.5,509,102.54499999999999,0.04999999999999716,102.52,498.4,102.57,903.6,4565.6,4268.6,102.57,36.1,BUY,3,102.52,498.4,102.51,132.4,102.5,578.1,102.49,3241.3,102.48,115.4,102.57,903.6,102.58,328.5,102.59,2317.9,102.6,329.6,102.61,389.0
1700000255.0,510,102.56,0.03999999999999204,102.54,2587.2,102.58,1809.6,9901.6,9686.1,102.54,6.4,SELL,1,102.54,2587.2,102.53,733.7,102.52,3928.6,102.51,1443.7,102.5,1208.4,102.58,1809.6,102.59,434.2,102.6,362.5,102.61,2846.8,102.62,4233.0
1700000255.5,511,102.57,0.04000000000000625,102.55,1357.7,102.59,1416.3,4705.200000000001,3164.6000000000004,102.55,14.3,SELL,6,102.55,1357.7,102.54,1211.9,102.53,933.3,102.52,229.9,102.51,972.4,102.59,1416.3,102.6,118.0,102.61,174.2,102.62,931.8,102.63,524.3
1700000256.0,512,102.58,0.03999999999999204,102.56,553.7,102.6,141.4,5785.5,5492.799999999999,102.56,35.6,SELL,2,102.56,553.7,102.55,1253.4,102.54,400.3,102.53,1792.9,102.52,1785.2,102.6,141.4,102.61,936.1,102.62,117.8,102.63,2378.6,102.64,1918.9
1700000256.5,513,102.59,0.04000000000000625,102.57,1476.9,102.61,161.9,6778.900000000001,4674.400000000001,102.57,14.0,SELL,3,102.57,1476.9,102.56,810.4,102.55,2160.3,102.54,1882.7,102.53,448.6,102.61,161.9,102.62,358.8,102.63,558.6,102.64,2865.4,102.65,729.7
1700000257.0,514,102.605,0.030000000000001137,102.59,1098.5,102.62,294.2,8922.5,4674.5,102.62,20.3,BUY,4,102.59,1098.5,102.58,2244.2,102.57,718.5,102.56,4137.2,102.55,724.1,102.62,294.2,102.63,3040.7,102.64,550.3,102.65,332.1,102.66,457.2
1700000257.5,515,102.62,0.04000000000000625,102.6,342.2,102.64,431.7,3460.1,2052.3,102.62,0.0,BUY,0,102.6,342.2,102.59,2445.8,102.58,20.3,102.57,452.1,102.56,199.7,102.64,431.7,102.65,228.7,102.66,1274.9,102.67,47.6,102.68,69.4
1700000258.0,516,102.64,0.03999999999999204,102.62,168.2,102.66,1750.4,4980.9,4447.1,102.66,5.0,BUY,1,102.62,168.2,102.61,1953.2,102.6,235.6,102.59,691.7,102.58,1932.2,102.66,1750.4,102.67,1405.5,102.68,345.4,102.69,142.6,102.7,803.2
1700000258.5,517,102.655,0.030000000000001137,102.64,1074.6,102.67,364.1,5908.6,7977.799999999999,102.64,101.0,SELL,1,102.64,1074.6,102.63,700.4,102.62,2836.5,102.61,58.6,102.6,1238.5,102.67,364.1,102.68,2429.2,102.69,2495.0,102.7,2126.8,102.71,562.7
1700000259.0,518,102.66,0.060000000000002274,102.63,584.0,102.69,503.3,6757.2,3195.4,102.69,77.0,BUY,2,102.63,584.0,102.62,685.2,102.61,671.4,102.6,213.4,102.59,4603.2,102.69,503.3,102.7,460.1,102.71,1230.6,102.72,151.9,102.73,849.5
1700000259.5,519,102.67,0.03999999999999204,102.65,971.1,102.69,68.2,7525.599999999999,8034.799999999999,102.65,15.3,SELL,2,102.65,971.1,102.64,1902.5,102.63,2828.2,102.62,483.8,102.61,1340.0,102.69,68.2,102.7,1092.1,102.71,1788.8,102.72,3198.6,102.73,1887.1
1700000260.0,520,102.69,0.03999999999999204,102.67,71.7,102.71,511.6,9534.300000000001,4023.3999999999996,102.71,56.4,BUY,4,102.67,71.7,102.66,707.8,102.65,2857.8,102.64,4671.9,102.63,1225.1,102.71,511.6,102.72,1514.1,102.73,614.1,102.74,278.6,102.75,1105.0
1700000260.5,521,102.7,0.060000000000002274,102.67,638.5,102.73,1348.7,8039.099999999999,5785.300000000001,102.67,8.1,SELL,1,102.67,638.5,102.66,2864.2,102.65,2412.7,102.64,1985.3,102.63,138.4,102.73,1348.7,102.74,119.0,102.75,2122.6,102.76,1367.4,102.77,827.6
1700000261.0,522,102.70500000000001,0.04999999999999716,102.68,500.8,102.73,615.6,7452.4,2846.5,102.73,5.0,BUY,1,102.68,500.8,102.67,888.4,102.66,2178.8,102.65,3332.4,102.64,552.0,102.73,615.6,102.74,409.8,102.75,413.8,102.76,254.0,102.77,1153.3
1700000261.5,523,102.715,0.030000000000001137,102.7,755.8,102.73,10.0,4173.0,6634.2,102.73,63.9,BUY,1,102.7,755.8,102.69,380.9,102.68,729.2,102.67,501.6,102.66,1805.5,102.73,10.0,102.74,1770.1,102.75,358.9,102.76,751.2,102.77,3744.0
1700000262.0,524,102.72999999999999,0.04000000000000625,102.71,431.3,102.75,623.9,4829.5,4768.1,102.71,247.8,SELL,3,102.71,431.3,102.7,2310.2,102.69,1062.7,102.68,595.3,102.67,430.0,102.75,623.9,102.76,1027.5,102.77,649.8,102.78,2456.9,102.79,10.0
1700000262.5,525,102.735,0.030000000000001137,102.72,390.1,102.75,479.5,12120.5,9143.5,102.75,25.1,BUY,4,102.72,390.1,102.71,1762.2,102.7,5600.4,102.69,2009.9,102.68,2357.9,102.75,479.5,102.76,218.7,102.77,2680.2,102.78,2042.6,102.79,3722.5
1700000263.0,526,102.75,0.03999999999999204,102.73,728.9,102.77,575.1,3913.0,2115.9,102.73,10.9,SELL,7,102.73,728.9,102.72,240.9,102.71,1030.4,102.7,1834.3,102.69,78.5,102.77,575.1,102.78,806.6,102.79,331.9,102.8,250.7,102.81,151.6
1700000263.5,527,102.77000000000001,0.04000000000000625,102.75,1144.4,102.79,1479.5,3340.2000000000003,6289.199999999999,102.79,35.9,BUY,1,102.75,1144.4,102.74,102.4,102.73,407.0,102.72,1622.3,102.71,64.1,102.79,1479.5,102.8,990.1,102.81,1488.1,102.82,523.4,102.83,1808.1
1700000264.0,528,102.77000000000001,0.04000000000000625,102.75,249.2,102.79,776.6,2611.4,6961.6,102.79,172.6,BUY,2,102.75,249.2,102.74,220.8,102.73,584.9,102.72,369.6,102.71,1186.9,102.79,776.6,102.8,4132.2,102.81,44.0,102.82,874.6,102.83,1134.2
1700000264.5,529,102.78999999999999,0.04000000000000625,102.77,111.1,102.81,726.1,9866.000000000002,4112.4,102.77,5.0,SELL,3,102.77,111.1,102.76,471.6,102.75,3695.9,102.74,5430.3,102.73,157.1,102.81,726.1,102.82,378.1,102.83,675.0,102.84,451.7,102.85,1881.5
1700000265.0,530,102.8,0.060000000000002274,102.77,901.2,102.83,454.6,5574.8,6333.3,102.77,5.0,SELL,3,102.77,901.2,102.76,201.7,102.75,957.4,102.74,3303.2,102.73,211.3,102.83,454.6,102.84,1123.0,102.85,154.3,102.86,1475.1,102.87,3126.3
1700000265.5,531,102.81,0.03999999999999204,102.79,2048.7,102.83,1308.5,6636.400000000001,8873.2,102.83,60.2,BUY,2,102.79,2048.7,102.78,457.6,102.77,1748.2,102.76,360.6,102.75,2021.3,102.83,1308.5,102.84,868.9,102.85,2505.0,102.86,1833.3,102.87,2357.5
1700000266.0,532,102.83,0.03999999999999204,102.81,863.6,102.85,757.5,9733.0,3791.8999999999996,102.85,15.5,BUY,1,102.81,863.6,102.8,1625.6,102.79,278.1,102.78,1774.0,102.77,5191.7,102.85,757.5,102.86,1022.5,102.87,21.3,102.88,131.6,102.89,1859.0
1700000266.5,533,102.84,0.04000000000000625,102.82,734.5,102.86,1301.0,5840.900000000001,5229.5,102.84,0.0,BUY,0,102.82,734.5,102.81,65.7,102.8,719.5,102.79,1151.9,102.78,3169.3,102.86,1301.0,102.87,159.5,102.88,1290.9,102.89,1106.3,102.9,1371.8
1700000267.0,534,102.86,0.03999999999999204,102.84,393.3,102.88,1680.5,4952.0,5447.5,102.84,9.3,SELL,1,102.84,393.3,102.83,1548.1,102.82,1348.7,102.81,1394.6,102.8,267.3,102.88,1680.5,102.89,434.5,102.9,349.2,102.91,1200.3,102.92,1783.0
1700000267.5,535,102.87,0.04000000000000625,102.85,1581.3,102.89,902.9,5233.9,2469.2000000000003,102.85,159.5,SELL,2,102.85,1581.3,102.84,863.5,102.83,1661.2,102.82,183.9,102.81,944.0,102.89,902.9,102.9,997.7,102.91,76.0,102.92,470.8,102.93,21.8
1700000268.0,536,102.89,0.03999999999999204,102.87,1337.2,102.91,869.6,23143.3,3074.6000000000004,102.87,30.7,SELL,4,102.87,1337.2,102.86,1677.3,102.85,6579.9,102.84,3990.1,102.83,9558.8,102.91,869.6,102.92,384.9,102.93,491.0,102.94,239.4,102.95,1089.7
1700000268.5,537,102.905,0.05000000000001137,102.88,617.7,102.93,506.2,11349.8,4044.4,102.88,7.5,SELL,1,102.88,617.7,102.87,2714.4,102.86,5617.9,102.85,230.4,102.84,2169.4,102.93,506.2,102.94,666.4,102.95,922.1,102.96,1479.4,102.97,470.3
1700000269.0,538,102.925,0.030000000000001137,102.91,287.9,102.94,52.0,4789.5,6981.6,102.91,19.7,SELL,1,102.91,287.9,102.9,423.2,102.89,3187.3,102.88,157.5,102.87,733.6,102.94,52.0,102.95,1664.9,102.96,1278.7,102.97,3442.9,102.98,543.1
1700000269.5,539,102.92,0.03999999999999204,102.9,110.1,102.94,489.0,3724.0,4685.699999999999,102.94,19.8,BUY,1,102.9,110.1,102.89,571.0,102.88,1314.0,102.87,860.4,102.86,868.5,102.94,489.0,102.95,134.5,102.96,802.6,102.97,3018.2,102.98,241.4
1700000270.0,540,102.93,0.04000000000000625,102.91,434.0,102.95,289.9,7235.0,2828.2,102.91,5.0,SELL,5,102.91,434.0,102.9,1194.6,102.89,2171.9,102.88,291.0,102.87,3143.5,102.95,289.9,102.96,484.4,102.97,825.9,102.98,457.6,102.99,770.4
1700000270.5,541,102.94,0.01999999999999602,102.93,5342.8,102.95,109.7,11215.2,4137.1,102.95,33.0,BUY,6,102.93,5342.8,102.92,1760.3,102.91,2376.5,102.9,627.2,102.89,1108.4,102.95,109.7,102.96,2147.3,102.97,172.9,102.98,1017.4,102.99,689.8
1700000271.0,542,102.955,0.030000000000001137,102.94,315.6,102.97,162.4,2133.6,3864.5,102.97,73.6,BUY,3,102.94,315.6,102.93,100.2,102.92,739.6,102.91,949.1,102.9,29.1,102.97,162.4,102.98,802.4,102.99,1502.7,103.0,985.5,103.01,411.5
1700000271.5,543,102.96000000000001,0.04000000000000625,102.94,1758.0,102.98,626.6,9120.400000000001,4898.200000000001,102.94,165.7,SELL,4,102.94,1758.0,102.93,903.0,102.92,798.8,102.91,2450.3,102.9,3210.3,102.98,626.6,102.99,241.7,103.0,1705.8,103.01,1801.5,103.02,522.6
1700000272.0,544,102.97999999999999,0.04000000000000625,102.96,229.7,103.0,21.0,2393.1,1825.2999999999997,102.96,21.1,SELL,2,102.96,229.7,102.95,158.0,102.94,642.9,102.93,607.6,102.92,754.9,103.0,21.0,103.01,181.9,103.02,300.0,103.03,68.8,103.04,1253.6
1700000272.5,545,103.0,0.03999999999999204,102.98,506.1,103.02,302.8,9089.300000000001,4202.1,102.98,61.9,SELL,5,102.98,506.1,102.97,1628.8,102.96,2402.2,102.95,1418.3,102.94,3133.9,103.02,302.8,103.03,1152.3,103.04,1854.8,103.05,829.1,103.06,63.1
1700000273.0,546,103.00999999999999,0.04000000000000625,102.99,495.6,103.03,2884.6,10792.2,5741.0,102.99,92.8,SELL,2,102.99,495.6,102.98,5668.6,102.97,169.7,102.96,831.4,102.95,3626.9,103.03,2884.6,103.04,458.8,103.05,976.6,103.06,1141.9,103.07,279.1
1700000273.5,547,103.03,0.03999999999999204,103.01,2134.4,103.05,1339.5,7586.5,8769.0,103.01,11.3,SELL,1,103.01,2134.4,103.0,991.7,102.99,1406.4,102.98,659.6,102.97,2394.4,103.05,1339.5,103.06,99.7,103.07,281.8,103.08,4713.4,103.09,2334.6
1700000274.0,548,103.04499999999999,0.04999999999999716,103.02,283.5,103.07,171.4,6099.6,4085.2,103.07,55.3,BUY,1,103.02,283.5,103.01,197.5,103.0,1598.6,102.99,1415.7,102.98,2604.3,103.07,171.4,103.08,129.3,103.09,1902.5,103.1,142.2,103.11,1739.8
1700000274.5,549,103.05,0.03999999999999204,103.03,1750.7,103.07,399.8,5068.299999999999,6671.9,103.07,149.7,BUY,2,103.03,1750.7,103.02,614.4,103.01,593.8,103.0,261.5,102.99,1847.9,103.07,399.8,103.08,1225.7,103.09,1448.3,103.1,2602.7,103.11,995.4
1700000275.0,550,103.06,0.03999999999999204,103.04,3109.0,103.08,707.9,9722.5,5783.7,103.08,26.4,BUY,3,103.04,3109.0,103.03,377.9,103.02,1977.0,103.01,2402.6,103.0,1856.0,103.08,707.9,103.09,2252.9,103.1,343.5,103.11,957.2,103.12,1522.2
1700000275.5,551,103.07,0.04000000000000625,103.05,407.4,103.09,463.7,9737.1,5195.2,103.05,9.4,SELL,1,103.05,407.4,103.04,5649.8,103.03,446.9,103.02,617.1,103.01,2615.9,103.09,463.7,103.1,858.1,103.11,873.3,103.12,449.4,103.13,2550.7
1700000276.0,552,103.09,0.04000000000000625,103.07,1753.7,103.11,979.0,4552.6,6290.0,103.11,37.1,BUY,2,103.07,1753.7,103.06,44.3,103.05,999.4,103.04,1236.4,103.03,518.8,103.11,979.0,103.12,719.1,103.13,1722.9,103.14,1162.8,103.15,1706.2
1700000276.5,553,103.11,0.03999999999999204,103.09,139.7,103.13,146.8,1021.6,1154.6,103.09,125.0,SELL,4,103.09,139.7,103.08,368.0,103.07,354.5,103.06,74.3,103.05,85.1,103.13,146.8,103.14,477.1,103.15,59.4,103.16,136.7,103.17,334.6
1700000277.0,554,103.125,0.030000000000001137,103.11,593.8,103.14,1324.3,5156.9,5915.9,103.125,0.0,BUY,0,103.11,593.8,103.1,839.3,103.09,2997.3,103.08,121.5,103.07,605.0,103.14,1324.3,103.15,1417.4,103.16,355.2,103.17,2571.0,103.18,248.0
1700000277.5,555,103.15,0.04000000000000625,103.13,402.3,103.17,532.1,3246.6,5738.799999999999,103.13,21.9,SELL,4,103.13,402.3,103.12,253.9,103.11,1229.8,103.1,44.5,103.09,1316.1,103.17,532.1,103.18,418.2,103.19,2893.1,103.2,1012.2,103.21,883.2
1700000278.0,556,103.16,0.04000000000000625,103.14,1481.9,103.18,46.4,7146.599999999999,4262.2,103.16,0.0,BUY,0,103.14,1481.9,103.13,4072.1,103.12,867.9,103.11,560.3,103.1,164.4,103.18,46.4,103.19,10.0,103.2,2066.5,103.21,640.8,103.22,1498.5
1700000278.5,557,103.17,0.03999999999999204,103.15,257.9,103.19,259.8,3505.1,3653.2,103.19,21.8,BUY,3,103.15,257.9,103.14,301.4,103.13,717.2,103.12,2172.4,103.11,56.2,103.19,259.8,103.2,1169.6,103.21,1428.5,103.22,774.3,103.23,21.0
1700000279.0,558,103.19,0.03999999999999204,103.17,265.6,103.21,449.2,7438.9,3409.0,103.21,15.0,BUY,6,103.17,265.6,103.16,110.2,103.15,441.0,103.14,2518.1,103.13,4104.0,103.21,449.2,103.22,332.0,103.23,169.0,103.24,797.9,103.25,1660.9
1700000279.5,559,103.21000000000001,0.04000000000000625,103.19,52.0,103.23,48.1,18678.2,4621.5,103.19,31.8,SELL,2,103.19,52.0,103.18,15.2,103.17,9127.0,103.16,2490.5,103.15,6993.5,103.23,48.1,103.24,2054.2,103.25,101.2,103.26,872.6,103.27,1545.4
1700000280.0,560,103.22999999999999,0.04000000000000625,103.21,677.4,103.25,491.6,12810.6,1756.2,103.21,204.4,SELL,2,103.21,677.4,103.2,725.8,103.19,6459.6,103.18,441.7,103.17,4506.1,103.25,491.6,103.26,412.3,103.27,553.0,103.28,191.7,103.29,107.6
1700000280.5,561,103.24000000000001,0.04000000000000625,103.22,828.5,103.26,838.7,6807.2,7695.4,103.22,25.4,SELL,3,103.22,828.5,103.21,2228.9,103.2,2906.1,103.19,823.0,103.18,20.7,103.26,838.7,103.27,2156.9,103.28,1091.5,103.29,1009.4,103.3,2598.9
1700000281.0,562,103.25,0.03999999999999204,103.23,442.2,103.27,549.7,6181.3,3433.0,103.27,38.8,BUY,1,103.23,442.2,103.22,572.2,103.21,424.0,103.2,2917.2,103.19,1825.7,103.27,549.7,103.28,650.5,103.29,731.1,103.3,167.4,103.31,1334.3
1700000281.5,563,103.265,0.030000000000001137,103.25,780.1,103.28,2717.8,8675.5,3947.5000000000005,103.25,25.1,SELL,4,103.25,780.1,103.24,3307.3,103.23,1419.3,103.22,488.2,103.21,2680.6,103.28,2717.8,103.29,113.0,103.3,22.8,103.31,1081.4,103.32,12.5
1700000282.0,564,103.27,0.060000000000002274,103.24,3149.3,103.3,334.9,11471.7,2859.5,103.3,32.5,BUY,4,103.24,3149.3,103.23,3227.0,103.22,412.5,103.21,461.4,103.2,4221.5,103.3,334.9,103.31,10.0,103.32,1504.1,103.33,837.5,103.34,173.0
1700000282.5,565,97.24000000000001,0.04000000000000625,97.22,286.7,97.26,487.5,7877.0,2342.5,97.22,8.2,SELL,1,97.22,286.7,97.21,152.5,97.2,5252.3,97.19,1550.4,97.18,635.1,97.26,487.5,97.27,120.0,97.28,176.3,97.29,231.3,97.3,1327.4
1700000283.0,566,97.26,0.060000000000002274,97.23,483.4,97.29,302.0,5739.8,4568.6,97.23,169.3,SELL,2,97.23,483.4,97.22,827.4,97.21,2967.1,97.2,1252.8,97.19,209.1,97.29,302.0,97.3,1380.0,97.31,968.8,97.32,115.8,97.33,1802.0
1700000283.5,567,97.27000000000001,0.04000000000000625,97.25,61.7,97.29,127.1,2246.8,1396.0,97.25,37.8,SELL,2,97.25,61.7,97.24,47.5,97.23,878.7,97.22,884.7,97.21,374.2,97.29,127.1,97.3,160.7,97.31,574.6,97.32,294.6,97.33,239.0
1700000284.0,568,97.285,0.030000000000001137,97.27,14.3,97.3,232.3,7535.8,4555.5,97.27,61.2,SELL,2,97.27,14.3,97.26,268.5,97.25,636.4,97.24,4006.8,97.23,2609.8,97.3,232.3,97.31,1052.3,97.32,61.6,97.33,2174.1,97.34,1035.2
1700000284.5,569,97.28999999999999,0.04000000000000625,97.27,167.8,97.31,70.6,6930.3,6815.5,97.28999999999999,0.0,BUY,0,97.27,167.8,97.26,333.2,97.25,1786.3,97.24,303.7,97.23,4339.3,97.31,70.6,97.32,1450.5,97.33,999.9,97.34,1829.8,97.35,2464.7
1700000285.0,570,97.295,0.030000000000001137,97.28,388.9,97.31,250.4,11586.5,6720.0,97.28,50.4,SELL,3,97.28,388.9,97.27,3182.7,97.26,452.0,97.25,5488.3,97.24,2074.6,97.31,250.4,97.32,2880.5,97.33,1361.8,97.34,2189.2,97.35,38.1
1700000285.5,571,97.32,0.04000000000000625,97.3,2759.7,97.34,876.7,12117.0,2593.3,97.34,30.2,BUY,1,97.3,2759.7,97.29,2562.3,97.28,2555.2,97.27,1615.3,97.26,2624.5,97.34,876.7,97.35,91.4,97.36,28.8,97.37,1384.9,97.38,211.5
1700000286.0,572,97.325,0.030000000000001137,97.31,169.4,97.34,340.6,7016.2,6424.5,97.31,21.9,SELL,4,97.31,169.4,97.3,1032.8,97.29,1461.7,97.28,3808.4,97.27,543.9,97.34,340.6,97.35,273.5,97.36,371.7,97.37,3739.2,97.38,1699.5
1700000286.5,573,97.35,0.060000000000002274,97.32,400.1,97.38,1075.3,3617.2000000000003,2784.7000000000003,97.32,113.5,SELL,4,97.32,400.1,97.31,568.6,97.3,1847.7,97.29,674.9,97.28,125.9,97.38,1075.3,97.39,1078.0,97.4,474.4,97.41,125.7,97.42,31.3
1700000287.0,574,97.36,0.03999999999999204,97.34,728.9,97.38,275.5,11045.1,2209.6,97.36,0.0,BUY,0,97.34,728.9,97.33,394.2,97.32,3803.0,97.31,3690.4,97.3,2428.6,97.38,275.5,97.39,10.0,97.4,1561.9,97.41,135.0,97.42,227.2
1700000287.5,575,97.375,0.030000000000001137,97.36,345.9,97.39,606.5,4710.8,4505.2,97.36,17.2,SELL,6,97.36,345.9,97.35,894.0,97.34,1681.2,97.33,1403.0,97.32,386.7,97.39,606.5,97.4,138.8,97.41,249.9,97.42,1469.9,97.43,2040.1
1700000288.0,576,97.38,0.04000000000000625,97.36,13.6,97.4,1195.0,4213.3,4729.200000000001,97.4,15.0,BUY,1,97.36,13.6,97.35,1073.7,97.34,1138.4,97.33,575.8,97.32,1411.8,97.4,1195.0,97.41,322.4,97.42,2631.3,97.43,185.0,97.44,395.5
1700000288.5,577,95.01,0.060000000000002274,94.98,688.4,95.04,110.2,5114.7,3557.7000000000003,95.01,0.0,BUY,0,94.98,688.4,94.97,36.8,94.96,138.9,94.95,2047.6,94.94,2203.0,95.04,110.2,95.05,1775.2,95.06,226.7,95.07,758.7,95.08,686.9
1700000289.0,578,95.03,0.03999999999999204,95.01,710.9,95.05,1908.4,2915.6,4039.2999999999997,95.01,68.1,SELL,2,95.01,710.9,95.0,390.6,94.99,313.4,94.98,250.1,94.97,1250.6,95.05,1908.4,95.06,227.2,95.07,1519.4,95.08,310.6,95.09,73.7
1700000289.5,579,95.03999999999999,0.04000000000000625,95.02,346.4,95.06,837.4,7423.0,5983.8,95.02,13.0,SELL,1,95.02,346.4,95.01,714.6,95.0,2535.5,94.99,927.6,94.98,2898.9,95.06,837.4,95.07,1472.6,95.08,1242.9,95.09,264.5,95.1,2166.4
1700000290.0,580,95.05,0.03999999999999204,95.03,44.9,95.07,182.0,6997.1,5900.7,95.03,36.7,SELL,1,95.03,44.9,95.02,345.2,95.01,267.1,95.0,5258.3,94.99,1081.6,95.07,182.0,95.08,168.2,95.09,4293.3,95.1,877.3,95.11,379.9
1700000290.5,581,95.05,0.060000000000002274,95.02,2861.4,95.08,227.4,9141.1,2791.0,95.02,47.5,SELL,1,95.02,2861.4,95.01,1092.0,95.0,666.3,94.99,4172.5,94.98,348.9,95.08,227.4,95.09,313.0,95.1,1132.9,95.11,122.7,95.12,995.0
1700000291.0,582,95.06,0.060000000000002274,95.03,536.5,95.09,278.8,4325.4,5771.8,95.09,6.9,BUY,3,95.03,536.5,95.02,2181.6,95.01,196.8,95.0,1312.5,94.99,98.0,95.09,278.8,95.1,1609.8,95.11,1199.9,95.12,2506.1,95.13,177.2
1700000291.5,583,95.08,0.060000000000002274,95.05,1622.3,95.11,472.5,12970.0,3089.9,95.05,64.7,SELL,4,95.05,1622.3,95.04,910.1,95.03,4011.1,95.02,2914.1,95.01,3512.4,95.11,472.5,95.12,1701.5,95.13,103.0,95.14,154.9,95.15,658.0
1700000292.0,584,95.09,0.04000000000000625,95.07,2414.0,95.11,267.9,11736.8,5969.4,95.07,7.7,SELL,1,95.07,2414.0,95.06,2482.2,95.05,2624.5,95.04,2586.7,95.03,1629.4,95.11,267.9,95.12,2116.2,95.13,201.3,95.14,29.3,95.15,3354.7
1700000292.5,585,95.1,0.04000000000000625,95.08,145.9,95.12,450.7,4383.3,3222.8999999999996,95.08,5.0,SELL,1,95.08,145.9,95.07,940.1,95.06,327.3,95.05,315.7,95.04,2654.3,95.12,450.7,95.13,72.9,95.14,2171.1,95.15,26.7,95.16,501.5
1700000293.0,586,95.12,0.04000000000000625,95.1,2096.3,95.14,279.3,10022.900000000001,2670.6,95.1,35.5,SELL,4,95.1,2096.3,95.09,924.4,95.08,1508.1,95.07,2168.4,95.06,3325.7,95.14,279.3,95.15,375.3,95.16,214.6,95.17,434.9,95.18,1366.5
1700000293.5,587,95.13,0.060000000000002274,95.1,2638.8,95.16,129.6,9841.900000000001,2740.7000000000003,95.13,0.0,BUY,0,95.1,2638.8,95.09,203.5,95.08,6480.9,95.07,392.0,95.06,126.7,95.16,129.6,95.17,347.5,95.18,1200.9,95.19,782.9,95.2,279.8
1700000294.0,588,95.15,0.04000000000000625,95.13,2272.7,95.17,1264.3,7183.7,3027.7000000000003,95.17,75.7,BUY,3,95.13,2272.7,95.12,1565.9,95.11,948.1,95.1,528.7,95.09,1868.3,95.17,1264.3,95.18,678.6,95.19,224.8,95.2,105.4,95.21,754.6
1700000294.5,589,95.17,0.03999999999999204,95.15,823.8,95.19,343.1,4759.6,9225.9,95.15,80.7,SELL,3,95.15,823.8,95.14,68.1,95.13,1728.0,95.12,948.2,95.11,1191.5,95.19,343.1,95.2,114.6,95.21,3609.4,95.22,490.9,95.23,4667.9
1700000295.0,590,95.18,0.04000000000000625,95.16,824.4,95.2,490.3,6846.700000000001,6360.8,95.18,0.0,BUY,0,95.16,824.4,95.15,1989.0,95.14,2119.4,95.13,405.0,95.12,1508.9,95.2,490.3,95.21,394.9,95.22,94.1,95.23,2106.3,95.24,3275.2
1700000295.5,591,95.2,0.060000000000002274,95.17,2536.3,95.23,25.8,7057.500000000001,2918.3999999999996,95.23,102.9,BUY,1,95.17,2536.3,95.16,171.3,95.15,1001.9,95.14,2612.3,95.13,735.7,95.23,25.8,95.24,637.0,95.25,881.9,95.26,538.4,95.27,835.3
1700000296.0,592,95.22,0.03999999999999204,95.2,7807.4,95.24,549.3,25172.5,2702.1,95.24,135.8,BUY,2,95.2,7807.4,95.19,1856.4,95.18,2488.1,95.17,8119.6,95.16,4901.0,95.24,549.3,95.25,37.8,95.26,97.4,95.27,300.7,95.28,1716.9
1700000296.5,593,95.235,0.030000000000001137,95.22,4182.5,95.25,1172.9,7375.4,3161.9000000000005,95.22,19.6,SELL,6,95.22,4182.5,95.21,26.2,95.2,2179.3,95.19,266.0,95.18,721.4,95.25,1172.9,95.26,771.9,95.27,764.8,95.28,415.9,95.29,36.4
1700000297.0,594,95.23,0.060000000000002274,95.2,391.4,95.26,558.1,4272.2,3786.2,95.26,5.1,BUY,5,95.2,391.4,95.19,338.8,95.18,736.6,95.17,421.2,95.16,2384.2,95.26,558.1,95.27,1351.9,95.28,781.7,95.29,381.2,95.3,713.3
1700000297.5,595,95.24000000000001,0.04000000000000625,95.22,1373.2,95.26,1881.7,5751.1,8985.0,95.24000000000001,0.0,BUY,0,95.22,1373.2,95.21,28.6,95.2,1264.5,95.19,1716.9,95.18,1367.9,95.26,1881.7,95.27,1530.1,95.28,2021.3,95.29,3141.2,95.3,410.7
1700000298.0,596,95.25999999999999,0.04000000000000625,95.24,985.5,95.28,945.7,7582.4,5445.2,95.24,5.0,SELL,2,95.24,985.5,95.23,1594.2,95.22,3836.5,95.21,915.3,95.2,250.9,95.28,945.7,95.29,40.3,95.3,1587.1,95.31,1412.3,95.32,1459.8
1700000298.5,597,95.27000000000001,0.04000000000000625,95.25,1456.3,95.29,244.4,2519.5999999999995,4966.200000000001,95.25,106.7,SELL,5,95.25,1456.3,95.24,140.1,95.23,659.9,95.22,173.6,95.21,89.7,95.29,244.4,95.3,1332.2,95.31,289.3,95.32,1471.7,95.33,1628.6
1700000299.0,598,95.28999999999999,0.04000000000000625,95.27,3315.0,95.31,881.9,6508.3,7169.2,95.31,31.4,BUY,2,95.27,3315.0,95.26,1562.3,95.25,48.3,95.24,1359.0,95.23,223.7,95.31,881.9,95.32,927.1,95.33,1174.1,95.34,1047.3,95.35,3138.8
1700000299.5,599,95.31,0.03999999999999204,95.29,323.0,95.33,31.2,6142.400000000001,2187.6,95.33,44.1,BUY,3,95.29,323.0,95.28,124.1,95.27,1011.3,95.26,1115.7,95.25,3568.3,95.33,31.2,95.34,282.8,95.35,717.6,95.36,127.6,95.37,1028.4
1700000300.0,600,95.32,0.04000000000000625,95.3,901.7,95.34,1573.2,3440.9000000000005,5285.2,95.3,45.0,SELL,5,95.3,901.7,95.29,52.7,95.28,135.7,95.27,395.6,95.26,1955.2,95.34,1573.2,95.35,544.3,95.36,2198.6,95.37,255.7,95.38,713.4
1700000300.5,601,95.33,0.03999999999999204,95.31,729.6,95.35,337.7,5126.0,3154.2000000000003,95.35,9.1,BUY,5,95.31,729.6,95.3,397.6,95.29,615.3,95.28,1526.0,95.27,1857.5,95.35,337.7,95.36,1227.2,95.37,1042.6,95.38,97.9,95.39,448.8
1700000301.0,602,95.35,0.060000000000002274,95.32,80.9,95.38,209.5,9809.1,7196.0,95.35,0.0,BUY,0,95.32,80.9,95.31,2669.7,95.3,3678.0,95.29,2187.6,95.28,1192.9,95.38,209.5,95.39,3230.2,95.4,270.4,95.41,661.4,95.42,2824.5
1700000301.5,603,95.36,0.060000000000002274,95.33,486.6,95.39,186.2,9805.699999999999,4282.1,95.39,16.8,BUY,4,95.33,486.6,95.32,2785.5,95.31,4373.3,95.3,1009.5,95.29,1150.8,95.39,186.2,95.4,2367.3,95.41,662.8,95.42,258.4,95.43,807.4
1700000302.0,604,95.37,0.04000000000000625,95.35,647.0,95.39,433.1,4421.7,3943.3,95.39,11.9,BUY,1,95.35,647.0,95.34,689.3,95.33,731.5,95.32,2137.5,95.31,216.4,95.39,433.1,95.4,489.7,95.41,636.4,95.42,95.2,95.43,2288.9
1700000302.5,605,95.38,0.04000000000000625,95.36,1814.8,95.4,303.4,9578.800000000001,2962.4999999999995,95.38,0.0,BUY,0,95.36,1814.8,95.35,326.5,95.34,457.5,95.33,6495.4,95.32,484.6,95.4,303.4,95.41,1128.1,95.42,1051.6,95.43,141.2,95.44,338.2
1700000303.0,606,95.39,0.03999999999999204,95.37,444.9,95.41,503.6,9912.5,3510.8,95.41,79.4,BUY,2,95.37,444.9,95.36,2891.6,95.35,2740.2,95.34,2777.6,95.33,1058.2,95.41,503.6,95.42,1301.4,95.43,820.8,95.44,498.9,95.45,386.1
1700000303.5,607,95.4,0.04000000000000625,95.38,1212.9,95.42,44.9,6514.2,8148.0,95.38,6.7,SELL,2,95.38,1212.9,95.37,1421.1,95.36,1636.3,95.35,1176.1,95.34,1067.8,95.42,44.9,95.43,1212.2,95.44,2544.2,95.45,2500.2,95.46,1846.5
1700000304.0,608,95.42,0.03999999999999204,95.4,309.6,95.44,540.3,8142.9,6702.1,95.4,34.3,SELL,2,95.4,309.6,95.39,1761.0,95.38,719.5,95.37,4035.3,95.36,1317.5,95.44,540.3,95.45,253.6,95.46,3348.4,95.47,1663.7,95.48,896.1
1700000304.5,609,95.42,0.03999999999999204,95.4,2552.1,95.44,45.8,9943.6,4046.9000000000005,95.4,45.9,SELL,3,95.4,2552.1,95.39,1553.5,95.38,1095.0,95.37,2476.9,95.36,2266.1,95.44,45.8,95.45,1688.4,95.46,680.6,95.47,140.3,95.48,1491.8
1700000305.0,610,95.435,0.030000000000001137,95.42,530.9,95.45,386.9,3815.3999999999996,4379.7,95.42,53.5,SELL,2,95.42,530.9,95.41,409.5,95.4,916.3,95.39,401.5,95.38,1557.2,95.45,386.9,95.46,1535.4,95.47,239.1,95.48,1877.8,95.49,340.5
1700000305.5,611,95.44,0.03999999999999204,95.42,5047.1,95.46,162.4,8243.800000000001,6363.0,95.42,5.0,SELL,5,95.42,5047.1,95.41,46.7,95.4,116.0,95.39,984.1,95.38,2049.9,95.46,162.4,95.47,3784.1,95.48,1223.2,95.49,1029.0,95.5,164.3
1700000306.0,612,95.45,0.03999999999999204,95.43,1123.2,95.47,894.5,9108.5,4398.599999999999,95.43,69.0,SELL,2,95.43,1123.2,95.42,990.1,95.41,3671.6,95.4,938.4,95.39,2385.2,95.47,894.5,95.48,1009.0,95.49,750.2,95.5,945.6,95.51,799.3
1700000306.5,613,95.47,0.03999999999999204,95.45,2133.7,95.49,1619.3,9086.400000000001,3108.9999999999995,95.49,16.8,BUY,1,95.45,2133.7,95.44,288.0,95.43,959.4,95.42,3430.5,95.41,2274.8,95.49,1619.3,95.5,37.5,95.51,904.9,95.52,302.1,95.53,245.2
1700000307.0,614,95.47999999999999,0.04000000000000625,95.46,389.6,95.5,865.8,2377.9,4560.0,95.47999999999999,0.0,BUY,0,95.46,389.6,95.45,349.7,95.44,30.7,95.43,736.5,95.42,871.4,95.5,865.8,95.51,403.5,95.52,1849.0,95.53,237.2,95.54,1204.5
1700000307.5,615,95.5,0.060000000000002274,95.47,3083.8,95.53,360.4,6164.1,5317.1,95.47,11.7,SELL,2,95.47,3083.8,95.46,976.3,95.45,1616.2,95.44,456.7,95.43,31.1,95.53,360.4,95.54,1191.9,95.55,846.3,95.56,2872.3,95.57,46.2
1700000308.0,616,95.50999999999999,0.04000000000000625,95.49,2304.4,95.53,332.9,4990.9,1432.1000000000001,95.49,9.2,SELL,4,95.49,2304.4,95.48,43.6,95.47,866.5,95.46,18.4,95.45,1758.0,95.53,332.9,95.54,10.0,95.55,449.9,95.56,463.6,95.57,175.7
1700000308.5,617,95.52000000000001,0.04000000000000625,95.5,2645.3,95.54,699.4,10551.2,6703.6,95.5,17.8,SELL,1,95.5,2645.3,95.49,1462.0,95.48,1669.9,95.47,4090.1,95.46,683.9,95.54,699.4,95.55,209.0,95.56,118.1,95.57,1237.9,95.58,4439.2
1700000309.0,618,95.545,0.030000000000001137,95.53,830.3,95.56,97.9,5098.6,4724.5,95.53,9.0,SELL,3,95.53,830.3,95.52,24.8,95.51,758.3,95.5,1531.3,95.49,1953.9,95.56,97.9,95.57,55.7,95.58,1938.9,95.59,539.0,95.6,2093.0
1700000309.5,619,95.545,0.030000000000001137,95.53,569.4,95.56,307.5,7919.9,3821.1000000000004,95.53,122.8,SELL,2,95.53,569.4,95.52,1363.7,95.51,3023.3,95.5,1069.9,95.49,1893.6,95.56,307.5,95.57,1524.4,95.58,176.6,95.59,631.9,95.6,1180.7
1700000310.0,620,95.56,0.060000000000002274,95.53,162.6,95.59,721.4,10809.0,5007.900000000001,95.59,13.8,BUY,3,95.53,162.6,95.52,1044.8,95.51,5254.6,95.5,183.1,95.49,4163.9,95.59,721.4,95.6,613.0,95.61,601.5,95.62,2600.3,95.63,471.7
1700000310.5,621,95.58,0.03999999999999204,95.56,54.0,95.6,154.3,6913.200000000001,3195.5,95.56,24.6,SELL,5,95.56,54.0,95.55,1994.1,95.54,2303.5,95.53,737.6,95.52,1824.0,95.6,154.3,95.61,56.5,95.62,1059.9,95.63,852.1,95.64,1072.7
1700000311.0,622,95.59,0.04000000000000625,95.57,1439.9,95.61,569.0,6875.6,7544.3,95.59,0.0,BUY,0,95.57,1439.9,95.56,175.4,95.55,332.7,95.54,1207.8,95.53,3719.8,95.61,569.0,95.62,916.3,95.63,5471.0,95.64,479.7,95.65,108.3
1700000311.5,623,95.6,0.04000000000000625,95.58,3184.6,95.62,3398.2,8836.7,6306.5,95.58,40.1,SELL,2,95.58,3184.6,95.57,446.9,95.56,4807.7,95.55,151.2,95.54,246.3,95.62,3398.2,95.63,947.1,95.64,559.8,95.65,855.7,95.66,545.7
1700000312.0,624,95.62,0.04000000000000625,95.6,277.4,95.64,403.5,13330.7,6211.699999999999,95.6,5.0,SELL,2,95.6,277.4,95.59,1234.9,95.58,254.5,95.57,9184.9,95.56,2379.0,95.64,403.5,95.65,2554.7,95.66,1508.6,95.67,681.4,95.68,1063.5
1700000312.5,625,95.64,0.03999999999999204,95.62,1562.0,95.66,14.7,5644.900000000001,2310.7,95.62,50.8,SELL,3,95.62,1562.0,95.61,1183.4,95.6,655.9,95.59,2171.8,95.58,71.8,95.66,14.7,95.67,214.5,95.68,341.1,95.69,272.4,95.7,1468.0
1700000313.0,626,95.66,0.04000000000000625,95.64,1574.6,95.68,1008.4,8630.199999999999,6645.799999999999,95.68,67.1,BUY,3,95.64,1574.6,95.63,221.0,95.62,5099.4,95.61,205.4,95.6,1529.8,95.68,1008.4,95.69,1808.6,95.7,1475.0,95.71,943.4,95.72,1410.4
1700000313.5,627,95.68,0.04000000000000625,95.66,3528.5,95.7,103.3,27547.699999999997,2234.6,95.66,44.6,SELL,1,95.66,3528.5,95.65,759.9,95.64,6364.5,95.63,3909.0,95.62,12985.8,95.7,103.3,95.71,133.9,95.72,738.1,95.73,762.3,95.74,497.0
1700000314.0,628,95.7,0.03999999999999204,95.68,993.6,95.72,1368.0,4575.099999999999,8511.5,95.7,0.0,BUY,0,95.68,993.6,95.67,1995.6,95.66,353.1,95.65,1123.9,95.64,108.9,95.72,1368.0,95.73,14.5,95.74,568.6,95.75,2953.7,95.76,3606.7
1700000314.5,629,95.71000000000001,0.04000000000000625,95.69,658.6,95.73,957.1,3051.7,3288.7,95.69,32.1,SELL,2,95.69,658.6,95.68,766.6,95.67,486.7,95.66,129.5,95.65,1010.3,95.73,957.1,95.74,788.1,95.75,243.2,95.76,81.1,95.77,1219.2
1700000315.0,630,95.72,0.03999999999999204,95.7,663.4,95.74,342.2,8329.5,4400.299999999999,95.7,210.6,SELL,4,95.7,663.4,95.69,801.4,95.68,679.4,95.67,2413.1,95.66,3772.2,95.74,342.2,95.75,410.3,95.76,295.2,95.77,2321.5,95.78,1031.1
1700000315.5,631,95.72999999999999,0.04000000000000625,95.71,689.2,95.75,137.5,8579.199999999999,3391.2999999999997,95.75,28.7,BUY,2,95.71,689.2,95.7,4217.2,95.69,2986.7,95.68,11.3,95.67,674.8,95.75,137.5,95.76,10.0,95.77,2046.7,95.78,1163.1,95.79,34.0
1700000316.0,632,95.74,0.060000000000002274,95.71,135.5,95.77,678.9,7993.799999999999,2415.4,95.71,9.6,SELL,4,95.71,135.5,95.7,969.6,95.69,952.6,95.68,1818.1,95.67,4118.0,95.77,678.9,95.78,399.7,95.79,307.7,95.8,188.7,95.81,840.4
1700000316.5,633,95.74,0.060000000000002274,95.71,210.1,95.77,493.2,6093.9,3551.4,95.71,60.5,SELL,5,95.71,210.1,95.7,279.1,95.69,70.5,95.68,2707.7,95.67,2826.5,95.77,493.2,95.78,180.2,95.79,408.0,95.8,2448.6,95.81,21.4
1700000317.0,634,95.75,0.03999999999999204,95.73,45.5,95.77,31.0,4950.8,3302.5,95.73,15.6,SELL,2,95.73,45.5,95.72,549.0,95.71,286.6,95.7,975.8,95.69,3093.9,95.77,31.0,95.78,212.8,95.79,1359.1,95.8,394.4,95.81,1305.2
1700000317.5,635,95.77000000000001,0.04000000000000625,95.75,562.4,95.79,319.8,11398.4,4279.1,95.79,5.0,BUY,2,95.75,562.4,95.74,1341.3,95.73,1031.9,95.72,470.7,95.71,7992.1,95.79,319.8,95.8,1052.7,95.81,1086.3,95.82,1810.3,95.83,10.0
1700000318.0,636,95.77000000000001,0.04000000000000625,95.75,41.6,95.79,1800.9,6841.4,10046.1,95.75,31.0,SELL,2,95.75,41.6,95.74,1462.4,95.73,701.3,95.72,3693.2,95.71,942.9,95.79,1800.9,95.8,190.4,95.81,1947.9,95.82,4779.1,95.83,1327.8
1700000318.5,637,95.78999999999999,0.04000000000000625,95.77,107.6,95.81,868.6,13390.1,5089.6,95.81,13.0,BUY,1,95.77,107.6,95.76,2508.0,95.75,5372.5,95.74,4706.4,95.73,695.6,95.81,868.6,95.82,1234.7,95.83,271.7,95.84,1507.2,95.85,1207.4
1700000319.0,638,95.81,0.03999999999999204,95.79,22.1,95.83,396.2,5710.200000000001,4755.900000000001,95.81,0.0,BUY,0,95.79,22.1,95.78,3422.0,95.77,881.4,95.76,913.6,95.75,471.1,95.83,396.2,95.84,975.5,95.85,696.9,95.86,2317.5,95.87,369.8
1700000319.5,639,95.82,0.04000000000000625,95.8,770.2,95.84,1281.9,5995.1,3640.5,95.8,42.3,SELL,2,95.8,770.2,95.79,129.6,95.78,460.3,95.77,452.7,95.76,4182.3,95.84,1281.9,95.85,306.2,95.86,319.2,95.87,1226.2,95.88,507.0
1700000320.0,640,95.815,0.030000000000001137,95.8,2903.0,95.83,10.0,8965.1,6607.6,95.8,21.0,SELL,3,95.8,2903.0,95.79,1735.4,95.78,2795.8,95.77,1060.9,95.76,470.0,95.83,10.0,95.84,1785.2,95.85,102.3,95.86,732.4,95.87,3977.7
1700000320.5,641,95.84,0.060000000000002274,95.81,862.7,95.87,395.1,6284.099999999999,6130.6,95.81,36.0,SELL,3,95.81,862.7,95.8,714.5,95.79,125.0,95.78,479.5,95.77,4102.4,95.87,395.1,95.88,624.5,95.89,666.2,95.9,519.5,95.91,3925.3
1700000321.0,642,95.85,0.04000000000000625,95.83,418.3,95.87,327.2,6830.6,2341.7,95.87,33.5,BUY,2,95.83,418.3,95.82,691.1,95.81,1584.7,95.8,377.2,95.79,3759.3,95.87,327.2,95.88,441.7,95.89,184.2,95.9,679.9,95.91,708.7
1700000321.5,643,95.86,0.03999999999999204,95.84,2379.2,95.88,1454.8,7521.099999999999,8051.3,95.84,63.6,SELL,3,95.84,2379.2,95.83,228.1,95.82,138.7,95.81,224.1,95.8,4551.0,95.88,1454.8,95.89,2850.2,95.9,10.0,95.91,400.1,95.92,3336.2
1700000322.0,644,95.87,0.060000000000002274,95.84,1951.3,95.9,1477.8,5218.8,6625.9,95.84,5.0,SELL,3,95.84,1951.3,95.83,970.9,95.82,199.5,95.81,1147.9,95.8,949.2,95.9,1477.8,95.91,197.8,95.92,3303.7,95.93,543.8,95.94,1102.8
1700000322.5,645,95.875,0.030000000000001137,95.86,635.4,95.89,225.5,16220.7,2990.5000000000005,95.86,94.3,SELL,1,95.86,635.4,95.85,1299.1,95.84,1688.0,95.83,178.3,95.82,12419.9,95.89,225.5,95.9,1312.2,95.91,270.2,95.92,926.7,95.93,255.9
1700000323.0,646,95.895,0.030000000000001137,95.88,887.0,95.91,373.7,7445.5,6195.5,95.88,71.1,SELL,2,95.88,887.0,95.87,2608.1,95.86,1388.7,95.85,1581.3,95.84,980.4,95.91,373.7,95.92,480.3,95.93,2232.3,95.94,1470.3,95.95,1638.9
1700000323.5,647,95.9,0.04000000000000625,95.88,375.1,95.92,1454.7,2544.0,4478.1,95.88,75.8,SELL,5,95.88,375.1,95.87,1552.4,95.86,264.8,95.85,10.0,95.84,341.7,95.92,1454.7,95.93,53.1,95.94,1675.2,95.95,830.9,95.96,464.2
1700000324.0,648,95.91,0.04000000000000625,95.89,922.8,95.93,212.2,5782.2,7093.199999999999,95.89,7.2,SELL,2,95.89,922.8,95.88,1065.0,95.87,2671.0,95.86,558.4,95.85,565.0,95.93,212.2,95.94,1864.6,95.95,698.1,95.96,511.1,95.97,3807.2
1700000324.5,649,95.92,0.03999999999999204,95.9,38.9,95.94,100.4,2955.3,3865.1,95.94,20.0,BUY,2,95.9,38.9,95.89,859.1,95.88,264.2,95.87,1076.1,95.86,717.0,95.94,100.4,95.95,1633.1,95.96,304.3,95.97,1311.2,95.98,516.1
1700000325.0,650,95.92,0.060000000000002274,95.89,1713.3,95.95,2388.0,6779.7,4568.6,95.92,0.0,BUY,0,95.89,1713.3,95.88,277.4,95.87,1091.1,95.86,694.1,95.85,3003.8,95.95,2388.0,95.96,858.4,95.97,535.2,95.98,294.9,95.99,492.1
1700000325.5,651,95.93,0.04000000000000625,95.91,233.1,95.95,618.1,12356.2,2993.0,95.93,0.0,BUY,0,95.91,233.1,95.9,146.8,95.89,4113.8,95.88,3192.9,95.87,4669.6,95.95,618.1,95.96,108.5,95.97,1433.8,95.98,318.7,95.99,513.9
1700000326.0,652,95.94,0.03999999999999204,95.92,1469.0,95.96,754.6,7925.0,4753.5,95.92,5.0,SELL,1,95.92,1469.0,95.91,2386.1,95.9,607.3,95.89,796.2,95.88,2666.4,95.96,754.6,95.97,1903.6,95.98,1183.4,95.99,275.0,96.0,636.9
1700000326.5,653,95.96000000000001,0.04000000000000625,95.94,2548.5,95.98,533.6,7802.7,2134.3,95.94,5.0,SELL,2,95.94,2548.5,95.93,924.0,95.92,316.1,95.91,395.1,95.9,3619.0,95.98,533.6,95.99,440.7,96.0,429.5,96.01,648.1,96.02,82.4
1700000327.0,654,95.97,0.03999999999999204,95.95,404.8,95.99,337.6,3777.5999999999995,7504.799999999999,95.95,54.2,SELL,2,95.95,404.8,95.94,82.4,95.93,631.9,95.92,100.3,95.91,2558.2,95.99,337.6,96.0,2236.2,96.01,552.4,96.02,1166.6,96.03,3212.0
1700000327.5,655,95.99000000000001,0.04000000000000625,95.97,2282.2,96.01,57.0,5729.0,2084.5,95.97,36.1,SELL,1,95.97,2282.2,95.96,507.2,95.95,201.6,95.94,2199.5,95.93,538.5,96.01,57.0,96.02,1177.7,96.03,17.9,96.04,778.7,96.05,53.2
1700000328.0,656,96.0,0.03999999999999204,95.98,1698.9,96.02,1319.3,16047.4,6588.400000000001,95.98,11.3,SELL,1,95.98,1698.9,95.97,2927.8,95.96,934.3,95.95,9830.0,95.94,656.4,96.02,1319.3,96.03,934.1,96.04,104.8,96.05,1235.2,96.06,2995.0
1700000328.5,657,96.01,0.060000000000002274,95.98,520.5,96.04,76.3,6428.3,6363.900000000001,95.98,98.3,SELL,3,95.98,520.5,95.97,1514.8,95.96,323.8,95.95,3619.5,95.94,449.7,96.04,76.3,96.05,1583.5,96.06,2559.3,96.07,1614.5,96.08,530.3
1700000329.0,658,96.02000000000001,0.04000000000000625,96.0,365.1,96.04,386.0,18972.399999999998,3092.5,96.0,55.3,SELL,2,96.0,365.1,95.99,887.3,95.98,5288.8,95.97,10438.4,95.96,1992.8,96.04,386.0,96.05,233.9,96.06,862.1,96.07,444.4,96.08,1166.1
1700000329.5,659,96.03999999999999,0.04000000000000625,96.02,198.4,96.06,1340.5,7829.5,11260.599999999999,96.02,54.4,SELL,1,96.02,198.4,96.01,2317.5,96.0,1253.0,95.99,2667.0,95.98,1393.6,96.06,1340.5,96.07,1516.2,96.08,4103.9,96.09,87.0,96.1,4213.0
1700000330.0,660,96.06,0.03999999999999204,96.04,1716.9,96.08,453.0,17979.100000000002,3582.7,96.04,30.9,SELL,8,96.04,1716.9,96.03,4550.8,96.02,7415.7,96.01,3612.2,96.0,683.5,96.08,453.0,96.09,158.2,96.1,318.8,96.11,2379.5,96.12,273.2
1700000330.5,661,96.07,0.04000000000000625,96.05,2285.4,96.09,168.0,8519.400000000001,2545.5,96.09,31.2,BUY,1,96.05,2285.4,96.04,2526.9,96.03,714.5,96.02,2946.9,96.01,45.7,96.09,168.0,96.1,65.1,96.11,21.0,96.12,1250.3,96.13,1041.1
1700000331.0,662,96.08,0.03999999999999204,96.06,62.5,96.1,45.7,3523.5,3133.0,96.06,16.4,SELL,1,96.06,62.5,96.05,1635.0,96.04,1511.9,96.03,304.1,96.02,10.0,96.1,45.7,96.11,10.0,96.12,659.0,96.13,2113.3,96.14,305.0
1700000331.5,663,96.095,0.030000000000001137,96.08,2012.4,96.11,341.8,7270.5,4823.3,96.095,0.0,BUY,0,96.08,2012.4,96.07,218.7,96.06,740.2,96.05,3163.3,96.04,1135.9,96.11,341.8,96.12,313.5,96.13,22.5,96.14,800.6,96.15,3344.9
1700000332.0,664,96.1,0.04000000000000625,96.08,2171.9,96.12,181.8,6602.900000000001,5634.6,96.08,7.2,SELL,2,96.08,2171.9,96.07,13.5,96.06,1355.2,96.05,2162.8,96.04,899.5,96.12,181.8,96.13,1415.6,96.14,1562.1,96.15,1338.5,96.16,1136.6
1700000332.5,665,96.11,0.060000000000002274,96.08,989.7,96.14,979.8,7165.5,4097.7,96.14,42.8,BUY,2,96.08,989.7,96.07,2189.8,96.06,1913.9,96.05,222.6,96.04,1849.5,96.14,979.8,96.15,846.6,96.16,38.1,96.17,273.4,96.18,1959.8
1700000333.0,666,96.11,0.060000000000002274,96.08,1192.4,96.14,117.9,7178.4,3100.9,96.08,6.1,SELL,5,96.08,1192.4,96.07,882.1,96.06,2893.2,96.05,1045.7,96.04,1165.0,96.14,117.9,96.15,488.7,96.16,572.7,96.17,342.5,96.18,1579.1
1700000333.5,667,96.12,0.04000000000000625,96.1,135.7,96.14,1098.8,5243.6,6307.2,96.1,101.5,SELL,1,96.1,135.7,96.09,10.1,96.08,986.4,96.07,2129.0,96.06,1982.4,96.14,1098.8,96.15,835.4,96.16,14.2,96.17,2377.8,96.18,1981.0
1700000334.0,668,96.14,0.03999999999999204,96.12,414.6,96.16,323.6,4492.0,1398.7,96.12,30.8,SELL,3,96.12,414.6,96.11,613.6,96.1,642.0,96.09,276.8,96.08,2545.0,96.16,323.6,96.17,238.8,96.18,186.6,96.19,160.0,96.2,489.7
1700000334.5,669,96.15,0.04000000000000625,96.13,1264.8,96.17,251.9,6051.499999999999,5411.900000000001,96.17,32.9,BUY,2,96.13,1264.8,96.12,337.4,96.11,558.2,96.1,3485.9,96.09,405.2,96.17,251.9,96.18,447.9,96.19,2366.7,96.2,2165.3,96.21,180.1
1700000335.0,670,96.17,0.03999999999999204,96.15,585.5,96.19,97.8,4867.700000000001,5247.6,96.19,42.2,BUY,6,96.15,585.5,96.14,260.5,96.13,980.7,96.12,1808.1,96.11,1232.9,96.19,97.8,96.2,942.6,96.21,804.1,96.22,2916.1,96.23,487.0
1700000335.5,671,96.19,0.03999999999999204,96.17,1191.1,96.21,373.8,7766.799999999999,1747.7,96.17,20.1,SELL,3,96.17,1191.1,96.16,118.3,96.15,4851.2,96.14,18.0,96.13,1588.2,96.21,373.8,96.22,653.2,96.23,205.4,96.24,252.5,96.25,262.8
1700000336.0,672,96.2,0.03999999999999204,96.18,420.9,96.22,3128.8,2930.8,5614.6,96.18,40.8,SELL,3,96.18,420.9,96.17,470.5,96.16,771.1,96.15,669.0,96.14,599.3,96.22,3128.8,96.23,1242.8,96.24,56.8,96.25,10.0,96.26,1176.2
1700000336.5,673,96.23,0.060000000000002274,96.2,1699.4,96.26,369.4,12351.099999999999,2124.9,96.2,23.8,SELL,2,96.2,1699.4,96.19,52.0,96.18,1041.3,96.17,4795.2,96.16,4763.2,96.26,369.4,96.27,209.6,96.28,651.2,96.29,649.2,96.3,245.5
1700000337.0,674,96.24000000000001,0.04000000000000625,96.22,546.9,96.26,2331.5,9474.6,6328.1,96.22,50.4,SELL,2,96.22,546.9,96.21,3168.4,96.2,461.5,96.19,285.3,96.18,5012.5,96.26,2331.5,96.27,502.6,96.28,1554.2,96.29,1102.9,96.3,836.9
1700000337.5,675,96.25,0.03999999999999204,96.23,94.8,96.27,17.8,7402.2,9481.699999999999,96.23,11.7,SELL,2,96.23,94.8,96.22,916.7,96.21,958.6,96.2,4162.8,96.19,1269.3,96.27,17.8,96.28,637.6,96.29,1996.8,96.3,2963.1,96.31,3866.4
1700000338.0,676,96.27000000000001,0.04000000000000625,96.25,881.4,96.29,418.0,5813.900000000001,3147.7,96.25,31.0,SELL,2,96.25,881.4,96.24,2696.2,96.23,248.9,96.22,1151.1,96.21,836.3,96.29,418.0,96.3,395.4,96.31,607.4,96.32,825.7,96.33,901.2
1700000338.5,677,96.28999999999999,0.04000000000000625,96.27,3773.8,96.31,208.9,16159.599999999999,4078.1000000000004,96.27,96.0,SELL,1,96.27,3773.8,96.26,2883.0,96.25,1327.6,96.24,2235.9,96.23,5939.3,96.31,208.9,96.32,774.1,96.33,164.5,96.34,2230.4,96.35,700.2
1700000339.0,678,96.31,0.03999999999999204,96.29,962.0,96.33,22.7,8404.400000000001,5586.8,96.29,28.1,SELL,1,96.29,962.0,96.28,144.0,96.27,3601.6,96.26,10.0,96.25,3686.8,96.33,22.7,96.34,592.9,96.35,442.0,96.36,2765.0,96.37,1764.2
1700000339.5,679,96.33,0.03999999999999204,96.31,709.4,96.35,734.5,11244.8,4608.6,96.31,26.5,SELL,6,96.31,709.4,96.3,3673.5,96.29,3571.4,96.28,941.2,96.27,2349.3,96.35,734.5,96.36,1742.3,96.37,1125.5,96.38,788.0,96.39,218.3
1700000340.0,680,96.33,0.03999999999999204,96.31,3857.3,96.35,491.5,9608.300000000001,10764.6,96.31,5.0,SELL,2,96.31,3857.3,96.3,590.7,96.29,1871.7,96.28,2588.5,96.27,700.1,96.35,491.5,96.36,307.8,96.37,2619.2,96.38,3822.5,96.39,3523.6
1700000340.5,681,96.34,0.060000000000002274,96.31,227.5,96.37,10.0,4927.4,1627.8,96.31,19.9,SELL,1,96.31,227.5,96.3,532.2,96.29,973.3,96.28,1573.1,96.27,1621.3,96.37,10.0,96.38,231.3,96.39,531.0,96.4,162.3,96.41,693.2
1700000341.0,682,96.35,0.04000000000000625,96.33,115.6,96.37,1000.1,5524.6,6465.4,96.33,9.3,SELL,1,96.33,115.6,96.32,352.7,96.31,540.1,96.3,951.9,96.29,3564.3,96.37,1000.1,96.38,1117.4,96.39,1197.1,96.4,251.8,96.41,2899.0
1700000341.5,683,96.36,0.03999999999999204,96.34,65.4,96.38,984.9,4971.2,7447.099999999999,96.38,49.7,BUY,2,96.34,65.4,96.33,2878.4,96.32,664.1,96.31,1238.0,96.3,125.3,96.38,984.9,96.39,1331.3,96.4,998.3,96.41,3324.9,96.42,807.7
1700000342.0,684,96.37,0.04000000000000625,96.35,149.4,96.39,3450.4,2435.8999999999996,6400.5,96.35,17.1,SELL,2,96.35,149.4,96.34,83.7,96.33,108.6,96.32,1711.5,96.31,382.7,96.39,3450.4,96.4,137.4,96.41,47.7,96.42,918.9,96.43,1846.1
1700000342.5,685,96.37,0.04000000000000625,96.35,153.2,96.39,371.6,6198.7,5148.4,96.35,32.8,SELL,2,96.35,153.2,96.34,1288.9,96.33,152.6,96.32,1053.8,96.31,3550.2,96.39,371.6,96.4,2768.5,96.41,1681.6,96.42,228.5,96.43,98.2
1700000343.0,686,96.38,0.04000000000000625,96.36,840.9,96.4,1096.1,11190.2,12720.7,96.4,10.5,BUY,3,96.36,840.9,96.35,2213.2,96.34,2142.7,96.33,2776.1,96.32,3217.3,96.4,1096.1,96.41,434.7,96.42,73.7,96.43,9973.7,96.44,1142.5
1700000343.5,687,96.4,0.04000000000000625,96.38,300.3,96.42,154.9,12698.3,1032.4,96.4,0.0,BUY,0,96.38,300.3,96.37,292.1,96.36,5513.1,96.35,206.4,96.34,6386.4,96.42,154.9,96.43,10.0,96.44,243.5,96.45,293.4,96.46,330.6
1700000344.0,688,96.41,0.04000000000000625,96.39,1342.0,96.43,922.9,14212.8,2506.6000000000004,96.39,36.2,SELL,2,96.39,1342.0,96.38,408.5,96.37,1260.0,96.36,6243.6,96.35,4958.7,96.43,922.9,96.44,311.8,96.45,266.0,96.46,359.6,96.47,646.3
1700000344.5,689,96.41,0.04000000000000625,96.39,443.8,96.43,2120.1,1676.1999999999998,4482.8,96.43,24.6,BUY,6,96.39,443.8,96.38,91.2,96.37,484.2,96.36,76.1,96.35,580.9,96.43,2120.1,96.44,336.0,96.45,58.3,96.46,1726.1,96.47,242.3
1700000345.0,690,96.41,0.04000000000000625,96.39,993.2,96.43,10.3,5137.4,5585.400000000001,96.39,5.0,SELL,4,96.39,993.2,96.38,30.9,96.37,587.2,96.36,1164.1,96.35,2362.0,96.43,10.3,96.44,396.9,96.45,3904.3,96.46,1117.8,96.47,156.1
1700000345.5,691,96.42,0.03999999999999204,96.4,471.4,96.44,431.3,6202.200000000001,2441.0000000000005,96.4,25.4,SELL,3,96.4,471.4,96.39,631.7,96.38,2384.8,96.37,176.5,96.36,2537.8,96.44,431.3,96.45,343.0,96.46,1371.5,96.47,78.9,96.48,216.3
1700000346.0,692,96.435,0.04999999999999716,96.41,77.6,96.46,173.2,5309.7,7051.1,96.46,23.7,BUY,4,96.41,77.6,96.4,1887.1,96.39,81.1,96.38,2257.2,96.37,1006.7,96.46,173.2,96.47,32.7,96.48,3860.5,96.49,1424.7,96.5,1560.0
1700000346.5,693,96.45,0.03999999999999204,96.43,301.3,96.47,55.9,13427.400000000001,3265.2,96.43,57.6,SELL,3,96.43,301.3,96.42,572.7,96.41,4837.1,96.4,3901.8,96.39,3814.5,96.47,55.9,96.48,311.4,96.49,977.4,96.5,640.0,96.51,1280.5
1700000347.0,694,96.46000000000001,0.04000000000000625,96.44,1912.3,96.48,41.7,8843.7,2410.6,96.44,39.4,SELL,1,96.44,1912.3,96.43,670.5,96.42,462.0,96.41,3476.9,96.4,2322.0,96.48,41.7,96.49,229.0,96.5,1385.7,96.51,423.0,96.52,331.2
1700000347.5,695,100.65,0.060000000000002274,100.62,1754.7,100.68,611.8,7582.6,2152.4,100.62,8.6,SELL,6,100.62,1754.7,100.61,1608.7,100.6,2336.5,100.59,42.3,100.58,1840.4,100.68,611.8,100.69,30.4,100.7,279.4,100.71,645.7,100.72,585.1
1700000348.0,696,100.66,0.04000000000000625,100.64,765.5,100.68,10.0,13550.4,4152.299999999999,100.68,66.1,BUY,6,100.64,765.5,100.63,2604.0,100.62,2014.4,100.61,4704.9,100.6,3461.6,100.68,10.0,100.69,2103.6,100.7,1129.6,100.71,494.6,100.72,414.5
1700000348.5,697,100.68,0.04000000000000625,100.66,821.3,100.7,14.1,7896.9,4278.4,100.68,0.0,BUY,0,100.66,821.3,100.65,1606.8,100.64,510.2,100.63,2002.4,100.62,2956.2,100.7,14.1,100.71,474.2,100.72,1443.1,100.73,522.3,100.74,1824.7
1700000349.0,698,100.7,0.03999999999999204,100.68,353.7,100.72,1862.9,5970.3,7986.900000000001,100.72,97.6,BUY,3,100.68,353.7,100.67,1379.7,100.66,875.3,100.65,740.8,100.64,2620.8,100.72,1862.9,100.73,894.9,100.74,1966.8,100.75,1029.1,100.76,2233.2
1700000349.5,699,100.71000000000001,0.04000000000000625,100.69,1404.3,100.73,1215.1,12839.4,5125.4,100.71000000000001,0.0,BUY,0,100.69,1404.3,100.68,1791.6,100.67,4098.7,100.66,10.1,100.65,5534.7,100.73,1215.1,100.74,348.6,100.75,3049.0,100.76,294.5,100.77,218.2
1700000350.0,700,100.72999999999999,0.04000000000000625,100.71,1006.8,100.75,1904.4,7502.9,8656.2,100.75,21.4,BUY,5,100.71,1006.8,100.7,477.2,100.69,4945.0,100.68,1063.9,100.67,10.0,100.75,1904.4,100.76,1554.2,100.77,1579.8,100.78,3550.1,100.79,67.7
1700000350.5,701,100.75,0.03999999999999204,100.73,62.8,100.77,752.0,1863.1,3222.4999999999995,100.77,160.0,BUY,1,100.73,62.8,100.72,1086.9,100.71,10.0,100.7,90.5,100.69,612.9,100.77,752.0,100.78,1171.6,100.79,761.8,100.8,146.6,100.81,390.5
1700000351.0,702,100.765,0.030000000000001137,100.75,64.1,100.78,1479.8,2640.9,1988.2,100.75,18.6,SELL,3,100.75,64.1,100.74,261.6,100.73,231.1,100.72,1959.7,100.71,124.4,100.78,1479.8,100.79,36.4,100.8,68.3,100.81,230.4,100.82,173.3
1700000351.5,703,100.77000000000001,0.04000000000000625,100.75,278.6,100.79,34.6,8157.3,5743.699999999999,100.75,105.9,SELL,1,100.75,278.6,100.74,1078.3,100.73,275.2,100.72,2237.7,100.71,4287.5,100.79,34.6,100.8,1204.2,100.81,2495.1,100.82,276.2,100.83,1733.6
1700000352.0,704,100.78,0.03999999999999204,100.76,2854.5,100.8,512.7,14252.0,3613.1000000000004,100.76,5.0,SELL,2,100.76,2854.5,100.75,189.7,100.74,3017.1,100.73,819.5,100.72,7371.2,100.8,512.7,100.81,1015.2,100.82,136.4,100.83,164.3,100.84,1784.5
1700000352.5,705,100.79499999999999,0.04999999999999716,100.77,302.9,100.82,741.4,22362.1,5265.9,100.82,132.9,BUY,2,100.77,302.9,100.76,1256.5,100.75,4370.5,100.74,8969.6,100.73,7462.6,100.82,741.4,100.83,500.0,100.84,783.0,100.85,782.0,100.86,2459.5
1700000353.0,706,100.8,0.03999999999999204,100.78,930.0,100.82,1554.6,7845.6,10225.1,100.78,16.3,SELL,3,100.78,930.0,100.77,639.0,100.76,563.1,100.75,2581.1,100.74,3132.4,100.82,1554.6,100.83,1407.0,100.84,2557.9,100.85,4389.9,100.86,315.7
1700000353.5,707,100.815,0.030000000000001137,100.8,817.1,100.83,1274.3,4832.299999999999,4291.7,100.83,62.7,BUY,4,100.8,817.1,100.79,2383.7,100.78,118.1,100.77,721.1,100.76,792.3,100.83,1274.3,100.84,775.2,100.85,1142.6,100.86,876.8,100.87,222.8
1700000354.0,708,100.83,0.03999999999999204,100.81,1159.5,100.85,326.6,6204.900000000001,2829.2999999999997,100.85,64.5,BUY,2,100.81,1159.5,100.8,564.9,100.79,2586.1,100.78,1695.6,100.77,198.8,100.85,326.6,100.86,1596.6,100.87,273.3,100.88,357.1,100.89,275.7
1700000354.5,709,100.84,0.04000000000000625,100.82,841.1,100.86,559.2,9781.2,4558.0,100.82,100.2,SELL,1,100.82,841.1,100.81,83.9,100.8,109.8,100.79,1157.9,100.78,7588.5,100.86,559.2,100.87,1301.1,100.88,1521.4,100.89,869.1,100.9,307.2
1700000355.0,710,100.86,0.03999999999999204,100.84,132.7,100.88,129.9,8796.7,6654.700000000001,100.84,46.5,SELL,2,100.84,132.7,100.83,1035.4,100.82,1005.0,100.81,6406.4,100.8,217.2,100.88,129.9,100.89,3099.8,100.9,2366.9,100.91,27.5,100.92,1030.6
1700000355.5,711,105.06,0.03999999999999204,105.04,681.1,105.08,563.9,10836.7,4932.200000000001,105.04,286.7,SELL,2,105.04,681.1,105.03,25.1,105.02,3920.9,105.01,25.5,105.0,6184.1,105.08,563.9,105.09,1217.5,105.1,488.0,105.11,276.3,105.12,2386.5
1700000356.0,712,105.07,0.04000000000000625,105.05,241.0,105.09,227.6,6935.2,1245.0,105.09,10.2,BUY,1,105.05,241.0,105.04,3114.2,105.03,673.6,105.02,1952.1,105.01,954.3,105.09,227.6,105.1,178.0,105.11,160.0,105.12,25.4,105.13,654.0
1700000356.5,713,105.07,0.04000000000000625,105.05,1788.0,105.09,11.3,10122.900000000001,2091.1,105.07,0.0,BUY,0,105.05,1788.0,105.04,664.3,105.03,102.9,105.02,3124.4,105.01,4443.3,105.09,11.3,105.1,10.0,105.11,1326.2,105.12,607.3,105.13,136.3
1700000357.0,714,105.065,0.030000000000001137,105.05,5354.1,105.08,393.4,6975.1,3183.2,105.065,0.0,BUY,0,105.05,5354.1,105.04,558.6,105.03,434.2,105.02,41.5,105.01,586.7,105.08,393.4,105.09,185.8,105.1,1439.2,105.11,71.7,105.12,1093.1
1700000357.5,715,105.09,0.04000000000000625,105.07,416.3,105.11,1161.4,2638.7999999999997,11235.3,105.07,31.0,SELL,1,105.07,416.3,105.06,1148.1,105.05,479.4,105.04,205.3,105.03,389.7,105.11,1161.4,105.12,1003.0,105.13,31.2,105.14,1316.4,105.15,7723.3
1700000358.0,716,105.11,0.03999999999999204,105.09,542.9,105.13,141.7,6680.1,2694.8999999999996,105.11,0.0,BUY,0,105.09,542.9,105.08,478.3,105.07,110.8,105.06,2876.4,105.05,2671.7,105.13,141.7,105.14,191.1,105.15,564.6,105.16,1588.3,105.17,209.2
1700000358.5,717,105.12,0.04000000000000625,105.1,81.8,105.14,332.9,7397.9,4856.7,105.1,103.8,SELL,1,105.1,81.8,105.09,2668.3,105.08,607.0,105.07,2910.4,105.06,1130.4,105.14,332.9,105.15,49.4,105.16,416.2,105.17,737.7,105.18,3320.5
1700000359.0,718,105.13,0.04000000000000625,105.11,1250.9,105.15,107.1,5409.1,3767.3999999999996,105.15,7.6,BUY,2,105.11,1250.9,105.1,1077.5,105.09,2423.8,105.08,646.0,105.07,10.9,105.15,107.1,105.16,140.6,105.17,498.1,105.18,2575.6,105.19,446.0
1700000359.5,719,105.14,0.03999999999999204,105.12,1197.4,105.16,505.3,5329.999999999999,3532.8,105.12,19.1,SELL,4,105.12,1197.4,105.11,2242.0,105.1,853.3,105.09,548.4,105.08,488.9,105.16,505.3,105.17,46.8,105.18,903.9,105.19,470.8,105.2,1606.0
1700000360.0,720,105.15,0.04000000000000625,105.13,265.4,105.17,370.2,3703.3,4787.5,105.13,28.3,SELL,5,105.13,265.4,105.12,2040.1,105.11,718.0,105.1,108.3,105.09,571.5,105.17,370.2,105.18,144.5,105.19,390.4,105.2,983.0,105.21,2899.4
1700000360.5,721,105.16,0.04000000000000625,105.14,1164.4,105.18,658.5,17543.0,3108.1,105.14,53.8,SELL,2,105.14,1164.4,105.13,2705.0,105.12,628.9,105.11,3932.2,105.1,9112.5,105.18,658.5,105.19,982.7,105.2,127.2,105.21,156.6,105.22,1183.1
1700000361.0,722,105.17,0.03999999999999204,105.15,602.1,105.19,163.8,11415.400000000001,1583.7,105.15,5.0,SELL,2,105.15,602.1,105.14,2285.0,105.13,1585.0,105.12,754.8,105.11,6188.5,105.19,163.8,105.2,235.5,105.21,186.9,105.22,372.8,105.23,624.7
1700000361.5,723,105.19,0.03999999999999204,105.17,2212.0,105.21,156.8,11860.3,2632.0,105.17,31.8,SELL,1,105.17,2212.0,105.16,2770.4,105.15,960.2,105.14,4258.2,105.13,1659.5,105.21,156.8,105.22,887.1,105.23,10.0,105.24,638.3,105.25,939.8
1700000362.0,724,105.21000000000001,0.04000000000000625,105.19,751.0,105.23,522.6,7997.299999999999,6180.0,105.19,5.0,SELL,3,105.19,751.0,105.18,518.3,105.17,2762.5,105.16,291.9,105.15,3673.6,105.23,522.6,105.24,529.9,105.25,2372.2,105.26,1887.3,105.27,868.0
1700000362.5,725,105.22,0.03999999999999204,105.2,163.5,105.24,92.6,4751.0,1554.2000000000003,105.2,15.4,SELL,1,105.2,163.5,105.19,211.8,105.18,253.8,105.17,1941.7,105.16,2180.2,105.24,92.6,105.25,925.1,105.26,346.7,105.27,72.9,105.28,116.9
1700000363.0,726,105.22999999999999,0.04000000000000625,105.21,1100.4,105.25,696.9,8244.199999999999,1121.4,105.21,63.5,SELL,1,105.21,1100.4,105.2,752.3,105.19,3292.8,105.18,1906.4,105.17,1192.3,105.25,696.9,105.26,10.2,105.27,90.3,105.28,10.2,105.29,313.8
1700000363.5,727,105.24000000000001,0.04000000000000625,105.22,877.8,105.26,1197.5,4504.9,3471.2,105.22,5.0,SELL,3,105.22,877.8,105.21,1473.5,105.2,66.6,105.19,1422.1,105.18,664.9,105.26,1197.5,105.27,1021.4,105.28,998.5,105.29,146.7,105.3,107.1
1700000364.0,728,105.25999999999999,0.04000000000000625,105.24,1345.5,105.28,873.0,3682.6,3128.5999999999995,105.24,68.8,SELL,4,105.24,1345.5,105.23,473.8,105.22,123.7,105.21,619.6,105.2,1120.0,105.28,873.0,105.29,897.6,105.3,452.0,105.31,91.2,105.32,814.8
1700000364.5,729,105.27,0.060000000000002274,105.24,254.9,105.3,388.9,7120.599999999999,4749.9,105.24,5.0,SELL,4,105.24,254.9,105.23,3023.5,105.22,1054.0,105.21,1986.3,105.2,801.9,105.3,388.9,105.31,253.9,105.32,674.9,105.33,2327.0,105.34,1105.2
1700000365.0,730,105.28,0.03999999999999204,105.26,1491.8,105.3,308.6,4204.5,3421.9,105.26,16.1,SELL,6,105.26,1491.8,105.25,593.5,105.24,55.1,105.23,2016.5,105.22,47.6,105.3,308.6,105.31,837.7,105.32,1663.6,105.33,158.5,105.34,453.5
1700000365.5,731,105.3,0.03999999999999204,105.28,160.7,105.32,378.9,4790.4,4095.8,105.32,68.5,BUY,1,105.28,160.7,105.27,503.5,105.26,755.2,105.25,3040.0,105.24,331.0,105.32,378.9,105.33,113.2,105.34,396.8,105.35,3130.8,105.36,76.1
1700000366.0,732,105.31,0.060000000000002274,105.28,1171.2,105.34,97.2,6772.2,1579.3000000000002,105.28,38.4,SELL,1,105.28,1171.2,105.27,98.2,105.26,1824.8,105.25,835.2,105.24,2842.8,105.34,97.2,105.35,127.4,105.36,826.9,105.37,367.4,105.38,160.4
1700000366.5,733,105.32,0.04000000000000625,105.3,217.6,105.34,367.9,8217.1,1639.7,105.3,22.9,SELL,5,105.3,217.6,105.29,1497.5,105.28,4332.0,105.27,1384.0,105.26,786.0,105.34,367.9,105.35,664.6,105.36,65.9,105.37,511.7,105.38,29.6
1700000367.0,734,105.33,0.03999999999999204,105.31,564.7,105.35,311.9,7827.0,5203.4,105.31,52.7,SELL,5,105.31,564.7,105.3,3339.6,105.29,3161.2,105.28,751.5,105.27,10.0,105.35,311.9,105.36,797.8,105.37,1051.2,105.38,1283.2,105.39,1759.3
1700000367.5,735,105.34,0.04000000000000625,105.32,1592.7,105.36,224.1,3497.5,3052.7999999999997,105.32,70.3,SELL,3,105.32,1592.7,105.31,797.0,105.3,344.6,105.29,547.2,105.28,216.0,105.36,224.1,105.37,2492.1,105.38,79.1,105.39,194.9,105.4,62.6
1700000368.0,736,105.35,0.04000000000000625,105.33,1536.8,105.37,330.6,8106.1,4615.4,105.33,6.1,SELL,2,105.33,1536.8,105.32,402.6,105.31,3388.9,105.3,1930.2,105.29,847.6,105.37,330.6,105.38,957.2,105.39,409.3,105.4,449.4,105.41,2468.9
1700000368.5,737,105.37,0.04000000000000625,105.35,1133.3,105.39,790.7,4166.8,4709.3,105.37,0.0,BUY,0,105.35,1133.3,105.34,881.5,105.33,662.5,105.32,138.5,105.31,1351.0,105.39,790.7,105.4,232.2,105.41,1750.8,105.42,843.4,105.43,1092.2
1700000369.0,738,105.38,0.04000000000000625,105.36,4638.2,105.4,567.8,10521.900000000001,3030.0,105.36,5.0,SELL,3,105.36,4638.2,105.35,700.3,105.34,1387.2,105.33,2921.0,105.32,875.2,105.4,567.8,105.41,672.8,105.42,844.9,105.43,867.6,105.44,76.9
1700000369.5,739,105.4,0.04000000000000625,105.38,1261.5,105.42,625.0,4643.0,3593.1000000000004,105.38,8.7,SELL,2,105.38,1261.5,105.37,110.9,105.36,138.9,105.35,470.2,105.34,2661.5,105.42,625.0,105.43,401.6,105.44,578.5,105.45,1770.7,105.46,217.3
1700000370.0,740,105.405,0.030000000000001137,105.39,2049.7,105.42,312.1,12838.499999999998,2212.3,105.42,21.5,BUY,2,105.39,2049.7,105.38,1556.2,105.37,5876.4,105.36,1975.4,105.35,1380.8,105.42,312.1,105.43,1149.2,105.44,117.0,105.45,210.6,105.46,423.4
1700000370.5,741,105.41,0.04000000000000625,105.39,428.4,105.43,67.2,2130.1,3866.6,105.39,23.0,SELL,7,105.39,428.4,105.38,1042.1,105.37,146.1,105.36,55.7,105.35,457.8,105.43,67.2,105.44,199.0,105.45,710.1,105.46,287.3,105.47,2603.0
1700000371.0,742,105.425,0.030000000000001137,105.41,726.9,105.44,202.1,9111.6,3952.3999999999996,105.41,31.0,SELL,1,105.41,726.9,105.4,679.3,105.39,953.8,105.38,5065.1,105.37,1686.5,105.44,202.1,105.45,109.3,105.46,936.4,105.47,1614.9,105.48,1089.7
1700000371.5,743,105.43,0.04000000000000625,105.41,3616.4,105.45,1007.7,8262.7,5771.0,105.41,5.0,SELL,1,105.41,3616.4,105.4,254.5,105.39,2075.7,105.38,1606.5,105.37,709.6,105.45,1007.7,105.46,1016.7,105.47,221.2,105.48,1243.0,105.49,2282.4
1700000372.0,744,105.45,0.03999999999999204,105.43,945.8,105.47,390.0,7316.9,4230.900000000001,105.43,80.3,SELL,3,105.43,945.8,105.42,473.2,105.41,263.0,105.4,3492.0,105.39,2142.9,105.47,390.0,105.48,32.5,105.49,1704.0,105.5,1432.8,105.51,671.6
1700000372.5,745,105.46000000000001,0.04000000000000625,105.44,106.8,105.48,10.0,6886.599999999999,2506.5,105.44,9.2,SELL,1,105.44,106.8,105.43,4516.2,105.42,274.9,105.41,221.9,105.4,1766.8,105.48,10.0,105.49,530.4,105.5,756.3,105.51,79.2,105.52,1130.6
1700000373.0,746,105.485,0.030000000000001137,105.47,1439.5,105.5,750.1,7606.099999999999,8431.9,105.485,0.0,BUY,0,105.47,1439.5,105.46,2111.2,105.45,102.1,105.44,998.6,105.43,2954.7,105.5,750.1,105.51,952.0,105.52,1678.7,105.53,951.4,105.54,4099.7
1700000373.5,747,105.485,0.030000000000001137,105.47,533.2,105.5,921.2,5104.400000000001,9470.0,105.485,0.0,BUY,0,105.47,533.2,105.46,400.7,105.45,189.2,105.44,2555.5,105.43,1425.8,105.5,921.2,105.51,1728.5,105.52,2514.6,105.53,3890.0,105.54,415.7
1700000374.0,748,105.5,0.03999999999999204,105.48,2018.2,105.52,149.1,4000.3,2257.3,105.48,15.3,SELL,3,105.48,2018.2,105.47,405.6,105.46,559.8,105.45,233.4,105.44,783.3,105.52,149.1,105.53,844.2,105.54,24.3,105.55,10.0,105.56,1229.7
1700000374.5,749,105.50999999999999,0.04000000000000625,105.49,53.2,105.53,73.8,6137.199999999999,4971.099999999999,105.49,24.3,SELL,3,105.49,53.2,105.48,100.0,105.47,423.9,105.46,4797.2,105.45,762.9,105.53,73.8,105.54,656.3,105.55,1302.6,105.56,2735.1,105.57,203.3
1700000375.0,750,105.52000000000001,0.04000000000000625,105.5,3566.2,105.54,228.0,7039.7,4426.9,105.5,22.6,SELL,2,105.5,3566.2,105.49,1092.5,105.48,1503.2,105.47,513.3,105.46,364.5,105.54,228.0,105.55,1199.3,105.56,474.6,105.57,286.9,105.58,2238.1
1700000375.5,751,105.53,0.03999999999999204,105.51,66.3,105.55,398.8,10958.199999999999,9186.5,105.53,0.0,BUY,0,105.51,66.3,105.5,1055.2,105.49,1403.2,105.48,7513.7,105.47,919.8,105.55,398.8,105.56,1213.5,105.57,1392.3,105.58,2677.1,105.59,3504.8
1700000376.0,752,105.55,0.03999999999999204,105.53,447.9,105.57,75.6,9033.8,3595.3,105.57,27.3,BUY,1,105.53,447.9,105.52,499.2,105.51,3541.8,105.5,2212.7,105.49,2332.2,105.57,75.6,105.58,516.2,105.59,594.3,105.6,986.9,105.61,1422.3
1700000376.5,753,105.57,0.04000000000000625,105.55,609.9,105.59,744.8,3644.1,5340.2,105.59,53.7,BUY,1,105.55,609.9,105.54,546.9,105.53,1300.4,105.52,283.9,105.51,903.0,105.59,744.8,105.6,479.2,105.61,866.2,105.62,135.7,105.63,3114.3
1700000377.0,754,105.58,0.03999999999999204,105.56,944.4,105.6,331.5,10725.4,5197.9,105.56,57.1,SELL,3,105.56,944.4,105.55,375.0,105.54,1781.8,105.53,5603.8,105.52,2020.4,105.6,331.5,105.61,583.0,105.62,780.6,105.63,1190.6,105.64,2312.2
1700000377.5,755,105.6,0.04000000000000625,105.58,194.0,105.62,213.3,16020.0,5713.5,105.58,73.3,SELL,3,105.58,194.0,105.57,1341.4,105.56,2316.8,105.55,70.7,105.54,12097.1,105.62,213.3,105.63,935.1,105.64,3827.9,105.65,677.3,105.66,59.9
1700000378.0,756,105.61,0.03999999999999204,105.59,648.5,105.63,765.0,4278.400000000001,2943.7,105.59,11.1,SELL,2,105.59,648.5,105.58,226.2,105.57,1285.4,105.56,1167.1,105.55,951.2,105.63,765.0,105.64,146.8,105.65,27.1,105.66,1417.7,105.67,587.1
1700000378.5,757,105.62,0.04000000000000625,105.6,13.3,105.64,82.2,2625.3,2297.1,105.6,5.3,SELL,4,105.6,13.3,105.59,950.8,105.58,264.0,105.57,458.2,105.56,939.0,105.64,82.2,105.65,690.1,105.66,433.8,105.67,1056.6,105.68,34.4
1700000379.0,758,105.63,0.04000000000000625,105.61,977.0,105.65,515.8,9529.2,6179.4,105.61,77.9,SELL,1,105.61,977.0,105.6,62.6,105.59,2962.8,105.58,2144.5,105.57,3382.3,105.65,515.8,105.66,463.7,105.67,3014.9,105.68,1242.1,105.69,942.9
1700000379.5,759,102.56,0.060000000000002274,102.53,992.4,102.59,37.7,13149.7,4212.1,102.59,73.3,BUY,2,102.53,992.4,102.52,311.7,102.51,2933.3,102.5,420.7,102.49,8491.6,102.59,37.7,102.6,556.2,102.61,1401.8,102.62,1941.9,102.63,274.5
1700000380.0,760,102.58,0.03999999999999204,102.56,2486.4,102.6,685.2,16851.199999999997,7309.800000000001,102.56,5.0,SELL,2,102.56,2486.4,102.55,4184.5,102.54,4644.5,102.53,443.3,102.52,5092.5,102.6,685.2,102.61,584.5,102.62,814.1,102.63,15.9,102.64,5210.1
1700000380.5,761,102.6,0.04000000000000625,102.58,1450.6,102.62,286.0,8276.6,7547.599999999999,102.58,5.8,SELL,6,102.58,1450.6,102.57,2052.0,102.56,2208.8,102.55,1512.6,102.54,1052.6,102.62,286.0,102.63,4413.2,102.64,804.1,102.65,1552.1,102.66,492.2
1700000381.0,762,102.61,0.03999999999999204,102.59,504.4,102.63,146.2,9412.400000000001,1869.3000000000002,102.59,80.2,SELL,3,102.59,504.4,102.58,1730.6,102.57,1366.1,102.56,2903.0,102.55,2908.3,102.63,146.2,102.64,10.0,102.65,381.5,102.66,49.7,102.67,1281.9
1700000381.5,763,102.63,0.04000000000000625,102.61,1990.5,102.65,105.0,6242.400000000001,3856.1000000000004,102.61,30.8,SELL,2,102.61,1990.5,102.6,1046.0,102.59,1343.5,102.58,1539.6,102.57,322.8,102.65,105.0,102.66,287.7,102.67,1865.3,102.68,702.4,102.69,895.7
1700000382.0,764,102.64,0.060000000000002274,102.61,1540.1,102.67,315.7,9226.699999999999,2972.1,102.61,40.6,SELL,2,102.61,1540.1,102.6,412.1,102.59,4312.3,102.58,2050.3,102.57,911.9,102.67,315.7,102.68,515.1,102.69,85.0,102.7,33.7,102.71,2022.6
1700000382.5,765,96.50999999999999,0.04000000000000625,96.49,1143.3,96.53,201.2,4482.9,5949.400000000001,96.53,21.1,BUY,4,96.49,1143.3,96.48,1347.8,96.47,884.3,96.46,105.0,96.45,1002.5,96.53,201.2,96.54,149.9,96.55,1635.4,96.56,2449.6,96.57,1513.3
1700000383.0,766,96.52000000000001,0.04000000000000625,96.5,184.0,96.54,10.0,8265.900000000001,2480.9,96.54,66.6,BUY,3,96.5,184.0,96.49,1300.4,96.48,2466.4,96.47,3378.9,96.46,936.2,96.54,10.0,96.55,1014.6,96.56,481.2,96.57,501.0,96.58,474.1
1700000383.5,767,96.53,0.03999999999999204,96.51,64.7,96.55,413.5,7035.0,6472.200000000001,96.51,24.9,SELL,1,96.51,64.7,96.5,1805.7,96.49,1386.8,96.48,2559.9,96.47,1217.9,96.55,413.5,96.56,1246.5,96.57,930.9,96.58,1788.2,96.59,2093.1
1700000384.0,768,96.53999999999999,0.04000000000000625,96.52,1551.1,96.56,27.3,7356.2,6516.900000000001,96.53999999999999,0.0,BUY,0,96.52,1551.1,96.51,1537.3,96.5,1434.5,96.49,429.3,96.48,2404.0,96.56,27.3,96.57,2130.4,96.58,723.7,96.59,1912.3,96.6,1723.2
1700000384.5,769,96.55,0.060000000000002274,96.52,10.0,96.58,430.5,4958.299999999999,2807.4,96.52,31.4,SELL,3,96.52,10.0,96.51,828.9,96.5,2035.3,96.49,144.1,96.48,1940.0,96.58,430.5,96.59,1303.0,96.6,259.8,96.61,713.5,96.62,100.6
1700000385.0,770,96.565,0.04999999999999716,96.54,524.1,96.59,335.2,4144.900000000001,3448.9,96.565,0.0,BUY,0,96.54,524.1,96.53,795.3,96.52,621.9,96.51,1701.5,96.5,502.1,96.59,335.2,96.6,274.3,96.61,487.5,96.62,906.9,96.63,1445.0
1700000385.5,771,96.58,0.03999999999999204,96.56,1051.3,96.6,434.6,7663.5,4010.1000000000004,96.6,16.6,BUY,3,96.56,1051.3,96.55,594.4,96.54,4040.8,96.53,172.7,96.52,1804.3,96.6,434.6,96.61,121.7,96.62,422.1,96.63,1734.4,96.64,1297.3
1700000386.0,772,96.59,0.04000000000000625,96.57,600.9,96.61,34.2,1843.9,2961.1,96.57,27.0,SELL,5,96.57,600.9,96.56,568.3,96.55,260.9,96.54,144.9,96.53,268.9,96.61,34.2,96.62,1760.0,96.63,265.2,96.64,559.3,96.65,342.4
1700000386.5,773,96.6,0.04000000000000625,96.58,502.1,96.62,658.1,10288.1,7108.599999999999,96.58,85.8,SELL,5,96.58,502.1,96.57,484.9,96.56,3530.5,96.55,2111.3,96.54,3659.3,96.62,658.1,96.63,683.0,96.64,2811.1,96.65,2886.2,96.66,70.2
1700000387.0,774,96.61,0.03999999999999204,96.59,1423.9,96.63,141.3,4848.8,2494.4,96.63,62.8,BUY,3,96.59,1423.9,96.58,1768.7,96.57,784.7,96.56,770.0,96.55,101.5,96.63,141.3,96.64,22.5,96.65,837.7,96.66,1394.3,96.67,98.6
1700000387.5,775,92.82,0.04000000000000625,92.8,1101.0,92.84,111.3,13469.0,2738.7,92.84,5.0,BUY,3,92.8,1101.0,92.79,1510.2,92.78,2891.0,92.77,7673.8,92.76,293.0,92.84,111.3,92.85,20.0,92.86,401.6,92.87,1426.3,92.88,779.5
1700000388.0,776,92.84,0.04000000000000625,92.82,408.1,92.86,1470.9,12814.9,6817.400000000001,92.86,16.9,BUY,2,92.82,408.1,92.81,6217.1,92.8,2520.8,92.79,3552.6,92.78,116.3,92.86,1470.9,92.87,387.3,92.88,1689.4,92.89,255.5,92.9,3014.3
1700000388.5,777,92.86,0.060000000000002274,92.83,1365.4,92.89,209.2,5869.400000000001,2603.6000000000004,92.89,7.3,BUY,1,92.83,1365.4,92.82,157.1,92.81,721.4,92.8,1319.7,92.79,2305.8,92.89,209.2,92.9,712.3,92.91,568.2,92.92,30.7,92.93,1083.2
1700000389.0,778,92.87,0.060000000000002274,92.84,839.2,92.9,1091.0,5371.5,2849.1,92.84,49.8,SELL,2,92.84,839.2,92.83,317.5,92.82,2978.1,92.81,936.8,92.8,299.9,92.9,1091.0,92.91,429.1,92.92,736.0,92.93,359.9,92.94,233.1
1700000389.5,779,92.88,0.04000000000000625,92.86,1040.5,92.9,2659.6,6111.0,6821.2,92.86,85.6,SELL,2,92.86,1040.5,92.85,1799.2,92.84,499.7,92.83,2295.6,92.82,476.0,92.9,2659.6,92.91,798.8,92.92,437.6,92.93,1513.0,92.94,1412.2
1700000390.0,780,92.89,0.03999999999999204,92.87,16.4,92.91,104.2,15728.099999999999,5640.6,92.87,5.0,SELL,2,92.87,16.4,92.86,452.9,92.85,4353.9,92.84,8051.2,92.83,2853.7,92.91,104.2,92.92,250.1,92.93,1766.1,92.94,696.6,92.95,2823.6
1700000390.5,781,92.9,0.04000000000000625,92.88,1188.8,92.92,975.0,6225.200000000001,3160.2,92.88,52.7,SELL,1,92.88,1188.8,92.87,914.0,92.86,2983.9,92.85,313.7,92.84,824.8,92.92,975.0,92.93,1194.5,92.94,404.1,92.95,43.5,92.96,543.1
1700000391.0,782,92.925,0.030000000000001137,92.91,665.2,92.94,1178.7,14142.5,9133.7,92.94,38.5,BUY,3,92.91,665.2,92.9,322.4,92.89,2742.7,92.88,2948.8,92.87,7463.4,92.94,1178.7,92.95,1307.5,92.96,476.5,92.97,4529.3,92.98,1641.7
1700000391.5,783,92.94,0.03999999999999204,92.92,493.4,92.96,175.9,15552.7,1330.4,92.92,56.0,SELL,4,92.92,493.4,92.91,565.4,92.9,7125.8,92.89,7060.0,92.88,308.1,92.96,175.9,92.97,93.7,92.98,461.5,92.99,369.6,93.0,229.7
1700000392.0,784,92.96000000000001,0.04000000000000625,92.94,751.0,92.98,87.0,3504.2,4528.2,92.96000000000001,0.0,BUY,0,92.94,751.0,92.93,342.0,92.92,747.2,92.91,1097.5,92.9,566.5,92.98,87.0,92.99,2855.1,93.0,768.9,93.01,773.5,93.02,43.7
1700000392.5,785,92.97999999999999,0.04000000000000625,92.96,254.6,93.0,679.7,7685.4,6202.2,92.96,134.3,SELL,1,92.96,254.6,92.95,493.7,92.94,1110.5,92.93,4990.9,92.92,835.7,93.0,679.7,93.01,2648.3,93.02,982.7,93.03,594.5,93.04,1297.0
1700000393.0,786,93.0,0.03999999999999204,92.98,220.1,93.02,2136.7,5765.599999999999,4840.799999999999,92.98,28.6,SELL,1,92.98,220.1,92.97,3614.7,92.96,810.9,92.95,129.4,92.94,990.5,93.02,2136.7,93.03,73.5,93.04,627.1,93.05,857.3,93.06,1146.2
1700000393.5,787,93.00999999999999,0.04000000000000625,92.99,916.1,93.03,250.2,17413.8,1744.8000000000002,92.99,34.5,SELL,1,92.99,916.1,92.98,2922.4,92.97,25.6,92.96,8760.5,92.95,4789.2,93.03,250.2,93.04,203.7,93.05,626.5,93.06,654.4,93.07,10.0
1700000394.0,788,93.02,0.060000000000002274,92.99,1700.8,93.05,1225.6,12303.0,2928.6,93.05,28.0,BUY,3,92.99,1700.8,92.98,1871.0,92.97,734.7,92.96,4703.4,92.95,3293.1,93.05,1225.6,93.06,213.9,93.07,142.3,93.08,378.3,93.09,968.5
1700000394.5,789,95.7,0.03999999999999204,95.68,1096.7,95.72,254.6,10211.5,3192.2,95.68,42.9,SELL,3,95.68,1096.7,95.67,2674.3,95.66,673.3,95.65,2093.8,95.64,3673.4,95.72,254.6,95.73,200.1,95.74,2217.4,95.75,415.2,95.76,104.9
1700000395.0,790,95.72,0.03999999999999204,95.7,41.0,95.74,187.1,6175.2,3494.2000000000003,95.7,5.0,SELL,4,95.7,41.0,95.69,415.5,95.68,310.6,95.67,2147.1,95.66,3261.0,95.74,187.1,95.75,95.6,95.76,1021.2,95.77,2180.3,95.78,10.0
1700000395.5,791,95.72,0.03999999999999204,95.7,3098.0,95.74,166.5,14403.5,1950.3000000000002,95.74,36.3,BUY,1,95.7,3098.0,95.69,1713.9,95.68,3166.0,95.67,3374.1,95.66,3051.5,95.74,166.5,95.75,43.7,95.76,955.2,95.77,154.0,95.78,630.9
1700000396.0,792,95.74000000000001,0.04000000000000625,95.72,526.9,95.76,847.8,6527.2,6016.599999999999,95.72,102.4,SELL,1,95.72,526.9,95.71,1463.8,95.7,1640.1,95.69,369.5,95.68,2526.9,95.76,847.8,95.77,635.1,95.78,2629.1,95.79,962.9,95.8,941.7
1700000396.5,793,95.75,0.03999999999999204,95.73,138.6,95.77,2593.8,5701.5,5372.1,95.73,27.6,SELL,2,95.73,138.6,95.72,135.5,95.71,1321.3,95.7,656.7,95.69,3449.4,95.77,2593.8,95.78,353.1,95.79,777.0,95.8,432.3,95.81,1215.9
1700000397.0,794,95.77000000000001,0.04000000000000625,95.75,478.9,95.79,631.9,2143.2999999999997,5619.999999999999,95.75,106.7,SELL,2,95.75,478.9,95.74,237.2,95.73,602.5,95.72,11.8,95.71,812.9,95.79,631.9,95.8,816.3,95.81,2386.1,95.82,1558.3,95.83,227.4
1700000397.5,795,95.78,0.03999999999999204,95.76,203.7,95.8,144.7,9360.7,3097.1,95.8,65.2,BUY,3,95.76,203.7,95.75,4334.9,95.74,1307.3,95.73,437.1,95.72,3077.7,95.8,144.7,95.81,42.9,95.82,20.3,95.83,732.3,95.84,2156.9
1700000398.0,796,95.785,0.030000000000001137,95.77,150.0,95.8,806.0,12990.0,5328.6,95.77,22.2,SELL,2,95.77,150.0,95.76,1076.9,95.75,3962.0,95.74,56.3,95.73,7744.8,95.8,806.0,95.81,1322.9,95.82,1651.9,95.83,81.5,95.84,1466.3
1700000398.5,797,95.78999999999999,0.04000000000000625,95.77,225.9,95.81,57.1,3070.4999999999995,6824.2,95.81,5.0,BUY,4,95.77,225.9,95.76,1246.5,95.75,975.8,95.74,443.6,95.73,178.7,95.81,57.1,95.82,1861.2,95.83,742.6,95.84,2118.5,95.85,2044.8
1700000399.0,798,95.8,0.03999999999999204,95.78,1499.3,95.82,766.9,9117.6,7524.9,95.78,35.4,SELL,3,95.78,1499.3,95.77,2426.1,95.76,2017.6,95.75,2913.4,95.74,261.2,95.82,766.9,95.83,1109.8,95.84,3679.3,95.85,848.7,95.86,1120.2
1700000399.5,799,95.81,0.03999999999999204,95.79,666.2,95.83,1739.3,6715.599999999999,6548.4,95.79,18.0,SELL,2,95.79,666.2,95.78,278.8,95.77,1280.6,95.76,1899.8,95.75,2590.2,95.83,1739.3,95.84,420.8,95.85,1336.8,95.86,2153.5,95.87,898.0
1700000400.0,800,95.825,0.030000000000001137,95.81,770.6,95.84,817.5,9099.100000000002,2540.0,95.81,85.8,SELL,1,95.81,770.6,95.8,17.5,95.79,4216.0,95.78,3455.3,95.77,639.7,95.84,817.5,95.85,305.3,95.86,193.0,95.87,852.9,95.88,371.3
1700000400.5,801,95.84,0.04000000000000625,95.82,94.8,95.86,55.0,5553.900000000001,7805.4,95.82,28.8,SELL,6,95.82,94.8,95.81,962.9,95.8,1907.6,95.79,1748.5,95.78,840.1,95.86,55.0,95.87,1266.3,95.88,48.2,95.89,6333.5,95.9,102.4
1700000401.0,802,95.85,0.04000000000000625,95.83,296.7,95.87,260.6,6874.8,1672.4,95.83,8.6,SELL,2,95.83,296.7,95.82,1588.8,95.81,262.5,95.8,3718.8,95.79,1008.0,95.87,260.6,95.88,133.0,95.89,343.3,95.9,562.5,95.91,373.0
1700000401.5,803,95.86,0.060000000000002274,95.83,1192.4,95.89,319.9,13776.3,7096.5,95.83,131.5,SELL,2,95.83,1192.4,95.82,1556.9,95.81,7024.7,95.8,3634.3,95.79,368.0,95.89,319.9,95.9,1050.2,95.91,1779.3,95.92,473.9,95.93,3473.2
1700000402.0,804,95.875,0.030000000000001137,95.86,1808.3,95.89,37.7,6715.900000000001,3529.1000000000004,95.86,79.4,SELL,1,95.86,1808.3,95.85,2535.3,95.84,179.8,95.83,295.3,95.82,1897.2,95.89,37.7,95.9,549.0,95.91,389.5,95.92,1205.1,95.93,1347.8
1700000402.5,805,95.88,0.04000000000000625,95.86,1135.6,95.9,160.8,6067.299999999999,6099.5,95.86,6.5,SELL,3,95.86,1135.6,95.85,565.4,95.84,801.8,95.83,1897.1,95.82,1667.4,95.9,160.8,95.91,1171.3,95.92,1623.5,95.93,932.8,95.94,2211.1
1700000403.0,806,95.9,0.04000000000000625,95.88,2702.8,95.92,877.8,9883.1,5320.9,95.88,5.0,SELL,1,95.88,2702.8,95.87,895.9,95.86,1669.6,95.85,136.1,95.84,4478.7,95.92,877.8,95.93,258.1,95.94,504.1,95.95,1711.5,95.96,1969.4
1700000403.5,807,95.91,0.04000000000000625,95.89,73.8,95.93,37.7,3492.1,1774.4,95.93,24.3,BUY,1,95.89,73.8,95.88,1024.4,95.87,429.2,95.86,1600.8,95.85,363.9,95.93,37.7,95.94,109.2,95.95,1185.4,95.96,42.0,95.97,400.1
1700000404.0,808,95.93,0.04000000000000625,95.91,530.6,95.95,111.1,8464.599999999999,3179.4,95.95,22.1,BUY,1,95.91,530.6,95.9,568.0,95.89,520.2,95.88,6834.0,95.87,11.8,95.95,111.1,95.96,377.8,95.97,1532.1,95.98,790.6,95.99,367.8
1700000404.5,809,95.94,0.03999999999999204,95.92,60.6,95.96,289.0,2204.7,5351.9,95.92,46.0,SELL,3,95.92,60.6,95.91,208.8,95.9,365.8,95.89,1182.5,95.88,387.0,95.96,289.0,95.97,218.7,95.98,2694.7,95.99,1814.6,96.0,334.9
1700000405.0,810,95.96000000000001,0.04000000000000625,95.94,262.5,95.98,2247.8,3698.9,5749.599999999999,95.94,136.6,SELL,5,95.94,262.5,95.93,379.0,95.92,1269.4,95.91,152.5,95.9,1635.5,95.98,2247.8,95.99,2283.2,96.0,173.7,96.01,14.9,96.02,1030.0
1700000405.5,811,95.97,0.060000000000002274,95.94,1079.5,96.0,1119.2,5956.5,2804.8999999999996,95.94,31.4,SELL,1,95.94,1079.5,95.93,730.3,95.92,2672.8,95.91,1155.2,95.9,318.7,96.0,1119.2,96.01,491.2,96.02,763.3,96.03,305.1,96.04,126.1
1700000406.0,812,95.97999999999999,0.04000000000000625,95.96,940.5,96.0,19.8,7904.5,2424.2,95.96,105.1,SELL,2,95.96,940.5,95.95,466.7,95.94,79.2,95.93,1773.3,95.92,4644.8,96.0,19.8,96.01,165.5,96.02,299.3,96.03,391.1,96.04,1548.5
1700000406.5,813,95.99,0.060000000000002274,95.96,96.2,96.02,424.7,4607.3,3363.6,95.96,16.1,SELL,2,95.96,96.2,95.95,716.7,95.94,478.8,95.93,2315.8,95.92,999.8,96.02,424.7,96.03,223.8,96.04,735.8,96.05,410.4,96.06,1568.9
1700000407.0,814,96.0,0.03999999999999204,95.98,275.9,96.02,193.5,5391.4,1851.1000000000001,95.98,45.1,SELL,3,95.98,275.9,95.97,532.2,95.96,215.9,95.95,591.6,95.94,3775.8,96.02,193.5,96.03,258.7,96.04,481.0,96.05,280.1,96.06,637.8
1700000407.5,815,96.00999999999999,0.04000000000000625,95.99,1764.3,96.03,11.0,4014.6999999999994,3493.7,96.03,114.8,BUY,6,95.99,1764.3,95.98,282.9,95.97,918.7,95.96,625.2,95.95,423.6,96.03,11.0,96.04,1130.9,96.05,376.5,96.06,20.5,96.07,1954.8
1700000408.0,816,96.03,0.03999999999999204,96.01,384.6,96.05,1543.6,4667.7,2349.2,96.05,9.0,BUY,2,96.01,384.6,96.0,342.7,95.99,1727.5,95.98,1043.6,95.97,1169.3,96.05,1543.6,96.06,360.2,96.07,123.4,96.08,119.8,96.09,202.2
1700000408.5,817,96.03999999999999,0.04000000000000625,96.02,1509.0,96.06,40.7,5591.7,2631.7,96.06,16.2,BUY,1,96.02,1509.0,96.01,663.2,96.0,512.3,95.99,2159.2,95.98,748.0,96.06,40.7,96.07,79.8,96.08,343.6,96.09,592.5,96.1,1575.1
1700000409.0,818,96.05,0.03999999999999204,96.03,556.9,96.07,398.9,10282.400000000001,1893.0,96.07,25.9,BUY,3,96.03,556.9,96.02,1323.8,96.01,6974.5,96.0,1330.6,95.99,96.6,96.07,398.9,96.08,158.9,96.09,491.5,96.1,408.6,96.11,435.1
1700000409.5,819,96.07,0.04000000000000625,96.05,3030.4,96.09,1169.2,14565.5,3012.4999999999995,96.05,22.3,SELL,1,96.05,3030.4,96.04,1848.1,96.03,1312.9,96.02,773.7,96.01,7600.4,96.09,1169.2,96.1,1065.5,96.11,108.6,96.12,634.6,96.13,34.6
1700000410.0,820,96.08,0.03999999999999204,96.06,2085.6,96.1,629.0,9959.3,5472.5,96.06,17.8,SELL,1,96.06,2085.6,96.05,1547.2,96.04,2711.0,96.03,3214.6,96.02,400.9,96.1,629.0,96.11,393.0,96.12,421.9,96.13,2118.3,96.14,1910.3
1700000410.5,821,96.09,0.04000000000000625,96.07,140.0,96.11,983.4,5938.6,4725.9,96.07,22.8,SELL,2,96.07,140.0,96.06,408.8,96.05,423.0,96.04,4749.0,96.03,217.8,96.11,983.4,96.12,968.3,96.13,151.3,96.14,2342.4,96.15,280.5
1700000411.0,822,96.11,0.060000000000002274,96.08,294.4,96.14,684.5,18593.4,1651.6999999999998,96.08,31.6,SELL,4,96.08,294.4,96.07,380.1,96.06,1333.9,96.05,1158.1,96.04,15426.9,96.14,684.5,96.15,90.3,96.16,24.5,96.17,242.3,96.18,610.1
1700000411.5,823,96.12,0.060000000000002274,96.09,856.0,96.15,189.2,3383.7,2378.8,96.15,5.5,BUY,2,96.09,856.0,96.08,257.1,96.07,317.2,96.06,466.2,96.05,1487.2,96.15,189.2,96.16,654.8,96.17,87.1,96.18,475.2,96.19,972.5
1700000412.0,824,96.13,0.04000000000000625,96.11,393.7,96.15,625.5,7229.4,4678.2,96.15,6.9,BUY,4,96.11,393.7,96.1,3373.5,96.09,935.3,96.08,1945.9,96.07,581.0,96.15,625.5,96.16,326.5,96.17,46.5,96.18,452.0,96.19,3227.7
1700000412.5,825,96.14,0.03999999999999204,96.12,434.5,96.16,64.8,6101.2,3088.4,96.14,0.0,BUY,0,96.12,434.5,96.11,1209.9,96.1,1573.1,96.09,2256.3,96.08,627.4,96.16,64.8,96.17,837.7,96.18,1505.3,96.19,440.4,96.2,240.2
1700000413.0,826,96.15,0.04000000000000625,96.13,2052.8,96.17,219.2,5466.1,1984.0,96.17,5.0,BUY,3,96.13,2052.8,96.12,1798.7,96.11,481.3,96.1,240.0,96.09,893.3,96.17,219.2,96.18,436.6,96.19,650.2,96.2,422.8,96.21,255.2
1700000413.5,827,96.16,0.04000000000000625,96.14,984.3,96.18,447.7,8247.699999999999,7236.500000000001,96.14,5.0,SELL,1,96.14,984.3,96.13,2278.7,96.12,2143.5,96.11,1060.9,96.1,1780.3,96.18,447.7,96.19,3133.4,96.2,906.5,96.21,1044.1,96.22,1704.8
1700000414.0,828,96.16,0.04000000000000625,96.14,823.0,96.18,28.3,9959.1,3793.3,96.14,55.0,SELL,5,96.14,823.0,96.13,2360.8,96.12,558.5,96.11,410.2,96.1,5806.6,96.18,28.3,96.19,1516.9,96.2,126.8,96.21,311.4,96.22,1809.9
1700000414.5,829,96.18,0.04000000000000625,96.16,509.6,96.2,401.9,7906.5,2715.6000000000004,96.18,0.0,BUY,0,96.16,509.6,96.15,3200.9,96.14,728.7,96.13,992.3,96.12,2475.0,96.2,401.9,96.21,472.3,96.22,1033.7,96.23,245.5,96.24,562.2
1700000415.0,830,96.185,0.030000000000001137,96.17,585.8,96.2,734.1,8906.699999999999,4059.0000000000005,96.17,23.1,SELL,1,96.17,585.8,96.16,1117.2,96.15,5329.5,96.14,1680.8,96.13,193.4,96.2,734.1,96.21,698.3,96.22,1451.9,96.23,771.3,96.24,403.4
1700000415.5,831,96.2,0.03999999999999204,96.18,2113.5,96.22,1476.2,6824.200000000001,5319.1,96.2,0.0,BUY,0,96.18,2113.5,96.17,537.3,96.16,1993.2,96.15,737.3,96.14,1442.9,96.22,1476.2,96.23,108.2,96.24,1369.6,96.25,225.2,96.26,2139.9
1700000416.0,832,96.215,0.030000000000001137,96.2,1941.6,96.23,10.0,10378.3,4319.5,96.2,23.3,SELL,2,96.2,1941.6,96.19,618.6,96.18,2000.0,96.17,1770.7,96.16,4047.4,96.23,10.0,96.24,2187.9,96.25,1025.2,96.26,255.0,96.27,841.4
1700000416.5,833,96.23,0.060000000000002274,96.2,761.9,96.26,254.4,5869.700000000001,6429.3,96.26,21.4,BUY,2,96.2,761.9,96.19,194.3,96.18,1033.2,96.17,2444.3,96.16,1436.0,96.26,254.4,96.27,957.6,96.28,1205.9,96.29,1583.6,96.3,2427.8
1700000417.0,834,96.24000000000001,0.04000000000000625,96.22,217.2,96.26,684.6,6599.8,3171.7,96.24000000000001,0.0,BUY,0,96.22,217.2,96.21,497.8,96.2,1483.9,96.19,1611.7,96.18,2789.2,96.26,684.6,96.27,1442.7,96.28,678.6,96.29,62.6,96.3,303.2
1700000417.5,835,95.43,0.04000000000000625,95.41,10.0,95.45,23.7,12083.0,2340.7000000000003,95.45,91.2,BUY,5,95.41,10.0,95.4,1813.3,95.39,1691.3,95.38,4795.1,95.37,3773.3,95.45,23.7,95.46,273.1,95.47,46.9,95.48,1974.7,95.49,22.3
1700000418.0,836,95.44,0.03999999999999204,95.42,231.5,95.46,861.5,7190.299999999999,4772.1,95.42,24.0,SELL,3,95.42,231.5,95.41,3686.0,95.4,940.0,95.39,324.4,95.38,2008.4,95.46,861.5,95.47,451.5,95.48,504.0,95.49,1036.4,95.5,1918.7
1700000418.5,837,95.46000000000001,0.04000000000000625,95.44,2868.2,95.48,367.3,8133.2,7772.4,95.48,36.1,BUY,1,95.44,2868.2,95.43,1471.0,95.42,1149.7,95.41,1848.0,95.4,796.3,95.48,367.3,95.49,660.7,95.5,1428.5,95.51,4615.4,95.52,700.5
1700000419.0,838,95.465,0.030000000000001137,95.45,891.6,95.48,279.4,15152.900000000001,2641.3,95.45,38.6,SELL,3,95.45,891.6,95.44,684.8,95.43,889.2,95.42,2554.6,95.41,10132.7,95.48,279.4,95.49,214.4,95.5,870.1,95.51,247.5,95.52,1029.9
1700000419.5,839,95.485,0.030000000000001137,95.47,1326.4,95.5,150.3,9660.7,1968.1,95.47,6.3,SELL,2,95.47,1326.4,95.46,211.7,95.45,385.1,95.44,6507.9,95.43,1229.6,95.5,150.3,95.51,863.8,95.52,174.0,95.53,25.8,95.54,754.2
1700000420.0,840,95.5,0.03999999999999204,95.48,441.7,95.52,371.3,9662.599999999999,3134.7000000000003,95.52,25.2,BUY,2,95.48,441.7,95.47,419.5,95.46,321.6,95.45,7678.0,95.44,801.8,95.52,371.3,95.53,407.0,95.54,10.0,95.55,1999.0,95.56,347.4
1700000420.5,841,95.52000000000001,0.04000000000000625,95.5,67.8,95.54,929.3,2914.3,2685.3,95.5,45.3,SELL,1,95.5,67.8,95.49,1132.8,95.48,260.1,95.47,832.8,95.46,620.8,95.54,929.3,95.55,61.4,95.56,303.3,95.57,578.6,95.58,812.7
1700000421.0,842,95.53,0.03999999999999204,95.51,572.0,95.55,1146.2,6339.3,11625.6,95.55,12.1,BUY,2,95.51,572.0,95.5,14.0,95.49,428.9,95.48,2838.8,95.47,2485.6,95.55,1146.2,95.56,7490.1,95.57,521.3,95.58,1432.8,95.59,1035.2
1700000421.5,843,95.55,0.03999999999999204,95.53,612.3,95.57,451.1,6460.7,6701.900000000001,95.53,97.3,SELL,2,95.53,612.3,95.52,612.5,95.51,1120.2,95.5,3372.2,95.49,743.5,95.57,451.1,95.58,722.0,95.59,4247.6,95.6,1220.3,95.61,60.9
1700000422.0,844,95.56,0.060000000000002274,95.53,98.7,95.59,111.9,5542.200000000001,2714.4,95.53,80.3,SELL,4,95.53,98.7,95.52,237.6,95.51,1649.5,95.5,2365.3,95.49,1191.1,95.59,111.9,95.6,464.7,95.61,200.0,95.62,1363.2,95.63,574.6
1700000422.5,845,95.57,0.04000000000000625,95.55,1029.9,95.59,592.2,8610.900000000001,4614.599999999999,95.59,33.0,BUY,3,95.55,1029.9,95.54,1172.5,95.53,3185.8,95.52,2950.5,95.51,272.2,95.59,592.2,95.6,2810.7,95.61,664.6,95.62,387.2,95.63,159.9
1700000423.0,846,95.575,0.030000000000001137,95.56,586.4,95.59,74.1,6343.4,2621.1,95.56,43.1,SELL,2,95.56,586.4,95.55,307.9,95.54,274.5,95.53,2647.9,95.52,2526.7,95.59,74.1,95.6,743.6,95.61,83.4,95.62,209.5,95.63,1510.5
1700000423.5,847,95.595,0.05000000000001137,95.57,512.7,95.62,249.1,9347.6,6097.5,95.595,0.0,BUY,0,95.57,512.7,95.56,1175.3,95.55,1481.8,95.54,3278.4,95.53,2899.4,95.62,249.1,95.63,2316.7,95.64,526.1,95.65,767.1,95.66,2238.5
1700000424.0,848,95.61,0.03999999999999204,95.59,1669.1,95.63,981.0,8546.599999999999,3674.6,95.59,11.1,SELL,3,95.59,1669.1,95.58,4589.2,95.57,485.4,95.56,1019.8,95.55,783.1,95.63,981.0,95.64,966.6,95.65,375.3,95.66,436.1,95.67,915.6
1700000424.5,849,95.62,0.04000000000000625,95.6,393.3,95.64,272.4,10104.2,2440.2,95.64,5.0,BUY,2,95.6,393.3,95.59,181.3,95.58,2196.4,95.57,3983.7,95.56,3349.5,95.64,272.4,95.65,318.0,95.66,320.4,95.67,85.2,95.68,1444.2
1700000425.0,850,93.82,0.04000000000000625,93.8,1320.7,93.84,213.0,7455.7,3357.7000000000003,93.8,8.7,SELL,4,93.8,1320.7,93.79,1049.8,93.78,1393.7,93.77,632.2,93.76,3059.3,93.84,213.0,93.85,877.0,93.86,468.1,93.87,862.2,93.88,937.4
1700000425.5,851,93.83,0.03999999999999204,93.81,552.7,93.85,380.0,5528.400000000001,1843.2000000000003,93.85,25.7,BUY,3,93.81,552.7,93.8,2139.6,93.79,2572.3,93.78,166.7,93.77,97.1,93.85,380.0,93.86,317.7,93.87,127.9,93.88,929.7,93.89,87.9
1700000426.0,852,93.84,0.04000000000000625,93.82,111.8,93.86,179.8,9641.5,3332.3999999999996,93.82,23.6,SELL,1,93.82,111.8,93.81,1823.1,93.8,412.4,93.79,5435.1,93.78,1859.1,93.86,179.8,93.87,1123.3,93.88,804.8,93.89,51.0,93.9,1173.5
1700000426.5,853,93.36,0.03999999999999204,93.34,1267.5,93.38,363.1,6311.500000000001,1820.1,93.34,89.9,SELL,1,93.34,1267.5,93.33,970.8,93.32,3377.9,93.31,119.1,93.3,576.2,93.38,363.1,93.39,24.6,93.4,839.0,93.41,462.4,93.42,131.0
1700000427.0,854,93.37,0.04000000000000625,93.35,509.5,93.39,309.1,7302.700000000001,2071.8,93.39,61.2,BUY,5,93.35,509.5,93.34,545.5,93.33,929.2,93.32,4205.1,93.31,1113.4,93.39,309.1,93.4,226.9,93.41,982.2,93.42,13.2,93.43,540.4
1700000427.5,855,93.39,0.03999999999999204,93.37,559.7,93.41,376.8,7715.600000000001,7032.8,93.41,48.8,BUY,1,93.37,559.7,93.36,202.6,93.35,1110.4,93.34,4285.1,93.33,1557.8,93.41,376.8,93.42,478.1,93.43,1533.4,93.44,435.2,93.45,4209.3
1700000428.0,856,93.4,0.04000000000000625,93.38,1860.2,93.42,250.6,9945.599999999999,3404.4,93.38,27.0,SELL,3,93.38,1860.2,93.37,452.9,93.36,729.4,93.35,742.7,93.34,6160.4,93.42,250.6,93.43,356.6,93.44,1759.8,93.45,820.8,93.46,216.6
1700000428.5,857,93.41,0.04000000000000625,93.39,10.0,93.43,17.7,3552.7999999999997,2849.6000000000004,93.39,69.1,SELL,3,93.39,10.0,93.38,272.5,93.37,237.9,93.36,194.7,93.35,2837.7,93.43,17.7,93.44,85.1,93.45,555.3,93.46,128.2,93.47,2063.3
1700000429.0,858,93.42,0.03999999999999204,93.4,290.4,93.44,748.7,6639.7,3765.6000000000004,93.44,6.5,BUY,3,93.4,290.4,93.39,412.4,93.38,738.8,93.37,2613.9,93.36,2584.2,93.44,748.7,93.45,84.9,93.46,141.8,93.47,1388.7,93.48,1401.5
1700000429.5,859,93.43,0.04000000000000625,93.41,1320.0,93.45,267.0,9951.9,1633.8,93.41,8.6,SELL,2,93.41,1320.0,93.4,230.4,93.39,4649.1,93.38,1051.4,93.37,2701.0,93.45,267.0,93.46,263.0,93.47,146.9,93.48,822.1,93.49,134.8
1700000430.0,860,93.44,0.03999999999999204,93.42,1754.4,93.46,618.9,7517.6,7235.300000000001,93.42,5.0,SELL,4,93.42,1754.4,93.41,1175.0,93.4,2016.8,93.39,113.0,93.38,2458.4,93.46,618.9,93.47,890.7,93.48,3042.5,93.49,1470.1,93.5,1213.1
1700000430.5,861,93.46000000000001,0.04000000000000625,93.44,708.6,93.48,594.2,7882.4,1421.5,93.44,5.0,SELL,1,93.44,708.6,93.43,125.7,93.42,2228.2,93.41,3606.7,93.4,1213.2,93.48,594.2,93.49,417.0,93.5,312.3,93.51,74.2,93.52,23.8
1700000431.0,862,93.47,0.03999999999999204,93.45,1954.8,93.49,305.8,10442.5,4526.7,93.45,17.9,SELL,3,93.45,1954.8,93.44,1959.5,93.43,3550.2,93.42,1286.8,93.41,1691.2,93.49,305.8,93.5,267.5,93.51,2533.4,93.52,1316.0,93.53,104.0
1700000431.5,863,93.47,0.03999999999999204,93.45,1467.8,93.49,2911.3,12219.3,5920.400000000001,93.45,36.1,SELL,2,93.45,1467.8,93.44,91.7,93.43,2470.9,93.42,563.8,93.41,7625.1,93.49,2911.3,93.5,358.3,93.51,1828.1,93.52,321.3,93.53,501.4
1700000432.0,864,93.485,0.030000000000001137,93.47,387.5,93.5,420.0,3125.1,5642.7,93.485,0.0,BUY,0,93.47,387.5,93.46,76.0,93.45,62.6,93.44,1469.6,93.43,1129.4,93.5,420.0,93.51,427.4,93.52,2628.6,93.53,812.0,93.54,1354.7
1700000432.5,865,93.485,0.030000000000001137,93.47,714.7,93.5,379.2,13273.8,3284.2,93.5,58.8,BUY,3,93.47,714.7,93.46,1687.7,93.45,3775.6,93.44,581.5,93.43,6514.3,93.5,379.2,93.51,138.5,93.52,256.0,93.53,1104.1,93.54,1406.4
1700000433.0,866,93.49000000000001,0.04000000000000625,93.47,163.6,93.51,557.1,5527.3,2547.7,93.49000000000001,0.0,BUY,0,93.47,163.6,93.46,1702.8,93.45,1416.6,93.44,1887.8,93.43,356.5,93.51,557.1,93.52,496.2,93.53,198.0,93.54,213.1,93.55,1083.3
1700000433.5,867,93.51,0.060000000000002274,93.48,1808.6,93.54,574.2,9173.400000000001,5733.400000000001,93.48,35.2,SELL,4,93.48,1808.6,93.47,102.2,93.46,1836.7,93.45,1374.1,93.44,4051.8,93.54,574.2,93.55,327.5,93.56,2541.4,93.57,1675.1,93.58,615.2
1700000434.0,868,93.52000000000001,0.04000000000000625,93.5,308.8,93.54,101.6,10769.2,1348.3000000000002,93.5,12.5,SELL,1,93.5,308.8,93.49,4803.8,93.48,4262.1,93.47,322.0,93.46,1072.5,93.54,101.6,93.55,776.1,93.56,223.4,93.57,95.5,93.58,151.7
1700000434.5,869,93.53,0.060000000000002274,93.5,189.1,93.56,117.9,6650.2,1584.8,93.5,116.5,SELL,1,93.5,189.1,93.49,1021.9,93.48,355.3,93.47,4190.4,93.46,893.5,93.56,117.9,93.57,108.0,93.58,13.2,93.59,143.6,93.6,1202.1
1700000435.0,870,93.53,0.03999999999999204,93.51,283.9,93.55,1169.8,4257.5,4265.700000000001,93.51,20.4,SELL,4,93.51,283.9,93.5,1127.5,93.49,1231.4,93.48,1187.1,93.47,427.6,93.55,1169.8,93.56,628.2,93.57,1138.6,93.58,1273.0,93.59,56.1
1700000435.5,871,93.53,0.03999999999999204,93.51,1171.6,93.55,988.4,3512.5999999999995,3595.6,93.51,68.6,SELL,1,93.51,1171.6,93.5,305.3,93.49,937.0,93.48,462.9,93.47,635.8,93.55,988.4,93.56,1322.1,93.57,279.0,93.58,130.0,93.59,876.1
1700000436.0,872,93.55,0.03999999999999204,93.53,823.5,93.57,523.8,3738.2,3605.9000000000005,93.57,30.8,BUY,2,93.53,823.5,93.52,101.8,93.51,777.3,93.5,840.5,93.49,1195.1,93.57,523.8,93.58,128.5,93.59,2208.3,93.6,166.3,93.61,579.0
1700000436.5,873,93.55,0.060000000000002274,93.52,1019.0,93.58,862.0,4919.5,8201.8,93.52,36.5,SELL,2,93.52,1019.0,93.51,1225.5,93.5,10.0,93.49,1794.7,93.48,870.3,93.58,862.0,93.59,678.7,93.6,4252.2,93.61,1755.2,93.62,653.7
1700000437.0,874,93.565,0.030000000000001137,93.55,1307.0,93.58,1506.1,5414.4,4255.0,93.58,29.6,BUY,1,93.55,1307.0,93.54,685.2,93.53,282.8,93.52,1718.7,93.51,1420.7,93.58,1506.1,93.59,367.0,93.6,1553.9,93.61,561.1,93.62,266.9
1700000437.5,875,93.57,0.04000000000000625,93.55,675.1,93.59,1357.6,3173.9,11045.0,93.55,74.6,SELL,1,93.55,675.1,93.54,29.9,93.53,214.7,93.52,981.1,93.51,1273.1,93.59,1357.6,93.6,1175.1,93.61,14.9,93.62,4724.1,93.63,3773.3
1700000438.0,876,93.58,0.03999999999999204,93.56,464.4,93.6,458.4,3534.9,4376.400000000001,93.56,59.0,SELL,3,93.56,464.4,93.55,599.4,93.54,203.8,93.53,728.4,93.52,1538.9,93.6,458.4,93.61,659.9,93.62,1311.2,93.63,1835.3,93.64,111.6
1700000438.5,877,93.595,0.030000000000001137,93.58,3525.7,93.61,10.0,9340.599999999999,4928.9,93.58,12.0,SELL,3,93.58,3525.7,93.57,2086.6,93.56,893.1,93.55,172.4,93.54,2662.8,93.61,10.0,93.62,303.4,93.63,1150.4,93.64,1890.1,93.65,1575.0
1700000439.0,878,93.61,0.03999999999999204,93.59,452.0,93.63,544.6,8699.5,3408.8999999999996,93.59,16.6,SELL,3,93.59,452.0,93.58,660.6,93.57,1405.4,93.56,1335.5,93.55,4846.0,93.63,544.6,93.64,931.5,93.65,26.8,93.66,608.8,93.67,1297.2
1700000439.5,879,93.62,0.04000000000000625,93.6,29.9,93.64,58.7,5862.099999999999,4037.1000000000004,93.6,54.4,SELL,1,93.6,29.9,93.59,199.6,93.58,1255.6,93.57,3603.6,93.56,773.4,93.64,58.7,93.65,35.0,93.66,548.5,93.67,791.5,93.68,2603.4
1700000440.0,880,93.63,0.04000000000000625,93.61,298.9,93.65,201.5,3938.1,5120.400000000001,93.61,11.4,SELL,2,93.61,298.9,93.6,1951.9,93.59,258.0,93.58,148.2,93.57,1281.1,93.65,201.5,93.66,560.3,93.67,1515.0,93.68,2696.8,93.69,146.8
1700000440.5,881,93.64,0.03999999999999204,93.62,819.2,93.66,2057.8,3530.3,6636.7,93.62,36.7,SELL,2,93.62,819.2,93.61,35.5,93.6,607.2,93.59,543.7,93.58,1524.7,93.66,2057.8,93.67,1939.1,93.68,1850.9,93.69,26.2,93.7,762.7
1700000441.0,882,93.65,0.04000000000000625,93.63,2866.3,93.67,105.1,20289.0,3034.5,93.63,24.0,SELL,2,93.63,2866.3,93.62,7662.1,93.61,3215.3,93.6,1789.5,93.59,4755.8,93.67,105.1,93.68,17.6,93.69,1175.9,93.7,512.5,93.71,1223.4
1700000441.5,883,93.66,0.04000000000000625,93.64,1872.8,93.68,125.2,11260.2,3352.6000000000004,93.68,5.0,BUY,1,93.64,1872.8,93.63,1874.0,93.62,172.7,93.61,6196.5,93.6,1144.2,93.68,125.2,93.69,1937.9,93.7,163.3,93.71,736.9,93.72,389.3
1700000442.0,884,93.67,0.060000000000002274,93.64,149.8,93.7,109.0,6813.200000000001,3016.8,93.64,26.8,SELL,4,93.64,149.8,93.63,1457.1,93.62,816.4,93.61,4039.8,93.6,350.1,93.7,109.0,93.71,264.7,93.72,874.8,93.73,344.4,93.74,1423.9
1700000442.5,885,93.68,0.04000000000000625,93.66,1888.4,93.7,311.0,7725.8,5776.8,93.66,5.0,SELL,1,93.66,1888.4,93.65,548.1,93.64,10.5,93.63,1303.4,93.62,3975.4,93.7,311.0,93.71,1473.9,93.72,2591.6,93.73,1324.3,93.74,76.0
1700000443.0,886,93.69,0.060000000000002274,93.66,722.1,93.72,262.9,10617.6,959.9000000000001,93.66,108.5,SELL,1,93.66,722.1,93.65,6058.1,93.64,1249.7,93.63,1099.6,93.62,1488.1,93.72,262.9,93.73,40.5,93.74,82.0,93.75,235.3,93.76,339.2
1700000443.5,887,93.7,0.03999999999999204,93.68,1532.4,93.72,10.0,6195.500000000001,5511.6,93.7,0.0,BUY,0,93.68,1532.4,93.67,1900.4,93.66,1264.0,93.65,1187.4,93.64,311.3,93.72,10.0,93.73,608.4,93.74,2726.5,93.75,215.0,93.76,1951.7
1700000444.0,888,93.72,0.03999999999999204,93.7,21.9,93.74,17.7,9157.5,4898.299999999999,93.74,27.2,BUY,3,93.7,21.9,93.69,844.0,93.68,2543.1,93.67,2359.0,93.66,3389.5,93.74,17.7,93.75,262.3,93.76,1800.5,93.77,1224.2,93.78,1593.6
1700000444.5,889,93.74000000000001,0.04000000000000625,93.72,1252.5,93.76,21.4,4270.0,2050.1,93.76,50.0,BUY,2,93.72,1252.5,93.71,273.9,93.7,213.1,93.69,1917.0,93.68,613.5,93.76,21.4,93.77,720.1,93.78,357.9,93.79,199.6,93.8,751.1
1700000445.0,890,93.75,0.03999999999999204,93.73,384.4,93.77,821.6,9887.9,4119.5,93.73,28.5,SELL,3,93.73,384.4,93.72,1220.9,93.71,3257.0,93.7,2498.1,93.69,2527.5,93.77,821.6,93.78,10.0,93.79,1126.7,93.8,960.9,93.81,1200.3
1700000445.5,891,93.75999999999999,0.04000000000000625,93.74,1742.2,93.78,892.4,4928.700000000001,11589.3,93.74,7.5,SELL,4,93.74,1742.2,93.73,231.7,93.72,994.7,93.71,1767.1,93.7,193.0,93.78,892.4,93.79,227.3,93.8,74.8,93.81,7414.3,93.82,2980.5
1700000446.0,892,93.77000000000001,0.04000000000000625,93.75,109.8,93.79,463.5,3990.9,4357.6,93.75,25.3,SELL,6,93.75,109.8,93.74,1589.8,93.73,906.5,93.72,1163.0,93.71,221.8,93.79,463.5,93.8,688.2,93.81,781.1,93.82,1922.9,93.83,501.9
1700000446.5,893,93.78,0.03999999999999204,93.76,716.2,93.8,505.0,8319.1,4093.2999999999997,93.76,19.1,SELL,4,93.76,716.2,93.75,528.9,93.74,2400.9,93.73,875.2,93.72,3797.9,93.8,505.0,93.81,1035.9,93.82,1941.8,93.83,201.4,93.84,409.2
1700000447.0,894,93.78999999999999,0.04000000000000625,93.77,271.8,93.81,877.5,5757.9,7307.1,93.78999999999999,0.0,BUY,0,93.77,271.8,93.76,86.8,93.75,269.8,93.74,591.0,93.73,4538.5,93.81,877.5,93.82,53.1,93.83,805.1,93.84,1937.2,93.85,3634.2
1700000447.5,895,93.8,0.03999999999999204,93.78,389.1,93.82,454.3,10378.300000000001,4240.599999999999,93.82,85.4,BUY,2,93.78,389.1,93.77,4147.5,93.76,3572.2,93.75,435.3,93.74,1834.2,93.82,454.3,93.83,63.7,93.84,52.9,93.85,3635.7,93.86,34.0
1700000448.0,896,93.81,0.060000000000002274,93.78,2448.0,93.84,972.5,9886.5,4029.5,93.84,7.0,BUY,2,93.78,2448.0,93.77,4103.5,93.76,2562.0,93.75,259.1,93.74,513.9,93.84,972.5,93.85,193.8,93.86,648.5,93.87,80.1,93.88,2134.6
1700000448.5,897,93.815,0.030000000000001137,93.8,329.0,93.83,206.4,6521.3,3232.5,93.8,46.3,SELL,3,93.8,329.0,93.79,1791.5,93.78,587.4,93.77,1909.4,93.76,1904.0,93.83,206.4,93.84,167.2,93.85,377.3,93.86,176.7,93.87,2304.9
1700000449.0,898,93.83,0.03999999999999204,93.81,346.2,93.85,10.7,7427.2,3239.7,93.83,0.0,BUY,0,93.81,346.2,93.8,739.6,93.79,3732.5,93.78,596.7,93.77,2012.2,93.85,10.7,93.86,559.4,93.87,1570.6,93.88,754.5,93.89,344.5
1700000449.5,899,93.84,0.04000000000000625,93.82,34.6,93.86,1681.6,6692.6,5401.3,93.82,5.0,SELL,1,93.82,34.6,93.81,2460.3,93.8,542.5,93.79,2589.3,93.78,1065.9,93.86,1681.6,93.87,48.3,93.88,678.7,93.89,169.9,93.9,2822.8
1700000450.0,900,93.85,0.04000000000000625,93.83,31.5,93.87,414.9,4115.4,6001.5,93.87,20.3,BUY,2,93.83,31.5,93.82,1508.7,93.81,2378.7,93.8,26.4,93.79,170.1,93.87,414.9,93.88,2411.8,93.89,806.9,93.9,1138.2,93.91,1229.7
1700000450.5,901,93.87,0.04000000000000625,93.85,873.3,93.89,78.7,7350.4,1888.7,93.85,5.0,SELL,4,93.85,873.3,93.84,1252.4,93.83,1510.3,93.82,234.0,93.81,3480.4,93.89,78.7,93.9,181.5,93.91,150.2,93.92,1464.0,93.93,14.3
1700000451.0,902,93.89,0.03999999999999204,93.87,379.4,93.91,221.3,5853.6,1301.2,93.91,48.9,BUY,2,93.87,379.4,93.86,424.3,93.85,1079.4,93.84,1338.8,93.83,2631.7,93.91,221.3,93.92,354.2,93.93,183.2,93.94,529.2,93.95,13.3
1700000451.5,903,93.9,0.04000000000000625,93.88,122.6,93.92,124.8,5005.2,4095.8,93.88,71.7,SELL,5,93.88,122.6,93.87,581.4,93.86,3529.9,93.85,166.3,93.84,605.0,93.92,124.8,93.93,1330.8,93.94,1256.6,93.95,29.8,93.96,1353.8
1700000452.0,904,93.92,0.03999999999999204,93.9,1105.1,93.94,968.7,11692.8,3291.2,93.9,9.2,SELL,2,93.9,1105.1,93.89,6857.4,93.88,1253.4,93.87,2421.4,93.86,55.5,93.94,968.7,93.95,1201.8,93.96,250.8,93.97,794.7,93.98,75.2
1700000452.5,905,93.94,0.03999999999999204,93.92,761.8,93.96,303.9,11661.899999999998,3920.8,93.96,11.5,BUY,5,93.92,761.8,93.91,278.9,93.9,6911.7,93.89,965.3,93.88,2744.2,93.96,303.9,93.97,459.9,93.98,316.3,93.99,839.2,94.0,2001.5
1700000453.0,906,93.95,0.03999999999999204,93.93,276.6,93.97,1038.5,2442.1,6831.400000000001,93.93,8.3,SELL,1,93.93,276.6,93.92,491.2,93.91,938.8,93.9,411.6,93.89,323.9,93.97,1038.5,93.98,337.2,93.99,1332.7,94.0,3772.3,94.01,350.7
1700000453.5,907,93.96000000000001,0.04000000000000625,93.94,283.5,93.98,1585.4,8771.4,4813.1,93.94,60.3,SELL,2,93.94,283.5,93.93,3185.6,93.92,298.2,93.91,40.9,93.9,4963.2,93.98,1585.4,93.99,180.4,94.0,1243.0,94.01,1098.9,94.02,705.4
1700000454.0,908,93.95500000000001,0.04999999999999716,93.93,205.6,93.98,33.7,4406.0,3237.2999999999993,93.93,6.0,SELL,5,93.93,205.6,93.92,86.0,93.91,899.8,93.9,957.0,93.89,2257.6,93.98,33.7,93.99,1099.6,94.0,1035.6,94.01,130.1,94.02,938.3
1700000454.5,909,93.98,0.060000000000002274,93.95,18.1,94.01,261.4,8121.4,2656.0,94.01,40.5,BUY,4,93.95,18.1,93.94,1246.6,93.93,6481.3,93.92,335.4,93.91,40.0,94.01,261.4,94.02,652.7,94.03,475.1,94.04,350.6,94.05,916.2
1700000455.0,910,93.99000000000001,0.04000000000000625,93.97,10.0,94.01,28.3,3688.9,2514.1,93.97,33.1,SELL,2,93.97,10.0,93.96,915.4,93.95,1283.2,93.94,258.8,93.93,1221.5,94.01,28.3,94.02,251.8,94.03,736.8,94.04,1238.2,94.05,259.0
1700000455.5,911,86.92,0.03999999999999204,86.9,175.9,86.94,203.0,5496.400000000001,2479.6,86.9,5.0,SELL,4,86.9,175.9,86.89,2523.8,86.88,1603.5,86.87,1050.7,86.86,142.5,86.94,203.0,86.95,1160.6,86.96,45.5,86.97,886.4,86.98,184.1
1700000456.0,912,86.93,0.04000000000000625,86.91,546.9,86.95,382.0,2216.4,8735.400000000001,86.93,0.0,BUY,0,86.91,546.9,86.9,479.1,86.89,325.4,86.88,401.4,86.87,463.6,86.95,382.0,86.96,5758.1,86.97,2106.8,86.98,472.7,86.99,15.8
1700000456.5,913,86.94,0.03999999999999204,86.92,849.7,86.96,201.1,8475.2,8563.6,86.92,5.0,SELL,2,86.92,849.7,86.91,2993.2,86.9,699.7,86.89,3229.9,86.88,702.7,86.96,201.1,86.97,504.8,86.98,556.2,86.99,2706.2,87.0,4595.3
1700000457.0,914,86.95,0.03999999999999204,86.93,269.9,86.97,265.7,9118.699999999999,4525.200000000001,86.93,66.2,SELL,2,86.93,269.9,86.92,1112.7,86.91,5387.7,86.9,1487.3,86.89,861.1,86.97,265.7,86.98,129.3,86.99,1254.6,87.0,1579.2,87.01,1296.4
1700000457.5,915,86.96000000000001,0.04000000000000625,86.94,199.5,86.98,51.6,12918.2,5531.1,86.96000000000001,0.0,BUY,0,86.94,199.5,86.93,370.2,86.92,3885.4,86.91,3464.0,86.9,4999.1,86.98,51.6,86.99,488.8,87.0,951.2,87.01,1781.2,87.02,2258.3
1700000458.0,916,86.965,0.030000000000001137,86.95,3791.6,86.98,683.5,8403.8,3515.7,86.95,5.0,SELL,2,86.95,3791.6,86.94,1590.0,86.93,558.9,86.92,1379.7,86.91,1083.6,86.98,683.5,86.99,550.5,87.0,1228.2,87.01,871.2,87.02,182.3
1700000458.5,917,86.97,0.060000000000002274,86.94,29.9,87.0,591.1,4139.700000000001,3062.7,86.94,117.2,SELL,3,86.94,29.9,86.93,556.5,86.92,499.2,86.91,1833.2,86.9,1220.9,87.0,591.1,87.01,408.2,87.02,404.6,87.03,1531.3,87.04,127.5
1700000459.0,918,86.97999999999999,0.04000000000000625,86.96,1147.7,87.0,205.2,3127.7,2761.5999999999995,86.96,31.8,SELL,3,86.96,1147.7,86.95,1045.2,86.94,239.2,86.93,190.7,86.92,504.9,87.0,205.2,87.01,91.1,87.02,1844.9,87.03,367.7,87.04,252.7
1700000459.5,919,86.97999999999999,0.04000000000000625,86.96,695.4,87.0,84.3,3010.1,8018.2,86.96,36.5,SELL,2,86.96,695.4,86.95,1880.3,86.94,240.4,86.93,34.1,86.92,159.9,87.0,84.3,87.01,17.0,87.02,4172.2,87.03,3241.9,87.04,502.8
1700000460.0,920,86.99000000000001,0.04000000000000625,86.97,97.9,87.01,52.4,12430.599999999999,5216.200000000001,86.97,143.6,SELL,2,86.97,97.9,86.96,1113.4,86.95,3806.2,86.94,1211.2,86.93,6201.9,87.01,52.4,87.02,2207.4,87.03,150.9,87.04,385.6,87.05,2419.9
1700000460.5,921,87.01,0.060000000000002274,86.98,306.0,87.04,987.7,5053.9,2857.2000000000003,87.04,12.0,BUY,4,86.98,306.0,86.97,83.4,86.96,159.8,86.95,314.7,86.94,4190.0,87.04,987.7,87.05,1161.3,87.06,465.0,87.07,138.3,87.08,104.9
1700000461.0,922,87.02000000000001,0.04000000000000625,87.0,948.4,87.04,445.9,6326.299999999999,4992.099999999999,87.02000000000001,0.0,BUY,0,87.0,948.4,86.99,2358.9,86.98,1565.6,86.97,806.9,86.96,646.5,87.04,445.9,87.05,1840.3,87.06,938.1,87.07,532.3,87.08,1235.5
1700000461.5,923,87.03,0.03999999999999204,87.01,267.8,87.05,113.2,5822.9,3403.2,87.01,60.7,SELL,2,87.01,267.8,87.0,2660.7,86.99,811.4,86.98,203.6,86.97,1879.4,87.05,113.2,87.06,441.3,87.07,295.6,87.08,1535.0,87.09,1018.1
1700000462.0,924,87.03,0.03999999999999204,87.01,592.1,87.05,229.1,11392.099999999999,8043.9,87.05,17.6,BUY,3,87.01,592.1,87.0,2111.3,86.99,1155.6,86.98,1228.2,86.97,6304.9,87.05,229.1,87.06,3147.3,87.07,263.0,87.08,872.0,87.09,3532.5
1700000462.5,925,87.03999999999999,0.04000000000000625,87.02,703.5,87.06,541.3,12061.9,5573.5,87.02,48.5,SELL,7,87.02,703.5,87.01,3945.3,87.0,219.2,86.99,1741.9,86.98,5452.0,87.06,541.3,87.07,1107.0,87.08,2738.9,87.09,225.3,87.1,961.0
1700000463.0,926,87.05,0.03999999999999204,87.03,580.5,87.07,35.7,5013.3,4856.7,87.07,13.3,BUY,3,87.03,580.5,87.02,231.0,87.01,537.1,87.0,1748.2,86.99,1916.5,87.07,35.7,87.08,2360.6,87.09,1398.6,87.1,455.8,87.11,606.0
1700000463.5,927,87.06,0.03999999999999204,87.04,1174.4,87.08,438.5,16152.0,2906.7000000000003,87.04,31.0,SELL,4,87.04,1174.4,87.03,3541.7,87.02,1734.1,87.01,3481.0,87.0,6220.8,87.08,438.5,87.09,914.8,87.1,939.0,87.11,114.8,87.12,499.6
1700000464.0,928,87.08,0.03999999999999204,87.06,97.8,87.1,149.8,1432.1,7154.8,87.06,31.2,SELL,4,87.06,97.8,87.05,174.4,87.04,781.4,87.03,64.9,87.02,313.6,87.1,149.8,87.11,4523.5,87.12,24.9,87.13,2414.8,87.14,41.8
1700000464.5,929,87.09,0.04000000000000625,87.07,747.5,87.11,835.3,4814.1,11345.7,87.07,23.2,SELL,3,87.07,747.5,87.06,269.9,87.05,26.1,87.04,2144.6,87.03,1626.0,87.11,835.3,87.12,783.0,87.13,2114.2,87.14,66.8,87.15,7546.4
1700000465.0,930,87.095,0.030000000000001137,87.08,1379.5,87.11,293.8,13598.4,1959.5,87.11,109.8,BUY,4,87.08,1379.5,87.07,82.7,87.06,670.8,87.05,9635.9,87.04,1829.5,87.11,293.8,87.12,506.5,87.13,779.2,87.14,70.7,87.15,309.3
1700000465.5,931,87.11,0.03999999999999204,87.09,1139.1,87.13,1027.7,6015.999999999999,10807.099999999999,87.09,63.8,SELL,3,87.09,1139.1,87.08,236.0,87.07,1885.8,87.06,2483.9,87.05,271.2,87.13,1027.7,87.14,1823.4,87.15,2667.2,87.16,3084.6,87.17,2204.2
1700000466.0,932,87.12,0.04000000000000625,87.1,1213.9,87.14,535.3,5907.5,3327.6,87.1,32.4,SELL,1,87.1,1213.9,87.09,1873.2,87.08,822.9,87.07,226.5,87.06,1771.0,87.14,535.3,87.15,952.0,87.16,66.3,87.17,71.7,87.18,1702.3
1700000466.5,933,87.13,0.04000000000000625,87.11,438.2,87.15,538.2,5575.7,1913.8000000000002,87.11,5.0,SELL,3,87.11,438.2,87.1,803.5,87.09,1104.5,87.08,3196.7,87.07,32.8,87.15,538.2,87.16,414.0,87.17,142.2,87.18,10.0,87.19,809.4
1700000467.0,934,87.13,0.04000000000000625,87.11,3830.7,87.15,897.7,8476.599999999999,4906.3,87.13,0.0,BUY,0,87.11,3830.7,87.1,1332.2,87.09,1357.3,87.08,138.9,87.07,1817.5,87.15,897.7,87.16,10.0,87.17,376.1,87.18,799.6,87.19,2822.9
1700000467.5,935,87.14,0.03999999999999204,87.12,177.3,87.16,2081.5,5479.799999999999,11707.2,87.12,75.6,SELL,1,87.12,177.3,87.11,516.2,87.1,617.0,87.09,404.6,87.08,3764.7,87.16,2081.5,87.17,109.2,87.18,975.5,87.19,1641.0,87.2,6900.0
1700000468.0,936,87.16,0.04000000000000625,87.14,24.8,87.18,103.1,2967.8999999999996,4923.1,87.14,21.5,SELL,2,87.14,24.8,87.13,343.5,87.12,604.7,87.11,1093.7,87.1,901.2,87.18,103.1,87.19,101.8,87.2,339.3,87.21,2106.9,87.22,2272.0
1700000468.5,937,87.16,0.060000000000002274,87.13,53.3,87.19,475.5,7412.4,2051.8,87.16,0.0,BUY,0,87.13,53.3,87.12,1391.4,87.11,426.1,87.1,1039.4,87.09,4502.2,87.19,475.5,87.2,255.5,87.21,453.0,87.22,128.7,87.23,739.1
1700000469.0,938,87.175,0.030000000000001137,87.16,868.9,87.19,287.0,8153.4,5403.799999999999,87.175,0.0,BUY,0,87.16,868.9,87.15,654.5,87.14,2725.2,87.13,1668.7,87.12,2236.1,87.19,287.0,87.2,1491.0,87.21,1031.6,87.22,1518.1,87.23,1076.1
1700000469.5,939,87.18,0.04000000000000625,87.16,217.6,87.2,693.2,5555.7,4589.8,87.2,10.1,BUY,5,87.16,217.6,87.15,3016.1,87.14,953.6,87.13,821.7,87.12,546.7,87.2,693.2,87.21,11.5,87.22,794.1,87.23,1879.8,87.24,1211.2
1700000470.0,940,87.19,0.03999999999999204,87.17,1494.1,87.21,201.1,6280.1,4178.0,87.17,38.7,SELL,1,87.17,1494.1,87.16,47.6,87.15,1020.7,87.14,2035.3,87.13,1682.4,87.21,201.1,87.22,508.6,87.23,389.4,87.24,971.0,87.25,2107.9
1700000470.5,941,87.2,0.03999999999999204,87.18,310.6,87.22,225.9,11334.9,3278.8999999999996,87.2,0.0,BUY,0,87.18,310.6,87.17,22.4,87.16,425.4,87.15,8763.0,87.14,1813.5,87.22,225.9,87.23,1828.8,87.24,194.0,87.25,292.2,87.26,738.0
1700000471.0,942,87.22,0.03999999999999204,87.2,62.7,87.24,18.5,7332.8,5583.599999999999,87.2,13.6,SELL,3,87.2,62.7,87.19,1336.1,87.18,1860.4,87.17,2430.9,87.16,1642.7,87.24,18.5,87.25,584.8,87.26,2578.2,87.27,1175.9,87.28,1226.2
1700000471.5,943,87.235,0.030000000000001137,87.22,3189.3,87.25,867.0,9441.2,8083.9,87.22,5.0,SELL,1,87.22,3189.3,87.21,2401.1,87.2,1187.7,87.19,96.1,87.18,2567.0,87.25,867.0,87.26,1744.6,87.27,1687.9,87.28,1860.3,87.29,1924.1
1700000472.0,944,87.25,0.03999999999999204,87.23,91.3,87.27,246.1,6077.1,1501.8,87.23,36.8,SELL,2,87.23,91.3,87.22,614.7,87.21,2619.0,87.2,1934.1,87.19,818.0,87.27,246.1,87.28,257.2,87.29,328.6,87.3,63.6,87.31,606.3
1700000472.5,945,87.25999999999999,0.04000000000000625,87.24,1255.1,87.28,317.7,7863.300000000001,7685.6,87.28,46.6,BUY,1,87.24,1255.1,87.23,696.4,87.22,408.1,87.21,4633.1,87.2,870.6,87.28,317.7,87.29,2303.5,87.3,289.3,87.31,2658.2,87.32,2116.9
1700000473.0,946,87.27,0.060000000000002274,87.24,456.0,87.3,431.0,14020.2,2878.6,87.24,35.3,SELL,3,87.24,456.0,87.23,3298.3,87.22,65.7,87.21,2692.1,87.2,7508.1,87.3,431.0,87.31,1228.1,87.32,679.1,87.33,58.1,87.34,482.3
1700000473.5,947,87.285,0.030000000000001137,87.27,632.4,87.3,157.5,4051.3,8148.200000000001,87.3,61.2,BUY,2,87.27,632.4,87.26,176.6,87.25,52.6,87.24,2319.8,87.23,869.9,87.3,157.5,87.31,985.5,87.32,3560.1,87.33,1467.7,87.34,1977.4
1700000474.0,948,87.28999999999999,0.04000000000000625,87.27,735.1,87.31,149.3,18672.1,3538.2,87.27,29.3,SELL,6,87.27,735.1,87.26,2542.7,87.25,784.1,87.24,5275.3,87.23,9334.9,87.31,149.3,87.32,278.9,87.33,743.2,87.34,2144.7,87.35,222.1
1700000474.5,949,87.3,0.03999999999999204,87.28,2462.6,87.32,2150.5,5172.199999999999,6362.5,87.28,5.0,SELL,3,87.28,2462.6,87.27,640.3,87.26,303.2,87.25,1454.2,87.24,311.9,87.32,2150.5,87.33,351.7,87.34,701.2,87.35,246.5,87.36,2912.6
1700000475.0,950,87.31,0.03999999999999204,87.29,637.4,87.33,2196.3,8716.3,4681.9,87.33,37.1,BUY,1,87.29,637.4,87.28,10.0,87.27,499.3,87.26,3576.0,87.25,3993.6,87.33,2196.3,87.34,583.2,87.35,37.8,87.36,1279.2,87.37,585.4
1700000475.5,951,87.315,0.030000000000001137,87.3,145.3,87.33,668.5,7331.1,4633.2,87.3,5.2,SELL,1,87.3,145.3,87.29,377.0,87.28,1458.0,87.27,2642.9,87.26,2707.9,87.33,668.5,87.34,422.6,87.35,733.6,87.36,1334.9,87.37,1473.6
1700000476.0,952,87.315,0.030000000000001137,87.3,4023.0,87.33,1349.2,9491.900000000001,5393.6,87.3,13.0,SELL,2,87.3,4023.0,87.29,1164.0,87.28,1119.3,87.27,130.6,87.26,3055.0,87.33,1349.2,87.34,763.4,87.35,90.1,87.36,292.9,87.37,2898.0
1700000476.5,953,87.33,0.03999999999999204,87.31,949.1,87.35,43.9,9763.3,1323.9,87.35,58.3,BUY,1,87.31,949.1,87.3,2879.8,87.29,990.0,87.28,1815.5,87.27,3128.9,87.35,43.9,87.36,293.1,87.37,201.0,87.38,357.1,87.39,428.8
1700000477.0,954,87.34,0.04000000000000625,87.32,3227.4,87.36,538.7,9660.0,10103.6,87.32,5.0,SELL,1,87.32,3227.4,87.31,281.5,87.3,2025.3,87.29,1744.0,87.28,2381.8,87.36,538.7,87.37,889.8,87.38,328.8,87.39,6065.8,87.4,2280.5
1700000477.5,955,87.35,0.04000000000000625,87.33,615.7,87.37,606.7,5085.4,2926.3999999999996,87.33,9.6,SELL,4,87.33,615.7,87.32,1700.8,87.31,265.2,87.3,186.4,87.29,2317.3,87.37,606.7,87.38,45.8,87.39,1045.8,87.4,1077.9,87.41,150.2
1700000478.0,956,87.37,0.04000000000000625,87.35,552.3,87.39,1579.6,8131.400000000001,4233.2,87.37,0.0,BUY,0,87.35,552.3,87.34,980.6,87.33,558.5,87.32,3012.7,87.31,3027.3,87.39,1579.6,87.4,39.5,87.41,222.3,87.42,277.2,87.43,2114.6
1700000478.5,957,87.38,0.04000000000000625,87.36,265.9,87.4,744.1,7296.8,3564.2,87.4,58.4,BUY,2,87.36,265.9,87.35,1991.2,87.34,1943.7,87.33,2417.7,87.32,678.3,87.4,744.1,87.41,370.4,87.42,670.6,87.43,1383.6,87.44,395.5
1700000479.0,958,87.39,0.03999999999999204,87.37,911.3,87.41,148.8,3463.7,5574.200000000001,87.41,41.3,BUY,3,87.37,911.3,87.36,866.3,87.35,204.5,87.34,511.2,87.33,970.4,87.41,148.8,87.42,979.6,87.43,3081.7,87.44,305.6,87.45,1058.5
1700000479.5,959,87.4,0.04000000000000625,87.38,238.3,87.42,605.8,3143.8999999999996,3510.6,87.38,84.5,SELL,4,87.38,238.3,87.37,990.7,87.36,1421.2,87.35,476.1,87.34,17.6,87.42,605.8,87.43,67.5,87.44,319.8,87.45,903.6,87.46,1613.9
1700000480.0,960,87.425,0.030000000000001137,87.41,422.8,87.44,1475.1,4636.5,3782.4,87.41,20.5,SELL,4,87.41,422.8,87.4,494.1,87.39,2127.1,87.38,937.9,87.37,654.6,87.44,1475.1,87.45,440.9,87.46,27.3,87.47,81.7,87.48,1757.4
1700000480.5,961,87.44,0.03999999999999204,87.42,745.2,87.46,146.0,5299.7,2020.3,87.46,5.0,BUY,1,87.42,745.2,87.41,206.5,87.4,99.1,87.39,1583.7,87.38,2665.2,87.46,146.0,87.47,678.8,87.48,10.0,87.49,1059.5,87.5,126.0
1700000481.0,962,87.46000000000001,0.04000000000000625,87.44,809.4,87.48,975.8,10083.0,7661.6,87.44,27.6,SELL,1,87.44,809.4,87.43,38.6,87.42,5536.1,87.41,3594.2,87.4,104.7,87.48,975.8,87.49,411.9,87.5,3045.9,87.51,168.2,87.52,3059.8
1700000481.5,963,87.465,0.030000000000001137,87.45,1180.8,87.48,268.4,8284.2,3118.5,87.45,5.0,SELL,1,87.45,1180.8,87.44,686.3,87.43,164.1,87.42,2031.2,87.41,4221.8,87.48,268.4,87.49,1005.3,87.5,836.3,87.51,985.8,87.52,22.7
1700000482.0,964,87.47,0.03999999999999204,87.45,3788.0,87.49,116.7,7329.6,8036.1,87.45,37.3,SELL,1,87.45,3788.0,87.44,66.0,87.43,1028.3,87.42,2133.0,87.41,314.3,87.49,116.7,87.5,1188.0,87.51,34.4,87.52,95.2,87.53,6601.8
1700000482.5,965,87.47999999999999,0.04000000000000625,87.46,160.1,87.5,202.5,3835.7,8179.700000000001,87.46,48.7,SELL,1,87.46,160.1,87.45,669.6,87.44,208.6,87.43,294.9,87.42,2502.5,87.5,202.5,87.51,700.8,87.52,568.1,87.53,2060.7,87.54,4647.6
1700000483.0,966,87.49000000000001,0.04000000000000625,87.47,685.9,87.51,914.8,10312.3,9436.599999999999,87.47,5.0,SELL,2,87.47,685.9,87.46,204.3,87.45,4404.8,87.44,2070.7,87.43,2946.6,87.51,914.8,87.52,2146.9,87.53,4666.8,87.54,510.8,87.55,1197.3
1700000483.5,967,87.5,0.03999999999999204,87.48,262.5,87.52,788.9,3492.8,3938.7,87.48,91.9,SELL,5,87.48,262.5,87.47,2141.0,87.46,561.3,87.45,480.7,87.44,47.3,87.52,788.9,87.53,1851.7,87.54,77.3,87.55,613.6,87.56,607.2
1700000484.0,968,87.50999999999999,0.04000000000000625,87.49,395.1,87.53,560.9,6176.4,3328.3,87.49,7.2,SELL,5,87.49,395.1,87.48,3778.7,87.47,549.4,87.46,539.9,87.45,913.3,87.53,560.9,87.54,227.9,87.55,903.7,87.56,109.1,87.57,1526.7
1700000484.5,969,83.89,0.03999999999999204,83.87,526.1,83.91,593.2,4163.1,5164.5,83.87,9.2,SELL,1,83.87,526.1,83.86,1678.5,83.85,1571.0,83.84,263.8,83.83,123.7,83.91,593.2,83.92,973.6,83.93,835.5,83.94,2590.0,83.95,172.2
1700000485.0,970,83.9,0.04000000000000625,83.88,1067.1,83.92,172.6,5322.599999999999,11339.8,83.88,19.4,SELL,1,83.88,1067.1,83.87,2349.1,83.86,818.4,83.85,932.0,83.84,156.0,83.92,172.6,83.93,2011.9,83.94,6582.3,83.95,589.9,83.96,1983.1
1700000485.5,971,83.91,0.04000000000000625,83.89,113.6,83.93,1997.1,5934.9,9090.3,83.93,5.0,BUY,2,83.89,113.6,83.88,2028.0,83.87,2216.5,83.86,221.2,83.85,1355.6,83.93,1997.1,83.94,1156.2,83.95,93.4,83.96,3731.8,83.97,2111.8
1700000486.0,972,83.93,0.04000000000000625,83.91,319.5,83.95,95.9,11041.6,2720.1,83.91,8.0,SELL,4,83.91,319.5,83.9,214.7,83.89,1467.7,83.88,3979.9,83.87,5059.8,83.95,95.9,83.96,760.3,83.97,305.0,83.98,1422.3,83.99,136.6
1700000486.5,973,83.935,0.030000000000001137,83.92,1721.6,83.95,887.3,5694.699999999999,3718.6,83.92,32.1,SELL,1,83.92,1721.6,83.91,17.8,83.9,408.0,83.89,1132.6,83.88,2414.7,83.95,887.3,83.96,580.7,83.97,717.2,83.98,297.0,83.99,1236.4
1700000487.0,974,83.95,0.03999999999999204,83.93,2035.9,83.97,1994.7,6569.7,8823.5,83.93,25.3,SELL,1,83.93,2035.9,83.92,296.9,83.91,1211.6,83.9,1977.1,83.89,1048.2,83.97,1994.7,83.98,1074.1,83.99,1432.1,84.0,3190.5,84.01,1132.1
1700000487.5,975,83.96000000000001,0.04000000000000625,83.94,213.7,83.98,1080.5,6784.3,3265.7000000000003,83.94,54.5,SELL,1,83.94,213.7,83.93,942.0,83.92,934.4,83.91,1060.4,83.9,3633.8,83.98,1080.5,83.99,184.4,84.0,1171.2,84.01,328.1,84.02,501.5
1700000488.0,976,83.97999999999999,0.04000000000000625,83.96,48.2,84.0,367.7,19236.8,6052.2,83.96,16.7,SELL,2,83.96,48.2,83.95,105.0,83.94,3012.0,83.93,7099.4,83.92,8972.2,84.0,367.7,84.01,590.5,84.02,1028.0,84.03,3532.7,84.04,533.3
1700000488.5,977,83.99000000000001,0.04000000000000625,83.97,833.5,84.01,704.1,6500.0,4081.3,84.01,5.6,BUY,4,83.97,833.5,83.96,1581.5,83.95,2740.0,83.94,1172.2,83.93,172.8,84.01,704.1,84.02,69.2,84.03,1120.3,84.04,968.9,84.05,1218.8
1700000489.0,978,84.0,0.03999999999999204,83.98,2186.0,84.02,897.2,5757.200000000001,6117.4,84.02,8.1,BUY,2,83.98,2186.0,83.97,939.9,83.96,569.9,83.95,1322.9,83.94,738.5,84.02,897.2,84.03,333.2,84.04,1045.4,84.05,1856.2,84.06,1985.4
1700000489.5,979,84.0,0.03999999999999204,83.98,273.6,84.02,18.8,5494.2,12451.0,84.02,23.4,BUY,1,83.98,273.6,83.97,2744.9,83.96,427.3,83.95,1672.7,83.94,375.7,84.02,18.8,84.03,3577.6,84.04,2613.7,84.05,1216.9,84.06,5024.0
1700000490.0,980,84.01,0.060000000000002274,83.98,1126.4,84.04,760.7,10229.8,4490.9,84.04,5.0,BUY,4,83.98,1126.4,83.97,2683.8,83.96,2478.8,83.95,3434.8,83.94,506.0,84.04,760.7,84.05,181.7,84.06,325.8,84.07,301.9,84.08,2920.8
1700000490.5,981,84.02000000000001,0.04000000000000625,84.0,2368.0,84.04,39.2,14110.4,4947.499999999999,84.02000000000001,0.0,BUY,0,84.0,2368.0,83.99,850.5,83.98,2084.3,83.97,2856.2,83.96,5951.4,84.04,39.2,84.05,56.9,84.06,27.6,84.07,4146.4,84.08,677.4
1700000491.0,982,84.035,0.030000000000001137,84.02,47.6,84.05,308.6,18847.2,6502.0,84.02,24.8,SELL,4,84.02,47.6,84.01,2083.9,84.0,400.9,83.99,13544.5,83.98,2770.3,84.05,308.6,84.06,304.9,84.07,4209.3,84.08,648.6,84.09,1030.6
1700000491.5,983,84.05,0.03999999999999204,84.03,497.2,84.07,1699.0,6806.1,3465.8,84.07,37.1,BUY,1,84.03,497.2,84.02,276.0,84.01,379.5,84.0,1407.3,83.99,4246.1,84.07,1699.0,84.08,882.5,84.09,258.1,84.1,558.9,84.11,67.3
1700000492.0,984,84.07,0.04000000000000625,84.05,86.4,84.09,1192.7,5533.3,3830.0,84.09,32.9,BUY,2,84.05,86.4,84.04,646.8,84.03,4280.6,84.02,196.5,84.01,323.0,84.09,1192.7,84.1,767.0,84.11,499.3,84.12,349.9,84.13,1021.1
1700000492.5,985,84.07,0.04000000000000625,84.05,122.6,84.09,1188.5,7205.8,4921.099999999999,84.05,152.1,SELL,3,84.05,122.6,84.04,596.5,84.03,638.4,84.02,127.0,84.01,5721.3,84.09,1188.5,84.1,965.6,84.11,2128.9,84.12,375.2,84.13,262.9
1700000493.0,986,84.08,0.03999999999999204,84.06,2998.5,84.1,378.3,8314.3,3778.1,84.1,34.1,BUY,1,84.06,2998.5,84.05,77.4,84.04,3730.5,84.03,77.6,84.02,1430.3,84.1,378.3,84.11,486.6,84.12,1509.9,84.13,75.2,84.14,1328.1
1700000493.5,987,84.09,0.04000000000000625,84.07,233.8,84.11,1028.2,6335.8,4651.5,84.07,5.0,SELL,4,84.07,233.8,84.06,208.6,84.05,760.2,84.04,2126.4,84.03,3006.8,84.11,1028.2,84.12,295.4,84.13,889.2,84.14,1707.9,84.15,730.8
1700000494.0,988,84.1,0.04000000000000625,84.08,1606.7,84.12,205.3,7727.700000000001,6461.1,84.1,0.0,BUY,0,84.08,1606.7,84.07,581.7,84.06,1071.6,84.05,2549.3,84.04,1918.4,84.12,205.3,84.13,1975.6,84.14,709.9,84.15,14.0,84.16,3556.3
1700000494.5,989,84.11,0.03999999999999204,84.09,1895.8,84.13,187.8,8287.5,4158.1,84.09,47.0,SELL,2,84.09,1895.8,84.08,659.6,84.07,508.7,84.06,1852.5,84.05,3370.9,84.13,187.8,84.14,672.8,84.15,265.0,84.16,1927.9,84.17,1104.6
1700000495.0,990,84.105,0.030000000000001137,84.09,357.9,84.12,1358.2,3114.2,2589.1,84.09,80.6,SELL,3,84.09,357.9,84.08,70.9,84.07,281.0,84.06,837.3,84.05,1567.1,84.12,1358.2,84.13,240.8,84.14,40.6,84.15,751.4,84.16,198.1
1700000495.5,991,84.12,0.04000000000000625,84.1,30.2,84.14,642.9,9310.8,4089.1,84.1,128.4,SELL,3,84.1,30.2,84.09,630.2,84.08,5724.5,84.07,2738.6,84.06,187.3,84.14,642.9,84.15,734.4,84.16,47.6,84.17,385.8,84.18,2278.4
1700000496.0,992,84.14,0.03999999999999204,84.12,944.3,84.16,328.4,12504.099999999999,4448.099999999999,84.16,19.7,BUY,3,84.12,944.3,84.11,3196.2,84.1,4423.0,84.09,260.8,84.08,3679.8,84.16,328.4,84.17,3286.2,84.18,185.0,84.19,252.6,84.2,395.9
1700000496.5,993,84.15,0.04000000000000625,84.13,619.3,84.17,1398.4,5614.1,4853.700000000001,84.13,168.5,SELL,3,84.13,619.3,84.12,466.9,84.11,1589.3,84.1,577.1,84.09,2361.5,84.17,1398.4,84.18,1842.4,84.19,251.7,84.2,677.1,84.21,684.1
1700000497.0,994,84.86,0.03999999999999204,84.84,335.2,84.88,254.5,9361.099999999999,6005.0,84.84,11.4,SELL,2,84.84,335.2,84.83,134.8,84.82,3963.6,84.81,4525.7,84.8,401.8,84.88,254.5,84.89,845.6,84.9,1632.6,84.91,602.8,84.92,2669.5
1700000497.5,995,84.875,0.030000000000001137,84.86,270.5,84.89,469.9,9970.400000000001,4095.0,84.89,76.7,BUY,5,84.86,270.5,84.85,408.6,84.84,1703.3,84.83,1157.7,84.82,6430.3,84.89,469.9,84.9,1179.5,84.91,262.5,84.92,896.1,84.93,1287.0
1700000498.0,996,84.89,0.060000000000002274,84.86,725.5,84.92,388.1,8785.8,3844.7000000000003,84.89,0.0,BUY,0,84.86,725.5,84.85,619.2,84.84,733.0,84.83,1600.6,84.82,5107.5,84.92,388.1,84.93,1997.8,84.94,1178.1,84.95,247.4,84.96,33.3
1700000498.5,997,84.89,0.03999999999999204,84.87,2283.2,84.91,79.2,7755.7,1337.0000000000002,84.87,61.2,SELL,1,84.87,2283.2,84.86,548.0,84.85,419.5,84.84,3646.0,84.83,859.0,84.91,79.2,84.92,548.5,84.93,147.5,84.94,343.6,84.95,218.2
1700000499.0,998,84.905,0.05000000000001137,84.88,740.3,84.93,59.0,5222.0,2439.6,84.88,55.6,SELL,1,84.88,740.3,84.87,58.6,84.86,1086.3,84.85,1200.4,84.84,2136.4,84.93,59.0,84.94,958.3,84.95,967.0,84.96,391.6,84.97,63.7
1700000499.5,999,84.91,0.04000000000000625,84.89,3011.3,84.93,26.9,6787.599999999999,4396.5,84.93,11.7,BUY,3,84.89,3011.3,84.88,128.1,84.87,518.3,84.86,1240.7,84.85,1889.2,84.93,26.9,84.94,78.3,84.95,1766.6,84.96,150.6,84.97,2374.1
1700000500.0,1000,84.92,0.03999999999999204,84.9,375.1,84.94,931.1,3991.1000000000004,4577.2,84.94,23.1,BUY,1,84.9,375.1,84.89,867.7,84.88,222.4,84.87,769.1,84.86,1756.8,84.94,931.1,84.95,366.3,84.96,2487.4,84.97,648.0,84.98,144.4
1700000500.5,1001,84.93,0.04000000000000625,84.91,1132.9,84.95,768.5,5397.6,2908.6,84.91,11.0,SELL,2,84.91,1132.9,84.9,68.4,84.89,1893.2,84.88,874.4,84.87,1428.7,84.95,768.5,84.96,403.6,84.97,332.5,84.98,1064.9,84.99,339.1
1700000501.0,1002,84.94,0.060000000000002274,84.91,1738.8,84.97,207.4,14484.7,4640.2,84.91,69.6,SELL,4,84.91,1738.8,84.9,2443.9,84.89,5438.8,84.88,4208.1,84.87,655.1,84.97,207.4,84.98,1635.2,84.99,2042.5,85.0,277.9,85.01,477.2
1700000501.5,1003,84.95,0.03999999999999204,84.93,358.2,84.97,70.4,3089.9,2373.7,84.93,10.1,SELL,4,84.93,358.2,84.92,524.6,84.91,1254.2,84.9,793.6,84.89,159.3,84.97,70.4,84.98,78.7,84.99,1633.0,85.0,340.5,85.01,251.1
1700000502.0,1004,84.955,0.030000000000001137,84.94,111.3,84.97,490.4,4797.7,3486.8,84.97,13.3,BUY,2,84.94,111.3,84.93,486.6,84.92,270.3,84.91,903.5,84.9,3026.0,84.97,490.4,84.98,164.1,84.99,2769.3,85.0,50.0,85.01,13.0
1700000502.5,1005,84.97,0.03999999999999204,84.95,622.0,84.99,1327.6,1859.9,10143.2,84.95,5.1,SELL,1,84.95,622.0,84.94,10.9,84.93,159.6,84.92,261.7,84.91,805.7,84.99,1327.6,85.0,1417.3,85.01,2352.6,85.02,3194.7,85.03,1851.0
1700000503.0,1006,84.98,0.060000000000002274,84.95,1660.8,85.01,297.2,7439.9,2350.5,84.95,32.2,SELL,2,84.95,1660.8,84.94,286.7,84.93,1250.9,84.92,1702.4,84.91,2539.1,85.01,297.2,85.02,31.2,85.03,780.5,85.04,290.5,85.05,951.1
1700000503.5,1007,84.99000000000001,0.04000000000000625,84.97,10.0,85.01,569.5,12124.2,6301.900000000001,84.97,16.3,SELL,4,84.97,10.0,84.96,58.7,84.95,1401.7,84.94,8168.2,84.93,2485.6,85.01,569.5,85.02,112.4,85.03,337.8,85.04,2314.9,85.05,2967.3
1700000504.0,1008,85.0,0.03999999999999204,84.98,628.2,85.02,41.5,7230.0,3016.2,84.98,66.7,SELL,5,84.98,628.2,84.97,564.0,84.96,2581.4,84.95,3183.7,84.94,272.7,85.02,41.5,85.03,383.5,85.04,422.9,85.05,464.0,85.06,1704.3
1700000504.5,1009,85.01,0.060000000000002274,84.98,1661.6,85.04,2535.9,11552.800000000001,4599.2,85.04,65.2,BUY,3,84.98,1661.6,84.97,461.8,84.96,177.2,84.95,4442.6,84.94,4809.6,85.04,2535.9,85.05,695.1,85.06,18.2,85.07,1162.0,85.08,188.0
1700000505.0,1010,85.02000000000001,0.04000000000000625,85.0,251.9,85.04,888.0,5532.0,5675.4,85.0,10.7,SELL,1,85.0,251.9,84.99,1475.0,84.98,907.6,84.97,692.8,84.96,2204.7,85.04,888.0,85.05,3170.8,85.06,57.4,85.07,1437.0,85.08,122.2
1700000505.5,1011,85.03,0.060000000000002274,85.0,631.6,85.06,2229.4,12159.099999999999,7992.1,85.0,5.0,SELL,1,85.0,631.6,84.99,983.1,84.98,996.2,84.97,8429.8,84.96,1118.4,85.06,2229.4,85.07,81.8,85.08,1977.8,85.09,1960.8,85.1,1742.3
1700000506.0,1012,85.045,0.030000000000001137,85.03,690.9,85.06,723.8,4529.9,2942.2,85.06,88.8,BUY,1,85.03,690.9,85.02,449.2,85.01,2724.2,85.0,647.8,84.99,17.8,85.06,723.8,85.07,230.0,85.08,1151.3,85.09,372.6,85.1,464.5
1700000506.5,1013,85.05,0.03999999999999204,85.03,808.5,85.07,48.7,10816.699999999999,1807.5,85.03,101.5,SELL,2,85.03,808.5,85.02,333.4,85.01,1302.8,85.0,8123.4,84.99,248.6,85.07,48.7,85.08,387.3,85.09,819.5,85.1,214.0,85.11,338.0
1700000507.0,1014,85.06,0.03999999999999204,85.04,1505.8,85.08,1012.9,5137.8,4801.5,85.04,16.6,SELL,4,85.04,1505.8,85.03,349.1,85.02,1145.2,85.01,1994.8,85.0,142.9,85.08,1012.9,85.09,783.5,85.1,2252.8,85.11,218.4,85.12,533.9
1700000507.5,1015,85.065,0.030000000000001137,85.05,1116.6,85.08,293.9,12585.3,2452.7,85.05,29.0,SELL,3,85.05,1116.6,85.04,1706.7,85.03,696.3,85.02,8792.9,85.01,272.8,85.08,293.9,85.09,448.6,85.1,416.6,85.11,293.1,85.12,1000.5
1700000508.0,1016,85.08,0.03999999999999204,85.06,2033.7,85.1,1123.5,8822.9,6636.6,85.08,0.0,BUY,0,85.06,2033.7,85.05,3469.1,85.04,421.0,85.03,1057.7,85.02,1841.4,85.1,1123.5,85.11,55.5,85.12,724.8,85.13,2310.0,85.14,2422.8
1700000508.5,1017,85.095,0.030000000000001137,85.08,1507.1,85.11,465.0,3056.6999999999994,4964.5,85.08,13.6,SELL,5,85.08,1507.1,85.07,761.8,85.06,521.7,85.05,131.6,85.04,134.5,85.11,465.0,85.12,186.9,85.13,1131.1,85.14,975.3,85.15,2206.2
1700000509.0,1018,85.1,0.04000000000000625,85.08,499.3,85.12,148.7,6453.0,4374.8,85.08,5.0,SELL,5,85.08,499.3,85.07,1328.9,85.06,466.0,85.05,3749.9,85.04,408.9,85.12,148.7,85.13,1002.7,85.14,984.9,85.15,38.9,85.16,2199.6
1700000509.5,1019,85.105,0.030000000000001137,85.09,99.3,85.12,1644.0,9110.0,5227.8,85.12,43.5,BUY,1,85.09,99.3,85.08,211.5,85.07,893.2,85.06,7873.9,85.05,32.1,85.12,1644.0,85.13,2028.1,85.14,42.4,85.15,314.9,85.16,1198.4
1700000510.0,1020,85.12,0.04000000000000625,85.1,146.7,85.14,229.4,12255.9,3789.2000000000003,85.1,88.3,SELL,3,85.1,146.7,85.09,9557.3,85.08,887.3,85.07,1005.6,85.06,659.0,85.14,229.4,85.15,850.0,85.16,2075.9,85.17,389.5,85.18,244.4
1700000510.5,1021,85.13,0.04000000000000625,85.11,168.6,85.15,46.5,4676.1,7263.5,85.11,28.0,SELL,4,85.11,168.6,85.1,50.0,85.09,705.0,85.08,1389.7,85.07,2362.8,85.15,46.5,85.16,733.5,85.17,5436.5,85.18,867.3,85.19,179.7
1700000511.0,1022,85.14,0.060000000000002274,85.11,226.1,85.17,367.8,10419.9,2563.6,85.17,27.6,BUY,3,85.11,226.1,85.1,751.6,85.09,951.9,85.08,2039.4,85.07,6450.9,85.17,367.8,85.18,112.9,85.19,1354.4,85.2,706.4,85.21,22.1
1700000511.5,1023,85.15,0.04000000000000625,85.13,1123.6,85.17,10.0,4144.0,2410.6000000000004,85.13,39.0,SELL,4,85.13,1123.6,85.12,79.0,85.11,406.5,85.1,437.2,85.09,2097.7,85.17,10.0,85.18,89.1,85.19,74.9,85.2,1937.8,85.21,298.8
1700000512.0,1024,85.17,0.03999999999999204,85.15,477.7,85.19,898.3,5016.599999999999,3912.6,85.15,72.4,SELL,2,85.15,477.7,85.14,194.3,85.13,4113.7,85.12,220.9,85.11,10.0,85.19,898.3,85.2,1677.4,85.21,206.4,85.22,224.0,85.23,906.5
1700000512.5,1025,85.17,0.03999999999999204,85.15,181.6,85.19,972.8,4725.5,6420.799999999999,85.15,42.6,SELL,2,85.15,181.6,85.14,2199.1,85.13,1466.8,85.12,520.4,85.11,357.6,85.19,972.8,85.2,1003.4,85.21,521.7,85.22,2585.9,85.23,1337.0
1700000513.0,1026,85.185,0.04999999999999716,85.16,119.3,85.21,310.9,4666.9,2920.4,85.21,50.5,BUY,1,85.16,119.3,85.15,3191.7,85.14,404.8,85.13,394.9,85.12,556.2,85.21,310.9,85.22,152.7,85.23,507.4,85.24,820.5,85.25,1128.9
1700000513.5,1027,85.19,0.03999999999999204,85.17,1444.7,85.21,1353.4,3638.5,4414.3,85.17,72.8,SELL,5,85.17,1444.7,85.16,218.0,85.15,245.9,85.14,497.9,85.13,1232.0,85.21,1353.4,85.22,133.8,85.23,1924.7,85.24,154.8,85.25,847.6
1700000514.0,1028,85.2,0.060000000000002274,85.17,604.9,85.23,13.3,9486.1,2393.9,85.2,0.0,BUY,0,85.17,604.9,85.16,2133.1,85.15,1591.8,85.14,3768.9,85.13,1387.4,85.23,13.3,85.24,378.2,85.25,1078.1,85.26,497.9,85.27,426.4
1700000514.5,1029,85.22,0.03999999999999204,85.2,739.3,85.24,323.4,8947.3,4655.9,85.2,9.4,SELL,3,85.2,739.3,85.19,1157.5,85.18,3488.9,85.17,983.8,85.16,2577.8,85.24,323.4,85.25,120.9,85.26,315.4,85.27,765.4,85.28,3130.8
1700000515.0,1030,85.22999999999999,0.04000000000000625,85.21,279.7,85.25,921.1,4634.700000000001,3565.2,85.25,36.5,BUY,2,85.21,279.7,85.2,387.4,85.19,996.9,85.18,901.3,85.17,2069.4,85.25,921.1,85.26,1731.8,85.27,56.0,85.28,28.6,85.29,827.7
1700000515.5,1031,85.24000000000001,0.04000000000000625,85.22,983.2,85.26,44.5,9975.599999999999,1832.6000000000001,85.22,69.3,SELL,4,85.22,983.2,85.21,1604.1,85.2,861.1,85.19,1815.5,85.18,4711.7,85.26,44.5,85.27,679.3,85.28,193.5,85.29,295.1,85.3,620.2
1700000516.0,1032,85.26,0.060000000000002274,85.23,637.1,85.29,32.3,7607.5999999999985,3709.4,85.23,20.2,SELL,1,85.23,637.1,85.22,2811.2,85.21,947.0,85.2,1710.4,85.19,1501.9,85.29,32.3,85.3,29.9,85.31,1879.3,85.32,498.0,85.33,1269.9
1700000516.5,1033,85.26,0.060000000000002274,85.23,233.6,85.29,37.2,1256.3,6419.4,85.29,9.6,BUY,2,85.23,233.6,85.22,77.6,85.21,335.3,85.2,277.4,85.19,332.4,85.29,37.2,85.3,1676.3,85.31,2606.5,85.32,263.5,85.33,1835.9
1700000517.0,1034,85.27000000000001,0.04000000000000625,85.25,1612.1,85.29,1380.8,7619.299999999999,2483.0,85.25,74.7,SELL,4,85.25,1612.1,85.24,490.0,85.23,368.2,85.22,2943.0,85.21,2206.0,85.29,1380.8,85.3,779.0,85.31,69.7,85.32,48.4,85.33,205.1
1700000517.5,1035,85.285,0.030000000000001137,85.27,31.3,85.3,1662.3,12087.099999999999,7565.400000000001,85.27,46.4,SELL,2,85.27,31.3,85.26,487.2,85.25,946.8,85.24,9526.4,85.23,1095.4,85.3,1662.3,85.31,973.2,85.32,1584.2,85.33,2276.4,85.34,1069.3
1700000518.0,1036,85.3,0.03999999999999204,85.28,2252.9,85.32,571.2,10916.5,6857.5,85.28,12.8,SELL,1,85.28,2252.9,85.27,196.7,85.26,2989.7,85.25,609.5,85.24,4867.7,85.32,571.2,85.33,4093.4,85.34,1103.2,85.35,10.0,85.36,1079.7
1700000518.5,1037,85.315,0.030000000000001137,85.3,74.0,85.33,191.6,6406.1,3889.8999999999996,85.3,5.0,SELL,1,85.3,74.0,85.29,3726.5,85.28,1715.3,85.27,31.0,85.26,859.3,85.33,191.6,85.34,1614.9,85.35,1617.7,85.36,183.2,85.37,282.5
1700000519.0,1038,85.33,0.060000000000002274,85.3,447.8,85.36,27.3,7566.1,10352.5,85.3,21.4,SELL,1,85.3,447.8,85.29,1412.9,85.28,549.2,85.27,82.4,85.26,5073.8,85.36,27.3,85.37,2342.9,85.38,6750.4,85.39,414.8,85.4,817.1
1700000519.5,1039,85.34,0.060000000000002274,85.31,1006.5,85.37,472.9,7216.6,6893.8,85.31,5.0,SELL,4,85.31,1006.5,85.3,1987.0,85.29,2923.1,85.28,103.7,85.27,1196.3,85.37,472.9,85.38,1438.2,85.39,2659.6,85.4,1694.5,85.41,628.6
1700000520.0,1040,85.34,0.04000000000000625,85.32,1902.1,85.36,93.4,11186.2,1663.3,85.32,43.2,SELL,2,85.32,1902.1,85.31,1079.3,85.3,3151.9,85.29,2579.1,85.28,2473.8,85.36,93.4,85.37,68.1,85.38,88.3,85.39,1005.7,85.4,407.8
1700000520.5,1041,85.36,0.03999999999999204,85.34,877.3,85.38,174.4,5468.2,1244.3000000000002,85.38,74.3,BUY,6,85.34,877.3,85.33,90.1,85.32,363.1,85.31,1491.5,85.3,2646.2,85.38,174.4,85.39,134.1,85.4,414.2,85.41,49.7,85.42,471.9
1700000521.0,1042,85.375,0.030000000000001137,85.36,364.1,85.39,129.2,4518.6,2896.8,85.36,48.8,SELL,6,85.36,364.1,85.35,353.4,85.34,185.1,85.33,264.7,85.32,3351.3,85.39,129.2,85.4,372.3,85.41,126.9,85.42,1530.7,85.43,737.7
1700000521.5,1043,85.38,0.04000000000000625,85.36,2406.7,85.4,45.3,7744.500000000001,3148.8,85.36,28.3,SELL,2,85.36,2406.7,85.35,404.1,85.34,41.8,85.33,4193.1,85.32,698.8,85.4,45.3,85.41,541.7,85.42,297.2,85.43,237.4,85.44,2027.2
1700000522.0,1044,85.39,0.03999999999999204,85.37,783.5,85.41,214.4,14186.599999999999,6202.4,85.41,37.1,BUY,3,85.37,783.5,85.36,129.6,85.35,157.1,85.34,1142.1,85.33,11974.3,85.41,214.4,85.42,3379.7,85.43,873.3,85.44,555.3,85.45,1179.7
1700000522.5,1045,85.4,0.04000000000000625,85.38,12.2,85.42,225.3,3813.6000000000004,4371.2,85.42,13.4,BUY,2,85.38,12.2,85.37,413.4,85.36,1579.9,85.35,1770.8,85.34,37.3,85.42,225.3,85.43,83.1,85.44,822.2,85.45,1828.1,85.46,1412.5
1700000523.0,1046,85.41,0.04000000000000625,85.39,3159.3,85.43,78.6,7434.400000000001,7820.7,85.39,5.0,SELL,4,85.39,3159.3,85.38,2090.8,85.37,684.5,85.36,890.3,85.35,609.5,85.43,78.6,85.44,579.2,85.45,3891.1,85.46,2973.7,85.47,298.1
1700000523.5,1047,85.43,0.04000000000000625,85.41,139.9,85.45,159.8,5740.199999999999,7776.5,85.43,0.0,BUY,0,85.41,139.9,85.4,1536.8,85.39,1776.5,85.38,1805.1,85.37,481.9,85.45,159.8,85.46,691.9,85.47,125.3,85.48,5976.9,85.49,822.6
1700000524.0,1048,85.44,0.03999999999999204,85.42,1134.9,85.46,427.8,10591.4,3307.0,85.42,8.5,SELL,5,85.42,1134.9,85.41,560.2,85.4,5093.4,85.39,3300.6,85.38,502.3,85.46,427.8,85.47,1787.6,85.48,88.4,85.49,353.2,85.5,650.0
1700000524.5,1049,87.01,0.060000000000002274,86.98,1944.0,87.04,419.4,8542.5,4484.9,86.98,12.2,SELL,1,86.98,1944.0,86.97,752.3,86.96,1161.1,86.95,731.0,86.94,3954.1,87.04,419.4,87.05,250.1,87.06,66.0,87.07,87.9,87.08,3661.5
1700000525.0,1050,87.015,0.030000000000001137,87.0,582.0,87.03,32.6,7634.3,4898.700000000001,87.0,64.4,SELL,2,87.0,582.0,86.99,483.4,86.98,468.9,86.97,1698.2,86.96,4401.8,87.03,32.6,87.04,152.6,87.05,648.0,87.06,357.1,87.07,3708.4
1700000525.5,1051,87.03,0.03999999999999204,87.01,99.7,87.05,194.7,1936.3,3874.7000000000003,87.01,93.0,SELL,1,87.01,99.7,87.0,964.1,86.99,56.8,86.98,743.0,86.97,72.7,87.05,194.7,87.06,1053.0,87.07,1236.7,87.08,37.3,87.09,1353.0
1700000526.0,1052,87.03999999999999,0.04000000000000625,87.02,1750.5,87.06,284.4,11630.8,4965.7,87.02,23.7,SELL,1,87.02,1750.5,87.01,5635.0,87.0,1529.0,86.99,583.3,86.98,2133.0,87.06,284.4,87.07,1483.6,87.08,632.2,87.09,451.8,87.1,2113.7
1700000526.5,1053,87.05,0.03999999999999204,87.03,170.2,87.07,713.3,3433.0,4577.0,87.03,43.9,SELL,3,87.03,170.2,87.02,1121.2,87.01,390.7,87.0,1548.9,86.99,202.0,87.07,713.3,87.08,243.0,87.09,240.5,87.1,728.1,87.11,2652.1
1700000527.0,1054,87.06,0.03999999999999204,87.04,453.1,87.08,372.8,6782.9,2302.4,87.06,0.0,BUY,0,87.04,453.1,87.03,109.1,87.02,2702.2,87.01,692.9,87.0,2825.6,87.08,372.8,87.09,571.4,87.1,1110.8,87.11,101.1,87.12,146.3
1700000527.5,1055,87.07,0.04000000000000625,87.05,771.4,87.09,146.8,3249.6,1680.9,87.09,10.3,BUY,5,87.05,771.4,87.04,595.8,87.03,489.4,87.02,1029.1,87.01,363.9,87.09,146.8,87.1,260.6,87.11,257.7,87.12,384.9,87.13,630.9
1700000528.0,1056,87.08,0.060000000000002274,87.05,89.4,87.11,38.6,5359.700000000001,951.8000000000001,87.11,5.0,BUY,2,87.05,89.4,87.04,522.4,87.03,3511.3,87.02,1177.0,87.01,59.6,87.11,38.6,87.12,576.0,87.13,22.6,87.14,304.6,87.15,10.0
1700000528.5,1057,87.09,0.04000000000000625,87.07,830.8,87.11,13.7,5028.1,1919.3,87.07,52.8,SELL,2,87.07,830.8,87.06,636.7,87.05,2025.1,87.04,945.2,87.03,590.3,87.11,13.7,87.12,200.7,87.13,209.9,87.14,1274.0,87.15,221.0
1700000529.0,1058,87.095,0.05000000000001137,87.07,768.1,87.12,371.7,6321.5,3838.1,87.07,5.8,SELL,2,87.07,768.1,87.06,75.2,87.05,3475.1,87.04,1730.3,87.03,272.8,87.12,371.7,87.13,265.9,87.14,724.5,87.15,610.8,87.16,1865.2
1700000529.5,1059,87.095,0.030000000000001137,87.08,513.9,87.11,71.2,4948.7,1899.3,87.11,31.4,BUY,1,87.08,513.9,87.07,1039.1,87.06,2201.2,87.05,10.0,87.04,1184.5,87.11,71.2,87.12,239.2,87.13,781.7,87.14,464.5,87.15,342.7
1700000530.0,1060,87.1,0.04000000000000625,87.08,1781.4,87.12,1045.4,6400.1,7920.0,87.1,0.0,BUY,0,87.08,1781.4,87.07,2139.5,87.06,1919.4,87.05,117.5,87.04,442.3,87.12,1045.4,87.13,267.8,87.14,1383.8,87.15,947.4,87.16,4275.6
1700000530.5,1061,87.11,0.03999999999999204,87.09,1002.2,87.13,10.0,9725.499999999998,3305.8999999999996,87.13,14.4,BUY,3,87.09,1002.2,87.08,2686.0,87.07,582.9,87.06,4625.0,87.05,829.4,87.13,10.0,87.14,1088.0,87.15,1275.2,87.16,135.4,87.17,797.3
1700000531.0,1062,87.12,0.04000000000000625,87.1,734.8,87.14,10.0,10497.2,2331.3,87.1,31.7,SELL,1,87.1,734.8,87.09,739.7,87.08,116.3,87.07,1626.9,87.06,7279.5,87.14,10.0,87.15,469.2,87.16,267.3,87.17,11.1,87.18,1573.7
1700000531.5,1063,87.13,0.060000000000002274,87.1,1282.6,87.16,155.6,4731.0,2316.0,87.1,22.5,SELL,5,87.1,1282.6,87.09,42.3,87.08,674.5,87.07,1683.6,87.06,1048.0,87.16,155.6,87.17,1486.7,87.18,352.7,87.19,97.1,87.2,223.9
1700000532.0,1064,87.14,0.03999999999999204,87.12,10.0,87.16,177.0,4926.8,6622.6,87.12,15.2,SELL,2,87.12,10.0,87.11,1467.4,87.1,446.4,87.09,1351.7,87.08,1651.3,87.16,177.0,87.17,385.1,87.18,1090.9,87.19,665.0,87.2,4304.6
1700000532.5,1065,87.15,0.04000000000000625,87.13,753.0,87.17,69.9,10515.8,3070.7,87.13,29.4,SELL,1,87.13,753.0,87.12,3373.9,87.11,997.9,87.1,2788.8,87.09,2602.2,87.17,69.9,87.18,553.3,87.19,254.3,87.2,1115.1,87.21,1078.1
1700000533.0,1066,87.155,0.030000000000001137,87.14,108.2,87.17,576.5,7726.2,3130.1000000000004,87.14,42.0,SELL,4,87.14,108.2,87.13,1020.6,87.12,1368.4,87.11,4809.7,87.1,419.3,87.17,576.5,87.18,1111.7,87.19,35.6,87.2,952.0,87.21,454.3
1700000533.5,1067,87.18,0.04000000000000625,87.16,507.8,87.2,278.3,3612.1,2093.9,87.16,40.4,SELL,1,87.16,507.8,87.15,515.1,87.14,1027.9,87.13,45.7,87.12,1515.6,87.2,278.3,87.21,651.2,87.22,432.2,87.23,94.2,87.24,638.0
1700000534.0,1068,87.19,0.03999999999999204,87.17,1072.8,87.21,479.4,3498.8,1335.8,87.17,27.2,SELL,3,87.17,1072.8,87.16,438.2,87.15,1056.6,87.14,699.4,87.13,231.8,87.21,479.4,87.22,215.4,87.23,314.3,87.24,265.4,87.25,61.3
1700000534.5,1069,87.185,0.030000000000001137,87.17,540.2,87.2,199.4,8538.400000000001,6832.7,87.17,41.4,SELL,1,87.17,540.2,87.16,929.2,87.15,4262.2,87.14,10.0,87.13,2796.8,87.2,199.4,87.21,14.5,87.22,795.0,87.23,3404.0,87.24,2419.8
1700000535.0,1070,87.2,0.03999999999999204,87.18,1061.1,87.22,281.6,5418.0,7989.8,87.18,19.6,SELL,1,87.18,1061.1,87.17,416.0,87.16,2025.2,87.15,774.0,87.14,1141.7,87.22,281.6,87.23,1680.3,87.24,1137.7,87.25,4509.3,87.26,380.9
1700000535.5,1071,87.2,0.03999999999999204,87.18,928.0,87.22,1241.8,6451.6,5805.0,87.22,5.0,BUY,1,87.18,928.0,87.17,1080.7,87.16,874.6,87.15,170.5,87.14,3397.8,87.22,1241.8,87.23,709.1,87.24,1524.0,87.25,270.2,87.26,2059.9
1700000536.0,1072,87.22,0.03999999999999204,87.2,298.4,87.24,2287.7,6481.6,10875.8,87.22,0.0,BUY,0,87.2,298.4,87.19,680.5,87.18,2148.0,87.17,1747.7,87.16,1607.0,87.24,2287.7,87.25,146.7,87.26,5044.2,87.27,2784.4,87.28,612.8
1700000536.5,1073,87.23,0.060000000000002274,87.2,425.8,87.26,2347.8,12952.8,4251.0,87.26,136.2,BUY,3,87.2,425.8,87.19,2250.8,87.18,2965.0,87.17,1401.5,87.16,5909.7,87.26,2347.8,87.27,75.0,87.28,33.3,87.29,477.1,87.3,1317.8
1700000537.0,1074,87.24,0.060000000000002274,87.21,33.9,87.27,571.3,3833.5999999999995,3016.7,87.27,7.3,BUY,3,87.21,33.9,87.2,793.3,87.19,2107.0,87.18,741.2,87.17,158.2,87.27,571.3,87.28,576.1,87.29,228.0,87.3,1439.1,87.31,202.2
1700000537.5,1075,87.25999999999999,0.04000000000000625,87.24,248.2,87.28,255.4,6395.5,3952.5,87.24,25.3,SELL,3,87.24,248.2,87.23,2581.1,87.22,878.5,87.21,2458.3,87.2,229.4,87.28,255.4,87.29,164.7,87.3,2032.5,87.31,373.4,87.32,1126.5
1700000538.0,1076,87.27000000000001,0.04000000000000625,87.25,537.4,87.29,393.6,13812.099999999999,4284.3,87.25,34.9,SELL,4,87.25,537.4,87.24,54.6,87.23,963.0,87.22,2557.7,87.21,9699.4,87.29,393.6,87.3,330.1,87.31,1182.3,87.32,316.8,87.33,2061.5
1700000538.5,1077,87.29499999999999,0.04999999999999716,87.27,137.0,87.32,436.8,4269.200000000001,3546.3999999999996,87.27,23.8,SELL,1,87.27,137.0,87.26,760.2,87.25,869.2,87.24,1933.2,87.23,569.6,87.32,436.8,87.33,1103.0,87.34,460.3,87.35,939.5,87.36,606.8
1700000539.0,1078,87.3,0.03999999999999204,87.28,311.0,87.32,771.3,9520.5,4356.400000000001,87.28,173.1,SELL,5,87.28,311.0,87.27,7582.4,87.26,17.5,87.25,1065.7,87.24,543.9,87.32,771.3,87.33,144.8,87.34,1156.2,87.35,938.4,87.36,1345.7
1700000539.5,1079,87.31,0.03999999999999204,87.29,311.9,87.33,612.2,2337.7999999999997,7370.7,87.31,0.0,BUY,0,87.29,311.9,87.28,93.3,87.27,921.1,87.26,975.8,87.25,35.7,87.33,612.2,87.34,3872.3,87.35,505.8,87.36,1536.1,87.37,844.3
1700000540.0,1080,87.32,0.04000000000000625,87.3,1758.9,87.34,220.3,5126.800000000001,2314.5,87.32,0.0,BUY,0,87.3,1758.9,87.29,807.9,87.28,59.8,87.27,378.3,87.26,2121.9,87.34,220.3,87.35,432.9,87.36,522.5,87.37,768.3,87.38,370.5
1700000540.5,1081,87.33,0.03999999999999204,87.31,1777.4,87.35,635.4,7760.3,3274.2000000000003,87.31,34.4,SELL,2,87.31,1777.4,87.3,2733.1,87.29,465.6,87.28,2636.0,87.27,148.2,87.35,635.4,87.36,622.1,87.37,721.3,87.38,636.0,87.39,659.4
1700000541.0,1082,87.34,0.060000000000002274,87.31,1005.8,87.37,45.8,8860.2,5406.9,87.31,23.4,SELL,1,87.31,1005.8,87.3,1223.0,87.29,1982.2,87.28,2324.6,87.27,2324.6,87.37,45.8,87.38,1115.6,87.39,151.1,87.4,1554.0,87.41,2540.4
1700000541.5,1083,87.35,0.04000000000000625,87.33,1133.2,87.37,13.7,5295.200000000001,7910.2,87.33,32.7,SELL,2,87.33,1133.2,87.32,384.8,87.31,1975.3,87.3,193.8,87.29,1608.1,87.37,13.7,87.38,433.9,87.39,821.2,87.4,4846.7,87.41,1794.7
1700000542.0,1084,87.37,0.04000000000000625,87.35,424.8,87.39,190.2,4001.3,3260.8,87.35,55.3,SELL,4,87.35,424.8,87.34,930.9,87.33,571.1,87.32,321.1,87.31,1753.4,87.39,190.2,87.4,2251.8,87.41,296.9,87.42,369.5,87.43,152.4
1700000542.5,1085,87.38,0.060000000000002274,87.35,13.5,87.41,117.8,15960.2,4724.1,87.35,10.7,SELL,2,87.35,13.5,87.34,1968.9,87.33,300.9,87.32,8596.1,87.31,5080.8,87.41,117.8,87.42,2207.5,87.43,447.9,87.44,1224.4,87.45,726.5
1700000543.0,1086,87.39,0.060000000000002274,87.36,660.5,87.42,102.9,3157.6,3848.8999999999996,87.42,5.8,BUY,2,87.36,660.5,87.35,508.3,87.34,781.3,87.33,847.6,87.32,359.9,87.42,102.9,87.43,411.9,87.44,14.9,87.45,1514.9,87.46,1804.3
1700000543.5,1087,87.405,0.05000000000001137,87.38,326.4,87.43,318.1,6847.4,2213.0,87.38,202.9,SELL,5,87.38,326.4,87.37,257.8,87.36,383.7,87.35,2126.2,87.34,3753.3,87.43,318.1,87.44,182.7,87.45,285.4,87.46,248.9,87.47,1177.9
1700000544.0,1088,87.41,0.04000000000000625,87.39,812.5,87.43,118.8,7818.9,817.7,87.39,24.1,SELL,1,87.39,812.5,87.38,391.3,87.37,795.2,87.36,3332.5,87.35,2487.4,87.43,118.8,87.44,83.7,87.45,255.8,87.46,277.1,87.47,82.3
1700000544.5,1089,87.41,0.04000000000000625,87.39,500.8,87.43,1332.0,8805.099999999999,3898.6000000000004,87.39,5.0,SELL,2,87.39,500.8,87.38,345.3,87.37,2534.8,87.36,4772.9,87.35,651.3,87.43,1332.0,87.44,341.7,87.45,195.1,87.46,123.9,87.47,1905.9
1700000545.0,1090,87.42,0.03999999999999204,87.4,3931.2,87.44,774.5,15123.5,6546.999999999999,87.44,56.0,BUY,3,87.4,3931.2,87.39,2112.5,87.38,405.1,87.37,5625.9,87.36,3048.8,87.44,774.5,87.45,1229.5,87.46,1254.6,87.47,2086.2,87.48,1202.2
1700000545.5,1091,87.44,0.03999999999999204,87.42,1081.8,87.46,174.9,5222.5,2976.2,87.46,111.0,BUY,3,87.42,1081.8,87.41,665.5,87.4,1614.1,87.39,1722.3,87.38,138.8,87.46,174.9,87.47,77.2,87.48,413.9,87.49,777.2,87.5,1533.0
1700000546.0,1092,87.45,0.060000000000002274,87.42,2015.4,87.48,24.7,7655.3,4740.799999999999,87.42,8.1,SELL,6,87.42,2015.4,87.41,2142.4,87.4,2026.0,87.39,819.7,87.38,651.8,87.48,24.7,87.49,387.2,87.5,693.7,87.51,2531.7,87.52,1103.5
1700000546.5,1093,87.46000000000001,0.04000000000000625,87.44,228.9,87.48,340.6,966.8,4055.1000000000004,87.44,84.5,SELL,2,87.44,228.9,87.43,285.0,87.42,42.1,87.41,284.9,87.4,125.9,87.48,340.6,87.49,163.3,87.5,341.8,87.51,2970.6,87.52,238.8
1700000547.0,1094,87.47,0.03999999999999204,87.45,180.4,87.49,427.4,14921.3,6996.1,87.45,74.3,SELL,4,87.45,180.4,87.44,14.7,87.43,476.7,87.42,1390.9,87.41,12858.6,87.49,427.4,87.5,1062.9,87.51,1545.0,87.52,46.2,87.53,3914.6
1700000547.5,1095,87.47999999999999,0.04000000000000625,87.46,281.2,87.5,1075.5,1939.7,7367.200000000001,87.46,5.0,SELL,3,87.46,281.2,87.45,169.6,87.44,375.2,87.43,210.9,87.42,902.8,87.5,1075.5,87.51,1192.4,87.52,693.2,87.53,2109.0,87.54,2297.1
1700000548.0,1096,87.49,0.060000000000002274,87.46,72.9,87.52,931.8,5489.3,4619.900000000001,87.52,21.7,BUY,1,87.46,72.9,87.45,133.9,87.44,877.2,87.43,1977.5,87.42,2427.8,87.52,931.8,87.53,240.4,87.54,1716.9,87.55,10.0,87.56,1720.8
1700000548.5,1097,87.5,0.03999999999999204,87.48,2252.5,87.52,526.0,13883.399999999998,4601.8,87.52,5.0,BUY,3,87.48,2252.5,87.47,2681.4,87.46,1138.7,87.45,4601.0,87.44,3209.8,87.52,526.0,87.53,324.9,87.54,1085.6,87.55,553.9,87.56,2111.4
1700000549.0,1098,87.515,0.030000000000001137,87.5,2407.6,87.53,345.0,13218.0,2912.7,87.53,5.0,BUY,1,87.5,2407.6,87.49,972.9,87.48,1116.0,87.47,7130.0,87.46,1591.5,87.53,345.0,87.54,1292.9,87.55,137.8,87.56,623.5,87.57,513.5
1700000549.5,1099,87.535,0.030000000000001137,87.52,1986.9,87.55,165.4,3947.3999999999996,6247.7,87.52,6.3,SELL,1,87.52,1986.9,87.51,846.3,87.5,163.2,87.49,731.8,87.48,219.2,87.55,165.4,87.56,407.3,87.57,130.7,87.58,395.3,87.59,5149.0
1700000550.0,1100,87.53999999999999,0.04000000000000625,87.52,16.1,87.56,644.7,3303.7000000000003,5423.5,87.52,5.0,SELL,3,87.52,16.1,87.51,101.3,87.5,1091.4,87.49,2022.0,87.48,72.9,87.56,644.7,87.57,1502.7,87.58,363.0,87.59,673.3,87.6,2239.8
1700000550.5,1101,87.55,0.03999999999999204,87.53,469.1,87.57,355.0,10982.4,2063.2000000000003,87.55,0.0,BUY,0,87.53,469.1,87.52,362.6,87.51,832.3,87.5,8414.3,87.49,904.1,87.57,355.0,87.58,652.9,87.59,427.3,87.6,475.2,87.61,152.8
1700000551.0,1102,87.545,0.030000000000001137,87.53,398.2,87.56,388.0,10847.8,4291.4,87.545,0.0,BUY,0,87.53,398.2,87.52,3863.3,87.51,294.3,87.5,2872.3,87.49,3419.7,87.56,388.0,87.57,271.3,87.58,361.8,87.59,2277.0,87.6,993.3
1700000551.5,1103,87.56,0.060000000000002274,87.53,549.6,87.59,10.0,5201.599999999999,2490.5,87.59,11.8,BUY,5,87.53,549.6,87.52,1363.6,87.51,458.2,87.5,1562.6,87.49,1267.6,87.59,10.0,87.6,234.5,87.61,615.2,87.62,1294.2,87.63,336.6
1700000552.0,1104,87.57,0.04000000000000625,87.55,1489.1,87.59,244.2,8027.5,8402.8,87.55,45.6,SELL,2,87.55,1489.1,87.54,1436.1,87.53,614.0,87.52,514.0,87.51,3974.3,87.59,244.2,87.6,188.9,87.61,6628.7,87.62,578.7,87.63,762.3
1700000552.5,1105,87.58,0.03999999999999204,87.56,816.0,87.6,456.1,16733.4,1060.3999999999999,87.56,39.6,SELL,2,87.56,816.0,87.55,987.2,87.54,4062.1,87.53,4783.1,87.52,6085.0,87.6,456.1,87.61,186.1,87.62,167.3,87.63,236.8,87.64,14.1
1700000553.0,1106,87.595,0.030000000000001137,87.58,357.9,87.61,642.5,11014.6,4951.6,87.61,7.7,BUY,4,87.58,357.9,87.57,110.7,87.56,2881.8,87.55,2278.4,87.54,5385.8,87.61,642.5,87.62,137.3,87.63,662.9,87.64,2923.4,87.65,585.5
1700000553.5,1107,87.595,0.05000000000001137,87.57,1343.3,87.62,261.7,11024.0,3977.8999999999996,87.57,69.2,SELL,2,87.57,1343.3,87.56,81.7,87.55,3418.4,87.54,1013.8,87.53,5166.8,87.62,261.7,87.63,23.0,87.64,683.0,87.65,1235.5,87.66,1774.7
1700000554.0,1108,87.61,0.03999999999999204,87.59,1244.9,87.63,81.5,7820.1,5647.6,87.63,26.5,BUY,1,87.59,1244.9,87.58,154.2,87.57,2455.9,87.56,1711.8,87.55,2253.3,87.63,81.5,87.64,2823.8,87.65,245.8,87.66,1507.1,87.67,989.4
1700000554.5,1109,87.62,0.04000000000000625,87.6,2405.0,87.64,404.4,5904.2,1735.2,87.6,5.0,SELL,3,87.6,2405.0,87.59,1566.2,87.58,1025.8,87.57,82.5,87.56,824.7,87.64,404.4,87.65,159.2,87.66,242.4,87.67,242.5,87.68,686.7
1700000555.0,1110,87.64,0.03999999999999204,87.62,1117.7,87.66,403.6,3232.4000000000005,4631.200000000001,87.62,5.0,SELL,2,87.62,1117.7,87.61,617.0,87.6,31.9,87.59,491.0,87.58,974.8,87.66,403.6,87.67,1724.9,87.68,469.9,87.69,809.9,87.7,1222.9
1700000555.5,1111,87.65,0.04000000000000625,87.63,103.4,87.67,1018.9,2966.2,3554.8,87.67,29.4,BUY,1,87.63,103.4,87.62,815.4,87.61,1056.7,87.6,364.7,87.59,626.0,87.67,1018.9,87.68,522.9,87.69,477.5,87.7,807.6,87.71,727.9
1700000556.0,1112,87.67,0.060000000000002274,87.64,139.3,87.7,469.1,7410.199999999999,1846.0,87.7,5.0,BUY,1,87.64,139.3,87.63,755.9,87.62,785.2,87.61,5671.4,87.6,58.4,87.7,469.1,87.71,84.0,87.72,190.5,87.73,696.1,87.74,406.3
1700000556.5,1113,87.68,0.04000000000000625,87.66,661.2,87.7,291.7,3466.7,4283.6,87.66,13.2,SELL,1,87.66,661.2,87.65,70.8,87.64,436.9,87.63,1002.8,87.62,1295.0,87.7,291.7,87.71,1465.8,87.72,258.2,87.73,1819.6,87.74,448.3
1700000557.0,1114,87.69,0.060000000000002274,87.66,686.1,87.72,1175.6,11426.8,4980.2,87.66,117.9,SELL,3,87.66,686.1,87.65,2729.9,87.64,400.5,87.63,3547.8,87.62,4062.5,87.72,1175.6,87.73,1353.3,87.74,449.6,87.75,925.2,87.76,1076.5
1700000557.5,1115,87.69,0.03999999999999204,87.67,273.1,87.71,240.2,11248.3,3323.1,87.67,15.5,SELL,4,87.67,273.1,87.66,1705.8,87.65,832.6,87.64,1876.5,87.63,6560.3,87.71,240.2,87.72,220.2,87.73,185.4,87.74,1096.7,87.75,1580.6
1700000558.0,1116,87.7,0.03999999999999204,87.68,157.4,87.72,906.3,6011.5,4361.3,87.7,0.0,BUY,0,87.68,157.4,87.67,448.2,87.66,1512.7,87.65,3502.5,87.64,390.7,87.72,906.3,87.73,210.8,87.74,651.8,87.75,1664.1,87.76,928.3
1700000558.5,1117,87.7,0.03999999999999204,87.68,198.4,87.72,2636.3,8523.699999999999,5486.1,87.72,5.0,BUY,1,87.68,198.4,87.67,2593.6,87.66,2699.3,87.65,3005.1,87.64,27.3,87.72,2636.3,87.73,627.1,87.74,265.4,87.75,1330.7,87.76,626.6
1700000559.0,1118,87.72,0.03999999999999204,87.7,190.7,87.74,550.3,6649.3,5199.5,87.7,97.5,SELL,3,87.7,190.7,87.69,10.0,87.68,202.0,87.67,5516.8,87.66,729.8,87.74,550.3,87.75,649.8,87.76,447.1,87.77,2352.3,87.78,1200.0
1700000559.5,1119,87.74000000000001,0.04000000000000625,87.72,350.0,87.76,729.1,2940.6,3928.2,87.72,6.2,SELL,2,87.72,350.0,87.71,563.9,87.7,346.9,87.69,893.8,87.68,786.0,87.76,729.1,87.77,662.4,87.78,2466.2,87.79,58.4,87.8,12.1
1700000560.0,1120,87.75,0.03999999999999204,87.73,210.4,87.77,464.5,4848.799999999999,2449.2,87.77,43.2,BUY,4,87.73,210.4,87.72,1136.1,87.71,391.3,87.7,1518.6,87.69,1592.4,87.77,464.5,87.78,10.0,87.79,560.0,87.8,1146.7,87.81,268.0
1700000560.5,1121,87.75999999999999,0.04000000000000625,87.74,49.3,87.78,128.7,5916.6,8194.2,87.74,9.4,SELL,1,87.74,49.3,87.73,48.2,87.72,3490.4,87.71,68.4,87.7,2260.3,87.78,128.7,87.79,2735.8,87.8,506.2,87.81,1970.4,87.82,2853.1
1700000561.0,1122,87.765,0.030000000000001137,87.75,1911.5,87.78,183.3,12782.4,2020.5000000000002,87.75,41.1,SELL,3,87.75,1911.5,87.74,3934.5,87.73,2089.9,87.72,2647.5,87.71,2199.0,87.78,183.3,87.79,687.1,87.8,719.9,87.81,213.4,87.82,216.8
1700000561.5,1123,87.78,0.03999999999999204,87.76,1701.5,87.8,162.9,13201.0,3336.3,87.78,0.0,BUY,0,87.76,1701.5,87.75,821.1,87.74,1009.2,87.73,4739.9,87.72,4929.3,87.8,162.9,87.81,606.6,87.82,73.4,87.83,1648.0,87.84,845.4
1700000562.0,1124,87.78999999999999,0.04000000000000625,87.77,1285.1,87.81,1216.3,6810.000000000001,3857.7,87.77,36.6,SELL,1,87.77,1285.1,87.76,787.2,87.75,2646.3,87.74,236.6,87.73,1854.8,87.81,1216.3,87.82,1879.4,87.83,376.2,87.84,27.4,87.85,358.4
1700000562.5,1125,87.815,0.030000000000001137,87.8,2247.0,87.83,318.0,16823.699999999997,1842.5,87.8,74.3,SELL,7,87.8,2247.0,87.79,3181.5,87.78,2950.3,87.77,1043.0,87.76,7401.9,87.83,318.0,87.84,90.1,87.85,515.3,87.86,15.8,87.87,903.3
1700000563.0,1126,87.81,0.060000000000002274,87.78,942.4,87.84,209.2,9606.099999999999,4405.2,87.81,0.0,BUY,0,87.78,942.4,87.77,693.5,87.76,4982.5,87.75,2159.7,87.74,828.0,87.84,209.2,87.85,335.8,87.86,1335.2,87.87,2118.2,87.88,406.8
1700000563.5,1127,87.815,0.030000000000001137,87.8,30.8,87.83,1849.8,3335.8,15566.9,87.83,33.6,BUY,1,87.8,30.8,87.79,361.6,87.78,204.3,87.77,1666.2,87.76,1072.9,87.83,1849.8,87.84,459.1,87.85,1434.7,87.86,999.9,87.87,10823.4
1700000564.0,1128,87.83,0.03999999999999204,87.81,725.3,87.85,832.7,6134.0,5258.000000000001,87.81,9.8,SELL,3,87.81,725.3,87.8,97.3,87.79,1263.2,87.78,124.1,87.77,3924.1,87.85,832.7,87.86,693.1,87.87,776.3,87.88,2836.3,87.89,119.6
1700000564.5,1129,87.84,0.04000000000000625,87.82,116.8,87.86,296.8,3512.7000000000003,3859.2999999999997,87.82,17.0,SELL,5,87.82,116.8,87.81,143.3,87.8,2387.9,87.79,820.9,87.78,43.8,87.86,296.8,87.87,292.3,87.88,1256.4,87.89,853.7,87.9,1160.1
1700000565.0,1130,87.85,0.04000000000000625,87.83,74.0,87.87,523.6,14165.099999999999,3518.1,87.87,52.0,BUY,2,87.83,74.0,87.82,98.3,87.81,492.5,87.8,10955.8,87.79,2544.5,87.87,523.6,87.88,360.4,87.89,137.3,87.9,1569.2,87.91,927.6
1700000565.5,1131,87.86,0.03999999999999204,87.84,663.2,87.88,399.1,5154.0,5594.8,87.86,0.0,BUY,0,87.84,663.2,87.83,217.4,87.82,288.8,87.81,1993.8,87.8,1990.8,87.88,399.1,87.89,112.6,87.9,1497.1,87.91,3283.5,87.92,302.5
1700000566.0,1132,87.86,0.03999999999999204,87.84,91.7,87.88,217.8,2592.3,3467.5,87.84,58.4,SELL,2,87.84,91.7,87.83,450.9,87.82,143.1,87.81,742.8,87.8,1163.8,87.88,217.8,87.89,1916.6,87.9,490.9,87.91,551.2,87.92,291.0
1700000566.5,1133,87.86,0.03999999999999204,87.84,982.8,87.88,174.0,4248.5,2384.8999999999996,87.84,64.1,SELL,3,87.84,982.8,87.83,1364.5,87.82,229.7,87.81,1570.5,87.8,101.0,87.88,174.0,87.89,175.5,87.9,447.9,87.91,185.2,87.92,1402.3
1700000567.0,1134,87.87,0.04000000000000625,87.85,1055.3,87.89,1935.8,7787.7,10587.1,87.85,15.7,SELL,2,87.85,1055.3,87.84,1850.7,87.83,436.7,87.82,861.0,87.81,3584.0,87.89,1935.8,87.9,2024.2,87.91,3062.3,87.92,3084.3,87.93,480.5
1700000567.5,1135,87.88,0.04000000000000625,87.86,2179.2,87.9,243.1,4676.5,3471.6000000000004,87.86,5.0,SELL,1,87.86,2179.2,87.85,221.4,87.84,455.2,87.83,830.5,87.82,990.2,87.9,243.1,87.91,72.1,87.92,1650.3,87.93,760.9,87.94,745.2
1700000568.0,1136,87.895,0.030000000000001137,87.88,353.8,87.91,1524.4,10140.4,11206.5,87.88,118.3,SELL,3,87.88,353.8,87.87,1874.9,87.86,1082.3,87.85,1528.0,87.84,5301.4,87.91,1524.4,87.92,2197.9,87.93,2082.5,87.94,4263.4,87.95,1138.3
1700000568.5,1137,87.9,0.04000000000000625,87.88,3716.1,87.92,470.2,14099.400000000001,8256.1,87.92,32.6,BUY,2,87.88,3716.1,87.87,1306.5,87.86,246.2,87.85,3685.8,87.84,5144.8,87.92,470.2,87.93,944.7,87.94,338.6,87.95,1877.0,87.96,4625.6
1700000569.0,1138,89.72,0.060000000000002274,89.69,110.1,89.75,108.2,5827.1,4871.8,89.69,5.0,SELL,1,89.69,110.1,89.68,369.6,89.67,987.4,89.66,1558.1,89.65,2801.9,89.75,108.2,89.76,1196.9,89.77,1505.5,89.78,2051.2,89.79,10.0
1700000569.5,1139,89.72999999999999,0.04000000000000625,89.71,183.0,89.75,64.5,8632.5,3924.3,89.75,114.4,BUY,3,89.71,183.0,89.7,114.7,89.69,678.5,89.68,55.9,89.67,7600.4,89.75,64.5,89.76,64.7,89.77,427.7,89.78,3081.5,89.79,285.9
1700000570.0,1140,89.75,0.03999999999999204,89.73,1069.7,89.77,1923.3,4815.0,8295.7,89.75,0.0,BUY,0,89.73,1069.7,89.72,540.7,89.71,416.2,89.7,109.0,89.69,2679.4,89.77,1923.3,89.78,551.3,89.79,1102.2,89.8,1236.9,89.81,3482.0
1700000570.5,1141,89.75,0.03999999999999204,89.73,2200.3,89.77,453.0,5065.6,7751.200000000001,89.77,5.0,BUY,1,89.73,2200.3,89.72,750.3,89.71,105.8,89.7,1990.3,89.69,18.9,89.77,453.0,89.78,259.3,89.79,636.7,89.8,2954.3,89.81,3447.9
1700000571.0,1142,89.75999999999999,0.04000000000000625,89.74,282.4,89.78,208.4,8015.1,2515.8999999999996,89.78,5.0,BUY,4,89.74,282.4,89.73,681.4,89.72,1884.5,89.71,1365.3,89.7,3801.5,89.78,208.4,89.79,106.0,89.8,404.7,89.81,595.6,89.82,1201.2
1700000571.5,1143,86.08,0.03999999999999204,86.06,531.8,86.1,1112.9,2363.6,6649.900000000001,86.06,53.2,SELL,3,86.06,531.8,86.05,132.3,86.04,609.1,86.03,231.5,86.02,858.9,86.1,1112.9,86.11,424.4,86.12,202.6,86.13,2643.7,86.14,2266.3
1700000572.0,1144,86.09,0.060000000000002274,86.06,487.3,86.12,737.8,3202.6,4374.1,86.06,39.3,SELL,1,86.06,487.3,86.05,335.4,86.04,208.4,86.03,461.9,86.02,1709.6,86.12,737.8,86.13,440.1,86.14,861.3,86.15,1413.8,86.16,921.1
1700000572.5,1145,86.1,0.04000000000000625,86.08,2297.2,86.12,43.7,5862.7,4023.0,86.08,5.0,SELL,5,86.08,2297.2,86.07,545.3,86.06,56.1,86.05,724.0,86.04,2240.1,86.12,43.7,86.13,10.0,86.14,3168.9,86.15,250.9,86.16,549.5
1700000573.0,1146,86.11,0.03999999999999204,86.09,369.4,86.13,265.2,11384.7,2452.6,86.13,19.2,BUY,1,86.09,369.4,86.08,162.5,86.07,2223.7,86.06,6991.6,86.05,1637.5,86.13,265.2,86.14,461.2,86.15,201.3,86.16,1019.3,86.17,505.6
1700000573.5,1147,86.12,0.04000000000000625,86.1,279.7,86.14,155.5,11206.6,2109.8,86.1,32.5,SELL,1,86.1,279.7,86.09,1988.3,86.08,6289.3,86.07,1204.7,86.06,1444.6,86.14,155.5,86.15,408.0,86.16,945.9,86.17,27.4,86.18,573.0
1700000574.0,1148,86.14,0.03999999999999204,86.12,387.4,86.16,10.0,2271.9,1540.3,86.12,21.8,SELL,3,86.12,387.4,86.11,245.0,86.1,976.7,86.09,236.7,86.08,426.1,86.16,10.0,86.17,27.7,86.18,316.2,86.19,710.7,86.2,475.7
1700000574.5,1149,86.14,0.03999999999999204,86.12,10.0,86.16,198.8,6617.5,5387.0,86.16,63.6,BUY,2,86.12,10.0,86.11,1290.0,86.1,3079.4,86.09,203.6,86.08,2034.5,86.16,198.8,86.17,901.7,86.18,398.6,86.19,1554.6,86.2,2333.3
1700000575.0,1150,86.14,0.03999999999999204,86.12,1409.2,86.16,553.0,9543.5,3857.9,86.12,31.0,SELL,2,86.12,1409.2,86.11,3168.8,86.1,1877.5,86.09,336.8,86.08,2751.2,86.16,553.0,86.17,159.2,86.18,848.6,86.19,1900.4,86.2,396.7
1700000575.5,1151,86.15,0.04000000000000625,86.13,106.8,86.17,679.4,6340.8,6019.299999999999,86.17,16.9,BUY,2,86.13,106.8,86.12,2653.4,86.11,348.2,86.1,1771.2,86.09,1461.2,86.17,679.4,86.18,401.9,86.19,132.3,86.2,262.8,86.21,4542.9
1700000576.0,1152,86.17,0.03999999999999204,86.15,760.2,86.19,569.9,5799.700000000001,5560.700000000001,86.15,25.8,SELL,3,86.15,760.2,86.14,344.7,86.13,46.3,86.12,1998.9,86.11,2649.6,86.19,569.9,86.2,2630.6,86.21,80.3,86.22,416.9,86.23,1863.0
1700000576.5,1153,86.18,0.04000000000000625,86.16,365.2,86.2,1039.3,3006.5,5625.700000000001,86.2,20.1,BUY,3,86.16,365.2,86.15,639.2,86.14,533.5,86.13,613.3,86.12,855.3,86.2,1039.3,86.21,491.1,86.22,2438.8,86.23,14.3,86.24,1642.2
1700000577.0,1154,86.185,0.030000000000001137,86.17,1663.5,86.2,1584.1,5741.400000000001,4456.6,86.2,52.2,BUY,4,86.17,1663.5,86.16,782.2,86.15,2270.9,86.14,957.6,86.13,67.2,86.2,1584.1,86.21,37.0,86.22,436.8,86.23,116.9,86.24,2281.8
1700000577.5,1155,86.205,0.030000000000001137,86.19,1895.2,86.22,77.4,6394.9,4911.5,86.205,0.0,BUY,0,86.19,1895.2,86.18,2755.8,86.17,368.7,86.16,288.3,86.15,1086.9,86.22,77.4,86.23,1693.6,86.24,403.5,86.25,1825.4,86.26,911.6
1700000578.0,1156,86.21000000000001,0.04000000000000625,86.19,808.8,86.23,1108.6,5094.800000000001,4735.099999999999,86.19,101.1,SELL,4,86.19,808.8,86.18,821.6,86.17,3028.3,86.16,173.1,86.15,263.0,86.23,1108.6,86.24,392.6,86.25,326.1,86.26,1070.0,86.27,1837.8
1700000578.5,1157,86.22,0.060000000000002274,86.19,1543.2,86.25,314.3,3242.6000000000004,2272.8999999999996,86.25,21.8,BUY,4,86.19,1543.2,86.18,322.5,86.17,10.0,86.16,88.2,86.15,1278.7,86.25,314.3,86.26,536.0,86.27,49.0,86.28,369.4,86.29,1004.2
1700000579.0,1158,86.24,0.060000000000002274,86.21,1163.7,86.27,712.2,8342.8,3117.4,86.27,27.0,BUY,4,86.21,1163.7,86.2,2035.1,86.19,4452.5,86.18,417.0,86.17,274.5,86.27,712.2,86.28,576.3,86.29,160.7,86.3,1107.6,86.31,560.6
1700000579.5,1159,86.25,0.03999999999999204,86.23,2169.6,86.27,1796.9,10334.7,6999.5,86.27,27.3,BUY,1,86.23,2169.6,86.22,704.2,86.21,3734.9,86.2,2609.0,86.19,1117.0,86.27,1796.9,86.28,150.7,86.29,93.5,86.3,2424.2,86.31,2534.2
1700000580.0,1160,86.25999999999999,0.04000000000000625,86.24,1024.4,86.28,288.1,10623.7,5412.8,86.24,50.4,SELL,2,86.24,1024.4,86.23,6879.0,86.22,1217.1,86.21,1067.6,86.2,435.6,86.28,288.1,86.29,184.0,86.3,507.4,86.31,3926.0,86.32,507.3
1700000580.5,1161,86.265,0.030000000000001137,86.25,495.8,86.28,11.9,8602.8,8551.7,86.25,142.1,SELL,2,86.25,495.8,86.24,1627.2,86.23,1770.2,86.22,96.9,86.21,4612.7,86.28,11.9,86.29,1175.1,86.3,763.3,86.31,3220.9,86.32,3380.5
1700000581.0,1162,86.285,0.030000000000001137,86.27,1180.0,86.3,379.2,3739.6,5068.3,86.27,5.4,SELL,2,86.27,1180.0,86.26,711.2,86.25,43.6,86.24,1769.9,86.23,34.9,86.3,379.2,86.31,889.4,86.32,1835.5,86.33,1838.9,86.34,125.3
1700000581.5,1163,86.28999999999999,0.04000000000000625,86.27,789.2,86.31,18.8,7708.0,3560.7999999999997,86.27,11.8,SELL,2,86.27,789.2,86.26,513.8,86.25,2259.8,86.24,583.6,86.23,3561.6,86.31,18.8,86.32,1315.4,86.33,1076.5,86.34,688.4,86.35,461.7
1700000582.0,1164,86.3,0.060000000000002274,86.27,1770.2,86.33,529.1,3955.7999999999997,2577.2,86.33,67.4,BUY,1,86.27,1770.2,86.26,969.5,86.25,608.7,86.24,91.4,86.23,516.0,86.33,529.1,86.34,691.8,86.35,253.1,86.36,620.1,86.37,483.1
1700000582.5,1165,86.3,0.060000000000002274,86.27,557.0,86.33,410.8,5657.400000000001,5047.1,86.33,10.4,BUY,2,86.27,557.0,86.26,235.2,86.25,716.4,86.24,2609.0,86.23,1539.8,86.33,410.8,86.34,293.1,86.35,1316.1,86.36,1874.1,86.37,1153.0
1700000583.0,1166,86.31,0.03999999999999204,86.29,55.0,86.33,119.8,7293.7,3219.9,86.29,31.3,SELL,3,86.29,55.0,86.28,3606.6,86.27,1244.7,86.26,90.7,86.25,2296.7,86.33,119.8,86.34,41.0,86.35,1201.1,86.36,1749.2,86.37,108.8
1700000583.5,1167,86.315,0.030000000000001137,86.3,1019.5,86.33,1443.7,12564.599999999999,2775.1,86.33,44.4,BUY,3,86.3,1019.5,86.29,67.0,86.28,752.1,86.27,972.1,86.26,9753.9,86.33,1443.7,86.34,388.6,86.35,399.5,86.36,434.7,86.37,108.6
1700000584.0,1168,86.34,0.04000000000000625,86.32,2017.9,86.36,1120.9,9289.6,5892.2,86.32,6.4,SELL,5,86.32,2017.9,86.31,1080.1,86.3,2202.5,86.29,1450.8,86.28,2538.3,86.36,1120.9,86.37,282.3,86.38,1236.6,86.39,266.7,86.4,2985.7
1700000584.5,1169,86.35,0.04000000000000625,86.33,2106.8,86.37,356.9,7553.6,3825.0,86.35,0.0,BUY,0,86.33,2106.8,86.32,589.8,86.31,1559.4,86.3,2230.1,86.29,1067.5,86.37,356.9,86.38,1824.9,86.39,286.4,86.4,90.0,86.41,1266.8
1700000585.0,1170,86.36,0.03999999999999204,86.34,70.7,86.38,983.9,1039.6,3752.0,86.38,13.3,BUY,1,86.34,70.7,86.33,313.8,86.32,33.8,86.31,134.2,86.3,487.1,86.38,983.9,86.39,345.8,86.4,1228.3,86.41,665.7,86.42,528.3
1700000585.5,1171,86.37,0.04000000000000625,86.35,1114.2,86.39,916.7,6154.7,1934.2,86.35,17.4,SELL,2,86.35,1114.2,86.34,921.2,86.33,366.2,86.32,3402.8,86.31,350.3,86.39,916.7,86.4,176.2,86.41,26.6,86.42,759.2,86.43,55.5
1700000586.0,1172,86.375,0.030000000000001137,86.36,1973.4,86.39,69.9,3672.3,4283.700000000001,86.39,29.9,BUY,1,86.36,1973.4,86.35,42.4,86.34,182.0,86.33,440.6,86.32,1033.9,86.39,69.9,86.4,651.5,86.41,205.3,86.42,633.2,86.43,2723.8
1700000586.5,1173,86.375,0.030000000000001137,86.36,489.9,86.39,1815.9,9371.300000000001,5187.4,86.36,32.0,SELL,2,86.36,489.9,86.35,2374.9,86.34,43.6,86.33,2225.8,86.32,4237.1,86.39,1815.9,86.4,62.8,86.41,903.0,86.42,543.1,86.43,1862.6
1700000587.0,1174,86.39,0.03999999999999204,86.37,1083.0,86.41,102.2,9493.099999999999,2815.7,86.37,88.1,SELL,3,86.37,1083.0,86.36,622.7,86.35,2454.7,86.34,2486.0,86.33,2846.7,86.41,102.2,86.42,190.2,86.43,142.1,86.44,2063.2,86.45,318.0
1700000587.5,1175,86.405,0.030000000000001137,86.39,655.5,86.42,785.3,4939.5,8650.599999999999,86.39,5.4,SELL,1,86.39,655.5,86.38,2359.9,86.37,206.9,86.36,760.6,86.35,956.6,86.42,785.3,86.43,2451.1,86.44,1268.4,86.45,608.8,86.46,3537.0
1700000588.0,1176,86.4,0.04000000000000625,86.38,1882.7,86.42,329.1,5063.5,8018.5,86.38,106.6,SELL,2,86.38,1882.7,86.37,318.8,86.36,159.6,86.35,115.4,86.34,2587.0,86.42,329.1,86.43,4712.5,86.44,814.1,86.45,1834.4,86.46,328.4
1700000588.5,1177,86.41,0.04000000000000625,86.39,1400.1,86.43,83.3,4490.9,6332.9,86.39,22.9,SELL,2,86.39,1400.1,86.38,1272.8,86.37,952.2,86.36,360.1,86.35,505.7,86.43,83.3,86.44,130.3,86.45,1633.8,86.46,1529.6,86.47,2955.9
1700000589.0,1178,86.42,0.03999999999999204,86.4,351.5,86.44,41.5,12299.1,8961.5,86.42,0.0,BUY,0,86.4,351.5,86.39,486.0,86.38,5900.0,86.37,4738.6,86.36,823.0,86.44,41.5,86.45,485.4,86.46,112.7,86.47,958.9,86.48,7363.0
1700000589.5,1179,86.435,0.030000000000001137,86.42,102.6,86.45,1187.6,1212.7,9724.3,86.42,55.6,SELL,1,86.42,102.6,86.41,451.6,86.4,425.3,86.39,32.7,86.38,200.5,86.45,1187.6,86.46,632.4,86.47,1042.4,86.48,3181.0,86.49,3680.9
1700000590.0,1180,86.44,0.03999999999999204,86.42,3944.1,86.46,1325.6,14825.999999999998,7720.200000000001,86.44,0.0,BUY,0,86.42,3944.1,86.41,2356.3,86.4,5794.7,86.39,1802.3,86.38,928.6,86.46,1325.6,86.47,460.7,86.48,303.2,86.49,3503.8,86.5,2126.9
1700000590.5,1181,86.45,0.03999999999999204,86.43,130.2,86.47,10.0,4598.3,3616.5,86.45,0.0,BUY,0,86.43,130.2,86.42,270.4,86.41,982.2,86.4,881.5,86.39,2334.0,86.47,10.0,86.48,597.0,86.49,189.5,86.5,1868.2,86.51,951.8
1700000591.0,1182,86.455,0.030000000000001137,86.44,371.9,86.47,636.7,4867.799999999999,3302.6,86.455,0.0,BUY,0,86.44,371.9,86.43,45.3,86.42,1814.4,86.41,2166.3,86.4,469.9,86.47,636.7,86.48,380.3,86.49,402.9,86.5,680.8,86.51,1201.9
1700000591.5,1183,86.47,0.03999999999999204,86.45,2245.3,86.49,233.8,7245.6,7836.300000000001,86.45,71.3,SELL,1,86.45,2245.3,86.44,15.2,86.43,213.5,86.42,3628.5,86.41,1143.1,86.49,233.8,86.5,1091.1,86.51,3337.4,86.52,2832.4,86.53,341.6
1700000592.0,1184,86.47999999999999,0.04000000000000625,86.46,407.4,86.5,123.7,6908.299999999999,4429.799999999999,86.46,5.0,SELL,2,86.46,407.4,86.45,360.6,86.44,1374.2,86.43,3334.6,86.42,1431.5,86.5,123.7,86.51,2133.0,86.52,281.6,86.53,310.0,86.54,1581.5
1700000592.5,1185,86.49,0.060000000000002274,86.46,505.5,86.52,605.3,5578.2,7562.2,86.49,0.0,BUY,0,86.46,505.5,86.45,242.3,86.44,1703.1,86.43,2438.3,86.42,689.0,86.52,605.3,86.53,689.0,86.54,4051.4,86.55,19.5,86.56,2197.0
1700000593.0,1186,86.50999999999999,0.04000000000000625,86.49,872.9,86.53,57.5,5044.3,4001.7,86.49,25.4,SELL,3,86.49,872.9,86.48,714.3,86.47,2071.5,86.46,937.8,86.45,447.8,86.53,57.5,86.54,1176.9,86.55,827.1,86.56,1468.6,86.57,471.6
1700000593.5,1187,86.52000000000001,0.04000000000000625,86.5,38.8,86.54,327.3,5591.0,2676.7,86.54,67.8,BUY,1,86.5,38.8,86.49,415.0,86.48,4116.2,86.47,946.0,86.46,75.0,86.54,327.3,86.55,114.3,86.56,1974.0,86.57,251.1,86.58,10.0
1700000594.0,1188,86.53,0.03999999999999204,86.51,300.7,86.55,768.8,2429.0,4225.5,86.55,22.4,BUY,5,86.51,300.7,86.5,301.6,86.49,101.4,86.48,240.4,86.47,1484.9,86.55,768.8,86.56,574.7,86.57,1752.6,86.58,768.8,86.59,360.6
1700000594.5,1189,86.53999999999999,0.04000000000000625,86.52,2024.4,86.56,359.3,4822.8,3346.7999999999997,86.56,43.5,BUY,3,86.52,2024.4,86.51,662.0,86.5,1195.6,86.49,104.4,86.48,836.4,86.56,359.3,86.57,232.5,86.58,2193.1,86.59,315.3,86.6,246.6
1700000595.0,1190,86.545,0.030000000000001137,86.53,457.0,86.56,450.1,3373.5,3929.0,86.56,38.8,BUY,1,86.53,457.0,86.52,1114.8,86.51,290.1,86.5,995.4,86.49,516.2,86.56,450.1,86.57,216.3,86.58,1287.3,86.59,33.4,86.6,1941.9
1700000595.5,1191,86.57,0.04000000000000625,86.55,1335.0,86.59,1022.6,16213.099999999999,3172.5000000000005,86.55,25.5,SELL,1,86.55,1335.0,86.54,2352.4,86.53,2940.0,86.52,4781.4,86.51,4804.3,86.59,1022.6,86.6,571.7,86.61,390.4,86.62,430.8,86.63,757.0
1700000596.0,1192,86.58,0.03999999999999204,86.56,801.1,86.6,288.8,3683.2,6939.1,86.56,41.4,SELL,3,86.56,801.1,86.55,270.3,86.54,669.1,86.53,1655.2,86.52,287.5,86.6,288.8,86.61,913.6,86.62,351.5,86.63,579.5,86.64,4805.7
1700000596.5,1193,86.59,0.04000000000000625,86.57,37.2,86.61,448.7,4002.2,3773.1,86.57,12.9,SELL,1,86.57,37.2,86.56,798.2,86.55,188.6,86.54,1393.6,86.53,1584.6,86.61,448.7,86.62,73.6,86.63,205.9,86.64,1558.5,86.65,1486.4
1700000597.0,1194,86.595,0.030000000000001137,86.58,2224.8,86.61,331.9,5775.799999999999,2484.5,86.58,28.0,SELL,5,86.58,2224.8,86.57,2093.7,86.56,165.7,86.55,36.4,86.54,1255.2,86.61,331.9,86.62,48.7,86.63,1076.3,86.64,78.1,86.65,949.5
1700000597.5,1195,86.61,0.03999999999999204,86.59,1335.1,86.63,2765.9,6172.299999999999,6754.6,86.59,9.3,SELL,4,86.59,1335.1,86.58,918.3,86.57,81.7,86.56,70.8,86.55,3766.4,86.63,2765.9,86.64,1139.5,86.65,1193.9,86.66,107.2,86.67,1548.1
1700000598.0,1196,86.625,0.030000000000001137,86.61,1880.7,86.64,2554.1,5110.3,4208.9,86.625,0.0,BUY,0,86.61,1880.7,86.6,767.6,86.59,1206.9,86.58,599.4,86.57,655.7,86.64,2554.1,86.65,435.8,86.66,268.5,86.67,137.2,86.68,813.3
1700000598.5,1197,86.64,0.03999999999999204,86.62,32.9,86.66,282.4,3755.3999999999996,2057.7999999999997,86.62,5.4,SELL,1,86.62,32.9,86.61,25.8,86.6,274.5,86.59,2677.6,86.58,744.6,86.66,282.4,86.67,520.3,86.68,159.1,86.69,921.8,86.7,174.2
1700000599.0,1198,86.65,0.04000000000000625,86.63,1474.1,86.67,1688.1,8321.3,7468.9,86.63,106.3,SELL,3,86.63,1474.1,86.62,1324.3,86.61,2509.6,86.6,299.2,86.59,2714.1,86.67,1688.1,86.68,552.3,86.69,129.5,86.7,1278.8,86.71,3820.2
1700000599.5,1199,86.655,0.030000000000001137,86.64,19.0,86.67,1190.5,2492.7,4703.099999999999,86.67,9.4,BUY,1,86.64,19.0,86.63,127.9,86.62,353.3,86.61,1770.8,86.6,221.7,86.67,1190.5,86.68,1478.2,86.69,213.5,86.7,739.2,86.71,1081.7
1700000600.0,1200,86.67,0.03999999999999204,86.65,3844.6,86.69,114.1,6148.200000000001,5059.9,86.67,0.0,BUY,0,86.65,3844.6,86.64,1048.5,86.63,220.6,86.62,595.0,86.61,439.5,86.69,114.1,86.7,2477.1,86.71,1131.7,86.72,1253.9,86.73,83.1
1700000600.5,1201,86.68,0.04000000000000625,86.66,42.5,86.7,519.6,3860.1,6420.6,86.66,40.7,SELL,3,86.66,42.5,86.65,1841.4,86.64,995.6,86.63,959.2,86.62,21.4,86.7,519.6,86.71,148.4,86.72,2220.3,86.73,2014.8,86.74,1517.5
1700000601.0,1202,86.7,0.03999999999999204,86.68,867.2,86.72,613.0,4346.8,6991.199999999999,86.68,6.1,SELL,2,86.68,867.2,86.67,155.2,86.66,2113.8,86.65,1176.1,86.64,34.5,86.72,613.0,86.73,1314.6,86.74,617.3,86.75,634.6,86.76,3811.7
1700000601.5,1203,86.71000000000001,0.04000000000000625,86.69,174.4,86.73,412.6,6868.6,3288.4,86.73,15.0,BUY,2,86.69,174.4,86.68,1318.7,86.67,235.1,86.66,1127.4,86.65,4013.0,86.73,412.6,86.74,547.0,86.75,1357.7,86.76,229.6,86.77,741.5
1700000602.0,1204,86.72,0.03999999999999204,86.7,1059.8,86.74,1060.2,3984.6000000000004,3880.2000000000003,86.7,75.4,SELL,1,86.7,1059.8,86.69,666.4,86.68,435.4,86.67,325.8,86.66,1497.2,86.74,1060.2,86.75,306.7,86.76,488.9,86.77,2007.1,86.78,17.3
1700000602.5,1205,86.73,0.060000000000002274,86.7,752.3,86.76,1102.2,11816.0,5569.099999999999,86.7,8.6,SELL,2,86.7,752.3,86.69,3589.9,86.68,786.1,86.67,2065.2,86.66,4622.5,86.76,1102.2,86.77,1867.5,86.78,1217.7,86.79,1079.3,86.8,302.4
1700000603.0,1206,86.74000000000001,0.04000000000000625,86.72,939.2,86.76,631.4,5689.8,3203.7,86.72,167.8,SELL,2,86.72,939.2,86.71,433.6,86.7,114.0,86.69,3801.8,86.68,401.2,86.76,631.4,86.77,1211.3,86.78,1226.9,86.79,56.7,86.8,77.4
1700000603.5,1207,86.75,0.03999999999999204,86.73,641.4,86.77,69.3,5423.5,3237.7,86.77,11.1,BUY,2,86.73,641.4,86.72,743.2,86.71,1287.5,86.7,1745.1,86.69,1006.3,86.77,69.3,86.78,241.9,86.79,585.3,86.8,658.6,86.81,1682.6
1700000604.0,1208,86.765,0.030000000000001137,86.75,291.8,86.78,87.4,10074.7,5709.5,86.78,11.1,BUY,4,86.75,291.8,86.74,2026.2,86.73,462.6,86.72,4995.9,86.71,2298.2,86.78,87.4,86.79,2009.6,86.8,608.8,86.81,287.8,86.82,2715.9
1700000604.5,1209,86.77000000000001,0.04000000000000625,86.75,84.4,86.79,28.0,9932.7,5320.4,86.79,5.0,BUY,4,86.75,84.4,86.74,1499.8,86.73,1071.8,86.72,1497.3,86.71,5779.4,86.79,28.0,86.8,23.2,86.81,1337.6,86.82,1729.1,86.83,2202.5
1700000605.0,1210,86.78,0.03999999999999204,86.76,219.0,86.8,332.6,4865.3,9027.4,86.78,0.0,BUY,0,86.76,219.0,86.75,156.3,86.74,1372.9,86.73,772.1,86.72,2345.0,86.8,332.6,86.81,682.8,86.82,415.7,86.83,1251.1,86.84,6345.2
1700000605.5,1211,86.795,0.030000000000001137,86.78,1413.4,86.81,2371.8,4048.5,3075.1000000000004,86.78,129.5,SELL,1,86.78,1413.4,86.77,1115.0,86.76,536.5,86.75,203.0,86.74,780.6,86.81,2371.8,86.82,61.0,86.83,343.9,86.84,267.1,86.85,31.3
1700000606.0,1212,86.795,0.030000000000001137,86.78,23.9,86.81,194.2,1494.8,2873.2999999999997,86.78,45.7,SELL,1,86.78,23.9,86.77,20.8,86.76,948.3,86.75,377.3,86.74,124.5,86.81,194.2,86.82,1198.3,86.83,740.7,86.84,609.6,86.85,130.5
1700000606.5,1213,86.81,0.060000000000002274,86.78,355.6,86.84,1108.4,4214.599999999999,7706.9,86.78,14.4,SELL,2,86.78,355.6,86.77,961.0,86.76,1154.1,86.75,1226.6,86.74,517.3,86.84,1108.4,86.85,898.5,86.86,153.5,86.87,3496.4,86.88,2050.1
1700000607.0,1214,86.815,0.04999999999999716,86.79,172.0,86.84,790.5,13249.1,5999.500000000001,86.815,0.0,BUY,0,86.79,172.0,86.78,7948.8,86.77,1985.4,86.76,54.0,86.75,3088.9,86.84,790.5,86.85,145.9,86.86,1307.9,86.87,3265.9,86.88,489.3
1700000607.5,1215,86.83,0.03999999999999204,86.81,574.1,86.85,595.4,6132.8,6782.299999999999,86.85,11.1,BUY,1,86.81,574.1,86.8,207.7,86.79,2653.8,86.78,2449.7,86.77,247.5,86.85,595.4,86.86,632.9,86.87,1515.6,86.88,1133.0,86.89,2905.4
1700000608.0,1216,86.85,0.04000000000000625,86.83,1070.0,86.87,128.4,4111.7,4868.0,86.83,103.0,SELL,3,86.83,1070.0,86.82,180.5,86.81,583.6,86.8,1354.9,86.79,922.7,86.87,128.4,86.88,412.2,86.89,882.2,86.9,2270.2,86.91,1175.0
1700000608.5,1217,86.86,0.03999999999999204,86.84,407.5,86.88,396.9,2997.7,6852.7,86.84,24.6,SELL,3,86.84,407.5,86.83,975.5,86.82,860.6,86.81,159.6,86.8,594.5,86.88,396.9,86.89,147.6,86.9,2528.2,86.91,2983.7,86.92,796.3
1700000609.0,1218,86.87,0.060000000000002274,86.84,632.6,86.9,964.2,12988.7,7587.7,86.84,111.5,SELL,1,86.84,632.6,86.83,5087.7,86.82,1991.9,86.81,248.5,86.8,5028.0,86.9,964.2,86.91,432.0,86.92,451.9,86.93,621.6,86.94,5118.0
1700000609.5,1219,86.88,0.04000000000000625,86.86,940.2,86.9,146.9,7394.000000000001,2403.8,86.9,5.0,BUY,1,86.86,940.2,86.85,1385.3,86.84,810.8,86.83,1481.9,86.82,2775.8,86.9,146.9,86.91,261.2,86.92,416.3,86.93,801.8,86.94,777.6
1700000610.0,1220,86.89,0.03999999999999204,86.87,70.3,86.91,595.0,2761.3999999999996,5586.6,86.91,55.7,BUY,5,86.87,70.3,86.86,103.7,86.85,1015.3,86.84,709.3,86.83,862.8,86.91,595.0,86.92,3628.3,86.93,112.8,86.94,927.9,86.95,322.6
1700000610.5,1221,86.91,0.060000000000002274,86.88,266.0,86.94,1233.5,7750.2,5039.3,86.88,83.3,SELL,4,86.88,266.0,86.87,371.7,86.86,1390.8,86.85,5347.9,86.84,373.8,86.94,1233.5,86.95,898.5,86.96,221.1,86.97,2014.4,86.98,671.8
1700000611.0,1222,86.92,0.060000000000002274,86.89,517.2,86.95,333.9,5589.8,1887.6,86.89,101.5,SELL,2,86.89,517.2,86.88,534.4,86.87,704.7,86.86,3263.5,86.85,570.0,86.95,333.9,86.96,220.5,86.97,150.0,86.98,116.5,86.99,1066.7
1700000611.5,1223,86.935,0.030000000000001137,86.92,260.1,86.95,65.7,8881.1,6319.3,86.95,60.8,BUY,1,86.92,260.1,86.91,1415.5,86.9,57.2,86.89,6609.3,86.88,539.0,86.95,65.7,86.96,2403.2,86.97,507.0,86.98,2704.3,86.99,639.1
1700000612.0,1224,86.95,0.03999999999999204,86.93,1341.2,86.97,323.9,4565.7,3237.2000000000003,86.93,21.1,SELL,2,86.93,1341.2,86.92,791.7,86.91,996.1,86.9,1185.9,86.89,250.8,86.97,323.9,86.98,395.6,86.99,1719.5,87.0,533.4,87.01,264.8
1700000612.5,1225,86.96000000000001,0.04000000000000625,86.94,221.8,86.98,2168.5,1294.3000000000002,3379.7999999999997,86.94,11.3,SELL,1,86.94,221.8,86.93,399.1,86.92,278.6,86.91,290.6,86.9,104.2,86.98,2168.5,86.99,469.2,87.0,516.2,87.01,133.3,87.02,92.6
1700000613.0,1226,86.98,0.060000000000002274,86.95,2716.5,87.01,38.5,10260.3,6272.599999999999,86.95,30.6,SELL,1,86.95,2716.5,86.94,1135.8,86.93,1021.8,86.92,300.8,86.91,5085.4,87.01,38.5,87.02,452.9,87.03,161.4,87.04,5450.4,87.05,169.4
1700000613.5,1227,86.99000000000001,0.04000000000000625,86.97,567.1,87.01,10.2,7675.5,4435.8,86.97,42.3,SELL,2,86.97,567.1,86.96,112.5,86.95,2756.3,86.94,4047.7,86.93,191.9,87.01,10.2,87.02,563.5,87.03,1425.1,87.04,1681.7,87.05,755.3
1700000614.0,1228,87.0,0.03999999999999204,86.98,10.0,87.02,163.9,10718.900000000001,1658.4,86.98,17.8,SELL,2,86.98,10.0,86.97,1427.8,86.96,353.6,86.95,473.8,86.94,8453.7,87.02,163.9,87.03,127.7,87.04,502.7,87.05,444.0,87.06,420.1
1700000614.5,1229,87.00999999999999,0.04000000000000625,86.99,1480.5,87.03,232.0,6516.9,4347.0,87.03,14.4,BUY,4,86.99,1480.5,86.98,1249.8,86.97,10.0,86.96,520.9,86.95,3255.7,87.03,232.0,87.04,849.3,87.05,1011.1,87.06,95.7,87.07,2158.9
1700000615.0,1230,87.02000000000001,0.04000000000000625,87.0,2606.3,87.04,281.3,10396.300000000001,6214.8,87.0,31.9,SELL,4,87.0,2606.3,86.99,1133.3,86.98,2019.5,86.97,1338.3,86.96,3298.9,87.04,281.3,87.05,2086.1,87.06,179.6,87.07,3433.6,87.08,234.2
1700000615.5,1231,87.03,0.060000000000002274,87.0,447.7,87.06,1046.2,8237.9,2873.7,87.06,48.3,BUY,1,87.0,447.7,86.99,1571.5,86.98,2211.3,86.97,2975.2,86.96,1032.2,87.06,1046.2,87.07,422.8,87.08,514.6,87.09,104.9,87.1,785.2
1700000616.0,1232,87.03999999999999,0.04000000000000625,87.02,95.4,87.06,430.2,6344.7,6158.0,87.02,7.8,SELL,2,87.02,95.4,87.01,298.8,87.0,999.8,86.99,1051.5,86.98,3899.2,87.06,430.2,87.07,2372.7,87.08,409.0,87.09,2714.0,87.1,232.1
1700000616.5,1233,87.05,0.03999999999999204,87.03,127.4,87.07,13.5,2129.8999999999996,3256.9,87.07,19.2,BUY,2,87.03,127.4,87.02,76.2,87.01,10.0,87.0,1121.0,86.99,795.3,87.07,13.5,87.08,119.6,87.09,394.9,87.1,1777.0,87.11,951.9
1700000617.0,1234,87.06,0.060000000000002274,87.03,10.0,87.09,187.3,3025.9000000000005,4203.099999999999,87.03,13.2,SELL,2,87.03,10.0,87.02,703.7,87.01,588.7,87.0,991.7,86.99,731.8,87.09,187.3,87.1,878.8,87.11,2116.5,87.12,357.6,87.13,662.9
1700000617.5,1235,87.07,0.04000000000000625,87.05,3047.9,87.09,1075.4,9841.5,2148.1,87.09,21.2,BUY,1,87.05,3047.9,87.04,4230.3,87.03,406.7,87.02,486.3,87.01,1670.3,87.09,1075.4,87.1,189.8,87.11,354.2,87.12,110.6,87.13,418.1
1700000618.0,1236,87.07,0.04000000000000625,87.05,3364.4,87.09,68.8,5242.4,2118.3,87.09,9.9,BUY,4,87.05,3364.4,87.04,271.9,87.03,678.7,87.02,354.2,87.01,573.2,87.09,68.8,87.1,12.6,87.11,520.7,87.12,1196.9,87.13,319.3
1700000618.5,1237,87.08,0.060000000000002274,87.05,245.2,87.11,167.8,8416.1,1704.8,87.05,5.0,SELL,4,87.05,245.2,87.04,790.0,87.03,7119.6,87.02,26.2,87.01,235.1,87.11,167.8,87.12,597.5,87.13,443.9,87.14,432.7,87.15,62.9
1700000619.0,1238,87.09,0.04000000000000625,87.07,381.3,87.11,298.6,8062.5,2443.7,87.07,72.5,SELL,1,87.07,381.3,87.06,302.8,87.05,2957.8,87.04,1552.9,87.03,2867.7,87.11,298.6,87.12,146.3,87.13,514.1,87.14,207.4,87.15,1277.3
1700000619.5,1239,87.1,0.04000000000000625,87.08,468.1,87.12,497.8,4976.9,3718.5,87.08,44.2,SELL,4,87.08,468.1,87.07,871.0,87.06,2571.1,87.05,92.9,87.04,973.8,87.12,497.8,87.13,595.2,87.14,918.4,87.15,219.6,87.16,1487.5
1700000620.0,1240,87.11,0.060000000000002274,87.08,1085.3,87.14,188.4,9604.900000000001,2402.8999999999996,87.08,16.8,SELL,3,87.08,1085.3,87.07,672.8,87.06,424.8,87.05,1517.4,87.04,5904.6,87.14,188.4,87.15,99.5,87.16,73.2,87.17,1517.3,87.18,524.5
1700000620.5,1241,87.12,0.04000000000000625,87.1,741.3,87.14,434.2,7055.5,3697.8999999999996,87.1,21.2,SELL,4,87.1,741.3,87.09,1486.4,87.08,1029.5,87.07,932.2,87.06,2866.1,87.14,434.2,87.15,761.1,87.16,220.0,87.17,1793.9,87.18,488.7
1700000621.0,1242,87.12,0.04000000000000625,87.1,614.1,87.14,669.5,7613.299999999999,4195.3,87.14,77.2,BUY,5,87.1,614.1,87.09,669.7,87.08,1685.7,87.07,3197.7,87.06,1446.1,87.14,669.5,87.15,73.1,87.16,2457.6,87.17,470.0,87.18,525.1
1700000621.5,1243,87.125,0.030000000000001137,87.11,1539.2,87.14,10.0,4187.900000000001,5024.9,87.11,174.4,SELL,1,87.11,1539.2,87.1,775.2,87.09,1429.4,87.08,88.5,87.07,355.6,87.14,10.0,87.15,331.4,87.16,401.0,87.17,4262.7,87.18,19.8
1700000622.0,1244,87.15,0.04000000000000625,87.13,1484.3,87.17,170.1,5820.599999999999,9908.5,87.17,12.8,BUY,2,87.13,1484.3,87.12,947.7,87.11,30.7,87.1,503.7,87.09,2854.2,87.17,170.1,87.18,1187.6,87.19,760.5,87.2,655.7,87.21,7134.6
1700000622.5,1245,87.16,0.060000000000002274,87.13,1309.6,87.19,326.9,11246.8,3599.4,87.19,5.1,BUY,1,87.13,1309.6,87.12,3617.1,87.11,1154.6,87.1,4784.1,87.09,381.4,87.19,326.9,87.2,26.1,87.21,1066.0,87.22,1882.3,87.23,298.1
1700000623.0,1246,87.175,0.030000000000001137,87.16,4313.9,87.19,544.6,17296.2,11558.8,87.16,46.1,SELL,3,87.16,4313.9,87.15,1026.7,87.14,4781.3,87.13,5634.3,87.12,1540.0,87.19,544.6,87.2,1078.9,87.21,20.9,87.22,4986.4,87.23,4928.0
1700000623.5,1247,87.18,0.04000000000000625,87.16,602.9,87.2,758.2,9126.8,2459.8,87.18,0.0,BUY,0,87.16,602.9,87.15,539.8,87.14,4584.0,87.13,2023.3,87.12,1376.8,87.2,758.2,87.21,1252.9,87.22,219.6,87.23,90.5,87.24,138.6
1700000624.0,1248,87.19,0.03999999999999204,87.17,99.0,87.21,16.3,4277.2,6198.8,87.21,77.9,BUY,2,87.17,99.0,87.16,1272.6,87.15,64.4,87.14,1360.6,87.13,1480.6,87.21,16.3,87.22,3639.4,87.23,351.4,87.24,1894.7,87.25,297.0
1700000624.5,1249,87.2,0.03999999999999204,87.18,1723.6,87.22,483.4,8862.3,11919.0,87.18,55.6,SELL,4,87.18,1723.6,87.17,33.9,87.16,701.9,87.15,3868.6,87.14,2534.3,87.22,483.4,87.23,806.4,87.24,3925.9,87.25,24.2,87.26,6679.1
1700000625.0,1250,87.205,0.030000000000001137,87.19,243.5,87.22,1543.8,9319.400000000001,7733.900000000001,87.22,99.0,BUY,1,87.19,243.5,87.18,1647.0,87.17,635.5,87.16,6313.7,87.15,479.7,87.22,1543.8,87.23,713.5,87.24,852.3,87.25,3332.1,87.26,1292.2
1700000625.5,1251,87.22,0.03999999999999204,87.2,644.8,87.24,855.2,1531.1,3517.4000000000005,87.24,27.8,BUY,2,87.2,644.8,87.19,672.5,87.18,54.1,87.17,149.7,87.16,10.0,87.24,855.2,87.25,21.2,87.26,31.3,87.27,1335.4,87.28,1274.3
1700000626.0,1252,87.22999999999999,0.04000000000000625,87.21,400.2,87.25,88.4,5914.299999999999,1187.9999999999998,87.21,8.4,SELL,4,87.21,400.2,87.2,1283.6,87.19,1443.4,87.18,109.4,87.17,2677.7,87.25,88.4,87.26,584.3,87.27,90.9,87.28,334.6,87.29,89.8
1700000626.5,1253,87.24000000000001,0.04000000000000625,87.22,1990.1,87.26,285.8,7847.2,1516.6999999999998,87.26,89.5,BUY,3,87.22,1990.1,87.21,333.9,87.2,1377.9,87.19,1301.8,87.18,2843.5,87.26,285.8,87.27,149.2,87.28,138.3,87.29,159.4,87.3,784.0
1700000627.0,1254,87.25,0.03999999999999204,87.23,256.9,87.27,128.2,5058.3,1872.1,87.23,32.8,SELL,2,87.23,256.9,87.22,1674.3,87.21,725.5,87.2,1781.0,87.19,620.6,87.27,128.2,87.28,646.7,87.29,468.3,87.3,121.6,87.31,507.3
1700000627.5,1255,87.25999999999999,0.04000000000000625,87.24,65.3,87.28,277.8,8102.199999999999,4291.2,87.24,5.0,SELL,2,87.24,65.3,87.23,922.6,87.22,3275.2,87.21,138.5,87.2,3700.6,87.28,277.8,87.29,862.6,87.3,1293.8,87.31,706.2,87.32,1150.8
1700000628.0,1256,87.27000000000001,0.04000000000000625,87.25,211.0,87.29,232.2,6580.799999999999,2405.5,87.25,52.7,SELL,2,87.25,211.0,87.24,816.0,87.23,3416.3,87.22,1035.6,87.21,1101.9,87.29,232.2,87.3,10.0,87.31,1091.8,87.32,662.2,87.33,409.3
1700000628.5,1257,87.28,0.03999999999999204,87.26,1427.8,87.3,277.5,5872.599999999999,4302.900000000001,87.26,25.1,SELL,2,87.26,1427.8,87.25,1376.6,87.24,223.2,87.23,128.6,87.22,2716.4,87.3,277.5,87.31,2004.7,87.32,387.8,87.33,781.8,87.34,851.1
1700000629.0,1258,87.28999999999999,0.04000000000000625,87.27,270.2,87.31,87.5,6337.9,1584.4,87.31,36.2,BUY,2,87.27,270.2,87.26,2847.7,87.25,954.2,87.24,883.6,87.23,1382.2,87.31,87.5,87.32,34.5,87.33,472.6,87.34,669.3,87.35,320.5
1700000629.5,1259,87.3,0.03999999999999204,87.28,852.4,87.32,1182.3,6388.0,4765.5,87.28,85.3,SELL,6,87.28,852.4,87.27,1606.2,87.26,418.1,87.25,2049.4,87.24,1461.9,87.32,1182.3,87.33,1213.0,87.34,1094.7,87.35,110.4,87.36,1165.1
1700000630.0,1260,87.3,0.03999999999999204,87.28,2351.7,87.32,1698.1,10740.599999999999,11951.5,87.3,0.0,BUY,0,87.28,2351.7,87.27,5187.9,87.26,162.9,87.25,968.3,87.24,2069.8,87.32,1698.1,87.33,87.2,87.34,5512.2,87.35,2801.0,87.36,1853.0
1700000630.5,1261,87.315,0.030000000000001137,87.3,1886.4,87.33,42.5,6482.799999999999,5115.8,87.33,9.5,BUY,2,87.3,1886.4,87.29,203.7,87.28,2971.3,87.27,1124.7,87.26,296.7,87.33,42.5,87.34,543.3,87.35,246.4,87.36,1543.7,87.37,2739.9
1700000631.0,1262,87.315,0.04999999999999716,87.29,112.2,87.34,571.8,6227.8,11376.4,87.34,85.4,BUY,3,87.29,112.2,87.28,568.7,87.27,1588.2,87.26,2199.7,87.25,1759.0,87.34,571.8,87.35,1532.8,87.36,3422.7,87.37,2089.1,87.38,3760.0
1700000631.5,1263,87.33,0.03999999999999204,87.31,1408.1,87.35,26.6,8340.6,1546.3000000000002,87.31,5.0,SELL,5,87.31,1408.1,87.3,1695.1,87.29,98.0,87.28,390.1,87.27,4749.3,87.35,26.6,87.36,746.2,87.37,90.0,87.38,139.4,87.39,544.1
1700000632.0,1264,87.35,0.04000000000000625,87.33,1109.2,87.37,361.6,5474.4,2090.0,87.35,0.0,BUY,0,87.33,1109.2,87.32,1021.9,87.31,575.2,87.3,1004.5,87.29,1763.6,87.37,361.6,87.38,169.9,87.39,661.3,87.4,245.0,87.41,652.2
1700000632.5,1265,87.36,0.060000000000002274,87.33,2541.2,87.39,26.1,16937.8,2613.9,87.33,60.4,SELL,4,87.33,2541.2,87.32,3269.7,87.31,2343.5,87.3,836.6,87.29,7946.8,87.39,26.1,87.4,1285.9,87.41,342.2,87.42,353.5,87.43,606.2
1700000633.0,1266,89.25999999999999,0.04000000000000625,89.24,875.4,89.28,41.2,12557.5,1212.1999999999998,89.24,30.3,SELL,1,89.24,875.4,89.23,69.9,89.22,564.6,89.21,883.1,89.2,10164.5,89.28,41.2,89.29,122.1,89.3,322.4,89.31,289.1,89.32,437.4
1700000633.5,1267,89.27000000000001,0.04000000000000625,89.25,871.4,89.29,1183.4,9627.1,5516.0,89.25,14.9,SELL,4,89.25,871.4,89.24,2580.7,89.23,2839.9,89.22,652.6,89.21,2682.5,89.29,1183.4,89.3,305.1,89.31,1973.1,89.32,1574.8,89.33,479.6
1700000634.0,1268,89.29499999999999,0.04999999999999716,89.27,1279.9,89.32,1272.7,6367.2,7180.6,89.27,25.2,SELL,2,89.27,1279.9,89.26,617.8,89.25,653.4,89.24,141.6,89.23,3674.5,89.32,1272.7,89.33,1742.1,89.34,1327.8,89.35,237.8,89.36,2600.2
1700000634.5,1269,89.3,0.03999999999999204,89.28,1564.4,89.32,84.2,5033.800000000001,3402.7,89.32,25.9,BUY,1,89.28,1564.4,89.27,1600.7,89.26,591.8,89.25,974.1,89.24,302.8,89.32,84.2,89.33,998.3,89.34,914.5,89.35,133.2,89.36,1272.5
1700000635.0,1270,89.31,0.03999999999999204,89.29,1112.3,89.33,132.8,10501.1,3921.7000000000003,89.29,5.0,SELL,1,89.29,1112.3,89.28,100.5,89.27,3301.0,89.26,823.0,89.25,5164.3,89.33,132.8,89.34,384.7,89.35,851.1,89.36,738.7,89.37,1814.4
1700000635.5,1271,89.31,0.03999999999999204,89.29,1046.3,89.33,67.1,7844.1,4227.1,89.29,26.3,SELL,2,89.29,1046.3,89.28,110.4,89.27,527.7,89.26,402.6,89.25,5757.1,89.33,67.1,89.34,141.3,89.35,412.4,89.36,2186.4,89.37,1419.9
1700000636.0,1272,89.32,0.04000000000000625,89.3,1784.6,89.34,262.2,9479.3,3724.2,89.32,0.0,BUY,0,89.3,1784.6,89.29,130.2,89.28,750.6,89.27,2531.5,89.26,4282.4,89.34,262.2,89.35,559.4,89.36,1676.2,89.37,222.7,89.38,1003.7
1700000636.5,1273,89.33,0.03999999999999204,89.31,911.7,89.35,976.1,8184.4,3630.1000000000004,89.35,41.2,BUY,4,89.31,911.7,89.3,1270.8,89.29,2292.4,89.28,335.8,89.27,3373.7,89.35,976.1,89.36,212.3,89.37,995.2,89.38,1371.0,89.39,75.5
1700000637.0,1274,89.34,0.04000000000000625,89.32,1102.1,89.36,620.5,7418.0,3619.3,89.36,20.9,BUY,4,89.32,1102.1,89.31,301.7,89.3,3058.3,89.29,2177.2,89.28,778.7,89.36,620.5,89.37,337.0,89.38,199.1,89.39,587.0,89.4,1875.7
1700000637.5,1275,89.35,0.04000000000000625,89.33,1945.8,89.37,1814.2,5366.5,8021.299999999999,89.37,14.7,BUY,1,89.33,1945.8,89.32,1008.3,89.31,753.7,89.3,748.7,89.29,910.0,89.37,1814.2,89.38,302.7,89.39,4677.5,89.4,945.2,89.41,281.7
1700000638.0,1276,89.36,0.03999999999999204,89.34,173.7,89.38,2183.0,7210.6,3737.2000000000003,89.34,76.1,SELL,2,89.34,173.7,89.33,201.2,89.32,461.6,89.31,1813.0,89.3,4561.1,89.38,2183.0,89.39,240.5,89.4,118.8,89.41,204.5,89.42,990.4
1700000638.5,1277,89.37,0.060000000000002274,89.34,10.0,89.4,585.2,10220.900000000001,2752.7,89.34,33.3,SELL,1,89.34,10.0,89.33,209.1,89.32,306.5,89.31,6985.1,89.3,2710.2,89.4,585.2,89.41,143.6,89.42,50.6,89.43,1447.6,89.44,525.7
1700000639.0,1278,89.37,0.04000000000000625,89.35,1221.0,89.39,228.3,6440.700000000001,2538.2,89.35,19.8,SELL,1,89.35,1221.0,89.34,693.7,89.33,518.6,89.32,1297.0,89.31,2710.4,89.39,228.3,89.4,514.2,89.41,642.0,89.42,1071.5,89.43,82.2
1700000639.5,1279,89.38,0.04000000000000625,89.36,2489.1,89.4,844.3,8165.000000000001,3204.3999999999996,89.36,85.1,SELL,1,89.36,2489.1,89.35,1222.2,89.34,967.6,89.33,3018.9,89.32,467.2,89.4,844.3,89.41,177.9,89.42,272.6,89.43,1597.4,89.44,312.2
1700000640.0,1280,89.405,0.030000000000001137,89.39,633.7,89.42,340.0,10632.300000000001,5002.3,89.42,92.8,BUY,1,89.39,633.7,89.38,62.5,89.37,8282.3,89.36,192.7,89.35,1461.1,89.42,340.0,89.43,72.1,89.44,2729.5,89.45,255.4,89.46,1605.3
1700000640.5,1281,89.41,0.04000000000000625,89.39,3136.8,89.43,988.9,9299.9,6688.2,89.43,59.4,BUY,4,89.39,3136.8,89.38,1896.5,89.37,596.4,89.36,3115.3,89.35,554.9,89.43,988.9,89.44,1351.4,89.45,1730.1,89.46,1905.1,89.47,712.7
1700000641.0,1282,89.42,0.03999999999999204,89.4,259.1,89.44,1472.9,5148.099999999999,5105.200000000001,89.4,10.1,SELL,2,89.4,259.1,89.39,3356.1,89.38,684.0,89.37,325.2,89.36,523.7,89.44,1472.9,89.45,514.7,89.46,1646.4,89.47,311.8,89.48,1159.4
1700000641.5,1283,89.43,0.04000000000000625,89.41,2859.1,89.45,2157.8,4871.0,5505.0,89.41,67.3,SELL,1,89.41,2859.1,89.4,163.9,89.39,565.4,89.38,1111.7,89.37,170.9,89.45,2157.8,89.46,123.1,89.47,2339.1,89.48,626.9,89.49,258.1
1700000642.0,1284,89.43,0.04000000000000625,89.41,769.0,89.45,1543.9,6341.9,5456.599999999999,89.41,157.9,SELL,3,89.41,769.0,89.4,1281.4,89.39,307.7,89.38,158.6,89.37,3825.2,89.45,1543.9,89.46,400.6,89.47,2146.7,89.48,1055.6,89.49,309.8
1700000642.5,1285,89.43,0.04000000000000625,89.41,1379.7,89.45,202.3,7658.200000000001,6024.6,89.45,7.4,BUY,2,89.41,1379.7,89.4,658.9,89.39,2820.0,89.38,912.3,89.37,1887.3,89.45,202.3,89.46,219.7,89.47,1747.7,89.48,142.4,89.49,3712.5
1700000643.0,1286,89.435,0.030000000000001137,89.42,757.7,89.45,267.8,10446.3,987.2,89.42,13.3,SELL,5,89.42,757.7,89.41,95.1,89.4,3562.6,89.39,6020.9,89.38,10.0,89.45,267.8,89.46,98.4,89.47,299.9,89.48,153.5,89.49,167.6
1700000643.5,1287,89.45,0.060000000000002274,89.42,23.2,89.48,45.4,4840.5,3045.1,89.48,37.1,BUY,1,89.42,23.2,89.41,216.5,89.4,962.8,89.39,1418.7,89.38,2219.3,89.48,45.4,89.49,1242.8,89.5,501.2,89.51,353.1,89.52,902.6
1700000644.0,1288,89.46000000000001,0.04000000000000625,89.44,28.7,89.48,1172.3,10793.8,4868.999999999999,89.48,13.2,BUY,2,89.44,28.7,89.43,10.0,89.42,644.7,89.41,9784.4,89.4,326.0,89.48,1172.3,89.49,1841.7,89.5,745.7,89.51,336.4,89.52,772.9
1700000644.5,1289,89.47,0.060000000000002274,89.44,1131.5,89.5,1595.1,5726.1,4774.299999999999,89.44,29.4,SELL,2,89.44,1131.5,89.43,349.9,89.42,1150.0,89.41,3066.9,89.4,27.8,89.5,1595.1,89.51,982.6,89.52,186.0,89.53,213.6,89.54,1797.0
1700000645.0,1290,84.2,0.03999999999999204,84.18,1412.8,84.22,545.8,11345.0,3754.3,84.2,0.0,BUY,0,84.18,1412.8,84.17,1262.9,84.16,41.4,84.15,1369.0,84.14,7258.9,84.22,545.8,84.23,428.1,84.24,2242.8,84.25,148.0,84.26,389.6
1700000645.5,1291,84.21000000000001,0.04000000000000625,84.19,283.9,84.23,1330.1,10072.1,5016.599999999999,84.21000000000001,0.0,BUY,0,84.19,283.9,84.18,2012.1,84.17,1750.0,84.16,3556.2,84.15,2469.9,84.23,1330.1,84.24,1230.6,84.25,242.6,84.26,1146.6,84.27,1066.7
1700000646.0,1292,84.215,0.030000000000001137,84.2,458.0,84.23,254.5,2918.2999999999997,5459.5,84.23,14.0,BUY,1,84.2,458.0,84.19,406.2,84.18,97.4,84.17,1811.5,84.16,145.2,84.23,254.5,84.24,796.8,84.25,1226.4,84.26,1189.7,84.27,1992.1
1700000646.5,1293,84.23,0.060000000000002274,84.2,169.2,84.26,829.9,7143.4,7171.6,84.2,226.9,SELL,3,84.2,169.2,84.19,217.3,84.18,1395.7,84.17,394.8,84.16,4966.4,84.26,829.9,84.27,304.8,84.28,3143.9,84.29,1291.2,84.3,1601.8
1700000647.0,1294,84.25,0.03999999999999204,84.23,28.2,84.27,42.4,10125.099999999999,1797.5,84.23,20.2,SELL,2,84.23,28.2,84.22,1417.3,84.21,195.6,84.2,6193.2,84.19,2290.8,84.27,42.4,84.28,155.5,84.29,751.5,84.3,457.7,84.31,390.4
1700000647.5,1295,84.25,0.03999999999999204,84.23,1008.3,84.27,822.0,2956.6,5405.700000000001,84.25,0.0,BUY,0,84.23,1008.3,84.22,101.7,84.21,214.0,84.2,1169.1,84.19,463.5,84.27,822.0,84.28,2640.0,84.29,436.5,84.3,1295.1,84.31,212.1
1700000648.0,1296,84.25999999999999,0.04000000000000625,84.24,261.8,84.28,835.6,4365.700000000001,6834.099999999999,84.24,5.0,SELL,2,84.24,261.8,84.23,104.0,84.22,32.1,84.21,864.5,84.2,3103.3,84.28,835.6,84.29,193.6,84.3,2771.5,84.31,1911.6,84.32,1121.8
1700000648.5,1297,84.28,0.060000000000002274,84.25,75.8,84.31,226.7,10547.0,1823.1000000000001,84.25,12.8,SELL,1,84.25,75.8,84.24,382.2,84.23,2835.3,84.22,6430.4,84.21,823.3,84.31,226.7,84.32,836.3,84.33,267.9,84.34,10.0,84.35,482.2
1700000649.0,1298,84.28999999999999,0.04000000000000625,84.27,30.2,84.31,421.6,5693.0,4476.7,84.27,5.6,SELL,3,84.27,30.2,84.26,968.5,84.25,3733.5,84.24,649.1,84.23,311.7,84.31,421.6,84.32,365.3,84.33,2439.2,84.34,512.5,84.35,738.1
1700000649.5,1299,84.3,0.03999999999999204,84.28,871.0,84.32,902.1,8792.0,2001.2,84.28,6.3,SELL,3,84.28,871.0,84.27,2140.4,84.26,3228.5,84.25,362.8,84.24,2189.3,84.32,902.1,84.33,251.9,84.34,706.8,84.35,10.0,84.36,130.4
1700000650.0,1300,84.3,0.060000000000002274,84.27,715.4,84.33,166.4,12758.3,2851.4,84.33,20.3,BUY,2,84.27,715.4,84.26,891.1,84.25,1113.8,84.24,649.0,84.23,9389.0,84.33,166.4,84.34,378.0,84.35,90.7,84.36,946.6,84.37,1269.7
1700000650.5,1301,84.315,0.030000000000001137,84.3,2193.6,84.33,551.6,10337.5,8442.1,84.33,5.0,BUY,4,84.3,2193.6,84.29,4005.3,84.28,863.9,84.27,514.2,84.26,2760.5,84.33,551.6,84.34,172.4,84.35,1534.9,84.36,1166.4,84.37,5016.8
1700000651.0,1302,84.32,0.04000000000000625,84.3,3154.0,84.34,436.0,11731.0,3784.3,84.3,37.5,SELL,4,84.3,3154.0,84.29,226.8,84.28,2483.9,84.27,775.2,84.26,5091.1,84.34,436.0,84.35,931.9,84.36,740.7,84.37,106.2,84.38,1569.5
1700000651.5,1303,84.33,0.03999999999999204,84.31,994.3,84.35,55.5,5664.4,5660.299999999999,84.31,26.6,SELL,2,84.31,994.3,84.3,2407.4,84.29,700.8,84.28,945.5,84.27,616.4,84.35,55.5,84.36,1255.1,84.37,1353.9,84.38,895.6,84.39,2100.2
1700000652.0,1304,84.345,0.030000000000001137,84.33,45.0,84.36,476.6,4238.9,2569.3,84.345,0.0,BUY,0,84.33,45.0,84.32,1004.7,84.31,725.3,84.3,343.0,84.29,2120.9,84.36,476.6,84.37,765.2,84.38,264.9,84.39,107.1,84.4,955.5
1700000652.5,1305,84.35,0.04000000000000625,84.33,2722.7,84.37,625.4,15088.9,3351.3999999999996,84.37,122.9,BUY,3,84.33,2722.7,84.32,1645.4,84.31,1142.3,84.3,5472.1,84.29,4106.4,84.37,625.4,84.38,1699.2,84.39,57.0,84.4,911.8,84.41,58.0
1700000653.0,1306,84.36,0.03999999999999204,84.34,368.4,84.38,267.0,7351.0,3550.2,84.38,28.3,BUY,3,84.34,368.4,84.33,54.7,84.32,3174.4,84.31,1118.8,84.3,2634.7,84.38,267.0,84.39,238.7,84.4,1870.1,84.41,17.7,84.42,1156.7
1700000653.5,1307,84.37,0.04000000000000625,84.35,30.6,84.39,807.8,5184.1,3685.5,84.35,112.7,SELL,4,84.35,30.6,84.34,326.9,84.33,241.8,84.32,740.0,84.31,3844.8,84.39,807.8,84.4,89.5,84.41,470.9,84.42,1317.8,84.43,999.5
1700000654.0,1308,84.375,0.030000000000001137,84.36,926.9,84.39,260.3,6106.6,6772.6,84.36,95.8,SELL,6,84.36,926.9,84.35,244.3,84.34,187.4,84.33,3449.7,84.32,1298.3,84.39,260.3,84.4,3583.2,84.41,190.5,84.42,340.5,84.43,2398.1
1700000654.5,1309,84.39,0.060000000000002274,84.36,119.8,84.42,331.6,4367.400000000001,7209.799999999999,84.42,65.0,BUY,2,84.36,119.8,84.35,3745.0,84.34,389.5,84.33,10.0,84.32,103.1,84.42,331.6,84.43,2424.1,84.44,1676.6,84.45,2695.5,84.46,82.0
1700000655.0,1310,84.4,0.04000000000000625,84.38,548.4,84.42,138.6,7217.2,2891.2000000000003,84.42,16.2,BUY,2,84.38,548.4,84.37,2605.4,84.36,884.0,84.35,1152.1,84.34,2027.3,84.42,138.6,84.43,48.7,84.44,1195.9,84.45,1384.1,84.46,123.9
1700000655.5,1311,84.41,0.04000000000000625,84.39,826.6,84.43,527.9,6034.8,6409.799999999999,84.39,67.7,SELL,3,84.39,826.6,84.38,1292.8,84.37,1486.1,84.36,2070.8,84.35,358.5,84.43,527.9,84.44,689.8,84.45,1561.0,84.46,497.1,84.47,3134.0
1700000656.0,1312,84.42,0.060000000000002274,84.39,135.5,84.45,1266.2,5040.599999999999,4039.8,84.39,19.6,SELL,5,84.39,135.5,84.38,132.3,84.37,1369.8,84.36,2998.2,84.35,404.8,84.45,1266.2,84.46,980.1,84.47,427.0,84.48,946.6,84.49,419.9
1700000656.5,1313,84.435,0.04999999999999716,84.41,1530.0,84.46,1177.8,11172.9,4838.2,84.41,137.7,SELL,1,84.41,1530.0,84.4,1459.9,84.39,625.8,84.38,3416.7,84.37,4140.5,84.46,1177.8,84.47,963.6,84.48,196.7,84.49,1036.6,84.5,1463.5
1700000657.0,1314,84.45,0.03999999999999204,84.43,312.4,84.47,437.7,6302.3,3935.7000000000003,84.43,97.0,SELL,5,84.43,312.4,84.42,3408.3,84.41,1868.3,84.4,129.6,84.39,583.7,84.47,437.7,84.48,935.8,84.49,876.8,84.5,326.9,84.51,1358.5
1700000657.5,1315,84.46000000000001,0.04000000000000625,84.44,120.6,84.48,467.6,6462.799999999999,8504.8,84.44,5.0,SELL,1,84.44,120.6,84.43,1433.0,84.42,3663.8,84.41,83.3,84.4,1162.1,84.48,467.6,84.49,318.5,84.5,3593.2,84.51,647.3,84.52,3478.2
1700000658.0,1316,84.47,0.03999999999999204,84.45,1000.3,84.49,440.5,6310.0,5755.9,84.45,20.4,SELL,1,84.45,1000.3,84.44,2934.2,84.43,10.0,84.42,1034.1,84.41,1331.4,84.49,440.5,84.5,1055.6,84.51,1828.6,84.52,1960.5,84.53,470.7
1700000658.5,1317,84.47999999999999,0.04000000000000625,84.46,51.7,84.5,230.8,12560.4,2129.8,84.5,41.8,BUY,2,84.46,51.7,84.45,1368.1,84.44,6881.9,84.43,3464.3,84.42,794.4,84.5,230.8,84.51,87.7,84.52,363.0,84.53,1202.3,84.54,246.0
1700000659.0,1318,84.485,0.030000000000001137,84.47,318.5,84.5,805.8,6671.699999999999,4482.3,84.47,42.2,SELL,2,84.47,318.5,84.46,925.1,84.45,1224.8,84.44,1227.1,84.43,2976.2,84.5,805.8,84.51,224.3,84.52,855.0,84.53,1565.2,84.54,1032.0
1700000659.5,1319,84.49000000000001,0.04000000000000625,84.47,215.6,84.51,218.9,2083.1,1251.3000000000002,84.51,30.2,BUY,7,84.47,215.6,84.46,1072.3,84.45,106.3,84.44,251.9,84.43,437.0,84.51,218.9,84.52,220.4,84.53,509.1,84.54,206.9,84.55,96.0
1700000660.0,1320,84.5,0.03999999999999204,84.48,802.7,84.52,49.1,6768.700000000001,4648.8,84.48,35.8,SELL,6,84.48,802.7,84.47,81.5,84.46,531.6,84.45,1784.6,84.44,3568.3,84.52,49.1,84.53,682.5,84.54,1396.2,84.55,1132.9,84.56,1388.1
1700000660.5,1321,84.50999999999999,0.04000000000000625,84.49,289.1,84.53,139.2,4008.3,3564.8999999999996,84.49,20.5,SELL,1,84.49,289.1,84.48,428.0,84.47,2546.1,84.46,653.8,84.45,91.3,84.53,139.2,84.54,456.2,84.55,484.8,84.56,2393.2,84.57,91.5
1700000661.0,1322,84.52000000000001,0.04000000000000625,84.5,3002.7,84.54,618.5,14799.9,2893.6,84.54,71.0,BUY,2,84.5,3002.7,84.49,2362.7,84.48,3504.9,84.47,5565.1,84.46,364.5,84.54,618.5,84.55,381.4,84.56,1348.6,84.57,131.0,84.58,414.1
1700000661.5,1323,84.53999999999999,0.04000000000000625,84.52,902.3,84.56,2437.8,3728.2000000000003,7096.699999999999,84.52,130.1,SELL,1,84.52,902.3,84.51,10.0,84.5,914.8,84.49,902.7,84.48,998.4,84.56,2437.8,84.57,2535.1,84.58,448.7,84.59,283.5,84.6,1391.6
1700000662.0,1324,84.55,0.03999999999999204,84.53,347.1,84.57,636.9,7229.0,6231.199999999999,84.53,140.9,SELL,5,84.53,347.1,84.52,1571.0,84.51,1879.6,84.5,3316.8,84.49,114.5,84.57,636.9,84.58,2337.2,84.59,19.2,84.6,2826.5,84.61,411.4
1700000662.5,1325,84.56,0.03999999999999204,84.54,2027.4,84.58,746.0,13718.5,4863.5,84.56,0.0,BUY,0,84.54,2027.4,84.53,359.0,84.52,145.0,84.51,3461.6,84.5,7725.5,84.58,746.0,84.59,782.5,84.6,1336.2,84.61,10.8,84.62,1988.0
1700000663.0,1326,84.57,0.04000000000000625,84.55,830.0,84.59,31.4,4470.3,4956.5,84.55,6.8,SELL,3,84.55,830.0,84.54,1900.6,84.53,476.9,84.52,647.2,84.51,615.6,84.59,31.4,84.6,32.7,84.61,280.4,84.62,3910.0,84.63,702.0
1700000663.5,1327,84.58,0.03999999999999204,84.56,1481.5,84.6,784.0,6323.700000000001,7086.0,84.56,43.3,SELL,6,84.56,1481.5,84.55,573.8,84.54,252.1,84.53,2436.2,84.52,1580.1,84.6,784.0,84.61,1096.2,84.62,144.8,84.63,614.8,84.64,4446.2
1700000664.0,1328,84.59,0.04000000000000625,84.57,1589.6,84.61,109.0,5470.1,4932.599999999999,84.57,46.7,SELL,4,84.57,1589.6,84.56,1969.4,84.55,220.9,84.54,334.2,84.53,1356.0,84.61,109.0,84.62,422.9,84.63,312.2,84.64,3958.3,84.65,130.2
1700000664.5,1329,84.61,0.060000000000002274,84.58,531.0,84.64,97.0,11539.599999999999,1971.3999999999999,84.64,88.0,BUY,4,84.58,531.0,84.57,1552.1,84.56,268.5,84.55,972.6,84.54,8215.4,84.64,97.0,84.65,464.1,84.66,364.6,84.67,932.9,84.68,112.8
1700000665.0,1330,84.62,0.04000000000000625,84.6,306.1,84.64,30.0,8216.8,3385.7999999999997,84.64,204.3,BUY,2,84.6,306.1,84.59,1552.7,84.58,2077.9,84.57,110.2,84.56,4169.9,84.64,30.0,84.65,656.6,84.66,675.0,84.67,692.8,84.68,1331.4
1700000665.5,1331,84.625,0.030000000000001137,84.61,71.5,84.64,352.1,5267.700000000001,5220.5,84.61,5.0,SELL,2,84.61,71.5,84.6,1080.4,84.59,946.3,84.58,2314.9,84.57,854.6,84.64,352.1,84.65,65.2,84.66,2330.1,84.67,683.6,84.68,1789.5
1700000666.0,1332,84.64,0.03999999999999204,84.62,399.7,84.66,593.2,5628.6,3500.7999999999997,84.62,49.8,SELL,4,84.62,399.7,84.61,559.1,84.6,1240.3,84.59,2132.9,84.58,1296.6,84.66,593.2,84.67,1096.8,84.68,187.5,84.69,881.2,84.7,742.1
1700000666.5,1333,84.655,0.030000000000001137,84.64,453.3,84.67,947.5,7254.6,3186.9,84.67,5.7,BUY,7,84.64,453.3,84.63,598.6,84.62,2588.2,84.61,2878.0,84.6,736.5,84.67,947.5,84.68,31.8,84.69,1227.8,84.7,641.2,84.71,338.6
1700000667.0,1334,84.67,0.03999999999999204,84.65,1431.8,84.69,59.9,4460.1,2305.6,84.65,49.8,SELL,1,84.65,1431.8,84.64,776.8,84.63,487.1,84.62,1338.3,84.61,426.1,84.69,59.9,84.7,10.0,84.71,1624.6,84.72,75.0,84.73,536.1
1700000667.5,1335,84.68,0.04000000000000625,84.66,2175.4,84.7,93.8,7767.7,10032.3,84.7,15.9,BUY,3,84.66,2175.4,84.65,1142.0,84.64,302.3,84.63,1069.3,84.62,3078.7,84.7,93.8,84.71,2912.8,84.72,24.2,84.73,1973.8,84.74,5027.7
1700000668.0,1336,84.69,0.03999999999999204,84.67,1876.2,84.71,124.8,11189.2,1747.8999999999999,84.71,11.6,BUY,4,84.67,1876.2,84.66,2017.9,84.65,1659.8,84.64,5215.1,84.63,420.2,84.71,124.8,84.72,288.1,84.73,82.1,84.74,1074.6,84.75,178.3
1700000668.5,1337,82.14,0.03999999999999204,82.12,543.1,82.16,360.2,2355.3,3072.3999999999996,82.12,5.0,SELL,3,82.12,543.1,82.11,10.0,82.1,763.6,82.09,803.1,82.08,235.5,82.16,360.2,82.17,42.1,82.18,216.6,82.19,1386.7,82.2,1066.8
1700000669.0,1338,82.15,0.060000000000002274,82.12,1336.1,82.18,48.6,13068.5,1086.1999999999998,82.12,18.1,SELL,1,82.12,1336.1,82.11,228.3,82.1,176.2,82.09,8003.2,82.08,3324.7,82.18,48.6,82.19,108.1,82.2,41.6,82.21,387.0,82.22,500.9
1700000669.5,1339,82.17,0.03999999999999204,82.15,444.7,82.19,464.4,6401.6,3717.2,82.19,119.3,BUY,1,82.15,444.7,82.14,1889.7,82.13,662.2,82.12,2941.0,82.11,464.0,82.19,464.4,82.2,1574.2,82.21,698.4,82.22,466.0,82.23,514.2
1700000670.0,1340,82.18,0.04000000000000625,82.16,1405.5,82.2,1131.7,6826.7,3962.1000000000004,82.16,29.8,SELL,2,82.16,1405.5,82.15,147.4,82.14,3266.2,82.13,262.9,82.12,1744.7,82.2,1131.7,82.21,309.1,82.22,810.6,82.23,340.4,82.24,1370.3
1700000670.5,1341,82.19,0.03999999999999204,82.17,457.0,82.21,343.7,6328.900000000001,12012.899999999998,82.21,14.9,BUY,1,82.17,457.0,82.16,2596.1,82.15,1687.4,82.14,1512.8,82.13,75.6,82.21,343.7,82.22,2579.1,82.23,1731.5,82.24,1904.4,82.25,5454.2
1700000671.0,1342,82.2,0.060000000000002274,82.17,1445.1,82.23,2318.1,5117.599999999999,8377.699999999999,82.23,106.2,BUY,3,82.17,1445.1,82.16,101.0,82.15,1143.7,82.14,2397.1,82.13,30.7,82.23,2318.1,82.24,550.6,82.25,2051.1,82.26,305.5,82.27,3152.4
1700000671.5,1343,82.21000000000001,0.04000000000000625,82.19,53.4,82.23,306.3,1008.5999999999999,3915.6000000000004,82.19,5.0,SELL,3,82.19,53.4,82.18,298.9,82.17,117.0,82.16,180.3,82.15,359.0,82.23,306.3,82.24,700.0,82.25,918.8,82.26,261.8,82.27,1728.7
1700000672.0,1344,82.22,0.03999999999999204,82.2,500.6,82.24,732.0,8944.000000000002,3733.8,82.2,11.1,SELL,5,82.2,500.6,82.19,1972.8,82.18,253.8,82.17,4220.1,82.16,1996.7,82.24,732.0,82.25,179.6,82.26,693.2,82.27,148.7,82.28,1980.3
1700000672.5,1345,82.22999999999999,0.04000000000000625,82.21,188.0,82.25,1055.2,3228.6,3758.7,82.25,7.1,BUY,1,82.21,188.0,82.2,245.6,82.19,752.0,82.18,1057.4,82.17,985.6,82.25,1055.2,82.26,336.4,82.27,281.0,82.28,934.1,82.29,1152.0
1700000673.0,1346,82.24000000000001,0.04000000000000625,82.22,938.0,82.26,619.3,8036.2,4606.7,82.26,170.6,BUY,3,82.22,938.0,82.21,502.0,82.2,95.1,82.19,3733.1,82.18,2768.0,82.26,619.3,82.27,1256.1,82.28,10.0,82.29,1951.1,82.3,770.2
1700000673.5,1347,82.24000000000001,0.04000000000000625,82.22,3015.9,82.26,55.9,9554.0,3928.9000000000005,82.22,14.9,SELL,6,82.22,3015.9,82.21,2727.0,82.2,2176.1,82.19,815.9,82.18,819.1,82.26,55.9,82.27,1305.9,82.28,683.9,82.29,1368.4,82.3,514.8
1700000674.0,1348,82.25,0.03999999999999204,82.23,698.2,82.27,702.3,8281.6,5852.5,82.27,43.5,BUY,1,82.23,698.2,82.22,431.1,82.21,1972.9,82.2,3874.6,82.19,1304.8,82.27,702.3,82.28,457.3,82.29,1365.0,82.3,1174.2,82.31,2153.7
1700000674.5,1349,82.25999999999999,0.04000000000000625,82.24,689.4,82.28,866.7,5624.999999999999,2887.9,82.28,15.5,BUY,2,82.24,689.4,82.23,620.1,82.22,879.2,82.21,2029.1,82.2,1407.2,82.28,866.7,82.29,97.0,82.3,335.6,82.31,663.3,82.32,925.3
1700000675.0,1350,82.27,0.060000000000002274,82.24,1086.9,82.3,812.2,10137.1,2709.7999999999997,82.24,40.0,SELL,4,82.24,1086.9,82.23,324.2,82.22,4356.4,82.21,293.8,82.2,4075.8,82.3,812.2,82.31,181.5,82.32,612.4,82.33,324.6,82.34,779.1
1700000675.5,1351,82.28,0.060000000000002274,82.25,3645.2,82.31,49.4,9276.099999999999,1526.6,82.31,10.1,BUY,1,82.25,3645.2,82.24,182.6,82.23,2373.0,82.22,1309.3,82.21,1766.0,82.31,49.4,82.32,480.3,82.33,855.9,82.34,129.3,82.35,11.7
1700000676.0,1352,82.3,0.03999999999999204,82.28,296.4,82.32,347.4,7348.0,3157.2,82.32,35.8,BUY,4,82.28,296.4,82.27,601.3,82.26,531.6,82.25,4947.2,82.24,971.5,82.32,347.4,82.33,336.5,82.34,569.6,82.35,245.9,82.36,1657.8
1700000676.5,1353,82.31,0.03999999999999204,82.29,841.6,82.33,310.3,18576.9,1985.8,82.29,34.8,SELL,3,82.29,841.6,82.28,1938.8,82.27,4934.4,82.26,2420.4,82.25,8441.7,82.33,310.3,82.34,940.7,82.35,125.5,82.36,267.1,82.37,342.2
1700000677.0,1354,82.315,0.030000000000001137,82.3,1031.9,82.33,24.1,3681.0000000000005,1678.5,82.3,58.4,SELL,1,82.3,1031.9,82.29,2187.3,82.28,162.4,82.27,254.4,82.26,45.0,82.33,24.1,82.34,388.9,82.35,354.7,82.36,489.2,82.37,421.6
1700000677.5,1355,82.34,0.04000000000000625,82.32,819.3,82.36,595.1,4233.599999999999,2074.3,82.32,19.1,SELL,3,82.32,819.3,82.31,95.8,82.3,334.5,82.29,125.3,82.28,2858.7,82.36,595.1,82.37,10.0,82.38,435.1,82.39,111.4,82.4,922.7
1700000678.0,1356,82.34,0.04000000000000625,82.32,1259.3,82.36,653.5,4973.5,7529.8,82.34,0.0,BUY,0,82.32,1259.3,82.31,217.3,82.3,126.0,82.29,1327.7,82.28,2043.2,82.36,653.5,82.37,169.1,82.38,3400.8,82.39,1123.7,82.4,2182.7
1700000678.5,1357,82.35,0.04000000000000625,82.33,947.4,82.37,101.2,5990.799999999999,3787.4,82.33,28.7,SELL,1,82.33,947.4,82.32,1039.5,82.31,317.9,82.3,3276.6,82.29,409.4,82.37,101.2,82.38,10.0,82.39,511.4,82.4,1534.4,82.41,1630.4
1700000679.0,1358,82.36,0.060000000000002274,82.33,819.4,82.39,771.3,7456.700000000001,3479.3,82.39,27.3,BUY,3,82.33,819.4,82.32,1414.0,82.31,376.5,82.3,4229.8,82.29,617.0,82.39,771.3,82.4,1360.2,82.41,10.0,82.42,273.1,82.43,1064.7
1700000679.5,1359,82.375,0.030000000000001137,82.36,230.5,82.39,723.7,11250.1,3391.1000000000004,82.39,42.9,BUY,3,82.36,230.5,82.35,3141.4,82.34,3079.1,82.33,4506.9,82.32,292.2,82.39,723.7,82.4,163.1,82.41,621.0,82.42,529.7,82.43,1353.6
1700000680.0,1360,82.38,0.04000000000000625,82.36,1018.6,82.4,135.7,5373.7,3953.2999999999997,82.36,5.0,SELL,3,82.36,1018.6,82.35,1104.8,82.34,1890.0,82.33,222.3,82.32,1138.0,82.4,135.7,82.41,816.2,82.42,2834.2,82.43,157.2,82.44,10.0
1700000680.5,1361,82.39,0.03999999999999204,82.37,252.1,82.41,170.3,4269.3,3213.1000000000004,82.37,85.5,SELL,1,82.37,252.1,82.36,10.0,82.35,1175.7,82.34,606.5,82.33,2225.0,82.41,170.3,82.42,74.6,82.43,2024.4,82.44,218.8,82.45,725.0
1700000681.0,1362,82.41,0.060000000000002274,82.38,33.0,82.44,379.7,6644.200000000001,3736.4,82.44,54.9,BUY,5,82.38,33.0,82.37,1964.8,82.36,731.1,82.35,1423.7,82.34,2491.6,82.44,379.7,82.45,593.9,82.46,670.7,82.47,485.2,82.48,1606.9
1700000681.5,1363,82.42,0.03999999999999204,82.4,59.5,82.44,823.8,11818.4,3891.3,82.4,64.9,SELL,2,82.4,59.5,82.39,400.4,82.38,5355.6,82.37,5246.4,82.36,756.5,82.44,823.8,82.45,1494.3,82.46,1336.2,82.47,198.7,82.48,38.3
1700000682.0,1364,82.43,0.04000000000000625,82.41,542.3,82.45,471.0,5170.0,3112.1,82.45,5.0,BUY,3,82.41,542.3,82.4,1372.3,82.39,1550.3,82.38,407.6,82.37,1297.5,82.45,471.0,82.46,1431.8,82.47,98.0,82.48,10.0,82.49,1101.3
1700000682.5,1365,82.44,0.03999999999999204,82.42,1465.7,82.46,712.6,10361.0,3163.0,82.42,69.0,SELL,2,82.42,1465.7,82.41,2005.2,82.4,990.1,82.39,210.0,82.38,5690.0,82.46,712.6,82.47,304.3,82.48,436.1,82.49,1303.7,82.5,406.3
1700000683.0,1366,82.45,0.060000000000002274,82.42,114.8,82.48,468.6,6093.0,6533.8,82.42,71.4,SELL,3,82.42,114.8,82.41,1130.4,82.4,1247.0,82.39,693.0,82.38,2907.8,82.48,468.6,82.49,766.7,82.5,2315.6,82.51,1457.4,82.52,1525.5
1700000683.5,1367,82.45500000000001,0.04999999999999716,82.43,663.9,82.48,507.9,8820.0,5918.0,82.43,80.0,SELL,2,82.43,663.9,82.42,74.8,82.41,3463.1,82.4,3962.0,82.39,656.2,82.48,507.9,82.49,15.4,82.5,988.8,82.51,1394.0,82.52,3011.9
1700000684.0,1368,82.47,0.03999999999999204,82.45,2775.1,82.49,19.8,7268.8,1983.2,82.45,81.9,SELL,2,82.45,2775.1,82.44,49.7,82.43,736.5,82.42,1624.2,82.41,2083.3,82.49,19.8,82.5,816.2,82.51,294.3,82.52,351.1,82.53,501.8
1700000684.5,1369,82.47999999999999,0.04000000000000625,82.46,44.3,82.5,55.4,4670.5,4519.599999999999,82.46,65.7,SELL,1,82.46,44.3,82.45,587.2,82.44,1142.6,82.43,654.2,82.42,2242.2,82.5,55.4,82.51,477.1,82.52,3344.3,82.53,555.4,82.54,87.4
1700000685.0,1370,82.49000000000001,0.04000000000000625,82.47,1109.1,82.51,574.6,10032.3,5647.8,82.51,23.9,BUY,1,82.47,1109.1,82.46,223.3,82.45,1972.4,82.44,4235.9,82.43,2491.6,82.51,574.6,82.52,812.9,82.53,1152.3,82.54,968.6,82.55,2139.4
1700000685.5,1371,82.5,0.03999999999999204,82.48,1286.1,82.52,417.3,4826.0,1347.8,82.52,12.0,BUY,1,82.48,1286.1,82.47,144.9,82.46,1123.2,82.45,203.9,82.44,2067.9,82.52,417.3,82.53,96.6,82.54,334.2,82.55,282.8,82.56,216.9
1700000686.0,1372,82.50999999999999,0.04000000000000625,82.49,219.2,82.53,205.2,8657.599999999999,3713.6000000000004,82.49,59.1,SELL,2,82.49,219.2,82.48,647.8,82.47,2645.4,82.46,1169.5,82.45,3975.7,82.53,205.2,82.54,10.0,82.55,812.5,82.56,1582.4,82.57,1103.5
1700000686.5,1373,82.535,0.030000000000001137,82.52,312.6,82.55,70.0,9194.1,3000.3999999999996,82.535,0.0,BUY,0,82.52,312.6,82.51,588.0,82.5,3260.6,82.49,3907.5,82.48,1125.4,82.55,70.0,82.56,193.9,82.57,741.3,82.58,104.7,82.59,1890.5
1700000687.0,1374,82.53999999999999,0.04000000000000625,82.52,145.4,82.56,68.3,4754.6,3078.1000000000004,82.53999999999999,0.0,BUY,0,82.52,145.4,82.51,650.6,82.5,1318.6,82.49,1069.1,82.48,1570.9,82.56,68.3,82.57,220.7,82.58,787.2,82.59,1185.9,82.6,816.0
1700000687.5,1375,82.55,0.060000000000002274,82.52,424.4,82.58,251.4,4438.499999999999,3603.0,82.52,77.5,SELL,3,82.52,424.4,82.51,1865.3,82.5,1501.1,82.49,487.3,82.48,160.4,82.58,251.4,82.59,102.2,82.6,2025.0,82.61,1179.2,82.62,45.2
1700000688.0,1376,82.56,0.03999999999999204,82.54,2226.5,82.58,461.2,8031.8,1085.8999999999999,82.56,0.0,BUY,0,82.54,2226.5,82.53,4606.3,82.52,445.4,82.51,541.1,82.5,212.5,82.58,461.2,82.59,268.7,82.6,10.0,82.61,151.7,82.62,194.3
1700000688.5,1377,82.56,0.03999999999999204,82.54,437.1,82.58,41.9,2943.8,8797.8,82.56,0.0,BUY,0,82.54,437.1,82.53,131.9,82.52,907.0,82.51,1409.9,82.5,57.9,82.58,41.9,82.59,385.7,82.6,1027.1,82.61,5063.9,82.62,2279.2
1700000689.0,1378,82.57,0.04000000000000625,82.55,75.5,82.59,480.2,6467.900000000001,8488.5,82.55,13.8,SELL,4,82.55,75.5,82.54,719.7,82.53,2217.4,82.52,3331.0,82.51,124.3,82.59,480.2,82.6,213.7,82.61,2778.0,82.62,2301.3,82.63,2715.3
1700000689.5,1379,82.57,0.04000000000000625,82.55,313.6,82.59,125.0,2026.3999999999999,1823.5,82.59,25.4,BUY,3,82.55,313.6,82.54,45.5,82.53,1283.1,82.52,73.7,82.51,310.5,82.59,125.0,82.6,64.8,82.61,286.8,82.62,881.9,82.63,465.0
1700000690.0,1380,82.58,0.060000000000002274,82.55,1113.8,82.61,748.5,7749.5999999999985,1867.6000000000001,82.55,38.4,SELL,5,82.55,1113.8,82.54,831.8,82.53,3000.7,82.52,647.2,82.51,2156.1,82.61,748.5,82.62,292.9,82.63,133.2,82.64,397.8,82.65,295.2
1700000690.5,1381,82.595,0.030000000000001137,82.58,880.2,82.61,1664.3,5424.900000000001,5053.200000000001,82.58,34.1,SELL,1,82.58,880.2,82.57,2026.7,82.56,24.1,82.55,2268.6,82.54,225.3,82.61,1664.3,82.62,1475.0,82.63,333.6,82.64,1383.2,82.65,197.1
1700000691.0,1382,82.61,0.03999999999999204,82.59,217.1,82.63,225.6,4600.3,2906.8999999999996,82.59,61.6,SELL,1,82.59,217.1,82.58,1500.6,82.57,103.2,82.56,2299.9,82.55,479.5,82.63,225.6,82.64,643.3,82.65,1133.7,82.66,514.8,82.67,389.5
1700000691.5,1383,82.62,0.060000000000002274,82.59,1627.9,82.65,147.3,6492.800000000001,7983.1,82.65,14.9,BUY,3,82.59,1627.9,82.58,442.0,82.57,2455.3,82.56,1157.5,82.55,810.1,82.65,147.3,82.66,147.3,82.67,725.4,82.68,4413.1,82.69,2550.0
1700000692.0,1384,82.63,0.04000000000000625,82.61,973.7,82.65,815.2,6844.6,2519.2000000000003,82.63,0.0,BUY,0,82.61,973.7,82.6,1368.1,82.59,43.5,82.58,4382.1,82.57,77.2,82.65,815.2,82.66,52.8,82.67,50.1,82.68,939.7,82.69,661.4
1700000692.5,1385,82.64,0.03999999999999204,82.62,2131.0,82.66,435.5,11492.1,6016.6,82.62,128.2,SELL,4,82.62,2131.0,82.61,2554.0,82.6,1945.8,82.59,4340.4,82.58,520.9,82.66,435.5,82.67,384.2,82.68,3322.4,82.69,1017.4,82.7,857.1
1700000693.0,1386,82.65,0.060000000000002274,82.62,936.7,82.68,23.4,9511.0,2923.2,82.62,46.0,SELL,2,82.62,936.7,82.61,4364.3,82.6,2549.2,82.59,1248.3,82.58,412.5,82.68,23.4,82.69,852.0,82.7,983.1,82.71,535.1,82.72,529.6
1700000693.5,1387,82.67,0.060000000000002274,82.64,110.8,82.7,43.4,3937.8,5909.9,82.64,148.4,SELL,1,82.64,110.8,82.63,179.0,82.62,1334.6,82.61,1338.2,82.6,975.2,82.7,43.4,82.71,1861.3,82.72,1715.2,82.73,49.2,82.74,2240.8
1700000694.0,1388,82.68,0.04000000000000625,82.66,971.9,82.7,2049.8,4789.9,7786.700000000001,82.66,115.6,SELL,1,82.66,971.9,82.65,1245.6,82.64,913.1,82.63,650.9,82.62,1008.4,82.7,2049.8,82.71,1849.6,82.72,1001.1,82.73,1522.1,82.74,1364.1
1700000694.5,1389,82.69,0.03999999999999204,82.67,794.9,82.71,627.4,5449.0,6426.9,82.71,71.1,BUY,2,82.67,794.9,82.66,464.0,82.65,1149.0,82.64,1357.0,82.63,1684.1,82.71,627.4,82.72,580.1,82.73,1278.5,82.74,1953.0,82.75,1987.9
1700000695.0,1390,82.7,0.03999999999999204,82.68,1041.7,82.72,732.8,11447.6,5275.0,82.68,5.0,SELL,2,82.68,1041.7,82.67,3594.3,82.66,863.1,82.65,1558.0,82.64,4390.5,82.72,732.8,82.73,2841.9,82.74,80.6,82.75,223.6,82.76,1396.1
1700000695.5,1391,82.71000000000001,0.04000000000000625,82.69,716.0,82.73,541.9,7884.0,10006.6,82.73,134.1,BUY,2,82.69,716.0,82.68,427.4,82.67,948.7,82.66,5533.5,82.65,258.4,82.73,541.9,82.74,678.8,82.75,111.8,82.76,1122.8,82.77,7551.3
1700000696.0,1392,82.72,0.03999999999999204,82.7,2742.2,82.74,399.4,16329.3,2617.9,82.74,55.4,BUY,4,82.7,2742.2,82.69,3491.3,82.68,834.0,82.67,7494.5,82.66,1767.3,82.74,399.4,82.75,599.6,82.76,547.6,82.77,831.5,82.78,239.8
1700000696.5,1393,82.735,0.030000000000001137,82.72,10.0,82.75,409.2,5135.5,4294.2,82.735,0.0,BUY,0,82.72,10.0,82.71,786.3,82.7,1323.7,82.69,14.0,82.68,3001.5,82.75,409.2,82.76,1489.2,82.77,472.5,82.78,433.5,82.79,1489.8
1700000697.0,1394,82.74000000000001,0.04000000000000625,82.72,90.9,82.76,192.0,3978.5,1649.6,82.76,5.0,BUY,1,82.72,90.9,82.71,186.0,82.7,356.4,82.69,923.5,82.68,2421.7,82.76,192.0,82.77,268.1,82.78,93.0,82.79,291.0,82.8,805.5
1700000697.5,1395,82.75,0.03999999999999204,82.73,215.4,82.77,246.1,3311.7,3465.7,82.77,100.2,BUY,1,82.73,215.4,82.72,451.5,82.71,788.4,82.7,708.9,82.69,1147.5,82.77,246.1,82.78,348.1,82.79,420.5,82.8,1161.8,82.81,1289.2
1700000698.0,1396,82.75,0.03999999999999204,82.73,967.2,82.77,454.8,4888.3,2227.6,82.75,0.0,BUY,0,82.73,967.2,82.72,913.0,82.71,797.0,82.7,1913.0,82.69,298.1,82.77,454.8,82.78,543.3,82.79,204.8,82.8,564.6,82.81,460.1
1700000698.5,1397,82.33,0.03999999999999204,82.31,154.2,82.35,1835.7,8525.2,6478.4,82.35,47.7,BUY,4,82.31,154.2,82.3,282.4,82.29,1656.3,82.28,6307.7,82.27,124.6,82.35,1835.7,82.36,450.5,82.37,527.6,82.38,3322.0,82.39,342.6
1700000699.0,1398,82.34,0.060000000000002274,82.31,2002.0,82.37,386.6,7047.6,5318.799999999999,82.31,18.9,SELL,1,82.31,2002.0,82.3,45.4,82.29,1272.3,82.28,1006.0,82.27,2721.9,82.37,386.6,82.38,465.8,82.39,226.8,82.4,2537.2,82.41,1702.4
1700000699.5,1399,82.36,0.03999999999999204,82.34,862.3,82.38,779.4,7902.9,3820.8,82.38,34.3,BUY,4,82.34,862.3,82.33,763.6,82.32,1512.8,82.31,379.3,82.3,4384.9,82.38,779.4,82.39,244.2,82.4,1150.6,82.41,1132.3,82.42,514.3
1700000700.0,1400,82.37,0.060000000000002274,82.34,994.8,82.4,198.0,7346.8,3364.8999999999996,82.34,18.6,SELL,3,82.34,994.8,82.33,2399.1,82.32,426.0,82.31,787.1,82.3,2739.8,82.4,198.0,82.41,420.6,82.42,1286.6,82.43,795.4,82.44,664.3
1700000700.5,1401,82.03999999999999,0.04000000000000625,82.02,1383.2,82.06,1934.1,9906.4,14102.300000000001,82.06,26.5,BUY,4,82.02,1383.2,82.01,2168.1,82.0,1182.5,81.99,3228.2,81.98,1944.4,82.06,1934.1,82.07,1051.4,82.08,7022.0,82.09,2359.6,82.1,1735.2
1700000701.0,1402,82.05,0.03999999999999204,82.03,1368.4,82.07,185.0,5561.8,2326.0,82.05,0.0,BUY,0,82.03,1368.4,82.02,1197.5,82.01,207.4,82.0,478.2,81.99,2310.3,82.07,185.0,82.08,346.6,82.09,249.6,82.1,457.5,82.11,1087.3
1700000701.5,1403,82.06,0.03999999999999204,82.04,658.4,82.08,99.8,8903.9,2561.2,82.04,14.9,SELL,2,82.04,658.4,82.03,3046.9,82.02,107.4,82.01,3753.8,82.0,1337.4,82.08,99.8,82.09,445.9,82.1,143.2,82.11,1764.7,82.12,107.6
1700000702.0,1404,82.07,0.04000000000000625,82.05,252.0,82.09,61.5,8907.3,1588.1999999999998,82.09,82.0,BUY,2,82.05,252.0,82.04,2061.3,82.03,670.6,82.02,5807.1,82.01,116.3,82.09,61.5,82.1,773.3,82.11,133.3,82.12,112.5,82.13,507.6
1700000702.5,1405,82.08,0.060000000000002274,82.05,1486.6,82.11,27.9,4196.099999999999,1641.2,82.05,35.9,SELL,2,82.05,1486.6,82.04,1095.9,82.03,177.4,82.02,1418.5,82.01,17.7,82.11,27.9,82.12,677.1,82.13,764.2,82.14,95.9,82.15,76.1
1700000703.0,1406,82.09,0.060000000000002274,82.06,2284.6,82.12,1505.7,7416.3,7555.8,82.12,112.9,BUY,2,82.06,2284.6,82.05,875.0,82.04,65.1,82.03,682.3,82.02,3509.3,82.12,1505.7,82.13,604.4,82.14,837.3,82.15,2776.1,82.16,1832.3
1700000703.5,1407,82.1,0.04000000000000625,82.08,43.5,82.12,751.2,6922.5,2645.2,82.08,100.3,SELL,3,82.08,43.5,82.07,1518.7,82.06,687.1,82.05,3141.3,82.04,1531.9,82.12,751.2,82.13,155.7,82.14,152.8,82.15,830.3,82.16,755.2
1700000704.0,1408,82.1,0.04000000000000625,82.08,2376.5,82.12,221.4,17690.8,2953.0,82.08,11.1,SELL,1,82.08,2376.5,82.07,2604.0,82.06,2146.5,82.05,1426.5,82.04,9137.3,82.12,221.4,82.13,668.6,82.14,649.8,82.15,731.0,82.16,682.2
1700000704.5,1409,82.12,0.060000000000002274,82.09,1226.8,82.15,253.1,7815.799999999999,5442.5,82.09,66.9,SELL,4,82.09,1226.8,82.08,2911.2,82.07,1590.2,82.06,762.2,82.05,1325.4,82.15,253.1,82.16,320.0,82.17,535.1,82.18,3500.2,82.19,834.1
1700000705.0,1410,82.13,0.04000000000000625,82.11,2160.6,82.15,358.3,9859.7,3879.8,82.11,5.0,SELL,2,82.11,2160.6,82.1,328.8,82.09,219.1,82.08,599.2,82.07,6552.0,82.15,358.3,82.16,1108.3,82.17,436.5,82.18,1569.7,82.19,407.0
1700000705.5,1411,82.14,0.060000000000002274,82.11,2027.4,82.17,2484.4,9152.3,4376.700000000001,82.17,25.4,BUY,2,82.11,2027.4,82.1,1322.2,82.09,1634.6,82.08,1703.9,82.07,2464.2,82.17,2484.4,82.18,270.9,82.19,1021.3,82.2,88.6,82.21,511.5
1700000706.0,1412,82.15,0.04000000000000625,82.13,946.0,82.17,351.5,7914.0,3535.7000000000003,82.13,19.0,SELL,3,82.13,946.0,82.12,1561.4,82.11,571.0,82.1,232.4,82.09,4603.2,82.17,351.5,82.18,838.2,82.19,1162.3,82.2,867.9,82.21,315.8
1700000706.5,1413,82.17,0.03999999999999204,82.15,1455.1,82.19,412.4,7709.9,2083.7,82.15,23.9,SELL,3,82.15,1455.1,82.14,515.2,82.13,585.3,82.12,672.0,82.11,4482.3,82.19,412.4,82.2,209.1,82.21,167.5,82.22,146.4,82.23,1148.3
1700000707.0,1414,82.18,0.04000000000000625,82.16,443.6,82.2,202.4,5432.8,8735.1,82.2,196.1,BUY,6,82.16,443.6,82.15,3013.9,82.14,156.4,82.13,1381.3,82.12,437.6,82.2,202.4,82.21,2186.3,82.22,1274.4,82.23,469.6,82.24,4602.4
1700000707.5,1415,82.19,0.03999999999999204,82.17,76.7,82.21,425.4,4211.6,6701.9,82.17,51.0,SELL,1,82.17,76.7,82.16,473.7,82.15,534.5,82.14,2445.2,82.13,681.5,82.21,425.4,82.22,233.7,82.23,352.1,82.24,4184.9,82.25,1505.8
1700000708.0,1416,82.2,0.03999999999999204,82.18,429.2,82.22,597.2,10191.1,1961.2,82.18,12.4,SELL,3,82.18,429.2,82.17,159.5,82.16,1031.1,82.15,6319.1,82.14,2252.2,82.22,597.2,82.23,63.5,82.24,256.0,82.25,103.9,82.26,940.6
1700000708.5,1417,82.21000000000001,0.04000000000000625,82.19,456.2,82.23,892.1,6025.5,4397.1,82.19,5.0,SELL,5,82.19,456.2,82.18,399.3,82.17,1510.1,82.16,842.2,82.15,2817.7,82.23,892.1,82.24,31.0,82.25,26.9,82.26,1470.3,82.27,1976.8
1700000709.0,1418,82.22,0.03999999999999204,82.2,46.2,82.24,2651.2,7523.6,3927.7999999999997,82.22,0.0,BUY,0,82.2,46.2,82.19,410.9,82.18,996.1,82.17,4010.1,82.16,2060.3,82.24,2651.2,82.25,185.5,82.26,197.0,82.27,737.7,82.28,156.4
1700000709.5,1419,82.22999999999999,0.04000000000000625,82.21,527.1,82.25,598.6,2361.7000000000003,4190.0,82.22999999999999,0.0,BUY,0,82.21,527.1,82.2,463.4,82.19,252.9,82.18,953.4,82.17,164.9,82.25,598.6,82.26,464.1,82.27,26.9,82.28,1259.6,82.29,1840.8
1700000710.0,1420,82.235,0.030000000000001137,82.22,344.9,82.25,180.8,7128.400000000001,3950.2999999999993,82.235,0.0,BUY,0,82.22,344.9,82.21,1719.4,82.2,1037.0,82.19,1217.9,82.18,2809.2,82.25,180.8,82.26,916.0,82.27,1959.1,82.28,345.1,82.29,549.3
1700000710.5,1421,82.25,0.060000000000002274,82.22,346.7,82.28,84.5,3760.4,1575.2,82.28,42.9,BUY,6,82.22,346.7,82.21,198.4,82.2,2504.3,82.19,512.1,82.18,198.9,82.28,84.5,82.29,651.5,82.3,193.0,82.31,421.8,82.32,224.4
1700000711.0,1422,82.25999999999999,0.04000000000000625,82.24,1427.7,82.28,81.0,6151.1,3872.2,82.28,235.9,BUY,3,82.24,1427.7,82.23,144.5,82.22,149.4,82.21,2261.7,82.2,2167.8,82.28,81.0,82.29,226.2,82.3,1035.0,82.31,185.0,82.32,2345.0
1700000711.5,1423,82.27000000000001,0.04000000000000625,82.25,925.7,82.29,1851.6,9687.7,6506.0,82.29,89.4,BUY,2,82.25,925.7,82.24,1331.6,82.23,701.4,82.22,812.6,82.21,5916.4,82.29,1851.6,82.3,1355.7,82.31,975.4,82.32,80.9,82.33,2242.4
1700000712.0,1424,82.28999999999999,0.04000000000000625,82.27,1531.3,82.31,177.4,7411.3,7421.4,82.31,10.4,BUY,1,82.27,1531.3,82.26,573.9,82.25,776.3,82.24,2044.8,82.23,2485.0,82.31,177.4,82.32,879.0,82.33,1106.6,82.34,2233.7,82.35,3024.7
1700000712.5,1425,82.31,0.03999999999999204,82.29,1653.2,82.33,449.0,10086.7,6431.4,82.29,15.1,SELL,1,82.29,1653.2,82.28,401.7,82.27,6005.5,82.26,1954.1,82.25,72.2,82.33,449.0,82.34,218.8,82.35,1025.3,82.36,1896.3,82.37,2842.0
1700000713.0,1426,82.33,0.03999999999999204,82.31,298.3,82.35,939.7,8708.599999999999,5096.0,82.31,29.4,SELL,5,82.31,298.3,82.3,694.2,82.29,2848.6,82.28,3612.2,82.27,1255.3,82.35,939.7,82.36,744.4,82.37,506.9,82.38,812.7,82.39,2092.3
1700000713.5,1427,82.345,0.030000000000001137,82.33,269.8,82.36,573.9,4073.0,3228.9000000000005,82.33,34.3,SELL,1,82.33,269.8,82.32,2196.1,82.31,779.8,82.3,404.0,82.29,423.3,82.36,573.9,82.37,596.6,82.38,966.8,82.39,454.9,82.4,636.7
1700000714.0,1428,76.345,0.030000000000001137,76.33,694.1,76.36,851.2,12721.1,5369.2,76.33,61.2,SELL,3,76.33,694.1,76.32,1341.2,76.31,1753.0,76.3,3277.4,76.29,5655.4,76.36,851.2,76.37,70.3,76.38,59.6,76.39,3080.1,76.4,1308.0
1700000714.5,1429,76.36,0.03999999999999204,76.34,872.3,76.38,1781.9,4625.9,4601.0,76.38,81.8,BUY,4,76.34,872.3,76.33,1107.6,76.32,1772.9,76.31,26.2,76.3,846.9,76.38,1781.9,76.39,168.7,76.4,79.2,76.41,2294.0,76.42,277.2
1700000715.0,1430,77.88,0.04000000000000625,77.86,789.5,77.9,20.5,7626.0,1978.2999999999997,77.86,56.1,SELL,1,77.86,789.5,77.85,1868.3,77.84,2352.8,77.83,1776.9,77.82,838.5,77.9,20.5,77.91,672.4,77.92,1016.3,77.93,203.6,77.94,65.5
1700000715.5,1431,77.88,0.04000000000000625,77.86,638.2,77.9,685.6,3875.1,2887.8,77.9,44.7,BUY,1,77.86,638.2,77.85,1275.8,77.84,649.2,77.83,1043.4,77.82,268.5,77.9,685.6,77.91,30.5,77.92,457.6,77.93,497.3,77.94,1216.8
1700000716.0,1432,77.88,0.04000000000000625,77.86,1002.6,77.9,260.4,5579.6,1184.5,77.9,29.2,BUY,1,77.86,1002.6,77.85,761.3,77.84,2006.8,77.83,1276.3,77.82,532.6,77.9,260.4,77.91,188.9,77.92,666.0,77.93,57.8,77.94,11.4
1700000716.5,1433,77.9,0.04000000000000625,77.88,1696.2,77.92,43.3,8361.599999999999,7483.0,77.92,43.6,BUY,1,77.88,1696.2,77.87,105.3,77.86,47.5,77.85,283.2,77.84,6229.4,77.92,43.3,77.93,6002.7,77.94,11.8,77.95,1226.5,77.96,198.7
1700000717.0,1434,77.9,0.04000000000000625,77.88,627.1,77.92,382.4,14804.799999999997,4763.2,77.92,78.6,BUY,2,77.88,627.1,77.87,8445.8,77.86,4572.2,77.85,263.3,77.84,896.4,77.92,382.4,77.93,1716.1,77.94,420.9,77.95,1804.1,77.96,439.7
1700000717.5,1435,77.905,0.030000000000001137,77.89,70.9,77.92,206.8,5442.599999999999,2359.0,77.92,51.8,BUY,2,77.89,70.9,77.88,2578.1,77.87,2325.4,77.86,332.3,77.85,135.9,77.92,206.8,77.93,18.5,77.94,581.8,77.95,853.4,77.96,698.5
1700000718.0,1436,77.925,0.030000000000001137,77.91,112.4,77.94,300.0,9219.0,3908.5,77.94,5.0,BUY,4,77.91,112.4,77.9,2992.7,77.89,1806.9,77.88,1026.8,77.87,3280.2,77.94,300.0,77.95,640.9,77.96,2031.6,77.97,498.0,77.98,438.0
1700000718.5,1437,77.93,0.04000000000000625,77.91,429.9,77.95,10.0,4331.5,5320.4,77.91,13.2,SELL,5,77.91,429.9,77.9,1248.2,77.89,812.8,77.88,261.2,77.87,1579.4,77.95,10.0,77.96,375.6,77.97,595.6,77.98,4195.9,77.99,143.3
1700000719.0,1438,77.95,0.03999999999999204,77.93,313.1,77.97,1129.3,9318.999999999998,3195.4999999999995,77.93,6.4,SELL,1,77.93,313.1,77.92,1732.0,77.91,2712.2,77.9,2855.4,77.89,1706.3,77.97,1129.3,77.98,660.9,77.99,65.6,78.0,1250.6,78.01,89.1
1700000719.5,1439,77.96000000000001,0.04000000000000625,77.94,271.1,77.98,200.9,5687.7,2627.7,77.94,5.0,SELL,4,77.94,271.1,77.93,752.3,77.92,281.0,77.91,477.3,77.9,3906.0,77.98,200.9,77.99,266.7,78.0,491.7,78.01,208.6,78.02,1459.8
1700000720.0,1440,77.97,0.03999999999999204,77.95,1889.5,77.99,270.7,7378.0,5184.4,77.97,0.0,BUY,0,77.95,1889.5,77.94,187.7,77.93,2798.5,77.92,55.6,77.91,2446.7,77.99,270.7,78.0,420.2,78.01,1113.9,78.02,660.5,78.03,2719.1
1700000720.5,1441,77.99000000000001,0.04000000000000625,77.97,5402.3,78.01,10.0,21036.699999999997,3491.6,77.97,11.2,SELL,6,77.97,5402.3,77.96,1869.1,77.95,825.0,77.94,665.4,77.93,12274.9,78.01,10.0,78.02,1408.9,78.03,31.4,78.04,1835.2,78.05,206.1
1700000721.0,1442,78.0,0.03999999999999204,77.98,1702.0,78.02,195.0,5239.4,1024.1999999999998,78.02,37.8,BUY,2,77.98,1702.0,77.97,335.6,77.96,175.1,77.95,3001.2,77.94,25.5,78.02,195.0,78.03,97.7,78.04,125.5,78.05,134.1,78.06,471.9
1700000721.5,1443,78.015,0.030000000000001137,78.0,1039.8,78.03,653.8,1501.9,4012.3999999999996,78.0,48.5,SELL,3,78.0,1039.8,77.99,10.0,77.98,67.7,77.97,209.2,77.96,175.2,78.03,653.8,78.04,586.3,78.05,86.5,78.06,194.7,78.07,2491.1
1700000722.0,1444,78.02000000000001,0.04000000000000625,78.0,620.6,78.04,575.1,4904.099999999999,3068.8,78.02000000000001,0.0,BUY,0,78.0,620.6,77.99,629.0,77.98,1279.6,77.97,268.2,77.96,2106.7,78.04,575.1,78.05,635.6,78.06,806.7,78.07,41.9,78.08,1009.5
1700000722.5,1445,78.03,0.03999999999999204,78.01,47.5,78.05,12.9,2225.8999999999996,5430.1,78.01,59.7,SELL,1,78.01,47.5,78.0,137.0,77.99,688.0,77.98,292.6,77.97,1060.8,78.05,12.9,78.06,207.3,78.07,1232.0,78.08,2727.1,78.09,1250.8
1700000723.0,1446,78.05,0.03999999999999204,78.03,543.0,78.07,558.6,4467.3,2534.4,78.03,27.2,SELL,1,78.03,543.0,78.02,57.1,78.01,200.8,78.0,827.1,77.99,2839.3,78.07,558.6,78.08,161.2,78.09,1216.9,78.1,314.7,78.11,283.0
1700000723.5,1447,78.065,0.04999999999999716,78.04,866.1,78.09,140.7,6097.9,3969.0,78.04,71.6,SELL,2,78.04,866.1,78.03,903.9,78.02,175.5,78.01,2187.8,78.0,1964.6,78.09,140.7,78.1,1939.3,78.11,1040.6,78.12,665.6,78.13,182.8
1700000724.0,1448,78.09,0.04000000000000625,78.07,1378.5,78.11,105.6,3470.7,4918.099999999999,78.11,21.7,BUY,1,78.07,1378.5,78.06,893.5,78.05,238.0,78.04,26.1,78.03,934.6,78.11,105.6,78.12,473.1,78.13,22.6,78.14,4041.1,78.15,275.7
1700000724.5,1449,78.09,0.060000000000002274,78.06,1949.0,78.12,20.0,7912.6,1697.8000000000002,78.12,40.6,BUY,2,78.06,1949.0,78.05,1953.5,78.04,248.8,78.03,891.0,78.02,2870.3,78.12,20.0,78.13,113.8,78.14,313.3,78.15,769.6,78.16,481.1
1700000725.0,1450,78.09,0.04000000000000625,78.07,1984.8,78.11,251.9,4556.400000000001,2903.6000000000004,78.07,43.9,SELL,2,78.07,1984.8,78.06,809.4,78.05,1090.9,78.04,448.0,78.03,223.3,78.11,251.9,78.12,713.4,78.13,173.9,78.14,749.6,78.15,1014.8
1700000725.5,1451,78.1,0.04000000000000625,78.08,198.2,78.12,394.2,5790.299999999999,4462.0,78.08,5.0,SELL,3,78.08,198.2,78.07,203.4,78.06,3035.4,78.05,91.1,78.04,2262.2,78.12,394.2,78.13,1177.0,78.14,68.2,78.15,82.0,78.16,2740.6
1700000726.0,1452,78.105,0.030000000000001137,78.09,162.8,78.12,407.5,12833.1,8773.8,78.09,62.7,SELL,1,78.09,162.8,78.08,4608.0,78.07,2681.0,78.06,4004.7,78.05,1376.6,78.12,407.5,78.13,793.9,78.14,656.0,78.15,2301.2,78.16,4615.2
1700000726.5,1453,78.12,0.04000000000000625,78.1,2360.4,78.14,1052.8,5848.0,5007.8,78.14,19.9,BUY,5,78.1,2360.4,78.09,644.4,78.08,1137.9,78.07,639.9,78.06,1065.4,78.14,1052.8,78.15,1113.8,78.16,2011.3,78.17,245.1,78.18,584.8
1700000727.0,1454,78.13,0.04000000000000625,78.11,519.1,78.15,653.1,11870.300000000001,3938.7999999999997,78.15,118.4,BUY,4,78.11,519.1,78.1,4973.6,78.09,650.5,78.08,1007.5,78.07,4719.6,78.15,653.1,78.16,595.4,78.17,1194.1,78.18,1159.8,78.19,336.4
1700000727.5,1455,78.14,0.03999999999999204,78.12,133.9,78.16,145.1,5114.5,4267.3,78.16,105.5,BUY,2,78.12,133.9,78.11,637.7,78.1,772.1,78.09,124.0,78.08,3446.8,78.16,145.1,78.17,129.7,78.18,312.7,78.19,2543.4,78.2,1136.4
1700000728.0,1456,78.15,0.04000000000000625,78.13,136.3,78.17,232.2,5120.700000000001,3782.5,78.13,64.3,SELL,1,78.13,136.3,78.12,2130.1,78.11,950.4,78.1,1327.3,78.09,576.6,78.17,232.2,78.18,234.4,78.19,16.1,78.2,516.2,78.21,2783.6
1700000728.5,1457,78.155,0.030000000000001137,78.14,2277.7,78.17,2267.0,13845.8,4881.3,78.14,9.5,SELL,3,78.14,2277.7,78.13,80.4,78.12,5968.0,78.11,5257.9,78.1,261.8,78.17,2267.0,78.18,403.5,78.19,621.1,78.2,1503.6,78.21,86.1
1700000729.0,1458,78.17,0.03999999999999204,78.15,120.1,78.19,521.5,9261.5,2790.7000000000003,78.15,205.5,SELL,1,78.15,120.1,78.14,604.0,78.13,604.3,78.12,4530.7,78.11,3402.4,78.19,521.5,78.2,556.9,78.21,653.2,78.22,49.2,78.23,1009.9
1700000729.5,1459,78.185,0.04999999999999716,78.16,1228.8,78.21,474.3,12761.4,3621.7000000000003,78.16,25.6,SELL,1,78.16,1228.8,78.15,2671.5,78.14,3803.7,78.13,4946.1,78.12,111.3,78.21,474.3,78.22,1247.5,78.23,931.5,78.24,167.8,78.25,800.6
1700000730.0,1460,78.185,0.030000000000001137,78.17,334.0,78.2,1054.8,6814.2,5388.099999999999,78.17,68.3,SELL,1,78.17,334.0,78.16,1052.2,78.15,2652.3,78.14,1712.9,78.13,1062.8,78.2,1054.8,78.21,730.8,78.22,811.1,78.23,2177.0,78.24,614.4
1700000730.5,1461,78.20500000000001,0.04999999999999716,78.18,1439.3,78.23,567.6,3796.6000000000004,3226.3999999999996,78.18,5.0,SELL,2,78.18,1439.3,78.17,1214.5,78.16,191.8,78.15,802.8,78.14,148.2,78.23,567.6,78.24,479.9,78.25,47.3,78.26,562.9,78.27,1568.7
1700000731.0,1462,78.22,0.03999999999999204,78.2,355.1,78.24,1270.6,7758.9,5158.0,78.2,193.0,SELL,4,78.2,355.1,78.19,2305.3,78.18,1112.1,78.17,2691.2,78.16,1295.2,78.24,1270.6,78.25,1665.7,78.26,221.1,78.27,1007.8,78.28,992.8
1700000731.5,1463,78.235,0.030000000000001137,78.22,897.2,78.25,758.4,7540.599999999999,6537.3,78.22,58.7,SELL,3,78.22,897.2,78.21,125.9,78.2,96.5,78.19,4546.8,78.18,1874.2,78.25,758.4,78.26,668.1,78.27,1433.5,78.28,599.9,78.29,3077.4
1700000732.0,1464,78.24000000000001,0.04000000000000625,78.22,1048.3,78.26,251.3,6027.8,5687.5,78.22,10.3,SELL,5,78.22,1048.3,78.21,1651.1,78.2,1965.6,78.19,543.8,78.18,819.0,78.26,251.3,78.27,149.7,78.28,44.8,78.29,2747.9,78.3,2493.8
1700000732.5,1465,78.25,0.03999999999999204,78.23,377.7,78.27,109.1,5729.300000000001,6754.0,78.27,5.0,BUY,2,78.23,377.7,78.22,551.2,78.21,211.7,78.2,486.6,78.19,4102.1,78.27,109.1,78.28,1760.3,78.29,136.9,78.3,4113.5,78.31,634.2
1700000733.0,1466,78.26,0.060000000000002274,78.23,2296.3,78.29,80.2,20719.2,2046.7,78.29,50.7,BUY,2,78.23,2296.3,78.22,3847.3,78.21,6369.0,78.2,4589.3,78.19,3617.3,78.29,80.2,78.3,95.2,78.31,182.0,78.32,69.6,78.33,1619.7
1700000733.5,1467,78.265,0.030000000000001137,78.25,283.3,78.28,387.5,11372.7,5913.9,78.25,33.7,SELL,3,78.25,283.3,78.24,2770.0,78.23,2285.8,78.22,1542.4,78.21,4491.2,78.28,387.5,78.29,1411.6,78.3,2906.4,78.31,72.4,78.32,1136.0
1700000734.0,1468,78.285,0.030000000000001137,78.27,844.9,78.3,215.2,8744.8,12032.300000000001,78.27,32.4,SELL,4,78.27,844.9,78.26,902.1,78.25,3555.9,78.24,775.0,78.23,2666.9,78.3,215.2,78.31,3547.8,78.32,3844.0,78.33,1859.7,78.34,2565.6
1700000734.5,1469,78.28999999999999,0.04000000000000625,78.27,2607.8,78.31,1091.3,23371.4,3850.9999999999995,78.27,5.0,SELL,2,78.27,2607.8,78.26,2754.5,78.25,6350.0,78.24,2288.0,78.23,9371.1,78.31,1091.3,78.32,711.8,78.33,442.0,78.34,1491.8,78.35,114.1
1700000735.0,1470,78.31,0.03999999999999204,78.29,545.7,78.33,534.3,4570.6,4454.2,78.29,5.9,SELL,1,78.29,545.7,78.28,1528.2,78.27,2004.9,78.26,301.5,78.25,190.3,78.33,534.3,78.34,744.5,78.35,1094.8,78.36,1310.7,78.37,769.9
1700000735.5,1471,78.32,0.04000000000000625,78.3,759.9,78.34,402.8,6000.1,2457.1,78.34,78.1,BUY,4,78.3,759.9,78.29,423.4,78.28,1340.7,78.27,1034.2,78.26,2441.9,78.34,402.8,78.35,338.7,78.36,292.4,78.37,1169.6,78.38,253.6
1700000736.0,1472,78.325,0.030000000000001137,78.31,73.0,78.34,493.9,2647.4,1725.8999999999999,78.31,8.4,SELL,2,78.31,73.0,78.3,1239.7,78.29,226.5,78.28,483.6,78.27,624.6,78.34,493.9,78.35,179.6,78.36,594.1,78.37,279.2,78.38,179.1
1700000736.5,1473,78.34,0.04000000000000625,78.32,178.2,78.36,557.8,4051.8,3515.1000000000004,78.34,0.0,BUY,0,78.32,178.2,78.31,503.1,78.3,609.8,78.29,2208.5,78.28,552.2,78.36,557.8,78.37,684.2,78.38,10.4,78.39,1602.4,78.4,660.3
1700000737.0,1474,78.345,0.030000000000001137,78.33,1920.5,78.36,395.3,12500.2,4266.0,78.36,27.8,BUY,4,78.33,1920.5,78.32,201.0,78.31,1596.2,78.3,5481.8,78.29,3300.7,78.36,395.3,78.37,1522.6,78.38,905.2,78.39,839.9,78.4,603.0
1700000737.5,1475,78.37,0.060000000000002274,78.34,1249.7,78.4,460.6,4684.2,5835.4,78.34,18.5,SELL,6,78.34,1249.7,78.33,561.7,78.32,342.4,78.31,1581.1,78.3,949.3,78.4,460.6,78.41,159.2,78.42,127.0,78.43,2598.6,78.44,2490.0
1700000738.0,1476,78.38,0.060000000000002274,78.35,53.2,78.41,666.8,2383.7000000000003,2973.1,78.35,30.7,SELL,2,78.35,53.2,78.34,728.7,78.33,562.2,78.32,696.6,78.31,343.0,78.41,666.8,78.42,10.0,78.43,176.2,78.44,595.8,78.45,1524.3
1700000738.5,1477,78.39,0.03999999999999204,78.37,1908.3,78.41,1074.4,5048.3,1542.4,78.41,5.0,BUY,3,78.37,1908.3,78.36,259.0,78.35,395.0,78.34,846.3,78.33,1639.7,78.41,1074.4,78.42,67.3,78.43,10.0,78.44,50.8,78.45,339.9
1700000739.0,1478,78.4,0.04000000000000625,78.38,484.5,78.42,68.7,8186.0,3732.5000000000005,78.38,23.5,SELL,3,78.38,484.5,78.37,1598.6,78.36,2667.0,78.35,213.7,78.34,3222.2,78.42,68.7,78.43,860.7,78.44,1450.5,78.45,969.2,78.46,383.4
1700000739.5,1479,78.41,0.04000000000000625,78.39,47.9,78.43,522.1,6883.5,6910.5,78.43,11.8,BUY,3,78.39,47.9,78.38,817.6,78.37,234.8,78.36,955.0,78.35,4828.2,78.43,522.1,78.44,1897.0,78.45,227.4,78.46,2993.7,78.47,1270.3
1700000740.0,1480,78.41,0.04000000000000625,78.39,411.6,78.43,115.1,2502.9,1770.6,78.43,6.3,BUY,1,78.39,411.6,78.38,906.2,78.37,241.2,78.36,376.8,78.35,567.1,78.43,115.1,78.44,172.8,78.45,753.9,78.46,245.3,78.47,483.5
1700000740.5,1481,78.42,0.03999999999999204,78.4,237.2,78.44,996.2,3036.3,3944.2000000000003,78.4,10.3,SELL,3,78.4,237.2,78.39,408.6,78.38,788.8,78.37,372.5,78.36,1229.2,78.44,996.2,78.45,895.7,78.46,1810.0,78.47,176.3,78.48,66.0
1700000741.0,1482,78.435,0.04999999999999716,78.41,1230.4,78.46,383.8,8904.300000000001,4667.8,78.41,25.2,SELL,3,78.41,1230.4,78.4,916.7,78.39,5244.1,78.38,923.2,78.37,589.9,78.46,383.8,78.47,92.7,78.48,1337.7,78.49,229.3,78.5,2624.3
1700000741.5,1483,78.44,0.03999999999999204,78.42,617.4,78.46,727.2,4430.8,1839.1,78.46,5.4,BUY,6,78.42,617.4,78.41,558.0,78.4,2622.1,78.39,384.5,78.38,248.8,78.46,727.2,78.47,98.0,78.48,175.2,78.49,482.6,78.5,356.1
1700000742.0,1484,78.45,0.03999999999999204,78.43,41.3,78.47,116.0,7366.0,1901.3000000000002,78.47,5.0,BUY,1,78.43,41.3,78.42,738.5,78.41,1065.5,78.4,5128.8,78.39,391.9,78.47,116.0,78.48,95.1,78.49,10.0,78.5,216.5,78.51,1463.7
1700000742.5,1485,78.46000000000001,0.04000000000000625,78.44,465.7,78.48,964.4,3029.0,1991.7,78.46000000000001,0.0,BUY,0,78.44,465.7,78.43,107.4,78.42,758.8,78.41,346.5,78.4,1350.6,78.48,964.4,78.49,494.0,78.5,107.0,78.51,200.8,78.52,225.5
1700000743.0,1486,78.47,0.03999999999999204,78.45,1047.2,78.49,84.8,8691.0,3714.0,78.47,0.0,BUY,0,78.45,1047.2,78.44,1390.4,78.43,1630.3,78.42,652.5,78.41,3970.6,78.49,84.8,78.5,1234.6,78.51,186.3,78.52,2115.3,78.53,93.0
1700000743.5,1487,78.48,0.060000000000002274,78.45,716.4,78.51,153.5,8867.1,2827.2000000000003,78.45,38.1,SELL,2,78.45,716.4,78.44,692.6,78.43,631.2,78.42,5333.1,78.41,1493.8,78.51,153.5,78.52,935.3,78.53,755.5,78.54,711.0,78.55,271.9
1700000744.0,1488,78.485,0.030000000000001137,78.47,66.2,78.5,2470.1,8133.3,4873.1,78.5,5.0,BUY,2,78.47,66.2,78.46,1616.7,78.45,1069.2,78.44,3935.2,78.43,1446.0,78.5,2470.1,78.51,244.2,78.52,699.3,78.53,1186.9,78.54,272.6
1700000744.5,1489,78.5,0.03999999999999204,78.48,1702.1,78.52,650.2,5778.299999999999,2536.5000000000005,78.52,19.7,BUY,2,78.48,1702.1,78.47,821.2,78.46,167.7,78.45,474.1,78.44,2613.2,78.52,650.2,78.53,1031.9,78.54,23.9,78.55,77.9,78.56,752.6
1700000745.0,1490,78.50999999999999,0.04000000000000625,78.49,196.2,78.53,943.3,7356.1,4556.5,78.49,37.7,SELL,3,78.49,196.2,78.48,81.8,78.47,1870.3,78.46,2847.7,78.45,2360.1,78.53,943.3,78.54,2281.0,78.55,309.3,78.56,613.2,78.57,409.7
1700000745.5,1491,78.52000000000001,0.04000000000000625,78.5,251.1,78.54,1515.0,9461.3,4412.3,78.54,63.4,BUY,2,78.5,251.1,78.49,1007.1,78.48,2438.0,78.47,2853.0,78.46,2912.1,78.54,1515.0,78.55,10.0,78.56,1007.7,78.57,764.3,78.58,1115.3
1700000746.0,1492,78.53999999999999,0.04000000000000625,78.52,1953.8,78.56,239.2,7890.5,2088.3999999999996,78.52,6.6,SELL,1,78.52,1953.8,78.51,240.0,78.5,121.8,78.49,3603.4,78.48,1971.5,78.56,239.2,78.57,71.3,78.58,283.8,78.59,1274.1,78.6,220.0
1700000746.5,1493,78.55,0.060000000000002274,78.52,733.4,78.58,446.1,19000.3,5651.1,78.55,0.0,BUY,0,78.52,733.4,78.51,1283.9,78.5,4985.8,78.49,2221.9,78.48,9775.3,78.58,446.1,78.59,29.1,78.6,2521.8,78.61,554.3,78.62,2099.8
1700000747.0,1494,78.56,0.060000000000002274,78.53,89.2,78.59,289.7,2501.0,3555.7999999999997,78.56,0.0,BUY,0,78.53,89.2,78.52,261.7,78.51,1021.1,78.5,55.5,78.49,1073.5,78.59,289.7,78.6,372.4,78.61,1820.4,78.62,469.7,78.63,603.6
1700000747.5,1495,77.67,0.060000000000002274,77.64,317.8,77.7,203.7,1370.8999999999999,2281.1000000000004,77.7,78.9,BUY,5,77.64,317.8,77.63,93.1,77.62,390.7,77.61,478.5,77.6,90.8,77.7,203.7,77.71,327.0,77.72,479.7,77.73,529.9,77.74,740.8
1700000748.0,1496,77.68,0.04000000000000625,77.66,71.2,77.7,499.7,5777.0,4654.6,77.66,143.0,SELL,2,77.66,71.2,77.65,3322.4,77.64,1460.1,77.63,541.8,77.62,381.5,77.7,499.7,77.71,1414.4,77.72,836.0,77.73,256.8,77.74,1647.7
1700000748.5,1497,77.685,0.030000000000001137,77.67,291.1,77.7,2037.6,5542.1,6610.7,77.685,0.0,BUY,0,77.67,291.1,77.66,930.6,77.65,795.8,77.64,2301.6,77.63,1223.0,77.7,2037.6,77.71,10.0,77.72,1592.3,77.73,2755.8,77.74,215.0
1700000749.0,1498,77.7,0.03999999999999204,77.68,1432.9,77.72,213.3,3254.9,6347.300000000001,77.68,5.0,SELL,2,77.68,1432.9,77.67,126.0,77.66,461.7,77.65,877.9,77.64,356.4,77.72,213.3,77.73,566.9,77.74,1128.2,77.75,4368.8,77.76,70.1
1700000749.5,1499,77.70500000000001,0.04999999999999716,77.68,458.0,77.73,58.2,8825.3,2342.8,77.68,41.7,SELL,2,77.68,458.0,77.67,396.0,77.66,869.8,77.65,5105.5,77.64,1996.0,77.73,58.2,77.74,1640.4,77.75,37.5,77.76,523.1,77.77,83.6
