timestamp,sequence_id,mid_price,spread,best_bid,best_bid_size,best_ask,best_ask_size,total_bid_depth,total_ask_depth,last_trade_price,last_trade_size,last_trade_side,num_recent_trades,bid_price_0,bid_size_0,bid_price_1,bid_size_1,bid_price_2,bid_size_2,bid_price_3,bid_size_3,bid_price_4,bid_size_4,ask_price_0,ask_size_0,ask_price_1,ask_size_1,ask_price_2,ask_size_2,ask_price_3,ask_size_3,ask_price_4,ask_size_4
1700000000.0,0,100.0,0.060000000000002274,99.97,35.5,100.03,63.2,2263.7,1737.2000000000003,100.0,0.0,BUY,0,99.97,35.5,99.96,635.5,99.95,209.2,99.94,440.3,99.93,943.2,100.03,63.2,100.04,495.1,100.05,264.9,100.06,820.6,100.07,93.4
1700000000.5,1,100.0,0.060000000000002274,99.97,162.2,100.03,157.8,5760.3,1810.9,100.03,23.6,BUY,6,99.97,162.2,99.96,2196.9,99.95,2236.4,99.94,206.1,99.93,958.7,100.03,157.8,100.04,778.1,100.05,298.3,100.06,63.9,100.07,512.8
1700000001.0,2,100.0,0.060000000000002274,99.97,255.6,100.03,552.2,2262.1,1830.9,100.0,0.0,BUY,0,99.97,255.6,99.96,365.3,99.95,800.2,99.94,283.6,99.93,557.4,100.03,552.2,100.04,1003.6,100.05,25.6,100.06,122.6,100.07,126.9
1700000001.5,3,100.0,0.060000000000002274,99.97,658.9,100.03,326.3,6837.4,2183.0,99.97,6.8,SELL,4,99.97,658.9,99.96,420.3,99.95,449.4,99.94,3545.6,99.93,1763.2,100.03,326.3,100.04,568.0,100.05,288.8,100.06,621.2,100.07,378.7
1700000002.0,4,100.0,0.060000000000002274,99.97,689.6,100.03,73.7,6154.6,2765.0,100.03,54.6,BUY,1,99.97,689.6,99.96,459.7,99.95,2731.0,99.94,666.1,99.93,1608.2,100.03,73.7,100.04,979.0,100.05,765.4,100.06,44.4,100.07,902.5
1700000002.5,5,100.01,0.060000000000002274,99.98,937.5,100.04,21.3,2139.0,1590.3,100.01,0.0,BUY,0,99.98,937.5,99.97,287.5,99.96,356.5,99.95,109.2,99.94,448.3,100.04,21.3,100.05,224.7,100.06,236.5,100.07,1084.8,100.08,23.0
1700000003.0,6,100.01,0.060000000000002274,99.98,287.0,100.04,10.0,5290.2,3273.6,100.04,14.1,BUY,3,99.98,287.0,99.97,193.9,99.96,3198.1,99.95,169.1,99.94,1442.1,100.04,10.0,100.05,1670.3,100.06,370.3,100.07,269.1,100.08,953.9
1700000003.5,7,99.99000000000001,0.04000000000000625,99.97,266.1,100.01,251.6,3929.0,2288.0,100.01,10.9,BUY,3,99.97,266.1,99.96,525.2,99.95,1111.0,99.94,855.2,99.93,1171.5,100.01,251.6,100.02,267.9,100.03,335.0,100.04,204.7,100.05,1228.8
1700000004.0,8,99.99,0.060000000000002274,99.96,72.1,100.02,1137.3,2794.8,5895.2,100.02,21.5,BUY,3,99.96,72.1,99.95,774.3,99.94,851.9,99.93,593.5,99.92,503.0,100.02,1137.3,100.03,1813.3,100.04,1220.2,100.05,101.7,100.06,1622.7
1700000004.5,9,99.99,0.060000000000002274,99.96,21.4,100.02,540.8,2004.4,3768.2000000000003,100.02,28.5,BUY,3,99.96,21.4,99.95,296.5,99.94,100.0,99.93,1417.5,99.92,169.0,100.02,540.8,100.03,1207.3,100.04,347.4,100.05,599.8,100.06,1072.9
1700000005.0,10,100.0,0.060000000000002274,99.97,1112.7,100.03,268.3,3159.8999999999996,4255.700000000001,99.97,10.7,SELL,2,99.97,1112.7,99.96,278.9,99.95,84.7,99.94,679.8,99.93,1003.8,100.03,268.3,100.04,2240.1,100.05,1221.9,100.06,274.8,100.07,250.6
1700000005.5,11,100.0,0.060000000000002274,99.97,746.5,100.03,67.9,2834.7,1807.5,100.03,7.7,BUY,2,99.97,746.5,99.96,857.6,99.95,286.0,99.94,431.8,99.93,512.8,100.03,67.9,100.04,810.7,100.05,473.4,100.06,236.8,100.07,218.7
1700000006.0,12,100.0,0.060000000000002274,99.97,1938.9,100.03,741.9,4454.5,6743.3,100.0,0.0,BUY,0,99.97,1938.9,99.96,765.6,99.95,121.7,99.94,818.8,99.93,809.5,100.03,741.9,100.04,3089.1,100.05,2481.3,100.06,87.4,100.07,343.6
1700000006.5,13,100.0,0.03999999999999204,99.98,25.9,100.02,383.9,750.0,3685.3,100.02,20.4,BUY,3,99.98,25.9,99.97,12.6,99.96,265.1,99.95,265.5,99.94,180.9,100.02,383.9,100.03,531.1,100.04,231.8,100.05,1933.5,100.06,605.0
1700000007.0,14,100.0,0.03999999999999204,99.98,549.3,100.02,52.8,10889.7,2412.2,99.98,31.2,SELL,1,99.98,549.3,99.97,474.1,99.96,1279.3,99.95,1983.7,99.94,6603.3,100.02,52.8,100.03,786.7,100.04,583.5,100.05,83.8,100.06,905.4
1700000007.5,15,100.01,0.060000000000002274,99.98,423.3,100.04,310.4,4328.9,4828.700000000001,100.01,0.0,BUY,0,99.98,423.3,99.97,1134.8,99.96,1756.5,99.95,287.4,99.94,726.9,100.04,310.4,100.05,1303.4,100.06,1568.9,100.07,248.4,100.08,1397.6
1700000008.0,16,100.01,0.060000000000002274,99.98,1081.5,100.04,576.9,5775.2,4115.1,99.98,22.7,SELL,3,99.98,1081.5,99.97,24.6,99.96,70.1,99.95,132.5,99.94,4466.5,100.04,576.9,100.05,302.9,100.06,542.0,100.07,2036.8,100.08,656.5
1700000008.5,17,100.02,0.060000000000002274,99.99,806.9,100.05,1845.5,3659.8999999999996,3106.2,100.05,6.3,BUY,3,99.99,806.9,99.98,79.1,99.97,23.9,99.96,810.7,99.95,1939.3,100.05,1845.5,100.06,231.8,100.07,161.1,100.08,789.1,100.09,78.7
1700000009.0,18,100.02,0.060000000000002274,99.99,106.5,100.05,300.0,9575.5,1226.7,99.99,29.5,SELL,4,99.99,106.5,99.98,290.2,99.97,1981.9,99.96,6394.2,99.95,802.7,100.05,300.0,100.06,283.5,100.07,185.1,100.08,55.4,100.09,402.7
1700000009.5,19,100.02,0.060000000000002274,99.99,147.7,100.05,19.7,6374.5,3312.1,99.99,61.1,SELL,1,99.99,147.7,99.98,591.2,99.97,3522.6,99.96,976.2,99.95,1136.8,100.05,19.7,100.06,31.0,100.07,1350.1,100.08,1358.2,100.09,553.1
1700000010.0,20,100.02,0.060000000000002274,99.99,812.4,100.05,1597.7,2979.2,4814.099999999999,100.05,5.0,BUY,1,99.99,812.4,99.98,780.9,99.97,10.0,99.96,112.9,99.95,1263.0,100.05,1597.7,100.06,1664.0,100.07,367.1,100.08,232.1,100.09,953.2
1700000010.5,21,100.02,0.060000000000002274,99.99,135.1,100.05,285.9,3446.2,5696.3,100.02,0.0,BUY,0,99.99,135.1,99.98,1020.0,99.97,2006.4,99.96,164.0,99.95,120.7,100.05,285.9,100.06,127.4,100.07,1470.0,100.08,67.6,100.09,3745.4
1700000011.0,22,100.02,0.060000000000002274,99.99,91.8,100.05,294.9,3688.2,1452.6,100.05,13.7,BUY,2,99.99,91.8,99.98,720.0,99.97,102.3,99.96,607.9,99.95,2166.2,100.05,294.9,100.06,176.6,100.07,605.5,100.08,272.3,100.09,103.3
1700000011.5,23,100.00999999999999,0.04000000000000625,99.99,545.9,100.03,3710.2,4915.599999999999,6131.4,100.03,8.5,BUY,3,99.99,545.9,99.98,521.4,99.97,1950.6,99.96,891.9,99.95,1005.8,100.03,3710.2,100.04,542.6,100.05,498.7,100.06,1098.7,100.07,281.2
1700000012.0,24,100.0,0.060000000000002274,99.97,16.6,100.03,373.1,3638.1000000000004,4679.6,100.03,40.1,BUY,2,99.97,16.6,99.96,651.7,99.95,1700.5,99.94,106.1,99.93,1163.2,100.03,373.1,100.04,466.8,100.05,576.8,100.06,3247.3,100.07,15.6
1700000012.5,25,100.0,0.03999999999999204,99.98,1290.1,100.02,409.1,3491.5,1522.1000000000001,100.0,0.0,BUY,0,99.98,1290.1,99.97,207.4,99.96,1187.3,99.95,493.1,99.94,313.6,100.02,409.1,100.03,578.1,100.04,259.8,100.05,99.4,100.06,175.7
1700000013.0,26,100.01,0.060000000000002274,99.98,202.1,100.04,372.4,3186.2,5002.5,100.04,9.1,BUY,3,99.98,202.1,99.97,580.3,99.96,1695.8,99.95,490.4,99.94,217.6,100.04,372.4,100.05,1508.0,100.06,758.7,100.07,621.6,100.08,1741.8
1700000013.5,27,100.01,0.060000000000002274,99.98,911.9,100.04,1008.8,6749.8,8941.5,100.04,17.4,BUY,1,99.98,911.9,99.97,1221.9,99.96,1186.5,99.95,103.3,99.94,3326.2,100.04,1008.8,100.05,2888.2,100.06,681.8,100.07,2647.7,100.08,1715.0
1700000014.0,28,100.02,0.060000000000002274,99.99,88.3,100.05,28.8,2816.0,2951.7,100.02,0.0,BUY,0,99.99,88.3,99.98,603.3,99.97,293.4,99.96,225.5,99.95,1605.5,100.05,28.8,100.06,600.2,100.07,1227.5,100.08,536.4,100.09,558.8
1700000014.5,29,100.02,0.060000000000002274,99.99,420.7,100.05,1665.8,3651.5,6074.3,100.02,0.0,BUY,0,99.99,420.7,99.98,567.7,99.97,18.6,99.96,979.8,99.95,1664.7,100.05,1665.8,100.06,48.9,100.07,1746.9,100.08,2347.3,100.09,265.4
1700000015.0,30,97.04499999999999,0.04999999999999716,97.02,343.9,97.07,199.1,5526.199999999999,4244.2,97.02,11.1,SELL,1,97.02,343.9,97.01,2298.0,97.0,231.2,96.99,2629.7,96.98,23.4,97.07,199.1,97.08,1000.4,97.09,907.0,97.1,1402.0,97.11,735.7
1700000015.5,31,97.04499999999999,0.04999999999999716,97.02,191.7,97.07,1377.7,4138.099999999999,7958.1,97.07,23.1,BUY,3,97.02,191.7,97.01,1519.8,97.0,247.7,96.99,1319.0,96.98,859.9,97.07,1377.7,97.08,936.8,97.09,1820.9,97.1,982.6,97.11,2840.1
1700000016.0,32,97.03999999999999,0.05999999999998806,97.01,214.6,97.07,1093.2,3332.1000000000004,2119.7,97.03999999999999,0.0,BUY,0,97.01,214.6,97.0,506.4,96.99,30.1,96.98,1369.8,96.97,1211.2,97.07,1093.2,97.08,91.3,97.09,68.3,97.1,130.0,97.11,736.9
1700000016.5,33,97.03,0.060000000000002274,97.0,965.7,97.06,134.1,2640.0,6756.700000000001,97.06,5.0,BUY,1,97.0,965.7,96.99,1252.0,96.98,56.3,96.97,120.3,96.96,245.7,97.06,134.1,97.07,989.4,97.08,1983.6,97.09,1287.2,97.1,2362.4
1700000017.0,34,97.03,0.060000000000002274,97.0,260.9,97.06,1003.0,2946.8999999999996,5558.4,97.06,120.1,BUY,3,97.0,260.9,96.99,1255.5,96.98,647.5,96.97,222.2,96.96,560.8,97.06,1003.0,97.07,266.3,97.08,50.8,97.09,1445.6,97.1,2792.7
1700000017.5,35,97.03,0.060000000000002274,97.0,301.9,97.06,363.7,3785.2999999999997,3266.3,97.0,160.4,SELL,3,97.0,301.9,96.99,960.3,96.98,124.1,96.97,1000.1,96.96,1398.9,97.06,363.7,97.07,662.7,97.08,180.4,97.09,1778.2,97.1,281.3
1700000018.0,36,97.03,0.060000000000002274,97.0,373.7,97.06,362.7,8167.3,8482.9,97.0,42.4,SELL,2,97.0,373.7,96.99,205.8,96.98,583.4,96.97,527.8,96.96,6476.6,97.06,362.7,97.07,2766.6,97.08,49.5,97.09,1444.3,97.1,3859.8
1700000018.5,37,97.03999999999999,0.04000000000000625,97.02,90.2,97.06,347.0,4798.5,2870.6000000000004,97.02,20.0,SELL,4,97.02,90.2,97.01,702.0,97.0,397.6,96.99,984.6,96.98,2624.1,97.06,347.0,97.07,1414.3,97.08,422.1,97.09,248.3,97.1,438.9
1700000019.0,38,97.05,0.03999999999999204,97.03,2532.4,97.07,445.4,4680.8,1857.8,97.03,49.9,SELL,3,97.03,2532.4,97.02,561.4,97.01,53.8,97.0,752.2,96.99,781.0,97.07,445.4,97.08,565.5,97.09,278.9,97.1,45.7,97.11,522.3
1700000019.5,39,97.06,0.060000000000002274,97.03,140.4,97.09,483.2,1471.5,4029.3,97.03,20.1,SELL,5,97.03,140.4,97.02,165.8,97.01,391.7,97.0,495.6,96.99,278.0,97.09,483.2,97.1,887.8,97.11,143.1,97.12,2274.4,97.13,240.8
1700000020.0,40,97.06,0.060000000000002274,97.03,11.8,97.09,569.0,4420.3,3546.8,97.06,0.0,BUY,0,97.03,11.8,97.02,908.4,97.01,1651.7,97.0,1693.1,96.99,155.3,97.09,569.0,97.1,44.9,97.11,278.5,97.12,441.9,97.13,2212.5
1700000020.5,41,97.065,0.04999999999999716,97.04,804.5,97.09,94.0,3206.5,7693.200000000001,97.065,0.0,BUY,0,97.04,804.5,97.03,726.3,97.02,354.0,97.01,10.0,97.0,1311.7,97.09,94.0,97.1,2076.9,97.11,3010.4,97.12,316.6,97.13,2195.3
1700000021.0,42,97.065,0.04999999999999716,97.04,1275.8,97.09,10.0,3563.6000000000004,3637.4,97.09,5.4,BUY,3,97.04,1275.8,97.03,578.1,97.02,41.2,97.01,1121.8,97.0,546.7,97.09,10.0,97.1,457.1,97.11,1157.7,97.12,88.1,97.13,1924.5
1700000021.5,43,97.065,0.04999999999999716,97.04,1419.1,97.09,666.5,5384.0,5943.700000000001,97.09,10.6,BUY,1,97.04,1419.1,97.03,85.7,97.02,1144.2,97.01,437.9,97.0,2297.1,97.09,666.5,97.1,947.2,97.11,47.6,97.12,1780.5,97.13,2501.9
1700000022.0,44,97.065,0.04999999999999716,97.04,508.2,97.09,347.8,4017.7,7075.1,97.04,44.7,SELL,1,97.04,508.2,97.03,166.2,97.02,855.9,97.01,201.4,97.0,2286.0,97.09,347.8,97.1,3549.9,97.11,88.8,97.12,110.0,97.13,2978.6
1700000022.5,45,97.065,0.04999999999999716,97.04,10.0,97.09,149.5,3490.3999999999996,4068.2,97.09,50.9,BUY,1,97.04,10.0,97.03,728.1,97.02,2143.5,97.01,490.1,97.0,118.7,97.09,149.5,97.1,1886.1,97.11,1793.0,97.12,141.9,97.13,97.7
1700000023.0,46,97.065,0.04999999999999716,97.04,756.8,97.09,229.9,2254.1,4342.3,97.09,135.1,BUY,2,97.04,756.8,97.03,499.0,97.02,927.5,97.01,60.2,97.0,10.6,97.09,229.9,97.1,17.4,97.11,1411.9,97.12,29.3,97.13,2653.8
1700000023.5,47,97.08,0.060000000000002274,97.05,346.1,97.11,33.2,6165.6,2075.8999999999996,97.05,5.0,SELL,3,97.05,346.1,97.04,72.2,97.03,420.3,97.02,2541.9,97.01,2785.1,97.11,33.2,97.12,248.2,97.13,703.3,97.14,367.2,97.15,724.0
1700000024.0,48,97.08,0.060000000000002274,97.05,282.7,97.11,174.2,7769.8,3284.9,97.05,40.0,SELL,2,97.05,282.7,97.04,1794.4,97.03,296.7,97.02,384.4,97.01,5011.6,97.11,174.2,97.12,215.3,97.13,1193.8,97.14,1482.0,97.15,219.6
1700000024.5,49,97.08,0.060000000000002274,97.05,203.3,97.11,75.0,2032.9,3118.2,97.05,30.6,SELL,2,97.05,203.3,97.04,653.5,97.03,882.5,97.02,192.4,97.01,101.2,97.11,75.0,97.12,211.9,97.13,86.0,97.14,683.2,97.15,2062.1
1700000025.0,50,97.09,0.060000000000002274,97.06,220.4,97.12,77.3,4065.3999999999996,1770.8000000000002,97.12,20.3,BUY,1,97.06,220.4,97.05,217.3,97.04,716.3,97.03,2061.1,97.02,850.3,97.12,77.3,97.13,356.4,97.14,230.8,97.15,620.4,97.16,485.9
1700000025.5,51,97.095,0.05000000000001137,97.07,1815.1,97.12,187.0,3457.7000000000003,3215.8,97.095,0.0,BUY,0,97.07,1815.1,97.06,33.2,97.05,914.7,97.04,183.8,97.03,510.9,97.12,187.0,97.13,282.3,97.14,616.6,97.15,1129.1,97.16,1000.8
1700000026.0,52,97.09,0.060000000000002274,97.06,268.0,97.12,227.0,4063.4,4970.500000000001,97.06,31.9,SELL,4,97.06,268.0,97.05,881.9,97.04,113.4,97.03,1845.1,97.02,955.0,97.12,227.0,97.13,1469.5,97.14,2107.8,97.15,602.6,97.16,563.6
1700000026.5,53,97.09,0.060000000000002274,97.06,518.7,97.12,70.9,2722.0,2665.5,97.12,17.5,BUY,1,97.06,518.7,97.05,447.4,97.04,1319.5,97.03,232.8,97.02,203.6,97.12,70.9,97.13,978.7,97.14,1359.4,97.15,189.0,97.16,67.5
1700000027.0,54,97.09,0.060000000000002274,97.06,340.3,97.12,1057.2,6962.200000000001,1374.5,97.12,137.1,BUY,3,97.06,340.3,97.05,1523.4,97.04,708.8,97.03,4370.6,97.02,19.1,97.12,1057.2,97.13,179.5,97.14,33.8,97.15,12.6,97.16,91.4
1700000027.5,55,97.095,0.05000000000001137,97.07,145.9,97.12,247.8,3834.7000000000003,3754.4,97.095,0.0,BUY,0,97.07,145.9,97.06,407.9,97.05,40.0,97.04,2521.5,97.03,719.4,97.12,247.8,97.13,488.5,97.14,726.5,97.15,209.8,97.16,2081.8
1700000028.0,56,97.1,0.060000000000002274,97.07,937.0,97.13,53.8,2886.6,2370.4,97.07,170.2,SELL,3,97.07,937.0,97.06,901.5,97.05,780.4,97.04,241.0,97.03,26.7,97.13,53.8,97.14,728.6,97.15,258.5,97.16,1005.0,97.17,324.5
1700000028.5,57,97.09,0.060000000000002274,97.06,1049.0,97.12,56.2,4031.7999999999997,6749.7,97.09,0.0,BUY,0,97.06,1049.0,97.05,486.1,97.04,159.5,97.03,203.1,97.02,2134.1,97.12,56.2,97.13,2381.0,97.14,782.9,97.15,409.0,97.16,3120.6
1700000029.0,58,97.095,0.05000000000001137,97.07,830.8,97.12,287.9,4173.7,2750.8,97.12,22.3,BUY,1,97.07,830.8,97.06,536.0,97.05,320.3,97.04,1200.9,97.03,1285.7,97.12,287.9,97.13,1048.3,97.14,547.4,97.15,813.9,97.16,53.3
1700000029.5,59,97.11,0.060000000000002274,97.08,398.3,97.14,516.9,3413.7000000000003,6732.5,97.14,58.7,BUY,3,97.08,398.3,97.07,30.1,97.06,1591.5,97.05,1320.7,97.04,73.1,97.14,516.9,97.15,295.2,97.16,887.7,97.17,1661.8,97.18,3370.9
1700000030.0,60,97.11,0.060000000000002274,97.08,201.9,97.14,750.2,2350.5,5212.0,97.08,35.6,SELL,1,97.08,201.9,97.07,540.3,97.06,516.0,97.05,1070.9,97.04,21.4,97.14,750.2,97.15,813.3,97.16,103.9,97.17,1129.6,97.18,2415.0
1700000030.5,61,97.12,0.060000000000002274,97.09,2130.2,97.15,228.3,8246.5,3377.6000000000004,97.12,0.0,BUY,0,97.09,2130.2,97.08,155.2,97.07,1632.3,97.06,851.3,97.05,3477.5,97.15,228.3,97.16,10.0,97.17,223.5,97.18,1004.6,97.19,1911.2
1700000031.0,62,97.11,0.060000000000002274,97.08,18.6,97.14,362.4,1925.3999999999999,1638.0,97.08,47.4,SELL,4,97.08,18.6,97.07,823.5,97.06,221.0,97.05,709.5,97.04,152.8,97.14,362.4,97.15,254.6,97.16,67.0,97.17,876.0,97.18,78.0
1700000031.5,63,97.13,0.060000000000002274,97.1,2121.7,97.16,604.2,4749.1,2818.1000000000004,97.1,11.7,SELL,5,97.1,2121.7,97.09,1430.3,97.08,732.7,97.07,398.6,97.06,65.8,97.16,604.2,97.17,31.4,97.18,193.3,97.19,777.7,97.2,1211.5
1700000032.0,64,97.13,0.060000000000002274,97.1,198.7,97.16,327.7,7562.400000000001,3469.0,97.1,187.6,SELL,3,97.1,198.7,97.09,20.6,97.08,1471.7,97.07,5094.8,97.06,776.6,97.16,327.7,97.17,807.9,97.18,373.7,97.19,1318.0,97.2,641.7
1700000032.5,65,97.12,0.04000000000000625,97.1,652.6,97.14,71.0,7960.5,3496.7,97.14,6.9,BUY,2,97.1,652.6,97.09,1583.7,97.08,567.2,97.07,3119.9,97.06,2037.1,97.14,71.0,97.15,891.8,97.16,10.0,97.17,2279.2,97.18,244.7
1700000033.0,66,97.12,0.060000000000002274,97.09,709.4,97.15,87.9,2704.2,2441.2,97.09,6.3,SELL,6,97.09,709.4,97.08,41.7,97.07,1081.3,97.06,131.3,97.05,740.5,97.15,87.9,97.16,733.8,97.17,1183.9,97.18,37.0,97.19,398.6
1700000033.5,67,97.12,0.060000000000002274,97.09,1138.3,97.15,63.7,2428.9,3262.9,97.09,38.5,SELL,1,97.09,1138.3,97.08,222.7,97.07,318.5,97.06,257.1,97.05,492.3,97.15,63.7,97.16,467.0,97.17,1470.8,97.18,654.3,97.19,607.1
1700000034.0,68,97.12,0.060000000000002274,97.09,578.7,97.15,321.9,2255.3,2690.4,97.15,58.9,BUY,3,97.09,578.7,97.08,439.0,97.07,103.9,97.06,268.6,97.05,865.1,97.15,321.9,97.16,965.7,97.17,18.0,97.18,1021.9,97.19,362.9
1700000034.5,69,97.12,0.060000000000002274,97.09,1089.4,97.15,88.6,3460.9,1263.3,97.12,0.0,BUY,0,97.09,1089.4,97.08,334.9,97.07,1496.6,97.06,206.5,97.05,333.5,97.15,88.6,97.16,437.3,97.17,243.7,97.18,392.3,97.19,101.4
1700000035.0,70,97.14,0.060000000000002274,97.11,383.8,97.17,1529.2,4861.3,4694.599999999999,97.17,18.8,BUY,2,97.11,383.8,97.1,497.0,97.09,2318.0,97.08,87.6,97.07,1574.9,97.17,1529.2,97.18,343.4,97.19,466.7,97.2,121.1,97.21,2234.2
1700000035.5,71,97.14,0.060000000000002274,97.11,59.1,97.17,309.3,1220.0,7908.5,97.11,19.5,SELL,1,97.11,59.1,97.1,129.0,97.09,235.8,97.08,719.9,97.07,76.2,97.17,309.3,97.18,2993.8,97.19,793.2,97.2,2139.6,97.21,1672.6
1700000036.0,72,97.14,0.060000000000002274,97.11,978.1,97.17,198.8,4659.3,2592.0,97.14,0.0,BUY,0,97.11,978.1,97.1,2277.3,97.09,412.0,97.08,665.6,97.07,326.3,97.17,198.8,97.18,60.1,97.19,559.2,97.2,136.7,97.21,1637.2
1700000036.5,73,97.15,0.060000000000002274,97.12,426.3,97.18,1297.8,2869.7999999999997,2905.4,97.12,13.0,SELL,3,97.12,426.3,97.11,1366.3,97.1,482.1,97.09,401.0,97.08,194.1,97.18,1297.8,97.19,153.3,97.2,566.1,97.21,230.3,97.22,657.9
1700000037.0,74,97.14,0.060000000000002274,97.11,95.7,97.17,411.4,3177.5,7006.900000000001,97.14,0.0,BUY,0,97.11,95.7,97.1,783.8,97.09,141.6,97.08,1824.4,97.07,332.0,97.17,411.4,97.18,832.0,97.19,154.2,97.2,389.0,97.21,5220.3
1700000037.5,75,97.14,0.060000000000002274,97.11,39.3,97.17,160.1,3364.4,2005.1,97.11,49.4,SELL,2,97.11,39.3,97.1,1103.4,97.09,47.4,97.08,1234.9,97.07,939.4,97.17,160.1,97.18,20.5,97.19,169.1,97.2,1179.8,97.21,475.6
1700000038.0,76,97.14,0.060000000000002274,97.11,182.0,97.17,65.3,3173.2,3355.3999999999996,97.17,35.8,BUY,5,97.11,182.0,97.1,698.2,97.09,103.2,97.08,1616.3,97.07,573.5,97.17,65.3,97.18,232.4,97.19,1587.5,97.2,640.4,97.21,829.8
1700000038.5,77,97.14,0.060000000000002274,97.11,890.7,97.17,1489.5,5207.1,3597.7,97.17,34.0,BUY,1,97.11,890.7,97.1,1757.1,97.09,10.0,97.08,2071.0,97.07,478.3,97.17,1489.5,97.18,178.2,97.19,985.4,97.2,334.0,97.21,610.6
1700000039.0,78,97.13,0.060000000000002274,97.1,636.0,97.16,819.0,5397.0,7377.799999999999,97.13,0.0,BUY,0,97.1,636.0,97.09,43.6,97.08,2339.1,97.07,1272.4,97.06,1105.9,97.16,819.0,97.17,271.3,97.18,2350.4,97.19,466.9,97.2,3470.2
1700000039.5,79,97.14,0.060000000000002274,97.11,304.0,97.17,540.9,4842.8,3513.6000000000004,97.11,22.8,SELL,2,97.11,304.0,97.1,1124.2,97.09,453.4,97.08,2797.5,97.07,163.7,97.17,540.9,97.18,778.6,97.19,171.4,97.2,1124.9,97.21,897.8
1700000040.0,80,97.14,0.03999999999999204,97.12,691.6,97.16,649.5,4232.8,4628.6,97.14,0.0,BUY,0,97.12,691.6,97.11,2795.8,97.1,212.4,97.09,460.2,97.08,72.8,97.16,649.5,97.17,1309.0,97.18,1261.3,97.19,44.6,97.2,1364.2
1700000040.5,81,97.13,0.060000000000002274,97.1,767.6,97.16,959.3,3430.6,4352.6,97.16,18.9,BUY,3,97.1,767.6,97.09,67.5,97.08,91.9,97.07,902.3,97.06,1601.3,97.16,959.3,97.17,219.9,97.18,366.7,97.19,2058.0,97.2,748.7
1700000041.0,82,97.13,0.060000000000002274,97.1,337.8,97.16,570.4,3830.2,4092.4,97.1,106.0,SELL,2,97.1,337.8,97.09,241.8,97.08,778.4,97.07,832.0,97.06,1640.2,97.16,570.4,97.17,718.6,97.18,801.9,97.19,1674.5,97.2,327.0
1700000041.5,83,88.03,0.060000000000002274,88.0,501.4,88.06,135.5,6910.200000000001,2108.1000000000004,88.0,51.6,SELL,1,88.0,501.4,87.99,103.9,87.98,1975.0,87.97,1797.0,87.96,2532.9,88.06,135.5,88.07,427.0,88.08,217.1,88.09,585.3,88.1,743.2
1700000042.0,84,88.03,0.060000000000002274,88.0,765.4,88.06,34.0,5442.1,2684.3,88.06,113.1,BUY,1,88.0,765.4,87.99,1625.0,87.98,1114.0,87.97,881.4,87.96,1056.3,88.06,34.0,88.07,320.6,88.08,1192.8,88.09,792.6,88.1,344.3
1700000042.5,85,88.04499999999999,0.04999999999999716,88.02,456.9,88.07,213.2,3428.2999999999997,2427.4,88.07,5.8,BUY,1,88.02,456.9,88.01,186.1,88.0,96.3,87.99,2070.9,87.98,618.1,88.07,213.2,88.08,933.7,88.09,219.4,88.1,1031.0,88.11,30.1
1700000043.0,86,88.03999999999999,0.05999999999998806,88.01,44.8,88.07,415.6,3997.1,3268.3,88.01,32.7,SELL,3,88.01,44.8,88.0,697.5,87.99,1073.3,87.98,592.6,87.97,1588.9,88.07,415.6,88.08,327.8,88.09,581.6,88.1,1029.0,88.11,914.3
1700000043.5,87,88.04499999999999,0.04999999999999716,88.02,100.9,88.07,69.3,3871.9,5664.599999999999,88.02,21.4,SELL,3,88.02,100.9,88.01,714.3,88.0,23.3,87.99,2534.3,87.98,499.1,88.07,69.3,88.08,1754.8,88.09,565.5,88.1,3244.1,88.11,30.9
1700000044.0,88,88.05,0.060000000000002274,88.02,210.6,88.08,2362.3,3635.4,5193.7,88.08,21.4,BUY,2,88.02,210.6,88.01,740.7,88.0,280.5,87.99,2297.1,87.98,106.5,88.08,2362.3,88.09,702.2,88.1,1218.9,88.11,169.5,88.12,740.8
1700000044.5,89,88.05,0.060000000000002274,88.02,237.6,88.08,179.6,1553.7,8865.6,88.02,6.3,SELL,3,88.02,237.6,88.01,65.2,88.0,556.0,87.99,619.1,87.98,75.8,88.08,179.6,88.09,313.2,88.1,1477.9,88.11,202.1,88.12,6692.8
1700000045.0,90,88.05,0.060000000000002274,88.02,381.3,88.08,304.0,1856.6,1968.9999999999998,88.02,7.7,SELL,1,88.02,381.3,88.01,732.0,88.0,193.7,87.99,270.1,87.98,279.5,88.08,304.0,88.09,854.6,88.1,162.1,88.11,379.0,88.12,269.3
1700000045.5,91,88.05,0.060000000000002274,88.02,509.7,88.08,133.5,2136.5,4898.8,88.05,0.0,BUY,0,88.02,509.7,88.01,1129.4,88.0,14.2,87.99,228.7,87.98,254.5,88.08,133.5,88.09,1004.7,88.1,1618.1,88.11,676.0,88.12,1466.5
1700000046.0,92,88.05,0.060000000000002274,88.02,37.9,88.08,123.9,3848.8,867.5,88.08,23.8,BUY,3,88.02,37.9,88.01,1394.5,88.0,1466.2,87.99,392.1,87.98,558.1,88.08,123.9,88.09,29.1,88.1,363.0,88.11,198.9,88.12,152.6
1700000046.5,93,88.04499999999999,0.04999999999999716,88.02,631.0,88.07,1582.5,2574.2,3110.6,88.07,10.1,BUY,2,88.02,631.0,88.01,440.6,88.0,52.8,87.99,1408.5,87.98,41.3,88.07,1582.5,88.08,118.7,88.09,941.6,88.1,450.1,88.11,17.7
1700000047.0,94,88.03999999999999,0.04000000000000625,88.02,1628.5,88.06,150.6,5731.300000000001,5130.099999999999,88.06,88.3,BUY,3,88.02,1628.5,88.01,479.3,88.0,1109.3,87.99,948.3,87.98,1565.9,88.06,150.6,88.07,677.8,88.08,230.3,88.09,2923.7,88.1,1147.7
1700000047.5,95,88.03999999999999,0.05999999999998806,88.01,42.4,88.07,1106.0,5271.0,2382.6,88.01,60.1,SELL,3,88.01,42.4,88.0,495.5,87.99,3323.5,87.98,275.9,87.97,1133.7,88.07,1106.0,88.08,70.9,88.09,1023.0,88.1,10.0,88.11,172.7
1700000048.0,96,88.04499999999999,0.04999999999999716,88.02,874.2,88.07,456.8,5836.200000000001,6134.799999999999,88.02,71.1,SELL,1,88.02,874.2,88.01,1347.4,88.0,317.0,87.99,1677.1,87.98,1620.5,88.07,456.8,88.08,2685.9,88.09,643.8,88.1,371.2,88.11,1977.1
1700000048.5,97,88.04499999999999,0.04999999999999716,88.02,640.7,88.07,981.5,1824.3,3803.1,88.02,11.9,SELL,1,88.02,640.7,88.01,10.0,88.0,168.0,87.99,277.4,87.98,728.2,88.07,981.5,88.08,163.6,88.09,1363.5,88.1,422.4,88.11,872.1
1700000049.0,98,88.035,0.030000000000001137,88.02,1016.0,88.05,105.9,3121.2000000000003,3714.7999999999997,88.035,0.0,BUY,0,88.02,1016.0,88.01,91.2,88.0,10.0,87.99,1164.4,87.98,839.6,88.05,105.9,88.06,166.3,88.07,1837.0,88.08,1477.9,88.09,127.7
1700000049.5,99,88.03,0.060000000000002274,88.0,205.2,88.06,418.4,3482.6,3002.6000000000004,88.03,0.0,BUY,0,88.0,205.2,87.99,833.2,87.98,306.0,87.97,513.6,87.96,1624.6,88.06,418.4,88.07,585.7,88.08,1291.7,88.09,205.4,88.1,501.4
1700000050.0,100,88.03,0.060000000000002274,88.0,284.4,88.06,164.5,1440.8,5883.1,88.06,77.5,BUY,2,88.0,284.4,87.99,368.3,87.98,670.3,87.97,59.1,87.96,58.7,88.06,164.5,88.07,663.2,88.08,3657.9,88.09,200.2,88.1,1197.3
1700000050.5,101,88.03,0.060000000000002274,88.0,1682.1,88.06,40.6,12619.4,7518.0,88.0,53.0,SELL,2,88.0,1682.1,87.99,179.1,87.98,6594.2,87.97,1971.6,87.96,2192.4,88.06,40.6,88.07,48.0,88.08,1081.5,88.09,4079.0,88.1,2268.9
1700000051.0,102,88.03,0.060000000000002274,88.0,885.8,88.06,128.9,5064.0,3114.5,88.0,61.9,SELL,1,88.0,885.8,87.99,337.8,87.98,266.0,87.97,2137.0,87.96,1437.4,88.06,128.9,88.07,1205.2,88.08,433.5,88.09,183.1,88.1,1163.8
1700000051.5,103,88.02000000000001,0.04000000000000625,88.0,89.0,88.04,22.5,4157.7,1056.1,88.04,5.0,BUY,1,88.0,89.0,87.99,459.8,87.98,1253.3,87.97,805.3,87.96,1550.3,88.04,22.5,88.05,282.5,88.06,342.1,88.07,184.4,88.08,224.6
1700000052.0,104,88.02,0.060000000000002274,87.99,414.4,88.05,180.7,2533.0,5071.7,88.05,5.0,BUY,1,87.99,414.4,87.98,663.7,87.97,100.4,87.96,1060.3,87.95,294.2,88.05,180.7,88.06,420.3,88.07,793.7,88.08,3176.7,88.09,500.3
1700000052.5,105,88.02,0.060000000000002274,87.99,1448.4,88.05,130.5,2682.4,5857.3,87.99,66.2,SELL,1,87.99,1448.4,87.98,90.3,87.97,239.0,87.96,733.9,87.95,170.8,88.05,130.5,88.06,10.0,88.07,489.8,88.08,2165.7,88.09,3061.3
1700000053.0,106,88.02,0.060000000000002274,87.99,1236.1,88.05,87.9,7340.3,1285.4,88.05,5.0,BUY,3,87.99,1236.1,87.98,1543.2,87.97,2729.3,87.96,907.7,87.95,924.0,88.05,87.9,88.06,396.6,88.07,416.0,88.08,76.9,88.09,308.0
1700000053.5,107,88.03,0.060000000000002274,88.0,46.6,88.06,108.6,1990.3,2601.9,88.0,42.4,SELL,2,88.0,46.6,87.99,414.9,87.98,579.8,87.97,669.5,87.96,279.5,88.06,108.6,88.07,679.1,88.08,471.7,88.09,316.5,88.1,1026.0
1700000054.0,108,88.03,0.060000000000002274,88.0,990.8,88.06,18.4,2190.4,3256.2,88.06,43.8,BUY,3,88.0,990.8,87.99,223.8,87.98,117.0,87.97,592.2,87.96,266.6,88.06,18.4,88.07,322.1,88.08,1939.4,88.09,450.7,88.1,525.6
1700000054.5,109,88.03,0.060000000000002274,88.0,136.3,88.06,583.3,2848.8,2122.7,88.0,32.4,SELL,1,88.0,136.3,87.99,92.6,87.98,1282.5,87.97,389.2,87.96,948.2,88.06,583.3,88.07,302.4,88.08,194.5,88.09,13.0,88.1,1029.5
1700000055.0,110,88.03,0.03999999999999204,88.01,25.5,88.05,400.1,2347.2999999999997,4786.5,88.05,18.1,BUY,3,88.01,25.5,88.0,41.1,87.99,494.0,87.98,1566.0,87.97,220.7,88.05,400.1,88.06,921.5,88.07,2005.0,88.08,297.8,88.09,1162.1
1700000055.5,111,88.04499999999999,0.04999999999999716,88.02,459.6,88.07,1481.7,3312.7999999999997,4456.4,88.02,11.9,SELL,2,88.02,459.6,88.01,507.7,88.0,635.9,87.99,1402.1,87.98,307.5,88.07,1481.7,88.08,122.3,88.09,1456.8,88.1,537.7,88.11,857.9
1700000056.0,112,88.05,0.060000000000002274,88.02,112.2,88.08,484.7,1724.1999999999998,2890.2999999999997,88.02,25.4,SELL,1,88.02,112.2,88.01,651.3,88.0,407.0,87.99,209.6,87.98,344.1,88.08,484.7,88.09,1149.3,88.1,583.5,88.11,438.2,88.12,234.6
1700000056.5,113,88.04499999999999,0.04999999999999716,88.02,72.2,88.07,13.7,3159.1000000000004,2187.0,88.07,19.4,BUY,1,88.02,72.2,88.01,1585.7,88.0,34.2,87.99,902.5,87.98,564.5,88.07,13.7,88.08,748.0,88.09,42.7,88.1,1153.3,88.11,229.3
1700000057.0,114,88.04499999999999,0.04999999999999716,88.02,10.0,88.07,854.4,2218.1,7765.7,88.04499999999999,0.0,BUY,0,88.02,10.0,88.01,1466.2,88.0,319.8,87.99,224.1,87.98,198.0,88.07,854.4,88.08,2062.7,88.09,699.9,88.1,1895.4,88.11,2253.3
1700000057.5,115,88.04499999999999,0.04999999999999716,88.02,554.5,88.07,270.6,6164.3,2165.2000000000003,88.02,76.6,SELL,1,88.02,554.5,88.01,646.6,88.0,797.5,87.99,4050.5,87.98,115.2,88.07,270.6,88.08,1040.7,88.09,36.0,88.1,438.2,88.11,379.7
1700000058.0,116,88.03,0.060000000000002274,88.0,2053.5,88.06,328.9,5012.799999999999,1940.6999999999998,88.06,75.2,BUY,2,88.0,2053.5,87.99,43.7,87.98,349.0,87.97,1825.1,87.96,741.5,88.06,328.9,88.07,937.4,88.08,370.4,88.09,181.5,88.1,122.5
1700000058.5,117,88.03,0.060000000000002274,88.0,533.9,88.06,432.2,4869.3,2424.1,88.06,42.0,BUY,4,88.0,533.9,87.99,36.2,87.98,2628.5,87.97,450.3,87.96,1220.4,88.06,432.2,88.07,848.0,88.08,61.3,88.09,246.2,88.1,836.4
1700000059.0,118,88.03,0.03999999999999204,88.01,479.7,88.05,1445.1,2087.9,3599.8,88.01,42.2,SELL,1,88.01,479.7,88.0,844.6,87.99,52.4,87.98,13.8,87.97,697.4,88.05,1445.1,88.06,46.3,88.07,1239.9,88.08,353.2,88.09,515.3
1700000059.5,119,88.03,0.060000000000002274,88.0,237.6,88.06,1314.9,3400.7999999999997,2623.1000000000004,88.03,0.0,BUY,0,88.0,237.6,87.99,1322.3,87.98,238.5,87.97,286.0,87.96,1316.4,88.06,1314.9,88.07,630.0,88.08,369.3,88.09,10.0,88.1,298.9
1700000060.0,120,83.2,0.03999999999999204,83.18,1622.9,83.22,95.9,6117.3,4193.3,83.18,36.5,SELL,4,83.18,1622.9,83.17,1478.2,83.16,88.4,83.15,419.6,83.14,2508.2,83.22,95.9,83.23,360.2,83.24,834.4,83.25,1051.9,83.26,1850.9
1700000060.5,121,83.2,0.060000000000002274,83.17,392.0,83.23,237.6,3521.7999999999997,2478.2,83.23,16.9,BUY,4,83.17,392.0,83.16,241.3,83.15,402.4,83.14,2476.1,83.13,10.0,83.23,237.6,83.24,267.3,83.25,1074.3,83.26,13.8,83.27,885.2
1700000061.0,122,83.2,0.060000000000002274,83.17,132.4,83.23,110.7,7703.0,2267.3,83.17,67.0,SELL,1,83.17,132.4,83.16,1701.4,83.15,832.7,83.14,38.1,83.13,4998.4,83.23,110.7,83.24,162.3,83.25,1000.0,83.26,323.8,83.27,670.5
1700000061.5,123,83.2,0.060000000000002274,83.17,550.3,83.23,20.9,2601.8,4160.3,83.23,19.3,BUY,2,83.17,550.3,83.16,35.4,83.15,699.1,83.14,675.5,83.13,641.5,83.23,20.9,83.24,150.5,83.25,2273.5,83.26,1396.5,83.27,318.9
1700000062.0,124,83.19,0.060000000000002274,83.16,70.3,83.22,91.7,2362.2,5308.0,83.22,5.0,BUY,2,83.16,70.3,83.15,213.4,83.14,805.9,83.13,566.5,83.12,706.1,83.22,91.7,83.23,102.2,83.24,2836.3,83.25,977.0,83.26,1300.8
1700000062.5,125,83.19,0.060000000000002274,83.16,573.4,83.22,484.6,5727.299999999999,8680.900000000001,83.22,42.4,BUY,2,83.16,573.4,83.15,898.7,83.14,1881.6,83.13,440.5,83.12,1933.1,83.22,484.6,83.23,312.0,83.24,607.3,83.25,2822.3,83.26,4454.7
1700000063.0,126,83.19,0.060000000000002274,83.16,354.7,83.22,671.1,5271.2,4310.7,83.22,52.0,BUY,2,83.16,354.7,83.15,758.3,83.14,2899.9,83.13,856.5,83.12,401.8,83.22,671.1,83.23,986.7,83.24,592.8,83.25,1870.9,83.26,189.2
1700000063.5,127,82.03,0.060000000000002274,82.0,158.4,82.06,464.2,4535.0,2899.3,82.06,19.6,BUY,2,82.0,158.4,81.99,340.5,81.98,2932.4,81.97,632.3,81.96,471.4,82.06,464.2,82.07,507.5,82.08,213.5,82.09,725.2,82.1,988.9
1700000064.0,128,82.03,0.03999999999999204,82.01,245.9,82.05,362.3,2359.0,4937.7,82.01,46.1,SELL,1,82.01,245.9,82.0,825.4,81.99,191.1,81.98,202.6,81.97,894.0,82.05,362.3,82.06,1366.8,82.07,288.7,82.08,591.2,82.09,2328.7
1700000064.5,129,82.03,0.060000000000002274,82.0,432.3,82.06,134.7,1423.4,3026.9,82.0,21.6,SELL,2,82.0,432.3,81.99,32.8,81.98,449.1,81.97,272.2,81.96,237.0,82.06,134.7,82.07,481.1,82.08,880.9,82.09,928.8,82.1,601.4
1700000065.0,130,82.03,0.03999999999999204,82.01,404.2,82.05,370.3,7459.900000000001,7947.8,82.05,18.9,BUY,4,82.01,404.2,82.0,3012.6,81.99,2086.3,81.98,1063.8,81.97,893.0,82.05,370.3,82.06,224.3,82.07,3025.9,82.08,2979.5,82.09,1347.8
1700000065.5,131,82.03,0.060000000000002274,82.0,421.0,82.06,155.5,5622.200000000001,2147.7,82.03,0.0,BUY,0,82.0,421.0,81.99,511.3,81.98,720.6,81.97,2659.8,81.96,1309.5,82.06,155.5,82.07,477.8,82.08,42.3,82.09,1170.5,82.1,301.6
1700000066.0,132,82.03,0.060000000000002274,82.0,82.0,82.06,101.8,5331.7,2715.2,82.06,39.6,BUY,4,82.0,82.0,81.99,373.3,81.98,2147.6,81.97,108.7,81.96,2620.1,82.06,101.8,82.07,31.2,82.08,1476.2,82.09,747.0,82.1,359.0
1700000066.5,133,82.03,0.060000000000002274,82.0,37.2,82.06,1056.2,8563.900000000001,3867.8,82.06,89.4,BUY,1,82.0,37.2,81.99,1498.6,81.98,2312.3,81.97,3270.3,81.96,1445.5,82.06,1056.2,82.07,195.0,82.08,1195.1,82.09,1345.3,82.1,76.2
1700000067.0,134,82.04499999999999,0.04999999999999716,82.02,2691.9,82.07,186.4,5239.2,2320.8,82.04499999999999,0.0,BUY,0,82.02,2691.9,82.01,762.9,82.0,505.1,81.99,853.5,81.98,425.8,82.07,186.4,82.08,78.3,82.09,531.3,82.1,1088.8,82.11,436.0
1700000067.5,135,82.03,0.060000000000002274,82.0,803.3,82.06,1112.0,2878.9000000000005,3574.1000000000004,82.06,5.0,BUY,1,82.0,803.3,81.99,521.6,81.98,1159.4,81.97,348.8,81.96,45.8,82.06,1112.0,82.07,110.0,82.08,766.7,82.09,330.1,82.1,1255.3
1700000068.0,136,82.03,0.060000000000002274,82.0,222.5,82.06,187.2,4393.4,1868.0,82.06,131.9,BUY,2,82.0,222.5,81.99,683.7,81.98,175.5,81.97,470.7,81.96,2841.0,82.06,187.2,82.07,877.7,82.08,63.5,82.09,99.8,82.1,639.8
1700000068.5,137,82.02000000000001,0.04000000000000625,82.0,109.3,82.04,384.3,1346.3999999999999,2058.4,82.04,5.0,BUY,2,82.0,109.3,81.99,423.4,81.98,153.5,81.97,614.4,81.96,45.8,82.04,384.3,82.05,386.6,82.06,138.0,82.07,128.0,82.08,1021.5
1700000069.0,138,82.02,0.060000000000002274,81.99,769.6,82.05,124.7,2911.5,1544.3999999999999,81.99,81.6,SELL,2,81.99,769.6,81.98,537.7,81.97,241.7,81.96,114.9,81.95,1247.6,82.05,124.7,82.06,135.2,82.07,36.5,82.08,1230.8,82.09,17.2
1700000069.5,139,82.01,0.060000000000002274,81.98,115.3,82.04,1401.6,1500.9,5294.700000000001,81.98,133.7,SELL,1,81.98,115.3,81.97,355.4,81.96,244.0,81.95,482.6,81.94,303.6,82.04,1401.6,82.05,1245.4,82.06,454.8,82.07,2062.9,82.08,130.0
1700000070.0,140,82.02,0.060000000000002274,81.99,125.0,82.05,932.7,1129.0,4178.1,82.05,7.9,BUY,1,81.99,125.0,81.98,168.9,81.97,110.4,81.96,429.0,81.95,295.7,82.05,932.7,82.06,528.0,82.07,161.0,82.08,2142.3,82.09,414.1
1700000070.5,141,82.02,0.060000000000002274,81.99,10.0,82.05,264.3,4491.4,5508.0,82.05,17.8,BUY,1,81.99,10.0,81.98,587.0,81.97,1063.6,81.96,857.3,81.95,1973.5,82.05,264.3,82.06,1351.1,82.07,1542.3,82.08,662.1,82.09,1688.2
1700000071.0,142,82.03,0.060000000000002274,82.0,307.4,82.06,319.3,4744.3,6758.200000000001,82.0,23.3,SELL,4,82.0,307.4,81.99,169.8,81.98,511.2,81.97,1288.9,81.96,2467.0,82.06,319.3,82.07,938.2,82.08,1734.6,82.09,1532.5,82.1,2233.6
1700000071.5,143,82.03,0.060000000000002274,82.0,728.9,82.06,244.2,6569.9,2535.6000000000004,82.06,21.5,BUY,1,82.0,728.9,81.99,381.6,81.98,1373.0,81.97,506.2,81.96,3580.2,82.06,244.2,82.07,1343.5,82.08,184.0,82.09,69.9,82.1,694.0
1700000072.0,144,82.03,0.060000000000002274,82.0,89.6,82.06,213.5,5481.700000000001,5532.800000000001,82.06,12.9,BUY,1,82.0,89.6,81.99,153.5,81.98,1289.4,81.97,2697.1,81.96,1252.1,82.06,213.5,82.07,277.4,82.08,2519.3,82.09,1770.5,82.1,752.1
1700000072.5,145,82.03,0.060000000000002274,82.0,761.8,82.06,27.9,5170.8,3205.8999999999996,82.06,79.2,BUY,1,82.0,761.8,81.99,756.6,81.98,2484.7,81.97,709.7,81.96,458.0,82.06,27.9,82.07,478.3,82.08,176.7,82.09,1066.8,82.1,1456.2
1700000073.0,146,82.04499999999999,0.04999999999999716,82.02,449.7,82.07,622.5,3663.7000000000003,6427.5,82.04499999999999,0.0,BUY,0,82.02,449.7,82.01,522.8,82.0,208.0,81.99,1993.3,81.98,489.9,82.07,622.5,82.08,792.0,82.09,2116.4,82.1,517.6,82.11,2379.0
1700000073.5,147,82.05,0.060000000000002274,82.02,321.6,82.08,1405.1,3239.2,2993.0,82.05,0.0,BUY,0,82.02,321.6,82.01,89.9,82.0,1654.4,81.99,409.7,81.98,763.6,82.08,1405.1,82.09,650.0,82.1,694.5,82.11,18.4,82.12,225.0
1700000074.0,148,82.05,0.03999999999999204,82.03,268.0,82.07,43.9,2226.9,2459.1000000000004,82.03,5.0,SELL,2,82.03,268.0,82.02,760.9,82.01,323.7,82.0,129.8,81.99,744.5,82.07,43.9,82.08,743.2,82.09,854.3,82.1,300.2,82.11,517.5
1700000074.5,149,82.04499999999999,0.04999999999999716,82.02,520.6,82.07,960.5,2193.8,2231.0,82.02,5.0,SELL,3,82.02,520.6,82.01,404.5,82.0,841.6,81.99,149.1,81.98,278.0,82.07,960.5,82.08,53.5,82.09,652.8,82.1,127.4,82.11,436.8
1700000075.0,150,82.05,0.060000000000002274,82.02,16.6,82.08,66.1,9972.1,4746.1,82.05,0.0,BUY,0,82.02,16.6,82.01,3504.6,82.0,3515.3,81.99,1954.1,81.98,981.5,82.08,66.1,82.09,1020.4,82.1,957.5,82.11,2311.6,82.12,390.5
1700000075.5,151,82.04499999999999,0.04999999999999716,82.02,399.1,82.07,643.0,3966.0000000000005,3160.2999999999997,82.07,5.0,BUY,1,82.02,399.1,82.01,1409.2,82.0,512.0,81.99,981.8,81.98,663.9,82.07,643.0,82.08,675.6,82.09,658.0,82.1,406.6,82.11,777.1
1700000076.0,152,82.04499999999999,0.04999999999999716,82.02,90.1,82.07,1065.0,3113.1000000000004,10992.0,82.02,52.5,SELL,3,82.02,90.1,82.01,138.7,82.0,109.8,81.99,1829.3,81.98,945.2,82.07,1065.0,82.08,493.7,82.09,34.7,82.1,7104.2,82.11,2294.4
1700000076.5,153,82.04499999999999,0.04999999999999716,82.02,103.4,82.07,534.5,5524.2,2108.8,82.02,122.6,SELL,2,82.02,103.4,82.01,1351.8,82.0,1267.3,81.99,1941.8,81.98,859.9,82.07,534.5,82.08,278.0,82.09,115.3,82.1,954.6,82.11,226.4
1700000077.0,154,82.03,0.060000000000002274,82.0,1000.5,82.06,748.9,3506.0,2396.2,82.0,103.1,SELL,1,82.0,1000.5,81.99,196.1,81.98,836.3,81.97,101.4,81.96,1371.7,82.06,748.9,82.07,223.1,82.08,139.8,82.09,1267.6,82.1,16.8
1700000077.5,155,82.03,0.060000000000002274,82.0,310.0,82.06,285.6,4538.8,4745.6,82.06,12.2,BUY,4,82.0,310.0,81.99,1452.1,81.98,380.1,81.97,2326.3,81.96,70.3,82.06,285.6,82.07,110.7,82.08,174.1,82.09,3165.2,82.1,1010.0
1700000078.0,156,82.03,0.060000000000002274,82.0,302.9,82.06,2127.1,3822.7,5535.5,82.0,82.1,SELL,2,82.0,302.9,81.99,156.8,81.98,337.1,81.97,2168.4,81.96,857.5,82.06,2127.1,82.07,471.7,82.08,70.7,82.09,2129.9,82.1,736.1
1700000078.5,157,82.03,0.03999999999999204,82.01,81.8,82.05,103.2,868.1,3652.5000000000005,82.03,0.0,BUY,0,82.01,81.8,82.0,45.5,81.99,50.0,81.98,311.7,81.97,379.1,82.05,103.2,82.06,181.2,82.07,2105.8,82.08,537.2,82.09,725.1
1700000079.0,158,82.03,0.060000000000002274,82.0,25.5,82.06,10.0,3421.8999999999996,1553.6,82.03,0.0,BUY,0,82.0,25.5,81.99,465.2,81.98,164.8,81.97,763.1,81.96,2003.3,82.06,10.0,82.07,113.3,82.08,938.7,82.09,481.6,82.1,10.0
1700000079.5,159,82.03,0.060000000000002274,82.0,10.0,82.06,491.3,2689.3,1947.3999999999999,82.0,33.4,SELL,1,82.0,10.0,81.99,83.9,81.98,1871.1,81.97,144.9,81.96,579.4,82.06,491.3,82.07,146.2,82.08,455.3,82.09,594.4,82.1,260.2
1700000080.0,160,82.03,0.03999999999999204,82.01,10.0,82.05,263.3,3108.1,2641.5999999999995,82.03,0.0,BUY,0,82.01,10.0,82.0,222.9,81.99,536.7,81.98,2062.6,81.97,275.9,82.05,263.3,82.06,269.3,82.07,908.0,82.08,1122.8,82.09,78.2
1700000080.5,161,82.04499999999999,0.04999999999999716,82.02,946.6,82.07,310.0,3874.4000000000005,3542.4,82.02,19.4,SELL,2,82.02,946.6,82.01,757.2,82.0,1308.5,81.99,387.3,81.98,474.8,82.07,310.0,82.08,344.0,82.09,402.4,82.1,2359.9,82.11,126.1
1700000081.0,162,82.05,0.060000000000002274,82.02,518.1,82.08,269.7,2833.0,1026.6,82.08,79.1,BUY,1,82.02,518.1,82.01,835.6,82.0,992.2,81.99,362.9,81.98,124.2,82.08,269.7,82.09,45.0,82.1,278.0,82.11,130.0,82.12,303.9
1700000081.5,163,82.05,0.060000000000002274,82.02,341.9,82.08,90.5,2696.2999999999997,2503.1000000000004,82.08,58.6,BUY,2,82.02,341.9,82.01,147.9,82.0,658.8,81.99,669.1,81.98,878.6,82.08,90.5,82.09,1484.4,82.1,458.7,82.11,380.0,82.12,89.5
1700000082.0,164,82.05,0.060000000000002274,82.02,1218.7,82.08,78.7,3312.7,1236.5,82.08,10.2,BUY,5,82.02,1218.7,82.01,733.3,82.0,547.1,81.99,730.0,81.98,83.6,82.08,78.7,82.09,739.6,82.1,73.2,82.11,218.4,82.12,126.6
1700000082.5,165,82.05,0.060000000000002274,82.02,619.9,82.08,716.1,2406.9,2824.5,82.02,6.7,SELL,1,82.02,619.9,82.01,448.0,82.0,430.7,81.99,800.9,81.98,107.4,82.08,716.1,82.09,827.2,82.1,128.5,82.11,82.3,82.12,1070.4
1700000083.0,166,82.06,0.060000000000002274,82.03,116.8,82.09,167.7,2609.2999999999997,4481.9,82.03,15.9,SELL,1,82.03,116.8,82.02,321.6,82.01,889.6,82.0,880.1,81.99,401.2,82.09,167.7,82.1,426.6,82.11,222.2,82.12,332.4,82.13,3333.0
1700000083.5,167,82.06,0.060000000000002274,82.03,892.5,82.09,178.8,3312.3,3659.5,82.03,106.0,SELL,1,82.03,892.5,82.02,375.7,82.01,509.7,82.0,1294.9,81.99,239.5,82.09,178.8,82.1,706.4,82.11,1028.4,82.12,270.8,82.13,1475.1
1700000084.0,168,82.06,0.060000000000002274,82.03,358.1,82.09,470.7,4527.400000000001,9313.9,82.03,67.0,SELL,1,82.03,358.1,82.02,913.7,82.01,1508.3,82.0,1241.1,81.99,506.2,82.09,470.7,82.1,85.1,82.11,4767.3,82.12,3640.5,82.13,350.3
1700000084.5,169,82.05,0.060000000000002274,82.02,945.7,82.08,1056.4,5261.900000000001,3821.3,82.08,5.0,BUY,3,82.02,945.7,82.01,250.3,82.0,769.4,81.99,2436.8,81.98,859.7,82.08,1056.4,82.09,126.1,82.1,929.5,82.11,1279.0,82.12,430.3
1700000085.0,170,82.05,0.03999999999999204,82.03,86.9,82.07,409.2,5714.5,1365.8,82.05,0.0,BUY,0,82.03,86.9,82.02,418.8,82.01,2815.9,82.0,658.2,81.99,1734.7,82.07,409.2,82.08,129.2,82.09,452.7,82.1,265.0,82.11,109.7
1700000085.5,171,82.05,0.060000000000002274,82.02,194.9,82.08,142.1,2229.9,1836.7,82.08,5.0,BUY,3,82.02,194.9,82.01,168.2,82.0,416.7,81.99,808.1,81.98,642.0,82.08,142.1,82.09,207.1,82.1,10.0,82.11,1425.5,82.12,52.0
1700000086.0,172,82.06,0.060000000000002274,82.03,100.7,82.09,418.7,1614.8000000000002,6932.099999999999,82.06,0.0,BUY,0,82.03,100.7,82.02,49.7,82.01,1391.9,82.0,56.1,81.99,16.4,82.09,418.7,82.1,200.3,82.11,681.6,82.12,3640.7,82.13,1990.8
1700000086.5,173,82.06,0.060000000000002274,82.03,2655.7,82.09,102.1,4833.900000000001,3867.5,82.06,0.0,BUY,0,82.03,2655.7,82.02,510.1,82.01,943.7,82.0,381.1,81.99,343.3,82.09,102.1,82.1,1040.0,82.11,515.7,82.12,1785.5,82.13,424.2
1700000087.0,174,82.06,0.03999999999999204,82.04,788.7,82.08,381.7,4957.1,5933.8,82.06,0.0,BUY,0,82.04,788.7,82.03,1240.6,82.02,658.2,82.01,57.5,82.0,2212.1,82.08,381.7,82.09,377.5,82.1,2356.1,82.11,445.1,82.12,2373.4
1700000087.5,175,82.06,0.060000000000002274,82.03,83.7,82.09,35.3,4896.6,1808.7,82.03,6.1,SELL,1,82.03,83.7,82.02,738.9,82.01,1196.4,82.0,2565.8,81.99,311.8,82.09,35.3,82.1,464.0,82.11,208.2,82.12,103.0,82.13,998.2
1700000088.0,176,82.06,0.060000000000002274,82.03,465.1,82.09,771.3,5212.900000000001,3954.6,82.03,22.5,SELL,3,82.03,465.1,82.02,298.5,82.01,2459.8,82.0,233.8,81.99,1755.7,82.09,771.3,82.1,129.3,82.11,2541.9,82.12,501.0,82.13,11.1
1700000088.5,177,82.06,0.060000000000002274,82.03,873.5,82.09,1099.6,6430.7,4377.599999999999,82.09,5.0,BUY,1,82.03,873.5,82.02,797.0,82.01,1572.7,82.0,524.5,81.99,2663.0,82.09,1099.6,82.1,325.2,82.11,1717.3,82.12,189.7,82.13,1045.8
1700000089.0,178,82.05,0.060000000000002274,82.02,2025.6,82.08,684.6,3910.6000000000004,5625.099999999999,82.02,25.6,SELL,4,82.02,2025.6,82.01,45.9,82.0,811.0,81.99,216.3,81.98,811.8,82.08,684.6,82.09,659.2,82.1,3055.6,82.11,1162.8,82.12,62.9
1700000089.5,179,82.04499999999999,0.04999999999999716,82.02,480.9,82.07,275.9,3408.4,6205.3,82.02,39.2,SELL,4,82.02,480.9,82.01,1432.2,82.0,623.4,81.99,655.8,81.98,216.1,82.07,275.9,82.08,1321.0,82.09,1509.4,82.1,1040.2,82.11,2058.8
1700000090.0,180,82.03999999999999,0.05999999999998806,82.01,306.1,82.07,85.7,4210.5,4708.299999999999,82.07,6.3,BUY,3,82.01,306.1,82.0,404.6,81.99,95.0,81.98,3394.8,81.97,10.0,82.07,85.7,82.08,344.5,82.09,2280.5,82.1,164.7,82.11,1832.9
1700000090.5,181,82.05,0.060000000000002274,82.02,229.9,82.08,74.1,4990.8,893.3,82.02,54.5,SELL,2,82.02,229.9,82.01,834.2,82.0,568.7,81.99,1034.6,81.98,2323.4,82.08,74.1,82.09,54.8,82.1,57.1,82.11,215.6,82.12,491.7
1700000091.0,182,82.04499999999999,0.04999999999999716,82.02,1428.0,82.07,1167.2,6141.300000000001,5486.0,82.04499999999999,0.0,BUY,0,82.02,1428.0,82.01,701.3,82.0,416.4,81.99,1376.7,81.98,2218.9,82.07,1167.2,82.08,1209.6,82.09,488.0,82.1,1034.3,82.11,1586.9
1700000091.5,183,82.04499999999999,0.04999999999999716,82.02,291.7,82.07,916.7,2062.4,7525.1,82.07,53.2,BUY,1,82.02,291.7,82.01,186.7,82.0,431.2,81.99,1018.0,81.98,134.8,82.07,916.7,82.08,1342.7,82.09,848.2,82.1,643.6,82.11,3773.9
1700000092.0,184,82.05,0.060000000000002274,82.02,324.8,82.08,642.6,4053.9,2183.9,82.05,0.0,BUY,0,82.02,324.8,82.01,768.9,82.0,673.2,81.99,752.9,81.98,1534.1,82.08,642.6,82.09,194.3,82.1,790.6,82.11,338.5,82.12,217.9
1700000092.5,185,82.03999999999999,0.05999999999998806,82.01,235.5,82.07,10.0,3158.3,1771.0,82.03999999999999,0.0,BUY,0,82.01,235.5,82.0,20.3,81.99,1476.8,81.98,415.5,81.97,1010.2,82.07,10.0,82.08,1055.1,82.09,202.0,82.1,70.0,82.11,433.9
1700000093.0,186,82.04499999999999,0.04999999999999716,82.02,642.6,82.07,318.6,1689.0,1403.1,82.04499999999999,0.0,BUY,0,82.02,642.6,82.01,509.0,82.0,160.5,81.99,366.9,81.98,10.0,82.07,318.6,82.08,410.3,82.09,345.0,82.1,44.1,82.11,285.1
1700000093.5,187,82.03999999999999,0.04000000000000625,82.02,811.0,82.06,225.1,2745.5,7225.799999999999,82.02,26.6,SELL,2,82.02,811.0,82.01,203.6,82.0,100.4,81.99,151.8,81.98,1478.7,82.06,225.1,82.07,1237.5,82.08,1880.8,82.09,1072.3,82.1,2810.1
1700000094.0,188,82.03,0.060000000000002274,82.0,159.1,82.06,298.7,5072.5,1691.2,82.06,5.0,BUY,2,82.0,159.1,81.99,272.8,81.98,1044.7,81.97,3014.5,81.96,581.4,82.06,298.7,82.07,118.9,82.08,353.3,82.09,542.6,82.1,377.7
1700000094.5,189,82.03,0.03999999999999204,82.01,355.1,82.05,271.3,4711.4,3317.5,82.05,97.7,BUY,2,82.01,355.1,82.0,208.1,81.99,1163.2,81.98,1915.0,81.97,1070.0,82.05,271.3,82.06,694.4,82.07,232.6,82.08,70.3,82.09,2048.9
1700000095.0,190,82.03,0.060000000000002274,82.0,310.1,82.06,240.8,4125.2,4023.2999999999997,82.0,55.7,SELL,2,82.0,310.1,81.99,1133.1,81.98,2427.7,81.97,135.4,81.96,118.9,82.06,240.8,82.07,252.1,82.08,1798.3,82.09,1722.1,82.1,10.0
1700000095.5,191,82.03,0.060000000000002274,82.0,180.9,82.06,490.7,1367.5,2909.3,82.0,37.5,SELL,2,82.0,180.9,81.99,378.9,81.98,449.6,81.97,329.8,81.96,28.3,82.06,490.7,82.07,1478.2,82.08,97.4,82.09,685.0,82.1,158.0
1700000096.0,192,82.03,0.060000000000002274,82.0,115.5,82.06,710.7,5649.4,2970.8,82.0,30.1,SELL,1,82.0,115.5,81.99,1176.1,81.98,36.6,81.97,31.7,81.96,4289.5,82.06,710.7,82.07,98.6,82.08,184.3,82.09,1799.9,82.1,177.3
1700000096.5,193,82.03,0.060000000000002274,82.0,730.2,82.06,323.5,2646.1000000000004,2924.2,82.06,90.3,BUY,3,82.0,730.2,81.99,631.1,81.98,443.2,81.97,657.6,81.96,184.0,82.06,323.5,82.07,376.9,82.08,1716.7,82.09,98.9,82.1,408.2
1700000097.0,194,82.03,0.03999999999999204,82.01,501.3,82.05,115.4,3125.1,2309.9,82.01,28.7,SELL,1,82.01,501.3,82.0,625.5,81.99,68.5,81.98,570.7,81.97,1359.1,82.05,115.4,82.06,951.3,82.07,571.5,82.08,315.8,82.09,355.9
1700000097.5,195,82.03,0.03999999999999204,82.01,1115.0,82.05,512.2,3416.0,3454.8,82.05,120.7,BUY,1,82.01,1115.0,82.0,404.6,81.99,60.8,81.98,67.4,81.97,1768.2,82.05,512.2,82.06,493.4,82.07,1724.9,82.08,148.8,82.09,575.5
1700000098.0,196,82.03,0.060000000000002274,82.0,29.4,82.06,1008.3,2178.8,6022.9,82.03,0.0,BUY,0,82.0,29.4,81.99,1417.2,81.98,256.0,81.97,351.1,81.96,125.1,82.06,1008.3,82.07,313.8,82.08,365.8,82.09,663.6,82.1,3671.4
1700000098.5,197,82.03,0.060000000000002274,82.0,432.9,82.06,284.5,2174.3,2982.4,82.06,146.0,BUY,2,82.0,432.9,81.99,404.4,81.98,421.0,81.97,10.5,81.96,905.5,82.06,284.5,82.07,630.2,82.08,163.9,82.09,730.2,82.1,1173.6
1700000099.0,198,82.03,0.060000000000002274,82.0,219.2,82.06,58.3,4916.3,3536.7,82.0,5.0,SELL,1,82.0,219.2,81.99,537.6,81.98,1063.7,81.97,570.3,81.96,2525.5,82.06,58.3,82.07,382.7,82.08,380.5,82.09,2488.2,82.1,227.0
1700000099.5,199,86.71000000000001,0.05999999999998806,86.68,172.6,86.74,402.9,2014.1,6381.0,86.68,21.4,SELL,1,86.68,172.6,86.67,218.0,86.66,359.6,86.65,973.3,86.64,290.6,86.74,402.9,86.75,141.0,86.76,754.6,86.77,1744.5,86.78,3338.0
1700000100.0,200,86.72,0.060000000000002274,86.69,264.5,86.75,372.1,2700.7999999999997,9138.5,86.75,25.7,BUY,2,86.69,264.5,86.68,139.9,86.67,770.3,86.66,1220.9,86.65,305.2,86.75,372.1,86.76,1882.4,86.77,1114.0,86.78,567.9,86.79,5202.1
1700000100.5,201,86.72,0.060000000000002274,86.69,407.0,86.75,620.7,4187.0,4617.700000000001,86.69,77.5,SELL,1,86.69,407.0,86.68,162.6,86.67,2824.2,86.66,703.1,86.65,90.1,86.75,620.7,86.76,10.0,86.77,2001.4,86.78,845.3,86.79,1140.3
1700000101.0,202,86.72,0.060000000000002274,86.69,481.2,86.75,658.9,3482.5,4595.599999999999,86.69,115.5,SELL,3,86.69,481.2,86.68,518.4,86.67,396.5,86.66,227.6,86.65,1858.8,86.75,658.9,86.76,1010.5,86.77,615.6,86.78,1689.2,86.79,621.4
1700000101.5,203,86.70500000000001,0.04999999999999716,86.68,111.2,86.73,521.9,1494.6,3307.0,86.68,15.2,SELL,3,86.68,111.2,86.67,243.6,86.66,601.1,86.65,131.8,86.64,406.9,86.73,521.9,86.74,715.7,86.75,189.7,86.76,1481.9,86.77,397.8
1700000102.0,204,86.72,0.060000000000002274,86.69,1905.5,86.75,251.0,2771.0000000000005,5236.1,86.75,15.9,BUY,1,86.69,1905.5,86.68,317.3,86.67,179.4,86.66,135.4,86.65,233.4,86.75,251.0,86.76,1450.9,86.77,183.6,86.78,1929.2,86.79,1421.4
1700000102.5,205,86.73,0.060000000000002274,86.7,343.2,86.76,347.5,3149.6,3386.3,86.76,63.7,BUY,3,86.7,343.2,86.69,219.1,86.68,905.5,86.67,974.2,86.66,707.6,86.76,347.5,86.77,419.9,86.78,1308.4,86.79,648.0,86.8,662.5
1700000103.0,206,86.73,0.060000000000002274,86.7,1735.4,86.76,813.8,10358.7,1889.1,86.76,5.0,BUY,1,86.7,1735.4,86.69,932.5,86.68,68.7,86.67,2294.1,86.66,5328.0,86.76,813.8,86.77,413.8,86.78,513.5,86.79,10.0,86.8,138.0
1700000103.5,207,86.72999999999999,0.04000000000000625,86.71,699.1,86.75,135.6,3133.8999999999996,2339.5,86.75,34.0,BUY,1,86.71,699.1,86.7,787.0,86.69,389.5,86.68,784.8,86.67,473.5,86.75,135.6,86.76,486.5,86.77,518.8,86.78,427.2,86.79,771.4
1700000104.0,208,86.73,0.060000000000002274,86.7,101.7,86.76,2013.8,2363.5,8339.5,86.7,58.9,SELL,1,86.7,101.7,86.69,793.7,86.68,486.9,86.67,753.5,86.66,227.7,86.76,2013.8,86.77,1030.8,86.78,931.0,86.79,4198.1,86.8,165.8
1700000104.5,209,86.73,0.060000000000002274,86.7,26.6,86.76,451.0,3055.5,2280.3,86.7,92.0,SELL,5,86.7,26.6,86.69,42.9,86.68,696.6,86.67,109.5,86.66,2179.9,86.76,451.0,86.77,74.0,86.78,140.2,86.79,528.2,86.8,1086.9
1700000105.0,210,86.73,0.060000000000002274,86.7,415.6,86.76,239.9,3598.9,3972.6,86.7,5.0,SELL,1,86.7,415.6,86.69,716.5,86.68,83.9,86.67,124.9,86.66,2258.0,86.76,239.9,86.77,1886.7,86.78,398.0,86.79,844.5,86.8,603.5
1700000105.5,211,86.73,0.060000000000002274,86.7,781.0,86.76,125.4,4512.2,3347.8,86.7,17.8,SELL,1,86.7,781.0,86.69,1405.5,86.68,1394.5,86.67,914.5,86.66,16.7,86.76,125.4,86.77,1109.4,86.78,370.6,86.79,1289.1,86.8,453.3
1700000106.0,212,86.73,0.060000000000002274,86.7,872.5,86.76,43.2,3767.5,6639.900000000001,86.76,86.3,BUY,3,86.7,872.5,86.69,1311.2,86.68,533.8,86.67,880.3,86.66,169.7,86.76,43.2,86.77,471.8,86.78,1629.2,86.79,2324.9,86.8,2170.8
1700000106.5,213,86.72,0.060000000000002274,86.69,1058.0,86.75,746.8,2863.2,7123.0,86.75,5.0,BUY,3,86.69,1058.0,86.68,192.3,86.67,859.5,86.66,595.7,86.65,157.7,86.75,746.8,86.76,909.6,86.77,2665.4,86.78,2449.7,86.79,351.5
1700000107.0,214,86.72,0.060000000000002274,86.69,157.8,86.75,480.9,5784.9,1261.6,86.69,14.2,SELL,3,86.69,157.8,86.68,2244.5,86.67,628.5,86.66,1484.6,86.65,1269.5,86.75,480.9,86.76,83.5,86.77,112.0,86.78,292.9,86.79,292.3
1700000107.5,215,86.70500000000001,0.04999999999999716,86.68,2296.5,86.73,426.3,6226.5,5542.599999999999,86.68,74.8,SELL,1,86.68,2296.5,86.67,227.6,86.66,56.6,86.65,1434.6,86.64,2211.2,86.73,426.3,86.74,364.9,86.75,1415.0,86.76,2835.1,86.77,501.3
1700000108.0,216,86.70500000000001,0.04999999999999716,86.68,114.7,86.73,69.8,1620.3,4052.1,86.73,9.9,BUY,1,86.68,114.7,86.67,836.7,86.66,281.3,86.65,248.5,86.64,139.1,86.73,69.8,86.74,108.7,86.75,837.3,86.76,1738.4,86.77,1297.9
1700000108.5,217,86.70500000000001,0.04999999999999716,86.68,959.2,86.73,123.6,4737.6,3243.2000000000003,86.73,29.4,BUY,2,86.68,959.2,86.67,101.5,86.66,184.4,86.65,448.7,86.64,3043.8,86.73,123.6,86.74,308.5,86.75,769.4,86.76,1597.8,86.77,443.9
1700000109.0,218,86.72,0.060000000000002274,86.69,963.3,86.75,816.8,5109.3,2746.7,86.69,5.5,SELL,4,86.69,963.3,86.68,961.0,86.67,768.8,86.66,818.4,86.65,1597.8,86.75,816.8,86.76,306.8,86.77,86.7,86.78,347.8,86.79,1188.6
1700000109.5,219,86.72999999999999,0.04000000000000625,86.71,1004.2,86.75,403.5,4508.3,4395.0,86.71,41.5,SELL,2,86.71,1004.2,86.7,216.9,86.69,1059.9,86.68,1599.5,86.67,627.8,86.75,403.5,86.76,12.9,86.77,1156.8,86.78,2545.7,86.79,276.1
1700000110.0,220,86.73,0.060000000000002274,86.7,210.9,86.76,552.1,3279.7,1645.2,86.76,5.0,BUY,5,86.7,210.9,86.69,1096.1,86.68,149.2,86.67,759.8,86.66,1063.7,86.76,552.1,86.77,218.4,86.78,422.9,86.79,435.3,86.8,16.5
1700000110.5,221,86.72,0.060000000000002274,86.69,308.6,86.75,1259.8,3702.7999999999997,4826.8,86.75,43.6,BUY,5,86.69,308.6,86.68,16.6,86.67,1093.2,86.66,734.8,86.65,1549.6,86.75,1259.8,86.76,791.3,86.77,272.3,86.78,318.8,86.79,2184.6
1700000111.0,222,86.72,0.060000000000002274,86.69,467.6,86.75,10.0,3234.5,4379.9,86.69,50.0,SELL,3,86.69,467.6,86.68,564.5,86.67,388.4,86.66,288.6,86.65,1525.4,86.75,10.0,86.76,509.0,86.77,987.3,86.78,123.2,86.79,2750.4
1700000111.5,223,86.70500000000001,0.04999999999999716,86.68,267.3,86.73,146.2,2514.2,4204.0,86.68,5.0,SELL,3,86.68,267.3,86.67,1008.0,86.66,78.3,86.65,659.2,86.64,501.4,86.73,146.2,86.74,54.6,86.75,1420.1,86.76,560.9,86.77,2022.2
1700000112.0,224,86.70500000000001,0.04999999999999716,86.68,147.1,86.73,338.2,2508.1,5119.200000000001,86.73,31.9,BUY,2,86.68,147.1,86.67,706.3,86.66,422.4,86.65,152.7,86.64,1079.6,86.73,338.2,86.74,317.5,86.75,2674.4,86.76,737.9,86.77,1051.2
1700000112.5,225,86.70500000000001,0.04999999999999716,86.68,83.6,86.73,363.0,7451.9,9173.5,86.73,67.4,BUY,1,86.68,83.6,86.67,1178.9,86.66,10.0,86.65,4220.5,86.64,1958.9,86.73,363.0,86.74,108.7,86.75,63.7,86.76,7470.3,86.77,1167.8
1700000113.0,226,86.70500000000001,0.04999999999999716,86.68,382.3,86.73,11.7,5776.299999999999,1686.5000000000002,86.73,5.0,BUY,1,86.68,382.3,86.67,59.4,86.66,997.6,86.65,2688.6,86.64,1648.4,86.73,11.7,86.74,595.0,86.75,26.2,86.76,407.9,86.77,645.7
1700000113.5,227,86.72,0.03999999999999204,86.7,678.3,86.74,207.7,6775.7,1996.2999999999997,86.7,49.5,SELL,2,86.7,678.3,86.69,1198.5,86.68,577.0,86.67,1159.2,86.66,3162.7,86.74,207.7,86.75,263.6,86.76,368.5,86.77,361.9,86.78,794.6
1700000114.0,228,86.72,0.03999999999999204,86.7,547.1,86.74,330.8,5984.4,4790.3,86.74,25.6,BUY,1,86.7,547.1,86.69,135.9,86.68,2367.6,86.67,409.1,86.66,2524.7,86.74,330.8,86.75,444.6,86.76,2112.7,86.77,1754.4,86.78,147.8
1700000114.5,229,86.72,0.060000000000002274,86.69,82.9,86.75,276.9,3002.9,4884.6,86.75,61.4,BUY,5,86.69,82.9,86.68,308.6,86.67,728.6,86.66,430.4,86.65,1452.4,86.75,276.9,86.76,87.8,86.77,1469.7,86.78,1227.8,86.79,1822.4
1700000115.0,230,86.72,0.060000000000002274,86.69,606.1,86.75,1716.2,5637.9,5872.8,86.72,0.0,BUY,0,86.69,606.1,86.68,1608.4,86.67,1199.0,86.66,1968.7,86.65,255.7,86.75,1716.2,86.76,723.8,86.77,408.1,86.78,1246.5,86.79,1778.2
1700000115.5,231,83.22,0.060000000000002274,83.19,416.2,83.25,639.7,2060.6,4297.6,83.25,17.3,BUY,1,83.19,416.2,83.18,10.0,83.17,192.3,83.16,1227.4,83.15,214.7,83.25,639.7,83.26,1256.8,83.27,433.4,83.28,1045.4,83.29,922.3
1700000116.0,232,77.84,0.060000000000002274,77.81,15.5,77.87,338.7,4158.3,3248.9000000000005,77.87,86.6,BUY,2,77.81,15.5,77.8,439.4,77.79,169.7,77.78,1548.5,77.77,1985.2,77.87,338.7,77.88,479.8,77.89,395.7,77.9,1615.9,77.91,418.8
1700000116.5,233,76.98,0.060000000000002274,76.95,710.7,77.01,447.6,6451.4,5261.5,76.95,5.0,SELL,3,76.95,710.7,76.94,2501.5,76.93,43.4,76.92,1392.1,76.91,1803.7,77.01,447.6,77.02,113.3,77.03,690.4,77.04,2046.5,77.05,1963.7
1700000117.0,234,76.98,0.060000000000002274,76.95,786.4,77.01,77.0,3113.2999999999997,1475.7,76.95,10.8,SELL,2,76.95,786.4,76.94,724.2,76.93,111.1,76.92,1176.6,76.91,315.0,77.01,77.0,77.02,333.6,77.03,541.7,77.04,498.8,77.05,24.6
1700000117.5,235,76.97,0.060000000000002274,76.94,390.9,77.0,36.1,5031.6,4321.299999999999,76.94,12.2,SELL,1,76.94,390.9,76.93,1088.1,76.92,511.7,76.91,2001.4,76.9,1039.5,77.0,36.1,77.01,1038.4,77.02,1018.2,77.03,152.9,77.04,2075.7
1700000118.0,236,76.97,0.060000000000002274,76.94,64.0,77.0,537.0,4335.6,2500.1,77.0,18.7,BUY,2,76.94,64.0,76.93,811.5,76.92,120.8,76.91,3254.0,76.9,85.3,77.0,537.0,77.01,1226.4,77.02,264.9,77.03,95.1,77.04,376.7
1700000118.5,237,76.97,0.060000000000002274,76.94,329.2,77.0,1992.1,3077.8,5486.0,76.94,33.1,SELL,2,76.94,329.2,76.93,940.4,76.92,323.8,76.91,336.7,76.9,1147.7,77.0,1992.1,77.01,908.2,77.02,1258.5,77.03,702.4,77.04,624.8
1700000119.0,238,76.97,0.060000000000002274,76.94,281.5,77.0,1149.2,2593.6,3509.8,76.94,11.4,SELL,1,76.94,281.5,76.93,967.7,76.92,298.0,76.91,835.3,76.9,211.1,77.0,1149.2,77.01,920.4,77.02,97.4,77.03,719.9,77.04,622.9
1700000119.5,239,76.97,0.060000000000002274,76.94,155.4,77.0,630.6,5311.5,7003.5,76.94,24.0,SELL,2,76.94,155.4,76.93,1066.1,76.92,511.6,76.91,789.6,76.9,2788.8,77.0,630.6,77.01,1555.1,77.02,3274.3,77.03,524.6,77.04,1018.9
1700000120.0,240,76.97,0.060000000000002274,76.94,1223.1,77.0,302.0,4424.9,3988.0,76.94,76.0,SELL,2,76.94,1223.1,76.93,2132.3,76.92,200.7,76.91,213.9,76.9,654.9,77.0,302.0,77.01,255.2,77.02,2337.5,77.03,14.8,77.04,1078.5
1700000120.5,241,76.97,0.060000000000002274,76.94,1318.3,77.0,83.5,3444.3999999999996,2593.5000000000005,76.94,7.5,SELL,1,76.94,1318.3,76.93,744.6,76.92,536.3,76.91,835.2,76.9,10.0,77.0,83.5,77.01,1080.2,77.02,605.6,77.03,537.3,77.04,286.9
1700000121.0,242,76.97,0.060000000000002274,76.94,166.5,77.0,48.5,2895.2999999999997,2541.5,76.94,47.0,SELL,3,76.94,166.5,76.93,441.4,76.92,1880.7,76.91,222.2,76.9,184.5,77.0,48.5,77.01,705.0,77.02,1566.8,77.03,44.2,77.04,177.0
1700000121.5,243,76.97,0.03999999999999204,76.95,129.9,76.99,1316.6,3230.4000000000005,7565.4,76.95,14.0,SELL,2,76.95,129.9,76.94,11.9,76.93,743.6,76.92,249.2,76.91,2095.8,76.99,1316.6,77.0,2549.9,77.01,611.9,77.02,2978.3,77.03,108.7
1700000122.0,244,76.98,0.060000000000002274,76.95,367.9,77.01,1071.1,3717.0,4081.0000000000005,77.01,15.1,BUY,1,76.95,367.9,76.94,760.8,76.93,159.8,76.92,1856.0,76.91,572.5,77.01,1071.1,77.02,125.0,77.03,113.7,77.04,2723.3,77.05,47.9
1700000122.5,245,76.98,0.060000000000002274,76.95,692.7,77.01,1048.9,5997.000000000001,2553.6000000000004,76.98,0.0,BUY,0,76.95,692.7,76.94,1184.2,76.93,438.9,76.92,2597.4,76.91,1083.8,77.01,1048.9,77.02,430.0,77.03,35.9,77.04,364.1,77.05,674.7
1700000123.0,246,76.98,0.060000000000002274,76.95,344.7,77.01,853.2,2236.3999999999996,4910.5,77.01,5.0,BUY,1,76.95,344.7,76.94,282.7,76.93,279.5,76.92,178.7,76.91,1150.8,77.01,853.2,77.02,126.1,77.03,1200.1,77.04,1508.9,77.05,1222.2
1700000123.5,247,76.97,0.060000000000002274,76.94,34.2,77.0,965.4,2385.1,7622.799999999999,77.0,17.2,BUY,3,76.94,34.2,76.93,110.5,76.92,192.1,76.91,1789.2,76.9,259.1,77.0,965.4,77.01,579.6,77.02,13.3,77.03,274.6,77.04,5789.9
1700000124.0,248,76.97,0.03999999999999204,76.95,117.5,76.99,41.4,7895.6,3577.7,76.95,23.3,SELL,3,76.95,117.5,76.94,178.0,76.93,895.8,76.92,2216.5,76.91,4487.8,76.99,41.4,77.0,121.5,77.01,82.7,77.02,2255.1,77.03,1077.0
1700000124.5,249,76.97,0.060000000000002274,76.94,297.6,77.0,1186.1,2710.7,3949.8999999999996,76.94,5.6,SELL,2,76.94,297.6,76.93,120.0,76.92,746.0,76.91,852.4,76.9,694.7,77.0,1186.1,77.01,29.3,77.02,1163.0,77.03,1545.7,77.04,25.8
1700000125.0,250,76.97,0.060000000000002274,76.94,111.4,77.0,296.6,2062.7999999999997,3208.7,76.97,0.0,BUY,0,76.94,111.4,76.93,448.0,76.92,158.5,76.91,570.3,76.9,774.6,77.0,296.6,77.01,1038.2,77.02,133.0,77.03,907.6,77.04,833.3
1700000125.5,251,76.98,0.060000000000002274,76.95,98.6,77.01,565.7,4556.3,2283.8,77.01,8.5,BUY,5,76.95,98.6,76.94,663.8,76.93,1722.7,76.92,1197.5,76.91,873.7,77.01,565.7,77.02,283.8,77.03,133.3,77.04,697.1,77.05,603.9
1700000126.0,252,76.98,0.060000000000002274,76.95,487.9,77.01,833.1,6055.4,3501.6,77.01,50.2,BUY,1,76.95,487.9,76.94,433.6,76.93,1450.6,76.92,2190.7,76.91,1492.6,77.01,833.1,77.02,68.6,77.03,107.8,77.04,149.4,77.05,2342.7
1700000126.5,253,76.98,0.060000000000002274,76.95,753.9,77.01,468.8,6247.799999999999,3340.2999999999997,76.95,64.3,SELL,5,76.95,753.9,76.94,920.9,76.93,64.8,76.92,1746.8,76.91,2761.4,77.01,468.8,77.02,174.6,77.03,1252.8,77.04,717.0,77.05,727.1
1700000127.0,254,76.98,0.060000000000002274,76.95,645.1,77.01,289.9,1637.4,4547.200000000001,76.95,14.1,SELL,3,76.95,645.1,76.94,332.0,76.93,298.1,76.92,25.4,76.91,336.8,77.01,289.9,77.02,1388.0,77.03,703.2,77.04,367.0,77.05,1799.1
1700000127.5,255,76.99,0.060000000000002274,76.96,286.9,77.02,1662.6,1936.0,6059.2,76.96,56.9,SELL,1,76.96,286.9,76.95,210.9,76.94,406.5,76.93,198.9,76.92,832.8,77.02,1662.6,77.03,382.0,77.04,2221.4,77.05,1370.9,77.06,422.3
1700000128.0,256,76.99000000000001,0.04000000000000625,76.97,150.1,77.01,134.9,4091.6000000000004,2749.4,77.01,49.9,BUY,4,76.97,150.1,76.96,702.9,76.95,128.0,76.94,2952.3,76.93,158.3,77.01,134.9,77.02,1199.2,77.03,80.6,77.04,394.3,77.05,940.4
1700000128.5,257,76.99,0.060000000000002274,76.96,135.7,77.02,399.8,3449.5,4291.0,77.02,11.3,BUY,2,76.96,135.7,76.95,440.2,76.94,999.6,76.93,276.6,76.92,1597.4,77.02,399.8,77.03,977.6,77.04,1409.5,77.05,507.5,77.06,996.6
1700000129.0,258,76.99000000000001,0.04000000000000625,76.97,375.6,77.01,265.0,3497.6000000000004,4243.0,76.99000000000001,0.0,BUY,0,76.97,375.6,76.96,236.3,76.95,1563.0,76.94,193.4,76.93,1129.3,77.01,265.0,77.02,476.1,77.03,1230.1,77.04,137.3,77.05,2134.5
1700000129.5,259,82.55,0.060000000000002274,82.52,1442.8,82.58,390.5,6096.2,3519.6,82.52,13.0,SELL,4,82.52,1442.8,82.51,136.9,82.5,316.8,82.49,2068.0,82.48,2131.7,82.58,390.5,82.59,322.6,82.6,53.0,82.61,1555.4,82.62,1198.1
1700000130.0,260,82.55,0.060000000000002274,82.52,516.4,82.58,364.4,5849.2,3728.0999999999995,82.52,19.6,SELL,1,82.52,516.4,82.51,2637.3,82.5,954.6,82.49,867.0,82.48,873.9,82.58,364.4,82.59,1000.8,82.6,1269.0,82.61,408.7,82.62,685.2
1700000130.5,261,82.55,0.060000000000002274,82.52,466.5,82.58,496.8,1831.9999999999998,3343.1,82.58,53.4,BUY,2,82.52,466.5,82.51,284.3,82.5,465.9,82.49,570.6,82.48,44.7,82.58,496.8,82.59,278.1,82.6,1090.8,82.61,1013.8,82.62,463.6
1700000131.0,262,82.55,0.060000000000002274,82.52,344.4,82.58,182.0,1489.5,3910.5,82.55,0.0,BUY,0,82.52,344.4,82.51,493.4,82.5,278.0,82.49,122.3,82.48,251.4,82.58,182.0,82.59,1881.4,82.6,147.1,82.61,719.5,82.62,980.5
1700000131.5,263,82.55,0.060000000000002274,82.52,1771.5,82.58,143.1,3807.5000000000005,2207.0,82.58,49.6,BUY,1,82.52,1771.5,82.51,483.8,82.5,1129.4,82.49,145.8,82.48,277.0,82.58,143.1,82.59,400.8,82.6,366.6,82.61,69.3,82.62,1227.2
1700000132.0,264,82.55,0.060000000000002274,82.52,239.0,82.58,10.0,3683.2999999999997,6854.8,82.58,109.7,BUY,2,82.52,239.0,82.51,42.9,82.5,2371.7,82.49,41.1,82.48,988.6,82.58,10.0,82.59,772.0,82.6,3485.4,82.61,1534.1,82.62,1053.3
1700000132.5,265,82.55,0.060000000000002274,82.52,89.1,82.58,1498.9,1536.8000000000002,3524.2,82.58,23.3,BUY,4,82.52,89.1,82.51,223.5,82.5,933.8,82.49,23.3,82.48,267.1,82.58,1498.9,82.59,361.2,82.6,591.4,82.61,62.1,82.62,1010.6
1700000133.0,266,82.55,0.060000000000002274,82.52,211.5,82.58,865.3,2177.9,2088.2,82.52,53.1,SELL,2,82.52,211.5,82.51,37.8,82.5,1135.2,82.49,323.9,82.48,469.5,82.58,865.3,82.59,361.8,82.6,174.6,82.61,266.2,82.62,420.3
1700000133.5,267,82.55,0.060000000000002274,82.52,435.9,82.58,230.0,3752.2,3817.3999999999996,82.52,175.8,SELL,3,82.52,435.9,82.51,139.2,82.5,790.6,82.49,381.1,82.48,2005.4,82.58,230.0,82.59,564.5,82.6,446.7,82.61,164.0,82.62,2412.2
1700000134.0,268,82.56,0.060000000000002274,82.53,362.5,82.59,517.6,5779.199999999999,4766.7,82.59,35.9,BUY,2,82.53,362.5,82.52,567.3,82.51,1524.1,82.5,1286.2,82.49,2039.1,82.59,517.6,82.6,337.4,82.61,517.2,82.62,10.0,82.63,3384.5
1700000134.5,269,82.56,0.03999999999999204,82.54,654.3,82.58,2107.1,6593.999999999999,4836.4,82.56,0.0,BUY,0,82.54,654.3,82.53,389.9,82.52,840.1,82.51,4353.4,82.5,356.3,82.58,2107.1,82.59,254.5,82.6,2146.3,82.61,312.6,82.62,15.9
1700000135.0,270,82.56,0.060000000000002274,82.53,166.0,82.59,669.3,2201.2,1237.9999999999998,82.59,9.8,BUY,1,82.53,166.0,82.52,320.8,82.51,204.7,82.5,255.6,82.49,1254.1,82.59,669.3,82.6,54.5,82.61,326.9,82.62,163.1,82.63,24.2
1700000135.5,271,82.56,0.060000000000002274,82.53,126.7,82.59,43.2,5853.6,5866.9,82.53,59.7,SELL,2,82.53,126.7,82.52,2808.9,82.51,1036.4,82.5,993.0,82.49,888.6,82.59,43.2,82.6,247.6,82.61,842.2,82.62,2249.1,82.63,2484.8
1700000136.0,272,82.55,0.060000000000002274,82.52,10.0,82.58,158.1,2669.1000000000004,6762.2,82.55,0.0,BUY,0,82.52,10.0,82.51,99.6,82.5,784.7,82.49,160.4,82.48,1614.4,82.58,158.1,82.59,938.1,82.6,3400.3,82.61,1061.5,82.62,1204.2
1700000136.5,273,82.54499999999999,0.04999999999999716,82.52,84.6,82.57,106.8,1862.8,2643.0,82.54499999999999,0.0,BUY,0,82.52,84.6,82.51,81.9,82.5,108.1,82.49,397.9,82.48,1190.3,82.57,106.8,82.58,149.8,82.59,2061.3,82.6,78.1,82.61,247.0
1700000137.0,274,82.53999999999999,0.05999999999998806,82.51,83.7,82.57,716.5,1265.7,3057.3,82.51,9.8,SELL,2,82.51,83.7,82.5,49.1,82.49,434.7,82.48,207.7,82.47,490.5,82.57,716.5,82.58,205.2,82.59,161.6,82.6,1225.5,82.61,748.5
1700000137.5,275,82.54499999999999,0.04999999999999716,82.52,19.0,82.57,57.4,9515.6,2349.3999999999996,82.57,19.0,BUY,1,82.52,19.0,82.51,20.3,82.5,1567.0,82.49,1614.2,82.48,6295.1,82.57,57.4,82.58,245.6,82.59,437.9,82.6,1008.3,82.61,600.2
1700000138.0,276,82.53,0.03999999999999204,82.51,407.7,82.55,340.8,4818.8,4764.0,82.51,43.2,SELL,3,82.51,407.7,82.5,503.2,82.49,1849.9,82.48,998.1,82.47,1059.9,82.55,340.8,82.56,1937.9,82.57,1937.8,82.58,279.6,82.59,267.9
1700000138.5,277,82.52,0.060000000000002274,82.49,462.2,82.55,294.8,6723.3,2403.7,82.55,35.7,BUY,1,82.49,462.2,82.48,827.0,82.47,162.5,82.46,98.5,82.45,5173.1,82.55,294.8,82.56,10.4,82.57,1369.6,82.58,94.8,82.59,634.1
1700000139.0,278,82.52,0.060000000000002274,82.49,275.6,82.55,428.8,3098.0,4859.3,82.52,0.0,BUY,0,82.49,275.6,82.48,13.1,82.47,265.6,82.46,2037.7,82.45,506.0,82.55,428.8,82.56,110.9,82.57,1021.1,82.58,1886.1,82.59,1412.4
1700000139.5,279,80.28,0.060000000000002274,80.25,403.6,80.31,50.5,4145.9,2587.2000000000003,80.31,78.0,BUY,2,80.25,403.6,80.24,1483.0,80.23,455.8,80.22,321.1,80.21,1482.4,80.31,50.5,80.32,120.9,80.33,2125.5,80.34,24.4,80.35,265.9
1700000140.0,280,80.28,0.060000000000002274,80.25,46.4,80.31,46.9,6267.0,2263.2,80.25,78.9,SELL,2,80.25,46.4,80.24,128.6,80.23,711.7,80.22,994.5,80.21,4385.8,80.31,46.9,80.32,375.1,80.33,770.5,80.34,606.7,80.35,464.0
1700000140.5,281,80.27,0.060000000000002274,80.24,385.2,80.3,414.8,5377.7,4196.2,80.24,24.5,SELL,1,80.24,385.2,80.23,1545.1,80.22,31.3,80.21,2050.3,80.2,1365.8,80.3,414.8,80.31,772.7,80.32,39.9,80.33,400.2,80.34,2568.6
1700000141.0,282,80.27,0.060000000000002274,80.24,19.1,80.3,31.4,4837.299999999999,1556.3,80.27,0.0,BUY,0,80.24,19.1,80.23,3043.6,80.22,763.2,80.21,705.7,80.2,305.7,80.3,31.4,80.31,112.5,80.32,516.8,80.33,192.5,80.34,703.1
1700000141.5,283,80.28,0.060000000000002274,80.25,424.4,80.31,820.0,2489.7999999999997,6207.7,80.28,0.0,BUY,0,80.25,424.4,80.24,782.8,80.23,472.8,80.22,89.5,80.21,720.3,80.31,820.0,80.32,841.0,80.33,3402.4,80.34,1028.6,80.35,115.7
1700000142.0,284,80.28,0.060000000000002274,80.25,247.0,80.31,1052.8,7229.1,4173.4,80.25,28.0,SELL,2,80.25,247.0,80.24,2347.0,80.23,2864.5,80.22,56.7,80.21,1713.9,80.31,1052.8,80.32,1272.2,80.33,288.0,80.34,164.5,80.35,1395.9
1700000142.5,285,80.28,0.03999999999999204,80.26,269.2,80.3,291.5,3970.3,1898.9,80.26,5.0,SELL,2,80.26,269.2,80.25,155.1,80.24,324.1,80.23,2055.8,80.22,1166.1,80.3,291.5,80.31,67.7,80.32,659.5,80.33,681.2,80.34,199.0
1700000143.0,286,80.27,0.060000000000002274,80.24,403.5,80.3,433.4,1987.9,2430.0,80.24,162.8,SELL,2,80.24,403.5,80.23,214.8,80.22,402.5,80.21,449.6,80.2,517.5,80.3,433.4,80.31,403.6,80.32,281.0,80.33,606.3,80.34,705.7
1700000143.5,287,80.27,0.060000000000002274,80.24,340.6,80.3,164.3,3608.8,8808.2,80.3,118.6,BUY,1,80.24,340.6,80.23,284.7,80.22,879.7,80.21,1454.1,80.2,649.7,80.3,164.3,80.31,813.5,80.32,442.4,80.33,4731.8,80.34,2656.2
1700000144.0,288,80.27,0.060000000000002274,80.24,17.0,80.3,52.2,5389.3,3043.4000000000005,80.24,5.0,SELL,2,80.24,17.0,80.23,10.0,80.22,649.7,80.21,3921.4,80.2,791.2,80.3,52.2,80.31,1156.0,80.32,547.2,80.33,1261.7,80.34,26.3
1700000144.5,289,80.28,0.03999999999999204,80.26,372.5,80.3,151.6,4670.6,3238.0,80.28,0.0,BUY,0,80.26,372.5,80.25,529.7,80.24,417.6,80.23,2941.5,80.22,409.3,80.3,151.6,80.31,46.2,80.32,1097.5,80.33,1280.0,80.34,662.7
1700000145.0,290,80.28,0.060000000000002274,80.25,1011.2,80.31,47.2,6476.5,3901.6,80.28,0.0,BUY,0,80.25,1011.2,80.24,272.6,80.23,905.2,80.22,1145.0,80.21,3142.5,80.31,47.2,80.32,196.3,80.33,985.4,80.34,388.5,80.35,2284.2
1700000145.5,291,80.28,0.060000000000002274,80.25,278.7,80.31,313.9,6051.0,4005.7000000000003,80.25,58.8,SELL,2,80.25,278.7,80.24,1679.2,80.23,1676.3,80.22,1418.0,80.21,998.8,80.31,313.9,80.32,350.3,80.33,880.6,80.34,1450.8,80.35,1010.1
1700000146.0,292,80.28,0.060000000000002274,80.25,236.5,80.31,776.6,2475.0,3399.2,80.25,17.9,SELL,4,80.25,236.5,80.24,961.7,80.23,10.9,80.22,409.7,80.21,856.2,80.31,776.6,80.32,382.0,80.33,391.3,80.34,1757.6,80.35,91.7
1700000146.5,293,80.28,0.060000000000002274,80.25,223.9,80.31,92.6,5420.4,4229.8,80.31,70.0,BUY,1,80.25,223.9,80.24,3923.4,80.23,10.0,80.22,155.9,80.21,1107.2,80.31,92.6,80.32,195.1,80.33,458.8,80.34,74.4,80.35,3408.9
1700000147.0,294,80.28,0.060000000000002274,80.25,2094.3,80.31,29.1,5351.1,1935.2,80.31,59.3,BUY,3,80.25,2094.3,80.24,347.3,80.23,496.2,80.22,1138.2,80.21,1275.1,80.31,29.1,80.32,863.2,80.33,61.8,80.34,64.2,80.35,916.9
1700000147.5,295,80.29499999999999,0.04999999999999716,80.27,60.4,80.32,521.9,2505.8999999999996,5338.5,80.32,221.6,BUY,2,80.27,60.4,80.26,62.1,80.25,994.7,80.24,683.9,80.23,704.8,80.32,521.9,80.33,691.8,80.34,1012.8,80.35,3062.5,80.36,49.5
1700000148.0,296,80.29499999999999,0.04999999999999716,80.27,679.0,80.32,451.2,3502.7,6510.1,80.27,61.7,SELL,3,80.27,679.0,80.26,179.5,80.25,1015.3,80.24,394.1,80.23,1234.8,80.32,451.2,80.33,15.6,80.34,1720.0,80.35,2923.0,80.36,1400.3
1700000148.5,297,80.3,0.060000000000002274,80.27,128.1,80.33,2178.7,10607.9,4694.4,80.27,29.2,SELL,4,80.27,128.1,80.26,754.9,80.25,3678.3,80.24,2092.1,80.23,3954.5,80.33,2178.7,80.34,402.5,80.35,1049.6,80.36,225.2,80.37,838.4
1700000149.0,298,80.3,0.060000000000002274,80.27,148.5,80.33,477.8,1614.1000000000001,3017.4,80.33,11.9,BUY,2,80.27,148.5,80.26,573.2,80.25,466.3,80.24,226.2,80.23,199.9,80.33,477.8,80.34,603.8,80.35,266.8,80.36,1538.6,80.37,130.4
1700000149.5,299,80.29499999999999,0.04999999999999716,80.27,3319.1,80.32,493.0,5945.3,2933.5,80.27,14.2,SELL,2,80.27,3319.1,80.26,100.9,80.25,950.8,80.24,612.3,80.23,962.2,80.32,493.0,80.33,948.2,80.34,53.9,80.35,1342.1,80.36,96.3
1700000150.0,300,80.28999999999999,0.04000000000000625,80.27,290.3,80.31,249.5,3473.6000000000004,2268.1,80.31,74.0,BUY,2,80.27,290.3,80.26,185.1,80.25,726.4,80.24,374.6,80.23,1897.2,80.31,249.5,80.32,102.3,80.33,252.7,80.34,103.6,80.35,1560.0
1700000150.5,301,80.29499999999999,0.04999999999999716,80.27,351.1,80.32,1077.0,4325.0,4500.2,80.29499999999999,0.0,BUY,0,80.27,351.1,80.26,632.6,80.25,538.0,80.24,2215.5,80.23,587.8,80.32,1077.0,80.33,1112.8,80.34,1211.5,80.35,382.2,80.36,716.7
1700000151.0,302,80.29499999999999,0.04999999999999716,80.27,305.6,80.32,1137.5,1787.4,10610.7,80.29499999999999,0.0,BUY,0,80.27,305.6,80.26,257.1,80.25,718.2,80.24,475.2,80.23,31.3,80.32,1137.5,80.33,3624.7,80.34,11.2,80.35,2495.5,80.36,3341.8
1700000151.5,303,80.28999999999999,0.04000000000000625,80.27,173.3,80.31,1263.5,5351.099999999999,6084.4,80.27,91.8,SELL,1,80.27,173.3,80.26,766.3,80.25,1219.5,80.24,609.3,80.23,2582.7,80.31,1263.5,80.32,648.3,80.33,226.2,80.34,737.0,80.35,3209.4
1700000152.0,304,80.29499999999999,0.04999999999999716,80.27,156.9,80.32,674.1,1240.0,2925.8999999999996,80.32,26.8,BUY,3,80.27,156.9,80.26,381.4,80.25,132.7,80.24,389.6,80.23,179.4,80.32,674.1,80.33,237.2,80.34,811.8,80.35,962.6,80.36,240.2
1700000152.5,305,80.3,0.060000000000002274,80.27,389.0,80.33,1506.1,1646.1,6420.599999999999,80.33,7.2,BUY,1,80.27,389.0,80.26,462.9,80.25,138.0,80.24,115.4,80.23,540.8,80.33,1506.1,80.34,206.8,80.35,509.9,80.36,2170.5,80.37,2027.3
1700000153.0,306,80.3,0.060000000000002274,80.27,10.0,80.33,915.5,2996.2000000000003,2159.6,80.27,26.6,SELL,2,80.27,10.0,80.26,691.6,80.25,747.8,80.24,1151.5,80.23,395.3,80.33,915.5,80.34,150.6,80.35,445.6,80.36,277.8,80.37,370.1
1700000153.5,307,80.3,0.03999999999999204,80.28,1034.5,80.32,424.0,8077.3,2504.1,80.28,27.5,SELL,1,80.28,1034.5,80.27,378.7,80.26,1778.2,80.25,4538.6,80.24,347.3,80.32,424.0,80.33,896.2,80.34,490.2,80.35,35.8,80.36,657.9
1700000154.0,308,80.3,0.060000000000002274,80.27,980.7,80.33,1414.0,6961.2,5707.1,80.27,47.4,SELL,5,80.27,980.7,80.26,1706.7,80.25,581.7,80.24,3169.4,80.23,522.7,80.33,1414.0,80.34,40.3,80.35,790.8,80.36,1876.1,80.37,1585.9
1700000154.5,309,80.29499999999999,0.04999999999999716,80.27,1972.7,80.32,262.9,3144.8999999999996,3586.2999999999997,80.29499999999999,0.0,BUY,0,80.27,1972.7,80.26,268.5,80.25,448.6,80.24,442.7,80.23,12.4,80.32,262.9,80.33,105.4,80.34,658.0,80.35,2473.6,80.36,86.4
1700000155.0,310,80.28999999999999,0.05999999999998806,80.26,171.5,80.32,566.6,3452.8999999999996,6938.699999999999,80.26,5.0,SELL,1,80.26,171.5,80.25,1419.8,80.24,1028.9,80.23,448.2,80.22,384.5,80.32,566.6,80.33,1303.5,80.34,4545.7,80.35,80.9,80.36,442.0
1700000155.5,311,80.29499999999999,0.04999999999999716,80.27,857.0,80.32,812.7,3150.8999999999996,4942.1,80.32,78.1,BUY,2,80.27,857.0,80.26,1529.2,80.25,278.6,80.24,40.7,80.23,445.4,80.32,812.7,80.33,1659.2,80.34,887.6,80.35,107.2,80.36,1475.4
1700000156.0,312,80.29499999999999,0.04999999999999716,80.27,579.2,80.32,131.8,2260.7,2340.3,80.29499999999999,0.0,BUY,0,80.27,579.2,80.26,79.7,80.25,354.2,80.24,304.4,80.23,943.2,80.32,131.8,80.33,173.6,80.34,387.1,80.35,739.4,80.36,908.4
1700000156.5,313,80.28999999999999,0.04000000000000625,80.27,48.2,80.31,561.4,2205.5,6203.1,80.31,13.9,BUY,1,80.27,48.2,80.26,15.4,80.25,121.8,80.24,742.3,80.23,1277.8,80.31,561.4,80.32,282.9,80.33,37.4,80.34,528.2,80.35,4793.2
1700000157.0,314,80.28999999999999,0.05999999999998806,80.26,767.3,80.32,288.2,4987.0,5965.6,80.28999999999999,0.0,BUY,0,80.26,767.3,80.25,1068.8,80.24,2252.6,80.23,536.1,80.22,362.2,80.32,288.2,80.33,481.4,80.34,1354.4,80.35,2135.7,80.36,1705.9
1700000157.5,315,80.3,0.03999999999999204,80.28,1168.9,80.32,161.3,4212.6,4351.799999999999,80.28,31.0,SELL,1,80.28,1168.9,80.27,449.1,80.26,207.5,80.25,1591.1,80.24,796.0,80.32,161.3,80.33,115.8,80.34,1725.1,80.35,829.7,80.36,1519.9
1700000158.0,316,80.31,0.060000000000002274,80.28,14.2,80.34,72.0,9653.1,7638.200000000001,80.28,20.3,SELL,2,80.28,14.2,80.27,313.4,80.26,249.9,80.25,488.6,80.24,8587.0,80.34,72.0,80.35,3091.8,80.36,1841.3,80.37,2146.5,80.38,486.6
1700000158.5,317,80.31,0.060000000000002274,80.28,509.1,80.34,2792.4,2036.2,4776.599999999999,80.28,17.7,SELL,2,80.28,509.1,80.27,834.7,80.26,434.3,80.25,156.1,80.24,102.0,80.34,2792.4,80.35,503.7,80.36,10.0,80.37,1323.6,80.38,146.9
1700000159.0,318,80.31,0.060000000000002274,80.28,473.3,80.34,596.1,2088.2,5116.5,80.28,19.0,SELL,5,80.28,473.3,80.27,293.0,80.26,853.8,80.25,160.1,80.24,308.0,80.34,596.1,80.35,318.4,80.36,1722.1,80.37,2030.4,80.38,449.5
1700000159.5,319,80.31,0.060000000000002274,80.28,207.3,80.34,10.0,2361.2000000000003,3015.6000000000004,80.31,0.0,BUY,0,80.28,207.3,80.27,507.3,80.26,576.8,80.25,36.4,80.24,1033.4,80.34,10.0,80.35,566.5,80.36,162.4,80.37,168.9,80.38,2107.8
1700000160.0,320,80.315,0.04999999999999716,80.29,502.5,80.34,1033.3,4502.9,2519.1,80.29,29.2,SELL,6,80.29,502.5,80.28,500.4,80.27,981.3,80.26,797.4,80.25,1721.3,80.34,1033.3,80.35,195.5,80.36,819.5,80.37,108.7,80.38,362.1
1700000160.5,321,80.31,0.060000000000002274,80.28,27.5,80.34,10.0,3607.6000000000004,929.0,80.28,10.6,SELL,3,80.28,27.5,80.27,1406.4,80.26,802.5,80.25,617.0,80.24,754.2,80.34,10.0,80.35,456.4,80.36,271.8,80.37,160.8,80.38,30.0
1700000161.0,322,80.31,0.060000000000002274,80.28,549.3,80.34,47.7,2087.7000000000003,4828.200000000001,80.28,39.9,SELL,4,80.28,549.3,80.27,675.6,80.26,285.2,80.25,200.5,80.24,377.1,80.34,47.7,80.35,374.1,80.36,3129.8,80.37,517.1,80.38,759.5
1700000161.5,323,80.31,0.060000000000002274,80.28,567.4,80.34,593.6,3342.7,1140.6000000000001,80.28,31.8,SELL,1,80.28,567.4,80.27,282.7,80.26,584.5,80.25,405.1,80.24,1503.0,80.34,593.6,80.35,188.6,80.36,36.6,80.37,215.6,80.38,106.2
1700000162.0,324,80.315,0.04999999999999716,80.29,365.2,80.34,1758.4,2293.7999999999997,3759.4000000000005,80.34,35.2,BUY,2,80.29,365.2,80.28,1264.3,80.27,26.1,80.26,323.0,80.25,315.2,80.34,1758.4,80.35,1676.6,80.36,113.3,80.37,65.3,80.38,145.8
1700000162.5,325,80.315,0.04999999999999716,80.29,188.3,80.34,355.0,2447.7000000000003,3005.6,80.34,33.7,BUY,1,80.29,188.3,80.28,34.8,80.27,917.9,80.26,1092.3,80.25,214.4,80.34,355.0,80.35,404.3,80.36,652.3,80.37,107.6,80.38,1486.4
1700000163.0,326,80.315,0.06999999999999318,80.28,50.4,80.35,497.2,2351.8,3742.7,80.28,14.8,SELL,4,80.28,50.4,80.27,1250.4,80.26,753.5,80.25,283.8,80.24,13.7,80.35,497.2,80.36,13.5,80.37,969.9,80.38,100.4,80.39,2161.7
1700000163.5,327,80.31,0.060000000000002274,80.28,101.0,80.34,10.0,3216.1,2096.9,80.34,7.1,BUY,1,80.28,101.0,80.27,809.5,80.26,938.9,80.25,51.6,80.24,1315.1,80.34,10.0,80.35,860.8,80.36,123.8,80.37,689.7,80.38,412.6
1700000164.0,328,80.31,0.060000000000002274,80.28,69.1,80.34,235.0,1975.6,2312.3,80.28,5.0,SELL,2,80.28,69.1,80.27,10.0,80.26,158.1,80.25,237.6,80.24,1500.8,80.34,235.0,80.35,273.2,80.36,345.9,80.37,447.9,80.38,1010.3
1700000164.5,329,80.32,0.05999999999998806,80.29,466.7,80.35,562.1,2787.2999999999997,4325.2,80.29,7.3,SELL,3,80.29,466.7,80.28,103.0,80.27,1392.1,80.26,692.8,80.25,132.7,80.35,562.1,80.36,1017.5,80.37,1158.0,80.38,86.7,80.39,1500.9
1700000165.0,330,80.31,0.060000000000002274,80.28,1268.4,80.34,1011.9,6425.4,6432.0,80.28,45.2,SELL,4,80.28,1268.4,80.27,454.0,80.26,2089.9,80.25,242.0,80.24,2371.1,80.34,1011.9,80.35,371.0,80.36,1576.4,80.37,1914.2,80.38,1558.5
1700000165.5,331,80.32,0.05999999999998806,80.29,32.4,80.35,122.5,5320.8,3555.1,80.35,58.3,BUY,2,80.29,32.4,80.28,392.7,80.27,3588.9,80.26,20.9,80.25,1285.9,80.35,122.5,80.36,887.4,80.37,1303.5,80.38,451.7,80.39,790.0
1700000166.0,332,80.315,0.04999999999999716,80.29,224.8,80.34,708.7,6192.400000000001,4372.0,80.315,0.0,BUY,0,80.29,224.8,80.28,78.6,80.27,1892.1,80.26,3562.6,80.25,434.3,80.34,708.7,80.35,360.9,80.36,899.7,80.37,229.2,80.38,2173.5
1700000166.5,333,80.315,0.04999999999999716,80.29,523.1,80.34,2850.9,3641.5,6986.7,80.29,29.2,SELL,4,80.29,523.1,80.28,848.1,80.27,343.6,80.26,290.8,80.25,1635.9,80.34,2850.9,80.35,349.4,80.36,10.0,80.37,2497.7,80.38,1278.7
1700000167.0,334,80.315,0.04999999999999716,80.29,75.1,80.34,267.7,9513.4,5020.6,80.29,39.9,SELL,2,80.29,75.1,80.28,2238.9,80.27,2364.4,80.26,97.9,80.25,4737.1,80.34,267.7,80.35,23.7,80.36,1343.7,80.37,3102.4,80.38,283.1
1700000167.5,335,80.32,0.05999999999998806,80.29,109.8,80.35,653.2,3701.9,2992.9,80.35,5.0,BUY,2,80.29,109.8,80.28,431.4,80.27,180.9,80.26,1391.7,80.25,1588.1,80.35,653.2,80.36,311.2,80.37,607.6,80.38,561.3,80.39,859.6
1700000168.0,336,80.315,0.04999999999999716,80.29,1285.7,80.34,1242.9,3214.7999999999997,3105.2,80.315,0.0,BUY,0,80.29,1285.7,80.28,544.8,80.27,579.5,80.26,781.6,80.25,23.2,80.34,1242.9,80.35,225.1,80.36,879.5,80.37,267.0,80.38,490.7
1700000168.5,337,80.315,0.04999999999999716,80.29,132.6,80.34,813.5,3420.5000000000005,6475.2,80.315,0.0,BUY,0,80.29,132.6,80.28,183.8,80.27,1324.0,80.26,613.2,80.25,1166.9,80.34,813.5,80.35,335.1,80.36,1453.5,80.37,2916.8,80.38,956.3
1700000169.0,338,80.31,0.060000000000002274,80.28,18.0,80.34,270.5,3146.3999999999996,977.1999999999999,80.34,105.4,BUY,2,80.28,18.0,80.27,1053.1,80.26,277.0,80.25,228.5,80.24,1569.8,80.34,270.5,80.35,10.0,80.36,345.8,80.37,31.5,80.38,319.4
1700000169.5,339,80.31,0.060000000000002274,80.28,404.1,80.34,1140.9,2516.1000000000004,2275.6000000000004,80.34,19.0,BUY,1,80.28,404.1,80.27,200.3,80.26,134.9,80.25,287.4,80.24,1489.4,80.34,1140.9,80.35,335.6,80.36,120.4,80.37,64.9,80.38,613.8
1700000170.0,340,74.94,0.060000000000002274,74.91,278.4,74.97,115.6,2307.3999999999996,3135.1000000000004,74.97,82.3,BUY,1,74.91,278.4,74.9,148.2,74.89,1428.2,74.88,329.9,74.87,122.7,74.97,115.6,74.98,555.3,74.99,100.1,75.0,2102.3,75.01,261.8
1700000170.5,341,74.94,0.03999999999999204,74.92,36.2,74.96,608.2,2817.3,3065.7000000000003,74.96,43.7,BUY,3,74.92,36.2,74.91,563.4,74.9,714.6,74.89,229.4,74.88,1273.7,74.96,608.2,74.97,333.3,74.98,886.9,74.99,918.7,75.0,318.6
1700000171.0,342,74.94,0.060000000000002274,74.91,20.9,74.97,475.9,1492.3000000000002,5620.6,74.97,34.0,BUY,1,74.91,20.9,74.9,92.4,74.89,793.2,74.88,248.9,74.87,336.9,74.97,475.9,74.98,122.0,74.99,560.1,75.0,3333.2,75.01,1129.4
1700000171.5,343,74.94,0.060000000000002274,74.91,45.8,74.97,438.6,1546.6,2032.1,74.91,24.6,SELL,2,74.91,45.8,74.9,322.9,74.89,261.3,74.88,816.0,74.87,100.6,74.97,438.6,74.98,154.0,74.99,304.3,75.0,439.1,75.01,696.1
1700000172.0,344,74.94,0.060000000000002274,74.91,296.9,74.97,2914.4,1678.7999999999997,6968.4,74.94,0.0,BUY,0,74.91,296.9,74.9,178.5,74.89,23.7,74.88,1117.1,74.87,62.6,74.97,2914.4,74.98,1453.5,74.99,1767.1,75.0,632.2,75.01,201.2
1700000172.5,345,74.94,0.060000000000002274,74.91,212.6,74.97,450.7,7048.8,5084.799999999999,74.94,0.0,BUY,0,74.91,212.6,74.9,2603.8,74.89,932.5,74.88,290.9,74.87,3009.0,74.97,450.7,74.98,2904.2,74.99,374.0,75.0,319.9,75.01,1036.0
1700000173.0,346,74.95,0.060000000000002274,74.92,761.6,74.98,765.8,4034.7,3748.8999999999996,74.95,0.0,BUY,0,74.92,761.6,74.91,568.6,74.9,240.6,74.89,1877.6,74.88,586.3,74.98,765.8,74.99,657.6,75.0,250.6,75.01,1556.2,75.02,518.7
1700000173.5,347,74.95,0.060000000000002274,74.92,557.7,74.98,150.2,5733.8,1581.4,74.92,23.9,SELL,2,74.92,557.7,74.91,2429.9,74.9,231.1,74.89,942.4,74.88,1572.7,74.98,150.2,74.99,321.2,75.0,25.6,75.01,622.8,75.02,461.6
1700000174.0,348,74.95,0.060000000000002274,74.92,10.0,74.98,550.6,3049.2999999999997,3119.0,74.98,43.7,BUY,3,74.92,10.0,74.91,1612.7,74.9,372.7,74.89,621.3,74.88,432.6,74.98,550.6,74.99,22.9,75.0,762.9,75.01,197.2,75.02,1585.4
1700000174.5,349,74.95,0.060000000000002274,74.92,198.8,74.98,1207.2,1481.6,4608.299999999999,74.92,14.8,SELL,4,74.92,198.8,74.91,281.6,74.9,349.7,74.89,115.4,74.88,536.1,74.98,1207.2,74.99,1033.8,75.0,468.6,75.01,1068.3,75.02,830.4
1700000175.0,350,74.95,0.03999999999999204,74.93,214.1,74.97,1067.1,4492.8,3827.4,74.95,0.0,BUY,0,74.93,214.1,74.92,190.3,74.91,547.1,74.9,3309.8,74.89,231.5,74.97,1067.1,74.98,41.2,74.99,227.0,75.0,1184.0,75.01,1308.1
1700000175.5,351,74.95,0.060000000000002274,74.92,61.2,74.98,1076.7,5485.2,5009.799999999999,74.98,10.1,BUY,2,74.92,61.2,74.91,460.0,74.9,2188.1,74.89,669.2,74.88,2106.7,74.98,1076.7,74.99,1117.0,75.0,562.0,75.01,1121.1,75.02,1133.0
1700000176.0,352,74.95,0.060000000000002274,74.92,1667.3,74.98,17.3,2650.4,2051.0,74.98,132.1,BUY,2,74.92,1667.3,74.91,54.7,74.9,350.5,74.89,185.1,74.88,392.8,74.98,17.3,74.99,676.6,75.0,484.7,75.01,570.2,75.02,302.2
1700000176.5,353,74.94,0.060000000000002274,74.91,1396.4,74.97,467.5,2133.1000000000004,4225.2,74.91,48.0,SELL,1,74.91,1396.4,74.9,227.3,74.89,118.9,74.88,375.0,74.87,15.5,74.97,467.5,74.98,1180.1,74.99,1810.8,75.0,191.6,75.01,575.2
1700000177.0,354,74.935,0.04999999999999716,74.91,232.6,74.96,10.0,5865.5,3327.4,74.96,28.3,BUY,3,74.91,232.6,74.9,311.4,74.89,446.8,74.88,3939.9,74.87,934.8,74.96,10.0,74.97,82.3,74.98,48.2,74.99,1096.0,75.0,2090.9
1700000177.5,355,74.935,0.04999999999999716,74.91,31.9,74.96,85.2,3589.5,1940.5,74.96,23.0,BUY,1,74.91,31.9,74.9,1376.3,74.89,1311.3,74.88,860.0,74.87,10.0,74.96,85.2,74.97,288.9,74.98,58.3,74.99,500.1,75.0,1008.0
1700000178.0,356,74.935,0.04999999999999716,74.91,574.8,74.96,227.9,3558.3999999999996,4010.2,74.91,19.1,SELL,1,74.91,574.8,74.9,1543.6,74.89,893.8,74.88,401.6,74.87,144.6,74.96,227.9,74.97,594.5,74.98,583.5,74.99,1480.8,75.0,1123.5
1700000178.5,357,74.935,0.04999999999999716,74.91,1430.6,74.96,413.4,5157.4,3597.3999999999996,74.91,34.4,SELL,6,74.91,1430.6,74.9,315.3,74.89,285.0,74.88,2895.3,74.87,231.2,74.96,413.4,74.97,128.7,74.98,923.0,74.99,1464.5,75.0,667.8
1700000179.0,358,74.95,0.060000000000002274,74.92,171.2,74.98,223.8,7870.1,3339.7,74.92,23.9,SELL,4,74.92,171.2,74.91,717.5,74.9,1361.0,74.89,3460.4,74.88,2160.0,74.98,223.8,74.99,227.6,75.0,774.3,75.01,625.9,75.02,1488.1
1700000179.5,359,74.95,0.060000000000002274,74.92,172.7,74.98,97.3,2619.1000000000004,2503.1,74.92,46.6,SELL,4,74.92,172.7,74.91,654.7,74.9,694.8,74.89,369.7,74.88,727.2,74.98,97.3,74.99,342.5,75.0,1217.5,75.01,150.8,75.02,695.0
1700000180.0,360,74.95500000000001,0.04999999999999716,74.93,206.0,74.98,751.2,3320.5999999999995,2632.4,74.93,7.7,SELL,1,74.93,206.0,74.92,90.9,74.91,1804.8,74.9,695.2,74.89,523.7,74.98,751.2,74.99,435.9,75.0,10.0,75.01,977.0,75.02,458.3
1700000180.5,361,74.95,0.060000000000002274,74.92,162.0,74.98,453.1,2569.4,2771.4,74.98,5.0,BUY,3,74.92,162.0,74.91,98.9,74.9,229.2,74.89,1801.3,74.88,278.0,74.98,453.1,74.99,457.4,75.0,1164.5,75.01,391.3,75.02,305.1
1700000181.0,362,74.95,0.060000000000002274,74.92,600.8,74.98,195.4,6565.8,1125.3,74.92,10.0,SELL,2,74.92,600.8,74.91,197.5,74.9,1215.5,74.89,4018.7,74.88,533.3,74.98,195.4,74.99,317.4,75.0,337.3,75.01,179.7,75.02,95.5
1700000181.5,363,74.95,0.060000000000002274,74.92,918.9,74.98,28.9,9717.900000000001,1701.0,74.98,36.0,BUY,1,74.92,918.9,74.91,139.0,74.9,2914.3,74.89,2217.0,74.88,3528.7,74.98,28.9,74.99,432.6,75.0,921.8,75.01,30.6,75.02,287.1
1700000182.0,364,74.95,0.060000000000002274,74.92,204.5,74.98,2747.9,3068.3999999999996,5925.7,74.92,5.8,SELL,4,74.92,204.5,74.91,1279.6,74.9,245.1,74.89,780.9,74.88,558.3,74.98,2747.9,74.99,291.0,75.0,19.2,75.01,1232.1,75.02,1635.5
1700000182.5,365,74.95,0.060000000000002274,74.92,906.7,74.98,17.9,3396.1,1693.8000000000002,74.98,16.1,BUY,1,74.92,906.7,74.91,278.3,74.9,547.5,74.89,873.0,74.88,790.6,74.98,17.9,74.99,1443.4,75.0,93.3,75.01,75.2,75.02,64.0
1700000183.0,366,74.94,0.03999999999999204,74.92,936.3,74.96,1241.5,2022.8000000000002,3332.7,74.92,41.1,SELL,2,74.92,936.3,74.91,230.9,74.9,291.7,74.89,185.7,74.88,378.2,74.96,1241.5,74.97,233.7,74.98,737.5,74.99,1018.4,75.0,101.6
1700000183.5,367,74.94,0.03999999999999204,74.92,219.0,74.96,169.6,2031.8,2997.7000000000003,74.96,5.4,BUY,1,74.92,219.0,74.91,574.9,74.9,631.2,74.89,166.2,74.88,440.5,74.96,169.6,74.97,839.6,74.98,34.4,74.99,581.7,75.0,1372.4
1700000184.0,368,74.94,0.03999999999999204,74.92,348.3,74.96,1251.0,5718.1,3373.4,74.94,0.0,BUY,0,74.92,348.3,74.91,838.3,74.9,674.5,74.89,1604.7,74.88,2252.3,74.96,1251.0,74.97,251.5,74.98,42.4,74.99,767.9,75.0,1060.6
1700000184.5,369,74.94,0.060000000000002274,74.91,27.1,74.97,684.2,2404.1,4386.6,74.94,0.0,BUY,0,74.91,27.1,74.9,697.1,74.89,1004.4,74.88,518.9,74.87,156.6,74.97,684.2,74.98,357.2,74.99,1133.2,75.0,1911.6,75.01,300.4
1700000185.0,370,74.94,0.060000000000002274,74.91,215.2,74.97,243.9,3032.6,1062.1,74.97,29.1,BUY,1,74.91,215.2,74.9,261.3,74.89,271.1,74.88,2110.6,74.87,174.4,74.97,243.9,74.98,638.6,74.99,57.8,75.0,25.4,75.01,96.4
1700000185.5,371,74.94,0.03999999999999204,74.92,44.5,74.96,104.2,1416.1999999999998,4406.2,74.92,5.0,SELL,3,74.92,44.5,74.91,59.6,74.9,173.3,74.89,204.0,74.88,934.8,74.96,104.2,74.97,552.7,74.98,2343.5,74.99,791.3,75.0,614.5
1700000186.0,372,74.94,0.060000000000002274,74.91,171.6,74.97,280.7,5463.1,3362.4000000000005,74.97,25.3,BUY,2,74.91,171.6,74.9,403.1,74.89,271.4,74.88,1130.5,74.87,3486.5,74.97,280.7,74.98,624.6,74.99,1835.5,75.0,602.8,75.01,18.8
1700000186.5,373,74.94,0.060000000000002274,74.91,191.2,74.97,183.9,1621.6,6695.5,74.97,27.4,BUY,2,74.91,191.2,74.9,75.1,74.89,89.3,74.88,485.4,74.87,780.6,74.97,183.9,74.98,643.1,74.99,2894.9,75.0,17.8,75.01,2955.8
1700000187.0,374,74.94,0.060000000000002274,74.91,28.9,74.97,425.7,3982.4000000000005,10409.599999999999,74.91,9.9,SELL,1,74.91,28.9,74.9,2054.1,74.89,75.8,74.88,1232.8,74.87,590.8,74.97,425.7,74.98,1644.4,74.99,651.9,75.0,2183.7,75.01,5503.9
1700000187.5,375,74.95,0.060000000000002274,74.92,260.2,74.98,760.8,1315.8000000000002,5281.299999999999,74.98,20.1,BUY,1,74.92,260.2,74.91,269.5,74.9,52.6,74.89,375.1,74.88,358.4,74.98,760.8,74.99,1271.3,75.0,2997.2,75.01,90.8,75.02,161.2
1700000188.0,376,74.94,0.060000000000002274,74.91,50.0,74.97,370.1,1856.0,3607.6000000000004,74.97,15.6,BUY,4,74.91,50.0,74.9,394.6,74.89,503.9,74.88,862.2,74.87,45.3,74.97,370.1,74.98,716.6,74.99,579.8,75.0,1759.3,75.01,181.8
1700000188.5,377,74.94,0.060000000000002274,74.91,467.1,74.97,216.2,1559.8999999999999,3208.8999999999996,74.91,86.7,SELL,1,74.91,467.1,74.9,387.7,74.89,183.5,74.88,18.1,74.87,503.5,74.97,216.2,74.98,1067.6,74.99,138.3,75.0,165.7,75.01,1621.1
1700000189.0,378,74.94,0.060000000000002274,74.91,233.3,74.97,1139.4,5485.0,8773.7,74.97,45.6,BUY,1,74.91,233.3,74.9,1579.6,74.89,736.1,74.88,537.5,74.87,2398.5,74.97,1139.4,74.98,495.0,74.99,1794.6,75.0,1072.3,75.01,4272.4
1700000189.5,379,74.95,0.060000000000002274,74.92,909.5,74.98,208.7,3760.8,1232.8999999999999,74.92,25.3,SELL,1,74.92,909.5,74.91,413.7,74.9,218.9,74.89,236.7,74.88,1982.0,74.98,208.7,74.99,446.6,75.0,40.6,75.01,216.7,75.02,320.3
1700000190.0,380,74.95500000000001,0.04999999999999716,74.93,143.1,74.98,623.0,1391.3999999999999,1727.8000000000002,74.93,10.5,SELL,2,74.93,143.1,74.92,157.3,74.91,553.3,74.9,386.9,74.89,150.8,74.98,623.0,74.99,183.6,75.0,626.6,75.01,85.9,75.02,208.7
1700000190.5,381,74.95500000000001,0.04999999999999716,74.93,968.7,74.98,279.7,4756.400000000001,3585.8,74.93,53.8,SELL,2,74.93,968.7,74.92,872.2,74.91,854.2,74.9,1752.2,74.89,309.1,74.98,279.7,74.99,179.9,75.0,387.5,75.01,2502.8,75.02,235.9
1700000191.0,382,74.95,0.060000000000002274,74.92,90.5,74.98,59.0,2425.0,3868.5,74.95,0.0,BUY,0,74.92,90.5,74.91,1278.7,74.9,302.0,74.89,696.9,74.88,56.9,74.98,59.0,74.99,73.5,75.0,351.1,75.01,167.1,75.02,3217.8
1700000191.5,383,74.94,0.03999999999999204,74.92,759.9,74.96,235.9,9456.7,3155.4,74.94,0.0,BUY,0,74.92,759.9,74.91,4693.8,74.9,315.9,74.89,3100.4,74.88,586.7,74.96,235.9,74.97,1136.8,74.98,528.1,74.99,352.1,75.0,902.5
1700000192.0,384,74.93,0.05999999999998806,74.9,1677.6,74.96,202.7,3282.2,4153.6,74.96,5.9,BUY,1,74.9,1677.6,74.89,62.6,74.88,364.7,74.87,895.8,74.86,281.5,74.96,202.7,74.97,151.8,74.98,673.3,74.99,1978.9,75.0,1146.9
1700000192.5,385,74.935,0.04999999999999716,74.91,1141.6,74.96,503.2,3342.7000000000003,4135.4,74.91,5.0,SELL,2,74.91,1141.6,74.9,317.5,74.89,1207.9,74.88,133.8,74.87,541.9,74.96,503.2,74.97,553.4,74.98,585.8,74.99,2483.0,75.0,10.0
1700000193.0,386,74.935,0.04999999999999716,74.91,604.1,74.96,279.1,5338.3,2552.3,74.96,23.6,BUY,2,74.91,604.1,74.9,1058.3,74.89,1046.2,74.88,816.9,74.87,1812.8,74.96,279.1,74.97,84.7,74.98,826.6,74.99,1140.2,75.0,221.7
1700000193.5,387,74.935,0.04999999999999716,74.91,63.4,74.96,117.2,2967.0,2029.9999999999998,74.96,32.9,BUY,1,74.91,63.4,74.9,2552.4,74.89,24.7,74.88,240.0,74.87,86.5,74.96,117.2,74.97,620.3,74.98,274.8,74.99,917.9,75.0,99.8
1700000194.0,388,74.935,0.04999999999999716,74.91,443.8,74.96,120.2,3945.6,4559.5,74.91,55.0,SELL,2,74.91,443.8,74.9,483.9,74.89,1271.3,74.88,1146.5,74.87,600.1,74.96,120.2,74.97,242.5,74.98,2197.1,74.99,386.8,75.0,1612.9
1700000194.5,389,74.935,0.04999999999999716,74.91,125.6,74.96,372.3,6898.4,1184.6000000000001,74.96,19.2,BUY,1,74.91,125.6,74.9,1979.7,74.89,109.2,74.88,2505.8,74.87,2178.1,74.96,372.3,74.97,103.4,74.98,156.6,74.99,358.6,75.0,193.7
1700000195.0,390,74.94,0.03999999999999204,74.92,53.8,74.96,600.0,5702.7,2815.3999999999996,74.94,0.0,BUY,0,74.92,53.8,74.91,695.8,74.9,216.5,74.89,394.1,74.88,4342.5,74.96,600.0,74.97,180.4,74.98,97.3,74.99,643.9,75.0,1293.8
1700000195.5,391,74.94,0.060000000000002274,74.91,715.7,74.97,766.9,3816.7,4694.099999999999,74.94,0.0,BUY,0,74.91,715.7,74.9,762.8,74.89,88.1,74.88,1187.4,74.87,1062.7,74.97,766.9,74.98,715.8,74.99,1175.1,75.0,1655.0,75.01,381.3
1700000196.0,392,74.94,0.060000000000002274,74.91,326.9,74.97,674.7,2582.6000000000004,3791.6,74.91,140.3,SELL,5,74.91,326.9,74.9,614.5,74.89,137.0,74.88,375.9,74.87,1128.3,74.97,674.7,74.98,2562.7,74.99,95.9,75.0,353.8,75.01,104.5
1700000196.5,393,74.94,0.060000000000002274,74.91,154.3,74.97,14.2,4566.6,6295.699999999999,74.91,50.2,SELL,3,74.91,154.3,74.9,2162.2,74.89,764.5,74.88,225.4,74.87,1260.2,74.97,14.2,74.98,2214.7,74.99,106.2,75.0,2814.1,75.01,1146.5
1700000197.0,394,74.94,0.060000000000002274,74.91,15.7,74.97,615.3,5894.6,5501.599999999999,74.94,0.0,BUY,0,74.91,15.7,74.9,551.9,74.89,357.0,74.88,4530.9,74.87,439.1,74.97,615.3,74.98,515.3,74.99,1121.3,75.0,2971.8,75.01,277.9
1700000197.5,395,72.75999999999999,0.04000000000000625,72.74,107.6,72.78,1351.1,1017.0999999999999,5675.9,72.74,38.1,SELL,1,72.74,107.6,72.73,45.4,72.72,330.4,72.71,74.5,72.7,459.2,72.78,1351.1,72.79,331.7,72.8,1407.9,72.81,990.0,72.82,1595.2
1700000198.0,396,73.8,0.060000000000002274,73.77,322.6,73.83,139.0,3272.6,3272.0,73.83,88.2,BUY,2,73.77,322.6,73.76,1254.4,73.75,1070.1,73.74,448.4,73.73,177.1,73.83,139.0,73.84,1953.7,73.85,470.5,73.86,489.3,73.87,219.5
1700000198.5,397,73.81,0.060000000000002274,73.78,502.3,73.84,405.3,4176.700000000001,5047.0,73.78,13.8,SELL,2,73.78,502.3,73.77,164.4,73.76,2924.1,73.75,415.3,73.74,170.6,73.84,405.3,73.85,47.5,73.86,1657.9,73.87,567.9,73.88,2368.4
1700000199.0,398,73.82,0.05999999999998806,73.79,620.4,73.85,311.5,5007.1,4581.6,73.85,51.2,BUY,3,73.79,620.4,73.78,367.6,73.77,1106.6,73.76,2532.9,73.75,379.6,73.85,311.5,73.86,384.3,73.87,321.9,73.88,3425.9,73.89,138.0
1700000199.5,399,73.83,0.060000000000002274,73.8,55.5,73.86,1090.6,5279.1,2819.5,73.8,35.6,SELL,3,73.8,55.5,73.79,1185.4,73.78,53.7,73.77,1856.5,73.76,2128.0,73.86,1090.6,73.87,1258.4,73.88,88.7,73.89,323.3,73.9,58.5
1700000200.0,400,73.815,0.04999999999999716,73.79,1205.1,73.84,1216.9,5006.1,7411.5,73.84,168.5,BUY,2,73.79,1205.1,73.78,540.6,73.77,27.4,73.76,1477.7,73.75,1755.3,73.84,1216.9,73.85,628.0,73.86,675.5,73.87,271.0,73.88,4620.1
1700000200.5,401,73.82,0.05999999999998806,73.79,717.6,73.85,439.3,3563.6000000000004,5410.5,73.85,8.4,BUY,1,73.79,717.6,73.78,522.2,73.77,71.5,73.76,99.9,73.75,2152.4,73.85,439.3,73.86,2037.7,73.87,1437.5,73.88,760.9,73.89,735.1
1700000201.0,402,73.82,0.04000000000000625,73.8,528.8,73.84,1127.4,1944.3000000000002,4053.4,73.8,5.0,SELL,2,73.8,528.8,73.79,66.4,73.78,192.8,73.77,406.4,73.76,749.9,73.84,1127.4,73.85,39.0,73.86,485.0,73.87,1451.0,73.88,951.0
1700000201.5,403,73.815,0.04999999999999716,73.79,509.1,73.84,1212.0,3960.5,7926.0,73.84,24.8,BUY,1,73.79,509.1,73.78,46.9,73.77,1522.5,73.76,456.4,73.75,1425.6,73.84,1212.0,73.85,97.9,73.86,2205.7,73.87,1755.5,73.88,2654.9
1700000202.0,404,73.815,0.04999999999999716,73.79,266.5,73.84,2216.4,2431.0,4408.6,73.815,0.0,BUY,0,73.79,266.5,73.78,260.8,73.77,252.2,73.76,1031.7,73.75,619.8,73.84,2216.4,73.85,62.3,73.86,768.1,73.87,1300.5,73.88,61.3
1700000202.5,405,73.815,0.04999999999999716,73.79,819.2,73.84,170.3,1962.5,2379.4,73.815,0.0,BUY,0,73.79,819.2,73.78,198.7,73.77,109.4,73.76,348.1,73.75,487.1,73.84,170.3,73.85,767.3,73.86,28.0,73.87,717.7,73.88,696.1
1700000203.0,406,73.815,0.04999999999999716,73.79,58.3,73.84,616.8,2639.0,3664.8,73.815,0.0,BUY,0,73.79,58.3,73.78,759.9,73.77,717.3,73.76,697.5,73.75,406.0,73.84,616.8,73.85,197.2,73.86,1591.7,73.87,508.3,73.88,750.8
1700000203.5,407,73.815,0.04999999999999716,73.79,694.1,73.84,250.8,1899.4,4045.8999999999996,73.84,41.1,BUY,2,73.79,694.1,73.78,30.7,73.77,181.8,73.76,874.8,73.75,118.0,73.84,250.8,73.85,498.3,73.86,1342.6,73.87,651.1,73.88,1303.1
1700000204.0,408,73.83,0.060000000000002274,73.8,150.3,73.86,749.4,2366.2000000000003,1513.3,73.8,5.0,SELL,3,73.8,150.3,73.79,512.7,73.78,205.6,73.77,1216.8,73.76,280.8,73.86,749.4,73.87,16.4,73.88,227.7,73.89,253.0,73.9,266.8
1700000204.5,409,73.83,0.060000000000002274,73.8,1102.1,73.86,160.9,4074.3,3692.4,73.83,0.0,BUY,0,73.8,1102.1,73.79,764.8,73.78,373.7,73.77,732.0,73.76,1101.7,73.86,160.9,73.87,1072.1,73.88,1340.1,73.89,322.8,73.9,796.5
1700000205.0,410,73.83,0.060000000000002274,73.8,296.9,73.86,368.6,4028.7999999999997,5637.200000000001,73.86,13.1,BUY,3,73.8,296.9,73.79,57.5,73.78,1918.8,73.77,384.7,73.76,1370.9,73.86,368.6,73.87,2612.5,73.88,1040.4,73.89,281.3,73.9,1334.4
1700000205.5,411,73.815,0.04999999999999716,73.79,610.9,73.84,1761.7,4634.2,6465.4,73.84,33.6,BUY,2,73.79,610.9,73.78,319.6,73.77,190.2,73.76,2610.2,73.75,903.3,73.84,1761.7,73.85,2459.5,73.86,312.5,73.87,373.4,73.88,1558.3
1700000206.0,412,73.815,0.04999999999999716,73.79,1338.8,73.84,297.8,3430.8999999999996,3657.5,73.79,46.4,SELL,4,73.79,1338.8,73.78,393.4,73.77,661.1,73.76,417.7,73.75,619.9,73.84,297.8,73.85,340.8,73.86,162.4,73.87,1156.5,73.88,1700.0
1700000206.5,413,73.81,0.060000000000002274,73.78,445.5,73.84,345.9,3965.3999999999996,2898.3999999999996,73.84,72.4,BUY,2,73.78,445.5,73.77,1013.8,73.76,10.6,73.75,682.7,73.74,1812.8,73.84,345.9,73.85,353.2,73.86,1174.1,73.87,409.0,73.88,616.2
1700000207.0,414,73.82,0.05999999999998806,73.79,458.2,73.85,87.7,4381.099999999999,2805.2,73.85,13.7,BUY,1,73.79,458.2,73.78,2466.2,73.77,45.5,73.76,1362.3,73.75,48.9,73.85,87.7,73.86,929.5,73.87,124.3,73.88,668.4,73.89,995.3
1700000207.5,415,73.81,0.060000000000002274,73.78,350.2,73.84,179.3,3847.3999999999996,4384.7,73.81,0.0,BUY,0,73.78,350.2,73.77,829.9,73.76,168.0,73.75,2264.7,73.74,234.6,73.84,179.3,73.85,804.4,73.86,383.4,73.87,437.9,73.88,2579.7
1700000208.0,416,73.81,0.060000000000002274,73.78,339.8,73.84,1070.9,4836.0,5210.200000000001,73.84,40.3,BUY,3,73.78,339.8,73.77,700.5,73.76,765.8,73.75,870.9,73.74,2159.0,73.84,1070.9,73.85,90.9,73.86,197.4,73.87,1360.0,73.88,2491.0
1700000208.5,417,73.81,0.03999999999999204,73.79,390.0,73.83,53.7,9442.1,2353.3,73.79,31.0,SELL,2,73.79,390.0,73.78,1469.7,73.77,1278.2,73.76,5039.1,73.75,1265.1,73.83,53.7,73.84,701.8,73.85,1507.3,73.86,44.3,73.87,46.2
1700000209.0,418,73.81,0.060000000000002274,73.78,10.0,73.84,329.9,3803.8,4873.3,73.78,5.0,SELL,3,73.78,10.0,73.77,283.8,73.76,1339.4,73.75,1057.8,73.74,1112.8,73.84,329.9,73.85,497.4,73.86,121.4,73.87,2488.9,73.88,1435.7
1700000209.5,419,73.81,0.060000000000002274,73.78,242.1,73.84,478.3,1954.2999999999997,5095.7,73.81,0.0,BUY,0,73.78,242.1,73.77,52.3,73.76,38.4,73.75,299.9,73.74,1321.6,73.84,478.3,73.85,605.3,73.86,1209.5,73.87,281.0,73.88,2521.6
1700000210.0,420,73.81,0.060000000000002274,73.78,81.6,73.84,75.8,2464.7,4741.799999999999,73.84,12.5,BUY,1,73.78,81.6,73.77,60.2,73.76,232.7,73.75,1098.4,73.74,991.8,73.84,75.8,73.85,937.6,73.86,79.9,73.87,1560.1,73.88,2088.4
1700000210.5,421,73.8,0.060000000000002274,73.77,1239.2,73.83,99.2,4646.0,3803.5,73.83,35.8,BUY,3,73.77,1239.2,73.76,307.0,73.75,339.5,73.74,187.4,73.73,2572.9,73.83,99.2,73.84,79.9,73.85,937.9,73.86,2180.8,73.87,505.7
1700000211.0,422,73.8,0.060000000000002274,73.77,827.6,73.83,201.9,6041.200000000001,1915.1,73.77,95.8,SELL,5,73.77,827.6,73.76,506.4,73.75,407.1,73.74,2531.5,73.73,1768.6,73.83,201.9,73.84,248.3,73.85,174.9,73.86,510.4,73.87,779.6
1700000211.5,423,73.8,0.060000000000002274,73.77,46.3,73.83,188.8,3835.8,3122.0,73.83,49.7,BUY,1,73.77,46.3,73.76,52.8,73.75,1921.3,73.74,1106.6,73.73,708.8,73.83,188.8,73.84,842.9,73.85,505.9,73.86,174.5,73.87,1409.9
1700000212.0,424,73.8,0.03999999999999204,73.78,292.4,73.82,283.7,3186.5000000000005,9138.5,73.78,9.5,SELL,2,73.78,292.4,73.77,309.7,73.76,1655.2,73.75,792.8,73.74,136.4,73.82,283.7,73.83,2135.2,73.84,411.8,73.85,2343.1,73.86,3964.7
1700000212.5,425,73.8,0.060000000000002274,73.77,270.4,73.83,693.7,3909.8999999999996,1620.6999999999998,73.83,64.4,BUY,1,73.77,270.4,73.76,306.9,73.75,10.0,73.74,1216.0,73.73,2106.6,73.83,693.7,73.84,214.4,73.85,464.2,73.86,88.1,73.87,160.3
1700000213.0,426,73.8,0.060000000000002274,73.77,182.0,73.83,820.7,3258.0,7101.7,73.83,19.7,BUY,1,73.77,182.0,73.76,322.1,73.75,869.6,73.74,487.6,73.73,1396.7,73.83,820.7,73.84,488.7,73.85,1723.8,73.86,36.5,73.87,4032.0
1700000213.5,427,73.79499999999999,0.04999999999999716,73.77,668.1,73.82,171.4,3087.4999999999995,4175.299999999999,73.77,200.8,SELL,2,73.77,668.1,73.76,660.5,73.75,120.7,73.74,1266.6,73.73,371.6,73.82,171.4,73.83,2052.7,73.84,201.7,73.85,1486.6,73.86,262.9
1700000214.0,428,73.79499999999999,0.04999999999999716,73.77,1016.3,73.82,354.1,2979.9,8343.2,73.77,9.5,SELL,6,73.77,1016.3,73.76,333.2,73.75,965.9,73.74,10.0,73.73,654.5,73.82,354.1,73.83,2092.8,73.84,1194.5,73.85,3050.8,73.86,1651.0
1700000214.5,429,73.79499999999999,0.04999999999999716,73.77,33.3,73.82,109.9,3774.0,5202.2,73.82,57.5,BUY,1,73.77,33.3,73.76,132.8,73.75,2260.0,73.74,1203.2,73.73,144.7,73.82,109.9,73.83,429.4,73.84,1211.3,73.85,721.6,73.86,2730.0
1700000215.0,430,73.79499999999999,0.04999999999999716,73.77,1165.6,73.82,255.1,3248.6,5291.4,73.82,26.8,BUY,2,73.77,1165.6,73.76,302.3,73.75,1281.6,73.74,458.5,73.73,40.6,73.82,255.1,73.83,165.2,73.84,1129.0,73.85,342.2,73.86,3399.9
1700000215.5,431,73.78999999999999,0.05999999999998806,73.76,398.9,73.82,769.6,4109.999999999999,3228.6000000000004,73.76,62.1,SELL,1,73.76,398.9,73.75,1665.8,73.74,317.1,73.73,1690.3,73.72,37.9,73.82,769.6,73.83,29.7,73.84,1327.0,73.85,714.3,73.86,388.0
1700000216.0,432,73.78999999999999,0.04000000000000625,73.77,17.8,73.81,614.2,7159.6,6678.7,73.81,9.9,BUY,5,73.77,17.8,73.76,752.6,73.75,2865.8,73.74,253.7,73.73,3269.7,73.81,614.2,73.82,1015.3,73.83,1690.8,73.84,870.9,73.85,2487.5
1700000216.5,433,73.79499999999999,0.04999999999999716,73.77,90.4,73.82,185.7,4785.3,2027.0,73.82,11.8,BUY,3,73.77,90.4,73.76,1845.3,73.75,10.0,73.74,2034.6,73.73,805.0,73.82,185.7,73.83,122.5,73.84,215.2,73.85,1059.1,73.86,444.5
1700000217.0,434,73.78999999999999,0.04000000000000625,73.77,381.9,73.81,1627.1,1413.1999999999998,2013.3999999999999,73.81,13.3,BUY,3,73.77,381.9,73.76,83.5,73.75,703.8,73.74,150.3,73.73,93.7,73.81,1627.1,73.82,150.5,73.83,155.6,73.84,55.7,73.85,24.5
1700000217.5,435,73.78,0.060000000000002274,73.75,524.3,73.81,441.2,6907.5,1727.3000000000002,73.75,89.0,SELL,1,73.75,524.3,73.74,69.0,73.73,1736.2,73.72,275.4,73.71,4302.6,73.81,441.2,73.82,105.3,73.83,204.7,73.84,227.6,73.85,748.5
1700000218.0,436,73.78,0.060000000000002274,73.75,173.9,73.81,1329.4,2603.5,6604.0,73.81,31.6,BUY,5,73.75,173.9,73.74,1172.1,73.73,383.7,73.72,630.9,73.71,242.9,73.81,1329.4,73.82,671.0,73.83,540.9,73.84,3246.2,73.85,816.5
1700000218.5,437,73.78,0.060000000000002274,73.75,179.8,73.81,846.7,4480.9,3146.6,73.81,12.2,BUY,1,73.75,179.8,73.74,39.6,73.73,811.2,73.72,1923.8,73.71,1526.5,73.81,846.7,73.82,573.0,73.83,230.2,73.84,1196.3,73.85,300.4
1700000219.0,438,73.78,0.060000000000002274,73.75,90.0,73.81,65.2,6363.099999999999,5283.0,73.78,0.0,BUY,0,73.75,90.0,73.74,2944.7,73.73,2276.1,73.72,919.0,73.71,133.3,73.81,65.2,73.82,63.9,73.83,2240.6,73.84,445.9,73.85,2467.4
1700000219.5,439,73.78,0.060000000000002274,73.75,298.0,73.81,1042.4,3786.0,7217.500000000001,73.81,72.6,BUY,1,73.75,298.0,73.74,1635.0,73.73,1301.7,73.72,83.0,73.71,468.3,73.81,1042.4,73.82,549.0,73.83,1040.7,73.84,3676.8,73.85,908.6
1700000220.0,440,73.78,0.060000000000002274,73.75,808.3,73.81,448.1,3788.5,1907.6,73.78,0.0,BUY,0,73.75,808.3,73.74,89.5,73.73,414.6,73.72,1682.4,73.71,793.7,73.81,448.1,73.82,533.3,73.83,114.7,73.84,518.9,73.85,292.6
1700000220.5,441,73.78,0.03999999999999204,73.76,29.8,73.8,402.2,7486.6,3857.2,73.76,116.0,SELL,2,73.76,29.8,73.75,1949.7,73.74,53.5,73.73,1716.5,73.72,3737.1,73.8,402.2,73.81,207.8,73.82,923.7,73.83,1676.7,73.84,646.8
1700000221.0,442,73.79499999999999,0.04999999999999716,73.77,234.3,73.82,307.4,8850.6,4158.200000000001,73.77,9.4,SELL,2,73.77,234.3,73.76,2137.6,73.75,781.6,73.74,5575.0,73.73,122.1,73.82,307.4,73.83,312.8,73.84,1704.6,73.85,416.3,73.86,1417.1
1700000221.5,443,73.8,0.060000000000002274,73.77,115.0,73.83,186.7,4613.8,5845.5,73.77,92.1,SELL,1,73.77,115.0,73.76,118.8,73.75,2236.3,73.74,1758.0,73.73,385.7,73.83,186.7,73.84,2764.5,73.85,802.8,73.86,1123.7,73.87,967.8
1700000222.0,444,73.8,0.060000000000002274,73.77,586.4,73.83,424.1,3902.8999999999996,2567.1,73.83,20.6,BUY,1,73.77,586.4,73.76,893.7,73.75,661.4,73.74,992.7,73.73,768.7,73.83,424.1,73.84,562.5,73.85,406.2,73.86,39.1,73.87,1135.2
1700000222.5,445,73.79499999999999,0.04999999999999716,73.77,134.7,73.82,482.7,3623.2,2565.9,73.77,9.6,SELL,1,73.77,134.7,73.76,364.0,73.75,646.1,73.74,158.6,73.73,2319.8,73.82,482.7,73.83,148.0,73.84,531.2,73.85,793.6,73.86,610.4
1700000223.0,446,73.79499999999999,0.04999999999999716,73.77,507.0,73.82,273.0,6271.5,1668.5,73.77,6.7,SELL,2,73.77,507.0,73.76,632.2,73.75,1043.8,73.74,1231.6,73.73,2856.9,73.82,273.0,73.83,16.0,73.84,444.2,73.85,754.8,73.86,180.5
1700000223.5,447,73.79499999999999,0.04999999999999716,73.77,1154.4,73.82,698.9,4207.3,7766.5,73.77,65.2,SELL,2,73.77,1154.4,73.76,22.2,73.75,1022.9,73.74,1229.5,73.73,778.3,73.82,698.9,73.83,884.8,73.84,1657.2,73.85,2728.6,73.86,1797.0
1700000224.0,448,73.79499999999999,0.04999999999999716,73.77,395.0,73.82,65.5,2940.7,5170.099999999999,73.77,74.8,SELL,3,73.77,395.0,73.76,70.0,73.75,172.8,73.74,253.7,73.73,2049.2,73.82,65.5,73.83,684.3,73.84,3124.6,73.85,779.0,73.86,516.7
1700000224.5,449,73.78999999999999,0.04000000000000625,73.77,764.3,73.81,186.5,2755.7,4354.4,73.77,16.2,SELL,3,73.77,764.3,73.76,436.7,73.75,269.3,73.74,331.2,73.73,954.2,73.81,186.5,73.82,279.5,73.83,2155.2,73.84,280.6,73.85,1452.6
1700000225.0,450,73.78,0.060000000000002274,73.75,582.5,73.81,1829.1,3333.6,4763.0,73.81,32.9,BUY,3,73.75,582.5,73.74,862.2,73.73,646.2,73.72,943.8,73.71,298.9,73.81,1829.1,73.82,951.4,73.83,1261.0,73.84,481.6,73.85,239.9
1700000225.5,451,73.79499999999999,0.04999999999999716,73.77,532.3,73.82,463.0,5046.6,3704.8,73.79499999999999,0.0,BUY,0,73.77,532.3,73.76,111.2,73.75,2108.3,73.74,1035.2,73.73,1259.6,73.82,463.0,73.83,1295.4,73.84,150.2,73.85,57.5,73.86,1738.7
1700000226.0,452,73.8,0.060000000000002274,73.77,396.9,73.83,845.2,4470.6,11094.5,73.83,5.0,BUY,1,73.77,396.9,73.76,582.9,73.75,1456.0,73.74,59.6,73.73,1975.2,73.83,845.2,73.84,1222.8,73.85,1755.0,73.86,1340.8,73.87,5930.7
1700000226.5,453,73.8,0.060000000000002274,73.77,829.9,73.83,1002.5,9113.9,3059.0,73.77,75.0,SELL,4,73.77,829.9,73.76,260.7,73.75,2820.0,73.74,3686.9,73.73,1516.4,73.83,1002.5,73.84,94.5,73.85,1879.9,73.86,38.2,73.87,43.9
1700000227.0,454,73.79499999999999,0.04999999999999716,73.77,1566.2,73.82,194.1,4420.1,3397.1,73.82,24.3,BUY,1,73.77,1566.2,73.76,1535.9,73.75,198.3,73.74,686.7,73.73,433.0,73.82,194.1,73.83,1769.1,73.84,20.5,73.85,209.9,73.86,1203.5
1700000227.5,455,73.78999999999999,0.05999999999998806,73.76,530.2,73.82,325.7,4202.1,2477.5,73.76,5.0,SELL,3,73.76,530.2,73.75,1661.9,73.74,1063.9,73.73,73.5,73.72,872.6,73.82,325.7,73.83,49.6,73.84,618.4,73.85,552.7,73.86,931.1
1700000228.0,456,73.8,0.060000000000002274,73.77,222.4,73.83,588.0,6242.400000000001,3000.8,73.77,5.0,SELL,2,73.77,222.4,73.76,1933.4,73.75,235.9,73.74,1538.2,73.73,2312.5,73.83,588.0,73.84,750.8,73.85,864.3,73.86,156.8,73.87,640.9
1700000228.5,457,73.8,0.060000000000002274,73.77,532.1,73.83,170.5,2940.3,5392.6,73.77,5.0,SELL,3,73.77,532.1,73.76,310.2,73.75,331.2,73.74,1553.9,73.73,212.9,73.83,170.5,73.84,678.9,73.85,672.0,73.86,481.2,73.87,3390.0
1700000229.0,458,73.8,0.03999999999999204,73.78,2387.9,73.82,213.1,5194.200000000001,1818.5,73.78,12.8,SELL,4,73.78,2387.9,73.77,399.9,73.76,1521.0,73.75,83.6,73.74,801.8,73.82,213.1,73.83,688.7,73.84,114.5,73.85,563.3,73.86,238.9
1700000229.5,459,73.79499999999999,0.04999999999999716,73.77,1127.5,73.82,533.5,9599.2,3393.2000000000003,73.79499999999999,0.0,BUY,0,73.77,1127.5,73.76,1915.0,73.75,4549.5,73.74,1474.5,73.73,532.7,73.82,533.5,73.83,990.9,73.84,1215.9,73.85,200.4,73.86,452.5
1700000230.0,460,73.78999999999999,0.04000000000000625,73.77,59.5,73.81,594.8,6754.700000000001,1699.1000000000001,73.77,42.9,SELL,1,73.77,59.5,73.76,777.9,73.75,1386.1,73.74,1807.4,73.73,2723.8,73.81,594.8,73.82,247.7,73.83,69.2,73.84,253.7,73.85,533.7
1700000230.5,461,73.79499999999999,0.04999999999999716,73.77,379.1,73.82,1724.5,3956.2,4368.299999999999,73.79499999999999,0.0,BUY,0,73.77,379.1,73.76,1429.1,73.75,53.1,73.74,1044.6,73.73,1050.3,73.82,1724.5,73.83,1311.0,73.84,10.0,73.85,1051.9,73.86,270.9
1700000231.0,462,73.78999999999999,0.04000000000000625,73.77,343.0,73.81,322.8,2318.5,3218.5,73.77,76.6,SELL,2,73.77,343.0,73.76,14.0,73.75,571.8,73.74,1207.5,73.73,182.2,73.81,322.8,73.82,895.0,73.83,349.9,73.84,1640.8,73.85,10.0
1700000231.5,463,73.79499999999999,0.04999999999999716,73.77,215.9,73.82,62.6,3055.7,3129.0,73.82,46.1,BUY,4,73.77,215.9,73.76,1219.7,73.75,764.9,73.74,201.5,73.73,653.7,73.82,62.6,73.83,684.2,73.84,120.9,73.85,1980.0,73.86,281.3
1700000232.0,464,73.81,0.060000000000002274,73.78,410.5,73.84,290.0,4770.099999999999,6403.0,73.78,39.1,SELL,2,73.78,410.5,73.77,198.4,73.76,313.2,73.75,3536.3,73.74,311.7,73.84,290.0,73.85,117.9,73.86,256.0,73.87,4660.5,73.88,1078.6
1700000232.5,465,73.81,0.060000000000002274,73.78,10.3,73.84,319.4,5020.200000000001,5106.0,73.81,0.0,BUY,0,73.78,10.3,73.77,256.1,73.76,2062.1,73.75,1146.8,73.74,1544.9,73.84,319.4,73.85,130.0,73.86,1263.6,73.87,674.9,73.88,2718.1
1700000233.0,466,73.8,0.060000000000002274,73.77,565.9,73.83,438.9,2885.5,2717.2,73.77,10.1,SELL,2,73.77,565.9,73.76,1059.9,73.75,180.2,73.74,231.1,73.73,848.4,73.83,438.9,73.84,678.4,73.85,859.4,73.86,158.7,73.87,581.8
1700000233.5,467,73.8,0.060000000000002274,73.77,1051.5,73.83,210.7,3229.5,1004.8000000000001,73.83,49.8,BUY,2,73.77,1051.5,73.76,254.5,73.75,333.2,73.74,1545.2,73.73,45.1,73.83,210.7,73.84,48.6,73.85,391.9,73.86,141.5,73.87,212.1
1700000234.0,468,73.81,0.060000000000002274,73.78,525.7,73.84,880.2,6629.300000000001,2347.7999999999997,73.84,13.8,BUY,2,73.78,525.7,73.77,886.2,73.76,1529.7,73.75,1322.3,73.74,2365.4,73.84,880.2,73.85,695.2,73.86,185.3,73.87,409.9,73.88,177.2
1700000234.5,469,73.81,0.060000000000002274,73.78,218.2,73.84,31.1,2855.4,4160.700000000001,73.84,80.7,BUY,1,73.78,218.2,73.77,807.1,73.76,823.6,73.75,183.4,73.74,823.1,73.84,31.1,73.85,185.3,73.86,339.5,73.87,3000.3,73.88,604.5
1700000235.0,470,73.81,0.060000000000002274,73.78,459.5,73.84,55.4,2042.3999999999999,3583.2000000000003,73.84,64.4,BUY,4,73.78,459.5,73.77,1210.9,73.76,258.8,73.75,75.6,73.74,37.6,73.84,55.4,73.85,100.1,73.86,2012.5,73.87,251.8,73.88,1163.4
1700000235.5,471,73.81,0.03999999999999204,73.79,467.3,73.83,52.5,2041.3000000000002,1570.8000000000002,73.79,34.6,SELL,3,73.79,467.3,73.78,84.3,73.77,346.6,73.76,378.7,73.75,764.4,73.83,52.5,73.84,277.3,73.85,512.7,73.86,116.2,73.87,612.1
1700000236.0,472,73.81,0.060000000000002274,73.78,72.7,73.84,307.0,3557.2000000000003,4341.0,73.84,84.1,BUY,1,73.78,72.7,73.77,331.1,73.76,1941.6,73.75,1026.4,73.74,185.4,73.84,307.0,73.85,851.5,73.86,1259.0,73.87,583.1,73.88,1340.4
1700000236.5,473,73.82,0.04000000000000625,73.8,3069.9,73.84,532.9,5273.700000000001,3639.7,73.8,14.8,SELL,2,73.8,3069.9,73.79,384.4,73.78,464.5,73.77,447.3,73.76,907.6,73.84,532.9,73.85,1560.2,73.86,229.4,73.87,706.1,73.88,611.1
1700000237.0,474,73.815,0.04999999999999716,73.79,134.4,73.84,898.8,5540.3,4308.4,73.815,0.0,BUY,0,73.79,134.4,73.78,472.0,73.77,2393.9,73.76,138.4,73.75,2401.6,73.84,898.8,73.85,266.5,73.86,493.2,73.87,1520.4,73.88,1129.5
1700000237.5,475,73.82,0.04000000000000625,73.8,10.0,73.84,408.9,2399.8,5228.6,73.84,42.2,BUY,2,73.8,10.0,73.79,37.8,73.78,319.0,73.77,1999.1,73.76,33.9,73.84,408.9,73.85,32.2,73.86,2465.3,73.87,1054.8,73.88,1267.4
1700000238.0,476,73.815,0.04999999999999716,73.79,148.3,73.84,360.0,4670.6,7683.0,73.79,5.0,SELL,4,73.79,148.3,73.78,4009.8,73.77,348.3,73.76,110.3,73.75,53.9,73.84,360.0,73.85,1330.8,73.86,3426.0,73.87,735.8,73.88,1830.4
1700000238.5,477,73.82,0.04000000000000625,73.8,321.1,73.84,154.9,4700.7,4159.8,73.84,32.9,BUY,3,73.8,321.1,73.79,183.5,73.78,469.3,73.77,3412.1,73.76,314.7,73.84,154.9,73.85,101.1,73.86,2046.5,73.87,1115.3,73.88,742.0
1700000239.0,478,73.81,0.060000000000002274,73.78,159.6,73.84,209.6,1919.7,3426.3,73.84,82.4,BUY,3,73.78,159.6,73.77,796.6,73.76,480.0,73.75,51.7,73.74,431.8,73.84,209.6,73.85,886.1,73.86,833.9,73.87,568.7,73.88,928.0
1700000239.5,479,73.82,0.04000000000000625,73.8,92.1,73.84,482.5,2874.2000000000003,3128.5,73.8,38.9,SELL,3,73.8,92.1,73.79,653.6,73.78,871.6,73.77,11.2,73.76,1245.7,73.84,482.5,73.85,143.7,73.86,41.3,73.87,974.8,73.88,1486.2
1700000240.0,480,73.815,0.04999999999999716,73.79,90.3,73.84,399.9,10521.6,4691.799999999999,73.815,0.0,BUY,0,73.79,90.3,73.78,573.3,73.77,1583.6,73.76,3552.9,73.75,4721.5,73.84,399.9,73.85,628.4,73.86,755.6,73.87,2830.5,73.88,77.4
1700000240.5,481,73.83,0.060000000000002274,73.8,207.3,73.86,266.4,2409.8,2946.5,73.8,20.7,SELL,1,73.8,207.3,73.79,169.2,73.78,658.3,73.77,429.8,73.76,945.2,73.86,266.4,73.87,1383.7,73.88,56.6,73.89,422.1,73.9,817.7
1700000241.0,482,73.83,0.060000000000002274,73.8,445.7,73.86,211.2,4147.8,3670.0,73.83,0.0,BUY,0,73.8,445.7,73.79,549.6,73.78,1709.8,73.77,1364.5,73.76,78.2,73.86,211.2,73.87,458.1,73.88,1012.4,73.89,95.6,73.9,1892.7
1700000241.5,483,73.815,0.04999999999999716,73.79,115.7,73.84,136.2,3764.3999999999996,2557.6000000000004,73.79,75.5,SELL,5,73.79,115.7,73.78,1082.8,73.77,425.3,73.76,1411.9,73.75,728.7,73.84,136.2,73.85,193.4,73.86,760.7,73.87,450.4,73.88,1016.9
1700000242.0,484,73.815,0.04999999999999716,73.79,57.5,73.84,288.1,2813.0,4260.299999999999,73.84,5.0,BUY,3,73.79,57.5,73.78,864.1,73.77,182.2,73.76,1389.2,73.75,320.0,73.84,288.1,73.85,251.5,73.86,2285.4,73.87,221.7,73.88,1213.6
1700000242.5,485,73.815,0.04999999999999716,73.79,395.7,73.84,76.7,4783.7,3548.2999999999997,73.815,0.0,BUY,0,73.79,395.7,73.78,49.3,73.77,449.4,73.76,3824.2,73.75,65.1,73.84,76.7,73.85,1128.1,73.86,912.3,73.87,1322.0,73.88,109.2
1700000243.0,486,73.82,0.05999999999998806,73.79,30.4,73.85,518.2,3486.1000000000004,3370.5,73.85,22.5,BUY,1,73.79,30.4,73.78,2423.5,73.77,110.8,73.76,215.2,73.75,706.2,73.85,518.2,73.86,111.4,73.87,1532.4,73.88,1067.9,73.89,140.6
1700000243.5,487,73.82,0.04000000000000625,73.8,1038.0,73.84,659.0,4466.299999999999,3357.0,73.8,25.5,SELL,3,73.8,1038.0,73.79,385.1,73.78,2174.0,73.77,56.2,73.76,813.0,73.84,659.0,73.85,279.1,73.86,1501.3,73.87,680.3,73.88,237.3
1700000244.0,488,73.815,0.04999999999999716,73.79,115.2,73.84,938.7,3685.4999999999995,5823.6,73.815,0.0,BUY,0,73.79,115.2,73.78,28.5,73.77,2108.6,73.76,910.1,73.75,523.1,73.84,938.7,73.85,2723.3,73.86,733.6,73.87,77.7,73.88,1350.3
1700000244.5,489,73.81,0.060000000000002274,73.78,596.7,73.84,352.0,5452.099999999999,5891.799999999999,73.84,71.0,BUY,2,73.78,596.7,73.77,2007.5,73.76,2250.0,73.75,95.5,73.74,502.4,73.84,352.0,73.85,3031.3,73.86,295.0,73.87,488.4,73.88,1725.1
1700000245.0,490,73.81,0.060000000000002274,73.78,68.7,73.84,66.1,790.1,7164.1,73.84,10.3,BUY,3,73.78,68.7,73.77,305.6,73.76,113.0,73.75,12.5,73.74,290.3,73.84,66.1,73.85,40.6,73.86,1325.0,73.87,872.8,73.88,4859.6
1700000245.5,491,73.81,0.060000000000002274,73.78,726.3,73.84,600.1,3463.1000000000004,3355.4,73.78,5.0,SELL,3,73.78,726.3,73.77,429.5,73.76,445.1,73.75,796.5,73.74,1065.7,73.84,600.1,73.85,270.8,73.86,1973.2,73.87,171.7,73.88,339.6
1700000246.0,492,73.81,0.060000000000002274,73.78,295.2,73.84,586.0,5579.599999999999,1852.8,73.84,10.6,BUY,3,73.78,295.2,73.77,433.7,73.76,2711.5,73.75,1770.0,73.74,369.2,73.84,586.0,73.85,49.9,73.86,141.0,73.87,595.2,73.88,480.7
1700000246.5,493,73.81,0.060000000000002274,73.78,86.6,73.84,578.5,945.1,4062.1000000000004,73.84,25.1,BUY,2,73.78,86.6,73.77,97.1,73.76,391.8,73.75,187.2,73.74,182.4,73.84,578.5,73.85,16.2,73.86,1152.7,73.87,403.3,73.88,1911.4
1700000247.0,494,73.81,0.060000000000002274,73.78,312.1,73.84,1085.7,6233.5,4403.2,73.81,0.0,BUY,0,73.78,312.1,73.77,1089.9,73.76,1522.1,73.75,564.0,73.74,2745.4,73.84,1085.7,73.85,238.7,73.86,1250.0,73.87,418.0,73.88,1410.8
1700000247.5,495,73.81,0.060000000000002274,73.78,345.2,73.84,1137.1,7737.300000000001,4668.0,73.84,21.1,BUY,1,73.78,345.2,73.77,503.5,73.76,3203.1,73.75,1866.4,73.74,1819.1,73.84,1137.1,73.85,1103.8,73.86,962.8,73.87,347.1,73.88,1117.2
1700000248.0,496,73.815,0.04999999999999716,73.79,1033.0,73.84,574.8,3181.7,4166.7,73.84,48.5,BUY,2,73.79,1033.0,73.78,160.8,73.77,76.3,73.76,1666.0,73.75,245.6,73.84,574.8,73.85,243.5,73.86,77.3,73.87,3168.6,73.88,102.5
1700000248.5,497,73.815,0.04999999999999716,73.79,37.9,73.84,97.6,3514.4,3274.6000000000004,73.79,5.0,SELL,1,73.79,37.9,73.78,737.7,73.77,814.4,73.76,1158.0,73.75,766.4,73.84,97.6,73.85,801.3,73.86,393.1,73.87,360.4,73.88,1622.2
1700000249.0,498,73.82,0.04000000000000625,73.8,75.5,73.84,50.5,7753.1,4966.4,73.8,35.9,SELL,1,73.8,75.5,73.79,581.7,73.78,323.1,73.77,449.7,73.76,6323.1,73.84,50.5,73.85,39.4,73.86,2021.4,73.87,140.2,73.88,2714.9
1700000249.5,499,73.815,0.04999999999999716,73.79,24.2,73.84,94.4,7564.099999999999,1769.9,73.79,15.4,SELL,3,73.79,24.2,73.78,210.1,73.77,1326.1,73.76,1364.5,73.75,4639.2,73.84,94.4,73.85,45.0,73.86,848.2,73.87,73.2,73.88,709.1
1700000250.0,500,73.815,0.04999999999999716,73.79,861.3,73.84,244.4,5802.400000000001,4377.3,73.79,5.0,SELL,1,73.79,861.3,73.78,330.6,73.77,1430.2,73.76,441.0,73.75,2739.3,73.84,244.4,73.85,1043.5,73.86,1003.9,73.87,1287.4,73.88,798.1
1700000250.5,501,73.82,0.04000000000000625,73.8,459.4,73.84,142.0,5267.5,5146.6,73.82,0.0,BUY,0,73.8,459.4,73.79,1864.1,73.78,77.4,73.77,646.7,73.76,2219.9,73.84,142.0,73.85,974.4,73.86,2217.0,73.87,1169.1,73.88,644.1
1700000251.0,502,73.81,0.060000000000002274,73.78,375.6,73.84,45.0,2183.4999999999995,5968.900000000001,73.78,5.0,SELL,1,73.78,375.6,73.77,1166.6,73.76,69.7,73.75,384.9,73.74,186.7,73.84,45.0,73.85,548.8,73.86,2236.8,73.87,750.8,73.88,2387.5
1700000251.5,503,73.81,0.060000000000002274,73.78,111.9,73.84,980.1,4887.0,4352.799999999999,73.78,39.5,SELL,3,73.78,111.9,73.77,468.6,73.76,3104.5,73.75,811.7,73.74,390.3,73.84,980.1,73.85,444.2,73.86,675.9,73.87,152.4,73.88,2100.2
1700000252.0,504,73.8,0.060000000000002274,73.77,10.0,73.83,943.2,5151.3,3099.6000000000004,73.83,82.0,BUY,3,73.77,10.0,73.76,611.3,73.75,839.6,73.74,1643.1,73.73,2047.3,73.83,943.2,73.84,499.7,73.85,222.9,73.86,859.0,73.87,574.8
1700000252.5,505,73.8,0.060000000000002274,73.77,737.2,73.83,263.5,4316.3,3681.0,73.83,36.0,BUY,1,73.77,737.2,73.76,608.5,73.75,563.6,73.74,223.2,73.73,2183.8,73.83,263.5,73.84,521.7,73.85,1495.8,73.86,1111.7,73.87,288.3
1700000253.0,506,73.8,0.03999999999999204,73.78,25.8,73.82,796.8,3335.6000000000004,2584.8,73.82,7.9,BUY,2,73.78,25.8,73.77,2382.8,73.76,563.6,73.75,121.0,73.74,242.4,73.82,796.8,73.83,179.8,73.84,1238.9,73.85,132.9,73.86,236.4
1700000253.5,507,73.8,0.060000000000002274,73.77,775.9,73.83,1385.1,4612.400000000001,5149.4,73.83,46.1,BUY,2,73.77,775.9,73.76,551.6,73.75,1335.4,73.74,1167.7,73.73,781.8,73.83,1385.1,73.84,477.1,73.85,238.1,73.86,816.0,73.87,2233.1
1700000254.0,508,73.8,0.060000000000002274,73.77,472.6,73.83,499.1,2169.8,1931.4,73.77,60.6,SELL,2,73.77,472.6,73.76,98.0,73.75,630.8,73.74,444.6,73.73,523.8,73.83,499.1,73.84,421.3,73.85,241.5,73.86,158.7,73.87,610.8
1700000254.5,509,73.8,0.060000000000002274,73.77,1017.3,73.83,276.8,5436.000000000001,2508.6000000000004,73.83,5.0,BUY,1,73.77,1017.3,73.76,289.8,73.75,1904.7,73.74,1078.4,73.73,1145.8,73.83,276.8,73.84,74.9,73.85,402.4,73.86,1532.7,73.87,221.8
1700000255.0,510,73.8,0.060000000000002274,73.77,215.8,73.83,832.9,2442.2999999999997,4546.2,73.8,0.0,BUY,0,73.77,215.8,73.76,1803.2,73.75,291.7,73.74,10.0,73.73,121.6,73.83,832.9,73.84,218.2,73.85,318.0,73.86,2286.5,73.87,890.6
1700000255.5,511,73.8,0.03999999999999204,73.78,45.3,73.82,187.5,1580.4,2841.9,73.78,124.4,SELL,1,73.78,45.3,73.77,270.8,73.76,613.7,73.75,594.4,73.74,56.2,73.82,187.5,73.83,239.0,73.84,323.9,73.85,312.5,73.86,1779.0
1700000256.0,512,73.81,0.060000000000002274,73.78,1003.4,73.84,10.0,2286.1000000000004,1743.2999999999997,73.78,26.1,SELL,3,73.78,1003.4,73.77,84.5,73.76,452.4,73.75,201.3,73.74,544.5,73.84,10.0,73.85,574.3,73.86,429.4,73.87,54.7,73.88,674.9
1700000256.5,513,73.81,0.060000000000002274,73.78,377.0,73.84,50.3,2396.2999999999997,3614.6,73.84,104.3,BUY,3,73.78,377.0,73.77,43.9,73.76,57.3,73.75,1823.1,73.74,95.0,73.84,50.3,73.85,807.0,73.86,457.0,73.87,2029.2,73.88,271.1
1700000257.0,514,73.81,0.060000000000002274,73.78,665.7,73.84,260.7,2571.8,1509.3,73.78,36.5,SELL,2,73.78,665.7,73.77,468.1,73.76,300.1,73.75,824.7,73.74,313.2,73.84,260.7,73.85,851.4,73.86,120.6,73.87,66.7,73.88,209.9
1700000257.5,515,73.81,0.060000000000002274,73.78,30.6,73.84,192.3,3095.2000000000003,3126.1,73.78,20.8,SELL,3,73.78,30.6,73.77,215.8,73.76,434.7,73.75,1227.7,73.74,1186.4,73.84,192.3,73.85,278.9,73.86,934.4,73.87,1387.4,73.88,333.1
1700000258.0,516,73.815,0.04999999999999716,73.79,93.3,73.84,478.7,1282.5,7386.1,73.79,55.9,SELL,2,73.79,93.3,73.78,119.3,73.77,228.2,73.76,557.6,73.75,284.1,73.84,478.7,73.85,152.5,73.86,254.2,73.87,3519.7,73.88,2981.0
1700000258.5,517,73.815,0.04999999999999716,73.79,1492.4,73.84,63.9,3609.6000000000004,5457.1,73.815,0.0,BUY,0,73.79,1492.4,73.78,565.9,73.77,675.9,73.76,312.0,73.75,563.4,73.84,63.9,73.85,591.6,73.86,555.4,73.87,3673.7,73.88,572.5
1700000259.0,518,73.815,0.04999999999999716,73.79,476.3,73.84,20.5,2722.2000000000003,4307.7,73.84,36.2,BUY,2,73.79,476.3,73.78,248.7,73.77,302.7,73.76,1468.2,73.75,226.3,73.84,20.5,73.85,10.0,73.86,367.6,73.87,1400.6,73.88,2509.0
1700000259.5,519,71.24,0.060000000000002274,71.21,495.7,71.27,522.7,6464.8,3239.3,71.21,140.6,SELL,4,71.21,495.7,71.2,357.5,71.19,819.3,71.18,121.7,71.17,4670.6,71.27,522.7,71.28,639.8,71.29,10.0,71.3,10.0,71.31,2056.8
1700000260.0,520,71.24000000000001,0.04000000000000625,71.22,322.2,71.26,84.4,3500.3,11313.5,71.22,140.2,SELL,1,71.22,322.2,71.21,137.3,71.2,523.4,71.19,1158.2,71.18,1359.2,71.26,84.4,71.27,1995.2,71.28,196.5,71.29,3682.0,71.3,5355.4
1700000260.5,521,71.24,0.060000000000002274,71.21,10.6,71.27,159.9,1952.1,2536.7999999999997,71.27,33.6,BUY,2,71.21,10.6,71.2,1185.1,71.19,447.3,71.18,50.4,71.17,258.7,71.27,159.9,71.28,31.6,71.29,761.3,71.3,1439.8,71.31,144.2
1700000261.0,522,71.24,0.060000000000002274,71.21,1261.9,71.27,579.3,4669.5,1749.5,71.21,5.0,SELL,4,71.21,1261.9,71.2,138.5,71.19,1379.8,71.18,441.9,71.17,1447.4,71.27,579.3,71.28,155.7,71.29,254.2,71.3,518.0,71.31,242.3
1700000261.5,523,71.24,0.060000000000002274,71.21,242.3,71.27,366.9,4642.8,2088.9,71.27,36.5,BUY,1,71.21,242.3,71.2,868.5,71.19,1895.5,71.18,917.7,71.17,718.8,71.27,366.9,71.28,87.1,71.29,23.9,71.3,1515.0,71.31,96.0
1700000262.0,524,71.23,0.060000000000002274,71.2,1427.2,71.26,336.3,4746.4,6048.5,71.2,12.7,SELL,1,71.2,1427.2,71.19,730.9,71.18,449.1,71.17,411.6,71.16,1727.6,71.26,336.3,71.27,916.8,71.28,408.8,71.29,3104.5,71.3,1282.1
1700000262.5,525,71.24,0.060000000000002274,71.21,100.9,71.27,194.1,2941.2,1514.3000000000002,71.27,33.8,BUY,3,71.21,100.9,71.2,1052.3,71.19,100.0,71.18,360.5,71.17,1327.5,71.27,194.1,71.28,308.0,71.29,458.3,71.3,15.2,71.31,538.7
1700000263.0,526,66.05,0.060000000000002274,66.02,307.2,66.08,1947.7,2572.2000000000003,10926.400000000001,66.08,51.4,BUY,1,66.02,307.2,66.01,1027.7,66.0,793.9,65.99,353.1,65.98,90.3,66.08,1947.7,66.09,2193.0,66.1,1566.4,66.11,3060.0,66.12,2159.3
1700000263.5,527,66.05,0.03999999999999204,66.03,773.7,66.07,580.2,6924.0,4867.3,66.07,85.5,BUY,4,66.03,773.7,66.02,2353.3,66.01,1566.3,66.0,1969.8,65.99,260.9,66.07,580.2,66.08,60.1,66.09,1104.3,66.1,15.2,66.11,3107.5
1700000264.0,528,66.05,0.060000000000002274,66.02,94.0,66.08,605.5,3176.9,2405.7,66.02,5.0,SELL,1,66.02,94.0,66.01,553.3,66.0,1734.2,65.99,738.6,65.98,56.8,66.08,605.5,66.09,145.0,66.1,1128.1,66.11,361.2,66.12,165.9
1700000264.5,529,66.05,0.060000000000002274,66.02,645.6,66.08,368.2,5385.3,5605.2,66.08,24.8,BUY,2,66.02,645.6,66.01,857.4,66.0,624.5,65.99,295.4,65.98,2962.4,66.08,368.2,66.09,1677.1,66.1,312.8,66.11,1398.1,66.12,1849.0
1700000265.0,530,66.05,0.03999999999999204,66.03,793.2,66.07,143.7,3425.3999999999996,4254.1,66.05,0.0,BUY,0,66.03,793.2,66.02,70.6,66.01,1295.2,66.0,422.7,65.99,843.7,66.07,143.7,66.08,1797.9,66.09,51.0,66.1,1984.8,66.11,276.7
1700000265.5,531,66.05,0.060000000000002274,66.02,108.1,66.08,414.9,4054.8,3380.7,66.08,108.8,BUY,2,66.02,108.1,66.01,769.4,66.0,2023.5,65.99,295.0,65.98,858.8,66.08,414.9,66.09,529.5,66.1,701.1,66.11,36.0,66.12,1699.2
1700000266.0,532,66.04499999999999,0.04999999999999716,66.02,196.9,66.07,607.3,5916.8,2701.3999999999996,66.07,13.7,BUY,2,66.02,196.9,66.01,1375.9,66.0,659.5,65.99,2670.5,65.98,1014.0,66.07,607.3,66.08,401.4,66.09,470.4,66.1,240.0,66.11,982.3
1700000266.5,533,66.03999999999999,0.05999999999998806,66.01,364.6,66.07,158.3,2123.0,661.0,66.03999999999999,0.0,BUY,0,66.01,364.6,66.0,698.4,65.99,283.9,65.98,131.9,65.97,644.2,66.07,158.3,66.08,142.6,66.09,54.8,66.1,125.0,66.11,180.3
1700000267.0,534,66.03999999999999,0.05999999999998806,66.01,162.0,66.07,72.5,2209.8,1553.0000000000002,66.01,46.0,SELL,1,66.01,162.0,66.0,594.7,65.99,569.8,65.98,356.9,65.97,526.4,66.07,72.5,66.08,10.0,66.09,299.2,66.1,1143.9,66.11,27.4
1700000267.5,535,66.04499999999999,0.04999999999999716,66.02,493.5,66.07,171.1,4878.2,4771.0,66.02,14.0,SELL,1,66.02,493.5,66.01,388.0,66.0,580.9,65.99,563.1,65.98,2852.7,66.07,171.1,66.08,1461.0,66.09,521.7,66.1,489.5,66.11,2127.7
1700000268.0,536,66.04499999999999,0.04999999999999716,66.02,320.6,66.07,1205.3,6062.299999999999,7001.6,66.02,29.1,SELL,3,66.02,320.6,66.01,24.9,66.0,608.5,65.99,1357.1,65.98,3751.2,66.07,1205.3,66.08,17.7,66.09,560.9,66.1,3770.4,66.11,1447.3
1700000268.5,537,66.03,0.060000000000002274,66.0,2176.3,66.06,16.9,5849.800000000001,4163.0,66.0,51.8,SELL,1,66.0,2176.3,65.99,2341.9,65.98,193.5,65.97,505.0,65.96,633.1,66.06,16.9,66.07,224.6,66.08,252.6,66.09,1766.5,66.1,1902.4
1700000269.0,538,66.02,0.060000000000002274,65.99,347.5,66.05,221.8,4574.8,2165.6,66.05,26.1,BUY,2,65.99,347.5,65.98,540.5,65.97,3076.9,65.96,537.7,65.95,72.2,66.05,221.8,66.06,408.2,66.07,258.7,66.08,286.4,66.09,990.5
1700000269.5,539,65.12,0.060000000000002274,65.09,1946.3,65.15,750.3,7237.5,1585.5,65.15,11.9,BUY,4,65.09,1946.3,65.08,187.8,65.07,2866.4,65.06,1988.7,65.05,248.3,65.15,750.3,65.16,418.8,65.17,117.4,65.18,157.5,65.19,141.5
1700000270.0,540,65.12,0.060000000000002274,65.09,1098.0,65.15,275.4,3610.2,2178.7,65.15,37.1,BUY,1,65.09,1098.0,65.08,319.7,65.07,1483.0,65.06,416.2,65.05,293.3,65.15,275.4,65.16,86.9,65.17,117.2,65.18,1516.0,65.19,183.2
1700000270.5,541,65.12,0.060000000000002274,65.09,303.7,65.15,75.4,2612.8,6687.699999999999,65.09,7.7,SELL,1,65.09,303.7,65.08,672.7,65.07,535.6,65.06,935.8,65.05,165.0,65.15,75.4,65.16,404.6,65.17,617.9,65.18,4900.4,65.19,689.4
1700000271.0,542,65.12,0.04000000000000625,65.1,1448.1,65.14,382.0,4560.000000000001,3857.9,65.1,24.2,SELL,1,65.1,1448.1,65.09,1031.2,65.08,453.4,65.07,1010.2,65.06,617.1,65.14,382.0,65.15,1335.3,65.16,803.0,65.17,197.0,65.18,1140.6
1700000271.5,543,65.12,0.060000000000002274,65.09,726.0,65.15,1169.4,3274.8999999999996,2655.4000000000005,65.15,5.4,BUY,2,65.09,726.0,65.08,292.5,65.07,587.1,65.06,586.0,65.05,1083.3,65.15,1169.4,65.16,326.0,65.17,504.0,65.18,82.3,65.19,573.7
1700000272.0,544,65.12,0.060000000000002274,65.09,308.5,65.15,96.6,1284.6,2141.5,65.09,34.3,SELL,2,65.09,308.5,65.08,95.2,65.07,300.3,65.06,293.0,65.05,287.6,65.15,96.6,65.16,1307.7,65.17,157.3,65.18,556.9,65.19,23.0
1700000272.5,545,65.13,0.060000000000002274,65.1,493.7,65.16,47.7,2565.9,2188.7000000000003,65.16,76.3,BUY,3,65.1,493.7,65.09,28.3,65.08,83.7,65.07,296.9,65.06,1663.3,65.16,47.7,65.17,602.0,65.18,635.1,65.19,550.4,65.2,353.5
1700000273.0,546,65.13,0.060000000000002274,65.1,58.4,65.16,527.4,6630.799999999999,4036.2,65.1,87.7,SELL,2,65.1,58.4,65.09,46.6,65.08,214.4,65.07,3040.7,65.06,3270.7,65.16,527.4,65.17,419.9,65.18,294.9,65.19,1673.4,65.2,1120.6
1700000273.5,547,65.13,0.060000000000002274,65.1,61.5,65.16,86.7,6909.3,5014.4,65.1,44.1,SELL,1,65.1,61.5,65.09,10.0,65.08,194.2,65.07,2043.0,65.06,4600.6,65.16,86.7,65.17,27.9,65.18,1057.2,65.19,3161.4,65.2,681.2
1700000274.0,548,65.13,0.060000000000002274,65.1,10.0,65.16,503.8,6981.1,1540.6,65.1,5.0,SELL,1,65.1,10.0,65.09,2887.8,65.08,945.7,65.07,1971.2,65.06,1166.4,65.16,503.8,65.17,158.4,65.18,611.9,65.19,104.7,65.2,161.8
1700000274.5,549,65.13,0.060000000000002274,65.1,467.2,65.16,531.4,6068.1,3853.3,65.1,14.4,SELL,3,65.1,467.2,65.09,774.0,65.08,1915.8,65.07,102.3,65.06,2808.8,65.16,531.4,65.17,809.4,65.18,893.7,65.19,1045.3,65.2,573.5
1700000275.0,550,65.14,0.060000000000002274,65.11,1019.7,65.17,99.5,5347.1,5439.2,65.11,44.5,SELL,3,65.11,1019.7,65.1,467.1,65.09,405.6,65.08,1071.8,65.07,2382.9,65.17,99.5,65.18,146.3,65.19,2175.4,65.2,1992.8,65.21,1025.2
1700000275.5,551,65.14,0.060000000000002274,65.11,2006.4,65.17,223.3,5596.2,1214.9,65.14,0.0,BUY,0,65.11,2006.4,65.1,69.2,65.09,44.8,65.08,2623.0,65.07,852.8,65.17,223.3,65.18,155.7,65.19,544.2,65.2,107.2,65.21,184.5
1700000276.0,552,65.14,0.060000000000002274,65.11,404.5,65.17,938.3,2540.4999999999995,4916.4,65.11,8.4,SELL,4,65.11,404.5,65.1,1735.7,65.09,268.2,65.08,86.2,65.07,45.9,65.17,938.3,65.18,579.9,65.19,1501.6,65.2,1105.3,65.21,791.3
1700000276.5,553,65.14,0.03999999999999204,65.12,1283.6,65.16,568.7,4136.0,2846.1,65.16,6.4,BUY,1,65.12,1283.6,65.11,361.7,65.1,992.1,65.09,374.9,65.08,1123.7,65.16,568.7,65.17,66.3,65.18,597.8,65.19,153.0,65.2,1460.3
1700000277.0,554,65.14,0.060000000000002274,65.11,508.5,65.17,152.3,5759.200000000001,1858.1,65.11,77.5,SELL,3,65.11,508.5,65.1,187.5,65.09,1036.0,65.08,1437.9,65.07,2589.3,65.17,152.3,65.18,89.2,65.19,483.9,65.2,500.4,65.21,632.3
1700000277.5,555,65.14,0.03999999999999204,65.12,464.2,65.16,277.7,3217.3,3883.2000000000003,65.12,102.6,SELL,4,65.12,464.2,65.11,623.3,65.1,318.2,65.09,23.8,65.08,1787.8,65.16,277.7,65.17,348.5,65.18,2431.1,65.19,508.5,65.2,317.4
1700000278.0,556,65.14,0.060000000000002274,65.11,2292.8,65.17,1454.1,7831.6,4511.5,65.17,5.0,BUY,2,65.11,2292.8,65.1,615.5,65.09,1275.8,65.08,761.6,65.07,2885.9,65.17,1454.1,65.18,100.5,65.19,954.4,65.2,565.0,65.21,1437.5
1700000278.5,557,65.14,0.060000000000002274,65.11,292.9,65.17,430.1,2184.7,1684.3000000000002,65.14,0.0,BUY,0,65.11,292.9,65.1,911.5,65.09,117.0,65.08,496.3,65.07,367.0,65.17,430.1,65.18,140.8,65.19,307.7,65.2,10.0,65.21,795.7
1700000279.0,558,65.15,0.060000000000002274,65.12,548.8,65.18,144.4,4138.3,5293.8,65.18,80.0,BUY,1,65.12,548.8,65.11,291.1,65.1,351.8,65.09,2564.3,65.08,382.3,65.18,144.4,65.19,487.1,65.2,1791.7,65.21,2466.3,65.22,404.3
1700000279.5,559,65.15,0.060000000000002274,65.12,20.6,65.18,169.6,2915.7,5658.4,65.18,48.2,BUY,3,65.12,20.6,65.11,731.2,65.1,1166.3,65.09,903.9,65.08,93.7,65.18,169.6,65.19,1422.5,65.2,1333.9,65.21,942.8,65.22,1789.6
1700000280.0,560,65.15,0.060000000000002274,65.12,481.5,65.18,633.2,2753.6,3316.9,65.12,17.0,SELL,1,65.12,481.5,65.11,1391.3,65.1,196.9,65.09,317.8,65.08,366.1,65.18,633.2,65.19,805.3,65.2,51.8,65.21,806.1,65.22,1020.5
1700000280.5,561,65.14,0.060000000000002274,65.11,626.4,65.17,73.1,2655.8999999999996,1150.5,65.17,18.8,BUY,1,65.11,626.4,65.1,641.3,65.09,975.4,65.08,201.6,65.07,211.2,65.17,73.1,65.18,315.4,65.19,186.8,65.2,313.8,65.21,261.4
1700000281.0,562,65.14,0.060000000000002274,65.11,569.0,65.17,518.4,5856.9,7645.6,65.11,29.1,SELL,1,65.11,569.0,65.1,340.0,65.09,173.3,65.08,3663.6,65.07,1111.0,65.17,518.4,65.18,311.2,65.19,577.2,65.2,979.2,65.21,5259.6
1700000281.5,563,65.14,0.03999999999999204,65.12,495.2,65.16,196.2,4641.8,6228.4,65.14,0.0,BUY,0,65.12,495.2,65.11,37.3,65.1,2415.6,65.09,394.5,65.08,1299.2,65.16,196.2,65.17,694.0,65.18,156.0,65.19,1801.8,65.2,3380.4
1700000282.0,564,65.14,0.03999999999999204,65.12,1470.7,65.16,347.8,6162.200000000001,3410.0,65.12,70.2,SELL,1,65.12,1470.7,65.11,35.7,65.1,36.2,65.09,1302.0,65.08,3317.6,65.16,347.8,65.17,1074.3,65.18,264.0,65.19,372.1,65.2,1351.8
1700000282.5,565,65.14,0.060000000000002274,65.11,1590.4,65.17,11.9,5125.900000000001,4962.2,65.11,48.8,SELL,1,65.11,1590.4,65.1,978.9,65.09,966.8,65.08,511.6,65.07,1078.2,65.17,11.9,65.18,1278.1,65.19,139.5,65.2,602.7,65.21,2930.0
1700000283.0,566,65.14,0.060000000000002274,65.11,341.2,65.17,180.3,6962.799999999999,2967.7,65.11,22.4,SELL,2,65.11,341.2,65.1,834.4,65.09,2173.3,65.08,1203.0,65.07,2410.9,65.17,180.3,65.18,399.9,65.19,36.1,65.2,762.9,65.21,1588.5
1700000283.5,567,65.14,0.03999999999999204,65.12,198.4,65.16,291.0,7216.2,3400.9,65.12,13.4,SELL,1,65.12,198.4,65.11,876.8,65.1,1241.3,65.09,1282.0,65.08,3617.7,65.16,291.0,65.17,929.5,65.18,1234.1,65.19,141.9,65.2,804.4
1700000284.0,568,65.14,0.060000000000002274,65.11,200.9,65.17,1763.5,1817.1000000000001,4258.3,65.11,29.5,SELL,1,65.11,200.9,65.1,339.6,65.09,322.1,65.08,627.8,65.07,326.7,65.17,1763.5,65.18,838.6,65.19,1185.7,65.2,460.5,65.21,10.0
1700000284.5,569,65.13,0.060000000000002274,65.1,153.5,65.16,1655.6,2874.8,7247.7,65.16,19.3,BUY,1,65.1,153.5,65.09,20.5,65.08,662.5,65.07,983.3,65.06,1055.0,65.16,1655.6,65.17,937.2,65.18,3147.7,65.19,16.2,65.2,1491.0
1700000285.0,570,65.13,0.060000000000002274,65.1,523.6,65.16,405.6,2549.6,3267.3999999999996,65.1,84.3,SELL,1,65.1,523.6,65.09,524.2,65.08,885.6,65.07,411.1,65.06,205.1,65.16,405.6,65.17,302.8,65.18,633.1,65.19,1834.7,65.2,91.2
1700000285.5,571,65.13,0.060000000000002274,65.1,321.1,65.16,85.3,3225.3,3248.8,65.13,0.0,BUY,0,65.1,321.1,65.09,61.0,65.08,975.3,65.07,703.9,65.06,1164.0,65.16,85.3,65.17,1135.7,65.18,66.5,65.19,1199.8,65.2,761.5
1700000286.0,572,65.13,0.060000000000002274,65.1,153.5,65.16,61.6,3434.3,5237.3,65.1,11.0,SELL,2,65.1,153.5,65.09,700.7,65.08,2347.6,65.07,171.4,65.06,61.1,65.16,61.6,65.17,1321.2,65.18,2530.4,65.19,643.5,65.2,680.6
1700000286.5,573,65.13,0.060000000000002274,65.1,216.5,65.16,584.3,4878.8,12639.1,65.16,99.5,BUY,3,65.1,216.5,65.09,504.1,65.08,746.5,65.07,1565.0,65.06,1846.7,65.16,584.3,65.17,1309.4,65.18,4682.6,65.19,1425.4,65.2,4637.4
1700000287.0,574,66.25999999999999,0.04000000000000625,66.24,1285.1,66.28,580.1,7827.299999999999,3979.5,66.28,8.6,BUY,1,66.24,1285.1,66.23,144.7,66.22,277.7,66.21,2971.9,66.2,3147.9,66.28,580.1,66.29,344.8,66.3,24.5,66.31,581.4,66.32,2448.7
1700000287.5,575,66.25999999999999,0.04000000000000625,66.24,113.7,66.28,23.7,3818.9,2305.8,66.24,55.1,SELL,1,66.24,113.7,66.23,926.6,66.22,689.5,66.21,531.6,66.2,1557.5,66.28,23.7,66.29,679.1,66.3,442.4,66.31,428.6,66.32,732.0
1700000288.0,576,66.25999999999999,0.04000000000000625,66.24,10.0,66.28,906.7,3958.5,3285.5,66.24,77.0,SELL,3,66.24,10.0,66.23,57.5,66.22,143.6,66.21,2072.5,66.2,1674.9,66.28,906.7,66.29,203.0,66.3,630.9,66.31,592.6,66.32,952.3
1700000288.5,577,66.26,0.060000000000002274,66.23,668.1,66.29,126.0,4389.0,2822.1000000000004,66.29,5.0,BUY,2,66.23,668.1,66.22,517.6,66.21,2072.4,66.2,105.1,66.19,1025.8,66.29,126.0,66.3,609.6,66.31,37.9,66.32,952.7,66.33,1095.9
1700000289.0,578,66.26,0.060000000000002274,66.23,1489.6,66.29,710.7,2698.5,4115.8,66.29,90.6,BUY,1,66.23,1489.6,66.22,196.1,66.21,757.1,66.2,178.9,66.19,76.8,66.29,710.7,66.3,313.6,66.31,486.8,66.32,1299.5,66.33,1305.2
1700000289.5,579,66.26,0.060000000000002274,66.23,905.9,66.29,295.6,5029.599999999999,4623.8,66.23,37.2,SELL,3,66.23,905.9,66.22,55.3,66.21,639.5,66.2,1336.2,66.19,2092.7,66.29,295.6,66.3,1165.9,66.31,551.3,66.32,644.2,66.33,1966.8
1700000290.0,580,66.26,0.060000000000002274,66.23,317.7,66.29,11.2,3191.2000000000003,4396.4,66.23,8.9,SELL,2,66.23,317.7,66.22,926.0,66.21,212.9,66.2,1655.5,66.19,79.1,66.29,11.2,66.3,899.0,66.31,2298.3,66.32,149.6,66.33,1038.3
1700000290.5,581,66.27,0.060000000000002274,66.24,434.7,66.3,77.2,2168.8,2479.4,66.3,9.7,BUY,1,66.24,434.7,66.23,308.0,66.22,394.0,66.21,352.3,66.2,679.8,66.3,77.2,66.31,902.6,66.32,968.3,66.33,472.5,66.34,58.8
1700000291.0,582,66.27,0.060000000000002274,66.24,17.6,66.3,649.6,4870.1,2846.6,66.24,16.8,SELL,5,66.24,17.6,66.23,299.1,66.22,2106.0,66.21,191.1,66.2,2256.3,66.3,649.6,66.31,399.1,66.32,649.7,66.33,350.6,66.34,797.6
1700000291.5,583,66.27,0.060000000000002274,66.24,303.0,66.3,1595.5,5398.9,5886.5,66.3,53.8,BUY,3,66.24,303.0,66.23,514.5,66.22,3080.0,66.21,555.4,66.2,946.0,66.3,1595.5,66.31,56.7,66.32,1356.0,66.33,699.3,66.34,2179.0
1700000292.0,584,66.28,0.060000000000002274,66.25,412.9,66.31,444.4,4291.8,6661.3,66.28,0.0,BUY,0,66.25,412.9,66.24,2451.4,66.23,320.0,66.22,84.8,66.21,1022.7,66.31,444.4,66.32,831.5,66.33,2054.8,66.34,2576.9,66.35,753.7
1700000292.5,585,66.28,0.060000000000002274,66.25,19.4,66.31,110.3,4262.8,1528.1,66.25,6.8,SELL,2,66.25,19.4,66.24,102.6,66.23,308.9,66.22,334.9,66.21,3497.0,66.31,110.3,66.32,50.6,66.33,96.3,66.34,237.6,66.35,1033.3
1700000293.0,586,66.29499999999999,0.04999999999999716,66.27,99.9,66.32,37.3,1271.6999999999998,5560.7,66.27,199.0,SELL,2,66.27,99.9,66.26,87.5,66.25,576.0,66.24,177.4,66.23,330.9,66.32,37.3,66.33,237.0,66.34,2089.6,66.35,2875.1,66.36,321.7
1700000293.5,587,66.28,0.060000000000002274,66.25,52.3,66.31,249.4,4590.8,1872.6000000000001,66.25,86.9,SELL,4,66.25,52.3,66.24,2022.4,66.23,1389.3,66.22,943.6,66.21,183.2,66.31,249.4,66.32,171.4,66.33,217.9,66.34,160.7,66.35,1073.2
1700000294.0,588,67.72,0.060000000000002274,67.69,402.7,67.75,259.4,4279.2,3311.9,67.72,0.0,BUY,0,67.69,402.7,67.68,328.5,67.67,1602.6,67.66,1833.6,67.65,111.8,67.75,259.4,67.76,83.3,67.77,458.7,67.78,2500.5,67.79,10.0
1700000294.5,589,67.71000000000001,0.05999999999998806,67.68,737.8,67.74,39.8,2315.2,3312.6,67.71000000000001,0.0,BUY,0,67.68,737.8,67.67,331.7,67.66,109.1,67.65,896.8,67.64,239.8,67.74,39.8,67.75,798.3,67.76,1898.6,67.77,80.3,67.78,495.6
1700000295.0,590,67.70500000000001,0.04999999999999716,67.68,560.4,67.73,999.0,9856.7,6316.9,67.68,5.0,SELL,4,67.68,560.4,67.67,1051.1,67.66,2603.5,67.65,210.3,67.64,5431.4,67.73,999.0,67.74,163.8,67.75,1235.6,67.76,3254.6,67.77,663.9
1700000295.5,591,70.34,0.060000000000002274,70.31,1464.5,70.37,223.6,5693.0,1201.2,70.31,19.7,SELL,2,70.31,1464.5,70.3,724.8,70.29,615.1,70.28,2664.6,70.27,224.0,70.37,223.6,70.38,513.3,70.39,254.9,70.4,116.2,70.41,93.2
1700000296.0,592,70.35,0.04000000000000625,70.33,219.8,70.37,1277.7,2079.5,3893.2000000000003,70.33,97.6,SELL,3,70.33,219.8,70.32,82.2,70.31,1100.4,70.3,62.6,70.29,614.5,70.37,1277.7,70.38,155.7,70.39,249.4,70.4,1325.9,70.41,884.5
1700000296.5,593,70.34,0.060000000000002274,70.31,755.4,70.37,130.1,2651.8999999999996,4076.5,70.37,56.5,BUY,3,70.31,755.4,70.3,306.6,70.29,386.5,70.28,1121.2,70.27,82.2,70.37,130.1,70.38,2251.5,70.39,788.5,70.4,580.6,70.41,325.8
1700000297.0,594,70.34,0.060000000000002274,70.31,151.9,70.37,172.5,4393.1,1269.5,70.31,126.1,SELL,1,70.31,151.9,70.3,79.5,70.29,2697.0,70.28,1069.1,70.27,395.6,70.37,172.5,70.38,427.1,70.39,305.5,70.4,354.4,70.41,10.0
1700000297.5,595,70.34,0.060000000000002274,70.31,191.3,70.37,92.9,1228.2,1525.4,70.37,53.9,BUY,3,70.31,191.3,70.3,102.8,70.29,154.1,70.28,395.8,70.27,384.2,70.37,92.9,70.38,231.9,70.39,41.8,70.4,987.1,70.41,171.7
1700000298.0,596,70.34,0.060000000000002274,70.31,299.7,70.37,711.5,2568.2,5733.3,70.37,115.3,BUY,1,70.31,299.7,70.3,270.7,70.29,434.8,70.28,574.7,70.27,988.3,70.37,711.5,70.38,379.5,70.39,3289.2,70.4,901.8,70.41,451.3
1700000298.5,597,70.35,0.04000000000000625,70.33,1305.9,70.37,57.4,4111.1,4166.3,70.37,40.9,BUY,4,70.33,1305.9,70.32,644.5,70.31,1332.5,70.3,233.0,70.29,595.2,70.37,57.4,70.38,1358.1,70.39,1556.8,70.4,667.7,70.41,526.3
1700000299.0,598,70.35,0.060000000000002274,70.32,27.1,70.38,315.2,1966.6,809.0,70.32,15.4,SELL,2,70.32,27.1,70.31,13.7,70.3,645.3,70.29,1112.5,70.28,168.0,70.38,315.2,70.39,20.1,70.4,178.4,70.41,46.3,70.42,249.0
1700000299.5,599,70.35,0.04000000000000625,70.33,214.4,70.37,186.4,5851.5,6717.0,70.35,0.0,BUY,0,70.33,214.4,70.32,2242.1,70.31,98.1,70.3,2434.3,70.29,862.6,70.37,186.4,70.38,1829.4,70.39,193.8,70.4,178.1,70.41,4329.3
1700000300.0,600,70.34,0.060000000000002274,70.31,830.2,70.37,792.6,4015.6000000000004,4912.099999999999,70.31,44.2,SELL,4,70.31,830.2,70.3,904.6,70.29,591.7,70.28,423.8,70.27,1265.3,70.37,792.6,70.38,145.3,70.39,696.8,70.4,2571.0,70.41,706.4
1700000300.5,601,70.34,0.060000000000002274,70.31,161.8,70.37,700.1,3113.5,6738.3,70.37,5.0,BUY,4,70.31,161.8,70.3,111.3,70.29,2001.7,70.28,391.5,70.27,447.2,70.37,700.1,70.38,4039.0,70.39,935.9,70.4,856.1,70.41,207.2
1700000301.0,602,70.34,0.060000000000002274,70.31,207.7,70.37,111.6,3444.6,2753.5,70.37,24.5,BUY,1,70.31,207.7,70.3,1707.2,70.29,602.4,70.28,800.2,70.27,127.1,70.37,111.6,70.38,884.0,70.39,442.3,70.4,691.1,70.41,624.5
1700000301.5,603,70.34,0.060000000000002274,70.31,113.7,70.37,10.0,1906.5,1544.1,70.34,0.0,BUY,0,70.31,113.7,70.3,13.6,70.29,1083.6,70.28,427.1,70.27,268.5,70.37,10.0,70.38,1269.6,70.39,84.7,70.4,82.1,70.41,97.7
1700000302.0,604,70.34,0.060000000000002274,70.31,91.7,70.37,10.0,1868.6999999999998,2041.5,70.34,0.0,BUY,0,70.31,91.7,70.3,106.9,70.29,99.7,70.28,385.8,70.27,1184.6,70.37,10.0,70.38,101.4,70.39,446.4,70.4,214.8,70.41,1268.9
1700000302.5,605,70.34,0.060000000000002274,70.31,96.2,70.37,96.4,4883.799999999999,1118.8000000000002,70.31,5.0,SELL,4,70.31,96.2,70.3,386.9,70.29,410.8,70.28,826.2,70.27,3163.7,70.37,96.4,70.38,390.9,70.39,72.7,70.4,487.4,70.41,71.4
1700000303.0,606,70.34,0.060000000000002274,70.31,557.1,70.37,272.1,2691.6000000000004,4530.8,70.31,5.6,SELL,2,70.31,557.1,70.3,372.3,70.29,848.0,70.28,904.2,70.27,10.0,70.37,272.1,70.38,619.5,70.39,1580.8,70.4,1165.7,70.41,892.7
1700000303.5,607,70.33,0.060000000000002274,70.3,229.6,70.36,62.2,6419.7,3853.7999999999997,70.36,57.7,BUY,3,70.3,229.6,70.29,341.4,70.28,2929.8,70.27,2183.2,70.26,735.7,70.36,62.2,70.37,67.0,70.38,2441.4,70.39,249.7,70.4,1033.5
1700000304.0,608,70.315,0.04999999999999716,70.29,1551.4,70.34,460.2,3896.7000000000003,5300.4,70.34,5.0,BUY,1,70.29,1551.4,70.28,776.2,70.27,1141.5,70.26,339.0,70.25,88.6,70.34,460.2,70.35,1165.0,70.36,1866.0,70.37,360.5,70.38,1448.7
1700000304.5,609,70.32,0.04000000000000625,70.3,838.2,70.34,151.7,2530.7000000000003,5511.2,70.34,27.9,BUY,2,70.3,838.2,70.29,1063.5,70.28,51.6,70.27,465.5,70.26,111.9,70.34,151.7,70.35,175.7,70.36,1530.5,70.37,3115.9,70.38,537.4
1700000305.0,610,70.315,0.04999999999999716,70.29,344.4,70.34,616.7,3070.7000000000003,6353.000000000001,70.29,35.2,SELL,1,70.29,344.4,70.28,745.5,70.27,1187.0,70.26,734.4,70.25,59.4,70.34,616.7,70.35,572.1,70.36,2951.4,70.37,1694.6,70.38,518.2
1700000305.5,611,70.33,0.060000000000002274,70.3,206.9,70.36,21.6,5643.5,2591.5,70.3,37.9,SELL,2,70.3,206.9,70.29,2354.7,70.28,987.1,70.27,302.2,70.26,1792.6,70.36,21.6,70.37,233.9,70.38,173.0,70.39,496.6,70.4,1666.4
1700000306.0,612,70.33,0.060000000000002274,70.3,1617.1,70.36,22.2,2958.4999999999995,4488.2,70.33,0.0,BUY,0,70.3,1617.1,70.29,10.0,70.28,643.1,70.27,543.7,70.26,144.6,70.36,22.2,70.37,211.1,70.38,2673.2,70.39,875.7,70.4,706.0
1700000306.5,613,70.33,0.060000000000002274,70.3,165.2,70.36,294.8,2829.5000000000005,1476.8,70.3,5.0,SELL,1,70.3,165.2,70.29,430.5,70.28,854.2,70.27,679.2,70.26,700.4,70.36,294.8,70.37,49.8,70.38,109.5,70.39,285.9,70.4,736.8
1700000307.0,614,70.33,0.060000000000002274,70.3,56.7,70.36,1014.6,2670.5,8682.8,70.36,62.7,BUY,1,70.3,56.7,70.29,109.4,70.28,327.2,70.27,1982.6,70.26,194.6,70.36,1014.6,70.37,73.8,70.38,24.9,70.39,5721.7,70.4,1847.8
1700000307.5,615,70.315,0.04999999999999716,70.29,234.3,70.34,430.0,6168.200000000001,1208.1,70.34,52.9,BUY,2,70.29,234.3,70.28,2152.1,70.27,1106.8,70.26,780.6,70.25,1894.4,70.34,430.0,70.35,186.2,70.36,210.5,70.37,128.8,70.38,252.6
1700000308.0,616,70.32,0.05999999999998806,70.29,510.6,70.35,362.6,4524.5,7895.799999999999,70.32,0.0,BUY,0,70.29,510.6,70.28,2327.8,70.27,667.4,70.26,483.9,70.25,534.8,70.35,362.6,70.36,1191.5,70.37,215.1,70.38,3733.0,70.39,2393.6
1700000308.5,617,70.315,0.04999999999999716,70.29,653.3,70.34,78.0,2872.1,4718.0,70.29,124.4,SELL,1,70.29,653.3,70.28,119.3,70.27,830.4,70.26,553.7,70.25,715.4,70.34,78.0,70.35,586.5,70.36,1265.7,70.37,1684.8,70.38,1103.0
1700000309.0,618,70.31,0.060000000000002274,70.28,195.2,70.34,622.3,3156.6,6701.299999999999,70.34,79.9,BUY,1,70.28,195.2,70.27,427.2,70.26,467.7,70.25,948.3,70.24,1118.2,70.34,622.3,70.35,165.4,70.36,508.1,70.37,1452.8,70.38,3952.7
1700000309.5,619,70.31,0.060000000000002274,70.28,71.0,70.34,608.0,4204.9,3942.3999999999996,70.34,67.3,BUY,2,70.28,71.0,70.27,115.3,70.26,813.4,70.25,258.7,70.24,2946.5,70.34,608.0,70.35,936.9,70.36,544.8,70.37,1130.6,70.38,722.1
1700000310.0,620,70.31,0.060000000000002274,70.28,381.1,70.34,78.0,1437.6000000000001,6591.199999999999,70.34,5.0,BUY,3,70.28,381.1,70.27,387.9,70.26,404.9,70.25,253.7,70.24,10.0,70.34,78.0,70.35,10.0,70.36,2896.6,70.37,3199.7,70.38,406.9
1700000310.5,621,70.31,0.060000000000002274,70.28,39.0,70.34,47.6,3493.5000000000005,1412.1,70.28,15.2,SELL,2,70.28,39.0,70.27,1010.7,70.26,1143.2,70.25,777.2,70.24,523.4,70.34,47.6,70.35,42.7,70.36,48.4,70.37,838.9,70.38,434.5
1700000311.0,622,70.31,0.03999999999999204,70.29,782.6,70.33,105.1,2786.1,2428.7,70.33,18.4,BUY,2,70.29,782.6,70.28,1650.1,70.27,14.1,70.26,60.3,70.25,279.0,70.33,105.1,70.34,484.8,70.35,861.4,70.36,73.6,70.37,903.8
1700000311.5,623,70.315,0.04999999999999716,70.29,59.3,70.34,12.2,1051.1,4510.900000000001,70.29,36.3,SELL,2,70.29,59.3,70.28,294.0,70.27,46.1,70.26,110.3,70.25,541.4,70.34,12.2,70.35,273.0,70.36,39.7,70.37,2186.3,70.38,1999.7
1700000312.0,624,70.32,0.05999999999998806,70.29,123.1,70.35,394.5,2787.3,3532.8,70.32,0.0,BUY,0,70.29,123.1,70.28,260.4,70.27,587.0,70.26,471.6,70.25,1345.2,70.35,394.5,70.36,1557.3,70.37,415.3,70.38,311.8,70.39,853.9
1700000312.5,625,70.315,0.04999999999999716,70.29,156.9,70.34,1409.3,4790.3,4511.499999999999,70.29,53.3,SELL,1,70.29,156.9,70.28,53.0,70.27,3639.0,70.26,171.9,70.25,769.5,70.34,1409.3,70.35,1578.4,70.36,874.1,70.37,519.0,70.38,130.7
1700000313.0,626,70.315,0.04999999999999716,70.29,571.0,70.34,63.4,5285.799999999999,9867.4,70.29,12.8,SELL,1,70.29,571.0,70.28,84.3,70.27,797.3,70.26,887.3,70.25,2945.9,70.34,63.4,70.35,970.4,70.36,294.4,70.37,6522.9,70.38,2016.3
1700000313.5,627,70.31,0.060000000000002274,70.28,43.2,70.34,15.2,4055.2000000000003,5340.1,70.34,38.3,BUY,4,70.28,43.2,70.27,1308.2,70.26,808.2,70.25,1032.6,70.24,863.0,70.34,15.2,70.35,1211.1,70.36,35.2,70.37,1339.5,70.38,2739.1
1700000314.0,628,70.315,0.04999999999999716,70.29,681.3,70.34,119.4,1728.2,6961.0,70.315,0.0,BUY,0,70.29,681.3,70.28,228.8,70.27,80.1,70.26,625.7,70.25,112.3,70.34,119.4,70.35,110.4,70.36,150.5,70.37,1213.9,70.38,5366.8
1700000314.5,629,70.31,0.060000000000002274,70.28,105.1,70.34,40.4,3842.7999999999997,4401.4,70.31,0.0,BUY,0,70.28,105.1,70.27,152.1,70.26,174.9,70.25,2293.7,70.24,1117.0,70.34,40.4,70.35,1730.1,70.36,793.2,70.37,547.5,70.38,1290.2
1700000315.0,630,72.86,0.060000000000002274,72.83,207.5,72.89,296.7,4537.1,2565.2,72.89,22.2,BUY,1,72.83,207.5,72.82,64.0,72.81,274.4,72.8,1963.1,72.79,2028.1,72.89,296.7,72.9,202.4,72.91,926.0,72.92,478.5,72.93,661.6
1700000315.5,631,72.86,0.060000000000002274,72.83,211.2,72.89,175.0,5192.4,5211.1,72.86,0.0,BUY,0,72.83,211.2,72.82,1012.2,72.81,144.1,72.8,798.7,72.79,3026.2,72.89,175.0,72.9,317.5,72.91,454.7,72.92,686.3,72.93,3577.6
1700000316.0,632,72.86,0.060000000000002274,72.83,280.3,72.89,138.8,4902.799999999999,1113.2,72.89,83.6,BUY,2,72.83,280.3,72.82,938.5,72.81,386.4,72.8,2787.2,72.79,510.4,72.89,138.8,72.9,53.5,72.91,36.9,72.92,96.0,72.93,788.0
1700000316.5,633,72.87,0.060000000000002274,72.84,218.9,72.9,126.7,1455.1,2592.5,72.87,0.0,BUY,0,72.84,218.9,72.83,111.8,72.82,46.0,72.81,692.9,72.8,385.5,72.9,126.7,72.91,673.5,72.92,434.5,72.93,938.9,72.94,418.9
1700000317.0,634,72.87,0.060000000000002274,72.84,1929.5,72.9,33.3,7348.200000000001,2475.9,72.87,0.0,BUY,0,72.84,1929.5,72.83,2104.3,72.82,1676.2,72.81,227.3,72.8,1410.9,72.9,33.3,72.91,888.1,72.92,511.3,72.93,623.3,72.94,419.9
1700000317.5,635,72.87,0.060000000000002274,72.84,73.1,72.9,225.3,2915.5,7471.4,72.84,28.3,SELL,3,72.84,73.1,72.83,166.7,72.82,769.3,72.81,1823.5,72.8,82.9,72.9,225.3,72.91,914.7,72.92,529.5,72.93,2087.9,72.94,3714.0
1700000318.0,636,72.86,0.060000000000002274,72.83,422.7,72.89,399.4,3024.6,1407.4,72.83,113.0,SELL,3,72.83,422.7,72.82,306.8,72.81,803.2,72.8,616.5,72.79,875.4,72.89,399.4,72.9,38.0,72.91,550.5,72.92,10.0,72.93,409.5
1700000318.5,637,72.86,0.060000000000002274,72.83,1422.9,72.89,124.2,4372.4,2772.8,72.86,0.0,BUY,0,72.83,1422.9,72.82,472.4,72.81,10.0,72.8,588.7,72.79,1878.4,72.89,124.2,72.9,39.2,72.91,604.6,72.92,1586.5,72.93,418.3
1700000319.0,638,72.86,0.060000000000002274,72.83,10.0,72.89,90.0,3642.7,4294.5,72.89,36.9,BUY,2,72.83,10.0,72.82,466.7,72.81,207.7,72.8,1703.1,72.79,1255.2,72.89,90.0,72.9,291.6,72.91,1663.9,72.92,2112.7,72.93,136.3
1700000319.5,639,72.86,0.060000000000002274,72.83,2060.8,72.89,124.9,4213.3,2984.9,72.83,5.0,SELL,3,72.83,2060.8,72.82,526.0,72.81,1050.3,72.8,500.4,72.79,75.8,72.89,124.9,72.9,512.9,72.91,1487.7,72.92,297.8,72.93,561.6
1700000320.0,640,72.86,0.060000000000002274,72.83,209.0,72.89,377.2,3659.2,7570.400000000001,72.86,0.0,BUY,0,72.83,209.0,72.82,1013.5,72.81,1912.6,72.8,150.5,72.79,373.6,72.89,377.2,72.9,551.0,72.91,569.9,72.92,2703.0,72.93,3369.3
1700000320.5,641,72.86,0.060000000000002274,72.83,601.1,72.89,1453.9,2218.6,4424.7,72.83,60.4,SELL,2,72.83,601.1,72.82,436.0,72.81,486.1,72.8,386.2,72.79,309.2,72.89,1453.9,72.9,1010.8,72.91,10.0,72.92,18.1,72.93,1931.9
1700000321.0,642,72.86,0.03999999999999204,72.84,1361.5,72.88,611.5,4682.099999999999,5656.1,72.84,60.9,SELL,2,72.84,1361.5,72.83,54.9,72.82,1347.5,72.81,1206.3,72.8,711.9,72.88,611.5,72.89,2530.7,72.9,1179.3,72.91,1010.1,72.92,324.5
1700000321.5,643,72.85,0.060000000000002274,72.82,292.5,72.88,241.0,3334.6,4181.1,72.88,89.8,BUY,1,72.82,292.5,72.81,474.4,72.8,872.1,72.79,511.7,72.78,1183.9,72.88,241.0,72.89,2125.9,72.9,310.3,72.91,545.5,72.92,958.4
1700000322.0,644,72.85,0.060000000000002274,72.82,12.0,72.88,1870.8,3625.0,9924.0,72.85,0.0,BUY,0,72.82,12.0,72.81,2531.5,72.8,608.9,72.79,274.2,72.78,198.4,72.88,1870.8,72.89,750.0,72.9,383.3,72.91,793.2,72.92,6126.7
1700000322.5,645,72.85,0.060000000000002274,72.82,28.4,72.88,703.2,2935.5000000000005,6176.9,72.82,93.5,SELL,1,72.82,28.4,72.81,1066.5,72.8,1106.9,72.79,41.8,72.78,691.9,72.88,703.2,72.89,30.3,72.9,1636.7,72.91,1283.1,72.92,2523.6
1700000323.0,646,72.85,0.04000000000000625,72.83,393.5,72.87,273.5,4452.8,4231.0,72.83,17.0,SELL,2,72.83,393.5,72.82,839.9,72.81,572.4,72.8,1817.3,72.79,829.7,72.87,273.5,72.88,246.5,72.89,636.4,72.9,2088.6,72.91,986.0
1700000323.5,647,72.85,0.060000000000002274,72.82,171.9,72.88,44.5,7760.2,6032.3,72.88,48.9,BUY,1,72.82,171.9,72.81,1437.5,72.8,3158.9,72.79,169.2,72.78,2822.7,72.88,44.5,72.89,476.2,72.9,396.7,72.91,518.2,72.92,4596.7
1700000324.0,648,72.85,0.060000000000002274,72.82,456.4,72.88,261.2,4760.6,2125.6,72.82,11.2,SELL,4,72.82,456.4,72.81,294.9,72.8,1663.4,72.79,439.5,72.78,1906.4,72.88,261.2,72.89,78.0,72.9,1142.7,72.91,519.3,72.92,124.4
1700000324.5,649,72.85,0.060000000000002274,72.82,116.3,72.88,152.6,2978.0,2186.5,72.82,12.0,SELL,1,72.82,116.3,72.81,637.7,72.8,277.5,72.79,688.8,72.78,1257.7,72.88,152.6,72.89,132.3,72.9,476.2,72.91,467.0,72.92,958.4
1700000325.0,650,72.84,0.060000000000002274,72.81,132.5,72.87,19.6,1702.0000000000002,2876.6000000000004,72.87,75.1,BUY,4,72.81,132.5,72.8,441.6,72.79,755.8,72.78,203.4,72.77,168.7,72.87,19.6,72.88,48.9,72.89,407.3,72.9,749.9,72.91,1650.9
1700000325.5,651,72.84,0.04000000000000625,72.82,1918.9,72.86,812.5,7638.400000000001,6749.0,72.82,77.9,SELL,2,72.82,1918.9,72.81,3540.7,72.8,558.0,72.79,1512.3,72.78,108.5,72.86,812.5,72.87,540.0,72.88,491.2,72.89,1324.0,72.9,3581.3
1700000326.0,652,72.84,0.060000000000002274,72.81,325.2,72.87,293.9,2391.3,9233.5,72.87,5.0,BUY,4,72.81,325.2,72.8,300.8,72.79,678.5,72.78,151.9,72.77,934.9,72.87,293.9,72.88,1597.9,72.89,3469.6,72.9,2511.0,72.91,1361.1
1700000326.5,653,72.84,0.060000000000002274,72.81,245.4,72.87,771.0,3389.6,6415.5,72.87,15.7,BUY,2,72.81,245.4,72.8,235.4,72.79,632.4,72.78,2093.0,72.77,183.4,72.87,771.0,72.88,117.8,72.89,54.6,72.9,1100.5,72.91,4371.6
1700000327.0,654,72.84,0.060000000000002274,72.81,595.1,72.87,727.7,3817.8,1897.0,72.84,0.0,BUY,0,72.81,595.1,72.8,172.6,72.79,1444.3,72.78,875.3,72.77,730.5,72.87,727.7,72.88,118.7,72.89,360.0,72.9,186.1,72.91,504.5
1700000327.5,655,72.84,0.04000000000000625,72.82,134.8,72.86,680.9,2193.6,5306.900000000001,72.84,0.0,BUY,0,72.82,134.8,72.81,901.6,72.8,413.8,72.79,17.3,72.78,726.1,72.86,680.9,72.87,885.8,72.88,1185.6,72.89,2110.3,72.9,444.3
1700000328.0,656,72.84,0.060000000000002274,72.81,353.7,72.87,184.3,4817.2,4913.0,72.84,0.0,BUY,0,72.81,353.7,72.8,313.9,72.79,1139.9,72.78,2990.4,72.77,19.3,72.87,184.3,72.88,1120.2,72.89,1423.8,72.9,516.1,72.91,1668.6
1700000328.5,657,72.84,0.060000000000002274,72.81,814.3,72.87,45.3,7084.9,1551.2,72.84,0.0,BUY,0,72.81,814.3,72.8,712.1,72.79,1722.9,72.78,1421.6,72.77,2414.0,72.87,45.3,72.88,456.7,72.89,49.9,72.9,894.0,72.91,105.3
1700000329.0,658,72.84,0.060000000000002274,72.81,152.1,72.87,406.9,5937.5,2274.7000000000003,72.87,28.6,BUY,4,72.81,152.1,72.8,1113.4,72.79,3704.7,72.78,808.8,72.77,158.5,72.87,406.9,72.88,916.0,72.89,168.9,72.9,345.5,72.91,437.4
1700000329.5,659,72.84,0.060000000000002274,72.81,314.0,72.87,73.6,5382.400000000001,2993.8,72.81,24.1,SELL,1,72.81,314.0,72.8,916.9,72.79,515.9,72.78,1551.3,72.77,2084.3,72.87,73.6,72.88,668.9,72.89,319.7,72.9,624.6,72.91,1307.0
1700000330.0,660,72.83,0.060000000000002274,72.8,210.8,72.86,15.9,2356.8999999999996,4374.4,72.8,19.4,SELL,3,72.8,210.8,72.79,503.2,72.78,383.6,72.77,744.0,72.76,515.3,72.86,15.9,72.87,145.1,72.88,2545.9,72.89,601.6,72.9,1065.9
1700000330.5,661,72.83,0.03999999999999204,72.81,673.0,72.85,1261.4,3502.4,3541.9,72.81,5.0,SELL,1,72.81,673.0,72.8,755.4,72.79,180.0,72.78,63.8,72.77,1830.2,72.85,1261.4,72.86,174.4,72.87,845.0,72.88,1209.1,72.89,52.0
1700000331.0,662,72.83,0.060000000000002274,72.8,307.4,72.86,1112.3,2965.8999999999996,4414.4,72.83,0.0,BUY,0,72.8,307.4,72.79,1185.2,72.78,532.8,72.77,426.0,72.76,514.5,72.86,1112.3,72.87,428.6,72.88,85.3,72.89,740.7,72.9,2047.5
1700000331.5,663,72.83,0.060000000000002274,72.8,61.8,72.86,242.2,2698.3,3099.4,72.83,0.0,BUY,0,72.8,61.8,72.79,179.3,72.78,1822.0,72.77,478.4,72.76,156.8,72.86,242.2,72.87,1937.2,72.88,32.9,72.89,650.6,72.9,236.5
1700000332.0,664,72.815,0.04999999999999716,72.79,254.5,72.84,326.9,2156.5,3627.1,72.79,46.3,SELL,1,72.79,254.5,72.78,391.2,72.77,1069.7,72.76,270.2,72.75,170.9,72.84,326.9,72.85,894.1,72.86,1871.1,72.87,353.7,72.88,181.3
1700000332.5,665,72.815,0.04999999999999716,72.79,35.1,72.84,280.0,3015.5,4235.8,72.79,41.4,SELL,3,72.79,35.1,72.78,171.6,72.77,732.1,72.76,887.6,72.75,1189.1,72.84,280.0,72.85,460.8,72.86,2601.0,72.87,579.9,72.88,314.1
1700000333.0,666,72.82,0.05999999999998806,72.79,336.5,72.85,11.5,2322.6,4205.4,72.79,24.7,SELL,2,72.79,336.5,72.78,280.4,72.77,158.0,72.76,209.9,72.75,1337.8,72.85,11.5,72.86,360.8,72.87,436.9,72.88,590.0,72.89,2806.2
1700000333.5,667,72.54499999999999,0.04999999999999716,72.52,701.1,72.57,912.9,4950.4,2856.6,72.57,74.5,BUY,1,72.52,701.1,72.51,78.3,72.5,289.3,72.49,2462.7,72.48,1419.0,72.57,912.9,72.58,1158.7,72.59,214.6,72.6,335.5,72.61,234.9
1700000334.0,668,72.54499999999999,0.04999999999999716,72.52,207.3,72.57,520.1,3493.2000000000003,3227.0,72.57,11.0,BUY,1,72.52,207.3,72.51,2399.4,72.5,181.0,72.49,345.6,72.48,359.9,72.57,520.1,72.58,526.6,72.59,975.8,72.6,115.4,72.61,1089.1
1700000334.5,669,72.54499999999999,0.04999999999999716,72.52,1220.7,72.57,382.6,2407.5,1144.6,72.52,37.6,SELL,2,72.52,1220.7,72.51,29.6,72.5,352.4,72.49,22.4,72.48,782.4,72.57,382.6,72.58,98.2,72.59,208.2,72.6,326.0,72.61,129.6
1700000335.0,670,72.55,0.03999999999999204,72.53,479.6,72.57,304.5,2569.7,2430.0,72.57,14.1,BUY,2,72.53,479.6,72.52,530.1,72.51,427.7,72.5,279.0,72.49,853.3,72.57,304.5,72.58,92.5,72.59,609.9,72.6,978.3,72.61,444.8
1700000335.5,671,72.55,0.060000000000002274,72.52,918.1,72.58,15.3,2757.0,4001.2,72.52,5.0,SELL,1,72.52,918.1,72.51,22.0,72.5,75.5,72.49,386.0,72.48,1355.4,72.58,15.3,72.59,972.4,72.6,15.8,72.61,29.9,72.62,2967.8
1700000336.0,672,72.53999999999999,0.05999999999998806,72.51,885.8,72.57,148.4,4426.5,5145.7,72.51,29.0,SELL,2,72.51,885.8,72.5,81.1,72.49,2900.0,72.48,235.9,72.47,323.7,72.57,148.4,72.58,822.8,72.59,330.6,72.6,272.0,72.61,3571.9
1700000336.5,673,72.54499999999999,0.04999999999999716,72.52,1040.3,72.57,706.4,3754.2,10675.4,72.52,14.5,SELL,2,72.52,1040.3,72.51,301.9,72.5,42.2,72.49,1144.6,72.48,1225.2,72.57,706.4,72.58,532.0,72.59,22.1,72.6,3516.0,72.61,5898.9
1700000337.0,674,72.54499999999999,0.04999999999999716,72.52,1396.2,72.57,211.7,3249.9999999999995,1993.1,72.57,5.0,BUY,3,72.52,1396.2,72.51,637.5,72.5,720.0,72.49,68.6,72.48,427.7,72.57,211.7,72.58,37.8,72.59,206.5,72.6,1145.0,72.61,392.1
1700000337.5,675,72.54499999999999,0.04999999999999716,72.52,1399.7,72.57,382.6,8517.0,5346.5,72.52,73.3,SELL,1,72.52,1399.7,72.51,1564.5,72.5,22.6,72.49,3338.0,72.48,2192.2,72.57,382.6,72.58,990.8,72.59,1142.8,72.6,1236.3,72.61,1594.0
1700000338.0,676,72.54499999999999,0.04999999999999716,72.52,146.4,72.57,73.4,4504.4,2482.6,72.52,70.8,SELL,2,72.52,146.4,72.51,1018.1,72.5,1080.4,72.49,1421.8,72.48,837.7,72.57,73.4,72.58,164.7,72.59,929.0,72.6,1133.4,72.61,182.1
1700000338.5,677,72.54499999999999,0.04999999999999716,72.52,710.5,72.57,63.0,2358.5,4716.6,72.57,37.7,BUY,2,72.52,710.5,72.51,24.5,72.5,18.4,72.49,1426.0,72.48,179.1,72.57,63.0,72.58,1410.9,72.59,401.3,72.6,931.8,72.61,1909.6
1700000339.0,678,72.55,0.060000000000002274,72.52,261.3,72.58,90.2,3476.0999999999995,2808.4,72.52,27.1,SELL,2,72.52,261.3,72.51,1356.6,72.5,496.3,72.49,544.2,72.48,817.7,72.58,90.2,72.59,1746.0,72.6,68.4,72.61,236.9,72.62,666.9
1700000339.5,679,72.55,0.060000000000002274,72.52,176.3,72.58,1069.3,2664.0,1850.5,72.58,60.5,BUY,3,72.52,176.3,72.51,186.4,72.5,309.7,72.49,365.5,72.48,1626.1,72.58,1069.3,72.59,66.2,72.6,185.2,72.61,290.8,72.62,239.0
1700000340.0,680,72.55,0.060000000000002274,72.52,40.4,72.58,206.5,3426.7,4565.0,72.58,27.1,BUY,1,72.52,40.4,72.51,821.4,72.5,513.6,72.49,852.5,72.48,1198.8,72.58,206.5,72.59,259.2,72.6,953.9,72.61,3135.4,72.62,10.0
1700000340.5,681,72.55,0.03999999999999204,72.53,10.0,72.57,1828.2,1183.8000000000002,6390.200000000001,72.57,17.8,BUY,2,72.53,10.0,72.52,122.4,72.51,339.3,72.5,567.2,72.49,144.9,72.57,1828.2,72.58,1814.2,72.59,1219.7,72.6,128.0,72.61,1400.1
1700000341.0,682,72.55,0.060000000000002274,72.52,122.8,72.58,258.6,1860.6,3624.5,72.55,0.0,BUY,0,72.52,122.8,72.51,89.9,72.5,128.3,72.49,952.1,72.48,567.5,72.58,258.6,72.59,975.9,72.6,455.6,72.61,1475.9,72.62,458.5
1700000341.5,683,72.55,0.060000000000002274,72.52,217.1,72.58,353.0,4148.200000000001,6159.0,72.58,14.9,BUY,2,72.52,217.1,72.51,316.4,72.5,811.3,72.49,1345.5,72.48,1457.9,72.58,353.0,72.59,656.9,72.6,2767.7,72.61,384.8,72.62,1996.6
1700000342.0,684,72.55,0.060000000000002274,72.52,263.0,72.58,535.1,2616.1000000000004,5634.8,72.52,23.5,SELL,2,72.52,263.0,72.51,186.6,72.5,1632.4,72.49,518.3,72.48,15.8,72.58,535.1,72.59,145.7,72.6,2052.9,72.61,1164.8,72.62,1736.3
1700000342.5,685,72.55,0.060000000000002274,72.52,225.8,72.58,196.6,4423.0,1978.8999999999999,72.58,5.0,BUY,2,72.52,225.8,72.51,732.3,72.5,1300.1,72.49,347.4,72.48,1817.4,72.58,196.6,72.59,976.2,72.6,169.1,72.61,293.3,72.62,343.7
1700000343.0,686,72.55,0.060000000000002274,72.52,124.2,72.58,10.0,3897.8999999999996,2065.9,72.52,45.2,SELL,1,72.52,124.2,72.51,962.9,72.5,206.0,72.49,2363.2,72.48,241.6,72.58,10.0,72.59,235.1,72.6,186.8,72.61,1023.9,72.62,610.1
1700000343.5,687,72.55,0.060000000000002274,72.52,502.9,72.58,242.8,3284.1000000000004,2076.9,72.52,23.1,SELL,1,72.52,502.9,72.51,363.9,72.5,787.5,72.49,1352.5,72.48,277.3,72.58,242.8,72.59,32.2,72.6,285.4,72.61,813.4,72.62,703.1
1700000344.0,688,72.56,0.060000000000002274,72.53,355.9,72.59,778.1,3877.6,3207.2,72.53,71.5,SELL,5,72.53,355.9,72.52,533.0,72.51,1545.6,72.5,1102.7,72.49,340.4,72.59,778.1,72.6,91.0,72.61,132.8,72.62,258.2,72.63,1947.1
1700000344.5,689,72.56,0.03999999999999204,72.54,30.5,72.58,342.2,2153.7,3043.0000000000005,72.54,23.9,SELL,1,72.54,30.5,72.53,374.4,72.52,921.3,72.51,629.2,72.5,198.3,72.58,342.2,72.59,44.2,72.6,1628.5,72.61,858.2,72.62,169.9
1700000345.0,690,72.56,0.060000000000002274,72.53,147.0,72.59,245.4,2062.8,8340.0,72.59,9.7,BUY,3,72.53,147.0,72.52,667.2,72.51,495.0,72.5,155.3,72.49,598.3,72.59,245.4,72.6,662.4,72.61,1154.3,72.62,132.4,72.63,6145.5
1700000345.5,691,72.56,0.060000000000002274,72.53,108.0,72.59,1471.1,3046.2,5745.2,72.56,0.0,BUY,0,72.53,108.0,72.52,330.0,72.51,10.0,72.5,10.0,72.49,2588.2,72.59,1471.1,72.6,257.5,72.61,809.8,72.62,1551.3,72.63,1655.5
1700000346.0,692,72.55,0.060000000000002274,72.52,437.1,72.58,1384.1,7597.1,3408.2,72.55,0.0,BUY,0,72.52,437.1,72.51,696.2,72.5,2422.8,72.49,343.7,72.48,3697.3,72.58,1384.1,72.59,131.7,72.6,120.6,72.61,1199.0,72.62,572.8
1700000346.5,693,72.55,0.060000000000002274,72.52,21.2,72.58,66.7,4010.9000000000005,1168.9,72.58,8.0,BUY,1,72.52,21.2,72.51,242.8,72.5,439.2,72.49,2051.9,72.48,1255.8,72.58,66.7,72.59,166.5,72.6,333.0,72.61,256.9,72.62,345.8
1700000347.0,694,72.55,0.060000000000002274,72.52,87.7,72.58,213.3,2663.8,5338.499999999999,72.52,27.9,SELL,5,72.52,87.7,72.51,112.2,72.5,1423.0,72.49,675.5,72.48,365.4,72.58,213.3,72.59,772.2,72.6,1580.2,72.61,2255.6,72.62,517.2
1700000347.5,695,72.54499999999999,0.04999999999999716,72.52,3710.6,72.57,320.8,8456.099999999999,2318.1,72.54499999999999,0.0,BUY,0,72.52,3710.6,72.51,10.0,72.5,60.5,72.49,422.8,72.48,4252.2,72.57,320.8,72.58,605.7,72.59,869.1,72.6,342.2,72.61,180.3
1700000348.0,696,72.53,0.060000000000002274,72.5,346.9,72.56,640.6,2284.3,7179.099999999999,72.5,72.6,SELL,1,72.5,346.9,72.49,1216.3,72.48,116.9,72.47,167.4,72.46,436.8,72.56,640.6,72.57,1330.8,72.58,1241.6,72.59,1166.9,72.6,2799.2
1700000348.5,697,72.52,0.060000000000002274,72.49,1398.3,72.55,1916.6,5109.2,4385.9,72.55,9.2,BUY,3,72.49,1398.3,72.48,540.3,72.47,338.0,72.46,1278.3,72.45,1554.3,72.55,1916.6,72.56,61.6,72.57,547.2,72.58,198.2,72.59,1662.3
1700000349.0,698,72.53,0.060000000000002274,72.5,10.0,72.56,773.9,2957.1,7563.700000000001,72.56,169.4,BUY,1,72.5,10.0,72.49,387.0,72.48,90.4,72.47,1114.7,72.46,1355.0,72.56,773.9,72.57,1676.7,72.58,1158.9,72.59,1406.6,72.6,2547.6
1700000349.5,699,72.53,0.03999999999999204,72.51,117.7,72.55,618.2,6102.4,3475.2000000000003,72.51,110.4,SELL,1,72.51,117.7,72.5,2192.0,72.49,161.8,72.48,3413.5,72.47,217.4,72.55,618.2,72.56,170.2,72.57,749.9,72.58,1670.1,72.59,266.8
1700000350.0,700,72.53,0.060000000000002274,72.5,546.5,72.56,81.8,3490.4,2520.8999999999996,72.56,6.3,BUY,2,72.5,546.5,72.49,165.3,72.48,141.6,72.47,988.5,72.46,1648.5,72.56,81.8,72.57,522.3,72.58,168.8,72.59,721.2,72.6,1026.8
1700000350.5,701,72.53,0.060000000000002274,72.5,386.9,72.56,136.5,2971.3,4682.099999999999,72.5,48.8,SELL,2,72.5,386.9,72.49,1089.1,72.48,105.7,72.47,511.9,72.46,877.7,72.56,136.5,72.57,1375.1,72.58,1111.8,72.59,971.4,72.6,1087.3
1700000351.0,702,72.53,0.060000000000002274,72.5,403.5,72.56,1439.5,3111.1000000000004,9448.699999999999,72.5,10.4,SELL,1,72.5,403.5,72.49,301.9,72.48,745.5,72.47,406.3,72.46,1253.9,72.56,1439.5,72.57,2166.6,72.58,3264.2,72.59,1682.4,72.6,896.0
1700000351.5,703,72.53,0.060000000000002274,72.5,189.7,72.56,515.4,1005.9000000000001,2312.1,72.56,14.7,BUY,5,72.5,189.7,72.49,129.9,72.48,314.6,72.47,10.0,72.46,361.7,72.56,515.4,72.57,881.7,72.58,40.9,72.59,709.5,72.6,164.6
1700000352.0,704,72.53,0.03999999999999204,72.51,777.0,72.55,937.3,2557.5999999999995,4254.5,72.53,0.0,BUY,0,72.51,777.0,72.5,416.6,72.49,224.1,72.48,210.1,72.47,929.8,72.55,937.3,72.56,171.0,72.57,1328.5,72.58,622.3,72.59,1195.4
1700000352.5,705,72.53,0.060000000000002274,72.5,818.9,72.56,488.4,4508.9,1257.3,72.56,42.2,BUY,1,72.5,818.9,72.49,263.0,72.48,624.0,72.47,146.4,72.46,2656.6,72.56,488.4,72.57,101.3,72.58,294.4,72.59,271.4,72.6,101.8
1700000353.0,706,72.53999999999999,0.05999999999998806,72.51,129.0,72.57,20.7,3019.6,2402.3,72.57,83.7,BUY,2,72.51,129.0,72.5,1515.9,72.49,558.6,72.48,16.6,72.47,799.5,72.57,20.7,72.58,350.3,72.59,778.7,72.6,266.5,72.61,986.1
1700000353.5,707,72.54499999999999,0.04999999999999716,72.52,70.1,72.57,612.6,2379.8,2066.0,72.57,5.1,BUY,2,72.52,70.1,72.51,15.3,72.5,605.8,72.49,755.1,72.48,933.5,72.57,612.6,72.58,720.4,72.59,169.9,72.6,345.0,72.61,218.1
1700000354.0,708,72.53,0.060000000000002274,72.5,284.8,72.56,107.1,2595.7,5454.5,72.5,25.9,SELL,4,72.5,284.8,72.49,653.7,72.48,345.0,72.47,621.2,72.46,691.0,72.56,107.1,72.57,531.7,72.58,1154.6,72.59,1182.7,72.6,2478.4
1700000354.5,709,72.53,0.060000000000002274,72.5,1182.7,72.56,23.0,4178.700000000001,3646.6000000000004,72.56,80.2,BUY,2,72.5,1182.7,72.49,445.1,72.48,1135.1,72.47,183.8,72.46,1232.0,72.56,23.0,72.57,283.9,72.58,2076.8,72.59,1101.5,72.6,161.4
1700000355.0,710,72.53,0.060000000000002274,72.5,2158.7,72.56,346.5,4318.599999999999,4231.799999999999,72.56,67.5,BUY,2,72.5,2158.7,72.49,188.5,72.48,191.0,72.47,1030.7,72.46,749.7,72.56,346.5,72.57,437.5,72.58,744.7,72.59,1196.0,72.6,1507.1
1700000355.5,711,72.53,0.060000000000002274,72.5,868.4,72.56,53.9,5059.3,2646.8,72.5,38.1,SELL,2,72.5,868.4,72.49,205.8,72.48,1928.6,72.47,1443.7,72.46,612.8,72.56,53.9,72.57,138.1,72.58,1528.8,72.59,553.6,72.6,372.4
1700000356.0,712,72.52,0.060000000000002274,72.49,2115.2,72.55,340.2,7523.0,2236.3,72.52,0.0,BUY,0,72.49,2115.2,72.48,375.3,72.47,74.9,72.46,1221.9,72.45,3735.7,72.55,340.2,72.56,10.0,72.57,484.0,72.58,121.8,72.59,1280.3
1700000356.5,713,72.52,0.060000000000002274,72.49,10.0,72.55,166.5,4540.8,6381.6,72.55,5.4,BUY,3,72.49,10.0,72.48,21.6,72.47,1699.9,72.46,1929.9,72.45,879.4,72.55,166.5,72.56,547.4,72.57,260.9,72.58,3712.7,72.59,1694.1
1700000357.0,714,72.52,0.060000000000002274,72.49,1493.5,72.55,1134.3,4916.5,4060.5000000000005,72.55,39.9,BUY,3,72.49,1493.5,72.48,126.3,72.47,2376.4,72.46,92.1,72.45,828.2,72.55,1134.3,72.56,1579.5,72.57,355.3,72.58,360.8,72.59,630.6
1700000357.5,715,72.53,0.060000000000002274,72.5,2090.5,72.56,19.2,7182.2,2980.3,72.5,20.1,SELL,4,72.5,2090.5,72.49,1162.1,72.48,561.6,72.47,1551.7,72.46,1816.3,72.56,19.2,72.57,161.8,72.58,174.8,72.59,1843.5,72.6,781.0
1700000358.0,716,72.53,0.03999999999999204,72.51,1096.5,72.55,524.7,6950.5,2319.6,72.51,30.1,SELL,3,72.51,1096.5,72.5,680.9,72.49,1121.1,72.48,1265.0,72.47,2787.0,72.55,524.7,72.56,166.1,72.57,734.3,72.58,692.5,72.59,202.0
1700000358.5,717,72.52,0.060000000000002274,72.49,312.6,72.55,36.4,3384.2000000000003,3784.7000000000003,72.52,0.0,BUY,0,72.49,312.6,72.48,269.7,72.47,1568.2,72.46,1015.9,72.45,217.8,72.55,36.4,72.56,157.4,72.57,2101.9,72.58,807.4,72.59,681.6
1700000359.0,718,72.52,0.060000000000002274,72.49,397.9,72.55,342.0,4431.599999999999,1718.3999999999999,72.55,5.1,BUY,1,72.49,397.9,72.48,763.7,72.47,125.5,72.46,344.3,72.45,2800.2,72.55,342.0,72.56,320.0,72.57,268.0,72.58,561.6,72.59,226.8
1700000359.5,719,72.52,0.060000000000002274,72.49,139.6,72.55,1696.2,5853.5,5059.599999999999,72.55,16.9,BUY,1,72.49,139.6,72.48,1709.4,72.47,518.8,72.46,2659.1,72.45,826.6,72.55,1696.2,72.56,262.5,72.57,170.3,72.58,2573.9,72.59,356.7
1700000360.0,720,72.51,0.060000000000002274,72.48,2272.9,72.54,19.7,4795.1,726.1999999999999,72.51,0.0,BUY,0,72.48,2272.9,72.47,732.9,72.46,189.5,72.45,936.1,72.44,663.7,72.54,19.7,72.55,183.5,72.56,13.7,72.57,376.4,72.58,132.9
1700000360.5,721,72.51,0.060000000000002274,72.48,99.7,72.54,240.5,2666.8,5014.2,72.54,72.6,BUY,3,72.48,99.7,72.47,414.4,72.46,482.9,72.45,778.9,72.44,890.9,72.54,240.5,72.55,669.1,72.56,803.5,72.57,2848.9,72.58,452.2
1700000361.0,722,72.51,0.060000000000002274,72.48,336.8,72.54,34.9,2182.9999999999995,4727.1,72.54,149.2,BUY,1,72.48,336.8,72.47,939.3,72.46,863.3,72.45,11.5,72.44,32.1,72.54,34.9,72.55,745.4,72.56,1914.8,72.57,1313.5,72.58,718.5
1700000361.5,723,72.51,0.060000000000002274,72.48,850.0,72.54,679.6,3954.7,6783.4,72.48,26.3,SELL,2,72.48,850.0,72.47,605.8,72.46,1597.9,72.45,810.2,72.44,90.8,72.54,679.6,72.55,126.6,72.56,356.4,72.57,4817.8,72.58,803.0
1700000362.0,724,72.5,0.060000000000002274,72.47,755.4,72.53,301.4,5917.0,2330.4,72.53,16.3,BUY,2,72.47,755.4,72.46,2143.1,72.45,1156.6,72.44,932.8,72.43,929.1,72.53,301.4,72.54,649.6,72.55,434.4,72.56,506.1,72.57,438.9
1700000362.5,725,72.5,0.060000000000002274,72.47,137.0,72.53,292.1,4869.0,4354.6,72.5,0.0,BUY,0,72.47,137.0,72.46,108.9,72.45,203.1,72.44,1717.4,72.43,2702.6,72.53,292.1,72.54,1323.8,72.55,203.7,72.56,2413.0,72.57,122.0
1700000363.0,726,72.5,0.060000000000002274,72.47,410.4,72.53,2093.6,3347.5,6234.4,72.53,7.2,BUY,1,72.47,410.4,72.46,572.0,72.45,1432.3,72.44,176.4,72.43,756.4,72.53,2093.6,72.54,67.5,72.55,1108.1,72.56,401.0,72.57,2564.2
1700000363.5,727,72.5,0.060000000000002274,72.47,1089.4,72.53,208.0,3756.7000000000003,3321.9,72.5,0.0,BUY,0,72.47,1089.4,72.46,680.0,72.45,159.8,72.44,1766.7,72.43,60.8,72.53,208.0,72.54,96.7,72.55,884.8,72.56,1689.5,72.57,442.9
1700000364.0,728,72.49,0.060000000000002274,72.46,336.7,72.52,56.6,2935.5,5353.9,72.52,5.3,BUY,1,72.46,336.7,72.45,209.5,72.44,138.2,72.43,1982.5,72.42,268.6,72.52,56.6,72.53,687.7,72.54,1530.9,72.55,1571.3,72.56,1507.4
1700000364.5,729,72.49000000000001,0.04000000000000625,72.47,1385.1,72.51,48.2,4372.200000000001,6617.900000000001,72.51,22.6,BUY,2,72.47,1385.1,72.46,123.8,72.45,1608.6,72.44,195.8,72.43,1058.9,72.51,48.2,72.52,20.7,72.53,146.8,72.54,1354.6,72.55,5047.6
1700000365.0,730,72.48,0.060000000000002274,72.45,794.8,72.51,382.8,4368.8,5503.2,72.51,22.3,BUY,2,72.45,794.8,72.44,119.4,72.43,344.1,72.42,10.0,72.41,3100.5,72.51,382.8,72.52,356.7,72.53,1935.7,72.54,2201.3,72.55,626.7
1700000365.5,731,72.48,0.060000000000002274,72.45,102.5,72.51,363.6,3893.5999999999995,5526.599999999999,72.45,75.5,SELL,3,72.45,102.5,72.44,1697.8,72.43,331.3,72.42,59.7,72.41,1702.3,72.51,363.6,72.52,722.9,72.53,1645.6,72.54,2425.7,72.55,368.8
1700000366.0,732,72.48,0.060000000000002274,72.45,791.0,72.51,411.8,5614.1,2340.1,72.51,5.1,BUY,1,72.45,791.0,72.44,919.2,72.43,170.6,72.42,2597.9,72.41,1135.4,72.51,411.8,72.52,26.8,72.53,641.5,72.54,298.9,72.55,961.1
1700000366.5,733,72.48,0.060000000000002274,72.45,1101.2,72.51,493.5,2022.5,1998.0,72.45,120.6,SELL,1,72.45,1101.2,72.44,20.0,72.43,171.8,72.42,453.2,72.41,276.3,72.51,493.5,72.52,164.4,72.53,334.7,72.54,439.9,72.55,565.5
1700000367.0,734,72.49,0.060000000000002274,72.46,272.5,72.52,457.4,3383.0000000000005,2230.1,72.46,19.0,SELL,3,72.46,272.5,72.45,511.3,72.44,411.1,72.43,2048.3,72.42,139.8,72.52,457.4,72.53,844.4,72.54,152.9,72.55,497.0,72.56,278.4
1700000367.5,735,72.49,0.060000000000002274,72.46,87.0,72.52,68.1,3011.0,3907.6000000000004,72.49,0.0,BUY,0,72.46,87.0,72.45,1053.9,72.44,1002.1,72.43,362.7,72.42,505.3,72.52,68.1,72.53,469.3,72.54,878.9,72.55,10.0,72.56,2481.3
1700000368.0,736,72.48,0.060000000000002274,72.45,665.5,72.51,486.3,3123.3,5023.8,72.45,127.6,SELL,3,72.45,665.5,72.44,557.0,72.43,334.7,72.42,1461.9,72.41,104.2,72.51,486.3,72.52,816.4,72.53,1220.8,72.54,2325.3,72.55,175.0
1700000368.5,737,72.47,0.060000000000002274,72.44,145.8,72.5,191.2,2779.0,4708.8,72.44,59.6,SELL,1,72.44,145.8,72.43,153.4,72.42,190.2,72.41,1468.6,72.4,821.0,72.5,191.2,72.51,10.0,72.52,679.4,72.53,993.4,72.54,2834.8
1700000369.0,738,74.52,0.060000000000002274,74.49,643.8,74.55,21.2,1658.2999999999997,4158.1,74.52,0.0,BUY,0,74.49,643.8,74.48,464.0,74.47,96.3,74.46,174.8,74.45,279.4,74.55,21.2,74.56,585.6,74.57,68.8,74.58,719.4,74.59,2763.1
1700000369.5,739,74.51,0.060000000000002274,74.48,366.4,74.54,1109.3,5566.0,2155.1,74.54,16.1,BUY,2,74.48,366.4,74.47,302.5,74.46,1280.7,74.45,1708.8,74.44,1907.6,74.54,1109.3,74.55,145.5,74.56,314.5,74.57,117.7,74.58,468.1
1700000370.0,740,74.50999999999999,0.04000000000000625,74.49,371.6,74.53,121.3,4301.6,3513.1,74.53,5.0,BUY,2,74.49,371.6,74.48,690.1,74.47,668.6,74.46,2026.9,74.45,544.4,74.53,121.3,74.54,835.6,74.55,780.8,74.56,1045.9,74.57,729.5
1700000370.5,741,74.51,0.060000000000002274,74.48,22.8,74.54,553.9,1846.5,7147.0,74.54,5.0,BUY,1,74.48,22.8,74.47,497.2,74.46,28.1,74.45,734.0,74.44,564.4,74.54,553.9,74.55,2622.4,74.56,670.7,74.57,2306.5,74.58,993.5
1700000371.0,742,74.52,0.060000000000002274,74.49,28.9,74.55,1488.9,4796.1,5984.799999999999,74.55,6.7,BUY,2,74.49,28.9,74.48,2957.0,74.47,901.5,74.46,150.4,74.45,758.3,74.55,1488.9,74.56,700.8,74.57,128.8,74.58,296.6,74.59,3369.7
1700000371.5,743,74.53,0.060000000000002274,74.5,269.4,74.56,1430.9,2594.2,2406.1,74.56,5.0,BUY,3,74.5,269.4,74.49,101.7,74.48,121.3,74.47,68.0,74.46,2033.8,74.56,1430.9,74.57,83.3,74.58,86.7,74.59,785.0,74.6,20.2
1700000372.0,744,74.53,0.060000000000002274,74.5,48.3,74.56,187.9,5809.1,3178.0,74.5,44.4,SELL,2,74.5,48.3,74.49,1002.2,74.48,275.8,74.47,587.0,74.46,3895.8,74.56,187.9,74.57,499.4,74.58,461.1,74.59,1745.4,74.6,284.2
1700000372.5,745,74.53,0.060000000000002274,74.5,124.0,74.56,579.2,1699.1,7720.9,74.5,17.1,SELL,2,74.5,124.0,74.49,69.9,74.48,754.8,74.47,315.1,74.46,435.3,74.56,579.2,74.57,2838.7,74.58,1282.1,74.59,2439.4,74.6,581.5
1700000373.0,746,74.53,0.03999999999999204,74.51,191.2,74.55,185.6,3833.2,2824.0,74.53,0.0,BUY,0,74.51,191.2,74.5,332.3,74.49,1381.2,74.48,130.6,74.47,1797.9,74.55,185.6,74.56,44.3,74.57,1273.7,74.58,1144.2,74.59,176.2
1700000373.5,747,74.52,0.060000000000002274,74.49,573.7,74.55,212.1,1036.3,5236.6,74.49,20.6,SELL,1,74.49,573.7,74.48,20.3,74.47,23.7,74.46,396.8,74.45,21.8,74.55,212.1,74.56,837.4,74.57,234.4,74.58,2753.3,74.59,1199.4
1700000374.0,748,74.52,0.060000000000002274,74.49,342.9,74.55,397.1,3412.1,3096.2,74.49,18.4,SELL,1,74.49,342.9,74.48,1290.8,74.47,10.0,74.46,328.7,74.45,1439.7,74.55,397.1,74.56,724.9,74.57,301.8,74.58,637.9,74.59,1034.5
1700000374.5,749,74.52,0.060000000000002274,74.49,268.2,74.55,80.7,3107.0,2266.8,74.49,9.1,SELL,2,74.49,268.2,74.48,531.2,74.47,319.8,74.46,1337.7,74.45,650.1,74.55,80.7,74.56,10.0,74.57,210.9,74.58,206.5,74.59,1758.7
1700000375.0,750,74.52,0.060000000000002274,74.49,937.8,74.55,754.0,3825.8,2533.7,74.52,0.0,BUY,0,74.49,937.8,74.48,1356.7,74.47,489.8,74.46,453.8,74.45,587.7,74.55,754.0,74.56,236.0,74.57,308.0,74.58,107.3,74.59,1128.4
1700000375.5,751,76.39,0.060000000000002274,76.36,789.0,76.42,401.3,4741.0,4068.0,76.36,59.6,SELL,5,76.36,789.0,76.35,1356.1,76.34,313.9,76.33,867.9,76.32,1414.1,76.42,401.3,76.43,326.9,76.44,317.8,76.45,2289.5,76.46,732.5
1700000376.0,752,76.39,0.060000000000002274,76.36,99.3,76.42,194.0,1736.1,1648.8000000000002,76.36,35.5,SELL,2,76.36,99.3,76.35,559.4,76.34,126.0,76.33,929.9,76.32,21.5,76.42,194.0,76.43,186.1,76.44,572.0,76.45,332.1,76.46,364.6
1700000376.5,753,76.39,0.060000000000002274,76.36,250.1,76.42,573.1,4705.900000000001,4011.5,76.42,34.5,BUY,2,76.36,250.1,76.35,247.9,76.34,1030.3,76.33,2421.5,76.32,756.1,76.42,573.1,76.43,130.2,76.44,231.1,76.45,35.3,76.46,3041.8
1700000377.0,754,76.405,0.05000000000001137,76.38,98.6,76.43,2609.0,4441.1,10548.099999999999,76.38,27.1,SELL,4,76.38,98.6,76.37,429.8,76.36,679.0,76.35,895.2,76.34,2338.5,76.43,2609.0,76.44,182.7,76.45,2004.7,76.46,2561.7,76.47,3190.0
1700000377.5,755,76.405,0.05000000000001137,76.38,413.9,76.43,671.2,5320.5,5111.3,76.405,0.0,BUY,0,76.38,413.9,76.37,232.2,76.36,2423.0,76.35,1944.8,76.34,306.6,76.43,671.2,76.44,492.6,76.45,693.2,76.46,3138.2,76.47,116.1
1700000378.0,756,76.405,0.05000000000001137,76.38,42.3,76.43,165.2,2718.3,7218.400000000001,76.405,0.0,BUY,0,76.38,42.3,76.37,118.8,76.36,737.8,76.35,1221.9,76.34,597.5,76.43,165.2,76.44,961.0,76.45,1852.8,76.46,1833.6,76.47,2405.8
1700000378.5,757,76.405,0.05000000000001137,76.38,775.7,76.43,480.4,2625.2000000000003,5054.2,76.43,130.9,BUY,2,76.38,775.7,76.37,230.4,76.36,767.3,76.35,824.5,76.34,27.3,76.43,480.4,76.44,267.4,76.45,843.6,76.46,2391.5,76.47,1071.3
1700000379.0,758,76.41,0.060000000000002274,76.38,209.2,76.44,475.8,1726.6,2883.8,76.41,0.0,BUY,0,76.38,209.2,76.37,808.1,76.36,442.8,76.35,97.2,76.34,169.3,76.44,475.8,76.45,11.3,76.46,697.7,76.47,767.1,76.48,931.9
1700000379.5,759,76.41,0.060000000000002274,76.38,316.9,76.44,418.2,4204.6,2532.3,76.38,56.4,SELL,3,76.38,316.9,76.37,1071.6,76.36,109.9,76.35,2261.7,76.34,444.5,76.44,418.2,76.45,110.4,76.46,928.2,76.47,935.3,76.48,140.2
1700000380.0,760,76.4,0.04000000000000625,76.38,459.7,76.42,249.6,1621.9,6429.0,76.42,95.6,BUY,3,76.38,459.7,76.37,102.2,76.36,484.2,76.35,184.9,76.34,390.9,76.42,249.6,76.43,139.5,76.44,309.6,76.45,5496.0,76.46,234.3
1700000380.5,761,76.4,0.060000000000002274,76.37,256.0,76.43,228.6,1628.2,10817.099999999999,76.43,35.6,BUY,1,76.37,256.0,76.36,263.6,76.35,598.7,76.34,423.6,76.33,86.3,76.43,228.6,76.44,466.6,76.45,4504.8,76.46,2073.9,76.47,3543.2
1700000381.0,762,76.4,0.060000000000002274,76.37,42.7,76.43,1179.1,1211.7,7690.0,76.43,149.4,BUY,2,76.37,42.7,76.36,22.3,76.35,282.0,76.34,511.7,76.33,353.0,76.43,1179.1,76.44,661.4,76.45,2683.1,76.46,388.7,76.47,2777.7
1700000381.5,763,76.405,0.05000000000001137,76.38,849.8,76.43,700.5,3510.8999999999996,2647.0,76.38,18.1,SELL,1,76.38,849.8,76.37,141.9,76.36,178.8,76.35,2051.2,76.34,289.2,76.43,700.5,76.44,317.7,76.45,770.9,76.46,515.6,76.47,342.3
1700000382.0,764,76.405,0.05000000000001137,76.38,790.7,76.43,469.5,2615.6000000000004,7452.299999999999,76.43,8.0,BUY,3,76.38,790.7,76.37,173.4,76.36,230.2,76.35,1214.5,76.34,206.8,76.43,469.5,76.44,162.1,76.45,3626.9,76.46,1878.4,76.47,1315.4
1700000382.5,765,76.4,0.060000000000002274,76.37,28.5,76.43,169.5,2405.0,3227.8999999999996,76.37,10.5,SELL,1,76.37,28.5,76.36,521.6,76.35,632.4,76.34,322.4,76.33,900.1,76.43,169.5,76.44,854.9,76.45,1279.3,76.46,535.6,76.47,388.6
1700000383.0,766,76.405,0.05000000000001137,76.38,829.5,76.43,452.1,4798.2,1297.8999999999999,76.38,12.8,SELL,3,76.38,829.5,76.37,338.1,76.36,1366.7,76.35,424.6,76.34,1839.3,76.43,452.1,76.44,77.0,76.45,208.7,76.46,383.8,76.47,176.3
1700000383.5,767,76.41,0.060000000000002274,76.38,1680.4,76.44,2492.2,3070.1000000000004,4339.2,76.44,17.2,BUY,1,76.38,1680.4,76.37,679.4,76.36,10.8,76.35,208.2,76.34,491.3,76.44,2492.2,76.45,308.7,76.46,180.2,76.47,1300.5,76.48,57.6
1700000384.0,768,76.41,0.060000000000002274,76.38,65.5,76.44,293.7,2606.1000000000004,3230.8,76.38,12.7,SELL,3,76.38,65.5,76.37,62.7,76.36,264.5,76.35,351.5,76.34,1861.9,76.44,293.7,76.45,286.4,76.46,553.7,76.47,1874.2,76.48,222.8
1700000384.5,769,76.41,0.060000000000002274,76.38,1374.8,76.44,1604.7,9016.8,2885.3,76.38,5.8,SELL,2,76.38,1374.8,76.37,1554.9,76.36,1278.6,76.35,3368.4,76.34,1440.1,76.44,1604.7,76.45,105.0,76.46,41.9,76.47,48.0,76.48,1085.7
1700000385.0,770,76.41,0.060000000000002274,76.38,149.0,76.44,1460.4,8212.0,4004.9,76.44,76.3,BUY,3,76.38,149.0,76.37,21.0,76.36,2243.7,76.35,2822.6,76.34,2975.7,76.44,1460.4,76.45,207.0,76.46,431.5,76.47,1763.9,76.48,142.1
1700000385.5,771,76.41,0.060000000000002274,76.38,43.8,76.44,460.4,5744.3,2944.8,76.44,16.4,BUY,1,76.38,43.8,76.37,86.0,76.36,584.9,76.35,879.3,76.34,4150.3,76.44,460.4,76.45,215.5,76.46,384.3,76.47,830.9,76.48,1053.7
1700000386.0,772,76.405,0.05000000000001137,76.38,130.5,76.43,19.1,5693.199999999999,1161.9999999999998,76.405,0.0,BUY,0,76.38,130.5,76.37,240.7,76.36,345.9,76.35,4761.2,76.34,214.9,76.43,19.1,76.44,688.8,76.45,41.3,76.46,200.2,76.47,212.6
1700000386.5,773,76.405,0.05000000000001137,76.38,480.8,76.43,184.0,2678.1,2163.0,76.38,76.0,SELL,4,76.38,480.8,76.37,366.6,76.36,67.9,76.35,1663.7,76.34,99.1,76.43,184.0,76.44,67.8,76.45,102.5,76.46,1533.4,76.47,275.3
1700000387.0,774,76.39,0.060000000000002274,76.36,1276.3,76.42,505.3,7316.5,3026.9,76.36,37.5,SELL,1,76.36,1276.3,76.35,797.3,76.34,4366.0,76.33,602.4,76.32,274.5,76.42,505.3,76.43,419.1,76.44,754.6,76.45,1043.9,76.46,304.0
1700000387.5,775,76.39,0.060000000000002274,76.36,465.5,76.42,86.4,4720.799999999999,2057.6,76.36,28.6,SELL,2,76.36,465.5,76.35,1091.3,76.34,1543.6,76.33,534.6,76.32,1085.8,76.42,86.4,76.43,1374.2,76.44,223.8,76.45,218.0,76.46,155.2
1700000388.0,776,76.405,0.06999999999999318,76.37,196.7,76.44,134.3,2737.2,3431.6,76.37,9.2,SELL,2,76.37,196.7,76.36,303.6,76.35,1888.3,76.34,215.6,76.33,133.0,76.44,134.3,76.45,1402.0,76.46,1322.4,76.47,541.8,76.48,31.1
1700000388.5,777,76.405,0.05000000000001137,76.38,10.0,76.43,502.7,2270.1000000000004,2538.6,76.38,93.4,SELL,2,76.38,10.0,76.37,164.7,76.36,232.9,76.35,777.7,76.34,1084.8,76.43,502.7,76.44,286.2,76.45,81.0,76.46,412.9,76.47,1255.8
1700000389.0,778,76.405,0.05000000000001137,76.38,170.0,76.43,176.0,5449.200000000001,6065.2,76.38,20.3,SELL,3,76.38,170.0,76.37,398.6,76.36,1318.4,76.35,3323.6,76.34,238.6,76.43,176.0,76.44,699.1,76.45,474.1,76.46,842.0,76.47,3874.0
1700000389.5,779,76.405,0.05000000000001137,76.38,191.7,76.43,219.9,4866.9,1680.7,76.43,57.8,BUY,1,76.38,191.7,76.37,274.4,76.36,839.2,76.35,2368.5,76.34,1193.1,76.43,219.9,76.44,379.3,76.45,724.0,76.46,39.3,76.47,318.2
1700000390.0,780,76.405,0.05000000000001137,76.38,1159.5,76.43,119.3,5029.3,4654.4,76.38,5.0,SELL,4,76.38,1159.5,76.37,481.8,76.36,1854.0,76.35,416.6,76.34,1117.4,76.43,119.3,76.44,415.6,76.45,1255.5,76.46,266.7,76.47,2597.3
1700000390.5,781,76.41,0.060000000000002274,76.38,329.4,76.44,127.3,1779.6,4853.4,76.44,20.0,BUY,4,76.38,329.4,76.37,50.5,76.36,128.0,76.35,329.6,76.34,942.1,76.44,127.3,76.45,897.6,76.46,1063.2,76.47,757.2,76.48,2008.1
1700000391.0,782,76.41,0.060000000000002274,76.38,582.7,76.44,1190.4,3227.8999999999996,5937.8,76.38,48.8,SELL,2,76.38,582.7,76.37,92.0,76.36,48.3,76.35,106.7,76.34,2398.2,76.44,1190.4,76.45,167.3,76.46,1761.9,76.47,628.5,76.48,2189.7
1700000391.5,783,76.405,0.05000000000001137,76.38,693.9,76.43,61.5,1777.9,1805.8000000000002,76.43,74.4,BUY,2,76.38,693.9,76.37,66.0,76.36,190.1,76.35,534.4,76.34,293.5,76.43,61.5,76.44,62.2,76.45,905.1,76.46,615.6,76.47,161.4
1700000392.0,784,76.39,0.060000000000002274,76.36,666.1,76.42,164.0,1372.4,4268.900000000001,76.42,24.9,BUY,4,76.36,666.1,76.35,115.9,76.34,35.4,76.33,476.5,76.32,78.5,76.42,164.0,76.43,1218.6,76.44,573.2,76.45,2004.5,76.46,308.6
1700000392.5,785,76.39,0.060000000000002274,76.36,270.8,76.42,89.6,2831.8,2264.6,76.36,36.1,SELL,1,76.36,270.8,76.35,832.3,76.34,119.7,76.33,68.9,76.32,1540.1,76.42,89.6,76.43,116.5,76.44,865.2,76.45,82.2,76.46,1111.1
1700000393.0,786,76.38,0.060000000000002274,76.35,754.2,76.41,10.0,4618.799999999999,2544.2999999999997,76.38,0.0,BUY,0,76.35,754.2,76.34,110.4,76.33,1508.8,76.32,1996.0,76.31,249.4,76.41,10.0,76.42,1473.2,76.43,89.6,76.44,719.8,76.45,251.7
1700000393.5,787,76.38,0.060000000000002274,76.35,994.0,76.41,801.3,3655.9,2654.4,76.41,24.8,BUY,2,76.35,994.0,76.34,274.4,76.33,677.0,76.32,354.9,76.31,1355.6,76.41,801.3,76.42,150.0,76.43,463.6,76.44,740.9,76.45,498.6
1700000394.0,788,76.38,0.04000000000000625,76.36,537.3,76.4,912.0,3988.0,3447.6,76.4,9.0,BUY,3,76.36,537.3,76.35,797.6,76.34,48.7,76.33,2449.1,76.32,155.3,76.4,912.0,76.41,819.2,76.42,256.3,76.43,1056.5,76.44,403.6
1700000394.5,789,76.37,0.060000000000002274,76.34,201.1,76.4,310.5,6654.6,3268.0,76.34,5.0,SELL,1,76.34,201.1,76.33,1212.7,76.32,1130.1,76.31,87.3,76.3,4023.4,76.4,310.5,76.41,946.7,76.42,223.4,76.43,256.3,76.44,1531.1
1700000395.0,790,76.37,0.060000000000002274,76.34,534.7,76.4,515.7,4209.900000000001,4624.5,76.34,160.4,SELL,1,76.34,534.7,76.33,556.3,76.32,995.3,76.31,2101.5,76.3,22.1,76.4,515.7,76.41,36.5,76.42,1210.0,76.43,1633.2,76.44,1229.1
1700000395.5,791,76.36,0.060000000000002274,76.33,463.9,76.39,1275.5,5012.2,4292.700000000001,76.36,0.0,BUY,0,76.33,463.9,76.32,2024.7,76.31,98.2,76.3,418.8,76.29,2006.6,76.39,1275.5,76.4,265.9,76.41,348.5,76.42,137.0,76.43,2265.8
1700000396.0,792,76.36,0.060000000000002274,76.33,1154.6,76.39,275.1,2041.8000000000002,2919.3,76.39,120.4,BUY,2,76.33,1154.6,76.32,235.4,76.31,246.7,76.3,286.1,76.29,119.0,76.39,275.1,76.4,66.3,76.41,2030.0,76.42,416.8,76.43,131.1
1700000396.5,793,76.35,0.060000000000002274,76.32,2472.6,76.38,703.0,3778.8,4100.4,76.32,13.5,SELL,2,76.32,2472.6,76.31,879.5,76.3,40.8,76.29,10.0,76.28,375.9,76.38,703.0,76.39,1442.9,76.4,212.7,76.41,852.9,76.42,888.9
1700000397.0,794,76.35,0.060000000000002274,76.32,226.1,76.38,763.0,3446.0,4242.6,76.38,23.0,BUY,5,76.32,226.1,76.31,241.1,76.3,1484.0,76.29,835.4,76.28,659.4,76.38,763.0,76.39,844.3,76.4,210.0,76.41,744.3,76.42,1681.0
1700000397.5,795,76.35,0.060000000000002274,76.32,680.8,76.38,296.2,3364.7,1670.5000000000002,76.32,46.9,SELL,4,76.32,680.8,76.31,1847.8,76.3,11.7,76.29,153.7,76.28,670.7,76.38,296.2,76.39,177.8,76.4,958.4,76.41,68.9,76.42,169.2
1700000398.0,796,76.35,0.04000000000000625,76.33,826.3,76.37,1115.7,3617.2,2647.2000000000003,76.33,20.5,SELL,3,76.33,826.3,76.32,612.5,76.31,323.8,76.3,1503.0,76.29,351.6,76.37,1115.7,76.38,265.0,76.39,1029.4,76.4,226.2,76.41,10.9
1700000398.5,797,76.34,0.060000000000002274,76.31,1235.1,76.37,599.7,5389.400000000001,5993.0,76.37,13.1,BUY,1,76.31,1235.1,76.3,351.9,76.29,1338.9,76.28,1196.2,76.27,1267.3,76.37,599.7,76.38,1705.0,76.39,1219.6,76.4,1785.9,76.41,682.8
1700000399.0,798,76.34,0.060000000000002274,76.31,591.6,76.37,90.9,1887.2000000000003,1105.2,76.31,5.0,SELL,1,76.31,591.6,76.3,204.6,76.29,455.6,76.28,340.7,76.27,294.7,76.37,90.9,76.38,30.7,76.39,725.7,76.4,45.7,76.41,212.2
1700000399.5,799,76.33,0.060000000000002274,76.3,294.7,76.36,611.9,3655.7000000000003,2390.1,76.36,5.0,BUY,2,76.3,294.7,76.29,229.9,76.28,58.1,76.27,1504.6,76.26,1568.4,76.36,611.9,76.37,918.2,76.38,629.2,76.39,57.2,76.4,173.6
1700000400.0,800,76.33,0.060000000000002274,76.3,107.5,76.36,235.3,3683.0,6191.2,76.3,12.5,SELL,4,76.3,107.5,76.29,840.7,76.28,580.6,76.27,372.4,76.26,1781.8,76.36,235.3,76.37,328.2,76.38,145.2,76.39,1686.0,76.4,3796.5
1700000400.5,801,76.33,0.060000000000002274,76.3,61.7,76.36,2036.5,1559.6,6576.0,76.36,87.6,BUY,1,76.3,61.7,76.29,163.3,76.28,565.6,76.27,10.0,76.26,759.0,76.36,2036.5,76.37,2571.4,76.38,499.0,76.39,158.6,76.4,1310.5
1700000401.0,802,76.33,0.060000000000002274,76.3,164.5,76.36,813.5,2961.1,7254.5,76.33,0.0,BUY,0,76.3,164.5,76.29,134.9,76.28,890.4,76.27,1362.2,76.26,409.1,76.36,813.5,76.37,3794.9,76.38,500.8,76.39,1624.0,76.4,521.3
1700000401.5,803,76.315,0.04999999999999716,76.29,339.9,76.34,198.2,1424.3999999999999,7268.0,76.34,7.7,BUY,2,76.29,339.9,76.28,77.4,76.27,350.6,76.26,646.3,76.25,10.2,76.34,198.2,76.35,972.6,76.36,515.8,76.37,2874.0,76.38,2707.4
1700000402.0,804,76.315,0.04999999999999716,76.29,261.7,76.34,504.6,2291.7,2332.0,76.29,5.0,SELL,1,76.29,261.7,76.28,303.6,76.27,463.4,76.26,904.0,76.25,359.0,76.34,504.6,76.35,420.9,76.36,494.1,76.37,782.7,76.38,129.7
1700000402.5,805,76.315,0.04999999999999716,76.29,330.7,76.34,343.4,1990.2,5134.200000000001,76.29,17.1,SELL,1,76.29,330.7,76.28,243.9,76.27,1083.3,76.26,10.0,76.25,322.3,76.34,343.4,76.35,1321.9,76.36,745.9,76.37,1370.5,76.38,1352.5
1700000403.0,806,76.315,0.04999999999999716,76.29,780.8,76.34,959.4,4369.2,4707.3,76.29,132.4,SELL,2,76.29,780.8,76.28,1062.7,76.27,1849.7,76.26,236.5,76.25,439.5,76.34,959.4,76.35,276.4,76.36,748.5,76.37,1896.0,76.38,827.0
1700000403.5,807,76.315,0.04999999999999716,76.29,578.2,76.34,459.8,7194.3,3041.6000000000004,76.34,17.0,BUY,1,76.29,578.2,76.28,645.2,76.27,2044.4,76.26,2252.5,76.25,1674.0,76.34,459.8,76.35,16.8,76.36,1634.3,76.37,626.7,76.38,304.0
1700000404.0,808,76.33,0.03999999999999204,76.31,55.6,76.35,10.0,3100.6,5293.2,76.31,26.9,SELL,2,76.31,55.6,76.3,43.4,76.29,1003.3,76.28,899.7,76.27,1098.6,76.35,10.0,76.36,1321.4,76.37,128.6,76.38,1268.0,76.39,2565.2
1700000404.5,809,76.33,0.060000000000002274,76.3,1034.4,76.36,280.8,5278.6,2796.4,76.36,23.2,BUY,2,76.3,1034.4,76.29,729.8,76.28,697.7,76.27,194.2,76.26,2622.5,76.36,280.8,76.37,579.8,76.38,1125.3,76.39,409.7,76.4,400.8
1700000405.0,810,76.33,0.060000000000002274,76.3,49.1,76.36,142.6,2608.1000000000004,4806.7,76.36,25.0,BUY,4,76.3,49.1,76.29,851.6,76.28,426.1,76.27,172.6,76.26,1108.7,76.36,142.6,76.37,153.6,76.38,838.9,76.39,3215.9,76.4,455.7
1700000405.5,811,76.33,0.060000000000002274,76.3,275.1,76.36,135.2,2371.6,1751.5000000000002,76.36,175.9,BUY,1,76.3,275.1,76.29,271.7,76.28,361.1,76.27,839.6,76.26,624.1,76.36,135.2,76.37,1179.2,76.38,202.3,76.39,172.9,76.4,61.9
1700000406.0,812,76.315,0.04999999999999716,76.29,1260.9,76.34,24.8,2998.9,5618.1,76.34,16.3,BUY,1,76.29,1260.9,76.28,21.1,76.27,1111.6,76.26,91.4,76.25,513.9,76.34,24.8,76.35,982.3,76.36,31.0,76.37,1035.0,76.38,3545.0
1700000406.5,813,76.31,0.060000000000002274,76.28,993.7,76.34,619.3,4002.0,2140.1,76.34,12.6,BUY,2,76.28,993.7,76.27,1008.4,76.26,19.0,76.25,1038.6,76.24,942.3,76.34,619.3,76.35,882.0,76.36,94.1,76.37,209.1,76.38,335.6
1700000407.0,814,76.31,0.03999999999999204,76.29,515.3,76.33,214.1,3883.2,4992.299999999999,76.29,46.7,SELL,2,76.29,515.3,76.28,694.9,76.27,804.2,76.26,216.7,76.25,1652.1,76.33,214.1,76.34,2413.7,76.35,308.4,76.36,266.2,76.37,1789.9
1700000407.5,815,76.31,0.060000000000002274,76.28,278.2,76.34,10.0,2871.3,3098.1,76.31,0.0,BUY,0,76.28,278.2,76.27,139.7,76.26,1902.2,76.25,516.7,76.24,34.5,76.34,10.0,76.35,529.8,76.36,814.9,76.37,1492.4,76.38,251.0
1700000408.0,816,76.31,0.060000000000002274,76.28,2433.8,76.34,348.7,6050.700000000001,6176.9,76.34,5.4,BUY,4,76.28,2433.8,76.27,1157.7,76.26,572.6,76.25,535.7,76.24,1350.9,76.34,348.7,76.35,257.2,76.36,1110.3,76.37,2516.7,76.38,1944.0
1700000408.5,817,76.31,0.060000000000002274,76.28,438.1,76.34,1206.9,2172.3,3735.5,76.34,11.9,BUY,3,76.28,438.1,76.27,205.3,76.26,455.3,76.25,374.0,76.24,699.6,76.34,1206.9,76.35,347.6,76.36,326.2,76.37,1844.8,76.38,10.0
1700000409.0,818,76.31,0.03999999999999204,76.29,179.6,76.33,865.7,1683.5,16460.3,76.33,5.0,BUY,3,76.29,179.6,76.28,385.9,76.27,221.5,76.26,691.4,76.25,205.1,76.33,865.7,76.34,501.1,76.35,370.8,76.36,13397.4,76.37,1325.3
1700000409.5,819,76.3,0.060000000000002274,76.27,274.4,76.33,22.4,3303.6,949.0,76.33,18.8,BUY,1,76.27,274.4,76.26,1089.6,76.25,267.9,76.24,1290.6,76.23,381.1,76.33,22.4,76.34,466.8,76.35,75.1,76.36,146.4,76.37,238.3
1700000410.0,820,76.3,0.060000000000002274,76.27,1725.7,76.33,604.8,4350.0,4342.3,76.33,24.1,BUY,1,76.27,1725.7,76.26,176.3,76.25,1752.5,76.24,525.8,76.23,169.7,76.33,604.8,76.34,2974.2,76.35,113.4,76.36,352.8,76.37,297.1
1700000410.5,821,76.29499999999999,0.04999999999999716,76.27,542.0,76.32,931.3,5110.2,3478.7,76.32,5.0,BUY,2,76.27,542.0,76.26,687.0,76.25,2366.8,76.24,263.1,76.23,1251.3,76.32,931.3,76.33,255.5,76.34,220.5,76.35,53.7,76.36,2017.7
1700000411.0,822,76.28,0.060000000000002274,76.25,113.9,76.31,701.7,2265.0,6813.6,76.28,0.0,BUY,0,76.25,113.9,76.24,127.3,76.23,87.9,76.22,1224.7,76.21,711.2,76.31,701.7,76.32,770.5,76.33,610.9,76.34,1195.6,76.35,3534.9
1700000411.5,823,76.28,0.060000000000002274,76.25,1680.1,76.31,621.9,2823.3,3247.2,76.31,88.7,BUY,1,76.25,1680.1,76.24,344.9,76.23,52.3,76.22,211.6,76.21,534.4,76.31,621.9,76.32,794.6,76.33,429.7,76.34,1195.3,76.35,205.7
1700000412.0,824,76.28,0.03999999999999204,76.26,1265.6,76.3,721.4,2889.2999999999997,3889.7999999999997,76.28,0.0,BUY,0,76.26,1265.6,76.25,232.3,76.24,766.8,76.23,60.0,76.22,564.6,76.3,721.4,76.31,1957.2,76.32,509.2,76.33,304.9,76.34,397.1
1700000412.5,825,76.28,0.03999999999999204,76.26,86.3,76.3,216.6,936.4,4090.2,76.3,21.0,BUY,2,76.26,86.3,76.25,40.1,76.24,470.0,76.23,218.1,76.22,121.9,76.3,216.6,76.31,520.6,76.32,436.5,76.33,2428.2,76.34,488.3
1700000413.0,826,76.28,0.060000000000002274,76.25,505.2,76.31,134.1,6168.700000000001,3813.3,76.31,43.6,BUY,1,76.25,505.2,76.24,1608.7,76.23,1066.7,76.22,434.1,76.21,2554.0,76.31,134.1,76.32,1734.7,76.33,793.5,76.34,91.3,76.35,1059.7
1700000413.5,827,77.58,0.060000000000002274,77.55,272.2,77.61,445.4,3572.1,2931.4,77.61,137.6,BUY,1,77.55,272.2,77.54,401.7,77.53,1105.1,77.52,1783.1,77.51,10.0,77.61,445.4,77.62,180.1,77.63,32.5,77.64,1317.0,77.65,956.4
1700000414.0,828,77.58,0.060000000000002274,77.55,460.1,77.61,31.8,2658.9,4339.8,77.61,16.7,BUY,3,77.55,460.1,77.54,757.6,77.53,748.7,77.52,558.1,77.51,134.4,77.61,31.8,77.62,365.2,77.63,1066.0,77.64,1045.5,77.65,1831.3
1700000414.5,829,77.565,0.04999999999999716,77.54,46.6,77.59,650.7,5290.2,1845.3,77.54,62.1,SELL,4,77.54,46.6,77.53,836.5,77.52,870.5,77.51,2512.9,77.5,1023.7,77.59,650.7,77.6,124.4,77.61,661.6,77.62,326.8,77.63,81.8
1700000415.0,830,77.565,0.04999999999999716,77.54,287.9,77.59,10.0,2343.7,1692.3000000000002,77.59,55.0,BUY,2,77.54,287.9,77.53,1353.1,77.52,159.5,77.51,10.0,77.5,533.2,77.59,10.0,77.6,72.6,77.61,22.5,77.62,842.5,77.63,744.7
1700000415.5,831,77.565,0.04999999999999716,77.54,35.4,77.59,42.1,3134.0,3444.6,77.565,0.0,BUY,0,77.54,35.4,77.53,18.9,77.52,396.4,77.51,542.5,77.5,2140.8,77.59,42.1,77.6,1436.3,77.61,1568.3,77.62,50.9,77.63,347.0
1700000416.0,832,77.565,0.04999999999999716,77.54,1217.4,77.59,599.6,4901.299999999999,2300.5,77.54,18.4,SELL,2,77.54,1217.4,77.53,551.6,77.52,1349.7,77.51,740.0,77.5,1042.6,77.59,599.6,77.6,331.1,77.61,616.5,77.62,698.6,77.63,54.7
1700000416.5,833,77.57,0.04000000000000625,77.55,685.9,77.59,370.6,3819.2000000000003,6280.9,77.57,0.0,BUY,0,77.55,685.9,77.54,253.9,77.53,530.5,77.52,2126.3,77.51,222.6,77.59,370.6,77.6,740.4,77.61,126.1,77.62,2140.0,77.63,2903.8
1700000417.0,834,74.29499999999999,0.04999999999999716,74.27,251.2,74.32,466.1,4619.1,2462.5,74.32,5.0,BUY,2,74.27,251.2,74.26,110.8,74.25,1198.9,74.24,1807.7,74.23,1250.5,74.32,466.1,74.33,814.5,74.34,342.8,74.35,393.3,74.36,445.8
1700000417.5,835,74.29499999999999,0.04999999999999716,74.27,335.5,74.32,437.4,5256.5,2065.9,74.27,8.9,SELL,1,74.27,335.5,74.26,221.1,74.25,2179.0,74.24,269.3,74.23,2251.6,74.32,437.4,74.33,1347.7,74.34,40.5,74.35,59.5,74.36,180.8
1700000418.0,836,74.3,0.060000000000002274,74.27,347.6,74.33,308.5,4181.7,3557.3999999999996,74.27,28.0,SELL,4,74.27,347.6,74.26,516.7,74.25,591.3,74.24,288.6,74.23,2437.5,74.33,308.5,74.34,271.1,74.35,1467.1,74.36,263.0,74.37,1247.7
1700000418.5,837,74.31,0.060000000000002274,74.28,253.4,74.34,1015.8,5076.799999999999,1454.9,74.28,28.5,SELL,1,74.28,253.4,74.27,456.9,74.26,654.0,74.25,282.8,74.24,3429.7,74.34,1015.8,74.35,132.4,74.36,62.6,74.37,27.2,74.38,216.9
1700000419.0,838,74.31,0.060000000000002274,74.28,1468.2,74.34,381.0,3793.2999999999993,2548.2,74.34,9.5,BUY,1,74.28,1468.2,74.27,1431.0,74.26,32.6,74.25,634.3,74.24,227.2,74.34,381.0,74.35,1171.6,74.36,207.8,74.37,714.3,74.38,73.5
1700000419.5,839,74.31,0.060000000000002274,74.28,214.2,74.34,1556.4,2166.9,1942.2,74.31,0.0,BUY,0,74.28,214.2,74.27,17.2,74.26,218.6,74.25,1488.9,74.24,228.0,74.34,1556.4,74.35,62.8,74.36,72.5,74.37,140.1,74.38,110.4
1700000420.0,840,74.31,0.060000000000002274,74.28,114.2,74.34,193.2,9009.7,3770.2,74.28,5.0,SELL,3,74.28,114.2,74.27,150.9,74.26,4023.8,74.25,3147.4,74.24,1573.4,74.34,193.2,74.35,967.5,74.36,224.8,74.37,1995.1,74.38,389.6
1700000420.5,841,74.31,0.060000000000002274,74.28,290.7,74.34,48.5,1738.7999999999997,5140.900000000001,74.34,156.8,BUY,1,74.28,290.7,74.27,38.4,74.26,660.3,74.25,706.3,74.24,43.1,74.34,48.5,74.35,822.9,74.36,2606.9,74.37,167.8,74.38,1494.8
1700000421.0,842,72.33,0.060000000000002274,72.3,1518.6,72.36,124.7,2717.8,4776.5,72.36,8.4,BUY,1,72.3,1518.6,72.29,800.9,72.28,26.3,72.27,230.8,72.26,141.2,72.36,124.7,72.37,634.5,72.38,1375.7,72.39,225.9,72.4,2415.7
1700000421.5,843,72.33,0.060000000000002274,72.3,1290.8,72.36,47.6,4808.400000000001,1998.1000000000001,72.3,25.0,SELL,1,72.3,1290.8,72.29,1883.0,72.28,467.5,72.27,435.4,72.26,731.7,72.36,47.6,72.37,889.6,72.38,463.7,72.39,320.2,72.4,277.0
1700000422.0,844,72.33,0.060000000000002274,72.3,1101.2,72.36,1192.0,2898.2,6071.2,72.3,148.3,SELL,1,72.3,1101.2,72.29,391.8,72.28,860.7,72.27,488.4,72.26,56.1,72.36,1192.0,72.37,232.8,72.38,653.9,72.39,3395.7,72.4,596.8
1700000422.5,845,72.33,0.060000000000002274,72.3,24.5,72.36,325.0,3665.0,3629.1,72.33,0.0,BUY,0,72.3,24.5,72.29,1599.0,72.28,705.7,72.27,246.0,72.26,1089.8,72.36,325.0,72.37,205.2,72.38,266.9,72.39,2818.9,72.4,13.1
1700000423.0,846,72.33,0.060000000000002274,72.3,966.8,72.36,33.8,4294.2,2352.8999999999996,72.3,30.3,SELL,1,72.3,966.8,72.29,1900.8,72.28,173.1,72.27,573.2,72.26,680.3,72.36,33.8,72.37,96.9,72.38,489.7,72.39,740.3,72.4,992.2
1700000423.5,847,72.315,0.04999999999999716,72.29,157.0,72.34,493.9,5279.8,2731.5,72.34,20.0,BUY,1,72.29,157.0,72.28,245.0,72.27,1445.4,72.26,743.7,72.25,2688.7,72.34,493.9,72.35,96.7,72.36,236.8,72.37,1679.9,72.38,224.2
1700000424.0,848,72.315,0.04999999999999716,72.29,43.3,72.34,1345.5,5389.1,3813.5999999999995,72.29,16.4,SELL,3,72.29,43.3,72.28,1224.8,72.27,890.1,72.26,752.3,72.25,2478.6,72.34,1345.5,72.35,979.1,72.36,257.2,72.37,836.3,72.38,395.5
1700000424.5,849,72.32,0.05999999999998806,72.29,54.0,72.35,71.7,2953.5,4412.0,72.32,0.0,BUY,0,72.29,54.0,72.28,1006.8,72.27,560.7,72.26,717.3,72.25,614.7,72.35,71.7,72.36,578.9,72.37,903.4,72.38,2394.6,72.39,463.4
1700000425.0,850,72.32,0.04000000000000625,72.3,118.4,72.34,303.2,4811.599999999999,2776.3,72.3,153.9,SELL,1,72.3,118.4,72.29,2887.0,72.28,1487.6,72.27,296.4,72.26,22.2,72.34,303.2,72.35,34.6,72.36,605.2,72.37,195.6,72.38,1637.7
1700000425.5,851,72.33,0.060000000000002274,72.3,548.7,72.36,58.4,3419.0,3910.0,72.3,52.2,SELL,4,72.3,548.7,72.29,1373.1,72.28,52.1,72.27,1053.4,72.26,391.7,72.36,58.4,72.37,1070.7,72.38,482.2,72.39,861.0,72.4,1437.7
1700000426.0,852,72.33,0.060000000000002274,72.3,460.5,72.36,150.4,5650.2,6385.6,72.3,5.0,SELL,5,72.3,460.5,72.29,1071.3,72.28,1533.9,72.27,575.6,72.26,2008.9,72.36,150.4,72.37,849.5,72.38,1071.6,72.39,2277.3,72.4,2036.8
1700000426.5,853,72.33,0.060000000000002274,72.3,513.1,72.36,368.2,7253.7,3350.7000000000003,72.36,32.4,BUY,2,72.3,513.1,72.29,658.8,72.28,2497.5,72.27,705.8,72.26,2878.5,72.36,368.2,72.37,518.9,72.38,348.3,72.39,1885.4,72.4,229.9
1700000427.0,854,72.33,0.060000000000002274,72.3,1026.1,72.36,329.2,4230.8,3635.5,72.36,197.0,BUY,1,72.3,1026.1,72.29,466.9,72.28,909.9,72.27,647.0,72.26,1180.9,72.36,329.2,72.37,155.6,72.38,49.9,72.39,1280.2,72.4,1820.6
1700000427.5,855,72.315,0.04999999999999716,72.29,445.2,72.34,260.8,2390.3,5179.299999999999,72.34,45.6,BUY,3,72.29,445.2,72.28,212.1,72.27,665.6,72.26,904.0,72.25,163.4,72.34,260.8,72.35,1319.8,72.36,360.2,72.37,2632.6,72.38,605.9
1700000428.0,856,72.315,0.04999999999999716,72.29,198.0,72.34,121.5,1348.9,4522.4,72.29,60.2,SELL,4,72.29,198.0,72.28,103.0,72.27,87.6,72.26,345.6,72.25,614.7,72.34,121.5,72.35,29.6,72.36,853.0,72.37,1816.4,72.38,1701.9
1700000428.5,857,72.32,0.04000000000000625,72.3,425.5,72.34,22.2,7219.2,3381.3,72.32,0.0,BUY,0,72.3,425.5,72.29,241.1,72.28,1174.9,72.27,2139.2,72.26,3238.5,72.34,22.2,72.35,88.0,72.36,553.9,72.37,657.4,72.38,2059.8
1700000429.0,858,72.31,0.03999999999999204,72.29,299.5,72.33,353.9,2130.0,2347.2999999999997,72.33,23.7,BUY,3,72.29,299.5,72.28,191.8,72.27,1401.1,72.26,33.7,72.25,203.9,72.33,353.9,72.34,596.8,72.35,812.5,72.36,458.2,72.37,125.9
1700000429.5,859,72.3,0.060000000000002274,72.27,385.9,72.33,146.8,1783.9,904.9,72.33,63.0,BUY,2,72.27,385.9,72.26,32.9,72.25,801.6,72.24,411.9,72.23,151.6,72.33,146.8,72.34,23.4,72.35,44.5,72.36,460.7,72.37,229.5
1700000430.0,860,72.3,0.03999999999999204,72.28,90.2,72.32,479.5,3483.0,2155.1,72.28,12.2,SELL,1,72.28,90.2,72.27,710.7,72.26,148.9,72.25,1687.5,72.24,845.7,72.32,479.5,72.33,37.7,72.34,961.9,72.35,543.5,72.36,132.5
1700000430.5,861,68.71000000000001,0.05999999999998806,68.68,433.5,68.74,1309.4,1613.3000000000002,7510.400000000001,68.74,5.0,BUY,2,68.68,433.5,68.67,745.7,68.66,266.6,68.65,111.9,68.64,55.6,68.74,1309.4,68.75,940.2,68.76,458.8,68.77,1197.0,68.78,3605.0
1700000431.0,862,68.70500000000001,0.04999999999999716,68.68,933.2,68.73,409.1,3189.4000000000005,2108.1,68.68,19.6,SELL,1,68.68,933.2,68.67,11.6,68.66,316.6,68.65,942.7,68.64,985.3,68.73,409.1,68.74,504.9,68.75,513.6,68.76,46.8,68.77,633.7
1700000431.5,863,68.7,0.060000000000002274,68.67,524.5,68.73,90.4,4918.8,1252.2,68.67,26.7,SELL,1,68.67,524.5,68.66,1806.2,68.65,53.9,68.64,636.4,68.63,1897.8,68.73,90.4,68.74,342.7,68.75,224.4,68.76,305.5,68.77,289.2
1700000432.0,864,68.7,0.060000000000002274,68.67,338.7,68.73,201.6,4438.1,1264.6,68.7,0.0,BUY,0,68.67,338.7,68.66,490.9,68.65,535.3,68.64,392.3,68.63,2680.9,68.73,201.6,68.74,188.3,68.75,237.9,68.76,266.3,68.77,370.5
1700000432.5,865,68.7,0.060000000000002274,68.67,342.4,68.73,305.8,4985.1,1468.2,68.67,13.4,SELL,2,68.67,342.4,68.66,370.6,68.65,300.7,68.64,1833.5,68.63,2137.9,68.73,305.8,68.74,56.6,68.75,510.8,68.76,214.2,68.77,380.8
1700000433.0,866,68.7,0.060000000000002274,68.67,31.5,68.73,279.4,4447.1,3016.5,68.73,44.7,BUY,2,68.67,31.5,68.66,562.4,68.65,1926.6,68.64,1355.4,68.63,571.2,68.73,279.4,68.74,341.2,68.75,737.4,68.76,101.1,68.77,1557.4
1700000433.5,867,68.7,0.03999999999999204,68.68,283.6,68.72,153.7,3487.2,3946.8999999999996,68.72,5.0,BUY,1,68.68,283.6,68.67,136.9,68.66,526.5,68.65,373.6,68.64,2166.6,68.72,153.7,68.73,737.9,68.74,473.0,68.75,1314.5,68.76,1267.8
1700000434.0,868,68.7,0.060000000000002274,68.67,31.4,68.73,115.6,1435.1,7485.2,68.67,25.7,SELL,2,68.67,31.4,68.66,228.1,68.65,260.6,68.64,638.6,68.63,276.4,68.73,115.6,68.74,2180.1,68.75,39.3,68.76,2417.4,68.77,2732.8
1700000434.5,869,68.7,0.060000000000002274,68.67,1871.8,68.73,641.4,5583.0,2576.6,68.67,28.9,SELL,2,68.67,1871.8,68.66,2295.3,68.65,10.0,68.64,320.4,68.63,1085.5,68.73,641.4,68.74,251.6,68.75,1486.2,68.76,16.4,68.77,181.0
1700000435.0,870,68.69,0.03999999999999204,68.67,807.9,68.71,313.7,4205.8,3982.5,68.71,56.6,BUY,2,68.67,807.9,68.66,717.5,68.65,1548.8,68.64,330.4,68.63,801.2,68.71,313.7,68.72,705.4,68.73,94.9,68.74,1981.5,68.75,887.0
1700000435.5,871,68.69,0.03999999999999204,68.67,107.3,68.71,595.9,3765.2,5755.099999999999,68.71,33.7,BUY,4,68.67,107.3,68.66,182.3,68.65,1630.6,68.64,127.0,68.63,1718.0,68.71,595.9,68.72,1147.5,68.73,676.4,68.74,2918.1,68.75,417.2
1700000436.0,872,68.69,0.060000000000002274,68.66,260.7,68.72,222.1,2473.1,2479.5,68.72,5.0,BUY,3,68.66,260.7,68.65,322.6,68.64,308.0,68.63,27.1,68.62,1554.7,68.72,222.1,68.73,1577.5,68.74,88.5,68.75,144.3,68.76,447.1
1700000436.5,873,68.69,0.060000000000002274,68.66,989.1,68.72,300.6,1928.6,2552.1000000000004,68.69,0.0,BUY,0,68.66,989.1,68.65,62.1,68.64,684.8,68.63,150.3,68.62,42.3,68.72,300.6,68.73,253.8,68.74,372.0,68.75,958.5,68.76,667.2
1700000437.0,874,68.69,0.03999999999999204,68.67,648.1,68.71,959.5,2804.0,4049.3999999999996,68.69,0.0,BUY,0,68.67,648.1,68.66,57.2,68.65,539.8,68.64,66.3,68.63,1492.6,68.71,959.5,68.72,58.4,68.73,1667.7,68.74,710.3,68.75,653.5
1700000437.5,875,63.78,0.060000000000002274,63.75,10.0,63.81,155.5,4276.400000000001,4569.1,63.75,83.6,SELL,2,63.75,10.0,63.74,574.5,63.73,1022.4,63.72,2278.4,63.71,391.1,63.81,155.5,63.82,56.7,63.83,79.6,63.84,4144.6,63.85,132.7
1700000438.0,876,63.790000000000006,0.03999999999999915,63.77,87.9,63.81,195.4,2061.1,2036.5,63.77,40.4,SELL,4,63.77,87.9,63.76,203.8,63.75,773.5,63.74,569.8,63.73,426.1,63.81,195.4,63.82,894.2,63.83,36.3,63.84,375.6,63.85,535.0
1700000438.5,877,63.790000000000006,0.03999999999999915,63.77,186.1,63.81,30.6,2636.9,5676.5,63.81,143.9,BUY,2,63.77,186.1,63.76,339.6,63.75,381.0,63.74,1097.1,63.73,633.1,63.81,30.6,63.82,730.4,63.83,1848.2,63.84,373.2,63.85,2694.1
1700000439.0,878,63.790000000000006,0.03999999999999915,63.77,93.0,63.81,382.5,1508.3,1561.9,63.790000000000006,0.0,BUY,0,63.77,93.0,63.76,61.1,63.75,621.5,63.74,558.1,63.73,174.6,63.81,382.5,63.82,245.8,63.83,263.7,63.84,83.1,63.85,586.8
1700000439.5,879,63.790000000000006,0.03999999999999915,63.77,463.7,63.81,392.8,3121.2,5146.3,63.81,107.1,BUY,4,63.77,463.7,63.76,1229.5,63.75,277.2,63.74,318.7,63.73,832.1,63.81,392.8,63.82,1741.5,63.83,1953.7,63.84,435.7,63.85,622.6
1700000440.0,880,63.790000000000006,0.03999999999999915,63.77,804.5,63.81,396.6,2979.1000000000004,4176.9,63.77,5.0,SELL,1,63.77,804.5,63.76,432.5,63.75,828.4,63.74,776.4,63.73,137.3,63.81,396.6,63.82,503.1,63.83,12.3,63.84,765.9,63.85,2499.0
1700000440.5,881,63.790000000000006,0.03999999999999915,63.77,163.5,63.81,107.7,6083.6,2932.3,63.77,21.3,SELL,1,63.77,163.5,63.76,23.8,63.75,1132.6,63.74,3298.6,63.73,1465.1,63.81,107.7,63.82,30.2,63.83,639.1,63.84,1556.1,63.85,599.2
1700000441.0,882,63.790000000000006,0.03999999999999915,63.77,1903.3,63.81,1139.1,7934.7,3643.7999999999997,63.77,11.8,SELL,1,63.77,1903.3,63.76,1269.0,63.75,1675.2,63.74,2021.2,63.73,1066.0,63.81,1139.1,63.82,1408.3,63.83,586.5,63.84,246.1,63.85,263.8
1700000441.5,883,63.790000000000006,0.03999999999999915,63.77,85.1,63.81,1220.9,551.5,9127.0,63.81,22.7,BUY,1,63.77,85.1,63.76,37.3,63.75,10.0,63.74,158.9,63.73,260.2,63.81,1220.9,63.82,296.3,63.83,538.7,63.84,2975.9,63.85,4095.2
1700000442.0,884,63.790000000000006,0.03999999999999915,63.77,290.8,63.81,563.9,3902.7999999999997,4702.700000000001,63.77,15.4,SELL,1,63.77,290.8,63.76,853.7,63.75,350.2,63.74,2284.7,63.73,123.4,63.81,563.9,63.82,96.8,63.83,1178.7,63.84,196.0,63.85,2667.3
1700000442.5,885,63.790000000000006,0.03999999999999915,63.77,302.1,63.81,75.6,4053.9,4383.299999999999,63.81,14.6,BUY,1,63.77,302.1,63.76,26.6,63.75,1371.3,63.74,914.8,63.73,1439.1,63.81,75.6,63.82,839.8,63.83,549.6,63.84,445.1,63.85,2473.2
1700000443.0,886,63.790000000000006,0.03999999999999915,63.77,412.7,63.81,907.3,3514.3999999999996,2802.5,63.81,22.7,BUY,1,63.77,412.7,63.76,44.8,63.75,1299.0,63.74,309.1,63.73,1448.8,63.81,907.3,63.82,1226.8,63.83,116.2,63.84,147.8,63.85,404.4
1700000443.5,887,63.790000000000006,0.03999999999999915,63.77,47.0,63.81,136.0,4795.7,3808.6,63.77,76.0,SELL,2,63.77,47.0,63.76,1430.1,63.75,1118.8,63.74,161.4,63.73,2038.4,63.81,136.0,63.82,287.5,63.83,680.0,63.84,2505.1,63.85,200.0
1700000444.0,888,63.79,0.060000000000002274,63.76,79.6,63.82,171.0,2159.5,5723.1,63.82,25.9,BUY,1,63.76,79.6,63.75,539.5,63.74,130.2,63.73,1147.8,63.72,262.4,63.82,171.0,63.83,329.2,63.84,364.0,63.85,2747.4,63.86,2111.5
1700000444.5,889,63.79,0.060000000000002274,63.76,1301.0,63.82,20.9,5300.400000000001,2394.2,63.82,39.8,BUY,2,63.76,1301.0,63.75,787.3,63.74,1451.1,63.73,1382.9,63.72,378.1,63.82,20.9,63.83,37.2,63.84,1127.7,63.85,675.3,63.86,533.1
1700000445.0,890,63.790000000000006,0.03999999999999915,63.77,10.3,63.81,875.2,5045.299999999999,1520.3,63.77,6.0,SELL,1,63.77,10.3,63.76,606.5,63.75,1796.6,63.74,809.7,63.73,1822.2,63.81,875.2,63.82,225.5,63.83,106.0,63.84,201.8,63.85,111.8
1700000445.5,891,63.79,0.060000000000002274,63.76,21.0,63.82,105.1,3028.1,3647.2,63.76,11.0,SELL,2,63.76,21.0,63.75,2496.1,63.74,94.4,63.73,357.6,63.72,59.0,63.82,105.1,63.83,282.9,63.84,2003.8,63.85,343.7,63.86,911.7
1700000446.0,892,63.78,0.03999999999999915,63.76,731.3,63.8,327.9,5704.6,3402.0,63.78,0.0,BUY,0,63.76,731.3,63.75,901.2,63.74,1795.7,63.73,1137.9,63.72,1138.5,63.8,327.9,63.81,1221.8,63.82,501.4,63.83,816.6,63.84,534.3
1700000446.5,893,63.790000000000006,0.03999999999999915,63.77,1627.0,63.81,286.8,3810.9,2316.9,63.81,14.9,BUY,2,63.77,1627.0,63.76,435.6,63.75,486.1,63.74,401.3,63.73,860.9,63.81,286.8,63.82,548.1,63.83,758.6,63.84,713.4,63.85,10.0
1700000447.0,894,63.790000000000006,0.03999999999999915,63.77,433.6,63.81,238.5,2081.8999999999996,3018.1000000000004,63.77,14.9,SELL,1,63.77,433.6,63.76,10.0,63.75,215.2,63.74,693.9,63.73,729.2,63.81,238.5,63.82,563.6,63.83,693.1,63.84,283.1,63.85,1239.8
1700000447.5,895,63.790000000000006,0.03999999999999915,63.77,113.9,63.81,203.9,5572.8,1352.4,63.77,74.9,SELL,1,63.77,113.9,63.76,662.7,63.75,2600.5,63.74,1690.1,63.73,505.6,63.81,203.9,63.82,61.8,63.83,29.8,63.84,769.8,63.85,287.1
1700000448.0,896,63.8,0.03999999999999915,63.78,499.0,63.82,467.6,5080.6,5127.1,63.82,63.9,BUY,1,63.78,499.0,63.77,344.4,63.76,1025.4,63.75,502.3,63.74,2709.5,63.82,467.6,63.83,780.8,63.84,215.2,63.85,2216.3,63.86,1447.2
1700000448.5,897,63.795,0.04999999999999716,63.77,1190.9,63.82,592.0,5401.3,6076.1,63.82,47.1,BUY,1,63.77,1190.9,63.76,1051.7,63.75,2267.8,63.74,83.0,63.73,807.9,63.82,592.0,63.83,912.7,63.84,539.0,63.85,213.8,63.86,3818.6
1700000449.0,898,63.795,0.04999999999999716,63.77,10.0,63.82,138.7,2286.3,1960.4,63.77,165.7,SELL,2,63.77,10.0,63.76,681.0,63.75,617.6,63.74,305.5,63.73,672.2,63.82,138.7,63.83,550.0,63.84,501.9,63.85,497.9,63.86,271.9
1700000449.5,899,63.795,0.04999999999999716,63.77,518.8,63.82,1204.2,2867.6000000000004,8632.2,63.82,77.9,BUY,3,63.77,518.8,63.76,491.7,63.75,36.4,63.74,506.0,63.73,1314.7,63.82,1204.2,63.83,1273.4,63.84,3407.8,63.85,2266.5,63.86,480.3
1700000450.0,900,63.795,0.04999999999999716,63.77,1218.3,63.82,299.0,4907.799999999999,2574.6,63.77,57.9,SELL,1,63.77,1218.3,63.76,1660.6,63.75,87.0,63.74,1265.2,63.73,676.7,63.82,299.0,63.83,235.3,63.84,346.2,63.85,360.6,63.86,1333.5
1700000450.5,901,63.795,0.04999999999999716,63.77,287.8,63.82,154.3,6149.099999999999,4620.2,63.795,0.0,BUY,0,63.77,287.8,63.76,519.7,63.75,745.3,63.74,3131.6,63.73,1464.7,63.82,154.3,63.83,809.6,63.84,429.5,63.85,2220.0,63.86,1006.8
1700000451.0,902,63.790000000000006,0.03999999999999915,63.77,618.2,63.81,69.8,1091.7,2972.5000000000005,63.81,6.1,BUY,2,63.77,618.2,63.76,93.1,63.75,10.0,63.74,70.7,63.73,299.7,63.81,69.8,63.82,304.6,63.83,695.5,63.84,1082.2,63.85,820.4
1700000451.5,903,63.790000000000006,0.03999999999999915,63.77,19.3,63.81,115.4,2224.7,2691.8,63.790000000000006,0.0,BUY,0,63.77,19.3,63.76,858.7,63.75,342.3,63.74,25.4,63.73,979.0,63.81,115.4,63.82,850.2,63.83,320.1,63.84,1001.8,63.85,404.3
1700000452.0,904,63.79,0.060000000000002274,63.76,82.7,63.82,103.0,4836.9,2448.3999999999996,63.79,0.0,BUY,0,63.76,82.7,63.75,316.0,63.74,3064.2,63.73,597.2,63.72,776.8,63.82,103.0,63.83,490.9,63.84,1583.8,63.85,126.7,63.86,144.0
1700000452.5,905,63.79,0.060000000000002274,63.76,454.3,63.82,112.4,8356.9,4611.3,63.82,16.2,BUY,3,63.76,454.3,63.75,144.0,63.74,3505.8,63.73,3169.0,63.72,1083.8,63.82,112.4,63.83,2471.2,63.84,63.7,63.85,79.8,63.86,1884.2
1700000453.0,906,63.790000000000006,0.03999999999999915,63.77,59.0,63.81,210.6,3861.6000000000004,3584.8999999999996,63.81,5.0,BUY,2,63.77,59.0,63.76,95.3,63.75,318.0,63.74,2996.5,63.73,392.8,63.81,210.6,63.82,276.0,63.83,548.4,63.84,1248.7,63.85,1301.2
1700000453.5,907,63.790000000000006,0.03999999999999915,63.77,119.2,63.81,784.4,5318.099999999999,3648.1000000000004,63.77,14.6,SELL,1,63.77,119.2,63.76,40.0,63.75,2167.4,63.74,1711.8,63.73,1279.7,63.81,784.4,63.82,774.4,63.83,178.7,63.84,712.8,63.85,1197.8
1700000454.0,908,63.8,0.05999999999999517,63.77,268.5,63.83,760.2,1371.6999999999998,5903.4,63.77,64.1,SELL,1,63.77,268.5,63.76,289.9,63.75,340.2,63.74,11.2,63.73,461.9,63.83,760.2,63.84,3863.7,63.85,435.0,63.86,584.3,63.87,260.2
1700000454.5,909,63.8,0.05999999999999517,63.77,607.2,63.83,118.4,1967.5000000000002,4862.0,63.83,64.6,BUY,1,63.77,607.2,63.76,427.1,63.75,191.9,63.74,483.0,63.73,258.3,63.83,118.4,63.84,87.6,63.85,491.7,63.86,1126.5,63.87,3037.8
1700000455.0,910,63.8,0.05999999999999517,63.77,129.4,63.83,301.0,4649.4,4399.200000000001,63.8,0.0,BUY,0,63.77,129.4,63.76,19.2,63.75,1293.6,63.74,1963.3,63.73,1243.9,63.83,301.0,63.84,1557.4,63.85,1120.0,63.86,12.4,63.87,1408.4
1700000455.5,911,63.795,0.04999999999999716,63.77,60.4,63.82,810.7,1837.6000000000001,2631.2000000000003,63.77,5.0,SELL,1,63.77,60.4,63.76,1340.5,63.75,30.5,63.74,57.4,63.73,348.8,63.82,810.7,63.83,282.0,63.84,111.0,63.85,1104.2,63.86,323.3
1700000456.0,912,63.815,0.05000000000000426,63.79,524.5,63.84,259.5,4628.599999999999,1558.1,63.84,10.9,BUY,2,63.79,524.5,63.78,891.1,63.77,187.0,63.76,1373.3,63.75,1652.7,63.84,259.5,63.85,85.2,63.86,1081.3,63.87,10.0,63.88,122.1
1700000456.5,913,63.815,0.05000000000000426,63.79,395.8,63.84,1146.5,2394.2000000000003,6578.5,63.79,62.3,SELL,2,63.79,395.8,63.78,1151.5,63.77,90.2,63.76,651.9,63.75,104.8,63.84,1146.5,63.85,541.0,63.86,332.2,63.87,246.1,63.88,4312.7
1700000457.0,914,63.795,0.04999999999999716,63.77,156.1,63.82,335.8,4620.8,2168.0,63.82,23.4,BUY,3,63.77,156.1,63.76,542.0,63.75,1582.4,63.74,985.0,63.73,1355.3,63.82,335.8,63.83,332.2,63.84,158.2,63.85,1033.1,63.86,308.7
1700000457.5,915,63.795,0.04999999999999716,63.77,66.4,63.82,384.7,1749.3,5023.8,63.795,0.0,BUY,0,63.77,66.4,63.76,665.2,63.75,200.0,63.74,335.9,63.73,481.8,63.82,384.7,63.83,1560.3,63.84,240.8,63.85,856.9,63.86,1981.1
1700000458.0,916,63.795,0.04999999999999716,63.77,353.9,63.82,185.7,1961.7,2153.0,63.82,139.9,BUY,1,63.77,353.9,63.76,174.3,63.75,745.3,63.74,455.7,63.73,232.5,63.82,185.7,63.83,837.6,63.84,389.4,63.85,312.5,63.86,427.8
1700000458.5,917,63.795,0.04999999999999716,63.77,72.7,63.82,640.2,1815.4,4627.7,63.77,60.4,SELL,1,63.77,72.7,63.76,30.7,63.75,399.2,63.74,229.8,63.73,1083.0,63.82,640.2,63.83,92.2,63.84,1303.6,63.85,1578.1,63.86,1013.6
1700000459.0,918,63.8,0.03999999999999915,63.78,202.8,63.82,787.8,6248.9,4092.3,63.82,79.0,BUY,2,63.78,202.8,63.77,211.6,63.76,1282.0,63.75,1340.3,63.74,3212.2,63.82,787.8,63.83,405.6,63.84,1076.8,63.85,945.9,63.86,876.2
1700000459.5,919,63.79,0.060000000000002274,63.76,858.0,63.82,724.2,3521.8,5809.099999999999,63.76,5.0,SELL,1,63.76,858.0,63.75,777.3,63.74,1336.5,63.73,253.6,63.72,296.4,63.82,724.2,63.83,267.9,63.84,2645.0,63.85,1586.8,63.86,585.2
1700000460.0,920,63.790000000000006,0.03999999999999915,63.77,172.1,63.81,1165.7,2252.3,3686.1,63.77,30.5,SELL,2,63.77,172.1,63.76,121.0,63.75,338.6,63.74,58.0,63.73,1562.6,63.81,1165.7,63.82,642.9,63.83,329.9,63.84,378.0,63.85,1169.6
1700000460.5,921,63.8,0.05999999999999517,63.77,231.8,63.83,842.2,2479.2,3703.5,63.83,12.9,BUY,4,63.77,231.8,63.76,442.2,63.75,241.3,63.74,214.5,63.73,1349.4,63.83,842.2,63.84,287.8,63.85,2394.1,63.86,101.0,63.87,78.4
1700000461.0,922,63.790000000000006,0.03999999999999915,63.77,30.9,63.81,1115.7,4410.1,3784.0000000000005,63.77,5.0,SELL,7,63.77,30.9,63.76,11.5,63.75,2192.5,63.74,481.0,63.73,1694.2,63.81,1115.7,63.82,1516.8,63.83,13.4,63.84,525.7,63.85,612.4
1700000461.5,923,63.790000000000006,0.03999999999999915,63.77,511.2,63.81,483.9,6927.6,4381.700000000001,63.77,5.0,SELL,2,63.77,511.2,63.76,463.9,63.75,423.7,63.74,3520.8,63.73,2008.0,63.81,483.9,63.82,3524.8,63.83,139.7,63.84,134.5,63.85,98.8
1700000462.0,924,63.795,0.04999999999999716,63.77,678.7,63.82,249.4,1524.1000000000001,3693.2000000000003,63.77,5.0,SELL,1,63.77,678.7,63.76,55.1,63.75,124.4,63.74,634.6,63.73,31.3,63.82,249.4,63.83,853.2,63.84,2127.2,63.85,327.9,63.86,135.5
1700000462.5,925,63.795,0.04999999999999716,63.77,388.0,63.82,702.0,4490.3,3046.7,63.82,31.2,BUY,3,63.77,388.0,63.76,142.0,63.75,477.9,63.74,1110.6,63.73,2371.8,63.82,702.0,63.83,18.7,63.84,1005.4,63.85,1279.3,63.86,41.3
1700000463.0,926,63.795,0.04999999999999716,63.77,202.5,63.82,395.0,4431.2,3588.2000000000003,63.82,11.9,BUY,2,63.77,202.5,63.76,712.0,63.75,152.3,63.74,961.3,63.73,2403.1,63.82,395.0,63.83,1013.8,63.84,50.2,63.85,726.8,63.86,1402.4
1700000463.5,927,63.795,0.04999999999999716,63.77,338.7,63.82,669.2,2677.2999999999997,4614.6,63.77,36.1,SELL,3,63.77,338.7,63.76,250.3,63.75,78.6,63.74,1679.6,63.73,330.1,63.82,669.2,63.83,1269.1,63.84,158.6,63.85,1083.6,63.86,1434.1
1700000464.0,928,63.795,0.04999999999999716,63.77,650.3,63.82,1228.3,6098.0,3064.1,63.795,0.0,BUY,0,63.77,650.3,63.76,361.0,63.75,1148.0,63.74,1190.3,63.73,2748.4,63.82,1228.3,63.83,422.1,63.84,41.0,63.85,646.3,63.86,726.4
1700000464.5,929,63.795,0.04999999999999716,63.77,161.7,63.82,574.1,2575.5,3544.1,63.82,32.8,BUY,2,63.77,161.7,63.76,712.7,63.75,833.7,63.74,738.9,63.73,128.5,63.82,574.1,63.83,155.3,63.84,1059.2,63.85,1244.8,63.86,510.7
1700000465.0,930,63.795,0.04999999999999716,63.77,1335.1,63.82,309.9,4449.3,2173.1000000000004,63.77,62.0,SELL,3,63.77,1335.1,63.76,299.3,63.75,1392.6,63.74,1242.8,63.73,179.5,63.82,309.9,63.83,88.2,63.84,767.6,63.85,470.7,63.86,536.7
1700000465.5,931,63.795,0.04999999999999716,63.77,2911.7,63.82,317.2,14846.6,2325.8,63.82,14.3,BUY,2,63.77,2911.7,63.76,6333.1,63.75,969.7,63.74,1152.0,63.73,3480.1,63.82,317.2,63.83,849.2,63.84,772.5,63.85,322.4,63.86,64.5
1700000466.0,932,64.2,0.060000000000002274,64.17,734.8,64.23,267.8,5490.0,3555.2999999999997,64.17,64.5,SELL,4,64.17,734.8,64.16,929.6,64.15,114.6,64.14,1446.3,64.13,2264.7,64.23,267.8,64.24,290.9,64.25,564.9,64.26,1546.8,64.27,884.9
1700000466.5,933,64.2,0.060000000000002274,64.17,98.9,64.23,329.6,2480.7000000000003,5106.1,64.17,5.0,SELL,2,64.17,98.9,64.16,258.8,64.15,756.2,64.14,832.4,64.13,534.4,64.23,329.6,64.24,723.7,64.25,856.8,64.26,192.5,64.27,3003.5
1700000467.0,934,64.19,0.03999999999999204,64.17,738.8,64.21,956.9,3253.2000000000003,3320.1000000000004,64.17,97.7,SELL,1,64.17,738.8,64.16,1727.5,64.15,265.4,64.14,289.7,64.13,231.8,64.21,956.9,64.22,867.9,64.23,167.8,64.24,602.2,64.25,725.3
1700000467.5,935,64.19,0.060000000000002274,64.16,44.4,64.22,819.4,3155.3,1748.3,64.22,5.0,BUY,2,64.16,44.4,64.15,1573.8,64.14,1054.6,64.13,238.2,64.12,244.3,64.22,819.4,64.23,253.9,64.24,35.4,64.25,388.4,64.26,251.2
1700000468.0,936,64.185,0.04999999999999716,64.16,101.0,64.21,481.5,938.3,4609.599999999999,64.21,42.0,BUY,1,64.16,101.0,64.15,13.7,64.14,252.4,64.13,79.5,64.12,491.7,64.21,481.5,64.22,511.1,64.23,1137.9,64.24,1850.2,64.25,628.9
1700000468.5,937,64.185,0.04999999999999716,64.16,1394.7,64.21,131.8,7477.999999999999,2866.8999999999996,64.185,0.0,BUY,0,64.16,1394.7,64.15,1859.0,64.14,670.7,64.13,2674.2,64.12,879.4,64.21,131.8,64.22,106.0,64.23,1197.8,64.24,611.8,64.25,819.5
1700000469.0,938,64.185,0.04999999999999716,64.16,237.1,64.21,1415.3,4832.9,4364.4,64.21,19.1,BUY,1,64.16,237.1,64.15,918.6,64.14,1264.3,64.13,322.6,64.12,2090.3,64.21,1415.3,64.22,95.1,64.23,615.7,64.24,1242.4,64.25,995.9
1700000469.5,939,64.18,0.05999999999998806,64.15,3574.0,64.21,210.3,11458.1,2882.4999999999995,64.15,5.5,SELL,3,64.15,3574.0,64.14,1407.3,64.13,949.0,64.12,2815.2,64.11,2712.6,64.21,210.3,64.22,1132.8,64.23,195.6,64.24,793.2,64.25,550.6
1700000470.0,940,61.25,0.04000000000000625,61.23,62.8,61.27,14.9,2493.9000000000005,7117.299999999999,61.23,34.0,SELL,2,61.23,62.8,61.22,441.3,61.21,575.7,61.2,624.9,61.19,789.2,61.27,14.9,61.28,428.2,61.29,289.4,61.3,122.9,61.31,6261.9
1700000470.5,941,61.25,0.060000000000002274,61.22,259.9,61.28,1855.5,4384.9,4161.0,61.28,15.5,BUY,3,61.22,259.9,61.21,930.2,61.2,133.1,61.19,1549.2,61.18,1512.5,61.28,1855.5,61.29,135.1,61.3,308.5,61.31,115.0,61.32,1746.9
1700000471.0,942,61.25,0.04000000000000625,61.23,284.3,61.27,1066.4,6987.4,6295.1,61.27,51.3,BUY,1,61.23,284.3,61.22,665.4,61.21,1797.0,61.2,3253.3,61.19,987.4,61.27,1066.4,61.28,1358.2,61.29,1756.2,61.3,1768.9,61.31,345.4
1700000471.5,943,61.25,0.04000000000000625,61.23,232.6,61.27,643.1,4915.700000000001,2868.2,61.23,13.5,SELL,1,61.23,232.6,61.22,552.8,61.21,922.4,61.2,1781.0,61.19,1426.9,61.27,643.1,61.28,243.8,61.29,10.0,61.3,1906.1,61.31,65.2
1700000472.0,944,61.25,0.04000000000000625,61.23,766.9,61.27,379.8,5161.3,1595.3000000000002,61.27,73.7,BUY,2,61.23,766.9,61.22,1153.4,61.21,136.3,61.2,1306.7,61.19,1798.0,61.27,379.8,61.28,65.1,61.29,584.5,61.3,402.4,61.31,163.5
1700000472.5,945,61.260000000000005,0.03999999999999915,61.24,1019.8,61.28,295.5,4516.599999999999,9225.699999999999,61.28,11.2,BUY,2,61.24,1019.8,61.23,1231.9,61.22,1340.5,61.21,318.1,61.2,606.3,61.28,295.5,61.29,3175.4,61.3,4534.5,61.31,908.9,61.32,311.4
1700000473.0,946,61.254999999999995,0.05000000000000426,61.23,1090.5,61.28,692.0,2399.2,2023.3,61.28,7.6,BUY,1,61.23,1090.5,61.22,371.0,61.21,607.5,61.2,227.6,61.19,102.6,61.28,692.0,61.29,76.3,61.3,520.8,61.31,291.0,61.32,443.2
1700000473.5,947,61.254999999999995,0.05000000000000426,61.23,165.5,61.28,313.5,2988.4999999999995,4503.700000000001,61.23,56.0,SELL,1,61.23,165.5,61.22,417.8,61.21,1509.8,61.2,582.8,61.19,312.6,61.28,313.5,61.29,147.0,61.3,530.3,61.31,834.1,61.32,2678.8
1700000474.0,948,61.25,0.060000000000002274,61.22,727.7,61.28,619.1,3739.2,3670.9,61.28,27.2,BUY,2,61.22,727.7,61.21,1037.3,61.2,109.5,61.19,98.5,61.18,1766.2,61.28,619.1,61.29,1399.2,61.3,862.5,61.31,673.0,61.32,117.1
1700000474.5,949,61.25,0.060000000000002274,61.22,324.4,61.28,53.0,3102.5,4812.4,61.28,8.8,BUY,3,61.22,324.4,61.21,92.8,61.2,114.6,61.19,1714.5,61.18,856.2,61.28,53.0,61.29,775.7,61.3,1250.8,61.31,2358.9,61.32,374.0
1700000475.0,950,61.25,0.060000000000002274,61.22,494.6,61.28,160.4,2453.2,4271.900000000001,61.22,41.0,SELL,3,61.22,494.6,61.21,30.1,61.2,256.0,61.19,542.4,61.18,1130.1,61.28,160.4,61.29,1917.1,61.3,1499.8,61.31,381.3,61.32,313.3
1700000475.5,951,61.25,0.060000000000002274,61.22,805.7,61.28,1720.0,3510.2,6694.900000000001,61.28,80.1,BUY,4,61.22,805.7,61.21,743.2,61.2,387.3,61.19,80.1,61.18,1493.9,61.28,1720.0,61.29,218.0,61.3,138.3,61.31,1374.3,61.32,3244.3
1700000476.0,952,61.25,0.04000000000000625,61.23,1981.6,61.27,340.5,3454.3999999999996,3684.6,61.27,5.7,BUY,3,61.23,1981.6,61.22,392.1,61.21,93.5,61.2,253.7,61.19,733.5,61.27,340.5,61.28,602.5,61.29,777.1,61.3,390.6,61.31,1573.9
1700000476.5,953,61.25,0.060000000000002274,61.22,126.0,61.28,1616.8,6020.700000000001,3288.8,61.22,17.4,SELL,1,61.22,126.0,61.21,667.5,61.2,243.9,61.19,886.2,61.18,4097.1,61.28,1616.8,61.29,245.6,61.3,75.4,61.31,37.0,61.32,1314.0
1700000477.0,954,61.25,0.060000000000002274,61.22,146.3,61.28,249.3,3316.9,4247.8,61.22,30.6,SELL,1,61.22,146.3,61.21,570.1,61.2,1515.1,61.19,573.0,61.18,512.4,61.28,249.3,61.29,1791.9,61.3,944.1,61.31,943.4,61.32,319.1
1700000477.5,955,61.245000000000005,0.05000000000000426,61.22,1677.9,61.27,441.7,4247.9,6401.700000000001,61.22,7.0,SELL,1,61.22,1677.9,61.21,151.1,61.2,76.6,61.19,139.4,61.18,2202.9,61.27,441.7,61.28,948.8,61.29,2147.3,61.3,679.8,61.31,2184.1
1700000478.0,956,61.245000000000005,0.05000000000000426,61.22,503.7,61.27,524.9,5907.7,2078.9,61.27,22.6,BUY,1,61.22,503.7,61.21,417.8,61.2,3041.7,61.19,863.7,61.18,1080.8,61.27,524.9,61.28,547.9,61.29,788.5,61.3,73.5,61.31,144.1
1700000478.5,957,61.245000000000005,0.05000000000000426,61.22,174.1,61.27,589.7,4417.3,5684.3,61.22,5.0,SELL,2,61.22,174.1,61.21,441.5,61.2,956.6,61.19,2401.0,61.18,444.1,61.27,589.7,61.28,1859.6,61.29,777.8,61.3,438.0,61.31,2019.2
1700000479.0,958,61.245000000000005,0.05000000000000426,61.22,2166.8,61.27,96.7,4097.7,2629.8,61.22,23.3,SELL,1,61.22,2166.8,61.21,440.2,61.2,10.0,61.19,1023.6,61.18,457.1,61.27,96.7,61.28,301.5,61.29,1061.8,61.3,865.0,61.31,304.8
1700000479.5,959,61.225,0.04999999999999716,61.2,100.0,61.25,302.8,6291.900000000001,3056.1,61.25,22.6,BUY,1,61.2,100.0,61.19,31.3,61.18,1991.1,61.17,2076.7,61.16,2092.8,61.25,302.8,61.26,768.7,61.27,964.8,61.28,61.8,61.29,958.0
1700000480.0,960,61.225,0.04999999999999716,61.2,891.7,61.25,389.0,3656.4,2174.5,61.2,34.2,SELL,1,61.2,891.7,61.19,102.0,61.18,83.9,61.17,1086.3,61.16,1492.5,61.25,389.0,61.26,206.5,61.27,488.1,61.28,482.5,61.29,608.4
1700000480.5,961,61.22,0.060000000000002274,61.19,247.1,61.25,440.7,3820.3,2197.8999999999996,61.25,30.9,BUY,1,61.19,247.1,61.18,971.8,61.17,1482.9,61.16,915.2,61.15,203.3,61.25,440.7,61.26,846.9,61.27,131.0,61.28,80.6,61.29,698.7
1700000481.0,962,58.855000000000004,0.05000000000000426,58.83,103.3,58.88,242.1,6931.400000000001,4490.0,58.88,16.3,BUY,1,58.83,103.3,58.82,3802.1,58.81,696.4,58.8,1904.9,58.79,424.7,58.88,242.1,58.89,95.2,58.9,1135.2,58.91,234.3,58.92,2783.2
1700000481.5,963,58.86,0.060000000000002274,58.83,86.1,58.89,46.6,2234.8,1696.0,58.83,12.2,SELL,1,58.83,86.1,58.82,480.3,58.81,425.0,58.8,848.6,58.79,394.8,58.89,46.6,58.9,159.7,58.91,256.1,58.92,316.8,58.93,916.8
1700000482.0,964,58.86,0.03999999999999915,58.84,487.7,58.88,470.3,3804.3,3963.0000000000005,58.84,24.8,SELL,4,58.84,487.7,58.83,1061.1,58.82,65.0,58.81,102.1,58.8,2088.4,58.88,470.3,58.89,521.6,58.9,1238.2,58.91,1636.0,58.92,96.9
1700000482.5,965,58.86,0.03999999999999915,58.84,62.3,58.88,601.6,3699.7999999999993,3412.3999999999996,58.86,0.0,BUY,0,58.84,62.3,58.83,628.3,58.82,437.3,58.81,2404.7,58.8,167.2,58.88,601.6,58.89,124.2,58.9,1090.7,58.91,1254.7,58.92,341.2
1700000483.0,966,58.86,0.060000000000002274,58.83,520.4,58.89,363.4,1435.0,8579.0,58.83,9.2,SELL,3,58.83,520.4,58.82,472.8,58.81,102.9,58.8,280.4,58.79,58.5,58.89,363.4,58.9,981.0,58.91,116.8,58.92,762.5,58.93,6355.3
1700000483.5,967,58.870000000000005,0.05999999999999517,58.84,742.1,58.9,47.3,4674.3,3571.2000000000003,58.9,7.3,BUY,2,58.84,742.1,58.83,157.9,58.82,116.2,58.81,3291.6,58.8,366.5,58.9,47.3,58.91,164.9,58.92,1341.9,58.93,1244.5,58.94,772.6
1700000484.0,968,58.865,0.04999999999999716,58.84,1109.2,58.89,365.7,5094.700000000001,3596.3,58.89,5.0,BUY,1,58.84,1109.2,58.83,177.9,58.82,887.6,58.81,702.1,58.8,2217.9,58.89,365.7,58.9,403.8,58.91,391.6,58.92,341.3,58.93,2093.9
1700000484.5,969,58.865,0.04999999999999716,58.84,16.4,58.89,1743.9,1203.1,5855.6,58.84,22.9,SELL,1,58.84,16.4,58.83,228.7,58.82,72.8,58.81,542.7,58.8,342.5,58.89,1743.9,58.9,765.5,58.91,276.7,58.92,1641.5,58.93,1428.0
1700000485.0,970,58.870000000000005,0.05999999999999517,58.84,812.1,58.9,267.9,2956.6000000000004,3552.1,58.84,27.3,SELL,3,58.84,812.1,58.83,440.6,58.82,274.0,58.81,902.7,58.8,527.2,58.9,267.9,58.91,33.7,58.92,1667.6,58.93,10.0,58.94,1572.9
1700000485.5,971,58.86,0.03999999999999915,58.84,848.3,58.88,673.0,3418.2999999999997,3832.3999999999996,58.84,83.1,SELL,1,58.84,848.3,58.83,117.5,58.82,1116.8,58.81,698.8,58.8,636.9,58.88,673.0,58.89,795.8,58.9,852.3,58.91,956.1,58.92,555.2
1700000486.0,972,58.86,0.03999999999999915,58.84,2871.5,58.88,1086.9,4731.900000000001,2587.0,58.84,25.3,SELL,3,58.84,2871.5,58.83,344.7,58.82,941.1,58.81,163.6,58.8,411.0,58.88,1086.9,58.89,602.7,58.9,190.8,58.91,673.0,58.92,33.6
1700000486.5,973,58.86,0.03999999999999915,58.84,189.9,58.88,1047.6,6602.6,3264.0,58.88,45.1,BUY,2,58.84,189.9,58.83,349.8,58.82,803.5,58.81,3165.5,58.8,2093.9,58.88,1047.6,58.89,1578.2,58.9,267.6,58.91,114.9,58.92,255.7
1700000487.0,974,58.86,0.03999999999999915,58.84,93.5,58.88,44.3,4569.9,2068.0,58.86,0.0,BUY,0,58.84,93.5,58.83,1286.7,58.82,1695.3,58.81,227.2,58.8,1267.2,58.88,44.3,58.89,77.6,58.9,797.0,58.91,49.3,58.92,1099.8
1700000487.5,975,58.86,0.03999999999999915,58.84,70.0,58.88,280.7,3458.3999999999996,2222.0,58.88,33.2,BUY,2,58.84,70.0,58.83,2447.3,58.82,187.7,58.81,126.6,58.8,626.8,58.88,280.7,58.89,105.6,58.9,432.8,58.91,215.1,58.92,1187.8
1700000488.0,976,58.86,0.03999999999999915,58.84,773.6,58.88,276.4,3747.3999999999996,3308.3999999999996,58.84,20.5,SELL,1,58.84,773.6,58.83,14.3,58.82,127.1,58.81,80.3,58.8,2752.1,58.88,276.4,58.89,901.5,58.9,535.1,58.91,198.8,58.92,1396.6
1700000488.5,977,58.86,0.03999999999999915,58.84,704.3,58.88,678.7,4217.4,2381.5,58.88,26.5,BUY,2,58.84,704.3,58.83,1411.5,58.82,489.9,58.81,188.2,58.8,1423.5,58.88,678.7,58.89,455.3,58.9,428.3,58.91,430.2,58.92,389.0
1700000489.0,978,58.855000000000004,0.05000000000000426,58.83,778.6,58.88,222.7,2103.4,4261.5,58.88,19.7,BUY,2,58.83,778.6,58.82,1127.2,58.81,89.1,58.8,39.0,58.79,69.5,58.88,222.7,58.89,1926.4,58.9,507.7,58.91,1290.7,58.92,314.0
1700000489.5,979,58.85,0.060000000000002274,58.82,56.2,58.88,459.1,2625.3999999999996,2014.6999999999998,58.88,91.9,BUY,1,58.82,56.2,58.81,1402.7,58.8,238.3,58.79,537.0,58.78,391.2,58.88,459.1,58.89,533.9,58.9,24.4,58.91,966.2,58.92,31.1
1700000490.0,980,58.855000000000004,0.05000000000000426,58.83,63.1,58.88,124.8,4402.4,3995.9,58.88,6.2,BUY,2,58.83,63.1,58.82,1298.4,58.81,141.7,58.8,319.7,58.79,2579.5,58.88,124.8,58.89,2118.8,58.9,95.1,58.91,90.2,58.92,1567.0
1700000490.5,981,58.845,0.04999999999999716,58.82,1839.0,58.87,477.1,5454.3,3618.4,58.87,15.7,BUY,2,58.82,1839.0,58.81,296.0,58.8,2838.1,58.79,239.4,58.78,241.8,58.87,477.1,58.88,1020.6,58.89,117.0,58.9,364.8,58.91,1638.9
1700000491.0,982,58.84,0.03999999999999915,58.82,383.1,58.86,851.4,4465.0,2633.2000000000003,58.86,239.0,BUY,2,58.82,383.1,58.81,497.4,58.8,1994.7,58.79,299.4,58.78,1290.4,58.86,851.4,58.87,305.6,58.88,607.4,58.89,98.7,58.9,770.1
1700000491.5,983,58.845,0.04999999999999716,58.82,47.2,58.87,1117.0,3130.5,13317.3,58.82,17.6,SELL,1,58.82,47.2,58.81,107.0,58.8,49.9,58.79,301.6,58.78,2624.8,58.87,1117.0,58.88,168.3,58.89,3410.1,58.9,7361.0,58.91,1260.9
1700000492.0,984,58.845,0.04999999999999716,58.82,179.5,58.87,375.9,7133.8,5598.2,58.87,56.0,BUY,3,58.82,179.5,58.81,846.0,58.8,802.7,58.79,1736.7,58.78,3568.9,58.87,375.9,58.88,1353.6,58.89,1402.6,58.9,1644.9,58.91,821.2
1700000492.5,985,58.845,0.04999999999999716,58.82,173.7,58.87,1942.6,2369.3999999999996,5304.3,58.82,96.0,SELL,3,58.82,173.7,58.81,433.5,58.8,503.4,58.79,283.6,58.78,975.2,58.87,1942.6,58.88,458.4,58.89,2061.3,58.9,325.3,58.91,516.7
1700000493.0,986,58.845,0.04999999999999716,58.82,46.3,58.87,408.1,4086.8999999999996,7424.7,58.82,5.0,SELL,2,58.82,46.3,58.81,1582.7,58.8,383.8,58.79,622.3,58.78,1451.8,58.87,408.1,58.88,1982.7,58.89,3012.0,58.9,286.7,58.91,1735.2
1700000493.5,987,58.845,0.04999999999999716,58.82,447.1,58.87,201.8,2414.9,4965.299999999999,58.87,14.0,BUY,2,58.82,447.1,58.81,389.1,58.8,1212.2,58.79,334.9,58.78,31.6,58.87,201.8,58.88,1251.9,58.89,2175.7,58.9,10.0,58.91,1325.9
1700000494.0,988,58.845,0.04999999999999716,58.82,251.2,58.87,228.6,2816.9,6118.7,58.87,25.7,BUY,1,58.82,251.2,58.81,546.0,58.8,109.5,58.79,286.1,58.78,1624.1,58.87,228.6,58.88,146.2,58.89,3133.9,58.9,558.9,58.91,2051.1
1700000494.5,989,60.540000000000006,0.03999999999999915,60.52,697.6,60.56,10.0,4789.0,1656.1999999999998,60.52,18.7,SELL,2,60.52,697.6,60.51,247.4,60.5,20.7,60.49,1899.1,60.48,1924.2,60.56,10.0,60.57,287.8,60.58,351.4,60.59,578.4,60.6,428.6
1700000495.0,990,60.540000000000006,0.03999999999999915,60.52,316.9,60.56,394.9,2604.0,6796.6,60.52,19.9,SELL,1,60.52,316.9,60.51,929.8,60.5,657.0,60.49,277.8,60.48,422.5,60.56,394.9,60.57,783.9,60.58,127.2,60.59,2483.1,60.6,3007.5
1700000495.5,991,60.540000000000006,0.03999999999999915,60.52,1350.4,60.56,110.1,5279.2,2554.5,60.56,18.6,BUY,1,60.52,1350.4,60.51,1703.8,60.5,1013.0,60.49,1108.2,60.48,103.8,60.56,110.1,60.57,89.7,60.58,220.2,60.59,115.3,60.6,2019.2
1700000496.0,992,60.54,0.060000000000002274,60.51,219.0,60.57,794.5,5290.6,4333.3,60.57,40.2,BUY,1,60.51,219.0,60.5,30.9,60.49,1642.6,60.48,1240.2,60.47,2157.9,60.57,794.5,60.58,1261.7,60.59,1338.8,60.6,359.5,60.61,578.8
1700000496.5,993,60.54,0.060000000000002274,60.51,10.0,60.57,210.7,6954.8,3549.1000000000004,60.57,67.5,BUY,2,60.51,10.0,60.5,270.9,60.49,1420.5,60.48,619.1,60.47,4634.3,60.57,210.7,60.58,214.8,60.59,2029.9,60.6,902.2,60.61,191.5
1700000497.0,994,60.53,0.03999999999999915,60.51,176.7,60.55,308.5,2526.0,3333.0,60.51,20.8,SELL,2,60.51,176.7,60.5,565.2,60.49,13.1,60.48,1568.1,60.47,202.9,60.55,308.5,60.56,700.4,60.57,1000.6,60.58,928.4,60.59,395.1
1700000497.5,995,59.540000000000006,0.03999999999999915,59.52,331.6,59.56,300.9,2893.7,4041.2,59.56,14.6,BUY,2,59.52,331.6,59.51,169.4,59.5,623.5,59.49,220.9,59.48,1548.3,59.56,300.9,59.57,674.0,59.58,1189.3,59.59,473.0,59.6,1404.0
1700000498.0,996,59.540000000000006,0.03999999999999915,59.52,331.9,59.56,31.0,5160.9,6122.9,59.52,45.2,SELL,1,59.52,331.9,59.51,836.9,59.5,350.0,59.49,1312.9,59.48,2329.2,59.56,31.0,59.57,2154.7,59.58,1270.9,59.59,1527.6,59.6,1138.7
1700000498.5,997,59.540000000000006,0.03999999999999915,59.52,151.3,59.56,1163.0,10999.400000000001,2445.1,59.56,51.5,BUY,5,59.52,151.3,59.51,214.1,59.5,283.7,59.49,1454.7,59.48,8895.6,59.56,1163.0,59.57,279.1,59.58,180.3,59.59,704.9,59.6,117.8
1700000499.0,998,59.540000000000006,0.03999999999999915,59.52,35.7,59.56,56.0,1749.3000000000002,3137.7000000000003,59.52,66.7,SELL,2,59.52,35.7,59.51,295.7,59.5,382.0,59.49,1025.9,59.48,10.0,59.56,56.0,59.57,55.6,59.58,235.9,59.59,145.4,59.6,2644.8
1700000499.5,999,59.545,0.04999999999999716,59.52,1214.5,59.57,759.4,2265.7,3956.8,59.545,0.0,BUY,0,59.52,1214.5,59.51,313.6,59.5,331.6,59.49,18.8,59.48,387.2,59.57,759.4,59.58,600.7,59.59,663.3,59.6,258.2,59.61,1675.2
1700000500.0,1000,59.55,0.03999999999999915,59.53,178.1,59.57,106.6,4201.400000000001,4505.1,59.53,60.4,SELL,1,59.53,178.1,59.52,1589.2,59.51,117.4,59.5,2055.6,59.49,261.1,59.57,106.6,59.58,974.1,59.59,1825.9,59.6,612.7,59.61,985.8
1700000500.5,1001,59.565,0.05000000000000426,59.54,129.9,59.59,152.5,3464.6,2352.3,59.565,0.0,BUY,0,59.54,129.9,59.53,221.6,59.52,819.3,59.51,370.3,59.5,1923.5,59.59,152.5,59.6,341.6,59.61,171.9,59.62,326.9,59.63,1359.4
1700000501.0,1002,59.56,0.060000000000002274,59.53,945.5,59.59,579.5,6723.700000000001,4162.599999999999,59.59,29.2,BUY,3,59.53,945.5,59.52,261.9,59.51,1267.7,59.5,241.1,59.49,4007.5,59.59,579.5,59.6,337.6,59.61,1847.6,59.62,403.2,59.63,994.7
1700000501.5,1003,59.565,0.05000000000000426,59.54,144.5,59.59,1044.1,1960.9,3791.0,59.54,28.3,SELL,2,59.54,144.5,59.53,1214.9,59.52,33.7,59.51,228.6,59.5,339.2,59.59,1044.1,59.6,328.5,59.61,100.7,59.62,1343.9,59.63,973.8
1700000502.0,1004,59.565,0.05000000000000426,59.54,370.4,59.59,325.2,1844.6,3373.5,59.54,145.0,SELL,5,59.54,370.4,59.53,740.1,59.52,242.8,59.51,481.3,59.5,10.0,59.59,325.2,59.6,456.5,59.61,227.7,59.62,397.8,59.63,1966.3
1700000502.5,1005,59.565,0.05000000000000426,59.54,1677.5,59.59,108.2,5526.1,4270.0,59.59,103.4,BUY,2,59.54,1677.5,59.53,1408.4,59.52,14.9,59.51,929.6,59.5,1495.7,59.59,108.2,59.6,780.5,59.61,740.6,59.62,1840.4,59.63,800.3
1700000503.0,1006,59.56,0.060000000000002274,59.53,1447.3,59.59,599.7,2651.5,7559.300000000001,59.59,85.5,BUY,2,59.53,1447.3,59.52,676.8,59.51,146.8,59.5,216.1,59.49,164.5,59.59,599.7,59.6,411.0,59.61,535.4,59.62,4308.6,59.63,1704.6
1700000503.5,1007,59.565,0.05000000000000426,59.54,437.2,59.59,276.1,5009.0,4908.200000000001,59.59,5.0,BUY,1,59.54,437.2,59.53,107.2,59.52,183.6,59.51,3477.9,59.5,803.1,59.59,276.1,59.6,920.1,59.61,2825.8,59.62,693.1,59.63,193.1
1700000504.0,1008,59.565,0.05000000000000426,59.54,211.8,59.59,208.5,2817.2000000000003,3309.1,59.565,0.0,BUY,0,59.54,211.8,59.53,171.2,59.52,922.7,59.51,1214.6,59.5,296.9,59.59,208.5,59.6,60.4,59.61,47.7,59.62,1519.9,59.63,1472.6
1700000504.5,1009,59.565,0.05000000000000426,59.54,1490.8,59.59,83.0,3224.8999999999996,1544.1000000000001,59.59,29.2,BUY,1,59.54,1490.8,59.53,104.1,59.52,22.7,59.51,934.5,59.5,672.8,59.59,83.0,59.6,472.3,59.61,53.6,59.62,721.5,59.63,213.7
1700000505.0,1010,59.565,0.05000000000000426,59.54,15.6,59.59,380.8,3237.0999999999995,5505.9,59.54,7.5,SELL,3,59.54,15.6,59.53,247.0,59.52,2111.2,59.51,143.2,59.5,720.1,59.59,380.8,59.6,2314.6,59.61,385.8,59.62,1881.8,59.63,542.9
1700000505.5,1011,59.565,0.05000000000000426,59.54,704.6,59.59,399.8,2414.8999999999996,7083.599999999999,59.54,24.3,SELL,2,59.54,704.6,59.53,105.8,59.52,1244.8,59.51,49.5,59.5,310.2,59.59,399.8,59.6,871.3,59.61,1071.9,59.62,573.7,59.63,4166.9
1700000506.0,1012,59.56,0.03999999999999915,59.54,338.2,59.58,93.5,6281.1,3602.7,59.58,40.2,BUY,4,59.54,338.2,59.53,1023.2,59.52,925.8,59.51,3048.4,59.5,945.5,59.58,93.5,59.59,1945.5,59.6,180.2,59.61,1233.3,59.62,150.2
1700000506.5,1013,59.565,0.05000000000000426,59.54,302.2,59.59,525.9,2522.7,6500.4,59.54,5.0,SELL,1,59.54,302.2,59.53,1280.6,59.52,530.4,59.51,235.3,59.5,174.2,59.59,525.9,59.6,1394.1,59.61,39.4,59.62,291.2,59.63,4249.8
1700000507.0,1014,59.56,0.03999999999999915,59.54,801.8,59.58,193.6,2358.4,3166.1000000000004,59.54,5.3,SELL,1,59.54,801.8,59.53,909.8,59.52,182.9,59.51,453.9,59.5,10.0,59.58,193.6,59.59,909.9,59.6,593.2,59.61,1387.1,59.62,82.3
1700000507.5,1015,59.565,0.05000000000000426,59.54,380.5,59.59,99.2,1833.5,5768.200000000001,59.59,15.3,BUY,2,59.54,380.5,59.53,210.5,59.52,135.1,59.51,1056.4,59.5,51.0,59.59,99.2,59.6,1903.9,59.61,182.1,59.62,2191.6,59.63,1391.4
1700000508.0,1016,59.57,0.04000000000000625,59.55,156.8,59.59,110.6,2049.3,4119.4,59.55,5.0,SELL,1,59.55,156.8,59.54,671.5,59.53,323.3,59.52,172.2,59.51,725.5,59.59,110.6,59.6,229.7,59.61,706.6,59.62,1451.9,59.63,1620.6
1700000508.5,1017,59.575,0.05000000000000426,59.55,427.2,59.6,446.6,3035.4,6337.2,59.6,43.1,BUY,2,59.55,427.2,59.54,1252.8,59.53,10.0,59.52,462.4,59.51,883.0,59.6,446.6,59.61,133.9,59.62,1939.1,59.63,987.3,59.64,2830.3
1700000509.0,1018,59.575,0.05000000000000426,59.55,443.4,59.6,555.4,2779.3999999999996,3548.6000000000004,59.6,31.7,BUY,1,59.55,443.4,59.54,272.5,59.53,338.2,59.52,301.3,59.51,1424.0,59.6,555.4,59.61,809.8,59.62,1592.8,59.63,157.3,59.64,433.3
1700000509.5,1019,59.575,0.05000000000000426,59.55,82.0,59.6,396.1,2655.2,4151.4,59.55,46.4,SELL,1,59.55,82.0,59.54,92.9,59.53,617.0,59.52,289.1,59.51,1574.2,59.6,396.1,59.61,473.6,59.62,459.6,59.63,1147.1,59.64,1675.0
1700000510.0,1020,59.58,0.060000000000002274,59.55,162.3,59.61,136.9,4580.3,8213.3,59.58,0.0,BUY,0,59.55,162.3,59.54,33.4,59.53,1028.8,59.52,1909.9,59.51,1445.9,59.61,136.9,59.62,581.3,59.63,3347.7,59.64,1905.9,59.65,2241.5
1700000510.5,1021,59.57,0.04000000000000625,59.55,42.6,59.59,1123.6,5775.0,2190.7,59.55,115.5,SELL,4,59.55,42.6,59.54,888.9,59.53,1640.5,59.52,1298.8,59.51,1904.2,59.59,1123.6,59.6,357.4,59.61,27.9,59.62,531.1,59.63,150.7
1700000511.0,1022,59.57,0.060000000000002274,59.54,736.3,59.6,397.4,2841.9,4346.9,59.6,83.5,BUY,2,59.54,736.3,59.53,16.5,59.52,798.0,59.51,631.6,59.5,659.5,59.6,397.4,59.61,928.9,59.62,1204.3,59.63,1234.5,59.64,581.8
1700000511.5,1023,59.575,0.05000000000000426,59.55,358.3,59.6,253.7,2278.7000000000003,2180.3,59.6,61.8,BUY,2,59.55,358.3,59.54,23.9,59.53,10.0,59.52,1094.9,59.51,791.6,59.6,253.7,59.61,116.0,59.62,842.0,59.63,829.2,59.64,139.4
1700000512.0,1024,59.575,0.05000000000000426,59.55,149.2,59.6,228.3,2951.0999999999995,8117.7,59.55,9.1,SELL,2,59.55,149.2,59.54,15.5,59.53,2203.1,59.52,324.6,59.51,258.7,59.6,228.3,59.61,551.9,59.62,423.2,59.63,5783.6,59.64,1130.7
1700000512.5,1025,59.575,0.05000000000000426,59.55,3527.7,59.6,148.7,7477.4,1530.1,59.55,12.3,SELL,1,59.55,3527.7,59.54,52.5,59.53,1370.6,59.52,1004.0,59.51,1522.6,59.6,148.7,59.61,162.7,59.62,279.9,59.63,36.0,59.64,902.8
1700000513.0,1026,59.575,0.05000000000000426,59.55,873.7,59.6,566.2,5456.9,7301.4,59.55,5.0,SELL,1,59.55,873.7,59.54,126.1,59.53,127.0,59.52,2330.0,59.51,2000.1,59.6,566.2,59.61,284.3,59.62,1599.5,59.63,1991.7,59.64,2859.7
1700000513.5,1027,59.575,0.05000000000000426,59.55,598.0,59.6,135.7,9103.6,7140.0,59.6,5.0,BUY,3,59.55,598.0,59.54,265.3,59.53,540.3,59.52,3718.4,59.51,3981.6,59.6,135.7,59.61,14.9,59.62,237.3,59.63,3606.0,59.64,3146.1
1700000514.0,1028,59.575,0.05000000000000426,59.55,1020.3,59.6,70.7,6221.299999999999,4936.6,59.6,17.2,BUY,3,59.55,1020.3,59.54,548.3,59.53,905.6,59.52,1961.2,59.51,1785.9,59.6,70.7,59.61,460.0,59.62,302.3,59.63,582.3,59.64,3521.3
1700000514.5,1029,59.57,0.04000000000000625,59.55,887.6,59.59,17.1,2279.9,3488.2,59.55,78.6,SELL,4,59.55,887.6,59.54,80.6,59.53,212.5,59.52,582.5,59.51,516.7,59.59,17.1,59.6,43.8,59.61,266.5,59.62,1603.0,59.63,1557.8
1700000515.0,1030,59.57,0.04000000000000625,59.55,258.7,59.59,49.8,2295.2000000000003,4620.4,59.59,25.1,BUY,2,59.55,258.7,59.54,256.7,59.53,421.3,59.52,402.6,59.51,955.9,59.59,49.8,59.6,860.9,59.61,1282.3,59.62,768.7,59.63,1658.7
1700000515.5,1031,59.57,0.04000000000000625,59.55,599.2,59.59,3698.7,1626.7000000000003,7130.0,59.59,29.8,BUY,3,59.55,599.2,59.54,222.2,59.53,341.9,59.52,450.5,59.51,12.9,59.59,3698.7,59.6,10.8,59.61,141.2,59.62,1893.3,59.63,1386.0
1700000516.0,1032,59.57,0.04000000000000625,59.55,944.5,59.59,963.9,2187.7,2875.0,59.55,7.4,SELL,3,59.55,944.5,59.54,469.1,59.53,100.6,59.52,29.5,59.51,644.0,59.59,963.9,59.6,370.4,59.61,52.6,59.62,72.0,59.63,1416.1
1700000516.5,1033,59.57,0.060000000000002274,59.54,60.0,59.6,23.6,1995.8,3587.1,59.54,14.4,SELL,2,59.54,60.0,59.53,241.5,59.52,531.3,59.51,82.3,59.5,1080.7,59.6,23.6,59.61,211.4,59.62,937.6,59.63,335.6,59.64,2078.9
1700000517.0,1034,59.57,0.04000000000000625,59.55,159.9,59.59,57.7,1989.3000000000002,4520.5,59.59,5.9,BUY,2,59.55,159.9,59.54,860.1,59.53,179.9,59.52,331.0,59.51,458.4,59.59,57.7,59.6,1796.8,59.61,792.6,59.62,86.2,59.63,1787.2
1700000517.5,1035,59.57,0.04000000000000625,59.55,537.4,59.59,272.3,3819.3,5907.599999999999,59.59,5.0,BUY,2,59.55,537.4,59.54,506.3,59.53,1290.6,59.52,508.0,59.51,977.0,59.59,272.3,59.6,156.9,59.61,100.2,59.62,5146.9,59.63,231.3
1700000518.0,1036,59.57,0.04000000000000625,59.55,896.1,59.59,303.2,6345.9,2769.4,59.59,37.4,BUY,1,59.55,896.1,59.54,122.4,59.53,1887.0,59.52,2188.8,59.51,1251.6,59.59,303.2,59.6,207.0,59.61,918.4,59.62,290.4,59.63,1050.4
1700000518.5,1037,59.57,0.04000000000000625,59.55,116.4,59.59,131.8,3063.3999999999996,1984.8999999999999,59.55,140.8,SELL,3,59.55,116.4,59.54,876.5,59.53,965.9,59.52,502.9,59.51,601.7,59.59,131.8,59.6,264.2,59.61,131.9,59.62,1319.7,59.63,137.3
1700000519.0,1038,59.57,0.060000000000002274,59.54,1049.1,59.6,117.0,3978.5999999999995,3966.3,59.54,58.3,SELL,1,59.54,1049.1,59.53,251.1,59.52,1725.7,59.51,46.6,59.5,906.1,59.6,117.0,59.61,724.0,59.62,773.3,59.63,1905.7,59.64,446.3
1700000519.5,1039,59.57,0.060000000000002274,59.54,628.2,59.6,218.8,2579.8,1737.3000000000002,59.6,21.8,BUY,2,59.54,628.2,59.53,21.0,59.52,483.8,59.51,492.9,59.5,953.9,59.6,218.8,59.61,172.7,59.62,196.1,59.63,287.8,59.64,861.9
1700000520.0,1040,59.57,0.04000000000000625,59.55,51.7,59.59,277.4,3746.7,5104.300000000001,59.59,26.9,BUY,1,59.55,51.7,59.54,76.8,59.53,2814.7,59.52,460.9,59.51,342.6,59.59,277.4,59.6,1329.4,59.61,1425.5,59.62,1697.4,59.63,374.6
1700000520.5,1041,59.57,0.04000000000000625,59.55,429.4,59.59,133.0,1843.0,5274.4,59.55,38.8,SELL,3,59.55,429.4,59.54,865.2,59.53,34.2,59.52,37.2,59.51,477.0,59.59,133.0,59.6,1165.0,59.61,487.4,59.62,507.7,59.63,2981.3
1700000521.0,1042,59.57,0.04000000000000625,59.55,732.6,59.59,200.5,3055.3999999999996,6103.4,59.59,17.1,BUY,3,59.55,732.6,59.54,682.7,59.53,879.1,59.52,650.3,59.51,110.7,59.59,200.5,59.6,1796.4,59.61,23.0,59.62,772.3,59.63,3311.2
1700000521.5,1043,59.575,0.05000000000000426,59.55,29.0,59.6,1154.7,3080.7,2468.5,59.55,102.8,SELL,2,59.55,29.0,59.54,208.8,59.53,16.7,59.52,1433.9,59.51,1392.3,59.6,1154.7,59.61,362.0,59.62,53.0,59.63,333.0,59.64,565.8
1700000522.0,1044,59.575,0.05000000000000426,59.55,880.0,59.6,23.0,4109.799999999999,4501.700000000001,59.6,7.4,BUY,1,59.55,880.0,59.54,76.6,59.53,679.3,59.52,1078.8,59.51,1395.1,59.6,23.0,59.61,570.2,59.62,1297.4,59.63,1554.0,59.64,1057.1
1700000522.5,1045,59.57,0.04000000000000625,59.55,10.2,59.59,276.6,3668.5000000000005,3459.5,59.55,5.0,SELL,2,59.55,10.2,59.54,1513.9,59.53,1914.5,59.52,219.9,59.51,10.0,59.59,276.6,59.6,1273.9,59.61,470.0,59.62,379.7,59.63,1059.3
1700000523.0,1046,59.57,0.04000000000000625,59.55,652.2,59.59,1069.7,3040.3,3068.0999999999995,59.55,6.8,SELL,3,59.55,652.2,59.54,691.4,59.53,190.3,59.52,765.6,59.51,740.8,59.59,1069.7,59.6,457.9,59.61,634.3,59.62,59.6,59.63,846.6
1700000523.5,1047,59.565,0.05000000000000426,59.54,52.5,59.59,280.2,1588.6,3151.7999999999997,59.59,96.7,BUY,2,59.54,52.5,59.53,246.7,59.52,816.7,59.51,139.1,59.5,333.6,59.59,280.2,59.6,1196.1,59.61,289.4,59.62,535.2,59.63,850.9
1700000524.0,1048,59.565,0.05000000000000426,59.54,414.4,59.59,236.3,3401.7000000000003,3807.6000000000004,59.54,18.8,SELL,4,59.54,414.4,59.53,809.2,59.52,934.7,59.51,395.8,59.5,847.6,59.59,236.3,59.6,386.4,59.61,212.6,59.62,1198.5,59.63,1773.8
1700000524.5,1049,59.565,0.05000000000000426,59.54,89.5,59.59,1198.3,2965.7,6530.1,59.54,25.6,SELL,1,59.54,89.5,59.53,1982.7,59.52,159.3,59.51,681.2,59.5,53.0,59.59,1198.3,59.6,193.3,59.61,1872.0,59.62,238.5,59.63,3028.0
1700000525.0,1050,59.565,0.05000000000000426,59.54,512.1,59.59,677.6,11182.5,4166.0,59.59,12.7,BUY,5,59.54,512.1,59.53,331.7,59.52,1495.2,59.51,1515.5,59.5,7328.0,59.59,677.6,59.6,473.9,59.61,1332.8,59.62,1534.4,59.63,147.3
1700000525.5,1051,59.565,0.05000000000000426,59.54,292.1,59.59,93.6,4239.3,12004.9,59.59,198.5,BUY,2,59.54,292.1,59.53,571.9,59.52,2848.0,59.51,171.7,59.5,355.6,59.59,93.6,59.6,44.7,59.61,425.5,59.62,544.5,59.63,10896.6
1700000526.0,1052,59.55,0.05999999999999517,59.52,1665.7,59.58,1017.0,10354.599999999999,4129.5,59.52,16.0,SELL,2,59.52,1665.7,59.51,2390.7,59.5,1509.3,59.49,637.2,59.48,4151.7,59.58,1017.0,59.59,445.1,59.6,1661.8,59.61,880.9,59.62,124.7
1700000526.5,1053,62.475,0.04999999999999716,62.45,242.6,62.5,257.7,4481.900000000001,3815.5,62.5,96.6,BUY,1,62.45,242.6,62.44,1553.2,62.43,298.6,62.42,949.7,62.41,1437.8,62.5,257.7,62.51,1190.9,62.52,326.2,62.53,985.0,62.54,1055.7
1700000527.0,1054,62.475,0.04999999999999716,62.45,1060.2,62.5,628.8,3547.6,2607.6,62.5,23.6,BUY,2,62.45,1060.2,62.44,101.2,62.43,53.5,62.42,42.6,62.41,2290.1,62.5,628.8,62.51,10.0,62.52,827.9,62.53,701.6,62.54,439.3
1700000527.5,1055,62.47,0.03999999999999915,62.45,534.5,62.49,61.9,1708.2,6574.0,62.45,33.8,SELL,3,62.45,534.5,62.44,61.1,62.43,369.7,62.42,355.7,62.41,387.2,62.49,61.9,62.5,1454.7,62.51,345.0,62.52,2058.4,62.53,2654.0
1700000528.0,1056,62.47,0.03999999999999915,62.45,304.1,62.49,1007.3,3649.4,7853.7,62.49,42.3,BUY,1,62.45,304.1,62.44,545.9,62.43,2198.0,62.42,110.3,62.41,491.1,62.49,1007.3,62.5,1827.2,62.51,677.3,62.52,2172.1,62.53,2169.8
1700000528.5,1057,62.480000000000004,0.05999999999999517,62.45,297.7,62.51,1288.6,8676.8,4925.900000000001,62.51,5.0,BUY,1,62.45,297.7,62.44,1857.1,62.43,1629.8,62.42,1557.9,62.41,3334.3,62.51,1288.6,62.52,1245.7,62.53,749.4,62.54,1392.0,62.55,250.2
1700000529.0,1058,62.475,0.04999999999999716,62.45,71.4,62.5,73.1,5148.4,4301.7,62.5,34.6,BUY,1,62.45,71.4,62.44,116.3,62.43,1512.8,62.42,1366.0,62.41,2081.9,62.5,73.1,62.51,10.0,62.52,140.6,62.53,3896.8,62.54,181.2
1700000529.5,1059,62.495000000000005,0.05000000000000426,62.47,93.9,62.52,913.5,1974.4,5147.6,62.495000000000005,0.0,BUY,0,62.47,93.9,62.46,324.5,62.45,128.1,62.44,763.8,62.43,664.1,62.52,913.5,62.53,671.7,62.54,73.1,62.55,244.0,62.56,3245.3
1700000530.0,1060,62.495000000000005,0.05000000000000426,62.47,131.9,62.52,1324.9,1467.5,3297.3,62.52,7.5,BUY,2,62.47,131.9,62.46,481.3,62.45,721.2,62.44,123.1,62.43,10.0,62.52,1324.9,62.53,772.9,62.54,229.6,62.55,10.0,62.56,959.9
1700000530.5,1061,62.489999999999995,0.03999999999999915,62.47,323.8,62.51,581.0,3824.7000000000003,5013.2,62.51,7.1,BUY,1,62.47,323.8,62.46,1828.7,62.45,417.8,62.44,875.6,62.43,378.8,62.51,581.0,62.52,658.4,62.53,1850.0,62.54,1100.1,62.55,823.7
1700000531.0,1062,62.495000000000005,0.05000000000000426,62.47,352.8,62.52,174.3,6268.6,3101.5,62.52,42.5,BUY,1,62.47,352.8,62.46,1910.0,62.45,554.9,62.44,888.5,62.43,2562.4,62.52,174.3,62.53,1461.5,62.54,853.8,62.55,245.0,62.56,366.9
1700000531.5,1063,62.5,0.04000000000000625,62.48,321.0,62.52,13.6,4175.7,5152.2,62.48,9.8,SELL,2,62.48,321.0,62.47,157.0,62.46,2930.6,62.45,104.9,62.44,662.2,62.52,13.6,62.53,2876.1,62.54,1164.6,62.55,298.2,62.56,799.7
1700000532.0,1064,62.5,0.060000000000002274,62.47,1087.1,62.53,1009.0,6241.799999999999,3233.8999999999996,62.47,58.8,SELL,2,62.47,1087.1,62.46,10.0,62.45,271.8,62.44,3054.2,62.43,1818.7,62.53,1009.0,62.54,573.0,62.55,425.4,62.56,1019.8,62.57,206.7
1700000532.5,1065,62.49,0.060000000000002274,62.46,311.4,62.52,211.1,4385.5,3710.2,62.49,0.0,BUY,0,62.46,311.4,62.45,248.5,62.44,1130.2,62.43,1522.7,62.42,1172.7,62.52,211.1,62.53,879.7,62.54,159.4,62.55,1431.7,62.56,1028.3
1700000533.0,1066,62.5,0.060000000000002274,62.47,259.8,62.53,662.9,3741.6000000000004,4025.6,62.47,26.2,SELL,1,62.47,259.8,62.46,602.5,62.45,587.7,62.44,300.4,62.43,1991.2,62.53,662.9,62.54,1033.1,62.55,1860.6,62.56,296.8,62.57,172.2
1700000533.5,1067,62.489999999999995,0.03999999999999915,62.47,73.5,62.51,104.5,2078.7,707.9,62.47,51.0,SELL,1,62.47,73.5,62.46,1005.4,62.45,727.1,62.44,262.7,62.43,10.0,62.51,104.5,62.52,105.8,62.53,86.6,62.54,89.0,62.55,322.0
1700000534.0,1068,62.495000000000005,0.05000000000000426,62.47,202.0,62.52,162.7,8072.7,2180.5,62.47,169.2,SELL,1,62.47,202.0,62.46,205.3,62.45,2038.3,62.44,3993.3,62.43,1633.8,62.52,162.7,62.53,147.1,62.54,76.6,62.55,1392.2,62.56,401.9
1700000534.5,1069,62.495000000000005,0.05000000000000426,62.47,1349.8,62.52,245.0,3873.6,4228.3,62.47,32.3,SELL,4,62.47,1349.8,62.46,621.6,62.45,397.6,62.44,1075.7,62.43,428.9,62.52,245.0,62.53,1669.0,62.54,834.3,62.55,1086.0,62.56,394.0
1700000535.0,1070,62.495000000000005,0.05000000000000426,62.47,763.2,62.52,223.5,6443.6,2410.2999999999997,62.495000000000005,0.0,BUY,0,62.47,763.2,62.46,125.9,62.45,1401.8,62.44,767.4,62.43,3385.3,62.52,223.5,62.53,997.3,62.54,10.0,62.55,478.9,62.56,700.6
1700000535.5,1071,62.495000000000005,0.05000000000000426,62.47,558.6,62.52,179.9,7957.2,3110.5999999999995,62.47,8.9,SELL,2,62.47,558.6,62.46,463.6,62.45,1749.2,62.44,402.1,62.43,4783.7,62.52,179.9,62.53,467.0,62.54,872.8,62.55,708.7,62.56,882.2
1700000536.0,1072,61.935,0.05000000000000426,61.91,430.1,61.96,138.9,5675.2,4675.0,61.91,12.2,SELL,1,61.91,430.1,61.9,185.9,61.89,763.3,61.88,637.8,61.87,3658.1,61.96,138.9,61.97,1452.3,61.98,367.1,61.99,1409.5,62.0,1307.2
1700000536.5,1073,61.935,0.05000000000000426,61.91,403.9,61.96,982.8,2534.4,8103.599999999999,61.96,26.3,BUY,1,61.91,403.9,61.9,92.3,61.89,662.8,61.88,860.9,61.87,514.5,61.96,982.8,61.97,1013.0,61.98,891.7,61.99,384.2,62.0,4831.9
1700000537.0,1074,61.93,0.060000000000002274,61.9,240.3,61.96,695.3,2375.8,5437.0,61.96,9.1,BUY,1,61.9,240.3,61.89,270.6,61.88,241.4,61.87,21.8,61.86,1601.7,61.96,695.3,61.97,426.0,61.98,1816.2,61.99,2219.3,62.0,280.2
1700000537.5,1075,61.93,0.04000000000000625,61.91,1251.1,61.95,140.1,4172.6,3384.1,61.95,16.4,BUY,3,61.91,1251.1,61.9,1134.8,61.89,1029.3,61.88,684.1,61.87,73.3,61.95,140.1,61.96,403.7,61.97,383.9,61.98,990.0,61.99,1466.4
1700000538.0,1076,61.93,0.04000000000000625,61.91,231.1,61.95,636.6,3887.1,4000.1,61.91,15.6,SELL,1,61.91,231.1,61.9,329.5,61.89,59.5,61.88,715.8,61.87,2551.2,61.95,636.6,61.96,526.3,61.97,2109.2,61.98,403.9,61.99,324.1
1700000538.5,1077,61.93,0.04000000000000625,61.91,235.4,61.95,669.5,4250.1,6736.3,61.91,6.8,SELL,1,61.91,235.4,61.9,172.1,61.89,222.7,61.88,1899.6,61.87,1720.3,61.95,669.5,61.96,3634.5,61.97,424.8,61.98,714.0,61.99,1293.5
1700000539.0,1078,61.92,0.03999999999999915,61.9,1625.4,61.94,360.2,6240.6,2094.4,61.9,40.3,SELL,1,61.9,1625.4,61.89,57.1,61.88,1151.5,61.87,2689.8,61.86,716.8,61.94,360.2,61.95,284.6,61.96,690.8,61.97,269.9,61.98,488.9
1700000539.5,1079,61.92,0.03999999999999915,61.9,2126.2,61.94,1091.6,7703.1,2803.2999999999997,61.92,0.0,BUY,0,61.9,2126.2,61.89,1330.0,61.88,868.4,61.87,635.1,61.86,2743.4,61.94,1091.6,61.95,496.9,61.96,464.7,61.97,94.6,61.98,655.5
1700000540.0,1080,61.925,0.05000000000000426,61.9,587.6,61.95,54.6,1668.6,3536.7,61.925,0.0,BUY,0,61.9,587.6,61.89,234.2,61.88,228.9,61.87,113.1,61.86,504.8,61.95,54.6,61.96,555.0,61.97,1565.3,61.98,1333.3,61.99,28.5
1700000540.5,1081,61.905,0.04999999999999716,61.88,1379.4,61.93,214.1,6676.6,2227.2999999999997,61.93,46.7,BUY,4,61.88,1379.4,61.87,1359.7,61.86,431.8,61.85,998.7,61.84,2507.0,61.93,214.1,61.94,396.2,61.95,70.6,61.96,1134.2,61.97,412.2
1700000541.0,1082,61.905,0.04999999999999716,61.88,210.6,61.93,42.3,2333.0,2782.3999999999996,61.93,19.3,BUY,1,61.88,210.6,61.87,247.1,61.86,239.2,61.85,754.8,61.84,881.3,61.93,42.3,61.94,1313.0,61.95,366.9,61.96,764.1,61.97,296.1
1700000541.5,1083,61.900000000000006,0.03999999999999915,61.88,42.3,61.92,239.0,6846.8,2042.0,61.92,22.1,BUY,2,61.88,42.3,61.87,1316.3,61.86,107.4,61.85,5033.3,61.84,347.5,61.92,239.0,61.93,174.4,61.94,52.1,61.95,363.7,61.96,1212.8
1700000542.0,1084,61.900000000000006,0.03999999999999915,61.88,264.1,61.92,276.8,6210.700000000001,3250.6000000000004,61.92,11.2,BUY,2,61.88,264.1,61.87,1508.0,61.86,1614.7,61.85,670.3,61.84,2153.6,61.92,276.8,61.93,821.9,61.94,823.7,61.95,832.2,61.96,496.0
1700000542.5,1085,61.900000000000006,0.03999999999999915,61.88,251.2,61.92,66.8,3086.1,3309.0,61.900000000000006,0.0,BUY,0,61.88,251.2,61.87,831.9,61.86,275.7,61.85,330.3,61.84,1397.0,61.92,66.8,61.93,1299.5,61.94,916.9,61.95,677.3,61.96,348.5
1700000543.0,1086,61.900000000000006,0.03999999999999915,61.88,1036.7,61.92,277.9,4144.8,3208.8999999999996,61.92,35.6,BUY,1,61.88,1036.7,61.87,1969.5,61.86,272.6,61.85,46.8,61.84,819.2,61.92,277.9,61.93,42.6,61.94,418.0,61.95,217.2,61.96,2253.2
1700000543.5,1087,61.900000000000006,0.03999999999999915,61.88,336.3,61.92,386.8,1198.8000000000002,3733.7,61.900000000000006,0.0,BUY,0,61.88,336.3,61.87,566.4,61.86,83.6,61.85,137.1,61.84,75.4,61.92,386.8,61.93,1290.6,61.94,540.4,61.95,227.7,61.96,1288.2
1700000544.0,1088,61.900000000000006,0.03999999999999915,61.88,10.3,61.92,10.0,2689.1,4831.6,61.92,52.4,BUY,1,61.88,10.3,61.87,1099.0,61.86,969.9,61.85,109.0,61.84,500.9,61.92,10.0,61.93,555.3,61.94,122.6,61.95,1328.2,61.96,2815.5
1700000544.5,1089,61.900000000000006,0.03999999999999915,61.88,464.5,61.92,396.8,3940.2000000000003,2488.1000000000004,61.88,8.3,SELL,1,61.88,464.5,61.87,10.0,61.86,753.8,61.85,2314.3,61.84,397.6,61.92,396.8,61.93,429.8,61.94,151.0,61.95,978.3,61.96,532.2
1700000545.0,1090,61.89,0.060000000000002274,61.86,2241.2,61.92,586.6,3609.2,4701.7,61.86,5.0,SELL,1,61.86,2241.2,61.85,455.9,61.84,81.5,61.83,49.8,61.82,780.8,61.92,586.6,61.93,279.2,61.94,1286.8,61.95,1567.2,61.96,981.9
1700000545.5,1091,61.89,0.03999999999999915,61.87,1050.5,61.91,568.5,3315.7,2403.8,61.89,0.0,BUY,0,61.87,1050.5,61.86,19.9,61.85,440.1,61.84,609.2,61.83,1196.0,61.91,568.5,61.92,415.9,61.93,145.2,61.94,593.4,61.95,680.8
1700000546.0,1092,61.89,0.03999999999999915,61.87,352.6,61.91,544.6,2082.2999999999997,1867.9,61.91,65.1,BUY,3,61.87,352.6,61.86,190.0,61.85,1135.1,61.84,279.5,61.83,125.1,61.91,544.6,61.92,540.8,61.93,69.8,61.94,255.3,61.95,457.4
1700000546.5,1093,61.885,0.04999999999999716,61.86,128.8,61.91,915.0,6204.5,4025.5,61.91,91.8,BUY,3,61.86,128.8,61.85,772.5,61.84,2118.5,61.83,2141.0,61.82,1043.7,61.91,915.0,61.92,734.6,61.93,930.0,61.94,14.7,61.95,1431.2
1700000547.0,1094,61.885,0.04999999999999716,61.86,302.3,61.91,40.3,3191.3,5348.5,61.86,55.1,SELL,1,61.86,302.3,61.85,959.3,61.84,413.5,61.83,1405.2,61.82,111.0,61.91,40.3,61.92,213.5,61.93,1489.4,61.94,1071.7,61.95,2533.6
1700000547.5,1095,61.885,0.04999999999999716,61.86,511.9,61.91,750.7,5969.1,6036.5,61.86,32.4,SELL,1,61.86,511.9,61.85,1911.3,61.84,1051.9,61.83,100.4,61.82,2393.6,61.91,750.7,61.92,837.4,61.93,798.5,61.94,2310.4,61.95,1339.5
1700000548.0,1096,61.879999999999995,0.05999999999999517,61.85,238.2,61.91,717.6,4629.2,5166.1,61.91,7.0,BUY,1,61.85,238.2,61.84,2473.0,61.83,1510.0,61.82,27.5,61.81,380.5,61.91,717.6,61.92,82.1,61.93,80.0,61.94,339.3,61.95,3947.1
1700000548.5,1097,61.885,0.04999999999999716,61.86,113.5,61.91,403.7,4391.0,6991.5,61.86,5.0,SELL,4,61.86,113.5,61.85,635.7,61.84,294.9,61.83,1406.6,61.82,1940.3,61.91,403.7,61.92,2836.8,61.93,634.4,61.94,1586.3,61.95,1530.3
1700000549.0,1098,64.315,0.04999999999999716,64.29,129.1,64.34,153.8,5588.7,3794.0,64.29,14.1,SELL,2,64.29,129.1,64.28,133.8,64.27,535.8,64.26,1199.0,64.25,3591.0,64.34,153.8,64.35,332.9,64.36,474.9,64.37,1064.8,64.38,1767.6
1700000549.5,1099,64.32,0.04000000000000625,64.3,29.3,64.34,160.5,1353.8,6193.8,64.34,57.8,BUY,1,64.3,29.3,64.29,348.5,64.28,433.4,64.27,139.8,64.26,402.8,64.34,160.5,64.35,677.6,64.36,3884.0,64.37,1433.3,64.38,38.4
1700000550.0,1100,64.315,0.04999999999999716,64.29,983.8,64.34,40.8,4974.3,2985.2,64.34,45.8,BUY,1,64.29,983.8,64.28,1637.0,64.27,290.3,64.26,537.1,64.25,1526.1,64.34,40.8,64.35,180.0,64.36,973.7,64.37,763.6,64.38,1027.1
1700000550.5,1101,64.315,0.04999999999999716,64.29,67.2,64.34,334.9,2113.4,1748.6000000000001,64.29,78.0,SELL,1,64.29,67.2,64.28,49.8,64.27,149.5,64.26,131.6,64.25,1715.3,64.34,334.9,64.35,157.7,64.36,371.8,64.37,865.5,64.38,18.7
1700000551.0,1102,64.31,0.060000000000002274,64.28,76.8,64.34,356.6,1596.8,1961.6,64.34,167.9,BUY,1,64.28,76.8,64.27,706.7,64.26,284.3,64.25,350.3,64.24,178.7,64.34,356.6,64.35,298.9,64.36,200.0,64.37,610.6,64.38,495.5
1700000551.5,1103,64.3,0.060000000000002274,64.27,334.8,64.33,41.9,4786.599999999999,3304.3999999999996,64.27,73.8,SELL,1,64.27,334.8,64.26,1207.8,64.25,1652.3,64.24,1466.4,64.23,125.3,64.33,41.9,64.34,220.9,64.35,23.8,64.36,2510.2,64.37,507.6
1700000552.0,1104,64.3,0.060000000000002274,64.27,10.0,64.33,1481.6,3593.4000000000005,11085.9,64.27,38.9,SELL,6,64.27,10.0,64.26,388.6,64.25,1669.2,64.24,270.4,64.23,1255.2,64.33,1481.6,64.34,2634.7,64.35,2852.5,64.36,3172.1,64.37,945.0
1700000552.5,1105,64.3,0.060000000000002274,64.27,46.2,64.33,1786.6,1409.2,3656.1,64.27,18.5,SELL,1,64.27,46.2,64.26,1026.7,64.25,38.9,64.24,180.1,64.23,117.3,64.33,1786.6,64.34,186.9,64.35,486.1,64.36,547.9,64.37,648.6
1700000553.0,1106,64.3,0.060000000000002274,64.27,1905.8,64.33,180.8,4532.4,4639.4,64.33,8.1,BUY,5,64.27,1905.8,64.26,231.6,64.25,1440.5,64.24,316.7,64.23,637.8,64.33,180.8,64.34,725.3,64.35,699.1,64.36,816.0,64.37,2218.2
1700000553.5,1107,64.3,0.060000000000002274,64.27,263.7,64.33,322.3,3976.8,3709.3,64.3,0.0,BUY,0,64.27,263.7,64.26,408.1,64.25,1586.2,64.24,415.4,64.23,1303.4,64.33,322.3,64.34,373.9,64.35,365.2,64.36,1399.7,64.37,1248.2
1700000554.0,1108,64.29499999999999,0.04999999999999716,64.27,771.2,64.32,69.0,5511.6,2238.2,64.27,7.0,SELL,2,64.27,771.2,64.26,1010.1,64.25,293.9,64.24,991.8,64.23,2444.6,64.32,69.0,64.33,1215.7,64.34,310.4,64.35,159.6,64.36,483.5
1700000554.5,1109,64.29499999999999,0.04999999999999716,64.27,87.0,64.32,196.8,3298.1,3126.3,64.29499999999999,0.0,BUY,0,64.27,87.0,64.26,820.3,64.25,155.2,64.24,1128.2,64.23,1107.4,64.32,196.8,64.33,146.0,64.34,1065.7,64.35,172.7,64.36,1545.1
1700000555.0,1110,64.28999999999999,0.04000000000000625,64.27,608.6,64.31,1364.6,1740.6000000000001,4946.599999999999,64.27,52.7,SELL,1,64.27,608.6,64.26,96.1,64.25,226.2,64.24,382.0,64.23,427.7,64.31,1364.6,64.32,1781.6,64.33,527.6,64.34,292.5,64.35,980.3
1700000555.5,1111,64.28999999999999,0.05999999999998806,64.26,866.2,64.32,52.9,4974.2,4636.6,64.32,37.1,BUY,1,64.26,866.2,64.25,630.1,64.24,1118.2,64.23,2340.3,64.22,19.4,64.32,52.9,64.33,486.2,64.34,285.1,64.35,3471.6,64.36,340.8
1700000556.0,1112,64.3,0.060000000000002274,64.27,115.6,64.33,766.7,1990.9999999999998,1959.3,64.27,8.5,SELL,4,64.27,115.6,64.26,123.7,64.25,218.6,64.24,889.3,64.23,643.8,64.33,766.7,64.34,79.0,64.35,169.7,64.36,260.1,64.37,683.8
1700000556.5,1113,64.3,0.03999999999999204,64.28,250.9,64.32,142.3,4790.900000000001,2515.0,64.32,47.8,BUY,1,64.28,250.9,64.27,242.3,64.26,1200.7,64.25,2098.9,64.24,998.1,64.32,142.3,64.33,307.4,64.34,364.0,64.35,993.3,64.36,708.0
1700000557.0,1114,64.31,0.060000000000002274,64.28,341.1,64.34,22.0,5856.400000000001,3947.9,64.28,96.0,SELL,2,64.28,341.1,64.27,464.1,64.26,1234.0,64.25,2805.4,64.24,1011.8,64.34,22.0,64.35,322.5,64.36,371.0,64.37,1495.4,64.38,1737.0
1700000557.5,1115,64.31,0.060000000000002274,64.28,111.6,64.34,202.9,2122.7,1711.2,64.28,34.4,SELL,1,64.28,111.6,64.27,959.6,64.26,18.7,64.25,76.8,64.24,956.0,64.34,202.9,64.35,938.7,64.36,267.8,64.37,225.7,64.38,76.1
1700000558.0,1116,64.31,0.060000000000002274,64.28,1307.2,64.34,81.5,6583.7,2258.7,64.28,12.1,SELL,2,64.28,1307.2,64.27,360.9,64.26,1445.9,64.25,2770.7,64.24,699.0,64.34,81.5,64.35,503.8,64.36,1385.2,64.37,23.1,64.38,265.1
1700000558.5,1117,64.31,0.060000000000002274,64.28,1531.7,64.34,1224.2,4560.0,2655.2,64.34,14.5,BUY,1,64.28,1531.7,64.27,134.3,64.26,557.6,64.25,125.2,64.24,2211.2,64.34,1224.2,64.35,201.7,64.36,270.9,64.37,643.2,64.38,315.2
1700000559.0,1118,64.31,0.060000000000002274,64.28,34.7,64.34,593.9,1503.0,4197.599999999999,64.34,114.5,BUY,4,64.28,34.7,64.27,274.0,64.26,749.6,64.25,155.3,64.24,289.4,64.34,593.9,64.35,637.3,64.36,1335.1,64.37,1581.6,64.38,49.7
1700000559.5,1119,64.31,0.060000000000002274,64.28,327.6,64.34,564.0,2495.8999999999996,6047.2,64.34,29.5,BUY,1,64.28,327.6,64.27,69.6,64.26,113.7,64.25,438.4,64.24,1546.6,64.34,564.0,64.35,1756.1,64.36,1609.2,64.37,2034.6,64.38,83.3
1700000560.0,1120,64.315,0.04999999999999716,64.29,62.0,64.34,10.0,2311.6,1955.9,64.29,37.7,SELL,1,64.29,62.0,64.28,794.3,64.27,95.4,64.26,954.4,64.25,405.5,64.34,10.0,64.35,539.0,64.36,36.3,64.37,936.0,64.38,434.6
1700000560.5,1121,64.315,0.04999999999999716,64.29,130.2,64.34,473.4,2255.1,2285.4999999999995,64.34,20.4,BUY,1,64.29,130.2,64.28,96.3,64.27,196.8,64.26,1463.8,64.25,368.0,64.34,473.4,64.35,10.0,64.36,801.3,64.37,889.6,64.38,111.2
1700000561.0,1122,64.32,0.05999999999998806,64.29,746.8,64.35,318.2,5886.099999999999,3759.7,64.32,0.0,BUY,0,64.29,746.8,64.28,1243.1,64.27,2122.5,64.26,654.5,64.25,1119.2,64.35,318.2,64.36,289.5,64.37,441.5,64.38,1591.5,64.39,1119.0
1700000561.5,1123,64.31,0.060000000000002274,64.28,170.0,64.34,629.2,3637.6,2512.2999999999997,64.31,0.0,BUY,0,64.28,170.0,64.27,232.0,64.26,1931.3,64.25,1056.1,64.24,248.2,64.34,629.2,64.35,45.4,64.36,1409.0,64.37,112.6,64.38,316.1
1700000562.0,1124,64.31,0.03999999999999204,64.29,495.1,64.33,662.5,2564.3999999999996,4438.1,64.29,69.2,SELL,1,64.29,495.1,64.28,222.7,64.27,740.0,64.26,352.8,64.25,753.8,64.33,662.5,64.34,1557.3,64.35,554.9,64.36,980.3,64.37,683.1
1700000562.5,1125,64.31,0.060000000000002274,64.28,643.5,64.34,331.1,3913.6,2371.7,64.28,133.6,SELL,2,64.28,643.5,64.27,438.3,64.26,148.2,64.25,1516.7,64.24,1166.9,64.34,331.1,64.35,398.0,64.36,671.7,64.37,812.7,64.38,158.2
1700000563.0,1126,64.31,0.060000000000002274,64.28,879.4,64.34,434.8,5355.799999999999,4946.799999999999,64.28,28.1,SELL,2,64.28,879.4,64.27,185.4,64.26,2391.1,64.25,818.5,64.24,1081.4,64.34,434.8,64.35,24.8,64.36,336.0,64.37,1025.0,64.38,3126.2
1700000563.5,1127,64.31,0.060000000000002274,64.28,317.2,64.34,103.2,3546.9000000000005,962.4,64.28,31.6,SELL,1,64.28,317.2,64.27,1775.8,64.26,364.9,64.25,663.7,64.24,425.3,64.34,103.2,64.35,82.7,64.36,113.3,64.37,105.4,64.38,557.8
1700000564.0,1128,64.31,0.060000000000002274,64.28,1744.8,64.34,482.8,4176.1,2440.7000000000003,64.31,0.0,BUY,0,64.28,1744.8,64.27,453.6,64.26,165.4,64.25,842.3,64.24,970.0,64.34,482.8,64.35,208.5,64.36,889.8,64.37,657.7,64.38,201.9
1700000564.5,1129,64.31,0.060000000000002274,64.28,373.1,64.34,33.9,3150.0,2861.2000000000003,64.31,0.0,BUY,0,64.28,373.1,64.27,1830.3,64.26,45.7,64.25,806.9,64.24,94.0,64.34,33.9,64.35,297.5,64.36,1343.9,64.37,764.1,64.38,421.8
1700000565.0,1130,64.31,0.060000000000002274,64.28,10.9,64.34,473.0,6963.1,3295.2000000000003,64.28,5.0,SELL,3,64.28,10.9,64.27,612.0,64.26,1880.5,64.25,1023.7,64.24,3436.0,64.34,473.0,64.35,52.0,64.36,1177.0,64.37,1113.9,64.38,479.3
1700000565.5,1131,64.31,0.060000000000002274,64.28,1245.3,64.34,172.1,3958.9,2592.2000000000003,64.34,47.8,BUY,2,64.28,1245.3,64.27,878.0,64.26,207.7,64.25,1217.1,64.24,410.8,64.34,172.1,64.35,726.8,64.36,491.4,64.37,1178.0,64.38,23.9
1700000566.0,1132,64.31,0.060000000000002274,64.28,311.4,64.34,1269.7,6035.0,6019.6,64.31,0.0,BUY,0,64.28,311.4,64.27,2703.8,64.26,285.2,64.25,2010.0,64.24,724.6,64.34,1269.7,64.35,128.1,64.36,361.4,64.37,3630.4,64.38,630.0
1700000566.5,1133,68.78,0.060000000000002274,68.75,14.3,68.81,82.6,2513.7000000000003,2943.7999999999997,68.81,7.3,BUY,2,68.75,14.3,68.74,431.9,68.73,1121.4,68.72,767.7,68.71,178.4,68.81,82.6,68.82,226.3,68.83,36.0,68.84,114.3,68.85,2484.6
1700000567.0,1134,68.78,0.060000000000002274,68.75,45.2,68.81,470.1,2058.4,2194.5,68.75,59.6,SELL,5,68.75,45.2,68.74,121.2,68.73,602.7,68.72,543.3,68.71,746.0,68.81,470.1,68.82,113.6,68.83,460.2,68.84,536.0,68.85,614.6
1700000567.5,1135,68.78,0.060000000000002274,68.75,153.2,68.81,195.7,2376.4,6301.1,68.78,0.0,BUY,0,68.75,153.2,68.74,586.1,68.73,135.0,68.72,1431.3,68.71,70.8,68.81,195.7,68.82,771.2,68.83,213.2,68.84,1351.4,68.85,3769.6
1700000568.0,1136,68.78,0.060000000000002274,68.75,2910.1,68.81,98.3,5675.700000000001,4969.5,68.78,0.0,BUY,0,68.75,2910.1,68.74,924.7,68.73,514.2,68.72,1128.6,68.71,198.1,68.81,98.3,68.82,252.8,68.83,2879.7,68.84,1592.6,68.85,146.1
1700000568.5,1137,68.77,0.060000000000002274,68.74,19.3,68.8,105.4,2300.6,2787.5,68.8,62.9,BUY,3,68.74,19.3,68.73,1239.5,68.72,13.3,68.71,797.1,68.7,231.4,68.8,105.4,68.81,151.8,68.82,638.3,68.83,161.7,68.84,1730.3
1700000569.0,1138,68.77,0.060000000000002274,68.74,118.9,68.8,458.5,2977.6,1295.1000000000001,68.74,36.2,SELL,2,68.74,118.9,68.73,216.8,68.72,1832.7,68.71,598.8,68.7,210.4,68.8,458.5,68.81,272.5,68.82,23.1,68.83,489.3,68.84,51.7
1700000569.5,1139,68.77,0.060000000000002274,68.74,307.9,68.8,49.0,2709.1,4082.8999999999996,68.77,0.0,BUY,0,68.74,307.9,68.73,201.3,68.72,905.5,68.71,879.0,68.7,415.4,68.8,49.0,68.81,270.4,68.82,922.7,68.83,999.0,68.84,1841.8
1700000570.0,1140,68.77,0.060000000000002274,68.74,107.4,68.8,66.3,2162.2,1899.7,68.74,23.9,SELL,3,68.74,107.4,68.73,385.8,68.72,952.8,68.71,121.1,68.7,595.1,68.8,66.3,68.81,42.0,68.82,141.6,68.83,540.1,68.84,1109.7
1700000570.5,1141,68.76,0.060000000000002274,68.73,895.7,68.79,22.0,4778.2,7838.099999999999,68.73,95.5,SELL,3,68.73,895.7,68.72,152.2,68.71,1236.6,68.7,2233.9,68.69,259.8,68.79,22.0,68.8,211.5,68.81,1826.2,68.82,4470.2,68.83,1308.2
1700000571.0,1142,68.76,0.060000000000002274,68.73,687.5,68.79,342.0,2800.0,2371.6000000000004,68.73,28.7,SELL,1,68.73,687.5,68.72,1096.2,68.71,384.7,68.7,156.0,68.69,475.6,68.79,342.0,68.8,706.7,68.81,10.0,68.82,1302.9,68.83,10.0
1700000571.5,1143,68.75999999999999,0.04000000000000625,68.74,409.3,68.78,1342.0,3691.5,3728.7,68.78,86.8,BUY,3,68.74,409.3,68.73,676.0,68.72,1220.1,68.71,739.4,68.7,646.7,68.78,1342.0,68.79,1087.2,68.8,45.2,68.81,456.6,68.82,797.7
1700000572.0,1144,68.77,0.060000000000002274,68.74,679.8,68.8,974.4,2205.2999999999997,4591.9,68.8,5.0,BUY,1,68.74,679.8,68.73,10.0,68.72,245.5,68.71,1161.8,68.7,108.2,68.8,974.4,68.81,732.5,68.82,1046.3,68.83,1643.2,68.84,195.5
1700000572.5,1145,68.77,0.060000000000002274,68.74,547.7,68.8,756.9,3920.5,3614.8,68.8,104.3,BUY,3,68.74,547.7,68.73,443.0,68.72,990.4,68.71,560.2,68.7,1379.2,68.8,756.9,68.81,400.0,68.82,586.5,68.83,1635.1,68.84,236.3
1700000573.0,1146,68.77,0.060000000000002274,68.74,283.0,68.8,185.5,5435.9,4641.4,68.8,152.7,BUY,3,68.74,283.0,68.73,351.8,68.72,1800.3,68.71,942.2,68.7,2058.6,68.8,185.5,68.81,979.4,68.82,919.3,68.83,43.2,68.84,2514.0
1700000573.5,1147,68.77,0.060000000000002274,68.74,130.6,68.8,255.6,6896.9,6434.6,68.77,0.0,BUY,0,68.74,130.6,68.73,96.3,68.72,1642.0,68.71,186.8,68.7,4841.2,68.8,255.6,68.81,2260.3,68.82,252.3,68.83,2442.1,68.84,1224.3
1700000574.0,1148,68.78,0.060000000000002274,68.75,595.2,68.81,382.6,5162.0,4228.4,68.75,12.7,SELL,1,68.75,595.2,68.74,589.8,68.73,52.6,68.72,1937.7,68.71,1986.7,68.81,382.6,68.82,50.1,68.83,231.2,68.84,3445.1,68.85,119.4
1700000574.5,1149,68.79499999999999,0.04999999999999716,68.77,186.8,68.82,823.8,2814.1000000000004,2913.3999999999996,68.77,18.5,SELL,3,68.77,186.8,68.76,943.9,68.75,69.2,68.74,474.3,68.73,1139.9,68.82,823.8,68.83,1542.8,68.84,353.7,68.85,10.0,68.86,183.1
1700000575.0,1150,68.8,0.060000000000002274,68.77,433.3,68.83,572.9,2391.0,3010.7999999999997,68.83,45.7,BUY,3,68.77,433.3,68.76,538.7,68.75,10.0,68.74,56.4,68.73,1352.6,68.83,572.9,68.84,592.0,68.85,823.6,68.86,833.2,68.87,189.1
1700000575.5,1151,69.71000000000001,0.05999999999998806,69.68,158.6,69.74,405.4,1489.6000000000001,4244.1,69.68,36.7,SELL,3,69.68,158.6,69.67,831.2,69.66,122.3,69.65,341.7,69.64,35.8,69.74,405.4,69.75,425.0,69.76,402.5,69.77,687.3,69.78,2323.9
1700000576.0,1152,69.70500000000001,0.04999999999999716,69.68,717.5,69.73,239.1,4178.9,2489.3999999999996,69.68,55.1,SELL,1,69.68,717.5,69.67,96.0,69.66,2239.1,69.65,614.6,69.64,511.7,69.73,239.1,69.74,933.1,69.75,689.4,69.76,270.1,69.77,357.7
1700000576.5,1153,69.70500000000001,0.04999999999999716,69.68,606.8,69.73,196.3,1763.3,2000.9,69.73,115.4,BUY,1,69.68,606.8,69.67,152.3,69.66,481.9,69.65,414.2,69.64,108.1,69.73,196.3,69.74,10.0,69.75,827.2,69.76,74.7,69.77,892.7
1700000577.0,1154,69.71000000000001,0.04000000000000625,69.69,10.0,69.73,2462.6,6899.0,4425.099999999999,69.69,5.0,SELL,1,69.69,10.0,69.68,1282.9,69.67,502.8,69.66,2045.4,69.65,3057.9,69.73,2462.6,69.74,363.9,69.75,118.2,69.76,510.7,69.77,969.7
1700000577.5,1155,69.70500000000001,0.04999999999999716,69.68,146.5,69.73,166.7,4366.299999999999,3222.2,69.68,12.8,SELL,3,69.68,146.5,69.67,1411.8,69.66,876.9,69.65,832.2,69.64,1098.9,69.73,166.7,69.74,971.9,69.75,131.2,69.76,1907.7,69.77,44.7
1700000578.0,1156,69.72,0.060000000000002274,69.69,457.0,69.75,63.7,2994.2000000000003,7818.599999999999,69.75,21.6,BUY,1,69.69,457.0,69.68,847.8,69.67,62.2,69.66,696.8,69.65,930.4,69.75,63.7,69.76,39.5,69.77,178.3,69.78,2782.2,69.79,4754.9
1700000578.5,1157,69.72,0.060000000000002274,69.69,221.6,69.75,218.4,2991.0999999999995,5705.1,69.69,14.0,SELL,3,69.69,221.6,69.68,504.7,69.67,1539.6,69.66,408.0,69.65,317.2,69.75,218.4,69.76,500.3,69.77,1957.6,69.78,1219.3,69.79,1809.5
1700000579.0,1158,69.72,0.03999999999999204,69.7,782.7,69.74,1633.0,6650.5,3186.8,69.7,5.0,SELL,2,69.7,782.7,69.69,605.0,69.68,100.6,69.67,167.3,69.66,4994.9,69.74,1633.0,69.75,346.8,69.76,10.0,69.77,77.1,69.78,1119.9
1700000579.5,1159,69.73,0.060000000000002274,69.7,413.5,69.76,405.5,3931.5999999999995,1518.9,69.76,77.9,BUY,1,69.7,413.5,69.69,955.6,69.68,1274.8,69.67,843.2,69.66,444.5,69.76,405.5,69.77,282.8,69.78,106.5,69.79,146.7,69.8,577.4
1700000580.0,1160,69.73,0.060000000000002274,69.7,115.8,69.76,184.0,3710.2,399.4,69.7,43.9,SELL,1,69.7,115.8,69.69,1397.1,69.68,54.4,69.67,172.8,69.66,1970.1,69.76,184.0,69.77,128.7,69.78,64.2,69.79,10.0,69.8,12.5
1700000580.5,1161,69.72,0.060000000000002274,69.69,1550.9,69.75,150.1,3365.1,4179.9,69.69,5.0,SELL,2,69.69,1550.9,69.68,10.0,69.67,10.0,69.66,1370.6,69.65,423.6,69.75,150.1,69.76,238.8,69.77,14.2,69.78,1677.3,69.79,2099.5
1700000581.0,1162,69.73,0.060000000000002274,69.7,10.0,69.76,152.4,6282.1,3039.2999999999997,69.7,5.0,SELL,1,69.7,10.0,69.69,1041.1,69.68,3795.9,69.67,229.0,69.66,1206.1,69.76,152.4,69.77,227.5,69.78,221.0,69.79,155.7,69.8,2282.7
1700000581.5,1163,69.72999999999999,0.04000000000000625,69.71,3123.8,69.75,197.9,8682.400000000001,1734.4,69.71,11.9,SELL,2,69.71,3123.8,69.7,126.8,69.69,878.1,69.68,1148.0,69.67,3405.7,69.75,197.9,69.76,156.9,69.77,358.6,69.78,843.7,69.79,177.3
1700000582.0,1164,69.72999999999999,0.04000000000000625,69.71,10.0,69.75,379.7,7567.0,2815.7000000000003,69.75,44.8,BUY,1,69.71,10.0,69.7,1666.3,69.69,570.5,69.68,3858.6,69.67,1461.6,69.75,379.7,69.76,338.8,69.77,1231.8,69.78,451.1,69.79,414.3
1700000582.5,1165,69.73,0.060000000000002274,69.7,816.6,69.76,171.9,2180.0,1706.6999999999998,69.76,10.3,BUY,5,69.7,816.6,69.69,466.4,69.68,269.3,69.67,521.4,69.66,106.3,69.76,171.9,69.77,136.9,69.78,797.8,69.79,55.6,69.8,544.5
1700000583.0,1166,69.72,0.060000000000002274,69.69,719.3,69.75,1100.8,3415.7,6265.700000000001,69.75,118.0,BUY,2,69.69,719.3,69.68,152.4,69.67,1086.9,69.66,965.9,69.65,491.2,69.75,1100.8,69.76,708.1,69.77,873.9,69.78,355.1,69.79,3227.8
1700000583.5,1167,69.73,0.060000000000002274,69.7,875.8,69.76,373.2,3419.7000000000003,3743.7,69.76,30.6,BUY,1,69.7,875.8,69.69,29.1,69.68,747.9,69.67,669.5,69.66,1097.4,69.76,373.2,69.77,38.6,69.78,986.0,69.79,1651.1,69.8,694.8
1700000584.0,1168,69.73,0.060000000000002274,69.7,111.3,69.76,460.7,7836.5,8169.3,69.73,0.0,BUY,0,69.7,111.3,69.69,1159.2,69.68,1017.9,69.67,2354.1,69.66,3194.0,69.76,460.7,69.77,317.9,69.78,143.2,69.79,1719.9,69.8,5527.6
1700000584.5,1169,69.74,0.060000000000002274,69.71,451.8,69.77,877.9,6915.6,6367.0,69.77,66.2,BUY,1,69.71,451.8,69.7,604.2,69.69,2102.4,69.68,2137.4,69.67,1619.8,69.77,877.9,69.78,1910.0,69.79,1792.4,69.8,1335.2,69.81,451.5
1700000585.0,1170,69.74,0.060000000000002274,69.71,1468.0,69.77,377.6,5355.099999999999,2048.8,69.77,46.5,BUY,3,69.71,1468.0,69.7,249.6,69.69,1390.1,69.68,1784.1,69.67,463.3,69.77,377.6,69.78,316.3,69.79,228.7,69.8,140.8,69.81,985.4
1700000585.5,1171,69.73,0.060000000000002274,69.7,454.5,69.76,189.5,1687.9,2494.6,69.76,20.2,BUY,1,69.7,454.5,69.69,56.8,69.68,430.7,69.67,29.7,69.66,716.2,69.76,189.5,69.77,526.9,69.78,42.1,69.79,519.1,69.8,1217.0
1700000586.0,1172,69.74,0.060000000000002274,69.71,10.0,69.77,772.6,6490.099999999999,9320.4,69.74,0.0,BUY,0,69.71,10.0,69.7,2747.6,69.69,1838.8,69.68,436.9,69.67,1456.8,69.77,772.6,69.78,546.3,69.79,1097.1,69.8,449.4,69.81,6455.0
1700000586.5,1173,69.75,0.060000000000002274,69.72,323.8,69.78,793.5,4969.200000000001,4558.8,69.78,131.3,BUY,2,69.72,323.8,69.71,337.8,69.7,1046.2,69.69,994.9,69.68,2266.5,69.78,793.5,69.79,253.3,69.8,560.0,69.81,1124.7,69.82,1827.3
1700000587.0,1174,69.74,0.060000000000002274,69.71,657.2,69.77,753.7,6867.2,3685.4000000000005,69.71,21.5,SELL,2,69.71,657.2,69.7,1624.5,69.69,430.0,69.68,69.8,69.67,4085.7,69.77,753.7,69.78,556.7,69.79,1049.0,69.8,984.7,69.81,341.3
1700000587.5,1175,69.74,0.060000000000002274,69.71,701.3,69.77,66.4,3562.1,7088.5,69.71,100.4,SELL,3,69.71,701.3,69.7,1032.2,69.69,466.9,69.68,1256.1,69.67,105.6,69.77,66.4,69.78,575.8,69.79,217.6,69.8,309.5,69.81,5919.2
1700000588.0,1176,69.74,0.060000000000002274,69.71,2271.7,69.77,400.0,6783.900000000001,3305.8999999999996,69.77,65.0,BUY,2,69.71,2271.7,69.7,156.6,69.69,157.5,69.68,2056.8,69.67,2141.3,69.77,400.0,69.78,312.1,69.79,321.2,69.8,1990.9,69.81,281.7
1700000588.5,1177,69.75,0.060000000000002274,69.72,276.5,69.78,733.5,1865.9,3039.3,69.72,50.2,SELL,2,69.72,276.5,69.71,256.5,69.7,59.7,69.69,589.0,69.68,684.2,69.78,733.5,69.79,1153.7,69.8,77.3,69.81,319.6,69.82,755.2
1700000589.0,1178,69.74,0.060000000000002274,69.71,398.3,69.77,302.9,2966.9000000000005,2150.9,69.71,92.3,SELL,3,69.71,398.3,69.7,59.8,69.69,360.3,69.68,1958.7,69.67,189.8,69.77,302.9,69.78,49.3,69.79,1186.2,69.8,339.5,69.81,273.0
1700000589.5,1179,69.74,0.060000000000002274,69.71,140.2,69.77,130.9,2169.7,2889.1000000000004,69.77,24.3,BUY,2,69.71,140.2,69.7,898.9,69.69,363.6,69.68,447.1,69.67,319.9,69.77,130.9,69.78,45.8,69.79,816.5,69.8,174.0,69.81,1721.9
1700000590.0,1180,69.74000000000001,0.04000000000000625,69.72,1211.6,69.76,1056.1,1884.6,5337.0,69.74000000000001,0.0,BUY,0,69.72,1211.6,69.71,20.4,69.7,225.4,69.69,167.1,69.68,260.1,69.76,1056.1,69.77,1117.5,69.78,1433.6,69.79,274.6,69.8,1455.2
1700000590.5,1181,69.74,0.060000000000002274,69.71,278.5,69.77,418.2,2527.0,7914.499999999999,69.77,15.7,BUY,4,69.71,278.5,69.7,220.7,69.69,285.2,69.68,736.7,69.67,1005.9,69.77,418.2,69.78,433.5,69.79,3817.7,69.8,1350.4,69.81,1894.7
1700000591.0,1182,69.74,0.060000000000002274,69.71,1412.6,69.77,10.0,5585.4,1148.8999999999999,69.77,53.6,BUY,1,69.71,1412.6,69.7,2632.7,69.69,549.0,69.68,796.8,69.67,194.3,69.77,10.0,69.78,37.4,69.79,11.8,69.8,311.4,69.81,778.3
1700000591.5,1183,69.74,0.060000000000002274,69.71,345.7,69.77,39.3,3293.0,1539.3000000000002,69.77,12.7,BUY,6,69.71,345.7,69.7,293.7,69.69,1346.2,69.68,277.6,69.67,1029.8,69.77,39.3,69.78,126.0,69.79,861.1,69.8,53.9,69.81,459.0
1700000592.0,1184,69.74,0.060000000000002274,69.71,119.8,69.77,11.8,3187.0,5805.8,69.77,49.8,BUY,2,69.71,119.8,69.7,1821.0,69.69,717.1,69.68,198.2,69.67,330.9,69.77,11.8,69.78,1584.5,69.79,477.6,69.8,1676.5,69.81,2055.4
1700000592.5,1185,69.74,0.060000000000002274,69.71,689.3,69.77,357.5,3723.5000000000005,3409.4,69.71,5.0,SELL,2,69.71,689.3,69.7,603.2,69.69,526.4,69.68,1051.7,69.67,852.9,69.77,357.5,69.78,1456.2,69.79,655.4,69.8,39.9,69.81,900.4
1700000593.0,1186,69.74,0.060000000000002274,69.71,106.6,69.77,268.4,1503.4,3386.0,69.77,151.2,BUY,1,69.71,106.6,69.7,320.3,69.69,291.2,69.68,483.9,69.67,301.4,69.77,268.4,69.78,140.8,69.79,1123.2,69.8,87.4,69.81,1766.2
1700000593.5,1187,69.73,0.060000000000002274,69.7,947.3,69.76,10.0,3633.0,4927.7,69.76,119.8,BUY,1,69.7,947.3,69.69,160.1,69.68,177.0,69.67,351.6,69.66,1997.0,69.76,10.0,69.77,1588.4,69.78,197.5,69.79,2396.1,69.8,735.7
1700000594.0,1188,69.73,0.060000000000002274,69.7,713.9,69.76,379.2,6616.2,2048.3999999999996,69.7,5.0,SELL,1,69.7,713.9,69.69,1818.1,69.68,1061.9,69.67,96.1,69.66,2926.2,69.76,379.2,69.77,132.0,69.78,332.4,69.79,614.6,69.8,590.2
1700000594.5,1189,69.73,0.060000000000002274,69.7,514.2,69.76,508.6,3287.7000000000003,3603.8,69.76,19.2,BUY,1,69.7,514.2,69.69,19.2,69.68,1441.4,69.67,864.4,69.66,448.5,69.76,508.6,69.77,886.9,69.78,515.1,69.79,1151.7,69.8,541.5
1700000595.0,1190,69.74,0.060000000000002274,69.71,610.9,69.77,638.0,3409.9,3951.4,69.74,0.0,BUY,0,69.71,610.9,69.7,350.2,69.69,1060.5,69.68,1045.5,69.67,342.8,69.77,638.0,69.78,981.3,69.79,1171.0,69.8,244.0,69.81,917.1
1700000595.5,1191,69.74,0.060000000000002274,69.71,485.1,69.77,439.9,5136.1,4562.0,69.74,0.0,BUY,0,69.71,485.1,69.7,3315.9,69.69,527.1,69.68,591.6,69.67,216.4,69.77,439.9,69.78,1800.4,69.79,1091.8,69.8,1003.4,69.81,226.5
1700000596.0,1192,69.74000000000001,0.04000000000000625,69.72,1742.6,69.76,207.0,6522.599999999999,2185.5000000000005,69.76,33.2,BUY,1,69.72,1742.6,69.71,1753.3,69.7,195.3,69.69,1007.7,69.68,1823.7,69.76,207.0,69.77,508.0,69.78,970.4,69.79,396.8,69.8,103.3
1700000596.5,1193,69.74000000000001,0.04000000000000625,69.72,551.1,69.76,64.5,3932.3,2900.4,69.76,34.9,BUY,1,69.72,551.1,69.71,393.5,69.7,266.6,69.69,862.1,69.68,1859.0,69.76,64.5,69.77,106.5,69.78,98.1,69.79,702.4,69.8,1928.9
1700000597.0,1194,69.74000000000001,0.04000000000000625,69.72,1358.5,69.76,253.3,4384.5,2037.0,69.76,14.0,BUY,5,69.72,1358.5,69.71,1400.1,69.7,851.4,69.69,396.0,69.68,378.5,69.76,253.3,69.77,30.2,69.78,379.3,69.79,692.0,69.8,682.2
1700000597.5,1195,69.74,0.060000000000002274,69.71,117.5,69.77,118.0,3606.2000000000003,4436.2,69.77,9.4,BUY,3,69.71,117.5,69.7,17.0,69.69,582.1,69.68,1396.2,69.67,1493.4,69.77,118.0,69.78,1740.8,69.79,1031.9,69.8,639.5,69.81,906.0
1700000598.0,1196,69.73,0.060000000000002274,69.7,316.7,69.76,357.5,3658.3999999999996,5301.4,69.76,31.6,BUY,1,69.7,316.7,69.69,488.6,69.68,624.9,69.67,339.1,69.66,1889.1,69.76,357.5,69.77,300.0,69.78,790.1,69.79,3764.9,69.8,88.9
1700000598.5,1197,69.74,0.060000000000002274,69.71,2737.2,69.77,107.4,8706.599999999999,4048.7000000000003,69.71,59.6,SELL,2,69.71,2737.2,69.7,413.6,69.69,76.1,69.68,3398.2,69.67,2081.5,69.77,107.4,69.78,2067.5,69.79,571.5,69.8,1148.0,69.81,154.3
1700000599.0,1198,72.1,0.060000000000002274,72.07,545.7,72.13,113.0,2246.0,3653.1,72.13,11.5,BUY,1,72.07,545.7,72.06,13.1,72.05,405.0,72.04,476.9,72.03,805.3,72.13,113.0,72.14,60.4,72.15,180.9,72.16,745.8,72.17,2553.0
1700000599.5,1199,72.095,0.05000000000001137,72.07,56.4,72.12,11.6,2949.9,3114.8,72.07,11.0,SELL,4,72.07,56.4,72.06,1149.0,72.05,53.2,72.04,208.2,72.03,1483.1,72.12,11.6,72.13,47.6,72.14,235.1,72.15,1418.8,72.16,1401.7
1700000600.0,1200,72.11,0.060000000000002274,72.08,1667.9,72.14,191.8,6623.1,3719.4,72.11,0.0,BUY,0,72.08,1667.9,72.07,388.0,72.06,685.6,72.05,1360.6,72.04,2521.0,72.14,191.8,72.15,79.8,72.16,1749.3,72.17,1190.9,72.18,507.6
1700000600.5,1201,72.11,0.060000000000002274,72.08,67.9,72.14,339.7,7398.2,6709.6,72.08,164.1,SELL,3,72.08,67.9,72.07,262.3,72.06,1162.9,72.05,483.9,72.04,5421.2,72.14,339.7,72.15,2314.9,72.16,2222.9,72.17,1416.6,72.18,415.5
1700000601.0,1202,72.11,0.060000000000002274,72.08,621.4,72.14,494.2,4154.8,8963.5,72.14,128.8,BUY,1,72.08,621.4,72.07,351.1,72.06,2000.4,72.05,48.1,72.04,1133.8,72.14,494.2,72.15,280.7,72.16,1468.1,72.17,272.2,72.18,6448.3
1700000601.5,1203,72.11,0.060000000000002274,72.08,112.6,72.14,204.1,2617.6,5429.6,72.11,0.0,BUY,0,72.08,112.6,72.07,234.1,72.06,943.5,72.05,188.8,72.04,1138.6,72.14,204.1,72.15,1308.3,72.16,852.6,72.17,1187.6,72.18,1877.0
1700000602.0,1204,72.1,0.04000000000000625,72.08,741.8,72.12,422.6,3547.9,4945.4,72.12,5.0,BUY,1,72.08,741.8,72.07,882.5,72.06,742.1,72.05,451.6,72.04,729.9,72.12,422.6,72.13,415.5,72.14,2671.7,72.15,570.5,72.16,865.1
1700000602.5,1205,72.1,0.04000000000000625,72.08,119.9,72.12,462.1,6728.2,7362.700000000001,72.12,108.7,BUY,2,72.08,119.9,72.07,1292.1,72.06,915.7,72.05,528.4,72.04,3872.1,72.12,462.1,72.13,1162.2,72.14,1946.4,72.15,3681.4,72.16,110.6
1700000603.0,1206,72.1,0.04000000000000625,72.08,480.6,72.12,417.8,6122.0,5792.900000000001,72.1,0.0,BUY,0,72.08,480.6,72.07,1833.8,72.06,2144.0,72.05,1206.8,72.04,456.8,72.12,417.8,72.13,940.6,72.14,2088.9,72.15,1540.9,72.16,804.7
1700000603.5,1207,72.1,0.060000000000002274,72.07,2421.4,72.13,200.8,4024.2,4269.7,72.07,42.4,SELL,4,72.07,2421.4,72.06,482.4,72.05,141.6,72.04,185.7,72.03,793.1,72.13,200.8,72.14,381.8,72.15,902.8,72.16,1076.0,72.17,1708.3
1700000604.0,1208,72.1,0.060000000000002274,72.07,481.2,72.13,1182.9,4015.8999999999996,4606.9,72.07,18.8,SELL,1,72.07,481.2,72.06,1265.9,72.05,1666.6,72.04,430.1,72.03,172.1,72.13,1182.9,72.14,237.0,72.15,34.3,72.16,1841.2,72.17,1311.5
1700000604.5,1209,72.09,0.060000000000002274,72.06,117.6,72.12,92.2,2776.0,1416.2,72.09,0.0,BUY,0,72.06,117.6,72.05,380.8,72.04,456.6,72.03,1001.9,72.02,819.1,72.12,92.2,72.13,447.2,72.14,72.7,72.15,537.3,72.16,266.8
1700000605.0,1210,72.09,0.060000000000002274,72.06,271.3,72.12,147.5,1912.6,8269.9,72.12,62.3,BUY,1,72.06,271.3,72.05,115.7,72.04,14.8,72.03,797.3,72.02,713.5,72.12,147.5,72.13,1253.3,72.14,1188.5,72.15,5290.2,72.16,390.4
1700000605.5,1211,72.09,0.060000000000002274,72.06,337.9,72.12,778.6,5749.8,1536.3,72.06,5.4,SELL,1,72.06,337.9,72.05,964.4,72.04,10.0,72.03,4290.0,72.02,147.5,72.12,778.6,72.13,193.4,72.14,10.0,72.15,85.0,72.16,469.3
1700000606.0,1212,72.09,0.060000000000002274,72.06,457.3,72.12,416.4,4768.4,2819.5,72.06,86.6,SELL,4,72.06,457.3,72.05,714.8,72.04,712.3,72.03,2660.3,72.02,223.7,72.12,416.4,72.13,36.4,72.14,1090.0,72.15,1097.9,72.16,178.8
1700000606.5,1213,72.09,0.060000000000002274,72.06,279.6,72.12,626.8,4493.0,1402.0,72.09,0.0,BUY,0,72.06,279.6,72.05,253.2,72.04,2324.7,72.03,1396.4,72.02,239.1,72.12,626.8,72.13,198.8,72.14,487.0,72.15,79.4,72.16,10.0
1700000607.0,1214,72.095,0.05000000000001137,72.07,837.0,72.12,531.3,3002.2999999999997,3260.8,72.07,83.0,SELL,1,72.07,837.0,72.06,494.3,72.05,1575.4,72.04,51.1,72.03,44.5,72.12,531.3,72.13,1611.4,72.14,240.3,72.15,176.1,72.16,701.7
1700000607.5,1215,72.095,0.05000000000001137,72.07,598.0,72.12,202.5,2943.1000000000004,3728.7,72.095,0.0,BUY,0,72.07,598.0,72.06,491.4,72.05,546.3,72.04,67.9,72.03,1239.5,72.12,202.5,72.13,43.0,72.14,561.7,72.15,10.0,72.16,2911.5
1700000608.0,1216,72.095,0.05000000000001137,72.07,150.4,72.12,297.5,3956.2999999999997,3032.9,72.12,129.7,BUY,2,72.07,150.4,72.06,585.0,72.05,1913.8,72.04,889.5,72.03,417.6,72.12,297.5,72.13,1842.5,72.14,40.0,72.15,301.3,72.16,551.6
1700000608.5,1217,72.1,0.04000000000000625,72.08,742.0,72.12,381.1,3850.7,6539.0,72.08,6.3,SELL,3,72.08,742.0,72.07,180.7,72.06,345.6,72.05,2450.2,72.04,132.2,72.12,381.1,72.13,170.0,72.14,1755.4,72.15,1766.8,72.16,2465.7
1700000609.0,1218,72.095,0.05000000000001137,72.07,1637.7,72.12,437.5,5677.200000000001,6850.299999999999,72.12,5.0,BUY,1,72.07,1637.7,72.06,332.6,72.05,2639.5,72.04,189.3,72.03,878.1,72.12,437.5,72.13,508.3,72.14,3188.4,72.15,1761.7,72.16,954.4
1700000609.5,1219,72.095,0.05000000000001137,72.07,147.2,72.12,131.8,6656.299999999999,4980.500000000001,72.07,99.3,SELL,2,72.07,147.2,72.06,368.6,72.05,1157.2,72.04,497.9,72.03,4485.4,72.12,131.8,72.13,152.5,72.14,2028.1,72.15,2117.3,72.16,550.8
1700000610.0,1220,72.11,0.060000000000002274,72.08,546.3,72.14,139.2,4576.5,3844.6,72.14,189.8,BUY,2,72.08,546.3,72.07,264.3,72.06,447.0,72.05,418.4,72.04,2900.5,72.14,139.2,72.15,1752.6,72.16,193.2,72.17,351.0,72.18,1408.6
1700000610.5,1221,72.11,0.060000000000002274,72.08,153.8,72.14,1240.0,4629.1,5062.2,72.08,56.1,SELL,3,72.08,153.8,72.07,484.6,72.06,2241.4,72.05,302.6,72.04,1446.7,72.14,1240.0,72.15,796.4,72.16,618.0,72.17,1151.6,72.18,1256.2
1700000611.0,1222,72.11,0.03999999999999204,72.09,311.1,72.13,156.3,4784.4,4154.0,72.09,5.0,SELL,4,72.09,311.1,72.08,10.0,72.07,35.1,72.06,10.0,72.05,4418.2,72.13,156.3,72.14,1237.2,72.15,2057.8,72.16,636.6,72.17,66.1
1700000611.5,1223,72.11,0.060000000000002274,72.08,125.2,72.14,91.7,2979.1,931.3000000000001,72.14,7.1,BUY,1,72.08,125.2,72.07,1699.8,72.06,306.3,72.05,173.2,72.04,674.6,72.14,91.7,72.15,89.4,72.16,51.8,72.17,600.8,72.18,97.6
1700000612.0,1224,72.11,0.060000000000002274,72.08,188.1,72.14,264.9,1202.5,3451.6000000000004,72.08,12.4,SELL,3,72.08,188.1,72.07,150.4,72.06,734.7,72.05,107.2,72.04,22.1,72.14,264.9,72.15,1495.0,72.16,990.0,72.17,540.4,72.18,161.3
1700000612.5,1225,72.11,0.060000000000002274,72.08,135.0,72.14,857.1,1345.3000000000002,4139.7,72.14,34.8,BUY,1,72.08,135.0,72.07,103.9,72.06,57.2,72.05,382.3,72.04,666.9,72.14,857.1,72.15,840.4,72.16,1694.1,72.17,512.8,72.18,235.3
1700000613.0,1226,72.1,0.060000000000002274,72.07,425.1,72.13,564.4,2922.6,4258.9,72.1,0.0,BUY,0,72.07,425.1,72.06,642.1,72.05,10.0,72.04,1018.0,72.03,827.4,72.13,564.4,72.14,1035.3,72.15,33.4,72.16,265.0,72.17,2360.8
1700000613.5,1227,72.095,0.05000000000001137,72.07,443.7,72.12,191.3,7137.3,3816.5,72.07,29.4,SELL,2,72.07,443.7,72.06,333.9,72.05,2701.8,72.04,162.8,72.03,3495.1,72.12,191.3,72.13,258.4,72.14,1917.0,72.15,984.5,72.16,465.3
1700000614.0,1228,72.11,0.060000000000002274,72.08,267.0,72.14,154.5,1995.4,2361.3,72.08,16.3,SELL,2,72.08,267.0,72.07,58.1,72.06,375.6,72.05,488.0,72.04,806.7,72.14,154.5,72.15,223.2,72.16,1140.4,72.17,673.0,72.18,170.2
1700000614.5,1229,72.11,0.03999999999999204,72.09,692.9,72.13,215.2,4147.900000000001,4151.900000000001,72.09,13.3,SELL,1,72.09,692.9,72.08,323.1,72.07,858.0,72.06,2233.1,72.05,40.8,72.13,215.2,72.14,1167.4,72.15,2140.8,72.16,422.6,72.17,205.9
1700000615.0,1230,72.11,0.060000000000002274,72.08,538.6,72.14,593.6,2401.3,2759.1,72.08,38.9,SELL,2,72.08,538.6,72.07,247.3,72.06,905.9,72.05,202.9,72.04,506.6,72.14,593.6,72.15,254.5,72.16,608.5,72.17,502.5,72.18,800.0
1700000615.5,1231,72.11,0.060000000000002274,72.08,299.5,72.14,57.1,3585.7,4200.0,72.11,0.0,BUY,0,72.08,299.5,72.07,772.0,72.06,283.7,72.05,953.5,72.04,1277.0,72.14,57.1,72.15,328.6,72.16,1076.9,72.17,1927.4,72.18,810.0
1700000616.0,1232,72.11,0.060000000000002274,72.08,1211.5,72.14,1208.2,4505.800000000001,4076.7,72.14,84.1,BUY,2,72.08,1211.5,72.07,1300.0,72.06,254.8,72.05,1395.9,72.04,343.6,72.14,1208.2,72.15,1203.5,72.16,1126.6,72.17,234.3,72.18,304.1
1700000616.5,1233,72.11,0.060000000000002274,72.08,816.6,72.14,27.9,3936.8,5990.6,72.14,12.9,BUY,4,72.08,816.6,72.07,431.3,72.06,716.2,72.05,1102.4,72.04,870.3,72.14,27.9,72.15,1110.4,72.16,1429.5,72.17,1070.0,72.18,2352.8
1700000617.0,1234,72.12,0.04000000000000625,72.1,792.9,72.14,86.9,6915.3,1736.0,72.14,22.1,BUY,1,72.1,792.9,72.09,334.0,72.08,538.7,72.07,337.7,72.06,4912.0,72.14,86.9,72.15,324.6,72.16,161.5,72.17,674.1,72.18,488.9
1700000617.5,1235,72.12,0.060000000000002274,72.09,333.2,72.15,112.5,3907.7,2759.0,72.12,0.0,BUY,0,72.09,333.2,72.08,67.1,72.07,889.2,72.06,691.5,72.05,1926.7,72.15,112.5,72.16,958.9,72.17,508.1,72.18,1099.9,72.19,79.6
1700000618.0,1236,72.12,0.060000000000002274,72.09,149.2,72.15,586.7,2619.4,5511.200000000001,72.09,8.0,SELL,4,72.09,149.2,72.08,1419.5,72.07,57.7,72.06,50.5,72.05,942.5,72.15,586.7,72.16,1779.1,72.17,1549.0,72.18,644.1,72.19,952.3
1700000618.5,1237,72.13,0.04000000000000625,72.11,178.6,72.15,949.7,4859.9,6902.0,72.11,28.6,SELL,2,72.11,178.6,72.1,549.1,72.09,387.0,72.08,354.3,72.07,3390.9,72.15,949.7,72.16,696.6,72.17,1199.1,72.18,841.1,72.19,3215.5
1700000619.0,1238,72.12,0.060000000000002274,72.09,737.7,72.15,388.0,5206.9,3213.1000000000004,72.09,5.0,SELL,2,72.09,737.7,72.08,1418.0,72.07,965.3,72.06,2074.0,72.05,11.9,72.15,388.0,72.16,628.7,72.17,1436.3,72.18,414.8,72.19,345.3
1700000619.5,1239,72.12,0.060000000000002274,72.09,87.7,72.15,290.4,4417.4,1731.4,72.09,35.3,SELL,2,72.09,87.7,72.08,797.0,72.07,2491.7,72.06,446.2,72.05,594.8,72.15,290.4,72.16,137.5,72.17,142.4,72.18,757.5,72.19,403.6
1700000620.0,1240,72.12,0.060000000000002274,72.09,1006.0,72.15,419.8,3164.4,3002.6,72.15,74.2,BUY,1,72.09,1006.0,72.08,277.8,72.07,22.4,72.06,1769.3,72.05,88.9,72.15,419.8,72.16,124.0,72.17,1919.1,72.18,461.8,72.19,77.9
1700000620.5,1241,72.12,0.060000000000002274,72.09,273.3,72.15,476.2,3098.2000000000003,2869.4,72.15,35.2,BUY,3,72.09,273.3,72.08,207.7,72.07,1133.6,72.06,1246.7,72.05,236.9,72.15,476.2,72.16,247.5,72.17,285.2,72.18,1766.4,72.19,94.1
1700000621.0,1242,72.12,0.04000000000000625,72.1,234.1,72.14,32.9,3917.4,2455.6,72.14,31.3,BUY,2,72.1,234.1,72.09,552.3,72.08,2118.7,72.07,962.9,72.06,49.4,72.14,32.9,72.15,1109.2,72.16,544.8,72.17,663.8,72.18,104.9
1700000621.5,1243,72.12,0.060000000000002274,72.09,280.8,72.15,556.3,2849.9,3126.9,72.15,84.7,BUY,3,72.09,280.8,72.08,1096.0,72.07,584.3,72.06,527.7,72.05,361.1,72.15,556.3,72.16,449.0,72.17,367.5,72.18,1414.8,72.19,339.3
1700000622.0,1244,72.12,0.060000000000002274,72.09,432.7,72.15,371.1,4008.7,3123.6000000000004,72.15,14.5,BUY,1,72.09,432.7,72.08,257.9,72.07,933.4,72.06,457.0,72.05,1927.7,72.15,371.1,72.16,1055.7,72.17,44.2,72.18,1278.2,72.19,374.4
1700000622.5,1245,72.13,0.060000000000002274,72.1,135.7,72.16,764.7,2024.7,2254.9,72.1,37.9,SELL,1,72.1,135.7,72.09,43.8,72.08,677.7,72.07,620.7,72.06,546.8,72.16,764.7,72.17,61.0,72.18,458.5,72.19,703.4,72.2,267.3
1700000623.0,1246,72.13,0.04000000000000625,72.11,392.6,72.15,58.1,3796.0,2628.8,72.11,12.2,SELL,3,72.11,392.6,72.1,73.9,72.09,856.3,72.08,2369.7,72.07,103.5,72.15,58.1,72.16,768.5,72.17,963.2,72.18,506.6,72.19,332.4
1700000623.5,1247,72.13,0.060000000000002274,72.1,160.0,72.16,138.9,1857.3,2371.7,72.1,21.4,SELL,1,72.1,160.0,72.09,252.9,72.08,268.4,72.07,508.0,72.06,668.0,72.16,138.9,72.17,248.6,72.18,294.7,72.19,83.8,72.2,1605.7
1700000624.0,1248,70.37,0.060000000000002274,70.34,1115.7,70.4,223.5,1966.0,4699.8,70.4,17.8,BUY,2,70.34,1115.7,70.33,115.3,70.32,77.0,70.31,293.4,70.3,364.6,70.4,223.5,70.41,535.7,70.42,490.1,70.43,2373.0,70.44,1077.5
1700000624.5,1249,70.38,0.060000000000002274,70.35,74.1,70.41,142.2,894.9000000000001,3425.8,70.38,0.0,BUY,0,70.35,74.1,70.34,47.2,70.33,122.0,70.32,467.1,70.31,184.5,70.41,142.2,70.42,225.1,70.43,2151.9,70.44,422.8,70.45,483.8
1700000625.0,1250,70.38,0.060000000000002274,70.35,358.1,70.41,230.6,4847.3,1187.3,70.35,26.2,SELL,1,70.35,358.1,70.34,152.2,70.33,3120.1,70.32,465.0,70.31,751.9,70.41,230.6,70.42,263.3,70.43,450.8,70.44,232.6,70.45,10.0
1700000625.5,1251,70.38,0.060000000000002274,70.35,20.9,70.41,1190.9,5045.2,2106.9,70.35,16.2,SELL,2,70.35,20.9,70.34,305.5,70.33,458.2,70.32,1124.1,70.31,3136.5,70.41,1190.9,70.42,621.2,70.43,38.4,70.44,203.8,70.45,52.6
1700000626.0,1252,70.38,0.060000000000002274,70.35,57.0,70.41,2283.5,5827.2,4032.2999999999997,70.41,49.1,BUY,1,70.35,57.0,70.34,1432.5,70.33,2114.5,70.32,1328.0,70.31,895.2,70.41,2283.5,70.42,856.5,70.43,10.0,70.44,110.2,70.45,772.1
1700000626.5,1253,70.38,0.060000000000002274,70.35,150.9,70.41,26.5,4662.2,3129.8999999999996,70.41,64.5,BUY,3,70.35,150.9,70.34,32.8,70.33,2815.8,70.32,578.4,70.31,1084.3,70.41,26.5,70.42,1609.3,70.43,152.6,70.44,415.8,70.45,925.7
1700000627.0,1254,70.38,0.060000000000002274,70.35,856.8,70.41,1993.4,4819.9,7602.6,70.35,41.1,SELL,2,70.35,856.8,70.34,727.8,70.33,122.5,70.32,1413.3,70.31,1699.5,70.41,1993.4,70.42,774.3,70.43,1379.4,70.44,86.3,70.45,3369.2
1700000627.5,1255,70.38,0.060000000000002274,70.35,1086.2,70.41,1377.5,4515.4,3154.3999999999996,70.38,0.0,BUY,0,70.35,1086.2,70.34,613.5,70.33,886.0,70.32,204.0,70.31,1725.7,70.41,1377.5,70.42,74.1,70.43,1004.6,70.44,133.5,70.45,564.7
1700000628.0,1256,70.38,0.060000000000002274,70.35,15.7,70.41,628.4,687.6999999999999,3274.1,70.35,151.8,SELL,1,70.35,15.7,70.34,118.9,70.33,230.2,70.32,45.0,70.31,277.9,70.41,628.4,70.42,598.1,70.43,169.2,70.44,1265.5,70.45,612.9
1700000628.5,1257,70.37,0.060000000000002274,70.34,109.5,70.4,947.4,3083.7999999999997,4458.8,70.4,99.8,BUY,2,70.34,109.5,70.33,858.3,70.32,826.4,70.31,868.6,70.3,421.0,70.4,947.4,70.41,27.2,70.42,1121.8,70.43,706.1,70.44,1656.3
1700000629.0,1258,70.36,0.060000000000002274,70.33,469.1,70.39,178.3,4782.0,4057.5,70.33,56.0,SELL,3,70.33,469.1,70.32,1758.4,70.31,408.6,70.3,745.2,70.29,1400.7,70.39,178.3,70.4,271.8,70.41,58.7,70.42,929.0,70.43,2619.7
1700000629.5,1259,70.35,0.060000000000002274,70.32,167.6,70.38,1754.3,2494.2000000000003,6466.2,70.35,0.0,BUY,0,70.32,167.6,70.31,346.3,70.3,1023.4,70.29,476.1,70.28,480.8,70.38,1754.3,70.39,174.4,70.4,2690.5,70.41,525.7,70.42,1321.3
1700000630.0,1260,70.36,0.060000000000002274,70.33,1315.5,70.39,449.7,3224.7999999999997,6006.6,70.39,22.4,BUY,4,70.33,1315.5,70.32,611.6,70.31,498.0,70.3,488.2,70.29,311.5,70.39,449.7,70.4,1673.0,70.41,262.3,70.42,1600.8,70.43,2020.8
1700000630.5,1261,70.36,0.060000000000002274,70.33,206.7,70.39,1013.7,6421.4,3877.9000000000005,70.33,18.0,SELL,2,70.33,206.7,70.32,1877.3,70.31,1286.5,70.3,65.9,70.29,2985.0,70.39,1013.7,70.4,152.4,70.41,497.6,70.42,1285.7,70.43,928.5
1700000631.0,1262,70.35,0.04000000000000625,70.33,940.5,70.37,167.5,2462.6000000000004,7961.4,70.37,19.4,BUY,1,70.33,940.5,70.32,615.9,70.31,166.9,70.3,134.8,70.29,604.5,70.37,167.5,70.38,1710.7,70.39,1695.2,70.4,3077.0,70.41,1311.0
1700000631.5,1263,70.35,0.060000000000002274,70.32,338.4,70.38,45.1,3087.9,2779.5,70.38,5.0,BUY,1,70.32,338.4,70.31,1539.2,70.3,910.1,70.29,155.4,70.28,144.8,70.38,45.1,70.39,116.0,70.4,1163.2,70.41,1270.7,70.42,184.5
1700000632.0,1264,70.35,0.04000000000000625,70.33,338.9,70.37,1376.5,2458.2,3978.2999999999997,70.37,11.6,BUY,1,70.33,338.9,70.32,343.9,70.31,641.8,70.3,197.2,70.29,936.4,70.37,1376.5,70.38,55.6,70.39,120.0,70.4,2136.5,70.41,289.7
1700000632.5,1265,70.35,0.060000000000002274,70.32,156.5,70.38,802.6,2603.7,5193.6,70.35,0.0,BUY,0,70.32,156.5,70.31,476.7,70.3,162.3,70.29,1104.3,70.28,703.9,70.38,802.6,70.39,1319.9,70.4,681.3,70.41,2303.4,70.42,86.4
1700000633.0,1266,70.36,0.060000000000002274,70.33,10.0,70.39,155.2,1797.8,1492.8,70.36,0.0,BUY,0,70.33,10.0,70.32,262.4,70.31,55.8,70.3,756.8,70.29,712.8,70.39,155.2,70.4,93.8,70.41,292.3,70.42,10.0,70.43,941.5
1700000633.5,1267,70.36,0.060000000000002274,70.33,291.7,70.39,247.1,4163.4,2696.6,70.33,5.0,SELL,3,70.33,291.7,70.32,754.4,70.31,1562.9,70.3,991.0,70.29,563.4,70.39,247.1,70.4,694.3,70.41,421.7,70.42,607.7,70.43,725.8
1700000634.0,1268,70.36,0.060000000000002274,70.33,194.7,70.39,358.2,5419.2,4048.6,70.39,12.3,BUY,3,70.33,194.7,70.32,679.8,70.31,541.0,70.3,308.1,70.29,3695.6,70.39,358.2,70.4,2973.7,70.41,202.8,70.42,47.3,70.43,466.6
1700000634.5,1269,70.36,0.060000000000002274,70.33,1152.5,70.39,320.3,4125.5,1602.7,70.33,184.8,SELL,2,70.33,1152.5,70.32,319.8,70.31,107.1,70.3,667.9,70.29,1878.2,70.39,320.3,70.4,464.0,70.41,126.6,70.42,328.3,70.43,363.5
1700000635.0,1270,70.37,0.04000000000000625,70.35,957.1,70.39,745.7,2809.5,4792.9,70.39,5.7,BUY,1,70.35,957.1,70.34,10.3,70.33,1175.4,70.32,514.6,70.31,152.1,70.39,745.7,70.4,597.7,70.41,10.0,70.42,1020.9,70.43,2418.6
1700000635.5,1271,70.36,0.03999999999999204,70.34,531.6,70.38,672.1,5169.4,3992.2000000000003,70.36,0.0,BUY,0,70.34,531.6,70.33,669.2,70.32,76.3,70.31,262.7,70.3,3629.6,70.38,672.1,70.39,279.5,70.4,1454.3,70.41,1310.7,70.42,275.6
1700000636.0,1272,70.345,0.06999999999999318,70.31,772.8,70.38,1321.9,2315.0,2929.7000000000007,70.31,21.5,SELL,1,70.31,772.8,70.3,376.9,70.29,551.9,70.28,309.2,70.27,304.2,70.38,1321.9,70.39,516.0,70.4,709.7,70.41,326.8,70.42,55.3
1700000636.5,1273,70.35,0.060000000000002274,70.32,109.6,70.38,72.1,3194.7,871.3,70.32,5.0,SELL,3,70.32,109.6,70.31,238.7,70.3,468.0,70.29,1493.1,70.28,885.3,70.38,72.1,70.39,229.5,70.4,247.7,70.41,69.5,70.42,252.5
1700000637.0,1274,70.35,0.060000000000002274,70.32,1200.7,70.38,82.5,4059.6,3975.6,70.35,0.0,BUY,0,70.32,1200.7,70.31,204.0,70.3,619.3,70.29,1558.9,70.28,476.7,70.38,82.5,70.39,1198.3,70.4,1343.9,70.41,338.4,70.42,1012.5
1700000637.5,1275,70.35,0.060000000000002274,70.32,167.9,70.38,29.9,4176.7,2502.7,70.38,6.1,BUY,1,70.32,167.9,70.31,43.2,70.3,10.0,70.29,3691.7,70.28,263.9,70.38,29.9,70.39,574.0,70.4,19.2,70.41,1577.6,70.42,302.0
1700000638.0,1276,70.35,0.04000000000000625,70.33,186.6,70.37,795.9,6609.800000000001,3965.2000000000003,70.37,6.9,BUY,3,70.33,186.6,70.32,2314.0,70.31,286.3,70.3,3213.3,70.29,609.6,70.37,795.9,70.38,787.5,70.39,411.2,70.4,1796.7,70.41,173.9
1700000638.5,1277,70.34,0.04000000000000625,70.32,778.4,70.36,582.6,7003.2,2469.7000000000003,70.34,0.0,BUY,0,70.32,778.4,70.31,5487.9,70.3,47.1,70.29,235.5,70.28,454.3,70.36,582.6,70.37,261.5,70.38,636.7,70.39,785.6,70.4,203.3
1700000639.0,1278,70.35,0.060000000000002274,70.32,49.6,70.38,1052.6,2778.7999999999997,5050.400000000001,70.38,73.6,BUY,1,70.32,49.6,70.31,637.0,70.3,1577.4,70.29,167.6,70.28,347.2,70.38,1052.6,70.39,375.5,70.4,1365.2,70.41,770.4,70.42,1486.7
1700000639.5,1279,70.35,0.060000000000002274,70.32,41.2,70.38,175.1,5724.4,5076.299999999999,70.38,86.6,BUY,1,70.32,41.2,70.31,630.1,70.3,55.6,70.29,3247.4,70.28,1750.1,70.38,175.1,70.39,1079.1,70.4,1172.3,70.41,49.6,70.42,2600.2
1700000640.0,1280,70.36,0.060000000000002274,70.33,105.7,70.39,322.2,2284.0,4387.4,70.33,7.5,SELL,3,70.33,105.7,70.32,305.2,70.31,383.7,70.3,1364.9,70.29,124.5,70.39,322.2,70.4,944.4,70.41,1142.5,70.42,798.4,70.43,1179.9
1700000640.5,1281,70.36,0.060000000000002274,70.33,816.0,70.39,1101.6,3459.6000000000004,4023.5,70.33,7.9,SELL,2,70.33,816.0,70.32,1289.2,70.31,186.8,70.3,263.8,70.29,903.8,70.39,1101.6,70.4,61.8,70.41,752.6,70.42,1330.5,70.43,777.0
1700000641.0,1282,70.36,0.060000000000002274,70.33,261.5,70.39,54.3,2643.4,1514.1,70.39,16.0,BUY,1,70.33,261.5,70.32,399.1,70.31,141.3,70.3,1539.1,70.29,302.4,70.39,54.3,70.4,581.7,70.41,231.4,70.42,92.2,70.43,554.5
1700000641.5,1283,70.37,0.04000000000000625,70.35,1471.5,70.39,966.1,10153.9,2194.7,70.39,44.9,BUY,5,70.35,1471.5,70.34,482.6,70.33,23.0,70.32,194.9,70.31,7981.9,70.39,966.1,70.4,422.7,70.41,508.4,70.42,61.7,70.43,235.8
1700000642.0,1284,70.37,0.060000000000002274,70.34,613.9,70.4,1557.9,3877.1000000000004,5590.6,70.4,33.6,BUY,1,70.34,613.9,70.33,1153.4,70.32,657.0,70.31,1125.9,70.3,326.9,70.4,1557.9,70.41,2025.1,70.42,713.7,70.43,495.6,70.44,798.3
1700000642.5,1285,70.37,0.060000000000002274,70.34,347.2,70.4,761.8,2766.8,2859.0,70.37,0.0,BUY,0,70.34,347.2,70.33,288.9,70.32,415.2,70.31,354.0,70.3,1361.5,70.4,761.8,70.41,406.9,70.42,239.6,70.43,22.4,70.44,1428.3
1700000643.0,1286,70.37,0.060000000000002274,70.34,16.8,70.4,257.9,2082.6,1632.5,70.4,30.1,BUY,1,70.34,16.8,70.33,167.9,70.32,289.2,70.31,1536.7,70.3,72.0,70.4,257.9,70.41,643.0,70.42,31.6,70.43,161.2,70.44,538.8
1700000643.5,1287,70.37,0.060000000000002274,70.34,1153.9,70.4,68.9,4550.9,885.8,70.4,44.2,BUY,2,70.34,1153.9,70.33,448.6,70.32,1477.5,70.31,846.0,70.3,624.9,70.4,68.9,70.41,384.4,70.42,36.1,70.43,365.4,70.44,31.0
1700000644.0,1288,70.37,0.060000000000002274,70.34,334.7,70.4,221.3,4409.8,3745.0,70.37,0.0,BUY,0,70.34,334.7,70.33,1656.9,70.32,912.1,70.31,36.1,70.3,1470.0,70.4,221.3,70.41,1152.7,70.42,252.4,70.43,437.4,70.44,1681.2
1700000644.5,1289,70.38,0.04000000000000625,70.36,474.5,70.4,298.6,5118.700000000001,3352.5,70.4,14.5,BUY,2,70.36,474.5,70.35,260.2,70.34,630.3,70.33,257.4,70.32,3496.3,70.4,298.6,70.41,338.7,70.42,1108.6,70.43,65.5,70.44,1541.1
1700000645.0,1290,70.37,0.060000000000002274,70.34,526.3,70.4,136.9,5028.8,4340.9,70.4,30.4,BUY,2,70.34,526.3,70.33,1450.3,70.32,1330.6,70.31,371.4,70.3,1350.2,70.4,136.9,70.41,1219.2,70.42,653.9,70.43,324.4,70.44,2006.5
1700000645.5,1291,70.37,0.060000000000002274,70.34,556.5,70.4,43.3,2150.8,2280.1000000000004,70.34,45.9,SELL,1,70.34,556.5,70.33,330.2,70.32,564.7,70.31,106.4,70.3,593.0,70.4,43.3,70.41,1343.8,70.42,150.4,70.43,539.8,70.44,202.8
1700000646.0,1292,70.38,0.060000000000002274,70.35,1120.2,70.41,956.9,4640.9,9316.2,70.35,21.0,SELL,3,70.35,1120.2,70.34,401.9,70.33,1156.3,70.32,570.2,70.31,1392.3,70.41,956.9,70.42,631.6,70.43,122.8,70.44,5077.8,70.45,2527.1
1700000646.5,1293,70.39,0.060000000000002274,70.36,894.4,70.42,349.2,3056.4000000000005,1916.7,70.42,25.0,BUY,2,70.36,894.4,70.35,601.1,70.34,613.8,70.33,127.9,70.32,819.2,70.42,349.2,70.43,1065.0,70.44,154.1,70.45,235.5,70.46,112.9
1700000647.0,1294,70.39,0.060000000000002274,70.36,800.0,70.42,1502.6,1955.0,3458.3,70.42,36.0,BUY,3,70.36,800.0,70.35,248.6,70.34,367.0,70.33,115.7,70.32,423.7,70.42,1502.6,70.43,432.6,70.44,478.4,70.45,193.4,70.46,851.3
1700000647.5,1295,70.39,0.060000000000002274,70.36,535.1,70.42,530.9,2993.5,2688.7,70.36,71.4,SELL,2,70.36,535.1,70.35,788.0,70.34,873.5,70.33,13.8,70.32,783.1,70.42,530.9,70.43,40.2,70.44,216.7,70.45,944.1,70.46,956.8
1700000648.0,1296,70.39,0.060000000000002274,70.36,56.8,70.42,384.0,3607.5999999999995,2165.0,70.36,47.1,SELL,2,70.36,56.8,70.35,821.5,70.34,1405.6,70.33,340.6,70.32,983.1,70.42,384.0,70.43,436.7,70.44,10.0,70.45,654.7,70.46,679.6
1700000648.5,1297,70.39,0.060000000000002274,70.36,438.9,70.42,295.3,5143.299999999999,2342.0,70.36,97.5,SELL,2,70.36,438.9,70.35,520.3,70.34,105.1,70.33,2877.6,70.32,1201.4,70.42,295.3,70.43,561.5,70.44,1398.0,70.45,25.2,70.46,62.0
1700000649.0,1298,70.39,0.060000000000002274,70.36,273.0,70.42,368.8,2261.0,3178.9,70.36,43.8,SELL,2,70.36,273.0,70.35,147.2,70.34,28.6,70.33,1255.3,70.32,556.9,70.42,368.8,70.43,1077.4,70.44,417.5,70.45,1305.2,70.46,10.0
1700000649.5,1299,70.39,0.060000000000002274,70.36,481.7,70.42,453.9,5730.199999999999,4719.5,70.42,54.3,BUY,1,70.36,481.7,70.35,1827.5,70.34,154.5,70.33,3037.6,70.32,228.9,70.42,453.9,70.43,694.2,70.44,941.1,70.45,1973.3,70.46,657.0
1700000650.0,1300,70.39,0.060000000000002274,70.36,385.9,70.42,138.5,4762.299999999999,5217.0,70.42,108.8,BUY,1,70.36,385.9,70.35,1740.2,70.34,801.8,70.33,36.6,70.32,1797.8,70.42,138.5,70.43,189.8,70.44,4084.8,70.45,620.9,70.46,183.0
1700000650.5,1301,75.72,0.03999999999999204,75.7,672.0,75.74,1287.0,4266.4,5684.7,75.74,5.4,BUY,1,75.7,672.0,75.69,70.1,75.68,1640.3,75.67,547.4,75.66,1336.6,75.74,1287.0,75.75,1402.2,75.76,2029.5,75.77,950.5,75.78,15.5
1700000651.0,1302,75.70500000000001,0.04999999999999716,75.68,1265.2,75.73,480.0,4896.9,3490.6000000000004,75.73,18.1,BUY,3,75.68,1265.2,75.67,1094.8,75.66,1527.9,75.65,561.0,75.64,448.0,75.73,480.0,75.74,275.7,75.75,2098.1,75.76,133.3,75.77,503.5
1700000651.5,1303,75.72,0.03999999999999204,75.7,1111.1,75.74,153.0,4250.1,1921.6,75.74,20.5,BUY,2,75.7,1111.1,75.69,590.1,75.68,140.7,75.67,399.7,75.66,2008.5,75.74,153.0,75.75,517.3,75.76,416.8,75.77,696.0,75.78,138.5
1700000652.0,1304,75.72,0.060000000000002274,75.69,336.0,75.75,374.9,2883.0,6094.1,75.69,15.2,SELL,5,75.69,336.0,75.68,605.5,75.67,475.8,75.66,831.8,75.65,633.9,75.75,374.9,75.76,398.0,75.77,1375.6,75.78,2972.0,75.79,973.6
1700000652.5,1305,75.72,0.060000000000002274,75.69,484.4,75.75,10.0,3606.6000000000004,2534.1,75.69,198.7,SELL,3,75.69,484.4,75.68,587.2,75.67,432.4,75.66,668.9,75.65,1433.7,75.75,10.0,75.76,492.3,75.77,25.0,75.78,1559.7,75.79,447.1
1700000653.0,1306,75.72,0.060000000000002274,75.69,118.9,75.75,87.2,3760.1000000000004,1981.9,75.72,0.0,BUY,0,75.69,118.9,75.68,1541.2,75.67,494.2,75.66,786.1,75.65,819.7,75.75,87.2,75.76,881.7,75.77,348.7,75.78,459.4,75.79,204.9
1700000653.5,1307,75.72,0.060000000000002274,75.69,65.9,75.75,19.6,2926.8,5715.1,75.75,19.7,BUY,2,75.69,65.9,75.68,77.0,75.67,1724.3,75.66,544.9,75.65,514.7,75.75,19.6,75.76,120.1,75.77,49.8,75.78,2103.1,75.79,3422.5
1700000654.0,1308,75.71000000000001,0.04000000000000625,75.69,104.5,75.73,25.9,3644.0,4242.8,75.71000000000001,0.0,BUY,0,75.69,104.5,75.68,1986.6,75.67,295.1,75.66,82.1,75.65,1175.7,75.73,25.9,75.74,1399.1,75.75,293.3,75.76,44.1,75.77,2480.4
1700000654.5,1309,75.70500000000001,0.04999999999999716,75.68,54.6,75.73,494.2,472.6,8440.4,75.73,51.7,BUY,4,75.68,54.6,75.67,133.4,75.66,173.0,75.65,10.0,75.64,101.6,75.73,494.2,75.74,3501.0,75.75,1375.0,75.76,1984.7,75.77,1085.5
1700000655.0,1310,75.71000000000001,0.05999999999998806,75.68,75.4,75.74,418.2,1603.7,4680.700000000001,75.71000000000001,0.0,BUY,0,75.68,75.4,75.67,263.7,75.66,602.7,75.65,115.9,75.64,546.0,75.74,418.2,75.75,1218.5,75.76,148.7,75.77,480.0,75.78,2415.3
1700000655.5,1311,75.7,0.060000000000002274,75.67,149.1,75.73,186.6,4050.6,3980.9999999999995,75.67,52.5,SELL,1,75.67,149.1,75.66,266.8,75.65,322.0,75.64,3070.0,75.63,242.7,75.73,186.6,75.74,252.7,75.75,704.4,75.76,1760.7,75.77,1076.6
1700000656.0,1312,75.70500000000001,0.04999999999999716,75.68,320.7,75.73,45.8,2040.4,3406.6,75.68,32.9,SELL,3,75.68,320.7,75.67,18.5,75.66,156.6,75.65,104.2,75.64,1440.4,75.73,45.8,75.74,1426.0,75.75,883.7,75.76,132.2,75.77,918.9
1700000656.5,1313,75.71000000000001,0.05999999999998806,75.68,929.4,75.74,184.0,6684.7,4999.5,75.74,39.8,BUY,3,75.68,929.4,75.67,133.8,75.66,266.2,75.65,2113.1,75.64,3242.2,75.74,184.0,75.75,905.8,75.76,82.7,75.77,3018.9,75.78,808.1
1700000657.0,1314,75.70500000000001,0.04999999999999716,75.68,185.4,75.73,152.7,2211.6,3698.3999999999996,75.73,7.2,BUY,2,75.68,185.4,75.67,366.9,75.66,1219.2,75.65,121.1,75.64,319.0,75.73,152.7,75.74,750.8,75.75,1083.3,75.76,677.4,75.77,1034.2
1700000657.5,1315,75.70500000000001,0.04999999999999716,75.68,15.3,75.73,108.0,6342.400000000001,4618.5,75.68,91.4,SELL,1,75.68,15.3,75.67,114.6,75.66,2692.4,75.65,2324.4,75.64,1195.7,75.73,108.0,75.74,726.0,75.75,862.4,75.76,782.1,75.77,2140.0
1700000658.0,1316,75.71000000000001,0.04000000000000625,75.69,352.9,75.73,562.7,4733.3,2128.5,75.69,51.1,SELL,2,75.69,352.9,75.68,836.5,75.67,536.9,75.66,1640.3,75.65,1366.7,75.73,562.7,75.74,93.6,75.75,209.6,75.76,647.0,75.77,615.6
1700000658.5,1317,75.7,0.060000000000002274,75.67,65.2,75.73,487.3,1219.9,5429.400000000001,75.7,0.0,BUY,0,75.67,65.2,75.66,110.4,75.65,463.5,75.64,50.5,75.63,530.3,75.73,487.3,75.74,4127.2,75.75,203.3,75.76,232.1,75.77,379.5
1700000659.0,1318,75.7,0.060000000000002274,75.67,616.1,75.73,27.8,5609.099999999999,2717.8,75.7,0.0,BUY,0,75.67,616.1,75.66,381.3,75.65,2392.2,75.64,2167.7,75.63,51.8,75.73,27.8,75.74,252.9,75.75,1326.1,75.76,546.2,75.77,564.8
1700000659.5,1319,75.7,0.060000000000002274,75.67,23.3,75.73,94.1,2761.6000000000004,3338.3999999999996,75.7,0.0,BUY,0,75.67,23.3,75.66,954.0,75.65,243.9,75.64,905.6,75.63,634.8,75.73,94.1,75.74,1021.8,75.75,60.3,75.76,278.9,75.77,1883.3
1700000660.0,1320,75.7,0.060000000000002274,75.67,363.1,75.73,2253.7,4050.7000000000003,9463.2,75.73,109.0,BUY,1,75.67,363.1,75.66,1302.2,75.65,171.6,75.64,1543.4,75.63,670.4,75.73,2253.7,75.74,335.8,75.75,470.2,75.76,3476.8,75.77,2926.7
1700000660.5,1321,75.7,0.060000000000002274,75.67,283.6,75.73,321.0,4695.5,5380.6,75.7,0.0,BUY,0,75.67,283.6,75.66,109.7,75.65,28.7,75.64,2242.4,75.63,2031.1,75.73,321.0,75.74,141.8,75.75,1487.6,75.76,2738.4,75.77,691.8
1700000661.0,1322,75.71000000000001,0.04000000000000625,75.69,738.9,75.73,132.2,2892.7,5026.1,75.69,18.7,SELL,3,75.69,738.9,75.68,204.7,75.67,277.8,75.66,433.4,75.65,1237.9,75.73,132.2,75.74,1107.3,75.75,167.8,75.76,1297.0,75.77,2321.8
1700000661.5,1323,75.70500000000001,0.04999999999999716,75.68,1007.6,75.73,543.6,2032.0,3313.0,75.73,5.4,BUY,4,75.68,1007.6,75.67,48.5,75.66,44.2,75.65,412.6,75.64,519.1,75.73,543.6,75.74,462.6,75.75,346.6,75.76,1095.6,75.77,864.6
1700000662.0,1324,75.70500000000001,0.04999999999999716,75.68,117.7,75.73,89.3,3506.7000000000003,2949.3,75.70500000000001,0.0,BUY,0,75.68,117.7,75.67,223.8,75.66,305.2,75.65,647.2,75.64,2212.8,75.73,89.3,75.74,1185.4,75.75,606.2,75.76,470.7,75.77,597.7
1700000662.5,1325,75.7,0.060000000000002274,75.67,33.6,75.73,236.7,4125.700000000001,3646.2999999999997,75.67,11.7,SELL,3,75.67,33.6,75.66,1388.3,75.65,1065.4,75.64,288.8,75.63,1349.6,75.73,236.7,75.74,201.4,75.75,1765.1,75.76,1346.0,75.77,97.1
1700000663.0,1326,75.7,0.060000000000002274,75.67,30.7,75.73,940.5,5800.1,7893.5,75.67,66.1,SELL,3,75.67,30.7,75.66,476.8,75.65,1410.1,75.64,1954.6,75.63,1927.9,75.73,940.5,75.74,219.9,75.75,2663.5,75.76,754.1,75.77,3315.5
1700000663.5,1327,75.69,0.060000000000002274,75.66,171.4,75.72,579.8,1814.7,4162.1,75.72,44.0,BUY,3,75.66,171.4,75.65,55.2,75.64,894.4,75.63,501.9,75.62,191.8,75.72,579.8,75.73,2552.7,75.74,137.8,75.75,100.6,75.76,791.2
1700000664.0,1328,75.685,0.04999999999999716,75.66,928.0,75.71,697.6,5425.099999999999,3770.2000000000003,75.71,5.0,BUY,2,75.66,928.0,75.65,426.9,75.64,951.3,75.63,2393.6,75.62,725.3,75.71,697.6,75.72,366.1,75.73,339.6,75.74,2231.9,75.75,135.0
1700000664.5,1329,75.68,0.04000000000000625,75.66,812.8,75.7,68.2,5158.7,1862.8000000000002,75.66,7.9,SELL,4,75.66,812.8,75.65,309.9,75.64,1664.2,75.63,868.4,75.62,1503.4,75.7,68.2,75.71,442.1,75.72,618.4,75.73,673.2,75.74,60.9
1700000665.0,1330,75.69,0.060000000000002274,75.66,1861.1,75.72,100.6,3748.9999999999995,4301.9,75.66,8.2,SELL,1,75.66,1861.1,75.65,633.3,75.64,537.3,75.63,411.2,75.62,306.1,75.72,100.6,75.73,831.5,75.74,419.5,75.75,1682.1,75.76,1268.2
1700000665.5,1331,75.69,0.060000000000002274,75.66,1156.7,75.72,246.9,4026.5000000000005,2442.2999999999997,75.66,51.2,SELL,2,75.66,1156.7,75.65,642.1,75.64,386.8,75.63,315.3,75.62,1525.6,75.72,246.9,75.73,720.9,75.74,1071.6,75.75,135.7,75.76,267.2
1700000666.0,1332,75.69,0.060000000000002274,75.66,752.7,75.72,155.3,3466.6000000000004,4030.3999999999996,75.66,18.2,SELL,1,75.66,752.7,75.65,60.1,75.64,1001.1,75.63,368.8,75.62,1283.9,75.72,155.3,75.73,128.4,75.74,366.0,75.75,2125.5,75.76,1255.2
1700000666.5,1333,75.69,0.060000000000002274,75.66,273.8,75.72,33.4,2361.1000000000004,4213.299999999999,75.66,22.1,SELL,1,75.66,273.8,75.65,369.1,75.64,193.7,75.63,917.7,75.62,606.8,75.72,33.4,75.73,169.8,75.74,1613.0,75.75,683.5,75.76,1713.6
1700000667.0,1334,75.69,0.060000000000002274,75.66,56.7,75.72,754.7,2871.3,3725.1000000000004,75.69,0.0,BUY,0,75.66,56.7,75.65,340.1,75.64,38.2,75.63,80.8,75.62,2355.5,75.72,754.7,75.73,272.2,75.74,973.4,75.75,1276.0,75.76,448.8
1700000667.5,1335,75.69,0.060000000000002274,75.66,1181.5,75.72,472.4,2894.4,3830.1,75.72,75.1,BUY,1,75.66,1181.5,75.65,441.9,75.64,676.9,75.63,104.2,75.62,489.9,75.72,472.4,75.73,163.8,75.74,446.1,75.75,1166.2,75.76,1581.6
1700000668.0,1336,75.685,0.04999999999999716,75.66,79.4,75.71,1390.8,4357.099999999999,5095.8,75.66,115.6,SELL,2,75.66,79.4,75.65,1473.0,75.64,764.8,75.63,223.2,75.62,1816.7,75.71,1390.8,75.72,2487.6,75.73,303.3,75.74,287.0,75.75,627.1
1700000668.5,1337,75.69,0.060000000000002274,75.66,396.5,75.72,222.0,5719.8,4515.3,75.72,5.0,BUY,1,75.66,396.5,75.65,1599.7,75.64,1577.2,75.63,897.7,75.62,1248.7,75.72,222.0,75.73,1182.3,75.74,615.6,75.75,784.7,75.76,1710.7
1700000669.0,1338,75.69,0.060000000000002274,75.66,141.1,75.72,518.9,3974.1,4356.700000000001,75.72,21.3,BUY,3,75.66,141.1,75.65,456.4,75.64,404.0,75.63,646.5,75.62,2326.1,75.72,518.9,75.73,1746.1,75.74,418.3,75.75,1265.3,75.76,408.1
1700000669.5,1339,75.69,0.060000000000002274,75.66,624.3,75.72,149.9,2536.1000000000004,3475.1000000000004,75.72,33.9,BUY,3,75.66,624.3,75.65,273.6,75.64,640.0,75.63,254.4,75.62,743.8,75.72,149.9,75.73,36.9,75.74,658.4,75.75,1984.1,75.76,645.8
1700000670.0,1340,75.69,0.060000000000002274,75.66,824.7,75.72,49.0,5611.0,2438.2,75.69,0.0,BUY,0,75.66,824.7,75.65,935.8,75.64,138.6,75.63,1932.6,75.62,1779.3,75.72,49.0,75.73,1233.0,75.74,183.2,75.75,10.0,75.76,963.0
1700000670.5,1341,75.69,0.060000000000002274,75.66,257.0,75.72,831.4,3989.4,6798.2,75.69,0.0,BUY,0,75.66,257.0,75.65,478.6,75.64,556.2,75.63,1966.2,75.62,731.4,75.72,831.4,75.73,383.7,75.74,1960.1,75.75,690.1,75.76,2932.9
1700000671.0,1342,75.685,0.04999999999999716,75.66,117.8,75.71,408.9,4197.799999999999,5297.5,75.66,24.7,SELL,2,75.66,117.8,75.65,1444.7,75.64,411.6,75.63,322.6,75.62,1901.1,75.71,408.9,75.72,341.6,75.73,403.8,75.74,1937.3,75.75,2205.9
1700000671.5,1343,75.68,0.04000000000000625,75.66,674.9,75.7,106.4,6195.0,5187.6,75.7,7.9,BUY,3,75.66,674.9,75.65,1720.6,75.64,1962.6,75.63,581.9,75.62,1255.0,75.7,106.4,75.71,524.8,75.72,399.1,75.73,270.9,75.74,3886.4
1700000672.0,1344,75.68,0.04000000000000625,75.66,1384.4,75.7,308.2,3724.5,3334.9,75.66,61.1,SELL,4,75.66,1384.4,75.65,900.4,75.64,167.5,75.63,42.6,75.62,1229.6,75.7,308.2,75.71,400.0,75.72,306.6,75.73,2174.7,75.74,145.4
1700000672.5,1345,75.685,0.04999999999999716,75.66,339.6,75.71,409.4,7452.7,4610.5,75.71,8.8,BUY,1,75.66,339.6,75.65,690.3,75.64,952.3,75.63,5027.7,75.62,442.8,75.71,409.4,75.72,590.4,75.73,587.0,75.74,299.4,75.75,2724.3
1700000673.0,1346,75.68,0.05999999999998806,75.65,922.5,75.71,67.2,3879.8,3843.1000000000004,75.65,81.3,SELL,3,75.65,922.5,75.64,455.1,75.63,436.3,75.62,879.2,75.61,1186.7,75.71,67.2,75.72,336.9,75.73,1084.9,75.74,288.7,75.75,2065.4
1700000673.5,1347,75.67,0.060000000000002274,75.64,1120.4,75.7,919.9,6222.4,1729.1000000000001,75.7,29.5,BUY,1,75.64,1120.4,75.63,1156.3,75.62,293.1,75.61,2906.9,75.6,745.7,75.7,919.9,75.71,152.4,75.72,338.6,75.73,176.9,75.74,141.3
1700000674.0,1348,75.66,0.060000000000002274,75.63,31.3,75.69,413.9,2569.3999999999996,3766.1,75.69,17.7,BUY,1,75.63,31.3,75.62,746.8,75.61,1076.3,75.6,257.8,75.59,457.2,75.69,413.9,75.7,1124.6,75.71,1139.0,75.72,73.7,75.73,1014.9
1700000674.5,1349,75.67,0.060000000000002274,75.64,660.5,75.7,391.0,3331.0,5512.800000000001,75.64,21.1,SELL,2,75.64,660.5,75.63,69.0,75.62,221.9,75.61,1316.7,75.6,1062.9,75.7,391.0,75.71,1255.4,75.72,609.2,75.73,2673.6,75.74,583.6
1700000675.0,1350,75.66,0.060000000000002274,75.63,105.6,75.69,381.5,1731.8000000000002,2387.4,75.63,16.4,SELL,1,75.63,105.6,75.62,69.7,75.61,205.7,75.6,566.7,75.59,784.1,75.69,381.5,75.7,118.3,75.71,246.7,75.72,1372.8,75.73,268.1
1700000675.5,1351,72.76,0.060000000000002274,72.73,418.8,72.79,389.4,4241.1,3021.7,72.79,65.6,BUY,2,72.73,418.8,72.72,51.3,72.71,2068.9,72.7,1376.4,72.69,325.7,72.79,389.4,72.8,1174.8,72.81,434.2,72.82,100.3,72.83,923.0
1700000676.0,1352,72.76,0.060000000000002274,72.73,1672.8,72.79,737.2,3673.0999999999995,3434.9,72.76,0.0,BUY,0,72.73,1672.8,72.72,346.8,72.71,51.1,72.7,352.1,72.69,1250.3,72.79,737.2,72.8,897.1,72.81,10.0,72.82,295.8,72.83,1494.8
1700000676.5,1353,72.76,0.060000000000002274,72.73,2244.0,72.79,10.0,4178.1,2125.4,72.73,7.9,SELL,3,72.73,2244.0,72.72,785.1,72.71,261.8,72.7,441.9,72.69,445.3,72.79,10.0,72.8,221.8,72.81,609.1,72.82,91.3,72.83,1193.2
1700000677.0,1354,69.14,0.060000000000002274,69.11,187.5,69.17,294.0,4019.4,4717.2,69.11,23.9,SELL,1,69.11,187.5,69.1,587.4,69.09,1728.9,69.08,744.0,69.07,771.6,69.17,294.0,69.18,1228.2,69.19,835.5,69.2,179.7,69.21,2179.8
1700000677.5,1355,69.15,0.060000000000002274,69.12,60.1,69.18,523.8,4018.7999999999997,6594.0,69.18,21.4,BUY,5,69.12,60.1,69.11,333.5,69.1,1468.1,69.09,288.1,69.08,1869.0,69.18,523.8,69.19,192.9,69.2,3307.9,69.21,78.0,69.22,2491.4
1700000678.0,1356,69.15,0.060000000000002274,69.12,11.6,69.18,373.4,3989.1,3077.5,69.18,32.8,BUY,1,69.12,11.6,69.11,457.5,69.1,381.2,69.09,289.7,69.08,2849.1,69.18,373.4,69.19,112.2,69.2,1188.8,69.21,467.7,69.22,935.4
1700000678.5,1357,69.16,0.060000000000002274,69.13,217.2,69.19,817.7,2141.6,2340.1,69.13,64.3,SELL,3,69.13,217.2,69.12,318.6,69.11,80.9,69.1,161.4,69.09,1363.5,69.19,817.7,69.2,220.1,69.21,80.9,69.22,698.9,69.23,522.5
1700000679.0,1358,69.16,0.060000000000002274,69.13,517.1,69.19,320.8,1372.5,3784.8,69.13,38.3,SELL,2,69.13,517.1,69.12,23.7,69.11,283.0,69.1,311.4,69.09,237.3,69.19,320.8,69.2,910.2,69.21,256.3,69.22,996.1,69.23,1301.4
1700000679.5,1359,69.16,0.060000000000002274,69.13,235.2,69.19,1399.3,3773.7,6620.1,69.13,59.9,SELL,2,69.13,235.2,69.12,2102.6,69.11,41.0,69.1,431.5,69.09,963.4,69.19,1399.3,69.2,1991.7,69.21,945.6,69.22,770.0,69.23,1513.5
1700000680.0,1360,69.16,0.060000000000002274,69.13,717.0,69.19,79.7,2707.9,2548.1,69.13,47.4,SELL,2,69.13,717.0,69.12,299.4,69.11,1268.9,69.1,378.4,69.09,44.2,69.19,79.7,69.2,347.6,69.21,1009.3,69.22,1080.1,69.23,31.4
1700000680.5,1361,69.16,0.060000000000002274,69.13,225.1,69.19,1155.1,1718.0,2622.7999999999997,69.16,0.0,BUY,0,69.13,225.1,69.12,661.6,69.11,509.2,69.1,132.0,69.09,190.1,69.19,1155.1,69.2,128.6,69.21,1035.5,69.22,97.9,69.23,205.7
1700000681.0,1362,69.15,0.060000000000002274,69.12,22.2,69.18,371.3,3411.8,4238.7,69.18,50.8,BUY,1,69.12,22.2,69.11,10.0,69.1,274.8,69.09,1401.2,69.08,1703.6,69.18,371.3,69.19,470.0,69.2,2054.2,69.21,991.6,69.22,351.6
1700000681.5,1363,69.15,0.04000000000000625,69.13,117.2,69.17,32.0,5605.8,3306.6,69.13,18.8,SELL,1,69.13,117.2,69.12,490.3,69.11,897.7,69.1,3532.5,69.09,568.1,69.17,32.0,69.18,310.6,69.19,1700.6,69.2,165.9,69.21,1097.5
1700000682.0,1364,69.15,0.060000000000002274,69.12,138.4,69.18,95.0,2253.2,5089.4,69.18,5.0,BUY,3,69.12,138.4,69.11,568.4,69.1,10.0,69.09,793.8,69.08,742.6,69.18,95.0,69.19,209.6,69.2,15.3,69.21,1626.4,69.22,3143.1
1700000682.5,1365,69.14,0.03999999999999204,69.12,1910.2,69.16,85.0,6067.6,5247.000000000001,69.14,0.0,BUY,0,69.12,1910.2,69.11,721.4,69.1,123.8,69.09,154.9,69.08,3157.3,69.16,85.0,69.17,3755.1,69.18,867.2,69.19,231.6,69.2,308.1
1700000683.0,1366,69.13,0.060000000000002274,69.1,1177.0,69.16,1188.5,2296.9,5460.4,69.16,23.9,BUY,1,69.1,1177.0,69.09,628.5,69.08,22.1,69.07,242.9,69.06,226.4,69.16,1188.5,69.17,578.9,69.18,348.6,69.19,1299.7,69.2,2044.7
1700000683.5,1367,69.14,0.060000000000002274,69.11,264.0,69.17,1482.1,2648.1,4131.2,69.17,5.0,BUY,1,69.11,264.0,69.1,57.3,69.09,612.9,69.08,145.6,69.07,1568.3,69.17,1482.1,69.18,51.8,69.19,172.0,69.2,1669.6,69.21,755.7
1700000684.0,1368,69.14,0.060000000000002274,69.11,388.9,69.17,717.8,5845.9,2707.0,69.14,0.0,BUY,0,69.11,388.9,69.1,501.3,69.09,2215.9,69.08,390.1,69.07,2349.7,69.17,717.8,69.18,555.6,69.19,325.5,69.2,239.8,69.21,868.3
1700000684.5,1369,69.14,0.03999999999999204,69.12,353.3,69.16,114.9,2367.2000000000003,1508.2000000000003,69.14,0.0,BUY,0,69.12,353.3,69.11,958.6,69.1,680.2,69.09,189.0,69.08,186.1,69.16,114.9,69.17,316.7,69.18,343.3,69.19,378.4,69.2,354.9
1700000685.0,1370,69.15,0.060000000000002274,69.12,27.4,69.18,2093.6,4215.0,4222.400000000001,69.12,82.0,SELL,1,69.12,27.4,69.11,660.1,69.1,167.3,69.09,1116.2,69.08,2244.0,69.18,2093.6,69.19,26.9,69.2,903.9,69.21,1085.2,69.22,112.8
1700000685.5,1371,69.14,0.060000000000002274,69.11,113.6,69.17,52.0,5069.6,2944.3,69.14,0.0,BUY,0,69.11,113.6,69.1,86.1,69.09,2471.8,69.08,1134.6,69.07,1263.5,69.17,52.0,69.18,1119.7,69.19,70.9,69.2,52.9,69.21,1648.8
1700000686.0,1372,69.14,0.03999999999999204,69.12,277.1,69.16,412.6,3434.2,4464.0,69.12,79.8,SELL,1,69.12,277.1,69.11,368.3,69.1,1002.8,69.09,169.2,69.08,1616.8,69.16,412.6,69.17,1202.0,69.18,914.7,69.19,821.7,69.2,1113.0
1700000686.5,1373,69.14,0.060000000000002274,69.11,268.8,69.17,406.2,3466.4,3779.2999999999993,69.17,27.9,BUY,3,69.11,268.8,69.1,190.8,69.09,167.7,69.08,2079.2,69.07,759.9,69.17,406.2,69.18,2791.7,69.19,10.0,69.2,347.2,69.21,224.2
1700000687.0,1374,69.14,0.060000000000002274,69.11,10.0,69.17,966.6,3269.7,3761.0,69.14,0.0,BUY,0,69.11,10.0,69.1,618.9,69.09,984.1,69.08,989.0,69.07,667.7,69.17,966.6,69.18,94.6,69.19,466.0,69.2,609.2,69.21,1624.6
1700000687.5,1375,69.14,0.03999999999999204,69.12,319.6,69.16,137.0,1932.8,3063.7,69.14,0.0,BUY,0,69.12,319.6,69.11,286.2,69.1,284.8,69.09,435.9,69.08,606.3,69.16,137.0,69.17,841.0,69.18,223.4,69.19,890.5,69.2,971.8
1700000688.0,1376,69.14,0.060000000000002274,69.11,61.7,69.17,1838.9,3709.3999999999996,3326.5,69.14,0.0,BUY,0,69.11,61.7,69.1,155.3,69.09,737.5,69.08,1061.1,69.07,1693.8,69.17,1838.9,69.18,16.6,69.19,754.0,69.2,591.7,69.21,125.3
1700000688.5,1377,69.14,0.060000000000002274,69.11,115.4,69.17,618.0,2068.1,3774.6,69.17,7.8,BUY,4,69.11,115.4,69.1,396.7,69.09,298.7,69.08,163.5,69.07,1093.8,69.17,618.0,69.18,105.5,69.19,349.9,69.2,2425.7,69.21,275.5
1700000689.0,1378,72.72,0.060000000000002274,72.69,454.8,72.75,10.0,2849.7999999999997,3384.2,72.69,7.1,SELL,1,72.69,454.8,72.68,138.5,72.67,922.8,72.66,334.8,72.65,998.9,72.75,10.0,72.76,697.1,72.77,707.8,72.78,82.8,72.79,1886.5
1700000689.5,1379,72.73,0.060000000000002274,72.7,288.9,72.76,594.4,3566.7999999999997,2395.5,72.7,50.9,SELL,2,72.7,288.9,72.69,803.6,72.68,614.7,72.67,819.0,72.66,1040.6,72.76,594.4,72.77,599.5,72.78,264.6,72.79,222.2,72.8,714.8
1700000690.0,1380,72.72,0.060000000000002274,72.69,143.5,72.75,95.0,3795.6,4595.0,72.75,24.8,BUY,2,72.69,143.5,72.68,930.8,72.67,50.6,72.66,878.3,72.65,1792.4,72.75,95.0,72.76,3078.6,72.77,865.8,72.78,545.6,72.79,10.0
1700000690.5,1381,72.71000000000001,0.04000000000000625,72.69,88.0,72.73,50.9,4902.7,2022.8999999999999,72.69,9.5,SELL,4,72.69,88.0,72.68,265.8,72.67,54.1,72.66,1520.2,72.65,2974.6,72.73,50.9,72.74,523.1,72.75,223.0,72.76,364.6,72.77,861.3
1700000691.0,1382,72.70500000000001,0.04999999999999716,72.68,605.2,72.73,453.3,3769.1000000000004,1938.5,72.68,5.0,SELL,1,72.68,605.2,72.67,1100.4,72.66,355.4,72.65,90.4,72.64,1617.7,72.73,453.3,72.74,388.6,72.75,597.3,72.76,300.3,72.77,199.0
1700000691.5,1383,72.72,0.060000000000002274,72.69,341.0,72.75,303.8,7576.700000000001,2294.8,72.69,13.9,SELL,2,72.69,341.0,72.68,629.0,72.67,3072.0,72.66,221.6,72.65,3313.1,72.75,303.8,72.76,761.3,72.77,201.0,72.78,642.9,72.79,385.8
1700000692.0,1384,72.72,0.03999999999999204,72.7,322.3,72.74,320.9,3865.4,5377.299999999999,72.7,7.8,SELL,1,72.7,322.3,72.69,1487.4,72.68,1027.3,72.67,166.9,72.66,861.5,72.74,320.9,72.75,90.1,72.76,182.3,72.77,1607.6,72.78,3176.4
1700000692.5,1385,72.72,0.060000000000002274,72.69,292.0,72.75,814.2,5572.2,2627.8,72.69,45.6,SELL,3,72.69,292.0,72.68,315.1,72.67,101.3,72.66,429.4,72.65,4434.4,72.75,814.2,72.76,999.7,72.77,107.6,72.78,162.4,72.79,543.9
1700000693.0,1386,72.70500000000001,0.04999999999999716,72.68,329.5,72.73,229.9,3541.2,3097.7000000000003,72.73,30.4,BUY,1,72.68,329.5,72.67,1539.8,72.66,187.5,72.65,123.1,72.64,1361.3,72.73,229.9,72.74,1691.0,72.75,169.6,72.76,94.8,72.77,912.4
1700000693.5,1387,72.71000000000001,0.04000000000000625,72.69,724.2,72.73,619.8,3121.3,2049.7000000000003,72.73,43.0,BUY,3,72.69,724.2,72.68,917.3,72.67,855.9,72.66,553.4,72.65,70.5,72.73,619.8,72.74,54.0,72.75,864.6,72.76,345.4,72.77,165.9
1700000694.0,1388,72.71000000000001,0.05999999999998806,72.68,10.9,72.74,1481.2,4383.1,3891.1,72.74,37.0,BUY,3,72.68,10.9,72.67,165.4,72.66,1062.9,72.65,580.0,72.64,2563.9,72.74,1481.2,72.75,33.7,72.76,1477.0,72.77,847.6,72.78,51.6
1700000694.5,1389,72.72,0.060000000000002274,72.69,405.6,72.75,25.6,2574.9,2890.2999999999997,72.75,7.4,BUY,1,72.69,405.6,72.68,121.8,72.67,73.9,72.66,373.4,72.65,1600.2,72.75,25.6,72.76,1187.9,72.77,748.2,72.78,475.0,72.79,453.6
1700000695.0,1390,72.72,0.060000000000002274,72.69,467.1,72.75,165.4,4940.2,2909.5,72.69,21.4,SELL,3,72.69,467.1,72.68,77.4,72.67,624.3,72.66,1914.4,72.65,1857.0,72.75,165.4,72.76,115.6,72.77,143.2,72.78,172.6,72.79,2312.7
1700000695.5,1391,72.72,0.060000000000002274,72.69,203.3,72.75,444.1,2835.5,9298.099999999999,72.69,78.3,SELL,2,72.69,203.3,72.68,162.7,72.67,435.1,72.66,1366.2,72.65,668.2,72.75,444.1,72.76,2764.0,72.77,468.2,72.78,253.1,72.79,5368.7
1700000696.0,1392,72.72,0.060000000000002274,72.69,74.4,72.75,316.5,1731.2,1599.2000000000003,72.75,58.5,BUY,2,72.69,74.4,72.68,502.7,72.67,60.5,72.66,795.4,72.65,298.2,72.75,316.5,72.76,64.0,72.77,440.1,72.78,684.7,72.79,93.9
1700000696.5,1393,72.72,0.060000000000002274,72.69,217.9,72.75,628.7,951.0999999999999,2979.5,72.75,61.5,BUY,3,72.69,217.9,72.68,341.1,72.67,298.3,72.66,68.9,72.65,24.9,72.75,628.7,72.76,927.0,72.77,453.9,72.78,545.5,72.79,424.4
1700000697.0,1394,72.71000000000001,0.05999999999998806,72.68,26.1,72.74,598.2,983.6999999999999,6950.2,72.74,40.9,BUY,2,72.68,26.1,72.67,242.8,72.66,53.4,72.65,404.5,72.64,256.9,72.74,598.2,72.75,1856.0,72.76,473.3,72.77,2776.7,72.78,1246.0
1700000697.5,1395,72.7,0.060000000000002274,72.67,2854.1,72.73,2619.2,5037.3,7949.999999999999,72.67,20.5,SELL,1,72.67,2854.1,72.66,184.6,72.65,1015.0,72.64,113.8,72.63,869.8,72.73,2619.2,72.74,704.1,72.75,1174.5,72.76,3403.0,72.77,49.2
1700000698.0,1396,72.69,0.060000000000002274,72.66,384.5,72.72,240.1,2355.0,4877.2,72.72,9.3,BUY,1,72.66,384.5,72.65,245.3,72.64,1576.2,72.63,46.5,72.62,102.5,72.72,240.1,72.73,357.0,72.74,1474.3,72.75,2089.6,72.76,716.2
1700000698.5,1397,72.69,0.060000000000002274,72.66,376.4,72.72,347.6,4892.7,3687.5999999999995,72.72,59.6,BUY,2,72.66,376.4,72.65,296.0,72.64,810.3,72.63,758.8,72.62,2651.2,72.72,347.6,72.73,1103.5,72.74,444.5,72.75,966.3,72.76,825.7
1700000699.0,1398,72.69,0.060000000000002274,72.66,145.6,72.72,175.7,7494.5,3093.1,72.72,5.0,BUY,1,72.66,145.6,72.65,519.4,72.64,5233.6,72.63,664.7,72.62,931.2,72.72,175.7,72.73,436.7,72.74,63.9,72.75,904.3,72.76,1512.5
1700000699.5,1399,72.69,0.060000000000002274,72.66,868.8,72.72,28.1,2404.0,912.8,72.72,31.4,BUY,1,72.66,868.8,72.65,463.4,72.64,69.3,72.63,159.9,72.62,842.6,72.72,28.1,72.73,220.3,72.74,330.7,72.75,59.3,72.76,274.4
1700000700.0,1400,72.69,0.060000000000002274,72.66,563.3,72.72,366.3,5244.700000000001,2173.6,72.72,51.2,BUY,1,72.66,563.3,72.65,142.1,72.64,145.3,72.63,1513.7,72.62,2880.3,72.72,366.3,72.73,122.0,72.74,796.8,72.75,631.5,72.76,257.0
1700000700.5,1401,72.7,0.060000000000002274,72.67,168.8,72.73,78.0,3183.3999999999996,3566.2000000000003,72.67,73.3,SELL,2,72.67,168.8,72.66,202.4,72.65,2595.2,72.64,207.0,72.63,10.0,72.73,78.0,72.74,999.9,72.75,1872.9,72.76,484.8,72.77,130.6
1700000701.0,1402,72.7,0.03999999999999204,72.68,809.8,72.72,737.0,2846.2000000000003,2252.3,72.72,103.0,BUY,1,72.68,809.8,72.67,165.9,72.66,984.7,72.65,74.9,72.64,810.9,72.72,737.0,72.73,173.3,72.74,661.2,72.75,96.8,72.76,584.0
1700000701.5,1403,72.7,0.060000000000002274,72.67,788.3,72.73,204.5,3582.9999999999995,4611.8,72.73,65.5,BUY,2,72.67,788.3,72.66,365.9,72.65,755.1,72.64,1635.1,72.63,38.6,72.73,204.5,72.74,830.9,72.75,725.0,72.76,1409.5,72.77,1441.9
1700000702.0,1404,72.7,0.060000000000002274,72.67,83.6,72.73,78.0,2232.5,7031.900000000001,72.67,15.9,SELL,3,72.67,83.6,72.66,20.3,72.65,10.0,72.64,963.1,72.63,1155.5,72.73,78.0,72.74,163.6,72.75,4979.6,72.76,1581.7,72.77,229.0
1700000702.5,1405,72.7,0.060000000000002274,72.67,339.0,72.73,213.2,5314.099999999999,1794.3999999999999,72.73,66.2,BUY,3,72.67,339.0,72.66,834.5,72.65,732.7,72.64,3304.2,72.63,103.7,72.73,213.2,72.74,213.5,72.75,866.8,72.76,438.3,72.77,62.6
1700000703.0,1406,72.69,0.060000000000002274,72.66,562.6,72.72,13.9,3810.0,2142.4,72.72,26.1,BUY,1,72.66,562.6,72.65,1164.1,72.64,1288.0,72.63,433.3,72.62,362.0,72.72,13.9,72.73,157.5,72.74,1062.1,72.75,814.2,72.76,94.7
1700000703.5,1407,72.69,0.03999999999999204,72.67,229.1,72.71,47.3,2999.7,8927.7,72.71,12.0,BUY,1,72.67,229.1,72.66,1072.0,72.65,353.4,72.64,264.4,72.63,1080.8,72.71,47.3,72.72,554.8,72.73,391.3,72.74,1177.0,72.75,6757.3
1700000704.0,1408,72.69,0.060000000000002274,72.66,406.1,72.72,674.6,2939.5,2934.3,72.72,29.7,BUY,4,72.66,406.1,72.65,1405.5,72.64,219.4,72.63,242.9,72.62,665.6,72.72,674.6,72.73,812.9,72.74,899.5,72.75,416.4,72.76,130.9
1700000704.5,1409,72.7,0.03999999999999204,72.68,223.1,72.72,325.1,2496.2999999999997,2366.2999999999997,72.72,62.1,BUY,1,72.68,223.1,72.67,136.6,72.66,758.8,72.65,1109.7,72.64,268.1,72.72,325.1,72.73,326.7,72.74,822.3,72.75,515.5,72.76,376.7
1700000705.0,1410,72.7,0.060000000000002274,72.67,682.7,72.73,10.3,4033.0,5923.4,72.73,55.4,BUY,2,72.67,682.7,72.66,617.9,72.65,1966.5,72.64,407.1,72.63,358.8,72.73,10.3,72.74,1836.8,72.75,1014.8,72.76,896.9,72.77,2164.6
1700000705.5,1411,72.69,0.060000000000002274,72.66,56.7,72.72,803.5,2343.8,2776.6,72.66,5.0,SELL,3,72.66,56.7,72.65,132.8,72.64,974.7,72.63,305.3,72.62,874.3,72.72,803.5,72.73,147.7,72.74,410.5,72.75,972.3,72.76,442.6
1700000706.0,1412,72.7,0.060000000000002274,72.67,32.4,72.73,3210.7,5688.5,4832.0,72.67,17.8,SELL,4,72.67,32.4,72.66,1343.6,72.65,614.9,72.64,590.2,72.63,3107.4,72.73,3210.7,72.74,243.1,72.75,218.4,72.76,731.6,72.77,428.2
1700000706.5,1413,72.7,0.060000000000002274,72.67,31.4,72.73,232.0,4038.6000000000004,5821.2,72.67,89.7,SELL,2,72.67,31.4,72.66,986.2,72.65,1624.3,72.64,480.8,72.63,915.9,72.73,232.0,72.74,1723.0,72.75,417.7,72.76,10.0,72.77,3438.5
1700000707.0,1414,72.86,0.060000000000002274,72.83,1322.8,72.89,274.0,2891.7,3674.3,72.83,32.9,SELL,4,72.83,1322.8,72.82,62.3,72.81,77.4,72.8,1201.2,72.79,228.0,72.89,274.0,72.9,59.4,72.91,1277.7,72.92,927.9,72.93,1135.3
1700000707.5,1415,72.86,0.060000000000002274,72.83,542.5,72.89,261.4,5278.1,2778.1000000000004,72.86,0.0,BUY,0,72.83,542.5,72.82,81.8,72.81,3476.4,72.8,419.3,72.79,758.1,72.89,261.4,72.9,267.6,72.91,315.8,72.92,672.6,72.93,1260.7
1700000708.0,1416,72.86,0.060000000000002274,72.83,90.6,72.89,508.0,5583.799999999999,2263.3,72.89,92.8,BUY,3,72.83,90.6,72.82,498.4,72.81,3539.0,72.8,833.9,72.79,621.9,72.89,508.0,72.9,507.1,72.91,783.4,72.92,146.5,72.93,318.3
1700000708.5,1417,72.86,0.060000000000002274,72.83,119.2,72.89,54.3,5038.0,5120.299999999999,72.83,70.7,SELL,3,72.83,119.2,72.82,343.5,72.81,1121.8,72.8,2134.3,72.79,1319.2,72.89,54.3,72.9,380.7,72.91,2404.6,72.92,482.2,72.93,1798.5
1700000709.0,1418,72.85,0.060000000000002274,72.82,445.2,72.88,17.8,985.5,2873.2000000000003,72.88,13.2,BUY,1,72.82,445.2,72.81,70.6,72.8,16.8,72.79,236.6,72.78,216.3,72.88,17.8,72.89,1818.2,72.9,156.9,72.91,271.4,72.92,608.9
1700000709.5,1419,72.85,0.04000000000000625,72.83,901.5,72.87,593.9,1738.5,4779.8,72.87,49.9,BUY,1,72.83,901.5,72.82,10.0,72.81,224.6,72.8,209.7,72.79,392.7,72.87,593.9,72.88,1532.8,72.89,93.1,72.9,1110.2,72.91,1449.8
1700000710.0,1420,72.86,0.03999999999999204,72.84,151.8,72.88,154.2,1611.6,4213.9,72.86,0.0,BUY,0,72.84,151.8,72.83,213.0,72.82,30.9,72.81,583.8,72.8,632.1,72.88,154.2,72.89,683.5,72.9,1235.3,72.91,84.5,72.92,2056.4
1700000710.5,1421,72.86,0.060000000000002274,72.83,1186.4,72.89,454.5,8359.7,3834.8,72.89,41.6,BUY,1,72.83,1186.4,72.82,1018.3,72.81,16.0,72.8,1372.9,72.79,4766.1,72.89,454.5,72.9,426.7,72.91,1032.3,72.92,748.9,72.93,1172.4
1700000711.0,1422,72.87,0.04000000000000625,72.85,84.1,72.89,505.3,3941.3999999999996,3961.9999999999995,72.87,0.0,BUY,0,72.85,84.1,72.84,1220.8,72.83,280.7,72.82,645.6,72.81,1710.2,72.89,505.3,72.9,156.5,72.91,380.8,72.92,1661.8,72.93,1257.6
1700000711.5,1423,73.99,0.060000000000002274,73.96,102.1,74.02,1149.3,3588.5,5366.4,73.96,32.6,SELL,2,73.96,102.1,73.95,34.5,73.94,57.1,73.93,796.2,73.92,2598.6,74.02,1149.3,74.03,502.8,74.04,1188.3,74.05,1597.5,74.06,928.5
1700000712.0,1424,73.99,0.060000000000002274,73.96,123.4,74.02,834.6,3871.1,2042.5,73.96,38.1,SELL,2,73.96,123.4,73.95,1080.4,73.94,285.8,73.93,2352.4,73.92,29.1,74.02,834.6,74.03,312.1,74.04,24.4,74.05,642.4,74.06,229.0
1700000712.5,1425,74.0,0.060000000000002274,73.97,180.2,74.03,1100.5,5428.8,5257.1,73.97,34.1,SELL,1,73.97,180.2,73.96,946.0,73.95,230.7,73.94,3814.9,73.93,257.0,74.03,1100.5,74.04,192.1,74.05,432.4,74.06,339.2,74.07,3192.9
1700000713.0,1426,74.0,0.03999999999999204,73.98,490.1,74.02,293.4,5993.7,4024.6,74.02,45.6,BUY,1,73.98,490.1,73.97,1124.9,73.96,799.2,73.95,2448.7,73.94,1130.8,74.02,293.4,74.03,543.0,74.04,1493.8,74.05,1253.8,74.06,440.6
1700000713.5,1427,74.0,0.060000000000002274,73.97,156.5,74.03,677.1,1409.6999999999998,5522.8,74.0,0.0,BUY,0,73.97,156.5,73.96,395.4,73.95,246.8,73.94,229.6,73.93,381.4,74.03,677.1,74.04,788.4,74.05,1269.0,74.06,1111.1,74.07,1677.2
1700000714.0,1428,74.0,0.060000000000002274,73.97,126.2,74.03,313.8,1992.7,1761.5,74.03,9.8,BUY,1,73.97,126.2,73.96,54.6,73.95,275.0,73.94,492.5,73.93,1044.4,74.03,313.8,74.04,398.6,74.05,327.7,74.06,228.8,74.07,492.6
1700000714.5,1429,74.01,0.060000000000002274,73.98,133.5,74.04,163.8,3072.3,3433.3,74.04,6.6,BUY,1,73.98,133.5,73.97,448.8,73.96,369.6,73.95,593.6,73.94,1526.8,74.04,163.8,74.05,68.0,74.06,301.7,74.07,1242.8,74.08,1657.0
1700000715.0,1430,74.01,0.060000000000002274,73.98,483.4,74.04,10.0,4523.1,2390.2,73.98,5.0,SELL,1,73.98,483.4,73.97,272.3,73.96,341.5,73.95,1880.5,73.94,1545.4,74.04,10.0,74.05,658.7,74.06,825.5,74.07,140.0,74.08,756.0
1700000715.5,1431,74.01,0.060000000000002274,73.98,53.1,74.04,18.3,4256.9,4288.200000000001,73.98,13.6,SELL,2,73.98,53.1,73.97,180.5,73.96,63.8,73.95,1309.3,73.94,2650.2,74.04,18.3,74.05,1233.2,74.06,1130.4,74.07,346.9,74.08,1559.4
1700000716.0,1432,74.01,0.060000000000002274,73.98,794.3,74.04,26.9,1640.4999999999998,3113.4,74.04,5.0,BUY,2,73.98,794.3,73.97,151.2,73.96,420.3,73.95,207.6,73.94,67.1,74.04,26.9,74.05,713.1,74.06,74.1,74.07,1970.4,74.08,328.9
1700000716.5,1433,74.01,0.060000000000002274,73.98,1119.5,74.04,2161.3,4592.5,5914.4,73.98,5.0,SELL,1,73.98,1119.5,73.97,460.1,73.96,953.3,73.95,1243.1,73.94,816.5,74.04,2161.3,74.05,50.2,74.06,1951.1,74.07,1078.9,74.08,672.9
1700000717.0,1434,74.02,0.060000000000002274,73.99,709.3,74.05,750.3,5384.0,4448.599999999999,74.02,0.0,BUY,0,73.99,709.3,73.98,710.9,73.97,382.2,73.96,3479.5,73.95,102.1,74.05,750.3,74.06,722.4,74.07,1379.1,74.08,272.7,74.09,1324.1
1700000717.5,1435,74.02,0.060000000000002274,73.99,322.5,74.05,480.0,3245.3,2727.3999999999996,73.99,41.3,SELL,3,73.99,322.5,73.98,1474.8,73.97,300.7,73.96,760.8,73.95,386.5,74.05,480.0,74.06,812.2,74.07,586.9,74.08,635.6,74.09,212.7
1700000718.0,1436,74.02,0.060000000000002274,73.99,50.6,74.05,662.1,4416.0,3354.6000000000004,74.05,55.0,BUY,1,73.99,50.6,73.98,939.3,73.97,456.9,73.96,1559.3,73.95,1409.9,74.05,662.1,74.06,1026.2,74.07,776.8,74.08,444.6,74.09,444.9
1700000718.5,1437,74.02,0.060000000000002274,73.99,209.0,74.05,1350.8,7145.4,4443.099999999999,73.99,5.0,SELL,4,73.99,209.0,73.98,460.6,73.97,2681.0,73.96,348.4,73.95,3446.4,74.05,1350.8,74.06,2172.6,74.07,390.3,74.08,383.7,74.09,145.7
1700000719.0,1438,74.01,0.060000000000002274,73.98,811.6,74.04,173.4,8176.599999999999,3331.0,73.98,59.6,SELL,1,73.98,811.6,73.97,1004.5,73.96,895.6,73.95,4444.4,73.94,1020.5,74.04,173.4,74.05,615.3,74.06,349.3,74.07,300.4,74.08,1892.6
1700000719.5,1439,74.01,0.060000000000002274,73.98,14.1,74.04,144.7,3095.5,3210.8999999999996,73.98,6.4,SELL,2,73.98,14.1,73.97,910.3,73.96,1321.9,73.95,125.1,73.94,724.1,74.04,144.7,74.05,779.4,74.06,566.2,74.07,170.3,74.08,1550.3
1700000720.0,1440,74.02000000000001,0.04000000000000625,74.0,46.8,74.04,54.1,3784.8999999999996,2682.4,74.0,50.8,SELL,2,74.0,46.8,73.99,513.9,73.98,659.0,73.97,1442.9,73.96,1122.3,74.04,54.1,74.05,441.8,74.06,953.2,74.07,57.0,74.08,1176.3
1700000720.5,1441,74.02,0.060000000000002274,73.99,218.8,74.05,932.2,3676.6,9472.1,74.02,0.0,BUY,0,73.99,218.8,73.98,1623.1,73.97,1014.4,73.96,423.9,73.95,396.4,74.05,932.2,74.06,392.3,74.07,2959.6,74.08,338.1,74.09,4849.9
1700000721.0,1442,74.02000000000001,0.04000000000000625,74.0,694.0,74.04,464.6,4849.5,5283.8,74.04,113.7,BUY,1,74.0,694.0,73.99,1636.3,73.98,1788.1,73.97,371.3,73.96,359.8,74.04,464.6,74.05,741.4,74.06,666.1,74.07,21.9,74.08,3389.8
1700000721.5,1443,74.02000000000001,0.04000000000000625,74.0,923.5,74.04,129.1,3846.6,1870.6,74.0,71.5,SELL,1,74.0,923.5,73.99,1368.0,73.98,512.1,73.97,1029.1,73.96,13.9,74.04,129.1,74.05,183.4,74.06,89.8,74.07,1208.0,74.08,260.3
1700000722.0,1444,74.02,0.060000000000002274,73.99,1088.4,74.05,486.2,3884.3999999999996,2281.8,73.99,45.1,SELL,2,73.99,1088.4,73.98,202.3,73.97,36.4,73.96,1642.1,73.95,915.2,74.05,486.2,74.06,290.0,74.07,400.7,74.08,264.5,74.09,840.4
1700000722.5,1445,74.02,0.060000000000002274,73.99,24.4,74.05,247.2,2815.0,2385.3,74.02,0.0,BUY,0,73.99,24.4,73.98,232.3,73.97,757.2,73.96,798.5,73.95,1002.6,74.05,247.2,74.06,436.9,74.07,765.2,74.08,537.7,74.09,398.3
1700000723.0,1446,74.02,0.060000000000002274,73.99,584.5,74.05,73.9,1718.8,5241.5,73.99,44.5,SELL,2,73.99,584.5,73.98,25.9,73.97,83.3,73.96,532.4,73.95,492.7,74.05,73.9,74.06,910.3,74.07,3619.7,74.08,161.1,74.09,476.5
1700000723.5,1447,74.01,0.060000000000002274,73.98,201.2,74.04,26.7,2578.2,5365.7,74.01,0.0,BUY,0,73.98,201.2,73.97,357.1,73.96,851.4,73.95,811.3,73.94,357.2,74.04,26.7,74.05,1545.2,74.06,83.1,74.07,934.6,74.08,2776.1
1700000724.0,1448,74.01,0.060000000000002274,73.98,203.8,74.04,371.3,1552.6,5097.7,74.01,0.0,BUY,0,73.98,203.8,73.97,604.4,73.96,579.0,73.95,107.1,73.94,58.3,74.04,371.3,74.05,167.1,74.06,1693.3,74.07,1921.0,74.08,945.0
1700000724.5,1449,74.01,0.060000000000002274,73.98,399.0,74.04,380.7,7746.299999999999,4021.7000000000003,73.98,34.1,SELL,1,73.98,399.0,73.97,54.8,73.96,1395.8,73.95,2824.6,73.94,3072.1,74.04,380.7,74.05,672.3,74.06,440.9,74.07,570.4,74.08,1957.4
1700000725.0,1450,74.01,0.060000000000002274,73.98,46.5,74.04,390.1,1241.5,4066.0,74.04,5.0,BUY,1,73.98,46.5,73.97,332.8,73.96,154.9,73.95,638.8,73.94,68.5,74.04,390.1,74.05,244.0,74.06,218.0,74.07,1603.4,74.08,1610.5
1700000725.5,1451,74.02,0.060000000000002274,73.99,861.2,74.05,671.6,6160.6,4568.3,74.02,0.0,BUY,0,73.99,861.2,73.98,1287.9,73.97,851.9,73.96,1374.0,73.95,1785.6,74.05,671.6,74.06,88.0,74.07,793.2,74.08,2091.0,74.09,924.5
1700000726.0,1452,74.02,0.060000000000002274,73.99,587.9,74.05,309.2,1925.1,2040.3,73.99,52.7,SELL,1,73.99,587.9,73.98,97.4,73.97,437.4,73.96,409.9,73.95,392.5,74.05,309.2,74.06,1052.8,74.07,131.6,74.08,359.0,74.09,187.7
1700000726.5,1453,74.02,0.060000000000002274,73.99,328.5,74.05,71.0,3013.2999999999997,4307.5,74.05,294.9,BUY,4,73.99,328.5,73.98,1330.6,73.97,476.1,73.96,813.0,73.95,65.1,74.05,71.0,74.06,464.9,74.07,10.0,74.08,3041.7,74.09,719.9
1700000727.0,1454,74.02,0.060000000000002274,73.99,32.2,74.05,291.4,5066.4,2681.8,73.99,24.1,SELL,1,73.99,32.2,73.98,69.5,73.97,1291.6,73.96,539.3,73.95,3133.8,74.05,291.4,74.06,629.9,74.07,576.5,74.08,519.2,74.09,664.8
1700000727.5,1455,74.01,0.060000000000002274,73.98,267.3,74.04,179.1,3815.5,6209.9,74.04,91.2,BUY,1,73.98,267.3,73.97,41.3,73.96,218.9,73.95,2407.0,73.94,881.0,74.04,179.1,74.05,835.1,74.06,2644.2,74.07,2040.3,74.08,511.2
1700000728.0,1456,75.05,0.060000000000002274,75.02,603.1,75.08,341.2,2115.8,6258.9,75.02,109.7,SELL,1,75.02,603.1,75.01,239.6,75.0,1052.7,74.99,117.4,74.98,103.0,75.08,341.2,75.09,721.4,75.1,10.0,75.11,1855.4,75.12,3330.9
1700000728.5,1457,75.05,0.060000000000002274,75.02,157.0,75.08,162.8,4024.5,3745.2,75.08,5.0,BUY,3,75.02,157.0,75.01,182.5,75.0,1844.7,74.99,10.6,74.98,1829.7,75.08,162.8,75.09,877.3,75.1,748.2,75.11,1575.2,75.12,381.7
1700000729.0,1458,75.05,0.060000000000002274,75.02,378.1,75.08,29.8,3323.6,3932.6,75.08,47.0,BUY,1,75.02,378.1,75.01,395.1,75.0,183.4,74.99,1270.1,74.98,1096.9,75.08,29.8,75.09,1341.8,75.1,1818.9,75.11,618.0,75.12,124.1
1700000729.5,1459,75.05,0.060000000000002274,75.02,340.9,75.08,78.0,1645.6,1737.5,75.02,9.6,SELL,1,75.02,340.9,75.01,689.3,75.0,410.0,74.99,132.9,74.98,72.5,75.08,78.0,75.09,434.5,75.1,77.5,75.11,420.1,75.12,727.4
1700000730.0,1460,75.05,0.03999999999999204,75.03,493.5,75.07,366.4,2877.9,2799.3,75.03,108.3,SELL,2,75.03,493.5,75.02,57.1,75.01,1623.2,75.0,375.9,74.99,328.2,75.07,366.4,75.08,176.8,75.09,1160.5,75.1,412.9,75.11,682.7
1700000730.5,1461,75.03999999999999,0.04000000000000625,75.02,504.4,75.06,176.9,3977.9,6034.4,75.02,22.9,SELL,3,75.02,504.4,75.01,10.0,75.0,734.2,74.99,812.7,74.98,1916.6,75.06,176.9,75.07,18.7,75.08,250.5,75.09,1630.2,75.1,3958.1
1700000731.0,1462,75.04499999999999,0.04999999999999716,75.02,10.0,75.07,1230.9,6761.0,2678.3,75.02,11.6,SELL,1,75.02,10.0,75.01,4920.2,75.0,47.1,74.99,68.1,74.98,1715.6,75.07,1230.9,75.08,229.7,75.09,347.4,75.1,808.5,75.11,61.8
1700000731.5,1463,75.03999999999999,0.04000000000000625,75.02,150.7,75.06,18.4,5316.1,4897.0,75.02,6.2,SELL,3,75.02,150.7,75.01,914.0,75.0,162.7,74.99,937.6,74.98,3151.1,75.06,18.4,75.07,993.7,75.08,1368.6,75.09,722.0,75.1,1794.3
1700000732.0,1464,75.04499999999999,0.04999999999999716,75.02,205.9,75.07,992.5,2819.6000000000004,4412.0,75.07,21.1,BUY,1,75.02,205.9,75.01,212.5,75.0,971.5,74.99,630.7,74.98,799.0,75.07,992.5,75.08,1514.8,75.09,60.2,75.1,34.3,75.11,1810.2
1700000732.5,1465,75.05,0.060000000000002274,75.02,341.0,75.08,756.1,2224.5,3759.7999999999997,75.08,5.0,BUY,1,75.02,341.0,75.01,142.9,75.0,40.0,74.99,259.0,74.98,1441.6,75.08,756.1,75.09,576.0,75.1,1393.1,75.11,65.2,75.12,969.4
1700000733.0,1466,75.05,0.060000000000002274,75.02,883.7,75.08,674.4,6922.9,3813.2,75.02,39.6,SELL,2,75.02,883.7,75.01,1682.5,75.0,1062.4,74.99,758.7,74.98,2535.6,75.08,674.4,75.09,78.3,75.1,1814.9,75.11,23.1,75.12,1222.5
1700000733.5,1467,75.04499999999999,0.04999999999999716,75.02,351.5,75.07,53.6,5507.6,2697.2,75.02,44.1,SELL,5,75.02,351.5,75.01,876.2,75.0,3282.0,74.99,288.3,74.98,709.6,75.07,53.6,75.08,18.3,75.09,244.8,75.1,1752.8,75.11,627.7
1700000734.0,1468,75.03,0.060000000000002274,75.0,889.1,75.06,404.6,3892.2,1892.2,75.0,16.6,SELL,4,75.0,889.1,74.99,2076.5,74.98,165.2,74.97,356.6,74.96,404.8,75.06,404.6,75.07,37.3,75.08,422.6,75.09,733.2,75.1,294.5
1700000734.5,1469,75.03,0.060000000000002274,75.0,49.8,75.06,62.2,1489.9,3604.1,75.06,42.5,BUY,3,75.0,49.8,74.99,143.9,74.98,994.0,74.97,209.5,74.96,92.7,75.06,62.2,75.07,443.9,75.08,1011.4,75.09,1640.9,75.1,445.7
1700000735.0,1470,75.04499999999999,0.04999999999999716,75.02,558.6,75.07,78.5,4959.4,2570.4,75.07,67.9,BUY,2,75.02,558.6,75.01,1749.9,75.0,1558.1,74.99,82.3,74.98,1010.5,75.07,78.5,75.08,346.3,75.09,633.9,75.1,271.2,75.11,1240.5
1700000735.5,1471,75.04499999999999,0.04999999999999716,75.02,14.7,75.07,1569.3,2568.7999999999997,2402.1,75.07,25.4,BUY,4,75.02,14.7,75.01,262.8,75.0,294.9,74.99,1546.8,74.98,449.6,75.07,1569.3,75.08,10.0,75.09,260.1,75.1,326.0,75.11,236.7
1700000736.0,1472,75.04499999999999,0.04999999999999716,75.02,758.9,75.07,165.4,2812.1,4215.6,75.02,20.8,SELL,1,75.02,758.9,75.01,211.6,75.0,635.9,74.99,556.8,74.98,648.9,75.07,165.4,75.08,1222.6,75.09,1107.6,75.1,1413.0,75.11,307.0
1700000736.5,1473,75.04499999999999,0.04999999999999716,75.02,207.5,75.07,77.1,2235.5,2737.6,75.07,54.2,BUY,2,75.02,207.5,75.01,31.4,75.0,1945.5,74.99,26.7,74.98,24.4,75.07,77.1,75.08,1543.7,75.09,152.5,75.1,453.7,75.11,510.6
1700000737.0,1474,75.05,0.060000000000002274,75.02,1708.9,75.08,260.4,4999.4000000000015,5533.5,75.02,101.1,SELL,3,75.02,1708.9,75.01,368.4,75.0,2573.4,74.99,19.1,74.98,329.6,75.08,260.4,75.09,1400.0,75.1,238.2,75.11,1098.1,75.12,2536.8
1700000737.5,1475,75.04499999999999,0.04999999999999716,75.02,58.9,75.07,781.4,4822.3,3551.6,75.02,31.5,SELL,3,75.02,58.9,75.01,127.1,75.0,631.7,74.99,379.3,74.98,3625.3,75.07,781.4,75.08,201.4,75.09,170.8,75.1,369.8,75.11,2028.2
1700000738.0,1476,75.81,0.060000000000002274,75.78,92.9,75.84,1162.5,2481.0,6525.4,75.78,321.5,SELL,3,75.78,92.9,75.77,113.0,75.76,1387.0,75.75,259.3,75.74,628.8,75.84,1162.5,75.85,167.2,75.86,1209.2,75.87,189.6,75.88,3796.9
1700000738.5,1477,75.81,0.060000000000002274,75.78,365.2,75.84,121.5,8777.2,4491.3,75.81,0.0,BUY,0,75.78,365.2,75.77,2553.6,75.76,169.4,75.75,1162.2,75.74,4526.8,75.84,121.5,75.85,96.1,75.86,1934.9,75.87,127.8,75.88,2211.0
1700000739.0,1478,75.81,0.03999999999999204,75.79,318.6,75.83,45.0,3509.4000000000005,6506.4,75.79,10.2,SELL,2,75.79,318.6,75.78,798.3,75.77,282.9,75.76,291.9,75.75,1817.7,75.83,45.0,75.84,497.5,75.85,1601.2,75.86,1503.2,75.87,2859.5
1700000739.5,1479,75.8,0.060000000000002274,75.77,203.0,75.83,504.4,3638.0000000000005,1476.7000000000003,75.8,0.0,BUY,0,75.77,203.0,75.76,1493.1,75.75,909.2,75.74,928.3,75.73,104.4,75.83,504.4,75.84,69.5,75.85,190.8,75.86,469.6,75.87,242.4
1700000740.0,1480,75.81,0.060000000000002274,75.78,44.1,75.84,119.9,10456.6,1515.1000000000001,75.78,22.7,SELL,1,75.78,44.1,75.77,131.9,75.76,1768.2,75.75,1486.1,75.74,7026.3,75.84,119.9,75.85,128.1,75.86,330.4,75.87,782.5,75.88,154.2
1700000740.5,1481,75.8,0.060000000000002274,75.77,275.7,75.83,1609.6,1965.7,7758.8,75.77,85.9,SELL,4,75.77,275.7,75.76,163.8,75.75,577.9,75.74,759.9,75.73,188.4,75.83,1609.6,75.84,44.8,75.85,1304.7,75.86,1541.5,75.87,3258.2
1700000741.0,1482,75.8,0.060000000000002274,75.77,866.2,75.83,101.1,2898.6,2445.8999999999996,75.8,0.0,BUY,0,75.77,866.2,75.76,159.8,75.75,580.2,75.74,1129.0,75.73,163.4,75.83,101.1,75.84,461.0,75.85,906.3,75.86,940.3,75.87,37.2
1700000741.5,1483,75.8,0.060000000000002274,75.77,142.5,75.83,335.2,4473.299999999999,3310.7000000000003,75.77,58.8,SELL,2,75.77,142.5,75.76,305.5,75.75,256.1,75.74,763.5,75.73,3005.7,75.83,335.2,75.84,1143.5,75.85,1093.4,75.86,432.1,75.87,306.5
1700000742.0,1484,75.8,0.03999999999999204,75.78,125.8,75.82,1191.8,10503.2,4910.2,75.82,72.1,BUY,2,75.78,125.8,75.77,1051.6,75.76,3005.5,75.75,1446.5,75.74,4873.8,75.82,1191.8,75.83,160.3,75.84,1957.5,75.85,507.7,75.86,1092.9
1700000742.5,1485,75.81,0.060000000000002274,75.78,326.0,75.84,955.1,4686.1,4757.4,75.78,6.2,SELL,2,75.78,326.0,75.77,248.2,75.76,1387.3,75.75,1696.9,75.74,1027.7,75.84,955.1,75.85,2326.5,75.86,36.4,75.87,439.7,75.88,999.7
1700000743.0,1486,75.81,0.060000000000002274,75.78,59.0,75.84,555.3,1520.8000000000002,3717.0999999999995,75.84,23.0,BUY,2,75.78,59.0,75.77,551.0,75.76,69.5,75.75,193.6,75.74,647.7,75.84,555.3,75.85,713.5,75.86,760.8,75.87,727.8,75.88,959.7
1700000743.5,1487,75.81,0.060000000000002274,75.78,104.6,75.84,637.5,2214.5,5310.2,75.81,0.0,BUY,0,75.78,104.6,75.77,627.7,75.76,256.1,75.75,472.9,75.74,753.2,75.84,637.5,75.85,609.1,75.86,2625.8,75.87,920.4,75.88,517.4
1700000744.0,1488,75.8,0.03999999999999204,75.78,350.3,75.82,441.2,2743.9,1383.7999999999997,75.8,0.0,BUY,0,75.78,350.3,75.77,407.6,75.76,1445.9,75.75,116.4,75.74,423.7,75.82,441.2,75.83,723.1,75.84,21.1,75.85,31.1,75.86,167.3
1700000744.5,1489,75.8,0.060000000000002274,75.77,473.2,75.83,861.4,6359.0,5145.6,75.83,10.1,BUY,3,75.77,473.2,75.76,1729.8,75.75,181.6,75.74,634.3,75.73,3340.1,75.83,861.4,75.84,1260.8,75.85,1966.9,75.86,1001.7,75.87,54.8
1700000745.0,1490,75.8,0.060000000000002274,75.77,380.8,75.83,245.5,3656.1000000000004,7893.0,75.77,19.6,SELL,1,75.77,380.8,75.76,36.0,75.75,2330.7,75.74,30.8,75.73,877.8,75.83,245.5,75.84,168.1,75.85,3479.0,75.86,201.6,75.87,3798.8
1700000745.5,1491,75.8,0.060000000000002274,75.77,10.0,75.83,95.4,4867.9,2800.6,75.77,33.1,SELL,1,75.77,10.0,75.76,279.5,75.75,397.2,75.74,1254.0,75.73,2927.2,75.83,95.4,75.84,1689.1,75.85,351.6,75.86,571.4,75.87,93.1
1700000746.0,1492,75.8,0.060000000000002274,75.77,782.8,75.83,892.8,3877.8,7202.299999999999,75.83,5.6,BUY,1,75.77,782.8,75.76,566.4,75.75,363.7,75.74,187.0,75.73,1977.9,75.83,892.8,75.84,827.2,75.85,547.9,75.86,902.8,75.87,4031.6
1700000746.5,1493,75.81,0.060000000000002274,75.78,867.0,75.84,175.1,6914.700000000001,4248.7,75.84,5.0,BUY,3,75.78,867.0,75.77,3065.8,75.76,680.1,75.75,1897.3,75.74,404.5,75.84,175.1,75.85,147.1,75.86,2384.6,75.87,1294.1,75.88,247.8
1700000747.0,1494,75.81,0.060000000000002274,75.78,268.5,75.84,120.3,4388.599999999999,2744.7,75.81,0.0,BUY,0,75.78,268.5,75.77,88.6,75.76,1432.0,75.75,1227.3,75.74,1372.2,75.84,120.3,75.85,177.2,75.86,685.8,75.87,1369.4,75.88,392.0
1700000747.5,1495,75.82,0.04000000000000625,75.8,224.7,75.84,777.6,2212.2999999999997,4216.700000000001,75.82,0.0,BUY,0,75.8,224.7,75.79,682.8,75.78,527.6,75.77,670.5,75.76,106.7,75.84,777.6,75.85,1797.9,75.86,593.8,75.87,276.4,75.88,771.0
1700000748.0,1496,75.83,0.060000000000002274,75.8,538.5,75.86,1624.4,3014.0,6559.9,75.8,12.5,SELL,2,75.8,538.5,75.79,1194.3,75.78,592.0,75.77,389.0,75.76,300.2,75.86,1624.4,75.87,1911.2,75.88,1425.7,75.89,193.7,75.9,1404.9
1700000748.5,1497,75.815,0.04999999999999716,75.79,10.0,75.84,204.9,1646.1,2799.1,75.84,32.2,BUY,2,75.79,10.0,75.78,497.5,75.77,10.0,75.76,1029.8,75.75,98.8,75.84,204.9,75.85,185.9,75.86,607.3,75.87,406.7,75.88,1394.3
1700000749.0,1498,75.81,0.060000000000002274,75.78,720.0,75.84,1131.3,2352.3,4633.0,75.78,64.1,SELL,5,75.78,720.0,75.77,191.2,75.76,559.7,75.75,575.2,75.74,306.2,75.84,1131.3,75.85,625.5,75.86,1955.0,75.87,763.5,75.88,157.7
1700000749.5,1499,75.81,0.060000000000002274,75.78,78.3,75.84,246.5,4998.5,6314.799999999999,75.84,25.1,BUY,3,75.78,78.3,75.77,363.2,75.76,2078.5,75.75,396.4,75.74,2082.1,75.84,246.5,75.85,1404.4,75.86,828.1,75.87,521.7,75.88,3314.1
