timestamp,sequence_id,mid_price,spread,best_bid,best_bid_size,best_ask,best_ask_size,total_bid_depth,total_ask_depth,last_trade_price,last_trade_size,last_trade_side,num_recent_trades,bid_price_0,bid_size_0,bid_price_1,bid_size_1,bid_price_2,bid_size_2,bid_price_3,bid_size_3,bid_price_4,bid_size_4,ask_price_0,ask_size_0,ask_price_1,ask_size_1,ask_price_2,ask_size_2,ask_price_3,ask_size_3,ask_price_4,ask_size_4
1700000000.0,0,100.0,0.060000000000002274,99.97,39.2,100.03,794.6,2712.9,5529.900000000001,100.03,12.6,BUY,1,99.97,39.2,99.96,830.3,99.95,57.5,99.94,60.6,99.93,1725.3,100.03,794.6,100.04,2221.8,100.05,916.0,100.06,1131.9,100.07,465.6
1700000000.5,1,100.0,0.060000000000002274,99.97,538.5,100.03,368.0,2622.7,2149.0,99.97,53.3,SELL,2,99.97,538.5,99.96,238.0,99.95,54.1,99.94,571.5,99.93,1220.6,100.03,368.0,100.04,330.7,100.05,161.3,100.06,414.4,100.07,874.6
1700000001.0,2,99.99,0.060000000000002274,99.96,548.0,100.02,143.3,5477.3,2183.3999999999996,99.96,212.4,SELL,2,99.96,548.0,99.95,203.8,99.94,276.9,99.93,155.3,99.92,4293.3,100.02,143.3,100.03,110.2,100.04,17.3,100.05,1278.3,100.06,634.3
1700000001.5,3,99.99,0.060000000000002274,99.96,495.0,100.02,299.9,3628.2,6214.0,99.96,7.5,SELL,3,99.96,495.0,99.95,1014.4,99.94,274.9,99.93,909.2,99.92,934.7,100.02,299.9,100.03,1272.2,100.04,38.4,100.05,2341.2,100.06,2262.3
1700000002.0,4,99.99,0.060000000000002274,99.96,153.6,100.02,37.6,5308.5,5782.7,100.02,85.8,BUY,1,99.96,153.6,99.95,329.9,99.94,813.5,99.93,1959.6,99.92,2051.9,100.02,37.6,100.03,1452.1,100.04,2446.3,100.05,1053.5,100.06,793.2
1700000002.5,5,99.98,0.060000000000002274,99.95,362.6,100.01,1015.7,2492.1000000000004,2810.4,100.01,5.0,BUY,1,99.95,362.6,99.94,1061.7,99.93,144.9,99.92,457.4,99.91,465.5,100.01,1015.7,100.02,716.1,100.03,895.0,100.04,110.6,100.05,73.0
1700000003.0,6,99.98,0.060000000000002274,99.95,933.6,100.01,40.2,9305.3,1259.7,100.01,18.9,BUY,1,99.95,933.6,99.94,4016.6,99.93,1272.1,99.92,1063.3,99.91,2019.7,100.01,40.2,100.02,377.6,100.03,168.1,100.04,234.5,100.05,439.3
1700000003.5,7,99.98,0.060000000000002274,99.95,1729.0,100.01,82.7,5733.799999999999,3476.6,99.98,0.0,BUY,0,99.95,1729.0,99.94,1838.7,99.93,543.4,99.92,122.5,99.91,1500.2,100.01,82.7,100.02,233.1,100.03,1918.7,100.04,178.6,100.05,1063.5
1700000004.0,8,99.98,0.060000000000002274,99.95,350.5,100.01,191.9,2354.3999999999996,4737.9,99.95,41.8,SELL,3,99.95,350.5,99.94,181.2,99.93,407.9,99.92,263.5,99.91,1151.3,100.01,191.9,100.02,1503.1,100.03,1161.4,100.04,191.6,100.05,1689.9
1700000004.5,9,99.99,0.060000000000002274,99.96,1484.0,100.02,230.9,3611.2000000000003,1760.1,100.02,40.7,BUY,1,99.96,1484.0,99.95,143.2,99.94,1412.2,99.93,160.4,99.92,411.4,100.02,230.9,100.03,330.9,100.04,998.4,100.05,10.0,100.06,189.9
1700000005.0,10,99.98,0.060000000000002274,99.95,202.8,100.01,144.3,3660.1000000000004,3619.3,99.98,0.0,BUY,0,99.95,202.8,99.94,186.1,99.93,588.6,99.92,1380.3,99.91,1302.3,100.01,144.3,100.02,588.5,100.03,601.0,100.04,951.0,100.05,1334.5
1700000005.5,11,99.97999999999999,0.04000000000000625,99.96,352.1,100.0,1022.0,7006.9,4403.4,99.96,99.0,SELL,1,99.96,352.1,99.95,209.9,99.94,2353.8,99.93,4050.6,99.92,40.5,100.0,1022.0,100.01,940.1,100.02,321.9,100.03,57.9,100.04,2061.5
1700000006.0,12,99.99,0.060000000000002274,99.96,1080.5,100.02,1322.4,2305.6,3472.0,100.02,20.4,BUY,2,99.96,1080.5,99.95,198.2,99.94,414.5,99.93,211.7,99.92,400.7,100.02,1322.4,100.03,660.5,100.04,1356.6,100.05,55.5,100.06,77.0
1700000006.5,13,99.99,0.060000000000002274,99.96,169.3,100.02,362.6,3531.8,1196.7,99.96,5.0,SELL,2,99.96,169.3,99.95,538.2,99.94,2235.9,99.93,68.2,99.92,520.2,100.02,362.6,100.03,122.4,100.04,457.9,100.05,107.5,100.06,146.3
1700000007.0,14,99.98,0.060000000000002274,99.95,1770.9,100.01,614.1,4303.4,3261.9,100.01,41.0,BUY,2,99.95,1770.9,99.94,1247.6,99.93,171.1,99.92,176.1,99.91,937.7,100.01,614.1,100.02,633.8,100.03,829.0,100.04,835.4,100.05,349.6
1700000007.5,15,99.98,0.060000000000002274,99.95,176.7,100.01,541.4,3468.5,4778.0,99.95,124.2,SELL,1,99.95,176.7,99.94,362.0,99.93,1999.8,99.92,788.4,99.91,141.6,100.01,541.4,100.02,440.9,100.03,1939.0,100.04,1280.6,100.05,576.1
1700000008.0,16,99.99,0.060000000000002274,99.96,719.1,100.02,97.2,5669.999999999999,6046.2,99.99,0.0,BUY,0,99.96,719.1,99.95,2735.7,99.94,870.8,99.93,589.9,99.92,754.5,100.02,97.2,100.03,403.2,100.04,840.8,100.05,1470.0,100.06,3235.0
1700000008.5,17,99.99,0.060000000000002274,99.96,612.6,100.02,804.6,4510.6,3763.3,100.02,124.3,BUY,3,99.96,612.6,99.95,1818.2,99.94,1548.0,99.93,134.3,99.92,397.5,100.02,804.6,100.03,473.8,100.04,414.5,100.05,398.3,100.06,1672.1
1700000009.0,18,99.99,0.060000000000002274,99.96,1172.7,100.02,223.1,6777.0,2252.3,99.96,13.4,SELL,2,99.96,1172.7,99.95,465.9,99.94,650.0,99.93,330.2,99.92,4158.2,100.02,223.1,100.03,653.5,100.04,237.9,100.05,944.3,100.06,193.5
1700000009.5,19,99.99000000000001,0.04000000000000625,99.97,612.5,100.01,165.1,5050.7,725.3,99.97,5.0,SELL,3,99.97,612.5,99.96,1135.4,99.95,1749.6,99.94,1119.8,99.93,433.4,100.01,165.1,100.02,10.0,100.03,13.0,100.04,43.1,100.05,494.1
1700000010.0,20,99.99,0.060000000000002274,99.96,36.8,100.02,466.8,3847.5,3393.5999999999995,100.02,29.2,BUY,3,99.96,36.8,99.95,246.0,99.94,1549.6,99.93,963.4,99.92,1051.7,100.02,466.8,100.03,344.9,100.04,1953.0,100.05,270.7,100.06,358.2
1700000010.5,21,99.99,0.060000000000002274,99.96,86.3,100.02,1671.2,4435.5,4970.3,100.02,5.0,BUY,1,99.96,86.3,99.95,253.9,99.94,240.0,99.93,1053.1,99.92,2802.2,100.02,1671.2,100.03,2282.6,100.04,434.5,100.05,72.3,100.06,509.7
1700000011.0,22,99.98,0.060000000000002274,99.95,528.1,100.01,285.6,1905.1999999999998,1186.6,99.95,7.5,SELL,3,99.95,528.1,99.94,609.5,99.93,41.6,99.92,238.6,99.91,487.4,100.01,285.6,100.02,536.7,100.03,221.7,100.04,75.3,100.05,67.3
1700000011.5,23,99.98,0.060000000000002274,99.95,564.2,100.01,333.9,2452.0,2033.8000000000002,99.95,162.2,SELL,1,99.95,564.2,99.94,122.2,99.93,1194.1,99.92,178.4,99.91,393.1,100.01,333.9,100.02,13.3,100.03,79.8,100.04,904.7,100.05,702.1
1700000012.0,24,99.99000000000001,0.04000000000000625,99.97,1341.1,100.01,151.5,4368.2,2171.8,99.97,62.3,SELL,3,99.97,1341.1,99.96,1622.8,99.95,1064.6,99.94,18.0,99.93,321.7,100.01,151.5,100.02,522.8,100.03,993.7,100.04,249.5,100.05,254.3
1700000012.5,25,99.98,0.060000000000002274,99.95,549.8,100.01,125.5,7600.5,4172.799999999999,100.01,26.5,BUY,1,99.95,549.8,99.94,1382.1,99.93,175.6,99.92,3684.0,99.91,1809.0,100.01,125.5,100.02,710.1,100.03,402.7,100.04,639.3,100.05,2295.2
1700000013.0,26,99.98,0.060000000000002274,99.95,1139.1,100.01,2175.4,2920.1,7378.599999999999,100.01,166.2,BUY,1,99.95,1139.1,99.94,675.7,99.93,328.2,99.92,636.9,99.91,140.2,100.01,2175.4,100.02,1522.8,100.03,138.9,100.04,2961.6,100.05,579.9
1700000013.5,27,99.98,0.060000000000002274,99.95,801.4,100.01,414.1,8526.7,3926.7000000000003,99.95,28.1,SELL,1,99.95,801.4,99.94,939.9,99.93,1134.9,99.92,945.9,99.91,4704.6,100.01,414.1,100.02,450.6,100.03,580.4,100.04,1874.2,100.05,607.4
1700000014.0,28,99.97999999999999,0.04000000000000625,99.96,712.8,100.0,455.8,6501.5,8494.3,99.96,5.0,SELL,2,99.96,712.8,99.95,467.2,99.94,19.0,99.93,965.0,99.92,4337.5,100.0,455.8,100.01,383.3,100.02,3221.4,100.03,2687.2,100.04,1746.6
1700000014.5,29,99.98,0.060000000000002274,99.95,899.9,100.01,1402.6,3852.2000000000003,3022.8999999999996,99.98,0.0,BUY,0,99.95,899.9,99.94,408.5,99.93,10.0,99.92,1216.9,99.91,1316.9,100.01,1402.6,100.02,515.0,100.03,158.6,100.04,10.2,100.05,936.5
1700000015.0,30,99.98,0.060000000000002274,99.95,774.6,100.01,188.3,5777.4,2008.8999999999999,100.01,17.0,BUY,4,99.95,774.6,99.94,2185.5,99.93,851.5,99.92,674.8,99.91,1291.0,100.01,188.3,100.02,387.0,100.03,233.5,100.04,1186.3,100.05,13.8
1700000015.5,31,95.64,0.060000000000002274,95.61,118.6,95.67,871.6,4341.2,5542.200000000001,95.61,19.0,SELL,3,95.61,118.6,95.6,295.5,95.59,816.9,95.58,303.8,95.57,2806.4,95.67,871.6,95.68,1043.2,95.69,1042.4,95.7,909.9,95.71,1675.1
1700000016.0,32,95.64,0.060000000000002274,95.61,374.3,95.67,304.3,13445.900000000001,1963.9999999999998,95.67,16.0,BUY,1,95.61,374.3,95.6,81.2,95.59,2943.9,95.58,1566.4,95.57,8480.1,95.67,304.3,95.68,1025.1,95.69,503.9,95.7,19.0,95.71,111.7
1700000016.5,33,95.64,0.060000000000002274,95.61,753.8,95.67,265.8,1054.6999999999998,2522.0,95.67,25.3,BUY,2,95.61,753.8,95.6,57.0,95.59,140.3,95.58,93.6,95.57,10.0,95.67,265.8,95.68,411.6,95.69,10.0,95.7,1254.5,95.71,580.1
1700000017.0,34,95.63,0.060000000000002274,95.6,20.8,95.66,1131.1,1950.9,1970.5,95.63,0.0,BUY,0,95.6,20.8,95.59,414.8,95.58,64.8,95.57,1376.6,95.56,73.9,95.66,1131.1,95.67,100.0,95.68,575.4,95.69,31.8,95.7,132.2
1700000017.5,35,95.62,0.060000000000002274,95.59,2753.2,95.65,10.0,8905.599999999999,6024.1,95.65,132.3,BUY,4,95.59,2753.2,95.58,155.1,95.57,61.6,95.56,3513.7,95.55,2422.0,95.65,10.0,95.66,428.5,95.67,2955.6,95.68,583.2,95.69,2046.8
1700000018.0,36,95.63,0.060000000000002274,95.6,19.4,95.66,148.9,2574.8,2053.2,95.66,93.5,BUY,4,95.6,19.4,95.59,607.9,95.58,82.1,95.57,10.0,95.56,1855.4,95.66,148.9,95.67,130.7,95.68,1299.1,95.69,38.0,95.7,436.5
1700000018.5,37,95.63,0.060000000000002274,95.6,526.5,95.66,793.6,2418.6,6580.400000000001,95.6,37.4,SELL,2,95.6,526.5,95.59,927.9,95.58,14.0,95.57,826.8,95.56,123.4,95.66,793.6,95.67,1197.0,95.68,1044.2,95.69,2174.3,95.7,1371.3
1700000019.0,38,95.62,0.060000000000002274,95.59,560.4,95.65,1095.8,4099.4,3086.2999999999997,95.62,0.0,BUY,0,95.59,560.4,95.58,445.0,95.57,259.7,95.56,2049.8,95.55,784.5,95.65,1095.8,95.66,952.6,95.67,120.1,95.68,520.2,95.69,397.6
1700000019.5,39,104.74,0.060000000000002274,104.71,801.6,104.77,644.2,3445.8999999999996,7118.0,104.71,21.7,SELL,2,104.71,801.6,104.7,467.4,104.69,118.0,104.68,493.1,104.67,1565.8,104.77,644.2,104.78,1659.8,104.79,628.3,104.8,3900.5,104.81,285.2
1700000020.0,40,104.74,0.060000000000002274,104.71,140.1,104.77,253.4,3089.6,7798.3,104.71,88.6,SELL,1,104.71,140.1,104.7,1042.6,104.69,10.0,104.68,1470.4,104.67,426.5,104.77,253.4,104.78,666.5,104.79,291.8,104.8,5839.3,104.81,747.3
1700000020.5,41,104.75,0.03999999999999204,104.73,97.3,104.77,282.2,3349.0,1828.3,104.77,82.7,BUY,3,104.73,97.3,104.72,265.2,104.71,664.8,104.7,1378.9,104.69,942.8,104.77,282.2,104.78,52.7,104.79,955.6,104.8,320.2,104.81,217.6
1700000021.0,42,104.75,0.060000000000002274,104.72,41.0,104.78,168.0,4490.2,2172.5,104.72,12.6,SELL,4,104.72,41.0,104.71,487.5,104.7,2031.7,104.69,590.1,104.68,1339.9,104.78,168.0,104.79,205.1,104.8,651.0,104.81,735.4,104.82,413.0
1700000021.5,43,104.76,0.060000000000002274,104.73,266.2,104.79,482.8,2573.0,3260.3,104.76,0.0,BUY,0,104.73,266.2,104.72,258.3,104.71,14.3,104.7,1049.0,104.69,985.2,104.79,482.8,104.8,280.0,104.81,1364.0,104.82,524.8,104.83,608.7
1700000022.0,44,104.77,0.060000000000002274,104.74,708.7,104.8,362.5,7480.3,1276.4,104.77,0.0,BUY,0,104.74,708.7,104.73,1003.2,104.72,1128.2,104.71,4091.2,104.7,549.0,104.8,362.5,104.81,713.3,104.82,10.0,104.83,45.2,104.84,145.4
1700000022.5,45,104.77,0.060000000000002274,104.74,1654.4,104.8,392.9,3173.0000000000005,3819.3,104.74,43.8,SELL,5,104.74,1654.4,104.73,356.3,104.72,761.6,104.71,304.4,104.7,96.3,104.8,392.9,104.81,534.8,104.82,214.8,104.83,1960.8,104.84,716.0
1700000023.0,46,104.77,0.060000000000002274,104.74,245.1,104.8,128.5,1718.1,3815.2,104.74,10.1,SELL,2,104.74,245.1,104.73,776.8,104.72,260.9,104.71,43.9,104.7,391.4,104.8,128.5,104.81,1432.9,104.82,520.8,104.83,625.7,104.84,1107.3
1700000023.5,47,104.78,0.060000000000002274,104.75,42.6,104.81,174.4,4554.7,4257.900000000001,104.75,68.2,SELL,2,104.75,42.6,104.74,1430.1,104.73,1444.5,104.72,836.5,104.71,801.0,104.81,174.4,104.82,1081.9,104.83,2229.8,104.84,701.5,104.85,70.3
1700000024.0,48,104.78,0.03999999999999204,104.76,770.0,104.8,488.9,4698.7,2943.2000000000003,104.8,31.6,BUY,3,104.76,770.0,104.75,465.2,104.74,169.8,104.73,2498.6,104.72,795.1,104.8,488.9,104.81,1194.0,104.82,238.2,104.83,1001.2,104.84,20.9
1700000024.5,49,104.79499999999999,0.04999999999999716,104.77,348.1,104.82,1383.5,3773.7999999999997,3458.8999999999996,104.77,47.4,SELL,4,104.77,348.1,104.76,302.4,104.75,1647.0,104.74,507.2,104.73,969.1,104.82,1383.5,104.83,112.0,104.84,59.1,104.85,413.3,104.86,1491.0
1700000025.0,50,104.8,0.060000000000002274,104.77,1201.3,104.83,10.0,3696.8,810.0,104.77,69.0,SELL,1,104.77,1201.3,104.76,2202.5,104.75,106.5,104.74,176.5,104.73,10.0,104.83,10.0,104.84,60.8,104.85,403.4,104.86,10.4,104.87,325.4
1700000025.5,51,104.8,0.060000000000002274,104.77,955.3,104.83,53.1,4975.599999999999,4965.6,104.77,8.1,SELL,1,104.77,955.3,104.76,1032.4,104.75,371.9,104.74,802.8,104.73,1813.2,104.83,53.1,104.84,865.0,104.85,283.3,104.86,1343.1,104.87,2421.1
1700000026.0,52,104.8,0.060000000000002274,104.77,498.1,104.83,301.9,3654.1000000000004,6798.3,104.83,7.6,BUY,2,104.77,498.1,104.76,829.1,104.75,822.4,104.74,1319.2,104.73,185.3,104.83,301.9,104.84,444.3,104.85,2562.6,104.86,303.8,104.87,3185.7
1700000026.5,53,104.79499999999999,0.04999999999999716,104.77,1094.4,104.82,216.2,4211.7,4029.4,104.79499999999999,0.0,BUY,0,104.77,1094.4,104.76,488.9,104.75,857.5,104.74,1694.2,104.73,76.7,104.82,216.2,104.83,352.7,104.84,229.1,104.85,3221.4,104.86,10.0
1700000027.0,54,104.79499999999999,0.04999999999999716,104.77,471.3,104.82,248.0,3593.5000000000005,2746.7,104.79499999999999,0.0,BUY,0,104.77,471.3,104.76,2250.4,104.75,97.6,104.74,298.4,104.73,475.8,104.82,248.0,104.83,42.7,104.84,588.3,104.85,1619.7,104.86,248.0
1700000027.5,55,104.79499999999999,0.04999999999999716,104.77,687.3,104.82,224.1,3080.7,4794.0,104.79499999999999,0.0,BUY,0,104.77,687.3,104.76,32.7,104.75,462.8,104.74,276.2,104.73,1621.7,104.82,224.1,104.83,274.2,104.84,463.0,104.85,3736.3,104.86,96.4
1700000028.0,56,104.78,0.03999999999999204,104.76,464.4,104.8,945.3,3636.2000000000003,6523.8,104.76,54.8,SELL,3,104.76,464.4,104.75,974.9,104.74,656.6,104.73,824.2,104.72,716.1,104.8,945.3,104.81,1020.9,104.82,1896.5,104.83,916.6,104.84,1744.5
1700000028.5,57,104.78,0.060000000000002274,104.75,629.1,104.81,266.4,4764.6,5307.700000000001,104.81,52.4,BUY,1,104.75,629.1,104.74,202.1,104.73,602.4,104.72,1871.0,104.71,1460.0,104.81,266.4,104.82,873.2,104.83,793.2,104.84,2345.3,104.85,1029.6
1700000029.0,58,104.79499999999999,0.04999999999999716,104.77,306.5,104.82,861.6,1149.1,3426.2000000000007,104.82,5.0,BUY,2,104.77,306.5,104.76,64.9,104.75,151.8,104.74,615.9,104.73,10.0,104.82,861.6,104.83,819.7,104.84,1544.8,104.85,164.8,104.86,35.3
1700000029.5,59,104.78,0.060000000000002274,104.75,218.2,104.81,389.4,8877.199999999999,5925.9,104.75,17.0,SELL,2,104.75,218.2,104.74,2394.8,104.73,390.9,104.72,4759.5,104.71,1113.8,104.81,389.4,104.82,557.7,104.83,1492.9,104.84,554.9,104.85,2931.0
1700000030.0,60,104.75999999999999,0.04000000000000625,104.74,843.7,104.78,168.9,2693.6,3315.0,104.78,22.8,BUY,2,104.74,843.7,104.73,534.9,104.72,24.2,104.71,1022.9,104.7,267.9,104.78,168.9,104.79,280.5,104.8,240.4,104.81,1442.5,104.82,1182.7
1700000030.5,61,104.75,0.060000000000002274,104.72,951.2,104.78,71.3,6004.200000000001,1101.1000000000001,104.78,5.0,BUY,2,104.72,951.2,104.71,521.7,104.7,1287.5,104.69,394.0,104.68,2849.8,104.78,71.3,104.79,336.9,104.8,549.0,104.81,13.2,104.82,130.7
1700000031.0,62,104.75,0.060000000000002274,104.72,484.1,104.78,787.6,1192.5,5841.200000000001,104.78,57.4,BUY,5,104.72,484.1,104.71,82.7,104.7,114.7,104.69,302.0,104.68,209.0,104.78,787.6,104.79,1560.8,104.8,91.6,104.81,682.8,104.82,2718.4
1700000031.5,63,104.75,0.060000000000002274,104.72,91.1,104.78,1746.0,2885.7,2987.1000000000004,104.72,11.2,SELL,1,104.72,91.1,104.71,231.6,104.7,2068.5,104.69,391.0,104.68,103.5,104.78,1746.0,104.79,264.9,104.8,662.5,104.81,31.4,104.82,282.3
1700000032.0,64,104.75,0.060000000000002274,104.72,279.5,104.78,281.8,3255.1000000000004,3742.1,104.72,23.1,SELL,3,104.72,279.5,104.71,274.4,104.7,801.5,104.69,426.0,104.68,1473.7,104.78,281.8,104.79,157.7,104.8,274.0,104.81,2557.6,104.82,471.0
1700000032.5,65,104.75,0.03999999999999204,104.73,285.4,104.77,63.0,9894.6,3062.6,104.75,0.0,BUY,0,104.73,285.4,104.72,1690.2,104.71,1963.1,104.7,1722.9,104.69,4233.0,104.77,63.0,104.78,190.1,104.79,43.9,104.8,593.0,104.81,2172.6
1700000033.0,66,104.75,0.060000000000002274,104.72,377.0,104.78,1021.8,4146.0,4453.9,104.78,5.0,BUY,3,104.72,377.0,104.71,682.3,104.7,1309.6,104.69,1069.8,104.68,707.3,104.78,1021.8,104.79,886.5,104.8,778.1,104.81,541.5,104.82,1226.0
1700000033.5,67,104.75,0.060000000000002274,104.72,190.3,104.78,1080.1,1955.4,2376.4,104.72,92.9,SELL,2,104.72,190.3,104.71,775.7,104.7,273.8,104.69,257.6,104.68,458.0,104.78,1080.1,104.79,301.4,104.8,606.7,104.81,52.1,104.82,336.1
1700000034.0,68,104.75,0.060000000000002274,104.72,116.8,104.78,302.4,2538.0,2367.0,104.72,19.9,SELL,4,104.72,116.8,104.71,827.3,104.7,23.4,104.69,1212.1,104.68,358.4,104.78,302.4,104.79,536.9,104.8,189.9,104.81,944.4,104.82,393.4
1700000034.5,69,104.76,0.060000000000002274,104.73,872.1,104.79,2101.3,4462.9,7310.5,104.79,5.0,BUY,1,104.73,872.1,104.72,1012.0,104.71,1011.2,104.7,1195.2,104.69,372.4,104.79,2101.3,104.8,573.8,104.81,255.5,104.82,1702.8,104.83,2677.1
1700000035.0,70,104.76,0.060000000000002274,104.73,184.8,104.79,151.0,1834.2,3723.5,104.79,5.0,BUY,1,104.73,184.8,104.72,259.9,104.71,348.1,104.7,735.2,104.69,306.2,104.79,151.0,104.8,397.3,104.81,1250.0,104.82,460.6,104.83,1464.6
1700000035.5,71,104.75999999999999,0.04000000000000625,104.74,10.0,104.78,482.9,2818.1000000000004,2317.3999999999996,104.78,28.8,BUY,1,104.74,10.0,104.73,652.3,104.72,637.1,104.71,129.8,104.7,1388.9,104.78,482.9,104.79,52.4,104.8,143.6,104.81,708.2,104.82,930.3
1700000036.0,72,104.76,0.060000000000002274,104.73,354.1,104.79,541.4,3062.1000000000004,4039.3,104.73,8.8,SELL,2,104.73,354.1,104.72,1104.5,104.71,1121.2,104.7,360.3,104.69,122.0,104.79,541.4,104.8,200.9,104.81,269.8,104.82,546.2,104.83,2481.0
1700000036.5,73,104.75,0.060000000000002274,104.72,503.1,104.78,236.5,3921.2,5887.8,104.75,0.0,BUY,0,104.72,503.1,104.71,248.2,104.7,80.7,104.69,2229.5,104.68,859.7,104.78,236.5,104.79,547.8,104.8,119.8,104.81,2132.9,104.82,2850.8
1700000037.0,74,104.75,0.03999999999999204,104.73,380.1,104.77,189.2,3152.5999999999995,5488.2,104.73,29.3,SELL,3,104.73,380.1,104.72,645.5,104.71,1409.6,104.7,98.1,104.69,619.3,104.77,189.2,104.78,96.6,104.79,596.0,104.8,372.9,104.81,4233.5
1700000037.5,75,104.77,0.060000000000002274,104.74,1202.2,104.8,211.7,3212.5,12473.4,104.8,13.7,BUY,3,104.74,1202.2,104.73,30.2,104.72,327.9,104.71,698.2,104.7,954.0,104.8,211.7,104.81,5839.6,104.82,4373.8,104.83,925.4,104.84,1122.9
1700000038.0,76,104.77,0.060000000000002274,104.74,306.9,104.8,111.9,2232.7,5494.099999999999,104.77,0.0,BUY,0,104.74,306.9,104.73,454.7,104.72,901.5,104.71,213.3,104.7,356.3,104.8,111.9,104.81,976.4,104.82,397.4,104.83,3630.7,104.84,377.7
1700000038.5,77,104.76,0.060000000000002274,104.73,328.7,104.79,226.6,6955.3,2224.9,104.73,69.5,SELL,4,104.73,328.7,104.72,1345.0,104.71,82.6,104.7,3828.8,104.69,1370.2,104.79,226.6,104.8,641.2,104.81,423.7,104.82,674.5,104.83,258.9
1700000039.0,78,104.75999999999999,0.04000000000000625,104.74,190.4,104.78,340.6,1657.1,3192.2,104.74,48.3,SELL,1,104.74,190.4,104.73,151.6,104.72,234.1,104.71,750.9,104.7,330.1,104.78,340.6,104.79,783.8,104.8,551.6,104.81,736.9,104.82,779.3
1700000039.5,79,104.75,0.060000000000002274,104.72,196.7,104.78,287.5,5804.5,4548.2,104.78,15.7,BUY,1,104.72,196.7,104.71,492.6,104.7,1171.6,104.69,609.0,104.68,3334.6,104.78,287.5,104.79,472.5,104.8,283.2,104.81,3133.5,104.82,371.5
1700000040.0,80,104.77,0.060000000000002274,104.74,394.5,104.8,544.3,3049.7999999999997,3017.7999999999993,104.8,29.1,BUY,3,104.74,394.5,104.73,651.5,104.72,753.6,104.71,910.0,104.7,340.2,104.8,544.3,104.81,1113.8,104.82,546.3,104.83,787.7,104.84,25.7
1700000040.5,81,104.76,0.060000000000002274,104.73,656.1,104.79,188.7,4775.4,2344.8,104.73,42.6,SELL,3,104.73,656.1,104.72,685.3,104.71,837.8,104.7,2120.7,104.69,475.5,104.79,188.7,104.8,354.2,104.81,755.0,104.82,344.6,104.83,702.3
1700000041.0,82,104.76,0.060000000000002274,104.73,1438.5,104.79,1411.3,3652.9999999999995,4083.0,104.79,5.0,BUY,1,104.73,1438.5,104.72,267.1,104.71,1149.0,104.7,525.3,104.69,273.1,104.79,1411.3,104.8,353.4,104.81,509.7,104.82,814.8,104.83,993.8
1700000041.5,83,104.75,0.060000000000002274,104.72,30.2,104.78,252.7,659.9000000000001,3373.3999999999996,104.75,0.0,BUY,0,104.72,30.2,104.71,304.0,104.7,187.4,104.69,102.1,104.68,36.2,104.78,252.7,104.79,379.9,104.8,135.9,104.81,1091.1,104.82,1513.8
1700000042.0,84,104.74000000000001,0.04000000000000625,104.72,188.5,104.76,609.9,4004.0,3624.1000000000004,104.76,10.5,BUY,3,104.72,188.5,104.71,11.9,104.7,354.7,104.69,218.6,104.68,3230.3,104.76,609.9,104.77,281.8,104.78,1919.2,104.79,239.4,104.8,573.8
1700000042.5,85,104.72999999999999,0.04000000000000625,104.71,142.0,104.75,969.9,2554.4,4853.200000000001,104.71,5.0,SELL,1,104.71,142.0,104.7,1582.8,104.69,42.8,104.68,662.4,104.67,124.4,104.75,969.9,104.76,953.6,104.77,704.3,104.78,768.0,104.79,1457.4
1700000043.0,86,105.49,0.060000000000002274,105.46,1798.1,105.52,845.8,2984.2,9460.7,105.49,0.0,BUY,0,105.46,1798.1,105.45,83.6,105.44,144.6,105.43,582.4,105.42,375.5,105.52,845.8,105.53,541.4,105.54,3950.2,105.55,251.3,105.56,3872.0
1700000043.5,87,105.5,0.060000000000002274,105.47,408.9,105.53,304.0,1899.0,2191.6,105.53,41.7,BUY,3,105.47,408.9,105.46,335.1,105.45,274.1,105.44,579.1,105.43,301.8,105.53,304.0,105.54,45.3,105.55,154.7,105.56,1325.9,105.57,361.7
1700000044.0,88,105.49,0.060000000000002274,105.46,266.9,105.52,942.0,5227.9,3945.3,105.49,0.0,BUY,0,105.46,266.9,105.45,355.5,105.44,139.8,105.43,2573.5,105.42,1892.2,105.52,942.0,105.53,1304.1,105.54,1209.2,105.55,148.7,105.56,341.3
1700000044.5,89,105.49,0.060000000000002274,105.46,254.8,105.52,300.1,3136.3999999999996,1614.6,105.49,0.0,BUY,0,105.46,254.8,105.45,147.0,105.44,157.6,105.43,1110.7,105.42,1466.3,105.52,300.1,105.53,254.6,105.54,228.3,105.55,520.1,105.56,311.5
1700000045.0,90,105.5,0.060000000000002274,105.47,64.7,105.53,169.4,2862.0,2587.3,105.5,0.0,BUY,0,105.47,64.7,105.46,559.7,105.45,824.0,105.44,1075.6,105.43,338.0,105.53,169.4,105.54,62.2,105.55,574.6,105.56,71.9,105.57,1709.2
1700000045.5,91,105.51,0.060000000000002274,105.48,728.5,105.54,340.2,2042.1,5132.2,105.54,21.6,BUY,2,105.48,728.5,105.47,345.7,105.46,443.8,105.45,487.0,105.44,37.1,105.54,340.2,105.55,208.4,105.56,365.8,105.57,1739.1,105.58,2478.7
1700000046.0,92,105.51,0.060000000000002274,105.48,408.7,105.54,693.2,2494.5,6464.3,105.54,5.7,BUY,1,105.48,408.7,105.47,516.6,105.46,959.8,105.45,138.3,105.44,471.1,105.54,693.2,105.55,289.5,105.56,978.7,105.57,1411.6,105.58,3091.3
1700000046.5,93,105.52,0.060000000000002274,105.49,82.7,105.55,40.6,3698.6,2016.1,105.55,80.4,BUY,1,105.49,82.7,105.48,429.0,105.47,912.0,105.46,2023.7,105.45,251.2,105.55,40.6,105.56,234.6,105.57,202.3,105.58,1405.1,105.59,133.5
1700000047.0,94,105.52000000000001,0.04000000000000625,105.5,899.0,105.54,1108.5,3716.0000000000005,2251.9,105.52000000000001,0.0,BUY,0,105.5,899.0,105.49,112.6,105.48,631.7,105.47,1758.4,105.46,314.3,105.54,1108.5,105.55,396.8,105.56,482.6,105.57,45.5,105.58,218.5
1700000047.5,95,105.51,0.060000000000002274,105.48,86.0,105.54,265.9,2633.7,5274.3,105.48,95.9,SELL,1,105.48,86.0,105.47,422.1,105.46,379.3,105.45,11.2,105.44,1735.1,105.54,265.9,105.55,591.1,105.56,69.3,105.57,476.5,105.58,3871.5
1700000048.0,96,105.51,0.060000000000002274,105.48,458.2,105.54,1236.6,3532.7999999999997,6759.7,105.51,0.0,BUY,0,105.48,458.2,105.47,147.2,105.46,449.2,105.45,546.1,105.44,1932.1,105.54,1236.6,105.55,105.2,105.56,104.1,105.57,1162.3,105.58,4151.5
1700000048.5,97,105.51,0.060000000000002274,105.48,48.4,105.54,449.2,1098.3,4112.4,105.54,49.7,BUY,1,105.48,48.4,105.47,330.9,105.46,20.6,105.45,436.2,105.44,262.2,105.54,449.2,105.55,1992.0,105.56,278.0,105.57,943.8,105.58,449.4
1700000049.0,98,105.51,0.060000000000002274,105.48,430.2,105.54,5871.7,1665.5,9141.599999999999,105.54,22.7,BUY,2,105.48,430.2,105.47,185.8,105.46,55.7,105.45,499.7,105.44,494.1,105.54,5871.7,105.55,115.1,105.56,2189.1,105.57,413.8,105.58,551.9
1700000049.5,99,105.5,0.060000000000002274,105.47,411.8,105.53,702.6,2599.3,2595.5,105.5,0.0,BUY,0,105.47,411.8,105.46,83.3,105.45,184.8,105.44,840.0,105.43,1079.4,105.53,702.6,105.54,1301.6,105.55,197.8,105.56,66.7,105.57,326.8
1700000050.0,100,105.49,0.060000000000002274,105.46,1162.4,105.52,728.3,2350.2,2686.2000000000003,105.46,73.3,SELL,1,105.46,1162.4,105.45,346.5,105.44,106.3,105.43,120.0,105.42,615.0,105.52,728.3,105.53,622.0,105.54,881.8,105.55,15.8,105.56,438.3
1700000050.5,101,105.49,0.060000000000002274,105.46,275.5,105.52,161.6,3517.9,2143.9,105.46,57.1,SELL,2,105.46,275.5,105.45,153.3,105.44,577.1,105.43,364.0,105.42,2148.0,105.52,161.6,105.53,304.9,105.54,156.1,105.55,630.4,105.56,890.9
1700000051.0,102,105.49,0.060000000000002274,105.46,82.9,105.52,479.9,3855.7000000000003,4959.599999999999,105.46,18.1,SELL,2,105.46,82.9,105.45,74.2,105.44,1612.7,105.43,1709.1,105.42,376.8,105.52,479.9,105.53,104.8,105.54,2469.8,105.55,1404.2,105.56,500.9
1700000051.5,103,105.48,0.060000000000002274,105.45,1769.5,105.51,738.7,3952.5000000000005,3166.3999999999996,105.51,87.5,BUY,1,105.45,1769.5,105.44,338.3,105.43,962.9,105.42,497.8,105.41,384.0,105.51,738.7,105.52,372.7,105.53,1153.1,105.54,868.7,105.55,33.2
1700000052.0,104,105.47999999999999,0.04000000000000625,105.46,124.2,105.5,135.3,4044.7999999999997,4746.9,105.5,84.2,BUY,1,105.46,124.2,105.45,241.4,105.44,2299.1,105.43,1046.5,105.42,333.6,105.5,135.3,105.51,1285.9,105.52,1423.5,105.53,683.5,105.54,1218.7
1700000052.5,105,105.47,0.060000000000002274,105.44,125.6,105.5,189.9,3436.2,4987.4,105.5,7.2,BUY,1,105.44,125.6,105.43,800.9,105.42,298.6,105.41,164.1,105.4,2047.0,105.5,189.9,105.51,179.7,105.52,779.8,105.53,1173.5,105.54,2664.5
1700000053.0,106,105.48,0.060000000000002274,105.45,1381.3,105.51,314.1,1881.4999999999998,3961.6,105.51,48.5,BUY,3,105.45,1381.3,105.44,69.1,105.43,160.3,105.42,190.0,105.41,80.8,105.51,314.1,105.52,13.3,105.53,1658.8,105.54,1274.5,105.55,700.9
1700000053.5,107,105.48,0.060000000000002274,105.45,128.2,105.51,533.9,3580.3999999999996,7848.0,105.48,0.0,BUY,0,105.45,128.2,105.44,301.6,105.43,189.2,105.42,1865.2,105.41,1096.2,105.51,533.9,105.52,3578.4,105.53,65.2,105.54,3613.7,105.55,56.8
1700000054.0,108,105.48,0.060000000000002274,105.45,80.1,105.51,117.7,2724.7000000000003,1562.8000000000002,105.51,5.0,BUY,5,105.45,80.1,105.44,1159.4,105.43,680.8,105.42,531.0,105.41,273.4,105.51,117.7,105.52,689.8,105.53,10.0,105.54,690.4,105.55,54.9
1700000054.5,109,105.47,0.060000000000002274,105.44,306.5,105.5,3237.8,6528.3,7285.400000000001,105.44,30.8,SELL,4,105.44,306.5,105.43,37.6,105.42,725.7,105.41,2386.8,105.4,3071.7,105.5,3237.8,105.51,740.0,105.52,1021.3,105.53,1392.1,105.54,894.2
1700000055.0,110,105.47,0.060000000000002274,105.44,292.7,105.5,139.9,7229.6,3453.0000000000005,105.44,45.8,SELL,2,105.44,292.7,105.43,293.6,105.42,1341.5,105.41,1227.0,105.4,4074.8,105.5,139.9,105.51,1350.2,105.52,46.9,105.53,307.1,105.54,1608.9
1700000055.5,111,105.47,0.060000000000002274,105.44,346.1,105.5,367.2,2313.4,2688.1000000000004,105.44,8.7,SELL,2,105.44,346.1,105.43,59.7,105.42,581.5,105.41,1110.7,105.4,215.4,105.5,367.2,105.51,383.8,105.52,324.0,105.53,636.4,105.54,976.7
1700000056.0,112,105.49,0.060000000000002274,105.46,117.8,105.52,241.9,2308.6,4260.6,105.49,0.0,BUY,0,105.46,117.8,105.45,43.2,105.44,553.0,105.43,955.0,105.42,639.6,105.52,241.9,105.53,1158.2,105.54,1090.0,105.55,1418.6,105.56,351.9
1700000056.5,113,105.48,0.060000000000002274,105.45,251.9,105.51,210.7,5693.3,4719.3,105.51,21.6,BUY,4,105.45,251.9,105.44,514.5,105.43,320.0,105.42,4344.1,105.41,262.8,105.51,210.7,105.52,407.3,105.53,509.1,105.54,109.2,105.55,3483.0
1700000057.0,114,105.49,0.060000000000002274,105.46,170.5,105.52,283.5,2635.8,1596.5,105.52,31.7,BUY,3,105.46,170.5,105.45,598.4,105.44,206.9,105.43,14.6,105.42,1645.4,105.52,283.5,105.53,535.8,105.54,267.2,105.55,472.3,105.56,37.7
1700000057.5,115,105.5,0.03999999999999204,105.48,217.8,105.52,460.5,2668.2999999999997,1002.0,105.5,0.0,BUY,0,105.48,217.8,105.47,199.6,105.46,627.2,105.45,551.6,105.44,1072.1,105.52,460.5,105.53,36.5,105.54,77.2,105.55,20.5,105.56,407.3
1700000058.0,116,105.51,0.060000000000002274,105.48,694.1,105.54,64.7,3004.7000000000003,7230.2,105.48,35.5,SELL,2,105.48,694.1,105.47,171.6,105.46,411.5,105.45,1575.6,105.44,151.9,105.54,64.7,105.55,4180.6,105.56,413.2,105.57,1565.2,105.58,1006.5
1700000058.5,117,105.51,0.060000000000002274,105.48,409.5,105.54,287.2,6217.000000000001,2446.5,105.48,68.7,SELL,2,105.48,409.5,105.47,1804.3,105.46,311.3,105.45,3110.1,105.44,581.8,105.54,287.2,105.55,1063.4,105.56,360.9,105.57,252.0,105.58,483.0
1700000059.0,118,105.51,0.060000000000002274,105.48,445.8,105.54,167.7,4121.6,7380.3,105.54,28.5,BUY,4,105.48,445.8,105.47,1208.8,105.46,261.2,105.45,1897.2,105.44,308.6,105.54,167.7,105.55,764.7,105.56,1493.6,105.57,839.5,105.58,4114.8
1700000059.5,119,105.52000000000001,0.04000000000000625,105.5,282.0,105.54,339.2,4167.400000000001,3559.9,105.5,6.9,SELL,1,105.5,282.0,105.49,733.2,105.48,805.6,105.47,1028.4,105.46,1318.2,105.54,339.2,105.55,277.1,105.56,1183.9,105.57,329.3,105.58,1430.4
1700000060.0,120,105.53,0.060000000000002274,105.5,1133.9,105.56,430.8,6121.900000000001,4737.2,105.5,30.2,SELL,2,105.5,1133.9,105.49,978.0,105.48,1211.4,105.47,940.3,105.46,1858.3,105.56,430.8,105.57,1173.0,105.58,448.8,105.59,43.7,105.6,2640.9
1700000060.5,121,105.53,0.03999999999999204,105.51,182.5,105.55,61.0,3334.5,2892.5,105.55,8.6,BUY,2,105.51,182.5,105.5,517.1,105.49,839.1,105.48,925.4,105.47,870.4,105.55,61.0,105.56,1926.2,105.57,510.1,105.58,191.2,105.59,204.0
1700000061.0,122,105.53,0.060000000000002274,105.5,698.3,105.56,49.2,2341.9,4186.1,105.56,46.9,BUY,1,105.5,698.3,105.49,52.3,105.48,78.7,105.47,947.6,105.46,565.0,105.56,49.2,105.57,957.4,105.58,1565.2,105.59,1258.8,105.6,355.5
1700000061.5,123,105.52,0.060000000000002274,105.49,340.0,105.55,1122.2,4219.8,6788.700000000001,105.55,5.0,BUY,3,105.49,340.0,105.48,802.2,105.47,573.7,105.46,1414.6,105.45,1089.3,105.55,1122.2,105.56,563.1,105.57,161.3,105.58,86.3,105.59,4855.8
1700000062.0,124,105.53,0.060000000000002274,105.5,151.8,105.56,652.4,5590.0,3490.2999999999997,105.56,24.2,BUY,2,105.5,151.8,105.49,1566.4,105.48,548.9,105.47,386.7,105.46,2936.2,105.56,652.4,105.57,552.6,105.58,300.8,105.59,441.9,105.6,1542.6
1700000062.5,125,105.54499999999999,0.04999999999999716,105.52,21.5,105.57,65.9,6133.0,2651.8999999999996,105.57,18.9,BUY,4,105.52,21.5,105.51,984.9,105.5,1454.8,105.49,2795.7,105.48,876.1,105.57,65.9,105.58,301.6,105.59,2100.6,105.6,68.2,105.61,115.6
1700000063.0,126,105.53999999999999,0.04000000000000625,105.52,59.2,105.56,35.4,4566.400000000001,3184.6,105.56,42.6,BUY,5,105.52,59.2,105.51,135.7,105.5,1425.4,105.49,1289.9,105.48,1656.2,105.56,35.4,105.57,10.0,105.58,347.6,105.59,1952.7,105.6,838.9
1700000063.5,127,105.54499999999999,0.04999999999999716,105.52,10.0,105.57,370.3,2306.4,1887.4,105.54499999999999,0.0,BUY,0,105.52,10.0,105.51,54.7,105.5,75.6,105.49,189.4,105.48,1976.7,105.57,370.3,105.58,404.8,105.59,833.5,105.6,24.4,105.61,254.4
1700000064.0,128,105.53999999999999,0.05999999999998806,105.51,1197.7,105.57,84.4,4225.900000000001,4051.3999999999996,105.53999999999999,0.0,BUY,0,105.51,1197.7,105.5,214.7,105.49,422.6,105.48,1856.3,105.47,534.6,105.57,84.4,105.58,744.9,105.59,196.2,105.6,342.2,105.61,2683.7
1700000064.5,129,105.55,0.03999999999999204,105.53,453.3,105.57,632.9,3765.8999999999996,3023.6,105.53,29.5,SELL,1,105.53,453.3,105.52,956.1,105.51,76.7,105.5,96.1,105.49,2183.7,105.57,632.9,105.58,58.8,105.59,729.7,105.6,1443.5,105.61,158.7
1700000065.0,130,105.57,0.04000000000000625,105.55,953.6,105.59,484.8,2593.7,1470.5,105.59,5.0,BUY,1,105.55,953.6,105.54,176.7,105.53,341.0,105.52,188.2,105.51,934.2,105.59,484.8,105.6,288.9,105.61,56.1,105.62,20.2,105.63,620.5
1700000065.5,131,105.58,0.060000000000002274,105.55,471.2,105.61,130.2,2824.1,2673.2,105.55,18.9,SELL,1,105.55,471.2,105.54,1318.0,105.53,182.5,105.52,10.0,105.51,842.4,105.61,130.2,105.62,896.5,105.63,405.8,105.64,508.8,105.65,731.9
1700000066.0,132,105.59,0.04000000000000625,105.57,451.3,105.61,559.5,2788.3,6204.900000000001,105.61,33.7,BUY,2,105.57,451.3,105.56,232.4,105.55,345.1,105.54,298.1,105.53,1461.4,105.61,559.5,105.62,1377.4,105.63,1144.7,105.64,1593.0,105.65,1530.3
1700000066.5,133,105.58,0.060000000000002274,105.55,124.0,105.61,294.7,2229.6000000000004,5296.7,105.55,92.6,SELL,1,105.55,124.0,105.54,423.1,105.53,211.9,105.52,158.2,105.51,1312.4,105.61,294.7,105.62,658.8,105.63,874.9,105.64,2691.5,105.65,776.8
1700000067.0,134,105.59,0.060000000000002274,105.56,206.3,105.62,196.8,5390.7,7053.700000000001,105.56,60.1,SELL,2,105.56,206.3,105.55,83.8,105.54,2525.9,105.53,91.2,105.52,2483.5,105.62,196.8,105.63,1294.8,105.64,57.0,105.65,285.0,105.66,5220.1
1700000067.5,135,105.58,0.03999999999999204,105.56,674.1,105.6,429.5,4547.6,8888.7,105.6,27.8,BUY,4,105.56,674.1,105.55,10.0,105.54,1612.1,105.53,1105.5,105.52,1145.9,105.6,429.5,105.61,69.6,105.62,1294.4,105.63,2340.6,105.64,4754.6
1700000068.0,136,105.59,0.060000000000002274,105.56,568.4,105.62,227.3,7802.700000000001,2829.8,105.56,25.3,SELL,2,105.56,568.4,105.55,1760.4,105.54,35.8,105.53,867.4,105.52,4570.7,105.62,227.3,105.63,94.5,105.64,846.4,105.65,357.6,105.66,1304.0
1700000068.5,137,105.595,0.05000000000001137,105.57,421.1,105.62,720.1,7018.9,4655.7,105.62,54.0,BUY,1,105.57,421.1,105.56,2428.0,105.55,3267.7,105.54,10.0,105.53,892.1,105.62,720.1,105.63,1604.5,105.64,1366.7,105.65,121.6,105.66,842.8
1700000069.0,138,105.6,0.04000000000000625,105.58,182.0,105.62,492.4,3257.8,3736.3,105.62,5.0,BUY,1,105.58,182.0,105.57,1645.1,105.56,772.5,105.55,499.3,105.54,158.9,105.62,492.4,105.63,1010.5,105.64,1148.7,105.65,531.0,105.66,553.7
1700000069.5,139,105.61,0.060000000000002274,105.58,113.9,105.64,681.3,5619.1,5571.6,105.61,0.0,BUY,0,105.58,113.9,105.57,1689.4,105.56,696.1,105.55,29.1,105.54,3090.6,105.64,681.3,105.65,560.9,105.66,155.6,105.67,1163.2,105.68,3010.6
1700000070.0,140,105.61,0.060000000000002274,105.58,242.6,105.64,147.0,5662.5,3494.4,105.61,0.0,BUY,0,105.58,242.6,105.57,462.9,105.56,563.9,105.55,824.8,105.54,3568.3,105.64,147.0,105.65,760.0,105.66,788.0,105.67,10.0,105.68,1789.4
1700000070.5,141,105.61,0.060000000000002274,105.58,363.9,105.64,55.0,2867.1000000000004,4202.0,105.61,0.0,BUY,0,105.58,363.9,105.57,961.3,105.56,212.7,105.55,1128.9,105.54,200.3,105.64,55.0,105.65,428.8,105.66,989.5,105.67,2575.9,105.68,152.8
1700000071.0,142,105.595,0.05000000000001137,105.57,666.6,105.62,2502.2,1759.1,8592.6,105.62,95.6,BUY,1,105.57,666.6,105.56,16.4,105.55,241.2,105.54,377.9,105.53,457.0,105.62,2502.2,105.63,1880.4,105.64,10.6,105.65,3262.5,105.66,936.9
1700000071.5,143,105.595,0.05000000000001137,105.57,236.7,105.62,870.2,3121.4,6279.8,105.62,5.0,BUY,4,105.57,236.7,105.56,1378.5,105.55,847.4,105.54,152.5,105.53,506.3,105.62,870.2,105.63,793.2,105.64,202.6,105.65,1568.0,105.66,2845.8
1700000072.0,144,105.595,0.05000000000001137,105.57,1255.3,105.62,230.3,2106.8,5052.3,105.595,0.0,BUY,0,105.57,1255.3,105.56,17.6,105.55,515.5,105.54,225.9,105.53,92.5,105.62,230.3,105.63,1537.2,105.64,1530.7,105.65,742.0,105.66,1012.1
1700000072.5,145,105.595,0.05000000000001137,105.57,561.8,105.62,640.1,2540.6,2713.6000000000004,105.62,54.4,BUY,2,105.57,561.8,105.56,515.1,105.55,223.9,105.54,978.6,105.53,261.2,105.62,640.1,105.63,1072.8,105.64,516.4,105.65,380.9,105.66,103.4
1700000073.0,146,105.595,0.05000000000001137,105.57,331.4,105.62,794.0,1211.7,6879.2,105.62,8.8,BUY,4,105.57,331.4,105.56,128.8,105.55,89.9,105.54,93.4,105.53,568.2,105.62,794.0,105.63,169.5,105.64,1756.1,105.65,2603.6,105.66,1556.0
1700000073.5,147,105.59,0.060000000000002274,105.56,210.2,105.62,475.4,1434.8,5006.1,105.59,0.0,BUY,0,105.56,210.2,105.55,706.5,105.54,19.9,105.53,409.4,105.52,88.8,105.62,475.4,105.63,547.1,105.64,3297.1,105.65,617.0,105.66,69.5
1700000074.0,148,105.595,0.05000000000001137,105.57,317.9,105.62,849.5,1736.1999999999998,2557.1,105.57,67.4,SELL,4,105.57,317.9,105.56,402.2,105.55,878.0,105.54,120.0,105.53,18.1,105.62,849.5,105.63,126.4,105.64,25.1,105.65,762.6,105.66,793.5
1700000074.5,149,105.595,0.05000000000001137,105.57,382.6,105.62,206.0,1765.6,6387.900000000001,105.62,48.8,BUY,1,105.57,382.6,105.56,269.4,105.55,503.1,105.54,504.5,105.53,106.0,105.62,206.0,105.63,3045.8,105.64,3047.3,105.65,47.2,105.66,41.6
1700000075.0,150,105.61,0.060000000000002274,105.58,348.9,105.64,420.9,13361.2,3178.7999999999997,105.64,123.7,BUY,2,105.58,348.9,105.57,437.7,105.56,2945.3,105.55,491.8,105.54,9137.5,105.64,420.9,105.65,426.0,105.66,1958.6,105.67,253.7,105.68,119.6
1700000075.5,151,105.61,0.03999999999999204,105.59,1886.9,105.63,61.0,6428.0,3801.7,105.61,0.0,BUY,0,105.59,1886.9,105.58,411.2,105.57,266.7,105.56,103.8,105.55,3759.4,105.63,61.0,105.64,155.7,105.65,2120.4,105.66,1440.4,105.67,24.2
1700000076.0,152,105.61,0.060000000000002274,105.58,88.4,105.64,608.5,6171.5,2397.1,105.64,37.9,BUY,1,105.58,88.4,105.57,654.9,105.56,1997.0,105.55,575.8,105.54,2855.4,105.64,608.5,105.65,824.5,105.66,74.8,105.67,614.6,105.68,274.7
1700000076.5,153,105.61,0.060000000000002274,105.58,395.3,105.64,772.5,4418.0,5808.5,105.64,5.0,BUY,2,105.58,395.3,105.57,65.7,105.56,483.6,105.55,954.2,105.54,2519.2,105.64,772.5,105.65,14.8,105.66,313.1,105.67,1665.9,105.68,3042.2
1700000077.0,154,105.61,0.060000000000002274,105.58,1388.5,105.64,529.6,5347.200000000001,6718.8,105.64,100.0,BUY,4,105.58,1388.5,105.57,1360.8,105.56,625.4,105.55,1962.5,105.54,10.0,105.64,529.6,105.65,531.8,105.66,3712.5,105.67,1891.6,105.68,53.3
1700000077.5,155,105.595,0.05000000000001137,105.57,860.1,105.62,623.3,6251.9,6853.400000000001,105.57,22.0,SELL,3,105.57,860.1,105.56,1578.0,105.55,932.0,105.54,2269.3,105.53,612.5,105.62,623.3,105.63,547.1,105.64,460.4,105.65,3971.9,105.66,1250.7
1700000078.0,156,105.595,0.05000000000001137,105.57,10.0,105.62,224.1,5148.0,6408.5,105.62,29.5,BUY,5,105.57,10.0,105.56,450.3,105.55,443.7,105.54,977.1,105.53,3266.9,105.62,224.1,105.63,635.8,105.64,2004.3,105.65,1014.7,105.66,2529.6
1700000078.5,157,105.61,0.060000000000002274,105.58,146.3,105.64,221.8,6551.6,4362.4,105.58,54.2,SELL,3,105.58,146.3,105.57,3335.4,105.56,2225.9,105.55,293.8,105.54,550.2,105.64,221.8,105.65,1096.2,105.66,404.0,105.67,624.3,105.68,2016.1
1700000079.0,158,105.61,0.060000000000002274,105.58,79.5,105.64,79.3,1829.0,1869.3,105.64,38.0,BUY,3,105.58,79.5,105.57,110.6,105.56,100.6,105.55,414.0,105.54,1124.3,105.64,79.3,105.65,611.3,105.66,196.7,105.67,718.7,105.68,263.3
1700000079.5,159,105.61,0.03999999999999204,105.59,213.4,105.63,112.8,2201.5,4931.0,105.61,0.0,BUY,0,105.59,213.4,105.58,470.5,105.57,707.8,105.56,171.8,105.55,638.0,105.63,112.8,105.64,624.3,105.65,735.8,105.66,906.9,105.67,2551.2
1700000080.0,160,105.61,0.060000000000002274,105.58,519.9,105.64,165.7,2976.6,3997.3,105.58,6.3,SELL,2,105.58,519.9,105.57,269.3,105.56,798.1,105.55,877.6,105.54,511.7,105.64,165.7,105.65,437.7,105.66,2319.4,105.67,54.0,105.68,1020.5
1700000080.5,161,105.61,0.060000000000002274,105.58,96.1,105.64,604.8,1272.6000000000001,5163.900000000001,105.61,0.0,BUY,0,105.58,96.1,105.57,70.1,105.56,300.0,105.55,738.2,105.54,68.2,105.64,604.8,105.65,955.5,105.66,1193.5,105.67,940.3,105.68,1469.8
1700000081.0,162,105.61,0.03999999999999204,105.59,376.6,105.63,829.2,1831.8,2406.2999999999997,105.63,11.2,BUY,1,105.59,376.6,105.58,385.9,105.57,442.7,105.56,99.6,105.55,527.0,105.63,829.2,105.64,108.8,105.65,291.6,105.66,224.3,105.67,952.4
1700000081.5,163,105.61,0.060000000000002274,105.58,106.3,105.64,1026.1,5398.7,7028.300000000001,105.58,9.6,SELL,1,105.58,106.3,105.57,806.1,105.56,1564.0,105.55,2771.9,105.54,150.4,105.64,1026.1,105.65,574.3,105.66,18.2,105.67,4967.6,105.68,442.1
1700000082.0,164,105.595,0.05000000000001137,105.57,576.3,105.62,1175.7,3396.2,4294.3,105.595,0.0,BUY,0,105.57,576.3,105.56,61.0,105.55,314.6,105.54,1336.8,105.53,1107.5,105.62,1175.7,105.63,64.9,105.64,109.7,105.65,2310.9,105.66,633.1
1700000082.5,165,105.595,0.05000000000001137,105.57,630.2,105.62,348.8,7098.8,2806.2,105.57,54.1,SELL,8,105.57,630.2,105.56,68.1,105.55,1133.5,105.54,2019.0,105.53,3248.0,105.62,348.8,105.63,152.4,105.64,438.2,105.65,378.1,105.66,1488.7
1700000083.0,166,105.59,0.060000000000002274,105.56,205.9,105.62,118.7,2656.0,2278.0,105.59,0.0,BUY,0,105.56,205.9,105.55,490.2,105.54,1000.1,105.53,810.3,105.52,149.5,105.62,118.7,105.63,497.7,105.64,571.2,105.65,781.9,105.66,308.5
1700000083.5,167,105.58,0.060000000000002274,105.55,10.0,105.61,309.4,3743.3,6829.9,105.55,60.2,SELL,3,105.55,10.0,105.54,1013.9,105.53,693.9,105.52,633.5,105.51,1392.0,105.61,309.4,105.62,750.2,105.63,580.2,105.64,626.4,105.65,4563.7
1700000084.0,168,105.58,0.060000000000002274,105.55,173.8,105.61,15.1,2774.0,2255.7999999999997,105.61,5.0,BUY,1,105.55,173.8,105.54,232.2,105.53,348.6,105.52,1588.4,105.51,431.0,105.61,15.1,105.62,352.5,105.63,1120.4,105.64,724.6,105.65,43.2
1700000084.5,169,105.58,0.060000000000002274,105.55,294.0,105.61,291.3,2519.9,10668.5,105.61,14.2,BUY,3,105.55,294.0,105.54,691.7,105.53,936.6,105.52,353.9,105.51,243.7,105.61,291.3,105.62,380.8,105.63,423.5,105.64,775.4,105.65,8797.5
1700000085.0,170,105.565,0.04999999999999716,105.54,11.2,105.59,2126.9,3071.3999999999996,9084.1,105.59,8.2,BUY,2,105.54,11.2,105.53,342.9,105.52,1071.1,105.51,839.6,105.5,806.6,105.59,2126.9,105.6,572.8,105.61,522.5,105.62,3715.0,105.63,2146.9
1700000085.5,171,105.565,0.04999999999999716,105.54,201.4,105.59,15.9,4934.200000000001,1312.0,105.59,5.0,BUY,1,105.54,201.4,105.53,1362.8,105.52,616.1,105.51,969.4,105.5,1784.5,105.59,15.9,105.6,76.1,105.61,584.7,105.62,163.5,105.63,471.8
1700000086.0,172,114.97,0.060000000000002274,114.94,1247.5,115.0,304.6,6019.9,4051.7999999999997,114.97,0.0,BUY,0,114.94,1247.5,114.93,103.2,114.92,1058.1,114.91,1508.9,114.9,2102.2,115.0,304.6,115.01,1527.6,115.02,14.5,115.03,1099.6,115.04,1105.5
1700000086.5,173,114.95500000000001,0.04999999999999716,114.93,259.6,114.98,415.2,2528.6000000000004,3383.2,114.93,33.4,SELL,5,114.93,259.6,114.92,400.5,114.91,237.0,114.9,914.7,114.89,716.8,114.98,415.2,114.99,413.1,115.0,148.0,115.01,1599.2,115.02,807.7
1700000087.0,174,114.95500000000001,0.04999999999999716,114.93,361.3,114.98,711.0,2246.7,2040.1000000000001,114.95500000000001,0.0,BUY,0,114.93,361.3,114.92,760.6,114.91,486.6,114.9,315.5,114.89,322.7,114.98,711.0,114.99,23.0,115.0,348.7,115.01,780.1,115.02,177.3
1700000087.5,175,114.96000000000001,0.04000000000000625,114.94,876.5,114.98,94.0,4781.299999999999,4781.099999999999,114.98,173.2,BUY,3,114.94,876.5,114.93,274.6,114.92,971.8,114.91,1437.1,114.9,1221.3,114.98,94.0,114.99,1055.5,115.0,927.5,115.01,2550.7,115.02,153.4
1700000088.0,176,114.95,0.03999999999999204,114.93,1757.5,114.97,350.5,2372.8,5110.4,114.97,5.0,BUY,1,114.93,1757.5,114.92,46.3,114.91,64.3,114.9,307.8,114.89,196.9,114.97,350.5,114.98,65.5,114.99,311.2,115.0,3222.5,115.01,1160.7
1700000088.5,177,114.94,0.060000000000002274,114.91,625.0,114.97,106.7,2817.3,2284.1000000000004,114.97,8.9,BUY,2,114.91,625.0,114.9,396.6,114.89,18.9,114.88,1231.4,114.87,545.4,114.97,106.7,114.98,217.1,114.99,113.0,115.0,774.9,115.01,1072.4
1700000089.0,178,114.94,0.060000000000002274,114.91,461.8,114.97,839.9,3042.5,4005.5999999999995,114.97,112.4,BUY,4,114.91,461.8,114.9,587.0,114.89,18.4,114.88,1073.0,114.87,902.3,114.97,839.9,114.98,313.4,114.99,858.4,115.0,759.2,115.01,1234.7
1700000089.5,179,114.94,0.060000000000002274,114.91,215.1,114.97,539.6,4013.2999999999997,6747.8,114.91,19.5,SELL,3,114.91,215.1,114.9,1141.3,114.89,405.9,114.88,1708.9,114.87,542.1,114.97,539.6,114.98,840.5,114.99,2153.9,115.0,966.0,115.01,2247.8
1700000090.0,180,114.935,0.04999999999999716,114.91,106.8,114.96,101.0,1817.3,5000.599999999999,114.96,5.6,BUY,2,114.91,106.8,114.9,58.1,114.89,818.1,114.88,252.3,114.87,582.0,114.96,101.0,114.97,351.0,114.98,2632.4,114.99,920.8,115.0,995.4
1700000090.5,181,114.93,0.04000000000000625,114.91,480.6,114.95,287.8,5382.3,5160.0,114.93,0.0,BUY,0,114.91,480.6,114.9,210.5,114.89,1615.9,114.88,1930.0,114.87,1145.3,114.95,287.8,114.96,261.5,114.97,914.6,114.98,2581.7,114.99,1114.4
1700000091.0,182,114.94,0.060000000000002274,114.91,205.3,114.97,1259.6,5691.4,3545.5,114.91,18.9,SELL,5,114.91,205.3,114.9,2561.0,114.89,669.8,114.88,1408.4,114.87,846.9,114.97,1259.6,114.98,640.6,114.99,267.5,115.0,649.3,115.01,728.5
1700000091.5,183,114.94,0.060000000000002274,114.91,104.2,114.97,32.2,3734.7000000000003,2194.7,114.94,0.0,BUY,0,114.91,104.2,114.9,908.8,114.89,316.9,114.88,1928.2,114.87,476.6,114.97,32.2,114.98,891.8,114.99,943.9,115.0,194.6,115.01,132.2
1700000092.0,184,114.94,0.060000000000002274,114.91,279.3,114.97,415.5,5096.0,2822.1,114.91,101.2,SELL,4,114.91,279.3,114.9,1301.4,114.89,1181.0,114.88,45.5,114.87,2288.8,114.97,415.5,114.98,509.9,114.99,478.6,115.0,474.2,115.01,943.9
1700000092.5,185,114.94,0.03999999999999204,114.92,1937.2,114.96,528.1,3802.2,1967.8000000000002,114.92,33.1,SELL,1,114.92,1937.2,114.91,537.0,114.9,296.3,114.89,976.2,114.88,55.5,114.96,528.1,114.97,618.7,114.98,166.9,114.99,147.8,115.0,506.3
1700000093.0,186,114.94,0.060000000000002274,114.91,762.3,114.97,694.3,4565.9,3087.5,114.94,0.0,BUY,0,114.91,762.3,114.9,327.4,114.89,609.2,114.88,1438.2,114.87,1428.8,114.97,694.3,114.98,136.9,114.99,689.6,115.0,210.1,115.01,1356.6
1700000093.5,187,114.94,0.060000000000002274,114.91,983.5,114.97,531.0,4644.7,5132.4000000000015,114.94,0.0,BUY,0,114.91,983.5,114.9,180.0,114.89,936.4,114.88,51.1,114.87,2493.7,114.97,531.0,114.98,604.9,114.99,3165.8,115.0,770.6,115.01,60.1
1700000094.0,188,114.94,0.060000000000002274,114.91,553.0,114.97,222.3,4751.1,3133.0,114.97,23.3,BUY,1,114.91,553.0,114.9,771.4,114.89,704.5,114.88,1991.5,114.87,730.7,114.97,222.3,114.98,1010.7,114.99,297.7,115.0,32.7,115.01,1569.6
1700000094.5,189,114.95,0.03999999999999204,114.93,540.6,114.97,2155.0,6031.5,8269.8,114.97,80.4,BUY,5,114.93,540.6,114.92,578.9,114.91,1172.9,114.9,366.4,114.89,3372.7,114.97,2155.0,114.98,458.3,114.99,2608.9,115.0,631.4,115.01,2416.2
1700000095.0,190,114.95,0.060000000000002274,114.92,67.3,114.98,1413.6,4794.699999999999,3391.6000000000004,114.92,16.9,SELL,3,114.92,67.3,114.91,683.4,114.9,2721.5,114.89,1256.1,114.88,66.4,114.98,1413.6,114.99,918.7,115.0,317.2,115.01,68.8,115.02,673.3
1700000095.5,191,114.955,0.06999999999999318,114.92,156.2,114.99,51.6,900.5,2941.1000000000004,114.99,5.0,BUY,1,114.92,156.2,114.91,10.0,114.9,491.8,114.89,38.6,114.88,203.9,114.99,51.6,115.0,210.7,115.01,354.6,115.02,1435.4,115.03,888.8
1700000096.0,192,114.95500000000001,0.04999999999999716,114.93,372.8,114.98,395.5,2783.0999999999995,3409.4,114.98,33.5,BUY,3,114.93,372.8,114.92,1497.0,114.91,722.4,114.9,148.2,114.89,42.7,114.98,395.5,114.99,103.0,115.0,302.1,115.01,766.4,115.02,1842.4
1700000096.5,193,114.95500000000001,0.04999999999999716,114.93,350.5,114.98,55.0,5850.9,743.9,114.93,126.5,SELL,1,114.93,350.5,114.92,800.5,114.91,634.9,114.9,1930.9,114.89,2134.1,114.98,55.0,114.99,218.2,115.0,169.3,115.01,58.2,115.02,243.2
1700000097.0,194,114.95500000000001,0.04999999999999716,114.93,1819.0,114.98,138.1,5805.2,3511.8999999999996,114.98,6.7,BUY,1,114.93,1819.0,114.92,382.2,114.91,905.1,114.9,1421.9,114.89,1277.0,114.98,138.1,114.99,1052.1,115.0,171.2,115.01,161.9,115.02,1988.6
1700000097.5,195,114.95500000000001,0.04999999999999716,114.93,92.1,114.98,26.3,1984.2,3199.6,114.93,32.6,SELL,1,114.93,92.1,114.92,431.5,114.91,547.3,114.9,903.3,114.89,10.0,114.98,26.3,114.99,190.2,115.0,1711.0,115.01,46.1,115.02,1226.0
1700000098.0,196,114.95500000000001,0.04999999999999716,114.93,25.1,114.98,171.7,4142.4,3163.3,114.98,63.2,BUY,1,114.93,25.1,114.92,788.1,114.91,1572.5,114.9,940.7,114.89,816.0,114.98,171.7,114.99,80.9,115.0,536.5,115.01,1464.2,115.02,910.0
1700000098.5,197,114.94,0.060000000000002274,114.91,412.8,114.97,19.5,4617.5,3195.8,114.94,0.0,BUY,0,114.91,412.8,114.9,2344.2,114.89,1060.7,114.88,337.8,114.87,462.0,114.97,19.5,114.98,1593.7,114.99,590.8,115.0,457.0,115.01,534.8
1700000099.0,198,114.935,0.04999999999999716,114.91,639.3,114.96,13.8,2559.1000000000004,4287.4,114.96,69.4,BUY,2,114.91,639.3,114.9,116.3,114.89,1411.7,114.88,367.5,114.87,24.3,114.96,13.8,114.97,408.5,114.98,1349.1,114.99,1269.1,115.0,1246.9
1700000099.5,199,114.935,0.04999999999999716,114.91,202.7,114.96,166.3,1832.8000000000002,3647.2,114.91,15.8,SELL,2,114.91,202.7,114.9,42.8,114.89,910.5,114.88,618.9,114.87,57.9,114.96,166.3,114.97,83.1,114.98,838.7,114.99,781.9,115.0,1777.2
1700000100.0,200,114.93,0.04000000000000625,114.91,76.6,114.95,772.5,2116.7,4307.4,114.95,50.5,BUY,3,114.91,76.6,114.9,413.6,114.89,368.4,114.88,341.7,114.87,916.4,114.95,772.5,114.96,440.6,114.97,35.4,114.98,2759.7,114.99,299.2
1700000100.5,201,114.935,0.04999999999999716,114.91,512.0,114.96,117.1,3965.2,6268.099999999999,114.91,43.5,SELL,1,114.91,512.0,114.9,583.8,114.89,2506.6,114.88,352.8,114.87,10.0,114.96,117.1,114.97,3952.3,114.98,206.5,114.99,1077.8,115.0,914.4
1700000101.0,202,114.935,0.04999999999999716,114.91,935.2,114.96,10.7,5148.6,2527.8,114.96,48.8,BUY,2,114.91,935.2,114.9,143.1,114.89,108.9,114.88,1745.0,114.87,2216.4,114.96,10.7,114.97,683.5,114.98,626.9,114.99,819.4,115.0,387.3
1700000101.5,203,114.935,0.04999999999999716,114.91,946.5,114.96,1409.8,5223.400000000001,3683.1,114.935,0.0,BUY,0,114.91,946.5,114.9,1249.1,114.89,1230.2,114.88,514.9,114.87,1282.7,114.96,1409.8,114.97,96.9,114.98,839.8,114.99,122.1,115.0,1214.5
1700000102.0,204,114.92,0.03999999999999204,114.9,491.4,114.94,402.3,3429.9000000000005,2746.3,114.94,46.1,BUY,1,114.9,491.4,114.89,1058.0,114.88,249.7,114.87,369.5,114.86,1261.3,114.94,402.3,114.95,651.5,114.96,476.1,114.97,527.7,114.98,688.7
1700000102.5,205,114.92,0.060000000000002274,114.89,345.1,114.95,83.9,2708.7,2083.1,114.95,87.3,BUY,1,114.89,345.1,114.88,875.0,114.87,212.0,114.86,708.3,114.85,568.3,114.95,83.9,114.96,550.9,114.97,10.0,114.98,185.3,114.99,1253.0
1700000103.0,206,114.935,0.04999999999999716,114.91,30.9,114.96,160.1,2065.0,2912.7000000000003,114.91,10.4,SELL,2,114.91,30.9,114.9,148.1,114.89,328.0,114.88,1341.0,114.87,217.0,114.96,160.1,114.97,566.2,114.98,994.0,114.99,151.5,115.0,1040.9
1700000103.5,207,114.935,0.04999999999999716,114.91,2069.9,114.96,286.5,4003.9,1576.0,114.935,0.0,BUY,0,114.91,2069.9,114.9,144.2,114.89,55.7,114.88,1366.2,114.87,367.9,114.96,286.5,114.97,259.3,114.98,752.5,114.99,203.4,115.0,74.3
1700000104.0,208,114.93,0.05999999999998806,114.9,372.1,114.96,794.4,2445.7000000000003,3894.3,114.96,14.1,BUY,2,114.9,372.1,114.89,1233.8,114.88,309.6,114.87,149.4,114.86,380.8,114.96,794.4,114.97,1273.3,114.98,783.6,114.99,597.2,115.0,445.8
1700000104.5,209,114.94,0.060000000000002274,114.91,286.7,114.97,2295.2,3053.9,3498.7999999999997,114.97,62.5,BUY,1,114.91,286.7,114.9,327.2,114.89,881.1,114.88,765.5,114.87,793.4,114.97,2295.2,114.98,165.1,114.99,108.0,115.0,548.0,115.01,382.5
1700000105.0,210,114.94,0.060000000000002274,114.91,733.2,114.97,197.0,2931.7999999999997,2736.9,114.91,6.0,SELL,2,114.91,733.2,114.9,1263.0,114.89,810.5,114.88,46.6,114.87,78.5,114.97,197.0,114.98,1471.7,114.99,156.7,115.0,439.7,115.01,471.8
1700000105.5,211,114.935,0.030000000000001137,114.92,688.9,114.95,287.8,5185.5,6041.2,114.95,5.0,BUY,2,114.92,688.9,114.91,811.6,114.9,1617.1,114.89,1228.1,114.88,839.8,114.95,287.8,114.96,152.9,114.97,522.6,114.98,4444.9,114.99,633.0
1700000106.0,212,114.94,0.060000000000002274,114.91,389.4,114.97,340.6,2999.8999999999996,4430.2,114.97,19.0,BUY,1,114.91,389.4,114.9,178.6,114.89,921.3,114.88,824.3,114.87,686.3,114.97,340.6,114.98,1037.4,114.99,696.2,115.0,974.2,115.01,1381.8
1700000106.5,213,114.95,0.03999999999999204,114.93,122.9,114.97,180.3,4212.3,4987.0,114.97,46.7,BUY,3,114.93,122.9,114.92,249.2,114.91,684.8,114.9,2809.4,114.89,346.0,114.97,180.3,114.98,28.5,114.99,1227.0,115.0,1664.1,115.01,1887.1
1700000107.0,214,114.95500000000001,0.04999999999999716,114.93,142.2,114.98,232.6,3248.7,3630.2,114.95500000000001,0.0,BUY,0,114.93,142.2,114.92,980.4,114.91,182.7,114.9,1535.7,114.89,407.7,114.98,232.6,114.99,492.7,115.0,204.7,115.01,2167.4,115.02,532.8
1700000107.5,215,114.95500000000001,0.04999999999999716,114.93,464.4,114.98,399.4,3186.3,1993.2,114.93,5.0,SELL,2,114.93,464.4,114.92,979.1,114.91,636.4,114.9,459.0,114.89,647.4,114.98,399.4,114.99,220.6,115.0,391.7,115.01,193.8,115.02,787.7
1700000108.0,216,114.95500000000001,0.04999999999999716,114.93,666.9,114.98,248.4,6243.8,5305.9,114.98,11.9,BUY,2,114.93,666.9,114.92,1430.7,114.91,1072.0,114.9,411.3,114.89,2662.9,114.98,248.4,114.99,394.2,115.0,1092.5,115.01,1049.2,115.02,2521.6
1700000108.5,217,114.96000000000001,0.05999999999998806,114.93,228.3,114.99,497.5,6478.1,5004.2,114.93,58.8,SELL,2,114.93,228.3,114.92,894.7,114.91,587.4,114.9,2034.7,114.89,2733.0,114.99,497.5,115.0,439.5,115.01,1398.5,115.02,433.6,115.03,2235.1
1700000109.0,218,114.955,0.030000000000001137,114.94,396.1,114.97,257.2,3738.1000000000004,3449.2999999999997,114.94,17.8,SELL,2,114.94,396.1,114.93,286.0,114.92,551.1,114.91,1841.4,114.9,663.5,114.97,257.2,114.98,963.9,114.99,1039.3,115.0,619.3,115.01,569.6
1700000109.5,219,114.95500000000001,0.04999999999999716,114.93,212.6,114.98,295.9,5428.5,6463.5,114.93,5.0,SELL,4,114.93,212.6,114.92,1617.0,114.91,157.8,114.9,35.0,114.89,3406.1,114.98,295.9,114.99,2838.5,115.0,1637.6,115.01,754.8,115.02,936.7
1700000110.0,220,114.95,0.03999999999999204,114.93,186.6,114.97,65.8,1949.8999999999999,2736.1,114.93,29.2,SELL,1,114.93,186.6,114.92,11.4,114.91,981.5,114.9,180.1,114.89,590.3,114.97,65.8,114.98,867.9,114.99,205.8,115.0,997.0,115.01,599.6
1700000110.5,221,114.94,0.060000000000002274,114.91,654.3,114.97,108.0,2509.1,5232.4,114.97,5.0,BUY,1,114.91,654.3,114.9,177.0,114.89,273.4,114.88,1112.0,114.87,292.4,114.97,108.0,114.98,848.6,114.99,18.3,115.0,1173.5,115.01,3084.0
1700000111.0,222,114.935,0.04999999999999716,114.91,31.0,114.96,354.5,3221.7999999999997,4568.599999999999,114.91,33.0,SELL,1,114.91,31.0,114.9,815.1,114.89,2084.5,114.88,77.0,114.87,214.2,114.96,354.5,114.97,1138.3,114.98,401.4,114.99,1603.1,115.0,1071.3
1700000111.5,223,114.93,0.04000000000000625,114.91,303.6,114.95,396.6,4476.1,1455.5000000000002,114.91,5.0,SELL,2,114.91,303.6,114.9,492.0,114.89,83.0,114.88,39.0,114.87,3558.5,114.95,396.6,114.96,588.2,114.97,344.3,114.98,32.5,114.99,93.9
1700000112.0,224,114.94,0.03999999999999204,114.92,239.3,114.96,162.9,4249.1,2197.3,114.92,16.2,SELL,3,114.92,239.3,114.91,123.5,114.9,606.7,114.89,3061.5,114.88,218.1,114.96,162.9,114.97,1058.6,114.98,564.6,114.99,189.9,115.0,221.3
1700000112.5,225,114.94,0.060000000000002274,114.91,218.8,114.97,2402.4,1712.1,3434.0,114.91,14.8,SELL,3,114.91,218.8,114.9,699.5,114.89,278.3,114.88,288.7,114.87,226.8,114.97,2402.4,114.98,84.7,114.99,522.4,115.0,336.9,115.01,87.6
1700000113.0,226,114.94,0.060000000000002274,114.91,494.6,114.97,18.6,5379.299999999999,2046.5,114.97,37.0,BUY,3,114.91,494.6,114.9,2112.9,114.89,346.1,114.88,313.0,114.87,2112.7,114.97,18.6,114.98,290.7,114.99,39.7,115.0,1605.9,115.01,91.6
1700000113.5,227,114.94,0.03999999999999204,114.92,164.4,114.96,899.5,2618.5,2764.5,114.96,49.3,BUY,2,114.92,164.4,114.91,387.7,114.9,950.3,114.89,1106.1,114.88,10.0,114.96,899.5,114.97,309.4,114.98,775.6,114.99,628.3,115.0,151.7
1700000114.0,228,114.92,0.060000000000002274,114.89,261.4,114.95,282.1,3106.2,1868.8000000000002,114.95,6.6,BUY,3,114.89,261.4,114.88,32.9,114.87,10.0,114.86,1297.7,114.85,1504.2,114.95,282.1,114.96,90.6,114.97,116.9,114.98,1344.2,114.99,35.0
1700000114.5,229,114.81,0.060000000000002274,114.78,346.7,114.84,10.0,4482.2,3542.0,114.78,78.9,SELL,1,114.78,346.7,114.77,417.7,114.76,1600.3,114.75,372.1,114.74,1745.4,114.84,10.0,114.85,39.9,114.86,24.3,114.87,1651.7,114.88,1816.1
1700000115.0,230,114.81,0.060000000000002274,114.78,33.6,114.84,181.2,1289.1000000000001,2145.0000000000005,114.78,103.8,SELL,1,114.78,33.6,114.77,263.7,114.76,630.4,114.75,100.9,114.74,260.5,114.84,181.2,114.85,1347.4,114.86,44.9,114.87,369.2,114.88,202.3
1700000115.5,231,114.8,0.060000000000002274,114.77,111.5,114.83,63.5,1895.7,1911.8,114.77,33.3,SELL,1,114.77,111.5,114.76,314.9,114.75,57.1,114.74,1402.2,114.73,10.0,114.83,63.5,114.84,88.8,114.85,735.8,114.86,535.7,114.87,488.0
1700000116.0,232,114.8,0.060000000000002274,114.77,529.3,114.83,127.2,3909.9,1987.1999999999998,114.8,0.0,BUY,0,114.77,529.3,114.76,372.0,114.75,224.8,114.74,923.4,114.73,1860.4,114.83,127.2,114.84,349.0,114.85,114.5,114.86,1050.6,114.87,345.9
1700000116.5,233,114.8,0.060000000000002274,114.77,2186.3,114.83,1052.5,3622.6,2269.9,114.83,26.8,BUY,2,114.77,2186.3,114.76,273.0,114.75,249.7,114.74,503.6,114.73,410.0,114.83,1052.5,114.84,592.1,114.85,217.0,114.86,325.3,114.87,83.0
1700000117.0,234,114.79499999999999,0.04999999999999716,114.77,353.3,114.82,622.2,5248.099999999999,3125.6,114.77,89.6,SELL,2,114.77,353.3,114.76,612.3,114.75,1302.5,114.74,2410.3,114.73,569.7,114.82,622.2,114.83,1783.7,114.84,356.5,114.85,308.2,114.86,55.0
1700000117.5,235,114.78999999999999,0.05999999999998806,114.76,60.0,114.82,158.5,1505.7,3228.8,114.76,58.9,SELL,1,114.76,60.0,114.75,342.2,114.74,372.6,114.73,414.1,114.72,316.8,114.82,158.5,114.83,1749.7,114.84,20.8,114.85,443.1,114.86,856.7
1700000118.0,236,114.79499999999999,0.04999999999999716,114.77,110.3,114.82,1021.9,3942.3,8672.5,114.77,40.0,SELL,2,114.77,110.3,114.76,684.4,114.75,73.2,114.74,642.0,114.73,2432.4,114.82,1021.9,114.83,25.4,114.84,47.6,114.85,6470.6,114.86,1107.0
1700000118.5,237,114.79499999999999,0.04999999999999716,114.77,83.2,114.82,513.8,2228.1,7626.4,114.77,97.6,SELL,4,114.77,83.2,114.76,75.8,114.75,568.5,114.74,68.4,114.73,1432.2,114.82,513.8,114.83,3234.8,114.84,1727.9,114.85,1036.9,114.86,1113.0
1700000119.0,238,114.79499999999999,0.04999999999999716,114.77,116.7,114.82,1904.7,2897.4,5526.1,114.82,10.5,BUY,2,114.77,116.7,114.76,815.0,114.75,529.7,114.74,530.2,114.73,905.8,114.82,1904.7,114.83,236.9,114.84,909.5,114.85,1876.5,114.86,598.5
1700000119.5,239,114.77,0.060000000000002274,114.74,67.9,114.8,526.5,2167.2,3440.2,114.77,0.0,BUY,0,114.74,67.9,114.73,28.2,114.72,243.6,114.71,336.3,114.7,1491.2,114.8,526.5,114.81,700.6,114.82,381.9,114.83,784.4,114.84,1046.8
1700000120.0,240,114.76,0.060000000000002274,114.73,231.7,114.79,143.6,987.8,4612.1,114.73,52.6,SELL,1,114.73,231.7,114.72,115.4,114.71,47.3,114.7,158.7,114.69,434.7,114.79,143.6,114.8,168.9,114.81,1838.5,114.82,725.3,114.83,1735.8
1700000120.5,241,114.75,0.060000000000002274,114.72,394.1,114.78,637.4,1727.0,7981.299999999999,114.78,13.8,BUY,4,114.72,394.1,114.71,879.6,114.7,63.2,114.69,129.8,114.68,260.3,114.78,637.4,114.79,1685.4,114.8,3424.6,114.81,170.5,114.82,2063.4
1700000121.0,242,114.75999999999999,0.04000000000000625,114.74,594.8,114.78,50.5,4937.3,1214.3000000000002,114.78,86.9,BUY,1,114.74,594.8,114.73,1657.2,114.72,378.9,114.71,791.5,114.7,1514.9,114.78,50.5,114.79,35.7,114.8,540.6,114.81,92.4,114.82,495.1
1700000121.5,243,114.77,0.060000000000002274,114.74,1224.9,114.8,182.8,7381.099999999999,2437.4,114.8,19.5,BUY,2,114.74,1224.9,114.73,2429.7,114.72,161.4,114.71,288.9,114.7,3276.2,114.8,182.8,114.81,555.3,114.82,96.5,114.83,1124.9,114.84,477.9
1700000122.0,244,114.78,0.060000000000002274,114.75,508.1,114.81,120.9,3345.2,870.3,114.75,12.4,SELL,2,114.75,508.1,114.74,278.5,114.73,128.9,114.72,1965.5,114.71,464.2,114.81,120.9,114.82,321.3,114.83,175.6,114.84,113.8,114.85,138.7
1700000122.5,245,114.78,0.03999999999999204,114.76,1216.8,114.8,194.6,2591.0,10996.7,114.8,25.0,BUY,2,114.76,1216.8,114.75,1186.8,114.74,13.4,114.73,10.0,114.72,164.0,114.8,194.6,114.81,4757.4,114.82,1535.6,114.83,2429.4,114.84,2079.7
1700000123.0,246,114.79499999999999,0.04999999999999716,114.77,173.7,114.82,224.0,2780.7,1204.1,114.82,199.3,BUY,1,114.77,173.7,114.76,677.3,114.75,926.0,114.74,80.3,114.73,923.4,114.82,224.0,114.83,261.9,114.84,158.5,114.85,282.3,114.86,277.4
1700000123.5,247,114.78999999999999,0.04000000000000625,114.77,51.3,114.81,1565.5,5405.299999999999,4388.299999999999,114.77,23.2,SELL,2,114.77,51.3,114.76,330.4,114.75,1398.1,114.74,679.8,114.73,2945.7,114.81,1565.5,114.82,925.4,114.83,736.8,114.84,698.1,114.85,462.5
1700000124.0,248,114.78,0.060000000000002274,114.75,498.9,114.81,113.8,4012.5000000000005,2905.9,114.75,5.0,SELL,2,114.75,498.9,114.74,361.5,114.73,1647.5,114.72,1446.7,114.71,57.9,114.81,113.8,114.82,88.1,114.83,1842.4,114.84,356.1,114.85,505.5
1700000124.5,249,114.79499999999999,0.04999999999999716,114.77,249.0,114.82,243.6,5467.799999999999,1395.1,114.82,6.3,BUY,1,114.77,249.0,114.76,1152.3,114.75,1971.4,114.74,995.2,114.73,1099.9,114.82,243.6,114.83,10.0,114.84,526.0,114.85,115.6,114.86,499.9
1700000125.0,250,114.79499999999999,0.04999999999999716,114.77,67.6,114.82,88.7,6904.599999999999,921.1,114.82,5.0,BUY,3,114.77,67.6,114.76,1067.4,114.75,4863.5,114.74,561.4,114.73,344.7,114.82,88.7,114.83,272.8,114.84,64.1,114.85,259.1,114.86,236.4
1700000125.5,251,114.79499999999999,0.04999999999999716,114.77,1308.1,114.82,601.6,10687.2,2359.6,114.77,8.1,SELL,2,114.77,1308.1,114.76,440.1,114.75,1804.4,114.74,4032.9,114.73,3101.7,114.82,601.6,114.83,264.9,114.84,279.8,114.85,858.6,114.86,354.7
1700000126.0,252,114.79499999999999,0.04999999999999716,114.77,455.0,114.82,10.0,1815.4,2534.2000000000003,114.79499999999999,0.0,BUY,0,114.77,455.0,114.76,431.1,114.75,412.1,114.74,428.6,114.73,88.6,114.82,10.0,114.83,937.6,114.84,206.6,114.85,1227.9,114.86,152.1
1700000126.5,253,114.78,0.060000000000002274,114.75,316.3,114.81,403.8,5678.4,6538.200000000001,114.81,53.4,BUY,2,114.75,316.3,114.74,101.7,114.73,2036.6,114.72,3113.2,114.71,110.6,114.81,403.8,114.82,782.7,114.83,1351.1,114.84,3353.0,114.85,647.6
1700000127.0,254,114.78,0.060000000000002274,114.75,39.1,114.81,440.7,7139.900000000001,6560.6,114.81,10.7,BUY,2,114.75,39.1,114.74,478.3,114.73,2178.0,114.72,3068.3,114.71,1376.2,114.81,440.7,114.82,2097.2,114.83,299.0,114.84,671.8,114.85,3051.9
1700000127.5,255,114.79499999999999,0.04999999999999716,114.77,885.5,114.82,679.8,1472.5,3295.6,114.82,10.5,BUY,3,114.77,885.5,114.76,154.2,114.75,37.5,114.74,353.5,114.73,41.8,114.82,679.8,114.83,1383.6,114.84,40.9,114.85,111.9,114.86,1079.4
1700000128.0,256,114.79499999999999,0.04999999999999716,114.77,90.8,114.82,175.7,5735.2,1495.8,114.79499999999999,0.0,BUY,0,114.77,90.8,114.76,994.2,114.75,574.5,114.74,540.2,114.73,3535.5,114.82,175.7,114.83,172.7,114.84,176.2,114.85,148.2,114.86,823.0
1700000128.5,257,114.79499999999999,0.04999999999999716,114.77,546.1,114.82,921.0,2987.7999999999997,5435.799999999999,114.79499999999999,0.0,BUY,0,114.77,546.1,114.76,259.7,114.75,1320.1,114.74,759.4,114.73,102.5,114.82,921.0,114.83,427.1,114.84,1270.2,114.85,1547.1,114.86,1270.4
1700000129.0,258,114.79499999999999,0.04999999999999716,114.77,965.5,114.82,495.1,7370.1,3658.2999999999997,114.79499999999999,0.0,BUY,0,114.77,965.5,114.76,526.6,114.75,109.0,114.74,1720.6,114.73,4048.4,114.82,495.1,114.83,94.3,114.84,911.0,114.85,1491.3,114.86,666.6
1700000129.5,259,114.8,0.060000000000002274,114.77,325.4,114.83,1746.4,3753.2,3832.2,114.83,19.5,BUY,1,114.77,325.4,114.76,339.2,114.75,778.2,114.74,1655.7,114.73,654.7,114.83,1746.4,114.84,98.4,114.85,156.6,114.86,68.2,114.87,1762.6
1700000130.0,260,114.81,0.060000000000002274,114.78,340.2,114.84,27.4,5530.7,430.79999999999995,114.84,7.0,BUY,1,114.78,340.2,114.77,178.9,114.76,468.5,114.75,2714.3,114.74,1828.8,114.84,27.4,114.85,20.1,114.86,73.6,114.87,53.3,114.88,256.4
1700000130.5,261,114.81,0.03999999999999204,114.79,22.7,114.83,157.0,1732.7999999999997,1685.6999999999998,114.79,5.0,SELL,2,114.79,22.7,114.78,478.3,114.77,587.1,114.76,381.1,114.75,263.6,114.83,157.0,114.84,578.8,114.85,316.5,114.86,563.9,114.87,69.5
1700000131.0,262,114.81,0.060000000000002274,114.78,591.9,114.84,329.8,2692.3,3331.0,114.81,0.0,BUY,0,114.78,591.9,114.77,329.9,114.76,204.5,114.75,1482.2,114.74,83.8,114.84,329.8,114.85,75.4,114.86,97.7,114.87,701.4,114.88,2126.7
1700000131.5,263,114.81,0.060000000000002274,114.78,1025.4,114.84,89.6,4552.9,822.2,114.78,39.5,SELL,3,114.78,1025.4,114.77,221.4,114.76,1471.2,114.75,1508.9,114.74,326.0,114.84,89.6,114.85,321.1,114.86,106.6,114.87,26.9,114.88,278.0
1700000132.0,264,114.81,0.060000000000002274,114.78,148.6,114.84,671.8,6473.5,5930.2,114.84,5.0,BUY,1,114.78,148.6,114.77,935.6,114.76,629.9,114.75,4062.0,114.74,697.4,114.84,671.8,114.85,352.2,114.86,2754.8,114.87,2014.6,114.88,136.8
1700000132.5,265,114.815,0.04999999999999716,114.79,56.9,114.84,55.5,1992.3,1475.1,114.79,5.5,SELL,1,114.79,56.9,114.78,691.1,114.77,416.6,114.76,801.5,114.75,26.2,114.84,55.5,114.85,391.9,114.86,63.0,114.87,845.1,114.88,119.6
1700000133.0,266,114.815,0.04999999999999716,114.79,20.1,114.84,996.7,2715.1,5857.0,114.84,5.0,BUY,2,114.79,20.1,114.78,545.2,114.77,667.3,114.76,398.1,114.75,1084.4,114.84,996.7,114.85,316.0,114.86,205.7,114.87,1162.3,114.88,3176.3
1700000133.5,267,114.81,0.060000000000002274,114.78,563.1,114.84,509.4,3652.5999999999995,4154.3,114.78,108.2,SELL,5,114.78,563.1,114.77,1666.9,114.76,543.7,114.75,726.2,114.74,152.7,114.84,509.4,114.85,653.0,114.86,158.5,114.87,291.2,114.88,2542.2
1700000134.0,268,114.815,0.04999999999999716,114.79,730.3,114.84,221.4,1514.8,4381.1,114.84,5.0,BUY,3,114.79,730.3,114.78,18.0,114.77,103.6,114.76,652.9,114.75,10.0,114.84,221.4,114.85,2370.4,114.86,645.6,114.87,453.0,114.88,690.7
1700000134.5,269,114.815,0.04999999999999716,114.79,364.2,114.84,401.0,4260.3,2841.7,114.84,7.6,BUY,1,114.79,364.2,114.78,71.0,114.77,333.8,114.76,1060.3,114.75,2431.0,114.84,401.0,114.85,1043.1,114.86,891.5,114.87,168.0,114.88,338.1
1700000135.0,270,114.82,0.04000000000000625,114.8,683.7,114.84,30.2,2116.4,4502.700000000001,114.84,51.7,BUY,1,114.8,683.7,114.79,24.1,114.78,122.4,114.77,969.7,114.76,316.5,114.84,30.2,114.85,76.9,114.86,342.2,114.87,3177.3,114.88,876.1
1700000135.5,271,114.83,0.060000000000002274,114.8,759.9,114.86,129.0,2863.2,7081.0,114.86,19.1,BUY,1,114.8,759.9,114.79,545.0,114.78,545.1,114.77,528.0,114.76,485.2,114.86,129.0,114.87,244.7,114.88,1358.0,114.89,4840.0,114.9,509.3
1700000136.0,272,114.83,0.060000000000002274,114.8,803.5,114.86,10.0,3355.9999999999995,1752.3999999999999,114.86,18.2,BUY,1,114.8,803.5,114.79,49.0,114.78,2195.2,114.77,147.1,114.76,161.2,114.86,10.0,114.87,859.9,114.88,229.1,114.89,625.3,114.9,28.1
1700000136.5,273,114.83,0.03999999999999204,114.81,752.1,114.85,369.3,2471.1,5636.6,114.81,34.5,SELL,4,114.81,752.1,114.8,397.2,114.79,18.8,114.78,630.8,114.77,672.2,114.85,369.3,114.86,124.8,114.87,280.8,114.88,1509.2,114.89,3352.5
1700000137.0,274,114.83,0.03999999999999204,114.81,623.6,114.85,714.0,4464.0,2653.7999999999997,114.81,118.4,SELL,1,114.81,623.6,114.8,81.4,114.79,819.7,114.78,2468.2,114.77,471.1,114.85,714.0,114.86,686.4,114.87,170.8,114.88,635.5,114.89,447.1
1700000137.5,275,114.82,0.05999999999998806,114.79,229.7,114.85,232.6,3165.8999999999996,1921.3000000000002,114.85,134.5,BUY,3,114.79,229.7,114.78,128.4,114.77,482.8,114.76,52.3,114.75,2272.7,114.85,232.6,114.86,324.5,114.87,234.6,114.88,238.2,114.89,891.4
1700000138.0,276,114.815,0.04999999999999716,114.79,958.6,114.84,262.7,2335.1,2145.7,114.84,34.1,BUY,1,114.79,958.6,114.78,414.0,114.77,798.4,114.76,55.7,114.75,108.4,114.84,262.7,114.85,476.3,114.86,178.8,114.87,522.7,114.88,705.2
1700000138.5,277,114.82,0.04000000000000625,114.8,291.5,114.84,574.7,1790.2,2136.6000000000004,114.8,66.8,SELL,5,114.8,291.5,114.79,346.4,114.78,678.0,114.77,90.0,114.76,384.3,114.84,574.7,114.85,229.1,114.86,114.9,114.87,958.6,114.88,259.3
1700000139.0,278,114.81,0.060000000000002274,114.78,160.4,114.84,103.5,2289.9,4233.4,114.84,29.0,BUY,1,114.78,160.4,114.77,55.6,114.76,382.1,114.75,1640.0,114.74,51.8,114.84,103.5,114.85,106.9,114.86,51.2,114.87,2518.0,114.88,1453.8
1700000139.5,279,114.81,0.03999999999999204,114.79,432.6,114.83,764.9,10648.800000000001,4712.2,114.79,17.6,SELL,2,114.79,432.6,114.78,1777.2,114.77,814.9,114.76,4776.1,114.75,2848.0,114.83,764.9,114.84,323.5,114.85,2490.4,114.86,691.5,114.87,441.9
1700000140.0,280,114.81,0.060000000000002274,114.78,1353.5,114.84,489.0,7174.5,1961.8,114.84,144.5,BUY,2,114.78,1353.5,114.77,282.7,114.76,168.5,114.75,1614.1,114.74,3755.7,114.84,489.0,114.85,591.1,114.86,279.2,114.87,327.7,114.88,274.8
1700000140.5,281,114.81,0.03999999999999204,114.79,1110.6,114.83,1819.9,7239.299999999999,4452.5,114.83,84.5,BUY,4,114.79,1110.6,114.78,1059.4,114.77,780.9,114.76,502.7,114.75,3785.7,114.83,1819.9,114.84,187.6,114.85,826.1,114.86,940.6,114.87,678.3
1700000141.0,282,114.8,0.060000000000002274,114.77,972.0,114.83,1015.5,3242.3,8042.2,114.77,31.6,SELL,2,114.77,972.0,114.76,27.0,114.75,158.7,114.74,251.0,114.73,1833.6,114.83,1015.5,114.84,222.5,114.85,2846.7,114.86,1214.2,114.87,2743.3
1700000141.5,283,114.8,0.060000000000002274,114.77,1704.5,114.83,617.1,5587.8,2265.7,114.83,33.8,BUY,3,114.77,1704.5,114.76,305.6,114.75,2838.4,114.74,310.5,114.73,428.8,114.83,617.1,114.84,1131.1,114.85,375.5,114.86,10.0,114.87,132.0
1700000142.0,284,114.8,0.060000000000002274,114.77,645.5,114.83,1508.6,3404.0,3126.7,114.8,0.0,BUY,0,114.77,645.5,114.76,75.0,114.75,395.0,114.74,525.1,114.73,1763.4,114.83,1508.6,114.84,120.1,114.85,166.7,114.86,78.6,114.87,1252.7
1700000142.5,285,114.8,0.060000000000002274,114.77,294.5,114.83,834.9,3937.6,3952.6000000000004,114.77,60.7,SELL,3,114.77,294.5,114.76,1174.9,114.75,882.5,114.74,1405.6,114.73,180.1,114.83,834.9,114.84,281.5,114.85,386.4,114.86,495.8,114.87,1954.0
1700000143.0,286,114.8,0.060000000000002274,114.77,258.2,114.83,1208.9,2602.8,7324.700000000001,114.77,30.4,SELL,2,114.77,258.2,114.76,374.6,114.75,1003.6,114.74,581.5,114.73,384.9,114.83,1208.9,114.84,2306.4,114.85,1682.3,114.86,1702.8,114.87,424.3
1700000143.5,287,114.8,0.060000000000002274,114.77,1002.5,114.83,193.5,2791.9,3939.9,114.83,108.3,BUY,2,114.77,1002.5,114.76,968.8,114.75,346.6,114.74,21.6,114.73,452.4,114.83,193.5,114.84,605.7,114.85,2248.1,114.86,559.2,114.87,333.4
1700000144.0,288,114.79499999999999,0.04999999999999716,114.77,277.6,114.82,618.0,2301.7,5663.500000000001,114.79499999999999,0.0,BUY,0,114.77,277.6,114.76,326.9,114.75,327.6,114.74,251.8,114.73,1117.8,114.82,618.0,114.83,409.4,114.84,3531.3,114.85,595.5,114.86,509.3
1700000144.5,289,114.78,0.060000000000002274,114.75,439.5,114.81,152.1,2579.2,2934.1,114.81,24.9,BUY,2,114.75,439.5,114.74,883.2,114.73,468.9,114.72,61.0,114.71,726.6,114.81,152.1,114.82,28.8,114.83,255.1,114.84,2005.4,114.85,492.7
1700000145.0,290,114.78,0.060000000000002274,114.75,98.2,114.81,207.2,2887.6,4775.0,114.75,89.4,SELL,4,114.75,98.2,114.74,667.0,114.73,273.0,114.72,511.3,114.71,1338.1,114.81,207.2,114.82,2190.3,114.83,978.9,114.84,1317.7,114.85,80.9
1700000145.5,291,114.77,0.060000000000002274,114.74,822.5,114.8,303.6,4638.0,4982.4,114.8,5.2,BUY,2,114.74,822.5,114.73,10.0,114.72,1855.0,114.71,356.1,114.7,1594.4,114.8,303.6,114.81,1720.5,114.82,185.1,114.83,1350.6,114.84,1422.6
1700000146.0,292,114.77,0.060000000000002274,114.74,119.7,114.8,160.0,913.0999999999999,8074.699999999999,114.8,5.0,BUY,2,114.74,119.7,114.73,10.0,114.72,459.9,114.71,115.9,114.7,207.6,114.8,160.0,114.81,963.1,114.82,3822.7,114.83,1967.7,114.84,1161.2
1700000146.5,293,114.77,0.060000000000002274,114.74,655.3,114.8,12.8,6391.5,3245.4,114.77,0.0,BUY,0,114.74,655.3,114.73,1620.8,114.72,1132.4,114.71,365.7,114.7,2617.3,114.8,12.8,114.81,348.1,114.82,424.3,114.83,1490.7,114.84,969.5
1700000147.0,294,114.76,0.060000000000002274,114.73,131.8,114.79,23.4,4530.2,4497.1,114.73,9.9,SELL,2,114.73,131.8,114.72,11.7,114.71,358.2,114.7,3073.6,114.69,954.9,114.79,23.4,114.8,781.4,114.81,2118.9,114.82,1233.9,114.83,339.5
1700000147.5,295,114.76,0.060000000000002274,114.73,255.5,114.79,242.9,2321.6,5658.400000000001,114.76,0.0,BUY,0,114.73,255.5,114.72,238.4,114.71,157.4,114.7,1137.4,114.69,532.9,114.79,242.9,114.8,465.4,114.81,211.3,114.82,457.7,114.83,4281.1
1700000148.0,296,114.75,0.060000000000002274,114.72,1280.9,114.78,130.7,3749.0,4087.6,114.72,17.1,SELL,2,114.72,1280.9,114.71,608.0,114.7,1734.1,114.69,102.3,114.68,23.7,114.78,130.7,114.79,1361.9,114.8,447.0,114.81,669.4,114.82,1478.6
1700000148.5,297,114.74000000000001,0.04000000000000625,114.72,57.5,114.76,961.6,4023.8,4073.8,114.72,31.1,SELL,4,114.72,57.5,114.71,1083.0,114.7,486.8,114.69,441.7,114.68,1954.8,114.76,961.6,114.77,185.8,114.78,1772.5,114.79,716.9,114.8,437.0
1700000149.0,298,114.74000000000001,0.04000000000000625,114.72,243.9,114.76,2031.0,1233.6,3476.3999999999996,114.72,7.3,SELL,2,114.72,243.9,114.71,265.3,114.7,426.5,114.69,10.0,114.68,287.9,114.76,2031.0,114.77,735.6,114.78,30.5,114.79,148.2,114.8,531.1
1700000149.5,299,114.74,0.060000000000002274,114.71,36.8,114.77,395.7,2508.2,3557.6,114.77,52.5,BUY,2,114.71,36.8,114.7,433.8,114.69,125.1,114.68,508.8,114.67,1403.7,114.77,395.7,114.78,2108.7,114.79,401.0,114.8,204.8,114.81,447.4
1700000150.0,300,114.73,0.060000000000002274,114.7,26.5,114.76,639.5,4534.4,4593.7,114.7,54.2,SELL,4,114.7,26.5,114.69,362.8,114.68,1787.0,114.67,1553.6,114.66,804.5,114.76,639.5,114.77,152.5,114.78,1803.7,114.79,453.0,114.8,1545.0
1700000150.5,301,114.72999999999999,0.04000000000000625,114.71,286.6,114.75,211.7,3907.6,4451.0,114.72999999999999,0.0,BUY,0,114.71,286.6,114.7,791.3,114.69,486.1,114.68,1985.9,114.67,357.7,114.75,211.7,114.76,286.8,114.77,1713.0,114.78,56.1,114.79,2183.4
1700000151.0,302,114.74,0.060000000000002274,114.71,216.9,114.77,730.5,4845.8,4802.3,114.77,62.1,BUY,4,114.71,216.9,114.7,646.3,114.69,418.7,114.68,643.0,114.67,2920.9,114.77,730.5,114.78,1342.7,114.79,177.8,114.8,1597.3,114.81,954.0
1700000151.5,303,114.75,0.060000000000002274,114.72,42.6,114.78,1312.8,3033.8999999999996,2992.1,114.72,6.1,SELL,1,114.72,42.6,114.71,186.8,114.7,28.6,114.69,274.7,114.68,2501.2,114.78,1312.8,114.79,463.8,114.8,368.5,114.81,459.4,114.82,387.6
1700000152.0,304,114.76,0.060000000000002274,114.73,209.8,114.79,956.6,8489.4,3231.8999999999996,114.76,0.0,BUY,0,114.73,209.8,114.72,3284.6,114.71,787.5,114.7,3408.9,114.69,798.6,114.79,956.6,114.8,483.5,114.81,247.2,114.82,872.8,114.83,671.8
1700000152.5,305,114.75,0.03999999999999204,114.73,31.1,114.77,411.1,1703.8999999999999,3347.6,114.73,7.9,SELL,4,114.73,31.1,114.72,514.2,114.71,223.2,114.7,703.3,114.69,232.1,114.77,411.1,114.78,60.8,114.79,1315.6,114.8,489.7,114.81,1070.4
1700000153.0,306,114.74,0.060000000000002274,114.71,198.6,114.77,1205.8,4018.8,5842.5,114.74,0.0,BUY,0,114.71,198.6,114.7,291.0,114.69,814.8,114.68,496.5,114.67,2217.9,114.77,1205.8,114.78,590.0,114.79,770.6,114.8,2360.7,114.81,915.4
1700000153.5,307,114.74000000000001,0.04000000000000625,114.72,357.1,114.76,545.5,5943.2,5723.900000000001,114.76,5.0,BUY,3,114.72,357.1,114.71,688.0,114.7,1011.1,114.69,505.8,114.68,3381.2,114.76,545.5,114.77,725.0,114.78,1337.9,114.79,2712.7,114.8,402.8
1700000154.0,308,114.74,0.060000000000002274,114.71,262.9,114.77,49.9,3982.3999999999996,3324.4,114.77,58.8,BUY,3,114.71,262.9,114.7,1283.3,114.69,27.3,114.68,49.0,114.67,2359.9,114.77,49.9,114.78,461.6,114.79,159.4,114.8,1145.5,114.81,1508.0
1700000154.5,309,114.73,0.060000000000002274,114.7,448.5,114.76,333.5,4406.0,5350.3,114.73,0.0,BUY,0,114.7,448.5,114.69,1243.5,114.68,377.3,114.67,939.9,114.66,1396.8,114.76,333.5,114.77,2973.3,114.78,596.8,114.79,1341.2,114.8,105.5
1700000155.0,310,114.73,0.060000000000002274,114.7,450.0,114.76,77.3,2934.3,1194.4,114.76,5.0,BUY,2,114.7,450.0,114.69,1109.8,114.68,52.0,114.67,328.7,114.66,993.8,114.76,77.3,114.77,549.6,114.78,12.2,114.79,372.6,114.8,182.7
1700000155.5,311,114.72999999999999,0.04000000000000625,114.71,368.2,114.75,331.1,3671.4,2266.7,114.75,53.5,BUY,2,114.71,368.2,114.7,1147.8,114.69,501.7,114.68,667.6,114.67,986.1,114.75,331.1,114.76,573.8,114.77,366.1,114.78,408.1,114.79,587.6
1700000156.0,312,114.74,0.060000000000002274,114.71,177.2,114.77,167.2,4204.0,2991.9,114.71,14.2,SELL,1,114.71,177.2,114.7,632.6,114.69,421.4,114.68,374.8,114.67,2598.0,114.77,167.2,114.78,1776.3,114.79,476.7,114.8,232.8,114.81,338.9
1700000156.5,313,114.73,0.060000000000002274,114.7,1610.8,114.76,506.9,3049.8,2147.1,114.76,79.0,BUY,4,114.7,1610.8,114.69,190.6,114.68,122.7,114.67,515.7,114.66,610.0,114.76,506.9,114.77,418.0,114.78,781.3,114.79,132.0,114.8,308.9
1700000157.0,314,114.74,0.060000000000002274,114.71,1125.7,114.77,500.1,5220.3,4368.400000000001,114.77,8.6,BUY,4,114.71,1125.7,114.7,1832.5,114.69,381.0,114.68,1148.5,114.67,732.6,114.77,500.1,114.78,1492.7,114.79,497.8,114.8,1860.3,114.81,17.5
1700000157.5,315,114.74,0.060000000000002274,114.71,90.4,114.77,1933.0,3833.0999999999995,7261.400000000001,114.77,68.8,BUY,3,114.71,90.4,114.7,956.9,114.69,1163.8,114.68,1296.3,114.67,325.7,114.77,1933.0,114.78,84.4,114.79,1898.9,114.8,714.1,114.81,2631.0
1700000158.0,316,114.94,0.060000000000002274,114.91,1297.4,114.97,800.0,5147.3,9177.0,114.97,16.4,BUY,1,114.91,1297.4,114.9,10.0,114.89,1713.2,114.88,1109.4,114.87,1017.3,114.97,800.0,114.98,140.0,114.99,4810.0,115.0,1891.6,115.01,1535.4
1700000158.5,317,114.94,0.060000000000002274,114.91,1221.9,114.97,769.9,4552.2,3656.1,114.94,0.0,BUY,0,114.91,1221.9,114.9,1514.0,114.89,341.7,114.88,782.0,114.87,692.6,114.97,769.9,114.98,448.3,114.99,1379.2,115.0,459.6,115.01,599.1
1700000159.0,318,114.95,0.060000000000002274,114.92,10.0,114.98,305.1,4110.099999999999,4420.0,114.98,8.0,BUY,1,114.92,10.0,114.91,479.6,114.9,924.6,114.89,2583.0,114.88,112.9,114.98,305.1,114.99,34.1,115.0,2430.0,115.01,176.3,115.02,1474.5
1700000159.5,319,114.95,0.060000000000002274,114.92,10.0,114.98,75.9,2803.7999999999997,2421.0,114.92,5.0,SELL,2,114.92,10.0,114.91,24.6,114.9,237.6,114.89,325.9,114.88,2205.7,114.98,75.9,114.99,817.5,115.0,393.7,115.01,316.8,115.02,817.1
1700000160.0,320,114.95,0.060000000000002274,114.92,174.5,114.98,2449.7,2314.2,7359.299999999999,114.92,28.5,SELL,3,114.92,174.5,114.91,551.3,114.9,465.3,114.89,299.2,114.88,823.9,114.98,2449.7,114.99,2819.6,115.0,161.9,115.01,1713.5,115.02,214.6
1700000160.5,321,114.95500000000001,0.04999999999999716,114.93,1018.9,114.98,553.3,4161.9,5434.6,114.95500000000001,0.0,BUY,0,114.93,1018.9,114.92,1144.9,114.91,213.2,114.9,726.7,114.89,1058.2,114.98,553.3,114.99,450.9,115.0,266.7,115.01,1509.6,115.02,2654.1
1700000161.0,322,114.95,0.060000000000002274,114.92,654.3,114.98,274.7,5574.700000000001,1687.9,114.98,51.1,BUY,3,114.92,654.3,114.91,1183.6,114.9,1991.1,114.89,452.3,114.88,1293.4,114.98,274.7,114.99,924.7,115.0,103.1,115.01,157.9,115.02,227.5
1700000161.5,323,114.95,0.060000000000002274,114.92,339.7,114.98,125.7,4409.400000000001,2750.5,114.92,28.8,SELL,1,114.92,339.7,114.91,35.0,114.9,3280.4,114.89,640.2,114.88,114.1,114.98,125.7,114.99,954.2,115.0,597.6,115.01,846.2,115.02,226.8
1700000162.0,324,114.95,0.060000000000002274,114.92,176.7,114.98,1114.1,1974.6,2589.9,114.95,0.0,BUY,0,114.92,176.7,114.91,275.2,114.9,150.1,114.89,36.6,114.88,1336.0,114.98,1114.1,114.99,169.6,115.0,398.4,115.01,801.0,115.02,106.8
1700000162.5,325,114.95,0.060000000000002274,114.92,795.9,114.98,1036.0,4978.6,3105.2,114.95,0.0,BUY,0,114.92,795.9,114.91,237.8,114.9,915.3,114.89,2152.0,114.88,877.6,114.98,1036.0,114.99,410.6,115.0,243.0,115.01,931.1,115.02,484.5
1700000163.0,326,114.94,0.060000000000002274,114.91,576.6,114.97,536.8,2365.2999999999997,3912.5,114.91,11.4,SELL,1,114.91,576.6,114.9,625.5,114.89,706.3,114.88,199.5,114.87,257.4,114.97,536.8,114.98,243.1,114.99,144.3,115.0,2391.5,115.01,596.8
1700000163.5,327,114.95,0.060000000000002274,114.92,166.6,114.98,419.8,3399.1,3988.2,114.92,34.9,SELL,1,114.92,166.6,114.91,15.8,114.9,479.5,114.89,2202.6,114.88,534.6,114.98,419.8,114.99,311.9,115.0,1638.2,115.01,1326.3,115.02,292.0
1700000164.0,328,114.94,0.060000000000002274,114.91,2411.1,114.97,421.0,5076.5,2511.0,114.94,0.0,BUY,0,114.91,2411.1,114.9,42.4,114.89,1446.0,114.88,224.5,114.87,952.5,114.97,421.0,114.98,918.2,114.99,313.5,115.0,440.0,115.01,418.3
1700000164.5,329,114.93,0.04000000000000625,114.91,290.8,114.95,1024.0,3252.7000000000003,4256.5,114.93,0.0,BUY,0,114.91,290.8,114.9,768.1,114.89,1077.0,114.88,1081.7,114.87,35.1,114.95,1024.0,114.96,374.9,114.97,1208.3,114.98,84.2,114.99,1565.1
1700000165.0,330,114.92,0.03999999999999204,114.9,495.3,114.94,144.3,3124.1,2170.7,114.9,33.9,SELL,1,114.9,495.3,114.89,480.5,114.88,237.3,114.87,451.4,114.86,1459.6,114.94,144.3,114.95,11.3,114.96,1093.0,114.97,601.1,114.98,321.0
1700000165.5,331,114.91,0.060000000000002274,114.88,537.4,114.94,333.9,4380.9,3626.6,114.91,0.0,BUY,0,114.88,537.4,114.87,197.1,114.86,377.8,114.85,1174.5,114.84,2094.1,114.94,333.9,114.95,875.1,114.96,10.0,114.97,300.1,114.98,2107.5
1700000166.0,332,114.92,0.060000000000002274,114.89,138.7,114.95,156.6,5305.5,3200.0,114.95,28.8,BUY,1,114.89,138.7,114.88,545.3,114.87,1622.5,114.86,1482.2,114.85,1516.8,114.95,156.6,114.96,353.6,114.97,791.8,114.98,398.3,114.99,1499.7
1700000166.5,333,114.91,0.060000000000002274,114.88,364.2,114.94,755.1,3249.8999999999996,3306.2000000000003,114.88,28.9,SELL,5,114.88,364.2,114.87,290.0,114.86,956.0,114.85,1170.5,114.84,469.2,114.94,755.1,114.95,861.7,114.96,109.6,114.97,479.9,114.98,1099.9
1700000167.0,334,114.905,0.05000000000001137,114.88,158.8,114.93,87.6,9061.7,2350.9,114.93,31.7,BUY,2,114.88,158.8,114.87,109.8,114.86,67.1,114.85,1797.3,114.84,6928.7,114.93,87.6,114.94,671.3,114.95,751.4,114.96,392.5,114.97,448.1
1700000167.5,335,115.36,0.060000000000002274,115.33,45.3,115.39,121.7,4959.1,3647.8,115.33,5.0,SELL,1,115.33,45.3,115.32,268.1,115.31,397.6,115.3,1880.9,115.29,2367.2,115.39,121.7,115.4,78.7,115.41,982.4,115.42,2348.3,115.43,116.7
1700000168.0,336,115.36,0.060000000000002274,115.33,58.8,115.39,151.4,738.0,6087.9,115.36,0.0,BUY,0,115.33,58.8,115.32,10.0,115.31,407.9,115.3,10.0,115.29,251.3,115.39,151.4,115.4,2956.9,115.41,39.8,115.42,281.6,115.43,2658.2
1700000168.5,337,115.37,0.060000000000002274,115.34,1042.2,115.4,108.0,4691.2,6705.999999999999,115.4,10.2,BUY,4,115.34,1042.2,115.33,397.6,115.32,445.5,115.31,1027.1,115.3,1778.8,115.4,108.0,115.41,1450.1,115.42,3864.2,115.43,576.9,115.44,706.8
1700000169.0,338,115.36,0.060000000000002274,115.33,700.4,115.39,2346.2,1733.7,7451.900000000001,115.33,24.5,SELL,4,115.33,700.4,115.32,68.3,115.31,273.4,115.3,637.9,115.29,53.7,115.39,2346.2,115.4,274.8,115.41,165.9,115.42,2308.7,115.43,2356.3
1700000169.5,339,115.36,0.060000000000002274,115.33,857.6,115.39,46.7,5430.2,4120.6,115.33,5.9,SELL,2,115.33,857.6,115.32,37.5,115.31,2123.4,115.3,278.1,115.29,2133.6,115.39,46.7,115.4,1542.6,115.41,119.4,115.42,411.7,115.43,2000.2
1700000170.0,340,115.36,0.060000000000002274,115.33,322.8,115.39,335.5,6272.200000000001,5112.5,115.39,24.4,BUY,2,115.33,322.8,115.32,2795.8,115.31,1684.2,115.3,946.3,115.29,523.1,115.39,335.5,115.4,402.0,115.41,1369.1,115.42,44.3,115.43,2961.6
1700000170.5,341,115.35,0.060000000000002274,115.32,91.9,115.38,393.5,2890.9000000000005,2616.9,115.32,116.1,SELL,2,115.32,91.9,115.31,1377.7,115.3,454.7,115.29,544.3,115.28,422.3,115.38,393.5,115.39,803.5,115.4,918.5,115.41,338.1,115.42,163.3
1700000171.0,342,115.35,0.060000000000002274,115.32,389.3,115.38,1593.0,3149.3999999999996,4646.3,115.38,40.8,BUY,2,115.32,389.3,115.31,301.0,115.3,484.3,115.29,115.1,115.28,1859.7,115.38,1593.0,115.39,340.7,115.4,1136.9,115.41,973.1,115.42,602.6
1700000171.5,343,115.36,0.060000000000002274,115.33,173.1,115.39,1284.5,3137.1,9395.099999999999,115.36,0.0,BUY,0,115.33,173.1,115.32,470.8,115.31,379.6,115.3,1159.6,115.29,954.0,115.39,1284.5,115.4,2485.0,115.41,1596.9,115.42,773.2,115.43,3255.5
1700000172.0,344,115.36,0.060000000000002274,115.33,1381.3,115.39,253.9,4593.5,1994.8,115.36,0.0,BUY,0,115.33,1381.3,115.32,121.7,115.31,10.0,115.3,515.9,115.29,2564.6,115.39,253.9,115.4,553.0,115.41,220.5,115.42,945.6,115.43,21.8
1700000172.5,345,115.37,0.060000000000002274,115.34,93.9,115.4,471.9,4871.6,3188.3,115.4,55.5,BUY,3,115.34,93.9,115.33,341.6,115.32,693.8,115.31,2091.9,115.3,1650.4,115.4,471.9,115.41,796.7,115.42,297.2,115.43,888.2,115.44,734.3
1700000173.0,346,115.37,0.060000000000002274,115.34,176.0,115.4,107.6,4477.299999999999,2891.0,115.4,13.2,BUY,1,115.34,176.0,115.33,1629.0,115.32,615.6,115.31,46.1,115.3,2010.6,115.4,107.6,115.41,584.9,115.42,1167.0,115.43,98.0,115.44,933.5
1700000173.5,347,115.38,0.060000000000002274,115.35,322.1,115.41,295.0,9047.7,2250.9,115.38,0.0,BUY,0,115.35,322.1,115.34,1331.3,115.33,940.6,115.32,1064.4,115.31,5389.3,115.41,295.0,115.42,27.2,115.43,121.5,115.44,74.5,115.45,1732.7
1700000174.0,348,115.39,0.060000000000002274,115.36,2239.0,115.42,605.9,3839.2,2180.5,115.36,32.8,SELL,1,115.36,2239.0,115.35,195.6,115.34,786.9,115.33,357.7,115.32,260.0,115.42,605.9,115.43,876.1,115.44,97.7,115.45,72.4,115.46,528.4
1700000174.5,349,115.39,0.060000000000002274,115.36,199.3,115.42,139.8,4137.099999999999,5129.1,115.39,0.0,BUY,0,115.36,199.3,115.35,1573.1,115.34,133.0,115.33,391.0,115.32,1840.7,115.42,139.8,115.43,818.4,115.44,44.9,115.45,3401.9,115.46,724.1
1700000175.0,350,115.39,0.060000000000002274,115.36,10.0,115.42,533.4,2122.6,2710.0,115.39,0.0,BUY,0,115.36,10.0,115.35,91.9,115.34,79.1,115.33,405.9,115.32,1535.7,115.42,533.4,115.43,303.0,115.44,155.1,115.45,850.7,115.46,867.8
1700000175.5,351,115.38,0.060000000000002274,115.35,604.3,115.41,134.6,5125.0,6715.7,115.35,10.5,SELL,1,115.35,604.3,115.34,896.8,115.33,1873.9,115.32,615.6,115.31,1134.4,115.41,134.6,115.42,962.1,115.43,1722.0,115.44,228.2,115.45,3668.8
1700000176.0,352,115.39,0.060000000000002274,115.36,260.0,115.42,97.8,8680.4,3717.2999999999997,115.42,80.3,BUY,2,115.36,260.0,115.35,1118.1,115.34,1391.9,115.33,426.7,115.32,5483.7,115.42,97.8,115.43,446.3,115.44,560.0,115.45,429.5,115.46,2183.7
1700000176.5,353,115.4,0.060000000000002274,115.37,10.0,115.43,339.5,5883.8,2561.2,115.43,18.8,BUY,1,115.37,10.0,115.36,915.8,115.35,449.9,115.34,3794.3,115.33,713.8,115.43,339.5,115.44,1011.8,115.45,378.1,115.46,168.6,115.47,663.2
1700000177.0,354,115.405,0.05000000000001137,115.38,131.1,115.43,472.5,5432.6,4375.7,115.38,6.6,SELL,1,115.38,131.1,115.37,571.4,115.36,2609.1,115.35,46.6,115.34,2074.4,115.43,472.5,115.44,389.0,115.45,249.2,115.46,3101.2,115.47,163.8
1700000177.5,355,115.41,0.060000000000002274,115.38,157.0,115.44,349.1,1415.4,3345.3,115.44,29.8,BUY,4,115.38,157.0,115.37,29.6,115.36,600.4,115.35,144.7,115.34,483.7,115.44,349.1,115.45,237.0,115.46,255.0,115.47,35.8,115.48,2468.4
1700000178.0,356,115.405,0.05000000000001137,115.38,364.8,115.43,521.8,5056.3,1911.3999999999999,115.43,79.7,BUY,5,115.38,364.8,115.37,1882.0,115.36,887.9,115.35,927.4,115.34,994.2,115.43,521.8,115.44,585.0,115.45,14.0,115.46,503.8,115.47,286.8
1700000178.5,357,115.39,0.060000000000002274,115.36,327.9,115.42,10.0,5976.4,3403.2,115.42,87.8,BUY,2,115.36,327.9,115.35,3547.2,115.34,508.8,115.33,275.7,115.32,1316.8,115.42,10.0,115.43,605.6,115.44,74.7,115.45,314.8,115.46,2398.1
1700000179.0,358,115.4,0.04000000000000625,115.38,225.0,115.42,485.4,2275.7,3234.5,115.38,23.3,SELL,1,115.38,225.0,115.37,405.9,115.36,277.7,115.35,1114.7,115.34,252.4,115.42,485.4,115.43,1460.6,115.44,801.4,115.45,397.6,115.46,89.5
1700000179.5,359,115.39,0.060000000000002274,115.36,10.0,115.42,249.2,1191.9,5010.900000000001,115.42,5.0,BUY,1,115.36,10.0,115.35,432.9,115.34,100.7,115.33,378.7,115.32,269.6,115.42,249.2,115.43,1670.4,115.44,782.8,115.45,1680.9,115.46,627.6
1700000180.0,360,115.4,0.060000000000002274,115.37,458.4,115.43,42.3,8871.3,3021.6000000000004,115.4,0.0,BUY,0,115.37,458.4,115.36,577.8,115.35,887.9,115.34,479.3,115.33,6467.9,115.43,42.3,115.44,194.7,115.45,263.5,115.46,463.7,115.47,2057.4
1700000180.5,361,115.4,0.04000000000000625,115.38,128.9,115.42,44.1,3317.5,3875.4000000000005,115.38,22.1,SELL,1,115.38,128.9,115.37,199.3,115.36,687.3,115.35,990.6,115.34,1311.4,115.42,44.1,115.43,1965.2,115.44,411.6,115.45,1023.7,115.46,430.8
1700000181.0,362,115.39,0.060000000000002274,115.36,894.4,115.42,416.2,3333.3999999999996,4629.7,115.42,114.6,BUY,1,115.36,894.4,115.35,1663.6,115.34,392.7,115.33,42.5,115.32,340.2,115.42,416.2,115.43,366.5,115.44,1326.0,115.45,1515.2,115.46,1005.8
1700000181.5,363,115.39,0.060000000000002274,115.36,1257.5,115.42,432.1,3797.7000000000003,6502.2,115.36,10.3,SELL,2,115.36,1257.5,115.35,771.8,115.34,929.6,115.33,491.8,115.32,347.0,115.42,432.1,115.43,1239.9,115.44,3363.1,115.45,748.9,115.46,718.2
1700000182.0,364,115.39,0.060000000000002274,115.36,176.2,115.42,127.6,2490.8999999999996,1809.8999999999999,115.36,5.0,SELL,2,115.36,176.2,115.35,602.8,115.34,355.6,115.33,1182.6,115.32,173.7,115.42,127.6,115.43,79.4,115.44,919.7,115.45,302.4,115.46,380.8
1700000182.5,365,115.39,0.060000000000002274,115.36,55.1,115.42,35.4,3901.8,3019.8999999999996,115.42,9.4,BUY,5,115.36,55.1,115.35,1436.4,115.34,1635.1,115.33,250.5,115.32,524.7,115.42,35.4,115.43,203.7,115.44,160.4,115.45,221.2,115.46,2399.2
1700000183.0,366,115.39,0.060000000000002274,115.36,872.4,115.42,517.1,2869.5,3951.4000000000005,115.39,0.0,BUY,0,115.36,872.4,115.35,442.5,115.34,157.2,115.33,1309.3,115.32,88.1,115.42,517.1,115.43,718.1,115.44,857.1,115.45,1249.3,115.46,609.8
1700000183.5,367,115.39,0.060000000000002274,115.36,1348.3,115.42,198.2,5365.0,3503.2,115.42,56.8,BUY,5,115.36,1348.3,115.35,926.4,115.34,1005.3,115.33,900.3,115.32,1184.7,115.42,198.2,115.43,163.5,115.44,347.5,115.45,2635.3,115.46,158.7
1700000184.0,368,115.39,0.060000000000002274,115.36,992.1,115.42,67.9,2990.0,5367.1,115.42,13.6,BUY,1,115.36,992.1,115.35,327.2,115.34,1284.4,115.33,14.5,115.32,371.8,115.42,67.9,115.43,1449.8,115.44,1084.6,115.45,1116.4,115.46,1648.4
1700000184.5,369,115.38,0.060000000000002274,115.35,740.4,115.41,985.2,4138.3,4559.8,115.35,46.6,SELL,3,115.35,740.4,115.34,1736.2,115.33,1106.1,115.32,87.5,115.31,468.1,115.41,985.2,115.42,2047.2,115.43,627.2,115.44,198.9,115.45,701.3
1700000185.0,370,115.37,0.060000000000002274,115.34,767.2,115.4,92.9,4862.3,3961.4000000000005,115.4,69.0,BUY,2,115.34,767.2,115.33,918.0,115.32,272.6,115.31,1512.2,115.3,1392.3,115.4,92.9,115.41,2176.1,115.42,943.8,115.43,61.9,115.44,686.7
1700000185.5,371,115.36,0.060000000000002274,115.33,790.7,115.39,129.0,5084.200000000001,5168.8,115.36,0.0,BUY,0,115.33,790.7,115.32,1071.4,115.31,322.1,115.3,1620.1,115.29,1279.9,115.39,129.0,115.4,41.6,115.41,1713.3,115.42,1281.6,115.43,2003.3
1700000186.0,372,115.36,0.03999999999999204,115.34,435.4,115.38,392.5,6626.2,6220.099999999999,115.38,12.7,BUY,1,115.34,435.4,115.33,1152.8,115.32,65.9,115.31,3204.4,115.3,1767.7,115.38,392.5,115.39,277.1,115.4,2485.3,115.41,1360.0,115.42,1705.2
1700000186.5,373,115.35,0.04000000000000625,115.33,300.1,115.37,245.0,3697.8,7853.299999999999,115.33,32.8,SELL,1,115.33,300.1,115.32,565.7,115.31,63.0,115.3,388.0,115.29,2381.0,115.37,245.0,115.38,92.3,115.39,591.7,115.4,447.1,115.41,6477.2
1700000187.0,374,115.36,0.03999999999999204,115.34,1798.8,115.38,1206.7,6778.3,4744.5,115.38,28.2,BUY,3,115.34,1798.8,115.33,2806.0,115.32,97.1,115.31,1970.7,115.3,105.7,115.38,1206.7,115.39,1869.0,115.4,53.3,115.41,1457.4,115.42,158.1
1700000187.5,375,115.36,0.060000000000002274,115.33,816.4,115.39,234.7,2829.3999999999996,2055.4,115.36,0.0,BUY,0,115.33,816.4,115.32,597.3,115.31,405.6,115.3,343.2,115.29,666.9,115.39,234.7,115.4,502.9,115.41,102.6,115.42,10.0,115.43,1205.2
1700000188.0,376,115.35,0.060000000000002274,115.32,640.5,115.38,60.0,4132.0,5686.900000000001,115.38,21.7,BUY,3,115.32,640.5,115.31,67.5,115.3,529.2,115.29,945.4,115.28,1949.4,115.38,60.0,115.39,2113.4,115.4,519.0,115.41,2246.4,115.42,748.1
1700000188.5,377,115.35,0.060000000000002274,115.32,56.2,115.38,91.4,6331.8,2769.6,115.38,71.8,BUY,2,115.32,56.2,115.31,1001.9,115.3,2704.2,115.29,2077.4,115.28,492.1,115.38,91.4,115.39,68.6,115.4,789.2,115.41,164.1,115.42,1656.3
1700000189.0,378,112.39,0.060000000000002274,112.36,1272.2,112.42,84.9,3442.7,6519.9,112.42,88.3,BUY,3,112.36,1272.2,112.35,315.9,112.34,1166.6,112.33,484.6,112.32,203.4,112.42,84.9,112.43,254.3,112.44,1830.8,112.45,1431.7,112.46,2918.2
1700000189.5,379,112.39,0.060000000000002274,112.36,53.5,112.42,404.7,3515.1999999999994,2839.0999999999995,112.39,0.0,BUY,0,112.36,53.5,112.35,2015.7,112.34,238.1,112.33,526.3,112.32,681.6,112.42,404.7,112.43,1946.9,112.44,47.7,112.45,191.7,112.46,248.1
1700000190.0,380,112.38,0.060000000000002274,112.35,270.1,112.41,643.0,7307.2,2097.5,112.35,19.8,SELL,2,112.35,270.1,112.34,1205.7,112.33,2412.0,112.32,1938.1,112.31,1481.3,112.41,643.0,112.42,550.7,112.43,184.6,112.44,581.2,112.45,138.0
1700000190.5,381,112.37,0.060000000000002274,112.34,1140.7,112.4,180.8,4286.8,2331.8,112.37,0.0,BUY,0,112.34,1140.7,112.33,886.1,112.32,623.6,112.31,1067.0,112.3,569.4,112.4,180.8,112.41,351.6,112.42,1074.3,112.43,18.7,112.44,706.4
1700000191.0,382,112.38,0.060000000000002274,112.35,1462.2,112.41,160.7,3104.7999999999997,1024.8,112.41,17.7,BUY,3,112.35,1462.2,112.34,339.3,112.33,249.1,112.32,567.8,112.31,486.4,112.41,160.7,112.42,363.5,112.43,447.4,112.44,10.0,112.45,43.2
1700000191.5,383,112.38,0.060000000000002274,112.35,57.2,112.41,103.1,2449.7000000000003,4069.3,112.35,76.0,SELL,2,112.35,57.2,112.34,289.6,112.33,184.9,112.32,1528.7,112.31,389.3,112.41,103.1,112.42,690.2,112.43,355.4,112.44,2671.4,112.45,249.2
1700000192.0,384,112.38,0.060000000000002274,112.35,320.7,112.41,413.1,2706.9,5467.5,112.35,5.0,SELL,2,112.35,320.7,112.34,1806.7,112.33,355.1,112.32,90.8,112.31,133.6,112.41,413.1,112.42,46.4,112.43,2483.5,112.44,1761.1,112.45,763.4
1700000192.5,385,112.39,0.060000000000002274,112.36,68.2,112.42,180.6,5879.4,1029.3,112.36,11.1,SELL,2,112.36,68.2,112.35,71.2,112.34,1767.4,112.33,1205.6,112.32,2767.0,112.42,180.6,112.43,109.2,112.44,206.8,112.45,412.0,112.46,120.7
1700000193.0,386,112.39,0.03999999999999204,112.37,254.6,112.41,151.2,6112.9,3929.0,112.39,0.0,BUY,0,112.37,254.6,112.36,20.3,112.35,1289.0,112.34,44.8,112.33,4504.2,112.41,151.2,112.42,638.0,112.43,316.5,112.44,23.9,112.45,2799.4
1700000193.5,387,112.41,0.060000000000002274,112.38,173.7,112.44,110.7,1366.5,1560.8,112.41,0.0,BUY,0,112.38,173.7,112.37,293.7,112.36,182.6,112.35,105.1,112.34,611.4,112.44,110.7,112.45,132.0,112.46,177.5,112.47,29.6,112.48,1111.0
1700000194.0,388,112.41,0.060000000000002274,112.38,86.9,112.44,102.7,5577.9,3129.2999999999997,112.41,0.0,BUY,0,112.38,86.9,112.37,505.9,112.36,345.8,112.35,4384.3,112.34,255.0,112.44,102.7,112.45,126.0,112.46,1978.4,112.47,663.3,112.48,258.9
1700000194.5,389,112.41,0.060000000000002274,112.38,307.5,112.44,1874.6,3511.0,5150.8,112.38,13.6,SELL,2,112.38,307.5,112.37,632.1,112.36,474.3,112.35,253.8,112.34,1843.3,112.44,1874.6,112.45,1164.9,112.46,1778.5,112.47,10.0,112.48,322.8
1700000195.0,390,112.41,0.060000000000002274,112.38,34.0,112.44,13.5,1924.1999999999998,1829.0,112.44,33.4,BUY,3,112.38,34.0,112.37,182.5,112.36,753.9,112.35,185.7,112.34,768.1,112.44,13.5,112.45,63.7,112.46,398.1,112.47,951.9,112.48,401.8
1700000195.5,391,112.405,0.05000000000001137,112.38,66.0,112.43,978.8,4346.8,2459.1000000000004,112.43,30.0,BUY,3,112.38,66.0,112.37,85.7,112.36,637.9,112.35,2336.5,112.34,1220.7,112.43,978.8,112.44,508.2,112.45,167.4,112.46,505.4,112.47,299.3
1700000196.0,392,112.405,0.05000000000001137,112.38,1360.5,112.43,688.8,11023.9,2230.4,112.38,15.1,SELL,2,112.38,1360.5,112.37,3181.2,112.36,622.1,112.35,3336.2,112.34,2523.9,112.43,688.8,112.44,372.2,112.45,375.5,112.46,664.6,112.47,129.3
1700000196.5,393,112.39,0.060000000000002274,112.36,977.4,112.42,120.6,3370.8,3289.7,112.42,47.1,BUY,6,112.36,977.4,112.35,1330.5,112.34,387.6,112.33,145.8,112.32,529.5,112.42,120.6,112.43,185.7,112.44,1594.1,112.45,389.6,112.46,999.7
1700000197.0,394,112.39,0.03999999999999204,112.37,24.1,112.41,325.2,5909.7,2498.7,112.41,58.2,BUY,1,112.37,24.1,112.36,1653.4,112.35,235.4,112.34,2286.0,112.33,1710.8,112.41,325.2,112.42,156.1,112.43,890.4,112.44,1068.5,112.45,58.5
1700000197.5,395,112.39,0.060000000000002274,112.36,419.7,112.42,604.2,1578.8,2568.7,112.42,20.9,BUY,2,112.36,419.7,112.35,57.2,112.34,325.5,112.33,149.4,112.32,627.0,112.42,604.2,112.43,565.2,112.44,59.6,112.45,652.5,112.46,687.2
1700000198.0,396,112.405,0.05000000000001137,112.38,330.2,112.43,141.5,3026.3,3067.3,112.43,5.0,BUY,3,112.38,330.2,112.37,1225.5,112.36,846.8,112.35,10.0,112.34,613.8,112.43,141.5,112.44,353.7,112.45,1044.4,112.46,436.3,112.47,1091.4
1700000198.5,397,112.405,0.05000000000001137,112.38,844.8,112.43,541.4,2849.3,4586.9,112.38,49.3,SELL,2,112.38,844.8,112.37,341.4,112.36,666.9,112.35,74.2,112.34,922.0,112.43,541.4,112.44,41.8,112.45,1411.6,112.46,301.5,112.47,2290.6
1700000199.0,398,112.41,0.060000000000002274,112.38,279.9,112.44,186.9,3737.2,3188.3,112.41,0.0,BUY,0,112.38,279.9,112.37,1392.6,112.36,269.9,112.35,1594.3,112.34,200.5,112.44,186.9,112.45,299.9,112.46,2584.5,112.47,39.2,112.48,77.8
1700000199.5,399,112.41,0.060000000000002274,112.38,940.9,112.44,253.8,7968.799999999999,2689.2,112.41,0.0,BUY,0,112.38,940.9,112.37,3447.2,112.36,506.5,112.35,2251.6,112.34,822.6,112.44,253.8,112.45,324.4,112.46,742.5,112.47,83.9,112.48,1284.6
1700000200.0,400,112.41,0.060000000000002274,112.38,213.9,112.44,827.5,5357.0,3683.7,112.41,0.0,BUY,0,112.38,213.9,112.37,2867.4,112.36,988.6,112.35,1277.1,112.34,10.0,112.44,827.5,112.45,1142.8,112.46,79.3,112.47,10.5,112.48,1623.6
1700000200.5,401,112.42,0.060000000000002274,112.39,364.3,112.45,2184.1,5050.2,11250.8,112.45,62.9,BUY,4,112.39,364.3,112.38,678.7,112.37,2112.2,112.36,1737.5,112.35,157.5,112.45,2184.1,112.46,2061.7,112.47,4313.8,112.48,1224.1,112.49,1467.1
1700000201.0,402,112.41,0.04000000000000625,112.39,262.0,112.43,572.4,4527.9,2562.1,112.43,37.4,BUY,5,112.39,262.0,112.38,1242.9,112.37,54.4,112.36,1420.1,112.35,1548.5,112.43,572.4,112.44,112.3,112.45,251.1,112.46,137.8,112.47,1488.5
1700000201.5,403,112.43,0.05999999999998806,112.4,76.2,112.46,242.9,1027.7,2043.0,112.46,23.1,BUY,2,112.4,76.2,112.39,546.4,112.38,73.0,112.37,12.9,112.36,319.2,112.46,242.9,112.47,106.1,112.48,29.8,112.49,71.7,112.5,1592.5
1700000202.0,404,112.43,0.05999999999998806,112.4,1093.5,112.46,224.6,6754.699999999999,2105.3,112.4,72.4,SELL,2,112.4,1093.5,112.39,1188.7,112.38,64.7,112.37,2847.2,112.36,1560.6,112.46,224.6,112.47,444.0,112.48,125.8,112.49,541.0,112.5,769.9
1700000202.5,405,112.44,0.03999999999999204,112.42,182.4,112.46,125.5,906.9,3667.7999999999997,112.46,43.8,BUY,2,112.42,182.4,112.41,39.4,112.4,166.4,112.39,436.4,112.38,82.3,112.46,125.5,112.47,614.9,112.48,599.8,112.49,1063.1,112.5,1264.5
1700000203.0,406,112.45,0.03999999999999204,112.43,91.1,112.47,152.4,4751.3,2817.2,112.43,91.9,SELL,1,112.43,91.1,112.42,1515.0,112.41,1246.2,112.4,1236.2,112.39,662.8,112.47,152.4,112.48,499.1,112.49,850.4,112.5,278.3,112.51,1037.0
1700000203.5,407,112.46000000000001,0.04000000000000625,112.44,375.1,112.48,247.8,1807.0,5337.8,112.46000000000001,0.0,BUY,0,112.44,375.1,112.43,498.8,112.42,165.1,112.41,581.9,112.4,186.1,112.48,247.8,112.49,28.4,112.5,1209.7,112.51,2816.9,112.52,1035.0
1700000204.0,408,112.45500000000001,0.04999999999999716,112.43,1678.2,112.48,527.3,5377.300000000001,1399.0,112.48,31.9,BUY,1,112.43,1678.2,112.42,1732.4,112.41,682.3,112.4,315.3,112.39,969.1,112.48,527.3,112.49,51.9,112.5,502.4,112.51,276.2,112.52,41.2
1700000204.5,409,112.45,0.03999999999999204,112.43,1433.9,112.47,306.3,4034.7,3292.2000000000003,112.47,5.0,BUY,4,112.43,1433.9,112.42,161.6,112.41,1502.5,112.4,758.6,112.39,178.1,112.47,306.3,112.48,230.6,112.49,2523.5,112.5,221.8,112.51,10.0
1700000205.0,410,112.45,0.060000000000002274,112.42,184.0,112.48,921.8,2304.1,5835.9,112.42,85.7,SELL,1,112.42,184.0,112.41,940.6,112.4,643.4,112.39,43.9,112.38,492.2,112.48,921.8,112.49,2558.1,112.5,43.2,112.51,93.3,112.52,2219.5
1700000205.5,411,112.44,0.060000000000002274,112.41,138.8,112.47,1381.1,3439.7,3847.7000000000003,112.47,135.5,BUY,5,112.41,138.8,112.4,492.7,112.39,592.0,112.38,253.2,112.37,1963.0,112.47,1381.1,112.48,665.0,112.49,840.7,112.5,518.1,112.51,442.8
1700000206.0,412,112.45,0.060000000000002274,112.42,1230.3,112.48,822.4,5035.5,2226.3,112.42,26.8,SELL,2,112.42,1230.3,112.41,1986.3,112.4,193.0,112.39,132.3,112.38,1493.6,112.48,822.4,112.49,107.1,112.5,440.4,112.51,508.7,112.52,347.7
1700000206.5,413,112.45,0.060000000000002274,112.42,160.5,112.48,24.8,4053.6000000000004,4301.2,112.42,66.6,SELL,2,112.42,160.5,112.41,2664.4,112.4,610.9,112.39,88.5,112.38,529.3,112.48,24.8,112.49,238.4,112.5,740.1,112.51,3083.7,112.52,214.2
1700000207.0,414,112.45,0.060000000000002274,112.42,383.9,112.48,232.6,4749.5,3124.1,112.42,12.2,SELL,3,112.42,383.9,112.41,1077.9,112.4,213.5,112.39,2641.1,112.38,433.1,112.48,232.6,112.49,452.3,112.5,10.0,112.51,287.1,112.52,2142.1
1700000207.5,415,112.45,0.060000000000002274,112.42,879.0,112.48,73.1,3192.1,6836.9,112.48,75.9,BUY,2,112.42,879.0,112.41,258.0,112.4,1106.9,112.39,759.8,112.38,188.4,112.48,73.1,112.49,2178.7,112.5,1659.1,112.51,2402.8,112.52,523.2
1700000208.0,416,112.46000000000001,0.04000000000000625,112.44,902.2,112.48,544.9,6263.9,2710.9,112.48,28.0,BUY,4,112.44,902.2,112.43,551.8,112.42,772.3,112.41,2012.5,112.4,2025.1,112.48,544.9,112.49,28.1,112.5,257.7,112.51,217.5,112.52,1662.7
1700000208.5,417,112.45,0.060000000000002274,112.42,618.5,112.48,36.7,5576.7,1655.9,112.42,16.9,SELL,2,112.42,618.5,112.41,15.5,112.4,540.5,112.39,3698.7,112.38,703.5,112.48,36.7,112.49,870.6,112.5,278.9,112.51,164.7,112.52,305.0
1700000209.0,418,112.45,0.060000000000002274,112.42,1920.3,112.48,348.2,5653.4,2025.8999999999999,112.48,8.2,BUY,3,112.42,1920.3,112.41,746.9,112.4,1377.4,112.39,500.7,112.38,1108.1,112.48,348.2,112.49,133.6,112.5,654.3,112.51,807.2,112.52,82.6
1700000209.5,419,112.47,0.060000000000002274,112.44,293.9,112.5,2308.2,3153.7,4174.7,112.44,21.3,SELL,4,112.44,293.9,112.43,88.0,112.42,65.3,112.41,1901.1,112.4,805.4,112.5,2308.2,112.51,28.3,112.52,754.2,112.53,613.6,112.54,470.4
1700000210.0,420,112.45500000000001,0.04999999999999716,112.43,513.6,112.48,112.4,8500.2,1580.0,112.43,56.6,SELL,2,112.43,513.6,112.42,1826.0,112.41,571.0,112.4,453.5,112.39,5136.1,112.48,112.4,112.49,85.9,112.5,881.7,112.51,391.0,112.52,109.0
1700000210.5,421,112.45500000000001,0.04999999999999716,112.43,1225.5,112.48,25.7,2447.9,4619.4,112.48,80.9,BUY,2,112.43,1225.5,112.42,603.0,112.41,94.5,112.4,229.0,112.39,295.9,112.48,25.7,112.49,76.3,112.5,542.8,112.51,1719.2,112.52,2255.4
1700000211.0,422,112.47,0.03999999999999204,112.45,478.8,112.49,1513.8,4138.900000000001,1935.5,112.49,31.3,BUY,2,112.45,478.8,112.44,573.9,112.43,1484.7,112.42,1189.4,112.41,412.1,112.49,1513.8,112.5,89.5,112.51,237.9,112.52,67.3,112.53,27.0
1700000211.5,423,112.47,0.060000000000002274,112.44,1134.6,112.5,227.2,6649.5,791.1,112.47,0.0,BUY,0,112.44,1134.6,112.43,678.5,112.42,895.1,112.41,758.4,112.4,3182.9,112.5,227.2,112.51,170.7,112.52,10.0,112.53,117.2,112.54,266.0
1700000212.0,424,112.45,0.060000000000002274,112.42,264.9,112.48,910.0,6646.6,2695.3,112.48,8.8,BUY,2,112.42,264.9,112.41,53.4,112.4,1245.5,112.39,151.2,112.38,4931.6,112.48,910.0,112.49,249.9,112.5,147.3,112.51,176.7,112.52,1211.4
1700000212.5,425,112.45,0.060000000000002274,112.42,383.4,112.48,284.3,2221.1,2500.4,112.42,73.6,SELL,2,112.42,383.4,112.41,718.4,112.4,1015.9,112.39,79.6,112.38,23.8,112.48,284.3,112.49,1066.2,112.5,387.7,112.51,600.7,112.52,161.5
1700000213.0,426,112.44,0.060000000000002274,112.41,1294.8,112.47,223.4,4139.0,5087.400000000001,112.44,0.0,BUY,0,112.41,1294.8,112.4,1048.2,112.39,45.9,112.38,1644.2,112.37,105.9,112.47,223.4,112.48,1611.3,112.49,718.6,112.5,1503.9,112.51,1030.2
1700000213.5,427,112.44,0.03999999999999204,112.42,140.4,112.46,240.4,4830.1,13401.199999999999,112.42,25.5,SELL,1,112.42,140.4,112.41,87.5,112.4,1215.0,112.39,176.9,112.38,3210.3,112.46,240.4,112.47,305.1,112.48,4529.7,112.49,6686.9,112.5,1639.1
1700000214.0,428,112.44,0.03999999999999204,112.42,595.3,112.46,189.6,6127.6,4081.5,112.46,5.0,BUY,2,112.42,595.3,112.41,1371.4,112.4,1929.5,112.39,1773.3,112.38,458.1,112.46,189.6,112.47,145.6,112.48,1660.4,112.49,1422.1,112.5,663.8
1700000214.5,429,112.45,0.060000000000002274,112.42,369.7,112.48,408.3,4843.5,3796.6,112.45,0.0,BUY,0,112.42,369.7,112.41,2406.1,112.4,1176.2,112.39,504.4,112.38,387.1,112.48,408.3,112.49,40.3,112.5,382.7,112.51,1839.3,112.52,1126.0
1700000215.0,430,112.47,0.060000000000002274,112.44,177.1,112.5,1265.1,3761.0999999999995,6681.0,112.5,6.4,BUY,1,112.44,177.1,112.43,875.8,112.42,1156.0,112.41,456.9,112.4,1095.3,112.5,1265.1,112.51,550.7,112.52,3087.1,112.53,1768.1,112.54,10.0
1700000215.5,431,112.47999999999999,0.04000000000000625,112.46,1376.1,112.5,528.3,6588.3,2150.4,112.5,41.0,BUY,1,112.46,1376.1,112.45,90.7,112.44,598.3,112.43,719.7,112.42,3803.5,112.5,528.3,112.51,199.7,112.52,364.3,112.53,738.2,112.54,319.9
1700000216.0,432,112.48,0.060000000000002274,112.45,1605.6,112.51,1110.0,6865.900000000001,3652.4,112.51,55.8,BUY,3,112.45,1605.6,112.44,903.9,112.43,2106.6,112.42,1277.3,112.41,972.5,112.51,1110.0,112.52,802.9,112.53,226.6,112.54,1489.9,112.55,23.0
1700000216.5,433,112.48,0.060000000000002274,112.45,505.2,112.51,269.2,2520.5,2172.0,112.51,7.0,BUY,2,112.45,505.2,112.44,727.3,112.43,229.6,112.42,854.4,112.41,204.0,112.51,269.2,112.52,709.8,112.53,59.6,112.54,965.2,112.55,168.2
1700000217.0,434,112.45500000000001,0.04999999999999716,112.43,42.2,112.48,1680.6,3159.8,6043.8,112.43,17.4,SELL,1,112.43,42.2,112.42,10.0,112.41,95.0,112.4,148.2,112.39,2864.4,112.48,1680.6,112.49,435.2,112.5,655.5,112.51,1797.7,112.52,1474.8
1700000217.5,435,112.45500000000001,0.04999999999999716,112.43,10.0,112.48,317.9,6561.5,4830.8,112.48,76.3,BUY,1,112.43,10.0,112.42,276.2,112.41,10.0,112.4,1870.5,112.39,4394.8,112.48,317.9,112.49,35.2,112.5,277.8,112.51,2764.7,112.52,1435.2
1700000218.0,436,112.47,0.060000000000002274,112.44,372.4,112.5,1153.2,5608.5,6111.599999999999,112.5,21.5,BUY,1,112.44,372.4,112.43,247.4,112.42,972.5,112.41,2114.8,112.4,1901.4,112.5,1153.2,112.51,15.8,112.52,1123.2,112.53,3298.2,112.54,521.2
1700000218.5,437,112.47,0.060000000000002274,112.44,667.4,112.5,295.8,2749.8,2888.1,112.44,5.0,SELL,1,112.44,667.4,112.43,176.2,112.42,42.0,112.41,268.5,112.4,1595.7,112.5,295.8,112.51,74.1,112.52,1823.9,112.53,123.7,112.54,570.6
1700000219.0,438,112.47,0.060000000000002274,112.44,1112.5,112.5,90.3,4496.8,3125.2,112.5,81.4,BUY,2,112.44,1112.5,112.43,202.5,112.42,1919.8,112.41,469.8,112.4,792.2,112.5,90.3,112.51,1075.9,112.52,563.0,112.53,1159.3,112.54,236.7
1700000219.5,439,110.935,0.04999999999999716,110.91,992.6,110.96,2004.4,5884.700000000001,4524.0,110.91,10.5,SELL,2,110.91,992.6,110.9,204.1,110.89,347.3,110.88,1859.9,110.87,2480.8,110.96,2004.4,110.97,1095.1,110.98,127.1,110.99,950.9,111.0,346.5
1700000220.0,440,110.92,0.060000000000002274,110.89,481.1,110.95,37.2,4435.5,902.4,110.89,59.9,SELL,1,110.89,481.1,110.88,1401.5,110.87,46.6,110.86,2399.8,110.85,106.5,110.95,37.2,110.96,104.8,110.97,217.4,110.98,145.9,110.99,397.1
1700000220.5,441,110.92,0.060000000000002274,110.89,1630.3,110.95,247.4,7715.8,1518.1,110.89,40.9,SELL,2,110.89,1630.3,110.88,2494.0,110.87,772.6,110.86,168.4,110.85,2650.5,110.95,247.4,110.96,386.9,110.97,415.4,110.98,43.3,110.99,425.1
1700000221.0,442,110.92,0.03999999999999204,110.9,736.6,110.94,84.8,5054.1,2309.8,110.92,0.0,BUY,0,110.9,736.6,110.89,1147.4,110.88,10.0,110.87,940.1,110.86,2220.0,110.94,84.8,110.95,33.4,110.96,282.4,110.97,144.9,110.98,1764.3
1700000221.5,443,110.935,0.04999999999999716,110.91,454.4,110.96,544.6,5450.8,1505.4,110.96,14.5,BUY,3,110.91,454.4,110.9,178.1,110.89,517.0,110.88,3521.5,110.87,779.8,110.96,544.6,110.97,140.3,110.98,20.5,110.99,87.7,111.0,712.3
1700000222.0,444,110.93,0.05999999999998806,110.9,24.1,110.96,49.4,5083.5,3256.0999999999995,110.96,50.2,BUY,1,110.9,24.1,110.89,195.8,110.88,514.0,110.87,2055.9,110.86,2293.7,110.96,49.4,110.97,532.9,110.98,485.5,110.99,1991.1,111.0,197.2
1700000222.5,445,110.935,0.04999999999999716,110.91,165.5,110.96,799.2,4309.7,7643.9,110.935,0.0,BUY,0,110.91,165.5,110.9,71.1,110.89,244.9,110.88,2085.1,110.87,1743.1,110.96,799.2,110.97,821.0,110.98,705.6,110.99,1445.1,111.0,3873.0
1700000223.0,446,110.92,0.03999999999999204,110.9,993.6,110.94,10.0,6490.0,2522.2,110.94,43.4,BUY,1,110.9,993.6,110.89,505.9,110.88,3361.9,110.87,742.1,110.86,886.5,110.94,10.0,110.95,378.7,110.96,229.0,110.97,178.9,110.98,1725.6
1700000223.5,447,110.91,0.060000000000002274,110.88,478.3,110.94,726.2,2687.4,4095.5,110.88,34.5,SELL,1,110.88,478.3,110.87,885.8,110.86,414.9,110.85,604.9,110.84,303.5,110.94,726.2,110.95,463.0,110.96,72.7,110.97,597.1,110.98,2236.5
1700000224.0,448,110.91,0.04000000000000625,110.89,125.2,110.93,661.0,2131.7,3656.8,110.93,8.7,BUY,1,110.89,125.2,110.88,200.5,110.87,390.7,110.86,826.4,110.85,588.9,110.93,661.0,110.94,270.5,110.95,402.5,110.96,1503.4,110.97,819.4
1700000224.5,449,110.91,0.04000000000000625,110.89,34.7,110.93,1358.6,5420.3,5465.0,110.89,65.1,SELL,3,110.89,34.7,110.88,157.1,110.87,2403.3,110.86,800.5,110.85,2024.7,110.93,1358.6,110.94,393.9,110.95,2149.2,110.96,1168.4,110.97,394.9
1700000225.0,450,110.91,0.04000000000000625,110.89,192.3,110.93,75.9,4770.4,2392.6,110.93,5.0,BUY,2,110.89,192.3,110.88,929.6,110.87,1427.1,110.86,1977.5,110.85,243.9,110.93,75.9,110.94,10.0,110.95,181.3,110.96,1070.8,110.97,1054.6
1700000225.5,451,110.905,0.05000000000001137,110.88,16.2,110.93,45.6,1255.9,4899.6,110.93,187.6,BUY,2,110.88,16.2,110.87,309.6,110.86,352.1,110.85,65.1,110.84,512.9,110.93,45.6,110.94,2511.3,110.95,734.5,110.96,379.5,110.97,1228.7
1700000226.0,452,110.905,0.05000000000001137,110.88,73.4,110.93,200.3,4804.200000000001,1517.0,110.93,108.0,BUY,3,110.88,73.4,110.87,221.9,110.86,391.6,110.85,948.5,110.84,3168.8,110.93,200.3,110.94,503.8,110.95,24.7,110.96,426.9,110.97,361.3
1700000226.5,453,110.89,0.060000000000002274,110.86,10.0,110.92,411.6,2842.8,3295.0,110.92,9.2,BUY,1,110.86,10.0,110.85,691.1,110.84,292.8,110.83,268.8,110.82,1580.1,110.92,411.6,110.93,1087.9,110.94,478.3,110.95,114.5,110.96,1202.7
1700000227.0,454,105.12,0.04000000000000625,105.1,1471.0,105.14,10.0,5000.1,5386.200000000001,105.14,6.6,BUY,1,105.1,1471.0,105.09,111.5,105.08,1099.0,105.07,1125.8,105.06,1192.8,105.14,10.0,105.15,957.7,105.16,1732.7,105.17,374.4,105.18,2311.4
1700000227.5,455,105.12,0.060000000000002274,105.09,432.4,105.15,636.6,1313.5,4467.7,105.15,5.0,BUY,1,105.09,432.4,105.08,57.6,105.07,231.0,105.06,10.0,105.05,582.5,105.15,636.6,105.16,573.6,105.17,121.0,105.18,434.3,105.19,2702.2
1700000228.0,456,105.11,0.060000000000002274,105.08,806.7,105.14,353.0,5500.6,5509.9,105.14,5.2,BUY,1,105.08,806.7,105.07,3089.0,105.06,621.6,105.05,841.8,105.04,141.5,105.14,353.0,105.15,539.3,105.16,645.8,105.17,3738.6,105.18,233.2
1700000228.5,457,105.12,0.04000000000000625,105.1,125.7,105.14,130.2,3410.0,3650.3,105.1,51.9,SELL,1,105.1,125.7,105.09,281.8,105.08,1376.5,105.07,564.8,105.06,1061.2,105.14,130.2,105.15,784.5,105.16,35.8,105.17,1826.5,105.18,873.3
1700000229.0,458,105.12,0.060000000000002274,105.09,450.7,105.15,67.7,5464.8,3051.8,105.09,35.7,SELL,3,105.09,450.7,105.08,490.2,105.07,113.1,105.06,2646.4,105.05,1764.4,105.15,67.7,105.16,418.7,105.17,299.2,105.18,1856.2,105.19,410.0
1700000229.5,459,105.12,0.04000000000000625,105.1,1109.2,105.14,27.0,2315.6,4377.2,105.1,26.8,SELL,2,105.1,1109.2,105.09,196.0,105.08,347.5,105.07,357.3,105.06,305.6,105.14,27.0,105.15,2561.2,105.16,10.0,105.17,432.9,105.18,1346.1
1700000230.0,460,105.11,0.03999999999999204,105.09,434.0,105.13,213.0,6958.799999999999,5492.2,105.09,5.0,SELL,3,105.09,434.0,105.08,1314.7,105.07,458.6,105.06,3617.1,105.05,1134.4,105.13,213.0,105.14,810.2,105.15,1033.8,105.16,369.5,105.17,3065.7
1700000230.5,461,105.11,0.060000000000002274,105.08,170.6,105.14,23.7,6817.500000000001,1083.8999999999999,105.08,50.4,SELL,2,105.08,170.6,105.07,10.3,105.06,2944.4,105.05,2340.4,105.04,1351.8,105.14,23.7,105.15,252.6,105.16,359.7,105.17,410.6,105.18,37.3
1700000231.0,462,105.11,0.060000000000002274,105.08,285.6,105.14,367.7,4487.299999999999,7012.0,105.14,26.4,BUY,1,105.08,285.6,105.07,523.4,105.06,918.8,105.05,2345.1,105.04,414.4,105.14,367.7,105.15,21.6,105.16,1012.6,105.17,5198.0,105.18,412.1
1700000231.5,463,105.11,0.060000000000002274,105.08,101.6,105.14,528.4,1191.0,3380.0,105.08,52.2,SELL,1,105.08,101.6,105.07,281.4,105.06,717.5,105.05,41.0,105.04,49.5,105.14,528.4,105.15,1347.3,105.16,107.0,105.17,869.3,105.18,528.0
1700000232.0,464,105.11,0.03999999999999204,105.09,199.1,105.13,608.2,5848.3,2419.5,105.09,43.3,SELL,3,105.09,199.1,105.08,185.0,105.07,1341.8,105.06,2705.7,105.05,1416.7,105.13,608.2,105.14,129.9,105.15,1183.2,105.16,212.1,105.17,286.1
1700000232.5,465,105.11,0.060000000000002274,105.08,1158.0,105.14,2724.6,3469.0,4881.9,105.08,110.9,SELL,1,105.08,1158.0,105.07,11.7,105.06,370.1,105.05,1410.9,105.04,518.3,105.14,2724.6,105.15,560.3,105.16,1459.4,105.17,109.6,105.18,28.0
1700000233.0,466,105.12,0.060000000000002274,105.09,132.1,105.15,496.8,1624.8999999999999,4282.3,105.09,13.1,SELL,1,105.09,132.1,105.08,38.8,105.07,919.2,105.06,492.8,105.05,42.0,105.15,496.8,105.16,1576.9,105.17,306.7,105.18,274.9,105.19,1627.0
1700000233.5,467,105.13,0.060000000000002274,105.1,1436.7,105.16,381.2,4361.400000000001,3681.8,105.1,33.7,SELL,3,105.1,1436.7,105.09,106.3,105.08,2090.1,105.07,483.2,105.06,245.1,105.16,381.2,105.17,99.7,105.18,2272.4,105.19,911.9,105.2,16.6
1700000234.0,468,105.13,0.060000000000002274,105.1,700.6,105.16,251.1,1603.8000000000002,1642.1999999999998,105.1,56.5,SELL,5,105.1,700.6,105.09,28.7,105.08,315.6,105.07,460.9,105.06,98.0,105.16,251.1,105.17,606.8,105.18,47.9,105.19,377.8,105.2,358.6
1700000234.5,469,105.14,0.060000000000002274,105.11,11.5,105.17,792.4,9765.900000000001,2060.2,105.11,5.0,SELL,4,105.11,11.5,105.1,914.4,105.09,258.0,105.08,4771.2,105.07,3810.8,105.17,792.4,105.18,155.4,105.19,340.3,105.2,325.0,105.21,447.1
1700000235.0,470,105.13,0.060000000000002274,105.1,333.1,105.16,1601.7,4412.9,7151.9,105.16,173.5,BUY,1,105.1,333.1,105.09,229.4,105.08,77.4,105.07,1117.8,105.06,2655.2,105.16,1601.7,105.17,410.5,105.18,517.7,105.19,1014.9,105.2,3607.1
1700000235.5,471,105.13,0.060000000000002274,105.1,46.2,105.16,597.3,6891.4,4934.099999999999,105.1,28.1,SELL,2,105.1,46.2,105.09,893.3,105.08,2607.6,105.07,1946.6,105.06,1397.7,105.16,597.3,105.17,552.1,105.18,1947.0,105.19,1603.3,105.2,234.4
1700000236.0,472,105.12,0.060000000000002274,105.09,471.6,105.15,1119.2,4669.0,3320.3000000000006,105.09,16.1,SELL,2,105.09,471.6,105.08,360.6,105.07,1440.4,105.06,1302.4,105.05,1094.0,105.15,1119.2,105.16,163.9,105.17,956.0,105.18,951.3,105.19,129.9
1700000236.5,473,105.12,0.060000000000002274,105.09,410.5,105.15,416.6,2822.5,4135.200000000001,105.12,0.0,BUY,0,105.09,410.5,105.08,388.2,105.07,1350.7,105.06,644.9,105.05,28.2,105.15,416.6,105.16,1707.9,105.17,510.9,105.18,124.9,105.19,1374.9
1700000237.0,474,105.11,0.060000000000002274,105.08,480.6,105.14,574.4,5517.1,5836.599999999999,105.08,132.9,SELL,4,105.08,480.6,105.07,326.3,105.06,23.6,105.05,719.7,105.04,3966.9,105.14,574.4,105.15,1358.6,105.16,1552.3,105.17,1097.1,105.18,1254.2
1700000237.5,475,105.11,0.060000000000002274,105.08,244.7,105.14,1564.5,1948.6,4227.299999999999,105.08,5.0,SELL,1,105.08,244.7,105.07,189.4,105.06,687.0,105.05,655.0,105.04,172.5,105.14,1564.5,105.15,1618.4,105.16,291.2,105.17,651.8,105.18,101.4
1700000238.0,476,105.12,0.060000000000002274,105.09,1372.0,105.15,842.6,4466.599999999999,7221.0,105.09,47.5,SELL,1,105.09,1372.0,105.08,945.2,105.07,570.2,105.06,1011.9,105.05,567.3,105.15,842.6,105.16,1800.4,105.17,72.3,105.18,2973.8,105.19,1531.9
1700000238.5,477,102.5,0.060000000000002274,102.47,507.2,102.53,1077.9,4415.8,2411.7000000000003,102.53,11.1,BUY,4,102.47,507.2,102.46,505.3,102.45,583.0,102.44,730.9,102.43,2089.4,102.53,1077.9,102.54,137.6,102.55,186.9,102.56,69.4,102.57,939.9
1700000239.0,478,102.5,0.03999999999999204,102.48,963.4,102.52,102.4,5980.2,4670.099999999999,102.5,0.0,BUY,0,102.48,963.4,102.47,1125.6,102.46,2700.6,102.45,139.9,102.44,1050.7,102.52,102.4,102.53,382.0,102.54,669.3,102.55,1707.7,102.56,1808.7
1700000239.5,479,102.5,0.060000000000002274,102.47,179.4,102.53,409.5,6247.099999999999,3101.3999999999996,102.47,24.5,SELL,1,102.47,179.4,102.46,244.6,102.45,86.4,102.44,5227.2,102.43,509.5,102.53,409.5,102.54,805.1,102.55,85.6,102.56,1656.1,102.57,145.1
1700000240.0,480,102.49,0.060000000000002274,102.46,1627.3,102.52,655.4,4844.599999999999,3180.4,102.49,0.0,BUY,0,102.46,1627.3,102.45,507.3,102.44,19.2,102.43,2500.6,102.42,190.2,102.52,655.4,102.53,146.1,102.54,550.2,102.55,193.7,102.56,1635.0
1700000240.5,481,102.5,0.060000000000002274,102.47,560.1,102.53,1463.5,5319.000000000001,3179.2,102.53,92.5,BUY,2,102.47,560.1,102.46,725.5,102.45,3031.0,102.44,523.3,102.43,479.1,102.53,1463.5,102.54,72.5,102.55,91.8,102.56,1248.6,102.57,302.8
1700000241.0,482,102.5,0.060000000000002274,102.47,407.2,102.53,395.2,4062.6,7235.599999999999,102.47,7.4,SELL,1,102.47,407.2,102.46,505.7,102.45,418.4,102.44,392.4,102.43,2338.9,102.53,395.2,102.54,433.5,102.55,2193.7,102.56,1570.7,102.57,2642.5
1700000241.5,483,102.51,0.060000000000002274,102.48,286.9,102.54,363.4,3739.3999999999996,3999.0,102.51,0.0,BUY,0,102.48,286.9,102.47,565.1,102.46,1356.0,102.45,500.7,102.44,1030.7,102.54,363.4,102.55,194.7,102.56,519.0,102.57,959.8,102.58,1962.1
1700000242.0,484,102.52000000000001,0.04000000000000625,102.5,1169.2,102.54,317.2,4860.7,5071.4,102.54,18.4,BUY,1,102.5,1169.2,102.49,59.4,102.48,644.6,102.47,891.8,102.46,2095.7,102.54,317.2,102.55,493.9,102.56,1888.4,102.57,609.3,102.58,1762.6
1700000242.5,485,102.52000000000001,0.04000000000000625,102.5,1173.8,102.54,54.7,3460.9,3743.7,102.54,22.6,BUY,1,102.5,1173.8,102.49,207.2,102.48,71.5,102.47,1132.0,102.46,876.4,102.54,54.7,102.55,381.6,102.56,646.2,102.57,730.8,102.58,1930.4
1700000243.0,486,102.53,0.060000000000002274,102.5,620.4,102.56,921.7,2077.5,3499.7,102.56,101.5,BUY,4,102.5,620.4,102.49,233.7,102.48,774.9,102.47,438.5,102.46,10.0,102.56,921.7,102.57,276.8,102.58,1465.0,102.59,534.5,102.6,301.7
1700000243.5,487,102.54499999999999,0.04999999999999716,102.52,141.9,102.57,784.0,8249.8,4050.3999999999996,102.52,54.4,SELL,2,102.52,141.9,102.51,213.3,102.5,3183.9,102.49,1280.7,102.48,3430.0,102.57,784.0,102.58,575.7,102.59,779.3,102.6,871.1,102.61,1040.3
1700000244.0,488,102.53999999999999,0.04000000000000625,102.52,58.1,102.56,857.8,3285.8999999999996,6585.2,102.56,47.4,BUY,3,102.52,58.1,102.51,246.4,102.5,426.2,102.49,2227.2,102.48,328.0,102.56,857.8,102.57,515.9,102.58,214.3,102.59,3825.5,102.6,1171.7
1700000244.5,489,102.55,0.060000000000002274,102.52,613.7,102.58,482.2,4393.0,3171.7000000000003,102.52,33.5,SELL,1,102.52,613.7,102.51,479.4,102.5,67.2,102.49,2291.1,102.48,941.6,102.58,482.2,102.59,30.3,102.6,1019.5,102.61,1339.8,102.62,299.9
1700000245.0,490,102.55,0.060000000000002274,102.52,341.9,102.58,1370.6,6401.8,3392.0999999999995,102.52,5.0,SELL,4,102.52,341.9,102.51,510.0,102.5,828.6,102.49,2465.6,102.48,2255.7,102.58,1370.6,102.59,234.3,102.6,757.8,102.61,335.7,102.62,693.7
1700000245.5,491,102.55,0.060000000000002274,102.52,243.6,102.58,429.9,1711.3,4665.1,102.52,18.7,SELL,1,102.52,243.6,102.51,279.2,102.5,249.0,102.49,60.2,102.48,879.3,102.58,429.9,102.59,1193.9,102.6,433.8,102.61,1097.1,102.62,1510.4
1700000246.0,492,102.55,0.060000000000002274,102.52,659.0,102.58,699.6,4257.4,6876.200000000001,102.55,0.0,BUY,0,102.52,659.0,102.51,703.8,102.5,1531.4,102.49,1225.3,102.48,137.9,102.58,699.6,102.59,1754.8,102.6,555.7,102.61,837.3,102.62,3028.8
1700000246.5,493,102.55,0.060000000000002274,102.52,157.7,102.58,335.2,1738.9999999999998,3826.0,102.52,61.1,SELL,2,102.52,157.7,102.51,477.4,102.5,115.5,102.49,604.6,102.48,383.8,102.58,335.2,102.59,2901.8,102.6,215.4,102.61,270.2,102.62,103.4
1700000247.0,494,102.56,0.03999999999999204,102.54,1265.3,102.58,331.8,6083.4,3656.8,102.58,9.1,BUY,3,102.54,1265.3,102.53,84.0,102.52,761.8,102.51,516.7,102.5,3455.6,102.58,331.8,102.59,433.9,102.6,527.2,102.61,1597.0,102.62,766.9
1700000247.5,495,102.56,0.060000000000002274,102.53,308.8,102.59,142.5,3253.5,1803.0,102.53,114.7,SELL,3,102.53,308.8,102.52,45.5,102.51,1579.8,102.5,473.2,102.49,846.2,102.59,142.5,102.6,486.8,102.61,823.7,102.62,252.4,102.63,97.6
1700000248.0,496,102.565,0.04999999999999716,102.54,915.9,102.59,15.2,3201.8,1528.6,102.54,59.4,SELL,1,102.54,915.9,102.53,1463.0,102.52,87.3,102.51,521.9,102.5,213.7,102.59,15.2,102.6,283.6,102.61,404.9,102.62,651.4,102.63,173.5
1700000248.5,497,99.95,0.060000000000002274,99.92,756.2,99.98,89.3,3177.6000000000004,1609.7,99.98,17.0,BUY,3,99.92,756.2,99.91,1285.3,99.9,58.1,99.89,651.7,99.88,426.3,99.98,89.3,99.99,382.8,100.0,90.9,100.01,952.0,100.02,94.7
1700000249.0,498,99.95500000000001,0.04999999999999716,99.93,269.3,99.98,793.7,3732.7999999999997,3742.1000000000004,99.93,11.3,SELL,1,99.93,269.3,99.92,240.3,99.91,2120.8,99.9,838.3,99.89,264.1,99.98,793.7,99.99,29.2,100.0,1322.7,100.01,187.0,100.02,1409.5
1700000249.5,499,99.96000000000001,0.04000000000000625,99.94,398.9,99.98,220.5,1315.0,3196.5,99.98,5.0,BUY,2,99.94,398.9,99.93,81.5,99.92,643.4,99.91,142.3,99.9,48.9,99.98,220.5,99.99,1518.7,100.0,269.7,100.01,897.5,100.02,290.1
1700000250.0,500,99.95,0.060000000000002274,99.92,166.2,99.98,403.4,1277.6999999999998,2149.5,99.92,38.9,SELL,2,99.92,166.2,99.91,240.7,99.9,601.3,99.89,69.7,99.88,199.8,99.98,403.4,99.99,149.9,100.0,250.7,100.01,1308.4,100.02,37.1
1700000250.5,501,99.95500000000001,0.04999999999999716,99.93,469.5,99.98,1753.1,5595.1,7528.9000000000015,99.98,20.3,BUY,2,99.93,469.5,99.92,504.0,99.91,2311.9,99.9,1385.9,99.89,923.8,99.98,1753.1,99.99,1205.7,100.0,2093.4,100.01,1412.8,100.02,1063.9
1700000251.0,502,99.96000000000001,0.05999999999998806,99.93,10.3,99.99,138.9,1370.4,3765.7,99.96000000000001,0.0,BUY,0,99.93,10.3,99.92,101.5,99.91,171.3,99.9,391.9,99.89,695.4,99.99,138.9,100.0,452.6,100.01,1779.6,100.02,514.4,100.03,880.2
1700000251.5,503,99.95,0.060000000000002274,99.92,283.0,99.98,473.7,1768.8999999999999,3561.9,99.92,69.3,SELL,1,99.92,283.0,99.91,29.6,99.9,177.4,99.89,598.1,99.88,680.8,99.98,473.7,99.99,41.9,100.0,823.6,100.01,1859.8,100.02,362.9
1700000252.0,504,99.95,0.060000000000002274,99.92,305.5,99.98,77.6,2662.5000000000005,3588.2000000000003,99.92,22.6,SELL,2,99.92,305.5,99.91,359.7,99.9,207.2,99.89,1542.7,99.88,247.4,99.98,77.6,99.99,1625.7,100.0,444.0,100.01,356.8,100.02,1084.1
1700000252.5,505,99.95500000000001,0.04999999999999716,99.93,51.4,99.98,68.7,5746.6,3104.1,99.98,64.7,BUY,1,99.93,51.4,99.92,1895.8,99.91,2555.5,99.9,712.8,99.89,531.1,99.98,68.7,99.99,324.7,100.0,168.4,100.01,404.3,100.02,2138.0
1700000253.0,506,99.96000000000001,0.04000000000000625,99.94,544.7,99.98,1549.4,4866.400000000001,3757.6000000000004,99.94,66.7,SELL,1,99.94,544.7,99.93,1100.4,99.92,557.0,99.91,2214.5,99.9,449.8,99.98,1549.4,99.99,246.5,100.0,237.4,100.01,1163.0,100.02,561.3
1700000253.5,507,99.95500000000001,0.04999999999999716,99.93,1455.2,99.98,1003.4,4598.8,3235.2999999999997,99.98,55.6,BUY,1,99.93,1455.2,99.92,652.3,99.91,637.3,99.9,1359.3,99.89,494.7,99.98,1003.4,99.99,349.1,100.0,1182.5,100.01,513.1,100.02,187.2
1700000254.0,508,99.95500000000001,0.04999999999999716,99.93,69.3,99.98,123.5,2433.5,3596.2,99.98,33.4,BUY,1,99.93,69.3,99.92,722.1,99.91,240.1,99.9,489.8,99.89,912.2,99.98,123.5,99.99,699.9,100.0,237.1,100.01,1307.5,100.02,1228.2
1700000254.5,509,99.95500000000001,0.04999999999999716,99.93,990.5,99.98,440.1,3507.2,891.7000000000002,99.98,32.3,BUY,2,99.93,990.5,99.92,672.8,99.91,443.1,99.9,420.6,99.89,980.2,99.98,440.1,99.99,204.8,100.0,37.6,100.01,187.3,100.02,21.9
1700000255.0,510,99.96000000000001,0.04000000000000625,99.94,109.3,99.98,35.7,3881.0,3321.6,99.94,5.0,SELL,2,99.94,109.3,99.93,16.4,99.92,354.2,99.91,3119.9,99.9,281.2,99.98,35.7,99.99,222.5,100.0,1483.1,100.01,1515.3,100.02,65.0
1700000255.5,511,99.96000000000001,0.04000000000000625,99.94,10.0,99.98,469.9,4007.2,1316.3,99.98,54.7,BUY,2,99.94,10.0,99.93,570.4,99.92,294.4,99.91,1752.4,99.9,1380.0,99.98,469.9,99.99,290.7,100.0,383.2,100.01,162.5,100.02,10.0
1700000256.0,512,99.97,0.060000000000002274,99.94,10.0,100.0,379.5,3297.9,3530.1000000000004,99.97,0.0,BUY,0,99.94,10.0,99.93,16.1,99.92,786.8,99.91,1787.4,99.9,697.6,100.0,379.5,100.01,2430.3,100.02,84.0,100.03,245.5,100.04,390.8
1700000256.5,513,99.97999999999999,0.04000000000000625,99.96,844.0,100.0,146.1,3252.2,3423.3999999999996,99.96,10.1,SELL,2,99.96,844.0,99.95,768.5,99.94,1118.3,99.93,297.2,99.92,224.2,100.0,146.1,100.01,1331.0,100.02,130.6,100.03,729.6,100.04,1086.1
1700000257.0,514,99.97999999999999,0.04000000000000625,99.96,611.1,100.0,387.0,2881.9,2923.7999999999997,100.0,23.3,BUY,5,99.96,611.1,99.95,701.2,99.94,116.6,99.93,269.2,99.92,1183.8,100.0,387.0,100.01,1180.4,100.02,324.6,100.03,816.7,100.04,215.1
1700000257.5,515,99.98,0.060000000000002274,99.95,264.0,100.01,134.5,5261.2,2699.6,99.98,0.0,BUY,0,99.95,264.0,99.94,445.2,99.93,927.4,99.92,2152.9,99.91,1471.7,100.01,134.5,100.02,208.8,100.03,433.4,100.04,153.8,100.05,1769.1
1700000258.0,516,99.98,0.060000000000002274,99.95,62.9,100.01,16.6,1505.7,10632.3,99.95,59.2,SELL,1,99.95,62.9,99.94,180.7,99.93,637.1,99.92,99.2,99.91,525.8,100.01,16.6,100.02,2180.3,100.03,740.6,100.04,1051.9,100.05,6642.9
1700000258.5,517,99.97,0.060000000000002274,99.94,2080.1,100.0,268.5,7633.7,5725.8,100.0,22.4,BUY,1,99.94,2080.1,99.93,679.9,99.92,1529.0,99.91,1827.5,99.9,1517.2,100.0,268.5,100.01,237.0,100.02,276.3,100.03,3361.2,100.04,1582.8
1700000259.0,518,99.98,0.060000000000002274,99.95,1247.2,100.01,110.2,6020.0,1073.9,99.95,40.1,SELL,3,99.95,1247.2,99.94,741.5,99.93,751.2,99.92,1364.2,99.91,1915.9,100.01,110.2,100.02,310.6,100.03,297.3,100.04,103.6,100.05,252.2
1700000259.5,519,99.97999999999999,0.04000000000000625,99.96,251.7,100.0,994.9,1889.6999999999998,10132.8,100.0,75.8,BUY,2,99.96,251.7,99.95,717.0,99.94,405.9,99.93,232.7,99.92,282.4,100.0,994.9,100.01,1242.3,100.02,1267.5,100.03,5727.8,100.04,900.3
1700000260.0,520,99.97999999999999,0.04000000000000625,99.96,297.6,100.0,206.3,1968.5,3094.7000000000003,99.97999999999999,0.0,BUY,0,99.96,297.6,99.95,256.1,99.94,348.7,99.93,214.3,99.92,851.8,100.0,206.3,100.01,25.8,100.02,928.7,100.03,115.2,100.04,1818.7
1700000260.5,521,99.99,0.060000000000002274,99.96,339.3,100.02,2493.1,4419.5,4871.0,100.02,31.8,BUY,2,99.96,339.3,99.95,1334.3,99.94,2168.3,99.93,342.9,99.92,234.7,100.02,2493.1,100.03,374.2,100.04,1170.6,100.05,176.3,100.06,656.8
1700000261.0,522,99.97999999999999,0.04000000000000625,99.96,752.7,100.0,426.1,4902.5,3225.5,99.97999999999999,0.0,BUY,0,99.96,752.7,99.95,1386.6,99.94,1632.5,99.93,71.4,99.92,1059.3,100.0,426.1,100.01,508.5,100.02,768.5,100.03,441.1,100.04,1081.3
1700000261.5,523,99.97,0.060000000000002274,99.94,1157.4,100.0,263.2,5595.400000000001,2826.2000000000003,100.0,55.2,BUY,2,99.94,1157.4,99.93,320.4,99.92,89.4,99.91,171.8,99.9,3856.4,100.0,263.2,100.01,1214.9,100.02,696.7,100.03,412.0,100.04,239.4
1700000262.0,524,109.185,0.04999999999999716,109.16,11.8,109.21,451.7,4092.7,2513.9,109.16,49.1,SELL,3,109.16,11.8,109.15,484.9,109.14,232.6,109.13,148.7,109.12,3214.7,109.21,451.7,109.22,572.9,109.23,27.0,109.24,1268.9,109.25,193.4
1700000262.5,525,109.19,0.060000000000002274,109.16,356.7,109.22,580.5,1873.3,4230.400000000001,109.22,49.3,BUY,4,109.16,356.7,109.15,995.7,109.14,379.1,109.13,58.6,109.12,83.2,109.22,580.5,109.23,1483.9,109.24,1081.1,109.25,257.3,109.26,827.6
1700000263.0,526,109.19,0.060000000000002274,109.16,69.3,109.22,309.1,1307.3000000000002,2833.2,109.16,163.8,SELL,2,109.16,69.3,109.15,224.0,109.14,501.0,109.13,490.6,109.12,22.4,109.22,309.1,109.23,671.0,109.24,1364.5,109.25,122.7,109.26,365.9
1700000263.5,527,109.22,0.060000000000002274,109.19,2860.2,109.25,315.8,6494.599999999999,3439.2999999999997,109.22,0.0,BUY,0,109.19,2860.2,109.18,102.2,109.17,2000.7,109.16,10.0,109.15,1521.5,109.25,315.8,109.26,95.5,109.27,687.5,109.28,1478.9,109.29,861.6
1700000264.0,528,109.22,0.060000000000002274,109.19,560.6,109.25,107.4,1552.8000000000002,8032.5,109.25,12.0,BUY,1,109.19,560.6,109.18,686.2,109.17,213.4,109.16,35.0,109.15,57.6,109.25,107.4,109.26,1919.1,109.27,154.8,109.28,741.5,109.29,5109.7
1700000264.5,529,109.22,0.060000000000002274,109.19,488.8,109.25,218.4,5939.9,5549.0,109.25,123.9,BUY,4,109.19,488.8,109.18,356.9,109.17,2288.0,109.16,263.4,109.15,2542.8,109.25,218.4,109.26,2344.3,109.27,1659.8,109.28,957.2,109.29,369.3
1700000265.0,530,109.22,0.060000000000002274,109.19,520.6,109.25,1510.8,5944.300000000001,3400.0,109.25,31.4,BUY,1,109.19,520.6,109.18,430.2,109.17,2333.8,109.16,1535.8,109.15,1123.9,109.25,1510.8,109.26,774.1,109.27,713.1,109.28,122.1,109.29,279.9
1700000265.5,531,109.23,0.060000000000002274,109.2,255.0,109.26,123.2,2687.4000000000005,1606.8,109.26,109.4,BUY,1,109.2,255.0,109.19,901.2,109.18,692.6,109.17,170.9,109.16,667.7,109.26,123.2,109.27,304.9,109.28,10.0,109.29,129.7,109.3,1039.0
1700000266.0,532,109.23,0.060000000000002274,109.2,29.1,109.26,215.6,3841.7999999999997,3060.7999999999997,109.23,0.0,BUY,0,109.2,29.1,109.19,430.8,109.18,2145.7,109.17,580.8,109.16,655.4,109.26,215.6,109.27,1844.9,109.28,638.7,109.29,267.2,109.3,94.4
1700000266.5,533,109.22,0.060000000000002274,109.19,596.5,109.25,1954.6,2338.3,5430.8,109.19,43.0,SELL,1,109.19,596.5,109.18,308.2,109.17,169.3,109.16,656.1,109.15,608.2,109.25,1954.6,109.26,85.8,109.27,31.6,109.28,1571.9,109.29,1786.9
1700000267.0,534,109.2,0.060000000000002274,109.17,673.1,109.23,97.3,5226.3,1810.4,109.17,20.9,SELL,1,109.17,673.1,109.16,3008.7,109.15,468.4,109.14,714.3,109.13,361.8,109.23,97.3,109.24,77.1,109.25,48.0,109.26,95.6,109.27,1492.4
1700000267.5,535,109.19,0.060000000000002274,109.16,277.8,109.22,56.5,2873.2000000000003,2931.3,109.22,10.4,BUY,2,109.16,277.8,109.15,189.4,109.14,1337.7,109.13,647.7,109.12,420.6,109.22,56.5,109.23,443.6,109.24,900.6,109.25,1449.2,109.26,81.4
1700000268.0,536,109.19,0.060000000000002274,109.16,717.7,109.22,402.2,4019.6000000000004,6424.400000000001,109.22,62.5,BUY,1,109.16,717.7,109.15,350.7,109.14,749.8,109.13,38.1,109.12,2163.3,109.22,402.2,109.23,1096.9,109.24,1053.5,109.25,1227.3,109.26,2644.5
1700000268.5,537,109.19,0.060000000000002274,109.16,34.1,109.22,513.3,7458.9,4589.0,109.16,29.6,SELL,3,109.16,34.1,109.15,1758.7,109.14,312.8,109.13,3295.9,109.12,2057.4,109.22,513.3,109.23,581.4,109.24,415.8,109.25,1617.7,109.26,1460.8
1700000269.0,538,109.18,0.04000000000000625,109.16,285.7,109.2,462.2,3006.8,3350.6000000000004,109.16,5.0,SELL,2,109.16,285.7,109.15,1806.2,109.14,747.4,109.13,104.4,109.12,63.1,109.2,462.2,109.21,159.5,109.22,503.1,109.23,676.4,109.24,1549.4
1700000269.5,539,109.185,0.04999999999999716,109.16,71.5,109.21,273.5,2885.2999999999997,3876.6,109.21,170.0,BUY,4,109.16,71.5,109.15,116.4,109.14,1235.1,109.13,903.7,109.12,558.6,109.21,273.5,109.22,919.2,109.23,238.3,109.24,1264.2,109.25,1181.4
1700000270.0,540,109.18,0.05999999999998806,109.15,655.0,109.21,97.1,3470.5,2064.6,109.15,44.7,SELL,2,109.15,655.0,109.14,873.0,109.13,850.0,109.12,987.9,109.11,104.6,109.21,97.1,109.22,24.3,109.23,90.7,109.24,87.8,109.25,1764.7
1700000270.5,541,109.17,0.060000000000002274,109.14,84.4,109.2,611.7,2485.0,2462.3,109.2,10.7,BUY,1,109.14,84.4,109.13,1231.8,109.12,1008.9,109.11,26.0,109.1,133.9,109.2,611.7,109.21,823.0,109.22,649.1,109.23,59.3,109.24,319.2
1700000271.0,542,109.17,0.060000000000002274,109.14,564.7,109.2,1564.1,7006.700000000001,5125.5,109.17,0.0,BUY,0,109.14,564.7,109.13,881.6,109.12,1253.3,109.11,1046.3,109.1,3260.8,109.2,1564.1,109.21,204.3,109.22,1249.9,109.23,1368.3,109.24,738.9
1700000271.5,543,109.17,0.060000000000002274,109.14,143.4,109.2,145.3,4526.700000000001,3378.7,109.17,0.0,BUY,0,109.14,143.4,109.13,589.4,109.12,1145.7,109.11,161.9,109.1,2486.3,109.2,145.3,109.21,1002.1,109.22,792.0,109.23,587.1,109.24,852.2
1700000272.0,544,109.53,0.060000000000002274,109.5,394.7,109.56,795.8,4239.6,2758.6,109.56,117.3,BUY,2,109.5,394.7,109.49,177.9,109.48,695.7,109.47,710.8,109.46,2260.5,109.56,795.8,109.57,80.1,109.58,380.9,109.59,454.0,109.6,1047.8
1700000272.5,545,109.53,0.060000000000002274,109.5,21.7,109.56,26.1,4599.4,5914.200000000001,109.53,0.0,BUY,0,109.5,21.7,109.49,256.5,109.48,10.0,109.47,2999.5,109.46,1311.7,109.56,26.1,109.57,893.2,109.58,1177.9,109.59,495.5,109.6,3321.5
1700000273.0,546,109.54499999999999,0.04999999999999716,109.52,89.3,109.57,83.0,5516.5,1299.4,109.52,41.8,SELL,2,109.52,89.3,109.51,1355.4,109.5,973.5,109.49,1663.7,109.48,1434.6,109.57,83.0,109.58,180.9,109.59,78.9,109.6,442.4,109.61,514.2
1700000273.5,547,109.53999999999999,0.04000000000000625,109.52,207.9,109.56,45.1,4027.1000000000004,3673.8999999999996,109.56,81.9,BUY,2,109.52,207.9,109.51,61.0,109.5,459.3,109.49,165.5,109.48,3133.4,109.56,45.1,109.57,1364.3,109.58,876.5,109.59,495.2,109.6,892.8
1700000274.0,548,109.54499999999999,0.04999999999999716,109.52,1083.9,109.57,341.5,3309.2000000000003,5651.599999999999,109.57,35.6,BUY,1,109.52,1083.9,109.51,774.7,109.5,681.2,109.49,33.3,109.48,736.1,109.57,341.5,109.58,3738.6,109.59,476.3,109.6,599.3,109.61,495.9
1700000274.5,549,109.54499999999999,0.04999999999999716,109.52,37.1,109.57,259.6,3112.8,4061.6,109.54499999999999,0.0,BUY,0,109.52,37.1,109.51,271.2,109.5,949.8,109.49,89.4,109.48,1765.3,109.57,259.6,109.58,472.1,109.59,737.8,109.6,1595.1,109.61,997.0
1700000275.0,550,109.53999999999999,0.04000000000000625,109.52,1215.7,109.56,189.3,5440.7,3422.7999999999997,109.52,102.1,SELL,1,109.52,1215.7,109.51,96.7,109.5,1250.8,109.49,406.1,109.48,2471.4,109.56,189.3,109.57,247.8,109.58,1881.1,109.59,814.7,109.6,289.9
1700000275.5,551,109.55,0.060000000000002274,109.52,160.1,109.58,382.2,2424.1,3252.8,109.52,77.6,SELL,2,109.52,160.1,109.51,10.0,109.5,590.6,109.49,695.5,109.48,967.9,109.58,382.2,109.59,352.1,109.6,316.2,109.61,117.3,109.62,2085.0
1700000276.0,552,109.54499999999999,0.04999999999999716,109.52,85.7,109.57,42.2,2641.5,4476.7,109.52,41.8,SELL,2,109.52,85.7,109.51,263.6,109.5,10.0,109.49,2111.1,109.48,171.1,109.57,42.2,109.58,310.4,109.59,940.4,109.6,584.7,109.61,2599.0
1700000276.5,553,109.54499999999999,0.04999999999999716,109.52,321.9,109.57,117.1,5351.700000000001,5191.8,109.52,99.6,SELL,2,109.52,321.9,109.51,266.8,109.5,1404.4,109.49,843.0,109.48,2515.6,109.57,117.1,109.58,186.5,109.59,10.0,109.6,26.4,109.61,4851.8
1700000277.0,554,109.54499999999999,0.04999999999999716,109.52,1319.2,109.57,135.4,4322.9,5936.6,109.57,26.0,BUY,5,109.52,1319.2,109.51,927.9,109.5,186.1,109.49,1425.2,109.48,464.5,109.57,135.4,109.58,107.5,109.59,2709.9,109.6,2214.2,109.61,769.6
1700000277.5,555,109.53999999999999,0.05999999999998806,109.51,94.4,109.57,463.7,4150.6,5481.2,109.53999999999999,0.0,BUY,0,109.51,94.4,109.5,1610.2,109.49,240.0,109.48,53.3,109.47,2152.7,109.57,463.7,109.58,1487.5,109.59,300.0,109.6,1558.3,109.61,1671.7
1700000278.0,556,109.53999999999999,0.04000000000000625,109.52,13.5,109.56,482.1,6578.2,5366.7,109.53999999999999,0.0,BUY,0,109.52,13.5,109.51,4109.2,109.5,944.5,109.49,531.3,109.48,979.7,109.56,482.1,109.57,1039.8,109.58,1315.0,109.59,485.1,109.6,2044.7
1700000278.5,557,109.53,0.060000000000002274,109.5,486.3,109.56,922.7,2781.0,4478.6,109.56,11.4,BUY,1,109.5,486.3,109.49,360.3,109.48,10.0,109.47,508.0,109.46,1416.4,109.56,922.7,109.57,1091.6,109.58,65.1,109.59,422.5,109.6,1976.7
1700000279.0,558,109.54499999999999,0.04999999999999716,109.52,205.8,109.57,85.8,2626.2999999999997,1487.6999999999998,109.52,9.7,SELL,2,109.52,205.8,109.51,14.7,109.5,59.0,109.49,1971.6,109.48,375.2,109.57,85.8,109.58,675.3,109.59,100.3,109.6,205.3,109.61,421.0
1700000279.5,559,109.53,0.060000000000002274,109.5,138.9,109.56,335.0,3424.9,3822.3,109.56,43.8,BUY,1,109.5,138.9,109.49,401.0,109.48,481.7,109.47,2087.3,109.46,316.0,109.56,335.0,109.57,483.4,109.58,694.0,109.59,425.3,109.6,1884.6
1700000280.0,560,109.54499999999999,0.04999999999999716,109.52,417.1,109.57,512.3,5074.2,2428.4,109.52,7.8,SELL,2,109.52,417.1,109.51,178.5,109.5,2203.9,109.49,793.7,109.48,1481.0,109.57,512.3,109.58,543.0,109.59,203.5,109.6,492.7,109.61,676.9
1700000280.5,561,109.53,0.060000000000002274,109.5,72.1,109.56,555.3,3222.8999999999996,4450.5,109.5,16.2,SELL,3,109.5,72.1,109.49,730.0,109.48,604.3,109.47,728.3,109.46,1088.2,109.56,555.3,109.57,780.1,109.58,1961.0,109.59,700.0,109.6,454.1
1700000281.0,562,109.53,0.060000000000002274,109.5,785.7,109.56,256.9,4648.9,3484.9,109.5,5.0,SELL,2,109.5,785.7,109.49,889.3,109.48,1239.9,109.47,1338.8,109.46,395.2,109.56,256.9,109.57,1512.9,109.58,277.8,109.59,962.7,109.6,474.6
1700000281.5,563,109.53,0.03999999999999204,109.51,911.8,109.55,246.3,2437.2,2679.4,109.53,0.0,BUY,0,109.51,911.8,109.5,649.2,109.49,358.7,109.48,325.4,109.47,192.1,109.55,246.3,109.56,1010.5,109.57,428.5,109.58,529.0,109.59,465.1
1700000282.0,564,109.53,0.060000000000002274,109.5,533.9,109.56,343.6,2880.2,2694.1,109.5,5.0,SELL,3,109.5,533.9,109.49,30.9,109.48,433.9,109.47,1660.0,109.46,221.5,109.56,343.6,109.57,1384.5,109.58,694.4,109.59,243.7,109.6,27.9
1700000282.5,565,109.52,0.060000000000002274,109.49,151.3,109.55,319.8,11378.400000000001,2749.2,109.55,71.9,BUY,4,109.49,151.3,109.48,2227.9,109.47,705.1,109.46,171.5,109.45,8122.6,109.55,319.8,109.56,422.8,109.57,484.3,109.58,550.3,109.59,972.0
1700000283.0,566,109.52,0.060000000000002274,109.49,259.8,109.55,1524.0,1738.5,2849.8999999999996,109.55,222.3,BUY,3,109.49,259.8,109.48,492.0,109.47,496.7,109.46,15.1,109.45,474.9,109.55,1524.0,109.56,52.5,109.57,107.3,109.58,964.4,109.59,201.7
1700000283.5,567,109.51,0.060000000000002274,109.48,755.2,109.54,1444.7,2289.7,4905.2,109.51,0.0,BUY,0,109.48,755.2,109.47,208.7,109.46,435.6,109.45,537.6,109.44,352.6,109.54,1444.7,109.55,1668.5,109.56,599.0,109.57,384.9,109.58,808.1
1700000284.0,568,109.5,0.060000000000002274,109.47,441.5,109.53,351.9,1472.1,3660.9,109.47,7.1,SELL,1,109.47,441.5,109.46,455.4,109.45,366.2,109.44,187.8,109.43,21.2,109.53,351.9,109.54,712.0,109.55,2216.0,109.56,17.6,109.57,363.4
1700000284.5,569,109.5,0.03999999999999204,109.48,24.8,109.52,199.3,5101.400000000001,5870.8,109.52,8.8,BUY,2,109.48,24.8,109.47,1108.9,109.46,1269.6,109.45,2233.9,109.44,464.2,109.52,199.3,109.53,19.1,109.54,1206.3,109.55,2144.4,109.56,2301.7
1700000285.0,570,109.51,0.060000000000002274,109.48,1803.9,109.54,39.6,9602.899999999998,8530.2,109.54,8.6,BUY,1,109.48,1803.9,109.47,454.2,109.46,627.1,109.45,5467.9,109.44,1249.8,109.54,39.6,109.55,738.7,109.56,1252.1,109.57,5189.6,109.58,1310.2
1700000285.5,571,109.52,0.060000000000002274,109.49,127.9,109.55,351.5,4464.8,2128.3,109.55,6.1,BUY,1,109.49,127.9,109.48,91.7,109.47,628.5,109.46,935.2,109.45,2681.5,109.55,351.5,109.56,473.1,109.57,724.6,109.58,428.3,109.59,150.8
1700000286.0,572,109.52,0.060000000000002274,109.49,455.1,109.55,1144.6,3206.0,3374.5,109.55,48.3,BUY,1,109.49,455.1,109.48,628.3,109.47,669.7,109.46,622.9,109.45,830.0,109.55,1144.6,109.56,434.7,109.57,279.9,109.58,122.6,109.59,1392.7
1700000286.5,573,109.52,0.060000000000002274,109.49,312.2,109.55,550.8,1800.1000000000001,5022.4,109.55,61.8,BUY,1,109.49,312.2,109.48,103.5,109.47,1067.2,109.46,278.3,109.45,38.9,109.55,550.8,109.56,155.5,109.57,1388.6,109.58,2563.7,109.59,363.8
1700000287.0,574,109.52,0.060000000000002274,109.49,83.4,109.55,18.2,7132.400000000001,10128.2,109.55,11.4,BUY,3,109.49,83.4,109.48,1608.6,109.47,2469.1,109.46,2872.7,109.45,98.6,109.55,18.2,109.56,349.5,109.57,3413.0,109.58,892.0,109.59,5455.5
1700000287.5,575,109.52,0.060000000000002274,109.49,1285.3,109.55,2024.1,3413.9,4490.999999999999,109.55,5.0,BUY,2,109.49,1285.3,109.48,504.7,109.47,1250.2,109.46,245.3,109.45,128.4,109.55,2024.1,109.56,25.6,109.57,1429.7,109.58,533.7,109.59,477.9
1700000288.0,576,109.53,0.060000000000002274,109.5,742.9,109.56,256.5,4102.1,6042.9,109.5,22.1,SELL,4,109.5,742.9,109.49,911.4,109.48,1127.3,109.47,167.9,109.46,1152.6,109.56,256.5,109.57,1193.7,109.58,1106.2,109.59,820.5,109.6,2666.0
1700000288.5,577,109.53,0.060000000000002274,109.5,600.0,109.56,1046.3,2429.1000000000004,2854.5000000000005,109.56,67.1,BUY,3,109.5,600.0,109.49,431.2,109.48,357.3,109.47,114.4,109.46,926.2,109.56,1046.3,109.57,971.1,109.58,544.7,109.59,206.3,109.6,86.1
1700000289.0,578,109.53,0.060000000000002274,109.5,886.0,109.56,48.8,7637.7,2425.3999999999996,109.56,9.6,BUY,2,109.5,886.0,109.49,740.2,109.48,238.9,109.47,3693.6,109.46,2079.0,109.56,48.8,109.57,559.6,109.58,506.6,109.59,1026.2,109.6,284.2
1700000289.5,579,109.53,0.060000000000002274,109.5,512.6,109.56,297.5,8408.5,2230.7999999999997,109.56,5.0,BUY,1,109.5,512.6,109.49,73.7,109.48,2838.3,109.47,482.4,109.46,4501.5,109.56,297.5,109.57,105.3,109.58,583.3,109.59,804.3,109.6,440.4
1700000290.0,580,109.52,0.060000000000002274,109.49,216.3,109.55,72.4,2886.5,2377.6000000000004,109.49,21.0,SELL,1,109.49,216.3,109.48,191.2,109.47,368.2,109.46,449.4,109.45,1661.4,109.55,72.4,109.56,10.0,109.57,988.2,109.58,142.4,109.59,1164.6
1700000290.5,581,109.51,0.060000000000002274,109.48,65.2,109.54,281.1,2362.3,3046.2,109.48,23.1,SELL,2,109.48,65.2,109.47,64.9,109.46,182.7,109.45,185.0,109.44,1864.5,109.54,281.1,109.55,429.0,109.56,149.2,109.57,1453.6,109.58,733.3
1700000291.0,582,109.51,0.060000000000002274,109.48,62.0,109.54,28.8,5134.099999999999,3636.4,109.54,45.4,BUY,2,109.48,62.0,109.47,1357.9,109.46,2228.6,109.45,1009.9,109.44,475.7,109.54,28.8,109.55,976.1,109.56,1249.6,109.57,489.9,109.58,892.0
1700000291.5,583,109.51,0.060000000000002274,109.48,142.6,109.54,170.5,5598.3,5080.9,109.54,5.0,BUY,2,109.48,142.6,109.47,215.6,109.46,395.8,109.45,1786.5,109.44,3057.8,109.54,170.5,109.55,41.0,109.56,457.1,109.57,1561.1,109.58,2851.2
1700000292.0,584,109.51,0.060000000000002274,109.48,90.8,109.54,285.0,5957.2,3389.2,109.54,5.0,BUY,2,109.48,90.8,109.47,319.1,109.46,2985.7,109.45,1399.3,109.44,1162.3,109.54,285.0,109.55,1428.6,109.56,247.8,109.57,839.6,109.58,588.2
1700000292.5,585,109.51,0.060000000000002274,109.48,1380.5,109.54,173.3,5659.7,2934.1000000000004,109.54,30.7,BUY,4,109.48,1380.5,109.47,70.4,109.46,436.1,109.45,370.1,109.44,3402.6,109.54,173.3,109.55,889.7,109.56,769.9,109.57,686.4,109.58,414.8
1700000293.0,586,109.52,0.060000000000002274,109.49,47.5,109.55,276.1,1786.0,4463.1,109.55,7.5,BUY,1,109.49,47.5,109.48,373.5,109.47,575.2,109.46,629.0,109.45,160.8,109.55,276.1,109.56,486.8,109.57,2146.0,109.58,813.0,109.59,741.2
1700000293.5,587,109.52,0.060000000000002274,109.49,121.1,109.55,187.4,1244.1,2649.4,109.55,36.4,BUY,1,109.49,121.1,109.48,143.7,109.47,405.8,109.46,563.5,109.45,10.0,109.55,187.4,109.56,981.7,109.57,10.0,109.58,995.3,109.59,475.0
1700000294.0,588,109.52,0.060000000000002274,109.49,331.9,109.55,40.7,6126.5,4162.3,109.55,27.6,BUY,2,109.49,331.9,109.48,134.8,109.47,3822.0,109.46,478.4,109.45,1359.4,109.55,40.7,109.56,35.8,109.57,887.9,109.58,336.0,109.59,2861.9
1700000294.5,589,109.53,0.060000000000002274,109.5,783.3,109.56,13.7,2960.5,2751.6000000000004,109.5,31.4,SELL,4,109.5,783.3,109.49,1030.5,109.48,70.0,109.47,947.2,109.46,129.5,109.56,13.7,109.57,88.8,109.58,48.9,109.59,1838.7,109.6,761.5
1700000295.0,590,109.52,0.060000000000002274,109.49,518.1,109.55,79.1,3129.7000000000003,3389.9999999999995,109.55,5.0,BUY,1,109.49,518.1,109.48,1288.3,109.47,240.7,109.46,968.0,109.45,114.6,109.55,79.1,109.56,1231.5,109.57,722.8,109.58,456.0,109.59,900.6
1700000295.5,591,109.51,0.060000000000002274,109.48,355.8,109.54,233.7,1450.4,3040.5,109.54,56.8,BUY,6,109.48,355.8,109.47,82.4,109.46,204.9,109.45,258.8,109.44,548.5,109.54,233.7,109.55,1779.9,109.56,45.3,109.57,370.1,109.58,611.5
1700000296.0,592,109.51,0.060000000000002274,109.48,24.6,109.54,59.9,2312.9,5632.1,109.54,14.1,BUY,1,109.48,24.6,109.47,287.9,109.46,60.0,109.45,1607.3,109.44,333.1,109.54,59.9,109.55,679.0,109.56,595.1,109.57,2348.9,109.58,1949.2
1700000296.5,593,109.52,0.060000000000002274,109.49,83.0,109.55,694.5,2245.9,5361.4,109.52,0.0,BUY,0,109.49,83.0,109.48,377.5,109.47,571.1,109.46,759.0,109.45,455.3,109.55,694.5,109.56,709.4,109.57,808.8,109.58,2981.2,109.59,167.5
1700000297.0,594,109.51,0.060000000000002274,109.48,298.0,109.54,765.6,3779.8,3125.0,109.51,0.0,BUY,0,109.48,298.0,109.47,284.6,109.46,235.6,109.45,2951.6,109.44,10.0,109.54,765.6,109.55,216.2,109.56,346.6,109.57,347.7,109.58,1448.9
1700000297.5,595,109.5,0.060000000000002274,109.47,250.0,109.53,1392.9,3640.2999999999997,2684.7999999999997,109.53,31.9,BUY,6,109.47,250.0,109.46,292.4,109.45,1911.1,109.44,39.2,109.43,1147.6,109.53,1392.9,109.54,103.1,109.55,301.1,109.56,610.5,109.57,277.2
1700000298.0,596,109.5,0.03999999999999204,109.48,299.0,109.52,189.9,3732.6000000000004,2161.0,109.52,14.5,BUY,2,109.48,299.0,109.47,429.5,109.46,309.7,109.45,1924.6,109.44,769.8,109.52,189.9,109.53,710.1,109.54,256.1,109.55,77.9,109.56,927.0
1700000298.5,597,109.49,0.060000000000002274,109.46,149.7,109.52,1679.3,7081.200000000001,5467.900000000001,109.52,10.3,BUY,2,109.46,149.7,109.45,12.4,109.44,5569.2,109.43,1039.8,109.42,310.1,109.52,1679.3,109.53,742.7,109.54,642.1,109.55,2297.5,109.56,106.3
1700000299.0,598,109.5,0.060000000000002274,109.47,132.8,109.53,75.6,1564.1999999999998,2596.1000000000004,109.47,8.3,SELL,3,109.47,132.8,109.46,656.1,109.45,250.1,109.44,356.1,109.43,169.1,109.53,75.6,109.54,143.8,109.55,1783.7,109.56,108.6,109.57,484.4
1700000299.5,599,109.5,0.060000000000002274,109.47,567.4,109.53,122.9,2701.3,3983.1000000000004,109.53,39.8,BUY,1,109.47,567.4,109.46,779.1,109.45,55.5,109.44,52.3,109.43,1247.0,109.53,122.9,109.54,1638.7,109.55,348.2,109.56,1630.0,109.57,243.3
1700000300.0,600,109.5,0.060000000000002274,109.47,219.7,109.53,279.5,5949.5,2477.1,109.53,60.3,BUY,2,109.47,219.7,109.46,227.0,109.45,3378.0,109.44,421.0,109.43,1703.8,109.53,279.5,109.54,255.3,109.55,382.1,109.56,667.6,109.57,892.6
1700000300.5,601,109.51,0.060000000000002274,109.48,583.2,109.54,90.3,1813.4,9165.3,109.51,0.0,BUY,0,109.48,583.2,109.47,111.3,109.46,278.5,109.45,478.8,109.44,361.6,109.54,90.3,109.55,919.9,109.56,3190.7,109.57,3027.8,109.58,1936.6
1700000301.0,602,109.51,0.060000000000002274,109.48,342.1,109.54,116.2,2314.5,1554.8,109.48,22.2,SELL,3,109.48,342.1,109.47,1046.1,109.46,143.2,109.45,645.6,109.44,137.5,109.54,116.2,109.55,39.7,109.56,107.3,109.57,94.1,109.58,1197.5
1700000301.5,603,109.52,0.060000000000002274,109.49,245.4,109.55,237.1,5082.900000000001,3163.4,109.52,0.0,BUY,0,109.49,245.4,109.48,1017.1,109.47,1573.4,109.46,1040.7,109.45,1206.3,109.55,237.1,109.56,149.1,109.57,632.3,109.58,1562.0,109.59,582.9
1700000302.0,604,109.52,0.060000000000002274,109.49,1326.8,109.55,708.2,4548.9,2059.3,109.49,20.7,SELL,2,109.49,1326.8,109.48,944.1,109.47,72.7,109.46,155.3,109.45,2050.0,109.55,708.2,109.56,113.8,109.57,878.4,109.58,328.0,109.59,30.9
1700000302.5,605,109.53,0.060000000000002274,109.5,287.1,109.56,516.8,4009.7,1840.6,109.56,30.3,BUY,2,109.5,287.1,109.49,839.1,109.48,1062.3,109.47,276.5,109.46,1544.7,109.56,516.8,109.57,353.3,109.58,545.9,109.59,319.5,109.6,105.1
1700000303.0,606,109.53,0.060000000000002274,109.5,405.7,109.56,527.4,1351.9,2857.1,109.5,34.8,SELL,3,109.5,405.7,109.49,106.2,109.48,532.6,109.47,155.7,109.46,151.7,109.56,527.4,109.57,503.9,109.58,540.9,109.59,641.5,109.6,643.4
1700000303.5,607,109.54499999999999,0.04999999999999716,109.52,135.9,109.57,332.0,2693.8,5180.7,109.57,26.7,BUY,1,109.52,135.9,109.51,1480.6,109.5,225.8,109.49,300.2,109.48,551.3,109.57,332.0,109.58,2110.6,109.59,772.6,109.6,14.3,109.61,1951.2
1700000304.0,608,109.53999999999999,0.04000000000000625,109.52,58.9,109.56,51.7,2179.2,1931.7,109.53999999999999,0.0,BUY,0,109.52,58.9,109.51,53.1,109.5,331.7,109.49,1589.5,109.48,146.0,109.56,51.7,109.57,82.9,109.58,84.9,109.59,203.7,109.6,1508.5
1700000304.5,609,109.53999999999999,0.05999999999998806,109.51,119.9,109.57,58.1,1166.7,9750.199999999999,109.53999999999999,0.0,BUY,0,109.51,119.9,109.5,100.5,109.49,236.3,109.48,205.3,109.47,504.7,109.57,58.1,109.58,2602.2,109.59,1932.3,109.6,4163.8,109.61,993.8
1700000305.0,610,109.54499999999999,0.04999999999999716,109.52,704.3,109.57,798.9,4345.1,8678.4,109.52,9.5,SELL,3,109.52,704.3,109.51,33.2,109.5,836.4,109.49,829.7,109.48,1941.5,109.57,798.9,109.58,1899.1,109.59,1340.5,109.6,2212.8,109.61,2427.1
1700000305.5,611,109.55,0.060000000000002274,109.52,97.6,109.58,467.2,3559.2999999999997,4558.900000000001,109.58,41.6,BUY,2,109.52,97.6,109.51,525.9,109.5,358.7,109.49,1609.0,109.48,968.1,109.58,467.2,109.59,50.5,109.6,929.2,109.61,719.7,109.62,2392.3
1700000306.0,612,109.54499999999999,0.04999999999999716,109.52,502.8,109.57,893.3,4139.3,4929.4,109.57,75.7,BUY,2,109.52,502.8,109.51,528.6,109.5,1805.0,109.49,752.2,109.48,550.7,109.57,893.3,109.58,10.3,109.59,975.9,109.6,610.4,109.61,2439.5
1700000306.5,613,109.55,0.060000000000002274,109.52,1478.6,109.58,591.7,3407.5,2277.8,109.52,5.0,SELL,3,109.52,1478.6,109.51,10.6,109.5,257.8,109.49,449.8,109.48,1210.7,109.58,591.7,109.59,43.0,109.6,633.6,109.61,144.3,109.62,865.2
1700000307.0,614,109.56,0.060000000000002274,109.53,385.3,109.59,114.6,5420.4,2851.8999999999996,109.56,0.0,BUY,0,109.53,385.3,109.52,374.2,109.51,82.2,109.5,3011.3,109.49,1567.4,109.59,114.6,109.6,436.2,109.61,1536.1,109.62,211.6,109.63,553.4
1700000307.5,615,109.53999999999999,0.04000000000000625,109.52,168.9,109.56,629.9,2444.6,2409.2999999999997,109.52,53.1,SELL,2,109.52,168.9,109.51,244.7,109.5,204.8,109.49,1111.6,109.48,714.6,109.56,629.9,109.57,928.4,109.58,259.4,109.59,362.2,109.6,229.4
1700000308.0,616,109.53999999999999,0.04000000000000625,109.52,116.8,109.56,136.6,3554.2999999999997,6200.9,109.52,17.1,SELL,3,109.52,116.8,109.51,1034.8,109.5,2072.2,109.49,198.5,109.48,132.0,109.56,136.6,109.57,344.7,109.58,2850.8,109.59,1464.2,109.6,1404.6
1700000308.5,617,109.53999999999999,0.05999999999998806,109.51,653.3,109.57,215.8,8693.0,6568.400000000001,109.57,176.6,BUY,2,109.51,653.3,109.5,271.8,109.49,964.2,109.48,4412.2,109.47,2391.5,109.57,215.8,109.58,84.9,109.59,1907.8,109.6,4106.6,109.61,253.3
1700000309.0,618,109.54499999999999,0.04999999999999716,109.52,703.1,109.57,24.4,5844.9,3512.8999999999996,109.52,30.2,SELL,3,109.52,703.1,109.51,1460.3,109.5,883.1,109.49,1423.3,109.48,1375.1,109.57,24.4,109.58,866.3,109.59,32.7,109.6,636.2,109.61,1953.3
1700000309.5,619,109.55,0.060000000000002274,109.52,468.1,109.58,391.6,5410.400000000001,6214.6,109.55,0.0,BUY,0,109.52,468.1,109.51,1635.2,109.5,2072.5,109.49,852.0,109.48,382.6,109.58,391.6,109.59,1563.7,109.6,2116.1,109.61,323.7,109.62,1819.5
1700000310.0,620,109.54499999999999,0.04999999999999716,109.52,604.9,109.57,248.5,3313.9,3314.5,109.57,125.3,BUY,1,109.52,604.9,109.51,579.9,109.5,820.5,109.49,1197.7,109.48,110.9,109.57,248.5,109.58,483.1,109.59,464.8,109.6,428.6,109.61,1689.5
1700000310.5,621,109.54499999999999,0.04999999999999716,109.52,137.3,109.57,646.3,2586.3999999999996,2534.0,109.57,24.9,BUY,1,109.52,137.3,109.51,363.5,109.5,680.8,109.49,10.0,109.48,1394.8,109.57,646.3,109.58,57.8,109.59,427.3,109.6,628.1,109.61,774.5
1700000311.0,622,109.53,0.060000000000002274,109.5,37.6,109.56,219.2,10107.199999999999,5235.700000000001,109.5,13.3,SELL,2,109.5,37.6,109.49,1915.8,109.48,3306.0,109.47,3658.2,109.46,1189.6,109.56,219.2,109.57,1221.4,109.58,841.4,109.59,463.8,109.6,2489.9
1700000311.5,623,109.53,0.03999999999999204,109.51,745.7,109.55,1873.5,6529.599999999999,11322.900000000001,109.51,12.2,SELL,2,109.51,745.7,109.5,1084.1,109.49,939.8,109.48,2171.2,109.47,1588.8,109.55,1873.5,109.56,530.9,109.57,419.9,109.58,861.3,109.59,7637.3
1700000312.0,624,109.52,0.060000000000002274,109.49,397.7,109.55,728.3,1988.8999999999999,3825.3999999999996,109.55,46.6,BUY,1,109.49,397.7,109.48,673.9,109.47,24.2,109.46,523.3,109.45,369.8,109.55,728.3,109.56,79.6,109.57,2042.3,109.58,486.7,109.59,488.5
1700000312.5,625,109.53,0.060000000000002274,109.5,912.6,109.56,1002.4,2958.3999999999996,2560.5,109.56,72.7,BUY,1,109.5,912.6,109.49,160.9,109.48,88.3,109.47,1068.1,109.46,728.5,109.56,1002.4,109.57,225.5,109.58,75.4,109.59,154.1,109.6,1103.1
1700000313.0,626,117.09,0.060000000000002274,117.06,129.5,117.12,322.7,5752.8,3526.6,117.09,0.0,BUY,0,117.06,129.5,117.05,2042.1,117.04,10.0,117.03,764.9,117.02,2806.3,117.12,322.7,117.13,923.8,117.14,453.4,117.15,356.2,117.16,1470.5
1700000313.5,627,117.095,0.05000000000001137,117.07,62.9,117.12,1601.7,1350.3000000000002,6892.7,117.095,0.0,BUY,0,117.07,62.9,117.06,39.3,117.05,633.5,117.04,262.2,117.03,352.4,117.12,1601.7,117.13,567.9,117.14,2615.1,117.15,1078.0,117.16,1030.0
1700000314.0,628,112.47,0.060000000000002274,112.44,107.2,112.5,146.4,3695.7999999999997,3148.2,112.44,41.0,SELL,4,112.44,107.2,112.43,594.0,112.42,791.4,112.41,1550.8,112.4,652.4,112.5,146.4,112.51,471.4,112.52,189.1,112.53,1473.6,112.54,867.7
1700000314.5,629,112.47,0.060000000000002274,112.44,1077.8,112.5,196.4,2796.2,8775.9,112.5,42.4,BUY,2,112.44,1077.8,112.43,71.8,112.42,345.6,112.41,760.4,112.4,540.6,112.5,196.4,112.51,1767.6,112.52,1444.6,112.53,676.8,112.54,4690.5
1700000315.0,630,112.47,0.060000000000002274,112.44,171.1,112.5,1177.1,3329.1,4960.9,112.5,49.3,BUY,1,112.44,171.1,112.43,997.4,112.42,148.1,112.41,1671.5,112.4,341.0,112.5,1177.1,112.51,423.4,112.52,401.6,112.53,1527.4,112.54,1431.4
1700000315.5,631,112.45500000000001,0.04999999999999716,112.43,553.6,112.48,359.2,4974.5,2841.3,112.48,5.0,BUY,2,112.43,553.6,112.42,220.2,112.41,223.6,112.4,1497.4,112.39,2479.7,112.48,359.2,112.49,521.0,112.5,843.4,112.51,994.2,112.52,123.5
1700000316.0,632,112.45500000000001,0.04999999999999716,112.43,19.1,112.48,269.1,4274.6,3160.3,112.48,19.7,BUY,2,112.43,19.1,112.42,625.0,112.41,663.2,112.4,1976.1,112.39,991.2,112.48,269.1,112.49,1206.3,112.5,510.3,112.51,49.4,112.52,1125.2
1700000316.5,633,107.815,0.04999999999999716,107.79,35.1,107.84,534.0,3995.7000000000003,2952.3,107.84,28.2,BUY,2,107.79,35.1,107.78,533.3,107.77,18.2,107.76,1018.8,107.75,2390.3,107.84,534.0,107.85,366.3,107.86,1537.5,107.87,482.1,107.88,32.4
1700000317.0,634,107.82,0.05999999999998806,107.79,1312.4,107.85,1335.2,5987.5,4975.7,107.79,100.7,SELL,1,107.79,1312.4,107.78,1057.3,107.77,1745.0,107.76,304.6,107.75,1568.2,107.85,1335.2,107.86,963.3,107.87,609.0,107.88,326.9,107.89,1741.3
1700000317.5,635,107.82,0.04000000000000625,107.8,151.8,107.84,583.6,3401.5,2052.0,107.8,83.1,SELL,4,107.8,151.8,107.79,409.5,107.78,386.5,107.77,1138.3,107.76,1315.4,107.84,583.6,107.85,851.8,107.86,422.1,107.87,77.8,107.88,116.7
1700000318.0,636,107.8,0.060000000000002274,107.77,592.4,107.83,351.0,7981.3,3968.1,107.83,5.1,BUY,1,107.77,592.4,107.76,2963.2,107.75,420.0,107.74,766.9,107.73,3238.8,107.83,351.0,107.84,609.5,107.85,2250.9,107.86,385.7,107.87,371.0
1700000318.5,637,107.79499999999999,0.04999999999999716,107.77,121.7,107.82,1383.9,5878.5,7735.700000000001,107.77,199.4,SELL,1,107.77,121.7,107.76,303.2,107.75,339.8,107.74,714.3,107.73,4399.5,107.82,1383.9,107.83,80.5,107.84,2685.7,107.85,10.0,107.86,3575.6
1700000319.0,638,107.8,0.060000000000002274,107.77,27.8,107.83,189.9,5647.4,7078.8,107.83,5.8,BUY,3,107.77,27.8,107.76,28.9,107.75,831.0,107.74,2101.1,107.73,2658.6,107.83,189.9,107.84,308.2,107.85,1736.7,107.86,1672.3,107.87,3171.7
1700000319.5,639,107.79499999999999,0.04999999999999716,107.77,1101.1,107.82,248.0,2594.6,3206.3999999999996,107.79499999999999,0.0,BUY,0,107.77,1101.1,107.76,64.3,107.75,272.3,107.74,735.3,107.73,421.6,107.82,248.0,107.83,1989.2,107.84,318.4,107.85,411.1,107.86,239.7
1700000320.0,640,107.79499999999999,0.04999999999999716,107.77,410.6,107.82,1235.6,2911.5,6013.6,107.79499999999999,0.0,BUY,0,107.77,410.6,107.76,230.7,107.75,719.8,107.74,1044.9,107.73,505.5,107.82,1235.6,107.83,1505.4,107.84,912.5,107.85,2350.1,107.86,10.0
1700000320.5,641,107.78999999999999,0.04000000000000625,107.77,919.2,107.81,451.2,4562.8,2358.2000000000003,107.77,31.5,SELL,1,107.77,919.2,107.76,361.8,107.75,847.5,107.74,1660.9,107.73,773.4,107.81,451.2,107.82,465.0,107.83,1053.8,107.84,246.3,107.85,141.9
1700000321.0,642,107.8,0.060000000000002274,107.77,427.0,107.83,175.6,3346.0,5494.5,107.77,44.2,SELL,4,107.77,427.0,107.76,468.1,107.75,1299.1,107.74,119.3,107.73,1032.5,107.83,175.6,107.84,1578.5,107.85,1383.7,107.86,50.3,107.87,2306.4
1700000321.5,643,107.8,0.060000000000002274,107.77,223.0,107.83,260.3,4086.0,2110.5,107.83,114.9,BUY,1,107.77,223.0,107.76,1625.6,107.75,10.0,107.74,59.3,107.73,2168.1,107.83,260.3,107.84,364.3,107.85,86.0,107.86,907.5,107.87,492.4
1700000322.0,644,107.81,0.060000000000002274,107.78,112.2,107.84,1489.9,4278.099999999999,5911.2,107.78,86.2,SELL,2,107.78,112.2,107.77,930.4,107.76,390.7,107.75,2353.9,107.74,490.9,107.84,1489.9,107.85,96.8,107.86,304.4,107.87,2151.9,107.88,1868.2
1700000322.5,645,107.81,0.060000000000002274,107.78,980.6,107.84,526.8,3465.3999999999996,3038.3,107.84,37.4,BUY,1,107.78,980.6,107.77,610.0,107.76,794.8,107.75,1013.4,107.74,66.6,107.84,526.8,107.85,180.7,107.86,1673.9,107.87,346.9,107.88,310.0
1700000323.0,646,107.81,0.060000000000002274,107.78,117.9,107.84,39.5,7388.0,2304.5,107.78,31.1,SELL,4,107.78,117.9,107.77,635.4,107.76,4109.4,107.75,1402.8,107.74,1122.5,107.84,39.5,107.85,45.9,107.86,404.3,107.87,663.2,107.88,1151.6
1700000323.5,647,107.8,0.060000000000002274,107.77,2805.0,107.83,1833.7,4810.400000000001,5514.0,107.83,5.0,BUY,1,107.77,2805.0,107.76,462.7,107.75,150.8,107.74,919.1,107.73,472.8,107.83,1833.7,107.84,972.1,107.85,687.4,107.86,617.1,107.87,1403.7
1700000324.0,648,107.8,0.060000000000002274,107.77,1079.0,107.83,40.1,6214.400000000001,4723.7,107.8,0.0,BUY,0,107.77,1079.0,107.76,1942.9,107.75,522.0,107.74,2069.9,107.73,600.6,107.83,40.1,107.84,398.7,107.85,767.8,107.86,2853.6,107.87,663.5
1700000324.5,649,107.8,0.060000000000002274,107.77,304.6,107.83,458.9,4499.099999999999,4839.700000000001,107.83,49.4,BUY,1,107.77,304.6,107.76,611.5,107.75,1911.1,107.74,1198.1,107.73,473.8,107.83,458.9,107.84,899.4,107.85,380.2,107.86,423.4,107.87,2677.8
1700000325.0,650,107.81,0.03999999999999204,107.79,289.1,107.83,127.1,7038.4,4162.200000000001,107.83,22.7,BUY,1,107.79,289.1,107.78,812.5,107.77,4180.3,107.76,577.6,107.75,1178.9,107.83,127.1,107.84,425.2,107.85,1412.7,107.86,1144.8,107.87,1052.4
1700000325.5,651,107.81,0.060000000000002274,107.78,915.7,107.84,307.1,3980.7999999999997,3840.6,107.84,18.4,BUY,3,107.78,915.7,107.77,835.4,107.76,624.6,107.75,23.2,107.74,1581.9,107.84,307.1,107.85,1108.1,107.86,218.9,107.87,743.1,107.88,1463.4
1700000326.0,652,107.81,0.060000000000002274,107.78,48.8,107.84,244.6,3418.0,941.8,107.78,80.7,SELL,2,107.78,48.8,107.77,93.7,107.76,1125.5,107.75,546.8,107.74,1603.2,107.84,244.6,107.85,210.4,107.86,52.7,107.87,314.7,107.88,119.4
1700000326.5,653,107.81,0.060000000000002274,107.78,750.9,107.84,793.4,5930.7,4069.8,107.78,8.3,SELL,3,107.78,750.9,107.77,27.3,107.76,342.3,107.75,1766.6,107.74,3043.6,107.84,793.4,107.85,1382.5,107.86,1364.1,107.87,117.9,107.88,411.9
1700000327.0,654,107.815,0.04999999999999716,107.79,430.7,107.84,513.1,9488.699999999999,2600.9000000000005,107.79,18.5,SELL,1,107.79,430.7,107.78,51.9,107.77,5146.9,107.76,3664.4,107.75,194.8,107.84,513.1,107.85,349.8,107.86,124.8,107.87,1118.4,107.88,494.8
1700000327.5,655,107.81,0.03999999999999204,107.79,161.9,107.83,547.4,7781.1,7317.1,107.83,157.7,BUY,2,107.79,161.9,107.78,904.1,107.77,4692.8,107.76,469.5,107.75,1552.8,107.83,547.4,107.84,230.7,107.85,350.1,107.86,565.6,107.87,5623.3
1700000328.0,656,107.81,0.060000000000002274,107.78,89.3,107.84,82.2,1768.8,1227.7,107.78,21.1,SELL,2,107.78,89.3,107.77,429.3,107.76,354.9,107.75,862.3,107.74,33.0,107.84,82.2,107.85,370.8,107.86,203.3,107.87,126.7,107.88,444.7
1700000328.5,657,107.81,0.03999999999999204,107.79,351.2,107.83,65.6,3286.7999999999997,4201.700000000001,107.83,12.7,BUY,3,107.79,351.2,107.78,50.9,107.77,1133.3,107.76,483.4,107.75,1268.0,107.83,65.6,107.84,1339.0,107.85,122.0,107.86,1416.2,107.87,1258.9
1700000329.0,658,104.33,0.060000000000002274,104.3,520.6,104.36,477.3,3967.9,1435.6,104.3,97.8,SELL,3,104.3,520.6,104.29,11.4,104.28,615.3,104.27,711.2,104.26,2109.4,104.36,477.3,104.37,43.2,104.38,258.6,104.39,507.7,104.4,148.8
1700000329.5,659,104.33,0.060000000000002274,104.3,375.3,104.36,69.5,903.6999999999999,4972.8,104.3,34.0,SELL,1,104.3,375.3,104.29,29.7,104.28,331.8,104.27,60.3,104.26,106.6,104.36,69.5,104.37,171.0,104.38,92.3,104.39,824.1,104.4,3815.9
1700000330.0,660,104.33,0.03999999999999204,104.31,334.4,104.35,346.8,1891.0,2547.7,104.33,0.0,BUY,0,104.31,334.4,104.3,390.9,104.29,646.3,104.28,219.7,104.27,299.7,104.35,346.8,104.36,927.5,104.37,615.1,104.38,272.6,104.39,385.7
1700000330.5,661,104.315,0.04999999999999716,104.29,826.2,104.34,282.5,3224.0,4637.4,104.315,0.0,BUY,0,104.29,826.2,104.28,270.6,104.27,1672.8,104.26,419.2,104.25,35.2,104.34,282.5,104.35,661.8,104.36,450.5,104.37,1533.9,104.38,1708.7
1700000331.0,662,104.33,0.060000000000002274,104.3,432.9,104.36,1481.6,3075.4,3572.6,104.3,19.0,SELL,3,104.3,432.9,104.29,135.3,104.28,1129.0,104.27,927.2,104.26,451.0,104.36,1481.6,104.37,570.5,104.38,1192.1,104.39,238.3,104.4,90.1
1700000331.5,663,104.35,0.060000000000002274,104.32,1367.3,104.38,672.6,3582.9,2550.6,104.38,5.0,BUY,3,104.32,1367.3,104.31,618.3,104.3,275.7,104.29,1161.2,104.28,160.4,104.38,672.6,104.39,287.9,104.4,1168.1,104.41,82.8,104.42,339.2
1700000332.0,664,104.35,0.060000000000002274,104.32,457.0,104.38,1736.4,3415.8999999999996,6660.5,104.38,5.0,BUY,2,104.32,457.0,104.31,1084.0,104.3,448.8,104.29,772.3,104.28,653.8,104.38,1736.4,104.39,10.0,104.4,1126.0,104.41,2386.5,104.42,1401.6
1700000332.5,665,104.36,0.060000000000002274,104.33,1110.6,104.39,715.4,4805.0,2102.3,104.39,29.6,BUY,3,104.33,1110.6,104.32,1724.7,104.31,733.1,104.3,436.6,104.29,800.0,104.39,715.4,104.4,245.1,104.41,689.4,104.42,146.0,104.43,306.4
1700000333.0,666,104.36,0.060000000000002274,104.33,1170.8,104.39,1650.5,2941.3999999999996,4285.9,104.39,80.6,BUY,1,104.33,1170.8,104.32,356.8,104.31,271.7,104.3,606.9,104.29,535.2,104.39,1650.5,104.4,173.0,104.41,711.7,104.42,207.2,104.43,1543.5
1700000333.5,667,104.37,0.060000000000002274,104.34,1551.5,104.4,478.8,8558.300000000001,2500.1,104.4,16.4,BUY,3,104.34,1551.5,104.33,899.0,104.32,1479.3,104.31,2476.4,104.3,2152.1,104.4,478.8,104.41,373.5,104.42,89.8,104.43,310.0,104.44,1248.0
1700000334.0,668,104.36,0.060000000000002274,104.33,275.9,104.39,969.2,2140.1,5513.700000000001,104.33,37.9,SELL,4,104.33,275.9,104.32,22.1,104.31,51.0,104.3,155.2,104.29,1635.9,104.39,969.2,104.4,656.2,104.41,1336.7,104.42,658.4,104.43,1893.2
1700000334.5,669,104.36,0.060000000000002274,104.33,163.4,104.39,196.9,2674.5,2981.0,104.33,14.4,SELL,1,104.33,163.4,104.32,732.5,104.31,501.9,104.3,824.9,104.29,451.8,104.39,196.9,104.4,1094.7,104.41,409.5,104.42,255.1,104.43,1024.8
1700000335.0,670,104.36,0.060000000000002274,104.33,192.1,104.39,1302.8,2854.9,5360.799999999999,104.39,18.8,BUY,2,104.33,192.1,104.32,67.5,104.31,46.1,104.3,1319.0,104.29,1230.2,104.39,1302.8,104.4,1521.4,104.41,1673.1,104.42,719.6,104.43,143.9
1700000335.5,671,104.38,0.060000000000002274,104.35,913.3,104.41,12.5,3886.2000000000003,1619.6999999999998,104.41,89.8,BUY,4,104.35,913.3,104.34,625.0,104.33,782.0,104.32,666.0,104.31,899.9,104.41,12.5,104.42,76.9,104.43,748.4,104.44,360.4,104.45,421.5
1700000336.0,672,104.39,0.060000000000002274,104.36,106.0,104.42,139.2,2872.8,6746.7,104.42,9.0,BUY,2,104.36,106.0,104.35,449.1,104.34,346.4,104.33,18.5,104.32,1952.8,104.42,139.2,104.43,2545.6,104.44,2520.0,104.45,1237.1,104.46,304.8
1700000336.5,673,104.37,0.060000000000002274,104.34,178.8,104.4,72.6,7552.8,1302.0,104.37,0.0,BUY,0,104.34,178.8,104.33,596.4,104.32,817.2,104.31,3988.2,104.3,1972.2,104.4,72.6,104.41,288.3,104.42,380.6,104.43,53.8,104.44,506.7
1700000337.0,674,104.37,0.060000000000002274,104.34,882.3,104.4,308.2,3438.2999999999997,6136.9,104.34,19.7,SELL,1,104.34,882.3,104.33,1805.6,104.32,24.1,104.31,475.8,104.3,250.5,104.4,308.2,104.41,364.7,104.42,4539.3,104.43,386.3,104.44,538.4
1700000337.5,675,104.38,0.060000000000002274,104.35,236.7,104.41,388.1,9388.900000000001,3534.4,104.35,10.4,SELL,1,104.35,236.7,104.34,3483.1,104.33,2405.3,104.32,2028.3,104.31,1235.5,104.41,388.1,104.42,243.4,104.43,1178.8,104.44,401.0,104.45,1323.1
1700000338.0,676,104.38,0.060000000000002274,104.35,105.5,104.41,99.4,2827.9,4558.8,104.35,79.6,SELL,2,104.35,105.5,104.34,1375.8,104.33,736.3,104.32,356.8,104.31,253.5,104.41,99.4,104.42,220.1,104.43,326.1,104.44,671.4,104.45,3241.8
1700000338.5,677,104.38,0.060000000000002274,104.35,1285.8,104.41,476.8,2277.0,6591.1,104.41,46.5,BUY,1,104.35,1285.8,104.34,460.6,104.33,197.7,104.32,178.2,104.31,154.7,104.41,476.8,104.42,2046.8,104.43,411.5,104.44,1465.5,104.45,2190.5
1700000339.0,678,104.38,0.060000000000002274,104.35,827.1,104.41,48.2,1780.5,1677.1000000000001,104.38,0.0,BUY,0,104.35,827.1,104.34,244.2,104.33,418.6,104.32,10.0,104.31,280.6,104.41,48.2,104.42,57.1,104.43,286.3,104.44,232.3,104.45,1053.2
1700000339.5,679,104.37,0.060000000000002274,104.34,318.2,104.4,1276.6,4726.1,10556.199999999999,104.4,23.3,BUY,3,104.34,318.2,104.33,561.9,104.32,108.6,104.31,660.8,104.3,3076.6,104.4,1276.6,104.41,2135.6,104.42,6809.2,104.43,83.0,104.44,251.8
1700000340.0,680,104.37,0.060000000000002274,104.34,289.0,104.4,264.0,4109.2,5067.4,104.34,17.4,SELL,1,104.34,289.0,104.33,373.2,104.32,1511.0,104.31,616.2,104.3,1319.8,104.4,264.0,104.41,108.5,104.42,1394.5,104.43,527.4,104.44,2773.0
1700000340.5,681,104.36,0.060000000000002274,104.33,741.2,104.39,711.3,6595.199999999999,4790.0,104.36,0.0,BUY,0,104.33,741.2,104.32,37.8,104.31,808.1,104.3,3710.7,104.29,1297.4,104.39,711.3,104.4,726.9,104.41,2160.3,104.42,10.0,104.43,1181.5
1700000341.0,682,104.37,0.060000000000002274,104.34,187.4,104.4,278.1,5737.9,3154.8999999999996,104.34,44.5,SELL,1,104.34,187.4,104.33,913.1,104.32,1120.8,104.31,2078.7,104.3,1437.9,104.4,278.1,104.41,381.6,104.42,1080.7,104.43,1025.3,104.44,389.2
1700000341.5,683,110.24,0.060000000000002274,110.21,209.8,110.27,452.7,3963.8999999999996,4791.299999999999,110.21,51.3,SELL,1,110.21,209.8,110.2,720.5,110.19,1963.9,110.18,250.9,110.17,818.8,110.27,452.7,110.28,2457.8,110.29,872.6,110.3,936.3,110.31,71.9
1700000342.0,684,110.25,0.060000000000002274,110.22,241.2,110.28,238.3,3134.1,3801.1,110.28,38.1,BUY,2,110.22,241.2,110.21,884.1,110.2,1817.3,110.19,75.8,110.18,115.7,110.28,238.3,110.29,172.7,110.3,426.1,110.31,1178.1,110.32,1785.9
1700000342.5,685,110.25,0.060000000000002274,110.22,646.8,110.28,76.0,3872.6000000000004,5234.0,110.22,5.0,SELL,2,110.22,646.8,110.21,367.3,110.2,1488.0,110.19,878.7,110.18,491.8,110.28,76.0,110.29,746.0,110.3,1402.3,110.31,2560.1,110.32,449.6
1700000343.0,686,110.25,0.060000000000002274,110.22,1040.1,110.28,938.0,6640.699999999999,4163.5,110.22,12.0,SELL,1,110.22,1040.1,110.21,1405.1,110.2,1182.7,110.19,1146.9,110.18,1865.9,110.28,938.0,110.29,331.8,110.3,133.9,110.31,235.1,110.32,2524.7
1700000343.5,687,110.25,0.060000000000002274,110.22,1831.5,110.28,29.1,4012.6,3709.7,110.22,5.0,SELL,2,110.22,1831.5,110.21,128.4,110.2,1043.4,110.19,118.2,110.18,891.1,110.28,29.1,110.29,1030.4,110.3,52.9,110.31,1271.6,110.32,1325.7
1700000344.0,688,110.26,0.060000000000002274,110.23,390.0,110.29,460.5,3706.8999999999996,4271.3,110.26,0.0,BUY,0,110.23,390.0,110.22,849.0,110.21,386.4,110.2,1032.8,110.19,1048.7,110.29,460.5,110.3,213.2,110.31,95.6,110.32,161.6,110.33,3340.4
1700000344.5,689,110.27,0.060000000000002274,110.24,414.8,110.3,1099.4,5763.9,3727.3,110.24,193.5,SELL,1,110.24,414.8,110.23,1490.3,110.22,1580.3,110.21,733.9,110.2,1544.6,110.3,1099.4,110.31,10.7,110.32,721.7,110.33,1369.7,110.34,525.8
1700000345.0,690,110.26,0.060000000000002274,110.23,651.1,110.29,94.0,6700.9,3181.9,110.23,23.8,SELL,1,110.23,651.1,110.22,707.9,110.21,1590.7,110.2,592.4,110.19,3158.8,110.29,94.0,110.3,41.9,110.31,314.6,110.32,2178.3,110.33,553.1
1700000345.5,691,110.26,0.060000000000002274,110.23,291.0,110.29,432.4,3325.0,1689.0,110.23,21.8,SELL,3,110.23,291.0,110.22,1043.4,110.21,102.1,110.2,1277.2,110.19,611.3,110.29,432.4,110.3,658.4,110.31,303.2,110.32,223.3,110.33,71.7
1700000346.0,692,110.26,0.060000000000002274,110.23,394.3,110.29,1071.9,10799.7,2854.1000000000004,110.29,108.3,BUY,3,110.23,394.3,110.22,689.3,110.21,1565.3,110.2,2983.0,110.19,5167.8,110.29,1071.9,110.3,17.4,110.31,58.3,110.32,497.0,110.33,1209.5
1700000346.5,693,110.25,0.03999999999999204,110.23,481.2,110.27,83.1,1620.1999999999998,2350.9,110.23,43.7,SELL,2,110.23,481.2,110.22,232.7,110.21,68.4,110.2,827.9,110.19,10.0,110.27,83.1,110.28,49.6,110.29,13.4,110.3,528.2,110.31,1676.6
1700000347.0,694,105.48,0.060000000000002274,105.45,220.5,105.51,108.7,3022.5,7984.900000000001,105.51,89.3,BUY,1,105.45,220.5,105.44,1409.1,105.43,390.3,105.42,10.0,105.41,992.6,105.51,108.7,105.52,166.5,105.53,933.7,105.54,814.4,105.55,5961.6
1700000347.5,695,105.48,0.060000000000002274,105.45,420.5,105.51,839.8,3187.1,6017.3,105.51,5.0,BUY,2,105.45,420.5,105.44,927.5,105.43,951.2,105.42,121.3,105.41,766.6,105.51,839.8,105.52,939.7,105.53,1345.9,105.54,1831.1,105.55,1060.8
1700000348.0,696,105.48,0.060000000000002274,105.45,293.0,105.51,1440.5,4808.0,3904.0,105.51,47.7,BUY,5,105.45,293.0,105.44,997.6,105.43,1200.5,105.42,1473.9,105.41,843.0,105.51,1440.5,105.52,779.5,105.53,107.0,105.54,647.7,105.55,929.3
1700000348.5,697,105.48,0.060000000000002274,105.45,85.7,105.51,455.9,3694.4999999999995,4374.0,105.45,12.6,SELL,3,105.45,85.7,105.44,2701.1,105.43,312.6,105.42,256.1,105.41,339.0,105.51,455.9,105.52,340.6,105.53,1100.9,105.54,474.4,105.55,2002.2
1700000349.0,698,105.49,0.060000000000002274,105.46,30.0,105.52,70.3,4777.4,3962.1000000000004,105.49,0.0,BUY,0,105.46,30.0,105.45,634.3,105.44,527.3,105.43,2517.5,105.42,1068.3,105.52,70.3,105.53,235.6,105.54,81.4,105.55,1363.9,105.56,2210.9
1700000349.5,699,105.48,0.060000000000002274,105.45,217.6,105.51,623.0,3001.2999999999997,4299.7,105.51,44.5,BUY,1,105.45,217.6,105.44,1454.9,105.43,234.6,105.42,400.7,105.41,693.5,105.51,623.0,105.52,892.7,105.53,197.0,105.54,1187.5,105.55,1399.5
1700000350.0,700,105.48,0.060000000000002274,105.45,1615.0,105.51,649.7,3005.7,4550.3,105.45,9.6,SELL,1,105.45,1615.0,105.44,294.0,105.43,33.5,105.42,573.2,105.41,490.0,105.51,649.7,105.52,318.3,105.53,1391.3,105.54,1475.2,105.55,715.8
1700000350.5,701,105.49,0.060000000000002274,105.46,252.4,105.52,10.0,2240.9,1547.1999999999998,105.46,14.9,SELL,1,105.46,252.4,105.45,195.8,105.44,1555.7,105.43,10.0,105.42,227.0,105.52,10.0,105.53,124.8,105.54,936.8,105.55,278.6,105.56,197.0
1700000351.0,702,105.49000000000001,0.04000000000000625,105.47,840.7,105.51,22.8,6405.400000000001,4280.5,105.49000000000001,0.0,BUY,0,105.47,840.7,105.46,741.7,105.45,1177.6,105.44,3242.1,105.43,403.3,105.51,22.8,105.52,1535.6,105.53,1564.8,105.54,812.5,105.55,344.8
1700000351.5,703,108.33,0.060000000000002274,108.3,149.7,108.36,799.3,1667.5,3862.9,108.36,50.1,BUY,2,108.3,149.7,108.29,276.6,108.28,1029.3,108.27,42.2,108.26,169.7,108.36,799.3,108.37,2568.9,108.38,19.0,108.39,238.8,108.4,236.9
1700000352.0,704,108.33,0.060000000000002274,108.3,1393.9,108.36,175.4,6314.0,8442.2,108.3,46.6,SELL,1,108.3,1393.9,108.29,1680.9,108.28,217.4,108.27,1224.7,108.26,1797.1,108.36,175.4,108.37,347.3,108.38,3821.0,108.39,4071.5,108.4,27.0
1700000352.5,705,108.33,0.060000000000002274,108.3,2286.9,108.36,287.5,5758.500000000001,5909.7,108.36,27.6,BUY,2,108.3,2286.9,108.29,477.3,108.28,1418.0,108.27,444.6,108.26,1131.7,108.36,287.5,108.37,17.7,108.38,525.1,108.39,4587.9,108.4,491.5
1700000353.0,706,108.34,0.060000000000002274,108.31,248.9,108.37,214.4,6529.1,4536.0,108.31,5.0,SELL,2,108.31,248.9,108.3,4839.0,108.29,1044.6,108.28,361.1,108.27,35.5,108.37,214.4,108.38,343.9,108.39,753.6,108.4,2423.4,108.41,800.7
1700000353.5,707,108.34,0.060000000000002274,108.31,1179.1,108.37,68.3,4748.2,6440.1,108.34,0.0,BUY,0,108.31,1179.1,108.3,68.4,108.29,618.4,108.28,1401.0,108.27,1481.3,108.37,68.3,108.38,253.0,108.39,447.1,108.4,3655.2,108.41,2016.5
1700000354.0,708,108.34,0.060000000000002274,108.31,1495.6,108.37,1169.9,5172.5,5106.5,108.34,0.0,BUY,0,108.31,1495.6,108.3,485.6,108.29,1168.8,108.28,1428.8,108.27,593.7,108.37,1169.9,108.38,1053.6,108.39,144.8,108.4,1470.3,108.41,1267.9
1700000354.5,709,108.33,0.060000000000002274,108.3,718.4,108.36,704.2,5119.200000000001,3042.8,108.33,0.0,BUY,0,108.3,718.4,108.29,91.0,108.28,994.0,108.27,1483.2,108.26,1832.6,108.36,704.2,108.37,1481.2,108.38,344.5,108.39,62.8,108.4,450.1
1700000355.0,710,108.33,0.060000000000002274,108.3,672.7,108.36,137.8,2095.5000000000005,2557.6,108.3,38.5,SELL,1,108.3,672.7,108.29,463.1,108.28,731.9,108.27,25.7,108.26,202.1,108.36,137.8,108.37,410.0,108.38,268.3,108.39,276.2,108.4,1465.3
1700000355.5,711,108.33,0.060000000000002274,108.3,24.1,108.36,240.3,3500.6,3104.5,108.3,21.8,SELL,1,108.3,24.1,108.29,493.4,108.28,918.8,108.27,1554.4,108.26,509.9,108.36,240.3,108.37,1803.8,108.38,536.6,108.39,315.3,108.4,208.5
1700000356.0,712,108.32,0.04000000000000625,108.3,58.6,108.34,1141.9,2483.7000000000003,2608.4,108.32,0.0,BUY,0,108.3,58.6,108.29,28.1,108.28,548.7,108.27,1043.7,108.26,804.6,108.34,1141.9,108.35,256.9,108.36,10.0,108.37,343.5,108.38,856.1
1700000356.5,713,108.33,0.060000000000002274,108.3,262.3,108.36,484.5,4332.9,5339.700000000001,108.33,0.0,BUY,0,108.3,262.3,108.29,478.6,108.28,335.2,108.27,1805.8,108.26,1451.0,108.36,484.5,108.37,875.2,108.38,2066.6,108.39,1399.8,108.4,513.6
1700000357.0,714,108.34,0.060000000000002274,108.31,760.6,108.37,750.1,2082.0,4382.7,108.31,26.2,SELL,2,108.31,760.6,108.3,156.4,108.29,706.6,108.28,448.4,108.27,10.0,108.37,750.1,108.38,947.0,108.39,494.0,108.4,608.5,108.41,1583.1
1700000357.5,715,108.34,0.060000000000002274,108.31,1491.6,108.37,195.9,2887.7,5823.6,108.37,107.2,BUY,2,108.31,1491.6,108.3,391.6,108.29,50.4,108.28,684.6,108.27,269.5,108.37,195.9,108.38,800.0,108.39,1744.3,108.4,77.0,108.41,3006.4
1700000358.0,716,108.34,0.060000000000002274,108.31,177.5,108.37,804.9,2586.1,5917.5,108.37,22.6,BUY,1,108.31,177.5,108.3,568.4,108.29,299.9,108.28,1107.7,108.27,432.6,108.37,804.9,108.38,111.9,108.39,1046.2,108.4,1942.3,108.41,2012.2
1700000358.5,717,108.35,0.060000000000002274,108.32,553.7,108.38,322.3,9074.699999999999,4131.5,108.35,0.0,BUY,0,108.32,553.7,108.31,143.3,108.3,4992.4,108.29,2838.0,108.28,547.3,108.38,322.3,108.39,304.7,108.4,2188.6,108.41,877.5,108.42,438.4
1700000359.0,718,108.35,0.060000000000002274,108.32,374.6,108.38,10.0,4294.6,697.3000000000001,108.32,10.4,SELL,2,108.32,374.6,108.31,1572.2,108.3,962.9,108.29,590.2,108.28,794.7,108.38,10.0,108.39,63.7,108.4,152.6,108.41,307.9,108.42,163.1
1700000359.5,719,108.35,0.060000000000002274,108.32,89.3,108.38,500.9,2107.8,3057.9,108.38,45.2,BUY,1,108.32,89.3,108.31,338.0,108.3,67.8,108.29,840.3,108.28,772.4,108.38,500.9,108.39,1642.5,108.4,303.3,108.41,399.2,108.42,212.0
1700000360.0,720,108.35,0.060000000000002274,108.32,54.1,108.38,34.5,1749.3000000000002,1322.8000000000002,108.35,0.0,BUY,0,108.32,54.1,108.31,546.7,108.3,255.3,108.29,438.8,108.28,454.4,108.38,34.5,108.39,560.7,108.4,247.7,108.41,163.6,108.42,316.3
1700000360.5,721,108.35,0.060000000000002274,108.32,315.7,108.38,2164.5,4152.5,7764.6,108.35,0.0,BUY,0,108.32,315.7,108.31,257.3,108.3,2158.3,108.29,22.0,108.28,1399.2,108.38,2164.5,108.39,3160.5,108.4,1522.5,108.41,415.3,108.42,501.8
1700000361.0,722,108.34,0.060000000000002274,108.31,679.5,108.37,1126.7,5118.5,6444.4,108.31,62.0,SELL,4,108.31,679.5,108.3,173.4,108.29,108.7,108.28,1595.8,108.27,2561.1,108.37,1126.7,108.38,514.6,108.39,2567.6,108.4,1780.1,108.41,455.4
1700000361.5,723,108.35,0.04000000000000625,108.33,297.1,108.37,334.5,5639.7,1139.2,108.33,38.9,SELL,2,108.33,297.1,108.32,378.4,108.31,1299.7,108.3,2305.0,108.29,1359.5,108.37,334.5,108.38,225.2,108.39,322.5,108.4,247.0,108.41,10.0
1700000362.0,724,108.35,0.060000000000002274,108.32,2282.8,108.38,327.2,7830.900000000001,4024.5,108.32,9.1,SELL,2,108.32,2282.8,108.31,838.5,108.3,672.4,108.29,2701.9,108.28,1335.3,108.38,327.2,108.39,1830.9,108.4,372.3,108.41,758.8,108.42,735.3
1700000362.5,725,109.34,0.060000000000002274,109.31,36.6,109.37,794.1,2069.2999999999997,4668.700000000001,109.34,0.0,BUY,0,109.31,36.6,109.3,1048.8,109.29,459.8,109.28,219.0,109.27,305.1,109.37,794.1,109.38,359.2,109.39,1255.7,109.4,43.9,109.41,2215.8
1700000363.0,726,109.35,0.060000000000002274,109.32,727.9,109.38,95.3,4604.299999999999,5799.9,109.38,95.3,BUY,1,109.32,727.9,109.31,697.3,109.3,819.7,109.29,2221.7,109.28,137.7,109.38,95.3,109.39,246.4,109.4,209.1,109.41,2768.9,109.42,2480.2
1700000363.5,727,109.36,0.060000000000002274,109.33,173.5,109.39,1209.1,5109.8,3537.5999999999995,109.39,5.0,BUY,2,109.33,173.5,109.32,2680.5,109.31,658.1,109.3,1440.5,109.29,157.2,109.39,1209.1,109.4,431.6,109.41,188.6,109.42,837.0,109.43,871.3
1700000364.0,728,109.37,0.060000000000002274,109.34,203.3,109.4,616.1,3242.7,4148.6,109.34,126.5,SELL,1,109.34,203.3,109.33,643.4,109.32,1671.5,109.31,501.4,109.3,223.1,109.4,616.1,109.41,586.8,109.42,878.6,109.43,766.9,109.44,1300.2
1700000364.5,729,109.39,0.03999999999999204,109.37,533.2,109.41,265.9,2868.4,1790.1000000000001,109.41,78.7,BUY,2,109.37,533.2,109.36,76.5,109.35,263.8,109.34,1539.5,109.33,455.4,109.41,265.9,109.42,351.3,109.43,454.7,109.44,677.3,109.45,40.9
1700000365.0,730,109.38,0.04000000000000625,109.36,30.1,109.4,27.4,4120.5,3833.5000000000005,109.36,27.3,SELL,1,109.36,30.1,109.35,143.7,109.34,884.9,109.33,1916.9,109.32,1144.9,109.4,27.4,109.41,2224.3,109.42,650.6,109.43,263.8,109.44,667.4
1700000365.5,731,109.38,0.060000000000002274,109.35,214.1,109.41,330.6,2278.3,2847.1,109.41,15.8,BUY,2,109.35,214.1,109.34,357.5,109.33,590.4,109.32,784.8,109.31,331.5,109.41,330.6,109.42,1292.2,109.43,975.1,109.44,34.5,109.45,214.7
1700000366.0,732,109.38,0.060000000000002274,109.35,638.8,109.41,368.6,2882.8999999999996,2140.9,109.35,71.9,SELL,3,109.35,638.8,109.34,167.3,109.33,727.8,109.32,73.6,109.31,1275.4,109.41,368.6,109.42,260.5,109.43,418.2,109.44,845.0,109.45,248.6
1700000366.5,733,109.38,0.060000000000002274,109.35,125.6,109.41,549.1,1188.2,3907.0,109.35,19.2,SELL,2,109.35,125.6,109.34,720.5,109.33,128.0,109.32,153.7,109.31,60.4,109.41,549.1,109.42,804.5,109.43,406.4,109.44,77.5,109.45,2069.5
1700000367.0,734,109.38,0.060000000000002274,109.35,449.6,109.41,853.9,3214.5,4019.0,109.38,0.0,BUY,0,109.35,449.6,109.34,728.2,109.33,209.8,109.32,805.9,109.31,1021.0,109.41,853.9,109.42,144.7,109.43,329.8,109.44,1955.1,109.45,735.5
1700000367.5,735,109.37,0.060000000000002274,109.34,645.2,109.4,67.4,4633.6,2896.1000000000004,109.34,7.9,SELL,1,109.34,645.2,109.33,738.1,109.32,10.0,109.31,1271.7,109.3,1968.6,109.4,67.4,109.41,142.2,109.42,605.8,109.43,1332.4,109.44,748.3
1700000368.0,736,109.37,0.060000000000002274,109.34,203.0,109.4,204.8,5155.8,4002.5,109.4,28.2,BUY,2,109.34,203.0,109.33,1773.2,109.32,1200.2,109.31,495.5,109.3,1483.9,109.4,204.8,109.41,633.9,109.42,619.0,109.43,1185.1,109.44,1359.7
1700000368.5,737,109.37,0.060000000000002274,109.34,77.9,109.4,197.8,2369.0,2782.3,109.34,22.0,SELL,1,109.34,77.9,109.33,828.5,109.32,661.7,109.31,174.3,109.3,626.6,109.4,197.8,109.41,1115.9,109.42,765.9,109.43,292.4,109.44,410.3
1700000369.0,738,109.38,0.04000000000000625,109.36,105.3,109.4,292.1,2883.3999999999996,1661.6,109.36,20.1,SELL,1,109.36,105.3,109.35,1148.0,109.34,969.4,109.33,125.2,109.32,535.5,109.4,292.1,109.41,126.2,109.42,569.6,109.43,405.8,109.44,267.9
1700000369.5,739,109.38,0.060000000000002274,109.35,191.5,109.41,1235.6,4048.7999999999997,4539.3,109.35,50.8,SELL,1,109.35,191.5,109.34,836.9,109.33,1542.3,109.32,716.5,109.31,761.6,109.41,1235.6,109.42,319.2,109.43,934.5,109.44,1638.3,109.45,411.7
1700000370.0,740,109.37,0.060000000000002274,109.34,225.3,109.4,10.0,2481.1,2208.8,109.34,19.9,SELL,1,109.34,225.3,109.33,689.1,109.32,143.1,109.31,1293.5,109.3,130.1,109.4,10.0,109.41,1003.5,109.42,692.5,109.43,217.9,109.44,284.9
1700000370.5,741,109.37,0.060000000000002274,109.34,44.8,109.4,1390.9,1163.8999999999999,5710.7,109.4,69.1,BUY,5,109.34,44.8,109.33,16.4,109.32,824.4,109.31,251.5,109.3,26.8,109.4,1390.9,109.41,1072.6,109.42,10.0,109.43,2209.0,109.44,1028.2
1700000371.0,742,109.37,0.060000000000002274,109.34,71.3,109.4,458.7,3723.2999999999997,7073.5,109.4,5.0,BUY,2,109.34,71.3,109.33,545.4,109.32,418.3,109.31,2577.6,109.3,110.7,109.4,458.7,109.41,623.4,109.42,3042.5,109.43,1758.5,109.44,1190.4
1700000371.5,743,109.79499999999999,0.04999999999999716,109.77,1386.1,109.82,850.4,4919.299999999999,2888.2,109.77,40.3,SELL,2,109.77,1386.1,109.76,163.5,109.75,678.6,109.74,1578.0,109.73,1113.1,109.82,850.4,109.83,809.3,109.84,424.4,109.85,500.0,109.86,304.1
1700000372.0,744,109.79499999999999,0.04999999999999716,109.77,193.9,109.82,30.1,4237.1,3927.5,109.82,57.7,BUY,3,109.77,193.9,109.76,1903.6,109.75,658.8,109.74,322.7,109.73,1158.1,109.82,30.1,109.83,169.4,109.84,910.1,109.85,1730.1,109.86,1087.8
1700000372.5,745,109.78,0.060000000000002274,109.75,550.0,109.81,138.4,4919.1,1934.8999999999996,109.78,0.0,BUY,0,109.75,550.0,109.74,770.6,109.73,315.0,109.72,581.4,109.71,2702.1,109.81,138.4,109.82,316.4,109.83,709.4,109.84,120.1,109.85,650.6
1700000373.0,746,109.77,0.060000000000002274,109.74,15.3,109.8,41.8,4520.4,1557.1,109.8,55.5,BUY,2,109.74,15.3,109.73,977.6,109.72,1342.4,109.71,1417.7,109.7,767.4,109.8,41.8,109.81,204.9,109.82,205.8,109.83,348.0,109.84,756.6
1700000373.5,747,109.78,0.060000000000002274,109.75,402.0,109.81,145.4,3322.7,5485.8,109.81,68.2,BUY,5,109.75,402.0,109.74,1515.0,109.73,821.3,109.72,314.7,109.71,269.7,109.81,145.4,109.82,153.5,109.83,2147.1,109.84,1036.5,109.85,2003.3
1700000374.0,748,109.77,0.060000000000002274,109.74,1056.8,109.8,284.7,4294.0,4873.6,109.74,67.6,SELL,4,109.74,1056.8,109.73,63.3,109.72,1366.5,109.71,1392.1,109.7,415.3,109.8,284.7,109.81,61.1,109.82,3323.2,109.83,532.8,109.84,671.8
1700000374.5,749,109.78,0.03999999999999204,109.76,134.3,109.8,70.7,5343.8,1857.7,109.78,0.0,BUY,0,109.76,134.3,109.75,397.9,109.74,1275.8,109.73,1116.4,109.72,2419.4,109.8,70.7,109.81,970.7,109.82,122.2,109.83,50.1,109.84,644.0
1700000375.0,750,109.78,0.060000000000002274,109.75,940.9,109.81,792.5,11002.2,2612.6,109.78,0.0,BUY,0,109.75,940.9,109.74,1338.7,109.73,3411.9,109.72,5033.6,109.71,277.1,109.81,792.5,109.82,275.1,109.83,412.1,109.84,389.4,109.85,743.5
1700000375.5,751,109.77,0.060000000000002274,109.74,429.6,109.8,227.1,5412.200000000001,2925.3999999999996,109.8,6.9,BUY,2,109.74,429.6,109.73,1765.7,109.72,788.5,109.71,963.0,109.7,1465.4,109.8,227.1,109.81,17.8,109.82,498.8,109.83,1933.5,109.84,248.2
1700000376.0,752,109.76,0.060000000000002274,109.73,80.2,109.79,527.9,2989.2,6748.500000000001,109.76,0.0,BUY,0,109.73,80.2,109.72,849.4,109.71,150.2,109.7,18.1,109.69,1891.3,109.79,527.9,109.8,610.6,109.81,1008.8,109.82,4280.6,109.83,320.6
1700000376.5,753,109.75,0.03999999999999204,109.73,455.4,109.77,42.8,3879.8999999999996,3528.6000000000004,109.75,0.0,BUY,0,109.73,455.4,109.72,982.7,109.71,599.4,109.7,1672.2,109.69,170.2,109.77,42.8,109.78,495.0,109.79,432.6,109.8,2110.4,109.81,447.8
1700000377.0,754,109.76,0.060000000000002274,109.73,585.4,109.79,260.1,1868.3999999999999,2764.8,109.79,31.2,BUY,1,109.73,585.4,109.72,706.2,109.71,415.8,109.7,67.9,109.69,93.1,109.79,260.1,109.8,365.8,109.81,741.7,109.82,1250.4,109.83,146.8
1700000377.5,755,109.75,0.060000000000002274,109.72,15.4,109.78,271.2,2304.5,3391.7,109.72,135.2,SELL,1,109.72,15.4,109.71,818.7,109.7,318.6,109.69,535.9,109.68,615.9,109.78,271.2,109.79,233.4,109.8,435.2,109.81,244.0,109.82,2207.9
1700000378.0,756,109.75,0.060000000000002274,109.72,255.2,109.78,1181.2,4542.7,2160.2000000000003,109.72,5.2,SELL,2,109.72,255.2,109.71,487.0,109.7,822.2,109.69,91.6,109.68,2886.7,109.78,1181.2,109.79,461.1,109.8,156.1,109.81,249.2,109.82,112.6
1700000378.5,757,109.74000000000001,0.04000000000000625,109.72,1441.3,109.76,914.6,4816.7,4148.6,109.72,85.5,SELL,2,109.72,1441.3,109.71,458.7,109.7,293.1,109.69,2017.3,109.68,606.3,109.76,914.6,109.77,186.7,109.78,2054.0,109.79,515.2,109.8,478.1
1700000379.0,758,109.74,0.060000000000002274,109.71,1105.3,109.77,282.5,4041.4999999999995,1624.1,109.77,12.9,BUY,1,109.71,1105.3,109.7,1120.6,109.69,1001.7,109.68,46.0,109.67,767.9,109.77,282.5,109.78,73.0,109.79,166.3,109.8,398.1,109.81,704.2
1700000379.5,759,109.75,0.060000000000002274,109.72,121.8,109.78,481.0,4098.2,3682.5,109.78,35.4,BUY,2,109.72,121.8,109.71,345.2,109.7,2413.3,109.69,19.6,109.68,1198.3,109.78,481.0,109.79,625.5,109.8,245.2,109.81,2023.1,109.82,307.7
1700000380.0,760,109.75,0.060000000000002274,109.72,1431.9,109.78,77.1,10574.400000000001,1096.9,109.75,0.0,BUY,0,109.72,1431.9,109.71,1025.7,109.7,3341.2,109.69,1148.4,109.68,3627.2,109.78,77.1,109.79,16.3,109.8,617.7,109.81,304.5,109.82,81.3
1700000380.5,761,109.75,0.060000000000002274,109.72,317.3,109.78,371.2,6658.3,4801.5,109.75,0.0,BUY,0,109.72,317.3,109.71,1761.1,109.7,1951.7,109.69,260.4,109.68,2367.8,109.78,371.2,109.79,32.4,109.8,680.5,109.81,3299.4,109.82,418.0
1700000381.0,762,109.74,0.060000000000002274,109.71,47.6,109.77,733.1,7617.2,3090.2,109.71,217.7,SELL,1,109.71,47.6,109.7,2427.3,109.69,2007.3,109.68,895.7,109.67,2239.3,109.77,733.1,109.78,339.3,109.79,34.5,109.8,306.8,109.81,1676.5
1700000381.5,763,109.75,0.060000000000002274,109.72,1436.9,109.78,647.2,3169.9,6096.3,109.72,13.6,SELL,2,109.72,1436.9,109.71,658.2,109.7,814.0,109.69,235.6,109.68,25.2,109.78,647.2,109.79,369.1,109.8,17.3,109.81,4392.4,109.82,670.3
1700000382.0,764,109.74,0.060000000000002274,109.71,335.8,109.77,386.2,2571.4,3981.4,109.77,38.0,BUY,3,109.71,335.8,109.7,85.3,109.69,1784.4,109.68,14.4,109.67,351.5,109.77,386.2,109.78,126.6,109.79,1130.4,109.8,891.6,109.81,1446.6
1700000382.5,765,109.74000000000001,0.04000000000000625,109.72,198.4,109.76,66.1,3976.3,6417.7,109.72,5.6,SELL,3,109.72,198.4,109.71,65.5,109.7,2132.0,109.69,233.8,109.68,1346.6,109.76,66.1,109.77,54.4,109.78,772.8,109.79,312.0,109.8,5212.4
1700000383.0,766,109.75,0.03999999999999204,109.73,24.7,109.77,640.4,1318.0,3130.7000000000003,109.73,44.1,SELL,2,109.73,24.7,109.72,282.4,109.71,552.8,109.7,352.7,109.69,105.4,109.77,640.4,109.78,1078.9,109.79,590.5,109.8,293.9,109.81,527.0
1700000383.5,767,109.75,0.03999999999999204,109.73,160.5,109.77,255.2,3327.5,3494.1000000000004,109.77,64.8,BUY,3,109.73,160.5,109.72,1234.5,109.71,468.3,109.7,539.6,109.69,924.6,109.77,255.2,109.78,268.1,109.79,766.2,109.8,552.2,109.81,1652.4
1700000384.0,768,109.75,0.060000000000002274,109.72,140.7,109.78,417.5,1217.5,3936.7,109.72,41.3,SELL,2,109.72,140.7,109.71,245.5,109.7,251.7,109.69,105.2,109.68,474.4,109.78,417.5,109.79,285.8,109.8,1016.9,109.81,1878.6,109.82,337.9
1700000384.5,769,109.74,0.060000000000002274,109.71,89.6,109.77,243.0,2656.5,2255.5,109.71,5.0,SELL,2,109.71,89.6,109.7,791.7,109.69,55.0,109.68,717.9,109.67,1002.3,109.77,243.0,109.78,379.6,109.79,281.5,109.8,308.0,109.81,1043.4
1700000385.0,770,109.74,0.060000000000002274,109.71,314.5,109.77,20.6,2537.9,2066.7,109.77,14.6,BUY,3,109.71,314.5,109.7,483.1,109.69,328.3,109.68,137.8,109.67,1274.2,109.77,20.6,109.78,567.3,109.79,100.3,109.8,288.0,109.81,1090.5
1700000385.5,771,109.75,0.060000000000002274,109.72,1235.0,109.78,230.8,5716.5,3987.4,109.78,31.0,BUY,1,109.72,1235.0,109.71,29.0,109.7,191.0,109.69,355.8,109.68,3905.7,109.78,230.8,109.79,145.8,109.8,529.2,109.81,2302.1,109.82,779.5
1700000386.0,772,109.75,0.060000000000002274,109.72,453.9,109.78,906.8,1262.2,5270.2,109.78,30.0,BUY,1,109.72,453.9,109.71,402.8,109.7,234.4,109.69,10.0,109.68,161.1,109.78,906.8,109.79,729.8,109.8,1906.6,109.81,376.0,109.82,1351.0
1700000386.5,773,109.76,0.060000000000002274,109.73,1006.0,109.79,1372.4,8594.2,3905.9000000000005,109.73,5.0,SELL,1,109.73,1006.0,109.72,1114.3,109.71,523.7,109.7,3085.7,109.69,2864.5,109.79,1372.4,109.8,220.7,109.81,57.7,109.82,330.9,109.83,1924.2
1700000387.0,774,109.75,0.060000000000002274,109.72,82.0,109.78,902.7,980.1,2716.6,109.72,69.6,SELL,3,109.72,82.0,109.71,17.6,109.7,136.4,109.69,688.5,109.68,55.6,109.78,902.7,109.79,45.1,109.8,556.2,109.81,682.1,109.82,530.5
1700000387.5,775,109.75,0.060000000000002274,109.72,124.4,109.78,303.2,1988.0,4354.3,109.75,0.0,BUY,0,109.72,124.4,109.71,154.8,109.7,1233.0,109.69,212.0,109.68,263.8,109.78,303.2,109.79,531.5,109.8,327.1,109.81,105.7,109.82,3086.8
1700000388.0,776,105.42,0.060000000000002274,105.39,321.6,105.45,613.5,4793.3,4791.5,105.45,24.1,BUY,3,105.39,321.6,105.38,784.0,105.37,1372.5,105.36,2018.5,105.35,296.7,105.45,613.5,105.46,823.2,105.47,277.4,105.48,1609.4,105.49,1468.0
1700000388.5,777,105.41,0.060000000000002274,105.38,906.4,105.44,31.7,3901.0999999999995,3747.5,105.44,5.0,BUY,4,105.38,906.4,105.37,925.3,105.36,1127.0,105.35,659.2,105.34,283.2,105.44,31.7,105.45,852.8,105.46,291.6,105.47,1511.9,105.48,1059.5
1700000389.0,778,105.41,0.060000000000002274,105.38,13.9,105.44,65.6,1518.7,2347.3999999999996,105.44,8.9,BUY,1,105.38,13.9,105.37,34.2,105.36,60.5,105.35,583.0,105.34,827.1,105.44,65.6,105.45,462.9,105.46,148.9,105.47,1434.8,105.48,235.2
1700000389.5,779,105.4,0.04000000000000625,105.38,132.1,105.42,205.8,3557.2,8031.8,105.38,69.4,SELL,1,105.38,132.1,105.37,568.8,105.36,1556.5,105.35,933.6,105.34,366.2,105.42,205.8,105.43,46.4,105.44,41.8,105.45,6030.1,105.46,1707.7
1700000390.0,780,105.39,0.060000000000002274,105.36,616.6,105.42,374.2,5209.299999999999,8930.0,105.36,97.4,SELL,2,105.36,616.6,105.35,385.9,105.34,1313.8,105.33,2081.6,105.32,811.4,105.42,374.2,105.43,2278.5,105.44,2296.8,105.45,931.6,105.46,3048.9
1700000390.5,781,105.39,0.060000000000002274,105.36,1934.7,105.42,38.2,3279.9,2317.7,105.39,0.0,BUY,0,105.36,1934.7,105.35,378.8,105.34,598.6,105.33,185.8,105.32,182.0,105.42,38.2,105.43,393.1,105.44,1020.2,105.45,68.9,105.46,797.3
1700000391.0,782,105.405,0.05000000000001137,105.38,296.5,105.43,220.7,1340.1999999999998,4311.1,105.405,0.0,BUY,0,105.38,296.5,105.37,24.7,105.36,393.8,105.35,219.8,105.34,405.4,105.43,220.7,105.44,1163.7,105.45,523.9,105.46,1111.4,105.47,1291.4
1700000391.5,783,105.4,0.04000000000000625,105.38,413.3,105.42,604.8,3995.1000000000004,5507.299999999999,105.4,0.0,BUY,0,105.38,413.3,105.37,1214.2,105.36,692.6,105.35,733.2,105.34,941.8,105.42,604.8,105.43,376.7,105.44,123.2,105.45,4282.7,105.46,119.9
1700000392.0,784,105.405,0.05000000000001137,105.38,619.9,105.43,2696.4,2972.3999999999996,5834.0,105.405,0.0,BUY,0,105.38,619.9,105.37,117.6,105.36,178.0,105.35,621.1,105.34,1435.8,105.43,2696.4,105.44,465.5,105.45,761.0,105.46,407.3,105.47,1503.8
1700000392.5,785,105.4,0.060000000000002274,105.37,96.5,105.43,10.9,3504.2,4619.5,105.43,54.7,BUY,2,105.37,96.5,105.36,2344.2,105.35,10.0,105.34,120.1,105.33,933.4,105.43,10.9,105.44,324.5,105.45,1554.5,105.46,1671.8,105.47,1057.8
1700000393.0,786,105.405,0.05000000000001137,105.38,26.0,105.43,1150.7,3458.8,3482.0000000000005,105.405,0.0,BUY,0,105.38,26.0,105.37,597.5,105.36,1962.8,105.35,778.7,105.34,93.8,105.43,1150.7,105.44,460.1,105.45,151.4,105.46,885.2,105.47,834.6
1700000393.5,787,105.41,0.04000000000000625,105.39,1721.4,105.43,72.7,4331.8,3748.3,105.41,0.0,BUY,0,105.39,1721.4,105.38,34.1,105.37,167.4,105.36,1983.3,105.35,425.6,105.43,72.7,105.44,1856.9,105.45,903.3,105.46,599.1,105.47,316.3
1700000394.0,788,105.41,0.060000000000002274,105.38,203.4,105.44,23.2,4769.0,485.09999999999997,105.38,45.2,SELL,4,105.38,203.4,105.37,968.0,105.36,2456.8,105.35,1005.4,105.34,135.4,105.44,23.2,105.45,92.6,105.46,43.8,105.47,193.8,105.48,131.7
1700000394.5,789,105.41,0.060000000000002274,105.38,31.8,105.44,273.4,3606.2000000000003,1427.9,105.44,19.2,BUY,2,105.38,31.8,105.37,493.7,105.36,1794.3,105.35,904.9,105.34,381.5,105.44,273.4,105.45,664.7,105.46,10.0,105.47,64.7,105.48,415.1
1700000395.0,790,105.4,0.060000000000002274,105.37,1706.7,105.43,747.5,5768.799999999999,3007.4,105.37,21.8,SELL,3,105.37,1706.7,105.36,265.7,105.35,121.5,105.34,1961.3,105.33,1713.6,105.43,747.5,105.44,839.9,105.45,297.7,105.46,254.3,105.47,868.0
1700000395.5,791,105.4,0.060000000000002274,105.37,79.8,105.43,791.5,4188.5,9976.4,105.43,6.3,BUY,2,105.37,79.8,105.36,566.4,105.35,2079.4,105.34,22.5,105.33,1440.4,105.43,791.5,105.44,1268.2,105.45,62.4,105.46,4399.4,105.47,3454.9
1700000396.0,792,105.42,0.03999999999999204,105.4,585.5,105.44,29.8,6211.7,2525.2000000000003,105.42,0.0,BUY,0,105.4,585.5,105.39,1034.0,105.38,308.8,105.37,1306.4,105.36,2977.0,105.44,29.8,105.45,43.8,105.46,581.3,105.47,1503.5,105.48,366.8
1700000396.5,793,105.42,0.060000000000002274,105.39,273.6,105.45,237.0,2413.2999999999997,1898.5,105.39,55.1,SELL,4,105.39,273.6,105.38,1168.1,105.37,143.8,105.36,220.2,105.35,607.6,105.45,237.0,105.46,159.6,105.47,457.1,105.48,650.7,105.49,394.1
1700000397.0,794,105.42,0.03999999999999204,105.4,411.4,105.44,99.1,1494.3000000000002,5528.7,105.44,24.1,BUY,1,105.4,411.4,105.39,430.8,105.38,180.2,105.37,439.4,105.36,32.5,105.44,99.1,105.45,1052.8,105.46,409.0,105.47,2260.5,105.48,1707.3
1700000397.5,795,105.42,0.03999999999999204,105.4,765.1,105.44,400.9,7217.799999999999,1845.7,105.44,47.1,BUY,2,105.4,765.1,105.39,1799.9,105.38,1664.4,105.37,310.8,105.36,2677.6,105.44,400.9,105.45,95.1,105.46,68.5,105.47,213.8,105.48,1067.4
1700000398.0,796,105.42,0.060000000000002274,105.39,1458.2,105.45,245.1,4182.3,3037.5,105.39,56.1,SELL,1,105.39,1458.2,105.38,140.8,105.37,964.0,105.36,535.6,105.35,1083.7,105.45,245.1,105.46,433.2,105.47,195.5,105.48,1013.5,105.49,1150.2
1700000398.5,797,105.405,0.05000000000001137,105.38,583.6,105.43,464.2,2593.1,2885.7,105.405,0.0,BUY,0,105.38,583.6,105.37,178.2,105.36,1009.5,105.35,50.1,105.34,771.7,105.43,464.2,105.44,115.5,105.45,1134.6,105.46,207.6,105.47,963.8
1700000399.0,798,105.405,0.05000000000001137,105.38,42.3,105.43,238.6,2258.8,1943.1000000000001,105.38,44.8,SELL,1,105.38,42.3,105.37,383.0,105.36,1158.4,105.35,163.5,105.34,511.6,105.43,238.6,105.44,533.7,105.45,224.0,105.46,594.5,105.47,352.3
1700000399.5,799,105.405,0.05000000000001137,105.38,139.6,105.43,230.6,2281.5,3254.8,105.405,0.0,BUY,0,105.38,139.6,105.37,432.2,105.36,787.5,105.35,738.8,105.34,183.4,105.43,230.6,105.44,380.4,105.45,1945.5,105.46,427.4,105.47,270.9
1700000400.0,800,105.4,0.060000000000002274,105.37,618.6,105.43,659.3,2229.1,5881.000000000001,105.43,27.3,BUY,2,105.37,618.6,105.36,10.0,105.35,572.8,105.34,147.8,105.33,879.9,105.43,659.3,105.44,1451.5,105.45,1355.8,105.46,2273.6,105.47,140.8
1700000400.5,801,105.41,0.060000000000002274,105.38,157.0,105.44,10.0,4835.9,2831.6000000000004,105.38,75.6,SELL,2,105.38,157.0,105.37,553.9,105.36,2144.9,105.35,1057.6,105.34,922.5,105.44,10.0,105.45,682.2,105.46,316.0,105.47,313.2,105.48,1510.2
1700000401.0,802,105.405,0.05000000000001137,105.38,632.4,105.43,149.3,1345.1,4377.7,105.38,115.8,SELL,2,105.38,632.4,105.37,334.5,105.36,51.8,105.35,243.0,105.34,83.4,105.43,149.3,105.44,255.9,105.45,2652.8,105.46,679.8,105.47,639.9
1700000401.5,803,105.405,0.05000000000001137,105.38,1099.5,105.43,32.3,5576.1,5228.300000000001,105.38,38.0,SELL,3,105.38,1099.5,105.37,911.5,105.36,354.8,105.35,2367.5,105.34,842.8,105.43,32.3,105.44,1738.9,105.45,1130.9,105.46,1368.1,105.47,958.1
1700000402.0,804,105.405,0.05000000000001137,105.38,131.3,105.43,22.5,4822.4,4622.4,105.43,5.9,BUY,2,105.38,131.3,105.37,2517.8,105.36,862.0,105.35,1250.4,105.34,60.9,105.43,22.5,105.44,661.6,105.45,1921.6,105.46,1328.2,105.47,688.5
1700000402.5,805,105.41,0.060000000000002274,105.38,1036.7,105.44,254.6,6745.700000000001,3160.5,105.44,9.3,BUY,1,105.38,1036.7,105.37,3149.4,105.36,1478.1,105.35,43.4,105.34,1038.1,105.44,254.6,105.45,970.6,105.46,608.9,105.47,123.9,105.48,1202.5
1700000403.0,806,105.41,0.060000000000002274,105.38,362.0,105.44,193.3,4386.0,3448.4,105.38,30.8,SELL,2,105.38,362.0,105.37,983.3,105.36,1286.2,105.35,320.2,105.34,1434.3,105.44,193.3,105.45,1886.9,105.46,205.2,105.47,297.1,105.48,865.9
1700000403.5,807,105.42,0.060000000000002274,105.39,601.2,105.45,106.7,4483.1,957.8,105.42,0.0,BUY,0,105.39,601.2,105.38,10.3,105.37,1229.7,105.36,1764.2,105.35,877.7,105.45,106.7,105.46,131.6,105.47,391.0,105.48,122.9,105.49,205.6
1700000404.0,808,105.435,0.04999999999999716,105.41,1562.1,105.46,19.6,7294.099999999999,4341.0,105.41,50.0,SELL,3,105.41,1562.1,105.4,2239.0,105.39,626.9,105.38,468.9,105.37,2397.2,105.46,19.6,105.47,1504.7,105.48,1895.2,105.49,780.8,105.5,140.7
1700000404.5,809,105.435,0.04999999999999716,105.41,496.5,105.46,673.5,3039.9,4014.8,105.46,77.6,BUY,3,105.41,496.5,105.4,308.8,105.39,630.2,105.38,1348.1,105.37,256.3,105.46,673.5,105.47,1764.3,105.48,715.3,105.49,175.4,105.5,686.3
1700000405.0,810,105.44,0.060000000000002274,105.41,40.8,105.47,48.0,2707.8,1952.5,105.47,5.0,BUY,2,105.41,40.8,105.4,332.2,105.39,509.4,105.38,839.5,105.37,985.9,105.47,48.0,105.48,98.0,105.49,558.4,105.5,904.5,105.51,343.6
1700000405.5,811,105.45,0.060000000000002274,105.42,1315.4,105.48,919.5,4771.1,6533.2,105.48,63.2,BUY,2,105.42,1315.4,105.41,804.0,105.4,876.7,105.39,498.5,105.38,1276.5,105.48,919.5,105.49,640.8,105.5,1045.5,105.51,3386.5,105.52,540.9
1700000406.0,812,105.45500000000001,0.04999999999999716,105.43,1218.5,105.48,751.7,5890.1,5824.6,105.48,91.7,BUY,3,105.43,1218.5,105.42,896.8,105.41,2327.3,105.4,1020.0,105.39,427.5,105.48,751.7,105.49,30.7,105.5,488.3,105.51,688.2,105.52,3865.7
1700000406.5,813,105.45500000000001,0.04999999999999716,105.43,94.2,105.48,1141.1,1865.6000000000001,2998.7,105.45500000000001,0.0,BUY,0,105.43,94.2,105.42,131.8,105.41,50.2,105.4,1536.2,105.39,53.2,105.48,1141.1,105.49,215.0,105.5,527.3,105.51,29.7,105.52,1085.6
1700000407.0,814,105.47,0.060000000000002274,105.44,10.0,105.5,775.1,1096.6999999999998,6335.6,105.5,36.3,BUY,3,105.44,10.0,105.43,765.4,105.42,83.9,105.41,107.9,105.4,129.5,105.5,775.1,105.51,740.1,105.52,73.5,105.53,3323.4,105.54,1423.5
1700000407.5,815,101.19,0.060000000000002274,101.16,1376.7,101.22,627.8,6060.1,1588.1999999999998,101.16,5.0,SELL,2,101.16,1376.7,101.15,947.0,101.14,1078.3,101.13,1607.1,101.12,1051.0,101.22,627.8,101.23,232.6,101.24,651.3,101.25,10.0,101.26,66.5
1700000408.0,816,101.2,0.03999999999999204,101.18,229.1,101.22,206.0,3588.2999999999997,3761.5,101.18,11.5,SELL,2,101.18,229.1,101.17,936.1,101.16,1726.5,101.15,282.7,101.14,413.9,101.22,206.0,101.23,655.1,101.24,532.1,101.25,234.3,101.26,2134.0
1700000408.5,817,101.20500000000001,0.04999999999999716,101.18,93.8,101.23,273.5,7588.1,3818.2999999999997,101.20500000000001,0.0,BUY,0,101.18,93.8,101.17,47.4,101.16,3339.9,101.15,3718.4,101.14,388.6,101.23,273.5,101.24,560.1,101.25,345.3,101.26,1021.8,101.27,1617.6
1700000409.0,818,101.21000000000001,0.04000000000000625,101.19,206.8,101.23,590.4,2615.7999999999997,2409.3,101.23,5.7,BUY,3,101.19,206.8,101.18,1358.3,101.17,390.6,101.16,109.0,101.15,551.1,101.23,590.4,101.24,118.6,101.25,1146.4,101.26,241.3,101.27,312.6
1700000409.5,819,101.21000000000001,0.04000000000000625,101.19,119.4,101.23,399.1,1717.5,3290.0,101.21000000000001,0.0,BUY,0,101.19,119.4,101.18,287.7,101.17,447.9,101.16,750.0,101.15,112.5,101.23,399.1,101.24,620.8,101.25,346.0,101.26,1469.8,101.27,454.3
1700000410.0,820,101.21000000000001,0.04000000000000625,101.19,92.3,101.23,86.8,2504.1,1750.8,101.23,51.4,BUY,1,101.19,92.3,101.18,474.4,101.17,547.1,101.16,505.5,101.15,884.8,101.23,86.8,101.24,186.3,101.25,882.9,101.26,286.6,101.27,308.2
1700000410.5,821,101.20500000000001,0.04999999999999716,101.18,12.6,101.23,300.9,1091.6000000000001,6061.2,101.18,20.9,SELL,2,101.18,12.6,101.17,463.0,101.16,244.0,101.15,140.3,101.14,231.7,101.23,300.9,101.24,350.5,101.25,697.6,101.26,2146.2,101.27,2566.0
1700000411.0,822,101.20500000000001,0.04999999999999716,101.18,567.9,101.23,159.4,2450.4,11054.5,101.23,15.0,BUY,1,101.18,567.9,101.17,10.0,101.16,377.4,101.15,1184.2,101.14,310.9,101.23,159.4,101.24,187.0,101.25,320.4,101.26,3399.6,101.27,6988.1
1700000411.5,823,101.22,0.060000000000002274,101.19,309.8,101.25,154.9,2301.6,3557.5,101.22,0.0,BUY,0,101.19,309.8,101.18,440.4,101.17,183.9,101.16,782.4,101.15,585.1,101.25,154.9,101.26,593.4,101.27,80.0,101.28,2137.2,101.29,592.0
1700000412.0,824,101.24,0.060000000000002274,101.21,82.7,101.27,34.8,1609.0,4031.1000000000004,101.24,0.0,BUY,0,101.21,82.7,101.2,480.9,101.19,369.4,101.18,45.4,101.17,630.6,101.27,34.8,101.28,2231.1,101.29,774.2,101.3,470.9,101.31,520.1
1700000412.5,825,101.24,0.060000000000002274,101.21,154.8,101.27,720.4,2648.7000000000003,5359.4,101.27,17.2,BUY,1,101.21,154.8,101.2,622.6,101.19,1228.4,101.18,172.3,101.17,470.6,101.27,720.4,101.28,1099.2,101.29,1142.8,101.3,2091.7,101.31,305.3
1700000413.0,826,101.25,0.060000000000002274,101.22,382.1,101.28,97.9,3597.5,3855.7,101.28,15.8,BUY,2,101.22,382.1,101.21,459.2,101.2,995.1,101.19,1057.8,101.18,703.3,101.28,97.9,101.29,586.2,101.3,2669.3,101.31,114.2,101.32,388.1
1700000413.5,827,101.26,0.060000000000002274,101.23,687.4,101.29,981.4,3889.2,3776.2,101.29,140.1,BUY,2,101.23,687.4,101.22,77.0,101.21,587.2,101.2,861.5,101.19,1676.1,101.29,981.4,101.3,647.3,101.31,230.1,101.32,428.2,101.33,1489.2
1700000414.0,828,101.26,0.060000000000002274,101.23,201.8,101.29,69.8,2476.6,7191.2,101.29,70.4,BUY,4,101.23,201.8,101.22,641.6,101.21,153.8,101.2,1112.7,101.19,366.7,101.29,69.8,101.3,413.2,101.31,1343.3,101.32,3762.4,101.33,1602.5
1700000414.5,829,101.26,0.060000000000002274,101.23,47.9,101.29,922.8,2273.4,4082.5,101.23,10.7,SELL,4,101.23,47.9,101.22,52.2,101.21,677.7,101.2,278.5,101.19,1217.1,101.29,922.8,101.3,98.9,101.31,1893.4,101.32,736.2,101.33,431.2
1700000415.0,830,101.26,0.060000000000002274,101.23,10.0,101.29,645.9,1886.5,5989.8,101.23,45.2,SELL,3,101.23,10.0,101.22,162.1,101.21,308.7,101.2,253.1,101.19,1152.6,101.29,645.9,101.3,1136.9,101.31,2304.3,101.32,1494.5,101.33,408.2
1700000415.5,831,101.25,0.03999999999999204,101.23,361.2,101.27,238.1,1572.6,2353.8,101.23,81.5,SELL,2,101.23,361.2,101.22,171.9,101.21,293.4,101.2,168.8,101.19,577.3,101.27,238.1,101.28,248.8,101.29,62.4,101.3,258.3,101.31,1546.2
1700000416.0,832,101.24,0.060000000000002274,101.21,2519.0,101.27,325.3,14191.4,931.9000000000001,101.21,21.6,SELL,2,101.21,2519.0,101.2,504.8,101.19,2749.4,101.18,6937.4,101.17,1480.8,101.27,325.3,101.28,10.0,101.29,455.1,101.3,68.8,101.31,72.7
1700000416.5,833,101.23,0.060000000000002274,101.2,1136.3,101.26,1985.0,2107.0,5087.5,101.26,29.4,BUY,1,101.2,1136.3,101.19,122.8,101.18,81.7,101.17,552.8,101.16,213.4,101.26,1985.0,101.27,385.6,101.28,938.6,101.29,1459.5,101.3,318.8
1700000417.0,834,101.22,0.060000000000002274,101.19,1774.5,101.25,15.8,7578.7,1445.1999999999998,101.19,9.6,SELL,3,101.19,1774.5,101.18,1294.2,101.17,2038.3,101.16,1435.9,101.15,1035.8,101.25,15.8,101.26,701.2,101.27,138.5,101.28,409.6,101.29,180.1
1700000417.5,835,101.22,0.060000000000002274,101.19,853.1,101.25,860.1,4596.0,3357.7,101.25,33.6,BUY,2,101.19,853.1,101.18,373.6,101.17,2748.1,101.16,71.8,101.15,549.4,101.25,860.1,101.26,232.8,101.27,163.3,101.28,423.3,101.29,1678.2
1700000418.0,836,101.22,0.060000000000002274,101.19,227.7,101.25,31.2,2153.6000000000004,4886.9,101.25,7.7,BUY,1,101.19,227.7,101.18,659.5,101.17,819.6,101.16,149.3,101.15,297.5,101.25,31.2,101.26,645.4,101.27,588.8,101.28,773.8,101.29,2847.7
1700000418.5,837,101.22,0.060000000000002274,101.19,245.4,101.25,26.6,2923.7000000000003,2301.6,101.19,5.0,SELL,1,101.19,245.4,101.18,338.4,101.17,1250.7,101.16,703.9,101.15,385.3,101.25,26.6,101.26,1226.8,101.27,223.6,101.28,10.0,101.29,814.6
1700000419.0,838,101.20500000000001,0.04999999999999716,101.18,206.9,101.23,129.9,3411.5000000000005,5629.3,101.23,31.3,BUY,1,101.18,206.9,101.17,347.4,101.16,2238.3,101.15,17.9,101.14,601.0,101.23,129.9,101.24,1095.4,101.25,3363.5,101.26,141.6,101.27,898.9
1700000419.5,839,101.2,0.060000000000002274,101.17,195.8,101.23,325.2,3056.1,5950.1,101.2,0.0,BUY,0,101.17,195.8,101.16,584.2,101.15,923.7,101.14,439.4,101.13,913.0,101.23,325.2,101.24,1796.0,101.25,1027.3,101.26,806.7,101.27,1994.9
1700000420.0,840,105.44,0.03999999999999204,105.42,300.5,105.46,26.5,3571.2,6018.400000000001,105.42,5.0,SELL,4,105.42,300.5,105.41,196.3,105.4,2088.7,105.39,715.1,105.38,270.6,105.46,26.5,105.47,186.0,105.48,16.3,105.49,171.5,105.5,5618.1
1700000420.5,841,105.435,0.04999999999999716,105.41,135.1,105.46,286.3,4648.1,2818.2,105.41,72.4,SELL,1,105.41,135.1,105.4,531.1,105.39,163.2,105.38,3591.8,105.37,226.9,105.46,286.3,105.47,452.7,105.48,744.8,105.49,795.3,105.5,539.1
1700000421.0,842,105.42,0.060000000000002274,105.39,2515.6,105.45,119.2,3418.0,2260.5,105.45,51.5,BUY,1,105.39,2515.6,105.38,206.8,105.37,148.0,105.36,314.6,105.35,233.0,105.45,119.2,105.46,371.8,105.47,310.1,105.48,641.1,105.49,818.3
1700000421.5,843,105.42,0.060000000000002274,105.39,295.7,105.45,472.7,6138.4,3165.9,105.42,0.0,BUY,0,105.39,295.7,105.38,1487.6,105.37,1050.2,105.36,1458.2,105.35,1846.7,105.45,472.7,105.46,997.3,105.47,1078.4,105.48,182.8,105.49,434.7
1700000422.0,844,105.435,0.04999999999999716,105.41,176.8,105.46,986.7,1944.6999999999998,4090.5,105.435,0.0,BUY,0,105.41,176.8,105.4,70.9,105.39,644.3,105.38,593.8,105.37,458.9,105.46,986.7,105.47,123.6,105.48,10.0,105.49,1065.4,105.5,1904.8
1700000422.5,845,105.42,0.060000000000002274,105.39,1400.7,105.45,303.0,4944.200000000001,2282.9999999999995,105.39,195.2,SELL,5,105.39,1400.7,105.38,643.6,105.37,251.6,105.36,785.2,105.35,1863.1,105.45,303.0,105.46,996.5,105.47,836.7,105.48,91.7,105.49,55.1
1700000423.0,846,105.42,0.060000000000002274,105.39,592.8,105.45,478.5,4921.6,4818.9,105.39,7.3,SELL,2,105.39,592.8,105.38,44.9,105.37,475.5,105.36,331.0,105.35,3477.4,105.45,478.5,105.46,1748.5,105.47,310.8,105.48,931.0,105.49,1350.1
1700000423.5,847,105.42,0.060000000000002274,105.39,184.4,105.45,417.3,6195.299999999999,3206.6000000000004,105.39,192.2,SELL,1,105.39,184.4,105.38,699.1,105.37,1348.1,105.36,1337.6,105.35,2626.1,105.45,417.3,105.46,1624.5,105.47,193.1,105.48,676.2,105.49,295.5
1700000424.0,848,105.42,0.060000000000002274,105.39,122.5,105.45,443.6,2519.5,6337.099999999999,105.42,0.0,BUY,0,105.39,122.5,105.38,169.3,105.37,970.6,105.36,899.3,105.35,357.8,105.45,443.6,105.46,1646.1,105.47,2373.5,105.48,1452.6,105.49,421.3
1700000424.5,849,105.435,0.04999999999999716,105.41,182.4,105.46,501.5,1441.8999999999999,3133.0,105.435,0.0,BUY,0,105.41,182.4,105.4,84.3,105.39,50.7,105.38,40.7,105.37,1083.8,105.46,501.5,105.47,304.7,105.48,650.3,105.49,10.0,105.5,1666.5
1700000425.0,850,105.42,0.060000000000002274,105.39,923.0,105.45,1983.5,5924.7,4359.8,105.39,80.4,SELL,3,105.39,923.0,105.38,982.1,105.37,1650.0,105.36,384.9,105.35,1984.7,105.45,1983.5,105.46,604.5,105.47,701.8,105.48,1046.8,105.49,23.2
1700000425.5,851,105.41,0.060000000000002274,105.38,65.0,105.44,144.7,2765.2,2288.3999999999996,105.41,0.0,BUY,0,105.38,65.0,105.37,978.9,105.36,453.3,105.35,1101.8,105.34,166.2,105.44,144.7,105.45,271.2,105.46,302.2,105.47,1196.8,105.48,373.5
1700000426.0,852,105.42,0.060000000000002274,105.39,478.9,105.45,1907.6,3944.4,4792.6,105.45,8.4,BUY,2,105.39,478.9,105.38,59.6,105.37,1353.4,105.36,794.9,105.35,1257.6,105.45,1907.6,105.46,184.3,105.47,1058.1,105.48,375.8,105.49,1266.8
1700000426.5,853,106.24,0.060000000000002274,106.21,59.1,106.27,250.8,2603.8,3517.0,106.27,36.0,BUY,5,106.21,59.1,106.2,380.6,106.19,635.9,106.18,167.8,106.17,1360.4,106.27,250.8,106.28,668.9,106.29,949.7,106.3,1157.8,106.31,489.8
1700000427.0,854,106.25,0.03999999999999204,106.23,869.4,106.27,295.3,2959.9,1672.3,106.25,0.0,BUY,0,106.23,869.4,106.22,252.2,106.21,240.2,106.2,987.6,106.19,610.5,106.27,295.3,106.28,11.3,106.29,91.0,106.3,985.0,106.31,289.7
1700000427.5,855,106.24000000000001,0.04000000000000625,106.22,148.1,106.26,235.3,4677.5,2518.5,106.22,5.0,SELL,1,106.22,148.1,106.21,1708.7,106.2,287.2,106.19,1456.5,106.18,1077.0,106.26,235.3,106.27,548.8,106.28,46.5,106.29,1145.2,106.3,542.7
1700000428.0,856,106.23,0.060000000000002274,106.2,37.3,106.26,310.4,2492.0,4925.799999999999,106.2,14.9,SELL,2,106.2,37.3,106.19,524.7,106.18,232.7,106.17,1687.3,106.16,10.0,106.26,310.4,106.27,452.5,106.28,655.2,106.29,2458.6,106.3,1049.1
1700000428.5,857,106.24,0.060000000000002274,106.21,1649.7,106.27,2127.0,3829.8000000000006,5320.0,106.21,29.0,SELL,3,106.21,1649.7,106.2,1471.9,106.19,147.8,106.18,206.1,106.17,354.3,106.27,2127.0,106.28,1134.6,106.29,891.9,106.3,923.2,106.31,243.3
1700000429.0,858,106.24000000000001,0.04000000000000625,106.22,279.6,106.26,32.5,3342.2000000000003,6809.400000000001,106.22,38.4,SELL,3,106.22,279.6,106.21,239.9,106.2,268.4,106.19,1293.9,106.18,1260.4,106.26,32.5,106.27,700.6,106.28,2702.8,106.29,2480.2,106.3,893.3
1700000429.5,859,106.24,0.060000000000002274,106.21,98.7,106.27,658.7,3284.4,4865.5,106.27,35.3,BUY,1,106.21,98.7,106.2,610.2,106.19,682.6,106.18,1194.3,106.17,698.6,106.27,658.7,106.28,884.6,106.29,1371.1,106.3,1345.5,106.31,605.6
1700000430.0,860,106.25,0.03999999999999204,106.23,213.2,106.27,388.9,3968.9000000000005,4097.1,106.23,115.5,SELL,5,106.23,213.2,106.22,2183.3,106.21,896.8,106.2,42.9,106.19,632.7,106.27,388.9,106.28,274.5,106.29,1721.9,106.3,510.1,106.31,1201.7
1700000430.5,861,106.25,0.060000000000002274,106.22,89.0,106.28,401.5,3709.7,837.0999999999999,106.25,0.0,BUY,0,106.22,89.0,106.21,399.0,106.2,1632.5,106.19,24.9,106.18,1564.3,106.28,401.5,106.29,110.9,106.3,37.7,106.31,121.8,106.32,165.2
1700000431.0,862,104.85,0.060000000000002274,104.82,152.2,104.88,280.0,3615.3,3276.8,104.85,0.0,BUY,0,104.82,152.2,104.81,1466.8,104.8,913.9,104.79,930.9,104.78,151.5,104.88,280.0,104.89,462.4,104.9,2233.8,104.91,244.5,104.92,56.1
1700000431.5,863,104.87,0.060000000000002274,104.84,314.3,104.9,237.2,8877.900000000001,3557.7,104.84,56.3,SELL,1,104.84,314.3,104.83,482.2,104.82,2614.3,104.81,957.6,104.8,4509.5,104.9,237.2,104.91,48.0,104.92,1361.8,104.93,1363.0,104.94,547.7
1700000432.0,864,104.88,0.060000000000002274,104.85,93.0,104.91,216.5,2549.0,7941.2,104.88,0.0,BUY,0,104.85,93.0,104.84,84.3,104.83,599.5,104.82,640.1,104.81,1132.1,104.91,216.5,104.92,816.5,104.93,800.3,104.94,2528.4,104.95,3579.5
1700000432.5,865,98.63,0.060000000000002274,98.6,561.9,98.66,1620.1,5771.5,13132.1,98.66,87.9,BUY,3,98.6,561.9,98.59,865.1,98.58,929.4,98.57,1014.5,98.56,2400.6,98.66,1620.1,98.67,3756.2,98.68,2006.5,98.69,4304.6,98.7,1444.7
1700000433.0,866,94.34,0.060000000000002274,94.31,59.3,94.37,1140.9,6795.8,3579.8999999999996,94.31,37.0,SELL,5,94.31,59.3,94.3,2136.3,94.29,1036.7,94.28,3169.3,94.27,394.2,94.37,1140.9,94.38,1177.5,94.39,101.6,94.4,219.7,94.41,940.2
1700000433.5,867,94.34,0.04000000000000625,94.32,217.0,94.36,900.4,6330.1,3390.1,94.36,76.7,BUY,3,94.32,217.0,94.31,429.9,94.3,224.0,94.29,1048.0,94.28,4411.2,94.36,900.4,94.37,174.6,94.38,664.2,94.39,484.8,94.4,1166.1
1700000434.0,868,94.34,0.060000000000002274,94.31,195.2,94.37,698.6,3086.1000000000004,4096.4,94.31,10.6,SELL,2,94.31,195.2,94.3,1222.6,94.29,115.9,94.28,148.0,94.27,1404.4,94.37,698.6,94.38,507.0,94.39,200.7,94.4,1580.4,94.41,1109.7
1700000434.5,869,94.34,0.060000000000002274,94.31,86.3,94.37,221.9,7776.5,2776.6000000000004,94.37,54.1,BUY,2,94.31,86.3,94.3,500.7,94.29,837.7,94.28,3430.5,94.27,2921.3,94.37,221.9,94.38,232.2,94.39,1903.2,94.4,100.9,94.41,318.4
1700000435.0,870,94.35,0.04000000000000625,94.33,897.4,94.37,310.3,4281.099999999999,4122.799999999999,94.37,36.4,BUY,1,94.33,897.4,94.32,482.4,94.31,1057.6,94.3,124.4,94.29,1719.3,94.37,310.3,94.38,440.5,94.39,1659.6,94.4,666.8,94.41,1045.6
1700000435.5,871,94.34,0.060000000000002274,94.31,68.7,94.37,582.3,1834.4,7359.999999999999,94.34,0.0,BUY,0,94.31,68.7,94.3,109.4,94.29,334.9,94.28,681.5,94.27,639.9,94.37,582.3,94.38,920.4,94.39,3891.6,94.4,34.9,94.41,1930.8
1700000436.0,872,94.33,0.060000000000002274,94.3,30.2,94.36,885.2,4287.299999999999,8768.8,94.3,22.3,SELL,1,94.3,30.2,94.29,2137.4,94.28,173.1,94.27,707.2,94.26,1239.4,94.36,885.2,94.37,4371.5,94.38,1387.8,94.39,240.5,94.4,1883.8
1700000436.5,873,94.33,0.060000000000002274,94.3,68.9,94.36,1464.5,4394.1,8938.699999999999,94.3,5.0,SELL,2,94.3,68.9,94.29,16.2,94.28,2063.3,94.27,676.1,94.26,1569.6,94.36,1464.5,94.37,939.1,94.38,4148.2,94.39,673.9,94.4,1713.0
1700000437.0,874,94.32,0.05999999999998806,94.29,187.4,94.35,101.4,1383.1000000000001,3408.6,94.35,5.0,BUY,1,94.29,187.4,94.28,345.4,94.27,588.7,94.26,133.4,94.25,128.2,94.35,101.4,94.36,614.8,94.37,1312.3,94.38,898.7,94.39,481.4
1700000437.5,875,94.315,0.04999999999999716,94.29,10.0,94.34,555.9,5823.900000000001,4819.4,94.34,16.8,BUY,2,94.29,10.0,94.28,66.7,94.27,1806.4,94.26,1786.0,94.25,2154.8,94.34,555.9,94.35,1062.4,94.36,2240.5,94.37,155.2,94.38,805.4
1700000438.0,876,94.31,0.03999999999999204,94.29,463.4,94.33,13.8,4064.5,3671.4,94.29,21.8,SELL,3,94.29,463.4,94.28,397.1,94.27,1579.0,94.26,606.2,94.25,1018.8,94.33,13.8,94.34,127.8,94.35,783.5,94.36,1657.4,94.37,1088.9
1700000438.5,877,94.315,0.04999999999999716,94.29,214.1,94.34,1148.2,3666.1,5936.200000000001,94.34,14.7,BUY,3,94.29,214.1,94.28,443.9,94.27,1137.3,94.26,10.0,94.25,1860.8,94.34,1148.2,94.35,3191.6,94.36,130.8,94.37,183.7,94.38,1281.9
1700000439.0,878,94.315,0.04999999999999716,94.29,214.3,94.34,192.3,3282.2,3070.2,94.315,0.0,BUY,0,94.29,214.3,94.28,10.0,94.27,345.9,94.26,820.2,94.25,1891.8,94.34,192.3,94.35,68.0,94.36,245.4,94.37,1936.2,94.38,628.3
1700000439.5,879,94.33,0.060000000000002274,94.3,127.3,94.36,14.7,1266.5,1942.9,94.36,45.1,BUY,1,94.3,127.3,94.29,372.7,94.28,324.5,94.27,123.2,94.26,318.8,94.36,14.7,94.37,1155.2,94.38,432.9,94.39,67.3,94.4,272.8
1700000440.0,880,94.34,0.060000000000002274,94.31,706.5,94.37,77.3,2785.9,2167.1,94.31,5.0,SELL,3,94.31,706.5,94.3,666.6,94.29,687.4,94.28,214.9,94.27,510.5,94.37,77.3,94.38,55.6,94.39,318.0,94.4,263.9,94.41,1452.3
1700000440.5,881,94.34,0.060000000000002274,94.31,10.0,94.37,620.1,2039.3,5035.3,94.37,5.0,BUY,2,94.31,10.0,94.3,68.3,94.29,505.9,94.28,288.6,94.27,1166.5,94.37,620.1,94.38,194.2,94.39,468.9,94.4,2490.3,94.41,1261.8
1700000441.0,882,94.35,0.060000000000002274,94.32,350.6,94.38,686.1,3503.2999999999997,2847.1,94.32,26.4,SELL,1,94.32,350.6,94.31,1646.1,94.3,746.1,94.29,505.3,94.28,255.2,94.38,686.1,94.39,496.4,94.4,477.9,94.41,591.3,94.42,595.4
1700000441.5,883,94.35,0.060000000000002274,94.32,90.4,94.38,221.7,2023.3999999999999,4326.8,94.38,14.9,BUY,4,94.32,90.4,94.31,117.5,94.3,220.4,94.29,153.5,94.28,1441.6,94.38,221.7,94.39,251.9,94.4,1312.9,94.41,1041.0,94.42,1499.3
1700000442.0,884,94.36,0.060000000000002274,94.33,64.8,94.39,203.3,5298.599999999999,4408.1,94.33,21.5,SELL,1,94.33,64.8,94.32,488.5,94.31,1675.6,94.3,262.0,94.29,2807.7,94.39,203.3,94.4,678.4,94.41,1236.7,94.42,2176.4,94.43,113.3
1700000442.5,885,94.37,0.04000000000000625,94.35,774.4,94.39,79.7,10483.1,2159.2999999999997,94.39,45.4,BUY,1,94.35,774.4,94.34,187.6,94.33,503.7,94.32,427.9,94.31,8589.5,94.39,79.7,94.4,423.6,94.41,224.3,94.42,1414.0,94.43,17.7
1700000443.0,886,94.36,0.060000000000002274,94.33,432.0,94.39,110.4,5251.2,3813.1,94.39,8.1,BUY,2,94.33,432.0,94.32,832.9,94.31,163.1,94.3,404.0,94.29,3419.2,94.39,110.4,94.4,2175.7,94.41,123.0,94.42,1119.0,94.43,285.0
1700000443.5,887,94.35,0.04000000000000625,94.33,571.5,94.37,866.4,3530.2000000000003,5559.8,94.37,59.7,BUY,4,94.33,571.5,94.32,758.4,94.31,965.9,94.3,1167.4,94.29,67.0,94.37,866.4,94.38,848.0,94.39,1679.7,94.4,2031.2,94.41,134.5
1700000444.0,888,94.34,0.060000000000002274,94.31,383.8,94.37,42.6,3038.5000000000005,1373.8999999999999,94.37,41.3,BUY,1,94.31,383.8,94.3,2049.9,94.29,155.6,94.28,185.3,94.27,263.9,94.37,42.6,94.38,47.8,94.39,72.5,94.4,122.4,94.41,1088.6
1700000444.5,889,94.34,0.060000000000002274,94.31,748.9,94.37,667.0,9268.8,2988.2000000000003,94.37,48.1,BUY,2,94.31,748.9,94.3,50.1,94.29,608.1,94.28,1681.2,94.27,6180.5,94.37,667.0,94.38,862.2,94.39,157.9,94.4,730.2,94.41,570.9
1700000445.0,890,94.34,0.060000000000002274,94.31,2148.3,94.37,1203.0,4007.2,3830.1,94.34,0.0,BUY,0,94.31,2148.3,94.3,94.8,94.29,254.2,94.28,303.2,94.27,1206.7,94.37,1203.0,94.38,75.7,94.39,1812.7,94.4,720.5,94.41,18.2
1700000445.5,891,94.35,0.060000000000002274,94.32,113.3,94.38,21.8,1888.5,3016.7,94.32,61.2,SELL,4,94.32,113.3,94.31,195.3,94.3,27.3,94.29,519.4,94.28,1033.2,94.38,21.8,94.39,312.5,94.4,726.4,94.41,147.0,94.42,1809.0
1700000446.0,892,94.35,0.060000000000002274,94.32,110.0,94.38,178.5,1755.2,2937.4,94.38,50.4,BUY,3,94.32,110.0,94.31,50.9,94.3,666.8,94.29,666.2,94.28,261.3,94.38,178.5,94.39,583.5,94.4,504.2,94.41,121.9,94.42,1549.3
1700000446.5,893,94.35,0.060000000000002274,94.32,1876.6,94.38,1074.8,3330.3999999999996,5336.0,94.38,32.7,BUY,2,94.32,1876.6,94.31,239.1,94.3,550.7,94.29,517.5,94.28,146.5,94.38,1074.8,94.39,501.4,94.4,1522.6,94.41,915.7,94.42,1321.5
1700000447.0,894,94.35,0.060000000000002274,94.32,917.5,94.38,239.1,4559.4,3349.7000000000003,94.32,18.6,SELL,2,94.32,917.5,94.31,197.6,94.3,2459.0,94.29,207.0,94.28,778.3,94.38,239.1,94.39,443.1,94.4,315.5,94.41,1876.2,94.42,475.8
1700000447.5,895,94.36,0.060000000000002274,94.33,41.2,94.39,212.4,1950.0000000000002,3781.9000000000005,94.33,28.6,SELL,4,94.33,41.2,94.32,818.8,94.31,958.9,94.3,70.2,94.29,60.9,94.39,212.4,94.4,387.3,94.41,381.1,94.42,2161.9,94.43,639.2
1700000448.0,896,94.36,0.03999999999999204,94.34,40.0,94.38,56.5,6104.4,2534.7000000000003,94.34,89.6,SELL,1,94.34,40.0,94.33,583.1,94.32,358.9,94.31,2029.4,94.3,3093.0,94.38,56.5,94.39,407.3,94.4,805.4,94.41,963.1,94.42,302.4
1700000448.5,897,94.36,0.060000000000002274,94.33,217.5,94.39,45.2,4710.599999999999,1615.4,94.39,12.5,BUY,2,94.33,217.5,94.32,692.9,94.31,2476.6,94.3,1136.7,94.29,186.9,94.39,45.2,94.4,148.4,94.41,697.1,94.42,647.1,94.43,77.6
1700000449.0,898,94.38,0.060000000000002274,94.35,163.3,94.41,544.3,3732.7,2470.3,94.41,9.7,BUY,2,94.35,163.3,94.34,476.4,94.33,840.9,94.32,2102.7,94.31,149.4,94.41,544.3,94.42,1593.5,94.43,73.5,94.44,76.3,94.45,182.7
1700000449.5,899,95.5,0.03999999999999204,95.48,1293.9,95.52,717.9,4146.2,2493.7,95.48,14.6,SELL,1,95.48,1293.9,95.47,221.6,95.46,451.2,95.45,124.9,95.44,2054.6,95.52,717.9,95.53,40.9,95.54,576.3,95.55,435.2,95.56,723.4
1700000450.0,900,95.49,0.060000000000002274,95.46,119.8,95.52,774.2,3468.5,4020.6000000000004,95.46,9.1,SELL,4,95.46,119.8,95.45,65.2,95.44,447.7,95.43,1590.3,95.42,1245.5,95.52,774.2,95.53,65.0,95.54,792.6,95.55,1217.5,95.56,1171.3
1700000450.5,901,95.49000000000001,0.04000000000000625,95.47,879.3,95.51,155.0,4579.1,4473.5,95.51,27.2,BUY,3,95.47,879.3,95.46,20.2,95.45,372.0,95.44,647.2,95.43,2660.4,95.51,155.0,95.52,305.6,95.53,846.6,95.54,2145.4,95.55,1020.9
1700000451.0,902,95.49,0.060000000000002274,95.46,164.1,95.52,711.7,3233.7,3336.0,95.46,60.3,SELL,1,95.46,164.1,95.45,332.2,95.44,480.3,95.43,612.0,95.42,1645.1,95.52,711.7,95.53,348.6,95.54,1128.5,95.55,47.7,95.56,1099.5
1700000451.5,903,95.5,0.060000000000002274,95.47,114.6,95.53,1261.4,4028.5999999999995,6506.8,95.53,5.7,BUY,1,95.47,114.6,95.46,1573.7,95.45,765.4,95.44,22.6,95.43,1552.3,95.53,1261.4,95.54,167.5,95.55,1110.0,95.56,575.6,95.57,3392.3
1700000452.0,904,95.51,0.060000000000002274,95.48,46.1,95.54,303.4,10804.4,5821.1,95.51,0.0,BUY,0,95.48,46.1,95.47,1686.5,95.46,6841.4,95.45,197.0,95.44,2033.4,95.54,303.4,95.55,66.9,95.56,1337.2,95.57,123.7,95.58,3989.9
1700000452.5,905,95.5,0.060000000000002274,95.47,67.9,95.53,191.5,4088.4,2628.6,95.47,18.3,SELL,4,95.47,67.9,95.46,1318.2,95.45,2172.0,95.44,63.7,95.43,466.6,95.53,191.5,95.54,57.0,95.55,756.3,95.56,1147.4,95.57,476.4
1700000453.0,906,95.49,0.060000000000002274,95.46,905.9,95.52,319.0,7342.599999999999,3387.2,95.52,52.5,BUY,1,95.46,905.9,95.45,26.5,95.44,553.1,95.43,4471.4,95.42,1385.7,95.52,319.0,95.53,464.4,95.54,580.6,95.55,519.8,95.56,1503.4
1700000453.5,907,95.49,0.060000000000002274,95.46,340.8,95.52,971.6,3182.5,3502.2,95.52,11.7,BUY,1,95.46,340.8,95.45,700.8,95.44,180.1,95.43,586.9,95.42,1373.9,95.52,971.6,95.53,107.1,95.54,542.4,95.55,100.1,95.56,1781.0
1700000454.0,908,95.49,0.060000000000002274,95.46,342.4,95.52,331.0,2338.3,1301.9,95.49,0.0,BUY,0,95.46,342.4,95.45,320.4,95.44,1351.2,95.43,282.5,95.42,41.8,95.52,331.0,95.53,61.9,95.54,812.5,95.55,31.6,95.56,64.9
1700000454.5,909,95.48,0.060000000000002274,95.45,196.1,95.51,1419.5,3767.6,3852.4,95.48,0.0,BUY,0,95.45,196.1,95.44,441.2,95.43,1678.8,95.42,67.6,95.41,1383.9,95.51,1419.5,95.52,371.6,95.53,214.9,95.54,957.0,95.55,889.4
1700000455.0,910,95.48,0.060000000000002274,95.45,992.1,95.51,1377.9,3194.0,5388.6,95.51,20.9,BUY,1,95.45,992.1,95.44,1488.8,95.43,169.2,95.42,243.0,95.41,300.9,95.51,1377.9,95.52,584.6,95.53,638.0,95.54,1102.8,95.55,1685.3
1700000455.5,911,95.48,0.060000000000002274,95.45,427.5,95.51,868.1,1540.3000000000002,6046.200000000001,95.51,90.1,BUY,2,95.45,427.5,95.44,169.6,95.43,16.1,95.42,86.9,95.41,840.2,95.51,868.1,95.52,300.2,95.53,1157.3,95.54,1989.7,95.55,1730.9
1700000456.0,912,95.48,0.060000000000002274,95.45,509.7,95.51,307.8,2564.2000000000003,3069.0999999999995,95.51,24.1,BUY,4,95.45,509.7,95.44,393.5,95.43,173.4,95.42,1416.7,95.41,70.9,95.51,307.8,95.52,869.2,95.53,621.6,95.54,857.8,95.55,412.7
1700000456.5,913,95.47,0.060000000000002274,95.44,65.7,95.5,899.5,4045.7,6929.8,95.44,5.0,SELL,2,95.44,65.7,95.43,27.4,95.42,1017.6,95.41,951.0,95.4,1984.0,95.5,899.5,95.51,1501.0,95.52,1439.5,95.53,2406.7,95.54,683.1
1700000457.0,914,95.45500000000001,0.04999999999999716,95.43,225.4,95.48,150.9,3669.1,6707.799999999999,95.48,43.1,BUY,2,95.43,225.4,95.42,2547.6,95.41,624.4,95.4,38.0,95.39,233.7,95.48,150.9,95.49,1434.1,95.5,91.9,95.51,338.0,95.52,4692.9
1700000457.5,915,95.46000000000001,0.05999999999998806,95.43,93.8,95.49,1229.0,5623.5,3282.1,95.49,72.1,BUY,1,95.43,93.8,95.42,111.9,95.41,1724.3,95.4,2320.2,95.39,1373.3,95.49,1229.0,95.5,139.5,95.51,405.0,95.52,65.5,95.53,1443.1
1700000458.0,916,95.48,0.060000000000002274,95.45,1602.9,95.51,905.4,7229.0,2602.5,95.45,5.0,SELL,3,95.45,1602.9,95.44,555.8,95.43,797.8,95.42,2199.6,95.41,2072.9,95.51,905.4,95.52,61.1,95.53,76.6,95.54,1549.4,95.55,10.0
1700000458.5,917,95.49,0.060000000000002274,95.46,655.4,95.52,732.8,1491.6,8322.6,95.49,0.0,BUY,0,95.46,655.4,95.45,188.2,95.44,533.5,95.43,97.9,95.42,16.6,95.52,732.8,95.53,635.2,95.54,1975.4,95.55,3337.9,95.56,1641.3
1700000459.0,918,95.5,0.060000000000002274,95.47,763.6,95.53,427.0,5166.5,5208.1,95.5,0.0,BUY,0,95.47,763.6,95.46,882.7,95.45,232.5,95.44,2512.6,95.43,775.1,95.53,427.0,95.54,358.3,95.55,1876.3,95.56,1472.0,95.57,1074.5
1700000459.5,919,95.49,0.060000000000002274,95.46,226.0,95.52,188.5,1123.7,2592.2,95.49,0.0,BUY,0,95.46,226.0,95.45,148.5,95.44,261.0,95.43,139.1,95.42,349.1,95.52,188.5,95.53,724.9,95.54,1506.2,95.55,50.1,95.56,122.5
1700000460.0,920,95.48,0.060000000000002274,95.45,99.1,95.51,1327.4,3341.0,4746.1,95.45,214.7,SELL,2,95.45,99.1,95.44,1423.7,95.43,1270.4,95.42,366.4,95.41,181.4,95.51,1327.4,95.52,1638.2,95.53,322.9,95.54,1017.4,95.55,440.2
1700000460.5,921,95.47999999999999,0.04000000000000625,95.46,654.9,95.5,279.3,6314.0,3698.0,95.5,67.4,BUY,5,95.46,654.9,95.45,888.3,95.44,1297.8,95.43,3395.7,95.42,77.3,95.5,279.3,95.51,490.1,95.52,2420.7,95.53,309.1,95.54,198.8
1700000461.0,922,99.63,0.04000000000000625,99.61,1373.5,99.65,560.3,4464.2,3090.9,99.61,5.0,SELL,5,99.61,1373.5,99.6,437.6,99.59,878.5,99.58,788.0,99.57,986.6,99.65,560.3,99.66,346.1,99.67,239.8,99.68,1125.1,99.69,819.6
1700000461.5,923,99.64,0.03999999999999204,99.62,439.1,99.66,48.9,4630.299999999999,3569.5,99.62,5.6,SELL,4,99.62,439.1,99.61,222.4,99.6,191.8,99.59,428.8,99.58,3348.2,99.66,48.9,99.67,140.8,99.68,1535.2,99.69,1444.9,99.7,399.7
1700000462.0,924,99.64,0.060000000000002274,99.61,589.5,99.67,445.5,5044.200000000001,8973.8,99.61,24.8,SELL,2,99.61,589.5,99.6,57.6,99.59,654.9,99.58,1471.4,99.57,2270.8,99.67,445.5,99.68,794.1,99.69,361.9,99.7,2738.7,99.71,4633.6
1700000462.5,925,99.65,0.060000000000002274,99.62,1233.0,99.68,788.0,4819.1,3504.2,99.68,29.4,BUY,2,99.62,1233.0,99.61,561.0,99.6,919.2,99.59,82.4,99.58,2023.5,99.68,788.0,99.69,355.1,99.7,1123.8,99.71,278.9,99.72,958.4
1700000463.0,926,99.66,0.060000000000002274,99.63,356.9,99.69,35.7,8620.3,4934.1,99.69,33.6,BUY,5,99.63,356.9,99.62,1197.4,99.61,3450.2,99.6,862.2,99.59,2753.6,99.69,35.7,99.7,770.2,99.71,2067.3,99.72,1019.9,99.73,1041.0
1700000463.5,927,99.66,0.060000000000002274,99.63,140.3,99.69,559.2,3036.4999999999995,3208.6,99.63,91.0,SELL,6,99.63,140.3,99.62,1006.2,99.61,125.1,99.6,1614.3,99.59,150.6,99.69,559.2,99.7,1411.8,99.71,115.2,99.72,706.8,99.73,415.6
1700000464.0,928,99.65,0.060000000000002274,99.62,319.3,99.68,234.5,6938.9,3391.1,99.68,14.3,BUY,3,99.62,319.3,99.61,1033.0,99.6,1115.4,99.59,504.1,99.58,3967.1,99.68,234.5,99.69,344.7,99.7,332.5,99.71,1863.3,99.72,616.1
1700000464.5,929,97.78,0.03999999999999204,97.76,164.7,97.8,304.5,2994.8999999999996,5403.0,97.8,12.9,BUY,2,97.76,164.7,97.75,332.2,97.74,616.6,97.73,1721.2,97.72,160.2,97.8,304.5,97.81,839.8,97.82,2146.1,97.83,1602.0,97.84,510.6
1700000465.0,930,97.79499999999999,0.04999999999999716,97.77,93.9,97.82,395.2,1431.9,5391.200000000001,97.77,24.2,SELL,1,97.77,93.9,97.76,771.5,97.75,262.0,97.74,259.5,97.73,45.0,97.82,395.2,97.83,656.0,97.84,17.2,97.85,3080.2,97.86,1242.6
1700000465.5,931,93.75999999999999,0.04000000000000625,93.74,424.1,93.78,692.1,3530.2,1525.9,93.78,114.9,BUY,3,93.74,424.1,93.73,1206.0,93.72,401.2,93.71,800.7,93.7,698.2,93.78,692.1,93.79,97.9,93.8,236.7,93.81,21.6,93.82,477.6
1700000466.0,932,93.78,0.060000000000002274,93.75,294.8,93.81,1395.0,4034.5,5469.0,93.81,6.2,BUY,2,93.75,294.8,93.74,1004.1,93.73,1172.9,93.72,1498.5,93.71,64.2,93.81,1395.0,93.82,2479.4,93.83,370.7,93.84,241.2,93.85,982.7
1700000466.5,933,93.78,0.060000000000002274,93.75,1371.9,93.81,284.8,4335.6,2368.6,93.75,21.2,SELL,2,93.75,1371.9,93.74,334.9,93.73,470.5,93.72,1010.5,93.71,1147.8,93.81,284.8,93.82,1122.8,93.83,60.7,93.84,235.8,93.85,664.5
1700000467.0,934,93.78,0.060000000000002274,93.75,106.8,93.81,289.4,2870.7999999999997,5153.7,93.75,36.2,SELL,3,93.75,106.8,93.74,180.6,93.73,1369.3,93.72,607.0,93.71,607.1,93.81,289.4,93.82,198.9,93.83,194.0,93.84,376.0,93.85,4095.4
1700000467.5,935,93.79499999999999,0.04999999999999716,93.77,1292.8,93.82,286.3,4731.7,8446.400000000001,93.77,23.2,SELL,5,93.77,1292.8,93.76,464.4,93.75,791.7,93.74,1531.9,93.73,650.9,93.82,286.3,93.83,4292.3,93.84,1804.6,93.85,767.0,93.86,1296.2
1700000468.0,936,93.79499999999999,0.04999999999999716,93.77,42.4,93.82,620.4,1390.3000000000002,5203.1,93.82,10.6,BUY,2,93.77,42.4,93.76,501.3,93.75,227.2,93.74,390.2,93.73,229.2,93.82,620.4,93.83,31.1,93.84,1479.8,93.85,1620.2,93.86,1451.6
1700000468.5,937,93.78,0.060000000000002274,93.75,93.3,93.81,138.2,3790.7,3946.2,93.75,35.8,SELL,2,93.75,93.3,93.74,301.5,93.73,1015.8,93.72,454.4,93.71,1925.7,93.81,138.2,93.82,2846.9,93.83,99.8,93.84,384.1,93.85,477.2
1700000469.0,938,93.78999999999999,0.04000000000000625,93.77,549.6,93.81,371.4,5767.2,2562.2,93.81,17.0,BUY,1,93.77,549.6,93.76,279.0,93.75,95.8,93.74,2296.7,93.73,2546.1,93.81,371.4,93.82,1272.7,93.83,390.1,93.84,38.6,93.85,489.4
1700000469.5,939,93.8,0.060000000000002274,93.77,950.5,93.83,13.1,7858.900000000001,4609.2,93.8,0.0,BUY,0,93.77,950.5,93.76,272.1,93.75,1488.5,93.74,2741.0,93.73,2406.8,93.83,13.1,93.84,1292.1,93.85,480.9,93.86,2180.6,93.87,642.5
1700000470.0,940,93.8,0.060000000000002274,93.77,537.6,93.83,893.3,2204.1,4773.400000000001,93.83,17.8,BUY,1,93.77,537.6,93.76,317.6,93.75,183.3,93.74,248.8,93.73,916.8,93.83,893.3,93.84,1605.5,93.85,298.5,93.86,1561.4,93.87,414.7
1700000470.5,941,93.8,0.060000000000002274,93.77,97.6,93.83,673.9,1254.8999999999999,4207.6,93.8,0.0,BUY,0,93.77,97.6,93.76,73.3,93.75,330.5,93.74,254.2,93.73,499.3,93.83,673.9,93.84,809.7,93.85,2115.9,93.86,477.3,93.87,130.8
1700000471.0,942,93.81,0.060000000000002274,93.78,200.0,93.84,1269.3,6507.6,1833.2,93.84,11.3,BUY,2,93.78,200.0,93.77,438.6,93.76,432.1,93.75,1014.3,93.74,4422.6,93.84,1269.3,93.85,306.5,93.86,26.5,93.87,200.5,93.88,30.4
1700000471.5,943,93.815,0.04999999999999716,93.79,348.5,93.84,1014.3,1430.1,7914.199999999999,93.84,20.7,BUY,4,93.79,348.5,93.78,115.6,93.77,566.0,93.76,334.9,93.75,65.1,93.84,1014.3,93.85,160.8,93.86,5547.7,93.87,1181.4,93.88,10.0
1700000472.0,944,93.815,0.04999999999999716,93.79,517.9,93.84,128.4,2450.3999999999996,2873.3999999999996,93.79,5.0,SELL,1,93.79,517.9,93.78,70.5,93.77,731.8,93.76,658.1,93.75,472.1,93.84,128.4,93.85,418.2,93.86,77.9,93.87,492.8,93.88,1756.1
1700000472.5,945,93.815,0.04999999999999716,93.79,324.9,93.84,208.6,11621.9,2577.3,93.84,5.5,BUY,2,93.79,324.9,93.78,753.0,93.77,7503.5,93.76,1448.9,93.75,1591.6,93.84,208.6,93.85,342.7,93.86,482.8,93.87,350.9,93.88,1192.3
1700000473.0,946,93.83,0.060000000000002274,93.8,2147.0,93.86,474.4,5608.8,3309.4999999999995,93.83,0.0,BUY,0,93.8,2147.0,93.79,738.8,93.78,192.4,93.77,1940.7,93.76,589.9,93.86,474.4,93.87,221.2,93.88,725.0,93.89,1275.8,93.9,613.1
1700000473.5,947,93.83,0.060000000000002274,93.8,470.3,93.86,1649.4,1981.7,6715.299999999999,93.86,85.7,BUY,1,93.8,470.3,93.79,17.2,93.78,107.0,93.77,178.8,93.76,1208.4,93.86,1649.4,93.87,465.5,93.88,1376.6,93.89,1288.9,93.9,1934.9
1700000474.0,948,93.83,0.03999999999999204,93.81,137.4,93.85,199.2,6312.5,2606.3999999999996,93.81,21.4,SELL,3,93.81,137.4,93.8,899.9,93.79,1254.6,93.78,1469.1,93.77,2551.5,93.85,199.2,93.86,448.1,93.87,363.4,93.88,1100.5,93.89,495.2
1700000474.5,949,93.815,0.04999999999999716,93.79,611.6,93.84,856.7,4170.0,4343.299999999999,93.84,33.5,BUY,2,93.79,611.6,93.78,66.6,93.77,86.3,93.76,1471.2,93.75,1934.3,93.84,856.7,93.85,1391.3,93.86,833.1,93.87,861.3,93.88,400.9
1700000475.0,950,93.815,0.04999999999999716,93.79,65.2,93.84,889.4,3217.0,1901.8,93.79,64.5,SELL,1,93.79,65.2,93.78,807.3,93.77,41.1,93.76,2105.6,93.75,197.8,93.84,889.4,93.85,586.6,93.86,80.3,93.87,239.8,93.88,105.7
1700000475.5,951,93.81,0.03999999999999204,93.79,1306.3,93.83,817.4,2732.4000000000005,4670.8,93.83,33.6,BUY,3,93.79,1306.3,93.78,138.9,93.77,216.4,93.76,883.5,93.75,187.3,93.83,817.4,93.84,1236.2,93.85,1024.4,93.86,976.6,93.87,616.2
1700000476.0,952,93.81,0.060000000000002274,93.78,42.1,93.84,379.4,2984.6999999999994,2947.5,93.78,105.6,SELL,3,93.78,42.1,93.77,1101.8,93.76,1192.0,93.75,635.1,93.74,13.7,93.84,379.4,93.85,23.7,93.86,610.6,93.87,1856.7,93.88,77.1
1700000476.5,953,93.82,0.05999999999998806,93.79,612.1,93.85,225.1,4641.1,4924.400000000001,93.79,48.3,SELL,1,93.79,612.1,93.78,403.9,93.77,2282.0,93.76,83.1,93.75,1260.0,93.85,225.1,93.86,294.8,93.87,2257.3,93.88,1952.6,93.89,194.6
1700000477.0,954,93.815,0.04999999999999716,93.79,31.2,93.84,893.8,2233.8,3970.9,93.79,50.4,SELL,4,93.79,31.2,93.78,877.3,93.77,512.0,93.76,488.7,93.75,324.6,93.84,893.8,93.85,692.6,93.86,2181.7,93.87,188.0,93.88,14.8
1700000477.5,955,93.815,0.04999999999999716,93.79,619.7,93.84,142.8,5747.0,2853.9,93.79,86.1,SELL,2,93.79,619.7,93.78,860.8,93.77,688.0,93.76,569.0,93.75,3009.5,93.84,142.8,93.85,24.7,93.86,1903.3,93.87,196.5,93.88,586.6
1700000478.0,956,93.83,0.060000000000002274,93.8,58.5,93.86,733.6,1940.7,5410.7,93.8,15.2,SELL,4,93.8,58.5,93.79,254.5,93.78,731.4,93.77,222.5,93.76,673.8,93.86,733.6,93.87,2048.2,93.88,784.4,93.89,1322.8,93.9,521.7
1700000478.5,957,93.815,0.04999999999999716,93.79,1845.7,93.84,369.4,5142.0,6655.299999999999,93.84,6.5,BUY,1,93.79,1845.7,93.78,389.8,93.77,1168.4,93.76,1624.2,93.75,113.9,93.84,369.4,93.85,2261.2,93.86,247.1,93.87,167.9,93.88,3609.7
1700000479.0,958,93.83,0.060000000000002274,93.8,304.6,93.86,1405.7,2752.9,8833.2,93.83,0.0,BUY,0,93.8,304.6,93.79,153.2,93.78,356.5,93.77,1236.0,93.76,702.6,93.86,1405.7,93.87,1772.4,93.88,146.3,93.89,5352.2,93.9,156.6
1700000479.5,959,93.84,0.060000000000002274,93.81,1435.4,93.87,385.8,4064.5999999999995,6405.3,93.81,6.9,SELL,2,93.81,1435.4,93.8,1220.3,93.79,221.5,93.78,521.2,93.77,666.2,93.87,385.8,93.88,268.6,93.89,1838.9,93.9,3437.8,93.91,474.2
1700000480.0,960,93.83,0.060000000000002274,93.8,519.3,93.86,10.0,2761.0,3880.2999999999997,93.8,33.6,SELL,2,93.8,519.3,93.79,806.3,93.78,80.5,93.77,267.7,93.76,1087.2,93.86,10.0,93.87,679.8,93.88,582.7,93.89,1479.2,93.9,1128.6
1700000480.5,961,93.83,0.060000000000002274,93.8,401.3,93.86,537.8,1928.8,2904.5,93.86,8.9,BUY,2,93.8,401.3,93.79,32.6,93.78,216.6,93.77,827.6,93.76,450.7,93.86,537.8,93.87,799.2,93.88,584.9,93.89,97.4,93.9,885.2
1700000481.0,962,93.815,0.04999999999999716,93.79,1266.7,93.84,549.4,3680.5,7577.1,93.815,0.0,BUY,0,93.79,1266.7,93.78,316.5,93.77,43.6,93.76,534.1,93.75,1519.6,93.84,549.4,93.85,1279.0,93.86,2660.4,93.87,181.9,93.88,2906.4
1700000481.5,963,93.81,0.060000000000002274,93.78,141.3,93.84,100.1,895.2,4515.0,93.84,75.0,BUY,2,93.78,141.3,93.77,144.0,93.76,100.2,93.75,280.6,93.74,229.1,93.84,100.1,93.85,426.1,93.86,47.8,93.87,2426.1,93.88,1514.9
1700000482.0,964,93.815,0.04999999999999716,93.79,395.3,93.84,498.2,4736.700000000001,1427.5,93.84,22.7,BUY,5,93.79,395.3,93.78,64.0,93.77,1131.5,93.76,2401.8,93.75,744.1,93.84,498.2,93.85,225.2,93.86,269.4,93.87,370.1,93.88,64.6
1700000482.5,965,93.81,0.060000000000002274,93.78,1687.2,93.84,591.0,5040.900000000001,3323.0,93.78,36.2,SELL,2,93.78,1687.2,93.77,427.4,93.76,816.4,93.75,1921.8,93.74,188.1,93.84,591.0,93.85,326.6,93.86,1006.6,93.87,447.2,93.88,951.6
1700000483.0,966,93.81,0.060000000000002274,93.78,723.1,93.84,32.9,4128.1,2180.7,93.78,19.6,SELL,4,93.78,723.1,93.77,116.4,93.76,393.7,93.75,762.1,93.74,2132.8,93.84,32.9,93.85,33.8,93.86,598.1,93.87,10.0,93.88,1505.9
1700000483.5,967,93.81,0.060000000000002274,93.78,101.8,93.84,225.2,4700.0,1588.1,93.81,0.0,BUY,0,93.78,101.8,93.77,766.6,93.76,1100.2,93.75,846.5,93.74,1884.9,93.84,225.2,93.85,256.8,93.86,732.3,93.87,225.3,93.88,148.5
1700000484.0,968,93.815,0.04999999999999716,93.79,36.5,93.84,578.0,4540.0,3196.7999999999997,93.79,19.3,SELL,3,93.79,36.5,93.78,178.0,93.77,566.9,93.76,930.3,93.75,2828.3,93.84,578.0,93.85,1566.5,93.86,104.1,93.87,493.1,93.88,455.1
1700000484.5,969,93.81,0.060000000000002274,93.78,476.5,93.84,472.1,2645.6,5703.799999999999,93.84,23.4,BUY,2,93.78,476.5,93.77,221.6,93.76,1710.5,93.75,158.6,93.74,78.4,93.84,472.1,93.85,89.7,93.86,1947.0,93.87,1720.1,93.88,1474.9
1700000485.0,970,93.81,0.060000000000002274,93.78,1805.0,93.84,1102.4,3937.8,6420.3,93.78,6.3,SELL,4,93.78,1805.0,93.77,79.3,93.76,1151.2,93.75,289.1,93.74,613.2,93.84,1102.4,93.85,1548.6,93.86,228.1,93.87,1800.4,93.88,1740.8
1700000485.5,971,93.81,0.060000000000002274,93.78,217.6,93.84,459.6,6976.700000000001,1985.0,93.78,33.2,SELL,3,93.78,217.6,93.77,98.7,93.76,1769.6,93.75,1831.5,93.74,3059.3,93.84,459.6,93.85,393.2,93.86,278.5,93.87,584.2,93.88,269.5
1700000486.0,972,93.81,0.060000000000002274,93.78,264.6,93.84,500.4,6814.200000000001,7143.7,93.81,0.0,BUY,0,93.78,264.6,93.77,1053.5,93.76,3388.5,93.75,107.0,93.74,2000.6,93.84,500.4,93.85,63.9,93.86,714.6,93.87,1199.9,93.88,4664.9
1700000486.5,973,93.8,0.060000000000002274,93.77,447.1,93.83,196.6,4283.400000000001,1733.3000000000002,93.8,0.0,BUY,0,93.77,447.1,93.76,473.0,93.75,45.8,93.74,2399.3,93.73,918.2,93.83,196.6,93.84,334.6,93.85,594.1,93.86,245.1,93.87,362.9
1700000487.0,974,93.79499999999999,0.04999999999999716,93.77,107.5,93.82,77.6,5342.2,4541.9,93.82,5.0,BUY,2,93.77,107.5,93.76,2414.9,93.75,872.3,93.74,492.1,93.73,1455.4,93.82,77.6,93.83,2854.7,93.84,60.0,93.85,746.2,93.86,803.4
1700000487.5,975,93.79499999999999,0.04999999999999716,93.77,359.5,93.82,117.9,3197.5,4902.4,93.79499999999999,0.0,BUY,0,93.77,359.5,93.76,362.6,93.75,661.4,93.74,736.3,93.73,1077.7,93.82,117.9,93.83,1037.0,93.84,1388.3,93.85,273.7,93.86,2085.5
1700000488.0,976,93.79499999999999,0.04999999999999716,93.77,170.0,93.82,1999.0,6158.299999999999,4382.3,93.77,27.0,SELL,1,93.77,170.0,93.76,690.3,93.75,781.8,93.74,1675.0,93.73,2841.2,93.82,1999.0,93.83,1587.0,93.84,26.9,93.85,334.7,93.86,434.7
1700000488.5,977,93.79499999999999,0.04999999999999716,93.77,45.0,93.82,10.0,3762.0,1133.3999999999999,93.79499999999999,0.0,BUY,0,93.77,45.0,93.76,865.0,93.75,413.7,93.74,1791.3,93.73,647.0,93.82,10.0,93.83,306.5,93.84,592.8,93.85,158.0,93.86,66.1
1700000489.0,978,93.78999999999999,0.05999999999998806,93.76,1713.6,93.82,18.6,5505.6,3328.3,93.76,6.3,SELL,1,93.76,1713.6,93.75,628.2,93.74,309.1,93.73,1736.1,93.72,1118.6,93.82,18.6,93.83,764.2,93.84,849.1,93.85,633.5,93.86,1062.9
1700000489.5,979,93.78,0.060000000000002274,93.75,582.8,93.81,471.8,3175.8999999999996,715.0000000000001,93.78,0.0,BUY,0,93.75,582.8,93.74,496.5,93.73,1487.3,93.72,92.7,93.71,516.6,93.81,471.8,93.82,25.1,93.83,65.3,93.84,133.7,93.85,19.1
1700000490.0,980,93.78,0.060000000000002274,93.75,613.2,93.81,535.6,4142.200000000001,6041.6,93.75,50.2,SELL,4,93.75,613.2,93.74,556.2,93.73,584.2,93.72,790.5,93.71,1598.1,93.81,535.6,93.82,2366.0,93.83,1199.2,93.84,843.6,93.85,1097.2
1700000490.5,981,93.77,0.060000000000002274,93.74,1918.0,93.8,421.3,4890.799999999999,3436.3,93.8,46.0,BUY,1,93.74,1918.0,93.73,1769.6,93.72,82.2,93.71,235.1,93.7,885.9,93.8,421.3,93.81,371.7,93.82,165.5,93.83,1304.0,93.84,1173.8
1700000491.0,982,93.78,0.03999999999999204,93.76,1005.3,93.8,857.3,4487.0,5442.4,93.78,0.0,BUY,0,93.76,1005.3,93.75,1540.0,93.74,376.3,93.73,1131.9,93.72,433.5,93.8,857.3,93.81,1870.9,93.82,2209.8,93.83,136.0,93.84,368.4
1700000491.5,983,93.77,0.060000000000002274,93.74,559.4,93.8,377.0,4521.7,1989.3,93.74,43.0,SELL,2,93.74,559.4,93.73,494.4,93.72,181.2,93.71,472.6,93.7,2814.1,93.8,377.0,93.81,390.5,93.82,954.5,93.83,91.1,93.84,176.2
1700000492.0,984,93.78,0.03999999999999204,93.76,353.4,93.8,102.5,4342.8,3585.8,93.8,12.1,BUY,1,93.76,353.4,93.75,1872.6,93.74,1467.7,93.73,395.4,93.72,253.7,93.8,102.5,93.81,826.3,93.82,871.8,93.83,949.2,93.84,836.0
1700000492.5,985,93.78,0.060000000000002274,93.75,353.9,93.81,18.8,5631.0,2075.0,93.75,33.8,SELL,2,93.75,353.9,93.74,1024.2,93.73,173.4,93.72,589.8,93.71,3489.7,93.81,18.8,93.82,153.4,93.83,564.7,93.84,873.6,93.85,464.5
1700000493.0,986,93.77,0.060000000000002274,93.74,95.7,93.8,119.4,3244.6000000000004,982.0999999999999,93.74,24.1,SELL,4,93.74,95.7,93.73,1284.4,93.72,380.2,93.71,687.4,93.7,796.9,93.8,119.4,93.81,21.9,93.82,302.5,93.83,120.0,93.84,418.3
1700000493.5,987,93.77,0.060000000000002274,93.74,190.8,93.8,421.5,645.7,2205.3999999999996,93.77,0.0,BUY,0,93.74,190.8,93.73,112.4,93.72,27.9,93.71,10.0,93.7,304.6,93.8,421.5,93.81,161.8,93.82,270.1,93.83,1286.8,93.84,65.2
1700000494.0,988,93.78,0.060000000000002274,93.75,466.4,93.81,124.0,9775.7,1782.3000000000002,93.75,64.9,SELL,1,93.75,466.4,93.74,1524.5,93.73,2232.7,93.72,314.7,93.71,5237.4,93.81,124.0,93.82,520.0,93.83,20.2,93.84,792.7,93.85,325.4
1700000494.5,989,93.77,0.060000000000002274,93.74,52.2,93.8,54.3,1560.6,5571.1,93.8,33.6,BUY,3,93.74,52.2,93.73,222.8,93.72,162.7,93.71,103.4,93.7,1019.5,93.8,54.3,93.81,706.9,93.82,1683.2,93.83,1825.6,93.84,1301.1
1700000495.0,990,93.77000000000001,0.04000000000000625,93.75,774.7,93.79,125.2,6055.9,5001.0,93.77000000000001,0.0,BUY,0,93.75,774.7,93.74,2119.2,93.73,642.4,93.72,1400.6,93.71,1119.0,93.79,125.2,93.8,360.0,93.81,2126.8,93.82,2269.0,93.83,120.0
1700000495.5,991,93.77,0.060000000000002274,93.74,1529.0,93.8,487.4,4234.1,2751.3,93.8,29.3,BUY,1,93.74,1529.0,93.73,709.0,93.72,1104.8,93.71,319.6,93.7,571.7,93.8,487.4,93.81,322.8,93.82,630.9,93.83,661.9,93.84,648.3
1700000496.0,992,93.78,0.060000000000002274,93.75,612.2,93.81,185.6,3644.3999999999996,855.7,93.75,68.8,SELL,1,93.75,612.2,93.74,348.1,93.73,144.9,93.72,1096.0,93.71,1443.2,93.81,185.6,93.82,223.4,93.83,50.8,93.84,222.8,93.85,173.1
1700000496.5,993,93.78,0.060000000000002274,93.75,232.2,93.81,468.2,3097.9,11916.699999999999,93.75,84.4,SELL,2,93.75,232.2,93.74,2139.3,93.73,186.2,93.72,195.9,93.71,344.3,93.81,468.2,93.82,429.5,93.83,7648.3,93.84,1015.8,93.85,2354.9
1700000497.0,994,93.78,0.03999999999999204,93.76,2092.9,93.8,316.4,7060.9,5179.700000000001,93.8,67.8,BUY,1,93.76,2092.9,93.75,218.8,93.74,2509.1,93.73,1787.7,93.72,452.4,93.8,316.4,93.81,171.1,93.82,1168.8,93.83,1643.0,93.84,1880.4
1700000497.5,995,93.77000000000001,0.04000000000000625,93.75,241.4,93.79,472.5,4493.9,4323.200000000001,93.75,65.5,SELL,2,93.75,241.4,93.74,320.4,93.73,124.1,93.72,2513.4,93.71,1294.6,93.79,472.5,93.8,314.4,93.81,630.6,93.82,647.4,93.83,2258.3
1700000498.0,996,93.78,0.060000000000002274,93.75,80.4,93.81,251.2,2239.7999999999997,5024.2,93.81,70.6,BUY,1,93.75,80.4,93.74,670.8,93.73,330.1,93.72,211.6,93.71,946.9,93.81,251.2,93.82,380.4,93.83,336.5,93.84,1101.3,93.85,2954.8
1700000498.5,997,93.78,0.060000000000002274,93.75,486.0,93.81,389.7,4221.6,6237.4,93.75,111.9,SELL,1,93.75,486.0,93.74,1114.8,93.73,229.9,93.72,188.8,93.71,2202.1,93.81,389.7,93.82,249.6,93.83,784.1,93.84,1463.4,93.85,3350.6
1700000499.0,998,93.78,0.060000000000002274,93.75,407.2,93.81,338.3,6512.299999999999,7129.499999999999,93.78,0.0,BUY,0,93.75,407.2,93.74,90.2,93.73,901.1,93.72,796.9,93.71,4316.9,93.81,338.3,93.82,1201.3,93.83,4021.8,93.84,1536.9,93.85,31.2
1700000499.5,999,93.78,0.060000000000002274,93.75,201.4,93.81,1905.8,7771.9,6363.299999999999,93.81,7.9,BUY,2,93.75,201.4,93.74,3402.9,93.73,1054.2,93.72,2041.0,93.71,1072.4,93.81,1905.8,93.82,2267.1,93.83,142.8,93.84,946.2,93.85,1101.4
1700000500.0,1000,93.78,0.060000000000002274,93.75,654.6,93.81,1296.4,1302.3999999999999,5252.099999999999,93.78,0.0,BUY,0,93.75,654.6,93.74,102.8,93.73,350.2,93.72,10.0,93.71,184.8,93.81,1296.4,93.82,1147.0,93.83,1461.8,93.84,963.9,93.85,383.0
1700000500.5,1001,83.84,0.060000000000002274,83.81,98.0,83.87,248.3,1888.1999999999998,1921.1,83.81,27.2,SELL,1,83.81,98.0,83.8,107.6,83.79,1303.1,83.78,91.6,83.77,287.9,83.87,248.3,83.88,1028.0,83.89,95.3,83.9,316.6,83.91,232.9
1700000501.0,1002,83.85,0.060000000000002274,83.82,115.9,83.88,561.7,2943.0,5379.2,83.82,64.6,SELL,3,83.82,115.9,83.81,1126.0,83.8,182.3,83.79,1508.8,83.78,10.0,83.88,561.7,83.89,645.1,83.9,335.8,83.91,2245.6,83.92,1591.0
1700000501.5,1003,83.85,0.04000000000000625,83.83,379.6,83.87,174.2,2442.5,7155.9,83.85,0.0,BUY,0,83.83,379.6,83.82,623.0,83.81,1211.2,83.8,149.7,83.79,79.0,83.87,174.2,83.88,20.7,83.89,614.0,83.9,1117.7,83.91,5229.3
1700000502.0,1004,83.85,0.060000000000002274,83.82,42.3,83.88,281.9,3132.8999999999996,2473.7999999999997,83.82,15.1,SELL,3,83.82,42.3,83.81,423.8,83.8,932.4,83.79,1211.6,83.78,522.8,83.88,281.9,83.89,959.1,83.9,12.1,83.91,810.1,83.92,410.6
1700000502.5,1005,83.86,0.060000000000002274,83.83,486.5,83.89,256.8,2290.5,2651.0,83.86,0.0,BUY,0,83.83,486.5,83.82,599.8,83.81,613.2,83.8,324.4,83.79,266.6,83.89,256.8,83.9,634.4,83.91,731.7,83.92,99.2,83.93,928.9
1700000503.0,1006,83.86,0.060000000000002274,83.83,910.0,83.89,151.6,3070.8999999999996,6052.1,83.86,0.0,BUY,0,83.83,910.0,83.82,171.6,83.81,1199.1,83.8,776.1,83.79,14.1,83.89,151.6,83.9,275.7,83.91,1413.0,83.92,2259.0,83.93,1952.8
1700000503.5,1007,83.85,0.060000000000002274,83.82,1122.0,83.88,592.9,4866.0,1718.2,83.85,0.0,BUY,0,83.82,1122.0,83.81,608.8,83.8,873.9,83.79,1674.0,83.78,587.3,83.88,592.9,83.89,176.9,83.9,196.6,83.91,127.3,83.92,624.5
1700000504.0,1008,83.85,0.060000000000002274,83.82,122.3,83.88,285.2,969.1,5176.3,83.88,121.0,BUY,1,83.82,122.3,83.81,354.7,83.8,169.1,83.79,85.5,83.78,237.5,83.88,285.2,83.89,491.8,83.9,347.0,83.91,3646.6,83.92,405.7
1700000504.5,1009,83.86,0.060000000000002274,83.83,366.2,83.89,96.3,668.4,4655.2,83.86,0.0,BUY,0,83.83,366.2,83.82,10.0,83.81,10.0,83.8,10.0,83.79,272.2,83.89,96.3,83.9,308.2,83.91,239.7,83.92,1115.8,83.93,2895.2
1700000505.0,1010,83.86,0.060000000000002274,83.83,154.9,83.89,630.6,2134.5,5648.5,83.83,148.3,SELL,3,83.83,154.9,83.82,263.4,83.81,56.3,83.8,617.9,83.79,1042.0,83.89,630.6,83.9,234.6,83.91,574.3,83.92,1524.6,83.93,2684.4
1700000505.5,1011,83.86,0.060000000000002274,83.83,863.7,83.89,594.4,8971.2,2427.0,83.83,5.0,SELL,1,83.83,863.7,83.82,1107.6,83.81,4646.0,83.8,836.6,83.79,1517.3,83.89,594.4,83.9,10.0,83.91,624.2,83.92,389.1,83.93,809.3
1700000506.0,1012,83.87,0.060000000000002274,83.84,605.8,83.9,142.8,2286.3,3552.8999999999996,83.9,24.6,BUY,3,83.84,605.8,83.83,158.6,83.82,1085.3,83.81,303.3,83.8,133.3,83.9,142.8,83.91,109.1,83.92,1832.2,83.93,1273.6,83.94,195.2
1700000506.5,1013,83.87,0.060000000000002274,83.84,213.6,83.9,46.6,3005.8,6083.599999999999,83.9,23.3,BUY,1,83.84,213.6,83.83,184.3,83.82,996.1,83.81,639.8,83.8,972.0,83.9,46.6,83.91,1390.5,83.92,132.8,83.93,2238.5,83.94,2275.2
1700000507.0,1014,83.87,0.04000000000000625,83.85,218.1,83.89,766.3,1878.6,8146.4,83.89,17.0,BUY,1,83.85,218.1,83.84,510.7,83.83,132.9,83.82,515.8,83.81,501.1,83.89,766.3,83.9,317.2,83.91,3616.6,83.92,64.9,83.93,3381.4
1700000507.5,1015,83.87,0.060000000000002274,83.84,397.3,83.9,1029.8,1940.4,4626.3,83.84,59.0,SELL,3,83.84,397.3,83.83,224.9,83.82,307.5,83.81,256.5,83.8,754.2,83.9,1029.8,83.91,872.0,83.92,1130.8,83.93,1159.9,83.94,433.8
1700000508.0,1016,83.87,0.060000000000002274,83.84,605.3,83.9,75.8,5122.7,1328.5,83.84,7.5,SELL,2,83.84,605.3,83.83,1262.6,83.82,134.9,83.81,254.3,83.8,2865.6,83.9,75.8,83.91,796.0,83.92,421.0,83.93,10.0,83.94,25.7
1700000508.5,1017,83.88,0.060000000000002274,83.85,445.1,83.91,129.4,4135.7,2455.3,83.85,56.2,SELL,2,83.85,445.1,83.84,533.1,83.83,877.3,83.82,1741.7,83.81,538.5,83.91,129.4,83.92,399.4,83.93,133.7,83.94,748.6,83.95,1044.2
1700000509.0,1018,83.88,0.060000000000002274,83.85,435.4,83.91,395.5,4732.2,3163.8999999999996,83.85,19.7,SELL,2,83.85,435.4,83.84,333.4,83.83,423.3,83.82,1652.5,83.81,1887.6,83.91,395.5,83.92,1547.4,83.93,1114.1,83.94,90.2,83.95,16.7
1700000509.5,1019,83.88,0.060000000000002274,83.85,1230.7,83.91,137.4,7232.3,2427.0,83.91,5.8,BUY,1,83.85,1230.7,83.84,534.2,83.83,378.3,83.82,2137.8,83.81,2951.3,83.91,137.4,83.92,192.0,83.93,387.4,83.94,1588.7,83.95,121.5
1700000510.0,1020,83.88,0.060000000000002274,83.85,596.0,83.91,44.9,6049.6,3024.1,83.85,20.0,SELL,4,83.85,596.0,83.84,297.3,83.83,1842.5,83.82,362.8,83.81,2951.0,83.91,44.9,83.92,219.4,83.93,1024.2,83.94,751.2,83.95,984.4
1700000510.5,1021,83.88,0.060000000000002274,83.85,346.2,83.91,354.2,1845.3,2271.9,83.91,5.0,BUY,2,83.85,346.2,83.84,92.0,83.83,863.9,83.82,376.2,83.81,167.0,83.91,354.2,83.92,150.2,83.93,80.6,83.94,351.5,83.95,1335.4
1700000511.0,1022,83.87,0.060000000000002274,83.84,57.5,83.9,222.3,4608.3,3125.8999999999996,83.84,15.7,SELL,2,83.84,57.5,83.83,617.9,83.82,1349.9,83.81,2163.0,83.8,420.0,83.9,222.3,83.91,34.3,83.92,1603.9,83.93,1093.7,83.94,171.7
1700000511.5,1023,83.87,0.060000000000002274,83.84,73.6,83.9,293.7,3372.9,4892.0,83.84,74.6,SELL,4,83.84,73.6,83.83,498.1,83.82,1048.6,83.81,320.6,83.8,1432.0,83.9,293.7,83.91,504.4,83.92,242.5,83.93,2162.7,83.94,1688.7
1700000512.0,1024,83.87,0.060000000000002274,83.84,1056.6,83.9,57.3,7099.200000000001,1990.6999999999998,83.9,105.3,BUY,4,83.84,1056.6,83.83,1894.2,83.82,114.4,83.81,67.1,83.8,3966.9,83.9,57.3,83.91,636.4,83.92,87.8,83.93,11.7,83.94,1197.5
1700000512.5,1025,83.88,0.060000000000002274,83.85,89.5,83.91,36.4,9756.800000000001,2480.9,83.88,0.0,BUY,0,83.85,89.5,83.84,820.0,83.83,679.4,83.82,7452.8,83.81,715.1,83.91,36.4,83.92,276.8,83.93,1353.6,83.94,118.4,83.95,695.7
1700000513.0,1026,83.89,0.03999999999999204,83.87,169.6,83.91,244.3,2616.3,3240.6,83.91,17.3,BUY,3,83.87,169.6,83.86,142.3,83.85,206.4,83.84,250.6,83.83,1847.4,83.91,244.3,83.92,149.7,83.93,572.1,83.94,248.9,83.95,2025.6
1700000513.5,1027,83.9,0.060000000000002274,83.87,29.8,83.93,395.1,9095.199999999999,5657.799999999999,83.87,43.6,SELL,2,83.87,29.8,83.86,492.1,83.85,1488.1,83.84,6599.9,83.83,485.3,83.93,395.1,83.94,619.8,83.95,1582.3,83.96,1306.6,83.97,1754.0
1700000514.0,1028,83.905,0.05000000000001137,83.88,176.9,83.93,183.3,3455.2000000000003,3033.6,83.93,6.2,BUY,1,83.88,176.9,83.87,564.7,83.86,931.3,83.85,1455.4,83.84,326.9,83.93,183.3,83.94,216.5,83.95,1110.3,83.96,235.3,83.97,1288.2
1700000514.5,1029,83.905,0.05000000000001137,83.88,502.1,83.93,142.0,2665.0,1971.1,83.905,0.0,BUY,0,83.88,502.1,83.87,64.5,83.86,223.7,83.85,954.4,83.84,920.3,83.93,142.0,83.94,229.9,83.95,625.7,83.96,444.9,83.97,528.6
1700000515.0,1030,83.905,0.05000000000001137,83.88,502.0,83.93,27.3,1718.8,2053.6,83.93,6.5,BUY,2,83.88,502.0,83.87,220.9,83.86,19.8,83.85,475.9,83.84,500.2,83.93,27.3,83.94,36.2,83.95,173.8,83.96,1379.5,83.97,436.8
1700000515.5,1031,83.89,0.060000000000002274,83.86,10.0,83.92,244.4,1843.2,4527.4,83.89,0.0,BUY,0,83.86,10.0,83.85,761.9,83.84,656.4,83.83,346.6,83.82,68.3,83.92,244.4,83.93,774.3,83.94,1274.6,83.95,1971.2,83.96,262.9
1700000516.0,1032,83.89,0.060000000000002274,83.86,343.7,83.92,1110.4,2196.8,7568.1,83.89,0.0,BUY,0,83.86,343.7,83.85,723.4,83.84,58.9,83.83,492.7,83.82,578.1,83.92,1110.4,83.93,492.3,83.94,2018.1,83.95,2681.8,83.96,1265.5
1700000516.5,1033,83.89,0.060000000000002274,83.86,179.1,83.92,400.4,4568.7,1377.0,83.92,25.8,BUY,3,83.86,179.1,83.85,149.0,83.84,157.3,83.83,1396.8,83.82,2686.5,83.92,400.4,83.93,300.3,83.94,230.4,83.95,10.0,83.96,435.9
1700000517.0,1034,83.89,0.060000000000002274,83.86,580.1,83.92,1104.4,3821.1000000000004,2494.7000000000003,83.92,75.4,BUY,1,83.86,580.1,83.85,1001.2,83.84,348.6,83.83,148.8,83.82,1742.4,83.92,1104.4,83.93,483.5,83.94,235.4,83.95,218.1,83.96,453.3
1700000517.5,1035,83.89,0.060000000000002274,83.86,1677.6,83.92,1255.6,8210.5,5067.2,83.92,103.8,BUY,3,83.86,1677.6,83.85,4294.5,83.84,792.1,83.83,125.2,83.82,1321.1,83.92,1255.6,83.93,389.2,83.94,1743.0,83.95,742.0,83.96,937.4
1700000518.0,1036,83.905,0.05000000000001137,83.88,157.2,83.93,21.7,4310.9,3049.9,83.93,74.7,BUY,2,83.88,157.2,83.87,1081.7,83.86,690.6,83.85,1666.9,83.84,714.5,83.93,21.7,83.94,774.7,83.95,635.0,83.96,181.3,83.97,1437.2
1700000518.5,1037,83.89,0.060000000000002274,83.86,250.7,83.92,744.5,3399.3999999999996,5595.5,83.86,30.9,SELL,3,83.86,250.7,83.85,332.7,83.84,2301.7,83.83,389.7,83.82,124.6,83.92,744.5,83.93,1260.3,83.94,294.3,83.95,664.1,83.96,2632.3
1700000519.0,1038,83.89,0.060000000000002274,83.86,114.2,83.92,79.4,2536.8,4377.8,83.89,0.0,BUY,0,83.86,114.2,83.85,31.7,83.84,278.8,83.83,498.2,83.82,1613.9,83.92,79.4,83.93,69.9,83.94,141.2,83.95,2640.9,83.96,1446.4
1700000519.5,1039,83.89,0.060000000000002274,83.86,342.5,83.92,665.6,3424.2,2389.5,83.86,34.0,SELL,1,83.86,342.5,83.85,1608.5,83.84,217.8,83.83,235.1,83.82,1020.3,83.92,665.6,83.93,251.3,83.94,201.8,83.95,477.7,83.96,793.1
1700000520.0,1040,83.88,0.060000000000002274,83.85,125.6,83.91,671.2,2525.8999999999996,2909.7,83.85,64.4,SELL,1,83.85,125.6,83.84,343.2,83.83,34.4,83.82,1274.9,83.81,747.8,83.91,671.2,83.92,18.8,83.93,1311.0,83.94,85.5,83.95,823.2
1700000520.5,1041,83.88,0.04000000000000625,83.86,1345.7,83.9,756.7,3834.1,6396.700000000001,83.88,0.0,BUY,0,83.86,1345.7,83.85,505.6,83.84,1573.1,83.83,34.1,83.82,375.6,83.9,756.7,83.91,178.2,83.92,1471.5,83.93,1362.0,83.94,2628.3
1700000521.0,1042,83.89,0.060000000000002274,83.86,10.0,83.92,551.6,2108.1,3161.8,83.92,78.8,BUY,6,83.86,10.0,83.85,52.3,83.84,326.4,83.83,407.8,83.82,1311.6,83.92,551.6,83.93,691.0,83.94,483.5,83.95,585.0,83.96,850.7
1700000521.5,1043,83.89,0.060000000000002274,83.86,1583.3,83.92,38.4,3058.4,5503.5,83.89,0.0,BUY,0,83.86,1583.3,83.85,545.6,83.84,469.4,83.83,249.2,83.82,210.9,83.92,38.4,83.93,1020.7,83.94,312.1,83.95,552.7,83.96,3579.6
1700000522.0,1044,83.89,0.060000000000002274,83.86,717.5,83.92,1221.2,2076.6,4214.7,83.86,9.6,SELL,1,83.86,717.5,83.85,196.7,83.84,531.6,83.83,310.1,83.82,320.7,83.92,1221.2,83.93,928.7,83.94,764.0,83.95,1083.1,83.96,217.7
1700000522.5,1045,83.89,0.03999999999999204,83.87,183.7,83.91,19.3,3312.6,1267.0,83.89,0.0,BUY,0,83.87,183.7,83.86,458.1,83.85,320.9,83.84,1848.4,83.83,501.5,83.91,19.3,83.92,382.1,83.93,228.4,83.94,604.3,83.95,32.9
1700000523.0,1046,83.89,0.03999999999999204,83.87,101.2,83.91,2489.5,6552.7,6073.700000000001,83.89,0.0,BUY,0,83.87,101.2,83.86,145.4,83.85,226.5,83.84,1128.6,83.83,4951.0,83.91,2489.5,83.92,913.5,83.93,1112.7,83.94,1128.9,83.95,429.1
1700000523.5,1047,83.89,0.060000000000002274,83.86,1522.0,83.92,353.7,12394.9,1723.5,83.86,8.4,SELL,3,83.86,1522.0,83.85,1544.1,83.84,1566.9,83.83,1898.5,83.82,5863.4,83.92,353.7,83.93,462.1,83.94,83.1,83.95,615.2,83.96,209.4
1700000524.0,1048,83.88,0.060000000000002274,83.85,95.5,83.91,2185.7,2993.3,4655.099999999999,83.91,25.7,BUY,1,83.85,95.5,83.84,176.9,83.83,2592.5,83.82,50.0,83.81,78.4,83.91,2185.7,83.92,62.3,83.93,777.8,83.94,1441.6,83.95,187.7
1700000524.5,1049,83.51,0.060000000000002274,83.48,223.7,83.54,25.8,3068.8,3152.6,83.54,30.4,BUY,1,83.48,223.7,83.47,384.1,83.46,1608.5,83.45,571.9,83.44,280.6,83.54,25.8,83.55,1587.6,83.56,1323.1,83.57,206.1,83.58,10.0
1700000525.0,1050,83.51,0.060000000000002274,83.48,130.0,83.54,671.0,5034.8,5351.0,83.51,0.0,BUY,0,83.48,130.0,83.47,337.0,83.46,862.5,83.45,2940.1,83.44,765.2,83.54,671.0,83.55,1517.0,83.56,1068.1,83.57,2058.6,83.58,36.3
1700000525.5,1051,83.51,0.060000000000002274,83.48,632.2,83.54,1860.0,2903.7,9232.3,83.51,0.0,BUY,0,83.48,632.2,83.47,736.6,83.46,461.3,83.45,428.3,83.44,645.3,83.54,1860.0,83.55,536.4,83.56,1720.3,83.57,1142.4,83.58,3973.2
1700000526.0,1052,83.51,0.060000000000002274,83.48,114.3,83.54,81.5,1507.1000000000001,3149.1,83.54,87.0,BUY,1,83.48,114.3,83.47,633.6,83.46,619.0,83.45,126.3,83.44,13.9,83.54,81.5,83.55,540.8,83.56,1058.7,83.57,1458.1,83.58,10.0
1700000526.5,1053,83.51,0.060000000000002274,83.48,208.3,83.54,360.7,481.40000000000003,2785.8,83.48,62.9,SELL,1,83.48,208.3,83.47,17.9,83.46,146.4,83.45,10.5,83.44,98.3,83.54,360.7,83.55,367.5,83.56,373.7,83.57,380.0,83.58,1303.9
1700000527.0,1054,83.51,0.060000000000002274,83.48,562.6,83.54,2043.6,1986.3,7462.099999999999,83.48,132.6,SELL,1,83.48,562.6,83.47,340.8,83.46,222.6,83.45,218.1,83.44,642.2,83.54,2043.6,83.55,1508.5,83.56,1346.2,83.57,1991.1,83.58,572.7
1700000527.5,1055,83.51,0.060000000000002274,83.48,300.1,83.54,308.1,3493.7,3728.9,83.51,0.0,BUY,0,83.48,300.1,83.47,514.7,83.46,830.6,83.45,805.8,83.44,1042.5,83.54,308.1,83.55,1223.5,83.56,177.9,83.57,670.9,83.58,1348.5
1700000528.0,1056,83.52,0.060000000000002274,83.49,836.3,83.55,958.5,2995.2,7004.9,83.55,47.3,BUY,1,83.49,836.3,83.48,39.9,83.47,428.5,83.46,1627.7,83.45,62.8,83.55,958.5,83.56,850.8,83.57,602.0,83.58,974.5,83.59,3619.1
1700000528.5,1057,83.53,0.060000000000002274,83.5,528.5,83.56,923.9,3847.0,5781.9,83.56,70.5,BUY,3,83.5,528.5,83.49,377.7,83.48,77.7,83.47,628.8,83.46,2234.3,83.56,923.9,83.57,139.7,83.58,79.8,83.59,2690.9,83.6,1947.6
1700000529.0,1058,83.53,0.060000000000002274,83.5,127.8,83.56,354.5,5660.9,2533.7,83.5,18.3,SELL,3,83.5,127.8,83.49,1796.6,83.48,339.0,83.47,1775.3,83.46,1622.2,83.56,354.5,83.57,28.5,83.58,1289.2,83.59,462.8,83.6,398.7
1700000529.5,1059,83.53,0.060000000000002274,83.5,491.4,83.56,654.8,4274.900000000001,8869.2,83.53,0.0,BUY,0,83.5,491.4,83.49,213.0,83.48,1916.5,83.47,464.8,83.46,1189.2,83.56,654.8,83.57,1803.0,83.58,2466.3,83.59,2858.2,83.6,1086.9
1700000530.0,1060,83.53,0.060000000000002274,83.5,113.2,83.56,672.9,3648.3,2563.9,83.5,19.0,SELL,1,83.5,113.2,83.49,526.2,83.48,1205.0,83.47,676.5,83.46,1127.4,83.56,672.9,83.57,947.1,83.58,476.0,83.59,138.9,83.6,329.0
1700000530.5,1061,83.53,0.060000000000002274,83.5,251.2,83.56,1245.9,2986.2,4944.400000000001,83.5,30.4,SELL,2,83.5,251.2,83.49,1190.6,83.48,236.1,83.47,1128.2,83.46,180.1,83.56,1245.9,83.57,472.9,83.58,1171.6,83.59,1140.2,83.6,913.8
1700000531.0,1062,83.53,0.060000000000002274,83.5,69.2,83.56,99.9,1631.0,4045.2999999999997,83.56,5.0,BUY,1,83.5,69.2,83.49,296.4,83.48,711.9,83.47,258.6,83.46,294.9,83.56,99.9,83.57,299.0,83.58,499.7,83.59,2627.6,83.6,519.1
1700000531.5,1063,83.53,0.060000000000002274,83.5,42.0,83.56,125.2,4112.0,5202.6,83.53,0.0,BUY,0,83.5,42.0,83.49,2531.7,83.48,1454.4,83.47,55.4,83.46,28.5,83.56,125.2,83.57,959.1,83.58,62.4,83.59,2021.7,83.6,2034.2
1700000532.0,1064,83.53,0.060000000000002274,83.5,36.4,83.56,166.1,2172.7,2630.2,83.53,0.0,BUY,0,83.5,36.4,83.49,348.8,83.48,817.3,83.47,552.6,83.46,417.6,83.56,166.1,83.57,10.0,83.58,1097.4,83.59,579.5,83.6,777.2
1700000532.5,1065,83.52,0.060000000000002274,83.49,512.0,83.55,607.2,6220.6,5049.900000000001,83.52,0.0,BUY,0,83.49,512.0,83.48,110.5,83.47,1557.0,83.46,2473.2,83.45,1567.9,83.55,607.2,83.56,2426.4,83.57,837.9,83.58,895.1,83.59,283.3
1700000533.0,1066,83.52,0.060000000000002274,83.49,560.1,83.55,70.9,2774.3,2861.7,83.49,11.9,SELL,1,83.49,560.1,83.48,245.2,83.47,598.3,83.46,610.4,83.45,760.3,83.55,70.9,83.56,848.1,83.57,122.4,83.58,1207.5,83.59,612.8
1700000533.5,1067,83.52,0.060000000000002274,83.49,101.7,83.55,293.2,1048.7,4068.2,83.49,135.1,SELL,2,83.49,101.7,83.48,10.0,83.47,682.1,83.46,41.0,83.45,213.9,83.55,293.2,83.56,852.7,83.57,303.6,83.58,760.9,83.59,1857.8
1700000534.0,1068,83.52,0.060000000000002274,83.49,250.0,83.55,488.7,2459.4,2729.3,83.55,49.2,BUY,2,83.49,250.0,83.48,1589.9,83.47,92.7,83.46,180.7,83.45,346.1,83.55,488.7,83.56,179.6,83.57,730.1,83.58,230.7,83.59,1100.2
1700000534.5,1069,83.53,0.060000000000002274,83.5,232.3,83.56,231.3,2529.3,1885.3,83.5,87.7,SELL,5,83.5,232.3,83.49,76.6,83.48,150.1,83.47,627.6,83.46,1442.7,83.56,231.3,83.57,510.1,83.58,743.7,83.59,164.6,83.6,235.6
1700000535.0,1070,83.54499999999999,0.04999999999999716,83.52,98.3,83.57,1268.8,2113.4,3331.7,83.57,8.7,BUY,1,83.52,98.3,83.51,637.0,83.5,755.0,83.49,526.2,83.48,96.9,83.57,1268.8,83.58,460.1,83.59,132.8,83.6,653.8,83.61,816.2
1700000535.5,1071,83.55,0.060000000000002274,83.52,891.4,83.58,1082.6,3338.0,5127.4,83.52,50.8,SELL,3,83.52,891.4,83.51,345.9,83.5,1071.2,83.49,581.5,83.48,448.0,83.58,1082.6,83.59,533.8,83.6,1965.6,83.61,376.9,83.62,1168.5
1700000536.0,1072,83.55,0.060000000000002274,83.52,75.9,83.58,206.3,3358.6,2526.5,83.58,43.0,BUY,5,83.52,75.9,83.51,153.1,83.5,2138.2,83.49,564.8,83.48,426.6,83.58,206.3,83.59,488.7,83.6,361.3,83.61,416.7,83.62,1053.5
1700000536.5,1073,83.54499999999999,0.04999999999999716,83.52,56.2,83.57,127.0,1983.7,3078.8999999999996,83.57,23.1,BUY,2,83.52,56.2,83.51,369.9,83.5,626.4,83.49,770.8,83.48,160.4,83.57,127.0,83.58,940.5,83.59,660.7,83.6,1258.5,83.61,92.2
1700000537.0,1074,83.54499999999999,0.04999999999999716,83.52,340.6,83.57,556.2,5788.1,1359.4,83.57,6.3,BUY,2,83.52,340.6,83.51,879.1,83.5,1408.1,83.49,3024.5,83.48,135.8,83.57,556.2,83.58,129.9,83.59,266.1,83.6,100.3,83.61,306.9
1700000537.5,1075,83.54499999999999,0.04999999999999716,83.52,1729.0,83.57,553.8,3783.8999999999996,3238.7,83.54499999999999,0.0,BUY,0,83.52,1729.0,83.51,1190.9,83.5,12.7,83.49,288.7,83.48,562.6,83.57,553.8,83.58,384.0,83.59,315.9,83.6,753.9,83.61,1231.1
1700000538.0,1076,83.53999999999999,0.04000000000000625,83.52,908.2,83.56,379.2,5778.700000000001,2186.9,83.52,97.2,SELL,1,83.52,908.2,83.51,1052.8,83.5,94.5,83.49,671.8,83.48,3051.4,83.56,379.2,83.57,535.7,83.58,310.5,83.59,556.5,83.6,405.0
1700000538.5,1077,83.54499999999999,0.04999999999999716,83.52,705.9,83.57,891.5,4779.900000000001,3959.2999999999997,83.57,5.0,BUY,1,83.52,705.9,83.51,139.2,83.5,1034.8,83.49,2419.4,83.48,480.6,83.57,891.5,83.58,273.8,83.59,1605.8,83.6,698.5,83.61,489.7
1700000539.0,1078,83.55,0.060000000000002274,83.52,117.4,83.58,154.5,4016.6000000000004,2737.5,83.58,95.5,BUY,1,83.52,117.4,83.51,2162.3,83.5,184.4,83.49,980.8,83.48,571.7,83.58,154.5,83.59,187.0,83.6,34.5,83.61,1877.1,83.62,484.4
1700000539.5,1079,83.55,0.03999999999999204,83.53,141.4,83.57,589.3,7427.6,4122.7,83.57,24.3,BUY,1,83.53,141.4,83.52,392.7,83.51,5072.4,83.5,776.6,83.49,1044.5,83.57,589.3,83.58,299.6,83.59,2687.3,83.6,290.1,83.61,256.4
1700000540.0,1080,83.55,0.060000000000002274,83.52,13.4,83.58,301.2,2890.6,3052.9999999999995,83.55,0.0,BUY,0,83.52,13.4,83.51,479.5,83.5,884.3,83.49,1047.9,83.48,465.5,83.58,301.2,83.59,2038.5,83.6,303.7,83.61,52.0,83.62,357.6
1700000540.5,1081,83.55,0.060000000000002274,83.52,84.0,83.58,119.8,1775.9,1582.3,83.55,0.0,BUY,0,83.52,84.0,83.51,606.3,83.5,216.0,83.49,358.2,83.48,511.4,83.58,119.8,83.59,90.0,83.6,610.4,83.61,257.8,83.62,504.3
1700000541.0,1082,83.54499999999999,0.04999999999999716,83.52,81.3,83.57,885.2,2468.7,2750.5,83.54499999999999,0.0,BUY,0,83.52,81.3,83.51,53.5,83.5,525.8,83.49,130.7,83.48,1677.4,83.57,885.2,83.58,155.0,83.59,833.5,83.6,860.7,83.61,16.1
1700000541.5,1083,83.54499999999999,0.04999999999999716,83.52,1548.0,83.57,87.1,5641.699999999999,7450.8,83.54499999999999,0.0,BUY,0,83.52,1548.0,83.51,1386.7,83.5,393.7,83.49,1859.4,83.48,453.9,83.57,87.1,83.58,520.6,83.59,2840.1,83.6,1154.7,83.61,2848.3
1700000542.0,1084,83.54499999999999,0.04999999999999716,83.52,48.4,83.57,234.0,1181.9,4089.1,83.54499999999999,0.0,BUY,0,83.52,48.4,83.51,262.1,83.5,384.1,83.49,255.6,83.48,231.7,83.57,234.0,83.58,815.3,83.59,265.3,83.6,985.1,83.61,1789.4
1700000542.5,1085,83.54499999999999,0.04999999999999716,83.52,182.4,83.57,410.6,2143.6,2716.1000000000004,83.57,12.3,BUY,4,83.52,182.4,83.51,1324.7,83.5,512.4,83.49,70.4,83.48,53.7,83.57,410.6,83.58,767.7,83.59,570.2,83.6,614.1,83.61,353.5
1700000543.0,1086,83.53999999999999,0.05999999999998806,83.51,181.2,83.57,651.8,3501.2,2193.8,83.57,7.9,BUY,4,83.51,181.2,83.5,711.8,83.49,1037.8,83.48,71.4,83.47,1499.0,83.57,651.8,83.58,728.1,83.59,160.3,83.6,281.8,83.61,371.8
1700000543.5,1087,83.54499999999999,0.04999999999999716,83.52,435.0,83.57,157.9,2344.3999999999996,1634.1,83.52,17.9,SELL,5,83.52,435.0,83.51,656.5,83.5,242.3,83.49,86.1,83.48,924.5,83.57,157.9,83.58,173.0,83.59,938.2,83.6,188.0,83.61,177.0
1700000544.0,1088,83.55,0.060000000000002274,83.52,650.1,83.58,361.2,2643.5,4684.7,83.52,5.0,SELL,3,83.52,650.1,83.51,398.4,83.5,79.8,83.49,1073.7,83.48,441.5,83.58,361.2,83.59,2331.3,83.6,529.6,83.61,1452.6,83.62,10.0
1700000544.5,1089,83.55,0.03999999999999204,83.53,94.7,83.57,1090.3,5211.200000000001,2775.5999999999995,83.57,14.6,BUY,1,83.53,94.7,83.52,1432.9,83.51,17.5,83.5,326.2,83.49,3339.9,83.57,1090.3,83.58,330.3,83.59,935.6,83.6,350.7,83.61,68.7
1700000545.0,1090,83.55,0.060000000000002274,83.52,71.9,83.58,116.8,1993.1,2867.6,83.58,125.0,BUY,1,83.52,71.9,83.51,230.7,83.5,1060.5,83.49,461.6,83.48,168.4,83.58,116.8,83.59,237.9,83.6,360.7,83.61,1781.2,83.62,371.0
1700000545.5,1091,83.55,0.060000000000002274,83.52,1093.2,83.58,674.3,2133.1,7144.2,83.52,76.4,SELL,2,83.52,1093.2,83.51,10.0,83.5,922.4,83.49,73.1,83.48,34.4,83.58,674.3,83.59,235.9,83.6,785.4,83.61,222.4,83.62,5226.2
1700000546.0,1092,83.56,0.060000000000002274,83.53,286.1,83.59,752.7,3623.5,4640.999999999999,83.59,101.5,BUY,1,83.53,286.1,83.52,203.2,83.51,289.2,83.5,1958.8,83.49,886.2,83.59,752.7,83.6,991.8,83.61,2473.9,83.62,221.9,83.63,200.7
1700000546.5,1093,83.55,0.060000000000002274,83.52,347.9,83.58,36.3,5054.299999999999,3867.2,83.52,83.8,SELL,2,83.52,347.9,83.51,892.8,83.5,457.9,83.49,2029.8,83.48,1325.9,83.58,36.3,83.59,1108.4,83.6,1036.2,83.61,1345.6,83.62,340.7
1700000547.0,1094,83.55,0.03999999999999204,83.53,77.8,83.57,773.0,1738.6,5823.2,83.57,7.2,BUY,3,83.53,77.8,83.52,83.5,83.51,63.3,83.5,447.5,83.49,1066.5,83.57,773.0,83.58,171.2,83.59,1629.4,83.6,2280.7,83.61,968.9
1700000547.5,1095,83.55,0.060000000000002274,83.52,219.9,83.58,1306.3,3020.0,4874.1,83.52,272.8,SELL,3,83.52,219.9,83.51,501.9,83.5,717.6,83.49,1213.6,83.48,367.0,83.58,1306.3,83.59,464.1,83.6,939.6,83.61,779.9,83.62,1384.2
1700000548.0,1096,83.55,0.060000000000002274,83.52,262.9,83.58,190.2,3293.5,4270.6,83.58,62.7,BUY,3,83.52,262.9,83.51,56.6,83.5,1310.6,83.49,1231.7,83.48,431.7,83.58,190.2,83.59,362.5,83.6,689.7,83.61,1491.9,83.62,1536.3
1700000548.5,1097,83.53999999999999,0.04000000000000625,83.52,57.8,83.56,338.6,2344.2,4750.5,83.53999999999999,0.0,BUY,0,83.52,57.8,83.51,295.8,83.5,1524.9,83.49,181.2,83.48,284.5,83.56,338.6,83.57,1763.9,83.58,39.4,83.59,2467.1,83.6,141.5
1700000549.0,1098,83.54499999999999,0.04999999999999716,83.52,285.2,83.57,1001.7,3636.2000000000003,2411.4,83.57,76.0,BUY,2,83.52,285.2,83.51,1656.4,83.5,161.1,83.49,568.5,83.48,965.0,83.57,1001.7,83.58,108.5,83.59,365.1,83.6,926.1,83.61,10.0
1700000549.5,1099,83.53999999999999,0.04000000000000625,83.52,465.3,83.56,17.5,4173.4,3801.3,83.52,11.1,SELL,3,83.52,465.3,83.51,24.1,83.5,1091.9,83.49,265.5,83.48,2326.6,83.56,17.5,83.57,505.1,83.58,26.1,83.59,2074.9,83.6,1177.7
1700000550.0,1100,83.54499999999999,0.04999999999999716,83.52,52.9,83.57,655.5,4227.0,3945.7,83.57,18.6,BUY,1,83.52,52.9,83.51,985.0,83.5,1954.9,83.49,1000.3,83.48,233.9,83.57,655.5,83.58,644.6,83.59,602.7,83.6,307.8,83.61,1735.1
1700000550.5,1101,77.47,0.060000000000002274,77.44,823.2,77.5,390.0,4514.5,1845.1,77.5,28.1,BUY,3,77.44,823.2,77.43,150.9,77.42,132.6,77.41,736.2,77.4,2671.6,77.5,390.0,77.51,333.8,77.52,433.9,77.53,39.4,77.54,648.0
1700000551.0,1102,77.47,0.060000000000002274,77.44,139.0,77.5,254.0,3546.3,1451.1,77.5,45.5,BUY,4,77.44,139.0,77.43,304.0,77.42,843.6,77.41,319.4,77.4,1940.3,77.5,254.0,77.51,44.7,77.52,19.8,77.53,869.5,77.54,263.1
1700000551.5,1103,77.47,0.03999999999999204,77.45,268.4,77.49,98.4,2250.2,1147.9,77.49,127.0,BUY,2,77.45,268.4,77.44,53.2,77.43,19.5,77.42,1706.6,77.41,202.5,77.49,98.4,77.5,492.4,77.51,10.0,77.52,225.1,77.53,322.0
1700000552.0,1104,77.47,0.060000000000002274,77.44,1250.3,77.5,287.4,3154.9,2619.6000000000004,77.5,139.6,BUY,4,77.44,1250.3,77.43,524.3,77.42,1267.2,77.41,83.1,77.4,30.0,77.5,287.4,77.51,1105.1,77.52,210.2,77.53,237.2,77.54,779.7
1700000552.5,1105,77.47,0.060000000000002274,77.44,249.4,77.5,17.3,6190.9,1606.6,77.5,19.7,BUY,2,77.44,249.4,77.43,159.3,77.42,2752.8,77.41,280.2,77.4,2749.2,77.5,17.3,77.51,81.8,77.52,1230.2,77.53,226.1,77.54,51.2
1700000553.0,1106,77.45500000000001,0.04999999999999716,77.43,52.6,77.48,98.1,3157.7,2980.3,77.48,23.1,BUY,1,77.43,52.6,77.42,137.2,77.41,243.4,77.4,1393.6,77.39,1330.9,77.48,98.1,77.49,498.6,77.5,499.9,77.51,309.9,77.52,1573.8
1700000553.5,1107,77.47,0.060000000000002274,77.44,666.3,77.5,1378.2,4562.9,2812.2,77.44,29.8,SELL,1,77.44,666.3,77.43,523.2,77.42,2639.7,77.41,257.6,77.4,476.1,77.5,1378.2,77.51,354.5,77.52,266.3,77.53,737.6,77.54,75.6
1700000554.0,1108,77.47,0.03999999999999204,77.45,140.6,77.49,569.9,1935.0,3176.4,77.49,15.6,BUY,2,77.45,140.6,77.44,239.8,77.43,263.3,77.42,13.0,77.41,1278.3,77.49,569.9,77.5,453.1,77.51,121.0,77.52,1532.9,77.53,499.5
1700000554.5,1109,77.47,0.060000000000002274,77.44,1319.4,77.5,238.4,4289.0,1831.5,77.5,38.2,BUY,2,77.44,1319.4,77.43,65.1,77.42,2083.6,77.41,557.9,77.4,263.0,77.5,238.4,77.51,27.3,77.52,184.0,77.53,329.3,77.54,1052.5
1700000555.0,1110,77.47,0.060000000000002274,77.44,410.6,77.5,419.0,3251.2999999999997,7503.700000000001,77.5,20.3,BUY,1,77.44,410.6,77.43,1071.1,77.42,241.5,77.41,1302.4,77.4,225.7,77.5,419.0,77.51,589.8,77.52,302.0,77.53,2389.3,77.54,3803.6
1700000555.5,1111,77.47,0.060000000000002274,77.44,94.2,77.5,536.2,1883.2,4787.599999999999,77.44,118.4,SELL,2,77.44,94.2,77.43,244.3,77.42,455.3,77.41,583.1,77.4,506.3,77.5,536.2,77.51,240.4,77.52,1000.5,77.53,2905.2,77.54,105.3
1700000556.0,1112,73.39,0.060000000000002274,73.36,159.3,73.42,31.4,2598.2,3670.8,73.36,10.8,SELL,2,73.36,159.3,73.35,140.2,73.34,124.4,73.33,1886.6,73.32,287.7,73.42,31.4,73.43,965.2,73.44,1811.9,73.45,725.3,73.46,137.0
1700000556.5,1113,71.8,0.060000000000002274,71.77,587.0,71.83,902.7,3205.2000000000003,4343.0,71.83,87.9,BUY,5,71.77,587.0,71.76,12.4,71.75,10.0,71.74,2581.0,71.73,14.8,71.83,902.7,71.84,1197.0,71.85,146.7,71.86,526.2,71.87,1570.4
1700000557.0,1114,71.8,0.060000000000002274,71.77,10.0,71.83,61.1,4227.1,1978.1000000000001,71.83,78.9,BUY,1,71.77,10.0,71.76,305.3,71.75,1187.9,71.74,2198.1,71.73,525.8,71.83,61.1,71.84,174.8,71.85,145.8,71.86,54.0,71.87,1542.4
1700000557.5,1115,71.8,0.060000000000002274,71.77,692.7,71.83,977.7,2931.8999999999996,4252.8,71.77,379.5,SELL,3,71.77,692.7,71.76,519.4,71.75,595.3,71.74,374.9,71.73,749.6,71.83,977.7,71.84,1237.2,71.85,1585.5,71.86,398.8,71.87,53.6
1700000558.0,1116,71.8,0.060000000000002274,71.77,597.1,71.83,1202.0,3968.2000000000003,4075.7999999999997,71.77,19.1,SELL,1,71.77,597.1,71.76,322.6,71.75,1089.7,71.74,108.4,71.73,1850.4,71.83,1202.0,71.84,313.0,71.85,405.6,71.86,2094.2,71.87,61.0
1700000558.5,1117,71.81,0.060000000000002274,71.78,346.9,71.84,286.3,1021.5999999999999,5824.6,71.84,5.4,BUY,2,71.78,346.9,71.77,121.1,71.76,37.6,71.75,87.3,71.74,428.7,71.84,286.3,71.85,2014.8,71.86,2014.7,71.87,101.6,71.88,1407.2
1700000559.0,1118,71.8,0.060000000000002274,71.77,453.0,71.83,1229.1,1512.8,7060.1,71.83,13.5,BUY,2,71.77,453.0,71.76,471.5,71.75,10.0,71.74,527.2,71.73,51.1,71.83,1229.1,71.84,10.0,71.85,4779.9,71.86,385.0,71.87,656.1
1700000559.5,1119,71.8,0.060000000000002274,71.77,561.1,71.83,79.8,2857.1000000000004,3534.1,71.83,56.3,BUY,3,71.77,561.1,71.76,620.7,71.75,589.3,71.74,1074.7,71.73,11.3,71.83,79.8,71.84,352.9,71.85,1285.1,71.86,596.8,71.87,1219.5
1700000560.0,1120,71.81,0.060000000000002274,71.78,779.7,71.84,481.7,9487.1,4537.7,71.78,34.1,SELL,1,71.78,779.7,71.77,159.5,71.76,732.6,71.75,6597.9,71.74,1217.4,71.84,481.7,71.85,135.9,71.86,1768.4,71.87,1687.6,71.88,464.1
1700000560.5,1121,71.815,0.04999999999999716,71.79,285.4,71.84,387.8,2647.6,2012.2,71.79,66.6,SELL,2,71.79,285.4,71.78,577.8,71.77,860.0,71.76,153.5,71.75,770.9,71.84,387.8,71.85,298.1,71.86,240.3,71.87,250.8,71.88,835.2
1700000561.0,1122,71.81,0.060000000000002274,71.78,1147.6,71.84,129.7,4287.2,2054.7,71.84,5.0,BUY,1,71.78,1147.6,71.77,98.1,71.76,1183.1,71.75,591.2,71.74,1267.2,71.84,129.7,71.85,514.6,71.86,403.2,71.87,346.5,71.88,660.7
1700000561.5,1123,71.815,0.04999999999999716,71.79,70.4,71.84,452.5,1473.7,3576.7999999999997,71.79,19.7,SELL,1,71.79,70.4,71.78,573.7,71.77,245.9,71.76,102.1,71.75,481.6,71.84,452.5,71.85,1359.1,71.86,163.1,71.87,83.6,71.88,1518.5
1700000562.0,1124,71.83,0.060000000000002274,71.8,40.6,71.86,223.9,4616.4,1705.0000000000002,71.86,5.5,BUY,2,71.8,40.6,71.79,539.3,71.78,310.8,71.77,3647.3,71.76,78.4,71.86,223.9,71.87,373.3,71.88,1041.7,71.89,22.2,71.9,43.9
1700000562.5,1125,71.82,0.05999999999998806,71.79,535.8,71.85,290.9,1949.8,4471.5,71.85,30.2,BUY,2,71.79,535.8,71.78,207.7,71.77,174.3,71.76,971.3,71.75,60.7,71.85,290.9,71.86,283.5,71.87,3138.6,71.88,688.4,71.89,70.1
1700000563.0,1126,71.83,0.060000000000002274,71.8,44.7,71.86,4268.7,5662.1,7139.9,71.8,144.7,SELL,2,71.8,44.7,71.79,1544.8,71.78,207.9,71.77,3186.1,71.76,678.6,71.86,4268.7,71.87,710.6,71.88,998.8,71.89,92.4,71.9,1069.4
1700000563.5,1127,71.83,0.060000000000002274,71.8,571.0,71.86,10.1,5489.6,1379.0,71.8,34.7,SELL,4,71.8,571.0,71.79,34.8,71.78,2241.7,71.77,232.3,71.76,2409.8,71.86,10.1,71.87,26.1,71.88,44.8,71.89,75.1,71.9,1222.9
1700000564.0,1128,71.83,0.060000000000002274,71.8,524.8,71.86,1023.7,7862.700000000001,1889.7,71.86,8.4,BUY,1,71.8,524.8,71.79,638.0,71.78,2152.3,71.77,1768.1,71.76,2779.5,71.86,1023.7,71.87,10.0,71.88,308.6,71.89,349.8,71.9,197.6
1700000564.5,1129,71.83,0.060000000000002274,71.8,76.3,71.86,1384.2,5401.3,5538.2,71.8,40.8,SELL,2,71.8,76.3,71.79,1253.1,71.78,2547.5,71.77,1346.6,71.76,177.8,71.86,1384.2,71.87,957.7,71.88,1726.7,71.89,1454.9,71.9,14.7
1700000565.0,1130,71.84,0.060000000000002274,71.81,1552.4,71.87,46.5,9241.9,4218.2,71.87,157.8,BUY,4,71.81,1552.4,71.8,1747.9,71.79,1502.1,71.78,869.8,71.77,3569.7,71.87,46.5,71.88,1081.1,71.89,1815.9,71.9,1237.3,71.91,37.4
1700000565.5,1131,71.84,0.060000000000002274,71.81,1014.7,71.87,15.7,5233.2,3157.7,71.81,16.4,SELL,3,71.81,1014.7,71.8,128.4,71.79,329.0,71.78,914.9,71.77,2846.2,71.87,15.7,71.88,113.3,71.89,1395.9,71.9,1376.1,71.91,256.7
1700000566.0,1132,71.84,0.060000000000002274,71.81,235.9,71.87,243.0,3968.5999999999995,2586.3,71.81,5.0,SELL,2,71.81,235.9,71.8,507.6,71.79,1504.2,71.78,1063.2,71.77,657.7,71.87,243.0,71.88,447.1,71.89,1415.7,71.9,124.1,71.91,356.4
1700000566.5,1133,71.83,0.060000000000002274,71.8,494.7,71.86,2378.1,5063.1,5597.2,71.86,27.0,BUY,2,71.8,494.7,71.79,1005.9,71.78,887.6,71.77,1319.8,71.76,1355.1,71.86,2378.1,71.87,1875.3,71.88,662.6,71.89,514.9,71.9,166.3
1700000567.0,1134,71.84,0.060000000000002274,71.81,270.2,71.87,44.4,5783.4,1728.0,71.87,5.0,BUY,1,71.81,270.2,71.8,568.1,71.79,1329.5,71.78,51.1,71.77,3564.5,71.87,44.4,71.88,1478.9,71.89,113.8,71.9,76.8,71.91,14.1
1700000567.5,1135,71.85,0.060000000000002274,71.82,104.5,71.88,35.5,5822.299999999999,8563.4,71.82,5.0,SELL,1,71.82,104.5,71.81,303.6,71.8,10.0,71.79,2240.5,71.78,3163.7,71.88,35.5,71.89,324.9,71.9,1789.8,71.91,64.6,71.92,6348.6
1700000568.0,1136,71.85,0.060000000000002274,71.82,946.9,71.88,198.0,2875.4000000000005,2363.9,71.88,5.0,BUY,1,71.82,946.9,71.81,287.0,71.8,969.2,71.79,353.9,71.78,318.4,71.88,198.0,71.89,136.6,71.9,458.8,71.91,784.4,71.92,786.1
1700000568.5,1137,71.84,0.060000000000002274,71.81,604.6,71.87,553.6,6633.3,1860.8,71.81,12.7,SELL,5,71.81,604.6,71.8,1293.8,71.79,515.2,71.78,13.3,71.77,4206.4,71.87,553.6,71.88,737.6,71.89,10.0,71.9,83.3,71.91,476.3
1700000569.0,1138,71.85,0.060000000000002274,71.82,43.3,71.88,87.5,2298.3999999999996,3645.7,71.82,12.6,SELL,1,71.82,43.3,71.81,1417.0,71.8,19.6,71.79,566.0,71.78,252.5,71.88,87.5,71.89,518.1,71.9,215.1,71.91,89.8,71.92,2735.2
1700000569.5,1139,71.84,0.060000000000002274,71.81,109.5,71.87,97.4,1872.5,1435.2,71.84,0.0,BUY,0,71.81,109.5,71.8,593.2,71.79,128.3,71.78,944.2,71.77,97.3,71.87,97.4,71.88,181.8,71.89,293.8,71.9,50.1,71.91,812.1
1700000570.0,1140,71.84,0.060000000000002274,71.81,84.0,71.87,94.7,1447.8999999999999,2099.8,71.81,20.0,SELL,1,71.81,84.0,71.8,209.0,71.79,730.8,71.78,394.0,71.77,30.1,71.87,94.7,71.88,672.7,71.89,619.9,71.9,240.6,71.91,471.9
1700000570.5,1141,71.84,0.060000000000002274,71.81,719.2,71.87,591.9,4576.6,5152.000000000001,71.87,12.7,BUY,2,71.81,719.2,71.8,2954.3,71.79,148.4,71.78,119.2,71.77,635.5,71.87,591.9,71.88,2774.9,71.89,1283.9,71.9,485.0,71.91,16.3
1700000571.0,1142,71.84,0.060000000000002274,71.81,1099.0,71.87,22.3,3601.2,3277.4,71.87,165.7,BUY,4,71.81,1099.0,71.8,365.7,71.79,264.2,71.78,1673.1,71.77,199.2,71.87,22.3,71.88,825.8,71.89,129.8,71.9,1850.7,71.91,448.8
1700000571.5,1143,71.83,0.03999999999999204,71.81,1879.3,71.85,613.5,10562.5,5530.2,71.85,67.6,BUY,2,71.81,1879.3,71.8,2333.0,71.79,1297.4,71.78,2163.6,71.77,2889.2,71.85,613.5,71.86,798.3,71.87,31.5,71.88,3759.5,71.89,327.4
1700000572.0,1144,71.83,0.03999999999999204,71.81,10.0,71.85,361.7,3680.3,6207.2,71.85,5.0,BUY,4,71.81,10.0,71.8,115.7,71.79,132.3,71.78,553.7,71.77,2868.6,71.85,361.7,71.86,305.0,71.87,1177.5,71.88,2325.5,71.89,2037.5
1700000572.5,1145,71.83,0.060000000000002274,71.8,1098.4,71.86,319.8,8679.800000000001,2598.7,71.86,41.2,BUY,4,71.8,1098.4,71.79,2551.8,71.78,819.0,71.77,3578.0,71.76,632.6,71.86,319.8,71.87,261.8,71.88,120.6,71.89,838.9,71.9,1057.6
1700000573.0,1146,71.83,0.03999999999999204,71.81,20.5,71.85,923.7,2401.4,4795.0,71.85,11.9,BUY,4,71.81,20.5,71.8,193.6,71.79,311.8,71.78,1712.5,71.77,163.0,71.85,923.7,71.86,231.6,71.87,521.0,71.88,153.7,71.89,2965.0
1700000573.5,1147,71.83,0.060000000000002274,71.8,607.7,71.86,35.1,3761.9,2565.8,71.86,25.3,BUY,2,71.8,607.7,71.79,84.6,71.78,798.2,71.77,1759.6,71.76,511.8,71.86,35.1,71.87,596.0,71.88,1724.2,71.89,153.5,71.9,57.0
1700000574.0,1148,71.82,0.04000000000000625,71.8,410.4,71.84,31.4,8693.0,3021.2000000000003,71.82,0.0,BUY,0,71.8,410.4,71.79,2015.7,71.78,455.9,71.77,989.3,71.76,4821.7,71.84,31.4,71.85,1175.2,71.86,198.0,71.87,1573.3,71.88,43.3
1700000574.5,1149,71.815,0.04999999999999716,71.79,1635.3,71.84,2197.3,6160.4,7671.3,71.79,46.0,SELL,1,71.79,1635.3,71.78,1488.2,71.77,601.5,71.76,2024.0,71.75,411.4,71.84,2197.3,71.85,559.3,71.86,44.4,71.87,1854.8,71.88,3015.5
1700000575.0,1150,71.815,0.04999999999999716,71.79,510.6,71.84,278.7,3048.7000000000003,2385.3,71.79,19.6,SELL,1,71.79,510.6,71.78,1092.9,71.77,173.4,71.76,792.9,71.75,478.9,71.84,278.7,71.85,12.3,71.86,610.5,71.87,747.3,71.88,736.5
1700000575.5,1151,71.81,0.060000000000002274,71.78,184.5,71.84,265.5,7435.4,8983.4,71.78,7.2,SELL,2,71.78,184.5,71.77,2853.2,71.76,2073.1,71.75,667.6,71.74,1657.0,71.84,265.5,71.85,3155.5,71.86,1904.7,71.87,283.7,71.88,3374.0
1700000576.0,1152,71.81,0.060000000000002274,71.78,1109.0,71.84,208.5,4448.7,4637.9,71.78,128.8,SELL,1,71.78,1109.0,71.77,389.6,71.76,2868.9,71.75,10.0,71.74,71.2,71.84,208.5,71.85,1387.5,71.86,99.9,71.87,1074.4,71.88,1867.6
1700000576.5,1153,71.8,0.060000000000002274,71.77,536.6,71.83,1034.3,4092.7,5770.400000000001,71.77,83.2,SELL,3,71.77,536.6,71.76,982.2,71.75,317.6,71.74,764.6,71.73,1491.7,71.83,1034.3,71.84,232.1,71.85,1127.4,71.86,1649.8,71.87,1726.8
1700000577.0,1154,71.8,0.03999999999999204,71.78,281.3,71.82,689.1,2625.9,3771.6,71.8,0.0,BUY,0,71.78,281.3,71.77,87.3,71.76,276.6,71.75,1258.9,71.74,721.8,71.82,689.1,71.83,581.9,71.84,257.9,71.85,343.1,71.86,1899.6
1700000577.5,1155,71.81,0.060000000000002274,71.78,440.1,71.84,56.3,2923.4000000000005,2138.0,71.84,39.3,BUY,3,71.78,440.1,71.77,132.5,71.76,40.7,71.75,226.8,71.74,2083.3,71.84,56.3,71.85,73.2,71.86,1493.5,71.87,117.8,71.88,397.2
1700000578.0,1156,71.81,0.060000000000002274,71.78,84.9,71.84,589.9,3559.9,1657.5,71.78,54.8,SELL,1,71.78,84.9,71.77,703.2,71.76,288.6,71.75,392.6,71.74,2090.6,71.84,589.9,71.85,108.7,71.86,615.0,71.87,129.9,71.88,214.0
1700000578.5,1157,71.81,0.060000000000002274,71.78,70.4,71.84,81.0,5025.3,4398.4,71.84,37.6,BUY,2,71.78,70.4,71.77,421.9,71.76,1268.5,71.75,1102.2,71.74,2162.3,71.84,81.0,71.85,503.8,71.86,506.0,71.87,1770.6,71.88,1537.0
1700000579.0,1158,71.81,0.060000000000002274,71.78,239.3,71.84,533.7,2951.7999999999997,4494.5,71.78,5.0,SELL,3,71.78,239.3,71.77,162.7,71.76,218.5,71.75,2137.6,71.74,193.7,71.84,533.7,71.85,257.8,71.86,1115.6,71.87,827.1,71.88,1760.3
1700000579.5,1159,71.81,0.060000000000002274,71.78,1062.3,71.84,1131.4,4652.9,5794.4,71.78,14.5,SELL,1,71.78,1062.3,71.77,685.9,71.76,2051.7,71.75,599.8,71.74,253.2,71.84,1131.4,71.85,33.4,71.86,2776.4,71.87,378.1,71.88,1475.1
1700000580.0,1160,71.81,0.060000000000002274,71.78,136.4,71.84,316.9,2213.5,3870.3,71.78,15.1,SELL,1,71.78,136.4,71.77,39.7,71.76,119.4,71.75,1841.1,71.74,76.9,71.84,316.9,71.85,156.2,71.86,1621.5,71.87,394.8,71.88,1380.9
1700000580.5,1161,71.82,0.04000000000000625,71.8,41.8,71.84,906.5,1958.8000000000002,2483.2,71.8,49.6,SELL,1,71.8,41.8,71.79,381.4,71.78,404.5,71.77,657.6,71.76,473.5,71.84,906.5,71.85,988.0,71.86,483.7,71.87,23.3,71.88,81.7
1700000581.0,1162,71.81,0.060000000000002274,71.78,220.9,71.84,194.3,3395.3000000000006,2577.0,71.84,64.7,BUY,1,71.78,220.9,71.77,1839.0,71.76,701.7,71.75,295.4,71.74,338.3,71.84,194.3,71.85,106.8,71.86,1551.4,71.87,37.5,71.88,687.0
1700000581.5,1163,71.8,0.060000000000002274,71.77,1448.6,71.83,42.3,3621.2999999999997,4001.6999999999994,71.83,132.5,BUY,3,71.77,1448.6,71.76,151.5,71.75,552.0,71.74,196.1,71.73,1273.1,71.83,42.3,71.84,293.3,71.85,2897.2,71.86,661.3,71.87,107.6
1700000582.0,1164,71.8,0.060000000000002274,71.77,1183.1,71.83,295.0,2865.0,12686.900000000001,71.77,5.0,SELL,1,71.77,1183.1,71.76,100.5,71.75,430.6,71.74,249.7,71.73,901.1,71.83,295.0,71.84,1614.0,71.85,816.5,71.86,2799.1,71.87,7162.3
1700000582.5,1165,71.8,0.060000000000002274,71.77,764.0,71.83,1313.3,4486.3,2619.7,71.83,15.2,BUY,1,71.77,764.0,71.76,452.3,71.75,479.0,71.74,2781.0,71.73,10.0,71.83,1313.3,71.84,86.1,71.85,858.0,71.86,148.3,71.87,214.0
1700000583.0,1166,71.8,0.03999999999999204,71.78,115.3,71.82,239.8,2055.3,5302.5,71.8,0.0,BUY,0,71.78,115.3,71.77,882.3,71.76,812.2,71.75,86.2,71.74,159.3,71.82,239.8,71.83,583.8,71.84,1944.4,71.85,399.2,71.86,2135.3
1700000583.5,1167,71.8,0.060000000000002274,71.77,241.8,71.83,208.5,4120.1,3798.5,71.83,11.4,BUY,2,71.77,241.8,71.76,617.8,71.75,1074.0,71.74,1877.2,71.73,309.3,71.83,208.5,71.84,600.1,71.85,282.9,71.86,1939.2,71.87,767.8
1700000584.0,1168,71.79499999999999,0.04999999999999716,71.77,257.6,71.82,799.0,5513.799999999999,1930.3000000000002,71.77,13.9,SELL,1,71.77,257.6,71.76,571.6,71.75,351.8,71.74,1375.6,71.73,2957.2,71.82,799.0,71.83,124.8,71.84,465.6,71.85,190.8,71.86,350.1
1700000584.5,1169,71.78,0.060000000000002274,71.75,1364.3,71.81,1712.3,2995.1,5306.8,71.81,73.0,BUY,2,71.75,1364.3,71.74,194.1,71.73,549.2,71.72,464.0,71.71,423.5,71.81,1712.3,71.82,473.6,71.83,1125.4,71.84,829.5,71.85,1166.0
1700000585.0,1170,71.78,0.060000000000002274,71.75,369.1,71.81,217.3,4217.299999999999,4170.1,71.81,5.8,BUY,2,71.75,369.1,71.74,409.7,71.73,591.3,71.72,1319.6,71.71,1527.6,71.81,217.3,71.82,164.8,71.83,576.4,71.84,1779.3,71.85,1432.3
1700000585.5,1171,71.78,0.060000000000002274,71.75,392.6,71.81,10.7,5111.9,1412.5000000000002,71.75,27.1,SELL,2,71.75,392.6,71.74,1220.3,71.73,618.8,71.72,740.3,71.71,2139.9,71.81,10.7,71.82,397.0,71.83,165.5,71.84,532.1,71.85,307.2
1700000586.0,1172,71.79499999999999,0.04999999999999716,71.77,1258.5,71.82,87.1,2864.3,1710.5,71.82,29.7,BUY,2,71.77,1258.5,71.76,162.2,71.75,931.4,71.74,330.4,71.73,181.8,71.82,87.1,71.83,306.5,71.84,709.5,71.85,397.4,71.86,210.0
1700000586.5,1173,71.79499999999999,0.04999999999999716,71.77,247.3,71.82,693.1,6997.3,4123.700000000001,71.82,10.5,BUY,1,71.77,247.3,71.76,55.4,71.75,952.3,71.74,1535.3,71.73,4207.0,71.82,693.1,71.83,286.3,71.84,243.9,71.85,36.5,71.86,2863.9
1700000587.0,1174,71.79499999999999,0.04999999999999716,71.77,238.1,71.82,212.8,5592.3,6474.000000000001,71.77,130.2,SELL,2,71.77,238.1,71.76,409.2,71.75,1673.5,71.74,2338.3,71.73,933.2,71.82,212.8,71.83,1936.6,71.84,2754.8,71.85,617.8,71.86,952.0
1700000587.5,1175,71.78999999999999,0.04000000000000625,71.77,96.7,71.81,999.4,3164.2,4832.400000000001,71.81,33.7,BUY,1,71.77,96.7,71.76,126.1,71.75,460.9,71.74,891.0,71.73,1589.5,71.81,999.4,71.82,1267.2,71.83,1262.5,71.84,874.0,71.85,429.3
1700000588.0,1176,71.78999999999999,0.04000000000000625,71.77,283.7,71.81,598.3,1900.3999999999999,2558.6,71.77,90.8,SELL,2,71.77,283.7,71.76,10.0,71.75,318.1,71.74,131.0,71.73,1157.6,71.81,598.3,71.82,348.6,71.83,716.7,71.84,248.2,71.85,646.8
1700000588.5,1177,71.79499999999999,0.04999999999999716,71.77,483.8,71.82,828.9,4485.799999999999,8779.3,71.82,15.0,BUY,3,71.77,483.8,71.76,671.8,71.75,492.8,71.74,1233.0,71.73,1604.4,71.82,828.9,71.83,610.7,71.84,1734.6,71.85,343.1,71.86,5262.0
1700000589.0,1178,71.78999999999999,0.04000000000000625,71.77,108.1,71.81,493.7,5882.4,3024.5,71.81,23.6,BUY,3,71.77,108.1,71.76,301.0,71.75,467.9,71.74,1267.5,71.73,3737.9,71.81,493.7,71.82,426.7,71.83,483.8,71.84,914.9,71.85,705.4
1700000589.5,1179,71.78999999999999,0.04000000000000625,71.77,271.6,71.81,489.0,4051.4,4280.799999999999,71.77,61.4,SELL,2,71.77,271.6,71.76,372.2,71.75,584.7,71.74,2636.1,71.73,186.8,71.81,489.0,71.82,69.5,71.83,278.1,71.84,367.5,71.85,3076.7
1700000590.0,1180,71.78999999999999,0.05999999999998806,71.76,367.4,71.82,841.9,4072.1,6179.499999999999,71.76,86.2,SELL,1,71.76,367.4,71.75,344.3,71.74,554.3,71.73,295.1,71.72,2511.0,71.82,841.9,71.83,991.3,71.84,791.9,71.85,2693.2,71.86,861.2
1700000590.5,1181,71.78999999999999,0.04000000000000625,71.77,109.2,71.81,1517.1,2333.3,5615.4,71.81,56.4,BUY,3,71.77,109.2,71.76,473.7,71.75,1476.8,71.74,207.3,71.73,66.3,71.81,1517.1,71.82,993.9,71.83,1701.4,71.84,417.2,71.85,985.8
1700000591.0,1182,71.78,0.03999999999999204,71.76,416.9,71.8,1964.6,2096.9,6479.0,71.8,46.8,BUY,2,71.76,416.9,71.75,17.9,71.74,377.1,71.73,83.6,71.72,1201.4,71.8,1964.6,71.81,562.2,71.82,66.2,71.83,927.5,71.84,2958.5
1700000591.5,1183,71.78,0.060000000000002274,71.75,184.9,71.81,412.9,2752.2,2208.2,71.81,78.3,BUY,5,71.75,184.9,71.74,348.2,71.73,37.6,71.72,1810.3,71.71,371.2,71.81,412.9,71.82,205.2,71.83,132.0,71.84,562.9,71.85,895.2
1700000592.0,1184,71.77,0.060000000000002274,71.74,273.2,71.8,66.5,3898.0,3417.3,71.77,0.0,BUY,0,71.74,273.2,71.73,95.8,71.72,1187.2,71.71,296.7,71.7,2045.1,71.8,66.5,71.81,342.8,71.82,1408.9,71.83,235.9,71.84,1363.2
1700000592.5,1185,71.77000000000001,0.04000000000000625,71.75,913.1,71.79,102.7,7411.099999999999,2126.3,71.75,5.0,SELL,1,71.75,913.1,71.74,217.5,71.73,2687.7,71.72,2575.4,71.71,1017.4,71.79,102.7,71.8,1055.5,71.81,41.6,71.82,342.3,71.83,584.2
1700000593.0,1186,71.77,0.060000000000002274,71.74,612.3,71.8,308.6,3354.2,3432.7,71.8,47.7,BUY,2,71.74,612.3,71.73,512.8,71.72,1645.3,71.71,84.8,71.7,499.0,71.8,308.6,71.81,1333.0,71.82,401.7,71.83,1226.3,71.84,163.1
1700000593.5,1187,71.77,0.060000000000002274,71.74,127.9,71.8,267.3,3370.3,5580.9,71.74,92.0,SELL,1,71.74,127.9,71.73,1492.0,71.72,585.6,71.71,902.0,71.7,262.8,71.8,267.3,71.81,1440.8,71.82,2735.1,71.83,478.9,71.84,658.8
1700000594.0,1188,71.78,0.060000000000002274,71.75,514.5,71.81,17.5,6908.3,2555.2999999999997,71.81,82.6,BUY,4,71.75,514.5,71.74,1163.3,71.73,1375.3,71.72,3246.4,71.71,608.8,71.81,17.5,71.82,1041.1,71.83,99.3,71.84,337.8,71.85,1059.6
1700000594.5,1189,71.78999999999999,0.05999999999998806,71.76,450.4,71.82,1979.6,1768.2,4900.4,71.76,43.1,SELL,2,71.76,450.4,71.75,974.0,71.74,63.7,71.73,217.0,71.72,63.1,71.82,1979.6,71.83,838.0,71.84,972.1,71.85,966.3,71.86,144.4
1700000595.0,1190,71.79499999999999,0.04999999999999716,71.77,47.7,71.82,1097.3,1715.3,4321.5,71.77,18.5,SELL,2,71.77,47.7,71.76,10.0,71.75,690.3,71.74,154.0,71.73,813.3,71.82,1097.3,71.83,1044.4,71.84,983.5,71.85,644.8,71.86,551.5
1700000595.5,1191,71.8,0.03999999999999204,71.78,308.8,71.82,303.8,7021.599999999999,2491.1,71.8,0.0,BUY,0,71.78,308.8,71.77,1353.5,71.76,180.0,71.75,305.9,71.74,4873.4,71.82,303.8,71.83,10.0,71.84,1326.0,71.85,636.8,71.86,214.5
1700000596.0,1192,71.8,0.060000000000002274,71.77,95.2,71.83,700.3,2497.1000000000004,5291.9,71.83,9.7,BUY,2,71.77,95.2,71.76,50.7,71.75,440.0,71.74,1278.4,71.73,632.8,71.83,700.3,71.84,1934.0,71.85,56.6,71.86,1480.5,71.87,1120.5
1700000596.5,1193,71.81,0.060000000000002274,71.78,12.2,71.84,125.8,3257.0,1719.0,71.78,187.8,SELL,3,71.78,12.2,71.77,681.2,71.76,1729.5,71.75,86.8,71.74,747.3,71.84,125.8,71.85,924.0,71.86,234.6,71.87,201.2,71.88,233.4
1700000597.0,1194,71.81,0.060000000000002274,71.78,47.8,71.84,188.4,3730.8,1979.3999999999999,71.84,24.9,BUY,1,71.78,47.8,71.77,534.0,71.76,567.6,71.75,13.7,71.74,2567.7,71.84,188.4,71.85,525.5,71.86,805.3,71.87,104.5,71.88,355.7
1700000597.5,1195,71.81,0.060000000000002274,71.78,24.4,71.84,884.4,1464.1,4068.2,71.81,0.0,BUY,0,71.78,24.4,71.77,357.2,71.76,207.5,71.75,821.0,71.74,54.0,71.84,884.4,71.85,75.0,71.86,939.7,71.87,151.1,71.88,2018.0
1700000598.0,1196,71.82,0.05999999999998806,71.79,154.6,71.85,476.2,2720.2999999999997,4734.1,71.82,0.0,BUY,0,71.79,154.6,71.78,1159.0,71.77,444.1,71.76,275.7,71.75,686.9,71.85,476.2,71.86,591.7,71.87,1070.8,71.88,404.5,71.89,2190.9
1700000598.5,1197,71.83,0.03999999999999204,71.81,32.8,71.85,181.2,4787.3,3552.6,71.81,14.9,SELL,3,71.81,32.8,71.8,956.7,71.79,954.6,71.78,1489.0,71.77,1354.2,71.85,181.2,71.86,557.7,71.87,1147.1,71.88,1507.7,71.89,158.9
1700000599.0,1198,71.83,0.060000000000002274,71.8,232.4,71.86,935.8,4409.099999999999,2290.7999999999997,71.86,12.6,BUY,4,71.8,232.4,71.79,1226.2,71.78,455.2,71.77,2385.6,71.76,109.7,71.86,935.8,71.87,320.9,71.88,474.4,71.89,276.0,71.9,283.7
1700000599.5,1199,71.84,0.060000000000002274,71.81,1319.8,71.87,56.2,4476.7,4304.8,71.81,14.6,SELL,2,71.81,1319.8,71.8,76.6,71.79,599.4,71.78,950.2,71.77,1530.7,71.87,56.2,71.88,246.5,71.89,3363.0,71.9,257.4,71.91,381.7
1700000600.0,1200,71.84,0.060000000000002274,71.81,251.2,71.87,1014.0,2079.9,5401.6,71.81,5.0,SELL,1,71.81,251.2,71.8,184.7,71.79,837.6,71.78,414.5,71.77,391.9,71.87,1014.0,71.88,344.4,71.89,381.4,71.9,2927.2,71.91,734.6
1700000600.5,1201,71.84,0.060000000000002274,71.81,159.7,71.87,640.1,4546.5,2091.1000000000004,71.84,0.0,BUY,0,71.81,159.7,71.8,992.2,71.79,491.8,71.78,1705.8,71.77,1197.0,71.87,640.1,71.88,418.1,71.89,143.2,71.9,669.2,71.91,220.5
1700000601.0,1202,71.84,0.04000000000000625,71.82,720.5,71.86,826.9,4187.0,2419.7,71.82,17.4,SELL,2,71.82,720.5,71.81,854.7,71.8,1364.2,71.79,1060.5,71.78,187.1,71.86,826.9,71.87,644.5,71.88,787.8,71.89,31.0,71.9,129.5
1700000601.5,1203,71.84,0.060000000000002274,71.81,764.0,71.87,1003.7,2362.6,2108.1,71.81,31.3,SELL,1,71.81,764.0,71.8,53.0,71.79,440.0,71.78,651.9,71.77,453.7,71.87,1003.7,71.88,491.0,71.89,536.0,71.9,55.2,71.91,22.2
1700000602.0,1204,71.85,0.060000000000002274,71.82,110.7,71.88,1087.4,5411.099999999999,2876.6000000000004,71.88,76.6,BUY,2,71.82,110.7,71.81,1907.8,71.8,2461.4,71.79,229.7,71.78,701.5,71.88,1087.4,71.89,237.4,71.9,685.1,71.91,258.8,71.92,607.9
1700000602.5,1205,71.85,0.04000000000000625,71.83,298.3,71.87,1919.1,4344.9,3676.1000000000004,71.83,63.7,SELL,3,71.83,298.3,71.82,501.5,71.81,714.8,71.8,2612.7,71.79,217.6,71.87,1919.1,71.88,162.3,71.89,686.9,71.9,699.0,71.91,208.8
1700000603.0,1206,71.85,0.060000000000002274,71.82,190.1,71.88,1028.3,4061.7,5343.4,71.88,31.5,BUY,2,71.82,190.1,71.81,846.1,71.8,37.3,71.79,2231.1,71.78,757.1,71.88,1028.3,71.89,410.3,71.9,452.0,71.91,1090.9,71.92,2361.9
1700000603.5,1207,71.85,0.060000000000002274,71.82,759.0,71.88,643.1,4882.400000000001,1868.7999999999997,71.88,28.5,BUY,3,71.82,759.0,71.81,480.8,71.8,995.0,71.79,2324.3,71.78,323.3,71.88,643.1,71.89,96.8,71.9,631.4,71.91,436.9,71.92,60.6
1700000604.0,1208,71.85,0.060000000000002274,71.82,483.3,71.88,121.4,2831.4,4139.4,71.82,5.0,SELL,2,71.82,483.3,71.81,844.9,71.8,198.8,71.79,1167.5,71.78,136.9,71.88,121.4,71.89,818.6,71.9,188.7,71.91,352.5,71.92,2658.2
1700000604.5,1209,71.85,0.060000000000002274,71.82,936.2,71.88,261.9,6982.7,5501.199999999999,71.88,35.7,BUY,1,71.82,936.2,71.81,332.5,71.8,2617.2,71.79,1109.8,71.78,1987.0,71.88,261.9,71.89,761.9,71.9,584.3,71.91,2502.2,71.92,1390.9
1700000605.0,1210,71.85,0.060000000000002274,71.82,400.8,71.88,13.3,5069.400000000001,4847.8,71.85,0.0,BUY,0,71.82,400.8,71.81,2934.2,71.8,137.3,71.79,1169.5,71.78,427.6,71.88,13.3,71.89,442.6,71.9,641.7,71.91,2829.0,71.92,921.2
1700000605.5,1211,71.85,0.060000000000002274,71.82,67.1,71.88,382.2,2241.8,7505.7,71.88,43.3,BUY,3,71.82,67.1,71.81,979.5,71.8,10.0,71.79,1074.2,71.78,111.0,71.88,382.2,71.89,327.4,71.9,730.8,71.91,3033.5,71.92,3031.8
1700000606.0,1212,71.84,0.060000000000002274,71.81,470.7,71.87,746.8,3215.8999999999996,2665.0,71.87,11.3,BUY,4,71.81,470.7,71.8,47.8,71.79,637.3,71.78,359.4,71.77,1700.7,71.87,746.8,71.88,103.8,71.89,1127.5,71.9,400.9,71.91,286.0
1700000606.5,1213,71.83,0.060000000000002274,71.8,999.4,71.86,385.8,4429.1,1029.5,71.86,49.2,BUY,1,71.8,999.4,71.79,617.6,71.78,387.3,71.77,1122.4,71.76,1302.4,71.86,385.8,71.87,26.7,71.88,295.0,71.89,87.0,71.9,235.0
1700000607.0,1214,71.815,0.04999999999999716,71.79,911.3,71.84,1648.1,4562.200000000001,3933.7999999999997,71.84,9.9,BUY,2,71.79,911.3,71.78,909.6,71.77,1710.7,71.76,724.8,71.75,305.8,71.84,1648.1,71.85,208.3,71.86,1780.3,71.87,75.1,71.88,222.0
1700000607.5,1215,71.82,0.05999999999998806,71.79,115.5,71.85,208.5,2390.4,3761.6000000000004,71.85,30.1,BUY,2,71.79,115.5,71.78,420.5,71.77,632.3,71.76,366.7,71.75,855.4,71.85,208.5,71.86,284.9,71.87,1360.9,71.88,780.1,71.89,1127.2
1700000608.0,1216,71.82,0.05999999999998806,71.79,575.1,71.85,296.2,2709.7,1050.5,71.79,39.2,SELL,1,71.79,575.1,71.78,885.8,71.77,66.3,71.76,516.8,71.75,665.7,71.85,296.2,71.86,337.7,71.87,333.4,71.88,13.5,71.89,69.7
1700000608.5,1217,71.83,0.060000000000002274,71.8,145.1,71.86,454.7,2171.6,6222.9,71.8,38.4,SELL,4,71.8,145.1,71.79,678.5,71.78,575.7,71.77,353.1,71.76,419.2,71.86,454.7,71.87,1368.4,71.88,235.5,71.89,3129.7,71.9,1034.6
1700000609.0,1218,71.83,0.060000000000002274,71.8,147.5,71.86,166.5,4701.6,2639.3999999999996,71.86,13.7,BUY,4,71.8,147.5,71.79,704.7,71.78,883.0,71.77,180.0,71.76,2786.4,71.86,166.5,71.87,388.8,71.88,1418.0,71.89,169.4,71.9,496.7
1700000609.5,1219,71.83,0.060000000000002274,71.8,1084.8,71.86,406.4,5267.8,4500.2,71.86,5.0,BUY,4,71.8,1084.8,71.79,238.2,71.78,2643.6,71.77,1124.5,71.76,176.7,71.86,406.4,71.87,572.9,71.88,3202.5,71.89,34.9,71.9,283.5
1700000610.0,1220,71.83,0.060000000000002274,71.8,196.4,71.86,56.8,3735.1000000000004,3585.2,71.8,8.2,SELL,2,71.8,196.4,71.79,324.9,71.78,1009.0,71.77,1684.0,71.76,520.8,71.86,56.8,71.87,116.0,71.88,2035.6,71.89,544.5,71.9,832.3
1700000610.5,1221,71.83,0.060000000000002274,71.8,678.3,71.86,2465.7,4006.2999999999997,6659.5,71.8,53.3,SELL,2,71.8,678.3,71.79,114.6,71.78,1470.8,71.77,26.7,71.76,1715.9,71.86,2465.7,71.87,1004.3,71.88,157.8,71.89,228.0,71.9,2803.7
1700000611.0,1222,71.815,0.04999999999999716,71.79,183.2,71.84,53.1,5063.3,2558.4,71.79,10.4,SELL,1,71.79,183.2,71.78,62.6,71.77,4481.2,71.76,49.5,71.75,286.8,71.84,53.1,71.85,220.5,71.86,134.8,71.87,1106.7,71.88,1043.3
1700000611.5,1223,71.815,0.04999999999999716,71.79,103.5,71.84,1365.6,3380.7,3347.7,71.84,5.0,BUY,2,71.79,103.5,71.78,931.8,71.77,452.0,71.76,1151.3,71.75,742.1,71.84,1365.6,71.85,221.4,71.86,1029.7,71.87,131.0,71.88,600.0
1700000612.0,1224,71.815,0.04999999999999716,71.79,720.4,71.84,911.9,5986.499999999999,8755.1,71.84,42.4,BUY,4,71.79,720.4,71.78,62.3,71.77,486.5,71.76,4641.9,71.75,75.4,71.84,911.9,71.85,2717.0,71.86,3684.0,71.87,49.3,71.88,1392.9
1700000612.5,1225,71.815,0.04999999999999716,71.79,385.7,71.84,40.6,912.5,1739.6999999999998,71.79,26.3,SELL,2,71.79,385.7,71.78,146.0,71.77,29.4,71.76,341.4,71.75,10.0,71.84,40.6,71.85,182.3,71.86,244.0,71.87,380.2,71.88,892.6
1700000613.0,1226,71.815,0.04999999999999716,71.79,464.8,71.84,36.1,4492.700000000001,5274.9,71.79,44.8,SELL,1,71.79,464.8,71.78,285.6,71.77,2446.4,71.76,553.3,71.75,742.6,71.84,36.1,71.85,436.6,71.86,667.0,71.87,1913.0,71.88,2222.2
1700000613.5,1227,71.83,0.060000000000002274,71.8,232.3,71.86,231.2,1390.5,2586.3999999999996,71.86,21.4,BUY,3,71.8,232.3,71.79,98.9,71.78,82.1,71.77,600.6,71.76,376.6,71.86,231.2,71.87,111.7,71.88,1707.8,71.89,111.5,71.9,424.2
1700000614.0,1228,71.83,0.060000000000002274,71.8,1683.8,71.86,54.4,8716.9,1576.5,71.86,107.1,BUY,1,71.8,1683.8,71.79,432.7,71.78,12.1,71.77,369.1,71.76,6219.2,71.86,54.4,71.87,186.2,71.88,459.2,71.89,493.5,71.9,383.2
1700000614.5,1229,71.83,0.060000000000002274,71.8,397.4,71.86,889.2,6302.299999999999,4341.5,71.8,18.8,SELL,4,71.8,397.4,71.79,358.0,71.78,74.2,71.77,2191.6,71.76,3281.1,71.86,889.2,71.87,157.4,71.88,280.1,71.89,1425.0,71.9,1589.8
1700000615.0,1230,71.83,0.060000000000002274,71.8,2112.1,71.86,950.1,6306.9,3996.3999999999996,71.86,13.9,BUY,1,71.8,2112.1,71.79,320.8,71.78,1677.4,71.77,72.5,71.76,2124.1,71.86,950.1,71.87,1600.5,71.88,189.1,71.89,621.7,71.9,635.0
1700000615.5,1231,71.84,0.060000000000002274,71.81,145.9,71.87,765.2,3998.8999999999996,5754.9,71.81,5.0,SELL,3,71.81,145.9,71.8,723.6,71.79,1296.7,71.78,1331.2,71.77,501.5,71.87,765.2,71.88,195.2,71.89,352.9,71.9,179.9,71.91,4261.7
1700000616.0,1232,71.84,0.060000000000002274,71.81,1080.3,71.87,36.4,3561.7,5359.7,71.87,91.9,BUY,2,71.81,1080.3,71.8,260.2,71.79,1566.0,71.78,251.1,71.77,404.1,71.87,36.4,71.88,1947.1,71.89,74.5,71.9,975.2,71.91,2326.5
1700000616.5,1233,71.85,0.060000000000002274,71.82,178.0,71.88,366.7,2124.8,4114.7,71.88,59.3,BUY,2,71.82,178.0,71.81,93.3,71.8,931.9,71.79,840.1,71.78,81.5,71.88,366.7,71.89,2013.2,71.9,509.7,71.91,224.1,71.92,1001.0
1700000617.0,1234,71.86,0.060000000000002274,71.83,258.8,71.89,427.4,5145.900000000001,1068.1999999999998,71.86,0.0,BUY,0,71.83,258.8,71.82,1128.2,71.81,3585.3,71.8,154.8,71.79,18.8,71.89,427.4,71.9,80.3,71.91,47.1,71.92,379.3,71.93,134.1
1700000617.5,1235,71.85,0.060000000000002274,71.82,205.0,71.88,560.3,2846.3,5426.1,71.82,47.2,SELL,3,71.82,205.0,71.81,609.8,71.8,66.8,71.79,980.0,71.78,984.7,71.88,560.3,71.89,1223.2,71.9,1297.1,71.91,1716.2,71.92,629.3
1700000618.0,1236,71.85,0.060000000000002274,71.82,554.4,71.88,1237.3,2838.7999999999997,5818.0,71.85,0.0,BUY,0,71.82,554.4,71.81,281.5,71.8,928.1,71.79,322.7,71.78,752.1,71.88,1237.3,71.89,540.9,71.9,857.5,71.91,1862.9,71.92,1319.4
1700000618.5,1237,71.71000000000001,0.04000000000000625,71.69,824.4,71.73,700.5,4280.7,1701.0,71.69,25.5,SELL,3,71.69,824.4,71.68,491.9,71.67,104.3,71.66,680.5,71.65,2179.6,71.73,700.5,71.74,223.6,71.75,62.4,71.76,72.4,71.77,642.1
1700000619.0,1238,71.70500000000001,0.04999999999999716,71.68,2461.6,71.73,366.1,5852.799999999999,3659.8999999999996,71.70500000000001,0.0,BUY,0,71.68,2461.6,71.67,334.1,71.66,190.6,71.65,1274.4,71.64,1592.1,71.73,366.1,71.74,2112.6,71.75,10.0,71.76,478.2,71.77,693.0
1700000619.5,1239,71.71000000000001,0.04000000000000625,71.69,432.9,71.73,217.2,4765.2,1588.1,71.69,47.2,SELL,1,71.69,432.9,71.68,382.7,71.67,843.5,71.66,1816.3,71.65,1289.8,71.73,217.2,71.74,204.5,71.75,353.8,71.76,145.4,71.77,667.2
1700000620.0,1240,71.70500000000001,0.04999999999999716,71.68,59.8,71.73,99.8,2527.7999999999997,3280.9,71.68,97.5,SELL,3,71.68,59.8,71.67,792.3,71.66,1025.2,71.65,228.3,71.64,422.2,71.73,99.8,71.74,599.0,71.75,28.5,71.76,2076.0,71.77,477.6
1700000620.5,1241,71.70500000000001,0.04999999999999716,71.68,272.5,71.73,171.9,3774.2999999999997,4139.700000000001,71.70500000000001,0.0,BUY,0,71.68,272.5,71.67,152.5,71.66,1724.2,71.65,1479.6,71.64,145.5,71.73,171.9,71.74,253.7,71.75,396.8,71.76,1698.4,71.77,1618.9
1700000621.0,1242,71.70500000000001,0.04999999999999716,71.68,80.3,71.73,13.7,2055.7,3468.9,71.68,5.0,SELL,2,71.68,80.3,71.67,206.7,71.66,376.7,71.65,886.3,71.64,505.7,71.73,13.7,71.74,320.8,71.75,2402.8,71.76,83.0,71.77,648.6
1700000621.5,1243,71.7,0.060000000000002274,71.67,416.1,71.73,1295.9,4127.8,4675.500000000001,71.73,25.5,BUY,1,71.67,416.1,71.66,341.5,71.65,383.2,71.64,1570.7,71.63,1416.3,71.73,1295.9,71.74,629.3,71.75,1794.9,71.76,840.1,71.77,115.3
1700000622.0,1244,71.69,0.03999999999999204,71.67,409.3,71.71,291.0,4273.7,2040.9999999999998,71.67,5.0,SELL,4,71.67,409.3,71.66,512.8,71.65,286.1,71.64,403.7,71.63,2661.8,71.71,291.0,71.72,88.1,71.73,1325.1,71.74,21.5,71.75,315.3
1700000622.5,1245,71.69,0.060000000000002274,71.66,141.5,71.72,304.0,3607.5,3751.7999999999997,71.66,106.1,SELL,2,71.66,141.5,71.65,263.6,71.64,1682.0,71.63,444.3,71.62,1076.1,71.72,304.0,71.73,1212.5,71.74,903.6,71.75,1002.0,71.76,329.7
1700000623.0,1246,70.79499999999999,0.04999999999999716,70.77,45.5,70.82,129.4,2472.2,4262.1,70.77,50.9,SELL,2,70.77,45.5,70.76,118.6,70.75,132.4,70.74,1507.0,70.73,668.7,70.82,129.4,70.83,414.0,70.84,236.9,70.85,2887.0,70.86,594.8
1700000623.5,1247,70.79499999999999,0.04999999999999716,70.77,647.2,70.82,733.9,3387.3999999999996,2928.0,70.79499999999999,0.0,BUY,0,70.77,647.2,70.76,75.5,70.75,1765.0,70.74,25.2,70.73,874.5,70.82,733.9,70.83,392.4,70.84,1029.7,70.85,13.1,70.86,758.9
1700000624.0,1248,70.79499999999999,0.04999999999999716,70.77,442.4,70.82,796.6,3196.1,3855.8999999999996,70.82,57.1,BUY,3,70.77,442.4,70.76,75.7,70.75,2170.4,70.74,386.5,70.73,121.1,70.82,796.6,70.83,235.0,70.84,427.6,70.85,1671.0,70.86,725.7
1700000624.5,1249,70.79499999999999,0.04999999999999716,70.77,124.8,70.82,1803.2,2763.5,3926.5,70.82,75.2,BUY,3,70.77,124.8,70.76,208.9,70.75,1016.2,70.74,932.5,70.73,481.1,70.82,1803.2,70.83,540.2,70.84,430.4,70.85,788.0,70.86,364.7
1700000625.0,1250,70.78,0.060000000000002274,70.75,219.6,70.81,23.5,1394.2,2011.3999999999999,70.78,0.0,BUY,0,70.75,219.6,70.74,37.1,70.73,459.7,70.72,173.1,70.71,504.7,70.81,23.5,70.82,628.3,70.83,294.1,70.84,653.7,70.85,411.8
1700000625.5,1251,70.78,0.060000000000002274,70.75,332.6,70.81,476.3,2360.8,4359.9,70.81,98.5,BUY,1,70.75,332.6,70.74,27.0,70.73,921.0,70.72,543.9,70.71,536.3,70.81,476.3,70.82,1498.4,70.83,465.3,70.84,283.3,70.85,1636.6
1700000626.0,1252,70.78,0.060000000000002274,70.75,446.3,70.81,262.4,4485.8,2262.2,70.81,27.8,BUY,1,70.75,446.3,70.74,603.1,70.73,1814.0,70.72,772.1,70.71,850.3,70.81,262.4,70.82,243.0,70.83,96.8,70.84,1125.2,70.85,534.8
1700000626.5,1253,70.78,0.060000000000002274,70.75,141.8,70.81,275.0,2025.5,5657.0,70.75,9.9,SELL,1,70.75,141.8,70.74,155.9,70.73,679.9,70.72,1005.4,70.71,42.5,70.81,275.0,70.82,364.9,70.83,1266.1,70.84,31.8,70.85,3719.2
1700000627.0,1254,70.78,0.060000000000002274,70.75,438.1,70.81,214.6,7291.8,2543.2000000000003,70.75,42.2,SELL,3,70.75,438.1,70.74,699.9,70.73,199.8,70.72,4811.8,70.71,1142.2,70.81,214.6,70.82,419.2,70.83,833.5,70.84,984.5,70.85,91.4
1700000627.5,1255,70.78,0.060000000000002274,70.75,1066.2,70.81,561.6,4163.6,3490.8,70.81,53.4,BUY,1,70.75,1066.2,70.74,306.3,70.73,410.8,70.72,1895.8,70.71,484.5,70.81,561.6,70.82,682.3,70.83,452.7,70.84,421.3,70.85,1372.9
1700000628.0,1256,70.78,0.060000000000002274,70.75,168.2,70.81,961.2,4016.2000000000003,4752.8,70.75,172.8,SELL,3,70.75,168.2,70.74,656.8,70.73,2093.5,70.72,716.8,70.71,380.9,70.81,961.2,70.82,577.8,70.83,1471.2,70.84,193.3,70.85,1549.3
1700000628.5,1257,70.78,0.060000000000002274,70.75,1645.9,70.81,130.8,3206.9000000000005,3623.6,70.75,92.0,SELL,2,70.75,1645.9,70.74,756.2,70.73,138.0,70.72,159.9,70.71,506.9,70.81,130.8,70.82,102.2,70.83,209.5,70.84,240.9,70.85,2940.2
1700000629.0,1258,70.785,0.030000000000001137,70.77,57.1,70.8,514.6,1662.4999999999998,4627.7,70.8,16.7,BUY,2,70.77,57.1,70.76,133.5,70.75,1242.6,70.74,67.3,70.73,162.0,70.8,514.6,70.81,231.2,70.82,3549.6,70.83,10.0,70.84,322.3
1700000629.5,1259,70.78,0.060000000000002274,70.75,10.0,70.81,411.4,6759.0,5233.299999999999,70.75,17.8,SELL,1,70.75,10.0,70.74,362.6,70.73,321.6,70.72,943.5,70.71,5121.3,70.81,411.4,70.82,1072.6,70.83,673.2,70.84,214.5,70.85,2861.6
1700000630.0,1260,70.78,0.060000000000002274,70.75,174.6,70.81,568.2,5424.1,2628.0,70.81,45.6,BUY,3,70.75,174.6,70.74,1372.2,70.73,161.9,70.72,2081.8,70.71,1633.6,70.81,568.2,70.82,251.9,70.83,1522.9,70.84,275.0,70.85,10.0
1700000630.5,1261,70.78,0.060000000000002274,70.75,10.0,70.81,10.0,2199.0,3223.0,70.75,51.3,SELL,3,70.75,10.0,70.74,734.0,70.73,973.8,70.72,41.4,70.71,439.8,70.81,10.0,70.82,1396.9,70.83,186.6,70.84,183.8,70.85,1445.7
1700000631.0,1262,70.78,0.060000000000002274,70.75,677.9,70.81,357.6,3526.5,5125.900000000001,70.81,117.5,BUY,3,70.75,677.9,70.74,677.6,70.73,1377.4,70.72,198.9,70.71,594.7,70.81,357.6,70.82,250.0,70.83,968.1,70.84,1144.4,70.85,2405.8
1700000631.5,1263,70.78,0.03999999999999204,70.76,493.1,70.8,234.0,2796.2999999999997,2893.2,70.8,21.4,BUY,1,70.76,493.1,70.75,164.7,70.74,420.4,70.73,1017.2,70.72,700.9,70.8,234.0,70.81,497.5,70.82,10.0,70.83,177.4,70.84,1974.3
1700000632.0,1264,70.78,0.060000000000002274,70.75,55.5,70.81,77.4,3414.8999999999996,8694.599999999999,70.75,5.0,SELL,2,70.75,55.5,70.74,692.7,70.73,2114.0,70.72,362.2,70.71,190.5,70.81,77.4,70.82,985.6,70.83,129.7,70.84,2664.5,70.85,4837.4
1700000632.5,1265,70.78,0.060000000000002274,70.75,181.7,70.81,271.7,7856.5,2024.8999999999999,70.78,0.0,BUY,0,70.75,181.7,70.74,207.6,70.73,4672.4,70.72,1760.2,70.71,1034.6,70.81,271.7,70.82,974.0,70.83,541.3,70.84,176.6,70.85,61.3
1700000633.0,1266,70.78,0.060000000000002274,70.75,348.0,70.81,359.1,5010.599999999999,2941.9999999999995,70.81,42.3,BUY,2,70.75,348.0,70.74,76.8,70.73,441.0,70.72,1918.6,70.71,2226.2,70.81,359.1,70.82,90.8,70.83,2001.8,70.84,418.2,70.85,72.1
1700000633.5,1267,70.78999999999999,0.05999999999998806,70.76,100.0,70.82,34.0,5929.4,1566.1,70.82,22.7,BUY,3,70.76,100.0,70.75,1171.7,70.74,616.9,70.73,2767.6,70.72,1273.2,70.82,34.0,70.83,246.6,70.84,486.5,70.85,374.9,70.86,424.1
1700000634.0,1268,70.78999999999999,0.04000000000000625,70.77,431.4,70.81,125.0,3202.8999999999996,876.0,70.81,11.0,BUY,2,70.77,431.4,70.76,438.5,70.75,272.5,70.74,1336.8,70.73,723.7,70.81,125.0,70.82,26.2,70.83,550.7,70.84,27.3,70.85,146.8
1700000634.5,1269,70.78,0.060000000000002274,70.75,605.5,70.81,347.2,6897.9,5080.400000000001,70.75,145.1,SELL,2,70.75,605.5,70.74,1919.5,70.73,2633.5,70.72,692.9,70.71,1046.5,70.81,347.2,70.82,620.7,70.83,1270.9,70.84,2617.9,70.85,223.7
1700000635.0,1270,70.78,0.060000000000002274,70.75,278.7,70.81,2803.9,6929.799999999999,5250.7,70.81,5.0,BUY,3,70.75,278.7,70.74,2726.9,70.73,216.0,70.72,18.7,70.71,3689.5,70.81,2803.9,70.82,54.7,70.83,749.9,70.84,440.1,70.85,1202.1
1700000635.5,1271,70.78,0.060000000000002274,70.75,774.3,70.81,476.1,2768.0,7995.8,70.81,39.9,BUY,1,70.75,774.3,70.74,136.7,70.73,1626.5,70.72,191.8,70.71,38.7,70.81,476.1,70.82,2858.8,70.83,1009.7,70.84,372.0,70.85,3279.2
1700000636.0,1272,70.78,0.060000000000002274,70.75,1072.1,70.81,325.7,4333.599999999999,8910.1,70.81,106.2,BUY,1,70.75,1072.1,70.74,499.3,70.73,2325.2,70.72,91.8,70.71,345.2,70.81,325.7,70.82,2006.5,70.83,194.3,70.84,699.0,70.85,5684.6
1700000636.5,1273,70.78,0.060000000000002274,70.75,80.9,70.81,899.8,4909.200000000001,2693.2000000000003,70.75,106.3,SELL,1,70.75,80.9,70.74,678.7,70.73,217.4,70.72,3685.1,70.71,247.1,70.81,899.8,70.82,261.1,70.83,790.4,70.84,632.9,70.85,109.0
1700000637.0,1274,70.78,0.060000000000002274,70.75,457.5,70.81,1598.2,3354.8,4118.8,70.75,17.8,SELL,4,70.75,457.5,70.74,375.4,70.73,11.7,70.72,87.6,70.71,2422.6,70.81,1598.2,70.82,111.4,70.83,1093.5,70.84,889.5,70.85,426.2
1700000637.5,1275,70.78999999999999,0.04000000000000625,70.77,1211.7,70.81,776.3,2833.3,1724.8,70.81,81.0,BUY,2,70.77,1211.7,70.76,81.3,70.75,1380.1,70.74,41.9,70.73,118.3,70.81,776.3,70.82,140.8,70.83,136.8,70.84,438.7,70.85,232.2
1700000638.0,1276,70.79499999999999,0.04999999999999716,70.77,1063.8,70.82,973.7,5755.7,3360.6,70.82,13.9,BUY,2,70.77,1063.8,70.76,366.3,70.75,1562.8,70.74,2534.3,70.73,228.5,70.82,973.7,70.83,367.9,70.84,265.4,70.85,453.6,70.86,1300.0
1700000638.5,1277,70.8,0.060000000000002274,70.77,17.6,70.83,111.8,4544.3,2773.5,70.77,38.3,SELL,3,70.77,17.6,70.76,790.3,70.75,92.4,70.74,241.2,70.73,3402.8,70.83,111.8,70.84,480.1,70.85,294.9,70.86,943.2,70.87,943.5
1700000639.0,1278,70.78999999999999,0.05999999999998806,70.76,252.9,70.82,979.7,2240.0,7378.9,70.82,5.0,BUY,1,70.76,252.9,70.75,1189.8,70.74,47.8,70.73,230.0,70.72,519.5,70.82,979.7,70.83,3066.7,70.84,360.6,70.85,889.4,70.86,2082.5
1700000639.5,1279,70.78999999999999,0.05999999999998806,70.76,236.6,70.82,320.0,2009.1000000000001,1376.8999999999999,70.82,5.0,BUY,2,70.76,236.6,70.75,206.4,70.74,245.7,70.73,10.0,70.72,1310.4,70.82,320.0,70.83,288.9,70.84,58.8,70.85,585.9,70.86,123.3
1700000640.0,1280,70.79499999999999,0.04999999999999716,70.77,59.2,70.82,96.9,3140.8999999999996,965.3,70.77,28.8,SELL,1,70.77,59.2,70.76,1017.3,70.75,716.8,70.74,352.8,70.73,994.8,70.82,96.9,70.83,228.0,70.84,465.0,70.85,117.9,70.86,57.5
1700000640.5,1281,70.78999999999999,0.04000000000000625,70.77,613.8,70.81,205.3,8656.3,5123.099999999999,70.77,5.0,SELL,3,70.77,613.8,70.76,577.5,70.75,1503.9,70.74,2639.2,70.73,3321.9,70.81,205.3,70.82,1771.1,70.83,121.4,70.84,940.8,70.85,2084.5
1700000641.0,1282,70.8,0.060000000000002274,70.77,311.5,70.83,91.1,4873.700000000001,1008.3999999999999,70.77,25.6,SELL,2,70.77,311.5,70.76,1763.9,70.75,650.1,70.74,687.3,70.73,1460.9,70.83,91.1,70.84,80.1,70.85,764.9,70.86,40.9,70.87,31.4
1700000641.5,1283,70.8,0.060000000000002274,70.77,616.6,70.83,1339.0,3936.7000000000003,5275.9,70.77,21.9,SELL,4,70.77,616.6,70.76,113.9,70.75,2192.3,70.74,1003.9,70.73,10.0,70.83,1339.0,70.84,114.9,70.85,342.4,70.86,1648.2,70.87,1831.4
1700000642.0,1284,70.8,0.060000000000002274,70.77,10.0,70.83,408.0,2275.2,2924.6,70.83,5.0,BUY,2,70.77,10.0,70.76,1508.8,70.75,324.2,70.74,290.6,70.73,141.6,70.83,408.0,70.84,919.3,70.85,419.4,70.86,728.5,70.87,449.4
1700000642.5,1285,70.8,0.03999999999999204,70.78,151.1,70.82,390.8,3952.7,2698.1000000000004,70.8,0.0,BUY,0,70.78,151.1,70.77,567.8,70.76,1387.8,70.75,249.7,70.74,1596.3,70.82,390.8,70.83,146.0,70.84,764.6,70.85,1256.4,70.86,140.3
1700000643.0,1286,70.8,0.060000000000002274,70.77,1082.5,70.83,38.9,2143.1000000000004,2756.5,70.8,0.0,BUY,0,70.77,1082.5,70.76,289.4,70.75,619.4,70.74,34.2,70.73,117.6,70.83,38.9,70.84,285.4,70.85,411.6,70.86,209.4,70.87,1811.2
1700000643.5,1287,70.78999999999999,0.05999999999998806,70.76,220.4,70.82,1055.1,1980.6,5434.9,70.76,42.0,SELL,1,70.76,220.4,70.75,203.5,70.74,285.5,70.73,1261.2,70.72,10.0,70.82,1055.1,70.83,315.6,70.84,25.0,70.85,695.4,70.86,3343.8
1700000644.0,1288,70.79499999999999,0.04999999999999716,70.77,144.9,70.82,370.9,2039.6000000000001,6474.9,70.77,26.7,SELL,1,70.77,144.9,70.76,878.9,70.75,249.7,70.74,723.2,70.73,42.9,70.82,370.9,70.83,451.6,70.84,360.4,70.85,4893.0,70.86,399.0
1700000644.5,1289,70.8,0.060000000000002274,70.77,26.4,70.83,271.1,1200.5,2883.9,70.77,16.7,SELL,4,70.77,26.4,70.76,735.8,70.75,68.7,70.74,220.9,70.73,148.7,70.83,271.1,70.84,42.1,70.85,1300.2,70.86,518.9,70.87,751.6
1700000645.0,1290,70.8,0.060000000000002274,70.77,181.9,70.83,491.2,3028.5,8955.3,70.77,18.3,SELL,1,70.77,181.9,70.76,867.6,70.75,80.0,70.74,821.7,70.73,1077.3,70.83,491.2,70.84,3512.9,70.85,1557.2,70.86,2047.5,70.87,1346.5
1700000645.5,1291,70.8,0.060000000000002274,70.77,159.3,70.83,1666.1,4705.4,5834.1,70.83,5.0,BUY,1,70.77,159.3,70.76,493.5,70.75,622.9,70.74,529.8,70.73,2899.9,70.83,1666.1,70.84,1709.4,70.85,672.2,70.86,678.1,70.87,1108.3
1700000646.0,1292,70.79499999999999,0.04999999999999716,70.77,44.0,70.82,105.7,2739.8,4244.5,70.82,34.2,BUY,4,70.77,44.0,70.76,1810.9,70.75,27.5,70.74,268.9,70.73,588.5,70.82,105.7,70.83,151.0,70.84,176.2,70.85,939.4,70.86,2872.2
1700000646.5,1293,70.79499999999999,0.04999999999999716,70.77,227.7,70.82,431.9,2573.9,5541.5,70.77,19.7,SELL,2,70.77,227.7,70.76,73.3,70.75,449.6,70.74,331.8,70.73,1491.5,70.82,431.9,70.83,308.9,70.84,1518.8,70.85,363.3,70.86,2918.6
1700000647.0,1294,70.78999999999999,0.05999999999998806,70.76,773.6,70.82,14.6,4200.7,6495.8,70.76,5.0,SELL,2,70.76,773.6,70.75,461.1,70.74,860.5,70.73,1988.5,70.72,117.0,70.82,14.6,70.83,1585.6,70.84,97.1,70.85,983.7,70.86,3814.8
1700000647.5,1295,70.79499999999999,0.04999999999999716,70.77,362.9,70.82,133.3,3084.3,4011.2999999999997,70.79499999999999,0.0,BUY,0,70.77,362.9,70.76,1272.9,70.75,702.1,70.74,404.8,70.73,341.6,70.82,133.3,70.83,527.5,70.84,1234.3,70.85,1289.6,70.86,826.6
1700000648.0,1296,70.8,0.03999999999999204,70.78,29.5,70.82,36.7,6090.7,4507.6,70.78,44.1,SELL,2,70.78,29.5,70.77,703.0,70.76,41.4,70.75,4546.2,70.74,770.6,70.82,36.7,70.83,677.8,70.84,629.8,70.85,2599.5,70.86,563.8
1700000648.5,1297,70.81,0.03999999999999204,70.79,133.0,70.83,242.9,3056.1,2311.5,70.81,0.0,BUY,0,70.79,133.0,70.78,719.8,70.77,276.3,70.76,1856.1,70.75,70.9,70.83,242.9,70.84,997.6,70.85,72.5,70.86,28.9,70.87,969.6
1700000649.0,1298,69.39,0.03999999999999204,69.37,33.6,69.41,895.7,8085.6,4905.2,69.41,54.6,BUY,2,69.37,33.6,69.36,2988.5,69.35,729.1,69.34,463.0,69.33,3871.4,69.41,895.7,69.42,644.0,69.43,734.8,69.44,1805.1,69.45,825.6
1700000649.5,1299,69.39,0.060000000000002274,69.36,10.0,69.42,815.6,7930.3,6366.4,69.36,66.1,SELL,1,69.36,10.0,69.35,59.3,69.34,674.5,69.33,4536.8,69.32,2649.7,69.42,815.6,69.43,1565.6,69.44,151.1,69.45,1034.1,69.46,2800.0
1700000650.0,1300,69.39,0.060000000000002274,69.36,190.7,69.42,315.0,1369.6999999999998,6114.6,69.39,0.0,BUY,0,69.36,190.7,69.35,605.3,69.34,97.0,69.33,350.1,69.32,126.6,69.42,315.0,69.43,889.6,69.44,482.6,69.45,54.1,69.46,4373.3
1700000650.5,1301,69.39,0.060000000000002274,69.36,181.6,69.42,132.9,3583.7999999999997,3744.0,69.39,0.0,BUY,0,69.36,181.6,69.35,991.0,69.34,717.3,69.33,268.0,69.32,1425.9,69.42,132.9,69.43,745.0,69.44,580.0,69.45,2217.6,69.46,68.5
1700000651.0,1302,69.39,0.060000000000002274,69.36,1496.6,69.42,161.4,7978.7,3493.5,69.42,5.0,BUY,1,69.36,1496.6,69.35,327.4,69.34,488.1,69.33,3817.6,69.32,1849.0,69.42,161.4,69.43,1405.7,69.44,314.9,69.45,764.6,69.46,846.9
1700000651.5,1303,69.38,0.060000000000002274,69.35,2037.7,69.41,1210.3,6170.0,1929.6000000000001,69.35,5.0,SELL,3,69.35,2037.7,69.34,85.6,69.33,871.5,69.32,482.5,69.31,2692.7,69.41,1210.3,69.42,259.0,69.43,105.5,69.44,309.1,69.45,45.7
1700000652.0,1304,69.38,0.060000000000002274,69.35,268.1,69.41,542.9,2468.4,4161.9,69.41,42.8,BUY,2,69.35,268.1,69.34,22.5,69.33,294.4,69.32,262.2,69.31,1621.2,69.41,542.9,69.42,461.6,69.43,1721.7,69.44,1050.7,69.45,385.0
1700000652.5,1305,69.37,0.060000000000002274,69.34,53.3,69.4,615.7,1619.6,3857.0,69.4,48.1,BUY,1,69.34,53.3,69.33,14.7,69.32,883.7,69.31,435.8,69.3,232.1,69.4,615.7,69.41,292.2,69.42,2038.7,69.43,356.2,69.44,554.2
1700000653.0,1306,69.37,0.060000000000002274,69.34,328.3,69.4,1160.5,12294.0,7001.0,69.37,0.0,BUY,0,69.34,328.3,69.33,184.8,69.32,3330.3,69.31,2058.9,69.3,6391.7,69.4,1160.5,69.41,1285.8,69.42,2809.0,69.43,291.4,69.44,1454.3
1700000653.5,1307,69.37,0.060000000000002274,69.34,263.4,69.4,713.1,3554.8,5522.799999999999,69.34,64.0,SELL,3,69.34,263.4,69.33,808.8,69.32,190.9,69.31,502.2,69.3,1789.5,69.4,713.1,69.41,1503.5,69.42,476.5,69.43,2075.2,69.44,754.5
1700000654.0,1308,69.36,0.060000000000002274,69.33,169.9,69.39,148.7,3951.3999999999996,4216.4,69.33,27.5,SELL,2,69.33,169.9,69.32,19.7,69.31,1205.5,69.3,390.8,69.29,2165.5,69.39,148.7,69.4,1121.3,69.41,1874.2,69.42,1007.4,69.43,64.8
1700000654.5,1309,69.35,0.060000000000002274,69.32,309.9,69.38,31.3,3357.0,3250.0,69.38,5.0,BUY,3,69.32,309.9,69.31,598.7,69.3,852.4,69.29,220.9,69.28,1375.1,69.38,31.3,69.39,849.8,69.4,156.0,69.41,478.8,69.42,1734.1
1700000655.0,1310,69.35,0.060000000000002274,69.32,556.9,69.38,869.6,3209.0,3299.9,69.32,7.5,SELL,2,69.32,556.9,69.31,10.0,69.3,539.8,69.29,1412.0,69.28,690.3,69.38,869.6,69.39,635.9,69.4,520.9,69.41,401.0,69.42,872.5
1700000655.5,1311,69.34,0.04000000000000625,69.32,533.9,69.36,191.2,1921.5,5982.3,69.36,12.3,BUY,3,69.32,533.9,69.31,39.0,69.3,78.3,69.29,101.0,69.28,1169.3,69.36,191.2,69.37,53.2,69.38,1869.4,69.39,1166.4,69.4,2702.1
1700000656.0,1312,69.34,0.060000000000002274,69.31,836.9,69.37,32.8,2253.0,1690.7,69.31,6.3,SELL,1,69.31,836.9,69.3,396.2,69.29,471.0,69.28,80.9,69.27,468.0,69.37,32.8,69.38,180.7,69.39,827.0,69.4,114.4,69.41,535.8
1700000656.5,1313,69.34,0.060000000000002274,69.31,568.9,69.37,548.7,7088.7,3520.3,69.31,14.8,SELL,1,69.31,568.9,69.3,247.1,69.29,3731.2,69.28,887.2,69.27,1654.3,69.37,548.7,69.38,2183.5,69.39,152.3,69.4,610.3,69.41,25.5
1700000657.0,1314,69.33,0.060000000000002274,69.3,364.5,69.36,990.0,4169.8,4253.0,69.3,5.0,SELL,2,69.3,364.5,69.29,979.6,69.28,2252.0,69.27,492.0,69.26,81.7,69.36,990.0,69.37,1277.0,69.38,91.3,69.39,1394.9,69.4,499.8
1700000657.5,1315,69.34,0.04000000000000625,69.32,297.4,69.36,1469.1,4737.0,5926.6,69.34,0.0,BUY,0,69.32,297.4,69.31,2074.5,69.3,472.3,69.29,1025.0,69.28,867.8,69.36,1469.1,69.37,376.8,69.38,579.8,69.39,318.4,69.4,3182.5
1700000658.0,1316,69.34,0.060000000000002274,69.31,798.9,69.37,282.7,5211.5,3162.7,69.31,42.0,SELL,2,69.31,798.9,69.3,734.5,69.29,497.3,69.28,2674.7,69.27,506.1,69.37,282.7,69.38,158.6,69.39,1094.0,69.4,1289.4,69.41,338.0
1700000658.5,1317,69.34,0.04000000000000625,69.32,119.5,69.36,10.0,2459.9,3120.0,69.34,0.0,BUY,0,69.32,119.5,69.31,696.0,69.3,260.2,69.29,905.6,69.28,478.6,69.36,10.0,69.37,369.8,69.38,80.3,69.39,320.3,69.4,2339.6
1700000659.0,1318,69.34,0.04000000000000625,69.32,362.6,69.36,1266.2,3020.4,4416.9,69.36,5.0,BUY,2,69.32,362.6,69.31,149.9,69.3,1062.9,69.29,634.5,69.28,810.5,69.36,1266.2,69.37,13.0,69.38,245.3,69.39,2052.1,69.4,840.3
1700000659.5,1319,69.33,0.060000000000002274,69.3,803.2,69.36,95.7,8540.0,4704.7,69.3,5.0,SELL,1,69.3,803.2,69.29,3825.9,69.28,2185.5,69.27,156.4,69.26,1569.0,69.36,95.7,69.37,361.7,69.38,1891.7,69.39,1893.7,69.4,461.9
1700000660.0,1320,69.33,0.060000000000002274,69.3,921.9,69.36,453.2,6845.200000000001,5605.5,69.36,34.6,BUY,3,69.3,921.9,69.29,354.0,69.28,1018.1,69.27,2043.6,69.26,2507.6,69.36,453.2,69.37,2591.3,69.38,470.5,69.39,1309.7,69.4,780.8
1700000660.5,1321,68.23,0.060000000000002274,68.2,13.6,68.26,224.0,2614.0,4225.1,68.2,33.3,SELL,3,68.2,13.6,68.19,153.9,68.18,508.7,68.17,1402.6,68.16,535.2,68.26,224.0,68.27,1048.6,68.28,179.3,68.29,1799.4,68.3,973.8
1700000661.0,1322,68.23,0.060000000000002274,68.2,1124.9,68.26,44.0,2945.7,3405.8,68.2,5.0,SELL,1,68.2,1124.9,68.19,188.3,68.18,271.8,68.17,425.0,68.16,935.7,68.26,44.0,68.27,477.6,68.28,23.3,68.29,626.4,68.3,2234.5
1700000661.5,1323,68.23,0.060000000000002274,68.2,80.0,68.26,797.0,3355.1000000000004,6549.5,68.23,0.0,BUY,0,68.2,80.0,68.19,344.8,68.18,1491.9,68.17,92.0,68.16,1346.4,68.26,797.0,68.27,197.6,68.28,580.5,68.29,639.5,68.3,4334.9
1700000662.0,1324,68.23,0.060000000000002274,68.2,169.4,68.26,109.2,3184.1000000000004,3722.4999999999995,68.26,24.1,BUY,2,68.2,169.4,68.19,1016.0,68.18,147.0,68.17,1460.2,68.16,391.5,68.26,109.2,68.27,2318.2,68.28,27.2,68.29,220.4,68.3,1047.5
1700000662.5,1325,68.24,0.060000000000002274,68.21,10.8,68.27,622.8,4040.1000000000004,3453.4999999999995,68.21,51.4,SELL,2,68.21,10.8,68.2,276.8,68.19,228.3,68.18,2218.0,68.17,1306.2,68.27,622.8,68.28,851.5,68.29,1160.6,68.3,609.1,68.31,209.5
1700000663.0,1326,68.24,0.060000000000002274,68.21,796.2,68.27,330.5,4893.8,2733.8999999999996,68.27,7.6,BUY,2,68.21,796.2,68.2,747.1,68.19,540.0,68.18,96.3,68.17,2714.2,68.27,330.5,68.28,36.0,68.29,721.1,68.3,1139.3,68.31,507.0
1700000663.5,1327,68.24,0.060000000000002274,68.21,10.0,68.27,320.6,3714.9999999999995,2620.7000000000003,68.21,52.3,SELL,2,68.21,10.0,68.2,981.0,68.19,485.1,68.18,1925.3,68.17,313.6,68.27,320.6,68.28,219.3,68.29,36.7,68.3,484.7,68.31,1559.4
1700000664.0,1328,68.24,0.060000000000002274,68.21,23.3,68.27,35.0,2248.0,7554.6,68.21,21.6,SELL,2,68.21,23.3,68.2,108.1,68.19,519.7,68.18,663.6,68.17,933.3,68.27,35.0,68.28,775.2,68.29,3586.1,68.3,952.5,68.31,2205.8
1700000664.5,1329,68.24,0.060000000000002274,68.21,1417.6,68.27,1293.8,6129.9,8423.0,68.24,0.0,BUY,0,68.21,1417.6,68.2,20.9,68.19,1363.8,68.18,2775.6,68.17,552.0,68.27,1293.8,68.28,704.8,68.29,1741.9,68.3,3786.8,68.31,895.7
1700000665.0,1330,68.25,0.03999999999999204,68.23,1685.2,68.27,3092.7,4864.3,6248.099999999999,68.23,13.9,SELL,3,68.23,1685.2,68.22,976.9,68.21,913.4,68.2,710.8,68.19,578.0,68.27,3092.7,68.28,282.9,68.29,374.1,68.3,1445.2,68.31,1053.2
1700000665.5,1331,68.25999999999999,0.04000000000000625,68.24,230.6,68.28,83.6,2512.5,4023.6000000000004,68.25999999999999,0.0,BUY,0,68.24,230.6,68.23,1264.3,68.22,121.9,68.21,559.2,68.2,336.5,68.28,83.6,68.29,494.1,68.3,1072.3,68.31,1411.8,68.32,961.8
1700000666.0,1332,68.25999999999999,0.04000000000000625,68.24,10.0,68.28,830.2,4450.7,3353.0,68.28,5.0,BUY,2,68.24,10.0,68.23,1185.9,68.22,537.8,68.21,2081.2,68.2,635.8,68.28,830.2,68.29,110.5,68.3,635.0,68.31,1721.5,68.32,55.8
1700000666.5,1333,68.26,0.060000000000002274,68.23,1208.2,68.29,382.4,2756.9,3588.6,68.29,25.4,BUY,2,68.23,1208.2,68.22,244.7,68.21,24.4,68.2,431.5,68.19,848.1,68.29,382.4,68.3,1782.7,68.31,1066.0,68.32,213.4,68.33,144.1
1700000667.0,1334,68.25999999999999,0.04000000000000625,68.24,20.3,68.28,467.5,2978.8,2671.3,68.24,50.0,SELL,2,68.24,20.3,68.23,601.9,68.22,899.3,68.21,256.6,68.2,1200.7,68.28,467.5,68.29,31.7,68.3,938.0,68.31,153.4,68.32,1080.7
1700000667.5,1335,68.26,0.060000000000002274,68.23,102.1,68.29,437.2,3056.5,6715.4,68.26,0.0,BUY,0,68.23,102.1,68.22,1236.6,68.21,527.0,68.2,962.4,68.19,228.4,68.29,437.2,68.3,110.0,68.31,348.2,68.32,1230.5,68.33,4589.5
1700000668.0,1336,68.27,0.060000000000002274,68.24,1053.7,68.3,266.3,3574.5,10063.9,68.3,118.4,BUY,4,68.24,1053.7,68.23,815.5,68.22,78.5,68.21,389.7,68.2,1237.1,68.3,266.3,68.31,269.9,68.32,1974.2,68.33,778.5,68.34,6775.0
1700000668.5,1337,68.25999999999999,0.04000000000000625,68.24,663.2,68.28,85.2,3200.9,3023.0,68.28,6.5,BUY,3,68.24,663.2,68.23,1014.7,68.22,410.5,68.21,1004.6,68.2,107.9,68.28,85.2,68.29,201.9,68.3,1106.8,68.31,725.9,68.32,903.2
1700000669.0,1338,68.25,0.060000000000002274,68.22,2287.2,68.28,145.9,6067.8,2713.8999999999996,68.25,0.0,BUY,0,68.22,2287.2,68.21,629.4,68.2,2222.4,68.19,149.2,68.18,779.6,68.28,145.9,68.29,114.9,68.3,671.8,68.31,14.0,68.32,1767.3
1700000669.5,1339,68.25,0.060000000000002274,68.22,119.9,68.28,571.9,3458.0,2758.3,68.22,17.2,SELL,3,68.22,119.9,68.21,715.3,68.2,354.3,68.19,541.4,68.18,1727.1,68.28,571.9,68.29,667.5,68.3,26.9,68.31,1234.7,68.32,257.3
1700000670.0,1340,68.24,0.060000000000002274,68.21,1571.1,68.27,2121.9,6049.9,5309.500000000001,68.27,16.8,BUY,2,68.21,1571.1,68.2,660.1,68.19,219.8,68.18,319.3,68.17,3279.6,68.27,2121.9,68.28,14.8,68.29,1392.5,68.3,1306.2,68.31,474.1
1700000670.5,1341,68.24,0.060000000000002274,68.21,777.4,68.27,1321.8,4058.9,3141.9,68.27,38.4,BUY,1,68.21,777.4,68.2,1018.6,68.19,538.3,68.18,196.6,68.17,1528.0,68.27,1321.8,68.28,1089.2,68.29,161.5,68.3,106.5,68.31,462.9
1700000671.0,1342,68.25,0.060000000000002274,68.22,167.4,68.28,521.6,3755.4,5524.5,68.22,79.6,SELL,1,68.22,167.4,68.21,13.6,68.2,1624.8,68.19,287.6,68.18,1662.0,68.28,521.6,68.29,10.0,68.3,1241.9,68.31,669.1,68.32,3081.9
1700000671.5,1343,68.26,0.060000000000002274,68.23,2624.1,68.29,371.2,6742.5,4018.9,68.23,32.1,SELL,2,68.23,2624.1,68.22,32.3,68.21,1396.9,68.2,1001.8,68.19,1687.4,68.29,371.2,68.3,95.7,68.31,1832.8,68.32,62.8,68.33,1656.4
1700000672.0,1344,68.26,0.060000000000002274,68.23,1247.8,68.29,285.6,6356.2,10075.800000000001,68.26,0.0,BUY,0,68.23,1247.8,68.22,665.4,68.21,186.0,68.2,2104.8,68.19,2152.2,68.29,285.6,68.3,1216.4,68.31,170.7,68.32,7002.4,68.33,1400.7
1700000672.5,1345,68.26,0.060000000000002274,68.23,1466.1,68.29,122.1,7343.4,2970.3999999999996,68.26,0.0,BUY,0,68.23,1466.1,68.22,675.3,68.21,108.2,68.2,1844.7,68.19,3249.1,68.29,122.1,68.3,352.4,68.31,646.1,68.32,947.5,68.33,902.3
1700000673.0,1346,68.25999999999999,0.04000000000000625,68.24,1755.8,68.28,545.0,3497.9,3090.6,68.24,5.0,SELL,2,68.24,1755.8,68.23,651.6,68.22,17.5,68.21,1018.4,68.2,54.6,68.28,545.0,68.29,12.2,68.3,1127.3,68.31,1241.7,68.32,164.4
1700000673.5,1347,68.25,0.060000000000002274,68.22,540.9,68.28,462.4,5722.300000000001,2558.5,68.25,0.0,BUY,0,68.22,540.9,68.21,2656.8,68.2,1366.2,68.19,302.8,68.18,855.6,68.28,462.4,68.29,35.5,68.3,49.8,68.31,672.0,68.32,1338.8
1700000674.0,1348,68.25,0.060000000000002274,68.22,792.1,68.28,480.5,3197.0,3136.1000000000004,68.22,5.0,SELL,1,68.22,792.1,68.21,335.0,68.2,605.6,68.19,1112.8,68.18,351.5,68.28,480.5,68.29,615.0,68.3,1637.9,68.31,337.8,68.32,64.9
1700000674.5,1349,68.25,0.060000000000002274,68.22,148.7,68.28,449.3,4310.0,4904.1,68.25,0.0,BUY,0,68.22,148.7,68.21,494.1,68.2,788.7,68.19,1120.5,68.18,1758.0,68.28,449.3,68.29,1663.2,68.3,504.0,68.31,352.2,68.32,1935.4
1700000675.0,1350,68.25,0.060000000000002274,68.22,639.6,68.28,509.5,3117.6,3146.4,68.22,14.2,SELL,2,68.22,639.6,68.21,667.1,68.2,20.3,68.19,420.8,68.18,1369.8,68.28,509.5,68.29,1333.2,68.3,395.8,68.31,398.4,68.32,509.5
1700000675.5,1351,68.25,0.060000000000002274,68.22,1177.1,68.28,211.6,7047.7,5005.999999999999,68.25,0.0,BUY,0,68.22,1177.1,68.21,368.6,68.2,310.7,68.19,2070.1,68.18,3121.2,68.28,211.6,68.29,1998.5,68.3,539.1,68.31,1886.6,68.32,370.2
1700000676.0,1352,68.25,0.060000000000002274,68.22,1408.0,68.28,499.9,5030.7,3262.6,68.28,5.0,BUY,1,68.22,1408.0,68.21,129.2,68.2,595.5,68.19,1419.2,68.18,1478.8,68.28,499.9,68.29,1616.3,68.3,28.4,68.31,1076.6,68.32,41.4
1700000676.5,1353,68.26,0.060000000000002274,68.23,319.1,68.29,1181.8,3341.1000000000004,3233.4,68.23,9.8,SELL,1,68.23,319.1,68.22,735.6,68.21,132.4,68.2,1846.7,68.19,307.3,68.29,1181.8,68.3,634.8,68.31,541.7,68.32,159.1,68.33,716.0
1700000677.0,1354,68.26,0.060000000000002274,68.23,718.2,68.29,98.9,2798.2,971.5999999999999,68.26,0.0,BUY,0,68.23,718.2,68.22,1173.1,68.21,645.4,68.2,110.9,68.19,150.6,68.29,98.9,68.3,142.6,68.31,300.8,68.32,419.3,68.33,10.0
1700000677.5,1355,68.26,0.060000000000002274,68.23,31.5,68.29,1303.6,3982.4,4882.4,68.26,0.0,BUY,0,68.23,31.5,68.22,1550.2,68.21,32.7,68.2,2084.9,68.19,283.1,68.29,1303.6,68.3,417.8,68.31,2190.8,68.32,311.3,68.33,658.9
1700000678.0,1356,68.25,0.060000000000002274,68.22,283.3,68.28,42.7,2899.1,6525.0,68.28,16.6,BUY,2,68.22,283.3,68.21,390.8,68.2,882.9,68.19,370.5,68.18,971.6,68.28,42.7,68.29,60.0,68.3,3441.2,68.31,167.1,68.32,2814.0
1700000678.5,1357,68.25,0.03999999999999204,68.23,340.0,68.27,169.4,2396.7,14640.1,68.23,85.4,SELL,1,68.23,340.0,68.22,97.4,68.21,1373.5,68.2,56.1,68.19,529.7,68.27,169.4,68.28,2382.1,68.29,2998.4,68.3,4319.3,68.31,4770.9
1700000679.0,1358,68.25,0.060000000000002274,68.22,91.5,68.28,953.9,2552.2000000000003,3607.2,68.25,0.0,BUY,0,68.22,91.5,68.21,570.5,68.2,362.2,68.19,509.6,68.18,1018.4,68.28,953.9,68.29,18.3,68.3,1013.5,68.31,1188.1,68.32,433.4
1700000679.5,1359,68.24,0.060000000000002274,68.21,1994.5,68.27,235.3,6378.4,3549.8999999999996,68.21,55.2,SELL,1,68.21,1994.5,68.2,622.1,68.19,2473.6,68.18,165.6,68.17,1122.6,68.27,235.3,68.28,12.5,68.29,63.0,68.3,1045.4,68.31,2193.7
1700000680.0,1360,68.24,0.060000000000002274,68.21,122.1,68.27,394.3,5535.7,1694.1000000000001,68.27,33.3,BUY,1,68.21,122.1,68.2,351.0,68.19,2936.1,68.18,1890.7,68.17,235.8,68.27,394.3,68.28,326.5,68.29,636.1,68.3,52.2,68.31,285.0
1700000680.5,1361,68.24,0.060000000000002274,68.21,1444.4,68.27,195.9,6418.900000000001,1282.9,68.21,103.4,SELL,1,68.21,1444.4,68.2,741.9,68.19,112.4,68.18,291.3,68.17,3828.9,68.27,195.9,68.28,469.6,68.29,176.3,68.3,213.2,68.31,227.9
1700000681.0,1362,68.22999999999999,0.04000000000000625,68.21,421.0,68.25,387.7,3353.7,2471.8,68.21,117.4,SELL,3,68.21,421.0,68.2,863.7,68.19,150.8,68.18,97.9,68.17,1820.3,68.25,387.7,68.26,86.1,68.27,206.4,68.28,1540.2,68.29,251.4
1700000681.5,1363,73.405,0.05000000000001137,73.38,208.2,73.43,432.2,9393.599999999999,2749.3,73.38,50.6,SELL,2,73.38,208.2,73.37,2280.7,73.36,597.3,73.35,427.5,73.34,5879.9,73.43,432.2,73.44,119.4,73.45,321.3,73.46,993.8,73.47,882.6
1700000682.0,1364,73.39,0.060000000000002274,73.36,793.6,73.42,1008.0,4491.0,4068.8,73.39,0.0,BUY,0,73.36,793.6,73.35,510.7,73.34,1553.4,73.33,1230.6,73.32,402.7,73.42,1008.0,73.43,117.6,73.44,469.7,73.45,1645.0,73.46,828.5
1700000682.5,1365,73.39,0.060000000000002274,73.36,153.7,73.42,416.1,5095.500000000001,2739.8999999999996,73.42,31.0,BUY,3,73.36,153.7,73.35,1304.9,73.34,2771.5,73.33,559.6,73.32,305.8,73.42,416.1,73.43,410.3,73.44,1231.0,73.45,656.8,73.46,25.7
1700000683.0,1366,73.38,0.060000000000002274,73.35,558.1,73.41,215.0,5096.0,5028.5,73.38,0.0,BUY,0,73.35,558.1,73.34,1755.8,73.33,1558.6,73.32,587.1,73.31,636.4,73.41,215.0,73.42,1157.7,73.43,1655.5,73.44,574.9,73.45,1425.4
1700000683.5,1367,73.37,0.060000000000002274,73.34,1414.7,73.4,548.6,4246.3,3802.7999999999997,73.34,42.3,SELL,1,73.34,1414.7,73.33,10.0,73.32,839.5,73.31,1118.4,73.3,863.7,73.4,548.6,73.41,1362.4,73.42,89.6,73.43,437.7,73.44,1364.5
1700000684.0,1368,73.37,0.060000000000002274,73.34,155.6,73.4,964.7,4479.3,2706.8999999999996,73.4,7.4,BUY,1,73.34,155.6,73.33,1009.6,73.32,1939.0,73.31,102.9,73.3,1272.2,73.4,964.7,73.41,120.2,73.42,497.1,73.43,58.8,73.44,1066.1
1700000684.5,1369,73.37,0.060000000000002274,73.34,149.1,73.4,83.4,3751.7,4204.0,73.34,38.0,SELL,2,73.34,149.1,73.33,1524.5,73.32,686.4,73.31,101.9,73.3,1289.8,73.4,83.4,73.41,83.2,73.42,279.2,73.43,1435.8,73.44,2322.4
1700000685.0,1370,73.37,0.060000000000002274,73.34,172.6,73.4,31.6,3736.2999999999997,7699.699999999999,73.4,32.6,BUY,1,73.34,172.6,73.33,1742.6,73.32,992.2,73.31,238.0,73.3,590.9,73.4,31.6,73.41,748.3,73.42,5475.4,73.43,356.4,73.44,1088.0
1700000685.5,1371,73.37,0.060000000000002274,73.34,483.9,73.4,2225.5,3920.4,5649.0,73.37,0.0,BUY,0,73.34,483.9,73.33,1181.4,73.32,700.4,73.31,35.1,73.3,1519.6,73.4,2225.5,73.41,167.1,73.42,457.9,73.43,685.7,73.44,2112.8
1700000686.0,1372,73.37,0.04000000000000625,73.35,1123.7,73.39,137.3,1629.3999999999999,2410.7999999999997,73.39,13.3,BUY,3,73.35,1123.7,73.34,341.9,73.33,30.3,73.32,12.1,73.31,121.4,73.39,137.3,73.4,59.2,73.41,1352.1,73.42,217.3,73.43,644.9
1700000686.5,1373,73.38,0.060000000000002274,73.35,288.9,73.41,226.1,3496.1000000000004,2665.7,73.41,8.2,BUY,1,73.35,288.9,73.34,2721.3,73.33,120.7,73.32,240.9,73.31,124.3,73.41,226.1,73.42,892.5,73.43,82.9,73.44,942.6,73.45,521.6
1700000687.0,1374,73.38,0.060000000000002274,73.35,468.0,73.41,89.9,5879.3,3618.8999999999996,73.38,0.0,BUY,0,73.35,468.0,73.34,634.8,73.33,2694.7,73.32,1206.0,73.31,875.8,73.41,89.9,73.42,104.6,73.43,652.9,73.44,1028.2,73.45,1743.3
1700000687.5,1375,73.38,0.060000000000002274,73.35,184.1,73.41,274.2,1239.5,5034.3,73.41,59.9,BUY,4,73.35,184.1,73.34,262.4,73.33,90.6,73.32,326.9,73.31,375.5,73.41,274.2,73.42,1110.3,73.43,1304.1,73.44,807.9,73.45,1537.8
1700000688.0,1376,74.85,0.04000000000000625,74.83,523.2,74.87,407.9,5745.400000000001,3776.1,74.83,5.1,SELL,1,74.83,523.2,74.82,764.2,74.81,1525.3,74.8,2307.4,74.79,625.3,74.87,407.9,74.88,444.5,74.89,70.2,74.9,2520.1,74.91,333.4
1700000688.5,1377,74.85,0.060000000000002274,74.82,528.0,74.88,238.7,3414.3999999999996,1306.8,74.88,32.1,BUY,2,74.82,528.0,74.81,615.8,74.8,1482.6,74.79,397.7,74.78,390.3,74.88,238.7,74.89,481.4,74.9,235.6,74.91,341.1,74.92,10.0
1700000689.0,1378,74.86,0.03999999999999204,74.84,200.7,74.88,232.6,3072.6,2997.6000000000004,74.84,28.0,SELL,3,74.84,200.7,74.83,275.7,74.82,710.7,74.81,1316.1,74.8,569.4,74.88,232.6,74.89,614.7,74.9,304.0,74.91,1301.0,74.92,545.3
1700000689.5,1379,74.86,0.060000000000002274,74.83,1107.1,74.89,437.5,5374.599999999999,4144.400000000001,74.89,5.6,BUY,2,74.83,1107.1,74.82,2515.7,74.81,10.0,74.8,514.5,74.79,1227.3,74.89,437.5,74.9,1657.3,74.91,144.3,74.92,980.1,74.93,925.2
1700000690.0,1380,74.85,0.060000000000002274,74.82,794.2,74.88,807.8,4366.2,5613.8,74.82,6.4,SELL,1,74.82,794.2,74.81,347.8,74.8,1064.8,74.79,1616.0,74.78,543.4,74.88,807.8,74.89,251.1,74.9,639.1,74.91,997.3,74.92,2918.5
1700000690.5,1381,74.85,0.060000000000002274,74.82,79.8,74.88,496.4,3715.3,7617.2,74.88,36.5,BUY,2,74.82,79.8,74.81,25.7,74.8,350.6,74.79,327.9,74.78,2931.3,74.88,496.4,74.89,2411.8,74.9,1220.4,74.91,2032.9,74.92,1455.7
1700000691.0,1382,74.85,0.060000000000002274,74.82,234.2,74.88,372.5,3511.7,2533.8999999999996,74.82,14.1,SELL,2,74.82,234.2,74.81,985.9,74.8,677.0,74.79,899.5,74.78,715.1,74.88,372.5,74.89,648.9,74.9,1202.8,74.91,111.2,74.92,198.5
1700000691.5,1383,74.85,0.060000000000002274,74.82,55.0,74.88,155.0,3161.8,3846.6,74.88,8.7,BUY,4,74.82,55.0,74.81,190.2,74.8,1148.0,74.79,684.4,74.78,1084.2,74.88,155.0,74.89,72.8,74.9,398.8,74.91,914.9,74.92,2305.1
1700000692.0,1384,74.84,0.060000000000002274,74.81,938.3,74.87,460.1,4466.3,4654.9,74.87,5.2,BUY,1,74.81,938.3,74.8,1462.0,74.79,31.8,74.78,315.9,74.77,1718.3,74.87,460.1,74.88,836.9,74.89,2116.8,74.9,756.7,74.91,484.4
1700000692.5,1385,74.84,0.060000000000002274,74.81,533.0,74.87,545.1,3924.6,2099.2999999999997,74.81,15.8,SELL,2,74.81,533.0,74.8,330.1,74.79,495.8,74.78,2487.5,74.77,78.2,74.87,545.1,74.88,61.8,74.89,1214.6,74.9,25.1,74.91,252.7
1700000693.0,1386,74.84,0.060000000000002274,74.81,391.6,74.87,1013.0,3331.9,3609.3,74.87,58.4,BUY,2,74.81,391.6,74.8,926.9,74.79,561.6,74.78,1036.9,74.77,414.9,74.87,1013.0,74.88,782.4,74.89,80.0,74.9,1487.6,74.91,246.3
1700000693.5,1387,74.84,0.060000000000002274,74.81,1181.2,74.87,186.9,9070.8,4428.2,74.81,27.5,SELL,1,74.81,1181.2,74.8,1574.5,74.79,3236.8,74.78,2309.4,74.77,768.9,74.87,186.9,74.88,1547.6,74.89,38.4,74.9,1661.8,74.91,993.5
1700000694.0,1388,74.84,0.060000000000002274,74.81,116.9,74.87,415.3,2777.3,5346.8,74.87,8.8,BUY,1,74.81,116.9,74.8,736.1,74.79,1001.8,74.78,41.0,74.77,881.5,74.87,415.3,74.88,1649.5,74.89,1440.4,74.9,1191.9,74.91,649.7
1700000694.5,1389,74.84,0.060000000000002274,74.81,76.9,74.87,51.0,2288.4,4220.6,74.84,0.0,BUY,0,74.81,76.9,74.8,343.2,74.79,1490.9,74.78,15.5,74.77,361.9,74.87,51.0,74.88,916.6,74.89,382.8,74.9,763.3,74.91,2106.9
1700000695.0,1390,74.83,0.03999999999999204,74.81,107.0,74.85,2098.4,1218.1,3545.5,74.83,0.0,BUY,0,74.81,107.0,74.8,104.2,74.79,616.1,74.78,380.8,74.77,10.0,74.85,2098.4,74.86,1110.8,74.87,181.8,74.88,30.7,74.89,123.8
1700000695.5,1391,74.83,0.060000000000002274,74.8,273.2,74.86,367.4,6579.4,6081.8,74.83,0.0,BUY,0,74.8,273.2,74.79,2359.3,74.78,573.7,74.77,292.4,74.76,3080.8,74.86,367.4,74.87,317.1,74.88,577.2,74.89,1544.6,74.9,3275.5
1700000696.0,1392,74.83,0.060000000000002274,74.8,980.7,74.86,265.3,4714.3,4431.8,74.86,21.8,BUY,3,74.8,980.7,74.79,351.1,74.78,835.4,74.77,1734.4,74.76,812.7,74.86,265.3,74.87,486.7,74.88,1574.9,74.89,1963.9,74.9,141.0
1700000696.5,1393,74.83,0.060000000000002274,74.8,263.2,74.86,10.0,2510.1000000000004,1416.7,74.86,32.2,BUY,2,74.8,263.2,74.79,123.5,74.78,104.4,74.77,1199.3,74.76,819.7,74.86,10.0,74.87,174.4,74.88,10.0,74.89,729.2,74.9,493.1
1700000697.0,1394,74.83,0.060000000000002274,74.8,49.2,74.86,197.0,8705.900000000001,5476.799999999999,74.86,21.3,BUY,1,74.8,49.2,74.79,1347.2,74.78,2709.7,74.77,3036.8,74.76,1563.0,74.86,197.0,74.87,770.8,74.88,2080.1,74.89,901.1,74.9,1527.8
1700000697.5,1395,74.83,0.060000000000002274,74.8,300.4,74.86,216.6,1711.1,2235.3,74.86,69.0,BUY,3,74.8,300.4,74.79,570.0,74.78,114.2,74.77,402.5,74.76,324.0,74.86,216.6,74.87,234.3,74.88,953.7,74.89,567.7,74.9,263.0
1700000698.0,1396,74.84,0.060000000000002274,74.81,246.6,74.87,227.3,4845.9,6073.6,74.87,61.0,BUY,3,74.81,246.6,74.8,641.1,74.79,1430.8,74.78,25.3,74.77,2502.1,74.87,227.3,74.88,671.9,74.89,2593.3,74.9,1649.8,74.91,931.3
1700000698.5,1397,74.84,0.060000000000002274,74.81,40.0,74.87,115.7,2703.3999999999996,3759.2999999999997,74.81,152.9,SELL,3,74.81,40.0,74.8,317.9,74.79,1870.7,74.78,239.1,74.77,235.7,74.87,115.7,74.88,437.0,74.89,1664.0,74.9,467.7,74.91,1074.9
1700000699.0,1398,74.83,0.060000000000002274,74.8,1434.2,74.86,2736.4,10523.6,5669.400000000001,74.83,0.0,BUY,0,74.8,1434.2,74.79,913.2,74.78,1800.4,74.77,5597.4,74.76,778.4,74.86,2736.4,74.87,260.9,74.88,968.5,74.89,672.1,74.9,1031.5
1700000699.5,1399,74.83,0.060000000000002274,74.8,289.1,74.86,111.9,3921.8,2965.0,74.8,25.9,SELL,3,74.8,289.1,74.79,137.9,74.78,359.9,74.77,72.0,74.76,3062.9,74.86,111.9,74.87,138.1,74.88,79.5,74.89,2040.0,74.9,595.5
1700000700.0,1400,74.83,0.060000000000002274,74.8,657.8,74.86,512.7,3647.7,2828.6000000000004,74.83,0.0,BUY,0,74.8,657.8,74.79,863.5,74.78,476.7,74.77,377.6,74.76,1272.1,74.86,512.7,74.87,153.7,74.88,1211.9,74.89,292.0,74.9,658.3
1700000700.5,1401,74.83,0.060000000000002274,74.8,776.2,74.86,1120.3,4208.8,5533.7,74.86,23.2,BUY,1,74.8,776.2,74.79,665.5,74.78,520.7,74.77,1595.4,74.76,651.0,74.86,1120.3,74.87,693.5,74.88,1801.7,74.89,1423.8,74.9,494.4
1700000701.0,1402,74.83,0.060000000000002274,74.8,1099.0,74.86,186.2,4677.599999999999,1900.9,74.8,13.1,SELL,1,74.8,1099.0,74.79,971.9,74.78,2044.8,74.77,454.5,74.76,107.4,74.86,186.2,74.87,190.6,74.88,472.8,74.89,510.4,74.9,540.9
1700000701.5,1403,74.83,0.060000000000002274,74.8,288.7,74.86,579.4,2797.3,4921.3,74.83,0.0,BUY,0,74.8,288.7,74.79,584.2,74.78,169.3,74.77,590.4,74.76,1164.7,74.86,579.4,74.87,536.8,74.88,301.7,74.89,911.1,74.9,2592.3
1700000702.0,1404,74.83,0.060000000000002274,74.8,1772.0,74.86,516.0,2765.8,2594.7,74.86,5.0,BUY,3,74.8,1772.0,74.79,169.2,74.78,63.9,74.77,61.6,74.76,699.1,74.86,516.0,74.87,681.9,74.88,458.9,74.89,680.7,74.9,257.2
1700000702.5,1405,74.84,0.060000000000002274,74.81,687.6,74.87,496.5,4941.4,5270.7,74.81,45.2,SELL,2,74.81,687.6,74.8,1180.8,74.79,1260.5,74.78,263.9,74.77,1548.6,74.87,496.5,74.88,45.3,74.89,10.0,74.9,981.3,74.91,3737.6
1700000703.0,1406,74.84,0.060000000000002274,74.81,613.4,74.87,720.8,1776.7999999999997,4605.6,74.81,33.0,SELL,2,74.81,613.4,74.8,199.4,74.79,320.9,74.78,209.8,74.77,433.3,74.87,720.8,74.88,152.2,74.89,1755.3,74.9,367.6,74.91,1609.7
1700000703.5,1407,74.84,0.060000000000002274,74.81,311.6,74.87,348.8,2400.7000000000003,5890.1,74.87,105.3,BUY,3,74.81,311.6,74.8,922.1,74.79,299.7,74.78,416.7,74.77,450.6,74.87,348.8,74.88,588.3,74.89,828.4,74.9,1843.4,74.91,2281.2
1700000704.0,1408,74.84,0.04000000000000625,74.82,594.4,74.86,1180.4,3479.0,4253.0,74.82,5.0,SELL,5,74.82,594.4,74.81,42.7,74.8,99.9,74.79,171.3,74.78,2570.7,74.86,1180.4,74.87,75.1,74.88,1008.0,74.89,1287.1,74.9,702.4
1700000704.5,1409,74.84,0.04000000000000625,74.82,10.0,74.86,550.1,2169.0,3600.6,74.86,70.2,BUY,1,74.82,10.0,74.81,65.0,74.8,637.6,74.79,691.0,74.78,765.4,74.86,550.1,74.87,10.0,74.88,388.7,74.89,271.4,74.9,2380.4
1700000705.0,1410,74.84,0.060000000000002274,74.81,439.5,74.87,448.5,2844.9,6211.4,74.84,0.0,BUY,0,74.81,439.5,74.8,78.5,74.79,541.7,74.78,852.7,74.77,932.5,74.87,448.5,74.88,895.6,74.89,146.8,74.9,206.0,74.91,4514.5
1700000705.5,1411,74.85,0.060000000000002274,74.82,542.7,74.88,569.8,786.0,6997.9,74.82,13.7,SELL,1,74.82,542.7,74.81,14.9,74.8,42.1,74.79,68.3,74.78,118.0,74.88,569.8,74.89,598.3,74.9,2680.9,74.91,2768.4,74.92,380.5
1700000706.0,1412,74.84,0.04000000000000625,74.82,99.3,74.86,212.3,5709.900000000001,5042.299999999999,74.86,15.5,BUY,1,74.82,99.3,74.81,133.0,74.8,352.0,74.79,4722.3,74.78,403.3,74.86,212.3,74.87,812.7,74.88,290.2,74.89,1729.5,74.9,1997.6
1700000706.5,1413,74.85,0.060000000000002274,74.82,847.6,74.88,425.4,3237.2000000000003,986.1,74.88,20.3,BUY,1,74.82,847.6,74.81,108.5,74.8,16.4,74.79,1992.9,74.78,271.8,74.88,425.4,74.89,498.8,74.9,17.0,74.91,10.0,74.92,34.9
1700000707.0,1414,74.85,0.060000000000002274,74.82,862.0,74.88,716.6,1208.8999999999999,5685.8,74.88,5.0,BUY,1,74.82,862.0,74.81,81.6,74.8,89.2,74.79,91.3,74.78,84.8,74.88,716.6,74.89,1994.9,74.9,981.1,74.91,747.9,74.92,1245.3
1700000707.5,1415,74.85,0.060000000000002274,74.82,631.0,74.88,180.9,6637.0,1548.0,74.82,30.3,SELL,1,74.82,631.0,74.81,1554.2,74.8,244.9,74.79,2821.1,74.78,1385.8,74.88,180.9,74.89,259.9,74.9,737.3,74.91,198.9,74.92,171.0
1700000708.0,1416,74.85,0.060000000000002274,74.82,154.5,74.88,330.0,3927.6000000000004,1558.6,74.88,26.1,BUY,2,74.82,154.5,74.81,488.8,74.8,2015.2,74.79,123.9,74.78,1145.2,74.88,330.0,74.89,300.5,74.9,98.3,74.91,10.0,74.92,819.8
1700000708.5,1417,74.85,0.04000000000000625,74.83,10.0,74.87,877.5,1014.9999999999999,4233.1,74.83,20.0,SELL,3,74.83,10.0,74.82,10.0,74.81,41.3,74.8,806.8,74.79,146.9,74.87,877.5,74.88,1182.5,74.89,289.3,74.9,178.6,74.91,1705.2
1700000709.0,1418,74.85,0.060000000000002274,74.82,520.9,74.88,88.1,5020.5,3455.9,74.85,0.0,BUY,0,74.82,520.9,74.81,331.8,74.8,1903.6,74.79,2070.6,74.78,193.6,74.88,88.1,74.89,287.1,74.9,1034.8,74.91,1342.4,74.92,703.5
1700000709.5,1419,74.85,0.060000000000002274,74.82,550.9,74.88,136.4,3043.7999999999997,5956.5,74.88,15.9,BUY,2,74.82,550.9,74.81,387.7,74.8,502.8,74.79,849.5,74.78,752.9,74.88,136.4,74.89,1114.1,74.9,1204.5,74.91,925.1,74.92,2576.4
1700000710.0,1420,74.85,0.060000000000002274,74.82,370.2,74.88,415.2,4245.0,3873.6,74.82,17.3,SELL,2,74.82,370.2,74.81,208.3,74.8,504.5,74.79,681.0,74.78,2481.0,74.88,415.2,74.89,623.3,74.9,718.5,74.91,48.5,74.92,2068.1
1700000710.5,1421,74.85,0.060000000000002274,74.82,25.3,74.88,213.8,2748.2,5110.9,74.88,34.6,BUY,3,74.82,25.3,74.81,1430.0,74.8,452.2,74.79,180.4,74.78,660.3,74.88,213.8,74.89,675.7,74.9,129.0,74.91,2832.0,74.92,1260.4
1700000711.0,1422,74.85,0.060000000000002274,74.82,2214.3,74.88,571.4,5496.6,2865.7,74.88,20.4,BUY,2,74.82,2214.3,74.81,88.8,74.8,2996.9,74.79,10.0,74.78,186.6,74.88,571.4,74.89,574.8,74.9,802.6,74.91,223.8,74.92,693.1
1700000711.5,1423,74.84,0.060000000000002274,74.81,291.6,74.87,349.5,4443.7,4344.3,74.81,5.0,SELL,2,74.81,291.6,74.8,10.0,74.79,106.3,74.78,1040.8,74.77,2995.0,74.87,349.5,74.88,125.4,74.89,474.8,74.9,1511.6,74.91,1883.0
1700000712.0,1424,74.85,0.060000000000002274,74.82,633.8,74.88,575.9,3201.7000000000003,2038.3000000000002,74.85,0.0,BUY,0,74.82,633.8,74.81,103.7,74.8,331.1,74.79,1755.7,74.78,377.4,74.88,575.9,74.89,508.5,74.9,524.0,74.91,176.2,74.92,253.7
1700000712.5,1425,74.84,0.04000000000000625,74.82,603.7,74.86,677.8,5651.4,6696.9,74.84,0.0,BUY,0,74.82,603.7,74.81,1478.7,74.8,318.1,74.79,1106.7,74.78,2144.2,74.86,677.8,74.87,3140.1,74.88,429.5,74.89,986.0,74.9,1463.5
1700000713.0,1426,74.83,0.060000000000002274,74.8,413.3,74.86,636.3,1849.3,5340.400000000001,74.86,20.1,BUY,4,74.8,413.3,74.79,457.8,74.78,231.5,74.77,113.5,74.76,633.2,74.86,636.3,74.87,710.0,74.88,1396.7,74.89,2042.6,74.9,554.8
1700000713.5,1427,74.83,0.060000000000002274,74.8,436.9,74.86,445.5,3543.8999999999996,3669.2,74.8,80.8,SELL,1,74.8,436.9,74.79,926.2,74.78,554.2,74.77,704.4,74.76,922.2,74.86,445.5,74.87,683.4,74.88,1303.3,74.89,194.7,74.9,1042.3
1700000714.0,1428,74.82,0.05999999999998806,74.79,536.9,74.85,272.7,5359.300000000001,2089.8,74.85,25.1,BUY,1,74.79,536.9,74.78,104.2,74.77,2053.3,74.76,2530.8,74.75,134.1,74.85,272.7,74.86,922.7,74.87,226.1,74.88,405.0,74.89,263.3
1700000714.5,1429,74.82,0.04000000000000625,74.8,1480.2,74.84,840.7,5047.6,3726.5,74.84,22.6,BUY,2,74.8,1480.2,74.79,582.8,74.78,424.2,74.77,2026.4,74.76,534.0,74.84,840.7,74.85,556.3,74.86,1017.0,74.87,1134.7,74.88,177.8
1700000715.0,1430,74.82,0.04000000000000625,74.8,598.6,74.84,1147.7,3548.6,1826.3,74.84,63.7,BUY,2,74.8,598.6,74.79,847.5,74.78,18.4,74.77,1715.7,74.76,368.4,74.84,1147.7,74.85,252.8,74.86,84.4,74.87,276.6,74.88,64.8
1700000715.5,1431,74.815,0.04999999999999716,74.79,669.0,74.84,2437.2,3926.7000000000003,3528.7999999999997,74.815,0.0,BUY,0,74.79,669.0,74.78,31.1,74.77,181.5,74.76,1684.7,74.75,1360.4,74.84,2437.2,74.85,77.5,74.86,286.8,74.87,361.6,74.88,365.7
1700000716.0,1432,74.82,0.04000000000000625,74.8,303.2,74.84,210.5,2510.2,2112.3,74.84,51.4,BUY,2,74.8,303.2,74.79,554.3,74.78,1101.3,74.77,97.4,74.76,454.0,74.84,210.5,74.85,228.2,74.86,33.4,74.87,779.2,74.88,861.0
1700000716.5,1433,74.815,0.04999999999999716,74.79,953.9,74.84,51.7,3998.1000000000004,2534.2,74.84,25.2,BUY,1,74.79,953.9,74.78,132.2,74.77,2015.2,74.76,425.3,74.75,471.5,74.84,51.7,74.85,713.8,74.86,61.9,74.87,1177.2,74.88,529.6
1700000717.0,1434,74.815,0.04999999999999716,74.79,296.6,74.84,155.0,2627.2,2027.5,74.84,64.5,BUY,3,74.79,296.6,74.78,620.3,74.77,236.9,74.76,1368.3,74.75,105.1,74.84,155.0,74.85,836.9,74.86,192.0,74.87,73.1,74.88,770.5
1700000717.5,1435,74.82,0.05999999999998806,74.79,306.5,74.85,234.3,3463.6,3384.9,74.79,11.8,SELL,3,74.79,306.5,74.78,558.9,74.77,2261.2,74.76,174.7,74.75,162.3,74.85,234.3,74.86,411.4,74.87,724.8,74.88,1167.9,74.89,846.5
1700000718.0,1436,74.81,0.060000000000002274,74.78,1681.5,74.84,298.3,6190.5,4025.5,74.78,40.7,SELL,1,74.78,1681.5,74.77,1188.5,74.76,1122.1,74.75,1414.7,74.74,783.7,74.84,298.3,74.85,410.3,74.86,657.1,74.87,1720.0,74.88,939.8
1700000718.5,1437,74.81,0.060000000000002274,74.78,1044.8,74.84,379.8,3723.6,5168.900000000001,74.78,5.0,SELL,1,74.78,1044.8,74.77,1469.1,74.76,76.4,74.75,622.0,74.74,511.3,74.84,379.8,74.85,1954.9,74.86,869.9,74.87,621.8,74.88,1342.5
1700000719.0,1438,74.81,0.060000000000002274,74.78,661.2,74.84,140.2,2720.1,2500.3,74.78,142.3,SELL,2,74.78,661.2,74.77,306.2,74.76,906.0,74.75,550.6,74.74,296.1,74.84,140.2,74.85,430.5,74.86,75.0,74.87,165.1,74.88,1689.5
1700000719.5,1439,74.82,0.05999999999998806,74.79,228.3,74.85,25.0,1986.5,2098.7999999999997,74.79,7.8,SELL,4,74.79,228.3,74.78,1131.0,74.77,69.4,74.76,116.0,74.75,441.8,74.85,25.0,74.86,1077.0,74.87,274.1,74.88,613.5,74.89,109.2
1700000720.0,1440,74.83,0.060000000000002274,74.8,251.2,74.86,106.7,5811.299999999999,1253.6,74.8,6.4,SELL,2,74.8,251.2,74.79,964.1,74.78,2206.9,74.77,725.7,74.76,1663.4,74.86,106.7,74.87,337.1,74.88,101.0,74.89,644.8,74.9,64.0
1700000720.5,1441,74.83,0.03999999999999204,74.81,1491.5,74.85,1256.5,3809.2999999999997,3674.0,74.85,5.0,BUY,1,74.81,1491.5,74.8,1214.2,74.79,410.5,74.78,202.7,74.77,490.4,74.85,1256.5,74.86,568.6,74.87,436.9,74.88,153.9,74.89,1258.1
1700000721.0,1442,74.815,0.04999999999999716,74.79,25.8,74.84,205.9,1480.8000000000002,5361.8,74.79,79.0,SELL,1,74.79,25.8,74.78,267.0,74.77,17.5,74.76,480.6,74.75,689.9,74.84,205.9,74.85,14.4,74.86,58.2,74.87,648.5,74.88,4434.8
1700000721.5,1443,74.82,0.05999999999998806,74.79,220.9,74.85,166.0,5713.4,1608.8,74.82,0.0,BUY,0,74.79,220.9,74.78,1672.0,74.77,244.6,74.76,3323.5,74.75,252.4,74.85,166.0,74.86,550.3,74.87,38.2,74.88,192.5,74.89,661.8
1700000722.0,1444,74.82,0.05999999999998806,74.79,215.4,74.85,93.3,2399.1,7313.1,74.82,0.0,BUY,0,74.79,215.4,74.78,533.8,74.77,1529.8,74.76,110.1,74.75,10.0,74.85,93.3,74.86,191.3,74.87,1064.9,74.88,2118.2,74.89,3845.4
1700000722.5,1445,74.81,0.060000000000002274,74.78,197.2,74.84,714.6,3775.7,4485.0,74.84,27.4,BUY,1,74.78,197.2,74.77,367.9,74.76,1295.4,74.75,838.4,74.74,1076.8,74.84,714.6,74.85,208.8,74.86,784.9,74.87,1766.3,74.88,1010.4
1700000723.0,1446,74.81,0.03999999999999204,74.79,102.3,74.83,812.6,801.9999999999999,3748.8,74.81,0.0,BUY,0,74.79,102.3,74.78,10.0,74.77,11.0,74.76,553.8,74.75,124.9,74.83,812.6,74.84,2043.7,74.85,282.8,74.86,345.1,74.87,264.6
1700000723.5,1447,74.81,0.060000000000002274,74.78,200.3,74.84,451.4,4127.700000000001,2124.5,74.78,5.0,SELL,2,74.78,200.3,74.77,133.1,74.76,1110.4,74.75,1288.0,74.74,1395.9,74.84,451.4,74.85,200.9,74.86,57.6,74.87,1308.2,74.88,106.4
1700000724.0,1448,74.81,0.060000000000002274,74.78,167.4,74.84,165.9,4724.0,5330.6,74.78,5.0,SELL,3,74.78,167.4,74.77,1632.0,74.76,760.5,74.75,2013.2,74.74,150.9,74.84,165.9,74.85,1456.4,74.86,1585.3,74.87,623.9,74.88,1499.1
1700000724.5,1449,74.815,0.04999999999999716,74.79,1313.8,74.84,40.9,3065.4,5748.499999999999,74.84,5.0,BUY,2,74.79,1313.8,74.78,1094.7,74.77,491.9,74.76,15.4,74.75,149.6,74.84,40.9,74.85,675.8,74.86,3521.7,74.87,883.2,74.88,626.9
1700000725.0,1450,74.82,0.04000000000000625,74.8,552.2,74.84,263.6,2790.8,3665.5,74.8,93.3,SELL,2,74.8,552.2,74.79,249.0,74.78,608.1,74.77,141.2,74.76,1240.3,74.84,263.6,74.85,371.6,74.86,890.9,74.87,1589.7,74.88,549.7
1700000725.5,1451,74.81,0.060000000000002274,74.78,297.3,74.84,178.5,3655.0,2546.5,74.78,5.0,SELL,3,74.78,297.3,74.77,40.0,74.76,111.6,74.75,2077.6,74.74,1128.5,74.84,178.5,74.85,678.9,74.86,375.6,74.87,103.9,74.88,1209.6
1700000726.0,1452,74.8,0.060000000000002274,74.77,227.7,74.83,284.4,7420.799999999999,5653.799999999999,74.77,66.0,SELL,6,74.77,227.7,74.76,414.9,74.75,588.8,74.74,228.5,74.73,5960.9,74.83,284.4,74.84,989.6,74.85,398.6,74.86,3523.8,74.87,457.4
1700000726.5,1453,74.8,0.03999999999999204,74.78,107.7,74.82,713.3,3539.8999999999996,5993.799999999999,74.82,5.4,BUY,2,74.78,107.7,74.77,169.3,74.76,1563.3,74.75,672.4,74.74,1027.2,74.82,713.3,74.83,2561.9,74.84,1594.6,74.85,777.8,74.86,346.2
1700000727.0,1454,74.81,0.060000000000002274,74.78,620.0,74.84,184.2,3265.2,1120.0,74.81,0.0,BUY,0,74.78,620.0,74.77,248.7,74.76,673.1,74.75,497.3,74.74,1226.1,74.84,184.2,74.85,287.6,74.86,329.7,74.87,262.2,74.88,56.3
1700000727.5,1455,74.81,0.03999999999999204,74.79,1180.8,74.83,341.7,3624.7999999999997,1010.3,74.79,5.0,SELL,3,74.79,1180.8,74.78,93.3,74.77,934.1,74.76,10.0,74.75,1406.6,74.83,341.7,74.84,254.7,74.85,218.1,74.86,55.8,74.87,140.0
1700000728.0,1456,74.81,0.060000000000002274,74.78,708.8,74.84,45.2,2678.2,3182.1000000000004,74.84,46.4,BUY,1,74.78,708.8,74.77,324.7,74.76,919.3,74.75,410.4,74.74,315.0,74.84,45.2,74.85,96.6,74.86,76.9,74.87,1134.9,74.88,1828.5
1700000728.5,1457,74.8,0.060000000000002274,74.77,858.0,74.83,270.7,4494.2,3599.9,74.8,0.0,BUY,0,74.77,858.0,74.76,67.8,74.75,10.0,74.74,2972.6,74.73,585.8,74.83,270.7,74.84,357.6,74.85,919.6,74.86,74.9,74.87,1977.1
1700000729.0,1458,74.8,0.060000000000002274,74.77,3698.6,74.83,1117.2,7677.0,2672.6,74.83,15.0,BUY,3,74.77,3698.6,74.76,1008.7,74.75,1849.7,74.74,1013.4,74.73,106.6,74.83,1117.2,74.84,479.6,74.85,417.1,74.86,529.8,74.87,128.9
1700000729.5,1459,74.79499999999999,0.04999999999999716,74.77,163.5,74.82,40.6,2125.5,3894.2999999999997,74.79499999999999,0.0,BUY,0,74.77,163.5,74.76,10.0,74.75,863.0,74.74,390.1,74.73,698.9,74.82,40.6,74.83,117.0,74.84,979.7,74.85,1989.6,74.86,767.4
1700000730.0,1460,74.79499999999999,0.04999999999999716,74.77,2172.8,74.82,104.1,5969.0,5101.499999999999,74.82,90.2,BUY,2,74.77,2172.8,74.76,501.9,74.75,1154.7,74.74,1922.6,74.73,217.0,74.82,104.1,74.83,1319.6,74.84,2073.2,74.85,1015.2,74.86,589.4
1700000730.5,1461,74.78999999999999,0.05999999999998806,74.76,1219.2,74.82,826.9,7658.200000000001,5919.3,74.82,14.4,BUY,1,74.76,1219.2,74.75,743.6,74.74,2021.9,74.73,705.0,74.72,2968.5,74.82,826.9,74.83,3117.6,74.84,914.9,74.85,256.3,74.86,803.6
1700000731.0,1462,74.79499999999999,0.04999999999999716,74.77,10.0,74.82,622.2,4085.6,3713.5,74.82,8.4,BUY,3,74.77,10.0,74.76,893.1,74.75,323.7,74.74,783.4,74.73,2075.4,74.82,622.2,74.83,514.4,74.84,2225.9,74.85,75.7,74.86,275.3
1700000731.5,1463,74.8,0.060000000000002274,74.77,164.5,74.83,278.7,2791.0,4937.5,74.77,50.2,SELL,1,74.77,164.5,74.76,635.8,74.75,107.5,74.74,900.4,74.73,982.8,74.83,278.7,74.84,95.1,74.85,998.6,74.86,2176.1,74.87,1389.0
1700000732.0,1464,74.8,0.060000000000002274,74.77,663.7,74.83,251.1,5893.2,1651.9,74.83,7.8,BUY,1,74.77,663.7,74.76,48.8,74.75,1865.2,74.74,691.2,74.73,2624.3,74.83,251.1,74.84,368.4,74.85,144.0,74.86,247.1,74.87,641.3
1700000732.5,1465,75.33,0.060000000000002274,75.3,262.9,75.36,913.4,3208.2,5468.5,75.3,42.7,SELL,2,75.3,262.9,75.29,377.1,75.28,240.4,75.27,67.4,75.26,2260.4,75.36,913.4,75.37,183.7,75.38,527.0,75.39,3238.4,75.4,606.0
1700000733.0,1466,75.34,0.060000000000002274,75.31,1576.2,75.37,79.6,9885.0,5292.799999999999,75.37,19.3,BUY,3,75.31,1576.2,75.3,1268.5,75.29,4333.8,75.28,728.5,75.27,1978.0,75.37,79.6,75.38,1845.5,75.39,580.6,75.4,878.1,75.41,1909.0
1700000733.5,1467,75.34,0.060000000000002274,75.31,293.8,75.37,727.1,5444.0,4026.3999999999996,75.31,44.9,SELL,3,75.31,293.8,75.3,2506.0,75.29,196.4,75.28,2385.8,75.27,62.0,75.37,727.1,75.38,45.4,75.39,1153.8,75.4,783.9,75.41,1316.2
1700000734.0,1468,75.35,0.060000000000002274,75.32,1402.1,75.38,197.9,3390.6000000000004,2851.7000000000003,75.32,8.6,SELL,1,75.32,1402.1,75.31,728.9,75.3,626.3,75.29,303.9,75.28,329.4,75.38,197.9,75.39,902.2,75.4,925.5,75.41,290.7,75.42,535.4
1700000734.5,1469,75.35,0.060000000000002274,75.32,125.9,75.38,136.7,2921.4,3496.4,75.38,158.0,BUY,1,75.32,125.9,75.31,934.1,75.3,415.9,75.29,1353.1,75.28,92.4,75.38,136.7,75.39,132.9,75.4,910.8,75.41,448.6,75.42,1867.4
1700000735.0,1470,75.35,0.060000000000002274,75.32,107.1,75.38,125.6,3442.8,4089.7000000000003,75.38,22.8,BUY,1,75.32,107.1,75.31,78.0,75.3,803.5,75.29,1072.3,75.28,1381.9,75.38,125.6,75.39,669.5,75.4,1680.2,75.41,737.5,75.42,876.9
1700000735.5,1471,75.35,0.060000000000002274,75.32,576.9,75.38,147.6,2287.4,2917.6000000000004,75.35,0.0,BUY,0,75.32,576.9,75.31,180.1,75.3,193.4,75.29,1024.2,75.28,312.8,75.38,147.6,75.39,555.0,75.4,534.7,75.41,206.8,75.42,1473.5
1700000736.0,1472,75.36,0.060000000000002274,75.33,184.2,75.39,447.7,9430.7,4459.0,75.36,0.0,BUY,0,75.33,184.2,75.32,693.7,75.31,3694.4,75.3,2490.3,75.29,2368.1,75.39,447.7,75.4,471.7,75.41,45.9,75.42,1367.9,75.43,2125.8
1700000736.5,1473,75.36,0.060000000000002274,75.33,941.7,75.39,462.6,4035.7,4420.700000000001,75.39,7.2,BUY,1,75.33,941.7,75.32,778.0,75.31,2103.0,75.3,59.4,75.29,153.6,75.39,462.6,75.4,588.8,75.41,1136.9,75.42,779.0,75.43,1453.4
1700000737.0,1474,75.36,0.060000000000002274,75.33,483.5,75.39,419.1,3594.2000000000003,3874.3,75.36,0.0,BUY,0,75.33,483.5,75.32,1575.8,75.31,87.9,75.3,591.0,75.29,856.0,75.39,419.1,75.4,70.4,75.41,1126.3,75.42,1618.8,75.43,639.7
1700000737.5,1475,75.35,0.060000000000002274,75.32,567.2,75.38,175.0,10714.9,1596.8,75.32,22.0,SELL,2,75.32,567.2,75.31,944.7,75.3,1412.0,75.29,822.6,75.28,6968.4,75.38,175.0,75.39,12.6,75.4,209.6,75.41,200.2,75.42,999.4
1700000738.0,1476,75.35,0.060000000000002274,75.32,289.5,75.38,1726.7,6135.1,6268.6,75.38,5.0,BUY,2,75.32,289.5,75.31,618.7,75.3,739.5,75.29,560.6,75.28,3926.8,75.38,1726.7,75.39,2203.1,75.4,61.8,75.41,1554.6,75.42,722.4
1700000738.5,1477,75.34,0.060000000000002274,75.31,421.0,75.37,442.3,3546.2,1451.2,75.34,0.0,BUY,0,75.31,421.0,75.3,867.5,75.29,277.1,75.28,805.1,75.27,1175.5,75.37,442.3,75.38,579.6,75.39,10.0,75.4,97.1,75.41,322.2
1700000739.0,1478,75.33,0.060000000000002274,75.3,501.5,75.36,1002.6,1462.8,2921.4,75.36,58.6,BUY,6,75.3,501.5,75.29,189.0,75.28,179.8,75.27,146.4,75.26,446.1,75.36,1002.6,75.37,1077.3,75.38,742.4,75.39,10.0,75.4,89.1
1700000739.5,1479,75.34,0.060000000000002274,75.31,76.2,75.37,415.2,6090.0,5748.9,75.37,36.8,BUY,2,75.31,76.2,75.3,366.3,75.29,18.2,75.28,3315.6,75.27,2313.7,75.37,415.2,75.38,719.1,75.39,795.5,75.4,12.5,75.41,3806.6
1700000740.0,1480,75.34,0.060000000000002274,75.31,153.8,75.37,113.1,7523.299999999999,3313.5,75.31,97.1,SELL,2,75.31,153.8,75.3,902.4,75.29,2126.0,75.28,4024.6,75.27,316.5,75.37,113.1,75.38,325.4,75.39,544.3,75.4,409.5,75.41,1921.2
1700000740.5,1481,75.34,0.060000000000002274,75.31,233.2,75.37,454.3,2890.1,3388.3,75.37,17.8,BUY,2,75.31,233.2,75.3,385.8,75.29,38.8,75.28,1176.3,75.27,1056.0,75.37,454.3,75.38,1989.9,75.39,325.5,75.4,526.1,75.41,92.5
1700000741.0,1482,75.34,0.060000000000002274,75.31,1517.1,75.37,208.2,4468.0,2456.2,75.37,61.3,BUY,2,75.31,1517.1,75.3,317.9,75.29,1761.4,75.28,481.1,75.27,390.5,75.37,208.2,75.38,1627.6,75.39,10.0,75.4,136.6,75.41,473.8
1700000741.5,1483,75.35,0.060000000000002274,75.32,379.1,75.38,1010.6,3399.1,3319.7,75.32,22.7,SELL,1,75.32,379.1,75.31,194.2,75.3,1240.3,75.29,1018.9,75.28,566.6,75.38,1010.6,75.39,506.7,75.4,617.6,75.41,845.1,75.42,339.7
1700000742.0,1484,75.35,0.060000000000002274,75.32,819.3,75.38,152.8,6132.0,4804.6,75.38,5.2,BUY,2,75.32,819.3,75.31,844.6,75.3,363.2,75.29,3524.7,75.28,580.2,75.38,152.8,75.39,1089.3,75.4,1026.2,75.41,35.7,75.42,2500.6
1700000742.5,1485,75.36,0.060000000000002274,75.33,1158.6,75.39,869.3,3963.7999999999997,6145.3,75.33,5.0,SELL,2,75.33,1158.6,75.32,181.0,75.31,584.2,75.3,1018.4,75.29,1021.6,75.39,869.3,75.4,395.7,75.41,541.5,75.42,1018.5,75.43,3320.3
1700000743.0,1486,75.37,0.060000000000002274,75.34,35.7,75.4,205.5,2736.4,2614.6,75.4,27.4,BUY,4,75.34,35.7,75.33,548.0,75.32,1318.2,75.31,816.9,75.3,17.6,75.4,205.5,75.41,40.3,75.42,1403.8,75.43,67.7,75.44,897.3
1700000743.5,1487,75.37,0.060000000000002274,75.34,64.0,75.4,567.5,4912.0,3761.3,75.34,35.7,SELL,4,75.34,64.0,75.33,1549.4,75.32,258.2,75.31,1347.2,75.3,1693.2,75.4,567.5,75.41,478.8,75.42,1032.2,75.43,115.5,75.44,1567.3
1700000744.0,1488,75.37,0.060000000000002274,75.34,120.0,75.4,1055.1,2749.3,9710.5,75.4,53.2,BUY,1,75.34,120.0,75.33,184.9,75.32,481.9,75.31,1025.4,75.3,937.1,75.4,1055.1,75.41,1829.4,75.42,397.5,75.43,746.3,75.44,5682.2
1700000744.5,1489,75.36,0.060000000000002274,75.33,98.1,75.39,84.5,3744.0,4048.7,75.36,0.0,BUY,0,75.33,98.1,75.32,321.8,75.31,886.5,75.3,1121.9,75.29,1315.7,75.39,84.5,75.4,60.1,75.41,91.0,75.42,1986.6,75.43,1826.5
1700000745.0,1490,75.36,0.060000000000002274,75.33,43.7,75.39,569.1,4588.700000000001,3158.2,75.39,60.2,BUY,2,75.33,43.7,75.32,732.5,75.31,1516.4,75.3,1126.5,75.29,1169.6,75.39,569.1,75.4,1391.9,75.41,40.8,75.42,478.3,75.43,678.1
1700000745.5,1491,75.35,0.060000000000002274,75.32,855.5,75.38,460.6,4707.5,4488.0,75.38,13.2,BUY,1,75.32,855.5,75.31,494.4,75.3,2166.1,75.29,376.3,75.28,815.2,75.38,460.6,75.39,1132.7,75.4,1541.5,75.41,82.9,75.42,1270.3
1700000746.0,1492,75.35,0.060000000000002274,75.32,1146.2,75.38,42.5,3879.0,3242.4,75.38,54.3,BUY,2,75.32,1146.2,75.31,332.9,75.3,1057.2,75.29,1009.0,75.28,333.7,75.38,42.5,75.39,1540.0,75.4,174.5,75.41,417.0,75.42,1068.4
1700000746.5,1493,75.34,0.060000000000002274,75.31,116.5,75.37,50.3,2051.7,8005.2,75.37,5.0,BUY,6,75.31,116.5,75.3,118.9,75.29,318.9,75.28,670.1,75.27,827.3,75.37,50.3,75.38,1652.9,75.39,238.9,75.4,1046.7,75.41,5016.4
1700000747.0,1494,75.34,0.060000000000002274,75.31,1499.0,75.37,419.2,4759.2,2174.1,75.37,17.1,BUY,2,75.31,1499.0,75.3,2125.9,75.29,525.6,75.28,35.0,75.27,573.7,75.37,419.2,75.38,406.9,75.39,231.9,75.4,813.8,75.41,302.3
1700000747.5,1495,75.35,0.060000000000002274,75.32,371.2,75.38,205.2,2752.2999999999997,2985.9,75.32,12.0,SELL,2,75.32,371.2,75.31,384.1,75.3,451.7,75.29,915.2,75.28,630.1,75.38,205.2,75.39,38.2,75.4,633.4,75.41,1094.5,75.42,1014.6
1700000748.0,1496,75.35,0.060000000000002274,75.32,557.5,75.38,172.9,1555.1000000000001,3396.5,75.32,17.9,SELL,1,75.32,557.5,75.31,141.7,75.3,255.7,75.29,455.3,75.28,144.9,75.38,172.9,75.39,538.8,75.4,202.8,75.41,1522.1,75.42,959.9
1700000748.5,1497,75.35,0.060000000000002274,75.32,86.9,75.38,904.1,1376.0,3131.8,75.32,31.8,SELL,1,75.32,86.9,75.31,161.2,75.3,178.9,75.29,677.1,75.28,271.9,75.38,904.1,75.39,61.5,75.4,571.9,75.41,344.6,75.42,1249.7
1700000749.0,1498,75.35,0.060000000000002274,75.32,493.4,75.38,142.9,3356.7999999999997,1828.8000000000002,75.35,0.0,BUY,0,75.32,493.4,75.31,662.0,75.3,886.1,75.29,229.7,75.28,1085.6,75.38,142.9,75.39,235.2,75.4,10.0,75.41,1058.3,75.42,382.4
1700000749.5,1499,75.35,0.04000000000000625,75.33,1240.4,75.37,450.9,5154.7,2397.3,75.37,33.4,BUY,1,75.33,1240.4,75.32,335.1,75.31,2214.3,75.3,1235.5,75.29,129.4,75.37,450.9,75.38,519.4,75.39,132.4,75.4,594.3,75.41,700.3
