timestamp,sequence_id,mid_price,spread,best_bid,best_bid_size,best_ask,best_ask_size,total_bid_depth,total_ask_depth,last_trade_price,last_trade_size,last_trade_side,num_recent_trades,bid_price_0,bid_size_0,bid_price_1,bid_size_1,bid_price_2,bid_size_2,bid_price_3,bid_size_3,bid_price_4,bid_size_4,ask_price_0,ask_size_0,ask_price_1,ask_size_1,ask_price_2,ask_size_2,ask_price_3,ask_size_3,ask_price_4,ask_size_4
1700000000.0,0,99.985,0.15000000000000568,99.91,172.8,100.06,285.4,750.1999999999999,1061.8999999999999,99.91,12.0,SELL,4,99.91,172.8,99.9,273.9,99.89,134.7,99.88,147.5,99.87,21.3,100.06,285.4,100.07,278.2,100.08,11.5,100.09,89.9,100.1,396.9
1700000000.5,1,100.0,0.1599999999999966,99.92,45.0,100.08,51.2,328.2,417.9,100.08,8.6,BUY,1,99.92,45.0,99.91,88.8,99.9,10.0,99.89,10.2,99.88,174.2,100.08,51.2,100.09,17.6,100.1,10.0,100.11,17.2,100.12,321.9
1700000001.0,2,109.455,0.15000000000000568,109.38,69.3,109.53,275.9,640.7,1005.4,109.455,0.0,BUY,0,109.38,69.3,109.37,22.5,109.36,232.3,109.35,86.8,109.34,229.8,109.53,275.9,109.54,45.9,109.55,118.7,109.56,175.5,109.57,389.4
1700000001.5,3,109.46000000000001,0.1600000000000108,109.38,17.8,109.54,165.2,759.0,778.6999999999999,109.46000000000001,0.0,BUY,0,109.38,17.8,109.37,476.9,109.36,131.4,109.35,15.0,109.34,117.9,109.54,165.2,109.55,85.5,109.56,346.9,109.57,10.0,109.58,171.1
1700000002.0,4,109.455,0.15000000000000568,109.38,47.7,109.53,398.3,781.5,1074.9,109.53,5.0,BUY,2,109.38,47.7,109.37,250.7,109.36,377.1,109.35,92.6,109.34,13.4,109.53,398.3,109.54,85.3,109.55,157.2,109.56,57.5,109.57,376.6
1700000002.5,5,109.47,0.1599999999999966,109.39,24.0,109.55,77.0,700.6999999999999,813.5,109.39,52.1,SELL,2,109.39,24.0,109.38,79.1,109.37,156.8,109.36,212.2,109.35,228.6,109.55,77.0,109.56,317.4,109.57,40.7,109.58,10.5,109.59,367.9
1700000003.0,6,109.485,0.15000000000000568,109.41,130.7,109.56,35.3,871.5999999999999,363.4,109.56,51.2,BUY,2,109.41,130.7,109.4,10.0,109.39,218.5,109.38,108.6,109.37,403.8,109.56,35.3,109.57,51.0,109.58,72.4,109.59,19.3,109.6,185.4
1700000003.5,7,109.47,0.1599999999999966,109.39,73.1,109.55,180.2,857.9,937.4,109.55,37.3,BUY,1,109.39,73.1,109.38,51.5,109.37,123.5,109.36,582.9,109.35,26.9,109.55,180.2,109.56,190.2,109.57,252.4,109.58,121.0,109.59,193.6
1700000004.0,8,109.455,0.15000000000000568,109.38,18.8,109.53,165.5,603.9000000000001,1132.2,109.53,5.0,BUY,3,109.38,18.8,109.37,115.0,109.36,18.7,109.35,384.2,109.34,67.2,109.53,165.5,109.54,429.1,109.55,293.7,109.56,76.0,109.57,167.9
1700000004.5,9,109.44,0.1599999999999966,109.36,92.3,109.52,187.0,878.2,1327.5,109.52,5.0,BUY,6,109.36,92.3,109.35,199.3,109.34,72.7,109.33,75.5,109.32,438.4,109.52,187.0,109.53,28.6,109.54,800.5,109.55,249.8,109.56,61.6
1700000005.0,10,109.44,0.1599999999999966,109.36,199.1,109.52,177.5,1023.0,974.5000000000001,109.44,0.0,BUY,0,109.36,199.1,109.35,291.7,109.34,473.5,109.33,10.0,109.32,48.7,109.52,177.5,109.53,148.8,109.54,463.8,109.55,98.2,109.56,86.2
1700000005.5,11,109.45,0.1599999999999966,109.37,59.1,109.53,10.0,1099.1,630.2,109.37,5.0,SELL,1,109.37,59.1,109.36,431.6,109.35,143.3,109.34,12.8,109.33,452.3,109.53,10.0,109.54,108.9,109.55,10.0,109.56,340.6,109.57,160.7
1700000006.0,12,114.405,0.15000000000000568,114.33,50.8,114.48,163.3,1107.6,648.0,114.33,30.1,SELL,2,114.33,50.8,114.32,535.4,114.31,180.0,114.3,10.0,114.29,331.4,114.48,163.3,114.49,18.3,114.5,80.2,114.51,176.6,114.52,209.6
1700000006.5,13,114.405,0.15000000000000568,114.33,229.7,114.48,96.8,1291.8999999999999,1305.2,114.48,101.9,BUY,2,114.33,229.7,114.32,347.5,114.31,10.0,114.3,681.9,114.29,22.8,114.48,96.8,114.49,50.2,114.5,160.6,114.51,939.9,114.52,57.7
1700000007.0,14,114.405,0.15000000000000568,114.33,21.5,114.48,160.7,666.9000000000001,920.5,114.48,53.1,BUY,2,114.33,21.5,114.32,96.3,114.31,396.3,114.3,50.6,114.29,102.2,114.48,160.7,114.49,25.3,114.5,21.7,114.51,146.6,114.52,566.2
1700000007.5,15,114.37,0.14000000000000057,114.3,128.1,114.44,10.0,1027.3000000000002,1207.5,114.37,0.0,BUY,0,114.3,128.1,114.29,76.7,114.28,530.6,114.27,192.9,114.26,99.0,114.44,10.0,114.45,12.1,114.46,508.4,114.47,408.8,114.48,268.2
1700000008.0,16,114.36,0.1599999999999966,114.28,143.3,114.44,363.9,882.0,1893.0,114.44,40.6,BUY,1,114.28,143.3,114.27,538.2,114.26,35.8,114.25,11.7,114.24,153.0,114.44,363.9,114.45,411.5,114.46,137.7,114.47,657.5,114.48,322.4
1700000008.5,17,114.345,0.15000000000000568,114.27,294.0,114.42,478.5,721.2,934.5999999999999,114.42,17.7,BUY,1,114.27,294.0,114.26,105.6,114.25,55.9,114.24,80.5,114.23,185.2,114.42,478.5,114.43,36.9,114.44,26.9,114.45,11.8,114.46,380.5
1700000009.0,18,114.34,0.14000000000000057,114.27,10.0,114.41,47.8,421.40000000000003,475.50000000000006,114.27,96.4,SELL,3,114.27,10.0,114.26,84.8,114.25,98.5,114.24,91.4,114.23,136.7,114.41,47.8,114.42,287.0,114.43,11.6,114.44,65.3,114.45,63.8
1700000009.5,19,114.33,0.1599999999999966,114.25,13.3,114.41,326.8,1114.7,1677.5,114.41,5.0,BUY,3,114.25,13.3,114.24,219.3,114.23,445.2,114.22,75.2,114.21,361.7,114.41,326.8,114.42,413.0,114.43,291.3,114.44,10.0,114.45,636.4
1700000010.0,20,114.345,0.15000000000000568,114.27,11.5,114.42,249.5,1061.0,1266.1,114.42,7.9,BUY,2,114.27,11.5,114.26,682.8,114.25,85.5,114.24,10.0,114.23,271.2,114.42,249.5,114.43,95.2,114.44,836.4,114.45,32.4,114.46,52.6
1700000010.5,21,114.34,0.14000000000000057,114.27,287.1,114.41,13.0,880.9000000000001,1770.9,114.27,9.4,SELL,5,114.27,287.1,114.26,14.4,114.25,52.2,114.24,10.0,114.23,517.2,114.41,13.0,114.42,252.1,114.43,167.6,114.44,491.8,114.45,846.4
1700000011.0,22,114.345,0.15000000000000568,114.27,120.1,114.42,53.1,1954.3999999999999,880.7,114.27,25.3,SELL,3,114.27,120.1,114.26,157.3,114.25,1408.7,114.24,46.2,114.23,222.1,114.42,53.1,114.43,46.1,114.44,58.3,114.45,224.2,114.46,499.0
1700000011.5,23,114.375,0.15000000000000568,114.3,10.0,114.45,124.5,703.8000000000001,928.9,114.45,26.4,BUY,1,114.3,10.0,114.29,285.5,114.28,40.0,114.27,251.6,114.26,116.7,114.45,124.5,114.46,482.3,114.47,232.2,114.48,66.0,114.49,23.9
1700000012.0,24,114.345,0.15000000000000568,114.27,168.7,114.42,16.3,585.1,1310.5,114.42,26.0,BUY,1,114.27,168.7,114.26,134.3,114.25,146.7,114.24,122.7,114.23,12.7,114.42,16.3,114.43,640.3,114.44,57.7,114.45,470.3,114.46,125.9
1700000012.5,25,114.36,0.1599999999999966,114.28,189.6,114.44,107.1,608.6,1293.3,114.28,60.4,SELL,2,114.28,189.6,114.27,83.3,114.26,10.0,114.25,220.1,114.24,105.6,114.44,107.1,114.45,99.2,114.46,218.1,114.47,813.2,114.48,55.7
1700000013.0,26,114.35,0.14000000000000057,114.28,46.4,114.42,78.4,274.6,1566.3,114.42,9.0,BUY,3,114.28,46.4,114.27,23.5,114.26,46.0,114.25,45.3,114.24,113.4,114.42,78.4,114.43,142.4,114.44,389.2,114.45,737.2,114.46,219.1
1700000013.5,27,114.35,0.1600000000000108,114.27,576.5,114.43,169.4,1426.2,1509.8999999999999,114.35,0.0,BUY,0,114.27,576.5,114.26,128.9,114.25,84.6,114.24,238.4,114.23,397.8,114.43,169.4,114.44,76.5,114.45,702.0,114.46,506.7,114.47,55.3
1700000014.0,28,114.35,0.14000000000000057,114.28,31.0,114.42,229.9,730.2,1606.6,114.28,39.6,SELL,1,114.28,31.0,114.27,135.1,114.26,137.9,114.25,162.9,114.24,263.3,114.42,229.9,114.43,504.3,114.44,226.8,114.45,104.0,114.46,541.6
1700000014.5,29,114.345,0.15000000000000568,114.27,18.8,114.42,178.1,588.2,932.9000000000001,114.42,5.0,BUY,2,114.27,18.8,114.26,97.9,114.25,389.5,114.24,27.4,114.23,54.6,114.42,178.1,114.43,265.5,114.44,96.1,114.45,189.4,114.46,203.8
1700000015.0,30,114.33,0.1599999999999966,114.25,50.5,114.41,110.5,1849.6,676.3,114.41,5.0,BUY,2,114.25,50.5,114.24,310.6,114.23,412.6,114.22,612.4,114.21,463.5,114.41,110.5,114.42,22.6,114.43,381.3,114.44,57.3,114.45,104.6
1700000015.5,31,101.455,0.15000000000000568,101.38,35.0,101.53,159.8,487.0,725.5,101.38,40.2,SELL,1,101.38,35.0,101.37,81.2,101.36,58.4,101.35,160.0,101.34,152.4,101.53,159.8,101.54,219.0,101.55,89.5,101.56,77.3,101.57,179.9
1700000016.0,32,101.44,0.14000000000000057,101.37,328.0,101.51,868.0,1716.0,2889.7,101.51,58.3,BUY,1,101.37,328.0,101.36,124.8,101.35,160.7,101.34,695.7,101.33,406.8,101.51,868.0,101.52,31.2,101.53,54.0,101.54,773.7,101.55,1162.8
1700000016.5,33,101.44,0.1599999999999966,101.36,10.0,101.52,304.3,405.80000000000007,481.30000000000007,101.52,18.7,BUY,2,101.36,10.0,101.35,118.5,101.34,56.9,101.33,159.8,101.32,60.6,101.52,304.3,101.53,11.5,101.54,68.4,101.55,67.1,101.56,30.0
1700000017.0,34,101.435,0.15000000000000568,101.36,159.4,101.51,10.0,829.8,488.4,101.435,0.0,BUY,0,101.36,159.4,101.35,13.6,101.34,60.3,101.33,86.3,101.32,510.2,101.51,10.0,101.52,53.4,101.53,201.6,101.54,107.4,101.55,116.0
1700000017.5,35,101.41999999999999,0.14000000000000057,101.35,63.8,101.49,159.7,981.6,1002.3000000000001,101.49,7.4,BUY,2,101.35,63.8,101.34,38.1,101.33,212.2,101.32,573.5,101.31,94.0,101.49,159.7,101.5,200.7,101.51,178.8,101.52,382.0,101.53,81.1
1700000018.0,36,101.455,0.15000000000000568,101.38,11.1,101.53,77.7,762.0,1677.2,101.53,139.8,BUY,1,101.38,11.1,101.37,371.2,101.36,48.6,101.35,235.8,101.34,95.3,101.53,77.7,101.54,77.7,101.55,441.1,101.56,444.9,101.57,635.8
1700000018.5,37,101.46000000000001,0.1600000000000108,101.38,23.3,101.54,14.2,686.1999999999999,573.8,101.38,88.4,SELL,2,101.38,23.3,101.37,540.3,101.36,62.6,101.35,42.5,101.34,17.5,101.54,14.2,101.55,10.0,101.56,100.8,101.57,257.8,101.58,191.0
1700000019.0,38,101.455,0.15000000000000568,101.38,170.4,101.53,118.6,591.6999999999999,778.8000000000001,101.455,0.0,BUY,0,101.38,170.4,101.37,213.0,101.36,104.2,101.35,29.8,101.34,74.3,101.53,118.6,101.54,133.6,101.55,33.9,101.56,410.1,101.57,82.6
1700000019.5,39,101.44,0.1599999999999966,101.36,136.6,101.52,120.8,1126.6,740.8,101.52,189.3,BUY,3,101.36,136.6,101.35,23.9,101.34,411.4,101.33,387.0,101.32,167.7,101.52,120.8,101.53,43.7,101.54,406.4,101.55,61.5,101.56,108.4
1700000020.0,40,101.44,0.14000000000000057,101.37,40.2,101.51,198.7,549.9,1713.2,101.44,0.0,BUY,0,101.37,40.2,101.36,18.6,101.35,262.4,101.34,24.1,101.33,204.6,101.51,198.7,101.52,85.3,101.53,60.7,101.54,1265.4,101.55,103.1
1700000020.5,41,101.455,0.15000000000000568,101.38,132.3,101.53,31.4,1917.5,733.0999999999999,101.455,0.0,BUY,0,101.38,132.3,101.37,1388.7,101.36,277.2,101.35,25.5,101.34,93.8,101.53,31.4,101.54,74.1,101.55,331.3,101.56,100.0,101.57,196.3
1700000021.0,42,101.455,0.15000000000000568,101.38,163.2,101.53,216.9,1413.0,560.2,101.53,5.9,BUY,3,101.38,163.2,101.37,123.2,101.36,140.3,101.35,491.6,101.34,494.7,101.53,216.9,101.54,14.7,101.55,28.9,101.56,60.3,101.57,239.4
1700000021.5,43,101.485,0.15000000000000568,101.41,72.4,101.56,360.1,674.1,619.7,101.41,30.8,SELL,2,101.41,72.4,101.4,146.1,101.39,28.3,101.38,131.9,101.37,295.4,101.56,360.1,101.57,10.0,101.58,144.5,101.59,72.7,101.6,32.4
1700000022.0,44,101.47,0.1599999999999966,101.39,228.7,101.55,51.3,1876.7999999999997,251.4,101.55,60.3,BUY,1,101.39,228.7,101.38,165.1,101.37,264.3,101.36,428.3,101.35,790.4,101.55,51.3,101.56,13.7,101.57,10.0,101.58,10.0,101.59,166.4
1700000022.5,45,101.47,0.1599999999999966,101.39,216.4,101.55,37.3,808.5,1155.2,101.39,21.1,SELL,1,101.39,216.4,101.38,29.9,101.37,20.8,101.36,55.2,101.35,486.2,101.55,37.3,101.56,147.2,101.57,148.9,101.58,811.0,101.59,10.8
1700000023.0,46,101.47,0.1599999999999966,101.39,11.6,101.55,114.4,1269.3999999999999,1434.7000000000003,101.47,0.0,BUY,0,101.39,11.6,101.38,28.9,101.37,122.2,101.36,1052.1,101.35,54.6,101.55,114.4,101.56,10.0,101.57,927.2,101.58,189.7,101.59,193.4
1700000023.5,47,101.455,0.15000000000000568,101.38,505.0,101.53,10.0,978.1,871.9000000000001,101.455,0.0,BUY,0,101.38,505.0,101.37,10.1,101.36,115.0,101.35,331.5,101.34,16.5,101.53,10.0,101.54,555.7,101.55,65.4,101.56,25.6,101.57,215.2
1700000024.0,48,101.45,0.1599999999999966,101.37,41.5,101.53,305.8,1364.0,963.2,101.45,0.0,BUY,0,101.37,41.5,101.36,109.5,101.35,47.2,101.34,941.9,101.33,223.9,101.53,305.8,101.54,155.9,101.55,10.0,101.56,195.3,101.57,296.2
1700000024.5,49,101.455,0.15000000000000568,101.38,548.2,101.53,116.8,1101.6,536.1,101.53,5.2,BUY,2,101.38,548.2,101.37,10.4,101.36,28.2,101.35,94.8,101.34,420.0,101.53,116.8,101.54,105.5,101.55,16.7,101.56,222.2,101.57,74.9
1700000025.0,50,101.455,0.15000000000000568,101.38,55.3,101.53,317.4,909.2,1588.4,101.53,5.0,BUY,1,101.38,55.3,101.37,166.5,101.36,88.9,101.35,197.4,101.34,401.1,101.53,317.4,101.54,44.6,101.55,931.7,101.56,176.3,101.57,118.4
1700000025.5,51,101.455,0.15000000000000568,101.38,99.8,101.53,146.6,1623.2,703.2,101.53,125.8,BUY,4,101.38,99.8,101.37,233.1,101.36,169.1,101.35,247.5,101.34,873.7,101.53,146.6,101.54,61.2,101.55,69.5,101.56,91.9,101.57,334.0
1700000026.0,52,101.47999999999999,0.14000000000000057,101.41,21.2,101.55,35.6,494.20000000000005,1259.5,101.47999999999999,0.0,BUY,0,101.41,21.2,101.4,180.6,101.39,64.7,101.38,190.6,101.37,37.1,101.55,35.6,101.56,181.3,101.57,438.1,101.58,232.5,101.59,372.0
1700000026.5,53,101.455,0.15000000000000568,101.38,225.0,101.53,298.4,911.7,1087.5,101.53,63.6,BUY,7,101.38,225.0,101.37,199.6,101.36,53.4,101.35,31.8,101.34,401.9,101.53,298.4,101.54,211.9,101.55,202.9,101.56,235.8,101.57,138.5
1700000027.0,54,101.47,0.1599999999999966,101.39,110.2,101.55,245.3,1380.1999999999998,581.8,101.55,97.5,BUY,1,101.39,110.2,101.38,117.7,101.37,82.8,101.36,285.2,101.35,784.3,101.55,245.3,101.56,172.5,101.57,72.3,101.58,25.8,101.59,65.9
1700000027.5,55,101.47,0.1599999999999966,101.39,52.1,101.55,33.0,663.5,1384.7,101.55,23.4,BUY,4,101.39,52.1,101.38,10.0,101.37,10.3,101.36,102.5,101.35,488.6,101.55,33.0,101.56,101.5,101.57,139.9,101.58,774.6,101.59,335.7
1700000028.0,56,101.46000000000001,0.1600000000000108,101.38,80.2,101.54,11.9,1368.4,542.5,101.54,76.7,BUY,1,101.38,80.2,101.37,72.9,101.36,113.8,101.35,341.7,101.34,759.8,101.54,11.9,101.55,78.9,101.56,25.2,101.57,53.5,101.58,373.0
1700000028.5,57,101.44999999999999,0.14000000000000057,101.38,25.8,101.52,23.6,609.7,694.0,101.38,60.3,SELL,1,101.38,25.8,101.37,340.4,101.36,108.3,101.35,34.0,101.34,101.2,101.52,23.6,101.53,73.7,101.54,313.0,101.55,221.6,101.56,62.1
1700000029.0,58,101.44,0.1599999999999966,101.36,160.0,101.52,222.2,786.0,598.8,101.36,41.1,SELL,3,101.36,160.0,101.35,214.0,101.34,25.9,101.33,311.6,101.32,74.5,101.52,222.2,101.53,17.0,101.54,104.5,101.55,23.6,101.56,231.5
1700000029.5,59,101.455,0.15000000000000568,101.38,94.3,101.53,118.2,753.2,380.2,101.38,11.2,SELL,1,101.38,94.3,101.37,108.3,101.36,109.7,101.35,414.7,101.34,26.2,101.53,118.2,101.54,10.0,101.55,136.7,101.56,46.0,101.57,69.3
1700000030.0,60,121.065,0.15000000000000568,120.99,235.6,121.14,59.4,1883.8,1306.0,121.14,21.3,BUY,1,120.99,235.6,120.98,214.1,120.97,366.6,120.96,184.6,120.95,882.9,121.14,59.4,121.15,201.3,121.16,118.2,121.17,416.9,121.18,510.2
1700000030.5,61,121.06,0.1599999999999966,120.98,31.0,121.14,196.0,689.8,980.8,121.06,0.0,BUY,0,120.98,31.0,120.97,10.0,120.96,105.7,120.95,204.2,120.94,338.9,121.14,196.0,121.15,278.0,121.16,14.4,121.17,288.1,121.18,204.3
1700000031.0,62,121.8,0.1599999999999966,121.72,321.4,121.88,66.7,2049.0,1343.2,121.72,5.0,SELL,1,121.72,321.4,121.71,451.2,121.7,53.9,121.69,241.9,121.68,980.6,121.88,66.7,121.89,511.3,121.9,177.1,121.91,301.9,121.92,286.2
1700000031.5,63,121.8,0.1599999999999966,121.72,201.4,121.88,161.1,681.5,1033.6,121.88,229.6,BUY,2,121.72,201.4,121.71,101.6,121.7,152.1,121.69,71.4,121.68,155.0,121.88,161.1,121.89,154.9,121.9,46.7,121.91,542.1,121.92,128.8
1700000032.0,64,121.815,0.15000000000000568,121.74,67.4,121.89,100.8,1010.1,1065.1,121.74,13.0,SELL,2,121.74,67.4,121.73,89.2,121.72,116.2,121.71,40.2,121.7,697.1,121.89,100.8,121.9,26.0,121.91,95.9,121.92,317.0,121.93,525.4
1700000032.5,65,121.815,0.15000000000000568,121.74,10.0,121.89,12.3,1208.6999999999998,1756.1,121.89,179.4,BUY,1,121.74,10.0,121.73,429.5,121.72,24.2,121.71,236.1,121.7,508.9,121.89,12.3,121.9,155.7,121.91,404.5,121.92,596.3,121.93,587.3
1700000033.0,66,121.81,0.1599999999999966,121.73,17.8,121.89,443.4,408.9,1813.3,121.73,11.8,SELL,3,121.73,17.8,121.72,85.8,121.71,17.8,121.7,177.1,121.69,110.4,121.89,443.4,121.9,86.7,121.91,514.9,121.92,367.1,121.93,401.2
1700000033.5,67,121.81,0.1599999999999966,121.73,112.0,121.89,66.8,1088.8,1459.3000000000002,121.73,63.0,SELL,2,121.73,112.0,121.72,21.1,121.71,334.3,121.7,424.6,121.69,196.8,121.89,66.8,121.9,18.4,121.91,389.3,121.92,430.2,121.93,554.6
1700000034.0,68,121.8,0.1599999999999966,121.72,61.5,121.88,96.8,532.1,1127.5,121.8,0.0,BUY,0,121.72,61.5,121.71,52.0,121.7,10.0,121.69,297.9,121.68,110.7,121.88,96.8,121.89,267.4,121.9,561.3,121.91,129.8,121.92,72.2
1700000034.5,69,121.81,0.1599999999999966,121.73,15.6,121.89,143.3,1087.6,1062.6000000000001,121.89,9.5,BUY,2,121.73,15.6,121.72,630.1,121.71,61.5,121.7,270.8,121.69,109.6,121.89,143.3,121.9,278.3,121.91,93.3,121.92,448.8,121.93,98.9
1700000035.0,70,121.78999999999999,0.14000000000000057,121.72,136.7,121.86,21.7,1043.6,816.9,121.86,12.3,BUY,2,121.72,136.7,121.71,79.1,121.7,196.1,121.69,510.0,121.68,121.7,121.86,21.7,121.87,183.3,121.88,254.3,121.89,324.2,121.9,33.4
1700000035.5,71,115.985,0.15000000000000568,115.91,17.2,116.06,695.0,1090.5,1748.3999999999999,116.06,6.9,BUY,3,115.91,17.2,115.9,103.5,115.89,442.5,115.88,37.5,115.87,489.8,116.06,695.0,116.07,201.8,116.08,599.2,116.09,181.3,116.1,71.1
1700000036.0,72,115.97,0.1599999999999966,115.89,27.9,116.05,39.7,962.3,833.9999999999999,115.89,38.7,SELL,3,115.89,27.9,115.88,26.5,115.87,230.9,115.86,300.3,115.85,376.7,116.05,39.7,116.06,262.4,116.07,143.7,116.08,115.3,116.09,272.9
1700000036.5,73,115.97,0.1599999999999966,115.89,10.0,116.05,100.2,681.1,1088.3000000000002,115.97,0.0,BUY,0,115.89,10.0,115.88,129.0,115.87,385.8,115.86,17.2,115.85,139.1,116.05,100.2,116.06,262.8,116.07,262.1,116.08,333.3,116.09,129.9
1700000037.0,74,115.97,0.1599999999999966,115.89,30.8,116.05,89.8,917.0000000000001,1345.0,115.89,5.0,SELL,6,115.89,30.8,115.88,87.0,115.87,28.3,115.86,657.2,115.85,113.7,116.05,89.8,116.06,364.1,116.07,192.9,116.08,164.7,116.09,533.5
1700000037.5,75,126.31,0.1599999999999966,126.23,10.0,126.39,212.8,938.4000000000001,908.6,126.31,0.0,BUY,0,126.23,10.0,126.22,124.0,126.21,204.0,126.2,370.7,126.19,229.7,126.39,212.8,126.4,247.8,126.41,195.7,126.42,65.7,126.43,186.6
1700000038.0,76,126.3,0.1599999999999966,126.22,58.5,126.38,207.3,614.6999999999999,889.4,126.38,17.9,BUY,2,126.22,58.5,126.21,301.4,126.2,76.0,126.19,88.3,126.18,90.5,126.38,207.3,126.39,10.0,126.4,431.9,126.41,190.8,126.42,49.4
1700000038.5,77,126.28,0.1599999999999966,126.2,13.3,126.36,50.5,1241.4,855.3000000000001,126.36,86.0,BUY,3,126.2,13.3,126.19,437.8,126.18,160.8,126.17,526.3,126.16,103.2,126.36,50.5,126.37,538.8,126.38,134.2,126.39,71.7,126.4,60.1
1700000039.0,78,126.28,0.1599999999999966,126.2,129.5,126.36,139.5,764.3000000000001,311.0,126.36,11.9,BUY,1,126.2,129.5,126.19,83.0,126.18,247.1,126.17,69.7,126.16,235.0,126.36,139.5,126.37,42.2,126.38,29.9,126.39,10.0,126.4,89.4
1700000039.5,79,126.28,0.14000000000000057,126.21,127.2,126.35,334.6,1489.2,696.0,126.35,59.5,BUY,1,126.21,127.2,126.2,90.1,126.19,344.6,126.18,531.8,126.17,395.5,126.35,334.6,126.36,36.2,126.37,61.5,126.38,88.2,126.39,175.5
1700000040.0,80,126.265,0.15000000000000568,126.19,50.6,126.34,40.3,563.1,291.3,126.19,37.8,SELL,3,126.19,50.6,126.18,241.2,126.17,14.2,126.16,92.3,126.15,164.8,126.34,40.3,126.35,10.0,126.36,77.2,126.37,102.0,126.38,61.8
1700000040.5,81,126.265,0.15000000000000568,126.19,324.7,126.34,87.2,623.5,443.0,126.19,6.9,SELL,1,126.19,324.7,126.18,52.8,126.17,189.9,126.16,10.0,126.15,46.1,126.34,87.2,126.35,82.4,126.36,91.7,126.37,12.0,126.38,169.7
1700000041.0,82,126.22999999999999,0.14000000000000057,126.16,23.9,126.3,10.0,1102.1,1733.6,126.16,38.8,SELL,1,126.16,23.9,126.15,89.6,126.14,72.6,126.13,275.5,126.12,640.5,126.3,10.0,126.31,169.6,126.32,666.3,126.33,877.7,126.34,10.0
1700000041.5,83,126.235,0.15000000000000568,126.16,207.4,126.31,50.5,766.5,1491.6000000000001,126.235,0.0,BUY,0,126.16,207.4,126.15,19.0,126.14,137.1,126.13,141.2,126.12,261.8,126.31,50.5,126.32,64.1,126.33,699.6,126.34,503.1,126.35,174.3
1700000042.0,84,126.22,0.1599999999999966,126.14,93.2,126.3,163.6,925.3,531.5999999999999,126.3,12.9,BUY,3,126.14,93.2,126.13,312.1,126.12,120.1,126.11,158.5,126.1,241.4,126.3,163.6,126.31,191.3,126.32,96.4,126.33,46.8,126.34,33.5
1700000042.5,85,126.21000000000001,0.14000000000000057,126.14,10.0,126.28,27.9,561.9,696.2,126.28,11.7,BUY,1,126.14,10.0,126.13,12.2,126.12,279.6,126.11,157.6,126.1,102.5,126.28,27.9,126.29,10.0,126.3,240.0,126.31,274.5,126.32,143.8
1700000043.0,86,126.22,0.1599999999999966,126.14,127.2,126.3,43.3,1520.0,341.0,126.22,0.0,BUY,0,126.14,127.2,126.13,327.5,126.12,245.7,126.11,276.0,126.1,543.6,126.3,43.3,126.31,10.0,126.32,134.3,126.33,105.5,126.34,47.9
1700000043.5,87,126.22,0.1599999999999966,126.14,33.7,126.3,16.9,288.8,666.9,126.22,0.0,BUY,0,126.14,33.7,126.13,19.5,126.12,67.4,126.11,13.7,126.1,154.5,126.3,16.9,126.31,10.0,126.32,100.7,126.33,438.4,126.34,100.9
1700000044.0,88,126.205,0.15000000000000568,126.13,117.1,126.28,129.8,624.8000000000001,838.5,126.28,109.2,BUY,3,126.13,117.1,126.12,47.2,126.11,203.0,126.1,182.8,126.09,74.7,126.28,129.8,126.29,123.0,126.3,186.2,126.31,224.6,126.32,174.9
1700000044.5,89,126.235,0.15000000000000568,126.16,56.4,126.31,10.2,461.4,1557.6000000000001,126.16,112.3,SELL,3,126.16,56.4,126.15,181.2,126.14,10.0,126.13,72.2,126.12,141.6,126.31,10.2,126.32,16.5,126.33,755.7,126.34,236.5,126.35,538.7
1700000045.0,90,126.25,0.13999999999998636,126.18,12.0,126.32,93.1,924.5999999999999,1399.8,126.25,0.0,BUY,0,126.18,12.0,126.17,581.1,126.16,63.9,126.15,190.8,126.14,76.8,126.32,93.1,126.33,376.1,126.34,64.4,126.35,493.2,126.36,373.0
1700000045.5,91,126.265,0.15000000000000568,126.19,88.9,126.34,148.4,1905.6000000000001,1574.6,126.265,0.0,BUY,0,126.19,88.9,126.18,340.8,126.17,355.5,126.16,1055.9,126.15,64.5,126.34,148.4,126.35,234.5,126.36,286.8,126.37,494.8,126.38,410.1
1700000046.0,92,126.265,0.15000000000000568,126.19,68.1,126.34,110.8,500.69999999999993,2921.3,126.19,32.7,SELL,2,126.19,68.1,126.18,143.5,126.17,40.8,126.16,79.4,126.15,168.9,126.34,110.8,126.35,51.2,126.36,483.5,126.37,567.3,126.38,1708.5
1700000046.5,93,126.26,0.1599999999999966,126.18,136.0,126.34,74.9,974.5,1144.1,126.18,5.0,SELL,4,126.18,136.0,126.17,36.7,126.16,175.0,126.15,31.5,126.14,595.3,126.34,74.9,126.35,48.7,126.36,325.9,126.37,225.8,126.38,468.8
1700000047.0,94,126.28,0.14000000000000057,126.21,75.6,126.35,150.7,1330.8,2873.8,126.35,78.3,BUY,2,126.21,75.6,126.2,91.5,126.19,63.8,126.18,233.2,126.17,866.7,126.35,150.7,126.36,145.2,126.37,447.4,126.38,1181.4,126.39,949.1
1700000047.5,95,126.26,0.1599999999999966,126.18,12.6,126.34,173.5,412.9,1313.3999999999999,126.18,7.6,SELL,2,126.18,12.6,126.17,162.4,126.16,185.8,126.15,40.4,126.14,11.7,126.34,173.5,126.35,50.0,126.36,505.4,126.37,570.7,126.38,13.8
1700000048.0,96,126.25,0.13999999999998636,126.18,125.9,126.32,85.0,1048.4,1028.4,126.25,0.0,BUY,0,126.18,125.9,126.17,107.3,126.16,74.2,126.15,389.6,126.14,351.4,126.32,85.0,126.33,229.3,126.34,145.9,126.35,10.0,126.36,558.2
1700000048.5,97,126.265,0.15000000000000568,126.19,59.9,126.34,174.7,1110.7,554.0999999999999,126.34,70.1,BUY,2,126.19,59.9,126.18,479.8,126.17,110.8,126.16,359.7,126.15,100.5,126.34,174.7,126.35,38.1,126.36,181.1,126.37,59.2,126.38,101.0
1700000049.0,98,126.25,0.1599999999999966,126.17,392.0,126.33,144.3,1206.0,1321.6,126.33,7.5,BUY,2,126.17,392.0,126.16,513.4,126.15,91.9,126.14,36.5,126.13,172.2,126.33,144.3,126.34,86.7,126.35,38.4,126.36,705.3,126.37,346.9
1700000049.5,99,126.25,0.1599999999999966,126.17,525.1,126.33,46.9,2186.1,460.20000000000005,126.33,30.6,BUY,3,126.17,525.1,126.16,735.0,126.15,104.6,126.14,383.9,126.13,437.5,126.33,46.9,126.34,28.0,126.35,10.0,126.36,365.3,126.37,10.0
1700000050.0,100,126.265,0.15000000000000568,126.19,170.1,126.34,164.1,1021.0,1073.7,126.265,0.0,BUY,0,126.19,170.1,126.18,128.4,126.17,180.0,126.16,158.1,126.15,384.4,126.34,164.1,126.35,337.6,126.36,174.1,126.37,180.4,126.38,217.5
1700000050.5,101,122.69,0.1599999999999966,122.61,157.3,122.77,69.2,1157.7,1247.5,122.77,40.8,BUY,1,122.61,157.3,122.6,123.9,122.59,185.5,122.58,407.1,122.57,283.9,122.77,69.2,122.78,440.6,122.79,648.5,122.8,65.9,122.81,23.3
1700000051.0,102,122.705,0.15000000000000568,122.63,127.2,122.78,238.8,537.5,801.3,122.78,9.6,BUY,1,122.63,127.2,122.62,88.2,122.61,76.4,122.6,205.5,122.59,40.2,122.78,238.8,122.79,218.1,122.8,51.0,122.81,77.3,122.82,216.1
1700000051.5,103,122.71000000000001,0.1600000000000108,122.63,142.2,122.79,38.9,1578.3,783.1999999999999,122.79,25.8,BUY,2,122.63,142.2,122.62,163.9,122.61,104.6,122.6,1103.6,122.59,64.0,122.79,38.9,122.8,277.5,122.81,63.7,122.82,119.2,122.83,283.9
1700000052.0,104,122.7,0.1599999999999966,122.62,10.0,122.78,219.6,385.09999999999997,875.7,122.62,5.0,SELL,1,122.62,10.0,122.61,11.6,122.6,226.8,122.59,116.3,122.58,20.4,122.78,219.6,122.79,29.8,122.8,10.0,122.81,340.8,122.82,275.5
1700000052.5,105,122.69999999999999,0.14000000000000057,122.63,90.4,122.77,149.4,1098.5,837.9000000000001,122.77,5.0,BUY,1,122.63,90.4,122.62,244.8,122.61,530.3,122.6,132.4,122.59,100.6,122.77,149.4,122.78,12.2,122.79,66.8,122.8,288.3,122.81,321.2
1700000053.0,106,122.72,0.1599999999999966,122.64,36.3,122.8,309.6,1054.4,982.7,122.8,91.6,BUY,2,122.64,36.3,122.63,46.0,122.62,555.5,122.61,165.2,122.6,251.4,122.8,309.6,122.81,100.4,122.82,146.1,122.83,44.7,122.84,381.9
1700000053.5,107,122.72999999999999,0.14000000000000057,122.66,98.8,122.8,117.1,333.0,754.1,122.66,9.2,SELL,5,122.66,98.8,122.65,118.4,122.64,45.3,122.63,58.9,122.62,11.6,122.8,117.1,122.81,438.1,122.82,75.3,122.83,50.6,122.84,73.0
1700000054.0,108,122.72,0.14000000000000057,122.65,70.8,122.79,18.8,2196.1000000000004,1827.8000000000002,122.79,18.0,BUY,3,122.65,70.8,122.64,108.0,122.63,499.3,122.62,536.8,122.61,981.2,122.79,18.8,122.8,386.1,122.81,35.6,122.82,951.7,122.83,435.6
1700000054.5,109,122.705,0.15000000000000568,122.63,182.7,122.78,258.5,1255.2,1037.8000000000002,122.63,16.6,SELL,1,122.63,182.7,122.62,327.2,122.61,417.0,122.6,318.3,122.59,10.0,122.78,258.5,122.79,87.8,122.8,59.6,122.81,253.3,122.82,378.6
1700000055.0,110,122.705,0.15000000000000568,122.63,193.5,122.78,48.7,942.0,1227.9,122.705,0.0,BUY,0,122.63,193.5,122.62,102.0,122.61,126.8,122.6,60.3,122.59,459.4,122.78,48.7,122.79,286.5,122.8,29.5,122.81,711.3,122.82,151.9
1700000055.5,111,122.72999999999999,0.14000000000000057,122.66,195.8,122.8,259.1,679.1,1686.8999999999999,122.72999999999999,0.0,BUY,0,122.66,195.8,122.65,29.6,122.64,57.8,122.63,319.8,122.62,76.1,122.8,259.1,122.81,10.0,122.82,31.0,122.83,1238.6,122.84,148.2
1700000056.0,112,122.735,0.15000000000000568,122.66,287.4,122.81,303.3,755.0999999999999,917.5,122.66,74.5,SELL,3,122.66,287.4,122.65,10.0,122.64,54.7,122.63,27.0,122.62,376.0,122.81,303.3,122.82,269.3,122.83,120.8,122.84,169.1,122.85,55.0
1700000056.5,113,122.735,0.15000000000000568,122.66,144.0,122.81,19.1,233.4,460.7,122.81,17.9,BUY,4,122.66,144.0,122.65,44.3,122.64,10.0,122.63,10.0,122.62,25.1,122.81,19.1,122.82,33.6,122.83,35.7,122.84,78.8,122.85,293.5
1700000057.0,114,122.72999999999999,0.14000000000000057,122.66,51.2,122.8,44.6,1045.4,292.6,122.8,5.0,BUY,2,122.66,51.2,122.65,109.1,122.64,223.3,122.63,85.4,122.62,576.4,122.8,44.6,122.81,78.3,122.82,68.4,122.83,21.4,122.84,79.9
1700000057.5,115,122.73,0.1599999999999966,122.65,14.6,122.81,57.7,830.3999999999999,851.7,122.81,15.1,BUY,2,122.65,14.6,122.64,46.1,122.63,266.9,122.62,141.6,122.61,361.2,122.81,57.7,122.82,51.1,122.83,10.0,122.84,221.4,122.85,511.5
1700000058.0,116,122.75,0.1599999999999966,122.67,145.1,122.83,234.7,2012.0,1576.1999999999998,122.67,5.0,SELL,4,122.67,145.1,122.66,36.3,122.65,838.8,122.64,912.3,122.63,79.5,122.83,234.7,122.84,483.8,122.85,115.0,122.86,424.6,122.87,318.1
1700000058.5,117,122.72999999999999,0.14000000000000057,122.66,74.6,122.8,11.6,570.0,2986.6,122.72999999999999,0.0,BUY,0,122.66,74.6,122.65,10.0,122.64,304.6,122.63,144.0,122.62,36.8,122.8,11.6,122.81,1472.7,122.82,1034.3,122.83,18.9,122.84,449.1
1700000059.0,118,122.71000000000001,0.14000000000000057,122.64,21.9,122.78,157.7,578.1,892.9000000000001,122.64,11.7,SELL,1,122.64,21.9,122.63,305.8,122.62,189.4,122.61,17.3,122.6,43.7,122.78,157.7,122.79,56.9,122.8,311.0,122.81,66.2,122.82,301.1
1700000059.5,119,122.72,0.1599999999999966,122.64,300.7,122.8,59.9,1237.1999999999998,1112.3,122.64,74.0,SELL,1,122.64,300.7,122.63,47.9,122.62,16.2,122.61,368.4,122.6,504.0,122.8,59.9,122.81,70.8,122.82,81.6,122.83,712.4,122.84,187.6
1700000060.0,120,122.735,0.15000000000000568,122.66,238.8,122.81,42.0,453.29999999999995,295.0,122.81,8.0,BUY,2,122.66,238.8,122.65,42.2,122.64,10.9,122.63,126.2,122.62,35.2,122.81,42.0,122.82,60.9,122.83,140.0,122.84,12.1,122.85,40.0
1700000060.5,121,122.705,0.15000000000000568,122.63,40.3,122.78,116.9,579.8,1188.4,122.63,51.0,SELL,3,122.63,40.3,122.62,35.5,122.61,96.7,122.6,10.0,122.59,397.3,122.78,116.9,122.79,262.8,122.8,483.7,122.81,248.5,122.82,76.5
1700000061.0,122,122.7,0.1599999999999966,122.62,24.6,122.78,236.5,183.6,432.1,122.62,10.0,SELL,2,122.62,24.6,122.61,84.3,122.6,10.1,122.59,42.0,122.58,22.6,122.78,236.5,122.79,106.3,122.8,19.6,122.81,43.7,122.82,26.0
1700000061.5,123,122.69,0.1599999999999966,122.61,83.1,122.77,64.4,881.3,365.00000000000006,122.61,12.7,SELL,3,122.61,83.1,122.6,198.7,122.59,386.0,122.58,24.4,122.57,189.1,122.77,64.4,122.78,76.7,122.79,106.3,122.8,14.1,122.81,103.5
1700000062.0,124,122.66999999999999,0.14000000000000057,122.6,12.2,122.74,15.7,596.5,651.5999999999999,122.74,6.4,BUY,4,122.6,12.2,122.59,242.1,122.58,133.8,122.57,128.7,122.56,79.7,122.74,15.7,122.75,39.6,122.76,439.9,122.77,18.7,122.78,137.7
1700000062.5,125,122.69,0.1599999999999966,122.61,369.5,122.77,127.7,1078.4,462.20000000000005,122.69,0.0,BUY,0,122.61,369.5,122.6,15.9,122.59,144.1,122.58,335.7,122.57,213.2,122.77,127.7,122.78,186.1,122.79,56.5,122.8,46.1,122.81,45.8
1700000063.0,126,114.23,0.1599999999999966,114.15,91.4,114.31,183.2,1321.7,1509.4999999999998,114.31,5.2,BUY,2,114.15,91.4,114.14,167.1,114.13,108.1,114.12,327.4,114.11,627.7,114.31,183.2,114.32,116.0,114.33,416.7,114.34,533.8,114.35,259.8
1700000063.5,127,114.235,0.15000000000000568,114.16,155.4,114.31,55.0,545.5,2195.6,114.31,76.6,BUY,3,114.16,155.4,114.15,189.3,114.14,79.4,114.13,93.9,114.12,27.5,114.31,55.0,114.32,113.8,114.33,250.1,114.34,334.2,114.35,1442.5
1700000064.0,128,114.23,0.1599999999999966,114.15,44.8,114.31,51.4,640.3,741.2,114.15,29.6,SELL,3,114.15,44.8,114.14,149.3,114.13,93.9,114.12,14.3,114.11,338.0,114.31,51.4,114.32,49.6,114.33,56.7,114.34,543.5,114.35,40.0
1700000064.5,129,114.22,0.1599999999999966,114.14,98.8,114.3,398.9,1662.8,934.9999999999998,114.3,35.9,BUY,4,114.14,98.8,114.13,548.1,114.12,112.0,114.11,660.6,114.1,243.3,114.3,398.9,114.31,225.7,114.32,116.8,114.33,136.8,114.34,56.8
1700000065.0,130,114.2,0.1599999999999966,114.12,157.0,114.28,235.5,477.2,964.4,114.28,54.4,BUY,1,114.12,157.0,114.11,10.0,114.1,163.2,114.09,74.8,114.08,72.2,114.28,235.5,114.29,174.7,114.3,47.0,114.31,497.2,114.32,10.0
1700000065.5,131,114.19,0.1599999999999966,114.11,78.1,114.27,159.4,837.2,934.7,114.11,13.1,SELL,2,114.11,78.1,114.1,139.2,114.09,214.2,114.08,222.7,114.07,183.0,114.27,159.4,114.28,424.7,114.29,310.4,114.3,18.2,114.31,22.0
1700000066.0,132,114.185,0.15000000000000568,114.11,29.1,114.26,273.8,1034.5,1107.1,114.26,20.3,BUY,1,114.11,29.1,114.1,90.8,114.09,215.9,114.08,524.0,114.07,174.7,114.26,273.8,114.27,239.1,114.28,38.6,114.29,172.5,114.3,383.1
1700000066.5,133,114.17,0.1599999999999966,114.09,60.2,114.25,20.5,1576.9,1283.6,114.17,0.0,BUY,0,114.09,60.2,114.08,505.7,114.07,347.0,114.06,19.7,114.05,644.3,114.25,20.5,114.26,386.4,114.27,610.8,114.28,255.9,114.29,10.0
1700000067.0,134,114.17,0.1599999999999966,114.09,44.0,114.25,217.1,1083.4,1717.5,114.09,54.0,SELL,2,114.09,44.0,114.08,602.7,114.07,39.1,114.06,143.3,114.05,254.3,114.25,217.1,114.26,276.9,114.27,300.3,114.28,10.0,114.29,913.2
1700000067.5,135,114.17,0.1599999999999966,114.09,10.0,114.25,10.0,979.5,1773.4,114.25,105.4,BUY,4,114.09,10.0,114.08,708.2,114.07,15.9,114.06,103.4,114.05,142.0,114.25,10.0,114.26,98.8,114.27,262.9,114.28,487.7,114.29,914.0
1700000068.0,136,114.16,0.14000000000000057,114.09,133.3,114.23,14.8,746.8000000000001,1435.8000000000002,114.16,0.0,BUY,0,114.09,133.3,114.08,22.9,114.07,119.5,114.06,22.3,114.05,448.8,114.23,14.8,114.24,422.1,114.25,474.1,114.26,141.2,114.27,383.6
1700000068.5,137,114.17,0.1599999999999966,114.09,32.0,114.25,111.5,375.5,2136.0,114.09,51.1,SELL,4,114.09,32.0,114.08,97.6,114.07,97.0,114.06,104.3,114.05,44.6,114.25,111.5,114.26,634.5,114.27,559.1,114.28,283.8,114.29,547.1
1700000069.0,138,114.17,0.1599999999999966,114.09,233.0,114.25,118.7,463.40000000000003,684.3000000000001,114.25,5.0,BUY,6,114.09,233.0,114.08,66.3,114.07,89.7,114.06,55.8,114.05,18.6,114.25,118.7,114.26,12.8,114.27,259.5,114.28,171.6,114.29,121.7
1700000069.5,139,114.16,0.14000000000000057,114.09,120.0,114.23,26.2,924.8000000000001,1114.1000000000001,114.09,19.2,SELL,1,114.09,120.0,114.08,11.6,114.07,284.6,114.06,167.6,114.05,341.0,114.23,26.2,114.24,189.8,114.25,194.5,114.26,664.7,114.27,38.9
1700000070.0,140,114.14,0.1599999999999966,114.06,27.6,114.22,10.0,760.2,566.6,114.06,14.9,SELL,3,114.06,27.6,114.05,21.2,114.04,19.4,114.03,78.5,114.02,613.5,114.22,10.0,114.23,98.3,114.24,10.0,114.25,38.5,114.26,409.8
1700000070.5,141,114.13,0.14000000000000057,114.06,92.2,114.2,50.1,1060.7,608.5999999999999,114.2,19.7,BUY,2,114.06,92.2,114.05,358.3,114.04,47.8,114.03,85.7,114.02,476.7,114.2,50.1,114.21,170.5,114.22,32.3,114.23,77.7,114.24,278.0
1700000071.0,142,114.125,0.15000000000000568,114.05,24.4,114.2,26.2,900.3,973.8,114.2,49.9,BUY,1,114.05,24.4,114.04,14.4,114.03,367.2,114.02,260.3,114.01,234.0,114.2,26.2,114.21,165.3,114.22,83.5,114.23,564.0,114.24,134.8
1700000071.5,143,114.11,0.1599999999999966,114.03,123.9,114.19,12.6,1789.3999999999999,1109.1,114.03,11.0,SELL,2,114.03,123.9,114.02,746.5,114.01,10.0,114.0,261.7,113.99,647.3,114.19,12.6,114.2,507.9,114.21,496.8,114.22,10.0,114.23,81.8
1700000072.0,144,114.095,0.15000000000000568,114.02,10.0,114.17,32.7,494.1,1403.9,114.17,22.2,BUY,1,114.02,10.0,114.01,15.3,114.0,20.3,113.99,349.9,113.98,98.6,114.17,32.7,114.18,181.5,114.19,93.6,114.2,228.6,114.21,867.5
1700000072.5,145,114.095,0.15000000000000568,114.02,10.0,114.17,167.2,1205.7,1284.5,114.095,0.0,BUY,0,114.02,10.0,114.01,292.3,114.0,233.4,113.99,274.5,113.98,395.5,114.17,167.2,114.18,115.6,114.19,114.5,114.2,726.6,114.21,160.6
1700000073.0,146,114.11,0.1599999999999966,114.03,252.9,114.19,526.9,893.9000000000001,1040.5,114.19,6.2,BUY,2,114.03,252.9,114.02,18.4,114.01,263.1,114.0,225.8,113.99,133.7,114.19,526.9,114.2,24.5,114.21,384.2,114.22,75.7,114.23,29.2
1700000073.5,147,114.11000000000001,0.14000000000000057,114.04,99.6,114.18,45.5,732.9,2155.8,114.04,109.2,SELL,2,114.04,99.6,114.03,43.5,114.02,233.6,114.01,239.6,114.0,116.6,114.18,45.5,114.19,947.4,114.2,147.6,114.21,398.2,114.22,617.1
1700000074.0,148,114.11,0.1599999999999966,114.03,91.6,114.19,149.0,891.3,710.0999999999999,114.19,23.9,BUY,1,114.03,91.6,114.02,136.2,114.01,109.0,114.0,419.8,113.99,134.7,114.19,149.0,114.2,157.7,114.21,219.1,114.22,10.0,114.23,174.3
1700000074.5,149,114.125,0.15000000000000568,114.05,92.5,114.2,95.0,570.0,662.6,114.125,0.0,BUY,0,114.05,92.5,114.04,37.9,114.03,10.0,114.02,40.1,114.01,389.5,114.2,95.0,114.21,28.0,114.22,48.1,114.23,391.4,114.24,100.1
1700000075.0,150,114.11,0.1599999999999966,114.03,97.2,114.19,130.5,475.0,780.5,114.19,5.0,BUY,4,114.03,97.2,114.02,172.9,114.01,36.4,114.0,92.9,113.99,75.6,114.19,130.5,114.2,256.3,114.21,84.4,114.22,146.1,114.23,163.2
1700000075.5,151,114.11,0.1599999999999966,114.03,93.3,114.19,120.4,873.1999999999999,1120.2,114.19,5.0,BUY,6,114.03,93.3,114.02,283.4,114.01,10.0,114.0,321.4,113.99,165.1,114.19,120.4,114.2,267.1,114.21,63.8,114.22,162.3,114.23,506.6
1700000076.0,152,114.11,0.1599999999999966,114.03,36.2,114.19,138.2,293.6,1045.2,114.03,13.0,SELL,2,114.03,36.2,114.02,100.0,114.01,10.0,114.0,112.8,113.99,34.6,114.19,138.2,114.2,230.3,114.21,215.5,114.22,107.1,114.23,354.1
1700000076.5,153,114.12,0.1599999999999966,114.04,62.9,114.2,89.1,836.0,569.6999999999999,114.2,129.7,BUY,3,114.04,62.9,114.03,39.6,114.02,68.3,114.01,316.0,114.0,349.2,114.2,89.1,114.21,127.3,114.22,36.7,114.23,220.8,114.24,95.8
1700000077.0,154,114.125,0.15000000000000568,114.05,61.7,114.2,113.8,791.1,1719.9,114.05,35.2,SELL,1,114.05,61.7,114.04,388.2,114.03,181.6,114.02,85.4,114.01,74.2,114.2,113.8,114.21,631.4,114.22,84.1,114.23,174.1,114.24,716.5
1700000077.5,155,114.125,0.15000000000000568,114.05,22.9,114.2,43.9,191.3,1301.2,114.05,129.5,SELL,3,114.05,22.9,114.04,31.7,114.03,61.5,114.02,40.0,114.01,35.2,114.2,43.9,114.21,328.1,114.22,140.6,114.23,462.3,114.24,326.3
1700000078.0,156,114.11,0.1599999999999966,114.03,72.9,114.19,107.5,815.2,1132.8,114.03,39.0,SELL,2,114.03,72.9,114.02,91.3,114.01,432.8,114.0,26.7,113.99,191.5,114.19,107.5,114.2,284.4,114.21,197.3,114.22,107.4,114.23,436.2
1700000078.5,157,114.125,0.15000000000000568,114.05,20.5,114.2,40.8,1262.8000000000002,657.3,114.05,19.0,SELL,1,114.05,20.5,114.04,493.2,114.03,332.9,114.02,143.1,114.01,273.1,114.2,40.8,114.21,15.2,114.22,296.7,114.23,86.6,114.24,218.0
1700000079.0,158,114.11000000000001,0.14000000000000057,114.04,78.8,114.18,70.8,421.4,1284.3,114.11000000000001,0.0,BUY,0,114.04,78.8,114.03,70.2,114.02,10.4,114.01,62.0,114.0,200.0,114.18,70.8,114.19,399.8,114.2,39.4,114.21,261.5,114.22,512.8
1700000079.5,159,114.11,0.1599999999999966,114.03,189.0,114.19,389.5,991.8,1250.8999999999999,114.19,7.5,BUY,2,114.03,189.0,114.02,255.4,114.01,173.4,114.0,359.9,113.99,14.1,114.19,389.5,114.2,73.1,114.21,469.7,114.22,247.6,114.23,71.0
1700000080.0,160,114.11,0.1599999999999966,114.03,57.7,114.19,215.5,1291.3,835.0,114.03,8.3,SELL,2,114.03,57.7,114.02,207.3,114.01,114.8,114.0,853.2,113.99,58.3,114.19,215.5,114.2,54.6,114.21,179.5,114.22,194.7,114.23,190.7
1700000080.5,161,114.11,0.1599999999999966,114.03,105.8,114.19,189.8,678.8000000000001,569.3000000000001,114.03,35.4,SELL,2,114.03,105.8,114.02,36.3,114.01,117.4,114.0,313.2,113.99,106.1,114.19,189.8,114.2,132.0,114.21,191.9,114.22,39.7,114.23,15.9
1700000081.0,162,114.125,0.15000000000000568,114.05,10.0,114.2,91.5,1318.6,837.7,114.05,30.9,SELL,4,114.05,10.0,114.04,157.2,114.03,263.9,114.02,36.9,114.01,850.6,114.2,91.5,114.21,305.3,114.22,168.9,114.23,172.3,114.24,99.7
1700000081.5,163,114.13,0.14000000000000057,114.06,40.2,114.2,35.7,638.3,876.4,114.2,80.9,BUY,2,114.06,40.2,114.05,106.0,114.04,136.9,114.03,76.3,114.02,278.9,114.2,35.7,114.21,298.4,114.22,431.7,114.23,67.1,114.24,43.5
1700000082.0,164,129.0,0.13999999999998636,128.93,40.3,129.07,151.4,1259.1,1214.0,129.07,47.1,BUY,1,128.93,40.3,128.92,66.9,128.91,1019.9,128.9,48.7,128.89,83.3,129.07,151.4,129.08,17.5,129.09,650.2,129.1,352.6,129.11,42.3
1700000082.5,165,129.0,0.13999999999998636,128.93,260.2,129.07,234.4,1978.9999999999998,1667.1999999999998,129.07,24.9,BUY,1,128.93,260.2,128.92,760.4,128.91,155.1,128.9,404.3,128.89,399.0,129.07,234.4,129.08,19.0,129.09,455.0,129.1,125.3,129.11,833.5
1700000083.0,166,129.0,0.13999999999998636,128.93,26.9,129.07,271.0,908.5,733.7,128.93,18.4,SELL,5,128.93,26.9,128.92,121.0,128.91,188.6,128.9,351.9,128.89,220.1,129.07,271.0,129.08,188.2,129.09,65.9,129.1,24.0,129.11,184.6
1700000083.5,167,128.99,0.14000000000001478,128.92,14.3,129.06,255.2,777.5999999999999,977.5,128.92,8.0,SELL,1,128.92,14.3,128.91,279.3,128.9,120.7,128.89,222.6,128.88,140.7,129.06,255.2,129.07,96.2,129.08,16.6,129.09,599.5,129.1,10.0
1700000084.0,168,128.99,0.14000000000001478,128.92,52.7,129.06,401.9,901.0,1398.1999999999998,128.92,14.1,SELL,1,128.92,52.7,128.91,52.5,128.9,64.0,128.89,720.3,128.88,11.5,129.06,401.9,129.07,38.0,129.08,590.6,129.09,54.1,129.1,313.6
1700000084.5,169,128.99,0.14000000000001478,128.92,10.0,129.06,49.6,615.3,2353.4,128.92,5.0,SELL,1,128.92,10.0,128.91,57.7,128.9,10.0,128.89,361.6,128.88,176.0,129.06,49.6,129.07,10.0,129.08,18.0,129.09,231.3,129.1,2044.5
1700000085.0,170,128.99,0.1599999999999966,128.91,175.8,129.07,28.3,903.1999999999999,391.2,128.99,0.0,BUY,0,128.91,175.8,128.9,29.6,128.89,30.6,128.88,13.4,128.87,653.8,129.07,28.3,129.08,98.2,129.09,33.6,129.1,10.0,129.11,221.1
1700000085.5,171,128.99,0.14000000000001478,128.92,66.1,129.06,199.2,881.8000000000001,434.0,129.06,10.3,BUY,1,128.92,66.1,128.91,451.6,128.9,173.9,128.89,116.6,128.88,73.6,129.06,199.2,129.07,36.8,129.08,26.5,129.09,10.0,129.1,161.5
1700000086.0,172,128.97,0.160000000000025,128.89,33.0,129.05,30.3,1081.5,1673.5,128.89,16.5,SELL,4,128.89,33.0,128.88,377.8,128.87,45.2,128.86,505.4,128.85,120.1,129.05,30.3,129.06,541.9,129.07,190.9,129.08,161.3,129.09,749.1
1700000086.5,173,128.98000000000002,0.14000000000001478,128.91,32.8,129.05,144.1,811.9999999999999,1292.8999999999999,128.91,5.0,SELL,4,128.91,32.8,128.9,15.0,128.89,622.8,128.88,10.0,128.87,131.4,129.05,144.1,129.06,194.1,129.07,26.7,129.08,830.3,129.09,97.7
1700000087.0,174,128.97,0.160000000000025,128.89,147.7,129.05,10.0,550.4,723.8,128.89,5.0,SELL,2,128.89,147.7,128.88,204.0,128.87,57.8,128.86,130.9,128.85,10.0,129.05,10.0,129.06,241.6,129.07,17.2,129.08,10.0,129.09,445.0
1700000087.5,175,128.98000000000002,0.14000000000001478,128.91,34.7,129.05,292.6,791.9,1289.2,128.91,5.4,SELL,2,128.91,34.7,128.9,310.2,128.89,41.1,128.88,169.0,128.87,236.9,129.05,292.6,129.06,421.8,129.07,429.7,129.08,62.6,129.09,82.5
1700000088.0,176,128.99,0.1599999999999966,128.91,17.8,129.07,20.6,675.7,1517.7,129.07,39.5,BUY,1,128.91,17.8,128.9,330.2,128.89,45.8,128.88,72.8,128.87,209.1,129.07,20.6,129.08,26.8,129.09,191.4,129.1,32.5,129.11,1246.4
1700000088.5,177,128.95999999999998,0.14000000000001478,128.89,34.6,129.03,26.7,982.1999999999999,1773.3,128.95999999999998,0.0,BUY,0,128.89,34.6,128.88,10.0,128.87,55.5,128.86,242.2,128.85,639.9,129.03,26.7,129.04,647.6,129.05,309.5,129.06,195.7,129.07,593.8
1700000089.0,178,128.94,0.13999999999998636,128.87,10.0,129.01,152.1,273.1,933.2,128.87,130.0,SELL,1,128.87,10.0,128.86,12.9,128.85,190.1,128.84,50.1,128.83,10.0,129.01,152.1,129.02,243.4,129.03,101.3,129.04,59.2,129.05,377.2
1700000089.5,179,128.91000000000003,0.1599999999999966,128.83,293.1,128.99,26.0,1052.8,1491.8000000000002,128.83,60.6,SELL,3,128.83,293.1,128.82,69.5,128.81,164.7,128.8,113.6,128.79,411.9,128.99,26.0,129.0,294.8,129.01,308.6,129.02,418.5,129.03,443.9
1700000090.0,180,128.91500000000002,0.15000000000000568,128.84,194.7,128.99,76.9,1036.2,764.5,128.99,57.0,BUY,4,128.84,194.7,128.83,40.6,128.82,138.7,128.81,591.0,128.8,71.2,128.99,76.9,129.0,50.0,129.01,106.2,129.02,405.9,129.03,125.5
1700000090.5,181,128.92000000000002,0.1599999999999966,128.84,103.3,129.0,138.7,1258.9,719.5999999999999,129.0,45.8,BUY,1,128.84,103.3,128.83,159.3,128.82,98.0,128.81,169.1,128.8,729.2,129.0,138.7,129.01,135.4,129.02,139.9,129.03,262.8,129.04,42.8
1700000091.0,182,128.91500000000002,0.15000000000000568,128.84,95.1,128.99,50.9,1358.3000000000002,576.5,128.99,157.4,BUY,2,128.84,95.1,128.83,178.3,128.82,729.9,128.81,52.9,128.8,302.1,128.99,50.9,129.0,35.7,129.01,15.6,129.02,38.6,129.03,435.7
1700000091.5,183,128.92000000000002,0.14000000000001478,128.85,202.8,128.99,30.5,848.5,666.3,128.99,7.8,BUY,2,128.85,202.8,128.84,88.2,128.83,148.9,128.82,232.8,128.81,175.8,128.99,30.5,129.0,39.2,129.01,287.3,129.02,241.5,129.03,67.8
1700000092.0,184,126.89,0.1599999999999966,126.81,54.0,126.97,157.5,574.1999999999999,913.7,126.97,26.0,BUY,1,126.81,54.0,126.8,148.2,126.79,168.6,126.78,36.3,126.77,167.1,126.97,157.5,126.98,178.7,126.99,125.0,127.0,95.4,127.01,357.1
1700000092.5,185,126.875,0.15000000000000568,126.8,41.8,126.95,87.3,846.6,898.0999999999999,126.8,14.2,SELL,1,126.8,41.8,126.79,125.5,126.78,14.9,126.77,30.3,126.76,634.1,126.95,87.3,126.96,127.7,126.97,162.4,126.98,400.9,126.99,119.8
1700000093.0,186,126.86,0.1599999999999966,126.78,10.0,126.94,39.3,944.6999999999999,680.1,126.78,36.9,SELL,2,126.78,10.0,126.77,10.0,126.76,491.2,126.75,59.1,126.74,374.4,126.94,39.3,126.95,292.2,126.96,154.4,126.97,150.5,126.98,43.7
1700000093.5,187,126.87,0.14000000000000057,126.8,30.5,126.94,245.1,358.00000000000006,1156.8,126.8,20.1,SELL,3,126.8,30.5,126.79,62.7,126.78,75.9,126.77,156.8,126.76,32.1,126.94,245.1,126.95,120.2,126.96,97.8,126.97,22.4,126.98,671.3
1700000094.0,188,126.86,0.1599999999999966,126.78,78.9,126.94,325.4,500.29999999999995,734.9999999999999,126.94,26.4,BUY,1,126.78,78.9,126.77,10.0,126.76,205.5,126.75,127.0,126.74,78.9,126.94,325.4,126.95,81.0,126.96,227.7,126.97,78.5,126.98,22.4
1700000094.5,189,126.87,0.14000000000000057,126.8,36.7,126.94,146.3,831.5,1371.7,126.8,41.9,SELL,2,126.8,36.7,126.79,58.8,126.78,118.2,126.77,565.0,126.76,52.8,126.94,146.3,126.95,148.2,126.96,132.7,126.97,539.8,126.98,404.7
1700000095.0,190,126.875,0.15000000000000568,126.8,250.8,126.95,32.0,1303.1000000000001,1121.2,126.8,5.0,SELL,5,126.8,250.8,126.79,300.6,126.78,180.1,126.77,348.8,126.76,222.8,126.95,32.0,126.96,16.3,126.97,454.1,126.98,249.1,126.99,369.7
1700000095.5,191,126.905,0.15000000000000568,126.83,399.0,126.98,480.0,933.8,1591.5,126.83,37.5,SELL,2,126.83,399.0,126.82,248.5,126.81,54.2,126.8,28.3,126.79,203.8,126.98,480.0,126.99,472.1,127.0,175.8,127.01,142.1,127.02,321.5
1700000096.0,192,126.905,0.15000000000000568,126.83,191.0,126.98,253.7,694.9,1856.6000000000001,126.83,7.3,SELL,1,126.83,191.0,126.82,103.4,126.81,55.4,126.8,149.7,126.79,195.4,126.98,253.7,126.99,250.7,127.0,559.5,127.01,46.9,127.02,745.8
1700000096.5,193,126.89,0.1599999999999966,126.81,39.1,126.97,10.0,974.3000000000001,2149.7,126.97,93.0,BUY,2,126.81,39.1,126.8,339.3,126.79,437.5,126.78,65.1,126.77,93.3,126.97,10.0,126.98,905.6,126.99,254.0,127.0,73.2,127.01,906.9
1700000097.0,194,126.875,0.15000000000000568,126.8,60.7,126.95,182.8,564.0,1741.3000000000002,126.875,0.0,BUY,0,126.8,60.7,126.79,44.5,126.78,264.8,126.77,70.7,126.76,123.3,126.95,182.8,126.96,251.5,126.97,591.6,126.98,331.3,126.99,384.1
1700000097.5,195,126.87,0.14000000000000057,126.8,165.5,126.94,394.0,1176.1000000000001,771.0000000000001,126.8,36.4,SELL,2,126.8,165.5,126.79,354.1,126.78,28.2,126.77,378.8,126.76,249.5,126.94,394.0,126.95,46.1,126.96,114.7,126.97,90.5,126.98,125.7
1700000098.0,196,126.875,0.15000000000000568,126.8,60.3,126.95,718.7,244.70000000000002,1262.8000000000002,126.95,70.3,BUY,2,126.8,60.3,126.79,25.6,126.78,10.0,126.77,98.7,126.76,50.1,126.95,718.7,126.96,314.1,126.97,77.6,126.98,36.7,126.99,115.7
1700000098.5,197,126.88,0.1599999999999966,126.8,95.8,126.96,105.3,845.5999999999999,2473.2,126.96,28.6,BUY,2,126.8,95.8,126.79,87.5,126.78,594.3,126.77,48.5,126.76,19.5,126.96,105.3,126.97,603.0,126.98,1497.9,126.99,29.0,127.0,238.0
1700000099.0,198,126.875,0.15000000000000568,126.8,78.7,126.95,87.8,1087.7,288.2,126.95,41.5,BUY,2,126.8,78.7,126.79,288.5,126.78,211.2,126.77,396.4,126.76,112.9,126.95,87.8,126.96,62.9,126.97,103.0,126.98,24.5,126.99,10.0
1700000099.5,199,126.875,0.15000000000000568,126.8,206.7,126.95,300.4,3561.5,1329.0,126.95,30.0,BUY,3,126.8,206.7,126.79,418.4,126.78,878.3,126.77,418.7,126.76,1639.4,126.95,300.4,126.96,81.9,126.97,369.1,126.98,503.4,126.99,74.2
1700000100.0,200,126.86,0.1599999999999966,126.78,10.0,126.94,391.5,1194.6,1567.5,126.78,30.1,SELL,2,126.78,10.0,126.77,125.0,126.76,101.2,126.75,891.6,126.74,66.8,126.94,391.5,126.95,19.1,126.96,311.6,126.97,206.4,126.98,638.9
1700000100.5,201,126.845,0.15000000000000568,126.77,10.0,126.92,268.1,337.0,1034.8000000000002,126.92,28.3,BUY,2,126.77,10.0,126.76,111.9,126.75,57.8,126.74,78.9,126.73,78.4,126.92,268.1,126.93,54.3,126.94,285.3,126.95,10.0,126.96,417.1
1700000101.0,202,126.815,0.15000000000000568,126.74,77.6,126.89,172.1,963.5999999999999,833.3000000000001,126.815,0.0,BUY,0,126.74,77.6,126.73,398.7,126.72,120.4,126.71,206.4,126.7,160.5,126.89,172.1,126.9,126.6,126.91,88.2,126.92,351.3,126.93,95.1
1700000101.5,203,126.83,0.1599999999999966,126.75,65.6,126.91,83.6,524.9,1052.3000000000002,126.75,7.8,SELL,3,126.75,65.6,126.74,190.2,126.73,47.0,126.72,169.7,126.71,52.4,126.91,83.6,126.92,31.2,126.93,49.4,126.94,226.4,126.95,661.7
1700000102.0,204,126.81,0.14000000000000057,126.74,10.0,126.88,275.8,1422.1,933.9,126.88,38.2,BUY,2,126.74,10.0,126.73,78.3,126.72,439.9,126.71,745.6,126.7,148.3,126.88,275.8,126.89,537.2,126.9,24.3,126.91,10.0,126.92,86.6
1700000102.5,205,126.81,0.1599999999999966,126.73,24.4,126.89,117.0,544.6,1167.5,126.73,36.6,SELL,1,126.73,24.4,126.72,32.7,126.71,10.0,126.7,243.0,126.69,234.5,126.89,117.0,126.9,47.6,126.91,108.3,126.92,31.7,126.93,862.9
1700000103.0,206,126.81,0.1599999999999966,126.73,81.0,126.89,40.1,1331.4,991.9000000000001,126.81,0.0,BUY,0,126.73,81.0,126.72,451.6,126.71,210.5,126.7,206.7,126.69,381.6,126.89,40.1,126.9,348.3,126.91,252.4,126.92,264.4,126.93,86.7
1700000103.5,207,126.8,0.1599999999999966,126.72,10.0,126.88,24.9,1385.6000000000001,813.6,126.88,75.2,BUY,1,126.72,10.0,126.71,188.9,126.7,61.9,126.69,879.6,126.68,245.2,126.88,24.9,126.89,50.1,126.9,691.4,126.91,10.0,126.92,37.2
1700000104.0,208,126.8,0.1599999999999966,126.72,16.0,126.88,68.8,716.2,576.0,126.88,7.8,BUY,2,126.72,16.0,126.71,225.1,126.7,225.5,126.69,20.4,126.68,229.2,126.88,68.8,126.89,297.7,126.9,10.0,126.91,104.2,126.92,95.3
1700000104.5,209,126.78999999999999,0.14000000000000057,126.72,115.2,126.86,99.7,539.7,1621.8,126.86,10.4,BUY,1,126.72,115.2,126.71,42.4,126.7,191.4,126.69,121.1,126.68,69.6,126.86,99.7,126.87,204.0,126.88,877.0,126.89,299.8,126.9,141.3
1700000105.0,210,126.78,0.1599999999999966,126.7,145.3,126.86,13.4,1982.3000000000002,541.2,126.86,14.7,BUY,1,126.7,145.3,126.69,199.4,126.68,42.1,126.67,58.1,126.66,1537.4,126.86,13.4,126.87,129.8,126.88,52.5,126.89,147.1,126.9,198.4
1700000105.5,211,126.765,0.15000000000000568,126.69,142.7,126.84,142.5,489.09999999999997,510.9,126.69,33.0,SELL,1,126.69,142.7,126.68,10.0,126.67,209.7,126.66,25.4,126.65,101.3,126.84,142.5,126.85,264.8,126.86,10.0,126.87,12.9,126.88,80.7
1700000106.0,212,126.75,0.1599999999999966,126.67,483.4,126.83,261.3,1572.6,1841.3999999999999,126.67,49.5,SELL,3,126.67,483.4,126.66,295.2,126.65,372.0,126.64,40.3,126.63,381.7,126.83,261.3,126.84,39.0,126.85,22.4,126.86,861.4,126.87,657.3
1700000106.5,213,126.735,0.15000000000000568,126.66,62.0,126.81,201.8,1167.6,1885.1999999999998,126.81,11.1,BUY,1,126.66,62.0,126.65,10.0,126.64,533.8,126.63,37.4,126.62,524.4,126.81,201.8,126.82,505.0,126.83,137.3,126.84,333.3,126.85,707.8
1700000107.0,214,134.135,0.15000000000000568,134.06,109.8,134.21,96.0,493.6,375.5,134.06,181.7,SELL,3,134.06,109.8,134.05,289.9,134.04,38.5,134.03,20.3,134.02,35.1,134.21,96.0,134.22,37.5,134.23,80.9,134.24,56.1,134.25,105.0
1700000107.5,215,134.16,0.13999999999998636,134.09,179.6,134.23,105.4,650.0999999999999,1439.6999999999998,134.16,0.0,BUY,0,134.09,179.6,134.08,72.2,134.07,228.6,134.06,10.0,134.05,159.7,134.23,105.4,134.24,10.4,134.25,482.5,134.26,292.3,134.27,549.1
1700000108.0,216,134.16500000000002,0.15000000000000568,134.09,197.8,134.24,134.6,897.4,888.1,134.24,6.5,BUY,1,134.09,197.8,134.08,27.6,134.07,10.0,134.06,119.1,134.05,542.9,134.24,134.6,134.25,10.0,134.26,107.4,134.27,34.9,134.28,601.2
1700000108.5,217,134.16,0.13999999999998636,134.09,136.4,134.23,15.1,526.4,518.0,134.09,25.3,SELL,4,134.09,136.4,134.08,10.0,134.07,17.9,134.06,87.1,134.05,275.0,134.23,15.1,134.24,10.0,134.25,146.9,134.26,192.6,134.27,153.4
1700000109.0,218,134.19,0.1599999999999966,134.11,93.8,134.27,71.1,492.30000000000007,1335.6999999999998,134.19,0.0,BUY,0,134.11,93.8,134.1,109.0,134.09,10.0,134.08,53.6,134.07,225.9,134.27,71.1,134.28,168.5,134.29,234.2,134.3,691.3,134.31,170.6
1700000109.5,219,134.22,0.160000000000025,134.14,181.8,134.3,61.8,795.7,1076.9,134.3,18.5,BUY,2,134.14,181.8,134.13,252.8,134.12,133.6,134.11,42.7,134.1,184.8,134.3,61.8,134.31,76.0,134.32,123.0,134.33,372.4,134.34,443.7
1700000110.0,220,134.22,0.13999999999998636,134.15,661.0,134.29,40.1,1802.8,1029.4,134.29,7.2,BUY,3,134.15,661.0,134.14,38.1,134.13,161.4,134.12,20.0,134.11,922.3,134.29,40.1,134.3,153.3,134.31,239.8,134.32,222.2,134.33,374.0
1700000110.5,221,134.22,0.13999999999998636,134.15,82.1,134.29,171.9,514.9,1162.6,134.29,34.4,BUY,2,134.15,82.1,134.14,61.8,134.13,156.0,134.12,205.0,134.11,10.0,134.29,171.9,134.3,120.3,134.31,163.5,134.32,329.2,134.33,377.7
1700000111.0,222,134.22,0.13999999999998636,134.15,464.8,134.29,426.0,1147.2,1393.5,134.15,20.2,SELL,1,134.15,464.8,134.14,263.3,134.13,129.1,134.12,117.6,134.11,172.4,134.29,426.0,134.3,241.4,134.31,12.9,134.32,324.5,134.33,388.7
1700000111.5,223,134.22,0.160000000000025,134.14,143.5,134.3,10.0,1203.4999999999998,1280.4,134.3,9.5,BUY,2,134.14,143.5,134.13,29.7,134.12,304.9,134.11,643.8,134.1,81.6,134.3,10.0,134.31,256.4,134.32,58.6,134.33,135.1,134.34,820.3
1700000112.0,224,134.245,0.12999999999999545,134.18,30.7,134.31,204.2,1154.3,1330.0,134.18,50.3,SELL,1,134.18,30.7,134.17,33.2,134.16,10.0,134.15,812.7,134.14,267.7,134.31,204.2,134.32,93.2,134.33,132.6,134.34,581.9,134.35,318.1
1700000112.5,225,134.25,0.13999999999998636,134.18,10.0,134.32,70.0,1135.1000000000001,724.8,134.32,14.4,BUY,1,134.18,10.0,134.17,55.5,134.16,448.2,134.15,407.0,134.14,214.4,134.32,70.0,134.33,137.7,134.34,16.1,134.35,92.0,134.36,409.0
1700000113.0,226,134.25,0.13999999999998636,134.18,316.0,134.32,121.7,2142.0,958.8,134.32,5.0,BUY,3,134.18,316.0,134.17,89.2,134.16,10.0,134.15,117.0,134.14,1609.8,134.32,121.7,134.33,330.7,134.34,40.8,134.35,208.2,134.36,257.4
1700000113.5,227,124.55000000000001,0.14000000000000057,124.48,10.1,124.62,301.9,926.5,1419.6999999999998,124.62,5.0,BUY,2,124.48,10.1,124.47,10.0,124.46,123.1,124.45,247.0,124.44,536.3,124.62,301.9,124.63,49.5,124.64,343.4,124.65,224.4,124.66,500.5
1700000114.0,228,124.565,0.15000000000000568,124.49,42.3,124.64,164.4,860.6,1302.4,124.565,0.0,BUY,0,124.49,42.3,124.48,113.7,124.47,203.6,124.46,473.1,124.45,27.9,124.64,164.4,124.65,259.3,124.66,101.0,124.67,520.5,124.68,257.2
1700000114.5,229,124.56,0.1599999999999966,124.48,133.7,124.64,22.3,1299.7999999999997,409.0,124.64,51.8,BUY,3,124.48,133.7,124.47,128.7,124.46,902.8,124.45,25.3,124.44,109.3,124.64,22.3,124.65,120.4,124.66,52.1,124.67,139.5,124.68,74.7
1700000115.0,230,124.56,0.1599999999999966,124.48,62.1,124.64,14.8,842.9999999999999,151.2,124.48,36.6,SELL,1,124.48,62.1,124.47,30.5,124.46,86.3,124.45,449.7,124.44,214.4,124.64,14.8,124.65,22.6,124.66,47.8,124.67,56.0,124.68,10.0
1700000115.5,231,124.545,0.15000000000000568,124.47,461.4,124.62,156.5,1329.8000000000002,725.1,124.62,22.4,BUY,1,124.47,461.4,124.46,55.6,124.45,10.0,124.44,152.6,124.43,650.2,124.62,156.5,124.63,98.1,124.64,313.9,124.65,10.0,124.66,146.6
1700000116.0,232,124.545,0.15000000000000568,124.47,409.9,124.62,256.8,1035.5,1052.0,124.47,78.1,SELL,2,124.47,409.9,124.46,49.6,124.45,243.9,124.44,262.1,124.43,70.0,124.62,256.8,124.63,10.0,124.64,256.3,124.65,245.2,124.66,283.7
1700000116.5,233,124.53999999999999,0.1600000000000108,124.46,38.7,124.62,63.5,637.0,1211.5,124.46,36.1,SELL,2,124.46,38.7,124.45,38.0,124.44,197.3,124.43,187.1,124.42,175.9,124.62,63.5,124.63,629.9,124.64,91.5,124.65,136.3,124.66,290.3
1700000117.0,234,124.53,0.14000000000000057,124.46,160.0,124.6,314.0,1105.9,1501.6,124.6,94.3,BUY,2,124.46,160.0,124.45,26.3,124.44,72.9,124.43,256.8,124.42,589.9,124.6,314.0,124.61,227.1,124.62,651.9,124.63,193.1,124.64,115.5
1700000117.5,235,124.545,0.15000000000000568,124.47,247.3,124.62,89.2,583.4999999999999,1840.5,124.47,28.5,SELL,7,124.47,247.3,124.46,211.1,124.45,95.8,124.44,15.8,124.43,13.5,124.62,89.2,124.63,136.5,124.64,600.4,124.65,574.5,124.66,439.9
1700000118.0,236,124.55,0.1599999999999966,124.47,96.3,124.63,121.6,1220.1,1186.1,124.47,33.0,SELL,5,124.47,96.3,124.46,244.9,124.45,93.7,124.44,402.3,124.43,382.9,124.63,121.6,124.64,108.4,124.65,47.8,124.66,574.9,124.67,333.4
1700000118.5,237,124.545,0.15000000000000568,124.47,62.6,124.62,14.3,535.6999999999999,801.2,124.62,73.8,BUY,1,124.47,62.6,124.46,173.1,124.45,93.3,124.44,87.4,124.43,119.3,124.62,14.3,124.63,10.0,124.64,70.3,124.65,125.9,124.66,580.7
1700000119.0,238,124.56,0.1599999999999966,124.48,81.5,124.64,118.9,1670.8000000000002,1353.3,124.64,48.1,BUY,3,124.48,81.5,124.47,358.9,124.46,178.8,124.45,864.7,124.44,186.9,124.64,118.9,124.65,318.5,124.66,87.7,124.67,84.9,124.68,743.3
1700000119.5,239,126.685,0.15000000000000568,126.61,19.8,126.76,40.7,914.3000000000001,561.6,126.61,44.8,SELL,3,126.61,19.8,126.6,10.0,126.59,475.8,126.58,232.3,126.57,176.4,126.76,40.7,126.77,187.1,126.78,202.9,126.79,112.8,126.8,18.1
1700000120.0,240,126.67,0.1599999999999966,126.59,179.5,126.75,102.2,502.70000000000005,1068.3,126.75,32.1,BUY,1,126.59,179.5,126.58,38.6,126.57,76.2,126.56,106.4,126.55,102.0,126.75,102.2,126.76,90.8,126.77,241.5,126.78,43.8,126.79,590.0
1700000120.5,241,126.655,0.15000000000000568,126.58,118.7,126.73,71.1,968.5,1560.1,126.58,58.9,SELL,1,126.58,118.7,126.57,103.2,126.56,420.1,126.55,107.0,126.54,219.5,126.73,71.1,126.74,48.0,126.75,193.8,126.76,97.2,126.77,1150.0
1700000121.0,242,126.655,0.15000000000000568,126.58,78.0,126.73,28.9,925.0,1092.6,126.655,0.0,BUY,0,126.58,78.0,126.57,10.0,126.56,240.2,126.55,586.5,126.54,10.3,126.73,28.9,126.74,102.7,126.75,269.1,126.76,217.5,126.77,474.4
1700000121.5,243,126.64,0.1599999999999966,126.56,70.6,126.72,90.8,472.40000000000003,501.9,126.56,71.3,SELL,2,126.56,70.6,126.55,114.6,126.54,59.9,126.53,92.0,126.52,135.3,126.72,90.8,126.73,66.3,126.74,22.1,126.75,22.7,126.76,300.0
1700000122.0,244,126.65,0.1600000000000108,126.57,10.0,126.73,33.1,802.1,292.1,126.57,14.7,SELL,3,126.57,10.0,126.56,436.8,126.55,10.0,126.54,66.9,126.53,278.4,126.73,33.1,126.74,17.7,126.75,65.8,126.76,165.5,126.77,10.0
1700000122.5,245,126.655,0.15000000000000568,126.58,141.3,126.73,58.7,610.2,1003.7,126.73,90.1,BUY,3,126.58,141.3,126.57,10.0,126.56,99.8,126.55,223.5,126.54,135.6,126.73,58.7,126.74,189.2,126.75,235.5,126.76,33.0,126.77,487.3
1700000123.0,246,126.64,0.1599999999999966,126.56,40.9,126.72,52.3,1134.0,1678.9,126.56,31.3,SELL,2,126.56,40.9,126.55,125.8,126.54,385.5,126.53,104.0,126.52,477.8,126.72,52.3,126.73,62.6,126.74,384.0,126.75,296.3,126.76,883.7
1700000123.5,247,126.655,0.15000000000000568,126.58,199.8,126.73,24.3,904.8,746.0,126.58,12.8,SELL,1,126.58,199.8,126.57,137.9,126.56,222.3,126.55,204.3,126.54,140.5,126.73,24.3,126.74,228.3,126.75,400.4,126.76,83.0,126.77,10.0
1700000124.0,248,126.625,0.15000000000000568,126.55,49.5,126.7,10.0,882.7,1072.1000000000001,126.7,10.0,BUY,3,126.55,49.5,126.54,186.0,126.53,167.5,126.52,331.7,126.51,148.0,126.7,10.0,126.71,222.1,126.72,705.6,126.73,95.7,126.74,38.7
1700000124.5,249,126.64,0.1599999999999966,126.56,70.0,126.72,10.0,1791.4,627.9,126.64,0.0,BUY,0,126.56,70.0,126.55,535.0,126.54,10.0,126.53,384.1,126.52,792.3,126.72,10.0,126.73,50.7,126.74,340.5,126.75,100.3,126.76,126.4
1700000125.0,250,126.625,0.15000000000000568,126.55,129.9,126.7,106.9,690.4,984.9,126.55,28.6,SELL,1,126.55,129.9,126.54,119.3,126.53,111.7,126.52,162.6,126.51,166.9,126.7,106.9,126.71,226.0,126.72,10.0,126.73,542.7,126.74,99.3
1700000125.5,251,126.61,0.1599999999999966,126.53,10.0,126.69,135.5,1062.3,920.6,126.53,10.8,SELL,1,126.53,10.0,126.52,247.0,126.51,47.8,126.5,361.3,126.49,396.2,126.69,135.5,126.7,147.7,126.71,43.9,126.72,198.9,126.73,394.6
1700000126.0,252,126.6,0.1600000000000108,126.52,190.5,126.68,11.1,1000.1,2051.0,126.68,43.7,BUY,1,126.52,190.5,126.51,74.3,126.5,98.5,126.49,492.4,126.48,144.4,126.68,11.1,126.69,125.4,126.7,1526.2,126.71,277.1,126.72,111.2
1700000126.5,253,126.595,0.15000000000000568,126.52,43.9,126.67,236.8,823.3,2312.6000000000004,126.595,0.0,BUY,0,126.52,43.9,126.51,116.1,126.5,46.0,126.49,447.0,126.48,170.3,126.67,236.8,126.68,520.6,126.69,182.9,126.7,645.6,126.71,726.7
1700000127.0,254,126.6,0.1600000000000108,126.52,39.3,126.68,56.5,829.6,806.9,126.68,66.6,BUY,1,126.52,39.3,126.51,16.2,126.5,346.0,126.49,150.7,126.48,277.4,126.68,56.5,126.69,430.8,126.7,160.3,126.71,55.9,126.72,103.4
1700000127.5,255,126.595,0.15000000000000568,126.52,23.5,126.67,43.6,531.8,734.5999999999999,126.52,72.6,SELL,1,126.52,23.5,126.51,233.7,126.5,117.6,126.49,118.9,126.48,38.1,126.67,43.6,126.68,428.5,126.69,84.3,126.7,147.7,126.71,30.5
1700000128.0,256,126.61,0.1599999999999966,126.53,113.8,126.69,10.0,1003.3000000000001,804.1,126.53,15.3,SELL,1,126.53,113.8,126.52,318.3,126.51,122.0,126.5,21.2,126.49,428.0,126.69,10.0,126.7,345.8,126.71,132.7,126.72,242.5,126.73,73.1
1700000128.5,257,126.595,0.15000000000000568,126.52,102.8,126.67,10.0,1349.8000000000002,1716.8,126.67,106.6,BUY,1,126.52,102.8,126.51,73.3,126.5,133.3,126.49,222.8,126.48,817.6,126.67,10.0,126.68,553.8,126.69,563.0,126.7,309.2,126.71,280.8
1700000129.0,258,126.595,0.15000000000000568,126.52,413.9,126.67,107.8,1203.6,1098.7,126.595,0.0,BUY,0,126.52,413.9,126.51,213.7,126.5,293.4,126.49,226.3,126.48,56.3,126.67,107.8,126.68,12.0,126.69,283.9,126.7,144.9,126.71,550.1
1700000129.5,259,126.595,0.15000000000000568,126.52,285.7,126.67,18.6,814.9000000000001,1789.9,126.67,88.0,BUY,2,126.52,285.7,126.51,37.5,126.5,360.5,126.49,76.6,126.48,54.6,126.67,18.6,126.68,16.9,126.69,572.0,126.7,1038.7,126.71,143.7
1700000130.0,260,126.6,0.1600000000000108,126.52,237.7,126.68,346.1,1318.1,829.8,126.52,44.8,SELL,3,126.52,237.7,126.51,135.8,126.5,207.2,126.49,52.5,126.48,684.9,126.68,346.1,126.69,10.0,126.7,26.5,126.71,329.4,126.72,117.8
1700000130.5,261,126.595,0.15000000000000568,126.52,19.3,126.67,77.2,801.0,590.8000000000001,126.67,53.4,BUY,3,126.52,19.3,126.51,259.4,126.5,112.1,126.49,397.0,126.48,13.2,126.67,77.2,126.68,66.2,126.69,53.7,126.7,185.3,126.71,208.4
1700000131.0,262,126.58,0.1599999999999966,126.5,78.7,126.66,739.2,765.0999999999999,1612.6000000000004,126.66,112.4,BUY,3,126.5,78.7,126.49,135.6,126.48,46.7,126.47,23.2,126.46,480.9,126.66,739.2,126.67,364.1,126.68,415.9,126.69,59.0,126.7,34.4
1700000131.5,263,126.565,0.15000000000000568,126.49,356.2,126.64,448.7,1620.0,992.2,126.49,5.5,SELL,3,126.49,356.2,126.48,480.5,126.47,196.0,126.46,423.4,126.45,163.9,126.64,448.7,126.65,31.8,126.66,128.3,126.67,239.6,126.68,143.8
1700000132.0,264,126.57,0.1600000000000108,126.49,47.8,126.65,183.8,1291.5,1643.4,126.49,5.0,SELL,1,126.49,47.8,126.48,618.4,126.47,210.3,126.46,71.2,126.45,343.8,126.65,183.8,126.66,596.3,126.67,264.4,126.68,325.3,126.69,273.6
1700000132.5,265,126.545,0.15000000000000568,126.47,38.4,126.62,53.1,471.8,1219.0,126.47,50.8,SELL,2,126.47,38.4,126.46,96.9,126.45,189.7,126.44,87.5,126.43,59.3,126.62,53.1,126.63,174.8,126.64,836.4,126.65,144.7,126.66,10.0
1700000133.0,266,126.56,0.1599999999999966,126.48,50.7,126.64,276.4,500.70000000000005,614.4999999999999,126.48,5.0,SELL,1,126.48,50.7,126.47,331.6,126.46,10.0,126.45,91.8,126.44,16.6,126.64,276.4,126.65,14.4,126.66,139.1,126.67,89.8,126.68,94.8
1700000133.5,267,126.565,0.15000000000000568,126.49,76.0,126.64,340.6,822.1,1247.5,126.49,30.1,SELL,2,126.49,76.0,126.48,10.0,126.47,358.9,126.46,308.5,126.45,68.7,126.64,340.6,126.65,73.8,126.66,111.0,126.67,629.6,126.68,92.5
1700000134.0,268,126.58,0.1599999999999966,126.5,13.2,126.66,374.3,784.2,1138.0,126.58,0.0,BUY,0,126.5,13.2,126.49,17.0,126.48,534.9,126.47,156.4,126.46,62.7,126.66,374.3,126.67,214.4,126.68,12.1,126.69,393.1,126.7,144.1
1700000134.5,269,126.565,0.15000000000000568,126.49,77.0,126.64,18.0,1542.6000000000001,1236.8999999999999,126.565,0.0,BUY,0,126.49,77.0,126.48,21.2,126.47,18.5,126.46,153.0,126.45,1272.9,126.64,18.0,126.65,228.0,126.66,339.2,126.67,626.9,126.68,24.8
1700000135.0,270,126.565,0.15000000000000568,126.49,117.2,126.64,10.0,637.1,588.3000000000001,126.49,5.0,SELL,2,126.49,117.2,126.48,273.1,126.47,120.3,126.46,86.7,126.45,39.8,126.64,10.0,126.65,73.7,126.66,162.1,126.67,217.4,126.68,125.1
1700000135.5,271,126.56,0.1599999999999966,126.48,246.7,126.64,52.6,900.3999999999999,803.7,126.64,5.0,BUY,2,126.48,246.7,126.47,10.0,126.46,313.7,126.45,245.2,126.44,84.8,126.64,52.6,126.65,226.5,126.66,135.6,126.67,263.3,126.68,125.7
1700000136.0,272,126.56,0.1599999999999966,126.48,215.3,126.64,10.0,585.6,1988.6999999999998,126.48,78.4,SELL,2,126.48,215.3,126.47,14.1,126.46,18.0,126.45,170.2,126.44,168.0,126.64,10.0,126.65,169.7,126.66,1248.1,126.67,241.5,126.68,319.4
1700000136.5,273,136.65,0.13999999999998636,136.58,93.3,136.72,52.9,498.20000000000005,2595.5,136.58,46.0,SELL,2,136.58,93.3,136.57,166.8,136.56,177.6,136.55,32.3,136.54,28.2,136.72,52.9,136.73,1157.2,136.74,10.9,136.75,755.3,136.76,619.2
1700000137.0,274,136.65,0.13999999999998636,136.58,379.7,136.72,160.3,1363.6000000000001,906.5999999999999,136.58,29.7,SELL,2,136.58,379.7,136.57,140.5,136.56,169.6,136.55,400.0,136.54,273.8,136.72,160.3,136.73,261.9,136.74,390.7,136.75,60.3,136.76,33.4
1700000137.5,275,136.61,0.1599999999999966,136.53,10.0,136.69,68.1,127.29999999999998,881.1000000000001,136.69,49.4,BUY,2,136.53,10.0,136.52,12.9,136.51,72.3,136.5,22.1,136.49,10.0,136.69,68.1,136.7,325.4,136.71,76.6,136.72,60.2,136.73,350.8
1700000138.0,276,136.59,0.13999999999998636,136.52,312.1,136.66,647.2,759.1,1028.7,136.66,14.1,BUY,4,136.52,312.1,136.51,26.3,136.5,239.6,136.49,99.0,136.48,82.1,136.66,647.2,136.67,75.1,136.68,17.2,136.69,209.6,136.7,79.6
1700000138.5,277,136.57999999999998,0.1599999999999966,136.5,67.5,136.66,267.9,1697.1,1067.1999999999998,136.66,42.9,BUY,2,136.5,67.5,136.49,311.7,136.48,350.1,136.47,185.0,136.46,782.8,136.66,267.9,136.67,68.4,136.68,474.8,136.69,137.3,136.7,118.8
1700000139.0,278,136.6,0.13999999999998636,136.53,22.7,136.67,33.0,684.5,1442.6,136.53,28.7,SELL,1,136.53,22.7,136.52,53.2,136.51,45.5,136.5,444.5,136.49,118.6,136.67,33.0,136.68,400.2,136.69,376.9,136.7,206.3,136.71,426.2
1700000139.5,279,136.59,0.13999999999998636,136.52,150.6,136.66,317.7,862.3000000000001,1940.3,136.66,17.8,BUY,2,136.52,150.6,136.51,43.2,136.5,160.5,136.49,329.4,136.48,178.6,136.66,317.7,136.67,160.2,136.68,307.1,136.69,24.8,136.7,1130.5
1700000140.0,280,136.57,0.1599999999999966,136.49,67.0,136.65,90.8,1450.8000000000002,614.4,136.65,130.4,BUY,2,136.49,67.0,136.48,451.1,136.47,28.9,136.46,313.6,136.45,590.2,136.65,90.8,136.66,46.2,136.67,417.4,136.68,50.0,136.69,10.0
1700000140.5,281,136.55,0.14000000000001478,136.48,10.0,136.62,148.9,645.4000000000001,566.1,136.62,62.8,BUY,2,136.48,10.0,136.47,334.0,136.46,12.3,136.45,53.3,136.44,235.8,136.62,148.9,136.63,130.2,136.64,36.6,136.65,34.5,136.66,215.9
1700000141.0,282,136.55,0.14000000000001478,136.48,99.8,136.62,281.1,737.4,1485.7000000000003,136.62,41.5,BUY,3,136.48,99.8,136.47,14.0,136.46,169.1,136.45,234.0,136.44,220.5,136.62,281.1,136.63,84.2,136.64,302.1,136.65,106.1,136.66,712.2
1700000141.5,283,136.54000000000002,0.14000000000001478,136.47,100.7,136.61,13.8,298.70000000000005,1400.7,136.47,13.9,SELL,2,136.47,100.7,136.46,57.7,136.45,31.8,136.44,10.0,136.43,98.5,136.61,13.8,136.62,407.6,136.63,279.2,136.64,111.6,136.65,588.5
1700000142.0,284,136.55,0.14000000000001478,136.48,65.7,136.62,78.2,1117.9,1233.8,136.55,0.0,BUY,0,136.48,65.7,136.47,20.7,136.46,256.1,136.45,381.5,136.44,393.9,136.62,78.2,136.63,737.2,136.64,30.7,136.65,211.1,136.66,176.6
1700000142.5,285,136.55,0.14000000000001478,136.48,55.0,136.62,22.7,1780.9,1201.0,136.62,12.7,BUY,1,136.48,55.0,136.47,10.0,136.46,51.4,136.45,754.7,136.44,909.8,136.62,22.7,136.63,135.4,136.64,75.5,136.65,181.9,136.66,785.5
1700000143.0,286,136.51999999999998,0.14000000000001478,136.45,10.0,136.59,204.8,253.1,1715.6,136.59,34.9,BUY,2,136.45,10.0,136.44,10.0,136.43,64.0,136.42,107.0,136.41,62.1,136.59,204.8,136.6,42.2,136.61,782.8,136.62,589.2,136.63,96.6
1700000143.5,287,136.5,0.13999999999998636,136.43,10.0,136.57,392.5,566.6999999999999,641.1,136.43,38.3,SELL,1,136.43,10.0,136.42,40.3,136.41,206.4,136.4,106.6,136.39,203.4,136.57,392.5,136.58,10.0,136.59,115.7,136.6,22.3,136.61,100.6
1700000144.0,288,136.45,0.14000000000001478,136.38,49.0,136.52,268.4,1385.9,1111.1,136.52,5.0,BUY,1,136.38,49.0,136.37,297.8,136.36,595.9,136.35,57.2,136.34,386.0,136.52,268.4,136.53,289.0,136.54,28.8,136.55,491.3,136.56,33.6
1700000144.5,289,136.43,0.13999999999998636,136.36,297.1,136.5,51.9,1424.9,616.6,136.36,11.9,SELL,2,136.36,297.1,136.35,24.6,136.34,300.6,136.33,240.8,136.32,561.8,136.5,51.9,136.51,10.1,136.52,308.6,136.53,184.0,136.54,62.0
1700000145.0,290,136.41,0.13999999999998636,136.34,10.0,136.48,47.9,1195.6,1472.3999999999999,136.41,0.0,BUY,0,136.34,10.0,136.33,88.0,136.32,412.9,136.31,298.2,136.3,386.5,136.48,47.9,136.49,261.3,136.5,258.7,136.51,704.7,136.52,199.8
1700000145.5,291,136.385,0.15000000000000568,136.31,184.8,136.46,102.7,2252.1,905.8,136.385,0.0,BUY,0,136.31,184.8,136.3,396.7,136.29,625.1,136.28,624.2,136.27,421.3,136.46,102.7,136.47,275.9,136.48,10.0,136.49,164.7,136.5,352.5
1700000146.0,292,136.39999999999998,0.1599999999999966,136.32,163.8,136.48,252.5,721.5,1911.5,136.48,38.6,BUY,4,136.32,163.8,136.31,273.0,136.3,128.7,136.29,131.5,136.28,24.5,136.48,252.5,136.49,90.3,136.5,49.4,136.51,298.8,136.52,1220.5
1700000146.5,293,136.41,0.13999999999998636,136.34,53.0,136.48,10.0,1191.0,492.0,136.48,12.9,BUY,3,136.34,53.0,136.33,138.2,136.32,149.9,136.31,436.6,136.3,413.3,136.48,10.0,136.49,43.2,136.5,105.2,136.51,24.9,136.52,308.7
1700000147.0,294,136.39,0.1599999999999966,136.31,205.5,136.47,187.2,712.9,679.0999999999999,136.47,55.9,BUY,4,136.31,205.5,136.3,10.0,136.29,286.8,136.28,105.2,136.27,105.4,136.47,187.2,136.48,14.4,136.49,200.8,136.5,35.4,136.51,241.3
1700000147.5,295,136.39,0.14000000000001478,136.32,46.4,136.46,30.9,1476.6,737.3,136.39,0.0,BUY,0,136.32,46.4,136.31,176.3,136.3,222.7,136.29,357.0,136.28,674.2,136.46,30.9,136.47,128.5,136.48,214.8,136.49,117.9,136.5,245.2
1700000148.0,296,136.385,0.15000000000000568,136.31,47.3,136.46,91.2,964.1,798.5,136.385,0.0,BUY,0,136.31,47.3,136.3,90.3,136.29,318.8,136.28,253.8,136.27,253.9,136.46,91.2,136.47,61.9,136.48,221.4,136.49,83.9,136.5,340.1
1700000148.5,297,136.38,0.13999999999998636,136.31,18.9,136.45,11.1,339.20000000000005,1324.0,136.31,67.5,SELL,6,136.31,18.9,136.3,26.6,136.29,143.8,136.28,76.9,136.27,73.0,136.45,11.1,136.46,51.4,136.47,152.2,136.48,54.8,136.49,1054.5
1700000149.0,298,136.37,0.13999999999998636,136.3,176.3,136.44,98.4,471.7,1209.1000000000001,136.44,44.6,BUY,1,136.3,176.3,136.29,23.9,136.28,192.4,136.27,62.2,136.26,16.9,136.44,98.4,136.45,166.0,136.46,784.1,136.47,106.9,136.48,53.7
1700000149.5,299,130.0,0.13999999999998636,129.93,151.3,130.07,22.2,1143.5,539.5,130.07,7.4,BUY,2,129.93,151.3,129.92,140.2,129.91,12.0,129.9,168.7,129.89,671.3,130.07,22.2,130.08,28.8,130.09,11.3,130.1,83.9,130.11,393.3
1700000150.0,300,130.0,0.13999999999998636,129.93,17.0,130.07,34.6,902.9,1373.2,130.07,14.1,BUY,3,129.93,17.0,129.92,152.2,129.91,207.3,129.9,149.5,129.89,376.9,130.07,34.6,130.08,380.3,130.09,83.1,130.1,699.5,130.11,175.7
1700000150.5,301,130.01,0.1599999999999966,129.93,443.1,130.09,49.4,838.0,1201.0,129.93,7.8,SELL,2,129.93,443.1,129.92,13.3,129.91,35.2,129.9,143.9,129.89,202.5,130.09,49.4,130.1,230.5,130.11,251.1,130.12,362.7,130.13,307.3
1700000151.0,302,129.99,0.14000000000001478,129.92,189.9,130.06,101.7,1038.5,706.4,130.06,29.0,BUY,1,129.92,189.9,129.91,134.5,129.9,425.2,129.89,56.4,129.88,232.5,130.06,101.7,130.07,131.2,130.08,137.4,130.09,326.1,130.1,10.0
1700000151.5,303,130.01,0.14000000000001478,129.94,14.8,130.08,658.7,775.5,1661.1000000000001,129.94,11.2,SELL,1,129.94,14.8,129.93,189.3,129.92,338.2,129.91,37.5,129.9,195.7,130.08,658.7,130.09,110.9,130.1,337.6,130.11,510.5,130.12,43.4
1700000152.0,304,130.01,0.14000000000001478,129.94,71.0,130.08,283.8,2663.8,879.0,130.08,49.5,BUY,1,129.94,71.0,129.93,225.4,129.92,319.3,129.91,1051.7,129.9,996.4,130.08,283.8,130.09,294.4,130.1,42.5,130.11,34.9,130.12,223.4
1700000152.5,305,130.01,0.14000000000001478,129.94,10.0,130.08,64.9,305.5,1035.8,130.08,5.0,BUY,3,129.94,10.0,129.93,85.9,129.92,62.4,129.91,83.9,129.9,63.3,130.08,64.9,130.09,320.5,130.1,268.5,130.11,351.8,130.12,30.1
1700000153.0,306,130.0,0.13999999999998636,129.93,153.6,130.07,112.4,1042.9,471.2,129.93,19.2,SELL,1,129.93,153.6,129.92,304.8,129.91,167.7,129.9,81.2,129.89,335.6,130.07,112.4,130.08,19.3,130.09,50.3,130.1,68.1,130.11,221.1
1700000153.5,307,130.01,0.14000000000001478,129.94,300.1,130.08,299.3,1121.6,1086.3,130.08,18.4,BUY,1,129.94,300.1,129.93,39.4,129.92,57.6,129.91,713.4,129.9,11.1,130.08,299.3,130.09,454.2,130.1,90.8,130.11,159.9,130.12,82.1
1700000154.0,308,130.0,0.13999999999998636,129.93,127.9,130.07,201.4,799.8,708.9,130.07,39.5,BUY,1,129.93,127.9,129.92,36.7,129.91,92.9,129.9,362.5,129.89,179.8,130.07,201.4,130.08,172.1,130.09,241.3,130.1,28.1,130.11,66.0
1700000154.5,309,130.01999999999998,0.14000000000001478,129.95,331.2,130.09,31.8,1031.3,682.6999999999999,129.95,60.3,SELL,1,129.95,331.2,129.94,154.5,129.93,387.1,129.92,66.8,129.91,91.7,130.09,31.8,130.1,51.4,130.11,155.2,130.12,143.4,130.13,300.9
1700000155.0,310,130.01,0.14000000000001478,129.94,10.0,130.08,521.0,1080.9,1692.1999999999998,130.08,63.7,BUY,2,129.94,10.0,129.93,343.6,129.92,326.8,129.91,19.1,129.9,381.4,130.08,521.0,130.09,167.7,130.1,385.9,130.11,71.6,130.12,546.0
1700000155.5,311,130.01,0.14000000000001478,129.94,58.7,130.08,412.5,837.2,989.0999999999999,130.08,13.6,BUY,2,129.94,58.7,129.93,305.0,129.92,232.1,129.91,94.1,129.9,147.3,130.08,412.5,130.09,121.4,130.1,343.9,130.11,73.3,130.12,38.0
1700000156.0,312,130.0,0.160000000000025,129.92,14.5,130.08,211.8,872.8,946.0,130.08,8.7,BUY,1,129.92,14.5,129.91,265.5,129.9,294.4,129.89,20.4,129.88,278.0,130.08,211.8,130.09,159.5,130.1,68.0,130.11,417.9,130.12,88.8
1700000156.5,313,129.99,0.14000000000001478,129.92,111.7,130.06,78.7,1203.5,1237.6,129.92,20.2,SELL,1,129.92,111.7,129.91,10.0,129.9,207.8,129.89,173.2,129.88,700.8,130.06,78.7,130.07,440.1,130.08,335.9,130.09,157.8,130.1,225.1
1700000157.0,314,129.97,0.13999999999998636,129.9,251.2,130.04,30.0,827.2,1235.2,130.04,17.0,BUY,3,129.9,251.2,129.89,152.2,129.88,26.0,129.87,350.8,129.86,47.0,130.04,30.0,130.05,279.2,130.06,14.5,130.07,381.5,130.08,530.0
1700000157.5,315,129.95999999999998,0.14000000000001478,129.89,10.0,130.03,359.8,1177.5,841.9000000000001,129.89,32.1,SELL,1,129.89,10.0,129.88,170.0,129.87,293.8,129.86,462.6,129.85,241.1,130.03,359.8,130.04,99.0,130.05,72.3,130.06,10.0,130.07,300.8
1700000158.0,316,129.95,0.14000000000001478,129.88,94.7,130.02,94.4,1116.3,1165.9,130.02,51.1,BUY,1,129.88,94.7,129.87,35.8,129.86,19.4,129.85,21.9,129.84,944.5,130.02,94.4,130.03,300.0,130.04,130.9,130.05,494.7,130.06,145.9
1700000158.5,317,129.94,0.13999999999998636,129.87,32.4,130.01,584.8,755.8,971.8,130.01,5.0,BUY,1,129.87,32.4,129.86,262.7,129.85,227.9,129.84,154.9,129.83,77.9,130.01,584.8,130.02,194.0,130.03,101.0,130.04,35.8,130.05,56.2
1700000159.0,318,134.38,0.13999999999998636,134.31,77.0,134.45,18.9,1020.4,522.5,134.45,155.1,BUY,1,134.31,77.0,134.3,15.0,134.29,120.1,134.28,219.7,134.27,588.6,134.45,18.9,134.46,313.2,134.47,91.4,134.48,22.5,134.49,76.5
1700000159.5,319,134.38,0.13999999999998636,134.31,113.3,134.45,113.5,967.1,511.6,134.45,9.4,BUY,2,134.31,113.3,134.3,296.7,134.29,21.6,134.28,10.5,134.27,525.0,134.45,113.5,134.46,49.0,134.47,27.9,134.48,246.1,134.49,75.1
1700000160.0,320,152.68,0.1599999999999966,152.6,72.3,152.76,94.4,1009.7,897.3999999999999,152.76,29.4,BUY,2,152.6,72.3,152.59,35.0,152.58,179.3,152.57,194.5,152.56,528.6,152.76,94.4,152.77,273.4,152.78,15.3,152.79,383.5,152.8,130.8
1700000160.5,321,152.69,0.1599999999999966,152.61,171.6,152.77,97.1,631.5999999999999,768.5000000000001,152.77,5.0,BUY,3,152.61,171.6,152.6,261.2,152.59,10.3,152.58,167.2,152.57,21.3,152.77,97.1,152.78,168.0,152.79,40.1,152.8,298.2,152.81,165.1
1700000161.0,322,152.67000000000002,0.14000000000001478,152.6,106.1,152.74,98.5,2581.8,668.4,152.74,41.2,BUY,4,152.6,106.1,152.59,30.7,152.58,1080.9,152.57,174.9,152.56,1189.2,152.74,98.5,152.75,40.3,152.76,234.9,152.77,232.3,152.78,62.4
1700000161.5,323,152.66500000000002,0.15000000000000568,152.59,108.0,152.74,166.7,1079.9,717.8,152.74,5.8,BUY,2,152.59,108.0,152.58,41.0,152.57,784.6,152.56,16.3,152.55,130.0,152.74,166.7,152.75,161.6,152.76,119.7,152.77,192.3,152.78,77.5
1700000162.0,324,152.66500000000002,0.15000000000000568,152.59,156.2,152.74,169.1,889.3,1406.1999999999998,152.66500000000002,0.0,BUY,0,152.59,156.2,152.58,331.1,152.57,39.6,152.56,352.4,152.55,10.0,152.74,169.1,152.75,217.1,152.76,171.1,152.77,382.5,152.78,466.4
1700000162.5,325,152.635,0.15000000000000568,152.56,323.7,152.71,116.1,896.4000000000001,958.1,152.56,12.8,SELL,1,152.56,323.7,152.55,93.9,152.54,127.1,152.53,74.0,152.52,277.7,152.71,116.1,152.72,42.8,152.73,25.7,152.74,25.9,152.75,747.6
1700000163.0,326,152.635,0.15000000000000568,152.56,205.2,152.71,78.1,741.9,970.6,152.635,0.0,BUY,0,152.56,205.2,152.55,75.1,152.54,10.0,152.53,116.1,152.52,335.5,152.71,78.1,152.72,158.8,152.73,157.9,152.74,307.8,152.75,268.0
1700000163.5,327,152.66500000000002,0.15000000000000568,152.59,40.7,152.74,65.8,1137.9,932.4000000000001,152.74,10.3,BUY,2,152.59,40.7,152.58,40.7,152.57,165.0,152.56,70.6,152.55,820.9,152.74,65.8,152.75,194.0,152.76,345.6,152.77,130.1,152.78,196.9
1700000164.0,328,152.65,0.13999999999998636,152.58,248.1,152.72,235.1,990.3999999999999,1076.5,152.58,5.0,SELL,1,152.58,248.1,152.57,227.1,152.56,381.4,152.55,76.0,152.54,57.8,152.72,235.1,152.73,151.2,152.74,144.0,152.75,178.7,152.76,367.5
1700000164.5,329,152.66000000000003,0.1599999999999966,152.58,101.3,152.74,10.0,898.5,539.4,152.58,68.5,SELL,1,152.58,101.3,152.57,276.2,152.56,147.0,152.55,19.5,152.54,354.5,152.74,10.0,152.75,146.3,152.76,63.7,152.77,275.5,152.78,43.9
1700000165.0,330,152.66000000000003,0.1599999999999966,152.58,10.0,152.74,32.7,704.5999999999999,790.9999999999999,152.58,24.8,SELL,2,152.58,10.0,152.57,406.4,152.56,29.2,152.55,47.5,152.54,211.5,152.74,32.7,152.75,505.2,152.76,226.7,152.77,10.0,152.78,16.4
1700000165.5,331,152.66500000000002,0.15000000000000568,152.59,10.0,152.74,224.3,1175.7,802.6000000000001,152.59,125.8,SELL,3,152.59,10.0,152.58,52.2,152.57,179.1,152.56,431.8,152.55,502.6,152.74,224.3,152.75,104.1,152.76,430.3,152.77,25.2,152.78,18.7
1700000166.0,332,174.98000000000002,0.14000000000001478,174.91,35.0,175.05,235.1,936.9000000000001,1558.6999999999998,175.05,113.6,BUY,1,174.91,35.0,174.9,24.9,174.89,226.6,174.88,384.2,174.87,266.2,175.05,235.1,175.06,10.0,175.07,647.8,175.08,54.9,175.09,610.9
1700000166.5,333,174.97,0.13999999999998636,174.9,429.2,175.04,144.9,1408.0,565.4,174.9,9.3,SELL,2,174.9,429.2,174.89,179.9,174.88,648.8,174.87,10.0,174.86,140.1,175.04,144.9,175.05,25.4,175.06,116.8,175.07,247.0,175.08,31.3
1700000167.0,334,174.95,0.14000000000001478,174.88,73.4,175.02,158.4,1754.2,668.8,174.88,94.4,SELL,1,174.88,73.4,174.87,508.6,174.86,813.1,174.85,244.7,174.84,114.4,175.02,158.4,175.03,193.0,175.04,59.3,175.05,242.8,175.06,15.3
1700000167.5,335,174.95,0.14000000000001478,174.88,205.3,175.02,108.1,785.3,855.9,174.88,28.8,SELL,1,174.88,205.3,174.87,278.7,174.86,121.3,174.85,150.3,174.84,29.7,175.02,108.1,175.03,75.0,175.04,80.6,175.05,573.3,175.06,18.9
1700000168.0,336,174.95,0.14000000000001478,174.88,17.2,175.02,235.4,1046.6,569.4,174.95,0.0,BUY,0,174.88,17.2,174.87,15.4,174.86,387.4,174.85,83.3,174.84,543.3,175.02,235.4,175.03,25.8,175.04,10.0,175.05,287.6,175.06,10.6
1700000168.5,337,174.95,0.14000000000001478,174.88,86.6,175.02,174.5,1395.1,982.0,175.02,17.5,BUY,5,174.88,86.6,174.87,324.9,174.86,134.6,174.85,406.4,174.84,442.6,175.02,174.5,175.03,215.4,175.04,96.4,175.05,373.6,175.06,122.1
1700000169.0,338,174.94,0.1599999999999966,174.86,10.0,175.02,17.6,373.1,503.4,174.86,13.9,SELL,1,174.86,10.0,174.85,37.5,174.84,37.5,174.83,164.3,174.82,123.8,175.02,17.6,175.03,17.3,175.04,76.8,175.05,10.0,175.06,381.7
1700000169.5,339,174.93,0.13999999999998636,174.86,79.2,175.0,49.2,1069.9,362.2,174.93,0.0,BUY,0,174.86,79.2,174.85,365.6,174.84,16.1,174.83,309.9,174.82,299.1,175.0,49.2,175.01,22.8,175.02,10.0,175.03,25.0,175.04,255.2
1700000170.0,340,174.93,0.13999999999998636,174.86,18.5,175.0,44.8,1086.9,1107.0,174.86,40.2,SELL,1,174.86,18.5,174.85,122.8,174.84,66.6,174.83,498.1,174.82,380.9,175.0,44.8,175.01,138.1,175.02,413.5,175.03,497.0,175.04,13.6
1700000170.5,341,174.91500000000002,0.15000000000000568,174.84,34.5,174.99,646.6,788.4,1816.7,174.84,85.2,SELL,4,174.84,34.5,174.83,10.0,174.82,188.1,174.81,223.6,174.8,332.2,174.99,646.6,175.0,159.2,175.01,162.0,175.02,287.6,175.03,561.3
1700000171.0,342,174.91500000000002,0.15000000000000568,174.84,145.5,174.99,226.0,2273.5,1370.8999999999999,174.99,55.8,BUY,1,174.84,145.5,174.83,54.0,174.82,634.9,174.81,801.9,174.8,637.2,174.99,226.0,175.0,152.3,175.01,630.8,175.02,254.8,175.03,107.0
1700000171.5,343,174.91500000000002,0.15000000000000568,174.84,25.0,174.99,313.8,825.8000000000001,2117.8,174.84,38.4,SELL,2,174.84,25.0,174.83,180.3,174.82,10.0,174.81,54.3,174.8,556.2,174.99,313.8,175.0,225.3,175.01,136.1,175.02,138.3,175.03,1304.3
1700000172.0,344,174.95,0.14000000000001478,174.88,249.8,175.02,26.8,801.7,1098.2,175.02,5.0,BUY,3,174.88,249.8,174.87,40.8,174.86,265.8,174.85,112.0,174.84,133.3,175.02,26.8,175.03,872.7,175.04,10.0,175.05,76.1,175.06,112.6
1700000172.5,345,174.95,0.14000000000001478,174.88,108.4,175.02,468.5,1293.5,2679.6000000000004,175.02,12.8,BUY,1,174.88,108.4,174.87,184.5,174.86,158.6,174.85,141.6,174.84,700.4,175.02,468.5,175.03,545.1,175.04,93.4,175.05,67.2,175.06,1505.4
1700000173.0,346,174.95,0.14000000000001478,174.88,10.0,175.02,55.9,262.9,537.4,174.88,15.3,SELL,1,174.88,10.0,174.87,16.3,174.86,10.0,174.85,148.7,174.84,77.9,175.02,55.9,175.03,47.0,175.04,170.7,175.05,160.7,175.06,103.1
1700000173.5,347,174.95999999999998,0.14000000000001478,174.89,63.8,175.03,43.3,936.3000000000001,1113.4,175.03,16.9,BUY,4,174.89,63.8,174.88,33.2,174.87,36.7,174.86,658.0,174.85,144.6,175.03,43.3,175.04,241.0,175.05,237.3,175.06,29.3,175.07,562.5
1700000174.0,348,174.95,0.1599999999999966,174.87,14.9,175.03,227.0,928.5999999999999,1987.0,174.87,5.0,SELL,1,174.87,14.9,174.86,538.3,174.85,68.5,174.84,276.7,174.83,30.2,175.03,227.0,175.04,392.2,175.05,10.0,175.06,391.5,175.07,966.3
1700000174.5,349,174.95999999999998,0.14000000000001478,174.89,193.9,175.03,217.4,684.1999999999999,719.6,175.03,116.8,BUY,2,174.89,193.9,174.88,197.5,174.87,145.4,174.86,132.6,174.85,14.8,175.03,217.4,175.04,99.7,175.05,234.6,175.06,10.0,175.07,157.9
1700000175.0,350,174.97,0.13999999999998636,174.9,141.5,175.04,222.0,656.9000000000001,2255.9,174.9,10.3,SELL,3,174.9,141.5,174.89,165.5,174.88,83.9,174.87,145.8,174.86,120.2,175.04,222.0,175.05,784.9,175.06,60.1,175.07,245.4,175.08,943.5
1700000175.5,351,174.95,0.14000000000001478,174.88,537.0,175.02,44.6,933.6,766.4000000000001,174.88,25.5,SELL,3,174.88,537.0,174.87,84.2,174.86,22.0,174.85,181.3,174.84,109.1,175.02,44.6,175.03,63.1,175.04,103.8,175.05,186.6,175.06,368.3
1700000176.0,352,174.97,0.13999999999998636,174.9,10.6,175.04,195.5,1233.0,577.8,174.97,0.0,BUY,0,174.9,10.6,174.89,133.8,174.88,70.0,174.87,966.9,174.86,51.7,175.04,195.5,175.05,29.3,175.06,22.1,175.07,144.4,175.08,186.5
1700000176.5,353,174.95999999999998,0.14000000000001478,174.89,82.6,175.03,23.6,919.2,888.1999999999999,174.89,22.9,SELL,2,174.89,82.6,174.88,150.1,174.87,16.7,174.86,311.5,174.85,358.3,175.03,23.6,175.04,164.8,175.05,199.0,175.06,461.0,175.07,39.8
1700000177.0,354,174.95,0.14000000000001478,174.88,139.9,175.02,26.1,547.3000000000001,857.1,175.02,13.4,BUY,1,174.88,139.9,174.87,10.8,174.86,115.4,174.85,48.1,174.84,233.1,175.02,26.1,175.03,10.0,175.04,369.6,175.05,423.1,175.06,28.3
1700000177.5,355,174.95,0.1599999999999966,174.87,181.9,175.03,361.7,688.0000000000001,905.7,174.87,32.0,SELL,1,174.87,181.9,174.86,89.9,174.85,112.9,174.84,190.7,174.83,112.6,175.03,361.7,175.04,14.1,175.05,88.6,175.06,229.0,175.07,212.3
1700000178.0,356,174.97,0.13999999999998636,174.9,247.7,175.04,131.9,665.4,1193.2,175.04,35.3,BUY,1,174.9,247.7,174.89,134.3,174.88,23.4,174.87,65.9,174.86,194.1,175.04,131.9,175.05,124.8,175.06,102.7,175.07,64.8,175.08,769.0
1700000178.5,357,174.97,0.13999999999998636,174.9,70.1,175.04,55.0,1961.3,1251.0,175.04,31.6,BUY,3,174.9,70.1,174.89,540.2,174.88,708.4,174.87,36.1,174.86,606.5,175.04,55.0,175.05,66.5,175.06,206.7,175.07,251.7,175.08,671.1
1700000179.0,358,174.98000000000002,0.1599999999999966,174.9,17.6,175.06,210.3,299.9,768.0,174.9,97.7,SELL,4,174.9,17.6,174.89,13.5,174.88,12.9,174.87,245.9,174.86,10.0,175.06,210.3,175.07,81.0,175.08,196.1,175.09,96.9,175.1,183.7
1700000179.5,359,174.97,0.13999999999998636,174.9,10.0,175.04,37.7,460.0,638.4,175.04,49.1,BUY,1,174.9,10.0,174.89,21.9,174.88,90.3,174.87,228.3,174.86,109.5,175.04,37.7,175.05,131.0,175.06,214.8,175.07,116.3,175.08,138.6
1700000180.0,360,174.93,0.13999999999998636,174.86,180.1,175.0,78.4,1425.5,1235.5,175.0,11.3,BUY,1,174.86,180.1,174.85,67.8,174.84,253.8,174.83,524.5,174.82,399.3,175.0,78.4,175.01,85.8,175.02,268.8,175.03,10.0,175.04,792.5
1700000180.5,361,174.92000000000002,0.14000000000001478,174.85,10.0,174.99,122.8,438.0,794.3,174.99,5.4,BUY,5,174.85,10.0,174.84,56.7,174.83,43.9,174.82,16.8,174.81,310.6,174.99,122.8,175.0,11.1,175.01,48.0,175.02,417.4,175.03,195.0
1700000181.0,362,174.91,0.13999999999998636,174.84,127.9,174.98,41.1,1284.6,587.0,174.84,72.5,SELL,3,174.84,127.9,174.83,402.1,174.82,534.0,174.81,133.6,174.8,87.0,174.98,41.1,174.99,125.9,175.0,30.8,175.01,173.0,175.02,216.2
1700000181.5,363,174.865,0.15000000000000568,174.79,89.5,174.94,528.4,1099.9,1714.6999999999998,174.94,55.2,BUY,2,174.79,89.5,174.78,39.0,174.77,37.0,174.76,151.6,174.75,782.8,174.94,528.4,174.95,38.8,174.96,219.4,174.97,263.8,174.98,664.3
1700000182.0,364,174.87,0.1599999999999966,174.79,37.4,174.95,18.2,608.0,812.5999999999999,174.95,37.2,BUY,1,174.79,37.4,174.78,77.4,174.77,122.0,174.76,139.6,174.75,231.6,174.95,18.2,174.96,432.3,174.97,163.8,174.98,10.0,174.99,188.3
1700000182.5,365,174.88,0.1599999999999966,174.8,78.3,174.96,47.0,1035.1,1109.6,174.8,75.4,SELL,1,174.8,78.3,174.79,19.3,174.78,247.1,174.77,661.6,174.76,28.8,174.96,47.0,174.97,441.2,174.98,48.8,174.99,245.6,175.0,327.0
1700000183.0,366,174.87,0.1599999999999966,174.79,34.0,174.95,93.5,362.1,989.1,174.95,5.0,BUY,1,174.79,34.0,174.78,42.8,174.77,10.0,174.76,64.3,174.75,211.0,174.95,93.5,174.96,69.7,174.97,136.8,174.98,286.6,174.99,402.5
1700000183.5,367,174.88,0.13999999999998636,174.81,260.4,174.95,434.3,1161.1,1578.3000000000002,174.95,42.9,BUY,3,174.81,260.4,174.8,371.1,174.79,84.9,174.78,376.4,174.77,68.3,174.95,434.3,174.96,413.1,174.97,21.3,174.98,10.0,174.99,699.6
1700000184.0,368,174.84,0.13999999999998636,174.77,70.0,174.91,68.6,486.7,408.4,174.91,38.4,BUY,3,174.77,70.0,174.76,53.3,174.75,26.6,174.74,66.1,174.73,270.7,174.91,68.6,174.92,48.1,174.93,263.2,174.94,11.9,174.95,16.6
1700000184.5,369,174.83999999999997,0.1599999999999966,174.76,102.7,174.92,146.9,695.5,664.9000000000001,174.92,37.0,BUY,2,174.76,102.7,174.75,55.5,174.74,35.2,174.73,113.8,174.72,388.3,174.92,146.9,174.93,10.0,174.94,206.2,174.95,16.1,174.96,285.7
1700000185.0,370,174.82,0.13999999999998636,174.75,199.8,174.89,309.3,892.6,1680.9,174.82,0.0,BUY,0,174.75,199.8,174.74,87.6,174.73,222.6,174.72,262.9,174.71,119.7,174.89,309.3,174.9,153.7,174.91,221.0,174.92,161.1,174.93,835.8
1700000185.5,371,174.85,0.13999999999998636,174.78,23.0,174.92,49.3,965.8,638.7,174.92,110.2,BUY,2,174.78,23.0,174.77,10.0,174.76,65.1,174.75,505.0,174.74,362.7,174.92,49.3,174.93,148.0,174.94,106.9,174.95,151.7,174.96,182.8
1700000186.0,372,174.83499999999998,0.15000000000000568,174.76,64.6,174.91,107.1,737.7,1441.2,174.91,11.2,BUY,2,174.76,64.6,174.75,426.4,174.74,10.0,174.73,98.6,174.72,138.1,174.91,107.1,174.92,165.3,174.93,24.0,174.94,240.8,174.95,904.0
1700000186.5,373,174.82999999999998,0.1599999999999966,174.75,209.3,174.91,49.5,614.5,1555.3,174.75,59.4,SELL,1,174.75,209.3,174.74,54.7,174.73,142.2,174.72,10.0,174.71,198.3,174.91,49.5,174.92,259.5,174.93,76.2,174.94,818.4,174.95,351.7
1700000187.0,374,174.84,0.13999999999998636,174.77,28.0,174.91,521.7,1055.5,1541.6000000000001,174.77,11.3,SELL,2,174.77,28.0,174.76,28.9,174.75,435.6,174.74,288.6,174.73,274.4,174.91,521.7,174.92,240.4,174.93,461.8,174.94,10.0,174.95,307.7
1700000187.5,375,174.865,0.15000000000000568,174.79,485.8,174.94,11.0,1311.8,666.8,174.94,35.6,BUY,1,174.79,485.8,174.78,122.8,174.77,96.3,174.76,273.7,174.75,333.2,174.94,11.0,174.95,21.3,174.96,234.5,174.97,23.4,174.98,376.6
1700000188.0,376,174.88,0.13999999999998636,174.81,28.7,174.95,71.7,1471.9,1112.2,174.95,14.0,BUY,2,174.81,28.7,174.8,443.2,174.79,299.9,174.78,106.2,174.77,593.9,174.95,71.7,174.96,116.5,174.97,663.0,174.98,122.1,174.99,138.9
1700000188.5,377,174.88,0.13999999999998636,174.81,62.3,174.95,516.5,693.0,1658.0,174.95,5.0,BUY,2,174.81,62.3,174.8,37.8,174.79,13.7,174.78,346.5,174.77,232.7,174.95,516.5,174.96,25.5,174.97,791.7,174.98,224.0,174.99,100.3
1700000189.0,378,184.16500000000002,0.15000000000000568,184.09,66.1,184.24,44.5,528.2,337.59999999999997,184.09,5.0,SELL,2,184.09,66.1,184.08,51.1,184.07,211.3,184.06,16.9,184.05,182.8,184.24,44.5,184.25,146.4,184.26,10.0,184.27,106.8,184.28,29.9
1700000189.5,379,184.135,0.15000000000000568,184.06,81.1,184.21,32.0,819.3,336.0,184.21,32.4,BUY,1,184.06,81.1,184.05,111.8,184.04,197.9,184.03,193.3,184.02,235.2,184.21,32.0,184.22,124.8,184.23,134.1,184.24,10.0,184.25,35.1
1700000190.0,380,184.14,0.1599999999999966,184.06,54.4,184.22,10.0,1079.3,694.3,184.14,0.0,BUY,0,184.06,54.4,184.05,31.1,184.04,396.0,184.03,347.6,184.02,250.2,184.22,10.0,184.23,184.1,184.24,242.4,184.25,77.5,184.26,180.3
1700000190.5,381,184.09,0.13999999999998636,184.02,50.4,184.16,66.1,517.3,711.2,184.02,61.9,SELL,5,184.02,50.4,184.01,118.2,184.0,25.8,183.99,25.5,183.98,297.4,184.16,66.1,184.17,63.6,184.18,34.0,184.19,75.2,184.2,472.3
1700000191.0,382,184.08999999999997,0.1599999999999966,184.01,18.7,184.17,159.9,325.4,677.3,184.08999999999997,0.0,BUY,0,184.01,18.7,184.0,72.8,183.99,18.9,183.98,89.1,183.97,125.9,184.17,159.9,184.18,349.1,184.19,31.3,184.2,65.0,184.21,72.0
1700000191.5,383,184.08499999999998,0.15000000000000568,184.01,137.3,184.16,83.2,1728.1,423.69999999999993,184.16,95.2,BUY,1,184.01,137.3,184.0,103.8,183.99,331.8,183.98,668.1,183.97,487.1,184.16,83.2,184.17,137.7,184.18,10.0,184.19,163.9,184.2,28.9
1700000192.0,384,184.11,0.14000000000001478,184.04,10.0,184.18,73.0,1142.3,146.6,184.18,6.9,BUY,1,184.04,10.0,184.03,371.4,184.02,143.8,184.01,74.8,184.0,542.3,184.18,73.0,184.19,23.7,184.2,10.0,184.21,10.0,184.22,29.9
1700000192.5,385,200.97,0.160000000000025,200.89,14.6,201.05,116.8,537.9,1049.4,201.05,71.3,BUY,1,200.89,14.6,200.88,200.4,200.87,203.6,200.86,91.9,200.85,27.4,201.05,116.8,201.06,48.1,201.07,119.1,201.08,340.1,201.09,425.3
1700000193.0,386,205.99,0.1599999999999966,205.91,42.4,206.07,264.3,1291.8,1485.3000000000002,206.07,5.1,BUY,4,205.91,42.4,205.9,215.9,205.89,522.4,205.88,338.8,205.87,172.3,206.07,264.3,206.08,323.1,206.09,45.3,206.1,377.1,206.11,475.5
1700000193.5,387,205.97,0.13999999999998636,205.9,199.0,206.04,79.4,454.7,1269.6,206.04,37.0,BUY,5,205.9,199.0,205.89,28.3,205.88,181.1,205.87,11.7,205.86,34.6,206.04,79.4,206.05,356.9,206.06,24.1,206.07,314.8,206.08,494.4
1700000194.0,388,205.93,0.13999999999998636,205.86,179.1,206.0,98.1,680.0,843.7,205.86,6.3,SELL,2,205.86,179.1,205.85,144.6,205.84,61.4,205.83,107.0,205.82,187.9,206.0,98.1,206.01,192.6,206.02,10.0,206.03,57.3,206.04,485.7
1700000194.5,389,205.95999999999998,0.14000000000001478,205.89,79.6,206.03,124.6,1324.1,1125.8,205.89,7.1,SELL,1,205.89,79.6,205.88,86.1,205.87,352.6,205.86,10.0,205.85,795.8,206.03,124.6,206.04,34.2,206.05,181.7,206.06,492.9,206.07,292.4
1700000195.0,390,205.98000000000002,0.14000000000001478,205.91,10.0,206.05,18.5,1276.0,1015.9000000000001,205.91,68.7,SELL,2,205.91,10.0,205.9,136.6,205.89,105.1,205.88,220.8,205.87,803.5,206.05,18.5,206.06,313.5,206.07,351.6,206.08,129.6,206.09,202.7
1700000195.5,391,205.95,0.14000000000001478,205.88,262.3,206.02,61.9,1519.2,1815.3999999999999,205.88,22.2,SELL,2,205.88,262.3,205.87,83.4,205.86,162.6,205.85,16.1,205.84,994.8,206.02,61.9,206.03,554.0,206.04,783.2,206.05,43.5,206.06,372.8
1700000196.0,392,205.93,0.13999999999998636,205.86,41.4,206.0,10.0,941.5999999999999,1602.0,206.0,5.0,BUY,4,205.86,41.4,205.85,456.6,205.84,104.4,205.83,170.4,205.82,168.8,206.0,10.0,206.01,260.3,206.02,48.7,206.03,653.0,206.04,630.0
1700000196.5,393,205.91,0.13999999999998636,205.84,10.0,205.98,25.9,385.00000000000006,287.8,205.91,0.0,BUY,0,205.84,10.0,205.83,201.1,205.82,56.2,205.81,85.4,205.8,32.3,205.98,25.9,205.99,140.4,206.0,41.8,206.01,63.3,206.02,16.4
1700000197.0,394,205.9,0.13999999999998636,205.83,46.0,205.97,34.8,2062.2,1050.3000000000002,205.83,7.7,SELL,2,205.83,46.0,205.82,89.6,205.81,1176.7,205.8,340.0,205.79,409.9,205.97,34.8,205.98,174.7,205.99,533.7,206.0,86.7,206.01,220.4
1700000197.5,395,205.91,0.13999999999998636,205.84,354.1,205.98,104.1,1034.3,513.2,205.84,62.0,SELL,4,205.84,354.1,205.83,186.2,205.82,236.2,205.81,138.0,205.8,119.8,205.98,104.1,205.99,13.6,206.0,86.6,206.01,22.8,206.02,286.1
1700000198.0,396,205.9,0.13999999999998636,205.83,194.8,205.97,95.8,533.1999999999999,1135.3,205.9,0.0,BUY,0,205.83,194.8,205.82,236.6,205.81,10.0,205.8,21.5,205.79,70.3,205.97,95.8,205.98,125.2,205.99,535.1,206.0,17.5,206.01,361.7
1700000198.5,397,205.885,0.15000000000000568,205.81,235.1,205.96,23.6,608.2,339.90000000000003,205.81,39.5,SELL,2,205.81,235.1,205.8,39.5,205.79,19.1,205.78,214.1,205.77,100.4,205.96,23.6,205.97,41.7,205.98,35.8,205.99,228.8,206.0,10.0
1700000199.0,398,205.85,0.13999999999998636,205.78,33.3,205.92,115.6,1337.3,591.4,205.85,0.0,BUY,0,205.78,33.3,205.77,313.8,205.76,220.9,205.75,230.0,205.74,539.3,205.92,115.6,205.93,108.2,205.94,39.9,205.95,101.6,205.96,226.1
1700000199.5,399,205.82999999999998,0.14000000000001478,205.76,216.0,205.9,466.9,668.6000000000001,1118.2,205.9,60.7,BUY,1,205.76,216.0,205.75,96.1,205.74,253.3,205.73,91.2,205.72,12.0,205.9,466.9,205.91,20.8,205.92,241.3,205.93,92.6,205.94,296.6
1700000200.0,400,205.85,0.13999999999998636,205.78,31.1,205.92,260.0,708.3,934.9000000000001,205.92,35.2,BUY,1,205.78,31.1,205.77,159.8,205.76,156.2,205.75,351.2,205.74,10.0,205.92,260.0,205.93,358.1,205.94,129.8,205.95,37.6,205.96,149.4
1700000200.5,401,205.84,0.13999999999998636,205.77,10.7,205.91,559.1,596.1999999999999,1025.1,205.91,11.9,BUY,1,205.77,10.7,205.76,18.0,205.75,120.4,205.74,183.7,205.73,263.4,205.91,559.1,205.92,172.2,205.93,42.5,205.94,207.9,205.95,43.4
1700000201.0,402,205.83499999999998,0.15000000000000568,205.76,10.0,205.91,10.0,739.6,771.7,205.76,26.9,SELL,2,205.76,10.0,205.75,94.2,205.74,533.5,205.73,91.9,205.72,10.0,205.91,10.0,205.92,38.7,205.93,43.0,205.94,167.4,205.95,512.6
1700000201.5,403,205.82,0.13999999999998636,205.75,10.0,205.89,155.5,569.6,2688.1,205.82,0.0,BUY,0,205.75,10.0,205.74,235.9,205.73,10.0,205.72,61.9,205.71,251.8,205.89,155.5,205.9,98.4,205.91,819.3,205.92,1183.3,205.93,431.6
1700000202.0,404,205.83499999999998,0.15000000000000568,205.76,131.8,205.91,10.0,286.5,862.1000000000001,205.76,87.5,SELL,4,205.76,131.8,205.75,10.0,205.74,81.3,205.73,10.0,205.72,53.4,205.91,10.0,205.92,98.7,205.93,558.2,205.94,27.6,205.95,167.6
1700000202.5,405,205.82,0.1599999999999966,205.74,52.1,205.9,15.8,420.7,574.5,205.9,21.4,BUY,1,205.74,52.1,205.73,50.4,205.72,49.5,205.71,219.8,205.7,48.9,205.9,15.8,205.91,114.2,205.92,227.7,205.93,60.5,205.94,156.3
1700000203.0,406,205.85,0.13999999999998636,205.78,53.4,205.92,38.6,1077.6,721.5999999999999,205.92,122.1,BUY,1,205.78,53.4,205.77,112.6,205.76,355.4,205.75,24.3,205.74,531.9,205.92,38.6,205.93,68.1,205.94,190.1,205.95,103.6,205.96,321.2
1700000203.5,407,205.82,0.13999999999998636,205.75,240.5,205.89,146.1,809.3000000000001,810.5,205.82,0.0,BUY,0,205.75,240.5,205.74,76.0,205.73,285.2,205.72,96.6,205.71,111.0,205.89,146.1,205.9,110.9,205.91,158.2,205.92,222.5,205.93,172.8
1700000204.0,408,205.85,0.13999999999998636,205.78,260.0,205.92,257.5,1463.0,1323.8,205.78,103.4,SELL,1,205.78,260.0,205.77,157.4,205.76,22.6,205.75,554.6,205.74,468.4,205.92,257.5,205.93,553.1,205.94,261.7,205.95,151.8,205.96,99.7
1700000204.5,409,205.865,0.15000000000000568,205.79,109.2,205.94,89.2,1301.0000000000002,483.8,205.79,68.8,SELL,3,205.79,109.2,205.78,125.1,205.77,707.9,205.76,188.4,205.75,170.4,205.94,89.2,205.95,64.2,205.96,43.2,205.97,230.4,205.98,56.8
1700000205.0,410,205.87,0.1599999999999966,205.79,163.5,205.95,10.0,534.0,518.8000000000001,205.95,24.5,BUY,3,205.79,163.5,205.78,97.9,205.77,169.9,205.76,92.7,205.75,10.0,205.95,10.0,205.96,15.0,205.97,27.0,205.98,406.6,205.99,60.2
1700000205.5,411,205.85,0.13999999999998636,205.78,61.3,205.92,193.9,381.70000000000005,810.4000000000001,205.85,0.0,BUY,0,205.78,61.3,205.77,97.9,205.76,16.8,205.75,67.3,205.74,138.4,205.92,193.9,205.93,322.5,205.94,65.6,205.95,48.6,205.96,179.8
1700000206.0,412,205.84,0.13999999999998636,205.77,142.2,205.91,16.8,800.1999999999999,407.0,205.77,28.8,SELL,5,205.77,142.2,205.76,247.1,205.75,16.8,205.74,146.0,205.73,248.1,205.91,16.8,205.92,127.5,205.93,50.7,205.94,104.5,205.95,107.5
1700000206.5,413,218.0,0.13999999999998636,217.93,154.2,218.07,13.0,747.7,1057.5,218.07,5.0,BUY,3,217.93,154.2,217.92,250.4,217.91,37.5,217.9,48.4,217.89,257.2,218.07,13.0,218.08,220.4,218.09,204.9,218.1,497.1,218.11,122.1
1700000207.0,414,217.93,0.13999999999998636,217.86,52.4,218.0,355.6,714.8,1174.8000000000002,218.0,35.7,BUY,2,217.86,52.4,217.85,25.7,217.84,153.8,217.83,75.6,217.82,407.3,218.0,355.6,218.01,361.3,218.02,139.5,218.03,39.5,218.04,278.9
1700000207.5,415,217.95,0.1599999999999966,217.87,71.5,218.03,381.8,640.5,918.3,218.03,85.8,BUY,1,217.87,71.5,217.86,10.9,217.85,360.1,217.84,166.3,217.83,31.7,218.03,381.8,218.04,23.6,218.05,262.4,218.06,72.1,218.07,178.4
1700000208.0,416,217.97,0.13999999999998636,217.9,261.3,218.04,282.9,848.5,2017.9,218.04,24.6,BUY,2,217.9,261.3,217.89,44.2,217.88,55.8,217.87,83.9,217.86,403.3,218.04,282.9,218.05,885.5,218.06,10.0,218.07,230.7,218.08,608.8
1700000208.5,417,217.95999999999998,0.1599999999999966,217.88,101.0,218.04,60.8,840.5999999999999,725.5,218.04,16.8,BUY,1,217.88,101.0,217.87,113.5,217.86,130.2,217.85,283.7,217.84,212.2,218.04,60.8,218.05,39.9,218.06,231.7,218.07,194.4,218.08,198.7
1700000209.0,418,217.98000000000002,0.14000000000001478,217.91,106.7,218.05,185.4,813.0,857.8,218.05,28.8,BUY,4,217.91,106.7,217.9,253.9,217.89,46.0,217.88,222.0,217.87,184.4,218.05,185.4,218.06,108.4,218.07,24.7,218.08,499.5,218.09,39.8
1700000209.5,419,217.95,0.14000000000001478,217.88,133.3,218.02,211.3,385.1000000000001,714.1,217.88,6.0,SELL,2,217.88,133.3,217.87,21.1,217.86,175.3,217.85,32.8,217.84,22.6,218.02,211.3,218.03,108.4,218.04,94.6,218.05,266.4,218.06,33.4
1700000210.0,420,217.94,0.13999999999998636,217.87,40.6,218.01,36.5,1131.8,366.0,217.94,0.0,BUY,0,217.87,40.6,217.86,30.9,217.85,686.4,217.84,141.4,217.83,232.5,218.01,36.5,218.02,117.0,218.03,10.0,218.04,39.0,218.05,163.5
1700000210.5,421,217.99,0.14000000000001478,217.92,45.6,218.06,136.9,351.59999999999997,626.0,217.99,0.0,BUY,0,217.92,45.6,217.91,24.2,217.9,203.1,217.89,26.3,217.88,52.4,218.06,136.9,218.07,74.9,218.08,10.0,218.09,344.8,218.1,59.4
1700000211.0,422,217.99,0.14000000000001478,217.92,414.0,218.06,45.9,1151.3999999999999,1455.5,217.99,0.0,BUY,0,217.92,414.0,217.91,56.9,217.9,33.1,217.89,423.8,217.88,223.6,218.06,45.9,218.07,743.2,218.08,12.4,218.09,137.5,218.1,516.5
1700000211.5,423,217.99,0.14000000000001478,217.92,45.5,218.06,274.0,2059.0,878.1,217.99,0.0,BUY,0,217.92,45.5,217.91,669.5,217.9,18.0,217.89,873.5,217.88,452.5,218.06,274.0,218.07,10.0,218.08,44.6,218.09,51.3,218.1,498.2
1700000212.0,424,217.99,0.14000000000001478,217.92,326.4,218.06,10.0,1484.1,574.3,218.06,41.7,BUY,1,217.92,326.4,217.91,513.4,217.9,382.3,217.89,110.6,217.88,151.4,218.06,10.0,218.07,271.2,218.08,102.5,218.09,180.6,218.1,10.0
1700000212.5,425,218.0,0.13999999999998636,217.93,100.4,218.07,10.0,700.4000000000001,881.7,217.93,32.4,SELL,3,217.93,100.4,217.92,72.3,217.91,106.5,217.9,172.4,217.89,248.8,218.07,10.0,218.08,149.5,218.09,418.9,218.1,222.6,218.11,80.7
1700000213.0,426,218.01999999999998,0.1599999999999966,217.94,10.0,218.1,69.3,1042.5,1965.5,217.94,24.9,SELL,2,217.94,10.0,217.93,194.2,217.92,112.7,217.91,523.0,217.9,202.6,218.1,69.3,218.11,144.9,218.12,20.0,218.13,203.6,218.14,1527.7
1700000213.5,427,218.01,0.14000000000001478,217.94,398.8,218.08,188.7,1084.5,1058.3,218.08,74.9,BUY,1,217.94,398.8,217.93,92.3,217.92,328.4,217.91,219.6,217.9,45.4,218.08,188.7,218.09,451.1,218.1,74.2,218.11,10.0,218.12,334.3
1700000214.0,428,217.98000000000002,0.1599999999999966,217.9,27.3,218.06,15.1,509.79999999999995,414.7,218.06,32.2,BUY,1,217.9,27.3,217.89,61.6,217.88,35.6,217.87,311.4,217.86,73.9,218.06,15.1,218.07,173.9,218.08,39.2,218.09,147.0,218.1,39.5
1700000214.5,429,217.99,0.14000000000001478,217.92,43.3,218.06,118.4,516.5,912.1999999999999,218.06,33.6,BUY,3,217.92,43.3,217.91,10.0,217.9,226.0,217.89,124.9,217.88,112.3,218.06,118.4,218.07,33.0,218.08,279.2,218.09,226.7,218.1,254.9
1700000215.0,430,217.99,0.14000000000001478,217.92,287.0,218.06,241.3,1010.8999999999999,1436.5,218.06,37.2,BUY,3,217.92,287.0,217.91,10.0,217.9,467.3,217.89,121.8,217.88,124.8,218.06,241.3,218.07,600.9,218.08,107.2,218.09,22.3,218.1,464.8
1700000215.5,431,217.99,0.14000000000001478,217.92,676.8,218.06,222.1,2380.0,578.3000000000001,218.06,5.0,BUY,1,217.92,676.8,217.91,716.1,217.9,178.2,217.89,188.8,217.88,620.1,218.06,222.1,218.07,71.2,218.08,18.1,218.09,199.0,218.1,67.9
1700000216.0,432,218.0,0.160000000000025,217.92,136.3,218.08,110.8,762.9000000000001,406.2,218.08,8.7,BUY,2,217.92,136.3,217.91,227.0,217.9,35.6,217.89,10.0,217.88,354.0,218.08,110.8,218.09,54.3,218.1,120.5,218.11,94.2,218.12,26.4
1700000216.5,433,217.97,0.160000000000025,217.89,290.9,218.05,23.4,829.2,414.0,217.89,18.9,SELL,4,217.89,290.9,217.88,10.0,217.87,60.6,217.86,186.9,217.85,280.8,218.05,23.4,218.06,10.0,218.07,26.7,218.08,235.1,218.09,118.8
1700000217.0,434,217.98000000000002,0.14000000000001478,217.91,64.3,218.05,173.9,1224.0,772.0,217.91,22.6,SELL,5,217.91,64.3,217.9,80.0,217.89,810.8,217.88,60.0,217.87,208.9,218.05,173.9,218.06,107.0,218.07,33.9,218.08,430.6,218.09,26.6
1700000217.5,435,217.97,0.13999999999998636,217.9,16.6,218.04,176.6,1109.4,1124.0,218.04,156.6,BUY,2,217.9,16.6,217.89,266.9,217.88,576.9,217.87,173.5,217.86,75.5,218.04,176.6,218.05,138.4,218.06,86.9,218.07,214.9,218.08,507.2
1700000218.0,436,217.95,0.14000000000001478,217.88,487.1,218.02,92.1,1848.9,871.3,217.95,0.0,BUY,0,217.88,487.1,217.87,49.5,217.86,283.7,217.85,490.7,217.84,537.9,218.02,92.1,218.03,130.7,218.04,222.8,218.05,415.7,218.06,10.0
1700000218.5,437,217.935,0.12999999999999545,217.87,10.0,218.0,260.5,1120.8,1297.3999999999999,217.87,5.0,SELL,1,217.87,10.0,217.86,59.6,217.85,854.9,217.84,96.7,217.83,99.6,218.0,260.5,218.01,125.2,218.02,532.9,218.03,23.5,218.04,355.3
1700000219.0,438,217.91500000000002,0.15000000000000568,217.84,39.4,217.99,79.5,1485.9,653.0,217.84,69.8,SELL,2,217.84,39.4,217.83,495.6,217.82,127.3,217.81,136.2,217.8,687.4,217.99,79.5,218.0,135.6,218.01,204.7,218.02,13.2,218.03,220.0
1700000219.5,439,217.93,0.13999999999998636,217.86,248.3,218.0,121.2,1108.7,720.5,217.86,64.7,SELL,5,217.86,248.3,217.85,148.4,217.84,297.7,217.83,391.1,217.82,23.2,218.0,121.2,218.01,191.2,218.02,129.5,218.03,184.5,218.04,94.1
1700000220.0,440,217.91,0.13999999999998636,217.84,132.2,217.98,130.7,485.2,1177.5,217.98,172.4,BUY,1,217.84,132.2,217.83,229.8,217.82,10.0,217.81,82.5,217.8,30.7,217.98,130.7,217.99,122.2,218.0,312.5,218.01,195.8,218.02,416.3
1700000220.5,441,217.95,0.1599999999999966,217.87,10.0,218.03,95.1,213.0,1280.5,217.95,0.0,BUY,0,217.87,10.0,217.86,21.9,217.85,21.9,217.84,112.9,217.83,46.3,218.03,95.1,218.04,210.3,218.05,203.2,218.06,343.3,218.07,428.6
1700000221.0,442,217.95999999999998,0.14000000000001478,217.89,128.2,218.03,91.8,2365.0,1226.8,217.89,25.5,SELL,4,217.89,128.2,217.88,109.3,217.87,1190.5,217.86,216.8,217.85,720.2,218.03,91.8,218.04,466.8,218.05,10.0,218.06,56.4,218.07,601.8
1700000221.5,443,218.01999999999998,0.14000000000001478,217.95,82.2,218.09,263.4,520.2,989.6,218.09,22.4,BUY,3,217.95,82.2,217.94,45.1,217.93,46.0,217.92,215.5,217.91,131.4,218.09,263.4,218.1,159.0,218.11,224.4,218.12,47.2,218.13,295.6
1700000222.0,444,218.04000000000002,0.14000000000001478,217.97,10.0,218.11,30.1,283.9,568.7,217.97,5.9,SELL,3,217.97,10.0,217.96,72.3,217.95,16.1,217.94,51.1,217.93,134.4,218.11,30.1,218.12,43.4,218.13,158.5,218.14,251.6,218.15,85.1
1700000222.5,445,218.06,0.13999999999998636,217.99,65.7,218.13,44.1,822.5,580.4000000000001,218.06,0.0,BUY,0,217.99,65.7,217.98,23.6,217.97,51.7,217.96,350.4,217.95,331.1,218.13,44.1,218.14,89.5,218.15,78.2,218.16,355.9,218.17,12.7
1700000223.0,446,218.04000000000002,0.1599999999999966,217.96,54.2,218.12,111.5,816.6999999999999,1076.9,217.96,14.8,SELL,4,217.96,54.2,217.95,241.5,217.94,419.9,217.93,12.7,217.92,88.4,218.12,111.5,218.13,213.4,218.14,109.5,218.15,42.5,218.16,600.0
1700000223.5,447,218.01,0.14000000000001478,217.94,102.2,218.08,10.0,661.9000000000001,530.8,217.94,22.0,SELL,5,217.94,102.2,217.93,10.0,217.92,17.6,217.91,305.6,217.9,226.5,218.08,10.0,218.09,67.8,218.1,128.9,218.11,272.4,218.12,51.7
1700000224.0,448,217.99,0.14000000000001478,217.92,41.8,218.06,111.5,1683.9,1290.8999999999999,217.99,0.0,BUY,0,217.92,41.8,217.91,10.0,217.9,669.2,217.89,569.3,217.88,393.6,218.06,111.5,218.07,128.7,218.08,357.9,218.09,355.5,218.1,337.3
1700000224.5,449,217.98000000000002,0.14000000000001478,217.91,143.5,218.05,63.8,924.2,2028.3999999999999,218.05,39.1,BUY,2,217.91,143.5,217.9,337.2,217.89,50.3,217.88,81.5,217.87,311.7,218.05,63.8,218.06,361.8,218.07,1080.1,218.08,341.7,218.09,181.0
1700000225.0,450,218.03,0.13999999999998636,217.96,48.6,218.1,12.1,703.6999999999999,1141.1999999999998,218.1,5.0,BUY,1,217.96,48.6,217.95,42.8,217.94,42.3,217.93,406.9,217.92,163.1,218.1,12.1,218.11,81.0,218.12,401.4,218.13,240.3,218.14,406.4
1700000225.5,451,217.99,0.14000000000001478,217.92,18.0,218.06,10.0,936.4,1353.8,217.92,23.2,SELL,4,217.92,18.0,217.91,10.0,217.9,332.0,217.89,566.4,217.88,10.0,218.06,10.0,218.07,229.6,218.08,335.5,218.09,697.1,218.1,81.6
1700000226.0,452,217.99,0.14000000000001478,217.92,189.9,218.06,58.3,599.6,1103.6,218.06,13.5,BUY,3,217.92,189.9,217.91,121.7,217.9,77.9,217.89,10.0,217.88,200.1,218.06,58.3,218.07,68.5,218.08,82.3,218.09,355.6,218.1,538.9
1700000226.5,453,217.98000000000002,0.14000000000001478,217.91,155.6,218.05,170.1,807.9,929.5,217.98000000000002,0.0,BUY,0,217.91,155.6,217.9,96.4,217.89,10.0,217.88,274.9,217.87,271.0,218.05,170.1,218.06,102.2,218.07,10.0,218.08,501.4,218.09,145.8
1700000227.0,454,217.98000000000002,0.1599999999999966,217.9,237.9,218.06,287.3,650.7,1125.5,218.06,53.3,BUY,1,217.9,237.9,217.89,95.7,217.88,34.5,217.87,79.4,217.86,203.2,218.06,287.3,218.07,189.2,218.08,46.1,218.09,448.1,218.1,154.8
1700000227.5,455,217.95999999999998,0.14000000000001478,217.89,12.2,218.03,49.9,752.5,961.8,218.03,120.5,BUY,1,217.89,12.2,217.88,79.1,217.87,524.1,217.86,36.4,217.85,100.7,218.03,49.9,218.04,305.7,218.05,311.3,218.06,205.1,218.07,89.8
1700000228.0,456,217.94,0.13999999999998636,217.87,279.5,218.01,96.7,1639.0,1137.4,217.87,14.3,SELL,2,217.87,279.5,217.86,114.1,217.85,533.5,217.84,330.6,217.83,381.3,218.01,96.7,218.02,25.0,218.03,39.2,218.04,602.9,218.05,373.6
1700000228.5,457,217.93,0.1599999999999966,217.85,40.6,218.01,10.0,1167.3,672.3000000000001,217.85,5.0,SELL,1,217.85,40.6,217.84,346.9,217.83,169.5,217.82,276.6,217.81,333.7,218.01,10.0,218.02,258.8,218.03,123.4,218.04,156.0,218.05,124.1
1700000229.0,458,217.94,0.13999999999998636,217.87,44.5,218.01,108.3,897.8,942.5,217.87,10.3,SELL,1,217.87,44.5,217.86,166.4,217.85,309.6,217.84,21.3,217.83,356.0,218.01,108.3,218.02,10.8,218.03,363.8,218.04,415.1,218.05,44.5
1700000229.5,459,217.94,0.1599999999999966,217.86,56.3,218.02,27.1,1035.2,1217.8,218.02,19.8,BUY,2,217.86,56.3,217.85,163.6,217.84,201.7,217.83,101.9,217.82,511.7,218.02,27.1,218.03,501.5,218.04,267.4,218.05,230.3,218.06,191.5
1700000230.0,460,217.94,0.13999999999998636,217.87,29.7,218.01,10.5,1054.4,1576.1,217.87,45.9,SELL,2,217.87,29.7,217.86,202.6,217.85,260.2,217.84,177.1,217.83,384.8,218.01,10.5,218.02,562.4,218.03,317.2,218.04,129.9,218.05,556.1
1700000230.5,461,217.95999999999998,0.14000000000001478,217.89,36.1,218.03,51.4,271.7,481.9,217.89,25.1,SELL,5,217.89,36.1,217.88,17.8,217.87,122.0,217.86,10.0,217.85,85.8,218.03,51.4,218.04,153.7,218.05,179.1,218.06,49.2,218.07,48.5
1700000231.0,462,217.91500000000002,0.15000000000000568,217.84,558.0,217.99,32.6,2291.2000000000003,792.0999999999999,217.99,68.5,BUY,1,217.84,558.0,217.83,460.2,217.82,340.6,217.81,774.3,217.8,158.1,217.99,32.6,218.0,49.3,218.01,10.0,218.02,90.8,218.03,609.4
1700000231.5,463,217.93,0.13999999999998636,217.86,122.8,218.0,63.4,1217.0,1376.0,218.0,106.7,BUY,1,217.86,122.8,217.85,140.0,217.84,45.1,217.83,501.3,217.82,407.8,218.0,63.4,218.01,1182.7,218.02,57.5,218.03,51.6,218.04,20.8
1700000232.0,464,217.91500000000002,0.15000000000000568,217.84,133.2,217.99,97.4,964.6999999999999,629.4000000000001,217.99,50.4,BUY,2,217.84,133.2,217.83,343.7,217.82,143.5,217.81,200.2,217.8,144.1,217.99,97.4,218.0,10.0,218.01,308.8,218.02,34.2,218.03,179.0
1700000232.5,465,217.91500000000002,0.15000000000000568,217.84,10.0,217.99,12.1,906.4,1137.3,217.99,65.8,BUY,3,217.84,10.0,217.83,280.5,217.82,36.1,217.81,415.2,217.8,164.6,217.99,12.1,218.0,87.3,218.01,191.1,218.02,380.3,218.03,466.5
1700000233.0,466,217.94,0.13999999999998636,217.87,15.8,218.01,440.5,672.4,1229.7,217.94,0.0,BUY,0,217.87,15.8,217.86,50.6,217.85,552.1,217.84,28.1,217.83,25.8,218.01,440.5,218.02,263.2,218.03,126.9,218.04,280.1,218.05,119.0
1700000233.5,467,217.94,0.13999999999998636,217.87,132.5,218.01,131.2,1163.4,821.0,217.94,0.0,BUY,0,217.87,132.5,217.86,294.0,217.85,262.3,217.84,129.7,217.83,344.9,218.01,131.2,218.02,113.0,218.03,310.2,218.04,11.4,218.05,255.2
1700000234.0,468,222.94,0.13999999999998636,222.87,66.6,223.01,138.9,525.0,500.09999999999997,222.87,17.6,SELL,2,222.87,66.6,222.86,10.0,222.85,97.5,222.84,338.8,222.83,12.1,223.01,138.9,223.02,155.7,223.03,25.9,223.04,78.9,223.05,100.7
1700000234.5,469,222.94,0.13999999999998636,222.87,336.3,223.01,16.6,1265.5,895.8,223.01,133.5,BUY,2,222.87,336.3,222.86,153.9,222.85,170.4,222.84,228.3,222.83,376.6,223.01,16.6,223.02,303.1,223.03,107.5,223.04,184.8,223.05,283.8
1700000235.0,470,222.95999999999998,0.14000000000001478,222.89,44.2,223.03,116.8,1129.8,417.5,223.03,43.8,BUY,1,222.89,44.2,222.88,170.6,222.87,414.0,222.86,403.3,222.85,97.7,223.03,116.8,223.04,65.4,223.05,30.8,223.06,86.1,223.07,118.4
1700000235.5,471,222.95999999999998,0.14000000000001478,222.89,10.0,223.03,37.9,446.99999999999994,631.4,222.89,135.1,SELL,1,222.89,10.0,222.88,247.9,222.87,43.9,222.86,135.2,222.85,10.0,223.03,37.9,223.04,155.4,223.05,124.3,223.06,265.5,223.07,48.3
1700000236.0,472,222.97,0.13999999999998636,222.9,87.6,223.04,10.0,2058.2999999999997,651.0999999999999,222.97,0.0,BUY,0,222.9,87.6,222.89,180.8,222.88,560.9,222.87,614.9,222.86,614.1,223.04,10.0,223.05,59.2,223.06,249.3,223.07,106.4,223.08,226.2
1700000236.5,473,222.93,0.1599999999999966,222.85,93.8,223.01,137.1,903.3,1398.7,222.85,25.1,SELL,1,222.85,93.8,222.84,79.3,222.83,106.1,222.82,228.4,222.81,395.7,223.01,137.1,223.02,25.1,223.03,432.4,223.04,567.4,223.05,236.7
1700000237.0,474,222.91,0.13999999999998636,222.84,382.0,222.98,10.0,1502.9999999999998,578.3000000000001,222.91,0.0,BUY,0,222.84,382.0,222.83,189.1,222.82,551.5,222.81,267.1,222.8,113.3,222.98,10.0,222.99,155.7,223.0,186.0,223.01,127.4,223.02,99.2
1700000237.5,475,222.95,0.14000000000001478,222.88,268.4,223.02,44.7,809.4,1184.3,222.95,0.0,BUY,0,222.88,268.4,222.87,59.1,222.86,35.4,222.85,126.1,222.84,320.4,223.02,44.7,223.03,307.5,223.04,199.8,223.05,462.6,223.06,169.7
1700000238.0,476,222.94,0.13999999999998636,222.87,315.9,223.01,80.6,1529.3,924.5999999999999,223.01,13.9,BUY,1,222.87,315.9,222.86,199.6,222.85,397.0,222.84,208.6,222.83,408.2,223.01,80.6,223.02,121.4,223.03,49.2,223.04,553.4,223.05,120.0
1700000238.5,477,228.56,0.1599999999999966,228.48,164.9,228.64,144.3,949.6999999999999,1376.6,228.64,5.0,BUY,3,228.48,164.9,228.47,10.0,228.46,627.5,228.45,127.4,228.44,19.9,228.64,144.3,228.65,145.6,228.66,529.1,228.67,25.4,228.68,532.2
1700000239.0,478,228.54000000000002,0.14000000000001478,228.47,21.9,228.61,161.6,788.5999999999999,943.3999999999999,228.61,69.3,BUY,2,228.47,21.9,228.46,110.3,228.45,134.2,228.44,312.9,228.43,209.3,228.61,161.6,228.62,102.6,228.63,425.9,228.64,174.8,228.65,78.5
1700000239.5,479,263.955,0.14999999999997726,263.88,77.7,264.03,60.9,733.1,562.6,263.88,83.7,SELL,2,263.88,77.7,263.87,126.5,263.86,68.8,263.85,450.1,263.84,10.0,264.03,60.9,264.04,32.0,264.05,283.3,264.06,159.4,264.07,27.0
1700000240.0,480,263.94,0.15999999999996817,263.86,458.4,264.02,213.1,952.5,1646.9,263.94,0.0,BUY,0,263.86,458.4,263.85,83.8,263.84,23.0,263.83,332.8,263.82,54.5,264.02,213.1,264.03,407.3,264.04,22.6,264.05,35.2,264.06,968.7
1700000240.5,481,263.93,0.13999999999998636,263.86,64.3,264.0,223.9,796.0,991.3999999999999,264.0,82.3,BUY,2,263.86,64.3,263.85,335.2,263.84,42.6,263.83,151.0,263.82,202.9,264.0,223.9,264.01,108.5,264.02,336.2,264.03,107.1,264.04,215.7
1700000241.0,482,263.885,0.14999999999997726,263.81,74.7,263.96,106.1,616.2,835.4000000000001,263.81,6.0,SELL,2,263.81,74.7,263.8,202.8,263.79,146.2,263.78,145.0,263.77,47.5,263.96,106.1,263.97,105.0,263.98,116.0,263.99,85.0,264.0,423.3
1700000241.5,483,263.855,0.1500000000000341,263.78,28.0,263.93,148.2,763.0,1538.6,263.93,5.0,BUY,1,263.78,28.0,263.77,69.0,263.76,10.0,263.75,378.0,263.74,278.0,263.93,148.2,263.94,100.8,263.95,530.7,263.96,248.8,263.97,510.1
1700000242.0,484,263.84000000000003,0.1400000000000432,263.77,65.4,263.91,65.6,269.3,1228.1999999999998,263.91,46.4,BUY,2,263.77,65.4,263.76,28.6,263.75,130.2,263.74,10.0,263.73,35.1,263.91,65.6,263.92,176.5,263.93,408.3,263.94,467.7,263.95,110.1
1700000242.5,485,263.865,0.14999999999997726,263.79,10.0,263.94,45.8,904.2,641.9,263.79,17.1,SELL,1,263.79,10.0,263.78,150.2,263.77,147.3,263.76,321.7,263.75,275.0,263.94,45.8,263.95,188.4,263.96,15.6,263.97,241.1,263.98,151.0
1700000243.0,486,263.865,0.14999999999997726,263.79,110.9,263.94,177.7,729.3000000000001,2348.3999999999996,263.94,15.7,BUY,3,263.79,110.9,263.78,101.6,263.77,170.1,263.76,273.5,263.75,73.2,263.94,177.7,263.95,222.5,263.96,187.3,263.97,391.3,263.98,1369.6
1700000243.5,487,263.86,0.160000000000025,263.78,90.6,263.94,174.7,1256.4,1442.7,263.94,49.0,BUY,2,263.78,90.6,263.77,27.0,263.76,69.4,263.75,964.5,263.74,104.9,263.94,174.7,263.95,12.9,263.96,196.0,263.97,307.0,263.98,752.1
1700000244.0,488,263.84000000000003,0.160000000000025,263.76,11.8,263.92,90.4,227.9,885.9000000000001,263.92,5.0,BUY,1,263.76,11.8,263.75,22.4,263.74,115.8,263.73,65.3,263.72,12.6,263.92,90.4,263.93,201.6,263.94,342.2,263.95,18.2,263.96,233.5
1700000244.5,489,263.865,0.14999999999997726,263.79,87.4,263.94,96.6,545.9,921.6999999999999,263.94,20.3,BUY,2,263.79,87.4,263.78,22.6,263.77,57.3,263.76,85.1,263.75,293.5,263.94,96.6,263.95,301.8,263.96,10.0,263.97,305.7,263.98,207.6
1700000245.0,490,263.89,0.160000000000025,263.81,35.1,263.97,16.6,766.7,489.6,263.81,72.8,SELL,2,263.81,35.1,263.8,78.6,263.79,285.5,263.78,180.8,263.77,186.7,263.97,16.6,263.98,10.0,263.99,25.4,264.0,314.8,264.01,122.8
1700000245.5,491,263.855,0.1500000000000341,263.78,127.4,263.93,322.4,556.0,644.9,263.78,31.5,SELL,2,263.78,127.4,263.77,117.3,263.76,69.9,263.75,226.7,263.74,14.7,263.93,322.4,263.94,206.8,263.95,42.5,263.96,40.3,263.97,32.9
1700000246.0,492,263.87,0.13999999999998636,263.8,10.0,263.94,25.9,555.3,1517.6,263.87,0.0,BUY,0,263.8,10.0,263.79,52.9,263.78,294.3,263.77,64.2,263.76,133.9,263.94,25.9,263.95,130.0,263.96,234.0,263.97,846.3,263.98,281.4
1700000246.5,493,263.88,0.13999999999998636,263.81,107.9,263.95,67.1,879.2,579.8,263.81,5.7,SELL,1,263.81,107.9,263.8,182.6,263.79,196.3,263.78,10.0,263.77,382.4,263.95,67.1,263.96,301.2,263.97,51.2,263.98,43.3,263.99,117.0
1700000247.0,494,263.87,0.13999999999998636,263.8,39.3,263.94,10.0,1293.1,669.7,263.87,0.0,BUY,0,263.8,39.3,263.79,174.0,263.78,510.5,263.77,98.8,263.76,470.5,263.94,10.0,263.95,93.1,263.96,118.6,263.97,388.3,263.98,59.7
1700000247.5,495,263.83500000000004,0.1500000000000341,263.76,46.8,263.91,89.3,753.5999999999999,1626.1,263.76,13.0,SELL,4,263.76,46.8,263.75,20.3,263.74,34.6,263.73,334.5,263.72,317.4,263.91,89.3,263.92,31.7,263.93,595.8,263.94,306.0,263.95,603.3
1700000248.0,496,263.825,0.14999999999997726,263.75,188.7,263.9,27.8,701.7,807.9,263.9,34.7,BUY,1,263.75,188.7,263.74,154.2,263.73,14.7,263.72,334.1,263.71,10.0,263.9,27.8,263.91,103.6,263.92,205.1,263.93,67.2,263.94,404.2
1700000248.5,497,263.83500000000004,0.1500000000000341,263.76,110.1,263.91,10.0,565.1999999999999,644.0,263.76,85.4,SELL,3,263.76,110.1,263.75,78.2,263.74,10.0,263.73,316.5,263.72,50.4,263.91,10.0,263.92,36.9,263.93,339.1,263.94,248.0,263.95,10.0
1700000249.0,498,263.83500000000004,0.1500000000000341,263.76,90.4,263.91,95.5,905.9000000000001,1418.5,263.83500000000004,0.0,BUY,0,263.76,90.4,263.75,162.0,263.74,390.8,263.73,230.1,263.72,32.6,263.91,95.5,263.92,395.6,263.93,84.3,263.94,108.2,263.95,734.9
1700000249.5,499,263.83500000000004,0.1500000000000341,263.76,14.8,263.91,17.7,1105.7,978.9,263.91,91.7,BUY,1,263.76,14.8,263.75,753.8,263.74,137.5,263.73,186.2,263.72,13.4,263.91,17.7,263.92,433.1,263.93,29.1,263.94,267.1,263.95,231.9
1700000250.0,500,263.88,0.15999999999996817,263.8,14.8,263.96,26.7,566.6,1212.5,263.96,5.0,BUY,3,263.8,14.8,263.79,79.3,263.78,31.9,263.77,61.1,263.76,379.5,263.96,26.7,263.97,185.8,263.98,805.1,263.99,47.1,264.0,147.8
1700000250.5,501,263.87,0.15999999999996817,263.79,129.2,263.95,204.0,1627.6999999999998,962.1,263.79,63.3,SELL,2,263.79,129.2,263.78,133.4,263.77,270.7,263.76,705.0,263.75,389.4,263.95,204.0,263.96,220.1,263.97,379.1,263.98,47.8,263.99,111.1
1700000251.0,502,263.88,0.13999999999998636,263.81,75.3,263.95,110.3,852.4,1688.4,263.88,0.0,BUY,0,263.81,75.3,263.8,23.3,263.79,34.2,263.78,55.3,263.77,664.3,263.95,110.3,263.96,265.0,263.97,635.6,263.98,25.5,263.99,652.0
1700000251.5,503,263.895,0.1500000000000341,263.82,10.0,263.97,433.7,899.7,1952.1,263.82,5.0,SELL,2,263.82,10.0,263.81,27.9,263.8,14.8,263.79,469.2,263.78,377.8,263.97,433.7,263.98,130.3,263.99,307.8,264.0,720.8,264.01,359.5
1700000252.0,504,263.93,0.15999999999996817,263.85,321.8,264.01,113.2,1151.4,932.0,263.85,10.6,SELL,3,263.85,321.8,263.84,222.6,263.83,171.5,263.82,59.9,263.81,375.6,264.01,113.2,264.02,121.3,264.03,203.9,264.04,200.8,264.05,292.8
1700000252.5,505,263.88,0.13999999999998636,263.81,429.9,263.95,245.6,1739.2,706.9,263.81,28.3,SELL,2,263.81,429.9,263.8,333.9,263.79,787.6,263.78,118.6,263.77,69.2,263.95,245.6,263.96,72.8,263.97,339.5,263.98,39.0,263.99,10.0
1700000253.0,506,263.885,0.14999999999997726,263.81,54.6,263.96,31.7,1580.7,682.4,263.96,36.7,BUY,1,263.81,54.6,263.8,169.6,263.79,642.6,263.78,295.1,263.77,418.8,263.96,31.7,263.97,151.7,263.98,29.0,263.99,128.7,264.0,341.3
1700000253.5,507,263.87,0.13999999999998636,263.8,90.3,263.94,107.7,877.5,748.8,263.94,5.0,BUY,3,263.8,90.3,263.79,105.3,263.78,170.3,263.77,89.8,263.76,421.8,263.94,107.7,263.95,63.2,263.96,332.5,263.97,235.4,263.98,10.0
1700000254.0,508,263.87,0.13999999999998636,263.8,529.0,263.94,38.8,1931.3999999999999,762.4000000000001,263.94,57.5,BUY,3,263.8,529.0,263.79,180.6,263.78,191.7,263.77,395.3,263.76,634.8,263.94,38.8,263.95,199.7,263.96,108.4,263.97,232.8,263.98,182.7
1700000254.5,509,263.895,0.1500000000000341,263.82,10.0,263.97,93.1,2302.6,1223.9,263.82,194.4,SELL,2,263.82,10.0,263.81,215.0,263.8,356.3,263.79,1353.6,263.78,367.7,263.97,93.1,263.98,220.3,263.99,214.3,264.0,71.4,264.01,624.8
1700000255.0,510,263.87,0.13999999999998636,263.8,44.5,263.94,340.4,1571.0,901.8,263.8,14.6,SELL,4,263.8,44.5,263.79,579.7,263.78,78.3,263.77,697.1,263.76,171.4,263.94,340.4,263.95,92.4,263.96,128.5,263.97,165.3,263.98,175.2
1700000255.5,511,263.93,0.13999999999998636,263.86,49.4,264.0,29.3,733.8000000000001,598.5999999999999,263.93,0.0,BUY,0,263.86,49.4,263.85,13.6,263.84,326.5,263.83,254.2,263.82,90.1,264.0,29.3,264.01,48.5,264.02,253.4,264.03,132.2,264.04,135.2
1700000256.0,512,263.9,0.160000000000025,263.82,575.3,263.98,39.3,2077.8,982.8,263.9,0.0,BUY,0,263.82,575.3,263.81,414.6,263.8,668.0,263.79,409.9,263.78,10.0,263.98,39.3,263.99,90.0,264.0,192.7,264.01,268.5,264.02,392.3
1700000256.5,513,263.87,0.13999999999998636,263.8,125.1,263.94,10.9,1291.3000000000002,1944.1999999999998,263.87,0.0,BUY,0,263.8,125.1,263.79,148.8,263.78,90.1,263.77,288.2,263.76,639.1,263.94,10.9,263.95,10.1,263.96,382.8,263.97,1364.1,263.98,176.3
1700000257.0,514,263.865,0.14999999999997726,263.79,14.7,263.94,102.9,1638.4,1409.0,263.94,11.5,BUY,1,263.79,14.7,263.78,124.7,263.77,411.2,263.76,62.3,263.75,1025.5,263.94,102.9,263.95,292.0,263.96,225.4,263.97,462.8,263.98,325.9
1700000257.5,515,256.37,0.13999999999998636,256.3,424.1,256.44,220.1,1454.6999999999998,493.3,256.37,0.0,BUY,0,256.3,424.1,256.29,100.3,256.28,457.8,256.27,164.6,256.26,307.9,256.44,220.1,256.45,50.9,256.46,60.2,256.47,70.9,256.48,91.2
1700000258.0,516,256.3,0.13999999999998636,256.23,29.6,256.37,598.5,497.1,1978.9,256.37,30.3,BUY,4,256.23,29.6,256.22,67.9,256.21,112.7,256.2,18.3,256.19,268.6,256.37,598.5,256.38,191.0,256.39,18.9,256.4,309.1,256.41,861.4
1700000258.5,517,256.31,0.13999999999998636,256.24,14.7,256.38,10.0,1371.8999999999999,493.4,256.31,0.0,BUY,0,256.24,14.7,256.23,373.2,256.22,168.7,256.21,408.8,256.2,406.5,256.38,10.0,256.39,14.8,256.4,344.7,256.41,10.0,256.42,113.9
1700000259.0,518,256.31,0.15999999999996817,256.23,79.2,256.39,35.5,1969.7,1243.0,256.23,110.4,SELL,1,256.23,79.2,256.22,37.6,256.21,195.8,256.2,163.4,256.19,1493.7,256.39,35.5,256.4,189.6,256.41,11.4,256.42,769.5,256.43,237.0
1700000259.5,519,256.31,0.15999999999996817,256.23,480.0,256.39,63.9,1054.4,717.3000000000001,256.39,9.2,BUY,2,256.23,480.0,256.22,113.6,256.21,47.1,256.2,139.7,256.19,274.0,256.39,63.9,256.4,49.6,256.41,490.1,256.42,22.5,256.43,91.2
1700000260.0,520,256.33000000000004,0.160000000000025,256.25,212.2,256.41,214.3,1154.9,1668.2,256.41,359.4,BUY,3,256.25,212.2,256.24,509.0,256.23,143.6,256.22,58.7,256.21,231.4,256.41,214.3,256.42,257.3,256.43,692.6,256.44,10.0,256.45,494.0
1700000260.5,521,262.385,0.14999999999997726,262.31,143.5,262.46,14.7,756.1,613.1,262.385,0.0,BUY,0,262.31,143.5,262.3,456.7,262.29,89.4,262.28,34.4,262.27,32.1,262.46,14.7,262.47,263.6,262.48,131.4,262.49,11.4,262.5,192.0
1700000261.0,522,262.35,0.1400000000000432,262.28,41.2,262.42,129.2,309.4,1102.5,262.35,0.0,BUY,0,262.28,41.2,262.27,102.8,262.26,57.3,262.25,33.2,262.24,74.9,262.42,129.2,262.43,537.5,262.44,10.0,262.45,196.9,262.46,228.9
1700000261.5,523,262.305,0.14999999999997726,262.23,18.7,262.38,93.4,559.1,1012.4,262.38,34.5,BUY,1,262.23,18.7,262.22,10.0,262.21,140.8,262.2,96.6,262.19,293.0,262.38,93.4,262.39,26.4,262.4,52.1,262.41,245.1,262.42,595.4
1700000262.0,524,262.31,0.13999999999998636,262.24,426.1,262.38,322.6,1378.5,797.9,262.38,38.1,BUY,1,262.24,426.1,262.23,302.1,262.22,124.5,262.21,420.7,262.2,105.1,262.38,322.6,262.39,157.3,262.4,36.9,262.41,226.7,262.42,54.4
1700000262.5,525,262.25,0.13999999999998636,262.18,10.0,262.32,284.1,542.9,1195.5,262.18,106.4,SELL,1,262.18,10.0,262.17,113.6,262.16,238.3,262.15,12.4,262.14,168.6,262.32,284.1,262.33,97.1,262.34,162.6,262.35,91.9,262.36,559.8
1700000263.0,526,262.25,0.13999999999998636,262.18,51.4,262.32,195.2,528.7,1918.3,262.32,31.2,BUY,3,262.18,51.4,262.17,66.4,262.16,23.4,262.15,237.2,262.14,150.3,262.32,195.2,262.33,195.5,262.34,748.9,262.35,494.4,262.36,284.3
1700000263.5,527,262.26,0.13999999999998636,262.19,25.7,262.33,181.0,782.4,616.1,262.33,6.1,BUY,3,262.19,25.7,262.18,132.9,262.17,35.7,262.16,500.3,262.15,87.8,262.33,181.0,262.34,109.1,262.35,54.7,262.36,150.7,262.37,120.6
1700000264.0,528,262.275,0.1500000000000341,262.2,41.0,262.35,101.0,1219.6,1247.6999999999998,262.35,5.6,BUY,3,262.2,41.0,262.19,72.2,262.18,200.2,262.17,263.7,262.16,642.5,262.35,101.0,262.36,114.6,262.37,364.8,262.38,254.7,262.39,412.6
1700000264.5,529,262.26,0.13999999999998636,262.19,34.9,262.33,132.2,715.4,735.6999999999999,262.33,183.9,BUY,1,262.19,34.9,262.18,52.9,262.17,115.2,262.16,239.4,262.15,273.0,262.33,132.2,262.34,200.8,262.35,194.3,262.36,112.1,262.37,96.3
1700000265.0,530,262.25,0.13999999999998636,262.18,46.5,262.32,280.9,745.8000000000001,1440.8999999999999,262.18,27.1,SELL,4,262.18,46.5,262.17,128.9,262.16,147.5,262.15,361.3,262.14,61.6,262.32,280.9,262.33,588.6,262.34,493.5,262.35,31.8,262.36,46.1
1700000265.5,531,262.25,0.13999999999998636,262.18,192.8,262.32,727.5,1072.4,2113.6000000000004,262.18,5.0,SELL,2,262.18,192.8,262.17,238.4,262.16,99.8,262.15,531.4,262.14,10.0,262.32,727.5,262.33,97.4,262.34,960.5,262.35,38.2,262.36,290.0
1700000266.0,532,262.225,0.1500000000000341,262.15,459.2,262.3,14.5,845.5,1125.1999999999998,262.15,57.8,SELL,1,262.15,459.2,262.14,215.0,262.13,10.0,262.12,92.3,262.11,69.0,262.3,14.5,262.31,32.1,262.32,360.2,262.33,303.5,262.34,414.9
1700000266.5,533,262.195,0.14999999999997726,262.12,256.1,262.27,114.9,1936.7000000000003,922.3000000000001,262.195,0.0,BUY,0,262.12,256.1,262.11,73.1,262.1,222.6,262.09,10.0,262.08,1374.9,262.27,114.9,262.28,153.8,262.29,147.3,262.3,38.5,262.31,467.8
1700000267.0,534,262.18,0.13999999999998636,262.11,446.2,262.25,80.2,901.7,1407.8000000000002,262.25,5.8,BUY,4,262.11,446.2,262.1,204.3,262.09,59.1,262.08,75.5,262.07,116.6,262.25,80.2,262.26,213.1,262.27,569.9,262.28,218.0,262.29,326.6
1700000267.5,535,262.2,0.15999999999996817,262.12,53.9,262.28,144.5,666.5,772.4,262.12,5.5,SELL,1,262.12,53.9,262.11,76.9,262.1,71.4,262.09,47.5,262.08,416.8,262.28,144.5,262.29,283.4,262.3,112.0,262.31,63.6,262.32,168.9
1700000268.0,536,262.195,0.14999999999997726,262.12,19.0,262.27,10.0,766.5,914.9000000000001,262.12,19.4,SELL,4,262.12,19.0,262.11,17.0,262.1,137.1,262.09,410.0,262.08,183.4,262.27,10.0,262.28,124.9,262.29,395.3,262.3,374.7,262.31,10.0
1700000268.5,537,262.225,0.1500000000000341,262.15,66.9,262.3,179.5,213.20000000000002,1227.2,262.3,9.2,BUY,3,262.15,66.9,262.14,46.3,262.13,10.7,262.12,47.9,262.11,41.4,262.3,179.5,262.31,242.6,262.32,296.7,262.33,485.5,262.34,22.9
1700000269.0,538,262.195,0.14999999999997726,262.12,62.7,262.27,58.0,932.1,1698.8,262.27,5.5,BUY,3,262.12,62.7,262.11,91.1,262.1,312.1,262.09,275.6,262.08,190.6,262.27,58.0,262.28,401.4,262.29,682.2,262.3,57.4,262.31,499.8
1700000269.5,539,262.145,0.1500000000000341,262.07,152.0,262.22,82.0,638.5999999999999,929.2,262.07,10.2,SELL,1,262.07,152.0,262.06,105.7,262.05,110.0,262.04,10.0,262.03,260.9,262.22,82.0,262.23,217.9,262.24,10.0,262.25,510.8,262.26,108.5
1700000270.0,540,262.105,0.1500000000000341,262.03,269.8,262.18,10.0,1030.8999999999999,726.5999999999999,262.18,73.8,BUY,1,262.03,269.8,262.02,243.5,262.01,169.8,262.0,302.4,261.99,45.4,262.18,10.0,262.19,254.4,262.2,140.0,262.21,13.0,262.22,309.2
1700000270.5,541,262.075,0.14999999999997726,262.0,64.8,262.15,167.5,1100.9,901.4,262.15,21.4,BUY,5,262.0,64.8,261.99,376.7,261.98,470.2,261.97,58.7,261.96,130.5,262.15,167.5,262.16,30.4,262.17,64.3,262.18,100.8,262.19,538.4
1700000271.0,542,262.115,0.14999999999997726,262.04,10.0,262.19,477.7,812.8000000000001,795.9,262.19,6.5,BUY,1,262.04,10.0,262.03,114.3,262.02,51.2,262.01,394.7,262.0,242.6,262.19,477.7,262.2,75.6,262.21,188.4,262.22,44.2,262.23,10.0
1700000271.5,543,262.135,0.14999999999997726,262.06,175.9,262.21,168.2,1580.6,1037.0,262.06,5.0,SELL,2,262.06,175.9,262.05,169.1,262.04,542.6,262.03,571.9,262.02,121.1,262.21,168.2,262.22,375.9,262.23,49.0,262.24,214.1,262.25,229.8
1700000272.0,544,262.135,0.14999999999997726,262.06,231.0,262.21,101.8,1404.3000000000002,1418.1,262.21,11.1,BUY,1,262.06,231.0,262.05,241.7,262.04,248.5,262.03,123.7,262.02,559.4,262.21,101.8,262.22,165.4,262.23,305.1,262.24,138.2,262.25,707.6
1700000272.5,545,260.43,0.15999999999996817,260.35,213.8,260.51,344.0,1812.6999999999998,1284.4,260.35,78.3,SELL,4,260.35,213.8,260.34,547.0,260.33,222.4,260.32,693.4,260.31,136.1,260.51,344.0,260.52,434.1,260.53,88.7,260.54,222.6,260.55,195.0
1700000273.0,546,260.44,0.13999999999998636,260.37,267.6,260.51,116.6,796.9,820.6,260.51,13.1,BUY,3,260.37,267.6,260.36,234.9,260.35,18.3,260.34,139.1,260.33,137.0,260.51,116.6,260.52,28.4,260.53,66.4,260.54,429.7,260.55,179.5
1700000273.5,547,260.44,0.13999999999998636,260.37,279.9,260.51,34.6,646.4,670.3,260.51,5.0,BUY,4,260.37,279.9,260.36,10.0,260.35,222.0,260.34,120.8,260.33,13.7,260.51,34.6,260.52,121.1,260.53,109.0,260.54,98.1,260.55,307.5
1700000274.0,548,260.46000000000004,0.160000000000025,260.38,28.1,260.54,11.9,584.0,1391.8999999999999,260.38,71.0,SELL,4,260.38,28.1,260.37,223.6,260.36,61.4,260.35,206.9,260.34,64.0,260.54,11.9,260.55,541.6,260.56,422.3,260.57,371.8,260.58,44.3
1700000274.5,549,260.45,0.13999999999998636,260.38,307.4,260.52,317.8,837.1,972.0,260.52,19.8,BUY,2,260.38,307.4,260.37,201.9,260.36,82.6,260.35,155.5,260.34,89.7,260.52,317.8,260.53,53.1,260.54,167.3,260.55,250.8,260.56,183.0
1700000275.0,550,260.43,0.13999999999998636,260.36,254.7,260.5,82.8,1066.3,1463.1999999999998,260.36,89.5,SELL,2,260.36,254.7,260.35,78.0,260.34,117.0,260.33,75.1,260.32,541.5,260.5,82.8,260.51,543.4,260.52,226.0,260.53,225.4,260.54,385.6
1700000275.5,551,260.43,0.13999999999998636,260.36,28.3,260.5,256.6,318.20000000000005,1018.8000000000002,260.36,5.0,SELL,1,260.36,28.3,260.35,35.4,260.34,100.6,260.33,40.8,260.32,113.1,260.5,256.6,260.51,259.8,260.52,30.5,260.53,49.7,260.54,422.2
1700000276.0,552,260.40999999999997,0.1400000000000432,260.34,10.0,260.48,177.5,1550.0,1192.4,260.48,5.1,BUY,2,260.34,10.0,260.33,49.7,260.32,598.4,260.31,516.6,260.3,375.3,260.48,177.5,260.49,95.4,260.5,60.7,260.51,441.7,260.52,417.1
1700000276.5,553,260.42,0.13999999999998636,260.35,167.7,260.49,321.4,1850.5,1093.6,260.42,0.0,BUY,0,260.35,167.7,260.34,623.2,260.33,352.8,260.32,330.0,260.31,376.8,260.49,321.4,260.5,171.4,260.51,19.3,260.52,58.8,260.53,522.7
1700000277.0,554,260.38,0.13999999999998636,260.31,29.5,260.45,323.9,972.6999999999999,1226.9,260.45,102.1,BUY,3,260.31,29.5,260.3,269.6,260.29,369.7,260.28,63.3,260.27,240.6,260.45,323.9,260.46,13.8,260.47,106.0,260.48,261.0,260.49,522.2
1700000277.5,555,260.37,0.13999999999998636,260.3,44.0,260.44,122.7,790.1,1151.0,260.37,0.0,BUY,0,260.3,44.0,260.29,44.2,260.28,89.7,260.27,111.7,260.26,500.5,260.44,122.7,260.45,129.9,260.46,70.7,260.47,179.5,260.48,648.2
1700000278.0,556,260.33500000000004,0.1500000000000341,260.26,221.1,260.41,10.3,1653.3000000000002,526.6,260.41,8.8,BUY,2,260.26,221.1,260.25,321.9,260.24,12.6,260.23,10.0,260.22,1087.7,260.41,10.3,260.42,71.6,260.43,91.6,260.44,11.1,260.45,342.0
1700000278.5,557,260.33000000000004,0.160000000000025,260.25,10.0,260.41,10.0,931.1,659.9999999999999,260.25,57.0,SELL,1,260.25,10.0,260.24,165.6,260.23,10.0,260.22,255.0,260.21,490.5,260.41,10.0,260.42,283.4,260.43,220.4,260.44,78.8,260.45,67.4
1700000279.0,558,260.275,0.1500000000000341,260.2,170.8,260.35,195.1,1923.5,1205.5,260.2,9.3,SELL,4,260.2,170.8,260.19,72.1,260.18,336.7,260.17,295.6,260.16,1048.3,260.35,195.1,260.36,51.0,260.37,48.5,260.38,66.2,260.39,844.7
1700000279.5,559,260.26,0.13999999999998636,260.19,263.5,260.33,51.1,802.7,408.9,260.19,16.5,SELL,1,260.19,263.5,260.18,297.4,260.17,24.2,260.16,26.5,260.15,191.1,260.33,51.1,260.34,232.7,260.35,32.0,260.36,36.7,260.37,56.4
1700000280.0,560,260.24,0.13999999999998636,260.17,83.7,260.31,54.4,360.0,716.0999999999999,260.17,34.5,SELL,1,260.17,83.7,260.16,10.0,260.15,10.0,260.14,53.6,260.13,202.7,260.31,54.4,260.32,68.3,260.33,10.0,260.34,328.2,260.35,255.2
1700000280.5,561,260.25,0.13999999999998636,260.18,55.7,260.32,285.8,847.6,947.8000000000001,260.32,30.7,BUY,2,260.18,55.7,260.17,121.6,260.16,75.0,260.15,121.8,260.14,473.5,260.32,285.8,260.33,386.2,260.34,166.2,260.35,10.9,260.36,98.7
1700000281.0,562,260.235,0.14999999999997726,260.16,68.7,260.31,100.8,778.9,1053.7,260.16,10.3,SELL,3,260.16,68.7,260.15,228.0,260.14,285.2,260.13,159.0,260.12,38.0,260.31,100.8,260.32,54.5,260.33,108.5,260.34,639.6,260.35,150.3
1700000281.5,563,260.22,0.1400000000000432,260.15,93.0,260.29,54.3,427.6,900.0,260.29,137.6,BUY,4,260.15,93.0,260.14,53.0,260.13,82.0,260.12,27.0,260.11,172.6,260.29,54.3,260.3,46.0,260.31,222.7,260.32,48.7,260.33,528.3
1700000282.0,564,260.275,0.1500000000000341,260.2,57.9,260.35,20.1,834.3,921.6,260.275,0.0,BUY,0,260.2,57.9,260.19,113.2,260.18,311.7,260.17,282.6,260.16,68.9,260.35,20.1,260.36,174.4,260.37,57.9,260.38,393.8,260.39,275.4
1700000282.5,565,262.015,0.12999999999999545,261.95,16.7,262.08,396.9,750.7,754.6,262.08,38.9,BUY,2,261.95,16.7,261.94,97.5,261.93,65.4,261.92,248.6,261.91,322.5,262.08,396.9,262.09,81.1,262.1,173.6,262.11,35.6,262.12,67.4
1700000283.0,566,261.99,0.13999999999998636,261.92,10.0,262.06,364.5,718.6,736.2,262.06,5.0,BUY,1,261.92,10.0,261.91,135.7,261.9,76.0,261.89,203.9,261.88,293.0,262.06,364.5,262.07,86.0,262.08,218.6,262.09,55.7,262.1,11.4
1700000283.5,567,261.95,0.13999999999998636,261.88,32.5,262.02,18.0,963.3000000000001,574.5999999999999,262.02,37.8,BUY,1,261.88,32.5,261.87,685.7,261.86,62.1,261.85,42.4,261.84,140.6,262.02,18.0,262.03,119.1,262.04,378.2,262.05,49.3,262.06,10.0
1700000284.0,568,261.97,0.160000000000025,261.89,139.9,262.05,302.8,407.5,1155.3,261.97,0.0,BUY,0,261.89,139.9,261.88,105.1,261.87,47.8,261.86,67.8,261.85,46.9,262.05,302.8,262.06,211.5,262.07,479.4,262.08,116.6,262.09,45.0
1700000284.5,569,261.96,0.13999999999998636,261.89,303.6,262.03,118.7,1686.7,1520.3,261.96,0.0,BUY,0,261.89,303.6,261.88,31.9,261.87,184.2,261.86,322.6,261.85,844.4,262.03,118.7,262.04,361.4,262.05,579.5,262.06,201.9,262.07,258.8
1700000285.0,570,261.955,0.14999999999997726,261.88,278.9,262.03,32.0,855.6,1531.6,261.955,0.0,BUY,0,261.88,278.9,261.87,10.0,261.86,72.9,261.85,436.6,261.84,57.2,262.03,32.0,262.04,19.8,262.05,749.3,262.06,410.5,262.07,320.0
1700000285.5,571,261.95,0.13999999999998636,261.88,137.5,262.02,10.0,526.0,1157.3,261.88,22.1,SELL,1,261.88,137.5,261.87,15.2,261.86,188.3,261.85,175.0,261.84,10.0,262.02,10.0,262.03,18.6,262.04,536.1,262.05,437.9,262.06,154.7
1700000286.0,572,262.0,0.13999999999998636,261.93,81.0,262.07,155.2,1693.5,1164.7,261.93,9.6,SELL,1,261.93,81.0,261.92,584.8,261.91,44.0,261.9,701.7,261.89,282.0,262.07,155.2,262.08,71.8,262.09,10.0,262.1,896.8,262.11,30.9
1700000286.5,573,262.0,0.13999999999998636,261.93,256.8,262.07,90.8,1858.0,1788.0,262.07,11.6,BUY,2,261.93,256.8,261.92,904.8,261.91,44.9,261.9,43.2,261.89,608.3,262.07,90.8,262.08,569.1,262.09,376.1,262.1,537.3,262.11,214.7
1700000287.0,574,262.03,0.160000000000025,261.95,51.6,262.11,120.0,286.8,306.2,262.11,21.3,BUY,1,261.95,51.6,261.94,70.4,261.93,29.3,261.92,35.1,261.91,100.4,262.11,120.0,262.12,22.2,262.13,45.5,262.14,39.5,262.15,79.0
1700000287.5,575,261.99,0.13999999999998636,261.92,18.6,262.06,185.9,644.8000000000001,806.4000000000001,261.92,42.4,SELL,3,261.92,18.6,261.91,30.4,261.9,394.6,261.89,71.7,261.88,129.5,262.06,185.9,262.07,51.6,262.08,327.6,262.09,28.7,262.1,212.6
1700000288.0,576,261.95,0.13999999999998636,261.88,139.0,262.02,122.2,578.7,682.8,261.88,29.3,SELL,2,261.88,139.0,261.87,312.9,261.86,87.0,261.85,13.6,261.84,26.2,262.02,122.2,262.03,145.7,262.04,114.5,262.05,169.0,262.06,131.4
1700000288.5,577,261.94,0.13999999999998636,261.87,18.3,262.01,69.5,654.9,2275.6,262.01,49.1,BUY,1,261.87,18.3,261.86,44.2,261.85,290.9,261.84,41.8,261.83,259.7,262.01,69.5,262.02,124.0,262.03,1525.1,262.04,50.4,262.05,506.6
1700000289.0,578,261.94,0.13999999999998636,261.87,34.4,262.01,135.0,1223.9,1500.1999999999998,261.94,0.0,BUY,0,261.87,34.4,261.86,70.3,261.85,53.3,261.84,415.8,261.83,650.1,262.01,135.0,262.02,153.5,262.03,47.0,262.04,785.3,262.05,379.4
1700000289.5,579,261.89,0.160000000000025,261.81,302.9,261.97,135.9,702.7,949.8,261.97,25.9,BUY,2,261.81,302.9,261.8,157.3,261.79,48.0,261.78,168.3,261.77,26.2,261.97,135.9,261.98,241.0,261.99,316.2,262.0,211.1,262.01,45.6
1700000290.0,580,261.88,0.13999999999998636,261.81,235.1,261.95,164.8,3243.2,744.5999999999999,261.95,79.6,BUY,4,261.81,235.1,261.8,589.1,261.79,439.9,261.78,1707.6,261.77,271.5,261.95,164.8,261.96,120.3,261.97,375.2,261.98,50.5,261.99,33.8
1700000290.5,581,261.885,0.14999999999997726,261.81,10.0,261.96,104.2,2390.2000000000003,696.6,261.96,35.0,BUY,1,261.81,10.0,261.8,10.0,261.79,375.1,261.78,977.2,261.77,1017.9,261.96,104.2,261.97,45.2,261.98,244.4,261.99,272.7,262.0,30.1
1700000291.0,582,261.83500000000004,0.1500000000000341,261.76,15.7,261.91,407.3,968.3999999999999,1211.9,261.91,5.0,BUY,2,261.76,15.7,261.75,13.6,261.74,659.3,261.73,199.0,261.72,80.8,261.91,407.3,261.92,96.7,261.93,62.6,261.94,391.8,261.95,253.5
1700000291.5,583,251.67000000000002,0.1599999999999966,251.59,46.4,251.75,19.2,1923.3,1124.2,251.59,79.7,SELL,3,251.59,46.4,251.58,107.4,251.57,913.1,251.56,473.1,251.55,383.3,251.75,19.2,251.76,10.0,251.77,439.5,251.78,188.3,251.79,467.2
1700000292.0,584,251.635,0.15000000000000568,251.56,10.0,251.71,200.2,494.40000000000003,1032.1,251.56,85.8,SELL,5,251.56,10.0,251.55,47.3,251.54,360.5,251.53,52.1,251.52,24.5,251.71,200.2,251.72,183.7,251.73,358.9,251.74,131.9,251.75,157.4
1700000292.5,585,251.63,0.13999999999998636,251.56,137.9,251.7,21.3,1307.5,694.0,251.7,5.0,BUY,2,251.56,137.9,251.55,114.2,251.54,111.7,251.53,903.4,251.52,40.3,251.7,21.3,251.71,328.1,251.72,17.4,251.73,157.7,251.74,169.5
1700000293.0,586,251.635,0.15000000000000568,251.56,71.6,251.71,310.0,572.3,1126.1,251.71,79.7,BUY,2,251.56,71.6,251.55,25.9,251.54,266.5,251.53,21.9,251.52,186.4,251.71,310.0,251.72,176.3,251.73,361.1,251.74,186.1,251.75,92.6
1700000293.5,587,251.62,0.13999999999998636,251.55,77.3,251.69,123.2,1121.2,1860.4,251.69,81.8,BUY,3,251.55,77.3,251.54,91.2,251.53,70.9,251.52,640.7,251.51,241.1,251.69,123.2,251.7,210.3,251.71,840.4,251.72,619.3,251.73,67.2
1700000294.0,588,251.635,0.15000000000000568,251.56,22.9,251.71,217.5,443.20000000000005,785.3000000000001,251.56,5.0,SELL,3,251.56,22.9,251.55,58.0,251.54,242.9,251.53,18.3,251.52,101.1,251.71,217.5,251.72,205.8,251.73,157.4,251.74,137.4,251.75,67.2
1700000294.5,589,251.615,0.15000000000000568,251.54,171.9,251.69,10.0,629.0,1174.3,251.69,34.9,BUY,2,251.54,171.9,251.53,58.5,251.52,261.1,251.51,74.5,251.5,63.0,251.69,10.0,251.7,65.2,251.71,258.7,251.72,549.6,251.73,290.8
1700000295.0,590,251.62,0.13999999999998636,251.55,73.2,251.69,240.9,586.1,1096.0,251.62,0.0,BUY,0,251.55,73.2,251.54,83.2,251.53,28.1,251.52,25.6,251.51,376.0,251.69,240.9,251.7,230.1,251.71,32.8,251.72,445.2,251.73,147.0
1700000295.5,591,251.59,0.13999999999998636,251.52,91.9,251.66,33.3,561.6,1000.0999999999999,251.66,31.0,BUY,1,251.52,91.9,251.51,105.2,251.5,185.2,251.49,64.1,251.48,115.2,251.66,33.3,251.67,254.6,251.68,602.1,251.69,59.8,251.7,50.3
1700000296.0,592,251.57,0.13999999999998636,251.5,127.0,251.64,275.0,1743.6,827.0,251.5,5.0,SELL,3,251.5,127.0,251.49,102.2,251.48,222.3,251.47,205.4,251.46,1086.7,251.64,275.0,251.65,17.7,251.66,450.0,251.67,73.5,251.68,10.8
1700000296.5,593,251.57,0.13999999999998636,251.5,184.2,251.64,249.7,1382.7,397.9,251.57,0.0,BUY,0,251.5,184.2,251.49,10.9,251.48,15.7,251.47,205.9,251.46,966.0,251.64,249.7,251.65,10.0,251.66,16.9,251.67,88.7,251.68,32.6
1700000297.0,594,251.51999999999998,0.1599999999999966,251.44,488.3,251.6,153.5,1059.0,736.8,251.44,50.9,SELL,1,251.44,488.3,251.43,21.2,251.42,82.0,251.41,26.0,251.4,441.5,251.6,153.5,251.61,168.8,251.62,68.7,251.63,28.0,251.64,317.8
1700000297.5,595,251.49,0.1599999999999966,251.41,23.2,251.57,24.3,1868.0,477.09999999999997,251.41,24.8,SELL,2,251.41,23.2,251.4,136.3,251.39,33.9,251.38,1635.0,251.37,39.6,251.57,24.3,251.58,72.2,251.59,228.4,251.6,103.9,251.61,48.3
1700000298.0,596,251.45999999999998,0.14000000000001478,251.39,305.9,251.53,83.3,842.3999999999999,994.6,251.39,28.0,SELL,1,251.39,305.9,251.38,40.4,251.37,348.3,251.36,128.9,251.35,18.9,251.53,83.3,251.54,336.6,251.55,154.3,251.56,361.5,251.57,58.9
1700000298.5,597,251.44,0.13999999999998636,251.37,25.9,251.51,120.5,1954.9,571.6,251.51,27.6,BUY,1,251.37,25.9,251.36,10.0,251.35,773.6,251.34,568.7,251.33,576.7,251.51,120.5,251.52,111.8,251.53,155.0,251.54,17.1,251.55,167.2
1700000299.0,598,251.49,0.14000000000001478,251.42,29.9,251.56,202.1,625.3999999999999,1543.6999999999998,251.56,38.1,BUY,2,251.42,29.9,251.41,288.9,251.4,131.4,251.39,13.7,251.38,161.5,251.56,202.1,251.57,451.4,251.58,136.9,251.59,44.8,251.6,708.5
1700000299.5,599,251.45,0.14000000000001478,251.38,211.5,251.52,46.6,880.6000000000001,997.3,251.38,72.0,SELL,2,251.38,211.5,251.37,135.1,251.36,34.0,251.35,366.3,251.34,133.7,251.52,46.6,251.53,33.3,251.54,439.9,251.55,282.5,251.56,195.0
1700000300.0,600,251.47,0.13999999999998636,251.4,70.0,251.54,24.4,1957.1,646.0999999999999,251.54,26.9,BUY,1,251.4,70.0,251.39,141.6,251.38,258.7,251.37,1033.0,251.36,453.8,251.54,24.4,251.55,41.9,251.56,69.1,251.57,132.9,251.58,377.8
1700000300.5,601,251.47,0.160000000000025,251.39,65.5,251.55,133.5,2001.9,1248.4,251.47,0.0,BUY,0,251.39,65.5,251.38,260.0,251.37,257.2,251.36,348.6,251.35,1070.6,251.55,133.5,251.56,50.3,251.57,21.5,251.58,795.6,251.59,247.5
1700000301.0,602,251.5,0.160000000000025,251.42,10.0,251.58,150.8,678.5,804.8,251.58,30.2,BUY,4,251.42,10.0,251.41,157.1,251.4,101.0,251.39,111.0,251.38,299.4,251.58,150.8,251.59,177.5,251.6,10.0,251.61,180.0,251.62,286.5
1700000301.5,603,251.48000000000002,0.14000000000001478,251.41,111.4,251.55,60.0,846.2,692.8000000000001,251.41,39.6,SELL,1,251.41,111.4,251.4,301.8,251.39,27.5,251.38,10.0,251.37,395.5,251.55,60.0,251.56,462.7,251.57,10.0,251.58,145.4,251.59,14.7
1700000302.0,604,251.49,0.14000000000001478,251.42,305.8,251.56,538.9,1381.5,1109.6999999999998,251.56,39.9,BUY,2,251.42,305.8,251.41,179.2,251.4,170.2,251.39,535.4,251.38,190.9,251.56,538.9,251.57,121.8,251.58,310.1,251.59,93.8,251.6,45.1
1700000302.5,605,251.47,0.13999999999998636,251.4,401.4,251.54,10.0,1231.3000000000002,757.9,251.4,28.4,SELL,1,251.4,401.4,251.39,128.3,251.38,469.1,251.37,100.8,251.36,131.7,251.54,10.0,251.55,225.0,251.56,193.9,251.57,255.9,251.58,73.1
1700000303.0,606,251.44,0.13999999999998636,251.37,177.8,251.51,186.5,719.7,1495.3999999999999,251.51,10.6,BUY,2,251.37,177.8,251.36,79.0,251.35,58.2,251.34,104.1,251.33,300.6,251.51,186.5,251.52,216.4,251.53,515.6,251.54,399.1,251.55,177.8
1700000303.5,607,251.45,0.1599999999999966,251.37,74.7,251.53,44.6,965.4999999999999,1113.2,251.45,0.0,BUY,0,251.37,74.7,251.36,93.6,251.35,65.0,251.34,568.8,251.33,163.4,251.53,44.6,251.54,68.0,251.55,10.0,251.56,397.1,251.57,593.5
1700000304.0,608,251.47,0.13999999999998636,251.4,130.8,251.54,74.9,1060.5,1203.8,251.4,31.2,SELL,1,251.4,130.8,251.39,119.9,251.38,12.4,251.37,509.9,251.36,287.5,251.54,74.9,251.55,259.6,251.56,575.3,251.57,13.5,251.58,280.5
1700000304.5,609,251.47,0.13999999999998636,251.4,211.5,251.54,17.9,1101.9,735.9,251.47,0.0,BUY,0,251.4,211.5,251.39,10.0,251.38,20.2,251.37,102.2,251.36,758.0,251.54,17.9,251.55,22.1,251.56,24.9,251.57,660.8,251.58,10.2
1700000305.0,610,251.41,0.13999999999998636,251.34,234.6,251.48,35.0,1052.3,871.9000000000001,251.48,5.0,BUY,4,251.34,234.6,251.33,422.2,251.32,18.5,251.31,167.6,251.3,209.4,251.48,35.0,251.49,358.8,251.5,40.3,251.51,10.0,251.52,427.8
1700000305.5,611,251.37,0.13999999999998636,251.3,361.3,251.44,151.2,1201.1,844.2,251.37,0.0,BUY,0,251.3,361.3,251.29,72.3,251.28,262.4,251.27,464.1,251.26,41.0,251.44,151.2,251.45,149.0,251.46,89.3,251.47,269.0,251.48,185.7
1700000306.0,612,251.34,0.13999999999998636,251.27,98.1,251.41,379.7,1115.8000000000002,1431.0,251.27,30.1,SELL,3,251.27,98.1,251.26,134.4,251.25,116.6,251.24,743.3,251.23,23.4,251.41,379.7,251.42,93.6,251.43,86.2,251.44,861.5,251.45,10.0
1700000306.5,613,251.32,0.13999999999998636,251.25,53.0,251.39,159.5,922.7,623.5,251.39,50.4,BUY,1,251.25,53.0,251.24,193.3,251.23,26.1,251.22,70.4,251.21,579.9,251.39,159.5,251.4,72.1,251.41,63.6,251.42,44.2,251.43,284.1
1700000307.0,614,251.32,0.13999999999998636,251.25,17.5,251.39,152.7,607.7,1279.7,251.32,0.0,BUY,0,251.25,17.5,251.24,69.2,251.23,373.5,251.22,22.3,251.21,125.2,251.39,152.7,251.4,244.5,251.41,57.8,251.42,335.7,251.43,489.0
1700000307.5,615,251.32,0.1599999999999966,251.24,58.5,251.4,24.6,899.7,1554.9,251.4,14.4,BUY,2,251.24,58.5,251.23,149.8,251.22,69.8,251.21,194.0,251.2,427.6,251.4,24.6,251.41,207.5,251.42,712.0,251.43,328.4,251.44,282.4
1700000308.0,616,270.78999999999996,0.160000000000025,270.71,82.5,270.87,10.0,649.6,411.50000000000006,270.87,59.5,BUY,5,270.71,82.5,270.7,16.7,270.69,16.8,270.68,119.6,270.67,414.0,270.87,10.0,270.88,34.7,270.89,161.6,270.9,144.9,270.91,60.3
1700000308.5,617,281.38,0.13999999999998636,281.31,64.6,281.45,78.0,978.6999999999999,1016.1999999999999,281.38,0.0,BUY,0,281.31,64.6,281.3,12.2,281.29,106.6,281.28,703.9,281.27,91.4,281.45,78.0,281.46,109.3,281.47,248.7,281.48,127.3,281.49,452.9
1700000309.0,618,281.41499999999996,0.1500000000000341,281.34,182.3,281.49,31.5,725.7,1526.1,281.41499999999996,0.0,BUY,0,281.34,182.3,281.33,52.3,281.32,164.9,281.31,66.5,281.3,259.7,281.49,31.5,281.5,69.2,281.51,491.0,281.52,718.8,281.53,215.6
1700000309.5,619,281.38,0.13999999999998636,281.31,64.6,281.45,257.2,376.59999999999997,900.8000000000001,281.45,97.6,BUY,1,281.31,64.6,281.3,154.1,281.29,94.2,281.28,40.5,281.27,23.2,281.45,257.2,281.46,65.8,281.47,374.2,281.48,139.1,281.49,64.5
1700000310.0,620,266.1,0.1400000000000432,266.03,10.0,266.17,130.0,1171.5,1706.9,266.17,10.4,BUY,4,266.03,10.0,266.02,223.2,266.01,169.5,266.0,300.1,265.99,468.7,266.17,130.0,266.18,918.5,266.19,142.2,266.2,186.9,266.21,329.3
1700000310.5,621,266.08500000000004,0.1500000000000341,266.01,10.0,266.16,21.8,336.40000000000003,559.2,266.16,82.1,BUY,4,266.01,10.0,266.0,15.2,265.99,43.4,265.98,250.5,265.97,17.3,266.16,21.8,266.17,11.2,266.18,125.5,266.19,252.8,266.2,147.9
1700000311.0,622,266.13,0.13999999999998636,266.06,95.7,266.2,19.3,1412.6,1720.0,266.06,12.7,SELL,1,266.06,95.7,266.05,810.9,266.04,285.7,266.03,74.7,266.02,145.6,266.2,19.3,266.21,776.5,266.22,16.5,266.23,299.5,266.24,608.2
1700000311.5,623,266.105,0.1500000000000341,266.03,16.4,266.18,50.8,1287.2,806.9,266.105,0.0,BUY,0,266.03,16.4,266.02,269.2,266.01,106.2,266.0,734.7,265.99,160.7,266.18,50.8,266.19,152.9,266.2,281.9,266.21,213.7,266.22,107.6
1700000312.0,624,266.12,0.13999999999998636,266.05,11.6,266.19,91.6,622.8,397.70000000000005,266.05,52.0,SELL,1,266.05,11.6,266.04,13.7,266.03,21.0,266.02,82.0,266.01,494.5,266.19,91.6,266.2,49.7,266.21,21.0,266.22,78.5,266.23,156.9
1700000312.5,625,266.105,0.1500000000000341,266.03,16.6,266.18,96.0,418.8,1170.4,266.18,12.7,BUY,3,266.03,16.6,266.02,96.3,266.01,55.5,266.0,209.4,265.99,41.0,266.18,96.0,266.19,640.5,266.2,159.1,266.21,145.6,266.22,129.2
1700000313.0,626,266.08500000000004,0.1500000000000341,266.01,245.0,266.16,320.7,1356.2,1329.9,266.16,11.9,BUY,1,266.01,245.0,266.0,155.3,265.99,68.7,265.98,399.9,265.97,487.3,266.16,320.7,266.17,68.4,266.18,87.1,266.19,808.1,266.2,45.6
1700000313.5,627,266.08500000000004,0.1500000000000341,266.01,10.0,266.16,99.3,849.9000000000001,1294.9,266.01,15.2,SELL,1,266.01,10.0,266.0,242.8,265.99,172.3,265.98,38.2,265.97,386.6,266.16,99.3,266.17,81.0,266.18,260.3,266.19,448.6,266.2,405.7
1700000314.0,628,266.12,0.15999999999996817,266.04,101.5,266.2,48.0,1059.3000000000002,1081.6,266.2,7.6,BUY,1,266.04,101.5,266.03,430.6,266.02,145.8,266.01,10.0,266.0,371.4,266.2,48.0,266.21,81.2,266.22,100.2,266.23,204.3,266.24,647.9
1700000314.5,629,266.06,0.13999999999998636,265.99,40.0,266.13,17.6,904.1,1148.6999999999998,266.13,18.6,BUY,3,265.99,40.0,265.98,73.6,265.97,191.6,265.96,17.3,265.95,581.6,266.13,17.6,266.14,55.8,266.15,88.3,266.16,356.1,266.17,630.9
1700000315.0,630,266.01,0.13999999999998636,265.94,10.0,266.08,369.7,780.0,776.5,266.08,5.0,BUY,2,265.94,10.0,265.93,69.4,265.92,99.6,265.91,591.0,265.9,10.0,266.08,369.7,266.09,38.5,266.1,93.7,266.11,198.9,266.12,75.7
1700000315.5,631,265.95,0.13999999999998636,265.88,102.5,266.02,30.7,780.1,1723.6000000000001,265.88,5.0,SELL,1,265.88,102.5,265.87,90.4,265.86,60.1,265.85,514.2,265.84,12.9,266.02,30.7,266.03,717.6,266.04,438.4,266.05,16.4,266.06,520.5
1700000316.0,632,265.94,0.13999999999998636,265.87,107.2,266.01,33.0,1129.8,859.2,265.94,0.0,BUY,0,265.87,107.2,265.86,252.0,265.85,58.6,265.84,90.5,265.83,621.5,266.01,33.0,266.02,33.0,266.03,142.0,266.04,91.5,266.05,559.7
1700000316.5,633,265.97,0.160000000000025,265.89,675.3,266.05,148.2,1622.3999999999999,1118.8000000000002,265.97,0.0,BUY,0,265.89,675.3,265.88,222.5,265.87,10.0,265.86,555.3,265.85,159.3,266.05,148.2,266.06,26.0,266.07,85.8,266.08,55.6,266.09,803.2
1700000317.0,634,265.93,0.13999999999998636,265.86,248.4,266.0,538.0,1151.4,1024.3,265.86,34.5,SELL,1,265.86,248.4,265.85,252.2,265.84,191.5,265.83,338.8,265.82,120.5,266.0,538.0,266.01,78.3,266.02,30.3,266.03,291.6,266.04,86.1
1700000317.5,635,265.925,0.14999999999997726,265.85,26.4,266.0,33.7,2741.3,808.1,265.85,5.0,SELL,4,265.85,26.4,265.84,220.7,265.83,447.8,265.82,465.8,265.81,1580.6,266.0,33.7,266.01,107.6,266.02,290.3,266.03,243.6,266.04,132.9
1700000318.0,636,265.91499999999996,0.1500000000000341,265.84,21.4,265.99,17.1,872.5,1080.6,265.99,5.0,BUY,1,265.84,21.4,265.83,263.9,265.82,48.1,265.81,30.4,265.8,508.7,265.99,17.1,266.0,22.7,266.01,139.4,266.02,735.6,266.03,165.8
1700000318.5,637,265.885,0.14999999999997726,265.81,15.1,265.96,31.1,229.7,804.4000000000001,265.96,5.0,BUY,1,265.81,15.1,265.8,11.5,265.79,144.5,265.78,10.0,265.77,48.6,265.96,31.1,265.97,95.8,265.98,141.7,265.99,147.5,266.0,388.3
1700000319.0,638,265.85,0.1400000000000432,265.78,106.0,265.92,147.3,678.6,718.5,265.78,44.8,SELL,2,265.78,106.0,265.77,115.7,265.76,293.6,265.75,69.1,265.74,94.2,265.92,147.3,265.93,167.8,265.94,35.2,265.95,93.7,265.96,274.5
1700000319.5,639,265.865,0.14999999999997726,265.79,144.2,265.94,70.9,1055.0,828.5,265.94,20.4,BUY,3,265.79,144.2,265.78,91.7,265.77,135.6,265.76,590.2,265.75,93.3,265.94,70.9,265.95,122.5,265.96,93.9,265.97,414.7,265.98,126.5
1700000320.0,640,265.805,0.14999999999997726,265.73,31.8,265.88,47.2,1912.7,1990.6,265.73,163.5,SELL,2,265.73,31.8,265.72,160.2,265.71,723.5,265.7,549.4,265.69,447.8,265.88,47.2,265.89,672.5,265.9,11.1,265.91,204.2,265.92,1055.6
1700000320.5,641,265.805,0.14999999999997726,265.73,147.4,265.88,51.0,1626.3,457.19999999999993,265.73,5.0,SELL,2,265.73,147.4,265.72,427.9,265.71,35.9,265.7,999.6,265.69,15.5,265.88,51.0,265.89,75.5,265.9,188.4,265.91,28.7,265.92,113.6
1700000321.0,642,265.765,0.14999999999997726,265.69,68.0,265.84,150.8,999.3,734.9000000000001,265.765,0.0,BUY,0,265.69,68.0,265.68,28.1,265.67,172.3,265.66,654.3,265.65,76.6,265.84,150.8,265.85,36.4,265.86,146.6,265.87,10.0,265.88,391.1
1700000321.5,643,265.74,0.13999999999998636,265.67,84.3,265.81,240.9,1233.8,1034.2,265.67,5.0,SELL,2,265.67,84.3,265.66,10.0,265.65,158.2,265.64,41.8,265.63,939.5,265.81,240.9,265.82,17.3,265.83,430.2,265.84,70.7,265.85,275.1
1700000322.0,644,265.74,0.13999999999998636,265.67,239.1,265.81,123.0,1010.5,1124.0,265.67,44.2,SELL,2,265.67,239.1,265.66,89.3,265.65,243.8,265.64,317.5,265.63,120.8,265.81,123.0,265.82,463.6,265.83,371.9,265.84,123.8,265.85,41.7
1700000322.5,645,265.765,0.14999999999997726,265.69,186.2,265.84,25.2,986.9,594.5999999999999,265.69,13.0,SELL,4,265.69,186.2,265.68,262.9,265.67,239.0,265.66,121.7,265.65,177.1,265.84,25.2,265.85,148.7,265.86,35.1,265.87,139.2,265.88,246.4
1700000323.0,646,265.775,0.17000000000001592,265.69,16.9,265.86,89.4,512.0,875.0999999999999,265.69,319.4,SELL,2,265.69,16.9,265.68,29.8,265.67,23.5,265.66,364.1,265.65,77.7,265.86,89.4,265.87,60.3,265.88,354.4,265.89,189.1,265.9,181.9
1700000323.5,647,265.81,0.13999999999998636,265.74,54.6,265.88,99.1,531.5999999999999,1005.3,265.88,24.7,BUY,2,265.74,54.6,265.73,170.2,265.72,99.5,265.71,26.4,265.7,180.9,265.88,99.1,265.89,201.2,265.9,112.7,265.91,55.6,265.92,536.7
1700000324.0,648,265.775,0.1500000000000341,265.7,10.0,265.85,66.3,546.6,835.9000000000001,265.7,30.5,SELL,2,265.7,10.0,265.69,277.5,265.68,74.2,265.67,74.8,265.66,110.1,265.85,66.3,265.86,90.2,265.87,33.8,265.88,342.6,265.89,303.0
1700000324.5,649,265.75,0.13999999999998636,265.68,24.1,265.82,203.1,367.09999999999997,889.8,265.75,0.0,BUY,0,265.68,24.1,265.67,158.7,265.66,118.4,265.65,55.9,265.64,10.0,265.82,203.1,265.83,267.0,265.84,139.7,265.85,123.7,265.86,156.3
1700000325.0,650,258.025,0.1500000000000341,257.95,163.0,258.1,413.6,1054.5,2492.2000000000003,257.95,52.8,SELL,3,257.95,163.0,257.94,54.3,257.93,68.0,257.92,273.4,257.91,495.8,258.1,413.6,258.11,465.5,258.12,475.1,258.13,1116.1,258.14,21.9
1700000325.5,651,258.045,0.14999999999997726,257.97,268.3,258.12,51.7,649.0,880.3,258.12,35.5,BUY,3,257.97,268.3,257.96,10.0,257.95,18.8,257.94,297.2,257.93,54.7,258.12,51.7,258.13,273.9,258.14,147.4,258.15,122.3,258.16,285.0
1700000326.0,652,258.06,0.13999999999998636,257.99,198.9,258.13,235.7,945.8,1654.6000000000001,257.99,5.0,SELL,2,257.99,198.9,257.98,259.0,257.97,325.4,257.96,56.5,257.95,106.0,258.13,235.7,258.14,156.5,258.15,710.7,258.16,307.8,258.17,243.9
1700000326.5,653,258.07,0.15999999999996817,257.99,26.0,258.15,16.7,589.5,765.9,257.99,30.9,SELL,5,257.99,26.0,257.98,109.4,257.97,144.1,257.96,102.9,257.95,207.1,258.15,16.7,258.16,52.9,258.17,421.0,258.18,214.0,258.19,61.3
1700000327.0,654,258.05,0.13999999999998636,257.98,155.4,258.12,181.7,983.7,1291.3999999999999,258.05,0.0,BUY,0,257.98,155.4,257.97,52.3,257.96,535.7,257.95,225.4,257.94,14.9,258.12,181.7,258.13,96.1,258.14,11.4,258.15,885.4,258.16,116.8
1700000327.5,655,258.075,0.14999999999997726,258.0,15.1,258.15,67.5,1569.6000000000001,733.4000000000001,258.15,15.4,BUY,4,258.0,15.1,257.99,41.3,257.98,481.8,257.97,959.5,257.96,71.9,258.15,67.5,258.16,195.5,258.17,39.9,258.18,307.3,258.19,123.2
1700000328.0,656,258.105,0.1500000000000341,258.03,168.5,258.18,137.6,1703.1000000000001,719.8999999999999,258.03,6.5,SELL,1,258.03,168.5,258.02,182.4,258.01,49.8,258.0,846.2,257.99,456.2,258.18,137.6,258.19,192.0,258.2,186.2,258.21,141.3,258.22,62.8
1700000328.5,657,258.11,0.13999999999998636,258.04,18.9,258.18,21.1,504.1,1437.5000000000002,258.04,39.1,SELL,4,258.04,18.9,258.03,80.4,258.02,190.2,258.01,116.2,258.0,98.4,258.18,21.1,258.19,256.6,258.2,206.9,258.21,874.2,258.22,78.7
1700000329.0,658,258.08500000000004,0.1500000000000341,258.01,48.4,258.16,11.3,323.4,1008.8000000000001,258.16,24.1,BUY,5,258.01,48.4,258.0,83.1,257.99,10.0,257.98,64.9,257.97,117.0,258.16,11.3,258.17,68.3,258.18,139.3,258.19,178.7,258.2,611.2
1700000329.5,659,258.05,0.13999999999998636,257.98,21.6,258.12,131.1,931.8000000000001,881.3,257.98,137.5,SELL,1,257.98,21.6,257.97,423.5,257.96,279.0,257.95,188.0,257.94,19.7,258.12,131.1,258.13,81.8,258.14,340.7,258.15,93.2,258.16,234.5
1700000330.0,660,258.075,0.14999999999997726,258.0,116.7,258.15,70.1,620.7,682.1,258.15,76.1,BUY,1,258.0,116.7,257.99,100.9,257.98,218.1,257.97,175.0,257.96,10.0,258.15,70.1,258.16,253.5,258.17,21.9,258.18,256.4,258.19,80.2
1700000330.5,661,258.09000000000003,0.1400000000000432,258.02,10.0,258.16,36.2,761.6,1401.5,258.16,5.0,BUY,2,258.02,10.0,258.01,276.8,258.0,110.0,257.99,51.1,257.98,313.7,258.16,36.2,258.17,605.5,258.18,128.8,258.19,486.6,258.2,144.4
1700000331.0,662,258.09000000000003,0.160000000000025,258.01,207.3,258.17,288.5,969.8,1518.6,258.09000000000003,0.0,BUY,0,258.01,207.3,258.0,46.2,257.99,395.2,257.98,297.8,257.97,23.3,258.17,288.5,258.18,956.5,258.19,53.1,258.2,135.0,258.21,85.5
1700000331.5,663,258.075,0.14999999999997726,258.0,66.4,258.15,28.7,1091.3,597.1,258.0,18.0,SELL,2,258.0,66.4,257.99,28.5,257.98,622.8,257.97,202.6,257.96,171.0,258.15,28.7,258.16,10.0,258.17,58.9,258.18,330.0,258.19,169.5
1700000332.0,664,258.08000000000004,0.160000000000025,258.0,10.0,258.16,135.9,428.29999999999995,1456.6999999999998,258.08000000000004,0.0,BUY,0,258.0,10.0,257.99,132.6,257.98,136.1,257.97,10.0,257.96,139.6,258.16,135.9,258.17,39.2,258.18,753.4,258.19,229.3,258.2,298.9
1700000332.5,665,242.95,0.14000000000001478,242.88,166.6,243.02,139.3,486.29999999999995,1283.1,243.02,5.0,BUY,5,242.88,166.6,242.87,17.6,242.86,183.7,242.85,66.5,242.84,51.9,243.02,139.3,243.03,142.8,243.04,161.7,243.05,648.5,243.06,190.8
1700000333.0,666,242.95999999999998,0.14000000000001478,242.89,19.1,243.03,10.0,857.7,716.0,243.03,17.1,BUY,5,242.89,19.1,242.88,199.7,242.87,171.4,242.86,182.4,242.85,285.1,243.03,10.0,243.04,83.1,243.05,182.3,243.06,207.6,243.07,233.0
1700000333.5,667,242.95,0.14000000000001478,242.88,69.2,243.02,66.4,978.5,868.9,242.88,28.1,SELL,3,242.88,69.2,242.87,114.9,242.86,232.9,242.85,320.1,242.84,241.4,243.02,66.4,243.03,10.0,243.04,141.9,243.05,484.7,243.06,165.9
1700000334.0,668,242.95999999999998,0.14000000000001478,242.89,132.2,243.03,21.3,689.2999999999998,513.1,242.89,46.9,SELL,1,242.89,132.2,242.88,156.6,242.87,233.8,242.86,127.9,242.85,38.8,243.03,21.3,243.04,189.0,243.05,179.4,243.06,106.1,243.07,17.3
1700000334.5,669,242.95999999999998,0.14000000000001478,242.89,10.0,243.03,10.0,698.6,699.4000000000001,243.03,46.1,BUY,2,242.89,10.0,242.88,217.6,242.87,180.0,242.86,281.0,242.85,10.0,243.03,10.0,243.04,98.7,243.05,135.0,243.06,391.5,243.07,64.2
1700000335.0,670,242.91500000000002,0.15000000000000568,242.84,171.1,242.99,54.0,1058.9,266.1,242.99,5.0,BUY,1,242.84,171.1,242.83,156.5,242.82,22.7,242.81,19.2,242.8,689.4,242.99,54.0,243.0,70.1,243.01,91.4,243.02,10.0,243.03,40.6
1700000335.5,671,242.885,0.15000000000000568,242.81,165.7,242.96,39.8,1119.7,946.5999999999999,242.96,5.5,BUY,1,242.81,165.7,242.8,217.2,242.79,543.7,242.78,62.1,242.77,131.0,242.96,39.8,242.97,38.3,242.98,95.3,242.99,281.4,243.0,491.8
1700000336.0,672,242.88,0.13999999999998636,242.81,116.3,242.95,266.2,772.0,489.90000000000003,242.88,0.0,BUY,0,242.81,116.3,242.8,10.0,242.79,119.1,242.78,471.3,242.77,55.3,242.95,266.2,242.96,106.3,242.97,90.6,242.98,12.3,242.99,14.5
1700000336.5,673,242.85000000000002,0.1599999999999966,242.77,195.4,242.93,73.8,913.7,726.4,242.77,44.1,SELL,1,242.77,195.4,242.76,538.9,242.75,38.2,242.74,65.2,242.73,76.0,242.93,73.8,242.94,119.2,242.95,219.9,242.96,288.5,242.97,25.0
1700000337.0,674,242.865,0.15000000000000568,242.79,61.9,242.94,103.9,886.1999999999999,1123.6999999999998,242.79,6.6,SELL,1,242.79,61.9,242.78,204.9,242.77,429.5,242.76,37.5,242.75,152.4,242.94,103.9,242.95,131.5,242.96,274.9,242.97,315.5,242.98,297.9
1700000337.5,675,248.91500000000002,0.15000000000000568,248.84,356.9,248.99,79.0,1582.1,937.0,248.84,6.4,SELL,2,248.84,356.9,248.83,450.1,248.82,534.8,248.81,200.2,248.8,40.1,248.99,79.0,249.0,10.0,249.01,154.5,249.02,435.6,249.03,257.9
1700000338.0,676,248.95999999999998,0.14000000000001478,248.89,200.0,249.03,149.3,632.3,895.7,249.03,9.9,BUY,1,248.89,200.0,248.88,155.6,248.87,12.8,248.86,221.6,248.85,42.3,249.03,149.3,249.04,32.4,249.05,15.0,249.06,526.0,249.07,173.0
1700000338.5,677,249.0,0.13999999999998636,248.93,19.4,249.07,27.2,819.3,1440.3,249.07,37.8,BUY,2,248.93,19.4,248.92,157.2,248.91,93.7,248.9,536.8,248.89,12.2,249.07,27.2,249.08,77.1,249.09,262.5,249.1,1017.8,249.11,55.7
1700000339.0,678,223.9,0.13999999999998636,223.83,239.5,223.97,85.0,954.5999999999999,1055.0,223.9,0.0,BUY,0,223.83,239.5,223.82,319.3,223.81,261.5,223.8,98.9,223.79,35.4,223.97,85.0,223.98,15.1,223.99,61.6,224.0,311.4,224.01,581.9
1700000339.5,679,223.885,0.15000000000000568,223.81,124.0,223.96,60.4,1538.8000000000002,871.1999999999999,223.96,26.0,BUY,1,223.81,124.0,223.8,272.0,223.79,161.5,223.78,451.1,223.77,530.2,223.96,60.4,223.97,14.7,223.98,90.9,223.99,80.9,224.0,624.3
1700000340.0,680,223.87,0.13999999999998636,223.8,12.2,223.94,118.4,1260.6,1073.5,223.87,0.0,BUY,0,223.8,12.2,223.79,100.8,223.78,160.0,223.77,364.0,223.76,623.6,223.94,118.4,223.95,212.5,223.96,40.1,223.97,37.0,223.98,665.5
1700000340.5,681,223.88,0.13999999999998636,223.81,133.6,223.95,147.4,1456.8,1590.5,223.95,5.0,BUY,4,223.81,133.6,223.8,148.5,223.79,517.9,223.78,438.2,223.77,218.6,223.95,147.4,223.96,112.8,223.97,435.4,223.98,529.2,223.99,365.7
1700000341.0,682,223.865,0.15000000000000568,223.79,166.8,223.94,703.1,779.6999999999999,2072.3,223.79,90.0,SELL,4,223.79,166.8,223.78,77.0,223.77,102.0,223.76,177.5,223.75,256.4,223.94,703.1,223.95,113.6,223.96,710.1,223.97,25.3,223.98,520.2
1700000341.5,683,223.85,0.13999999999998636,223.78,270.6,223.92,23.2,710.5,676.6,223.92,92.6,BUY,2,223.78,270.6,223.77,71.4,223.76,257.9,223.75,29.0,223.74,81.6,223.92,23.2,223.93,10.0,223.94,469.0,223.95,72.3,223.96,102.1
1700000342.0,684,223.865,0.15000000000000568,223.79,23.0,223.94,32.9,210.70000000000002,877.0999999999999,223.94,69.1,BUY,3,223.79,23.0,223.78,10.0,223.77,26.7,223.76,131.1,223.75,19.9,223.94,32.9,223.95,497.6,223.96,85.8,223.97,205.5,223.98,55.3
1700000342.5,685,223.865,0.15000000000000568,223.79,87.8,223.94,34.2,719.9,581.4000000000001,223.94,186.0,BUY,2,223.79,87.8,223.78,60.9,223.77,120.2,223.76,337.6,223.75,113.4,223.94,34.2,223.95,404.3,223.96,29.5,223.97,54.7,223.98,58.7
1700000343.0,686,223.88,0.13999999999998636,223.81,90.3,223.95,10.0,733.9,726.2,223.81,25.3,SELL,1,223.81,90.3,223.8,56.1,223.79,15.0,223.78,205.0,223.77,367.5,223.95,10.0,223.96,40.2,223.97,20.1,223.98,402.0,223.99,253.9
1700000343.5,687,223.865,0.15000000000000568,223.79,172.3,223.94,149.4,827.3,364.09999999999997,223.79,32.1,SELL,2,223.79,172.3,223.78,74.8,223.77,87.5,223.76,360.7,223.75,132.0,223.94,149.4,223.95,18.1,223.96,164.7,223.97,10.0,223.98,21.9
1700000344.0,688,223.865,0.15000000000000568,223.79,132.8,223.94,10.0,1263.7,1210.0,223.79,116.8,SELL,1,223.79,132.8,223.78,66.3,223.77,458.2,223.76,462.7,223.75,143.7,223.94,10.0,223.95,865.8,223.96,53.1,223.97,159.6,223.98,121.5
1700000344.5,689,223.865,0.15000000000000568,223.79,177.0,223.94,26.6,1014.1999999999999,883.3,223.79,47.1,SELL,2,223.79,177.0,223.78,10.0,223.77,23.5,223.76,760.8,223.75,42.9,223.94,26.6,223.95,155.1,223.96,10.0,223.97,59.5,223.98,632.1
1700000345.0,690,223.91,0.13999999999998636,223.84,614.7,223.98,344.0,1272.7,1126.1999999999998,223.98,88.8,BUY,2,223.84,614.7,223.83,10.0,223.82,10.8,223.81,256.5,223.8,380.7,223.98,344.0,223.99,602.1,224.0,74.8,224.01,56.7,224.02,48.6
1700000345.5,691,223.91,0.13999999999998636,223.84,97.4,223.98,243.0,1405.5000000000002,726.0,223.84,8.4,SELL,2,223.84,97.4,223.83,308.2,223.82,30.1,223.81,616.1,223.8,353.7,223.98,243.0,223.99,95.9,224.0,87.3,224.01,157.3,224.02,142.5
1700000346.0,692,223.91,0.13999999999998636,223.84,267.0,223.98,200.9,1476.0,856.3,223.98,12.7,BUY,2,223.84,267.0,223.83,159.8,223.82,71.1,223.81,149.5,223.8,828.6,223.98,200.9,223.99,219.5,224.0,180.3,224.01,111.3,224.02,144.3
1700000346.5,693,223.9,0.13999999999998636,223.83,278.5,223.97,25.8,1254.6,1182.2,223.97,12.7,BUY,3,223.83,278.5,223.82,28.7,223.81,165.6,223.8,771.8,223.79,10.0,223.97,25.8,223.98,17.0,223.99,103.2,224.0,928.2,224.01,108.0
1700000347.0,694,223.9,0.13999999999998636,223.83,15.3,223.97,169.3,1098.2,803.5,223.97,5.0,BUY,1,223.83,15.3,223.82,499.5,223.81,76.7,223.8,212.7,223.79,294.0,223.97,169.3,223.98,53.4,223.99,205.5,224.0,345.0,224.01,30.3
1700000347.5,695,223.92000000000002,0.14000000000001478,223.85,69.0,223.99,244.7,869.6,1092.8,223.85,5.0,SELL,2,223.85,69.0,223.84,124.4,223.83,325.2,223.82,251.6,223.81,99.4,223.99,244.7,224.0,24.5,224.01,363.8,224.02,158.3,224.03,301.5
1700000348.0,696,223.91,0.13999999999998636,223.84,90.4,223.98,159.7,1722.0,423.79999999999995,223.84,28.5,SELL,1,223.84,90.4,223.83,245.0,223.82,502.8,223.81,668.3,223.8,215.5,223.98,159.7,223.99,137.2,224.0,97.5,224.01,10.0,224.02,19.4
1700000348.5,697,223.91,0.13999999999998636,223.84,182.1,223.98,41.1,2233.6,1003.1,223.98,8.6,BUY,2,223.84,182.1,223.83,113.7,223.82,10.0,223.81,1007.5,223.8,920.3,223.98,41.1,223.99,410.3,224.0,87.1,224.01,356.0,224.02,108.6
1700000349.0,698,223.88,0.13999999999998636,223.81,59.2,223.95,264.1,892.6,1772.6000000000001,223.95,23.9,BUY,1,223.81,59.2,223.8,205.0,223.79,74.8,223.78,316.5,223.77,237.1,223.95,264.1,223.96,169.5,223.97,64.7,223.98,974.1,223.99,300.2
1700000349.5,699,223.88,0.13999999999998636,223.81,10.0,223.95,41.8,867.5,450.9,223.95,58.3,BUY,2,223.81,10.0,223.8,10.4,223.79,80.2,223.78,614.8,223.77,152.1,223.95,41.8,223.96,10.0,223.97,12.5,223.98,365.7,223.99,20.9
1700000350.0,700,223.88,0.13999999999998636,223.81,38.7,223.95,178.4,683.9,1184.9,223.81,84.9,SELL,3,223.81,38.7,223.8,165.3,223.79,135.7,223.78,255.8,223.77,88.4,223.95,178.4,223.96,139.8,223.97,416.4,223.98,95.6,223.99,354.7
1700000350.5,701,223.88,0.1599999999999966,223.8,675.9,223.96,21.3,1223.2,673.3,223.96,17.0,BUY,1,223.8,675.9,223.79,48.8,223.78,127.2,223.77,98.7,223.76,272.6,223.96,21.3,223.97,17.6,223.98,346.4,223.99,137.7,224.0,150.3
1700000351.0,702,223.88,0.13999999999998636,223.81,142.9,223.95,26.8,1904.6999999999998,1035.9,223.88,0.0,BUY,0,223.81,142.9,223.8,125.8,223.79,713.1,223.78,252.6,223.77,670.3,223.95,26.8,223.96,411.1,223.97,156.6,223.98,248.6,223.99,192.8
1700000351.5,703,223.87,0.13999999999998636,223.8,114.6,223.94,36.8,429.0,765.8,223.8,30.1,SELL,1,223.8,114.6,223.79,124.4,223.78,76.3,223.77,47.4,223.76,66.3,223.94,36.8,223.95,165.3,223.96,322.5,223.97,100.9,223.98,140.3
1700000352.0,704,223.865,0.15000000000000568,223.79,50.8,223.94,18.9,447.79999999999995,2012.8,223.94,7.8,BUY,4,223.79,50.8,223.78,17.5,223.77,94.3,223.76,125.6,223.75,159.6,223.94,18.9,223.95,63.3,223.96,141.2,223.97,1314.2,223.98,475.2
1700000352.5,705,223.85,0.13999999999998636,223.78,10.0,223.92,11.4,1125.5,830.0,223.85,0.0,BUY,0,223.78,10.0,223.77,208.5,223.76,301.3,223.75,381.1,223.74,224.6,223.92,11.4,223.93,49.8,223.94,375.1,223.95,130.0,223.96,263.7
1700000353.0,706,223.85,0.13999999999998636,223.78,25.7,223.92,85.0,1311.0,990.1,223.78,50.2,SELL,1,223.78,25.7,223.77,276.0,223.76,488.1,223.75,237.1,223.74,284.1,223.92,85.0,223.93,35.3,223.94,475.5,223.95,280.2,223.96,114.1
1700000353.5,707,223.82,0.13999999999998636,223.75,11.8,223.89,10.0,704.8,1052.7,223.75,18.5,SELL,1,223.75,11.8,223.74,44.7,223.73,14.6,223.72,297.2,223.71,336.5,223.89,10.0,223.9,260.3,223.91,241.4,223.92,113.5,223.93,427.5
1700000354.0,708,223.82,0.13999999999998636,223.75,365.3,223.89,88.5,1719.9999999999998,1027.9,223.89,55.8,BUY,1,223.75,365.3,223.74,127.5,223.73,398.5,223.72,613.9,223.71,214.8,223.89,88.5,223.9,122.9,223.91,71.7,223.92,548.6,223.93,196.2
1700000354.5,709,223.805,0.15000000000000568,223.73,10.0,223.88,56.6,616.1,993.3,223.73,8.6,SELL,2,223.73,10.0,223.72,470.6,223.71,10.0,223.7,10.0,223.69,115.5,223.88,56.6,223.89,395.3,223.9,108.2,223.91,155.4,223.92,277.8
1700000355.0,710,223.81,0.13999999999998636,223.74,34.8,223.88,204.7,457.09999999999997,816.4000000000001,223.74,39.9,SELL,2,223.74,34.8,223.73,118.9,223.72,22.5,223.71,97.1,223.7,183.8,223.88,204.7,223.89,383.5,223.9,91.1,223.91,94.9,223.92,42.2
1700000355.5,711,223.805,0.15000000000000568,223.73,84.3,223.88,17.0,913.1,496.2,223.73,10.6,SELL,3,223.73,84.3,223.72,22.4,223.71,22.0,223.7,144.2,223.69,640.2,223.88,17.0,223.89,39.1,223.9,63.4,223.91,276.9,223.92,99.8
1700000356.0,712,223.76,0.1599999999999966,223.68,328.2,223.84,76.7,969.2,705.5,223.68,9.9,SELL,2,223.68,328.2,223.67,277.6,223.66,73.6,223.65,24.5,223.64,265.3,223.84,76.7,223.85,136.5,223.86,77.5,223.87,155.2,223.88,259.6
1700000356.5,713,223.73000000000002,0.14000000000001478,223.66,118.2,223.8,160.1,1238.6,1167.6,223.8,62.3,BUY,2,223.66,118.2,223.65,242.9,223.64,382.7,223.63,210.2,223.62,284.6,223.8,160.1,223.81,67.8,223.82,620.8,223.83,117.6,223.84,201.3
1700000357.0,714,223.74,0.14000000000001478,223.67,101.2,223.81,149.0,488.0,484.3,223.81,42.9,BUY,1,223.67,101.2,223.66,46.4,223.65,57.9,223.64,71.6,223.63,210.9,223.81,149.0,223.82,23.9,223.83,180.2,223.84,10.0,223.85,121.2
1700000357.5,715,223.73000000000002,0.14000000000001478,223.66,266.8,223.8,344.8,1185.9,1433.9,223.8,177.1,BUY,3,223.66,266.8,223.65,137.7,223.64,44.4,223.63,91.9,223.62,645.1,223.8,344.8,223.81,170.2,223.82,79.3,223.83,14.1,223.84,825.5
1700000358.0,716,223.74,0.1599999999999966,223.66,150.3,223.82,21.0,863.3,1236.0000000000002,223.66,5.0,SELL,2,223.66,150.3,223.65,21.7,223.64,496.1,223.63,48.3,223.62,146.9,223.82,21.0,223.83,407.1,223.84,446.3,223.85,158.9,223.86,202.7
1700000358.5,717,223.76999999999998,0.14000000000001478,223.7,47.8,223.84,510.7,318.9,1039.1000000000001,223.7,12.4,SELL,2,223.7,47.8,223.69,40.0,223.68,71.6,223.67,142.3,223.66,17.2,223.84,510.7,223.85,10.0,223.86,11.3,223.87,388.2,223.88,118.9
1700000359.0,718,223.78,0.13999999999998636,223.71,55.2,223.85,66.4,1286.4,1239.2,223.85,26.2,BUY,1,223.71,55.2,223.7,270.4,223.69,22.9,223.68,627.3,223.67,310.6,223.85,66.4,223.86,100.9,223.87,66.5,223.88,458.9,223.89,546.5
1700000359.5,719,223.76999999999998,0.14000000000001478,223.7,46.3,223.84,294.3,1570.4,613.1,223.76999999999998,0.0,BUY,0,223.7,46.3,223.69,134.2,223.68,116.4,223.67,273.9,223.66,999.6,223.84,294.3,223.85,34.7,223.86,57.8,223.87,74.4,223.88,151.9
1700000360.0,720,223.75,0.13999999999998636,223.68,173.6,223.82,12.3,1349.0,453.40000000000003,223.75,0.0,BUY,0,223.68,173.6,223.67,61.5,223.66,607.1,223.65,248.5,223.64,258.3,223.82,12.3,223.83,16.7,223.84,10.0,223.85,384.6,223.86,29.8
1700000360.5,721,223.70999999999998,0.14000000000001478,223.64,487.9,223.78,410.7,937.6999999999999,1230.8,223.64,53.2,SELL,2,223.64,487.9,223.63,20.9,223.62,15.0,223.61,202.9,223.6,211.0,223.78,410.7,223.79,206.5,223.8,61.7,223.81,424.6,223.82,127.3
1700000361.0,722,223.72,0.13999999999998636,223.65,43.1,223.79,11.8,1078.8,463.6,223.79,17.1,BUY,1,223.65,43.1,223.64,208.3,223.63,229.8,223.62,389.0,223.61,208.6,223.79,11.8,223.8,161.2,223.81,32.5,223.82,148.5,223.83,109.6
1700000361.5,723,223.69,0.13999999999998636,223.62,190.5,223.76,471.6,1056.0,1543.3,223.62,16.5,SELL,2,223.62,190.5,223.61,33.8,223.6,155.3,223.59,10.0,223.58,666.4,223.76,471.6,223.77,10.0,223.78,280.7,223.79,672.0,223.8,109.0
1700000362.0,724,223.68,0.13999999999998636,223.61,12.8,223.75,74.4,375.9,1056.0,223.68,0.0,BUY,0,223.61,12.8,223.6,72.3,223.59,50.1,223.58,195.5,223.57,45.2,223.75,74.4,223.76,271.9,223.77,654.6,223.78,45.1,223.79,10.0
1700000362.5,725,223.70999999999998,0.14000000000001478,223.64,35.0,223.78,123.9,939.3,437.19999999999993,223.70999999999998,0.0,BUY,0,223.64,35.0,223.63,166.8,223.62,113.0,223.61,495.7,223.6,128.8,223.78,123.9,223.79,79.8,223.8,67.2,223.81,66.9,223.82,99.4
1700000363.0,726,223.69,0.13999999999998636,223.62,95.3,223.76,37.8,662.6,838.4000000000001,223.62,125.4,SELL,1,223.62,95.3,223.61,179.9,223.6,249.3,223.59,48.0,223.58,90.1,223.76,37.8,223.77,263.4,223.78,228.0,223.79,196.7,223.8,112.5
1700000363.5,727,223.695,0.15000000000000568,223.62,143.4,223.77,166.7,450.90000000000003,620.8,223.77,43.4,BUY,1,223.62,143.4,223.61,124.9,223.6,45.6,223.59,10.0,223.58,127.0,223.77,166.7,223.78,30.9,223.79,200.0,223.8,213.2,223.81,10.0
1700000364.0,728,223.7,0.14000000000001478,223.63,132.3,223.77,255.5,1393.6000000000001,1139.3000000000002,223.63,23.9,SELL,4,223.63,132.3,223.62,81.5,223.61,818.6,223.6,326.9,223.59,34.3,223.77,255.5,223.78,544.2,223.79,59.1,223.8,270.5,223.81,10.0
1700000364.5,729,223.7,0.14000000000001478,223.63,38.9,223.77,25.5,794.3,492.8,223.7,0.0,BUY,0,223.63,38.9,223.62,49.4,223.61,54.2,223.6,155.1,223.59,496.7,223.77,25.5,223.78,116.5,223.79,45.5,223.8,220.0,223.81,85.3
1700000365.0,730,223.69,0.1599999999999966,223.61,86.5,223.77,11.4,1895.3999999999999,661.6,223.77,16.5,BUY,1,223.61,86.5,223.6,391.4,223.59,1067.7,223.58,103.0,223.57,246.8,223.77,11.4,223.78,96.9,223.79,129.2,223.8,225.2,223.81,198.9
1700000365.5,731,223.66500000000002,0.15000000000000568,223.59,45.1,223.74,95.2,634.6,770.8,223.74,5.0,BUY,1,223.59,45.1,223.58,164.3,223.57,170.2,223.56,241.4,223.55,13.6,223.74,95.2,223.75,314.4,223.76,168.7,223.77,142.9,223.78,49.6
1700000366.0,732,223.69,0.13999999999998636,223.62,83.4,223.76,20.0,1328.6999999999998,930.7,223.76,118.8,BUY,4,223.62,83.4,223.61,230.4,223.6,547.0,223.59,10.0,223.58,457.9,223.76,20.0,223.77,84.8,223.78,526.6,223.79,249.1,223.8,50.2
1700000366.5,733,223.65,0.13999999999998636,223.58,154.5,223.72,39.0,288.6,603.3,223.65,0.0,BUY,0,223.58,154.5,223.57,77.8,223.56,31.7,223.55,10.0,223.54,14.6,223.72,39.0,223.73,50.1,223.74,147.2,223.75,141.0,223.76,226.0
1700000367.0,734,223.63,0.13999999999998636,223.56,77.0,223.7,10.0,716.8,634.5,223.7,55.0,BUY,2,223.56,77.0,223.55,39.3,223.54,112.4,223.53,233.9,223.52,254.2,223.7,10.0,223.71,62.2,223.72,41.0,223.73,369.0,223.74,152.3
1700000367.5,735,223.6,0.13999999999998636,223.53,303.7,223.67,17.2,850.4999999999999,1221.1,223.67,95.5,BUY,2,223.53,303.7,223.52,195.2,223.51,10.4,223.5,41.3,223.49,299.9,223.67,17.2,223.68,77.1,223.69,102.9,223.7,192.7,223.71,831.2
1700000368.0,736,223.57999999999998,0.14000000000001478,223.51,33.0,223.65,223.6,1651.0,1001.4,223.51,89.8,SELL,1,223.51,33.0,223.5,58.7,223.49,10.0,223.48,615.3,223.47,934.0,223.65,223.6,223.66,367.1,223.67,287.8,223.68,95.8,223.69,27.1
1700000368.5,737,223.59,0.13999999999998636,223.52,101.9,223.66,19.2,1369.6999999999998,2769.6000000000004,223.66,61.4,BUY,2,223.52,101.9,223.51,46.0,223.5,535.4,223.49,97.5,223.48,588.9,223.66,19.2,223.67,410.5,223.68,992.6,223.69,1135.0,223.7,212.3
1700000369.0,738,223.56,0.13999999999998636,223.49,98.0,223.63,168.8,1509.6000000000001,885.5,223.63,118.3,BUY,3,223.49,98.0,223.48,126.7,223.47,11.0,223.46,143.5,223.45,1130.4,223.63,168.8,223.64,10.0,223.65,211.6,223.66,268.9,223.67,226.2
1700000369.5,739,223.53,0.13999999999998636,223.46,249.4,223.6,292.5,888.4000000000001,713.4,223.46,62.3,SELL,3,223.46,249.4,223.45,21.9,223.44,197.2,223.43,143.6,223.42,276.3,223.6,292.5,223.61,27.1,223.62,60.7,223.63,232.0,223.64,101.1
1700000370.0,740,223.55,0.14000000000001478,223.48,10.0,223.62,72.9,449.1,1343.6999999999998,223.55,0.0,BUY,0,223.48,10.0,223.47,151.5,223.46,10.0,223.45,10.0,223.44,267.6,223.62,72.9,223.63,103.3,223.64,363.7,223.65,138.2,223.66,665.6
1700000370.5,741,223.54000000000002,0.14000000000001478,223.47,91.1,223.61,162.5,1366.6999999999998,558.6,223.47,24.0,SELL,2,223.47,91.1,223.46,345.7,223.45,115.4,223.44,394.9,223.43,419.6,223.61,162.5,223.62,49.2,223.63,12.0,223.64,120.4,223.65,214.5
1700000371.0,742,223.51999999999998,0.14000000000001478,223.45,133.7,223.59,303.2,602.6,1481.5,223.51999999999998,0.0,BUY,0,223.45,133.7,223.44,96.9,223.43,73.6,223.42,198.0,223.41,100.4,223.59,303.2,223.6,170.9,223.61,611.3,223.62,284.0,223.63,112.1
1700000371.5,743,223.48000000000002,0.14000000000001478,223.41,88.4,223.55,30.7,1228.0,857.9999999999999,223.55,39.9,BUY,3,223.41,88.4,223.4,71.2,223.39,565.6,223.38,10.0,223.37,492.8,223.55,30.7,223.56,120.9,223.57,204.7,223.58,254.8,223.59,246.9
1700000372.0,744,223.47,0.160000000000025,223.39,80.8,223.55,10.0,569.6,1130.0000000000002,223.39,53.5,SELL,2,223.39,80.8,223.38,59.5,223.37,190.2,223.36,148.1,223.35,91.0,223.55,10.0,223.56,856.2,223.57,127.2,223.58,117.7,223.59,18.9
1700000372.5,745,223.47,0.13999999999998636,223.4,96.4,223.54,188.4,624.6,650.4,223.54,18.5,BUY,2,223.4,96.4,223.39,174.6,223.38,126.6,223.37,203.6,223.36,23.4,223.54,188.4,223.55,58.0,223.56,43.0,223.57,51.6,223.58,309.4
1700000373.0,746,223.49,0.14000000000001478,223.42,456.2,223.56,88.5,1455.5,1767.0,223.56,81.6,BUY,2,223.42,456.2,223.41,47.8,223.4,159.6,223.39,396.1,223.38,395.8,223.56,88.5,223.57,73.2,223.58,10.0,223.59,349.1,223.6,1246.2
1700000373.5,747,223.54000000000002,0.14000000000001478,223.47,158.0,223.61,10.0,689.0,601.5,223.61,89.8,BUY,1,223.47,158.0,223.46,58.0,223.45,78.9,223.44,266.5,223.43,127.6,223.61,10.0,223.62,52.9,223.63,160.6,223.64,118.8,223.65,259.2
1700000374.0,748,223.55,0.14000000000001478,223.48,131.6,223.62,128.7,1260.3,384.3,223.48,29.0,SELL,1,223.48,131.6,223.47,35.9,223.46,10.0,223.45,308.5,223.44,774.3,223.62,128.7,223.63,57.8,223.64,10.0,223.65,141.3,223.66,46.5
1700000374.5,749,223.59,0.13999999999998636,223.52,563.4,223.66,200.8,1369.4,552.0,223.59,0.0,BUY,0,223.52,563.4,223.51,19.0,223.5,533.0,223.49,205.3,223.48,48.7,223.66,200.8,223.67,24.7,223.68,126.9,223.69,91.2,223.7,108.4
1700000375.0,750,223.59,0.13999999999998636,223.52,93.0,223.66,121.9,815.4000000000001,3568.3,223.66,33.1,BUY,2,223.52,93.0,223.51,88.9,223.5,58.3,223.49,257.6,223.48,317.6,223.66,121.9,223.67,185.7,223.68,2709.9,223.69,344.3,223.7,206.5
1700000375.5,751,223.59,0.13999999999998636,223.52,166.1,223.66,154.4,848.7,1090.3,223.66,5.0,BUY,1,223.52,166.1,223.51,137.5,223.5,32.6,223.49,243.9,223.48,268.6,223.66,154.4,223.67,116.6,223.68,420.8,223.69,200.7,223.7,197.8
1700000376.0,752,221.18,0.13999999999998636,221.11,175.6,221.25,66.2,927.5999999999999,1320.8,221.25,53.6,BUY,1,221.11,175.6,221.1,279.3,221.09,96.0,221.08,201.9,221.07,174.8,221.25,66.2,221.26,33.2,221.27,533.3,221.28,482.1,221.29,206.0
1700000376.5,753,221.16500000000002,0.15000000000000568,221.09,20.4,221.24,34.7,642.7,448.5,221.16500000000002,0.0,BUY,0,221.09,20.4,221.08,400.0,221.07,41.1,221.06,159.5,221.05,21.7,221.24,34.7,221.25,10.0,221.26,148.7,221.27,10.0,221.28,245.1
1700000377.0,754,221.18,0.13999999999998636,221.11,104.3,221.25,93.6,2091.5,794.4000000000001,221.18,0.0,BUY,0,221.11,104.3,221.1,262.7,221.09,247.2,221.08,580.5,221.07,896.8,221.25,93.6,221.26,214.1,221.27,384.8,221.28,10.7,221.29,91.2
1700000377.5,755,221.20999999999998,0.14000000000001478,221.14,10.0,221.28,10.0,268.6,619.9,221.28,7.2,BUY,5,221.14,10.0,221.13,50.3,221.12,101.3,221.11,59.4,221.1,47.6,221.28,10.0,221.29,108.3,221.3,73.6,221.31,300.3,221.32,127.7
1700000378.0,756,221.19,0.13999999999998636,221.12,124.2,221.26,10.6,538.9,704.0999999999999,221.26,7.0,BUY,3,221.12,124.2,221.11,87.2,221.1,194.1,221.09,123.4,221.08,10.0,221.26,10.6,221.27,215.0,221.28,23.4,221.29,307.9,221.3,147.2
1700000378.5,757,212.365,0.15000000000000568,212.29,327.2,212.44,55.5,665.4,659.3,212.29,41.6,SELL,2,212.29,327.2,212.28,70.0,212.27,226.8,212.26,18.5,212.25,22.9,212.44,55.5,212.45,117.1,212.46,145.9,212.47,280.0,212.48,60.8
1700000379.0,758,212.35000000000002,0.1599999999999966,212.27,145.7,212.43,15.4,937.1,827.8000000000001,212.27,9.8,SELL,3,212.27,145.7,212.26,31.7,212.25,10.0,212.24,24.1,212.23,725.6,212.43,15.4,212.44,42.1,212.45,31.1,212.46,622.1,212.47,117.1
1700000379.5,759,212.365,0.15000000000000568,212.29,68.9,212.44,270.9,1313.8000000000002,1056.8,212.29,14.4,SELL,2,212.29,68.9,212.28,531.1,212.27,10.2,212.26,161.0,212.25,542.6,212.44,270.9,212.45,89.4,212.46,445.9,212.47,239.7,212.48,10.9
1700000380.0,760,212.35,0.13999999999998636,212.28,139.4,212.42,10.0,591.0,1210.4,212.28,6.3,SELL,1,212.28,139.4,212.27,151.7,212.26,68.4,212.25,118.6,212.24,112.9,212.42,10.0,212.43,157.8,212.44,231.0,212.45,490.5,212.46,321.1
1700000380.5,761,212.37,0.13999999999998636,212.3,10.0,212.44,34.0,662.5,892.5,212.3,91.5,SELL,4,212.3,10.0,212.29,51.0,212.28,183.9,212.27,389.8,212.26,27.8,212.44,34.0,212.45,337.4,212.46,95.5,212.47,10.0,212.48,415.6
1700000381.0,762,212.37,0.13999999999998636,212.3,201.9,212.44,291.9,1200.6,1351.9,212.3,33.4,SELL,2,212.3,201.9,212.29,200.1,212.28,186.2,212.27,367.9,212.26,244.5,212.44,291.9,212.45,100.2,212.46,48.2,212.47,192.1,212.48,719.5
1700000381.5,763,212.37,0.1599999999999966,212.29,266.6,212.45,22.4,844.8,825.9,212.37,0.0,BUY,0,212.29,266.6,212.28,45.8,212.27,40.6,212.26,223.0,212.25,268.8,212.45,22.4,212.46,43.6,212.47,26.3,212.48,577.5,212.49,156.1
1700000382.0,764,212.37,0.13999999999998636,212.3,102.8,212.44,494.0,758.6,1663.3,212.3,89.9,SELL,1,212.3,102.8,212.29,129.1,212.28,266.9,212.27,218.2,212.26,41.6,212.44,494.0,212.45,118.6,212.46,316.1,212.47,128.1,212.48,606.5
1700000382.5,765,212.365,0.15000000000000568,212.29,149.7,212.44,464.4,1679.2,1243.7,212.29,35.9,SELL,3,212.29,149.7,212.28,242.4,212.27,264.1,212.26,156.6,212.25,866.4,212.44,464.4,212.45,195.4,212.46,88.9,212.47,41.2,212.48,453.8
1700000383.0,766,212.37,0.13999999999998636,212.3,14.5,212.44,16.8,722.8000000000001,1183.3000000000002,212.3,20.5,SELL,1,212.3,14.5,212.29,353.3,212.28,171.4,212.27,76.6,212.26,107.0,212.44,16.8,212.45,234.3,212.46,107.3,212.47,726.5,212.48,98.4
1700000383.5,767,212.39,0.1599999999999966,212.31,10.0,212.47,54.9,550.6999999999999,1331.9,212.47,26.8,BUY,3,212.31,10.0,212.3,252.4,212.29,123.9,212.28,131.4,212.27,33.0,212.47,54.9,212.48,73.8,212.49,1056.7,212.5,44.8,212.51,101.7
1700000384.0,768,212.37,0.13999999999998636,212.3,113.9,212.44,10.0,842.5,1880.9,212.44,33.7,BUY,2,212.3,113.9,212.29,316.1,212.28,53.1,212.27,321.5,212.26,37.9,212.44,10.0,212.45,497.2,212.46,78.5,212.47,623.8,212.48,671.4
1700000384.5,769,212.365,0.15000000000000568,212.29,132.9,212.44,141.1,1325.8,989.8000000000001,212.29,8.8,SELL,3,212.29,132.9,212.28,115.7,212.27,90.1,212.26,574.9,212.25,412.2,212.44,141.1,212.45,10.0,212.46,26.8,212.47,358.3,212.48,453.6
1700000385.0,770,212.39,0.14000000000001478,212.32,228.9,212.46,195.1,867.1,884.6,212.32,47.4,SELL,2,212.32,228.9,212.31,360.7,212.3,121.6,212.29,60.4,212.28,95.5,212.46,195.1,212.47,47.3,212.48,54.2,212.49,74.4,212.5,513.6
1700000385.5,771,212.42000000000002,0.1599999999999966,212.34,92.6,212.5,52.7,1138.6,379.9,212.34,26.6,SELL,2,212.34,92.6,212.33,222.9,212.32,157.8,212.31,131.6,212.3,533.7,212.5,52.7,212.51,15.9,212.52,122.8,212.53,147.0,212.54,41.5
1700000386.0,772,212.41500000000002,0.15000000000000568,212.34,89.0,212.49,62.2,1499.6000000000001,910.6000000000001,212.41500000000002,0.0,BUY,0,212.34,89.0,212.33,315.3,212.32,10.0,212.31,847.1,212.3,238.2,212.49,62.2,212.5,69.9,212.51,330.8,212.52,244.0,212.53,203.7
1700000386.5,773,212.4,0.13999999999998636,212.33,10.0,212.47,227.0,857.7,1133.0,212.4,0.0,BUY,0,212.33,10.0,212.32,164.8,212.31,191.4,212.3,72.7,212.29,418.8,212.47,227.0,212.48,10.0,212.49,223.0,212.5,362.5,212.51,310.5
1700000387.0,774,212.39999999999998,0.1599999999999966,212.32,109.8,212.48,136.7,646.4,1154.5,212.48,80.1,BUY,2,212.32,109.8,212.31,17.8,212.3,69.8,212.29,125.1,212.28,323.9,212.48,136.7,212.49,46.2,212.5,51.6,212.51,160.7,212.52,759.3
1700000387.5,775,212.43,0.1599999999999966,212.35,209.6,212.51,214.7,947.5,516.0999999999999,212.51,7.6,BUY,2,212.35,209.6,212.34,30.0,212.33,616.0,212.32,13.1,212.31,78.8,212.51,214.7,212.52,112.7,212.53,46.8,212.54,11.7,212.55,130.2
1700000388.0,776,212.45999999999998,0.14000000000001478,212.39,132.9,212.53,10.0,701.8000000000001,853.3,212.45999999999998,0.0,BUY,0,212.39,132.9,212.38,240.2,212.37,257.5,212.36,10.0,212.35,61.2,212.53,10.0,212.54,95.9,212.55,244.4,212.56,234.7,212.57,268.3
1700000388.5,777,212.47,0.13999999999998636,212.4,275.0,212.54,60.2,1523.2,652.6,212.47,0.0,BUY,0,212.4,275.0,212.39,409.1,212.38,126.6,212.37,617.2,212.36,95.3,212.54,60.2,212.55,125.3,212.56,122.7,212.57,208.9,212.58,135.5
1700000389.0,778,212.45999999999998,0.14000000000001478,212.39,376.3,212.53,332.3,1402.6000000000001,1419.4,212.53,59.6,BUY,1,212.39,376.3,212.38,248.9,212.37,514.7,212.36,202.8,212.35,59.9,212.53,332.3,212.54,41.6,212.55,56.6,212.56,266.5,212.57,722.4
1700000389.5,779,212.43,0.1599999999999966,212.35,23.3,212.51,289.6,171.3,801.7,212.35,5.0,SELL,3,212.35,23.3,212.34,43.0,212.33,11.4,212.32,27.2,212.31,66.4,212.51,289.6,212.52,189.8,212.53,282.8,212.54,29.5,212.55,10.0
1700000390.0,780,212.43,0.13999999999998636,212.36,416.2,212.5,668.6,987.5,1358.8000000000002,212.43,0.0,BUY,0,212.36,416.2,212.35,99.5,212.34,34.6,212.33,113.5,212.32,323.7,212.5,668.6,212.51,563.8,212.52,75.9,212.53,40.5,212.54,10.0
1700000390.5,781,212.4,0.13999999999998636,212.33,16.8,212.47,211.5,774.9,800.1,212.47,10.9,BUY,3,212.33,16.8,212.32,109.7,212.31,302.8,212.3,238.8,212.29,106.8,212.47,211.5,212.48,25.0,212.49,119.0,212.5,73.0,212.51,371.6
1700000391.0,782,212.42000000000002,0.1599999999999966,212.34,46.4,212.5,135.4,1860.8000000000002,1006.4000000000001,212.34,10.8,SELL,2,212.34,46.4,212.33,115.3,212.32,120.1,212.31,284.6,212.3,1294.4,212.5,135.4,212.51,277.6,212.52,235.6,212.53,126.0,212.54,231.8
1700000391.5,783,212.41,0.13999999999998636,212.34,331.1,212.48,10.0,1637.6,886.8,212.48,5.0,BUY,2,212.34,331.1,212.33,178.6,212.32,60.0,212.31,188.4,212.3,879.5,212.48,10.0,212.49,401.9,212.5,353.4,212.51,10.0,212.52,111.5
1700000392.0,784,214.41,0.13999999999998636,214.34,20.9,214.48,156.5,183.39999999999998,2553.6000000000004,214.48,21.1,BUY,1,214.34,20.9,214.33,30.7,214.32,29.3,214.31,23.0,214.3,79.5,214.48,156.5,214.49,136.9,214.5,103.2,214.51,106.2,214.52,2050.8
1700000392.5,785,214.39,0.1599999999999966,214.31,119.7,214.47,40.7,1086.6000000000001,1230.9,214.39,0.0,BUY,0,214.31,119.7,214.3,491.3,214.29,70.1,214.28,229.8,214.27,175.7,214.47,40.7,214.48,40.3,214.49,485.3,214.5,217.0,214.51,447.6
1700000393.0,786,214.38,0.1599999999999966,214.3,83.8,214.46,47.8,2336.6000000000004,420.79999999999995,214.46,36.6,BUY,1,214.3,83.8,214.29,961.6,214.28,68.2,214.27,578.0,214.26,645.0,214.46,47.8,214.47,187.6,214.48,62.5,214.49,39.4,214.5,83.5
1700000393.5,787,214.43,0.1599999999999966,214.35,10.0,214.51,23.0,1537.9,540.8,214.43,0.0,BUY,0,214.35,10.0,214.34,71.9,214.33,198.4,214.32,14.1,214.31,1243.5,214.51,23.0,214.52,36.9,214.53,300.1,214.54,82.9,214.55,97.9
1700000394.0,788,214.41,0.13999999999998636,214.34,143.4,214.48,89.0,449.79999999999995,1063.3,214.34,27.1,SELL,3,214.34,143.4,214.33,70.6,214.32,10.0,214.31,143.4,214.3,82.4,214.48,89.0,214.49,33.8,214.5,713.9,214.51,123.0,214.52,103.6
1700000394.5,789,214.4,0.13999999999998636,214.33,59.7,214.47,10.0,606.1,990.0,214.33,51.6,SELL,1,214.33,59.7,214.32,67.2,214.31,15.3,214.3,424.1,214.29,39.8,214.47,10.0,214.48,18.4,214.49,10.0,214.5,416.0,214.51,535.6
1700000395.0,790,214.4,0.13999999999998636,214.33,39.7,214.47,162.8,1014.0999999999999,1278.5,214.4,0.0,BUY,0,214.33,39.7,214.32,114.9,214.31,337.4,214.3,376.8,214.29,145.3,214.47,162.8,214.48,47.7,214.49,624.1,214.5,249.8,214.51,194.1
1700000395.5,791,214.38,0.13999999999998636,214.31,57.3,214.45,398.6,795.1,1125.2,214.38,0.0,BUY,0,214.31,57.3,214.3,79.0,214.29,429.9,214.28,116.3,214.27,112.6,214.45,398.6,214.46,118.4,214.47,509.7,214.48,28.5,214.49,70.0
1700000396.0,792,220.56,0.13999999999998636,220.49,66.3,220.63,34.7,953.4,800.8,220.63,163.2,BUY,1,220.49,66.3,220.48,101.6,220.47,26.0,220.46,746.9,220.45,12.6,220.63,34.7,220.64,184.7,220.65,62.2,220.66,406.9,220.67,112.3
1700000396.5,793,220.53,0.160000000000025,220.45,18.5,220.61,10.0,460.7,1276.6000000000001,220.45,62.7,SELL,2,220.45,18.5,220.44,198.0,220.43,64.4,220.42,169.8,220.41,10.0,220.61,10.0,220.62,264.0,220.63,423.0,220.64,406.2,220.65,173.4
1700000397.0,794,220.54000000000002,0.14000000000001478,220.47,150.1,220.61,136.0,719.0,1184.3000000000002,220.47,27.5,SELL,3,220.47,150.1,220.46,31.0,220.45,19.8,220.44,353.5,220.43,164.6,220.61,136.0,220.62,76.8,220.63,808.6,220.64,92.9,220.65,70.0
1700000397.5,795,220.53,0.13999999999998636,220.46,227.5,220.6,172.6,523.9,1208.6,220.46,35.2,SELL,2,220.46,227.5,220.45,127.8,220.44,40.0,220.43,14.3,220.42,114.3,220.6,172.6,220.61,220.0,220.62,343.5,220.63,10.0,220.64,462.5
1700000398.0,796,220.51999999999998,0.14000000000001478,220.45,14.5,220.59,312.7,791.3,806.6999999999999,220.51999999999998,0.0,BUY,0,220.45,14.5,220.44,204.5,220.43,162.5,220.42,20.4,220.41,389.4,220.59,312.7,220.6,10.0,220.61,68.2,220.62,219.4,220.63,196.4
1700000398.5,797,220.51,0.14000000000001478,220.44,10.0,220.58,169.8,301.9,1215.9,220.58,5.0,BUY,2,220.44,10.0,220.43,52.8,220.42,50.4,220.41,80.7,220.4,108.0,220.58,169.8,220.59,439.9,220.6,202.2,220.61,244.7,220.62,159.3
1700000399.0,798,220.51,0.14000000000001478,220.44,120.3,220.58,178.3,716.6999999999999,707.0,220.44,10.1,SELL,2,220.44,120.3,220.43,455.4,220.42,29.8,220.41,66.2,220.4,45.0,220.58,178.3,220.59,210.9,220.6,10.0,220.61,64.8,220.62,243.0
1700000399.5,799,220.51999999999998,0.14000000000001478,220.45,54.0,220.59,113.9,715.8,961.0,220.45,18.0,SELL,2,220.45,54.0,220.44,66.3,220.43,373.5,220.42,52.8,220.41,169.2,220.59,113.9,220.6,25.5,220.61,127.4,220.62,196.9,220.63,497.3
1700000400.0,800,220.49,0.14000000000001478,220.42,12.1,220.56,44.1,1378.3000000000002,922.5999999999999,220.56,101.8,BUY,1,220.42,12.1,220.41,191.8,220.4,432.2,220.39,35.1,220.38,707.1,220.56,44.1,220.57,377.4,220.58,358.4,220.59,132.7,220.6,10.0
1700000400.5,801,220.49,0.1599999999999966,220.41,10.0,220.57,81.4,1576.5999999999997,1065.0,220.41,184.0,SELL,2,220.41,10.0,220.4,45.8,220.39,1352.6,220.38,46.6,220.37,121.6,220.57,81.4,220.58,418.2,220.59,23.8,220.6,215.6,220.61,326.0
1700000401.0,802,220.47,0.13999999999998636,220.4,85.4,220.54,65.2,638.1,809.5000000000001,220.4,43.6,SELL,4,220.4,85.4,220.39,65.3,220.38,62.8,220.37,154.0,220.36,270.6,220.54,65.2,220.55,220.9,220.56,145.0,220.57,226.3,220.58,152.1
1700000401.5,803,220.47,0.13999999999998636,220.4,117.5,220.54,86.9,1787.3999999999999,939.0999999999999,220.4,25.4,SELL,3,220.4,117.5,220.39,432.1,220.38,202.2,220.37,288.4,220.36,747.2,220.54,86.9,220.55,360.9,220.56,133.6,220.57,212.0,220.58,145.7
1700000402.0,804,220.44,0.13999999999998636,220.37,63.4,220.51,14.0,1050.0,586.3,220.51,7.3,BUY,4,220.37,63.4,220.36,75.8,220.35,444.0,220.34,223.0,220.33,243.8,220.51,14.0,220.52,291.4,220.53,22.6,220.54,33.3,220.55,225.0
1700000402.5,805,220.44,0.13999999999998636,220.37,369.7,220.51,79.7,621.8,728.2,220.44,0.0,BUY,0,220.37,369.7,220.36,22.6,220.35,121.4,220.34,19.3,220.33,88.8,220.51,79.7,220.52,135.2,220.53,38.2,220.54,23.8,220.55,451.3
1700000403.0,806,220.43,0.13999999999998636,220.36,32.6,220.5,221.1,979.5999999999999,508.4,220.5,5.0,BUY,2,220.36,32.6,220.35,82.2,220.34,71.0,220.33,689.3,220.32,104.5,220.5,221.1,220.51,10.0,220.52,49.8,220.53,145.2,220.54,82.3
1700000403.5,807,220.43,0.13999999999998636,220.36,210.3,220.5,156.4,1636.5,740.1,220.5,17.4,BUY,1,220.36,210.3,220.35,293.5,220.34,208.2,220.33,361.3,220.32,563.2,220.5,156.4,220.51,10.0,220.52,265.1,220.53,183.7,220.54,124.9
1700000404.0,808,220.41,0.13999999999998636,220.34,124.8,220.48,100.0,1606.5,1165.9,220.48,41.2,BUY,3,220.34,124.8,220.33,53.5,220.32,66.1,220.31,367.2,220.3,994.9,220.48,100.0,220.49,95.4,220.5,615.7,220.51,344.8,220.52,10.0
1700000404.5,809,220.39999999999998,0.1599999999999966,220.32,145.8,220.48,50.7,601.8000000000001,590.0,220.48,47.0,BUY,2,220.32,145.8,220.31,100.2,220.3,201.1,220.29,99.2,220.28,55.5,220.48,50.7,220.49,134.1,220.5,133.6,220.51,55.6,220.52,216.0
1700000405.0,810,220.33999999999997,0.1599999999999966,220.26,10.0,220.42,10.0,853.9,1817.4,220.42,7.9,BUY,4,220.26,10.0,220.25,204.9,220.24,250.7,220.23,104.8,220.22,283.5,220.42,10.0,220.43,174.2,220.44,121.0,220.45,1105.3,220.46,406.9
1700000405.5,811,220.35,0.13999999999998636,220.28,119.5,220.42,76.7,1619.8999999999999,1162.0,220.42,68.6,BUY,1,220.28,119.5,220.27,147.3,220.26,333.5,220.25,618.8,220.24,400.8,220.42,76.7,220.43,11.5,220.44,33.9,220.45,909.2,220.46,130.7
1700000406.0,812,220.37,0.13999999999998636,220.3,63.4,220.44,131.7,495.4,720.3,220.44,135.0,BUY,3,220.3,63.4,220.29,33.5,220.28,215.6,220.27,170.9,220.26,12.0,220.44,131.7,220.45,86.2,220.46,10.0,220.47,298.2,220.48,194.2
1700000406.5,813,220.385,0.15000000000000568,220.31,382.0,220.46,15.8,1141.7,1049.9,220.31,17.1,SELL,2,220.31,382.0,220.3,256.3,220.29,325.1,220.28,32.2,220.27,146.1,220.46,15.8,220.47,363.0,220.48,371.8,220.49,36.9,220.5,262.4
1700000407.0,814,220.38,0.13999999999998636,220.31,15.6,220.45,210.9,1191.5,535.6,220.45,44.1,BUY,1,220.31,15.6,220.3,102.4,220.29,276.6,220.28,94.4,220.27,702.5,220.45,210.9,220.46,12.2,220.47,145.5,220.48,115.0,220.49,52.0
1700000407.5,815,220.38,0.1599999999999966,220.3,279.5,220.46,119.3,1001.0000000000001,753.1,220.3,134.0,SELL,1,220.3,279.5,220.29,255.1,220.28,25.1,220.27,425.1,220.26,16.2,220.46,119.3,220.47,61.2,220.48,233.0,220.49,133.5,220.5,206.1
1700000408.0,816,220.38,0.1599999999999966,220.3,54.0,220.46,108.9,631.0,700.1000000000001,220.3,21.3,SELL,3,220.3,54.0,220.29,17.4,220.28,125.5,220.27,143.6,220.26,290.5,220.46,108.9,220.47,163.2,220.48,15.7,220.49,385.1,220.5,27.2
1700000408.5,817,220.34,0.13999999999998636,220.27,47.4,220.41,154.7,247.1,1883.2999999999997,220.41,10.6,BUY,2,220.27,47.4,220.26,56.1,220.25,26.2,220.24,59.3,220.23,58.1,220.41,154.7,220.42,546.4,220.43,17.3,220.44,324.0,220.45,840.9
1700000409.0,818,220.32,0.13999999999998636,220.25,139.6,220.39,437.8,1191.7,1215.1000000000001,220.32,0.0,BUY,0,220.25,139.6,220.24,201.8,220.23,48.6,220.22,242.6,220.21,559.1,220.39,437.8,220.4,378.3,220.41,18.5,220.42,231.1,220.43,149.4
1700000409.5,819,220.305,0.15000000000000568,220.23,131.0,220.38,45.7,680.1,989.5999999999999,220.23,44.1,SELL,4,220.23,131.0,220.22,26.4,220.21,95.1,220.2,288.0,220.19,139.6,220.38,45.7,220.39,58.2,220.4,514.9,220.41,79.8,220.42,291.0
1700000410.0,820,220.34,0.13999999999998636,220.27,127.0,220.41,75.1,406.5,626.2,220.34,0.0,BUY,0,220.27,127.0,220.26,14.4,220.25,156.6,220.24,78.2,220.23,30.3,220.41,75.1,220.42,10.0,220.43,38.9,220.44,292.5,220.45,209.7
1700000410.5,821,220.37,0.13999999999998636,220.3,10.0,220.44,316.2,1237.3,723.5999999999999,220.3,110.3,SELL,1,220.3,10.0,220.29,225.7,220.28,210.6,220.27,302.0,220.26,489.0,220.44,316.2,220.45,104.2,220.46,41.0,220.47,51.9,220.48,210.3
1700000411.0,822,220.37,0.13999999999998636,220.3,457.0,220.44,424.7,1651.7999999999997,1799.6,220.44,90.7,BUY,4,220.3,457.0,220.29,48.4,220.28,206.0,220.27,777.3,220.26,163.1,220.44,424.7,220.45,473.1,220.46,481.5,220.47,230.0,220.48,190.3
1700000411.5,823,220.37,0.13999999999998636,220.3,267.1,220.44,526.2,1169.8,1875.9,220.3,33.0,SELL,1,220.3,267.1,220.29,157.0,220.28,30.7,220.27,229.6,220.26,485.4,220.44,526.2,220.45,10.8,220.46,222.3,220.47,244.6,220.48,872.0
1700000412.0,824,220.365,0.15000000000000568,220.29,90.8,220.44,43.3,486.1,698.0,220.29,10.7,SELL,5,220.29,90.8,220.28,256.3,220.27,35.5,220.26,75.2,220.25,28.3,220.44,43.3,220.45,118.1,220.46,69.7,220.47,51.9,220.48,415.0
1700000412.5,825,220.34,0.13999999999998636,220.27,10.0,220.41,124.0,1244.0,1210.8,220.27,87.1,SELL,4,220.27,10.0,220.26,260.0,220.25,57.8,220.24,127.5,220.23,788.7,220.41,124.0,220.42,445.4,220.43,202.0,220.44,291.8,220.45,147.6
1700000413.0,826,220.33499999999998,0.15000000000000568,220.26,128.7,220.41,416.2,545.1999999999999,1351.3000000000002,220.33499999999998,0.0,BUY,0,220.26,128.7,220.25,32.6,220.24,27.9,220.23,343.4,220.22,12.6,220.41,416.2,220.42,111.0,220.43,588.3,220.44,98.4,220.45,137.4
1700000413.5,827,220.32,0.13999999999998636,220.25,175.5,220.39,41.1,727.4000000000001,1727.1,220.25,15.9,SELL,1,220.25,175.5,220.24,207.2,220.23,175.8,220.22,138.2,220.21,30.7,220.39,41.1,220.4,235.3,220.41,44.3,220.42,299.1,220.43,1107.3
1700000414.0,828,220.36,0.14000000000001478,220.29,88.1,220.43,145.0,805.5,771.5,220.29,36.8,SELL,1,220.29,88.1,220.28,91.8,220.27,281.1,220.26,315.5,220.25,29.0,220.43,145.0,220.44,32.3,220.45,275.6,220.46,244.8,220.47,73.8
1700000414.5,829,220.38,0.13999999999998636,220.31,82.3,220.45,270.3,790.8,536.6,220.31,13.9,SELL,4,220.31,82.3,220.3,10.0,220.29,103.1,220.28,36.0,220.27,559.4,220.45,270.3,220.46,107.2,220.47,139.1,220.48,10.0,220.49,10.0
1700000415.0,830,220.365,0.15000000000000568,220.29,17.7,220.44,85.4,362.9,1207.6,220.365,0.0,BUY,0,220.29,17.7,220.28,47.7,220.27,74.1,220.26,110.6,220.25,112.8,220.44,85.4,220.45,106.5,220.46,516.8,220.47,137.5,220.48,361.4
1700000415.5,831,220.32,0.13999999999998636,220.25,45.5,220.39,164.9,536.0,753.0999999999999,220.39,72.6,BUY,1,220.25,45.5,220.24,162.7,220.23,19.3,220.22,53.1,220.21,255.4,220.39,164.9,220.4,147.6,220.41,164.8,220.42,116.5,220.43,159.3
1700000416.0,832,220.28,0.12000000000000455,220.22,143.8,220.34,179.8,1305.9,1809.3999999999999,220.22,91.2,SELL,2,220.22,143.8,220.21,63.3,220.2,487.6,220.19,94.9,220.18,516.3,220.34,179.8,220.35,199.1,220.36,165.3,220.37,727.4,220.38,537.8
1700000416.5,833,197.07,0.13999999999998636,197.0,10.0,197.14,74.9,1983.1000000000001,2193.2,197.14,197.9,BUY,1,197.0,10.0,196.99,407.2,196.98,427.5,196.97,606.2,196.96,532.2,197.14,74.9,197.15,16.2,197.16,142.0,197.17,556.0,197.18,1404.1
1700000417.0,834,197.03,0.160000000000025,196.95,132.3,197.11,41.5,1498.6,1268.1,197.03,0.0,BUY,0,196.95,132.3,196.94,243.1,196.93,330.7,196.92,308.5,196.91,484.0,197.11,41.5,197.12,322.2,197.13,512.6,197.14,16.0,197.15,375.8
1700000417.5,835,197.03,0.13999999999998636,196.96,49.7,197.1,29.6,538.1999999999999,947.1,196.96,22.9,SELL,2,196.96,49.7,196.95,14.8,196.94,10.0,196.93,390.4,196.92,73.3,197.1,29.6,197.11,11.9,197.12,375.6,197.13,471.0,197.14,59.0
1700000418.0,836,197.03,0.13999999999998636,196.96,227.8,197.1,28.5,805.9000000000001,1761.6999999999998,197.1,5.0,BUY,4,196.96,227.8,196.95,16.4,196.94,386.5,196.93,165.2,196.92,10.0,197.1,28.5,197.11,10.0,197.12,405.0,197.13,679.1,197.14,639.1
1700000418.5,837,197.03,0.13999999999998636,196.96,30.6,197.1,195.2,500.29999999999995,751.3,197.1,58.8,BUY,1,196.96,30.6,196.95,118.0,196.94,99.2,196.93,241.1,196.92,11.4,197.1,195.2,197.11,77.6,197.12,33.5,197.13,80.1,197.14,364.9
1700000419.0,838,197.01999999999998,0.14000000000001478,196.95,27.3,197.09,64.0,1540.1000000000001,388.0,197.01999999999998,0.0,BUY,0,196.95,27.3,196.94,20.1,196.93,92.8,196.92,122.5,196.91,1277.4,197.09,64.0,197.1,10.0,197.11,10.0,197.12,78.8,197.13,225.2
1700000419.5,839,190.26,0.1599999999999966,190.18,49.5,190.34,84.7,1101.9,697.6,190.18,17.2,SELL,1,190.18,49.5,190.17,151.4,190.16,212.3,190.15,333.5,190.14,355.2,190.34,84.7,190.35,80.1,190.36,330.0,190.37,192.8,190.38,10.0
1700000420.0,840,190.29000000000002,0.14000000000001478,190.22,10.0,190.36,118.5,460.4,649.1,190.36,38.4,BUY,3,190.22,10.0,190.21,211.8,190.2,211.6,190.19,17.0,190.18,10.0,190.36,118.5,190.37,199.6,190.38,133.2,190.39,32.1,190.4,165.7
1700000420.5,841,190.31,0.13999999999998636,190.24,126.4,190.38,402.4,1311.4,1350.5,190.24,6.9,SELL,2,190.24,126.4,190.23,269.5,190.22,173.7,190.21,378.7,190.2,363.1,190.38,402.4,190.39,80.0,190.4,309.9,190.41,200.0,190.42,358.2
1700000421.0,842,190.26999999999998,0.1599999999999966,190.19,152.5,190.35,143.7,439.0,506.40000000000003,190.19,60.6,SELL,1,190.19,152.5,190.18,89.8,190.17,10.0,190.16,31.0,190.15,155.7,190.35,143.7,190.36,91.1,190.37,162.7,190.38,35.6,190.39,73.3
1700000421.5,843,190.26,0.14000000000001478,190.19,10.0,190.33,45.2,1097.4,361.2,190.19,5.0,SELL,1,190.19,10.0,190.18,136.5,190.17,371.2,190.16,353.8,190.15,225.9,190.33,45.2,190.34,83.6,190.35,36.8,190.36,156.7,190.37,38.9
1700000422.0,844,190.25,0.13999999999998636,190.18,236.0,190.32,84.1,1197.3000000000002,1720.6,190.32,60.2,BUY,2,190.18,236.0,190.17,298.6,190.16,96.5,190.15,47.6,190.14,518.6,190.32,84.1,190.33,212.7,190.34,421.9,190.35,90.0,190.36,911.9
1700000422.5,845,190.25,0.13999999999998636,190.18,70.3,190.32,10.0,515.1,1230.1,190.25,0.0,BUY,0,190.18,70.3,190.17,52.3,190.16,107.6,190.15,155.3,190.14,129.6,190.32,10.0,190.33,28.6,190.34,440.2,190.35,63.5,190.36,687.8
1700000423.0,846,190.24,0.14000000000001478,190.17,86.8,190.31,32.0,1122.0,979.1,190.31,71.5,BUY,1,190.17,86.8,190.16,257.1,190.15,11.2,190.14,248.9,190.13,518.0,190.31,32.0,190.32,20.5,190.33,186.4,190.34,346.7,190.35,393.5
1700000423.5,847,190.22,0.160000000000025,190.14,185.8,190.3,152.3,901.8000000000001,1412.6,190.22,0.0,BUY,0,190.14,185.8,190.13,48.3,190.12,134.6,190.11,12.1,190.1,521.0,190.3,152.3,190.31,10.0,190.32,126.5,190.33,198.4,190.34,925.4
1700000424.0,848,190.195,0.15000000000000568,190.12,54.7,190.27,36.4,758.1999999999999,633.7,190.27,5.2,BUY,2,190.12,54.7,190.11,234.7,190.1,227.9,190.09,230.9,190.08,10.0,190.27,36.4,190.28,126.0,190.29,70.9,190.3,16.1,190.31,384.3
1700000424.5,849,190.19,0.13999999999998636,190.12,154.2,190.26,116.6,1693.2,621.9,190.12,37.3,SELL,1,190.12,154.2,190.11,261.8,190.1,382.8,190.09,823.1,190.08,71.3,190.26,116.6,190.27,217.9,190.28,42.2,190.29,43.5,190.3,201.7
1700000425.0,850,190.16500000000002,0.15000000000000568,190.09,170.5,190.24,12.8,1705.0,1943.2,190.09,70.7,SELL,2,190.09,170.5,190.08,183.6,190.07,470.6,190.06,659.7,190.05,220.6,190.24,12.8,190.25,500.7,190.26,236.0,190.27,119.0,190.28,1074.7
1700000425.5,851,190.195,0.15000000000000568,190.12,68.4,190.27,31.8,1193.3,618.3,190.27,36.5,BUY,1,190.12,68.4,190.11,35.6,190.1,25.0,190.09,901.1,190.08,163.2,190.27,31.8,190.28,15.0,190.29,41.6,190.3,69.4,190.31,460.5
1700000426.0,852,190.20999999999998,0.14000000000001478,190.14,141.2,190.28,691.4,888.3,2194.3,190.20999999999998,0.0,BUY,0,190.14,141.2,190.13,68.1,190.12,114.8,190.11,238.0,190.1,326.2,190.28,691.4,190.29,865.5,190.3,70.7,190.31,372.7,190.32,194.0
1700000426.5,853,190.195,0.15000000000000568,190.12,95.8,190.27,11.5,250.7,1115.6,190.27,61.6,BUY,1,190.12,95.8,190.11,80.3,190.1,14.1,190.09,50.5,190.08,10.0,190.27,11.5,190.28,112.1,190.29,17.0,190.3,708.9,190.31,266.1
1700000427.0,854,190.18,0.13999999999998636,190.11,17.3,190.25,103.8,829.6,820.8000000000001,190.25,81.2,BUY,2,190.11,17.3,190.1,253.3,190.09,174.3,190.08,349.8,190.07,34.9,190.25,103.8,190.26,10.0,190.27,336.3,190.28,315.3,190.29,55.4
1700000427.5,855,190.22,0.13999999999998636,190.15,145.0,190.29,156.8,846.6999999999999,967.5,190.15,28.9,SELL,4,190.15,145.0,190.14,159.0,190.13,21.7,190.12,322.1,190.11,198.9,190.29,156.8,190.3,33.6,190.31,256.0,190.32,241.3,190.33,279.8
1700000428.0,856,190.24,0.14000000000001478,190.17,72.1,190.31,462.5,822.0999999999999,1381.6999999999998,190.17,35.0,SELL,4,190.17,72.1,190.16,61.5,190.15,471.7,190.14,10.0,190.13,206.8,190.31,462.5,190.32,390.8,190.33,123.3,190.34,51.8,190.35,353.3
1700000428.5,857,190.22,0.160000000000025,190.14,130.8,190.3,329.4,559.7,2055.0,190.14,60.9,SELL,1,190.14,130.8,190.13,43.7,190.12,267.8,190.11,99.7,190.1,17.7,190.3,329.4,190.31,433.8,190.32,142.3,190.33,564.6,190.34,584.9
1700000429.0,858,190.22,0.13999999999998636,190.15,74.1,190.29,12.3,1115.6000000000001,1271.4,190.15,107.5,SELL,2,190.15,74.1,190.14,381.1,190.13,10.0,190.12,431.2,190.11,219.2,190.29,12.3,190.3,32.8,190.31,382.4,190.32,357.7,190.33,486.2
1700000429.5,859,190.24,0.14000000000001478,190.17,176.0,190.31,13.9,1177.7,1608.3999999999999,190.24,0.0,BUY,0,190.17,176.0,190.16,102.0,190.15,24.8,190.14,102.5,190.13,772.4,190.31,13.9,190.32,727.7,190.33,50.8,190.34,773.4,190.35,42.6
1700000430.0,860,190.24,0.14000000000001478,190.17,82.4,190.31,18.0,452.0,434.70000000000005,190.31,31.8,BUY,2,190.17,82.4,190.16,69.4,190.15,35.2,190.14,167.1,190.13,97.9,190.31,18.0,190.32,10.0,190.33,88.4,190.34,292.8,190.35,25.5
1700000430.5,861,190.24,0.14000000000001478,190.17,17.1,190.31,53.2,1168.2,488.5,190.17,103.8,SELL,3,190.17,17.1,190.16,423.6,190.15,71.1,190.14,455.4,190.13,201.0,190.31,53.2,190.32,171.9,190.33,239.7,190.34,13.7,190.35,10.0
1700000431.0,862,190.26999999999998,0.14000000000001478,190.2,41.8,190.34,41.9,542.5,1399.1,190.34,63.1,BUY,1,190.2,41.8,190.19,93.8,190.18,15.3,190.17,361.8,190.16,29.8,190.34,41.9,190.35,104.6,190.36,339.4,190.37,10.0,190.38,903.2
1700000431.5,863,190.26999999999998,0.14000000000001478,190.2,303.9,190.34,199.2,1849.8999999999999,826.5999999999999,190.2,10.0,SELL,3,190.2,303.9,190.19,137.3,190.18,939.9,190.17,449.1,190.16,19.7,190.34,199.2,190.35,267.2,190.36,135.9,190.37,97.5,190.38,126.8
1700000432.0,864,190.28,0.13999999999998636,190.21,10.0,190.35,21.7,897.5999999999999,883.3,190.21,27.3,SELL,1,190.21,10.0,190.2,563.1,190.19,155.2,190.18,77.4,190.17,91.9,190.35,21.7,190.36,253.4,190.37,355.7,190.38,182.9,190.39,69.6
1700000432.5,865,190.25,0.13999999999998636,190.18,73.2,190.32,21.9,278.6,987.9000000000001,190.18,56.8,SELL,3,190.18,73.2,190.17,27.3,190.16,36.1,190.15,104.7,190.14,37.3,190.32,21.9,190.33,154.6,190.34,202.6,190.35,22.2,190.36,586.6
1700000433.0,866,198.75,0.13999999999998636,198.68,98.4,198.82,26.3,821.0,987.4,198.68,17.8,SELL,1,198.68,98.4,198.67,277.2,198.66,234.7,198.65,32.6,198.64,178.1,198.82,26.3,198.83,103.9,198.84,245.3,198.85,31.0,198.86,580.9
1700000433.5,867,198.75,0.13999999999998636,198.68,66.2,198.82,51.6,625.1,1120.0,198.68,94.8,SELL,3,198.68,66.2,198.67,375.1,198.66,15.5,198.65,155.1,198.64,13.2,198.82,51.6,198.83,124.3,198.84,176.3,198.85,209.1,198.86,558.7
1700000434.0,868,198.72,0.13999999999998636,198.65,219.6,198.79,68.1,576.1999999999999,2255.1,198.79,135.0,BUY,4,198.65,219.6,198.64,24.5,198.63,224.8,198.62,45.8,198.61,61.5,198.79,68.1,198.8,318.5,198.81,165.7,198.82,191.4,198.83,1511.4
1700000434.5,869,198.66500000000002,0.15000000000000568,198.59,103.1,198.74,361.1,1050.3,919.7,198.74,114.3,BUY,7,198.59,103.1,198.58,10.0,198.57,152.4,198.56,296.1,198.55,488.7,198.74,361.1,198.75,10.0,198.76,312.4,198.77,10.0,198.78,226.2
1700000435.0,870,198.66500000000002,0.15000000000000568,198.59,171.3,198.74,205.5,1275.8,783.3,198.74,10.8,BUY,2,198.59,171.3,198.58,69.6,198.57,189.6,198.56,357.6,198.55,487.7,198.74,205.5,198.75,74.4,198.76,392.9,198.77,91.4,198.78,19.1
1700000435.5,871,198.68,0.13999999999998636,198.61,192.7,198.75,31.2,1888.6999999999998,468.0,198.75,50.7,BUY,2,198.61,192.7,198.6,19.7,198.59,277.0,198.58,1348.8,198.57,50.5,198.75,31.2,198.76,12.6,198.77,264.6,198.78,93.7,198.79,65.9
1700000436.0,872,198.66,0.13999999999998636,198.59,113.0,198.73,210.7,812.6,768.6999999999999,198.73,9.0,BUY,1,198.59,113.0,198.58,30.3,198.57,51.6,198.56,466.6,198.55,151.1,198.73,210.7,198.74,49.1,198.75,108.6,198.76,329.7,198.77,70.6
1700000436.5,873,198.01999999999998,0.14000000000001478,197.95,86.4,198.09,25.4,1492.8999999999999,993.8,198.09,5.0,BUY,1,197.95,86.4,197.94,132.7,197.93,89.8,197.92,810.7,197.91,373.3,198.09,25.4,198.1,98.9,198.11,246.5,198.12,448.8,198.13,174.2
1700000437.0,874,198.0,0.13999999999998636,197.93,49.2,198.07,97.5,204.79999999999998,945.7,198.07,24.3,BUY,3,197.93,49.2,197.92,11.4,197.91,14.9,197.9,53.2,197.89,76.1,198.07,97.5,198.08,241.6,198.09,68.3,198.1,420.1,198.11,118.2
1700000437.5,875,197.99,0.14000000000001478,197.92,136.8,198.06,48.0,810.8000000000001,1302.6,198.06,5.0,BUY,3,197.92,136.8,197.91,182.0,197.9,32.8,197.89,173.6,197.88,285.6,198.06,48.0,198.07,10.0,198.08,430.1,198.09,10.0,198.1,804.5
1700000438.0,876,197.95,0.14000000000001478,197.88,257.1,198.02,35.8,1068.6,634.8,197.95,0.0,BUY,0,197.88,257.1,197.87,192.6,197.86,40.5,197.85,271.8,197.84,306.6,198.02,35.8,198.03,147.0,198.04,14.6,198.05,168.7,198.06,268.7
1700000438.5,877,197.91500000000002,0.15000000000000568,197.84,86.5,197.99,71.8,782.5,449.09999999999997,197.84,5.0,SELL,3,197.84,86.5,197.83,38.0,197.82,76.0,197.81,279.7,197.8,302.3,197.99,71.8,198.0,163.3,198.01,82.9,198.02,102.2,198.03,28.9
1700000439.0,878,197.91,0.13999999999998636,197.84,27.2,197.98,21.5,557.5,887.3,197.98,67.8,BUY,2,197.84,27.2,197.83,47.2,197.82,232.3,197.81,217.3,197.8,33.5,197.98,21.5,197.99,182.7,198.0,589.6,198.01,44.0,198.02,49.5
1700000439.5,879,197.885,0.15000000000000568,197.81,105.0,197.96,10.9,1203.6,1156.6,197.81,88.7,SELL,2,197.81,105.0,197.8,267.9,197.79,312.0,197.78,281.6,197.77,237.1,197.96,10.9,197.97,16.5,197.98,319.4,197.99,509.5,198.0,300.3
1700000440.0,880,197.9,0.13999999999998636,197.83,57.6,197.97,103.0,976.0999999999999,649.6999999999999,197.83,45.8,SELL,1,197.83,57.6,197.82,152.7,197.81,24.5,197.8,521.3,197.79,220.0,197.97,103.0,197.98,358.7,197.99,126.2,198.0,38.3,198.01,23.5
1700000440.5,881,197.88,0.13999999999998636,197.81,11.1,197.95,150.8,739.5999999999999,384.4000000000001,197.95,17.1,BUY,3,197.81,11.1,197.8,73.9,197.79,134.9,197.78,71.0,197.77,448.7,197.95,150.8,197.96,35.0,197.97,128.9,197.98,52.6,197.99,17.1
1700000441.0,882,197.85,0.13999999999998636,197.78,33.7,197.92,136.9,1719.4000000000003,813.3,197.78,5.0,SELL,1,197.78,33.7,197.77,1116.9,197.76,430.1,197.75,128.7,197.74,10.0,197.92,136.9,197.93,132.7,197.94,16.2,197.95,340.3,197.96,187.2
1700000441.5,883,205.91500000000002,0.15000000000000568,205.84,390.6,205.99,10.0,820.8999999999999,1365.1,205.99,9.7,BUY,1,205.84,390.6,205.83,201.4,205.82,30.8,205.81,106.3,205.8,91.8,205.99,10.0,206.0,194.3,206.01,34.2,206.02,679.4,206.03,447.2
1700000442.0,884,205.93,0.13999999999998636,205.86,70.6,206.0,102.2,410.6,295.4,205.86,48.9,SELL,1,205.86,70.6,205.85,38.9,205.84,11.0,205.83,72.7,205.82,217.4,206.0,102.2,206.01,47.3,206.02,70.6,206.03,65.3,206.04,10.0
1700000442.5,885,205.885,0.15000000000000568,205.81,57.5,205.96,12.2,1206.3000000000002,854.4,205.885,0.0,BUY,0,205.81,57.5,205.8,345.4,205.79,408.3,205.78,385.1,205.77,10.0,205.96,12.2,205.97,203.0,205.98,106.9,205.99,522.3,206.0,10.0
1700000443.0,886,205.84,0.13999999999998636,205.77,44.8,205.91,110.0,137.0,718.7,205.91,59.0,BUY,4,205.77,44.8,205.76,62.2,205.75,10.0,205.74,10.0,205.73,10.0,205.91,110.0,205.92,69.8,205.93,65.3,205.94,309.0,205.95,164.6
1700000443.5,887,205.82,0.13999999999998636,205.75,39.2,205.89,161.3,1299.9,793.0,205.75,7.8,SELL,1,205.75,39.2,205.74,52.9,205.73,168.5,205.72,691.7,205.71,347.6,205.89,161.3,205.9,146.7,205.91,88.9,205.92,108.0,205.93,288.1
1700000444.0,888,205.81,0.13999999999998636,205.74,315.1,205.88,28.4,764.0,542.9000000000001,205.74,22.7,SELL,3,205.74,315.1,205.73,21.6,205.72,160.3,205.71,25.6,205.7,241.4,205.88,28.4,205.89,38.7,205.9,29.9,205.91,182.1,205.92,263.8
1700000444.5,889,205.805,0.15000000000000568,205.73,30.9,205.88,23.0,252.4,911.1,205.805,0.0,BUY,0,205.73,30.9,205.72,10.0,205.71,151.4,205.7,10.0,205.69,50.1,205.88,23.0,205.89,31.2,205.9,317.8,205.91,476.7,205.92,62.4
1700000445.0,890,205.82,0.13999999999998636,205.75,30.7,205.89,27.9,2114.7999999999997,859.4,205.82,0.0,BUY,0,205.75,30.7,205.74,302.2,205.73,246.0,205.72,708.3,205.71,827.6,205.89,27.9,205.9,192.3,205.91,279.8,205.92,167.8,205.93,191.6
1700000445.5,891,205.78,0.13999999999998636,205.71,109.3,205.85,107.4,287.5,864.6,205.78,0.0,BUY,0,205.71,109.3,205.7,10.0,205.69,13.0,205.68,14.6,205.67,140.6,205.85,107.4,205.86,364.4,205.87,79.1,205.88,277.1,205.89,36.6
1700000446.0,892,205.79000000000002,0.14000000000001478,205.72,94.3,205.86,10.0,1160.0,305.0,205.86,5.8,BUY,2,205.72,94.3,205.71,21.9,205.7,217.9,205.69,712.6,205.68,113.3,205.86,10.0,205.87,100.5,205.88,20.4,205.89,23.8,205.9,150.3
1700000446.5,893,205.78,0.13999999999998636,205.71,157.4,205.85,84.3,584.2,1176.9,205.78,0.0,BUY,0,205.71,157.4,205.7,87.3,205.69,117.5,205.68,115.8,205.67,106.2,205.85,84.3,205.86,222.1,205.87,209.8,205.88,314.0,205.89,346.7
1700000447.0,894,205.805,0.15000000000000568,205.73,32.6,205.88,65.3,1548.4,939.3000000000001,205.88,85.5,BUY,1,205.73,32.6,205.72,27.9,205.71,735.9,205.7,171.9,205.69,580.1,205.88,65.3,205.89,119.2,205.9,15.0,205.91,14.1,205.92,725.7
1700000447.5,895,205.76999999999998,0.14000000000001478,205.7,119.3,205.84,147.3,818.1999999999999,1674.4,205.76999999999998,0.0,BUY,0,205.7,119.3,205.69,73.3,205.68,143.2,205.67,10.0,205.66,472.4,205.84,147.3,205.85,479.3,205.86,125.3,205.87,160.5,205.88,762.0
1700000448.0,896,205.78,0.13999999999998636,205.71,12.7,205.85,130.3,524.7,894.5999999999999,205.85,87.0,BUY,2,205.71,12.7,205.7,360.1,205.69,47.0,205.68,36.9,205.67,68.0,205.85,130.3,205.86,69.5,205.87,349.0,205.88,335.8,205.89,10.0
1700000448.5,897,205.76,0.14000000000001478,205.69,43.6,205.83,23.9,305.4,598.4000000000001,205.83,14.3,BUY,3,205.69,43.6,205.68,116.1,205.67,56.7,205.66,25.5,205.65,63.5,205.83,23.9,205.84,301.8,205.85,128.9,205.86,10.0,205.87,133.8
1700000449.0,898,195.115,0.15000000000000568,195.04,400.4,195.19,460.2,1176.2999999999997,1091.1000000000001,195.19,6.6,BUY,1,195.04,400.4,195.03,281.2,195.02,443.6,195.01,22.5,195.0,28.6,195.19,460.2,195.2,12.3,195.21,100.7,195.22,215.1,195.23,302.8
1700000449.5,899,195.11,0.1599999999999966,195.03,59.8,195.19,209.0,1191.8000000000002,576.0,195.03,37.1,SELL,1,195.03,59.8,195.02,65.9,195.01,340.5,195.0,435.5,194.99,290.1,195.19,209.0,195.2,93.7,195.21,51.2,195.22,134.0,195.23,88.1
1700000450.0,900,195.06,0.13999999999998636,194.99,27.3,195.13,111.0,195.90000000000003,1293.8000000000002,195.13,106.0,BUY,6,194.99,27.3,194.98,19.1,194.97,10.0,194.96,80.7,194.95,58.8,195.13,111.0,195.14,10.0,195.15,34.4,195.16,1040.7,195.17,97.7
1700000450.5,901,195.03,0.13999999999998636,194.96,17.4,195.1,12.0,575.3,739.1,195.1,22.3,BUY,1,194.96,17.4,194.95,104.1,194.94,180.3,194.93,156.0,194.92,117.5,195.1,12.0,195.11,314.5,195.12,276.0,195.13,62.7,195.14,73.9
1700000451.0,902,195.0,0.13999999999998636,194.93,236.4,195.07,10.0,1516.7,461.3,194.93,30.8,SELL,2,194.93,236.4,194.92,298.1,194.91,430.2,194.9,345.2,194.89,206.8,195.07,10.0,195.08,10.0,195.09,52.0,195.1,344.1,195.11,45.2
1700000451.5,903,194.94,0.1599999999999966,194.86,37.7,195.02,109.6,1336.4,1600.5,195.02,23.6,BUY,1,194.86,37.7,194.85,260.7,194.84,73.6,194.83,911.0,194.82,53.4,195.02,109.6,195.03,1178.0,195.04,132.2,195.05,10.0,195.06,170.7
1700000452.0,904,194.95,0.14000000000001478,194.88,233.9,195.02,63.3,805.4999999999999,1785.3000000000002,194.95,0.0,BUY,0,194.88,233.9,194.87,278.4,194.86,31.5,194.85,43.8,194.84,217.9,195.02,63.3,195.03,111.4,195.04,79.6,195.05,49.1,195.06,1481.9
1700000452.5,905,194.94,0.1599999999999966,194.86,101.4,195.02,70.0,801.7,473.1,194.86,5.0,SELL,1,194.86,101.4,194.85,66.4,194.84,10.0,194.83,209.4,194.82,414.5,195.02,70.0,195.03,230.3,195.04,74.4,195.05,28.9,195.06,69.5
1700000453.0,906,194.89999999999998,0.1599999999999966,194.82,22.9,194.98,364.7,484.59999999999997,1057.1000000000001,194.98,86.5,BUY,1,194.82,22.9,194.81,32.3,194.8,124.8,194.79,149.4,194.78,155.2,194.98,364.7,194.99,268.3,195.0,32.6,195.01,265.6,195.02,125.9
1700000453.5,907,194.87,0.1599999999999966,194.79,10.0,194.95,27.6,1316.7,612.0999999999999,194.79,5.0,SELL,4,194.79,10.0,194.78,89.4,194.77,237.5,194.76,360.3,194.75,619.5,194.95,27.6,194.96,10.0,194.97,133.0,194.98,107.6,194.99,333.9
1700000454.0,908,194.87,0.13999999999998636,194.8,10.0,194.94,132.9,253.9,903.8,194.8,167.0,SELL,3,194.8,10.0,194.79,57.1,194.78,75.9,194.77,18.9,194.76,92.0,194.94,132.9,194.95,261.4,194.96,265.9,194.97,23.1,194.98,220.5
1700000454.5,909,194.85,0.13999999999998636,194.78,44.8,194.92,33.8,2313.5,791.1999999999999,194.78,31.2,SELL,2,194.78,44.8,194.77,272.5,194.76,482.6,194.75,142.6,194.74,1371.0,194.92,33.8,194.93,10.0,194.94,66.7,194.95,543.3,194.96,137.4
1700000455.0,910,194.86,0.1599999999999966,194.78,38.4,194.94,171.5,619.3000000000001,1372.6999999999998,194.86,0.0,BUY,0,194.78,38.4,194.77,112.4,194.76,322.5,194.75,118.9,194.74,27.1,194.94,171.5,194.95,773.3,194.96,170.7,194.97,180.1,194.98,77.1
1700000455.5,911,194.89,0.14000000000001478,194.82,162.5,194.96,27.0,1140.9,140.5,194.96,215.5,BUY,1,194.82,162.5,194.81,66.4,194.8,245.7,194.79,293.5,194.78,372.8,194.96,27.0,194.97,32.6,194.98,20.6,194.99,46.6,195.0,13.7
1700000456.0,912,194.885,0.15000000000000568,194.81,147.8,194.96,15.2,547.8,1817.9,194.81,24.9,SELL,2,194.81,147.8,194.8,114.2,194.79,65.9,194.78,111.7,194.77,108.2,194.96,15.2,194.97,27.2,194.98,136.3,194.99,851.8,195.0,787.4
1700000456.5,913,194.91,0.13999999999998636,194.84,28.1,194.98,10.0,423.09999999999997,1336.7,194.84,26.5,SELL,4,194.84,28.1,194.83,125.5,194.82,117.8,194.81,36.7,194.8,115.0,194.98,10.0,194.99,241.9,195.0,47.0,195.01,830.9,195.02,206.9
1700000457.0,914,194.89,0.1599999999999966,194.81,96.9,194.97,109.2,367.70000000000005,1225.1,194.81,10.6,SELL,2,194.81,96.9,194.8,90.6,194.79,24.4,194.78,38.2,194.77,117.6,194.97,109.2,194.98,34.8,194.99,628.7,195.0,442.4,195.01,10.0
1700000457.5,915,194.9,0.13999999999998636,194.83,198.9,194.97,154.2,1221.1,1033.4,194.9,0.0,BUY,0,194.83,198.9,194.82,322.7,194.81,14.2,194.8,313.2,194.79,372.1,194.97,154.2,194.98,195.7,194.99,20.2,195.0,357.6,195.01,305.7
1700000458.0,916,194.9,0.13999999999998636,194.83,132.1,194.97,87.0,370.4,1106.1,194.9,0.0,BUY,0,194.83,132.1,194.82,52.1,194.81,78.2,194.8,39.6,194.79,68.4,194.97,87.0,194.98,262.8,194.99,295.3,195.0,290.5,195.01,170.5
1700000458.5,917,194.9,0.13999999999998636,194.83,374.2,194.97,14.2,1239.8,566.0,194.9,0.0,BUY,0,194.83,374.2,194.82,24.3,194.81,671.1,194.8,10.0,194.79,160.2,194.97,14.2,194.98,372.0,194.99,78.1,195.0,10.0,195.01,91.7
1700000459.0,918,194.91500000000002,0.15000000000000568,194.84,10.0,194.99,49.7,1016.3,1012.8,194.91500000000002,0.0,BUY,0,194.84,10.0,194.83,31.7,194.82,289.7,194.81,475.7,194.8,209.2,194.99,49.7,195.0,17.5,195.01,107.2,195.02,103.0,195.03,735.4
1700000459.5,919,194.93,0.13999999999998636,194.86,143.2,195.0,216.3,1658.8,1323.2,195.0,21.4,BUY,2,194.86,143.2,194.85,10.8,194.84,288.5,194.83,1054.7,194.82,161.6,195.0,216.3,195.01,739.7,195.02,174.8,195.03,182.4,195.04,10.0
1700000460.0,920,194.87,0.13999999999998636,194.8,163.8,194.94,69.6,1768.9999999999998,1778.8000000000002,194.8,37.7,SELL,1,194.8,163.8,194.79,657.3,194.78,580.8,194.77,232.1,194.76,135.0,194.94,69.6,194.95,322.0,194.96,747.1,194.97,616.2,194.98,23.9
1700000460.5,921,194.91,0.13999999999998636,194.84,42.4,194.98,237.5,498.1,1079.2,194.84,11.7,SELL,1,194.84,42.4,194.83,142.4,194.82,10.0,194.81,183.4,194.8,119.9,194.98,237.5,194.99,277.6,195.0,10.0,195.01,311.9,195.02,242.2
1700000461.0,922,194.88,0.13999999999998636,194.81,72.1,194.95,113.4,505.0,830.5,194.95,43.8,BUY,2,194.81,72.1,194.8,50.9,194.79,12.3,194.78,284.7,194.77,85.0,194.95,113.4,194.96,271.1,194.97,109.0,194.98,286.4,194.99,50.6
1700000461.5,923,194.85,0.13999999999998636,194.78,15.4,194.92,161.6,1057.5,1030.8,194.78,17.2,SELL,1,194.78,15.4,194.77,138.6,194.76,373.5,194.75,510.6,194.74,19.4,194.92,161.6,194.93,193.7,194.94,176.7,194.95,349.7,194.96,149.1
1700000462.0,924,194.81,0.13999999999998636,194.74,182.6,194.88,218.8,805.1,1336.6000000000001,194.88,75.1,BUY,5,194.74,182.6,194.73,133.6,194.72,80.8,194.71,24.5,194.7,383.6,194.88,218.8,194.89,124.9,194.9,664.0,194.91,198.0,194.92,130.9
1700000462.5,925,194.82,0.13999999999998636,194.75,23.7,194.89,74.7,820.4000000000001,1130.9,194.75,24.2,SELL,2,194.75,23.7,194.74,283.5,194.73,298.2,194.72,183.8,194.71,31.2,194.89,74.7,194.9,265.7,194.91,162.4,194.92,110.2,194.93,517.9
1700000463.0,926,194.79000000000002,0.14000000000001478,194.72,101.6,194.86,37.3,339.1,644.8,194.86,29.5,BUY,6,194.72,101.6,194.71,70.8,194.7,19.8,194.69,62.4,194.68,84.5,194.86,37.3,194.87,21.5,194.88,287.7,194.89,106.6,194.9,191.7
1700000463.5,927,194.78,0.13999999999998636,194.71,246.4,194.85,10.0,987.6,1851.3999999999999,194.71,26.0,SELL,3,194.71,246.4,194.7,115.9,194.69,46.6,194.68,490.1,194.67,88.6,194.85,10.0,194.86,453.6,194.87,339.2,194.88,124.3,194.89,924.3
1700000464.0,928,194.79000000000002,0.1599999999999966,194.71,10.0,194.87,218.1,819.9,1291.2,194.71,5.0,SELL,3,194.71,10.0,194.7,17.8,194.69,270.0,194.68,460.0,194.67,62.1,194.87,218.1,194.88,158.8,194.89,54.2,194.9,392.8,194.91,467.3
1700000464.5,929,194.81,0.13999999999998636,194.74,23.6,194.88,10.0,430.0,1050.7,194.88,13.0,BUY,1,194.74,23.6,194.73,149.1,194.72,46.4,194.71,16.0,194.7,194.9,194.88,10.0,194.89,284.5,194.9,63.5,194.91,365.9,194.92,326.8
1700000465.0,930,194.79000000000002,0.1599999999999966,194.71,84.5,194.87,22.6,467.3,230.1,194.71,9.7,SELL,2,194.71,84.5,194.7,75.9,194.69,24.6,194.68,57.8,194.67,224.5,194.87,22.6,194.88,39.9,194.89,147.6,194.9,10.0,194.91,10.0
1700000465.5,931,194.76,0.14000000000001478,194.69,52.0,194.83,50.9,597.3,1715.0,194.69,7.0,SELL,2,194.69,52.0,194.68,59.5,194.67,221.9,194.66,65.8,194.65,198.1,194.83,50.9,194.84,433.5,194.85,854.9,194.86,10.2,194.87,365.5
1700000466.0,932,194.73000000000002,0.1599999999999966,194.65,229.3,194.81,38.3,760.1,884.1,194.73000000000002,0.0,BUY,0,194.65,229.3,194.64,188.8,194.63,27.8,194.62,99.1,194.61,215.1,194.81,38.3,194.82,141.9,194.83,262.6,194.84,118.2,194.85,323.1
1700000466.5,933,194.7,0.14000000000001478,194.63,31.7,194.77,30.0,488.4,281.6,194.77,6.1,BUY,3,194.63,31.7,194.62,18.6,194.61,22.3,194.6,74.1,194.59,341.7,194.77,30.0,194.78,94.9,194.79,10.0,194.8,58.6,194.81,88.1
1700000467.0,934,189.60000000000002,0.1599999999999966,189.52,56.8,189.68,185.5,668.2,2135.2000000000003,189.68,11.3,BUY,2,189.52,56.8,189.51,209.3,189.5,60.4,189.49,41.4,189.48,300.3,189.68,185.5,189.69,46.3,189.7,127.3,189.71,998.7,189.72,777.4
1700000467.5,935,189.59,0.13999999999998636,189.52,41.9,189.66,74.0,815.3,495.9,189.59,0.0,BUY,0,189.52,41.9,189.51,59.2,189.5,170.7,189.49,418.0,189.48,125.5,189.66,74.0,189.67,86.8,189.68,118.5,189.69,148.6,189.7,68.0
1700000468.0,936,189.57999999999998,0.14000000000001478,189.51,151.3,189.65,78.4,691.0999999999999,1648.8999999999999,189.51,9.5,SELL,3,189.51,151.3,189.5,19.6,189.49,31.5,189.48,325.4,189.47,163.3,189.65,78.4,189.66,437.0,189.67,757.8,189.68,10.0,189.69,365.7
1700000468.5,937,189.56,0.13999999999998636,189.49,15.4,189.63,19.7,582.5,1155.6000000000001,189.49,5.0,SELL,2,189.49,15.4,189.48,212.2,189.47,35.1,189.46,33.6,189.45,286.2,189.63,19.7,189.64,78.4,189.65,337.6,189.66,202.2,189.67,517.7
1700000469.0,938,212.04000000000002,0.14000000000001478,211.97,28.7,212.11,638.9,446.6,1818.1,212.11,5.0,BUY,1,211.97,28.7,211.96,153.2,211.95,36.9,211.94,69.2,211.93,158.6,212.11,638.9,212.12,737.9,212.13,141.3,212.14,154.9,212.15,145.1
1700000469.5,939,212.01,0.14000000000001478,211.94,122.1,212.08,104.2,728.5999999999999,1148.2,212.08,28.5,BUY,1,211.94,122.1,211.93,99.3,211.92,35.5,211.91,293.4,211.9,178.3,212.08,104.2,212.09,16.2,212.1,743.1,212.11,31.9,212.12,252.8
1700000470.0,940,211.99,0.14000000000001478,211.92,234.5,212.06,190.7,1583.9,1028.1,212.06,22.6,BUY,2,211.92,234.5,211.91,87.5,211.9,303.8,211.89,475.0,211.88,483.1,212.06,190.7,212.07,120.1,212.08,38.8,212.09,363.5,212.1,315.0
1700000470.5,941,211.98000000000002,0.14000000000001478,211.91,10.0,212.05,200.6,1027.1000000000001,756.1,211.91,49.3,SELL,2,211.91,10.0,211.9,110.8,211.89,289.3,211.88,417.3,211.87,199.7,212.05,200.6,212.06,92.0,212.07,187.1,212.08,210.9,212.09,65.5
1700000471.0,942,211.99,0.14000000000001478,211.92,47.5,212.06,158.9,594.2,646.3,211.92,124.9,SELL,3,211.92,47.5,211.91,423.8,211.9,21.1,211.89,62.6,211.88,39.2,212.06,158.9,212.07,107.8,212.08,147.2,212.09,182.2,212.1,50.2
1700000471.5,943,211.98000000000002,0.14000000000001478,211.91,276.4,212.05,52.4,1584.5,952.5,212.05,103.1,BUY,3,211.91,276.4,211.9,10.0,211.89,653.0,211.88,243.1,211.87,402.0,212.05,52.4,212.06,94.8,212.07,345.8,212.08,34.5,212.09,425.0
1700000472.0,944,211.94,0.13999999999998636,211.87,22.2,212.01,60.4,498.5,1552.2,212.01,32.6,BUY,2,211.87,22.2,211.86,59.7,211.85,314.7,211.84,10.0,211.83,91.9,212.01,60.4,212.02,113.2,212.03,527.5,212.04,123.0,212.05,728.1
1700000472.5,945,211.91500000000002,0.15000000000000568,211.84,230.9,211.99,32.1,1232.0,444.79999999999995,211.84,9.7,SELL,1,211.84,230.9,211.83,76.2,211.82,195.1,211.81,604.5,211.8,125.3,211.99,32.1,212.0,10.3,212.01,151.0,212.02,198.5,212.03,52.9
1700000473.0,946,211.94,0.13999999999998636,211.87,84.8,212.01,10.0,300.4,620.8000000000001,211.87,76.9,SELL,1,211.87,84.8,211.86,10.5,211.85,39.1,211.84,91.6,211.83,74.4,212.01,10.0,212.02,413.0,212.03,10.0,212.04,63.1,212.05,124.7
1700000473.5,947,211.91500000000002,0.15000000000000568,211.84,184.4,211.99,158.5,888.5000000000001,893.1,211.99,9.0,BUY,1,211.84,184.4,211.83,26.0,211.82,141.8,211.81,498.2,211.8,38.1,211.99,158.5,212.0,42.9,212.01,494.0,212.02,131.3,212.03,66.4
1700000474.0,948,211.91500000000002,0.15000000000000568,211.84,108.2,211.99,19.2,771.0999999999999,440.4,211.91500000000002,0.0,BUY,0,211.84,108.2,211.83,68.6,211.82,18.2,211.81,445.4,211.8,130.7,211.99,19.2,212.0,49.9,212.01,174.0,212.02,92.8,212.03,104.5
1700000474.5,949,211.95,0.14000000000001478,211.88,86.1,212.02,39.4,867.1,1547.3999999999999,211.88,28.4,SELL,2,211.88,86.1,211.87,325.9,211.86,38.0,211.85,331.9,211.84,85.2,212.02,39.4,212.03,74.4,212.04,925.7,212.05,490.3,212.06,17.6
1700000475.0,950,211.93,0.13999999999998636,211.86,69.6,212.0,280.3,507.4,1432.3999999999999,212.0,11.1,BUY,4,211.86,69.6,211.85,57.3,211.84,299.2,211.83,57.6,211.82,23.7,212.0,280.3,212.01,66.6,212.02,497.7,212.03,202.6,212.04,385.2
1700000475.5,951,211.91,0.13999999999998636,211.84,10.0,211.98,10.0,1533.1,284.1,211.84,5.0,SELL,2,211.84,10.0,211.83,235.9,211.82,56.2,211.81,148.7,211.8,1082.3,211.98,10.0,211.99,34.9,212.0,54.2,212.01,108.0,212.02,77.0
1700000476.0,952,211.91,0.13999999999998636,211.84,92.4,211.98,80.1,853.4,1044.6,211.98,14.3,BUY,1,211.84,92.4,211.83,48.0,211.82,422.0,211.81,234.1,211.8,56.9,211.98,80.1,211.99,64.4,212.0,283.3,212.01,130.3,212.02,486.5
1700000476.5,953,211.89999999999998,0.1599999999999966,211.82,21.2,211.98,29.5,1277.6000000000001,1316.5,211.98,11.1,BUY,2,211.82,21.2,211.81,534.4,211.8,336.5,211.79,115.2,211.78,270.3,211.98,29.5,211.99,196.1,212.0,206.7,212.01,56.3,212.02,827.9
1700000477.0,954,211.84,0.13999999999998636,211.77,33.2,211.91,21.3,433.5,530.9,211.91,5.0,BUY,2,211.77,33.2,211.76,61.1,211.75,71.1,211.74,141.2,211.73,126.9,211.91,21.3,211.92,117.7,211.93,10.0,211.94,213.9,211.95,168.0
1700000477.5,955,211.87,0.13999999999998636,211.8,15.3,211.94,228.8,1162.5,2063.7000000000003,211.8,17.3,SELL,2,211.8,15.3,211.79,34.7,211.78,65.6,211.77,895.9,211.76,151.0,211.94,228.8,211.95,563.1,211.96,311.3,211.97,816.1,211.98,144.4
1700000478.0,956,211.84,0.13999999999998636,211.77,21.4,211.91,256.8,755.5,673.2,211.84,0.0,BUY,0,211.77,21.4,211.76,11.2,211.75,24.5,211.74,47.5,211.73,650.9,211.91,256.8,211.92,144.2,211.93,97.3,211.94,78.7,211.95,96.2
1700000478.5,957,211.82,0.13999999999998636,211.75,480.8,211.89,115.6,878.1,513.3,211.89,86.3,BUY,2,211.75,480.8,211.74,30.3,211.73,108.2,211.72,225.9,211.71,32.9,211.89,115.6,211.9,75.8,211.91,157.6,211.92,10.0,211.93,154.3
1700000479.0,958,211.81,0.13999999999998636,211.74,59.3,211.88,251.3,1057.1000000000001,462.5,211.88,26.3,BUY,4,211.74,59.3,211.73,207.3,211.72,397.3,211.71,349.5,211.7,43.7,211.88,251.3,211.89,48.4,211.9,56.8,211.91,60.7,211.92,45.3
1700000479.5,959,211.78,0.13999999999998636,211.71,191.7,211.85,73.6,1081.8,239.7,211.78,0.0,BUY,0,211.71,191.7,211.7,179.4,211.69,275.9,211.68,418.8,211.67,16.0,211.85,73.6,211.86,17.1,211.87,27.2,211.88,90.2,211.89,31.6
1700000480.0,960,211.75,0.13999999999998636,211.68,17.2,211.82,50.1,811.3,1693.1,211.82,47.0,BUY,3,211.68,17.2,211.67,242.8,211.66,10.3,211.65,369.8,211.64,171.2,211.82,50.1,211.83,391.4,211.84,112.9,211.85,793.1,211.86,345.6
1700000480.5,961,211.72,0.13999999999998636,211.65,10.0,211.79,206.0,1115.3,1325.3999999999999,211.72,0.0,BUY,0,211.65,10.0,211.64,292.6,211.63,196.7,211.62,10.0,211.61,606.0,211.79,206.0,211.8,68.7,211.81,60.5,211.82,749.1,211.83,241.1
1700000481.0,962,211.70999999999998,0.14000000000001478,211.64,189.1,211.78,70.2,1135.8,826.7,211.64,5.0,SELL,3,211.64,189.1,211.63,57.9,211.62,325.9,211.61,141.2,211.6,421.7,211.78,70.2,211.79,352.7,211.8,208.9,211.81,134.2,211.82,60.7
1700000481.5,963,204.69,0.13999999999998636,204.62,106.6,204.76,201.8,537.3,1876.6,204.76,209.5,BUY,2,204.62,106.6,204.61,55.8,204.6,97.6,204.59,149.8,204.58,127.5,204.76,201.8,204.77,586.0,204.78,266.4,204.79,329.9,204.8,492.5
1700000482.0,964,204.66500000000002,0.15000000000000568,204.59,137.3,204.74,10.0,843.6,982.6,204.74,43.9,BUY,3,204.59,137.3,204.58,101.8,204.57,147.1,204.56,38.5,204.55,418.9,204.74,10.0,204.75,244.9,204.76,291.7,204.77,204.1,204.78,231.9
1700000482.5,965,204.635,0.15000000000000568,204.56,106.0,204.71,128.5,772.8,743.7,204.71,21.0,BUY,3,204.56,106.0,204.55,108.4,204.54,129.5,204.53,109.8,204.52,319.1,204.71,128.5,204.72,46.3,204.73,325.5,204.74,14.1,204.75,229.3
1700000483.0,966,204.66,0.13999999999998636,204.59,96.1,204.73,20.4,567.0,772.6,204.66,0.0,BUY,0,204.59,96.1,204.58,189.5,204.57,11.9,204.56,116.6,204.55,152.9,204.73,20.4,204.74,268.7,204.75,76.1,204.76,283.8,204.77,123.6
1700000483.5,967,204.65,0.13999999999998636,204.58,141.5,204.72,78.9,787.3,561.6,204.72,23.9,BUY,2,204.58,141.5,204.57,20.0,204.56,76.7,204.55,30.2,204.54,518.9,204.72,78.9,204.73,19.3,204.74,161.1,204.75,24.8,204.76,277.5
1700000484.0,968,204.65,0.13999999999998636,204.58,63.6,204.72,10.0,1309.6000000000001,542.0,204.72,33.5,BUY,3,204.58,63.6,204.57,552.0,204.56,296.0,204.55,285.3,204.54,112.7,204.72,10.0,204.73,57.5,204.74,263.1,204.75,118.1,204.76,93.3
1700000484.5,969,204.67000000000002,0.14000000000001478,204.6,29.0,204.74,108.5,1926.4,411.3,204.6,31.6,SELL,2,204.6,29.0,204.59,64.9,204.58,207.1,204.57,282.6,204.56,1342.8,204.74,108.5,204.75,22.4,204.76,217.1,204.77,10.0,204.78,53.3
1700000485.0,970,188.87,0.1599999999999966,188.79,293.9,188.95,16.1,1181.0,1497.7,188.95,62.3,BUY,1,188.79,293.9,188.78,45.6,188.77,205.7,188.76,381.7,188.75,254.1,188.95,16.1,188.96,93.2,188.97,10.0,188.98,527.1,188.99,851.3
1700000485.5,971,188.865,0.12999999999999545,188.8,62.3,188.93,10.0,1420.0,842.7,188.865,0.0,BUY,0,188.8,62.3,188.79,194.7,188.78,10.5,188.77,947.1,188.76,205.4,188.93,10.0,188.94,285.4,188.95,32.6,188.96,189.9,188.97,324.8
1700000486.0,972,188.85,0.13999999999998636,188.78,55.5,188.92,481.9,430.00000000000006,1222.6,188.78,15.8,SELL,1,188.78,55.5,188.77,248.8,188.76,33.3,188.75,29.1,188.74,63.3,188.92,481.9,188.93,216.4,188.94,19.3,188.95,171.6,188.96,333.4
1700000486.5,973,188.84,0.13999999999998636,188.77,301.8,188.91,182.2,1548.9,828.4,188.84,0.0,BUY,0,188.77,301.8,188.76,53.5,188.75,378.0,188.74,161.1,188.73,654.5,188.91,182.2,188.92,152.1,188.93,90.3,188.94,273.2,188.95,130.6
1700000487.0,974,188.84,0.13999999999998636,188.77,96.0,188.91,54.4,1524.7999999999997,708.6000000000001,188.91,43.8,BUY,1,188.77,96.0,188.76,105.2,188.75,206.2,188.74,630.8,188.73,486.6,188.91,54.4,188.92,164.4,188.93,294.1,188.94,51.9,188.95,143.8
1700000487.5,975,188.81,0.13999999999998636,188.74,45.8,188.88,38.6,456.5,1509.9,188.88,20.5,BUY,2,188.74,45.8,188.73,10.0,188.72,105.7,188.71,187.0,188.7,108.0,188.88,38.6,188.89,10.0,188.9,102.2,188.91,558.7,188.92,800.4
1700000488.0,976,188.76999999999998,0.14000000000001478,188.7,26.0,188.84,300.6,232.60000000000002,1528.0,188.76999999999998,0.0,BUY,0,188.7,26.0,188.69,35.8,188.68,10.0,188.67,147.3,188.66,13.5,188.84,300.6,188.85,122.2,188.86,272.2,188.87,583.9,188.88,249.1
1700000488.5,977,188.76999999999998,0.14000000000001478,188.7,188.2,188.84,98.2,945.6,1274.3,188.84,8.2,BUY,1,188.7,188.2,188.69,163.5,188.68,162.8,188.67,149.0,188.66,282.1,188.84,98.2,188.85,235.3,188.86,34.7,188.87,83.3,188.88,822.8
1700000489.0,978,188.76999999999998,0.14000000000001478,188.7,282.2,188.84,180.4,1415.3999999999999,1403.7,188.76999999999998,0.0,BUY,0,188.7,282.2,188.69,527.1,188.68,263.9,188.67,158.5,188.66,183.7,188.84,180.4,188.85,909.3,188.86,140.3,188.87,10.0,188.88,163.7
1700000489.5,979,188.76999999999998,0.14000000000001478,188.7,31.5,188.84,312.9,258.4,1670.9,188.84,44.4,BUY,3,188.7,31.5,188.69,105.0,188.68,10.0,188.67,42.4,188.66,69.5,188.84,312.9,188.85,305.0,188.86,204.4,188.87,115.1,188.88,733.5
1700000490.0,980,188.76,0.14000000000001478,188.69,164.9,188.83,72.8,1516.5,1807.8,188.76,0.0,BUY,0,188.69,164.9,188.68,36.8,188.67,772.0,188.66,193.5,188.65,349.3,188.83,72.8,188.84,45.9,188.85,50.2,188.86,1155.6,188.87,483.3
1700000490.5,981,188.76999999999998,0.14000000000001478,188.7,79.6,188.84,34.5,1166.1999999999998,444.0,188.84,79.2,BUY,1,188.7,79.6,188.69,88.0,188.68,10.0,188.67,923.0,188.66,65.6,188.84,34.5,188.85,117.5,188.86,61.5,188.87,50.7,188.88,179.8
1700000491.0,982,188.75,0.13999999999998636,188.68,52.9,188.82,10.0,1172.8000000000002,623.9000000000001,188.75,0.0,BUY,0,188.68,52.9,188.67,12.2,188.66,886.6,188.65,85.9,188.64,135.2,188.82,10.0,188.83,84.4,188.84,86.7,188.85,100.2,188.86,342.6
1700000491.5,983,188.75,0.13999999999998636,188.68,109.9,188.82,43.4,682.4000000000001,724.2,188.82,121.5,BUY,4,188.68,109.9,188.67,109.6,188.66,139.3,188.65,57.3,188.64,266.3,188.82,43.4,188.83,142.4,188.84,205.6,188.85,10.0,188.86,322.8
1700000492.0,984,198.2,0.14000000000001478,198.13,507.6,198.27,66.3,1109.1999999999998,1291.3,198.2,0.0,BUY,0,198.13,507.6,198.12,10.0,198.11,77.8,198.1,217.7,198.09,296.1,198.27,66.3,198.28,45.5,198.29,293.4,198.3,813.6,198.31,72.5
1700000492.5,985,198.19,0.13999999999998636,198.12,172.2,198.26,30.0,1274.5,526.8,198.19,0.0,BUY,0,198.12,172.2,198.11,228.9,198.1,800.6,198.09,62.8,198.08,10.0,198.26,30.0,198.27,291.4,198.28,56.1,198.29,44.9,198.3,104.4
1700000493.0,986,198.20999999999998,0.1599999999999966,198.13,84.9,198.29,70.7,472.40000000000003,1369.3999999999999,198.13,82.6,SELL,1,198.13,84.9,198.12,192.6,198.11,134.3,198.1,10.0,198.09,50.6,198.29,70.7,198.3,38.9,198.31,276.2,198.32,33.3,198.33,950.3
1700000493.5,987,198.23000000000002,0.14000000000001478,198.16,76.4,198.3,48.7,854.9000000000001,2041.0,198.16,19.4,SELL,2,198.16,76.4,198.15,88.1,198.14,107.0,198.13,280.7,198.12,302.7,198.3,48.7,198.31,265.0,198.32,450.9,198.33,433.4,198.34,843.0
1700000494.0,988,198.22,0.13999999999998636,198.15,10.0,198.29,204.6,1763.8000000000002,797.6999999999999,198.15,56.9,SELL,4,198.15,10.0,198.14,73.0,198.13,513.7,198.12,858.6,198.11,308.5,198.29,204.6,198.3,225.2,198.31,90.3,198.32,147.5,198.33,130.1
1700000494.5,989,198.23000000000002,0.14000000000001478,198.16,48.4,198.3,10.0,433.6,352.90000000000003,198.3,51.5,BUY,1,198.16,48.4,198.15,146.5,198.14,21.5,198.13,67.3,198.12,149.9,198.3,10.0,198.31,137.2,198.32,47.4,198.33,76.0,198.34,82.3
1700000495.0,990,198.24,0.14000000000001478,198.17,193.5,198.31,292.0,1117.6,832.2,198.24,0.0,BUY,0,198.17,193.5,198.16,40.4,198.15,17.7,198.14,798.3,198.13,67.7,198.31,292.0,198.32,32.6,198.33,263.6,198.34,230.0,198.35,14.0
1700000495.5,991,198.26,0.14000000000001478,198.19,148.5,198.33,105.6,678.6,1844.4,198.19,14.4,SELL,2,198.19,148.5,198.18,61.3,198.17,64.8,198.16,158.5,198.15,245.5,198.33,105.6,198.34,353.5,198.35,695.6,198.36,619.0,198.37,70.7
1700000496.0,992,198.28,0.13999999999998636,198.21,204.8,198.35,59.4,867.6,378.9,198.35,49.1,BUY,2,198.21,204.8,198.2,24.6,198.19,28.5,198.18,145.1,198.17,464.6,198.35,59.4,198.36,93.9,198.37,156.2,198.38,59.4,198.39,10.0
1700000496.5,993,198.26999999999998,0.14000000000001478,198.2,10.0,198.34,64.8,1289.2,1197.5,198.34,6.5,BUY,1,198.2,10.0,198.19,39.3,198.18,141.2,198.17,1034.4,198.16,64.3,198.34,64.8,198.35,572.0,198.36,360.6,198.37,21.7,198.38,178.4
1700000497.0,994,198.26,0.14000000000001478,198.19,10.0,198.33,248.1,484.9,1143.2,198.33,19.0,BUY,3,198.19,10.0,198.18,96.4,198.17,15.0,198.16,252.5,198.15,111.0,198.33,248.1,198.34,74.7,198.35,126.9,198.36,57.4,198.37,636.1
1700000497.5,995,198.28,0.13999999999998636,198.21,107.6,198.35,12.0,1257.1999999999998,1063.1999999999998,198.28,0.0,BUY,0,198.21,107.6,198.2,487.2,198.19,143.7,198.18,73.8,198.17,444.9,198.35,12.0,198.36,106.5,198.37,59.7,198.38,500.4,198.39,384.6
1700000498.0,996,198.32,0.13999999999998636,198.25,123.7,198.39,80.1,544.0,2892.0,198.39,64.8,BUY,2,198.25,123.7,198.24,70.3,198.23,10.0,198.22,214.6,198.21,125.4,198.39,80.1,198.4,155.8,198.41,573.9,198.42,733.7,198.43,1348.5
1700000498.5,997,198.28,0.13999999999998636,198.21,33.4,198.35,46.3,971.8,1396.3000000000002,198.21,9.4,SELL,1,198.21,33.4,198.2,693.7,198.19,78.3,198.18,76.5,198.17,89.9,198.35,46.3,198.36,205.7,198.37,10.0,198.38,27.1,198.39,1107.2
1700000499.0,998,198.31,0.13999999999998636,198.24,21.0,198.38,53.5,1008.6999999999999,544.5,198.38,47.9,BUY,2,198.24,21.0,198.23,822.5,198.22,61.9,198.21,73.9,198.2,29.4,198.38,53.5,198.39,16.2,198.4,12.1,198.41,10.0,198.42,452.7
1700000499.5,999,198.29000000000002,0.14000000000001478,198.22,51.2,198.36,214.7,441.9,807.2,198.22,84.1,SELL,2,198.22,51.2,198.21,28.7,198.2,72.4,198.19,152.2,198.18,137.4,198.36,214.7,198.37,201.4,198.38,86.8,198.39,152.5,198.4,151.8
1700000500.0,1000,198.32,0.13999999999998636,198.25,182.3,198.39,204.1,1172.9,891.8,198.39,26.3,BUY,1,198.25,182.3,198.24,240.4,198.23,185.7,198.22,515.4,198.21,49.1,198.39,204.1,198.4,37.6,198.41,294.3,198.42,137.1,198.43,218.7
1700000500.5,1001,198.31,0.13999999999998636,198.24,167.3,198.38,124.6,409.30000000000007,1350.8,198.38,38.9,BUY,4,198.24,167.3,198.23,84.4,198.22,10.0,198.21,137.6,198.2,10.0,198.38,124.6,198.39,35.0,198.4,35.2,198.41,968.5,198.42,187.5
1700000501.0,1002,198.305,0.15000000000000568,198.23,272.1,198.38,50.0,1306.8999999999999,1026.4,198.23,65.5,SELL,2,198.23,272.1,198.22,64.6,198.21,175.5,198.2,570.4,198.19,224.3,198.38,50.0,198.39,78.3,198.4,565.4,198.41,44.9,198.42,287.8
1700000501.5,1003,198.3,0.1599999999999966,198.22,200.9,198.38,42.7,743.8,570.5,198.3,0.0,BUY,0,198.22,200.9,198.21,85.5,198.2,155.9,198.19,187.7,198.18,113.8,198.38,42.7,198.39,78.7,198.4,125.5,198.41,79.1,198.42,244.5
1700000502.0,1004,198.305,0.15000000000000568,198.23,165.3,198.38,17.4,1257.6,762.3,198.23,35.7,SELL,2,198.23,165.3,198.22,552.7,198.21,187.0,198.2,209.3,198.19,143.3,198.38,17.4,198.39,189.4,198.4,336.0,198.41,34.9,198.42,184.6
1700000502.5,1005,195.58499999999998,0.15000000000000568,195.51,67.6,195.66,30.5,768.8,711.8,195.51,50.0,SELL,2,195.51,67.6,195.5,369.0,195.49,113.0,195.48,131.9,195.47,87.3,195.66,30.5,195.67,155.2,195.68,167.3,195.69,122.0,195.7,236.8
1700000503.0,1006,195.56,0.13999999999998636,195.49,42.3,195.63,161.3,963.3000000000001,1655.4999999999998,195.49,23.6,SELL,2,195.49,42.3,195.48,237.8,195.47,10.0,195.46,363.6,195.45,309.6,195.63,161.3,195.64,245.0,195.65,1045.6,195.66,191.5,195.67,12.1
1700000503.5,1007,195.57999999999998,0.1599999999999966,195.5,159.9,195.66,87.3,1056.9,3980.3999999999996,195.5,11.0,SELL,2,195.5,159.9,195.49,78.1,195.48,346.1,195.47,351.5,195.46,121.3,195.66,87.3,195.67,247.5,195.68,1447.0,195.69,1489.3,195.7,709.3
1700000504.0,1008,216.84,0.13999999999998636,216.77,236.2,216.91,414.0,1906.1999999999998,2000.1,216.91,56.6,BUY,1,216.77,236.2,216.76,201.1,216.75,26.8,216.74,1148.6,216.73,293.5,216.91,414.0,216.92,495.4,216.93,10.0,216.94,259.9,216.95,820.8
1700000504.5,1009,216.82,0.1599999999999966,216.74,47.9,216.9,238.7,542.7,1422.3,216.74,29.6,SELL,3,216.74,47.9,216.73,109.6,216.72,41.3,216.71,119.9,216.7,224.0,216.9,238.7,216.91,175.2,216.92,15.2,216.93,37.2,216.94,956.0
1700000505.0,1010,216.8,0.1599999999999966,216.72,159.4,216.88,226.6,1770.9,1103.4,216.72,10.7,SELL,2,216.72,159.4,216.71,141.6,216.7,265.9,216.69,716.9,216.68,487.1,216.88,226.6,216.89,510.5,216.9,56.2,216.91,72.1,216.92,238.0
1700000505.5,1011,216.805,0.15000000000000568,216.73,67.5,216.88,176.7,848.2,1394.7999999999997,216.88,7.4,BUY,1,216.73,67.5,216.72,467.6,216.71,14.4,216.7,10.0,216.69,288.7,216.88,176.7,216.89,604.9,216.9,78.0,216.91,39.3,216.92,495.9
1700000506.0,1012,216.805,0.15000000000000568,216.73,14.0,216.88,389.0,495.6,1168.5,216.88,60.3,BUY,1,216.73,14.0,216.72,158.9,216.71,198.4,216.7,51.2,216.69,73.1,216.88,389.0,216.89,275.9,216.9,103.6,216.91,174.2,216.92,225.8
1700000506.5,1013,216.81,0.13999999999998636,216.74,378.8,216.88,10.0,1067.9,1005.0,216.81,0.0,BUY,0,216.74,378.8,216.73,284.7,216.72,68.3,216.71,30.1,216.7,306.0,216.88,10.0,216.89,339.0,216.9,24.6,216.91,207.9,216.92,423.5
1700000507.0,1014,216.81,0.13999999999998636,216.74,356.6,216.88,439.5,691.4,837.1000000000001,216.74,23.8,SELL,1,216.74,356.6,216.73,163.5,216.72,85.3,216.71,76.0,216.7,10.0,216.88,439.5,216.89,14.6,216.9,151.8,216.91,143.2,216.92,88.0
1700000507.5,1015,216.78,0.13999999999998636,216.71,242.0,216.85,10.0,1532.6,305.5,216.71,77.6,SELL,1,216.71,242.0,216.7,516.7,216.69,25.8,216.68,654.6,216.67,93.5,216.85,10.0,216.86,10.0,216.87,24.3,216.88,190.0,216.89,71.2
1700000508.0,1016,216.76999999999998,0.14000000000001478,216.7,529.6,216.84,31.9,1213.5,287.5,216.7,60.9,SELL,1,216.7,529.6,216.69,61.2,216.68,10.0,216.67,246.4,216.66,366.3,216.84,31.9,216.85,29.1,216.86,14.7,216.87,197.8,216.88,14.0
1700000508.5,1017,216.76999999999998,0.14000000000001478,216.7,187.5,216.84,10.0,760.8,626.4,216.84,42.2,BUY,2,216.7,187.5,216.69,217.8,216.68,48.5,216.67,193.1,216.66,113.9,216.84,10.0,216.85,204.5,216.86,16.5,216.87,17.5,216.88,377.9
1700000509.0,1018,216.78,0.13999999999998636,216.71,15.5,216.85,119.6,453.70000000000005,842.4,216.78,0.0,BUY,0,216.71,15.5,216.7,117.4,216.69,47.3,216.68,143.4,216.67,130.1,216.85,119.6,216.86,79.7,216.87,235.1,216.88,10.0,216.89,398.0
1700000509.5,1019,216.76999999999998,0.14000000000001478,216.7,112.2,216.84,184.9,558.7,473.29999999999995,216.7,39.1,SELL,1,216.7,112.2,216.69,222.4,216.68,32.5,216.67,92.4,216.66,99.2,216.84,184.9,216.85,18.6,216.86,57.4,216.87,72.4,216.88,140.0
1700000510.0,1020,216.73000000000002,0.14000000000001478,216.66,46.3,216.8,130.1,868.9000000000001,621.5,216.66,31.4,SELL,1,216.66,46.3,216.65,166.3,216.64,36.3,216.63,141.4,216.62,478.6,216.8,130.1,216.81,35.7,216.82,36.0,216.83,361.5,216.84,58.2
1700000510.5,1021,216.74,0.14000000000001478,216.67,50.7,216.81,109.9,1326.0,824.6,216.81,66.3,BUY,2,216.67,50.7,216.66,36.3,216.65,297.1,216.64,310.2,216.63,631.7,216.81,109.9,216.82,128.4,216.83,10.0,216.84,316.9,216.85,259.4
1700000511.0,1022,216.72,0.13999999999998636,216.65,22.9,216.79,202.9,921.8000000000001,1182.8,216.79,56.6,BUY,1,216.65,22.9,216.64,95.0,216.63,728.7,216.62,65.2,216.61,10.0,216.79,202.9,216.8,84.0,216.81,289.2,216.82,238.6,216.83,368.1
1700000511.5,1023,216.76,0.14000000000001478,216.69,121.9,216.83,74.5,1022.3999999999999,445.1,216.69,40.9,SELL,3,216.69,121.9,216.68,32.3,216.67,589.9,216.66,214.0,216.65,64.3,216.83,74.5,216.84,159.1,216.85,21.4,216.86,151.0,216.87,39.1
1700000512.0,1024,216.745,0.17000000000001592,216.66,66.9,216.83,175.6,679.5999999999999,974.6999999999999,216.83,29.7,BUY,3,216.66,66.9,216.65,20.6,216.64,380.3,216.63,53.1,216.62,158.7,216.83,175.6,216.84,130.4,216.85,341.9,216.86,15.4,216.87,311.4
1700000512.5,1025,216.70999999999998,0.14000000000001478,216.64,96.7,216.78,225.9,759.1,1094.1000000000001,216.78,7.3,BUY,1,216.64,96.7,216.63,42.5,216.62,297.2,216.61,212.6,216.6,110.1,216.78,225.9,216.79,78.4,216.8,74.4,216.81,403.7,216.82,311.7
1700000513.0,1026,216.7,0.1599999999999966,216.62,57.2,216.78,68.1,1262.2,967.6,216.62,5.0,SELL,2,216.62,57.2,216.61,63.3,216.6,420.4,216.59,100.6,216.58,620.7,216.78,68.1,216.79,256.1,216.8,35.2,216.81,58.2,216.82,550.0
1700000513.5,1027,216.70999999999998,0.14000000000001478,216.64,202.3,216.78,11.3,852.3,383.9,216.78,40.6,BUY,1,216.64,202.3,216.63,18.8,216.62,345.9,216.61,72.5,216.6,212.8,216.78,11.3,216.79,103.4,216.8,70.6,216.81,12.1,216.82,186.5
1700000514.0,1028,216.695,0.15000000000000568,216.62,95.6,216.77,140.1,562.5,570.8,216.77,12.3,BUY,2,216.62,95.6,216.61,10.0,216.6,89.1,216.59,357.8,216.58,10.0,216.77,140.1,216.78,182.3,216.79,27.8,216.8,167.2,216.81,53.4
1700000514.5,1029,216.73000000000002,0.14000000000001478,216.66,45.8,216.8,118.2,391.7,1918.5,216.66,59.6,SELL,2,216.66,45.8,216.65,18.4,216.64,120.4,216.63,161.9,216.62,45.2,216.8,118.2,216.81,369.8,216.82,203.0,216.83,540.5,216.84,687.0
1700000515.0,1030,216.72,0.13999999999998636,216.65,10.0,216.79,111.1,432.6,1127.6,216.72,0.0,BUY,0,216.65,10.0,216.64,121.3,216.63,18.1,216.62,139.4,216.61,143.8,216.79,111.1,216.8,323.3,216.81,145.4,216.82,477.7,216.83,70.1
1700000515.5,1031,216.695,0.15000000000000568,216.62,201.3,216.77,53.0,1322.5,642.7,216.62,202.8,SELL,3,216.62,201.3,216.61,79.7,216.6,507.1,216.59,289.8,216.58,244.6,216.77,53.0,216.78,146.1,216.79,10.0,216.8,324.4,216.81,109.2
1700000516.0,1032,216.69,0.13999999999998636,216.62,164.8,216.76,43.7,2007.4999999999998,440.2,216.62,13.3,SELL,2,216.62,164.8,216.61,356.0,216.6,636.5,216.59,687.4,216.58,162.8,216.76,43.7,216.77,99.3,216.78,36.0,216.79,29.1,216.8,232.1
1700000516.5,1033,188.41,0.13999999999998636,188.34,84.9,188.48,10.0,557.8000000000001,499.1,188.48,6.6,BUY,3,188.34,84.9,188.33,241.4,188.32,181.9,188.31,21.7,188.3,27.9,188.48,10.0,188.49,94.9,188.5,239.2,188.51,32.8,188.52,122.2
1700000517.0,1034,188.39999999999998,0.1599999999999966,188.32,114.4,188.48,251.1,996.1,1272.8000000000002,188.39999999999998,0.0,BUY,0,188.32,114.4,188.31,51.0,188.3,182.7,188.29,427.1,188.28,220.9,188.48,251.1,188.49,101.7,188.5,119.8,188.51,41.6,188.52,758.6
1700000517.5,1035,188.385,0.15000000000000568,188.31,22.4,188.46,41.3,1097.5,1168.8999999999999,188.31,14.0,SELL,2,188.31,22.4,188.3,762.9,188.29,69.3,188.28,102.9,188.27,140.0,188.46,41.3,188.47,521.9,188.48,269.9,188.49,132.8,188.5,203.0
1700000518.0,1036,188.385,0.15000000000000568,188.31,204.2,188.46,131.2,1603.0,341.4,188.385,0.0,BUY,0,188.31,204.2,188.3,308.7,188.29,193.7,188.28,136.0,188.27,760.4,188.46,131.2,188.47,10.2,188.48,25.6,188.49,34.2,188.5,140.2
1700000518.5,1037,188.4,0.13999999999998636,188.33,269.6,188.47,146.6,1364.2000000000003,906.0000000000001,188.33,5.0,SELL,4,188.33,269.6,188.32,345.5,188.31,46.0,188.3,574.7,188.29,128.4,188.47,146.6,188.48,201.0,188.49,65.3,188.5,338.5,188.51,154.6
1700000519.0,1038,188.41000000000003,0.1599999999999966,188.33,14.7,188.49,494.0,416.9,902.8,188.49,112.0,BUY,1,188.33,14.7,188.32,28.2,188.31,17.3,188.3,110.3,188.29,246.4,188.49,494.0,188.5,16.4,188.51,107.6,188.52,224.8,188.53,60.0
1700000519.5,1039,188.44,0.13999999999998636,188.37,126.0,188.51,98.0,270.9,2565.2,188.51,8.8,BUY,2,188.37,126.0,188.36,13.8,188.35,111.1,188.34,10.0,188.33,10.0,188.51,98.0,188.52,450.7,188.53,455.0,188.54,161.2,188.55,1400.3
1700000520.0,1040,188.43,0.1599999999999966,188.35,136.1,188.51,30.0,921.5,358.1,188.51,12.0,BUY,4,188.35,136.1,188.34,56.3,188.33,97.4,188.32,77.5,188.31,554.2,188.51,30.0,188.52,33.7,188.53,10.0,188.54,146.6,188.55,137.8
1700000520.5,1041,188.45999999999998,0.14000000000001478,188.39,207.8,188.53,226.9,740.4,807.5,188.45999999999998,0.0,BUY,0,188.39,207.8,188.38,416.5,188.37,14.5,188.36,79.1,188.35,22.5,188.53,226.9,188.54,51.6,188.55,51.1,188.56,46.9,188.57,431.0
1700000521.0,1042,188.45999999999998,0.14000000000001478,188.39,39.7,188.53,19.0,1844.4,1264.3,188.53,84.6,BUY,4,188.39,39.7,188.38,100.9,188.37,95.3,188.36,19.6,188.35,1588.9,188.53,19.0,188.54,334.7,188.55,415.9,188.56,424.2,188.57,70.5
1700000521.5,1043,188.45,0.14000000000001478,188.38,85.9,188.52,18.1,1043.7,620.6,188.52,7.9,BUY,2,188.38,85.9,188.37,325.3,188.36,267.5,188.35,189.5,188.34,175.5,188.52,18.1,188.53,52.4,188.54,401.4,188.55,24.8,188.56,123.9
1700000522.0,1044,188.44,0.13999999999998636,188.37,211.7,188.51,185.9,1245.5,1099.2,188.37,9.1,SELL,1,188.37,211.7,188.36,558.8,188.35,14.1,188.34,165.4,188.33,295.5,188.51,185.9,188.52,52.7,188.53,142.9,188.54,546.4,188.55,171.3
1700000522.5,1045,188.43,0.13999999999998636,188.36,61.2,188.5,208.0,185.5,1476.3000000000002,188.5,50.7,BUY,3,188.36,61.2,188.35,16.3,188.34,32.0,188.33,66.0,188.32,10.0,188.5,208.0,188.51,112.6,188.52,193.8,188.53,264.4,188.54,697.5
1700000523.0,1046,188.44,0.13999999999998636,188.37,24.6,188.51,28.9,598.8000000000001,1409.9,188.51,25.3,BUY,4,188.37,24.6,188.36,53.8,188.35,221.8,188.34,181.8,188.33,116.8,188.51,28.9,188.52,402.0,188.53,146.0,188.54,30.2,188.55,802.8
1700000523.5,1047,188.45,0.14000000000001478,188.38,39.9,188.52,303.0,602.8000000000001,1619.0,188.52,10.3,BUY,2,188.38,39.9,188.37,328.6,188.36,83.1,188.35,32.0,188.34,119.2,188.52,303.0,188.53,15.0,188.54,367.6,188.55,693.4,188.56,240.0
1700000524.0,1048,188.43,0.13999999999998636,188.36,73.6,188.5,29.0,518.8,487.79999999999995,188.5,58.7,BUY,3,188.36,73.6,188.35,204.3,188.34,169.7,188.33,59.9,188.32,11.3,188.5,29.0,188.51,12.4,188.52,283.4,188.53,108.4,188.54,54.6
1700000524.5,1049,188.41500000000002,0.15000000000000568,188.34,18.8,188.49,51.3,1226.7,980.4999999999999,188.49,5.0,BUY,1,188.34,18.8,188.33,179.8,188.32,751.2,188.31,165.3,188.3,111.6,188.49,51.3,188.5,74.6,188.51,258.3,188.52,504.4,188.53,91.9
1700000525.0,1050,188.41500000000002,0.15000000000000568,188.34,61.2,188.49,154.5,860.3000000000001,757.5,188.34,11.0,SELL,2,188.34,61.2,188.33,102.5,188.32,176.2,188.31,307.3,188.3,213.1,188.49,154.5,188.5,43.9,188.51,58.5,188.52,24.0,188.53,476.6
1700000525.5,1051,188.44,0.13999999999998636,188.37,62.7,188.51,335.1,496.1,748.4,188.44,0.0,BUY,0,188.37,62.7,188.36,78.3,188.35,118.5,188.34,149.3,188.33,87.3,188.51,335.1,188.52,71.6,188.53,113.9,188.54,122.5,188.55,105.3
1700000526.0,1052,188.43,0.13999999999998636,188.36,14.3,188.5,68.6,1088.3,303.59999999999997,188.43,0.0,BUY,0,188.36,14.3,188.35,357.5,188.34,125.1,188.33,81.8,188.32,509.6,188.5,68.6,188.51,140.7,188.52,27.5,188.53,10.4,188.54,56.4
1700000526.5,1053,188.43,0.13999999999998636,188.36,83.3,188.5,139.4,733.1,1863.6,188.36,5.0,SELL,2,188.36,83.3,188.35,104.4,188.34,391.3,188.33,10.0,188.32,144.1,188.5,139.4,188.51,146.9,188.52,183.7,188.53,322.3,188.54,1071.3
1700000527.0,1054,188.39,0.1599999999999966,188.31,60.9,188.47,25.8,786.1,582.1,188.47,13.4,BUY,3,188.31,60.9,188.3,275.9,188.29,344.0,188.28,23.7,188.27,81.6,188.47,25.8,188.48,155.0,188.49,74.6,188.5,252.9,188.51,73.8
1700000527.5,1055,188.35,0.13999999999998636,188.28,72.4,188.42,238.9,441.20000000000005,621.3000000000001,188.35,0.0,BUY,0,188.28,72.4,188.27,94.2,188.26,111.2,188.25,30.3,188.24,133.1,188.42,238.9,188.43,269.6,188.44,34.0,188.45,30.7,188.46,48.1
1700000528.0,1056,188.34,0.13999999999998636,188.27,312.0,188.41,225.4,703.6999999999999,1201.1999999999998,188.41,43.0,BUY,1,188.27,312.0,188.26,180.0,188.25,77.9,188.24,71.0,188.23,62.8,188.41,225.4,188.42,466.7,188.43,168.2,188.44,10.0,188.45,330.9
1700000528.5,1057,188.33499999999998,0.15000000000000568,188.26,170.5,188.41,10.0,1062.7,729.9000000000001,188.41,5.0,BUY,1,188.26,170.5,188.25,10.0,188.24,459.7,188.23,43.0,188.22,379.5,188.41,10.0,188.42,194.8,188.43,82.9,188.44,204.7,188.45,237.5
1700000529.0,1058,188.36,0.1599999999999966,188.28,32.0,188.44,87.8,366.5,408.4,188.28,88.7,SELL,4,188.28,32.0,188.27,10.0,188.26,109.0,188.25,12.1,188.24,203.4,188.44,87.8,188.45,27.0,188.46,86.3,188.47,10.0,188.48,197.3
1700000529.5,1059,188.34,0.13999999999998636,188.27,16.7,188.41,20.2,1088.8,1116.2,188.34,0.0,BUY,0,188.27,16.7,188.26,57.3,188.25,364.7,188.24,10.1,188.23,640.0,188.41,20.2,188.42,33.4,188.43,61.9,188.44,27.1,188.45,973.6
1700000530.0,1060,188.28,0.160000000000025,188.2,118.1,188.36,88.2,1289.1999999999998,391.5,188.36,5.0,BUY,4,188.2,118.1,188.19,401.7,188.18,255.8,188.17,487.1,188.16,26.5,188.36,88.2,188.37,161.4,188.38,45.0,188.39,10.0,188.4,86.9
1700000530.5,1061,188.28,0.13999999999998636,188.21,29.6,188.35,85.8,1480.9,863.7,188.35,5.9,BUY,1,188.21,29.6,188.2,491.2,188.19,134.9,188.18,129.0,188.17,696.2,188.35,85.8,188.36,128.3,188.37,543.0,188.38,84.1,188.39,22.5
1700000531.0,1062,188.26999999999998,0.14000000000001478,188.2,177.5,188.34,59.9,1284.3,917.6,188.34,14.1,BUY,3,188.2,177.5,188.19,475.2,188.18,250.3,188.17,10.0,188.16,371.3,188.34,59.9,188.35,151.8,188.36,238.7,188.37,232.1,188.38,235.1
1700000531.5,1063,202.97,0.160000000000025,202.89,97.6,203.05,138.4,961.1,1293.8,202.89,67.5,SELL,2,202.89,97.6,202.88,117.4,202.87,163.6,202.86,236.9,202.85,345.6,203.05,138.4,203.06,92.0,203.07,377.8,203.08,326.9,203.09,358.7
1700000532.0,1064,202.99,0.14000000000001478,202.92,107.4,203.06,71.6,1812.7,1134.6999999999998,203.06,20.8,BUY,3,202.92,107.4,202.91,46.9,202.9,349.6,202.89,10.0,202.88,1298.8,203.06,71.6,203.07,140.6,203.08,206.2,203.09,706.3,203.1,10.0
1700000532.5,1065,196.5,0.160000000000025,196.42,83.5,196.58,10.0,493.1,495.3,196.42,25.2,SELL,2,196.42,83.5,196.41,94.6,196.4,10.0,196.39,265.6,196.38,39.4,196.58,10.0,196.59,57.9,196.6,149.7,196.61,223.0,196.62,54.7
1700000533.0,1066,196.5,0.13999999999998636,196.43,178.1,196.57,154.8,627.4,606.4,196.5,0.0,BUY,0,196.43,178.1,196.42,62.0,196.41,121.6,196.4,186.2,196.39,79.5,196.57,154.8,196.58,96.1,196.59,10.0,196.6,335.5,196.61,10.0
1700000533.5,1067,196.51999999999998,0.14000000000001478,196.45,22.2,196.59,37.7,526.5,1055.2,196.59,44.4,BUY,1,196.45,22.2,196.44,224.7,196.43,92.5,196.42,68.8,196.41,118.3,196.59,37.7,196.6,58.7,196.61,99.4,196.62,201.4,196.63,658.0
1700000534.0,1068,196.53,0.13999999999998636,196.46,25.6,196.6,23.5,885.5999999999999,358.1,196.53,0.0,BUY,0,196.46,25.6,196.45,214.5,196.44,43.6,196.43,280.2,196.42,321.7,196.6,23.5,196.61,214.1,196.62,60.5,196.63,50.0,196.64,10.0
1700000534.5,1069,196.51999999999998,0.14000000000001478,196.45,197.1,196.59,336.3,863.9,2220.9,196.59,51.1,BUY,1,196.45,197.1,196.44,10.0,196.43,57.0,196.42,566.0,196.41,33.8,196.59,336.3,196.6,24.8,196.61,621.8,196.62,383.4,196.63,854.6
1700000535.0,1070,196.54000000000002,0.14000000000001478,196.47,132.8,196.61,100.6,589.3,813.7,196.47,36.4,SELL,1,196.47,132.8,196.46,276.4,196.45,63.0,196.44,45.7,196.43,71.4,196.61,100.6,196.62,157.4,196.63,90.3,196.64,59.2,196.65,406.2
1700000535.5,1071,196.53,0.13999999999998636,196.46,428.3,196.6,24.4,1041.4,1068.0,196.53,0.0,BUY,0,196.46,428.3,196.45,103.2,196.44,55.5,196.43,153.3,196.42,301.1,196.6,24.4,196.61,14.6,196.62,263.6,196.63,495.9,196.64,269.5
1700000536.0,1072,196.5,0.13999999999998636,196.43,247.2,196.57,254.3,372.0,799.9,196.57,22.2,BUY,1,196.43,247.2,196.42,10.0,196.41,30.5,196.4,10.0,196.39,74.3,196.57,254.3,196.58,230.2,196.59,134.6,196.6,35.3,196.61,145.5
1700000536.5,1073,196.45999999999998,0.1599999999999966,196.38,22.1,196.54,37.9,951.3,799.1,196.38,5.0,SELL,2,196.38,22.1,196.37,128.1,196.36,56.7,196.35,575.8,196.34,168.6,196.54,37.9,196.55,56.5,196.56,32.7,196.57,272.0,196.58,400.0
1700000537.0,1074,196.43,0.13999999999998636,196.36,126.3,196.5,459.6,2160.8,1539.9,196.5,7.1,BUY,1,196.36,126.3,196.35,441.6,196.34,52.0,196.33,484.0,196.32,1056.9,196.5,459.6,196.51,471.0,196.52,118.1,196.53,12.7,196.54,478.5
1700000537.5,1075,196.4,0.13999999999998636,196.33,99.8,196.47,13.2,796.7,680.7,196.4,0.0,BUY,0,196.33,99.8,196.32,27.2,196.31,180.8,196.3,100.2,196.29,388.7,196.47,13.2,196.48,20.0,196.49,98.9,196.5,450.9,196.51,97.7
1700000538.0,1076,196.41500000000002,0.15000000000000568,196.34,254.6,196.49,93.3,1207.0,608.0999999999999,196.34,5.0,SELL,4,196.34,254.6,196.33,24.6,196.32,177.7,196.31,312.4,196.3,437.7,196.49,93.3,196.5,12.5,196.51,165.6,196.52,28.3,196.53,308.4
1700000538.5,1077,196.39,0.1599999999999966,196.31,35.1,196.47,10.0,1153.9,757.4000000000001,196.39,0.0,BUY,0,196.31,35.1,196.3,98.8,196.29,108.4,196.28,412.7,196.27,498.9,196.47,10.0,196.48,165.2,196.49,178.9,196.5,236.5,196.51,166.8
1700000539.0,1078,196.39,0.14000000000001478,196.32,25.0,196.46,277.2,432.2,1344.1,196.46,42.2,BUY,2,196.32,25.0,196.31,37.8,196.3,120.8,196.29,43.6,196.28,205.0,196.46,277.2,196.47,56.3,196.48,215.6,196.49,275.2,196.5,519.8
1700000539.5,1079,196.34,0.13999999999998636,196.27,38.0,196.41,168.2,646.0,1523.8000000000002,196.41,6.3,BUY,2,196.27,38.0,196.26,10.0,196.25,291.4,196.24,163.1,196.23,143.5,196.41,168.2,196.42,160.7,196.43,252.9,196.44,570.6,196.45,371.4
1700000540.0,1080,196.34,0.13999999999998636,196.27,103.3,196.41,43.0,865.3,591.7,196.41,5.0,BUY,2,196.27,103.3,196.26,138.9,196.25,384.1,196.24,30.7,196.23,208.3,196.41,43.0,196.42,303.4,196.43,21.3,196.44,163.5,196.45,60.5
1700000540.5,1081,196.33499999999998,0.15000000000000568,196.26,390.1,196.41,205.9,1206.9,643.7,196.33499999999998,0.0,BUY,0,196.26,390.1,196.25,38.1,196.24,537.7,196.23,129.3,196.22,111.7,196.41,205.9,196.42,155.9,196.43,10.0,196.44,137.8,196.45,134.1
1700000541.0,1082,196.33499999999998,0.15000000000000568,196.26,219.3,196.41,24.9,593.0,857.7,196.41,5.0,BUY,1,196.26,219.3,196.25,149.1,196.24,180.4,196.23,33.6,196.22,10.6,196.41,24.9,196.42,59.0,196.43,128.3,196.44,496.6,196.45,148.9
1700000541.5,1083,196.32,0.13999999999998636,196.25,90.3,196.39,54.2,656.5,871.2,196.25,14.8,SELL,1,196.25,90.3,196.24,58.8,196.23,175.1,196.22,321.8,196.21,10.5,196.39,54.2,196.4,61.3,196.41,101.5,196.42,101.0,196.43,553.2
1700000542.0,1084,196.31,0.13999999999998636,196.24,166.3,196.38,355.3,2218.2000000000003,713.1,196.31,0.0,BUY,0,196.24,166.3,196.23,204.9,196.22,137.5,196.21,522.1,196.2,1187.4,196.38,355.3,196.39,266.8,196.4,13.3,196.41,61.0,196.42,16.7
1700000542.5,1085,196.305,0.15000000000000568,196.23,52.2,196.38,312.0,986.8000000000001,1362.0,196.23,43.6,SELL,4,196.23,52.2,196.22,222.4,196.21,151.1,196.2,10.0,196.19,551.1,196.38,312.0,196.39,423.4,196.4,163.5,196.41,63.5,196.42,399.6
1700000543.0,1086,196.305,0.15000000000000568,196.23,77.6,196.38,20.5,538.3000000000001,1442.1,196.38,11.2,BUY,2,196.23,77.6,196.22,75.0,196.21,10.0,196.2,283.1,196.19,92.6,196.38,20.5,196.39,262.2,196.4,21.4,196.41,482.9,196.42,655.1
1700000543.5,1087,196.31,0.13999999999998636,196.24,10.0,196.38,15.3,376.70000000000005,455.69999999999993,196.24,6.7,SELL,1,196.24,10.0,196.23,20.3,196.22,10.0,196.21,169.8,196.2,166.6,196.38,15.3,196.39,45.8,196.4,300.3,196.41,59.9,196.42,34.4
1700000544.0,1088,196.305,0.15000000000000568,196.23,20.2,196.38,408.8,786.6999999999999,2287.0,196.38,61.1,BUY,2,196.23,20.2,196.22,158.5,196.21,211.1,196.2,178.8,196.19,218.1,196.38,408.8,196.39,541.6,196.4,10.0,196.41,570.4,196.42,756.2
1700000544.5,1089,196.26999999999998,0.14000000000001478,196.2,526.3,196.34,149.4,1266.3,749.1,196.34,6.1,BUY,3,196.2,526.3,196.19,216.5,196.18,181.1,196.17,117.8,196.16,224.6,196.34,149.4,196.35,97.0,196.36,115.8,196.37,336.3,196.38,50.6
1700000545.0,1090,196.25,0.13999999999998636,196.18,10.0,196.32,69.2,623.5,1500.6,196.32,30.6,BUY,1,196.18,10.0,196.17,43.2,196.16,531.3,196.15,23.8,196.14,15.2,196.32,69.2,196.33,87.7,196.34,109.7,196.35,1224.0,196.36,10.0
1700000545.5,1091,196.25,0.13999999999998636,196.18,332.0,196.32,10.0,1768.8,1225.0,196.18,44.1,SELL,1,196.18,332.0,196.17,123.8,196.16,1194.3,196.15,72.8,196.14,45.9,196.32,10.0,196.33,126.4,196.34,10.0,196.35,997.6,196.36,81.0
1700000546.0,1092,196.23000000000002,0.1599999999999966,196.15,79.8,196.31,35.7,501.5,673.0,196.23000000000002,0.0,BUY,0,196.15,79.8,196.14,24.7,196.13,160.2,196.12,220.0,196.11,16.8,196.31,35.7,196.32,10.7,196.33,80.1,196.34,427.4,196.35,119.1
1700000546.5,1093,196.24,0.14000000000001478,196.17,10.0,196.31,102.8,978.0999999999999,1364.1999999999998,196.17,106.4,SELL,1,196.17,10.0,196.16,136.8,196.15,417.0,196.14,123.8,196.13,290.5,196.31,102.8,196.32,199.4,196.33,170.1,196.34,253.9,196.35,638.0
1700000547.0,1094,196.22,0.13999999999998636,196.15,80.7,196.29,86.6,676.1,814.5999999999999,196.22,0.0,BUY,0,196.15,80.7,196.14,138.0,196.13,180.2,196.12,83.3,196.11,193.9,196.29,86.6,196.3,56.5,196.31,95.1,196.32,358.9,196.33,217.5
1700000547.5,1095,196.24,0.14000000000001478,196.17,130.6,196.31,22.1,753.7,1340.0,196.17,40.3,SELL,2,196.17,130.6,196.16,306.1,196.15,14.3,196.14,49.2,196.13,253.5,196.31,22.1,196.32,78.5,196.33,32.2,196.34,644.8,196.35,562.4
1700000548.0,1096,196.26,0.14000000000001478,196.19,87.1,196.33,28.1,793.8000000000001,2216.8,196.19,5.0,SELL,5,196.19,87.1,196.18,10.0,196.17,130.6,196.16,464.5,196.15,101.6,196.33,28.1,196.34,184.3,196.35,590.7,196.36,1065.9,196.37,347.8
1700000548.5,1097,196.26,0.1599999999999966,196.18,565.1,196.34,289.6,2120.5,562.5,196.26,0.0,BUY,0,196.18,565.1,196.17,313.4,196.16,113.1,196.15,891.4,196.14,237.5,196.34,289.6,196.35,10.0,196.36,127.5,196.37,18.4,196.38,117.0
1700000549.0,1098,196.24,0.14000000000001478,196.17,20.8,196.31,41.8,567.0,994.0,196.17,51.2,SELL,2,196.17,20.8,196.16,107.9,196.15,300.3,196.14,105.8,196.13,32.2,196.31,41.8,196.32,291.8,196.33,237.3,196.34,37.4,196.35,385.7
1700000549.5,1099,196.195,0.15000000000000568,196.12,100.9,196.27,99.8,871.0,973.4,196.27,56.5,BUY,3,196.12,100.9,196.11,71.2,196.1,35.8,196.09,199.5,196.08,463.6,196.27,99.8,196.28,204.2,196.29,63.9,196.3,344.4,196.31,261.1
1700000550.0,1100,196.2,0.14000000000001478,196.13,161.6,196.27,46.6,485.7,1141.3,196.27,121.0,BUY,3,196.13,161.6,196.12,10.0,196.11,77.6,196.1,135.8,196.09,100.7,196.27,46.6,196.28,157.5,196.29,663.5,196.3,160.6,196.31,113.1
1700000550.5,1101,196.22,0.13999999999998636,196.15,119.0,196.29,318.8,552.5,1378.3000000000002,196.22,0.0,BUY,0,196.15,119.0,196.14,15.1,196.13,79.4,196.12,34.1,196.11,304.9,196.29,318.8,196.3,133.9,196.31,151.1,196.32,368.0,196.33,406.5
1700000551.0,1102,196.18,0.13999999999998636,196.11,109.1,196.25,195.1,874.8,2598.4,196.18,0.0,BUY,0,196.11,109.1,196.1,235.7,196.09,187.2,196.08,61.6,196.07,281.2,196.25,195.1,196.26,283.0,196.27,996.2,196.28,341.0,196.29,783.1
1700000551.5,1103,196.19,0.13999999999998636,196.12,148.2,196.26,13.1,718.8000000000001,1162.7,196.12,10.3,SELL,4,196.12,148.2,196.11,117.4,196.1,160.6,196.09,36.7,196.08,255.9,196.26,13.1,196.27,10.0,196.28,217.6,196.29,95.4,196.3,826.6
1700000552.0,1104,196.16,0.13999999999998636,196.09,42.8,196.23,104.3,319.99999999999994,1827.2,196.23,8.9,BUY,2,196.09,42.8,196.08,111.4,196.07,96.7,196.06,14.2,196.05,54.9,196.23,104.3,196.24,412.0,196.25,854.6,196.26,275.1,196.27,181.2
1700000552.5,1105,196.12,0.13999999999998636,196.05,56.1,196.19,154.9,1298.6,840.9,196.19,9.3,BUY,1,196.05,56.1,196.04,10.0,196.03,10.0,196.02,402.2,196.01,820.3,196.19,154.9,196.2,267.1,196.21,27.0,196.22,200.3,196.23,191.6
1700000553.0,1106,196.115,0.15000000000000568,196.04,166.6,196.19,103.4,527.3999999999999,2570.2,196.19,83.0,BUY,4,196.04,166.6,196.03,10.0,196.02,132.2,196.01,87.9,196.0,130.7,196.19,103.4,196.2,472.7,196.21,616.6,196.22,148.9,196.23,1228.6
1700000553.5,1107,196.07999999999998,0.14000000000001478,196.01,15.9,196.15,60.7,405.0,572.4,196.15,66.0,BUY,1,196.01,15.9,196.0,44.7,195.99,138.3,195.98,23.2,195.97,182.9,196.15,60.7,196.16,201.3,196.17,95.7,196.18,31.6,196.19,183.1
1700000554.0,1108,196.07999999999998,0.14000000000001478,196.01,60.8,196.15,89.9,1033.6,554.1999999999999,196.01,17.5,SELL,2,196.01,60.8,196.0,164.7,195.99,148.5,195.98,411.0,195.97,248.6,196.15,89.9,196.16,10.0,196.17,146.2,196.18,286.7,196.19,21.4
1700000554.5,1109,196.06,0.13999999999998636,195.99,106.5,196.13,10.3,1140.2,952.5,196.13,12.2,BUY,2,195.99,106.5,195.98,96.6,195.97,106.9,195.96,10.0,195.95,820.2,196.13,10.3,196.14,15.8,196.15,524.3,196.16,142.9,196.17,259.2
1700000555.0,1110,196.04000000000002,0.14000000000001478,195.97,167.1,196.11,132.0,908.9,548.9000000000001,195.97,8.3,SELL,3,195.97,167.1,195.96,62.5,195.95,25.8,195.94,404.9,195.93,248.6,196.11,132.0,196.12,202.1,196.13,24.6,196.14,23.0,196.15,167.2
1700000555.5,1111,196.01,0.1599999999999966,195.93,14.4,196.09,225.1,1615.3000000000002,1252.7,196.09,11.6,BUY,5,195.93,14.4,195.92,157.6,195.91,177.8,195.9,397.1,195.89,868.4,196.09,225.1,196.1,250.5,196.11,171.0,196.12,119.3,196.13,486.8
1700000556.0,1112,195.99,0.14000000000001478,195.92,16.9,196.06,17.2,1098.6,936.9,196.06,25.8,BUY,2,195.92,16.9,195.91,369.9,195.9,234.2,195.89,150.1,195.88,327.5,196.06,17.2,196.07,51.5,196.08,217.8,196.09,475.9,196.1,174.5
1700000556.5,1113,196.0,0.13999999999998636,195.93,328.0,196.07,14.2,757.4,666.7,195.93,5.0,SELL,4,195.93,328.0,195.92,46.9,195.91,91.4,195.9,96.1,195.89,195.0,196.07,14.2,196.08,10.0,196.09,135.8,196.1,10.0,196.11,496.7
1700000557.0,1114,196.0,0.13999999999998636,195.93,57.7,196.07,12.7,578.6,663.6999999999999,195.93,47.3,SELL,4,195.93,57.7,195.92,10.0,195.91,128.8,195.9,225.8,195.89,156.3,196.07,12.7,196.08,162.6,196.09,93.8,196.1,109.7,196.11,284.9
1700000557.5,1115,196.01,0.14000000000001478,195.94,255.5,196.08,71.6,1296.3,1415.5,196.01,0.0,BUY,0,195.94,255.5,195.93,29.2,195.92,79.6,195.91,591.5,195.9,340.5,196.08,71.6,196.09,312.0,196.1,534.1,196.11,391.7,196.12,106.1
1700000558.0,1116,195.98000000000002,0.14000000000001478,195.91,145.9,196.05,19.8,718.9999999999999,696.9000000000001,196.05,37.0,BUY,4,195.91,145.9,195.9,55.6,195.89,92.7,195.88,267.4,195.87,157.4,196.05,19.8,196.06,192.8,196.07,106.4,196.08,325.7,196.09,52.2
1700000558.5,1117,195.98000000000002,0.14000000000001478,195.91,83.2,196.05,277.8,259.29999999999995,1368.4999999999998,195.91,65.3,SELL,2,195.91,83.2,195.9,137.5,195.89,16.2,195.88,12.4,195.87,10.0,196.05,277.8,196.06,145.7,196.07,187.3,196.08,628.9,196.09,128.8
1700000559.0,1118,195.95999999999998,0.14000000000001478,195.89,100.1,196.03,439.5,587.4,1186.6,196.03,76.9,BUY,3,195.89,100.1,195.88,41.0,195.87,63.7,195.86,295.7,195.85,86.9,196.03,439.5,196.04,390.3,196.05,281.8,196.06,51.3,196.07,23.7
1700000559.5,1119,195.95999999999998,0.14000000000001478,195.89,319.5,196.03,65.8,835.0,858.2,195.89,5.0,SELL,5,195.89,319.5,195.88,265.6,195.87,92.1,195.86,147.8,195.85,10.0,196.03,65.8,196.04,101.1,196.05,215.7,196.06,408.9,196.07,66.7
1700000560.0,1120,195.94,0.13999999999998636,195.87,166.4,196.01,206.5,1172.7,1622.8,195.94,0.0,BUY,0,195.87,166.4,195.86,338.9,195.85,147.1,195.84,51.7,195.83,468.6,196.01,206.5,196.02,53.0,196.03,108.5,196.04,790.1,196.05,464.7
1700000560.5,1121,195.92000000000002,0.14000000000001478,195.85,129.4,195.99,88.5,1064.6000000000001,1185.8,195.99,148.5,BUY,1,195.85,129.4,195.84,143.3,195.83,111.9,195.82,116.3,195.81,563.7,195.99,88.5,196.0,50.9,196.01,556.0,196.02,78.2,196.03,412.2
1700000561.0,1122,195.89999999999998,0.1599999999999966,195.82,99.1,195.98,55.3,978.5,495.0,195.82,110.5,SELL,2,195.82,99.1,195.81,31.1,195.8,311.3,195.79,250.3,195.78,286.7,195.98,55.3,195.99,86.1,196.0,10.0,196.01,333.6,196.02,10.0
1700000561.5,1123,195.93,0.13999999999998636,195.86,187.9,196.0,15.2,1234.6,785.4000000000001,196.0,34.0,BUY,2,195.86,187.9,195.85,27.8,195.84,678.0,195.83,224.8,195.82,116.1,196.0,15.2,196.01,190.1,196.02,235.1,196.03,192.3,196.04,152.7
1700000562.0,1124,195.92000000000002,0.14000000000001478,195.85,10.0,195.99,329.8,585.1,805.6000000000001,195.85,36.9,SELL,2,195.85,10.0,195.84,10.0,195.83,85.7,195.82,97.7,195.81,381.7,195.99,329.8,196.0,14.0,196.01,305.4,196.02,62.7,196.03,93.7
1700000562.5,1125,195.91500000000002,0.15000000000000568,195.84,112.4,195.99,59.3,1423.0,293.00000000000006,195.84,26.9,SELL,3,195.84,112.4,195.83,10.0,195.82,569.6,195.81,92.3,195.8,638.7,195.99,59.3,196.0,20.6,196.01,14.5,196.02,173.8,196.03,24.8
1700000563.0,1126,195.91,0.13999999999998636,195.84,45.4,195.98,45.7,1315.0,284.4,195.98,34.7,BUY,1,195.84,45.4,195.83,10.0,195.82,321.4,195.81,203.4,195.8,734.8,195.98,45.7,195.99,90.1,196.0,21.7,196.01,87.5,196.02,39.4
1700000563.5,1127,195.85,0.13999999999998636,195.78,38.0,195.92,148.5,402.6,951.0,195.78,8.3,SELL,4,195.78,38.0,195.77,63.7,195.76,91.2,195.75,30.8,195.74,178.9,195.92,148.5,195.93,10.0,195.94,90.2,195.95,692.3,195.96,10.0
1700000564.0,1128,195.84,0.13999999999998636,195.77,264.2,195.91,11.8,966.8999999999999,334.3,195.91,5.0,BUY,1,195.77,264.2,195.76,357.1,195.75,10.0,195.74,216.8,195.73,118.8,195.91,11.8,195.92,33.7,195.93,102.8,195.94,176.0,195.95,10.0
1700000564.5,1129,195.87,0.13999999999998636,195.8,63.5,195.94,48.7,786.1,998.5,195.94,43.3,BUY,1,195.8,63.5,195.79,144.9,195.78,222.6,195.77,231.2,195.76,123.9,195.94,48.7,195.95,32.3,195.96,306.8,195.97,398.7,195.98,212.0
1700000565.0,1130,195.85000000000002,0.1599999999999966,195.77,240.6,195.93,200.1,732.0,567.2,195.93,131.9,BUY,1,195.77,240.6,195.76,72.7,195.75,26.7,195.74,221.3,195.73,170.7,195.93,200.1,195.94,53.8,195.95,119.2,195.96,157.9,195.97,36.2
1700000565.5,1131,195.82,0.13999999999998636,195.75,46.1,195.89,229.9,562.8,1715.1999999999998,195.89,5.3,BUY,2,195.75,46.1,195.74,177.2,195.73,72.8,195.72,214.9,195.71,51.8,195.89,229.9,195.9,146.1,195.91,184.4,195.92,428.7,195.93,726.1
1700000566.0,1132,195.83499999999998,0.15000000000000568,195.76,286.4,195.91,305.9,1599.6999999999998,1297.5,195.91,74.7,BUY,3,195.76,286.4,195.75,278.9,195.74,13.8,195.73,683.7,195.72,336.9,195.91,305.9,195.92,84.6,195.93,752.0,195.94,29.9,195.95,125.1
1700000566.5,1133,195.82999999999998,0.14000000000001478,195.76,48.9,195.9,97.0,1283.5,1091.3,195.9,27.7,BUY,2,195.76,48.9,195.75,159.4,195.74,98.6,195.73,553.7,195.72,422.9,195.9,97.0,195.91,105.9,195.92,22.1,195.93,346.0,195.94,520.3
1700000567.0,1134,195.805,0.15000000000000568,195.73,185.4,195.88,187.2,1261.7,1221.7,195.73,14.0,SELL,3,195.73,185.4,195.72,13.8,195.71,500.0,195.7,552.5,195.69,10.0,195.88,187.2,195.89,304.5,195.9,327.8,195.91,303.8,195.92,98.4
1700000567.5,1135,195.78,0.13999999999998636,195.71,10.0,195.85,67.1,680.6,625.3,195.85,12.1,BUY,2,195.71,10.0,195.7,18.7,195.69,197.3,195.68,206.5,195.67,248.1,195.85,67.1,195.86,196.8,195.87,115.0,195.88,10.0,195.89,236.4
1700000568.0,1136,195.805,0.15000000000000568,195.73,95.5,195.88,128.5,1719.4,1060.8,195.73,23.9,SELL,2,195.73,95.5,195.72,211.1,195.71,34.6,195.7,413.4,195.69,964.8,195.88,128.5,195.89,59.8,195.9,114.9,195.91,706.5,195.92,51.1
1700000568.5,1137,195.8,0.1599999999999966,195.72,65.6,195.88,17.8,600.2,1709.9,195.8,0.0,BUY,0,195.72,65.6,195.71,21.1,195.7,218.8,195.69,230.5,195.68,64.2,195.88,17.8,195.89,256.7,195.9,510.2,195.91,197.7,195.92,727.5
1700000569.0,1138,195.81,0.13999999999998636,195.74,88.0,195.88,17.9,561.4,493.79999999999995,195.81,0.0,BUY,0,195.74,88.0,195.73,17.5,195.72,103.5,195.71,128.5,195.7,223.9,195.88,17.9,195.89,123.0,195.9,58.1,195.91,144.2,195.92,150.6
1700000569.5,1139,195.805,0.15000000000000568,195.73,70.8,195.88,66.9,2504.2,389.1,195.88,66.0,BUY,3,195.73,70.8,195.72,120.4,195.71,187.6,195.7,66.5,195.69,2058.9,195.88,66.9,195.89,100.2,195.9,136.8,195.91,75.2,195.92,10.0
1700000570.0,1140,195.76999999999998,0.14000000000001478,195.7,171.0,195.84,194.1,997.3,2184.3,195.76999999999998,0.0,BUY,0,195.7,171.0,195.69,353.0,195.68,14.0,195.67,205.9,195.66,253.4,195.84,194.1,195.85,316.7,195.86,472.8,195.87,673.7,195.88,527.0
1700000570.5,1141,195.76,0.1599999999999966,195.68,20.9,195.84,515.3,1202.7,1438.6,195.68,38.2,SELL,2,195.68,20.9,195.67,159.8,195.66,260.5,195.65,46.4,195.64,715.1,195.84,515.3,195.85,402.7,195.86,331.5,195.87,63.5,195.88,125.6
1700000571.0,1142,195.76999999999998,0.14000000000001478,195.7,195.9,195.84,86.4,676.1,788.2999999999998,195.84,5.0,BUY,1,195.7,195.9,195.69,22.3,195.68,31.3,195.67,291.6,195.66,135.0,195.84,86.4,195.85,541.3,195.86,63.3,195.87,10.5,195.88,86.8
1700000571.5,1143,195.78,0.13999999999998636,195.71,10.0,195.85,160.2,579.9000000000001,501.3,195.71,7.1,SELL,2,195.71,10.0,195.7,401.8,195.69,10.0,195.68,25.3,195.67,132.8,195.85,160.2,195.86,183.0,195.87,88.7,195.88,16.6,195.89,52.8
1700000572.0,1144,195.76999999999998,0.14000000000001478,195.7,132.8,195.84,50.8,441.40000000000003,1807.6,195.84,16.4,BUY,2,195.7,132.8,195.69,76.9,195.68,87.3,195.67,122.3,195.66,22.1,195.84,50.8,195.85,328.0,195.86,81.2,195.87,1220.0,195.88,127.6
1700000572.5,1145,195.75,0.13999999999998636,195.68,158.5,195.82,71.3,1333.8,1116.8000000000002,195.82,25.3,BUY,1,195.68,158.5,195.67,28.8,195.66,79.1,195.65,710.3,195.64,357.1,195.82,71.3,195.83,328.6,195.84,10.0,195.85,88.9,195.86,618.0
1700000573.0,1146,195.75,0.13999999999998636,195.68,49.7,195.82,190.7,1089.8,717.1,195.82,42.1,BUY,1,195.68,49.7,195.67,413.3,195.66,327.9,195.65,160.3,195.64,138.6,195.82,190.7,195.83,123.7,195.84,237.1,195.85,137.1,195.86,28.5
1700000573.5,1147,195.76999999999998,0.1599999999999966,195.69,308.2,195.85,135.0,1194.3000000000002,1250.1,195.76999999999998,0.0,BUY,0,195.69,308.2,195.68,10.0,195.67,205.7,195.66,148.3,195.65,522.1,195.85,135.0,195.86,394.3,195.87,134.5,195.88,271.5,195.89,314.8
1700000574.0,1148,195.76999999999998,0.14000000000001478,195.7,75.8,195.84,123.9,1130.6,1318.7,195.7,42.6,SELL,1,195.7,75.8,195.69,430.9,195.68,80.0,195.67,314.9,195.66,229.0,195.84,123.9,195.85,266.7,195.86,402.4,195.87,255.0,195.88,270.7
1700000574.5,1149,195.74,0.14000000000001478,195.67,95.0,195.81,462.9,2012.8000000000002,1181.8000000000002,195.67,158.6,SELL,3,195.67,95.0,195.66,217.1,195.65,415.6,195.64,755.1,195.63,530.0,195.81,462.9,195.82,38.8,195.83,116.0,195.84,219.7,195.85,344.4
1700000575.0,1150,195.73000000000002,0.1599999999999966,195.65,98.3,195.81,252.7,831.0,1857.1,195.81,65.7,BUY,1,195.65,98.3,195.64,52.9,195.63,24.3,195.62,108.6,195.61,546.9,195.81,252.7,195.82,44.2,195.83,187.2,195.84,1199.8,195.85,173.2
1700000575.5,1151,195.72,0.160000000000025,195.64,19.8,195.8,108.1,598.8,1175.4,195.8,27.2,BUY,2,195.64,19.8,195.63,138.3,195.62,393.2,195.61,30.9,195.6,16.6,195.8,108.1,195.81,612.3,195.82,264.0,195.83,180.1,195.84,10.9
1700000576.0,1152,195.68,0.13999999999998636,195.61,482.5,195.75,17.9,2371.5,652.1,195.61,17.1,SELL,2,195.61,482.5,195.6,149.6,195.59,265.8,195.58,655.1,195.57,818.5,195.75,17.9,195.76,405.3,195.77,191.5,195.78,10.3,195.79,27.1
1700000576.5,1153,209.78,0.160000000000025,209.7,10.1,209.86,141.7,935.9000000000001,2240.4,209.86,30.1,BUY,1,209.7,10.1,209.69,44.0,209.68,61.6,209.67,523.9,209.66,296.3,209.86,141.7,209.87,369.0,209.88,396.0,209.89,261.8,209.9,1071.9
1700000577.0,1154,209.84,0.13999999999998636,209.77,78.2,209.91,62.8,1059.8,1595.2,209.77,48.5,SELL,3,209.77,78.2,209.76,25.9,209.75,223.1,209.74,568.8,209.73,163.8,209.91,62.8,209.92,145.4,209.93,812.1,209.94,158.9,209.95,416.0
1700000577.5,1155,209.87,0.13999999999998636,209.8,10.0,209.94,10.0,1204.6999999999998,1181.0,209.94,5.0,BUY,3,209.8,10.0,209.79,179.7,209.78,226.0,209.77,221.7,209.76,567.3,209.94,10.0,209.95,75.6,209.96,320.9,209.97,584.6,209.98,189.9
1700000578.0,1156,209.87,0.13999999999998636,209.8,100.1,209.94,115.5,521.7,1133.7,209.8,20.5,SELL,4,209.8,100.1,209.79,10.0,209.78,196.9,209.77,183.6,209.76,31.1,209.94,115.5,209.95,10.0,209.96,785.8,209.97,25.2,209.98,197.2
1700000578.5,1157,209.84,0.13999999999998636,209.77,61.0,209.91,67.1,1342.0,1628.1,209.77,89.4,SELL,2,209.77,61.0,209.76,272.7,209.75,875.3,209.74,10.0,209.73,123.0,209.91,67.1,209.92,165.9,209.93,626.0,209.94,37.2,209.95,731.9
1700000579.0,1158,209.82,0.13999999999998636,209.75,86.4,209.89,56.4,613.9,635.6999999999999,209.82,0.0,BUY,0,209.75,86.4,209.74,116.8,209.73,140.5,209.72,252.3,209.71,17.9,209.89,56.4,209.9,106.3,209.91,100.6,209.92,282.6,209.93,89.8
1700000579.5,1159,209.81,0.13999999999998636,209.74,165.7,209.88,13.7,827.9000000000001,257.8,209.88,5.0,BUY,1,209.74,165.7,209.73,10.0,209.72,147.4,209.71,422.6,209.7,82.2,209.88,13.7,209.89,78.0,209.9,10.0,209.91,118.8,209.92,37.3
1700000580.0,1160,209.805,0.15000000000000568,209.73,10.0,209.88,217.8,321.4,465.79999999999995,209.88,82.4,BUY,4,209.73,10.0,209.72,77.9,209.71,57.0,209.7,11.5,209.69,165.0,209.88,217.8,209.89,18.7,209.9,70.0,209.91,30.7,209.92,128.6
1700000580.5,1161,209.79000000000002,0.14000000000001478,209.72,138.9,209.86,182.9,1385.1,686.5,209.72,5.0,SELL,1,209.72,138.9,209.71,279.1,209.7,55.0,209.69,379.3,209.68,532.8,209.86,182.9,209.87,147.2,209.88,40.4,209.89,177.9,209.9,138.1
1700000581.0,1162,198.95,0.14000000000001478,198.88,58.6,199.02,61.3,441.29999999999995,1760.0,199.02,7.9,BUY,5,198.88,58.6,198.87,14.6,198.86,10.0,198.85,261.5,198.84,96.6,199.02,61.3,199.03,37.7,199.04,787.7,199.05,563.0,199.06,310.3
1700000581.5,1163,198.95999999999998,0.14000000000001478,198.89,69.3,199.03,105.0,868.9000000000001,442.1,198.89,138.4,SELL,1,198.89,69.3,198.88,36.3,198.87,17.5,198.86,273.1,198.85,472.7,199.03,105.0,199.04,41.3,199.05,34.4,199.06,105.6,199.07,155.8
1700000582.0,1164,198.98000000000002,0.14000000000001478,198.91,63.6,199.05,247.0,795.8,1510.1,199.05,17.7,BUY,1,198.91,63.6,198.9,165.8,198.89,413.1,198.88,84.0,198.87,69.3,199.05,247.0,199.06,776.3,199.07,322.3,199.08,114.4,199.09,50.1
1700000582.5,1165,198.97,0.13999999999998636,198.9,65.4,199.04,161.6,956.1,739.9,198.97,0.0,BUY,0,198.9,65.4,198.89,10.0,198.88,367.3,198.87,382.8,198.86,130.6,199.04,161.6,199.05,63.8,199.06,50.1,199.07,45.2,199.08,419.2
1700000583.0,1166,198.95999999999998,0.14000000000001478,198.89,11.1,199.03,74.6,689.3000000000001,655.3,199.03,184.3,BUY,2,198.89,11.1,198.88,268.8,198.87,43.3,198.86,97.1,198.85,269.0,199.03,74.6,199.04,200.8,199.05,16.6,199.06,53.6,199.07,309.7
1700000583.5,1167,198.95999999999998,0.14000000000001478,198.89,28.2,199.03,738.2,648.2,2243.8999999999996,199.03,14.4,BUY,1,198.89,28.2,198.88,11.5,198.87,95.4,198.86,82.4,198.85,430.7,199.03,738.2,199.04,114.5,199.05,474.9,199.06,793.3,199.07,123.0
1700000584.0,1168,198.93,0.13999999999998636,198.86,134.6,199.0,38.9,655.7,311.0,198.86,15.8,SELL,2,198.86,134.6,198.85,54.4,198.84,179.1,198.83,196.9,198.82,90.7,199.0,38.9,199.01,10.0,199.02,158.0,199.03,77.7,199.04,26.4
1700000584.5,1169,198.92000000000002,0.14000000000001478,198.85,25.7,198.99,59.3,1150.2,745.4000000000001,198.92000000000002,0.0,BUY,0,198.85,25.7,198.84,100.3,198.83,578.8,198.82,125.6,198.81,319.8,198.99,59.3,199.0,322.6,199.01,42.5,199.02,10.0,199.03,311.0
1700000585.0,1170,198.93,0.13999999999998636,198.86,293.0,199.0,130.5,1171.6000000000001,639.0,198.86,100.2,SELL,2,198.86,293.0,198.85,132.6,198.84,278.8,198.83,381.0,198.82,86.2,199.0,130.5,199.01,208.5,199.02,180.9,199.03,72.7,199.04,46.4
1700000585.5,1171,198.92000000000002,0.1599999999999966,198.84,183.9,199.0,532.9,1324.8000000000002,1492.7,199.0,84.2,BUY,5,198.84,183.9,198.83,293.3,198.82,16.8,198.81,88.8,198.8,742.0,199.0,532.9,199.01,98.6,199.02,577.7,199.03,146.2,199.04,137.3
1700000586.0,1172,198.89,0.14000000000001478,198.82,192.8,198.96,56.8,766.5,469.09999999999997,198.96,17.5,BUY,1,198.82,192.8,198.81,26.0,198.8,26.9,198.79,364.9,198.78,155.9,198.96,56.8,198.97,248.1,198.98,34.5,198.99,103.3,199.0,26.4
1700000586.5,1173,198.87,0.13999999999998636,198.8,15.3,198.94,51.7,1220.6,772.3,198.87,0.0,BUY,0,198.8,15.3,198.79,192.8,198.78,526.3,198.77,273.0,198.76,213.2,198.94,51.7,198.95,75.5,198.96,66.7,198.97,40.3,198.98,538.1
1700000587.0,1174,198.87,0.13999999999998636,198.8,212.1,198.94,76.8,1717.6999999999998,867.8,198.8,5.0,SELL,1,198.8,212.1,198.79,210.3,198.78,742.1,198.77,107.8,198.76,445.4,198.94,76.8,198.95,35.1,198.96,204.7,198.97,180.5,198.98,370.7
1700000587.5,1175,198.84,0.13999999999998636,198.77,20.2,198.91,117.9,579.5999999999999,1536.6,198.91,226.4,BUY,2,198.77,20.2,198.76,10.0,198.75,90.6,198.74,97.9,198.73,360.9,198.91,117.9,198.92,185.5,198.93,140.2,198.94,634.1,198.95,458.9
1700000588.0,1176,198.82,0.13999999999998636,198.75,104.8,198.89,104.2,331.49999999999994,1073.1,198.82,0.0,BUY,0,198.75,104.8,198.74,10.0,198.73,141.6,198.72,51.2,198.71,23.9,198.89,104.2,198.9,145.4,198.91,15.2,198.92,384.5,198.93,423.8
1700000588.5,1177,198.83499999999998,0.15000000000000568,198.76,291.2,198.91,247.7,975.1999999999999,1628.1,198.76,83.4,SELL,2,198.76,291.2,198.75,260.4,198.74,70.2,198.73,214.9,198.72,138.5,198.91,247.7,198.92,886.6,198.93,131.5,198.94,84.5,198.95,277.8
1700000589.0,1178,198.805,0.15000000000000568,198.73,150.3,198.88,28.9,1068.8000000000002,1896.5,198.73,28.9,SELL,3,198.73,150.3,198.72,50.5,198.71,142.3,198.7,464.8,198.69,260.9,198.88,28.9,198.89,98.1,198.9,326.5,198.91,422.8,198.92,1020.2
1700000589.5,1179,198.805,0.15000000000000568,198.73,39.4,198.88,138.1,882.9,1353.6,198.88,5.0,BUY,1,198.73,39.4,198.72,119.8,198.71,10.4,198.7,133.7,198.69,579.6,198.88,138.1,198.89,446.1,198.9,68.8,198.91,57.3,198.92,643.3
1700000590.0,1180,198.805,0.15000000000000568,198.73,136.8,198.88,75.2,1505.8,1252.3000000000002,198.88,5.0,BUY,2,198.73,136.8,198.72,369.0,198.71,28.3,198.7,463.5,198.69,508.2,198.88,75.2,198.89,32.5,198.9,504.8,198.91,194.7,198.92,445.1
1700000590.5,1181,198.78,0.13999999999998636,198.71,96.0,198.85,10.0,1094.5,1152.9,198.71,28.0,SELL,6,198.71,96.0,198.7,300.1,198.69,173.2,198.68,54.2,198.67,471.0,198.85,10.0,198.86,23.0,198.87,128.5,198.88,734.9,198.89,256.5
1700000591.0,1182,198.76999999999998,0.14000000000001478,198.7,139.3,198.84,118.0,416.5,2034.7,198.76999999999998,0.0,BUY,0,198.7,139.3,198.69,161.2,198.68,59.9,198.67,46.1,198.66,10.0,198.84,118.0,198.85,418.1,198.86,109.1,198.87,1372.9,198.88,16.6
1700000591.5,1183,198.78,0.13999999999998636,198.71,51.7,198.85,107.8,858.4,483.5,198.85,5.6,BUY,2,198.71,51.7,198.7,151.1,198.69,265.3,198.68,58.3,198.67,332.0,198.85,107.8,198.86,125.3,198.87,40.8,198.88,199.6,198.89,10.0
1700000592.0,1184,198.76,0.14000000000001478,198.69,146.5,198.83,19.8,747.6999999999999,760.4000000000001,198.76,0.0,BUY,0,198.69,146.5,198.68,319.0,198.67,97.1,198.66,75.8,198.65,109.3,198.83,19.8,198.84,140.0,198.85,164.4,198.86,71.0,198.87,365.2
1700000592.5,1185,198.78,0.13999999999998636,198.71,171.9,198.85,408.6,1430.6000000000001,1054.9,198.71,40.5,SELL,1,198.71,171.9,198.7,472.6,198.69,74.7,198.68,408.6,198.67,302.8,198.85,408.6,198.86,274.7,198.87,297.9,198.88,11.2,198.89,62.5
1700000593.0,1186,198.76999999999998,0.14000000000001478,198.7,36.0,198.84,10.0,898.4,785.2,198.76999999999998,0.0,BUY,0,198.7,36.0,198.69,175.0,198.68,19.7,198.67,74.2,198.66,593.5,198.84,10.0,198.85,345.2,198.86,33.2,198.87,52.8,198.88,344.0
1700000593.5,1187,198.74,0.14000000000001478,198.67,22.5,198.81,257.6,1089.5,2058.8,198.81,32.9,BUY,2,198.67,22.5,198.66,134.2,198.65,215.8,198.64,707.0,198.63,10.0,198.81,257.6,198.82,334.4,198.83,293.3,198.84,563.5,198.85,610.0
1700000594.0,1188,198.76999999999998,0.14000000000001478,198.7,11.2,198.84,58.7,1657.6,1402.3000000000002,198.7,70.3,SELL,3,198.7,11.2,198.69,371.4,198.68,11.5,198.67,513.6,198.66,749.9,198.84,58.7,198.85,119.6,198.86,653.6,198.87,330.2,198.88,240.2
1700000594.5,1189,198.79000000000002,0.14000000000001478,198.72,60.5,198.86,116.7,222.0,1112.6,198.86,19.4,BUY,1,198.72,60.5,198.71,92.3,198.7,15.7,198.69,16.4,198.68,37.1,198.86,116.7,198.87,456.0,198.88,259.9,198.89,238.0,198.9,42.0
1700000595.0,1190,198.76999999999998,0.14000000000001478,198.7,270.1,198.84,99.7,763.9000000000001,1510.0,198.84,19.3,BUY,4,198.7,270.1,198.69,11.5,198.68,147.1,198.67,96.9,198.66,238.3,198.84,99.7,198.85,96.3,198.86,141.6,198.87,507.6,198.88,664.8
1700000595.5,1191,198.75,0.13999999999998636,198.68,111.2,198.82,104.2,478.5,713.3,198.82,88.2,BUY,3,198.68,111.2,198.67,10.0,198.66,135.6,198.65,142.2,198.64,79.5,198.82,104.2,198.83,69.5,198.84,17.5,198.85,412.4,198.86,109.7
1700000596.0,1192,198.74,0.14000000000001478,198.67,813.6,198.81,12.1,1212.3000000000002,623.0,198.81,68.1,BUY,2,198.67,813.6,198.66,24.2,198.65,82.5,198.64,71.5,198.63,220.5,198.81,12.1,198.82,10.0,198.83,207.2,198.84,342.0,198.85,51.7
1700000596.5,1193,198.75,0.13999999999998636,198.68,21.6,198.82,63.7,386.2,2310.5,198.82,43.2,BUY,3,198.68,21.6,198.67,82.0,198.66,10.0,198.65,158.8,198.64,113.8,198.82,63.7,198.83,347.8,198.84,65.6,198.85,1214.4,198.86,619.0
1700000597.0,1194,198.75,0.13999999999998636,198.68,56.7,198.82,101.6,231.30000000000004,1024.3,198.82,114.3,BUY,6,198.68,56.7,198.67,92.4,198.66,10.0,198.65,10.8,198.64,61.4,198.82,101.6,198.83,174.2,198.84,489.5,198.85,202.9,198.86,56.1
1700000597.5,1195,198.75,0.13999999999998636,198.68,63.4,198.82,188.4,626.8,1342.0,198.82,11.5,BUY,3,198.68,63.4,198.67,22.1,198.66,155.4,198.65,144.0,198.64,241.9,198.82,188.4,198.83,225.1,198.84,547.2,198.85,148.7,198.86,232.6
1700000598.0,1196,198.70999999999998,0.14000000000001478,198.64,56.1,198.78,121.6,496.7,445.99999999999994,198.64,11.5,SELL,2,198.64,56.1,198.63,109.3,198.62,106.1,198.61,20.0,198.6,205.2,198.78,121.6,198.79,115.1,198.8,167.0,198.81,19.4,198.82,22.9
1700000598.5,1197,198.695,0.15000000000000568,198.62,10.0,198.77,126.8,486.9,1207.5,198.77,52.2,BUY,2,198.62,10.0,198.61,32.9,198.6,235.0,198.59,195.7,198.58,13.3,198.77,126.8,198.78,96.6,198.79,591.9,198.8,43.5,198.81,348.7
1700000599.0,1198,198.72,0.13999999999998636,198.65,51.6,198.79,10.0,1217.5,992.7,198.79,42.0,BUY,2,198.65,51.6,198.64,128.3,198.63,473.6,198.62,10.0,198.61,554.0,198.79,10.0,198.8,10.0,198.81,228.7,198.82,17.5,198.83,726.5
1700000599.5,1199,198.69,0.1599999999999966,198.61,48.4,198.77,62.0,1117.1,775.4000000000001,198.61,25.2,SELL,2,198.61,48.4,198.6,183.9,198.59,583.0,198.58,126.9,198.57,174.9,198.77,62.0,198.78,147.5,198.79,296.1,198.8,142.3,198.81,127.5
1700000600.0,1200,198.69,0.13999999999998636,198.62,159.1,198.76,112.0,1180.0,433.30000000000007,198.69,0.0,BUY,0,198.62,159.1,198.61,294.2,198.6,139.3,198.59,491.7,198.58,95.7,198.76,112.0,198.77,64.8,198.78,45.3,198.79,89.8,198.8,121.4
1700000600.5,1201,198.66,0.13999999999998636,198.59,115.2,198.73,233.4,683.5,1240.6999999999998,198.59,98.6,SELL,1,198.59,115.2,198.58,156.9,198.57,48.0,198.56,215.4,198.55,148.0,198.73,233.4,198.74,410.9,198.75,27.0,198.76,211.3,198.77,358.1
1700000601.0,1202,198.66,0.13999999999998636,198.59,30.8,198.73,156.6,1314.3,1740.1999999999998,198.66,0.0,BUY,0,198.59,30.8,198.58,222.1,198.57,28.2,198.56,858.9,198.55,174.3,198.73,156.6,198.74,492.9,198.75,69.7,198.76,469.4,198.77,551.6
1700000601.5,1203,198.65,0.13999999999998636,198.58,140.7,198.72,165.0,1748.6000000000001,674.1,198.72,35.7,BUY,1,198.58,140.7,198.57,640.0,198.56,44.4,198.55,602.8,198.54,320.7,198.72,165.0,198.73,78.4,198.74,157.6,198.75,22.3,198.76,250.8
1700000602.0,1204,198.66,0.13999999999998636,198.59,72.0,198.73,268.6,1590.5,2116.7,198.66,0.0,BUY,0,198.59,72.0,198.58,189.0,198.57,350.5,198.56,182.6,198.55,796.4,198.73,268.6,198.74,511.3,198.75,341.1,198.76,181.8,198.77,813.9
1700000602.5,1205,198.68,0.1599999999999966,198.6,412.6,198.76,94.5,1130.3,1259.4,198.76,5.0,BUY,1,198.6,412.6,198.59,10.0,198.58,10.0,198.57,559.0,198.56,138.7,198.76,94.5,198.77,180.6,198.78,10.0,198.79,137.5,198.8,836.8
1700000603.0,1206,198.65,0.13999999999998636,198.58,35.3,198.72,34.1,895.8000000000001,864.6999999999999,198.65,0.0,BUY,0,198.58,35.3,198.57,288.5,198.56,456.1,198.55,10.0,198.54,105.9,198.72,34.1,198.73,25.7,198.74,13.7,198.75,676.4,198.76,114.8
1700000603.5,1207,198.65,0.13999999999998636,198.58,97.4,198.72,131.9,642.6999999999999,496.4,198.72,20.2,BUY,2,198.58,97.4,198.57,87.0,198.56,348.4,198.55,24.3,198.54,85.6,198.72,131.9,198.73,98.3,198.74,223.7,198.75,32.5,198.76,10.0
1700000604.0,1208,198.65,0.13999999999998636,198.58,66.0,198.72,65.4,1128.1,590.7,198.65,0.0,BUY,0,198.58,66.0,198.57,76.2,198.56,428.6,198.55,347.9,198.54,209.4,198.72,65.4,198.73,157.3,198.74,250.8,198.75,20.5,198.76,96.7
1700000604.5,1209,198.64,0.14000000000001478,198.57,92.3,198.71,43.6,1070.7,424.29999999999995,198.57,8.3,SELL,1,198.57,92.3,198.56,237.1,198.55,126.1,198.54,384.9,198.53,230.3,198.71,43.6,198.72,34.4,198.73,44.6,198.74,258.8,198.75,42.9
1700000605.0,1210,198.62,0.1599999999999966,198.54,331.6,198.7,10.7,1004.3000000000002,834.3000000000001,198.54,37.9,SELL,2,198.54,331.6,198.53,417.3,198.52,177.1,198.51,38.1,198.5,40.2,198.7,10.7,198.71,208.9,198.72,37.7,198.73,453.8,198.74,123.2
1700000605.5,1211,198.635,0.15000000000000568,198.56,81.8,198.71,403.4,418.0,1066.0,198.56,26.3,SELL,1,198.56,81.8,198.55,165.1,198.54,41.5,198.53,97.5,198.52,32.1,198.71,403.4,198.72,218.8,198.73,95.4,198.74,289.6,198.75,58.8
1700000606.0,1212,198.66,0.13999999999998636,198.59,79.0,198.73,49.6,779.1000000000001,914.8000000000001,198.73,24.1,BUY,4,198.59,79.0,198.58,50.5,198.57,119.8,198.56,291.1,198.55,238.7,198.73,49.6,198.74,428.0,198.75,65.5,198.76,111.1,198.77,260.6
1700000606.5,1213,198.63,0.13999999999998636,198.56,39.5,198.7,508.4,547.5,1163.9999999999998,198.56,61.9,SELL,2,198.56,39.5,198.55,10.0,198.54,184.5,198.53,112.6,198.52,200.9,198.7,508.4,198.71,161.2,198.72,282.4,198.73,20.3,198.74,191.7
1700000607.0,1214,198.65,0.13999999999998636,198.58,103.7,198.72,180.3,556.1999999999999,1068.7,198.72,32.7,BUY,1,198.58,103.7,198.57,351.8,198.56,58.3,198.55,10.0,198.54,32.4,198.72,180.3,198.73,208.7,198.74,293.0,198.75,181.3,198.76,205.4
1700000607.5,1215,198.66000000000003,0.1599999999999966,198.58,84.9,198.74,211.1,361.19999999999993,1086.7,198.74,5.0,BUY,2,198.58,84.9,198.57,51.0,198.56,148.5,198.55,38.9,198.54,37.9,198.74,211.1,198.75,235.1,198.76,77.7,198.77,315.6,198.78,247.2
1700000608.0,1216,198.68,0.13999999999998636,198.61,10.0,198.75,53.9,942.1,1305.7,198.75,5.0,BUY,3,198.61,10.0,198.6,33.4,198.59,238.0,198.58,270.6,198.57,390.1,198.75,53.9,198.76,118.1,198.77,672.1,198.78,156.0,198.79,305.6
1700000608.5,1217,198.66500000000002,0.15000000000000568,198.59,116.1,198.74,381.6,1749.8000000000002,1520.8000000000002,198.74,23.5,BUY,4,198.59,116.1,198.58,357.9,198.57,248.7,198.56,888.2,198.55,138.9,198.74,381.6,198.75,10.0,198.76,10.0,198.77,342.5,198.78,776.7
1700000609.0,1218,198.66,0.13999999999998636,198.59,25.1,198.73,52.4,442.2,1435.5,198.73,32.8,BUY,4,198.59,25.1,198.58,59.7,198.57,159.1,198.56,26.5,198.55,171.8,198.73,52.4,198.74,54.8,198.75,724.8,198.76,105.8,198.77,497.7
1700000609.5,1219,198.635,0.15000000000000568,198.56,57.2,198.71,209.4,1258.1000000000001,843.3,198.71,36.0,BUY,3,198.56,57.2,198.55,382.1,198.54,192.5,198.53,552.1,198.52,74.2,198.71,209.4,198.72,50.1,198.73,488.3,198.74,78.5,198.75,17.0
1700000610.0,1220,198.635,0.15000000000000568,198.56,29.9,198.71,67.2,306.7,615.5,198.71,8.6,BUY,1,198.56,29.9,198.55,28.3,198.54,62.3,198.53,176.2,198.52,10.0,198.71,67.2,198.72,223.2,198.73,109.1,198.74,198.4,198.75,17.6
1700000610.5,1221,198.63,0.13999999999998636,198.56,117.8,198.7,386.1,687.3,1556.7,198.56,81.5,SELL,1,198.56,117.8,198.55,122.8,198.54,146.2,198.53,290.5,198.52,10.0,198.7,386.1,198.71,307.1,198.72,467.3,198.73,262.2,198.74,134.0
1700000611.0,1222,198.615,0.15000000000000568,198.54,17.7,198.69,103.1,1194.5,490.2,198.54,7.6,SELL,3,198.54,17.7,198.53,38.1,198.52,254.0,198.51,211.3,198.5,673.4,198.69,103.1,198.7,26.5,198.71,10.0,198.72,14.4,198.73,336.2
1700000611.5,1223,198.60000000000002,0.1599999999999966,198.52,39.1,198.68,103.8,775.7,705.2,198.52,71.8,SELL,1,198.52,39.1,198.51,106.2,198.5,254.1,198.49,215.1,198.48,161.2,198.68,103.8,198.69,151.3,198.7,38.4,198.71,190.8,198.72,220.9
1700000612.0,1224,198.615,0.15000000000000568,198.54,98.7,198.69,23.7,286.5,2066.3999999999996,198.54,120.3,SELL,3,198.54,98.7,198.53,15.7,198.52,111.7,198.51,19.1,198.5,41.3,198.69,23.7,198.7,250.2,198.71,596.8,198.72,1035.5,198.73,160.2
1700000612.5,1225,198.59,0.13999999999998636,198.52,617.4,198.66,302.9,1567.0,2018.8999999999999,198.52,5.0,SELL,3,198.52,617.4,198.51,270.4,198.5,135.6,198.49,425.7,198.48,117.9,198.66,302.9,198.67,501.2,198.68,30.9,198.69,213.6,198.7,970.3
1700000613.0,1226,198.56,0.1599999999999966,198.48,165.0,198.64,82.2,1382.6000000000001,1755.0,198.64,68.9,BUY,1,198.48,165.0,198.47,401.0,198.46,10.0,198.45,487.4,198.44,319.2,198.64,82.2,198.65,426.4,198.66,681.6,198.67,417.0,198.68,147.8
1700000613.5,1227,198.56,0.13999999999998636,198.49,279.6,198.63,280.3,867.9000000000001,1447.0000000000002,198.49,30.4,SELL,3,198.49,279.6,198.48,137.5,198.47,70.7,198.46,176.4,198.45,203.7,198.63,280.3,198.64,281.9,198.65,306.2,198.66,512.7,198.67,65.9
1700000614.0,1228,198.54000000000002,0.14000000000001478,198.47,133.4,198.61,600.0,1023.0,1237.9,198.61,10.5,BUY,1,198.47,133.4,198.46,10.7,198.45,157.4,198.44,399.3,198.43,322.2,198.61,600.0,198.62,13.2,198.63,422.1,198.64,46.3,198.65,156.3
1700000614.5,1229,198.55,0.1599999999999966,198.47,27.9,198.63,29.7,867.6999999999999,1233.4,198.47,5.0,SELL,3,198.47,27.9,198.46,262.2,198.45,360.0,198.44,79.2,198.43,138.4,198.63,29.7,198.64,521.5,198.65,21.6,198.66,161.9,198.67,498.7
1700000615.0,1230,198.58499999999998,0.15000000000000568,198.51,68.7,198.66,36.7,2379.2,1898.8000000000002,198.58499999999998,0.0,BUY,0,198.51,68.7,198.5,10.0,198.49,1681.6,198.48,574.2,198.47,44.7,198.66,36.7,198.67,10.0,198.68,426.8,198.69,896.2,198.7,529.1
1700000615.5,1231,198.59,0.13999999999998636,198.52,284.7,198.66,668.6,533.7,1598.7,198.52,87.3,SELL,3,198.52,284.7,198.51,58.1,198.5,16.6,198.49,61.2,198.48,113.1,198.66,668.6,198.67,329.7,198.68,395.7,198.69,33.7,198.7,171.0
1700000616.0,1232,198.57,0.13999999999998636,198.5,54.8,198.64,73.4,1385.8,1101.3000000000002,198.5,32.6,SELL,1,198.5,54.8,198.49,10.0,198.48,358.2,198.47,660.3,198.46,302.5,198.64,73.4,198.65,30.4,198.66,619.1,198.67,88.0,198.68,290.4
1700000616.5,1233,198.57,0.13999999999998636,198.5,114.8,198.64,10.0,304.9,657.7,198.64,13.6,BUY,1,198.5,114.8,198.49,12.5,198.48,10.0,198.47,10.0,198.46,157.6,198.64,10.0,198.65,258.3,198.66,46.8,198.67,283.1,198.68,59.5
1700000617.0,1234,198.57,0.13999999999998636,198.5,36.9,198.64,39.0,532.0,1614.5000000000002,198.64,88.9,BUY,4,198.5,36.9,198.49,107.8,198.48,242.7,198.47,10.0,198.46,134.6,198.64,39.0,198.65,386.2,198.66,669.5,198.67,357.1,198.68,162.7
1700000617.5,1235,198.57,0.1599999999999966,198.49,107.5,198.65,103.9,333.9,1188.3999999999999,198.49,63.6,SELL,1,198.49,107.5,198.48,10.0,198.47,111.0,198.46,53.5,198.45,51.9,198.65,103.9,198.66,32.4,198.67,531.0,198.68,270.3,198.69,250.8
1700000618.0,1236,198.56,0.13999999999998636,198.49,89.4,198.63,49.3,1531.1,545.0,198.63,23.4,BUY,3,198.49,89.4,198.48,521.3,198.47,25.6,198.46,492.9,198.45,401.9,198.63,49.3,198.64,12.4,198.65,317.3,198.66,85.8,198.67,80.2
1700000618.5,1237,198.57,0.13999999999998636,198.5,353.7,198.64,247.3,1516.9,965.1,198.5,12.4,SELL,4,198.5,353.7,198.49,293.0,198.48,346.1,198.47,341.9,198.46,182.2,198.64,247.3,198.65,50.1,198.66,106.0,198.67,140.7,198.68,421.0
1700000619.0,1238,198.55,0.1599999999999966,198.47,10.3,198.63,146.0,1047.5,2093.3,198.63,62.8,BUY,5,198.47,10.3,198.46,257.2,198.45,111.8,198.44,27.0,198.43,641.2,198.63,146.0,198.64,569.1,198.65,658.1,198.66,69.7,198.67,650.4
1700000619.5,1239,198.57,0.13999999999998636,198.5,33.4,198.64,166.8,1123.9,1107.1,198.64,5.0,BUY,3,198.5,33.4,198.49,416.4,198.48,219.2,198.47,97.6,198.46,357.3,198.64,166.8,198.65,89.3,198.66,87.5,198.67,167.2,198.68,596.3
1700000620.0,1240,198.615,0.15000000000000568,198.54,22.6,198.69,69.0,1028.6000000000001,935.8000000000001,198.69,66.4,BUY,1,198.54,22.6,198.53,251.0,198.52,184.9,198.51,400.2,198.5,169.9,198.69,69.0,198.7,10.0,198.71,383.9,198.72,188.3,198.73,284.6
1700000620.5,1241,198.615,0.15000000000000568,198.54,239.1,198.69,147.5,591.1999999999999,1557.9,198.69,51.4,BUY,1,198.54,239.1,198.53,16.0,198.52,62.8,198.51,233.0,198.5,40.3,198.69,147.5,198.7,43.2,198.71,608.2,198.72,563.6,198.73,195.4
1700000621.0,1242,198.62,0.13999999999998636,198.55,123.4,198.69,298.8,950.5,962.9000000000001,198.55,174.3,SELL,2,198.55,123.4,198.54,321.1,198.53,246.6,198.52,10.0,198.51,249.4,198.69,298.8,198.7,151.4,198.71,31.7,198.72,10.0,198.73,471.0
1700000621.5,1243,198.58499999999998,0.15000000000000568,198.51,229.0,198.66,208.9,768.3,1215.0000000000002,198.66,141.2,BUY,2,198.51,229.0,198.5,12.2,198.49,83.5,198.48,71.0,198.47,372.6,198.66,208.9,198.67,284.3,198.68,375.5,198.69,323.1,198.7,23.2
1700000622.0,1244,198.615,0.15000000000000568,198.54,48.0,198.69,80.8,596.8,1133.5,198.54,62.7,SELL,4,198.54,48.0,198.53,14.9,198.52,365.2,198.51,31.8,198.5,136.9,198.69,80.8,198.7,168.9,198.71,86.4,198.72,787.4,198.73,10.0
1700000622.5,1245,198.6,0.13999999999998636,198.53,154.9,198.67,76.4,1138.2,1141.4,198.67,5.0,BUY,1,198.53,154.9,198.52,381.3,198.51,74.7,198.5,300.1,198.49,227.2,198.67,76.4,198.68,129.1,198.69,240.9,198.7,234.1,198.71,460.9
1700000623.0,1246,198.62,0.13999999999998636,198.55,45.9,198.69,86.4,651.9,1657.8999999999999,198.62,0.0,BUY,0,198.55,45.9,198.54,26.5,198.53,325.5,198.52,180.4,198.51,73.6,198.69,86.4,198.7,377.2,198.71,856.5,198.72,173.1,198.73,164.7
1700000623.5,1247,198.63,0.1599999999999966,198.55,230.9,198.71,124.7,1011.3,1162.4,198.71,48.3,BUY,2,198.55,230.9,198.54,283.5,198.53,97.2,198.52,15.3,198.51,384.4,198.71,124.7,198.72,803.0,198.73,67.2,198.74,83.4,198.75,84.1
1700000624.0,1248,198.62,0.1599999999999966,198.54,46.5,198.7,183.9,1976.1999999999998,1282.8000000000002,198.7,66.7,BUY,1,198.54,46.5,198.53,1104.6,198.52,116.1,198.51,652.6,198.5,56.4,198.7,183.9,198.71,307.3,198.72,616.5,198.73,32.4,198.74,142.7
1700000624.5,1249,198.62,0.13999999999998636,198.55,14.8,198.69,37.5,688.6000000000001,2712.3,198.69,83.4,BUY,3,198.55,14.8,198.54,139.9,198.53,16.0,198.52,270.6,198.51,247.3,198.69,37.5,198.7,174.4,198.71,398.9,198.72,175.3,198.73,1926.2
1700000625.0,1250,198.66,0.13999999999998636,198.59,39.2,198.73,98.3,1304.7,1384.9,198.59,50.3,SELL,4,198.59,39.2,198.58,136.9,198.57,384.0,198.56,104.9,198.55,639.7,198.73,98.3,198.74,61.1,198.75,126.4,198.76,635.2,198.77,463.9
1700000625.5,1251,198.66500000000002,0.15000000000000568,198.59,25.3,198.74,161.3,613.6999999999999,1384.2,198.66500000000002,0.0,BUY,0,198.59,25.3,198.58,462.7,198.57,45.3,198.56,68.4,198.55,12.0,198.74,161.3,198.75,405.1,198.76,275.5,198.77,523.1,198.78,19.2
1700000626.0,1252,198.635,0.15000000000000568,198.56,171.0,198.71,42.7,1078.3,1240.1,198.635,0.0,BUY,0,198.56,171.0,198.55,34.3,198.54,79.0,198.53,784.0,198.52,10.0,198.71,42.7,198.72,190.0,198.73,418.1,198.74,46.0,198.75,543.3
1700000626.5,1253,198.62,0.13999999999998636,198.55,81.5,198.69,93.8,724.2,1294.1999999999998,198.55,17.9,SELL,5,198.55,81.5,198.54,82.2,198.53,247.3,198.52,128.9,198.51,184.3,198.69,93.8,198.7,141.1,198.71,708.4,198.72,10.0,198.73,340.9
1700000627.0,1254,198.615,0.15000000000000568,198.54,271.7,198.69,10.0,1354.3,1369.3,198.615,0.0,BUY,0,198.54,271.7,198.53,168.1,198.52,25.5,198.51,543.8,198.5,345.2,198.69,10.0,198.7,90.9,198.71,684.4,198.72,238.0,198.73,346.0
1700000627.5,1255,179.74,0.14000000000001478,179.67,229.9,179.81,13.3,369.5,362.4,179.81,37.0,BUY,3,179.67,229.9,179.66,29.4,179.65,45.7,179.64,44.9,179.63,19.6,179.81,13.3,179.82,66.6,179.83,10.0,179.84,105.3,179.85,167.2
1700000628.0,1256,179.70999999999998,0.14000000000001478,179.64,255.9,179.78,347.9,1742.9,1032.3,179.64,23.8,SELL,1,179.64,255.9,179.63,436.0,179.62,90.8,179.61,109.2,179.6,851.0,179.78,347.9,179.79,171.9,179.8,13.8,179.81,473.2,179.82,25.5
1700000628.5,1257,179.69,0.13999999999998636,179.62,12.6,179.76,110.6,489.40000000000003,698.5,179.76,5.0,BUY,7,179.62,12.6,179.61,10.0,179.6,145.4,179.59,187.1,179.58,134.3,179.76,110.6,179.77,91.1,179.78,10.0,179.79,55.2,179.8,431.6
1700000629.0,1258,179.695,0.15000000000000568,179.62,143.9,179.77,82.8,821.3999999999999,999.7,179.77,73.0,BUY,3,179.62,143.9,179.61,41.6,179.6,348.8,179.59,76.8,179.58,210.3,179.77,82.8,179.78,55.4,179.79,51.0,179.8,707.5,179.81,103.0
1700000629.5,1259,179.72,0.13999999999998636,179.65,72.8,179.79,99.8,959.0999999999999,934.5,179.65,100.7,SELL,2,179.65,72.8,179.64,87.1,179.63,360.2,179.62,274.7,179.61,164.3,179.79,99.8,179.8,179.5,179.81,104.4,179.82,255.9,179.83,294.9
1700000630.0,1260,171.65,0.13999999999998636,171.58,66.1,171.72,65.2,515.3,580.1,171.72,19.3,BUY,3,171.58,66.1,171.57,88.6,171.56,84.2,171.55,128.5,171.54,147.9,171.72,65.2,171.73,29.4,171.74,342.9,171.75,86.7,171.76,55.9
1700000630.5,1261,171.64999999999998,0.1599999999999966,171.57,83.0,171.73,41.5,550.3,657.4,171.57,41.4,SELL,2,171.57,83.0,171.56,77.7,171.55,10.8,171.54,209.3,171.53,169.5,171.73,41.5,171.74,10.0,171.75,26.0,171.76,182.9,171.77,397.0
1700000631.0,1262,171.65,0.13999999999998636,171.58,96.1,171.72,10.0,812.0,1877.8000000000002,171.58,20.1,SELL,1,171.58,96.1,171.57,34.6,171.56,251.8,171.55,238.3,171.54,191.2,171.72,10.0,171.73,209.3,171.74,80.9,171.75,122.7,171.76,1454.9
1700000631.5,1263,171.66,0.13999999999998636,171.59,136.9,171.73,367.9,632.9000000000001,2006.6,171.73,8.0,BUY,5,171.59,136.9,171.58,31.5,171.57,156.8,171.56,212.0,171.55,95.7,171.73,367.9,171.74,898.0,171.75,191.5,171.76,110.8,171.77,438.4
1700000632.0,1264,153.83499999999998,0.15000000000000568,153.76,123.6,153.91,45.5,527.9,888.3000000000001,153.91,45.9,BUY,2,153.76,123.6,153.75,72.0,153.74,165.4,153.73,87.9,153.72,79.0,153.91,45.5,153.92,159.5,153.93,338.7,153.94,42.0,153.95,302.6
1700000632.5,1265,153.84,0.13999999999998636,153.77,102.5,153.91,55.8,694.6,785.8,153.91,5.0,BUY,2,153.77,102.5,153.76,65.1,153.75,11.9,153.74,30.8,153.73,484.3,153.91,55.8,153.92,124.2,153.93,30.7,153.94,199.7,153.95,375.4
1700000633.0,1266,153.82999999999998,0.14000000000001478,153.76,227.4,153.9,22.4,1617.5,1604.0,153.76,197.4,SELL,2,153.76,227.4,153.75,16.9,153.74,28.8,153.73,1092.4,153.72,252.0,153.9,22.4,153.91,919.9,153.92,78.3,153.93,136.8,153.94,446.6
1700000633.5,1267,153.82,0.13999999999998636,153.75,86.5,153.89,113.3,1051.8999999999999,739.6999999999999,153.75,5.0,SELL,3,153.75,86.5,153.74,159.5,153.73,277.6,153.72,508.0,153.71,20.3,153.89,113.3,153.9,33.9,153.91,367.9,153.92,180.6,153.93,44.0
1700000634.0,1268,153.805,0.15000000000000568,153.73,45.4,153.88,218.6,407.6,498.4,153.805,0.0,BUY,0,153.73,45.4,153.72,77.8,153.71,39.4,153.7,154.6,153.69,90.4,153.88,218.6,153.89,22.3,153.9,29.2,153.91,137.7,153.92,90.6
1700000634.5,1269,153.78,0.13999999999998636,153.71,216.6,153.85,616.0,996.9,1061.2,153.85,113.5,BUY,3,153.71,216.6,153.7,100.7,153.69,118.7,153.68,383.5,153.67,177.4,153.85,616.0,153.86,68.2,153.87,352.5,153.88,14.5,153.89,10.0
1700000635.0,1270,153.76999999999998,0.14000000000001478,153.7,51.4,153.84,198.6,923.3000000000001,912.8,153.84,22.6,BUY,1,153.7,51.4,153.69,16.3,153.68,758.7,153.67,22.1,153.66,74.8,153.84,198.6,153.85,65.5,153.86,109.6,153.87,310.4,153.88,228.7
1700000635.5,1271,153.75,0.13999999999998636,153.68,15.0,153.82,146.0,1614.8,681.6,153.82,17.0,BUY,2,153.68,15.0,153.67,1071.5,153.66,10.0,153.65,388.7,153.64,129.6,153.82,146.0,153.83,11.4,153.84,202.6,153.85,239.7,153.86,81.9
1700000636.0,1272,153.74,0.14000000000001478,153.67,170.3,153.81,48.2,838.5,546.8000000000001,153.81,10.1,BUY,1,153.67,170.3,153.66,97.0,153.65,102.9,153.64,73.3,153.63,395.0,153.81,48.2,153.82,202.1,153.83,60.1,153.84,81.4,153.85,155.0
1700000636.5,1273,153.74,0.14000000000001478,153.67,170.7,153.81,53.9,1459.9,2921.2000000000003,153.67,210.6,SELL,1,153.67,170.7,153.66,202.9,153.65,628.6,153.64,185.1,153.63,272.6,153.81,53.9,153.82,188.0,153.83,35.5,153.84,354.5,153.85,2289.3
1700000637.0,1274,153.73000000000002,0.14000000000001478,153.66,75.7,153.8,51.5,1368.9,963.7,153.66,24.3,SELL,3,153.66,75.7,153.65,210.6,153.64,185.5,153.63,73.2,153.62,823.9,153.8,51.5,153.81,422.7,153.82,317.8,153.83,155.2,153.84,16.5
1700000637.5,1275,153.74,0.14000000000001478,153.67,65.4,153.81,189.8,860.6,365.3,153.67,20.9,SELL,3,153.67,65.4,153.66,138.7,153.65,482.4,153.64,115.1,153.63,59.0,153.81,189.8,153.82,51.5,153.83,10.0,153.84,103.2,153.85,10.8
1700000638.0,1276,153.72,0.13999999999998636,153.65,35.4,153.79,147.2,507.99999999999994,731.8000000000001,153.79,5.0,BUY,1,153.65,35.4,153.64,339.3,153.63,28.4,153.62,49.7,153.61,55.2,153.79,147.2,153.8,317.0,153.81,150.8,153.82,106.2,153.83,10.6
1700000638.5,1277,153.72,0.13999999999998636,153.65,84.6,153.79,36.6,1209.6,1203.3,153.79,46.4,BUY,3,153.65,84.6,153.64,283.2,153.63,472.4,153.62,117.0,153.61,252.4,153.79,36.6,153.8,449.1,153.81,89.5,153.82,528.4,153.83,99.7
1700000639.0,1278,153.70999999999998,0.14000000000001478,153.64,58.2,153.78,149.2,722.3,830.6999999999999,153.70999999999998,0.0,BUY,0,153.64,58.2,153.63,155.7,153.62,194.0,153.61,102.8,153.6,211.6,153.78,149.2,153.79,181.0,153.8,274.6,153.81,111.9,153.82,114.0
1700000639.5,1279,153.695,0.15000000000000568,153.62,103.5,153.77,10.0,1176.9,824.2,153.62,29.3,SELL,1,153.62,103.5,153.61,407.0,153.6,86.9,153.59,557.5,153.58,22.0,153.77,10.0,153.78,207.1,153.79,229.9,153.8,65.2,153.81,312.0
1700000640.0,1280,153.69,0.13999999999998636,153.62,73.8,153.76,525.9,833.4,1103.8,153.76,93.5,BUY,4,153.62,73.8,153.61,45.5,153.6,293.1,153.59,236.6,153.58,184.4,153.76,525.9,153.77,223.5,153.78,57.1,153.79,42.3,153.8,255.0
1700000640.5,1281,153.66,0.13999999999998636,153.59,211.0,153.73,67.1,1710.9,593.4,153.66,0.0,BUY,0,153.59,211.0,153.58,27.1,153.57,97.2,153.56,1081.7,153.55,293.9,153.73,67.1,153.74,10.0,153.75,78.9,153.76,218.8,153.77,218.6
1700000641.0,1282,153.65,0.13999999999998636,153.58,233.3,153.72,78.0,1202.1000000000001,1447.7,153.72,56.1,BUY,1,153.58,233.3,153.57,51.6,153.56,130.0,153.55,488.0,153.54,299.2,153.72,78.0,153.73,269.5,153.74,534.8,153.75,477.1,153.76,88.3
1700000641.5,1283,153.65,0.13999999999998636,153.58,33.6,153.72,23.8,1204.1999999999998,1925.8999999999996,153.58,7.2,SELL,1,153.58,33.6,153.57,514.3,153.56,105.8,153.55,334.7,153.54,215.8,153.72,23.8,153.73,692.8,153.74,110.3,153.75,733.9,153.76,365.1
1700000642.0,1284,153.66,0.13999999999998636,153.59,31.9,153.73,511.2,1033.9,1246.9,153.73,5.0,BUY,1,153.59,31.9,153.58,271.2,153.57,156.3,153.56,56.8,153.55,517.7,153.73,511.2,153.74,11.8,153.75,32.7,153.76,299.2,153.77,392.0
1700000642.5,1285,153.67000000000002,0.1599999999999966,153.59,10.0,153.75,60.0,126.3,494.0,153.75,46.7,BUY,3,153.59,10.0,153.58,28.0,153.57,27.0,153.56,47.2,153.55,14.1,153.75,60.0,153.76,117.5,153.77,208.2,153.78,19.5,153.79,88.8
1700000643.0,1286,153.66,0.13999999999998636,153.59,16.0,153.73,120.9,232.8,1470.6,153.73,62.7,BUY,1,153.59,16.0,153.58,30.8,153.57,38.6,153.56,18.7,153.55,128.7,153.73,120.9,153.74,380.3,153.75,22.1,153.76,187.7,153.77,759.6
1700000643.5,1287,153.67000000000002,0.1599999999999966,153.59,10.0,153.75,80.1,464.20000000000005,708.4000000000001,153.75,5.0,BUY,2,153.59,10.0,153.58,67.8,153.57,227.8,153.56,10.0,153.55,148.6,153.75,80.1,153.76,123.8,153.77,53.0,153.78,380.3,153.79,71.2
1700000644.0,1288,153.68,0.13999999999998636,153.61,190.2,153.75,84.8,1156.3,886.4,153.61,11.3,SELL,1,153.61,190.2,153.6,114.1,153.59,19.5,153.58,640.6,153.57,191.9,153.75,84.8,153.76,192.7,153.77,64.5,153.78,181.8,153.79,362.6
1700000644.5,1289,153.66500000000002,0.15000000000000568,153.59,105.9,153.74,101.1,695.1999999999999,422.9,153.59,74.5,SELL,1,153.59,105.9,153.58,143.9,153.57,63.6,153.56,269.9,153.55,111.9,153.74,101.1,153.75,38.3,153.76,25.3,153.77,61.7,153.78,196.5
1700000645.0,1290,153.66500000000002,0.15000000000000568,153.59,10.0,153.74,181.3,861.8000000000001,767.2,153.59,54.1,SELL,6,153.59,10.0,153.58,498.6,153.57,44.7,153.56,10.0,153.55,298.5,153.74,181.3,153.75,112.4,153.76,164.9,153.77,261.1,153.78,47.5
1700000645.5,1291,153.66,0.13999999999998636,153.59,28.8,153.73,41.3,538.6,1573.2,153.59,6.7,SELL,1,153.59,28.8,153.58,74.8,153.57,33.2,153.56,342.5,153.55,59.3,153.73,41.3,153.74,570.0,153.75,192.5,153.76,385.6,153.77,383.8
1700000646.0,1292,153.64,0.1599999999999966,153.56,85.6,153.72,227.2,752.2,638.4,153.72,128.9,BUY,2,153.56,85.6,153.55,46.2,153.54,194.7,153.53,58.5,153.52,367.2,153.72,227.2,153.73,10.0,153.74,109.3,153.75,52.9,153.76,239.0
1700000646.5,1293,153.66,0.13999999999998636,153.59,253.6,153.73,313.1,2335.3,1657.3000000000002,153.73,6.1,BUY,2,153.59,253.6,153.58,189.2,153.57,363.2,153.56,1184.8,153.55,344.5,153.73,313.1,153.74,222.1,153.75,145.9,153.76,192.3,153.77,783.9
1700000647.0,1294,153.68,0.13999999999998636,153.61,51.5,153.75,26.4,1342.5,846.3,153.75,15.1,BUY,3,153.61,51.5,153.6,338.1,153.59,380.2,153.58,354.0,153.57,218.7,153.75,26.4,153.76,85.5,153.77,100.3,153.78,606.8,153.79,27.3
1700000647.5,1295,153.66,0.13999999999998636,153.59,158.5,153.73,47.8,648.0,404.4,153.59,58.8,SELL,3,153.59,158.5,153.58,154.0,153.57,62.4,153.56,263.1,153.55,10.0,153.73,47.8,153.74,62.6,153.75,135.8,153.76,35.1,153.77,123.1
1700000648.0,1296,153.63,0.13999999999998636,153.56,24.2,153.7,71.4,329.3,564.4,153.56,11.0,SELL,1,153.56,24.2,153.55,10.0,153.54,155.1,153.53,19.7,153.52,120.3,153.7,71.4,153.71,144.8,153.72,206.7,153.73,105.1,153.74,36.4
1700000648.5,1297,153.64999999999998,0.1599999999999966,153.57,234.6,153.73,57.5,901.4,716.1,153.73,12.7,BUY,4,153.57,234.6,153.56,218.9,153.55,39.4,153.54,353.0,153.53,55.5,153.73,57.5,153.74,55.1,153.75,198.5,153.76,305.4,153.77,99.6
1700000649.0,1298,153.65,0.13999999999998636,153.58,64.2,153.72,10.0,550.5999999999999,1154.7,153.58,48.1,SELL,1,153.58,64.2,153.57,90.3,153.56,274.9,153.55,61.7,153.54,59.5,153.72,10.0,153.73,95.6,153.74,110.1,153.75,52.3,153.76,886.7
1700000649.5,1299,153.62,0.13999999999998636,153.55,208.4,153.69,10.0,661.5000000000001,751.4000000000001,153.55,100.8,SELL,1,153.55,208.4,153.54,171.7,153.53,153.8,153.52,18.5,153.51,109.1,153.69,10.0,153.7,66.9,153.71,226.3,153.72,127.7,153.73,320.5
1700000650.0,1300,153.615,0.15000000000000568,153.54,97.7,153.69,45.7,500.09999999999997,1294.2,153.615,0.0,BUY,0,153.54,97.7,153.53,165.1,153.52,150.2,153.51,14.9,153.5,72.2,153.69,45.7,153.7,90.2,153.71,10.0,153.72,1009.4,153.73,138.9
1700000650.5,1301,153.595,0.12999999999999545,153.53,402.0,153.66,75.8,1415.6,867.0,153.66,67.6,BUY,2,153.53,402.0,153.52,10.0,153.51,299.4,153.5,383.6,153.49,320.6,153.66,75.8,153.67,248.0,153.68,44.2,153.69,135.9,153.7,363.1
1700000651.0,1302,153.58499999999998,0.15000000000000568,153.51,10.0,153.66,248.5,1014.0,1719.3,153.51,48.2,SELL,1,153.51,10.0,153.5,324.7,153.49,63.2,153.48,271.9,153.47,344.2,153.66,248.5,153.67,55.9,153.68,126.2,153.69,1190.9,153.7,97.8
1700000651.5,1303,153.58499999999998,0.15000000000000568,153.51,39.4,153.66,76.4,898.6,1871.5000000000002,153.66,26.0,BUY,4,153.51,39.4,153.5,118.6,153.49,18.8,153.48,540.7,153.47,181.1,153.66,76.4,153.67,1009.0,153.68,714.7,153.69,10.0,153.7,61.4
1700000652.0,1304,153.56,0.13999999999998636,153.49,148.6,153.63,10.0,1447.4,584.4000000000001,153.49,11.1,SELL,3,153.49,148.6,153.48,908.6,153.47,134.4,153.46,35.7,153.45,220.1,153.63,10.0,153.64,12.0,153.65,53.5,153.66,142.3,153.67,366.6
1700000652.5,1305,152.51,0.14000000000001478,152.44,55.6,152.58,225.9,413.8,1259.3000000000002,152.44,134.0,SELL,4,152.44,55.6,152.43,284.8,152.42,43.9,152.41,19.2,152.4,10.3,152.58,225.9,152.59,119.2,152.6,332.2,152.61,549.1,152.62,32.9
1700000653.0,1306,152.49,0.14000000000001478,152.42,79.7,152.56,102.9,558.0,755.6999999999999,152.56,51.3,BUY,1,152.42,79.7,152.41,66.6,152.4,53.3,152.39,90.9,152.38,267.5,152.56,102.9,152.57,222.0,152.58,95.0,152.59,20.4,152.6,315.4
1700000653.5,1307,152.49,0.14000000000001478,152.42,10.0,152.56,372.9,809.7,1614.9,152.56,20.0,BUY,3,152.42,10.0,152.41,405.2,152.4,27.1,152.39,236.7,152.38,130.7,152.56,372.9,152.57,90.7,152.58,201.3,152.59,929.5,152.6,20.5
1700000654.0,1308,152.48000000000002,0.14000000000001478,152.41,54.8,152.55,308.8,764.0,1234.0,152.48000000000002,0.0,BUY,0,152.41,54.8,152.4,21.5,152.39,11.2,152.38,10.0,152.37,666.5,152.55,308.8,152.56,278.1,152.57,60.6,152.58,332.4,152.59,254.1
1700000654.5,1309,152.49,0.14000000000001478,152.42,286.3,152.56,18.3,785.8,1089.1,152.56,31.3,BUY,2,152.42,286.3,152.41,84.2,152.4,72.2,152.39,222.8,152.38,120.3,152.56,18.3,152.57,178.8,152.58,461.4,152.59,184.9,152.6,245.7
1700000655.0,1310,152.45999999999998,0.14000000000001478,152.39,32.9,152.53,328.3,558.3000000000001,1122.9,152.45999999999998,0.0,BUY,0,152.39,32.9,152.38,202.5,152.37,44.2,152.36,154.1,152.35,124.6,152.53,328.3,152.54,38.1,152.55,10.0,152.56,283.1,152.57,463.4
1700000655.5,1311,152.45999999999998,0.14000000000001478,152.39,309.6,152.53,36.6,2309.2,1252.4,152.53,7.7,BUY,2,152.39,309.6,152.38,308.9,152.37,68.2,152.36,678.3,152.35,944.2,152.53,36.6,152.54,138.9,152.55,116.2,152.56,295.7,152.57,665.0
1700000656.0,1312,152.43,0.13999999999998636,152.36,19.6,152.5,15.0,1172.0,949.0,152.5,8.6,BUY,1,152.36,19.6,152.35,262.1,152.34,802.5,152.33,30.6,152.32,57.2,152.5,15.0,152.51,484.5,152.52,272.6,152.53,164.0,152.54,12.9
1700000656.5,1313,152.43,0.13999999999998636,152.36,69.0,152.5,18.8,1204.1,883.9000000000001,152.36,48.6,SELL,2,152.36,69.0,152.35,124.5,152.34,307.6,152.33,232.5,152.32,470.5,152.5,18.8,152.51,13.9,152.52,10.0,152.53,500.0,152.54,341.2
1700000657.0,1314,152.44,0.13999999999998636,152.37,268.3,152.51,140.4,908.5,549.8,152.51,9.4,BUY,1,152.37,268.3,152.36,19.9,152.35,227.9,152.34,251.9,152.33,140.5,152.51,140.4,152.52,48.3,152.53,77.7,152.54,153.9,152.55,129.5
1700000657.5,1315,152.43,0.13999999999998636,152.36,309.6,152.5,54.7,1085.7,1609.3,152.5,59.2,BUY,3,152.36,309.6,152.35,53.6,152.34,141.7,152.33,203.5,152.32,377.3,152.5,54.7,152.51,372.6,152.52,211.3,152.53,326.2,152.54,644.5
1700000658.0,1316,152.45,0.14000000000001478,152.38,114.6,152.52,41.8,1104.6,729.4000000000001,152.38,17.7,SELL,1,152.38,114.6,152.37,33.5,152.36,42.8,152.35,775.8,152.34,137.9,152.52,41.8,152.53,64.3,152.54,338.6,152.55,119.0,152.56,165.7
1700000658.5,1317,152.43,0.13999999999998636,152.36,20.0,152.5,28.7,934.5,2463.7000000000003,152.43,0.0,BUY,0,152.36,20.0,152.35,38.7,152.34,119.3,152.33,688.9,152.32,67.6,152.5,28.7,152.51,71.7,152.52,638.9,152.53,1624.0,152.54,100.4
1700000659.0,1318,152.41500000000002,0.15000000000000568,152.34,69.7,152.49,191.1,704.6,999.5,152.49,25.4,BUY,6,152.34,69.7,152.33,98.4,152.32,53.2,152.31,473.3,152.3,10.0,152.49,191.1,152.5,10.5,152.51,275.4,152.52,19.3,152.53,503.2
1700000659.5,1319,152.41,0.13999999999998636,152.34,32.1,152.48,388.9,1305.0,1334.4,152.34,32.7,SELL,1,152.34,32.1,152.33,229.5,152.32,557.7,152.31,96.1,152.3,389.6,152.48,388.9,152.49,301.3,152.5,48.8,152.51,10.0,152.52,585.4
1700000660.0,1320,152.41,0.13999999999998636,152.34,123.0,152.48,106.3,244.49999999999997,385.6,152.34,104.1,SELL,2,152.34,123.0,152.33,24.6,152.32,63.1,152.31,13.7,152.3,20.1,152.48,106.3,152.49,64.8,152.5,139.4,152.51,48.0,152.52,27.1
1700000660.5,1321,152.41000000000003,0.1599999999999966,152.33,96.0,152.49,490.3,475.40000000000003,1707.1000000000001,152.33,5.0,SELL,4,152.33,96.0,152.32,15.8,152.31,141.3,152.3,152.6,152.29,69.7,152.49,490.3,152.5,93.9,152.51,667.7,152.52,312.8,152.53,142.4
1700000661.0,1322,152.41,0.13999999999998636,152.34,371.7,152.48,141.0,1201.8,1497.9,152.48,125.9,BUY,1,152.34,371.7,152.33,32.6,152.32,375.8,152.31,254.6,152.3,167.1,152.48,141.0,152.49,295.6,152.5,426.5,152.51,105.8,152.52,529.0
1700000661.5,1323,152.37,0.13999999999998636,152.3,99.4,152.44,10.0,933.6,544.8,152.3,34.5,SELL,1,152.3,99.4,152.29,409.9,152.28,53.0,152.27,173.7,152.26,197.6,152.44,10.0,152.45,201.6,152.46,149.8,152.47,121.9,152.48,61.5
1700000662.0,1324,152.37,0.13999999999998636,152.3,54.1,152.44,159.5,1471.4,467.5,152.3,15.9,SELL,4,152.3,54.1,152.29,293.9,152.28,770.9,152.27,47.3,152.26,305.2,152.44,159.5,152.45,137.5,152.46,59.9,152.47,10.0,152.48,100.6
1700000662.5,1325,152.365,0.15000000000000568,152.29,14.8,152.44,26.2,1420.5,1091.1999999999998,152.365,0.0,BUY,0,152.29,14.8,152.28,151.3,152.27,279.6,152.26,764.7,152.25,210.1,152.44,26.2,152.45,351.6,152.46,85.1,152.47,364.9,152.48,263.4
1700000663.0,1326,152.35,0.13999999999998636,152.28,60.0,152.42,350.8,1172.5,1050.3,152.42,103.5,BUY,1,152.28,60.0,152.27,165.3,152.26,247.7,152.25,242.0,152.24,457.5,152.42,350.8,152.43,12.4,152.44,21.1,152.45,518.7,152.46,147.3
1700000663.5,1327,152.365,0.15000000000000568,152.29,42.9,152.44,40.6,1378.6,581.8,152.44,12.8,BUY,6,152.29,42.9,152.28,264.1,152.27,174.6,152.26,92.4,152.25,804.6,152.44,40.6,152.45,199.2,152.46,206.0,152.47,72.3,152.48,63.7
1700000664.0,1328,152.33499999999998,0.15000000000000568,152.26,81.6,152.41,27.2,522.7,1824.8999999999999,152.41,6.6,BUY,2,152.26,81.6,152.25,10.0,152.24,150.9,152.23,10.0,152.22,270.2,152.41,27.2,152.42,212.3,152.43,226.6,152.44,296.7,152.45,1062.1
1700000664.5,1329,152.31,0.13999999999998636,152.24,100.7,152.38,108.7,637.8,945.6,152.38,64.1,BUY,2,152.24,100.7,152.23,42.0,152.22,176.2,152.21,237.6,152.2,81.3,152.38,108.7,152.39,67.5,152.4,63.6,152.41,645.7,152.42,60.1
1700000665.0,1330,152.29000000000002,0.14000000000001478,152.22,20.7,152.36,19.6,422.5,1338.6,152.36,16.9,BUY,2,152.22,20.7,152.21,30.9,152.2,10.0,152.19,286.3,152.18,74.6,152.36,19.6,152.37,116.6,152.38,391.9,152.39,496.2,152.4,314.3
1700000665.5,1331,152.29000000000002,0.14000000000001478,152.22,417.7,152.36,61.7,978.3000000000001,649.6,152.22,11.4,SELL,1,152.22,417.7,152.21,411.5,152.2,10.0,152.19,87.5,152.18,51.6,152.36,61.7,152.37,97.7,152.38,132.6,152.39,329.4,152.4,28.2
1700000666.0,1332,152.3,0.14000000000001478,152.23,10.0,152.37,157.1,133.1,637.9,152.37,20.1,BUY,1,152.23,10.0,152.22,10.0,152.21,58.3,152.2,43.5,152.19,11.3,152.37,157.1,152.38,127.2,152.39,45.3,152.4,226.7,152.41,81.6
1700000666.5,1333,139.01999999999998,0.14000000000001478,138.95,182.5,139.09,12.1,982.0999999999999,625.9000000000001,139.09,56.2,BUY,3,138.95,182.5,138.94,46.5,138.93,321.4,138.92,132.2,138.91,299.5,139.09,12.1,139.1,108.5,139.11,77.9,139.12,297.1,139.13,130.3
1700000667.0,1334,139.01,0.14000000000001478,138.94,10.5,139.08,40.1,1981.2,686.3,138.94,5.0,SELL,3,138.94,10.5,138.93,220.8,138.92,618.4,138.91,818.3,138.9,313.2,139.08,40.1,139.09,31.8,139.1,138.8,139.11,172.1,139.12,303.5
1700000667.5,1335,138.99,0.1599999999999966,138.91,288.7,139.07,56.1,1067.6000000000001,1442.3,138.91,5.6,SELL,1,138.91,288.7,138.9,142.4,138.89,53.7,138.88,355.4,138.87,227.4,139.07,56.1,139.08,241.1,139.09,46.2,139.1,356.1,139.11,742.8
1700000668.0,1336,138.98000000000002,0.14000000000001478,138.91,10.0,139.05,127.2,131.9,1964.1999999999998,138.91,74.6,SELL,7,138.91,10.0,138.9,25.9,138.89,51.2,138.88,29.5,138.87,15.3,139.05,127.2,139.06,907.3,139.07,471.3,139.08,273.3,139.09,185.1
1700000668.5,1337,138.98000000000002,0.14000000000001478,138.91,10.0,139.05,44.2,1067.4,624.5999999999999,138.91,56.0,SELL,1,138.91,10.0,138.9,38.6,138.89,609.1,138.88,382.6,138.87,27.1,139.05,44.2,139.06,160.7,139.07,273.7,139.08,133.0,139.09,13.0
1700000669.0,1338,139.01,0.1599999999999966,138.93,21.0,139.09,95.6,532.8,1070.8000000000002,138.93,34.4,SELL,2,138.93,21.0,138.92,152.7,138.91,118.9,138.9,10.0,138.89,230.2,139.09,95.6,139.1,22.5,139.11,270.4,139.12,172.7,139.13,509.6
1700000669.5,1339,139.01,0.14000000000001478,138.94,276.5,139.08,66.3,698.4,1146.0,139.08,23.0,BUY,3,138.94,276.5,138.93,184.0,138.92,135.0,138.91,59.1,138.9,43.8,139.08,66.3,139.09,202.5,139.1,117.8,139.11,628.9,139.12,130.5
1700000670.0,1340,139.01,0.14000000000001478,138.94,27.5,139.08,39.0,1291.6000000000001,1235.5,138.94,66.6,SELL,1,138.94,27.5,138.93,225.9,138.92,275.1,138.91,553.9,138.9,209.2,139.08,39.0,139.09,376.0,139.1,319.4,139.11,404.0,139.12,97.1
1700000670.5,1341,139.0,0.13999999999998636,138.93,62.4,139.07,196.2,1217.3,381.59999999999997,138.93,27.7,SELL,1,138.93,62.4,138.92,236.5,138.91,116.7,138.9,225.1,138.89,576.6,139.07,196.2,139.08,10.0,139.09,115.0,139.1,10.0,139.11,50.4
1700000671.0,1342,138.98000000000002,0.14000000000001478,138.91,54.1,139.05,339.4,705.7,879.3000000000001,139.05,13.1,BUY,4,138.91,54.1,138.9,233.8,138.89,119.6,138.88,51.4,138.87,246.8,139.05,339.4,139.06,223.8,139.07,124.2,139.08,176.6,139.09,15.3
1700000671.5,1343,138.98000000000002,0.14000000000001478,138.91,173.7,139.05,55.1,384.79999999999995,1825.1,139.05,46.9,BUY,1,138.91,173.7,138.9,10.0,138.89,37.3,138.88,80.4,138.87,83.4,139.05,55.1,139.06,185.0,139.07,63.7,139.08,633.0,139.09,888.3
1700000672.0,1344,138.97,0.160000000000025,138.89,23.7,139.05,10.0,944.4,356.1,138.89,46.2,SELL,2,138.89,23.7,138.88,178.5,138.87,528.3,138.86,197.9,138.85,16.0,139.05,10.0,139.06,97.3,139.07,21.3,139.08,10.0,139.09,217.5
1700000672.5,1345,138.97,0.13999999999998636,138.9,323.9,139.04,73.9,1935.7,1002.7,138.9,5.0,SELL,3,138.9,323.9,138.89,338.4,138.88,94.8,138.87,45.7,138.86,1132.9,139.04,73.9,139.05,650.1,139.06,44.4,139.07,10.0,139.08,224.3
1700000673.0,1346,138.97,0.13999999999998636,138.9,71.0,139.04,43.0,593.6,569.0999999999999,138.97,0.0,BUY,0,138.9,71.0,138.89,10.0,138.88,271.8,138.87,19.8,138.86,221.0,139.04,43.0,139.05,231.9,139.06,10.0,139.07,128.7,139.08,155.5
1700000673.5,1347,138.95999999999998,0.14000000000001478,138.89,463.9,139.03,265.4,1603.6,1242.7,139.03,54.2,BUY,1,138.89,463.9,138.88,109.4,138.87,160.1,138.86,107.4,138.85,762.8,139.03,265.4,139.04,401.2,139.05,27.6,139.06,439.8,139.07,108.7
1700000674.0,1348,138.94,0.13999999999998636,138.87,137.3,139.01,10.0,512.6,885.5,139.01,22.7,BUY,3,138.87,137.3,138.86,45.2,138.85,53.7,138.84,130.5,138.83,145.9,139.01,10.0,139.02,120.2,139.03,320.5,139.04,245.8,139.05,189.0
1700000674.5,1349,138.91,0.13999999999998636,138.84,97.6,138.98,147.9,398.40000000000003,784.2,138.84,24.5,SELL,1,138.84,97.6,138.83,12.7,138.82,114.5,138.81,24.8,138.8,148.8,138.98,147.9,138.99,170.8,139.0,164.5,139.01,65.2,139.02,235.8
1700000675.0,1350,138.885,0.15000000000000568,138.81,18.0,138.96,12.3,492.3,1248.0,138.81,5.0,SELL,1,138.81,18.0,138.8,10.0,138.79,112.1,138.78,51.2,138.77,301.0,138.96,12.3,138.97,856.8,138.98,113.5,138.99,10.0,139.0,255.4
1700000675.5,1351,138.885,0.15000000000000568,138.81,246.5,138.96,26.9,831.6,1759.7999999999997,138.96,5.0,BUY,2,138.81,246.5,138.8,352.5,138.79,62.7,138.78,98.8,138.77,71.1,138.96,26.9,138.97,55.8,138.98,99.4,138.99,1295.8,139.0,281.9
1700000676.0,1352,149.22,0.13999999999998636,149.15,26.1,149.29,37.6,1149.8,426.3,149.22,0.0,BUY,0,149.15,26.1,149.14,75.3,149.13,69.0,149.12,633.8,149.11,345.6,149.29,37.6,149.3,298.4,149.31,37.1,149.32,10.0,149.33,43.2
1700000676.5,1353,149.19,0.13999999999998636,149.12,289.0,149.26,118.0,654.4000000000001,575.9,149.26,33.9,BUY,3,149.12,289.0,149.11,10.0,149.1,332.7,149.09,10.0,149.08,12.7,149.26,118.0,149.27,269.9,149.28,59.0,149.29,119.0,149.3,10.0
1700000677.0,1354,149.17000000000002,0.1599999999999966,149.09,37.0,149.25,175.0,933.3,1288.2999999999997,149.25,9.5,BUY,1,149.09,37.0,149.08,23.8,149.07,68.8,149.06,327.7,149.05,476.0,149.25,175.0,149.26,101.3,149.27,522.3,149.28,124.8,149.29,364.9
1700000677.5,1355,149.135,0.15000000000000568,149.06,106.0,149.21,80.6,507.40000000000003,228.8,149.06,37.2,SELL,2,149.06,106.0,149.05,58.4,149.04,10.0,149.03,285.3,149.02,47.7,149.21,80.6,149.22,10.0,149.23,17.3,149.24,71.4,149.25,49.5
1700000678.0,1356,131.13,0.13999999999998636,131.06,10.0,131.2,10.0,436.09999999999997,1297.9,131.06,194.7,SELL,1,131.06,10.0,131.05,38.3,131.04,253.1,131.03,88.3,131.02,46.4,131.2,10.0,131.21,236.7,131.22,558.5,131.23,91.6,131.24,401.1
1700000678.5,1357,131.14999999999998,0.1599999999999966,131.07,35.3,131.23,65.7,1306.9,997.9000000000001,131.07,5.0,SELL,1,131.07,35.3,131.06,21.5,131.05,72.1,131.04,70.3,131.03,1107.7,131.23,65.7,131.24,29.4,131.25,480.4,131.26,399.2,131.27,23.2
1700000679.0,1358,131.13,0.13999999999998636,131.06,11.2,131.2,295.6,984.5999999999999,572.7,131.2,5.0,BUY,1,131.06,11.2,131.05,162.9,131.04,70.4,131.03,83.2,131.02,656.9,131.2,295.6,131.21,31.3,131.22,50.0,131.23,10.0,131.24,185.8
1700000679.5,1359,131.12,0.13999999999998636,131.05,165.8,131.19,219.0,1312.6999999999998,1689.2,131.05,90.6,SELL,1,131.05,165.8,131.04,511.7,131.03,41.3,131.02,37.3,131.01,556.6,131.19,219.0,131.2,332.6,131.21,36.7,131.22,518.2,131.23,582.7
1700000680.0,1360,131.13,0.13999999999998636,131.06,140.5,131.2,19.6,649.3,2196.0,131.2,5.0,BUY,3,131.06,140.5,131.05,11.4,131.04,241.5,131.03,199.1,131.02,56.8,131.2,19.6,131.21,187.1,131.22,288.6,131.23,204.2,131.24,1496.5
1700000680.5,1361,131.12,0.13999999999998636,131.05,34.6,131.19,325.6,530.0,1305.6000000000001,131.19,62.9,BUY,1,131.05,34.6,131.04,10.0,131.03,23.3,131.02,142.0,131.01,320.1,131.19,325.6,131.2,396.1,131.21,198.2,131.22,236.7,131.23,149.0
1700000681.0,1362,131.13,0.13999999999998636,131.06,191.3,131.2,56.9,765.3,572.5,131.06,12.7,SELL,2,131.06,191.3,131.05,89.6,131.04,134.1,131.03,66.2,131.02,284.1,131.2,56.9,131.21,115.6,131.22,157.8,131.23,106.3,131.24,135.9
1700000681.5,1363,131.12,0.13999999999998636,131.05,10.0,131.19,52.3,1258.1,327.4,131.05,10.5,SELL,1,131.05,10.0,131.04,334.5,131.03,243.2,131.02,220.5,131.01,449.9,131.19,52.3,131.2,44.3,131.21,92.3,131.22,121.7,131.23,16.8
1700000682.0,1364,131.12,0.13999999999998636,131.05,61.0,131.19,158.1,1433.6,291.09999999999997,131.05,33.4,SELL,2,131.05,61.0,131.04,306.1,131.03,739.5,131.02,183.5,131.01,143.5,131.19,158.1,131.2,39.0,131.21,41.4,131.22,30.4,131.23,22.2
1700000682.5,1365,131.115,0.15000000000000568,131.04,73.8,131.19,909.4,413.4,1876.8,131.04,37.4,SELL,3,131.04,73.8,131.03,34.9,131.02,237.8,131.01,44.5,131.0,22.4,131.19,909.4,131.2,204.4,131.21,328.3,131.22,424.7,131.23,10.0
1700000683.0,1366,131.1,0.13999999999998636,131.03,49.8,131.17,11.2,809.1000000000001,1855.7,131.1,0.0,BUY,0,131.03,49.8,131.02,235.4,131.01,238.5,131.0,232.7,130.99,52.7,131.17,11.2,131.18,527.1,131.19,53.7,131.2,419.9,131.21,843.8
1700000683.5,1367,131.13,0.13999999999998636,131.06,72.1,131.2,59.5,982.5,1329.7,131.2,47.8,BUY,2,131.06,72.1,131.05,159.6,131.04,282.3,131.03,411.6,131.02,56.9,131.2,59.5,131.21,10.0,131.22,609.0,131.23,382.4,131.24,268.8
1700000684.0,1368,131.12,0.1599999999999966,131.04,239.0,131.2,14.8,944.0,1182.8999999999999,131.04,16.4,SELL,2,131.04,239.0,131.03,44.4,131.02,123.7,131.01,450.1,131.0,86.8,131.2,14.8,131.21,379.5,131.22,55.5,131.23,666.3,131.24,66.8
1700000684.5,1369,131.13,0.1599999999999966,131.05,128.4,131.21,405.5,1483.1999999999998,785.8,131.05,28.4,SELL,3,131.05,128.4,131.04,10.0,131.03,318.9,131.02,152.6,131.01,873.3,131.21,405.5,131.22,129.2,131.23,26.0,131.24,85.9,131.25,139.2
1700000685.0,1370,131.13,0.13999999999998636,131.06,772.9,131.2,10.9,1423.4,491.20000000000005,131.2,29.3,BUY,1,131.06,772.9,131.05,50.2,131.04,10.2,131.03,157.3,131.02,432.8,131.2,10.9,131.21,110.3,131.22,173.9,131.23,170.8,131.24,25.3
1700000685.5,1371,131.115,0.15000000000000568,131.04,137.8,131.19,18.5,1081.3,1629.4,131.19,32.7,BUY,1,131.04,137.8,131.03,48.0,131.02,289.2,131.01,511.0,131.0,95.3,131.19,18.5,131.2,52.0,131.21,301.0,131.22,325.7,131.23,932.2
1700000686.0,1372,131.115,0.15000000000000568,131.04,268.2,131.19,93.4,852.9,503.20000000000005,131.19,23.6,BUY,2,131.04,268.2,131.03,473.7,131.02,78.2,131.01,22.8,131.0,10.0,131.19,93.4,131.2,12.9,131.21,242.4,131.22,10.0,131.23,144.5
1700000686.5,1373,131.12,0.13999999999998636,131.05,10.0,131.19,82.0,688.0999999999999,906.3,131.05,12.2,SELL,2,131.05,10.0,131.04,140.8,131.03,106.6,131.02,163.2,131.01,267.5,131.19,82.0,131.2,178.5,131.21,302.0,131.22,251.0,131.23,92.8
1700000687.0,1374,131.12,0.13999999999998636,131.05,76.7,131.19,466.2,590.8000000000001,1408.4,131.19,33.7,BUY,1,131.05,76.7,131.04,72.9,131.03,258.0,131.02,31.3,131.01,151.9,131.19,466.2,131.2,139.0,131.21,24.3,131.22,458.3,131.23,320.6
1700000687.5,1375,131.12,0.13999999999998636,131.05,108.1,131.19,25.0,1660.1999999999998,438.79999999999995,131.19,44.4,BUY,2,131.05,108.1,131.04,433.9,131.03,126.8,131.02,398.5,131.01,592.9,131.19,25.0,131.2,132.2,131.21,170.0,131.22,73.6,131.23,38.0
1700000688.0,1376,131.11,0.1599999999999966,131.03,186.5,131.19,124.6,986.7,540.8,131.03,8.3,SELL,1,131.03,186.5,131.02,386.0,131.01,255.3,131.0,103.7,130.99,55.2,131.19,124.6,131.2,85.4,131.21,89.1,131.22,104.2,131.23,137.5
1700000688.5,1377,131.115,0.15000000000000568,131.04,454.1,131.19,271.2,2237.5,1565.3,131.115,0.0,BUY,0,131.04,454.1,131.03,140.4,131.02,221.0,131.01,424.1,131.0,997.9,131.19,271.2,131.2,239.5,131.21,40.7,131.22,622.1,131.23,391.8
1700000689.0,1378,131.115,0.15000000000000568,131.04,48.8,131.19,161.9,256.7,776.5,131.19,7.3,BUY,5,131.04,48.8,131.03,10.0,131.02,91.4,131.01,10.0,131.0,96.5,131.19,161.9,131.2,64.9,131.21,274.1,131.22,37.4,131.23,238.2
1700000689.5,1379,131.115,0.15000000000000568,131.04,70.3,131.19,143.0,798.4,2295.7,131.04,32.7,SELL,1,131.04,70.3,131.03,18.3,131.02,490.2,131.01,188.1,131.0,31.5,131.19,143.0,131.2,40.4,131.21,191.6,131.22,1238.4,131.23,682.3
1700000690.0,1380,131.09,0.13999999999998636,131.02,66.5,131.16,15.8,1305.4,834.7,131.09,0.0,BUY,0,131.02,66.5,131.01,213.1,131.0,216.5,130.99,770.8,130.98,38.5,131.16,15.8,131.17,198.2,131.18,25.3,131.19,86.1,131.2,509.3
1700000690.5,1381,131.115,0.15000000000000568,131.04,138.8,131.19,29.6,1164.8,783.2,131.19,55.4,BUY,1,131.04,138.8,131.03,10.0,131.02,626.4,131.01,280.3,131.0,109.3,131.19,29.6,131.2,103.5,131.21,281.8,131.22,18.0,131.23,350.3
1700000691.0,1382,131.09,0.13999999999998636,131.02,31.9,131.16,179.1,663.8,894.3,131.02,10.3,SELL,4,131.02,31.9,131.01,93.0,131.0,51.5,130.99,47.6,130.98,439.8,131.16,179.1,131.17,253.2,131.18,58.1,131.19,378.9,131.2,25.0
1700000691.5,1383,131.07,0.13999999999998636,131.0,46.9,131.14,10.0,208.0,1127.3,131.0,35.7,SELL,2,131.0,46.9,130.99,52.4,130.98,22.6,130.97,13.7,130.96,72.4,131.14,10.0,131.15,146.7,131.16,102.4,131.17,660.3,131.18,207.9
1700000692.0,1384,131.05,0.14000000000001478,130.98,28.7,131.12,86.6,543.2,326.1,131.05,0.0,BUY,0,130.98,28.7,130.97,10.0,130.96,11.1,130.95,10.4,130.94,483.0,131.12,86.6,131.13,95.7,131.14,67.6,131.15,66.2,131.16,10.0
1700000692.5,1385,131.04000000000002,0.1599999999999966,130.96,248.4,131.12,32.9,728.4000000000001,680.1,130.96,60.8,SELL,2,130.96,248.4,130.95,71.5,130.94,35.3,130.93,301.5,130.92,71.7,131.12,32.9,131.13,54.5,131.14,84.2,131.15,444.1,131.16,64.4
1700000693.0,1386,131.01999999999998,0.14000000000001478,130.95,566.6,131.09,238.5,1257.8000000000002,756.2,130.95,27.6,SELL,1,130.95,566.6,130.94,48.7,130.93,10.0,130.92,229.6,130.91,402.9,131.09,238.5,131.1,10.0,131.11,85.2,131.12,48.2,131.13,374.3
1700000693.5,1387,131.03,0.160000000000025,130.95,72.3,131.11,252.8,464.7,1449.9999999999998,131.11,10.1,BUY,1,130.95,72.3,130.94,84.5,130.93,148.5,130.92,105.6,130.91,53.8,131.11,252.8,131.12,683.5,131.13,170.6,131.14,57.8,131.15,285.3
1700000694.0,1388,111.65,0.14000000000000057,111.58,115.8,111.72,57.8,819.0,1149.6,111.58,28.6,SELL,3,111.58,115.8,111.57,436.6,111.56,240.3,111.55,10.0,111.54,16.3,111.72,57.8,111.73,300.4,111.74,274.9,111.75,484.7,111.76,31.8
1700000694.5,1389,111.625,0.15000000000000568,111.55,10.0,111.7,268.2,2158.3,1065.0,111.7,37.9,BUY,1,111.55,10.0,111.54,232.4,111.53,74.2,111.52,1699.9,111.51,141.8,111.7,268.2,111.71,176.4,111.72,333.7,111.73,108.4,111.74,178.3
1700000695.0,1390,111.625,0.15000000000000568,111.55,198.9,111.7,690.3,602.8,1052.8999999999999,111.625,0.0,BUY,0,111.55,198.9,111.54,79.5,111.53,12.2,111.52,259.7,111.51,52.5,111.7,690.3,111.71,25.7,111.72,131.4,111.73,173.7,111.74,31.8
1700000695.5,1391,111.6,0.1600000000000108,111.52,10.0,111.68,159.0,738.3000000000001,572.1,111.68,9.0,BUY,2,111.52,10.0,111.51,148.6,111.5,150.1,111.49,407.0,111.48,22.6,111.68,159.0,111.69,98.1,111.7,133.7,111.71,85.9,111.72,95.4
1700000696.0,1392,111.61,0.1599999999999966,111.53,94.6,111.69,431.4,536.4,1661.8999999999999,111.53,72.5,SELL,1,111.53,94.6,111.52,76.4,111.51,212.0,111.5,29.5,111.49,123.9,111.69,431.4,111.7,243.0,111.71,633.7,111.72,343.8,111.73,10.0
1700000696.5,1393,111.61,0.1599999999999966,111.53,87.4,111.69,17.3,813.3,1141.3,111.61,0.0,BUY,0,111.53,87.4,111.52,31.4,111.51,45.8,111.5,212.2,111.49,436.5,111.69,17.3,111.7,12.0,111.71,878.3,111.72,205.3,111.73,28.4
1700000697.0,1394,111.61000000000001,0.14000000000000057,111.54,74.7,111.68,219.7,469.5,1035.1,111.68,5.0,BUY,1,111.54,74.7,111.53,127.8,111.52,10.0,111.51,86.2,111.5,170.8,111.68,219.7,111.69,136.2,111.7,106.1,111.71,210.9,111.72,362.2
1700000697.5,1395,111.61,0.1599999999999966,111.53,36.5,111.69,187.4,460.3,794.0,111.61,0.0,BUY,0,111.53,36.5,111.52,127.8,111.51,214.1,111.5,31.6,111.49,50.3,111.69,187.4,111.7,41.0,111.71,122.6,111.72,105.8,111.73,337.2
1700000698.0,1396,111.61,0.1599999999999966,111.53,57.9,111.69,22.8,673.7,764.7,111.69,39.4,BUY,1,111.53,57.9,111.52,38.8,111.51,315.5,111.5,142.5,111.49,119.0,111.69,22.8,111.7,14.7,111.71,166.2,111.72,211.7,111.73,349.3
1700000698.5,1397,111.625,0.15000000000000568,111.55,29.2,111.7,33.7,397.5,1030.1,111.55,17.3,SELL,3,111.55,29.2,111.54,106.6,111.53,155.8,111.52,34.9,111.51,71.0,111.7,33.7,111.71,46.8,111.72,203.4,111.73,367.8,111.74,378.4
1700000699.0,1398,111.6,0.1600000000000108,111.52,61.7,111.68,94.3,1264.2,686.8000000000001,111.52,59.1,SELL,1,111.52,61.7,111.51,76.6,111.5,135.1,111.49,248.1,111.48,742.7,111.68,94.3,111.69,40.0,111.7,11.3,111.71,435.6,111.72,105.6
1700000699.5,1399,111.59,0.14000000000000057,111.52,51.6,111.66,48.9,1137.7,696.9000000000001,111.66,5.0,BUY,1,111.52,51.6,111.51,12.7,111.5,492.4,111.49,431.6,111.48,149.4,111.66,48.9,111.67,46.5,111.68,147.1,111.69,136.6,111.7,317.8
1700000700.0,1400,111.565,0.15000000000000568,111.49,128.1,111.64,300.0,1024.6,1165.6,111.49,48.5,SELL,1,111.49,128.1,111.48,127.0,111.47,181.6,111.46,385.7,111.45,202.2,111.64,300.0,111.65,53.7,111.66,231.0,111.67,23.0,111.68,557.9
1700000700.5,1401,111.58,0.1599999999999966,111.5,92.3,111.66,312.2,773.1,1114.8,111.5,148.4,SELL,3,111.5,92.3,111.49,301.7,111.48,280.0,111.47,89.1,111.46,10.0,111.66,312.2,111.67,126.0,111.68,47.9,111.69,93.5,111.7,535.2
1700000701.0,1402,111.57,0.14000000000000057,111.5,259.0,111.64,10.0,766.0,915.3000000000001,111.5,5.0,SELL,1,111.5,259.0,111.49,146.4,111.48,40.6,111.47,48.6,111.46,271.4,111.64,10.0,111.65,255.6,111.66,19.2,111.67,257.9,111.68,372.6
1700000701.5,1403,111.545,0.15000000000000568,111.47,12.9,111.62,57.1,913.0,2389.2,111.545,0.0,BUY,0,111.47,12.9,111.46,38.0,111.45,311.2,111.44,291.4,111.43,259.5,111.62,57.1,111.63,506.3,111.64,80.4,111.65,975.1,111.66,770.3
1700000702.0,1404,111.545,0.15000000000000568,111.47,11.9,111.62,210.4,1073.1000000000001,533.9000000000001,111.47,30.9,SELL,5,111.47,11.9,111.46,172.7,111.45,454.5,111.44,85.2,111.43,348.8,111.62,210.4,111.63,10.0,111.64,245.8,111.65,57.7,111.66,10.0
1700000702.5,1405,111.545,0.15000000000000568,111.47,37.8,111.62,76.4,1148.8,1536.5,111.62,15.1,BUY,7,111.47,37.8,111.46,749.0,111.45,195.0,111.44,157.0,111.43,10.0,111.62,76.4,111.63,38.6,111.64,116.5,111.65,550.6,111.66,754.4
1700000703.0,1406,111.55000000000001,0.14000000000000057,111.48,40.0,111.62,155.0,444.0,848.3000000000001,111.48,15.7,SELL,1,111.48,40.0,111.47,45.9,111.46,10.0,111.45,142.9,111.44,205.2,111.62,155.0,111.63,88.4,111.64,326.1,111.65,46.2,111.66,232.6
1700000703.5,1407,111.53,0.1599999999999966,111.45,69.1,111.61,27.7,1544.0000000000002,691.9,111.45,5.0,SELL,2,111.45,69.1,111.44,648.5,111.43,165.8,111.42,423.9,111.41,236.7,111.61,27.7,111.62,319.9,111.63,155.9,111.64,82.8,111.65,105.6
1700000704.0,1408,111.53,0.14000000000000057,111.46,56.0,111.6,234.0,853.6999999999999,1850.1,111.46,8.7,SELL,3,111.46,56.0,111.45,505.7,111.44,24.3,111.43,156.8,111.42,110.9,111.6,234.0,111.61,344.3,111.62,56.3,111.63,310.6,111.64,904.9
1700000704.5,1409,111.515,0.15000000000000568,111.44,79.3,111.59,229.7,987.1,1336.7,111.44,18.8,SELL,1,111.44,79.3,111.43,558.1,111.42,73.1,111.41,54.2,111.4,222.4,111.59,229.7,111.6,349.5,111.61,320.3,111.62,216.5,111.63,220.7
1700000705.0,1410,111.515,0.15000000000000568,111.44,57.6,111.59,10.0,349.3,1466.4,111.59,78.0,BUY,2,111.44,57.6,111.43,108.6,111.42,49.3,111.41,29.1,111.4,104.7,111.59,10.0,111.6,146.5,111.61,258.2,111.62,702.5,111.63,349.2
1700000705.5,1411,111.53,0.1599999999999966,111.45,133.5,111.61,35.6,1776.9,1481.3000000000002,111.53,0.0,BUY,0,111.45,133.5,111.44,10.0,111.43,655.7,111.42,594.2,111.41,383.5,111.61,35.6,111.62,30.0,111.63,194.5,111.64,527.6,111.65,693.6
1700000706.0,1412,111.52000000000001,0.14000000000000057,111.45,153.1,111.59,28.5,1485.1,1170.6999999999998,111.59,5.6,BUY,3,111.45,153.1,111.44,312.4,111.43,502.1,111.42,437.0,111.41,80.5,111.59,28.5,111.6,107.4,111.61,251.7,111.62,176.7,111.63,606.4
1700000706.5,1413,111.53,0.1599999999999966,111.45,389.7,111.61,131.2,1926.4999999999998,977.9,111.45,15.4,SELL,1,111.45,389.7,111.44,24.6,111.43,858.0,111.42,541.4,111.41,112.8,111.61,131.2,111.62,233.7,111.63,259.0,111.64,10.0,111.65,344.0
1700000707.0,1414,111.515,0.15000000000000568,111.44,10.0,111.59,10.0,667.9000000000001,2002.9,111.59,6.0,BUY,5,111.44,10.0,111.43,98.4,111.42,136.9,111.41,156.0,111.4,266.6,111.59,10.0,111.6,1272.4,111.61,93.0,111.62,428.5,111.63,199.0
1700000707.5,1415,111.515,0.15000000000000568,111.44,10.0,111.59,38.1,461.7,590.3,111.59,5.0,BUY,3,111.44,10.0,111.43,41.2,111.42,66.8,111.41,10.0,111.4,333.7,111.59,38.1,111.6,43.0,111.61,56.8,111.62,21.3,111.63,431.1
1700000708.0,1416,111.515,0.15000000000000568,111.44,10.0,111.59,305.7,510.4,1091.3,111.44,32.4,SELL,2,111.44,10.0,111.43,185.9,111.42,145.0,111.41,133.1,111.4,36.4,111.59,305.7,111.6,30.4,111.61,155.1,111.62,53.4,111.63,546.7
1700000708.5,1417,111.53,0.14000000000000057,111.46,32.1,111.6,202.4,837.7,579.2,111.53,0.0,BUY,0,111.46,32.1,111.45,19.2,111.44,364.0,111.43,114.4,111.42,308.0,111.6,202.4,111.61,31.6,111.62,62.1,111.63,167.0,111.64,116.1
1700000709.0,1418,111.53,0.1599999999999966,111.45,56.8,111.61,107.0,805.5,1145.3,111.61,33.2,BUY,3,111.45,56.8,111.44,344.8,111.43,10.0,111.42,206.0,111.41,187.9,111.61,107.0,111.62,256.0,111.63,76.5,111.64,363.3,111.65,342.5
1700000709.5,1419,111.485,0.15000000000000568,111.41,117.0,111.56,81.2,403.29999999999995,729.2,111.41,105.2,SELL,2,111.41,117.0,111.4,91.7,111.39,69.1,111.38,69.0,111.37,56.5,111.56,81.2,111.57,71.5,111.58,10.0,111.59,311.5,111.6,255.0
1700000710.0,1420,111.47,0.1599999999999966,111.39,37.3,111.55,24.3,1003.3,519.5,111.47,0.0,BUY,0,111.39,37.3,111.38,320.8,111.37,534.3,111.36,98.3,111.35,12.6,111.55,24.3,111.56,160.2,111.57,108.8,111.58,10.0,111.59,216.2
1700000710.5,1421,111.49000000000001,0.14000000000000057,111.42,185.7,111.56,10.0,860.7,1036.6,111.56,72.3,BUY,4,111.42,185.7,111.41,136.5,111.4,301.7,111.39,135.1,111.38,101.7,111.56,10.0,111.57,251.4,111.58,99.8,111.59,590.3,111.6,85.1
1700000711.0,1422,111.485,0.15000000000000568,111.41,75.5,111.56,56.8,743.6999999999999,1407.7,111.41,39.9,SELL,1,111.41,75.5,111.4,222.2,111.39,28.9,111.38,274.7,111.37,142.4,111.56,56.8,111.57,680.1,111.58,10.0,111.59,505.4,111.6,155.4
1700000711.5,1423,111.5,0.1599999999999966,111.42,462.8,111.58,196.8,1123.6000000000001,1649.6,111.42,5.0,SELL,5,111.42,462.8,111.41,64.9,111.4,31.2,111.39,477.3,111.38,87.4,111.58,196.8,111.59,71.6,111.6,28.6,111.61,127.0,111.62,1225.6
1700000712.0,1424,111.5,0.1599999999999966,111.42,25.2,111.58,53.4,885.6,483.90000000000003,111.58,45.7,BUY,1,111.42,25.2,111.41,182.5,111.4,184.7,111.39,245.3,111.38,247.9,111.58,53.4,111.59,119.1,111.6,44.5,111.61,64.1,111.62,202.8
1700000712.5,1425,111.5,0.1599999999999966,111.42,58.0,111.58,349.0,966.1,795.6,111.58,22.0,BUY,5,111.42,58.0,111.41,298.0,111.4,362.7,111.39,88.9,111.38,158.5,111.58,349.0,111.59,154.1,111.6,70.3,111.61,163.5,111.62,58.7
1700000713.0,1426,111.515,0.15000000000000568,111.44,166.9,111.59,104.7,1475.1,1452.3,111.44,20.1,SELL,2,111.44,166.9,111.43,25.5,111.42,34.8,111.41,588.0,111.4,659.9,111.59,104.7,111.6,211.7,111.61,136.4,111.62,426.4,111.63,573.1
1700000713.5,1427,111.47999999999999,0.14000000000000057,111.41,121.9,111.55,135.2,1054.7,1540.3000000000002,111.55,5.0,BUY,1,111.41,121.9,111.4,47.9,111.39,174.8,111.38,662.8,111.37,47.3,111.55,135.2,111.56,153.0,111.57,971.7,111.58,188.7,111.59,91.7
1700000714.0,1428,111.485,0.15000000000000568,111.41,395.8,111.56,35.1,1697.4,937.1,111.41,50.5,SELL,1,111.41,395.8,111.4,123.9,111.39,123.1,111.38,70.9,111.37,983.7,111.56,35.1,111.57,69.9,111.58,291.6,111.59,133.0,111.6,407.5
1700000714.5,1429,111.47,0.1599999999999966,111.39,419.7,111.55,231.9,1446.6000000000001,1567.0,111.39,21.3,SELL,2,111.39,419.7,111.38,224.7,111.37,357.5,111.36,385.0,111.35,59.7,111.55,231.9,111.56,448.0,111.57,112.4,111.58,494.1,111.59,280.6
1700000715.0,1430,111.47,0.1599999999999966,111.39,10.8,111.55,280.3,1096.0,1357.7,111.47,0.0,BUY,0,111.39,10.8,111.38,198.2,111.37,338.9,111.36,330.5,111.35,217.6,111.55,280.3,111.56,650.6,111.57,152.9,111.58,141.3,111.59,132.6
1700000715.5,1431,111.48,0.1599999999999966,111.4,76.6,111.56,236.2,591.8000000000001,674.2,111.4,51.5,SELL,4,111.4,76.6,111.39,169.7,111.38,234.8,111.37,42.5,111.36,68.2,111.56,236.2,111.57,10.0,111.58,263.3,111.59,16.7,111.6,148.0
1700000716.0,1432,111.485,0.15000000000000568,111.41,20.9,111.56,300.3,1044.3,891.5,111.41,75.1,SELL,2,111.41,20.9,111.4,82.0,111.39,480.7,111.38,71.3,111.37,389.4,111.56,300.3,111.57,70.5,111.58,50.7,111.59,432.1,111.6,37.9
1700000716.5,1433,111.47999999999999,0.14000000000000057,111.41,59.9,111.55,18.4,296.29999999999995,203.0,111.55,110.6,BUY,1,111.41,59.9,111.4,59.8,111.39,53.6,111.38,28.6,111.37,94.4,111.55,18.4,111.56,10.0,111.57,131.3,111.58,10.0,111.59,33.3
1700000717.0,1434,111.47,0.1599999999999966,111.39,228.6,111.55,91.0,1710.0,1264.6,111.39,46.7,SELL,2,111.39,228.6,111.38,879.8,111.37,291.0,111.36,10.0,111.35,300.6,111.55,91.0,111.56,129.7,111.57,311.2,111.58,236.1,111.59,496.6
1700000717.5,1435,111.45,0.1599999999999966,111.37,191.8,111.53,348.1,1702.6000000000001,2018.9,111.45,0.0,BUY,0,111.37,191.8,111.36,518.4,111.35,150.6,111.34,777.4,111.33,64.4,111.53,348.1,111.54,66.7,111.55,320.6,111.56,1113.3,111.57,170.2
1700000718.0,1436,111.44,0.1599999999999966,111.36,47.0,111.52,119.3,873.7,2052.7,111.52,20.5,BUY,3,111.36,47.0,111.35,283.0,111.34,200.0,111.33,158.9,111.32,184.8,111.52,119.3,111.53,30.8,111.54,150.8,111.55,1337.1,111.56,414.7
1700000718.5,1437,111.455,0.15000000000000568,111.38,334.4,111.53,25.6,1171.1999999999998,1673.3000000000002,111.53,71.1,BUY,1,111.38,334.4,111.37,252.9,111.36,174.9,111.35,357.4,111.34,51.6,111.53,25.6,111.54,10.0,111.55,522.6,111.56,1022.6,111.57,92.5
1700000719.0,1438,111.46000000000001,0.1600000000000108,111.38,92.0,111.54,66.4,1609.6999999999998,1004.5999999999999,111.38,34.5,SELL,3,111.38,92.0,111.37,200.8,111.36,514.4,111.35,223.6,111.34,578.9,111.54,66.4,111.55,235.4,111.56,63.8,111.57,27.2,111.58,611.8
1700000719.5,1439,111.47,0.1599999999999966,111.39,20.1,111.55,44.5,893.3000000000001,1022.8000000000001,111.39,47.3,SELL,2,111.39,20.1,111.38,114.2,111.37,55.8,111.36,187.5,111.35,515.7,111.55,44.5,111.56,62.8,111.57,430.6,111.58,184.8,111.59,300.1
1700000720.0,1440,111.455,0.15000000000000568,111.38,160.4,111.53,231.3,798.3,737.1999999999999,111.38,5.0,SELL,2,111.38,160.4,111.37,409.9,111.36,181.7,111.35,36.3,111.34,10.0,111.53,231.3,111.54,15.2,111.55,191.5,111.56,84.3,111.57,214.9
1700000720.5,1441,111.455,0.15000000000000568,111.38,44.2,111.53,162.6,917.6,1464.6999999999998,111.53,5.0,BUY,4,111.38,44.2,111.37,182.7,111.36,360.6,111.35,201.5,111.34,128.6,111.53,162.6,111.54,123.7,111.55,46.3,111.56,740.0,111.57,392.1
1700000721.0,1442,111.43,0.14000000000000057,111.36,29.9,111.5,71.6,946.8,969.9999999999999,111.36,36.8,SELL,1,111.36,29.9,111.35,199.2,111.34,68.6,111.33,145.7,111.32,503.4,111.5,71.6,111.51,172.5,111.52,188.8,111.53,190.7,111.54,346.4
1700000721.5,1443,111.435,0.15000000000000568,111.36,10.9,111.51,237.1,593.7,842.5999999999999,111.51,31.1,BUY,4,111.36,10.9,111.35,10.0,111.34,364.0,111.33,35.6,111.32,173.2,111.51,237.1,111.52,124.8,111.53,80.4,111.54,39.6,111.55,360.7
1700000722.0,1444,111.44,0.1599999999999966,111.36,13.3,111.52,10.0,389.09999999999997,1393.9,111.52,7.9,BUY,1,111.36,13.3,111.35,37.2,111.34,178.8,111.33,146.1,111.32,13.7,111.52,10.0,111.53,32.3,111.54,428.1,111.55,487.1,111.56,436.4
1700000722.5,1445,111.44,0.1599999999999966,111.36,177.6,111.52,69.0,1385.5,1008.7,111.44,0.0,BUY,0,111.36,177.6,111.35,256.2,111.34,95.4,111.33,139.8,111.32,716.5,111.52,69.0,111.53,15.1,111.54,165.2,111.55,501.3,111.56,258.1
1700000723.0,1446,111.435,0.15000000000000568,111.36,82.5,111.51,264.3,835.8,985.3000000000001,111.51,51.2,BUY,1,111.36,82.5,111.35,33.4,111.34,94.1,111.33,472.6,111.32,153.2,111.51,264.3,111.52,283.4,111.53,210.7,111.54,180.9,111.55,46.0
1700000723.5,1447,111.41999999999999,0.14000000000000057,111.35,272.6,111.49,246.1,1068.6,1582.5,111.41999999999999,0.0,BUY,0,111.35,272.6,111.34,177.6,111.33,139.9,111.32,19.0,111.31,459.5,111.49,246.1,111.5,599.5,111.51,62.8,111.52,548.9,111.53,125.2
1700000724.0,1448,111.42,0.1599999999999966,111.34,37.0,111.5,101.0,2187.7,1229.4,111.5,181.5,BUY,2,111.34,37.0,111.33,76.8,111.32,386.2,111.31,589.6,111.3,1098.1,111.5,101.0,111.51,10.0,111.52,136.5,111.53,146.9,111.54,835.0
1700000724.5,1449,111.42,0.1599999999999966,111.34,139.7,111.5,130.4,1372.5,1172.9,111.5,117.2,BUY,5,111.34,139.7,111.33,161.7,111.32,197.7,111.31,204.8,111.3,668.6,111.5,130.4,111.51,73.2,111.52,30.8,111.53,490.5,111.54,448.0
1700000725.0,1450,111.42,0.1599999999999966,111.34,42.4,111.5,26.5,1381.0,594.6,111.5,109.8,BUY,2,111.34,42.4,111.33,731.5,111.32,373.6,111.31,10.8,111.3,222.7,111.5,26.5,111.51,403.5,111.52,15.5,111.53,76.9,111.54,72.2
1700000725.5,1451,111.42,0.1599999999999966,111.34,12.3,111.5,27.0,1348.6,465.5,111.34,25.3,SELL,1,111.34,12.3,111.33,75.1,111.32,558.5,111.31,281.6,111.3,421.1,111.5,27.0,111.51,76.9,111.52,116.1,111.53,219.1,111.54,26.4
1700000726.0,1452,111.405,0.15000000000000568,111.33,101.9,111.48,40.3,854.3,527.4,111.33,20.7,SELL,1,111.33,101.9,111.32,64.4,111.31,365.2,111.3,25.4,111.29,297.4,111.48,40.3,111.49,192.1,111.5,97.5,111.51,144.5,111.52,53.0
1700000726.5,1453,111.41999999999999,0.14000000000000057,111.35,55.9,111.49,75.7,1336.6000000000001,2503.4,111.35,61.1,SELL,2,111.35,55.9,111.34,114.2,111.33,145.0,111.32,1010.2,111.31,11.3,111.49,75.7,111.5,280.3,111.51,1092.0,111.52,255.8,111.53,799.6
1700000727.0,1454,111.41,0.14000000000000057,111.34,51.5,111.48,36.7,992.9,646.8,111.41,0.0,BUY,0,111.34,51.5,111.33,193.3,111.32,218.2,111.31,371.5,111.3,158.4,111.48,36.7,111.49,204.5,111.5,182.5,111.51,10.9,111.52,212.2
1700000727.5,1455,111.39,0.1599999999999966,111.31,10.0,111.47,386.6,1371.4,1574.4,111.39,0.0,BUY,0,111.31,10.0,111.3,116.6,111.29,201.1,111.28,190.4,111.27,853.3,111.47,386.6,111.48,168.5,111.49,691.7,111.5,143.8,111.51,183.8
1700000728.0,1456,111.375,0.15000000000000568,111.3,10.0,111.45,19.8,1105.6999999999998,1166.4,111.375,0.0,BUY,0,111.3,10.0,111.29,269.4,111.28,395.7,111.27,160.7,111.26,269.9,111.45,19.8,111.46,516.6,111.47,289.6,111.48,66.9,111.49,273.5
1700000728.5,1457,111.39,0.1599999999999966,111.31,80.4,111.47,160.0,509.20000000000005,1664.2000000000003,111.31,16.1,SELL,2,111.31,80.4,111.3,10.0,111.29,155.4,111.28,89.5,111.27,173.9,111.47,160.0,111.48,126.0,111.49,236.2,111.5,44.6,111.51,1097.4
1700000729.0,1458,111.375,0.15000000000000568,111.3,141.3,111.45,170.7,1061.3000000000002,786.2,111.3,27.1,SELL,1,111.3,141.3,111.29,54.7,111.28,69.4,111.27,369.3,111.26,426.6,111.45,170.7,111.46,10.3,111.47,45.3,111.48,149.5,111.49,410.4
1700000729.5,1459,111.39,0.1599999999999966,111.31,106.2,111.47,12.8,702.4,962.8000000000001,111.47,65.0,BUY,4,111.31,106.2,111.3,87.4,111.29,203.8,111.28,210.6,111.27,94.4,111.47,12.8,111.48,25.0,111.49,115.1,111.5,442.3,111.51,367.6
1700000730.0,1460,114.155,0.15000000000000568,114.08,59.2,114.23,240.3,1177.0,976.0,114.23,49.1,BUY,4,114.08,59.2,114.07,351.6,114.06,419.3,114.05,71.5,114.04,275.4,114.23,240.3,114.24,211.6,114.25,180.5,114.26,85.0,114.27,258.6
1700000730.5,1461,114.15,0.14000000000000057,114.08,58.8,114.22,19.3,468.2,868.6,114.15,0.0,BUY,0,114.08,58.8,114.07,70.5,114.06,170.6,114.05,66.0,114.04,102.3,114.22,19.3,114.23,418.1,114.24,97.9,114.25,41.8,114.26,291.5
1700000731.0,1462,114.155,0.15000000000000568,114.08,85.0,114.23,10.0,800.0,1175.1,114.23,36.1,BUY,1,114.08,85.0,114.07,217.0,114.06,18.7,114.05,272.1,114.04,207.2,114.23,10.0,114.24,276.7,114.25,106.1,114.26,699.4,114.27,82.9
1700000731.5,1463,114.13,0.1599999999999966,114.05,176.4,114.21,69.3,715.7,2106.6,114.13,0.0,BUY,0,114.05,176.4,114.04,187.9,114.03,68.2,114.02,11.5,114.01,271.7,114.21,69.3,114.22,556.8,114.23,234.5,114.24,49.2,114.25,1196.8
1700000732.0,1464,114.125,0.15000000000000568,114.05,90.7,114.2,308.0,2216.7999999999997,1496.5,114.05,57.2,SELL,1,114.05,90.7,114.04,1065.6,114.03,147.6,114.02,590.7,114.01,322.2,114.2,308.0,114.21,466.4,114.22,33.6,114.23,632.7,114.24,55.8
1700000732.5,1465,114.125,0.15000000000000568,114.05,61.4,114.2,48.8,2263.6,600.0,114.2,27.7,BUY,3,114.05,61.4,114.04,458.1,114.03,516.3,114.02,457.9,114.01,769.9,114.2,48.8,114.21,82.9,114.22,35.6,114.23,68.4,114.24,364.3
1700000733.0,1466,114.125,0.15000000000000568,114.05,143.9,114.2,109.8,752.6999999999999,2213.3,114.2,87.8,BUY,2,114.05,143.9,114.04,330.4,114.03,79.0,114.02,46.5,114.01,152.9,114.2,109.8,114.21,149.5,114.22,502.5,114.23,1013.0,114.24,438.5
1700000733.5,1467,107.2,0.1599999999999966,107.12,79.8,107.28,252.0,1039.8999999999999,785.6,107.28,40.7,BUY,1,107.12,79.8,107.11,231.3,107.1,351.5,107.09,358.2,107.08,19.1,107.28,252.0,107.29,60.6,107.3,71.5,107.31,115.5,107.32,286.0
1700000734.0,1468,107.19,0.1599999999999966,107.11,59.8,107.27,299.5,1245.8000000000002,918.0000000000001,107.27,58.1,BUY,3,107.11,59.8,107.1,357.8,107.09,253.3,107.08,229.8,107.07,345.1,107.27,299.5,107.28,18.8,107.29,410.3,107.3,81.2,107.31,108.2
1700000734.5,1469,107.2,0.1599999999999966,107.12,134.4,107.28,97.6,823.5,1693.0,107.28,144.6,BUY,4,107.12,134.4,107.11,196.3,107.1,10.0,107.09,257.4,107.08,225.4,107.28,97.6,107.29,132.3,107.3,93.5,107.31,707.4,107.32,662.2
1700000735.0,1470,107.2,0.1599999999999966,107.12,312.0,107.28,420.1,778.1,2447.7000000000003,107.2,0.0,BUY,0,107.12,312.0,107.11,145.1,107.1,10.0,107.09,14.6,107.08,296.4,107.28,420.1,107.29,342.8,107.3,230.9,107.31,1068.6,107.32,385.3
1700000735.5,1471,107.22,0.1599999999999966,107.14,36.8,107.3,45.1,713.6999999999999,948.9000000000001,107.3,7.7,BUY,1,107.14,36.8,107.13,568.8,107.12,54.7,107.11,10.0,107.1,43.4,107.3,45.1,107.31,80.3,107.32,11.0,107.33,520.2,107.34,292.3
1700000736.0,1472,107.22,0.1599999999999966,107.14,132.3,107.3,134.3,806.6,1092.1000000000001,107.14,12.0,SELL,2,107.14,132.3,107.13,147.7,107.12,22.4,107.11,475.3,107.1,28.9,107.3,134.3,107.31,371.3,107.32,379.5,107.33,115.2,107.34,91.8
1700000736.5,1473,107.22,0.1599999999999966,107.14,31.8,107.3,65.6,1383.3,763.1,107.14,41.1,SELL,1,107.14,31.8,107.13,185.5,107.12,10.0,107.11,297.2,107.1,858.8,107.3,65.6,107.31,126.4,107.32,10.0,107.33,119.6,107.34,441.5
1700000737.0,1474,107.22,0.1599999999999966,107.14,100.8,107.3,154.1,816.8,860.3,107.3,87.7,BUY,1,107.14,100.8,107.13,101.4,107.12,107.2,107.11,494.6,107.1,12.8,107.3,154.1,107.31,55.2,107.32,46.0,107.33,261.8,107.34,343.2
1700000737.5,1475,107.22,0.1599999999999966,107.14,62.4,107.3,131.6,677.5,690.8,107.14,131.3,SELL,1,107.14,62.4,107.13,41.9,107.12,306.5,107.11,10.0,107.1,256.7,107.3,131.6,107.31,228.4,107.32,37.3,107.33,113.1,107.34,180.4
1700000738.0,1476,107.22,0.1599999999999966,107.14,19.1,107.3,66.5,742.2,1380.2,107.3,33.6,BUY,1,107.14,19.1,107.13,26.5,107.12,219.0,107.11,10.0,107.1,467.6,107.3,66.5,107.31,37.5,107.32,283.3,107.33,433.4,107.34,559.5
1700000738.5,1477,107.235,0.15000000000000568,107.16,474.8,107.31,17.7,1992.1999999999998,2042.6,107.31,13.0,BUY,2,107.16,474.8,107.15,222.5,107.14,144.2,107.13,855.3,107.12,295.4,107.31,17.7,107.32,391.6,107.33,687.8,107.34,543.0,107.35,402.5
1700000739.0,1478,107.19,0.1599999999999966,107.11,94.4,107.27,403.4,496.6,771.1999999999999,107.19,0.0,BUY,0,107.11,94.4,107.1,62.3,107.09,12.8,107.08,29.9,107.07,297.2,107.27,403.4,107.28,19.9,107.29,174.3,107.3,130.6,107.31,43.0
1700000739.5,1479,107.185,0.15000000000000568,107.11,25.2,107.26,180.9,872.1,781.9,107.26,5.0,BUY,2,107.11,25.2,107.1,27.1,107.09,88.5,107.08,483.9,107.07,247.4,107.26,180.9,107.27,381.1,107.28,10.0,107.29,156.8,107.3,53.1
1700000740.0,1480,107.17,0.1599999999999966,107.09,10.0,107.25,143.5,308.8,1765.6999999999998,107.17,0.0,BUY,0,107.09,10.0,107.08,27.0,107.07,73.8,107.06,41.2,107.05,156.8,107.25,143.5,107.26,89.2,107.27,671.6,107.28,34.0,107.29,827.4
1700000740.5,1481,107.16,0.14000000000000057,107.09,10.0,107.23,79.4,1082.2,899.2,107.09,12.8,SELL,1,107.09,10.0,107.08,34.9,107.07,56.5,107.06,64.7,107.05,916.1,107.23,79.4,107.24,19.3,107.25,251.8,107.26,48.0,107.27,500.7
1700000741.0,1482,107.155,0.15000000000000568,107.08,127.6,107.23,10.0,1000.4,798.8000000000001,107.155,0.0,BUY,0,107.08,127.6,107.07,418.0,107.06,57.4,107.05,306.4,107.04,91.0,107.23,10.0,107.24,358.6,107.25,24.8,107.26,320.8,107.27,84.6
1700000741.5,1483,107.13,0.1599999999999966,107.05,234.7,107.21,19.7,1022.9000000000001,951.8,107.21,38.3,BUY,2,107.05,234.7,107.04,10.0,107.03,593.3,107.02,156.7,107.01,28.2,107.21,19.7,107.22,389.2,107.23,274.9,107.24,27.1,107.25,240.9
1700000742.0,1484,107.13999999999999,0.14000000000000057,107.07,49.2,107.21,37.1,985.1000000000001,1390.8,107.07,17.2,SELL,3,107.07,49.2,107.06,113.6,107.05,122.4,107.04,306.6,107.03,393.3,107.21,37.1,107.22,62.9,107.23,115.1,107.24,985.7,107.25,190.0
1700000742.5,1485,107.125,0.15000000000000568,107.05,174.7,107.2,88.8,987.0,1606.6,107.05,11.4,SELL,2,107.05,174.7,107.04,166.7,107.03,34.8,107.02,507.2,107.01,103.6,107.2,88.8,107.21,348.5,107.22,170.7,107.23,972.8,107.24,25.8
1700000743.0,1486,107.125,0.15000000000000568,107.05,64.7,107.2,216.8,1239.8999999999999,1919.9,107.05,120.0,SELL,2,107.05,64.7,107.04,290.7,107.03,497.7,107.02,32.4,107.01,354.4,107.2,216.8,107.21,108.2,107.22,880.7,107.23,152.4,107.24,561.8
1700000743.5,1487,107.125,0.15000000000000568,107.05,16.4,107.2,14.7,1670.4,580.8,107.125,0.0,BUY,0,107.05,16.4,107.04,180.7,107.03,379.9,107.02,314.7,107.01,778.7,107.2,14.7,107.21,13.5,107.22,74.4,107.23,468.2,107.24,10.0
1700000744.0,1488,107.14,0.1599999999999966,107.06,114.3,107.22,96.8,1380.8,1528.8000000000002,107.14,0.0,BUY,0,107.06,114.3,107.05,146.3,107.04,160.1,107.03,940.5,107.02,19.6,107.22,96.8,107.23,228.4,107.24,135.9,107.25,859.3,107.26,208.4
1700000744.5,1489,107.155,0.15000000000000568,107.08,55.4,107.23,11.0,389.99999999999994,970.3,107.08,19.9,SELL,2,107.08,55.4,107.07,39.9,107.06,236.1,107.05,34.7,107.04,23.9,107.23,11.0,107.24,99.4,107.25,184.0,107.26,546.8,107.27,129.1
1700000745.0,1490,107.185,0.15000000000000568,107.11,42.4,107.26,170.5,1324.5,1145.5,107.185,0.0,BUY,0,107.11,42.4,107.1,35.6,107.09,104.5,107.08,480.1,107.07,661.9,107.26,170.5,107.27,57.6,107.28,295.3,107.29,413.3,107.3,208.8
1700000745.5,1491,107.185,0.15000000000000568,107.11,34.4,107.26,79.9,948.4,1572.8999999999999,107.11,29.5,SELL,2,107.11,34.4,107.1,122.8,107.09,185.2,107.08,575.1,107.07,30.9,107.26,79.9,107.27,286.1,107.28,707.6,107.29,73.5,107.3,425.8
1700000746.0,1492,107.17,0.1599999999999966,107.09,76.9,107.25,26.7,714.0,462.8,107.17,0.0,BUY,0,107.09,76.9,107.08,10.0,107.07,468.2,107.06,36.5,107.05,122.4,107.25,26.7,107.26,84.2,107.27,71.0,107.28,51.5,107.29,229.4
1700000746.5,1493,107.185,0.15000000000000568,107.11,271.1,107.26,80.4,849.9,488.2,107.26,5.0,BUY,3,107.11,271.1,107.1,360.0,107.09,59.3,107.08,79.2,107.07,80.3,107.26,80.4,107.27,72.5,107.28,162.1,107.29,110.9,107.3,62.3
1700000747.0,1494,107.19,0.1599999999999966,107.11,39.5,107.27,75.1,1245.3,1212.8,107.11,9.6,SELL,5,107.11,39.5,107.1,109.5,107.09,236.7,107.08,78.0,107.07,781.6,107.27,75.1,107.28,139.4,107.29,154.3,107.3,757.7,107.31,86.3
1700000747.5,1495,107.19,0.1599999999999966,107.11,110.8,107.27,303.6,1081.2,638.7,107.19,0.0,BUY,0,107.11,110.8,107.1,40.9,107.09,365.0,107.08,430.4,107.07,134.1,107.27,303.6,107.28,105.7,107.29,14.8,107.3,114.5,107.31,100.1
1700000748.0,1496,107.185,0.15000000000000568,107.11,89.3,107.26,25.2,443.70000000000005,704.0999999999999,107.11,22.9,SELL,2,107.11,89.3,107.1,83.0,107.09,93.5,107.08,34.0,107.07,143.9,107.26,25.2,107.27,237.8,107.28,293.3,107.29,137.8,107.3,10.0
1700000748.5,1497,107.19,0.1599999999999966,107.11,128.8,107.27,368.4,943.4,697.1000000000001,107.19,0.0,BUY,0,107.11,128.8,107.1,22.3,107.09,65.1,107.08,289.2,107.07,438.0,107.27,368.4,107.28,48.8,107.29,97.5,107.3,111.7,107.31,70.7
1700000749.0,1498,107.19,0.1599999999999966,107.11,45.3,107.27,13.0,1616.1,384.69999999999993,107.27,20.3,BUY,2,107.11,45.3,107.1,359.5,107.09,585.6,107.08,269.6,107.07,356.1,107.27,13.0,107.28,272.9,107.29,62.4,107.3,10.0,107.31,26.4
1700000749.5,1499,107.18,0.14000000000000057,107.11,114.5,107.25,422.8,1005.5,1219.9,107.18,0.0,BUY,0,107.11,114.5,107.1,20.8,107.09,297.3,107.08,412.2,107.07,160.7,107.25,422.8,107.26,253.0,107.27,112.4,107.28,221.8,107.29,209.9
