timestamp,sequence_id,mid_price,spread,best_bid,best_bid_size,best_ask,best_ask_size,total_bid_depth,total_ask_depth,last_trade_price,last_trade_size,last_trade_side,num_recent_trades,bid_price_0,bid_size_0,bid_price_1,bid_size_1,bid_price_2,bid_size_2,bid_price_3,bid_size_3,bid_price_4,bid_size_4,ask_price_0,ask_size_0,ask_price_1,ask_size_1,ask_price_2,ask_size_2,ask_price_3,ask_size_3,ask_price_4,ask_size_4
1700000000.0,0,99.99000000000001,0.04000000000000625,99.97,220.9,100.01,10.5,5210.0,5273.7,99.97,11.4,SELL,4,99.97,220.9,99.96,2487.6,99.95,649.7,99.94,767.6,99.93,1084.2,100.01,10.5,100.02,979.0,100.03,454.6,100.04,2127.5,100.05,1702.1
1700000000.5,1,106.03,0.060000000000002274,106.0,380.7,106.06,250.6,4897.8,3319.1,106.03,0.0,BUY,0,106.0,380.7,105.99,733.0,105.98,1221.2,105.97,1409.7,105.96,1153.2,106.06,250.6,106.07,161.7,106.08,161.1,106.09,668.0,106.1,2077.7
1700000001.0,2,106.03,0.060000000000002274,106.0,1013.8,106.06,10.0,7035.9,1859.3,106.0,11.4,SELL,1,106.0,1013.8,105.99,690.8,105.98,532.8,105.97,2234.6,105.96,2563.9,106.06,10.0,106.07,640.0,106.08,285.5,106.09,566.0,106.1,357.8
1700000001.5,3,106.02,0.060000000000002274,105.99,2208.9,106.05,847.4,4512.0,2278.0,106.02,0.0,BUY,0,105.99,2208.9,105.98,200.2,105.97,1575.4,105.96,121.4,105.95,406.1,106.05,847.4,106.06,961.4,106.07,279.2,106.08,112.1,106.09,77.9
1700000002.0,4,106.03,0.060000000000002274,106.0,130.7,106.06,977.8,4888.4,6591.399999999999,106.03,0.0,BUY,0,106.0,130.7,105.99,224.3,105.98,213.9,105.97,1843.6,105.96,2475.9,106.06,977.8,106.07,901.8,106.08,2914.2,106.09,30.4,106.1,1767.2
1700000002.5,5,106.04499999999999,0.04999999999999716,106.02,1345.9,106.07,357.7,5175.9,3291.5,106.02,5.0,SELL,3,106.02,1345.9,106.01,1112.2,106.0,247.6,105.99,482.2,105.98,1988.0,106.07,357.7,106.08,312.2,106.09,1395.2,106.1,861.9,106.11,364.5
1700000003.0,6,106.04499999999999,0.04999999999999716,106.02,171.7,106.07,823.7,4631.2,4862.5,106.02,5.0,SELL,1,106.02,171.7,106.01,469.8,106.0,1242.5,105.99,1127.9,105.98,1619.3,106.07,823.7,106.08,2086.0,106.09,427.9,106.1,886.1,106.11,638.8
1700000003.5,7,106.05,0.060000000000002274,106.02,257.9,106.08,950.7,5425.300000000001,3962.4000000000005,106.08,18.4,BUY,3,106.02,257.9,106.01,1217.9,106.0,18.5,105.99,2776.9,105.98,1154.1,106.08,950.7,106.09,1371.6,106.1,154.6,106.11,649.7,106.12,835.8
1700000004.0,8,106.04499999999999,0.04999999999999716,106.02,1018.2,106.07,1136.3,5004.8,4769.1,106.02,14.2,SELL,2,106.02,1018.2,106.01,30.9,106.0,182.7,105.99,1022.1,105.98,2750.9,106.07,1136.3,106.08,68.3,106.09,2080.0,106.1,122.6,106.11,1361.9
1700000004.5,9,106.03,0.060000000000002274,106.0,493.5,106.06,159.0,4271.9,1922.2,106.06,5.0,BUY,4,106.0,493.5,105.99,773.2,105.98,223.6,105.97,1169.6,105.96,1612.0,106.06,159.0,106.07,619.5,106.08,560.0,106.09,200.0,106.1,383.7
1700000005.0,10,106.03,0.060000000000002274,106.0,10.0,106.06,812.1,1644.6999999999998,8705.9,106.0,55.0,SELL,2,106.0,10.0,105.99,526.2,105.98,150.6,105.97,851.8,105.96,106.1,106.06,812.1,106.07,1586.4,106.08,166.7,106.09,2452.7,106.1,3688.0
1700000005.5,11,106.03,0.060000000000002274,106.0,1660.9,106.06,808.1,4488.4,4288.1,106.06,53.4,BUY,2,106.0,1660.9,105.99,338.7,105.98,432.2,105.97,1020.5,105.96,1036.1,106.06,808.1,106.07,87.3,106.08,410.2,106.09,11.4,106.1,2971.1
1700000006.0,12,106.02,0.060000000000002274,105.99,189.2,106.05,892.0,3321.1000000000004,3049.5,105.99,13.3,SELL,1,105.99,189.2,105.98,587.7,105.97,483.2,105.96,424.5,105.95,1636.5,106.05,892.0,106.06,72.3,106.07,1049.2,106.08,160.8,106.09,875.2
1700000006.5,13,106.01,0.060000000000002274,105.98,271.7,106.04,611.0,2572.8999999999996,3274.2000000000003,106.04,105.4,BUY,1,105.98,271.7,105.97,653.9,105.96,433.3,105.95,1020.9,105.94,193.1,106.04,611.0,106.05,205.9,106.06,821.4,106.07,560.5,106.08,1075.4
1700000007.0,14,106.00999999999999,0.04000000000000625,105.99,128.4,106.03,98.1,2527.6,3430.3,106.03,13.7,BUY,2,105.99,128.4,105.98,586.1,105.97,1224.4,105.96,99.0,105.95,489.7,106.03,98.1,106.04,444.4,106.05,2060.0,106.06,650.5,106.07,177.3
1700000007.5,15,106.0,0.060000000000002274,105.97,56.4,106.03,57.7,3391.7,4524.0,105.97,24.4,SELL,2,105.97,56.4,105.96,316.6,105.95,1904.7,105.94,519.8,105.93,594.2,106.03,57.7,106.04,574.2,106.05,474.1,106.06,2793.1,106.07,624.9
1700000008.0,16,106.01,0.060000000000002274,105.98,1246.2,106.04,1393.5,5858.400000000001,5441.3,106.04,133.0,BUY,2,105.98,1246.2,105.97,1362.2,105.96,281.3,105.95,304.3,105.94,2664.4,106.04,1393.5,106.05,98.2,106.06,3091.1,106.07,231.3,106.08,627.2
1700000008.5,17,106.01,0.060000000000002274,105.98,345.4,106.04,2901.4,1532.1,9142.3,106.04,7.0,BUY,2,105.98,345.4,105.97,85.1,105.96,56.7,105.95,465.2,105.94,579.7,106.04,2901.4,106.05,623.4,106.06,579.4,106.07,2138.4,106.08,2899.7
1700000009.0,18,106.0,0.060000000000002274,105.97,1131.7,106.03,92.5,3894.4,3983.1,106.03,84.4,BUY,4,105.97,1131.7,105.96,789.8,105.95,1469.0,105.94,279.5,105.93,224.4,106.03,92.5,106.04,269.3,106.05,599.5,106.06,287.3,106.07,2734.5
1700000009.5,19,105.99,0.060000000000002274,105.96,153.7,106.02,1452.4,3505.1,2980.8,105.96,63.2,SELL,1,105.96,153.7,105.95,193.3,105.94,640.6,105.93,15.3,105.92,2502.2,106.02,1452.4,106.03,29.0,106.04,537.7,106.05,685.4,106.06,276.3
1700000010.0,20,105.99000000000001,0.04000000000000625,105.97,170.4,106.01,515.9,6757.6,2826.1,106.01,7.4,BUY,1,105.97,170.4,105.96,1356.5,105.95,858.4,105.94,4346.8,105.93,25.5,106.01,515.9,106.02,75.0,106.03,576.6,106.04,1586.9,106.05,71.7
1700000010.5,21,105.98,0.060000000000002274,105.95,454.1,106.01,393.7,2486.4000000000005,6548.7,105.95,25.1,SELL,3,105.95,454.1,105.94,368.6,105.93,946.1,105.92,134.4,105.91,583.2,106.01,393.7,106.02,2897.7,106.03,189.0,106.04,2344.2,106.05,724.1
1700000011.0,22,105.97,0.060000000000002274,105.94,827.2,106.0,72.5,1924.0,4209.3,106.0,10.4,BUY,2,105.94,827.2,105.93,301.6,105.92,10.0,105.91,753.1,105.9,32.1,106.0,72.5,106.01,368.4,106.02,1049.5,106.03,201.7,106.04,2517.2
1700000011.5,23,106.81,0.060000000000002274,106.78,1305.7,106.84,396.9,4881.7,6435.099999999999,106.84,82.9,BUY,3,106.78,1305.7,106.77,1026.7,106.76,95.5,106.75,2443.1,106.74,10.7,106.84,396.9,106.85,4308.2,106.86,838.6,106.87,100.5,106.88,790.9
1700000012.0,24,106.8,0.060000000000002274,106.77,15.5,106.83,2111.2,1965.6000000000001,4736.7,106.83,116.5,BUY,2,106.77,15.5,106.76,365.9,106.75,867.0,106.74,186.4,106.73,530.8,106.83,2111.2,106.84,679.0,106.85,359.3,106.86,1545.7,106.87,41.5
1700000012.5,25,106.8,0.060000000000002274,106.77,155.7,106.83,542.9,5451.2,9584.4,106.83,58.2,BUY,3,106.77,155.7,106.76,24.8,106.75,415.4,106.74,792.7,106.73,4062.6,106.83,542.9,106.84,341.9,106.85,633.9,106.86,247.4,106.87,7818.3
1700000013.0,26,106.78999999999999,0.05999999999998806,106.76,524.5,106.82,244.8,2476.1,3489.7,106.82,9.8,BUY,3,106.76,524.5,106.75,775.5,106.74,158.9,106.73,452.6,106.72,564.6,106.82,244.8,106.83,82.2,106.84,372.0,106.85,2038.6,106.86,752.1
1700000013.5,27,106.79499999999999,0.04999999999999716,106.77,329.6,106.82,717.6,1513.5,4590.3,106.77,7.8,SELL,1,106.77,329.6,106.76,139.3,106.75,661.3,106.74,32.9,106.73,350.4,106.82,717.6,106.83,342.9,106.84,2122.6,106.85,177.5,106.86,1229.7
1700000014.0,28,106.81,0.060000000000002274,106.78,635.0,106.84,20.5,2438.4,7631.4,106.78,74.6,SELL,4,106.78,635.0,106.77,382.2,106.76,99.4,106.75,1220.7,106.74,101.1,106.84,20.5,106.85,860.0,106.86,2259.6,106.87,3983.7,106.88,507.6
1700000014.5,29,106.8,0.03999999999999204,106.78,749.0,106.82,129.1,4143.4,3588.3,106.82,5.0,BUY,3,106.78,749.0,106.77,1298.9,106.76,247.1,106.75,580.7,106.74,1267.7,106.82,129.1,106.83,897.7,106.84,88.7,106.85,914.3,106.86,1558.5
1700000015.0,30,106.81,0.03999999999999204,106.79,1096.8,106.83,110.3,6412.7,3622.5,106.79,58.9,SELL,2,106.79,1096.8,106.78,648.8,106.77,3239.5,106.76,1295.2,106.75,132.4,106.83,110.3,106.84,344.4,106.85,1851.6,106.86,371.4,106.87,944.8
1700000015.5,31,106.8,0.060000000000002274,106.77,48.3,106.83,185.2,1537.4,1759.6,106.8,0.0,BUY,0,106.77,48.3,106.76,10.0,106.75,64.9,106.74,882.7,106.73,531.5,106.83,185.2,106.84,239.4,106.85,157.5,106.86,1084.6,106.87,92.9
1700000016.0,32,106.8,0.060000000000002274,106.77,87.5,106.83,49.8,1179.8,2757.9,106.77,14.5,SELL,5,106.77,87.5,106.76,597.3,106.75,115.4,106.74,209.8,106.73,169.8,106.83,49.8,106.84,108.9,106.85,2238.8,106.86,24.8,106.87,335.6
1700000016.5,33,106.51,0.060000000000002274,106.48,671.5,106.54,157.0,3063.8999999999996,7401.4,106.48,84.7,SELL,1,106.48,671.5,106.47,776.6,106.46,125.4,106.45,364.1,106.44,1126.3,106.54,157.0,106.55,218.5,106.56,3705.1,106.57,1439.4,106.58,1881.4
1700000017.0,34,106.51,0.060000000000002274,106.48,352.1,106.54,37.7,5729.6,3652.7000000000003,106.48,231.1,SELL,2,106.48,352.1,106.47,565.9,106.46,2141.5,106.45,2150.6,106.44,519.5,106.54,37.7,106.55,480.1,106.56,1562.9,106.57,1282.6,106.58,289.4
1700000017.5,35,106.50999999999999,0.04000000000000625,106.49,13.3,106.53,359.1,2187.9,1676.2000000000003,106.53,44.2,BUY,2,106.49,13.3,106.48,441.0,106.47,191.6,106.46,1146.9,106.45,395.1,106.53,359.1,106.54,411.3,106.55,50.3,106.56,307.1,106.57,548.4
1700000018.0,36,106.5,0.060000000000002274,106.47,259.2,106.53,231.6,5086.2,2384.5,106.53,30.8,BUY,1,106.47,259.2,106.46,984.9,106.45,1354.9,106.44,1981.7,106.43,505.5,106.53,231.6,106.54,594.6,106.55,354.6,106.56,385.3,106.57,818.4
1700000018.5,37,106.48,0.060000000000002274,106.45,97.9,106.51,1647.1,2159.3,4408.6,106.45,35.8,SELL,5,106.45,97.9,106.44,1261.2,106.43,352.2,106.42,41.3,106.41,406.7,106.51,1647.1,106.52,2119.1,106.53,389.6,106.54,225.7,106.55,27.1
1700000019.0,38,106.47,0.060000000000002274,106.44,375.2,106.5,1816.7,2226.7999999999997,8083.0,106.44,189.2,SELL,2,106.44,375.2,106.43,275.7,106.42,76.8,106.41,659.0,106.4,840.1,106.5,1816.7,106.51,1243.1,106.52,447.7,106.53,857.6,106.54,3717.9
1700000019.5,39,106.47,0.060000000000002274,106.44,257.3,106.5,179.8,5942.2,6861.200000000001,106.44,15.7,SELL,3,106.44,257.3,106.43,235.5,106.42,473.8,106.41,3046.9,106.4,1928.7,106.5,179.8,106.51,974.1,106.52,910.5,106.53,2615.8,106.54,2181.0
1700000020.0,40,106.46000000000001,0.05999999999998806,106.43,416.0,106.49,1602.5,5791.799999999999,4340.9,106.46000000000001,0.0,BUY,0,106.43,416.0,106.42,615.6,106.41,416.9,106.4,1442.2,106.39,2901.1,106.49,1602.5,106.5,147.5,106.51,620.7,106.52,963.7,106.53,1006.5
1700000020.5,41,106.45,0.060000000000002274,106.42,93.5,106.48,60.1,3249.2,1518.7999999999997,106.42,43.7,SELL,3,106.42,93.5,106.41,681.3,106.4,655.2,106.39,1566.6,106.38,252.6,106.48,60.1,106.49,1214.3,106.5,37.3,106.51,184.3,106.52,22.8
1700000021.0,42,106.43,0.05999999999998806,106.4,76.1,106.46,654.6,2447.3999999999996,1742.2,106.46,39.2,BUY,2,106.4,76.1,106.39,792.5,106.38,67.3,106.37,137.7,106.36,1373.8,106.46,654.6,106.47,249.6,106.48,159.7,106.49,156.5,106.5,521.8
1700000021.5,43,106.43,0.04000000000000625,106.41,625.7,106.45,714.1,1545.8,6045.299999999999,106.41,30.5,SELL,2,106.41,625.7,106.4,567.4,106.39,165.7,106.38,158.8,106.37,28.2,106.45,714.1,106.46,2545.3,106.47,974.8,106.48,89.0,106.49,1722.1
1700000022.0,44,106.435,0.04999999999999716,106.41,35.0,106.46,116.1,3348.3999999999996,3501.6,106.46,24.6,BUY,2,106.41,35.0,106.4,535.3,106.39,426.2,106.38,647.1,106.37,1704.8,106.46,116.1,106.47,518.0,106.48,164.9,106.49,2099.0,106.5,603.6
1700000022.5,45,106.435,0.04999999999999716,106.41,408.2,106.46,124.9,2595.6000000000004,2825.4,106.46,5.0,BUY,1,106.41,408.2,106.4,687.2,106.39,738.2,106.38,298.0,106.37,464.0,106.46,124.9,106.47,1026.8,106.48,731.5,106.49,203.8,106.5,738.4
1700000023.0,46,106.435,0.04999999999999716,106.41,846.4,106.46,367.3,4198.2,1777.3000000000002,106.46,15.1,BUY,4,106.41,846.4,106.4,114.7,106.39,863.2,106.38,342.2,106.37,2031.7,106.46,367.3,106.47,583.0,106.48,181.9,106.49,130.7,106.5,514.4
1700000023.5,47,106.435,0.04999999999999716,106.41,303.8,106.46,801.8,3464.1000000000004,3808.1,106.41,80.6,SELL,1,106.41,303.8,106.4,471.6,106.39,231.7,106.38,601.7,106.37,1855.3,106.46,801.8,106.47,144.2,106.48,661.6,106.49,763.5,106.5,1437.0
1700000024.0,48,106.42,0.060000000000002274,106.39,345.3,106.45,1579.9,2406.1000000000004,2440.7000000000003,106.45,47.8,BUY,2,106.39,345.3,106.38,105.0,106.37,355.9,106.36,43.0,106.35,1556.9,106.45,1579.9,106.46,108.0,106.47,10.5,106.48,28.2,106.49,714.1
1700000024.5,49,106.39,0.03999999999999204,106.37,266.7,106.41,647.5,4128.599999999999,6044.900000000001,106.41,9.7,BUY,4,106.37,266.7,106.36,28.8,106.35,3513.2,106.34,293.4,106.33,26.5,106.41,647.5,106.42,1795.3,106.43,1000.7,106.44,2423.3,106.45,178.1
1700000025.0,50,106.39,0.060000000000002274,106.36,72.8,106.42,625.7,2741.8,3550.4,106.36,84.6,SELL,2,106.36,72.8,106.35,643.7,106.34,1287.3,106.33,545.6,106.32,192.4,106.42,625.7,106.43,145.7,106.44,1902.0,106.45,808.9,106.46,68.1
1700000025.5,51,106.405,0.05000000000001137,106.38,1130.4,106.43,348.4,6305.900000000001,1894.6999999999998,106.405,0.0,BUY,0,106.38,1130.4,106.37,2246.3,106.36,514.8,106.35,426.6,106.34,1987.8,106.43,348.4,106.44,148.0,106.45,487.5,106.46,233.9,106.47,676.9
1700000026.0,52,106.405,0.05000000000001137,106.38,28.9,106.43,714.2,3245.3,4183.7,106.43,6.0,BUY,4,106.38,28.9,106.37,148.6,106.36,416.9,106.35,2339.4,106.34,311.5,106.43,714.2,106.44,915.5,106.45,1565.8,106.46,581.9,106.47,406.3
1700000026.5,53,106.39,0.060000000000002274,106.36,503.8,106.42,1193.7,2177.9,3813.2,106.42,102.1,BUY,2,106.36,503.8,106.35,29.1,106.34,506.5,106.33,462.0,106.32,676.5,106.42,1193.7,106.43,494.4,106.44,391.6,106.45,1144.8,106.46,588.7
1700000027.0,54,106.38,0.060000000000002274,106.35,123.5,106.41,19.3,3126.9,3577.8,106.35,63.8,SELL,2,106.35,123.5,106.34,465.4,106.33,316.6,106.32,1643.9,106.31,577.5,106.41,19.3,106.42,136.0,106.43,343.0,106.44,273.4,106.45,2806.1
1700000027.5,55,106.37,0.060000000000002274,106.34,235.5,106.4,955.9,1982.9,8018.099999999999,106.34,57.7,SELL,1,106.34,235.5,106.33,64.3,106.32,491.4,106.31,30.8,106.3,1160.9,106.4,955.9,106.41,249.4,106.42,188.9,106.43,4510.7,106.44,2113.2
1700000028.0,56,106.36,0.060000000000002274,106.33,50.2,106.39,705.2,5014.8,4821.599999999999,106.36,0.0,BUY,0,106.33,50.2,106.32,1591.9,106.31,2394.0,106.3,576.9,106.29,401.8,106.39,705.2,106.4,868.3,106.41,2297.5,106.42,719.9,106.43,230.7
1700000028.5,57,106.37,0.060000000000002274,106.34,1424.2,106.4,321.9,2875.7000000000003,6168.5,106.4,5.0,BUY,2,106.34,1424.2,106.33,64.4,106.32,691.1,106.31,290.8,106.3,405.2,106.4,321.9,106.41,1660.1,106.42,142.1,106.43,693.5,106.44,3350.9
1700000029.0,58,106.36,0.060000000000002274,106.33,1672.4,106.39,175.0,2919.2000000000003,3247.7,106.39,58.8,BUY,1,106.33,1672.4,106.32,21.0,106.31,15.5,106.3,457.3,106.29,753.0,106.39,175.0,106.4,10.0,106.41,207.6,106.42,2496.5,106.43,358.6
1700000029.5,59,106.36,0.060000000000002274,106.33,458.0,106.39,1111.4,3067.1,6699.900000000001,106.33,14.3,SELL,2,106.33,458.0,106.32,279.2,106.31,1507.2,106.3,354.5,106.29,468.2,106.39,1111.4,106.4,1336.4,106.41,650.9,106.42,1339.2,106.43,2262.0
1700000030.0,60,106.35,0.060000000000002274,106.32,537.3,106.38,99.0,4998.8,3553.1,106.32,5.0,SELL,5,106.32,537.3,106.31,1143.4,106.3,171.8,106.29,2755.0,106.28,391.3,106.38,99.0,106.39,1814.5,106.4,615.8,106.41,149.2,106.42,874.6
1700000030.5,61,106.34,0.04000000000000625,106.32,1552.4,106.36,241.5,4851.5,1482.8000000000002,106.32,49.6,SELL,5,106.32,1552.4,106.31,510.5,106.3,1142.2,106.29,856.9,106.28,789.5,106.36,241.5,106.37,51.1,106.38,85.8,106.39,726.5,106.4,377.9
1700000031.0,62,106.33,0.060000000000002274,106.3,304.7,106.36,750.4,3486.2000000000003,4481.1,106.33,0.0,BUY,0,106.3,304.7,106.29,193.0,106.28,805.0,106.27,1531.4,106.26,652.1,106.36,750.4,106.37,435.8,106.38,224.1,106.39,1575.3,106.4,1495.5
1700000031.5,63,106.33,0.060000000000002274,106.3,52.8,106.36,498.2,4564.4,3670.8999999999996,106.36,5.6,BUY,1,106.3,52.8,106.29,1066.8,106.28,813.6,106.27,1694.3,106.26,936.9,106.36,498.2,106.37,903.6,106.38,70.1,106.39,1355.3,106.4,843.7
1700000032.0,64,106.33,0.060000000000002274,106.3,943.2,106.36,488.5,6595.9,1988.2999999999997,106.3,23.6,SELL,2,106.3,943.2,106.29,506.3,106.28,532.5,106.27,1255.9,106.26,3358.0,106.36,488.5,106.37,301.9,106.38,636.3,106.39,267.6,106.4,294.0
1700000032.5,65,106.34,0.060000000000002274,106.31,71.4,106.37,813.8,4021.8999999999996,4168.4,106.34,0.0,BUY,0,106.31,71.4,106.3,118.1,106.29,945.8,106.28,896.4,106.27,1990.2,106.37,813.8,106.38,1097.7,106.39,1824.6,106.4,277.2,106.41,155.1
1700000033.0,66,106.35,0.060000000000002274,106.32,22.8,106.38,593.4,5018.5,2028.0,106.32,5.0,SELL,3,106.32,22.8,106.31,946.8,106.3,63.7,106.29,528.4,106.28,3456.8,106.38,593.4,106.39,365.9,106.4,814.2,106.41,48.6,106.42,205.9
1700000033.5,67,106.34,0.060000000000002274,106.31,1471.5,106.37,1465.3,8751.1,5208.2,106.31,67.3,SELL,3,106.31,1471.5,106.3,1455.4,106.29,610.2,106.28,1408.6,106.27,3805.4,106.37,1465.3,106.38,252.1,106.39,2401.9,106.4,1029.6,106.41,59.3
1700000034.0,68,106.34,0.04000000000000625,106.32,565.4,106.36,91.9,4606.3,2687.7000000000003,106.32,9.8,SELL,2,106.32,565.4,106.31,122.5,106.3,1941.2,106.29,1524.6,106.28,452.6,106.36,91.9,106.37,50.2,106.38,366.1,106.39,1486.9,106.4,692.6
1700000034.5,69,106.34,0.060000000000002274,106.31,1496.8,106.37,168.0,3224.7,3630.0,106.37,5.0,BUY,2,106.31,1496.8,106.3,590.7,106.29,18.4,106.28,505.0,106.27,613.8,106.37,168.0,106.38,394.5,106.39,1602.6,106.4,1088.9,106.41,376.0
1700000035.0,70,106.33,0.060000000000002274,106.3,644.5,106.36,2524.8,5746.7,4545.400000000001,106.33,0.0,BUY,0,106.3,644.5,106.29,1307.2,106.28,401.7,106.27,406.7,106.26,2986.6,106.36,2524.8,106.37,172.1,106.38,1037.0,106.39,544.2,106.4,267.3
1700000035.5,71,101.44,0.060000000000002274,101.41,162.6,101.47,1181.2,4016.8999999999996,4915.400000000001,101.41,57.8,SELL,1,101.41,162.6,101.4,1386.9,101.39,94.7,101.38,2158.0,101.37,214.7,101.47,1181.2,101.48,90.2,101.49,270.9,101.5,157.7,101.51,3215.4
1700000036.0,72,101.44,0.060000000000002274,101.41,1048.5,101.47,232.9,5460.0,5019.1,101.41,10.3,SELL,2,101.41,1048.5,101.4,337.0,101.39,1489.7,101.38,2064.7,101.37,520.1,101.47,232.9,101.48,1125.9,101.49,94.2,101.5,1029.8,101.51,2536.3
1700000036.5,73,101.43,0.04000000000000625,101.41,211.7,101.45,325.1,4174.8,6745.200000000001,101.45,37.7,BUY,3,101.41,211.7,101.4,316.5,101.39,194.0,101.38,1314.2,101.37,2138.4,101.45,325.1,101.46,15.3,101.47,2019.2,101.48,716.7,101.49,3668.9
1700000037.0,74,103.25,0.060000000000002274,103.22,22.7,103.28,48.3,2589.7,1798.4999999999998,103.28,37.1,BUY,4,103.22,22.7,103.21,348.8,103.2,686.0,103.19,1452.6,103.18,79.6,103.28,48.3,103.29,1021.7,103.3,131.6,103.31,191.1,103.32,405.8
1700000037.5,75,103.25,0.060000000000002274,103.22,813.3,103.28,144.8,3523.3,5604.900000000001,103.28,14.1,BUY,3,103.22,813.3,103.21,295.6,103.2,1022.4,103.19,204.6,103.18,1187.4,103.28,144.8,103.29,879.5,103.3,401.5,103.31,2784.8,103.32,1394.3
1700000038.0,76,103.25,0.060000000000002274,103.22,808.9,103.28,420.4,2398.2,3081.3999999999996,103.28,34.0,BUY,2,103.22,808.9,103.21,1197.7,103.2,106.6,103.19,254.2,103.18,30.8,103.28,420.4,103.29,234.2,103.3,1107.2,103.31,222.1,103.32,1097.5
1700000038.5,77,103.24,0.060000000000002274,103.21,11.4,103.27,689.6,5239.0,3715.1,103.27,26.7,BUY,1,103.21,11.4,103.2,794.4,103.19,82.6,103.18,2948.9,103.17,1401.7,103.27,689.6,103.28,1831.5,103.29,246.6,103.3,729.6,103.31,217.8
1700000039.0,78,103.22,0.060000000000002274,103.19,142.2,103.25,400.7,3181.0,2643.5,103.25,80.2,BUY,2,103.19,142.2,103.18,1422.6,103.17,473.6,103.16,697.6,103.15,445.0,103.25,400.7,103.26,146.3,103.27,1572.6,103.28,72.5,103.29,451.4
1700000039.5,79,103.22,0.060000000000002274,103.19,10.0,103.25,180.7,8223.7,1795.3,103.25,67.7,BUY,3,103.19,10.0,103.18,23.7,103.17,450.4,103.16,335.1,103.15,7404.5,103.25,180.7,103.26,334.0,103.27,277.4,103.28,942.6,103.29,60.6
1700000040.0,80,103.22,0.060000000000002274,103.19,989.2,103.25,505.2,5667.400000000001,3361.3,103.19,72.1,SELL,1,103.19,989.2,103.18,1178.7,103.17,1485.2,103.16,1810.5,103.15,203.8,103.25,505.2,103.26,928.7,103.27,1172.2,103.28,580.5,103.29,174.7
1700000040.5,81,103.20500000000001,0.04999999999999716,103.18,176.4,103.23,1580.3,2222.5,5504.9,103.23,40.1,BUY,3,103.18,176.4,103.17,14.9,103.16,537.3,103.15,1110.8,103.14,383.1,103.23,1580.3,103.24,884.2,103.25,1768.2,103.26,340.3,103.27,931.9
1700000041.0,82,103.2,0.060000000000002274,103.17,43.0,103.23,386.3,1156.8,5199.5,103.23,14.5,BUY,1,103.17,43.0,103.16,301.9,103.15,385.3,103.14,358.8,103.13,67.8,103.23,386.3,103.24,20.1,103.25,2906.5,103.26,1364.0,103.27,522.6
1700000041.5,83,105.66,0.060000000000002274,105.63,248.0,105.69,10.0,5961.299999999999,1631.7000000000003,105.63,15.7,SELL,1,105.63,248.0,105.62,1113.6,105.61,3469.2,105.6,1055.8,105.59,74.7,105.69,10.0,105.7,44.1,105.71,133.3,105.72,1109.2,105.73,335.1
1700000042.0,84,105.67,0.060000000000002274,105.64,62.1,105.7,29.3,2714.8,2070.0,105.64,44.5,SELL,2,105.64,62.1,105.63,56.2,105.62,96.3,105.61,1442.2,105.6,1058.0,105.7,29.3,105.71,1302.8,105.72,47.9,105.73,77.4,105.74,612.6
1700000042.5,85,105.67,0.060000000000002274,105.64,704.9,105.7,525.3,5253.2,2149.4,105.64,97.1,SELL,1,105.64,704.9,105.63,542.6,105.62,1554.9,105.61,49.2,105.6,2401.6,105.7,525.3,105.71,10.0,105.72,326.5,105.73,952.3,105.74,335.3
1700000043.0,86,105.65,0.060000000000002274,105.62,26.0,105.68,125.7,2584.2,3194.8,105.62,141.3,SELL,5,105.62,26.0,105.61,39.6,105.6,91.1,105.59,1829.8,105.58,597.7,105.68,125.7,105.69,187.6,105.7,948.2,105.71,840.0,105.72,1093.3
1700000043.5,87,105.65,0.060000000000002274,105.62,142.7,105.68,969.3,4461.9,4967.6,105.68,36.3,BUY,1,105.62,142.7,105.61,419.7,105.6,864.7,105.59,673.7,105.58,2361.1,105.68,969.3,105.69,320.2,105.7,1591.1,105.71,1029.9,105.72,1057.1
1700000044.0,88,105.65,0.060000000000002274,105.62,679.9,105.68,13.1,7678.799999999999,11695.3,105.62,5.0,SELL,2,105.62,679.9,105.61,2232.6,105.6,183.1,105.59,3120.2,105.58,1463.0,105.68,13.1,105.69,3302.1,105.7,500.2,105.71,350.0,105.72,7529.9
1700000044.5,89,105.66,0.060000000000002274,105.63,14.4,105.69,198.1,2021.0,1120.8999999999999,105.63,5.9,SELL,3,105.63,14.4,105.62,400.6,105.61,293.1,105.6,176.2,105.59,1136.7,105.69,198.1,105.7,55.8,105.71,512.9,105.72,95.9,105.73,258.2
1700000045.0,90,105.66,0.04000000000000625,105.64,871.5,105.68,342.5,2949.2,4556.0,105.64,15.6,SELL,4,105.64,871.5,105.63,1213.1,105.62,93.8,105.61,232.1,105.6,538.7,105.68,342.5,105.69,1411.2,105.7,254.6,105.71,2026.6,105.72,521.1
1700000045.5,91,105.66,0.060000000000002274,105.63,482.0,105.69,235.9,5217.2,5886.1,105.69,30.4,BUY,1,105.63,482.0,105.62,614.6,105.61,289.8,105.6,875.9,105.59,2954.9,105.69,235.9,105.7,1136.5,105.71,363.1,105.72,3379.1,105.73,771.5
1700000046.0,92,105.64,0.060000000000002274,105.61,288.9,105.67,388.5,3959.5,7379.2,105.61,5.0,SELL,2,105.61,288.9,105.6,45.7,105.59,76.8,105.58,1839.3,105.57,1708.8,105.67,388.5,105.68,2968.2,105.69,604.0,105.7,130.0,105.71,3288.5
1700000046.5,93,105.64,0.03999999999999204,105.62,1918.8,105.66,737.6,6062.9,2767.0,105.66,22.3,BUY,2,105.62,1918.8,105.61,2109.6,105.6,230.3,105.59,745.2,105.58,1059.0,105.66,737.6,105.67,622.8,105.68,206.6,105.69,563.9,105.7,636.1
1700000047.0,94,105.65,0.060000000000002274,105.62,591.1,105.68,1937.2,3544.3,8619.3,105.68,5.0,BUY,1,105.62,591.1,105.61,913.7,105.6,25.8,105.59,1951.4,105.58,62.3,105.68,1937.2,105.69,822.6,105.7,129.5,105.71,3025.1,105.72,2704.9
1700000047.5,95,105.64,0.060000000000002274,105.61,570.4,105.67,119.9,3494.7999999999997,5356.5,105.61,32.7,SELL,3,105.61,570.4,105.6,338.9,105.59,2368.4,105.58,122.4,105.57,94.7,105.67,119.9,105.68,363.8,105.69,1393.1,105.7,160.9,105.71,3318.8
1700000048.0,96,95.01,0.060000000000002274,94.98,389.8,95.04,827.9,3558.8999999999996,2959.0,94.98,75.3,SELL,1,94.98,389.8,94.97,69.2,94.96,346.8,94.95,1543.6,94.94,1209.5,95.04,827.9,95.05,233.5,95.06,328.2,95.07,525.2,95.08,1044.2
1700000048.5,97,98.69,0.060000000000002274,98.66,459.6,98.72,768.1,1802.2,4027.6,98.66,127.6,SELL,1,98.66,459.6,98.65,202.8,98.64,166.8,98.63,807.0,98.62,166.0,98.72,768.1,98.73,2054.9,98.74,332.2,98.75,169.3,98.76,703.1
1700000049.0,98,98.69,0.03999999999999204,98.67,490.1,98.71,1092.0,7367.8,3288.7,98.67,5.0,SELL,3,98.67,490.1,98.66,881.7,98.65,1602.1,98.64,713.2,98.63,3680.7,98.71,1092.0,98.72,326.3,98.73,10.0,98.74,1574.8,98.75,285.6
1700000049.5,99,98.69,0.060000000000002274,98.66,218.8,98.72,500.7,3667.3,2093.3,98.72,20.2,BUY,1,98.66,218.8,98.65,1643.8,98.64,20.5,98.63,10.0,98.62,1774.2,98.72,500.7,98.73,257.4,98.74,125.8,98.75,944.1,98.76,265.3
1700000050.0,100,98.7,0.060000000000002274,98.67,728.9,98.73,112.7,4593.7,2357.0,98.7,0.0,BUY,0,98.67,728.9,98.66,1560.8,98.65,384.3,98.64,190.0,98.63,1729.7,98.73,112.7,98.74,1118.9,98.75,384.9,98.76,629.6,98.77,110.9
1700000050.5,101,98.7,0.060000000000002274,98.67,1262.7,98.73,60.3,8234.8,2937.3,98.67,72.9,SELL,1,98.67,1262.7,98.66,398.4,98.65,2471.1,98.64,847.7,98.63,3254.9,98.73,60.3,98.74,107.9,98.75,1204.3,98.76,278.4,98.77,1286.4
1700000051.0,102,98.7,0.03999999999999204,98.68,189.4,98.72,237.3,4904.0,2859.7999999999997,98.68,53.0,SELL,3,98.68,189.4,98.67,53.8,98.66,420.6,98.65,10.0,98.64,4230.2,98.72,237.3,98.73,323.9,98.74,414.0,98.75,1387.5,98.76,497.1
1700000051.5,103,98.69,0.060000000000002274,98.66,649.7,98.72,758.9,2072.2,2292.4999999999995,98.72,84.8,BUY,3,98.66,649.7,98.65,214.2,98.64,983.3,98.63,176.6,98.62,48.4,98.72,758.9,98.73,195.7,98.74,1001.3,98.75,322.0,98.76,14.6
1700000052.0,104,98.685,0.04999999999999716,98.66,134.5,98.71,45.0,2427.4,3041.9,98.685,0.0,BUY,0,98.66,134.5,98.65,350.0,98.64,989.7,98.63,113.6,98.62,839.6,98.71,45.0,98.72,856.4,98.73,493.5,98.74,912.4,98.75,734.6
1700000052.5,105,98.685,0.04999999999999716,98.66,239.8,98.71,32.5,4978.7,7074.4,98.66,32.7,SELL,3,98.66,239.8,98.65,1765.5,98.64,1750.8,98.63,431.8,98.62,790.8,98.71,32.5,98.72,188.9,98.73,2569.5,98.74,1416.5,98.75,2867.0
1700000053.0,106,98.67,0.060000000000002274,98.64,235.1,98.7,588.1,4036.2,5400.8,98.64,61.7,SELL,1,98.64,235.1,98.63,667.9,98.62,317.8,98.61,1862.2,98.6,953.2,98.7,588.1,98.71,180.7,98.72,245.2,98.73,134.7,98.74,4252.1
1700000053.5,107,98.685,0.04999999999999716,98.66,977.7,98.71,174.6,5064.5,1419.8,98.71,19.8,BUY,4,98.66,977.7,98.65,252.1,98.64,357.4,98.63,207.1,98.62,3270.2,98.71,174.6,98.72,543.3,98.73,32.1,98.74,200.4,98.75,469.4
1700000054.0,108,98.68,0.04000000000000625,98.66,340.9,98.7,416.0,7546.6,2201.5,98.68,0.0,BUY,0,98.66,340.9,98.65,162.8,98.64,566.0,98.63,2069.1,98.62,4407.8,98.7,416.0,98.71,380.5,98.72,188.2,98.73,1057.4,98.74,159.4
1700000054.5,109,98.685,0.04999999999999716,98.66,1502.9,98.71,3543.6,3532.7000000000003,7266.1,98.71,145.6,BUY,2,98.66,1502.9,98.65,288.0,98.64,784.1,98.63,258.8,98.62,698.9,98.71,3543.6,98.72,70.0,98.73,189.5,98.74,1568.2,98.75,1894.8
1700000055.0,110,98.67,0.060000000000002274,98.64,599.0,98.7,1204.9,1091.8,7300.799999999999,98.7,38.7,BUY,3,98.64,599.0,98.63,52.8,98.62,110.7,98.61,178.3,98.6,151.0,98.7,1204.9,98.71,76.0,98.72,604.0,98.73,953.5,98.74,4462.4
1700000055.5,111,98.67,0.03999999999999204,98.65,1916.9,98.69,1804.3,4662.9,8019.2,98.67,0.0,BUY,0,98.65,1916.9,98.64,1203.0,98.63,121.9,98.62,29.7,98.61,1391.4,98.69,1804.3,98.7,2300.9,98.71,997.7,98.72,497.1,98.73,2419.2
1700000056.0,112,102.17,0.060000000000002274,102.14,1107.3,102.2,425.5,3258.2,4222.0,102.14,5.5,SELL,1,102.14,1107.3,102.13,169.9,102.12,421.5,102.11,383.4,102.1,1176.1,102.2,425.5,102.21,1139.4,102.22,901.2,102.23,1232.9,102.24,523.0
1700000056.5,113,102.16,0.060000000000002274,102.13,562.3,102.19,100.1,3202.6,5247.5,102.19,99.1,BUY,1,102.13,562.3,102.12,915.0,102.11,216.2,102.1,584.6,102.09,924.5,102.19,100.1,102.2,1423.5,102.21,922.7,102.22,255.1,102.23,2546.1
1700000057.0,114,102.16,0.060000000000002274,102.13,389.5,102.19,399.7,1536.1,1092.5,102.19,26.5,BUY,3,102.13,389.5,102.12,270.4,102.11,274.6,102.1,24.3,102.09,577.3,102.19,399.7,102.2,178.7,102.21,46.3,102.22,197.0,102.23,270.8
1700000057.5,115,102.16,0.060000000000002274,102.13,178.4,102.19,37.9,4575.900000000001,4434.7,102.16,0.0,BUY,0,102.13,178.4,102.12,2847.9,102.11,605.9,102.1,930.9,102.09,12.8,102.19,37.9,102.2,771.7,102.21,457.4,102.22,3147.2,102.23,20.5
1700000058.0,116,102.16,0.060000000000002274,102.13,617.2,102.19,242.1,3789.7000000000003,6523.4,102.19,47.6,BUY,1,102.13,617.2,102.12,356.5,102.11,788.6,102.1,1466.5,102.09,560.9,102.19,242.1,102.2,347.4,102.21,2942.5,102.22,1315.8,102.23,1675.6
1700000058.5,117,102.16,0.060000000000002274,102.13,92.9,102.19,70.6,5735.8,3760.4,102.13,28.8,SELL,1,102.13,92.9,102.12,1059.8,102.11,3691.5,102.1,707.3,102.09,184.3,102.19,70.6,102.2,604.2,102.21,327.5,102.22,1574.7,102.23,1183.4
1700000059.0,118,102.17,0.060000000000002274,102.14,461.5,102.2,724.3,3964.1000000000004,2997.4,102.14,103.6,SELL,2,102.14,461.5,102.13,894.4,102.12,543.2,102.11,413.6,102.1,1651.4,102.2,724.3,102.21,792.8,102.22,328.4,102.23,869.4,102.24,282.5
1700000059.5,119,102.17,0.060000000000002274,102.14,80.3,102.2,423.4,5164.8,1854.8000000000002,102.14,7.5,SELL,4,102.14,80.3,102.13,447.2,102.12,2299.5,102.11,1591.3,102.1,746.5,102.2,423.4,102.21,121.7,102.22,262.6,102.23,241.2,102.24,805.9
1700000060.0,120,102.185,0.04999999999999716,102.16,284.2,102.21,72.1,3588.7999999999997,2201.0,102.21,31.9,BUY,2,102.16,284.2,102.15,733.5,102.14,1452.0,102.13,689.5,102.12,429.6,102.21,72.1,102.22,524.8,102.23,170.2,102.24,1175.3,102.25,258.6
1700000060.5,121,102.185,0.04999999999999716,102.16,206.4,102.21,144.5,839.3,4520.299999999999,102.185,0.0,BUY,0,102.16,206.4,102.15,142.2,102.14,180.0,102.13,52.3,102.12,258.4,102.21,144.5,102.22,882.5,102.23,554.7,102.24,1089.0,102.25,1849.6
1700000061.0,122,102.18,0.05999999999998806,102.15,693.2,102.21,1208.2,2387.4,6803.9,102.15,42.0,SELL,3,102.15,693.2,102.14,24.0,102.13,216.9,102.12,1019.8,102.11,433.5,102.21,1208.2,102.22,283.7,102.23,73.5,102.24,2321.5,102.25,2917.0
1700000061.5,123,102.18,0.05999999999998806,102.15,828.6,102.21,768.4,4218.3,4588.3,102.21,6.6,BUY,4,102.15,828.6,102.14,388.4,102.13,984.0,102.12,821.6,102.11,1195.7,102.21,768.4,102.22,38.6,102.23,341.1,102.24,1523.4,102.25,1916.8
1700000062.0,124,102.18,0.04000000000000625,102.16,296.6,102.2,245.8,3103.6,4303.200000000001,102.16,103.1,SELL,5,102.16,296.6,102.15,227.7,102.14,654.8,102.13,779.6,102.12,1144.9,102.2,245.8,102.21,1494.2,102.22,450.1,102.23,1018.7,102.24,1094.4
1700000062.5,125,102.18,0.05999999999998806,102.15,411.6,102.21,1561.8,3869.6,4550.9,102.21,8.4,BUY,1,102.15,411.6,102.14,2636.6,102.13,97.0,102.12,616.6,102.11,107.8,102.21,1561.8,102.22,110.2,102.23,1999.8,102.24,364.6,102.25,514.5
1700000063.0,126,102.17,0.060000000000002274,102.14,838.5,102.2,1139.3,3131.7000000000003,4616.2,102.14,83.6,SELL,1,102.14,838.5,102.13,446.9,102.12,1397.9,102.11,438.4,102.1,10.0,102.2,1139.3,102.21,545.4,102.22,490.4,102.23,2002.3,102.24,438.8
1700000063.5,127,102.14,0.03999999999999204,102.12,758.3,102.16,195.1,6451.0,3484.7999999999997,102.16,16.4,BUY,1,102.12,758.3,102.11,880.6,102.1,1356.4,102.09,3012.7,102.08,443.0,102.16,195.1,102.17,1442.1,102.18,893.0,102.19,424.2,102.2,530.4
1700000064.0,128,102.14,0.060000000000002274,102.11,734.5,102.17,101.3,4831.8,4878.7,102.17,153.5,BUY,1,102.11,734.5,102.1,180.1,102.09,1281.3,102.08,594.7,102.07,2041.2,102.17,101.3,102.18,1110.9,102.19,1196.0,102.2,425.1,102.21,2045.4
1700000064.5,129,102.14,0.03999999999999204,102.12,22.9,102.16,80.0,4880.700000000001,4477.6,102.14,0.0,BUY,0,102.12,22.9,102.11,507.7,102.1,503.1,102.09,1370.4,102.08,2476.6,102.16,80.0,102.17,1090.2,102.18,169.1,102.19,779.5,102.2,2358.8
1700000065.0,130,102.13,0.060000000000002274,102.1,10.9,102.16,234.3,4914.5,3765.2000000000007,102.16,10.3,BUY,1,102.1,10.9,102.09,346.9,102.08,2424.4,102.07,516.3,102.06,1616.0,102.16,234.3,102.17,146.0,102.18,1685.9,102.19,572.2,102.2,1126.8
1700000065.5,131,102.12,0.060000000000002274,102.09,31.6,102.15,147.2,1996.7,4608.5,102.15,70.0,BUY,4,102.09,31.6,102.08,392.0,102.07,163.6,102.06,131.2,102.05,1278.3,102.15,147.2,102.16,973.5,102.17,2547.1,102.18,509.7,102.19,431.0
1700000066.0,132,102.12,0.060000000000002274,102.09,531.0,102.15,248.1,8107.0,1828.9,102.12,0.0,BUY,0,102.09,531.0,102.08,140.3,102.07,5212.7,102.06,2172.3,102.05,50.7,102.15,248.1,102.16,32.0,102.17,234.2,102.18,470.6,102.19,844.0
1700000066.5,133,102.13,0.060000000000002274,102.1,707.4,102.16,37.6,3880.8999999999996,1706.9,102.16,79.1,BUY,1,102.1,707.4,102.09,961.1,102.08,649.2,102.07,1272.0,102.06,291.2,102.16,37.6,102.17,550.1,102.18,10.0,102.19,588.1,102.2,521.1
1700000067.0,134,102.13,0.060000000000002274,102.1,477.2,102.16,542.6,2646.8,7067.0,102.16,21.9,BUY,1,102.1,477.2,102.09,308.7,102.08,253.2,102.07,926.7,102.06,681.0,102.16,542.6,102.17,1514.6,102.18,987.8,102.19,1335.1,102.2,2686.9
1700000067.5,135,102.12,0.060000000000002274,102.09,143.9,102.15,620.8,2300.3,2395.7,102.15,58.7,BUY,3,102.09,143.9,102.08,606.0,102.07,450.2,102.06,491.0,102.05,609.2,102.15,620.8,102.16,657.6,102.17,857.1,102.18,216.1,102.19,44.1
1700000068.0,136,102.12,0.060000000000002274,102.09,559.2,102.15,77.1,4198.5,2823.7,102.09,10.4,SELL,2,102.09,559.2,102.08,1784.2,102.07,329.6,102.06,630.5,102.05,895.0,102.15,77.1,102.16,522.6,102.17,158.5,102.18,10.0,102.19,2055.5
1700000068.5,137,102.11,0.060000000000002274,102.08,198.7,102.14,362.5,2892.6000000000004,3509.0,102.08,5.0,SELL,2,102.08,198.7,102.07,683.5,102.06,298.5,102.05,192.5,102.04,1519.4,102.14,362.5,102.15,551.3,102.16,429.8,102.17,1707.1,102.18,458.3
1700000069.0,138,102.12,0.060000000000002274,102.09,137.3,102.15,356.2,3009.5,5816.799999999999,102.15,21.0,BUY,4,102.09,137.3,102.08,1272.6,102.07,846.7,102.06,74.9,102.05,678.0,102.15,356.2,102.16,2990.1,102.17,54.5,102.18,1631.1,102.19,784.9
1700000069.5,139,102.12,0.060000000000002274,102.09,106.6,102.15,1077.0,16049.5,3142.7999999999997,102.09,18.0,SELL,1,102.09,106.6,102.08,1890.1,102.07,3135.6,102.06,214.1,102.05,10703.1,102.15,1077.0,102.16,571.7,102.17,1250.7,102.18,83.7,102.19,159.7
1700000070.0,140,102.13,0.060000000000002274,102.1,999.7,102.16,139.5,5086.6,8509.9,102.13,0.0,BUY,0,102.1,999.7,102.09,166.0,102.08,1577.7,102.07,205.6,102.06,2137.6,102.16,139.5,102.17,4232.6,102.18,1273.2,102.19,899.5,102.2,1965.1
1700000070.5,141,102.13,0.060000000000002274,102.1,475.3,102.16,175.1,3681.8,4372.4,102.16,96.0,BUY,2,102.1,475.3,102.09,23.7,102.08,933.9,102.07,1843.2,102.06,405.7,102.16,175.1,102.17,1150.2,102.18,275.7,102.19,940.2,102.2,1831.2
1700000071.0,142,102.13,0.060000000000002274,102.1,810.2,102.16,1395.7,4856.6,3499.5,102.1,24.7,SELL,1,102.1,810.2,102.09,1222.2,102.08,135.5,102.07,655.0,102.06,2033.7,102.16,1395.7,102.17,938.1,102.18,137.1,102.19,165.7,102.2,862.9
1700000071.5,143,102.14,0.060000000000002274,102.11,723.7,102.17,695.9,2050.7999999999997,5709.6,102.14,0.0,BUY,0,102.11,723.7,102.1,412.4,102.09,295.1,102.08,414.1,102.07,205.5,102.17,695.9,102.18,929.8,102.19,3430.5,102.2,642.8,102.21,10.6
1700000072.0,144,102.15,0.060000000000002274,102.12,14.1,102.18,112.7,5016.9,1195.7,102.18,18.2,BUY,3,102.12,14.1,102.11,356.7,102.1,171.8,102.09,1420.4,102.08,3053.9,102.18,112.7,102.19,357.3,102.2,280.2,102.21,292.7,102.22,152.8
1700000072.5,145,102.15,0.060000000000002274,102.12,237.0,102.18,704.4,2653.4,8696.4,102.12,5.3,SELL,1,102.12,237.0,102.11,957.6,102.1,496.2,102.09,507.8,102.08,454.8,102.18,704.4,102.19,2300.9,102.2,899.7,102.21,4249.1,102.22,542.3
1700000073.0,146,102.14,0.060000000000002274,102.11,472.0,102.17,82.9,3576.9,2333.6,102.14,0.0,BUY,0,102.11,472.0,102.1,292.6,102.09,1592.4,102.08,15.5,102.07,1204.4,102.17,82.9,102.18,412.9,102.19,1619.7,102.2,175.9,102.21,42.2
1700000073.5,147,102.14,0.060000000000002274,102.11,25.5,102.17,435.4,3632.3,1577.9,102.17,10.2,BUY,2,102.11,25.5,102.1,2290.9,102.09,649.1,102.08,248.4,102.07,418.4,102.17,435.4,102.18,49.1,102.19,73.3,102.2,516.1,102.21,504.0
1700000074.0,148,102.14,0.03999999999999204,102.12,174.6,102.16,1118.3,4562.3,4464.5,102.12,38.4,SELL,2,102.12,174.6,102.11,776.2,102.1,1308.4,102.09,93.4,102.08,2209.7,102.16,1118.3,102.17,210.6,102.18,1099.1,102.19,733.1,102.2,1303.4
1700000074.5,149,102.13,0.060000000000002274,102.1,50.4,102.16,1711.5,9842.4,8855.5,102.1,130.1,SELL,1,102.1,50.4,102.09,830.2,102.08,863.0,102.07,7096.3,102.06,1002.5,102.16,1711.5,102.17,1575.9,102.18,2312.5,102.19,600.6,102.2,2655.0
1700000075.0,150,102.13,0.04000000000000625,102.11,276.4,102.15,378.0,2774.5,4612.7,102.15,59.3,BUY,5,102.11,276.4,102.1,1111.3,102.09,14.2,102.08,801.6,102.07,571.0,102.15,378.0,102.16,1667.8,102.17,1264.6,102.18,639.6,102.19,662.7
1700000075.5,151,102.13,0.060000000000002274,102.1,1258.5,102.16,68.4,4224.9,3652.0999999999995,102.13,0.0,BUY,0,102.1,1258.5,102.09,817.2,102.08,590.0,102.07,655.3,102.06,903.9,102.16,68.4,102.17,15.8,102.18,2371.0,102.19,159.6,102.2,1037.3
1700000076.0,152,102.14,0.060000000000002274,102.11,137.5,102.17,79.7,2043.1,4536.5,102.17,42.1,BUY,3,102.11,137.5,102.1,382.3,102.09,390.5,102.08,177.5,102.07,955.3,102.17,79.7,102.18,578.9,102.19,1215.2,102.2,2258.3,102.21,404.4
1700000076.5,153,102.14,0.060000000000002274,102.11,152.7,102.17,200.5,6366.6,5864.5,102.17,62.3,BUY,1,102.11,152.7,102.1,997.6,102.09,4447.3,102.08,593.4,102.07,175.6,102.17,200.5,102.18,218.5,102.19,1020.7,102.2,1875.2,102.21,2549.6
1700000077.0,154,98.7,0.060000000000002274,98.67,265.4,98.73,1110.8,3897.0,5918.7,98.67,5.0,SELL,1,98.67,265.4,98.66,1991.0,98.65,569.4,98.64,312.2,98.63,759.0,98.73,1110.8,98.74,295.7,98.75,1043.6,98.76,3136.4,98.77,332.2
1700000077.5,155,98.7,0.03999999999999204,98.68,66.7,98.72,682.7,1301.7,4596.6,98.68,28.0,SELL,4,98.68,66.7,98.67,368.7,98.66,300.1,98.65,387.8,98.64,178.4,98.72,682.7,98.73,345.0,98.74,90.9,98.75,90.9,98.76,3387.1
1700000078.0,156,98.7,0.060000000000002274,98.67,32.2,98.73,1578.2,2066.0,7178.4,98.67,8.8,SELL,2,98.67,32.2,98.66,607.6,98.65,300.2,98.64,440.8,98.63,685.2,98.73,1578.2,98.74,896.7,98.75,2032.4,98.76,1210.2,98.77,1460.9
1700000078.5,157,98.7,0.03999999999999204,98.68,1149.8,98.72,318.7,3268.6,3158.7,98.68,74.7,SELL,3,98.68,1149.8,98.67,244.2,98.66,1622.1,98.65,225.7,98.64,26.8,98.72,318.7,98.73,494.2,98.74,1553.2,98.75,565.8,98.76,226.8
1700000079.0,158,98.71000000000001,0.05999999999998806,98.68,215.6,98.74,194.9,3437.3,3539.2,98.68,63.4,SELL,4,98.68,215.6,98.67,566.5,98.66,105.9,98.65,507.7,98.64,2041.6,98.74,194.9,98.75,104.6,98.76,1474.4,98.77,1239.0,98.78,526.3
1700000079.5,159,98.7,0.060000000000002274,98.67,342.8,98.73,765.8,986.5,3832.6000000000004,98.73,40.8,BUY,1,98.67,342.8,98.66,248.6,98.65,358.5,98.64,26.6,98.63,10.0,98.73,765.8,98.74,79.2,98.75,124.4,98.76,2684.3,98.77,178.9
1700000080.0,160,98.68,0.04000000000000625,98.66,593.0,98.7,268.7,3233.0,1818.2,98.66,16.9,SELL,3,98.66,593.0,98.65,877.4,98.64,143.1,98.63,571.6,98.62,1047.9,98.7,268.7,98.71,193.4,98.72,417.2,98.73,826.5,98.74,112.4
1700000080.5,161,98.67,0.060000000000002274,98.64,94.1,98.7,28.8,7630.4,4939.1,98.64,13.5,SELL,1,98.64,94.1,98.63,1471.7,98.62,174.5,98.61,3118.0,98.6,2772.1,98.7,28.8,98.71,2652.8,98.72,178.8,98.73,431.5,98.74,1647.2
1700000081.0,162,92.74,0.060000000000002274,92.71,1622.0,92.77,319.4,3543.6,4734.200000000001,92.71,55.7,SELL,1,92.71,1622.0,92.7,38.6,92.69,54.6,92.68,868.0,92.67,960.4,92.77,319.4,92.78,171.9,92.79,2249.5,92.8,592.0,92.81,1401.4
1700000081.5,163,92.75,0.060000000000002274,92.72,84.3,92.78,1256.6,2665.0,2098.9,92.75,0.0,BUY,0,92.72,84.3,92.71,96.5,92.7,205.3,92.69,565.2,92.68,1713.7,92.78,1256.6,92.79,205.2,92.8,136.8,92.81,91.4,92.82,408.9
1700000082.0,164,92.75,0.060000000000002274,92.72,115.4,92.78,10.0,5211.4,2146.6,92.72,53.2,SELL,2,92.72,115.4,92.71,10.0,92.7,842.4,92.69,778.1,92.68,3465.5,92.78,10.0,92.79,596.4,92.8,747.2,92.81,389.7,92.82,403.3
1700000082.5,165,92.75,0.060000000000002274,92.72,441.1,92.78,1430.1,5265.099999999999,4097.2,92.75,0.0,BUY,0,92.72,441.1,92.71,1311.0,92.7,292.6,92.69,2790.6,92.68,429.8,92.78,1430.1,92.79,453.3,92.8,635.0,92.81,1445.9,92.82,132.9
1700000083.0,166,92.75,0.060000000000002274,92.72,610.1,92.78,460.3,6540.2,10417.9,92.78,31.8,BUY,1,92.72,610.1,92.71,314.9,92.7,880.1,92.69,1745.9,92.68,2989.2,92.78,460.3,92.79,519.2,92.8,1548.5,92.81,3866.5,92.82,4023.4
1700000083.5,167,92.75,0.060000000000002274,92.72,235.6,92.78,113.2,4175.0,1430.0,92.78,5.0,BUY,2,92.72,235.6,92.71,1498.0,92.7,453.0,92.69,892.9,92.68,1095.5,92.78,113.2,92.79,11.9,92.8,130.7,92.81,942.1,92.82,232.1
1700000084.0,168,85.58,0.060000000000002274,85.55,123.8,85.61,365.7,3428.9,4477.2,85.61,18.5,BUY,1,85.55,123.8,85.54,527.1,85.53,836.7,85.52,744.7,85.51,1196.6,85.61,365.7,85.62,587.5,85.63,895.4,85.64,2618.6,85.65,10.0
1700000084.5,169,85.565,0.04999999999999716,85.54,1171.6,85.59,146.7,4087.0,6757.9,85.565,0.0,BUY,0,85.54,1171.6,85.53,436.0,85.52,304.9,85.51,833.3,85.5,1341.2,85.59,146.7,85.6,314.7,85.61,3318.0,85.62,1812.3,85.63,1166.2
1700000085.0,170,85.565,0.04999999999999716,85.54,292.6,85.59,194.3,4506.6,4647.5,85.54,47.4,SELL,3,85.54,292.6,85.53,380.9,85.52,108.7,85.51,3279.1,85.5,445.3,85.59,194.3,85.6,1039.1,85.61,2546.1,85.62,694.1,85.63,173.9
1700000085.5,171,85.58,0.060000000000002274,85.55,259.6,85.61,394.1,2933.8999999999996,4420.0,85.55,5.0,SELL,2,85.55,259.6,85.54,482.2,85.53,50.0,85.52,1414.8,85.51,727.3,85.61,394.1,85.62,321.8,85.63,399.3,85.64,1938.2,85.65,1366.6
1700000086.0,172,85.565,0.04999999999999716,85.54,100.3,85.59,308.9,2793.7000000000003,10052.8,85.54,8.0,SELL,1,85.54,100.3,85.53,98.5,85.52,1745.2,85.51,763.3,85.5,86.4,85.59,308.9,85.6,467.7,85.61,888.9,85.62,5008.5,85.63,3378.8
1700000086.5,173,85.57,0.05999999999998806,85.54,450.3,85.6,286.3,3279.6,3206.1,85.54,80.0,SELL,3,85.54,450.3,85.53,1160.6,85.52,177.6,85.51,600.5,85.5,890.6,85.6,286.3,85.61,221.9,85.62,641.8,85.63,672.1,85.64,1384.0
1700000087.0,174,85.565,0.04999999999999716,85.54,10.0,85.59,217.7,4610.0,2770.6,85.59,28.5,BUY,1,85.54,10.0,85.53,98.0,85.52,1045.4,85.51,495.5,85.5,2961.1,85.59,217.7,85.6,341.1,85.61,23.3,85.62,1943.0,85.63,245.5
1700000087.5,175,85.565,0.04999999999999716,85.54,913.9,85.59,657.5,2813.7,8914.9,85.59,41.3,BUY,2,85.54,913.9,85.53,364.9,85.52,245.5,85.51,919.3,85.5,370.1,85.59,657.5,85.6,346.4,85.61,889.6,85.62,1127.4,85.63,5894.0
1700000088.0,176,85.56,0.060000000000002274,85.53,49.5,85.59,815.2,1193.3999999999999,3561.7000000000003,85.53,5.9,SELL,3,85.53,49.5,85.52,240.5,85.51,713.1,85.5,87.0,85.49,103.3,85.59,815.2,85.6,509.6,85.61,631.3,85.62,245.1,85.63,1360.5
1700000088.5,177,85.565,0.04999999999999716,85.54,1326.2,85.59,462.0,6726.9,2258.9,85.54,36.5,SELL,1,85.54,1326.2,85.53,815.4,85.52,368.7,85.51,3492.1,85.5,724.5,85.59,462.0,85.6,1260.2,85.61,87.2,85.62,330.6,85.63,118.9
1700000089.0,178,85.56,0.03999999999999204,85.54,624.6,85.58,261.5,2422.2000000000003,2546.4,85.58,16.0,BUY,1,85.54,624.6,85.53,369.8,85.52,760.9,85.51,128.8,85.5,538.1,85.58,261.5,85.59,544.8,85.6,245.4,85.61,281.7,85.62,1213.0
1700000089.5,179,85.55,0.060000000000002274,85.52,224.4,85.58,904.8,6559.800000000001,2950.8999999999996,85.58,19.8,BUY,2,85.52,224.4,85.51,633.1,85.5,1916.8,85.49,3105.4,85.48,680.1,85.58,904.8,85.59,85.7,85.6,569.1,85.61,951.6,85.62,439.7
1700000090.0,180,85.55,0.060000000000002274,85.52,518.5,85.58,885.8,3771.7000000000003,1646.2,85.58,40.5,BUY,3,85.52,518.5,85.51,247.2,85.5,557.7,85.49,196.0,85.48,2252.3,85.58,885.8,85.59,199.8,85.6,112.2,85.61,232.9,85.62,215.5
1700000090.5,181,85.54499999999999,0.04999999999999716,85.52,362.4,85.57,2605.1,2845.5,6291.7,85.57,92.0,BUY,2,85.52,362.4,85.51,538.2,85.5,246.1,85.49,747.5,85.48,951.3,85.57,2605.1,85.58,887.3,85.59,1769.4,85.6,269.6,85.61,760.3
1700000091.0,182,85.53999999999999,0.04000000000000625,85.52,439.7,85.56,438.7,5643.799999999999,3071.3999999999996,85.52,7.9,SELL,1,85.52,439.7,85.51,557.4,85.5,1618.9,85.49,229.6,85.48,2798.2,85.56,438.7,85.57,981.3,85.58,160.5,85.59,375.6,85.6,1115.3
1700000091.5,183,85.54499999999999,0.04999999999999716,85.52,330.9,85.57,267.5,3581.8,1616.8,85.57,44.6,BUY,1,85.52,330.9,85.51,103.9,85.5,879.7,85.49,371.9,85.48,1895.4,85.57,267.5,85.58,38.5,85.59,616.4,85.6,519.7,85.61,174.7
1700000092.0,184,85.53,0.060000000000002274,85.5,299.1,85.56,855.8,2862.5,5379.8,85.5,31.6,SELL,2,85.5,299.1,85.49,226.7,85.48,1199.0,85.47,510.1,85.46,627.6,85.56,855.8,85.57,184.2,85.58,2212.4,85.59,679.1,85.6,1448.3
1700000092.5,185,85.53,0.060000000000002274,85.5,87.7,85.56,520.4,4952.7,2091.2,85.53,0.0,BUY,0,85.5,87.7,85.49,129.5,85.48,1253.0,85.47,1479.5,85.46,2003.0,85.56,520.4,85.57,306.2,85.58,664.6,85.59,65.2,85.6,534.8
1700000093.0,186,85.53,0.060000000000002274,85.5,29.6,85.56,10.0,3937.1,1244.8,85.56,15.9,BUY,2,85.5,29.6,85.49,1268.4,85.48,1275.9,85.47,1294.1,85.46,69.1,85.56,10.0,85.57,352.9,85.58,291.2,85.59,117.0,85.6,473.7
1700000093.5,187,85.55,0.03999999999999204,85.53,232.6,85.57,411.9,2575.5,1314.8,85.53,40.2,SELL,1,85.53,232.6,85.52,262.6,85.51,936.3,85.5,53.1,85.49,1090.9,85.57,411.9,85.58,140.5,85.59,142.7,85.6,281.4,85.61,338.3
1700000094.0,188,85.55,0.060000000000002274,85.52,374.1,85.58,205.4,6547.4,4207.0,85.58,5.0,BUY,3,85.52,374.1,85.51,34.9,85.5,1497.4,85.49,1348.0,85.48,3293.0,85.58,205.4,85.59,757.9,85.6,641.5,85.61,774.9,85.62,1827.3
1700000094.5,189,85.55,0.060000000000002274,85.52,148.3,85.58,432.3,4405.5,2559.2,85.58,12.3,BUY,3,85.52,148.3,85.51,260.4,85.5,1373.1,85.49,966.0,85.48,1657.7,85.58,432.3,85.59,339.0,85.6,544.0,85.61,1140.6,85.62,103.3
1700000095.0,190,85.53,0.060000000000002274,85.5,181.0,85.56,11.4,4218.7,5413.7,85.56,5.0,BUY,3,85.5,181.0,85.49,49.3,85.48,864.9,85.47,1276.2,85.46,1847.3,85.56,11.4,85.57,126.7,85.58,1952.3,85.59,596.1,85.6,2727.2
1700000095.5,191,85.53,0.060000000000002274,85.5,277.7,85.56,785.2,4375.799999999999,3653.3,85.53,0.0,BUY,0,85.5,277.7,85.49,475.8,85.48,13.7,85.47,2005.0,85.46,1603.6,85.56,785.2,85.57,1520.0,85.58,88.8,85.59,1042.0,85.6,217.3
1700000096.0,192,85.53,0.060000000000002274,85.5,54.5,85.56,119.9,1044.4,2124.3,85.5,56.1,SELL,4,85.5,54.5,85.49,10.0,85.48,502.8,85.47,64.1,85.46,413.0,85.56,119.9,85.57,878.7,85.58,161.2,85.59,887.7,85.6,76.8
1700000096.5,193,85.53,0.060000000000002274,85.5,108.3,85.56,101.0,2399.1000000000004,3450.2999999999997,85.56,16.3,BUY,2,85.5,108.3,85.49,364.6,85.48,218.9,85.47,869.0,85.46,838.3,85.56,101.0,85.57,75.8,85.58,1980.8,85.59,815.1,85.6,477.6
1700000097.0,194,85.53,0.060000000000002274,85.5,1195.6,85.56,765.9,3761.6000000000004,4484.9,85.53,0.0,BUY,0,85.5,1195.6,85.49,10.0,85.48,293.9,85.47,1005.9,85.46,1256.2,85.56,765.9,85.57,73.0,85.58,1135.0,85.59,350.2,85.6,2160.8
1700000097.5,195,85.53,0.060000000000002274,85.5,503.2,85.56,1485.0,3580.1000000000004,4324.4,85.56,5.0,BUY,2,85.5,503.2,85.49,884.2,85.48,833.2,85.47,1308.9,85.46,50.6,85.56,1485.0,85.57,124.3,85.58,262.8,85.59,865.7,85.6,1586.6
1700000098.0,196,85.51,0.060000000000002274,85.48,349.5,85.54,326.7,2622.5,2213.7,85.51,0.0,BUY,0,85.48,349.5,85.47,1294.6,85.46,258.3,85.45,440.2,85.44,279.9,85.54,326.7,85.55,182.8,85.56,209.0,85.57,458.3,85.58,1036.9
1700000098.5,197,85.49,0.060000000000002274,85.46,278.2,85.52,703.2,1296.3000000000002,4496.9,85.52,15.1,BUY,3,85.46,278.2,85.45,92.0,85.44,538.7,85.43,291.9,85.42,95.5,85.52,703.2,85.53,1362.8,85.54,241.6,85.55,2179.3,85.56,10.0
1700000099.0,198,85.47,0.060000000000002274,85.44,316.9,85.5,2254.3,6977.200000000001,4295.400000000001,85.5,17.4,BUY,1,85.44,316.9,85.43,729.6,85.42,3042.3,85.41,1758.5,85.4,1129.9,85.5,2254.3,85.51,179.2,85.52,1788.1,85.53,10.0,85.54,63.8
1700000099.5,199,85.47,0.03999999999999204,85.45,116.8,85.49,177.5,2188.8,2171.6000000000004,85.49,64.9,BUY,1,85.45,116.8,85.44,362.2,85.43,1200.4,85.42,287.4,85.41,222.0,85.49,177.5,85.5,1024.3,85.51,15.7,85.52,387.9,85.53,566.2
1700000100.0,200,85.45,0.060000000000002274,85.42,54.6,85.48,430.5,6909.200000000001,3022.2999999999997,85.48,78.4,BUY,2,85.42,54.6,85.41,2333.8,85.4,463.2,85.39,1151.7,85.38,2905.9,85.48,430.5,85.49,640.8,85.5,1394.6,85.51,319.6,85.52,236.8
1700000100.5,201,85.44,0.060000000000002274,85.41,1052.9,85.47,775.8,3258.1,4839.4,85.41,25.4,SELL,1,85.41,1052.9,85.4,139.5,85.39,669.7,85.38,1063.3,85.37,332.7,85.47,775.8,85.48,208.7,85.49,1573.0,85.5,2271.7,85.51,10.2
1700000101.0,202,85.45,0.03999999999999204,85.43,419.6,85.47,213.2,3782.5,1798.6,85.47,99.4,BUY,1,85.43,419.6,85.42,183.4,85.41,29.1,85.4,208.3,85.39,2942.1,85.47,213.2,85.48,108.8,85.49,206.1,85.5,686.0,85.51,584.5
1700000101.5,203,85.45,0.060000000000002274,85.42,613.1,85.48,15.8,3008.3,1455.1,85.48,112.7,BUY,5,85.42,613.1,85.41,247.6,85.4,1454.2,85.39,434.0,85.38,259.4,85.48,15.8,85.49,214.0,85.5,48.2,85.51,534.6,85.52,642.5
1700000102.0,204,85.45,0.060000000000002274,85.42,649.5,85.48,384.3,7725.0,3156.3,85.42,98.2,SELL,2,85.42,649.5,85.41,441.2,85.4,378.8,85.39,4496.2,85.38,1759.3,85.48,384.3,85.49,171.8,85.5,536.4,85.51,370.6,85.52,1693.2
1700000102.5,205,85.45,0.060000000000002274,85.42,423.8,85.48,67.5,7373.4,2585.5,85.45,0.0,BUY,0,85.42,423.8,85.41,206.1,85.4,743.4,85.39,3748.4,85.38,2251.7,85.48,67.5,85.49,225.2,85.5,312.5,85.51,1431.5,85.52,548.8
1700000103.0,206,85.45,0.060000000000002274,85.42,509.3,85.48,535.2,3114.5,4039.3,85.45,0.0,BUY,0,85.42,509.3,85.41,35.6,85.4,851.7,85.39,120.8,85.38,1597.1,85.48,535.2,85.49,1744.8,85.5,370.9,85.51,888.2,85.52,500.2
1700000103.5,207,85.44,0.03999999999999204,85.42,707.6,85.46,382.0,3832.9,3084.7,85.42,84.6,SELL,1,85.42,707.6,85.41,157.5,85.4,1807.8,85.39,822.6,85.38,337.4,85.46,382.0,85.47,341.4,85.48,262.0,85.49,255.2,85.5,1844.1
1700000104.0,208,85.435,0.04999999999999716,85.41,1175.3,85.46,124.8,2555.0,1689.9,85.41,5.0,SELL,1,85.41,1175.3,85.4,56.1,85.39,667.1,85.38,468.4,85.37,188.1,85.46,124.8,85.47,387.5,85.48,427.0,85.49,271.0,85.5,479.6
1700000104.5,209,85.435,0.04999999999999716,85.41,302.4,85.46,119.5,4886.8,4078.8,85.46,13.0,BUY,3,85.41,302.4,85.4,517.1,85.39,1297.6,85.38,531.4,85.37,2238.3,85.46,119.5,85.47,29.2,85.48,990.3,85.49,1913.3,85.5,1026.5
1700000105.0,210,85.435,0.04999999999999716,85.41,953.7,85.46,162.9,4311.1,1306.7,85.41,22.2,SELL,2,85.41,953.7,85.4,157.4,85.39,496.8,85.38,976.7,85.37,1726.5,85.46,162.9,85.47,318.8,85.48,43.6,85.49,159.5,85.5,621.9
1700000105.5,211,85.435,0.04999999999999716,85.41,667.3,85.46,234.5,1782.6,3577.3,85.435,0.0,BUY,0,85.41,667.3,85.4,187.6,85.39,235.1,85.38,571.5,85.37,121.1,85.46,234.5,85.47,247.4,85.48,1495.8,85.49,480.4,85.5,1119.2
1700000106.0,212,85.42,0.060000000000002274,85.39,193.8,85.45,19.4,2394.1,3689.2,85.45,95.6,BUY,1,85.39,193.8,85.38,672.7,85.37,397.3,85.36,44.3,85.35,1086.0,85.45,19.4,85.46,75.4,85.47,426.2,85.48,476.8,85.49,2691.4
1700000106.5,213,85.42,0.03999999999999204,85.4,210.0,85.44,303.4,1551.8999999999999,2897.6000000000004,85.4,164.3,SELL,4,85.4,210.0,85.39,24.1,85.38,861.3,85.37,319.2,85.36,137.3,85.44,303.4,85.45,1107.9,85.46,299.4,85.47,521.2,85.48,665.7
1700000107.0,214,85.42,0.060000000000002274,85.39,236.2,85.45,477.7,2914.8,3881.3,85.45,42.7,BUY,2,85.39,236.2,85.38,1227.7,85.37,417.3,85.36,364.1,85.35,669.5,85.45,477.7,85.46,403.6,85.47,19.9,85.48,404.6,85.49,2575.5
1700000107.5,215,85.435,0.04999999999999716,85.41,243.2,85.46,378.4,5966.4,2524.5,85.435,0.0,BUY,0,85.41,243.2,85.4,260.8,85.39,4178.8,85.38,457.7,85.37,825.9,85.46,378.4,85.47,86.3,85.48,458.8,85.49,1188.8,85.5,412.2
1700000108.0,216,85.435,0.04999999999999716,85.41,32.2,85.46,16.5,4915.9,2085.1000000000004,85.435,0.0,BUY,0,85.41,32.2,85.4,1928.4,85.39,1955.4,85.38,745.5,85.37,254.4,85.46,16.5,85.47,631.8,85.48,529.6,85.49,736.4,85.5,170.8
1700000108.5,217,85.41,0.04000000000000625,85.39,366.7,85.43,452.1,4527.4,3992.0,85.39,161.2,SELL,3,85.39,366.7,85.38,1040.3,85.37,2445.5,85.36,75.7,85.35,599.2,85.43,452.1,85.44,245.4,85.45,1530.5,85.46,447.9,85.47,1316.1
1700000109.0,218,85.41,0.060000000000002274,85.38,212.6,85.44,516.3,2383.6000000000004,5016.6,85.41,0.0,BUY,0,85.38,212.6,85.37,628.6,85.36,188.5,85.35,1102.6,85.34,251.3,85.44,516.3,85.45,342.8,85.46,1639.0,85.47,1310.9,85.48,1207.6
1700000109.5,219,85.41,0.04000000000000625,85.39,73.5,85.43,265.2,4162.0,1094.4,85.43,7.1,BUY,4,85.39,73.5,85.38,404.6,85.37,2877.5,85.36,205.2,85.35,601.2,85.43,265.2,85.44,165.3,85.45,405.7,85.46,11.4,85.47,246.8
1700000110.0,220,85.41,0.060000000000002274,85.38,1060.3,85.44,959.7,3448.1,2655.4,85.44,12.9,BUY,1,85.38,1060.3,85.37,316.5,85.36,120.5,85.35,1381.7,85.34,569.1,85.44,959.7,85.45,51.7,85.46,895.0,85.47,693.4,85.48,55.6
1700000110.5,221,85.405,0.05000000000001137,85.38,162.0,85.43,335.4,4387.7,2421.4,85.38,51.3,SELL,1,85.38,162.0,85.37,260.2,85.36,396.8,85.35,564.5,85.34,3004.2,85.43,335.4,85.44,576.9,85.45,267.2,85.46,931.5,85.47,310.4
1700000111.0,222,85.41,0.060000000000002274,85.38,461.1,85.44,665.1,4320.8,3846.6,85.44,5.2,BUY,4,85.38,461.1,85.37,21.3,85.36,2700.0,85.35,965.8,85.34,172.6,85.44,665.1,85.45,782.5,85.46,524.0,85.47,749.5,85.48,1125.5
1700000111.5,223,85.41,0.060000000000002274,85.38,194.7,85.44,479.0,3978.5,3632.2,85.38,10.4,SELL,3,85.38,194.7,85.37,1005.9,85.36,106.4,85.35,1805.6,85.34,865.9,85.44,479.0,85.45,134.5,85.46,233.1,85.47,2532.5,85.48,253.1
1700000112.0,224,85.42,0.060000000000002274,85.39,361.7,85.45,352.4,4709.4,2712.3999999999996,85.39,22.7,SELL,1,85.39,361.7,85.38,698.9,85.37,1154.3,85.36,1463.0,85.35,1031.5,85.45,352.4,85.46,106.2,85.47,555.6,85.48,126.1,85.49,1572.1
1700000112.5,225,85.41,0.060000000000002274,85.38,700.2,85.44,68.0,3569.7000000000007,3686.4,85.41,0.0,BUY,0,85.38,700.2,85.37,1030.4,85.36,657.0,85.35,896.3,85.34,285.8,85.44,68.0,85.45,446.1,85.46,1540.7,85.47,1239.6,85.48,392.0
1700000113.0,226,85.39,0.03999999999999204,85.37,12.2,85.41,34.6,4415.5,1305.3,85.41,105.0,BUY,1,85.37,12.2,85.36,25.2,85.35,81.0,85.34,785.7,85.33,3511.4,85.41,34.6,85.42,12.5,85.43,396.2,85.44,505.2,85.45,356.8
1700000113.5,227,85.38,0.04000000000000625,85.36,240.0,85.4,1718.7,3386.1,3910.3999999999996,85.36,6.1,SELL,3,85.36,240.0,85.35,792.0,85.34,1333.2,85.33,390.5,85.32,630.4,85.4,1718.7,85.41,268.4,85.42,1385.1,85.43,498.0,85.44,40.2
1700000114.0,228,85.37,0.060000000000002274,85.34,414.5,85.4,105.4,1865.4,1782.1,85.4,59.7,BUY,1,85.34,414.5,85.33,36.9,85.32,341.7,85.31,616.2,85.3,456.1,85.4,105.4,85.41,14.6,85.42,920.5,85.43,420.8,85.44,320.8
1700000114.5,229,85.37,0.060000000000002274,85.34,815.7,85.4,724.4,3656.0000000000005,3315.3,85.34,94.5,SELL,4,85.34,815.7,85.33,71.7,85.32,171.4,85.31,2316.3,85.3,280.9,85.4,724.4,85.41,296.7,85.42,882.4,85.43,762.6,85.44,649.2
1700000115.0,230,85.37,0.060000000000002274,85.34,1950.9,85.4,1676.1,4363.1,6691.0,85.34,5.0,SELL,1,85.34,1950.9,85.33,1558.5,85.32,27.4,85.31,759.3,85.3,67.0,85.4,1676.1,85.41,362.2,85.42,10.0,85.43,3402.5,85.44,1240.2
1700000115.5,231,85.37,0.04000000000000625,85.35,92.2,85.39,508.7,2440.1,2745.3,85.39,26.7,BUY,1,85.35,92.2,85.34,703.4,85.33,1150.6,85.32,294.1,85.31,199.8,85.39,508.7,85.4,840.2,85.41,481.2,85.42,511.0,85.43,404.2
1700000116.0,232,85.36,0.060000000000002274,85.33,156.2,85.39,1427.4,2266.9,4207.2,85.33,23.1,SELL,2,85.33,156.2,85.32,463.0,85.31,466.8,85.3,834.7,85.29,346.2,85.39,1427.4,85.4,76.2,85.41,525.2,85.42,1646.0,85.43,532.4
1700000116.5,233,85.35,0.060000000000002274,85.32,217.0,85.38,441.5,4190.700000000001,5874.1,85.38,12.8,BUY,1,85.32,217.0,85.31,1393.9,85.3,1526.5,85.29,657.7,85.28,395.6,85.38,441.5,85.39,20.0,85.4,380.5,85.41,3455.2,85.42,1576.9
1700000117.0,234,85.35,0.060000000000002274,85.32,899.5,85.38,599.3,4848.400000000001,3068.1,85.32,31.8,SELL,1,85.32,899.5,85.31,10.0,85.3,956.9,85.29,1514.7,85.28,1467.3,85.38,599.3,85.39,1106.7,85.4,241.5,85.41,1017.9,85.42,102.7
1700000117.5,235,85.36,0.03999999999999204,85.34,875.0,85.38,10.0,3961.7999999999997,3688.3999999999996,85.38,18.6,BUY,3,85.34,875.0,85.33,237.0,85.32,1666.5,85.31,637.7,85.3,545.6,85.38,10.0,85.39,501.5,85.4,124.6,85.41,1375.1,85.42,1677.2
1700000118.0,236,85.37,0.060000000000002274,85.34,13.3,85.4,1184.7,2078.1,2682.0000000000005,85.4,13.2,BUY,1,85.34,13.3,85.33,191.6,85.32,230.3,85.31,855.0,85.3,787.9,85.4,1184.7,85.41,395.5,85.42,261.1,85.43,646.4,85.44,194.3
1700000118.5,237,85.37,0.060000000000002274,85.34,284.3,85.4,74.9,3544.9,4607.3,85.34,89.9,SELL,1,85.34,284.3,85.33,1305.6,85.32,1391.9,85.31,93.7,85.3,469.4,85.4,74.9,85.41,1370.4,85.42,484.1,85.43,717.1,85.44,1960.8
1700000119.0,238,85.36,0.03999999999999204,85.34,19.7,85.38,186.9,1990.1999999999998,3439.5,85.34,106.9,SELL,2,85.34,19.7,85.33,802.5,85.32,717.4,85.31,390.6,85.3,60.0,85.38,186.9,85.39,584.5,85.4,2225.9,85.41,52.6,85.42,389.6
1700000119.5,239,85.36,0.060000000000002274,85.33,450.6,85.39,750.4,4031.0999999999995,5776.200000000001,85.33,73.2,SELL,2,85.33,450.6,85.32,936.6,85.31,953.0,85.3,1571.7,85.29,119.2,85.39,750.4,85.4,2073.1,85.41,1346.1,85.42,1165.8,85.43,440.8
1700000120.0,240,89.68,0.04000000000000625,89.66,810.6,89.7,364.5,3913.7000000000003,6973.6,89.7,21.4,BUY,1,89.66,810.6,89.65,758.7,89.64,304.4,89.63,923.6,89.62,1116.4,89.7,364.5,89.71,5073.2,89.72,305.1,89.73,39.9,89.74,1190.9
1700000120.5,241,89.685,0.04999999999999716,89.66,928.6,89.71,2664.7,3920.9,5216.8,89.66,36.3,SELL,3,89.66,928.6,89.65,508.7,89.64,891.8,89.63,1331.7,89.62,260.1,89.71,2664.7,89.72,311.3,89.73,1693.8,89.74,93.0,89.75,454.0
1700000121.0,242,89.67,0.060000000000002274,89.64,127.6,89.7,1333.0,1836.0,3163.6,89.64,24.0,SELL,3,89.64,127.6,89.63,146.9,89.62,861.9,89.61,405.8,89.6,293.8,89.7,1333.0,89.71,1076.9,89.72,283.3,89.73,105.2,89.74,365.2
1700000121.5,243,89.67,0.060000000000002274,89.64,77.2,89.7,813.5,2935.4,3642.2,89.64,28.1,SELL,2,89.64,77.2,89.63,1527.2,89.62,671.5,89.61,110.0,89.6,549.5,89.7,813.5,89.71,10.0,89.72,944.2,89.73,316.0,89.74,1558.5
1700000122.0,244,89.67,0.03999999999999204,89.65,56.8,89.69,312.4,2485.7,10282.3,89.67,0.0,BUY,0,89.65,56.8,89.64,831.9,89.63,674.9,89.62,678.6,89.61,243.5,89.69,312.4,89.7,1817.7,89.71,1004.1,89.72,5588.8,89.73,1559.3
1700000122.5,245,89.66,0.04000000000000625,89.64,533.6,89.68,373.8,6208.299999999999,2887.8,89.64,30.4,SELL,1,89.64,533.6,89.63,258.9,89.62,11.2,89.61,1591.0,89.6,3813.6,89.68,373.8,89.69,1951.2,89.7,120.2,89.71,59.8,89.72,382.8
1700000123.0,246,89.66,0.060000000000002274,89.63,194.7,89.69,207.5,5604.7,4363.4,89.63,85.4,SELL,1,89.63,194.7,89.62,3395.2,89.61,1292.4,89.6,237.6,89.59,484.8,89.69,207.5,89.7,2899.2,89.71,10.0,89.72,550.8,89.73,695.9
1700000123.5,247,89.67,0.060000000000002274,89.64,308.8,89.7,425.4,3474.2999999999997,3612.8999999999996,89.67,0.0,BUY,0,89.64,308.8,89.63,1417.6,89.62,610.5,89.61,210.4,89.6,927.0,89.7,425.4,89.71,25.3,89.72,2177.0,89.73,772.2,89.74,213.0
1700000124.0,248,89.67,0.03999999999999204,89.65,412.5,89.69,1010.2,2580.8,7413.6,89.69,63.9,BUY,4,89.65,412.5,89.64,1415.0,89.63,35.9,89.62,535.1,89.61,182.3,89.69,1010.2,89.7,616.7,89.71,1005.0,89.72,709.7,89.73,4072.0
1700000124.5,249,89.66,0.060000000000002274,89.63,3766.3,89.69,537.2,8002.7,2749.4999999999995,89.69,119.6,BUY,1,89.63,3766.3,89.62,381.0,89.61,2564.7,89.6,593.3,89.59,697.4,89.69,537.2,89.7,311.8,89.71,384.6,89.72,1196.8,89.73,319.1
1700000125.0,250,89.66,0.060000000000002274,89.63,1207.0,89.69,782.5,4011.1,3650.0,89.69,25.3,BUY,1,89.63,1207.0,89.62,274.6,89.61,83.2,89.6,653.3,89.59,1793.0,89.69,782.5,89.7,276.2,89.71,1665.7,89.72,333.2,89.73,592.4
1700000125.5,251,89.67,0.060000000000002274,89.64,43.1,89.7,669.9,2711.5,4197.7,89.7,5.0,BUY,2,89.64,43.1,89.63,148.2,89.62,1227.3,89.61,450.8,89.6,842.1,89.7,669.9,89.71,842.4,89.72,304.9,89.73,1601.5,89.74,779.0
1700000126.0,252,89.66,0.060000000000002274,89.63,1070.3,89.69,1486.6,7695.0,4509.9,89.63,76.6,SELL,1,89.63,1070.3,89.62,3509.0,89.61,703.3,89.6,1038.9,89.59,1373.5,89.69,1486.6,89.7,164.6,89.71,2445.7,89.72,218.3,89.73,194.7
1700000126.5,253,89.66,0.060000000000002274,89.63,477.5,89.69,2075.9,2335.8,6612.299999999999,89.69,60.7,BUY,2,89.63,477.5,89.62,1050.4,89.61,301.4,89.6,496.5,89.59,10.0,89.69,2075.9,89.7,476.5,89.71,1924.8,89.72,1387.6,89.73,747.5
1700000127.0,254,89.66,0.060000000000002274,89.63,681.4,89.69,395.9,3662.1,3906.9999999999995,89.63,55.0,SELL,2,89.63,681.4,89.62,48.0,89.61,1937.0,89.6,374.2,89.59,621.5,89.69,395.9,89.7,576.8,89.71,440.5,89.72,1113.7,89.73,1380.1
1700000127.5,255,89.65,0.060000000000002274,89.62,354.5,89.68,1456.3,3833.9,4371.6,89.65,0.0,BUY,0,89.62,354.5,89.61,1381.1,89.6,1503.7,89.59,565.6,89.58,29.0,89.68,1456.3,89.69,870.0,89.7,230.9,89.71,827.2,89.72,987.2
1700000128.0,256,89.65,0.060000000000002274,89.62,266.8,89.68,2311.7,7848.400000000001,6504.500000000001,89.68,114.1,BUY,1,89.62,266.8,89.61,699.1,89.6,290.5,89.59,1787.7,89.58,4804.3,89.68,2311.7,89.69,2075.8,89.7,613.1,89.71,1412.8,89.72,91.1
1700000128.5,257,89.64,0.060000000000002274,89.61,171.5,89.67,220.4,4805.2,1526.7000000000003,89.61,5.0,SELL,2,89.61,171.5,89.6,186.3,89.59,536.0,89.58,2850.6,89.57,1060.8,89.67,220.4,89.68,189.8,89.69,411.5,89.7,435.1,89.71,269.9
1700000129.0,258,89.64,0.060000000000002274,89.61,297.3,89.67,429.1,4954.299999999999,3574.7999999999997,89.61,45.4,SELL,1,89.61,297.3,89.6,41.4,89.59,1747.2,89.58,1673.8,89.57,1194.6,89.67,429.1,89.68,863.0,89.69,326.7,89.7,1932.3,89.71,23.7
1700000129.5,259,89.64,0.060000000000002274,89.61,1648.0,89.67,274.3,3857.3999999999996,5518.200000000001,89.61,48.4,SELL,2,89.61,1648.0,89.6,10.0,89.59,1114.1,89.58,1074.6,89.57,10.7,89.67,274.3,89.68,516.0,89.69,3494.7,89.7,330.6,89.71,902.6
1700000130.0,260,89.63,0.060000000000002274,89.6,136.4,89.66,615.0,4830.6,4557.700000000001,89.66,30.6,BUY,2,89.6,136.4,89.59,117.0,89.58,223.6,89.57,4320.5,89.56,33.1,89.66,615.0,89.67,1043.0,89.68,1503.9,89.69,717.7,89.7,678.1
1700000130.5,261,89.62,0.060000000000002274,89.59,84.6,89.65,620.2,4030.2,2095.4,89.65,5.0,BUY,2,89.59,84.6,89.58,1131.3,89.57,54.5,89.56,1935.1,89.55,824.7,89.65,620.2,89.66,204.0,89.67,264.5,89.68,129.8,89.69,876.9
1700000131.0,262,89.62,0.060000000000002274,89.59,875.0,89.65,182.6,4093.8,3421.3999999999996,89.59,56.6,SELL,2,89.59,875.0,89.58,352.9,89.57,153.8,89.56,827.1,89.55,1885.0,89.65,182.6,89.66,35.5,89.67,10.0,89.68,1235.5,89.69,1957.8
1700000131.5,263,89.62,0.060000000000002274,89.59,394.1,89.65,610.4,5872.1,5941.1,89.59,46.6,SELL,1,89.59,394.1,89.58,1521.2,89.57,2757.1,89.56,225.6,89.55,974.1,89.65,610.4,89.66,244.8,89.67,1622.3,89.68,978.2,89.69,2485.4
1700000132.0,264,89.62,0.060000000000002274,89.59,58.2,89.65,1263.2,4934.0,3786.4000000000005,89.65,17.0,BUY,2,89.59,58.2,89.58,98.6,89.57,2220.7,89.56,441.5,89.55,2115.0,89.65,1263.2,89.66,1265.9,89.67,238.4,89.68,651.7,89.69,367.2
1700000132.5,265,89.61,0.060000000000002274,89.58,177.2,89.64,131.4,9148.5,1339.1,89.61,0.0,BUY,0,89.58,177.2,89.57,647.3,89.56,4033.7,89.55,1983.3,89.54,2307.0,89.64,131.4,89.65,99.6,89.66,323.6,89.67,774.5,89.68,10.0
1700000133.0,266,89.61,0.060000000000002274,89.58,279.9,89.64,110.1,1985.5,2878.5000000000005,89.64,36.0,BUY,3,89.58,279.9,89.57,153.6,89.56,832.5,89.55,366.3,89.54,353.2,89.64,110.1,89.65,15.1,89.66,849.2,89.67,1874.2,89.68,29.9
1700000133.5,267,89.61,0.060000000000002274,89.58,840.2,89.64,549.0,2825.6,1429.0,89.64,26.9,BUY,2,89.58,840.2,89.57,837.4,89.56,382.1,89.55,375.5,89.54,390.4,89.64,549.0,89.65,242.7,89.66,238.3,89.67,222.1,89.68,176.9
1700000134.0,268,89.61,0.060000000000002274,89.58,264.8,89.64,399.5,1715.4,5518.6,89.64,35.9,BUY,3,89.58,264.8,89.57,63.5,89.56,10.0,89.55,76.7,89.54,1300.4,89.64,399.5,89.65,777.2,89.66,1900.0,89.67,86.5,89.68,2355.4
1700000134.5,269,89.595,0.05000000000001137,89.57,1142.1,89.62,658.8,5041.099999999999,1837.5999999999997,89.57,29.0,SELL,1,89.57,1142.1,89.56,793.6,89.55,1562.8,89.54,1224.2,89.53,318.4,89.62,658.8,89.63,412.4,89.64,416.1,89.65,161.0,89.66,189.3
1700000135.0,270,89.6,0.060000000000002274,89.57,594.3,89.63,610.5,2114.7,2253.8,89.63,8.0,BUY,2,89.57,594.3,89.56,722.9,89.55,555.1,89.54,130.6,89.53,111.8,89.63,610.5,89.64,289.7,89.65,504.1,89.66,801.7,89.67,47.8
1700000135.5,271,89.62,0.060000000000002274,89.59,919.6,89.65,712.1,6988.299999999999,3934.7,89.62,0.0,BUY,0,89.59,919.6,89.58,152.2,89.57,1360.9,89.56,566.0,89.55,3989.6,89.65,712.1,89.66,1666.8,89.67,827.6,89.68,543.7,89.69,184.5
1700000136.0,272,89.61,0.03999999999999204,89.59,131.6,89.63,411.0,2482.2,3809.9,89.61,0.0,BUY,0,89.59,131.6,89.58,319.2,89.57,204.1,89.56,327.3,89.55,1500.0,89.63,411.0,89.64,180.7,89.65,2487.8,89.66,238.1,89.67,492.3
1700000136.5,273,89.61,0.060000000000002274,89.58,524.5,89.64,55.6,4684.1,2467.4,89.61,0.0,BUY,0,89.58,524.5,89.57,193.6,89.56,998.4,89.55,788.9,89.54,2178.7,89.64,55.6,89.65,262.6,89.66,58.9,89.67,276.6,89.68,1813.7
1700000137.0,274,89.61,0.060000000000002274,89.58,27.1,89.64,698.4,3525.4999999999995,5507.7,89.64,21.7,BUY,1,89.58,27.1,89.57,165.8,89.56,636.9,89.55,1601.6,89.54,1094.1,89.64,698.4,89.65,48.0,89.66,230.9,89.67,485.9,89.68,4044.5
1700000137.5,275,89.59,0.060000000000002274,89.56,912.7,89.62,20.3,3862.2000000000003,6660.3,89.56,60.4,SELL,4,89.56,912.7,89.55,1264.4,89.54,1515.1,89.53,120.3,89.52,49.7,89.62,20.3,89.63,718.6,89.64,991.0,89.65,2406.6,89.66,2523.8
1700000138.0,276,89.58,0.060000000000002274,89.55,666.3,89.61,1759.7,3304.1000000000004,6051.8,89.61,108.7,BUY,2,89.55,666.3,89.54,256.9,89.53,53.9,89.52,1896.7,89.51,430.3,89.61,1759.7,89.62,61.2,89.63,1719.1,89.64,2401.8,89.65,110.0
1700000138.5,277,89.58,0.060000000000002274,89.55,2177.0,89.61,411.4,4040.9999999999995,1472.8,89.58,0.0,BUY,0,89.55,2177.0,89.54,104.6,89.53,188.2,89.52,882.3,89.51,688.9,89.61,411.4,89.62,159.9,89.63,10.0,89.64,38.2,89.65,853.3
1700000139.0,278,89.565,0.04999999999999716,89.54,299.3,89.59,252.1,4051.5,1858.7,89.59,6.2,BUY,1,89.54,299.3,89.53,439.3,89.52,42.9,89.51,1893.3,89.5,1376.7,89.59,252.1,89.6,32.0,89.61,1087.3,89.62,238.5,89.63,248.8
1700000139.5,279,89.565,0.04999999999999716,89.54,37.4,89.59,251.8,2340.9000000000005,3732.6,89.59,40.5,BUY,2,89.54,37.4,89.53,143.5,89.52,1458.9,89.51,99.9,89.5,601.2,89.59,251.8,89.6,614.5,89.61,71.6,89.62,76.2,89.63,2718.5
1700000140.0,280,89.56,0.03999999999999204,89.54,65.9,89.58,2074.4,2591.1000000000004,4187.7,89.54,13.2,SELL,2,89.54,65.9,89.53,51.3,89.52,816.7,89.51,732.5,89.5,924.7,89.58,2074.4,89.59,10.0,89.6,1248.3,89.61,318.4,89.62,536.6
1700000140.5,281,97.87,0.060000000000002274,97.84,164.3,97.9,2012.4,5809.2,6478.0,97.84,26.6,SELL,5,97.84,164.3,97.83,259.7,97.82,21.2,97.81,1326.8,97.8,4037.2,97.9,2012.4,97.91,879.4,97.92,1210.5,97.93,1165.1,97.94,1210.6
1700000141.0,282,97.86,0.060000000000002274,97.83,26.3,97.89,191.5,1085.1,5517.5,97.86,0.0,BUY,0,97.83,26.3,97.82,93.2,97.81,313.3,97.8,85.3,97.79,567.0,97.89,191.5,97.9,947.2,97.91,1856.6,97.92,1899.6,97.93,622.6
1700000141.5,283,97.85,0.060000000000002274,97.82,75.6,97.88,363.4,3026.9,5119.8,97.88,85.4,BUY,1,97.82,75.6,97.81,1350.5,97.8,887.9,97.79,112.5,97.78,600.4,97.88,363.4,97.89,1040.2,97.9,1958.0,97.91,385.4,97.92,1372.8
1700000142.0,284,97.86,0.060000000000002274,97.83,786.8,97.89,587.0,2410.8,4982.4,97.83,69.3,SELL,2,97.83,786.8,97.82,90.5,97.81,347.6,97.8,460.6,97.79,725.3,97.89,587.0,97.9,1024.3,97.91,2430.6,97.92,72.2,97.93,868.3
1700000142.5,285,97.85,0.060000000000002274,97.82,149.4,97.88,1189.9,3144.8,2976.2000000000003,97.88,10.0,BUY,1,97.82,149.4,97.81,210.5,97.8,623.1,97.79,935.2,97.78,1226.6,97.88,1189.9,97.89,376.7,97.9,114.3,97.91,988.5,97.92,306.8
1700000143.0,286,95.53,0.060000000000002274,95.5,715.6,95.56,952.0,6229.9,3410.1000000000004,95.56,10.6,BUY,2,95.5,715.6,95.49,122.5,95.48,2768.8,95.47,2533.5,95.46,89.5,95.56,952.0,95.57,22.7,95.58,181.2,95.59,898.0,95.6,1356.2
1700000143.5,287,95.53,0.060000000000002274,95.5,1754.5,95.56,2103.9,5599.5,3729.6000000000004,95.56,23.3,BUY,1,95.5,1754.5,95.49,56.1,95.48,196.4,95.47,498.8,95.46,3093.7,95.56,2103.9,95.57,495.8,95.58,389.9,95.59,551.0,95.6,189.0
1700000144.0,288,95.52,0.060000000000002274,95.49,1077.9,95.55,313.3,2415.4,4645.6,95.55,77.3,BUY,1,95.49,1077.9,95.48,66.5,95.47,684.5,95.46,398.6,95.45,187.9,95.55,313.3,95.56,82.3,95.57,1429.8,95.58,1937.2,95.59,883.0
1700000144.5,289,95.52,0.060000000000002274,95.49,57.6,95.55,401.1,2352.0,3276.1,95.55,25.7,BUY,2,95.49,57.6,95.48,265.8,95.47,335.7,95.46,1309.3,95.45,383.6,95.55,401.1,95.56,1081.4,95.57,696.5,95.58,855.7,95.59,241.4
1700000145.0,290,95.52,0.060000000000002274,95.49,986.3,95.55,46.1,8705.9,1460.2999999999997,95.55,11.2,BUY,3,95.49,986.3,95.48,1237.7,95.47,1870.3,95.46,4174.5,95.45,437.1,95.55,46.1,95.56,10.0,95.57,1113.5,95.58,271.1,95.59,19.6
1700000145.5,291,95.51,0.060000000000002274,95.48,143.6,95.54,836.1,4284.2,2501.9,95.54,13.1,BUY,5,95.48,143.6,95.47,154.9,95.46,1863.6,95.45,560.1,95.44,1562.0,95.54,836.1,95.55,230.2,95.56,944.0,95.57,207.7,95.58,283.9
1700000146.0,292,95.5,0.03999999999999204,95.48,363.8,95.52,570.3,7444.9,4473.400000000001,95.52,48.3,BUY,5,95.48,363.8,95.47,163.8,95.46,3425.7,95.45,1760.6,95.44,1731.0,95.52,570.3,95.53,1572.5,95.54,1221.8,95.55,757.6,95.56,351.2
1700000146.5,293,95.5,0.060000000000002274,95.47,327.9,95.53,157.2,2883.8,3238.8,95.47,15.7,SELL,4,95.47,327.9,95.46,290.4,95.45,402.6,95.44,1338.5,95.43,524.4,95.53,157.2,95.54,641.5,95.55,16.6,95.56,869.6,95.57,1553.9
1700000147.0,294,95.5,0.060000000000002274,95.47,592.0,95.53,835.9,4674.2,3973.6000000000004,95.47,17.1,SELL,3,95.47,592.0,95.46,494.3,95.45,760.3,95.44,1839.8,95.43,987.8,95.53,835.9,95.54,757.6,95.55,78.9,95.56,504.5,95.57,1796.7
1700000147.5,295,95.5,0.060000000000002274,95.47,741.6,95.53,759.0,4009.8999999999996,5118.3,95.47,36.6,SELL,1,95.47,741.6,95.46,837.5,95.45,1443.0,95.44,387.0,95.43,600.8,95.53,759.0,95.54,968.3,95.55,1817.8,95.56,922.4,95.57,650.8
1700000148.0,296,95.51,0.060000000000002274,95.48,915.0,95.54,168.8,2784.9999999999995,1675.5,95.54,9.4,BUY,1,95.48,915.0,95.47,95.1,95.46,191.5,95.45,1108.8,95.44,474.6,95.54,168.8,95.55,640.6,95.56,16.1,95.57,745.9,95.58,104.1
1700000148.5,297,95.5,0.060000000000002274,95.47,192.4,95.53,334.6,1522.0,2869.6,95.47,5.0,SELL,1,95.47,192.4,95.46,158.1,95.45,267.0,95.44,526.4,95.43,378.1,95.53,334.6,95.54,364.4,95.55,160.5,95.56,58.4,95.57,1951.7
1700000149.0,298,95.5,0.03999999999999204,95.48,1297.9,95.52,472.5,2737.0,1509.7,95.52,77.2,BUY,3,95.48,1297.9,95.47,249.5,95.46,744.9,95.45,216.5,95.44,228.2,95.52,472.5,95.53,374.4,95.54,163.6,95.55,157.2,95.56,342.0
1700000149.5,299,95.47,0.060000000000002274,95.44,18.7,95.5,450.6,1659.8999999999999,3945.3,95.44,81.8,SELL,1,95.44,18.7,95.43,422.7,95.42,253.9,95.41,207.3,95.4,757.3,95.5,450.6,95.51,1056.8,95.52,526.0,95.53,950.4,95.54,961.5
1700000150.0,300,86.7,0.060000000000002274,86.67,304.4,86.73,208.9,4646.9,4569.3,86.73,5.0,BUY,1,86.67,304.4,86.66,137.7,86.65,1211.8,86.64,664.4,86.63,2328.6,86.73,208.9,86.74,81.3,86.75,985.5,86.76,2104.1,86.77,1189.5
1700000150.5,301,86.70500000000001,0.04999999999999716,86.68,408.8,86.73,58.0,5214.299999999999,3467.9999999999995,86.68,40.9,SELL,5,86.68,408.8,86.67,899.9,86.66,725.3,86.65,1020.1,86.64,2160.2,86.73,58.0,86.74,1463.1,86.75,527.5,86.76,1354.3,86.77,65.1
1700000151.0,302,86.7,0.060000000000002274,86.67,10.0,86.73,40.9,3383.5,1783.1000000000001,86.73,49.3,BUY,5,86.67,10.0,86.66,850.0,86.65,92.2,86.64,1186.2,86.63,1245.1,86.73,40.9,86.74,575.2,86.75,708.3,86.76,405.3,86.77,53.4
1700000151.5,303,86.7,0.060000000000002274,86.67,1162.5,86.73,10.0,6425.6,2847.2,86.7,0.0,BUY,0,86.67,1162.5,86.66,416.5,86.65,243.9,86.64,675.1,86.63,3927.6,86.73,10.0,86.74,1158.9,86.75,50.5,86.76,984.6,86.77,643.2
1700000152.0,304,86.69,0.060000000000002274,86.66,436.4,86.72,10.0,3637.6000000000004,2264.2,86.66,33.0,SELL,3,86.66,436.4,86.65,589.0,86.64,54.7,86.63,1475.2,86.62,1082.3,86.72,10.0,86.73,39.6,86.74,434.5,86.75,427.7,86.76,1352.4
1700000152.5,305,86.7,0.060000000000002274,86.67,1438.2,86.73,250.3,7276.200000000001,4238.599999999999,86.73,19.1,BUY,1,86.67,1438.2,86.66,926.0,86.65,2501.3,86.64,1272.6,86.63,1138.1,86.73,250.3,86.74,2003.3,86.75,561.5,86.76,646.6,86.77,776.9
1700000153.0,306,86.7,0.060000000000002274,86.67,1694.3,86.73,105.2,4902.7,1852.7999999999997,86.73,13.6,BUY,1,86.67,1694.3,86.66,563.4,86.65,967.9,86.64,258.7,86.63,1418.4,86.73,105.2,86.74,96.3,86.75,1229.6,86.76,22.3,86.77,399.4
1700000153.5,307,86.7,0.060000000000002274,86.67,147.2,86.73,233.5,5492.0,5592.9,86.73,47.5,BUY,2,86.67,147.2,86.66,2829.6,86.65,10.0,86.64,260.7,86.63,2244.5,86.73,233.5,86.74,34.2,86.75,1475.7,86.76,827.9,86.77,3021.6
1700000154.0,308,86.69,0.060000000000002274,86.66,561.1,86.72,598.0,4393.099999999999,10934.8,86.72,87.8,BUY,3,86.66,561.1,86.65,603.4,86.64,463.3,86.63,2313.4,86.62,451.9,86.72,598.0,86.73,731.1,86.74,2194.4,86.75,4748.1,86.76,2663.2
1700000154.5,309,86.69,0.060000000000002274,86.66,131.3,86.72,1838.5,3345.8,7789.900000000001,86.72,33.8,BUY,2,86.66,131.3,86.65,231.6,86.64,405.0,86.63,1760.5,86.62,817.4,86.72,1838.5,86.73,1146.4,86.74,1653.4,86.75,3004.8,86.76,146.8
1700000155.0,310,86.69,0.060000000000002274,86.66,43.9,86.72,1605.7,6729.200000000001,3945.7,86.66,40.1,SELL,1,86.66,43.9,86.65,2702.2,86.64,582.7,86.63,2822.4,86.62,578.0,86.72,1605.7,86.73,570.9,86.74,1271.0,86.75,467.6,86.76,30.5
1700000155.5,311,86.69,0.060000000000002274,86.66,748.9,86.72,976.3,4865.4,4041.0,86.66,36.9,SELL,2,86.66,748.9,86.65,548.3,86.64,1583.6,86.63,717.7,86.62,1266.9,86.72,976.3,86.73,152.9,86.74,826.7,86.75,999.1,86.76,1086.0
1700000156.0,312,86.69,0.060000000000002274,86.66,602.9,86.72,102.6,1899.5,6282.0,86.66,18.4,SELL,3,86.66,602.9,86.65,11.2,86.64,37.4,86.63,102.5,86.62,1145.5,86.72,102.6,86.73,351.2,86.74,2060.4,86.75,1167.5,86.76,2600.3
1700000156.5,313,86.685,0.04999999999999716,86.66,31.5,86.71,116.5,1440.1,4783.3,86.71,80.3,BUY,3,86.66,31.5,86.65,48.8,86.64,715.5,86.63,463.8,86.62,180.5,86.71,116.5,86.72,326.5,86.73,428.0,86.74,461.2,86.75,3451.1
1700000157.0,314,86.67,0.060000000000002274,86.64,208.3,86.7,1481.6,5624.0,8256.3,86.64,71.3,SELL,6,86.64,208.3,86.63,455.2,86.62,409.5,86.61,3368.7,86.6,1182.3,86.7,1481.6,86.71,1170.3,86.72,172.2,86.73,619.6,86.74,4812.6
1700000157.5,315,86.67,0.060000000000002274,86.64,1039.0,86.7,10.0,3028.8999999999996,3028.7999999999997,86.67,0.0,BUY,0,86.64,1039.0,86.63,760.1,86.62,388.1,86.61,717.5,86.6,124.2,86.7,10.0,86.71,504.1,86.72,1141.6,86.73,781.5,86.74,591.6
1700000158.0,316,86.66,0.060000000000002274,86.63,1068.1,86.69,151.0,4174.2,4762.299999999999,86.69,36.1,BUY,1,86.63,1068.1,86.62,546.9,86.61,558.5,86.6,886.7,86.59,1114.0,86.69,151.0,86.7,101.5,86.71,285.8,86.72,25.6,86.73,4198.4
1700000158.5,317,86.67,0.03999999999999204,86.65,318.2,86.69,131.7,6107.6,4577.0,86.67,0.0,BUY,0,86.65,318.2,86.64,214.0,86.63,130.6,86.62,4071.7,86.61,1373.1,86.69,131.7,86.7,666.6,86.71,2130.2,86.72,794.2,86.73,854.3
1700000159.0,318,86.67,0.03999999999999204,86.65,570.9,86.69,933.7,5038.9,4491.200000000001,86.65,32.7,SELL,3,86.65,570.9,86.64,294.5,86.63,604.3,86.62,767.7,86.61,2801.5,86.69,933.7,86.7,386.8,86.71,2812.6,86.72,183.3,86.73,174.8
1700000159.5,319,86.685,0.04999999999999716,86.66,12.9,86.71,68.9,2027.1000000000001,2452.2000000000003,86.66,44.7,SELL,4,86.66,12.9,86.65,78.2,86.64,77.2,86.63,678.6,86.62,1180.2,86.71,68.9,86.72,45.8,86.73,54.4,86.74,773.7,86.75,1509.4
1700000160.0,320,86.685,0.04999999999999716,86.66,508.0,86.71,986.8,3064.2000000000003,3634.5,86.66,21.3,SELL,1,86.66,508.0,86.65,97.2,86.64,178.6,86.63,1261.4,86.62,1019.0,86.71,986.8,86.72,749.6,86.73,151.9,86.74,1686.0,86.75,60.2
1700000160.5,321,86.67,0.060000000000002274,86.64,748.0,86.7,1157.1,5246.2,3489.6,86.64,52.5,SELL,2,86.64,748.0,86.63,801.7,86.62,439.9,86.61,1464.3,86.6,1792.3,86.7,1157.1,86.71,1785.5,86.72,183.8,86.73,321.1,86.74,42.1
1700000161.0,322,86.66,0.060000000000002274,86.63,172.2,86.69,38.9,1883.1999999999998,3043.0,86.63,15.5,SELL,1,86.63,172.2,86.62,1277.6,86.61,307.4,86.6,22.2,86.59,103.8,86.69,38.9,86.7,201.9,86.71,204.6,86.72,1655.7,86.73,941.9
1700000161.5,323,86.66,0.060000000000002274,86.63,12.8,86.69,821.8,1673.8999999999999,3629.7,86.63,36.7,SELL,4,86.63,12.8,86.62,61.1,86.61,761.4,86.6,828.5,86.59,10.1,86.69,821.8,86.7,112.8,86.71,959.0,86.72,1286.6,86.73,449.5
1700000162.0,324,86.67,0.03999999999999204,86.65,307.4,86.69,1001.4,2499.9,5196.1,86.69,5.0,BUY,3,86.65,307.4,86.64,1212.3,86.63,68.4,86.62,710.7,86.61,201.1,86.69,1001.4,86.7,1452.0,86.71,923.5,86.72,963.9,86.73,855.3
1700000162.5,325,86.67,0.060000000000002274,86.64,3145.1,86.7,752.1,10751.6,7135.2,86.64,5.0,SELL,3,86.64,3145.1,86.63,899.9,86.62,6334.2,86.61,297.9,86.6,74.5,86.7,752.1,86.71,1242.8,86.72,2133.1,86.73,2599.4,86.74,407.8
1700000163.0,326,86.68,0.04000000000000625,86.66,732.9,86.7,442.9,3151.0,2217.0,86.7,10.8,BUY,3,86.66,732.9,86.65,226.3,86.64,231.1,86.63,746.1,86.62,1214.6,86.7,442.9,86.71,471.3,86.72,179.6,86.73,498.6,86.74,624.6
1700000163.5,327,86.68,0.05999999999998806,86.65,861.4,86.71,417.0,3382.5,9058.5,86.65,11.7,SELL,1,86.65,861.4,86.64,543.1,86.63,483.9,86.62,464.9,86.61,1029.2,86.71,417.0,86.72,229.2,86.73,516.7,86.74,5488.0,86.75,2407.6
1700000164.0,328,86.685,0.04999999999999716,86.66,836.6,86.71,243.4,5636.5,7704.5,86.71,6.5,BUY,1,86.66,836.6,86.65,491.4,86.64,547.5,86.63,2104.6,86.62,1656.4,86.71,243.4,86.72,447.9,86.73,82.6,86.74,193.2,86.75,6737.4
1700000164.5,329,86.67,0.03999999999999204,86.65,481.8,86.69,831.8,5165.299999999999,3651.5,86.69,43.1,BUY,1,86.65,481.8,86.64,1130.3,86.63,1259.6,86.62,1348.7,86.61,944.9,86.69,831.8,86.7,803.6,86.71,1226.1,86.72,294.5,86.73,495.5
1700000165.0,330,86.67,0.060000000000002274,86.64,409.0,86.7,103.1,4357.0,3731.0,86.67,0.0,BUY,0,86.64,409.0,86.63,1298.7,86.62,102.7,86.61,586.0,86.6,1960.6,86.7,103.1,86.71,860.2,86.72,1307.2,86.73,1088.0,86.74,372.5
1700000165.5,331,86.68,0.05999999999998806,86.65,75.4,86.71,34.4,918.3000000000001,1182.4,86.65,17.9,SELL,3,86.65,75.4,86.64,363.1,86.63,123.2,86.62,61.6,86.61,295.0,86.71,34.4,86.72,72.5,86.73,928.7,86.74,35.6,86.75,111.2
1700000166.0,332,86.69,0.060000000000002274,86.66,1078.0,86.72,220.4,4494.6,6740.3,86.66,32.4,SELL,4,86.66,1078.0,86.65,792.1,86.64,141.9,86.63,316.6,86.62,2166.0,86.72,220.4,86.73,738.0,86.74,468.5,86.75,3489.2,86.76,1824.2
1700000166.5,333,86.685,0.04999999999999716,86.66,117.2,86.71,115.2,2664.3,5992.599999999999,86.71,43.2,BUY,2,86.66,117.2,86.65,1355.2,86.64,341.2,86.63,522.1,86.62,328.6,86.71,115.2,86.72,62.8,86.73,1588.6,86.74,1157.8,86.75,3068.2
1700000167.0,334,86.67,0.060000000000002274,86.64,141.8,86.7,425.2,3569.8,4567.0,86.64,88.6,SELL,1,86.64,141.8,86.63,566.7,86.62,1398.9,86.61,784.9,86.6,677.5,86.7,425.2,86.71,70.9,86.72,2719.1,86.73,107.8,86.74,1244.0
1700000167.5,335,86.67,0.060000000000002274,86.64,95.8,86.7,301.8,3040.0999999999995,1804.1,86.7,48.4,BUY,2,86.64,95.8,86.63,1225.9,86.62,268.9,86.61,1162.3,86.6,287.2,86.7,301.8,86.71,29.7,86.72,725.6,86.73,41.2,86.74,705.8
1700000168.0,336,86.68,0.05999999999998806,86.65,399.6,86.71,211.5,2958.8999999999996,3151.2999999999997,86.65,35.6,SELL,3,86.65,399.6,86.64,222.7,86.63,48.5,86.62,1319.8,86.61,968.3,86.71,211.5,86.72,1733.5,86.73,127.1,86.74,914.6,86.75,164.6
1700000168.5,337,94.12,0.060000000000002274,94.09,664.8,94.15,1282.5,4868.599999999999,5437.400000000001,94.09,37.5,SELL,2,94.09,664.8,94.08,627.8,94.07,282.1,94.06,2377.5,94.05,916.4,94.15,1282.5,94.16,895.1,94.17,1240.7,94.18,1571.4,94.19,447.7
1700000169.0,338,94.13,0.060000000000002274,94.1,852.0,94.16,1012.6,3381.9,4624.0,94.16,116.0,BUY,1,94.1,852.0,94.09,447.1,94.08,1463.6,94.07,257.9,94.06,361.3,94.16,1012.6,94.17,364.0,94.18,301.0,94.19,301.3,94.2,2645.1
1700000169.5,339,94.13,0.060000000000002274,94.1,259.7,94.16,687.2,3863.4,8642.3,94.1,31.7,SELL,2,94.1,259.7,94.09,429.0,94.08,1428.8,94.07,173.4,94.06,1572.5,94.16,687.2,94.17,2121.4,94.18,2353.9,94.19,2374.5,94.2,1105.3
1700000170.0,340,94.12,0.060000000000002274,94.09,19.2,94.15,509.0,4141.5,5955.5,94.12,0.0,BUY,0,94.09,19.2,94.08,719.1,94.07,430.1,94.06,2388.2,94.05,584.9,94.15,509.0,94.16,530.1,94.17,1239.3,94.18,2337.0,94.19,1340.1
1700000170.5,341,94.12,0.060000000000002274,94.09,10.0,94.15,1399.1,1692.2,4515.2,94.09,55.8,SELL,3,94.09,10.0,94.08,218.3,94.07,171.3,94.06,703.9,94.05,588.7,94.15,1399.1,94.16,288.5,94.17,131.6,94.18,625.7,94.19,2070.3
1700000171.0,342,94.11,0.060000000000002274,94.08,434.5,94.14,378.5,5188.2,8335.8,94.14,165.6,BUY,2,94.08,434.5,94.07,1406.3,94.06,1961.0,94.05,66.2,94.04,1320.2,94.14,378.5,94.15,1127.9,94.16,5386.7,94.17,224.9,94.18,1217.8
1700000171.5,343,94.1,0.060000000000002274,94.07,684.7,94.13,828.0,1759.9,3536.3,94.07,20.4,SELL,3,94.07,684.7,94.06,10.0,94.05,201.0,94.04,527.0,94.03,337.2,94.13,828.0,94.14,884.2,94.15,320.6,94.16,58.5,94.17,1445.0
1700000172.0,344,94.08,0.060000000000002274,94.05,376.3,94.11,565.6,1462.1000000000001,3138.2000000000003,94.11,45.5,BUY,1,94.05,376.3,94.04,66.4,94.03,750.7,94.02,30.4,94.01,238.3,94.11,565.6,94.12,13.9,94.13,35.7,94.14,311.1,94.15,2211.9
1700000172.5,345,94.065,0.04999999999999716,94.04,837.6,94.09,356.5,2272.2,3348.3,94.065,0.0,BUY,0,94.04,837.6,94.03,43.9,94.02,804.9,94.01,325.8,94.0,260.0,94.09,356.5,94.1,360.4,94.11,1023.1,94.12,364.6,94.13,1243.7
1700000173.0,346,94.065,0.04999999999999716,94.04,644.8,94.09,469.8,6178.9,5794.2,94.065,0.0,BUY,0,94.04,644.8,94.03,762.4,94.02,118.8,94.01,1654.9,94.0,2998.0,94.09,469.8,94.1,2892.4,94.11,196.7,94.12,1995.3,94.13,240.0
1700000173.5,347,94.06,0.060000000000002274,94.03,128.8,94.09,722.0,3667.5,5445.6,94.03,38.0,SELL,4,94.03,128.8,94.02,62.2,94.01,676.7,94.0,1077.1,93.99,1722.7,94.09,722.0,94.1,2174.1,94.11,467.4,94.12,106.8,94.13,1975.3
1700000174.0,348,94.04499999999999,0.04999999999999716,94.02,593.3,94.07,492.2,3551.2,3975.8,94.04499999999999,0.0,BUY,0,94.02,593.3,94.01,1333.8,94.0,358.3,93.99,302.5,93.98,963.3,94.07,492.2,94.08,1302.9,94.09,1048.2,94.1,338.6,94.11,793.9
1700000174.5,349,94.05,0.060000000000002274,94.02,675.2,94.08,243.3,2960.2,3240.7,94.02,76.6,SELL,1,94.02,675.2,94.01,27.1,94.0,412.4,93.99,942.4,93.98,903.1,94.08,243.3,94.09,293.2,94.1,1013.2,94.11,54.1,94.12,1636.9
1700000175.0,350,94.065,0.04999999999999716,94.04,446.9,94.09,685.5,3184.2,2358.6000000000004,94.09,28.6,BUY,2,94.04,446.9,94.03,1453.9,94.02,836.2,94.01,130.1,94.0,317.1,94.09,685.5,94.1,664.4,94.11,10.0,94.12,944.7,94.13,54.0
1700000175.5,351,94.06,0.060000000000002274,94.03,334.7,94.09,1105.7,4040.1,4396.0,94.06,0.0,BUY,0,94.03,334.7,94.02,813.8,94.01,67.0,94.0,69.0,93.99,2755.6,94.09,1105.7,94.1,266.9,94.11,1140.6,94.12,1085.0,94.13,797.8
1700000176.0,352,94.06,0.060000000000002274,94.03,161.5,94.09,370.1,3985.5,2996.4,94.03,38.5,SELL,2,94.03,161.5,94.02,484.0,94.01,841.8,94.0,128.9,93.99,2369.3,94.09,370.1,94.1,285.5,94.11,233.6,94.12,2019.8,94.13,87.4
1700000176.5,353,94.06,0.060000000000002274,94.03,1108.2,94.09,211.9,3542.2000000000003,3707.9,94.09,9.2,BUY,1,94.03,1108.2,94.02,661.6,94.01,649.0,94.0,431.5,93.99,691.9,94.09,211.9,94.1,628.0,94.11,1522.7,94.12,1258.4,94.13,86.9
1700000177.0,354,94.04499999999999,0.04999999999999716,94.02,775.9,94.07,17.5,3549.2,3411.0999999999995,94.07,5.0,BUY,1,94.02,775.9,94.01,2057.5,94.0,434.7,93.99,213.1,93.98,68.0,94.07,17.5,94.08,468.2,94.09,1738.1,94.1,817.1,94.11,370.2
1700000177.5,355,94.03,0.060000000000002274,94.0,10.0,94.06,286.8,3451.8,2384.1,94.03,0.0,BUY,0,94.0,10.0,93.99,914.9,93.98,1424.0,93.97,258.2,93.96,844.7,94.06,286.8,94.07,1182.0,94.08,11.1,94.09,351.7,94.1,552.5
1700000178.0,356,94.02000000000001,0.04000000000000625,94.0,81.2,94.04,415.0,3139.8,9993.8,94.04,9.3,BUY,5,94.0,81.2,93.99,843.1,93.98,413.8,93.97,962.5,93.96,839.2,94.04,415.0,94.05,81.5,94.06,1599.4,94.07,5580.0,94.08,2317.9
1700000178.5,357,94.02,0.060000000000002274,93.99,188.6,94.05,122.1,2116.3,5065.2,93.99,7.3,SELL,1,93.99,188.6,93.98,838.2,93.97,400.5,93.96,583.1,93.95,105.9,94.05,122.1,94.06,1056.1,94.07,375.7,94.08,2227.6,94.09,1283.7
1700000179.0,358,94.02,0.060000000000002274,93.99,176.1,94.05,643.1,3738.9,4282.5,94.05,68.7,BUY,2,93.99,176.1,93.98,153.3,93.97,871.7,93.96,2109.5,93.95,428.3,94.05,643.1,94.06,649.4,94.07,915.4,94.08,1408.6,94.09,666.0
1700000179.5,359,94.02,0.060000000000002274,93.99,163.5,94.05,549.8,4179.5,2883.4,93.99,8.4,SELL,2,93.99,163.5,93.98,186.9,93.97,718.4,93.96,1417.6,93.95,1693.1,94.05,549.8,94.06,639.8,94.07,257.4,94.08,1279.0,94.09,157.4
1700000180.0,360,94.01,0.060000000000002274,93.98,593.6,94.04,113.0,1723.3,2383.8999999999996,94.01,0.0,BUY,0,93.98,593.6,93.97,702.5,93.96,75.0,93.95,240.0,93.94,112.2,94.04,113.0,94.05,110.7,94.06,743.4,94.07,577.6,94.08,839.2
1700000180.5,361,94.02000000000001,0.04000000000000625,94.0,628.4,94.04,246.4,3779.7999999999997,1033.4,94.04,78.1,BUY,3,94.0,628.4,93.99,690.8,93.98,490.2,93.97,605.0,93.96,1365.4,94.04,246.4,94.05,121.0,94.06,64.7,94.07,291.1,94.08,310.2
1700000181.0,362,94.02000000000001,0.04000000000000625,94.0,296.6,94.04,356.5,2565.3,2741.1,94.0,5.0,SELL,3,94.0,296.6,93.99,482.6,93.98,95.3,93.97,1105.4,93.96,585.4,94.04,356.5,94.05,10.0,94.06,1411.3,94.07,61.9,94.08,901.4
1700000181.5,363,94.02000000000001,0.04000000000000625,94.0,676.4,94.04,304.0,3752.3,3738.2,94.04,14.4,BUY,1,94.0,676.4,93.99,336.3,93.98,695.6,93.97,262.1,93.96,1781.9,94.04,304.0,94.05,1131.3,94.06,196.0,94.07,1529.3,94.08,577.6
1700000182.0,364,94.0,0.060000000000002274,93.97,460.2,94.03,458.1,4842.4,3086.7,93.97,14.3,SELL,1,93.97,460.2,93.96,97.2,93.95,403.8,93.94,277.8,93.93,3603.4,94.03,458.1,94.04,969.9,94.05,263.0,94.06,487.4,94.07,908.3
1700000182.5,365,94.01,0.060000000000002274,93.98,125.1,94.04,540.7,3637.0,2674.8,94.04,13.4,BUY,3,93.98,125.1,93.97,1069.1,93.96,1607.5,93.95,330.5,93.94,504.8,94.04,540.7,94.05,464.2,94.06,786.7,94.07,341.1,94.08,542.1
1700000183.0,366,94.02000000000001,0.04000000000000625,94.0,1009.5,94.04,286.5,5041.3,2587.9,94.04,5.0,BUY,2,94.0,1009.5,93.99,1636.5,93.98,1332.9,93.97,592.7,93.96,469.7,94.04,286.5,94.05,832.2,94.06,11.6,94.07,357.7,94.08,1099.9
1700000183.5,367,94.01,0.060000000000002274,93.98,135.6,94.04,68.6,3383.0999999999995,6402.5,93.98,6.3,SELL,3,93.98,135.6,93.97,155.2,93.96,194.7,93.95,829.9,93.94,2067.7,94.04,68.6,94.05,103.9,94.06,661.4,94.07,10.0,94.08,5558.6
1700000184.0,368,94.01,0.060000000000002274,93.98,105.9,94.04,136.0,2654.3,3379.8,93.98,17.9,SELL,4,93.98,105.9,93.97,10.0,93.96,943.3,93.95,456.2,93.94,1138.9,94.04,136.0,94.05,800.7,94.06,1076.0,94.07,999.7,94.08,367.4
1700000184.5,369,94.01,0.060000000000002274,93.98,1213.0,94.04,111.1,7806.4,8875.2,93.98,42.1,SELL,4,93.98,1213.0,93.97,83.2,93.96,1401.3,93.95,2933.4,93.94,2175.5,94.04,111.1,94.05,2558.1,94.06,962.9,94.07,1729.5,94.08,3513.6
1700000185.0,370,94.01,0.060000000000002274,93.98,140.4,94.04,229.7,3375.1,2309.5,94.04,10.9,BUY,1,93.98,140.4,93.97,323.8,93.96,290.8,93.95,1976.2,93.94,643.9,94.04,229.7,94.05,10.0,94.06,669.2,94.07,32.9,94.08,1367.7
1700000185.5,371,94.02,0.060000000000002274,93.99,16.3,94.05,348.2,1700.3,10114.4,94.02,0.0,BUY,0,93.99,16.3,93.98,78.1,93.97,918.8,93.96,534.9,93.95,152.2,94.05,348.2,94.06,1994.2,94.07,128.7,94.08,6212.0,94.09,1431.3
1700000186.0,372,94.03,0.060000000000002274,94.0,489.9,94.06,133.7,6675.7,2860.2999999999997,94.03,0.0,BUY,0,94.0,489.9,93.99,10.0,93.98,2914.5,93.97,1715.3,93.96,1546.0,94.06,133.7,94.07,604.6,94.08,27.6,94.09,1183.3,94.1,911.1
1700000186.5,373,94.03,0.060000000000002274,94.0,490.3,94.06,308.9,6545.0,3238.5,94.06,14.6,BUY,2,94.0,490.3,93.99,2099.8,93.98,176.4,93.97,3582.0,93.96,196.5,94.06,308.9,94.07,10.0,94.08,1225.6,94.09,1403.0,94.1,291.0
1700000187.0,374,94.03,0.060000000000002274,94.0,529.9,94.06,351.5,1929.9,4739.1,94.0,85.9,SELL,3,94.0,529.9,93.99,42.3,93.98,10.0,93.97,29.8,93.96,1317.9,94.06,351.5,94.07,1825.6,94.08,421.6,94.09,2013.8,94.1,126.6
1700000187.5,375,94.03,0.060000000000002274,94.0,707.5,94.06,43.0,3243.5000000000005,4446.199999999999,94.03,0.0,BUY,0,94.0,707.5,93.99,547.1,93.98,906.7,93.97,839.8,93.96,242.4,94.06,43.0,94.07,1287.6,94.08,963.1,94.09,1991.6,94.1,160.9
1700000188.0,376,94.03,0.060000000000002274,94.0,601.8,94.06,25.5,2946.4,2417.8,94.0,130.2,SELL,2,94.0,601.8,93.99,1438.8,93.98,315.6,93.97,298.8,93.96,291.4,94.06,25.5,94.07,1066.3,94.08,268.3,94.09,18.4,94.1,1039.3
1700000188.5,377,94.02,0.060000000000002274,93.99,375.7,94.05,959.1,4414.5,3819.5,93.99,26.1,SELL,1,93.99,375.7,93.98,1059.1,93.97,165.3,93.96,1759.0,93.95,1055.4,94.05,959.1,94.06,586.9,94.07,800.0,94.08,131.9,94.09,1341.6
1700000189.0,378,94.02000000000001,0.04000000000000625,94.0,956.9,94.04,817.3,5284.2,3986.3999999999996,94.02000000000001,0.0,BUY,0,94.0,956.9,93.99,404.8,93.98,945.4,93.97,1431.0,93.96,1546.1,94.04,817.3,94.05,518.2,94.06,1075.1,94.07,317.7,94.08,1258.1
1700000189.5,379,94.02,0.060000000000002274,93.99,1020.3,94.05,987.8,3116.8,4002.7,94.05,16.4,BUY,3,93.99,1020.3,93.98,626.2,93.97,508.2,93.96,424.8,93.95,537.3,94.05,987.8,94.06,650.9,94.07,1505.6,94.08,684.0,94.09,174.4
1700000190.0,380,94.01,0.060000000000002274,93.98,73.6,94.04,162.8,3446.9,4419.799999999999,94.01,0.0,BUY,0,93.98,73.6,93.97,385.1,93.96,1635.5,93.95,259.8,93.94,1092.9,94.04,162.8,94.05,603.2,94.06,1728.5,94.07,15.7,94.08,1909.6
1700000190.5,381,94.0,0.060000000000002274,93.97,14.6,94.03,416.3,2439.8,3759.9,93.97,58.7,SELL,1,93.97,14.6,93.96,196.5,93.95,1661.4,93.94,422.3,93.93,145.0,94.03,416.3,94.04,428.7,94.05,544.8,94.06,1023.7,94.07,1346.4
1700000191.0,382,93.99,0.060000000000002274,93.96,138.9,94.02,534.9,1271.6,2710.1,93.96,5.0,SELL,2,93.96,138.9,93.95,200.5,93.94,461.4,93.93,171.3,93.92,299.5,94.02,534.9,94.03,235.3,94.04,297.4,94.05,352.8,94.06,1289.7
1700000191.5,383,93.99,0.060000000000002274,93.96,15.0,94.02,656.4,6040.0,8105.8,93.99,0.0,BUY,0,93.96,15.0,93.95,376.6,93.94,670.6,93.93,1899.8,93.92,3078.0,94.02,656.4,94.03,3674.4,94.04,881.4,94.05,166.3,94.06,2727.3
1700000192.0,384,93.99,0.060000000000002274,93.96,399.7,94.02,43.5,1698.7000000000003,3311.2,94.02,89.6,BUY,1,93.96,399.7,93.95,195.4,93.94,204.5,93.93,847.2,93.92,51.9,94.02,43.5,94.03,559.7,94.04,42.2,94.05,108.8,94.06,2557.0
1700000192.5,385,93.98,0.060000000000002274,93.95,203.7,94.01,76.1,4218.1,2023.1,94.01,7.6,BUY,5,93.95,203.7,93.94,184.3,93.93,1429.6,93.92,1161.7,93.91,1238.8,94.01,76.1,94.02,420.2,94.03,128.5,94.04,1029.9,94.05,368.4
1700000193.0,386,93.97,0.060000000000002274,93.94,84.3,94.0,43.7,5036.0,2879.1,93.94,5.0,SELL,2,93.94,84.3,93.93,803.9,93.92,1850.7,93.91,1651.0,93.9,646.1,94.0,43.7,94.01,254.6,94.02,969.8,94.03,450.2,94.04,1160.8
1700000193.5,387,93.96000000000001,0.05999999999998806,93.93,119.6,93.99,2092.2,1869.5999999999997,6596.799999999999,93.99,9.7,BUY,2,93.93,119.6,93.92,32.3,93.91,900.8,93.9,539.6,93.89,277.3,93.99,2092.2,94.0,513.8,94.01,1942.5,94.02,25.4,94.03,2022.9
1700000194.0,388,93.95,0.03999999999999204,93.93,1272.6,93.97,158.1,2757.9,2901.0,93.97,29.6,BUY,1,93.93,1272.6,93.92,65.4,93.91,413.0,93.9,864.1,93.89,142.8,93.97,158.1,93.98,136.8,93.99,428.4,94.0,2139.0,94.01,38.7
1700000194.5,389,93.94,0.060000000000002274,93.91,13.5,93.97,373.1,3298.2,3094.7,93.91,5.0,SELL,2,93.91,13.5,93.9,163.7,93.89,123.3,93.88,570.1,93.87,2427.6,93.97,373.1,93.98,1509.9,93.99,446.1,94.0,80.0,94.01,685.6
1700000195.0,390,93.94,0.060000000000002274,93.91,620.9,93.97,44.1,1324.0,1486.3,93.91,15.5,SELL,2,93.91,620.9,93.9,336.1,93.89,43.5,93.88,20.0,93.87,303.5,93.97,44.1,93.98,48.4,93.99,526.4,94.0,407.1,94.01,460.3
1700000195.5,391,93.94,0.060000000000002274,93.91,55.5,93.97,1676.5,2426.2,8180.8,93.97,5.0,BUY,2,93.91,55.5,93.9,304.4,93.89,246.6,93.88,871.2,93.87,948.5,93.97,1676.5,93.98,46.9,93.99,4973.0,94.0,1415.6,94.01,68.8
1700000196.0,392,93.94,0.060000000000002274,93.91,25.8,93.97,1248.9,2011.0,3053.2000000000003,93.97,72.6,BUY,2,93.91,25.8,93.9,904.0,93.89,645.1,93.88,90.5,93.87,345.6,93.97,1248.9,93.98,630.2,93.99,104.4,94.0,758.3,94.01,311.4
1700000196.5,393,90.63,0.060000000000002274,90.6,421.4,90.66,323.7,3420.8,3813.5,90.66,26.7,BUY,2,90.6,421.4,90.59,349.1,90.58,596.7,90.57,527.4,90.56,1526.2,90.66,323.7,90.67,2120.4,90.68,638.1,90.69,721.3,90.7,10.0
1700000197.0,394,90.63,0.04000000000000625,90.61,458.6,90.65,632.5,3558.6,2913.1,90.61,36.9,SELL,2,90.61,458.6,90.6,377.3,90.59,1683.5,90.58,715.3,90.57,323.9,90.65,632.5,90.66,330.3,90.67,975.4,90.68,891.9,90.69,83.0
1700000197.5,395,90.64,0.060000000000002274,90.61,874.2,90.67,236.2,4608.3,4173.8,90.61,22.6,SELL,1,90.61,874.2,90.6,53.5,90.59,822.7,90.58,1662.9,90.57,1195.0,90.67,236.2,90.68,484.8,90.69,452.7,90.7,246.8,90.71,2753.3
1700000198.0,396,90.64,0.060000000000002274,90.61,1088.8,90.67,10.0,3994.2999999999997,1705.9,90.61,22.8,SELL,3,90.61,1088.8,90.6,1540.0,90.59,302.2,90.58,252.2,90.57,811.1,90.67,10.0,90.68,495.7,90.69,627.0,90.7,192.7,90.71,380.5
1700000198.5,397,90.63,0.04000000000000625,90.61,90.6,90.65,586.2,5057.6,4802.499999999999,90.61,5.0,SELL,1,90.61,90.6,90.6,360.2,90.59,1063.7,90.58,1015.1,90.57,2528.0,90.65,586.2,90.66,1803.3,90.67,676.2,90.68,1191.1,90.69,545.7
1700000199.0,398,90.64,0.060000000000002274,90.61,193.8,90.67,234.4,4740.200000000001,2057.5,90.61,121.4,SELL,2,90.61,193.8,90.6,262.9,90.59,1562.7,90.58,1548.4,90.57,1172.4,90.67,234.4,90.68,89.7,90.69,564.3,90.7,776.5,90.71,392.6
1700000199.5,399,90.65,0.060000000000002274,90.62,905.2,90.68,277.0,4856.700000000001,6025.1,90.62,28.2,SELL,1,90.62,905.2,90.61,1121.4,90.6,1914.2,90.59,358.6,90.58,557.3,90.68,277.0,90.69,1146.5,90.7,551.1,90.71,2086.4,90.72,1964.1
1700000200.0,400,90.64,0.060000000000002274,90.61,141.9,90.67,589.3,4249.5,3617.6,90.67,5.0,BUY,4,90.61,141.9,90.6,830.1,90.59,836.9,90.58,556.0,90.57,1884.6,90.67,589.3,90.68,430.5,90.69,477.0,90.7,1107.2,90.71,1013.6
1700000200.5,401,92.59,0.04000000000000625,92.57,185.1,92.61,1183.9,6533.9,4783.5,92.59,0.0,BUY,0,92.57,185.1,92.56,2906.9,92.55,1371.9,92.54,350.4,92.53,1719.6,92.61,1183.9,92.62,10.0,92.63,171.4,92.64,1716.7,92.65,1701.5
1700000201.0,402,92.6,0.04000000000000625,92.58,22.0,92.62,1042.6,5494.5,4490.3,92.58,51.4,SELL,2,92.58,22.0,92.57,1588.6,92.56,1604.8,92.55,1893.5,92.54,385.6,92.62,1042.6,92.63,30.0,92.64,1957.0,92.65,1351.0,92.66,109.7
1700000201.5,403,92.61,0.060000000000002274,92.58,60.2,92.64,90.7,397.5,4117.400000000001,92.64,21.0,BUY,3,92.58,60.2,92.57,118.7,92.56,63.3,92.55,102.4,92.54,52.9,92.64,90.7,92.65,854.9,92.66,1321.2,92.67,949.9,92.68,900.7
1700000202.0,404,92.595,0.05000000000001137,92.57,231.3,92.62,288.9,3792.1000000000004,3316.5,92.62,52.5,BUY,2,92.57,231.3,92.56,778.7,92.55,459.4,92.54,226.4,92.53,2096.3,92.62,288.9,92.63,1816.0,92.64,166.5,92.65,710.9,92.66,334.2
1700000202.5,405,92.595,0.05000000000001137,92.57,624.8,92.62,275.0,3103.0,2521.6000000000004,92.62,21.7,BUY,1,92.57,624.8,92.56,205.4,92.55,1277.2,92.54,219.6,92.53,776.0,92.62,275.0,92.63,55.5,92.64,715.5,92.65,860.4,92.66,615.2
1700000203.0,406,92.595,0.05000000000001137,92.57,311.0,92.62,42.4,1741.5,3638.6,92.57,20.9,SELL,2,92.57,311.0,92.56,134.5,92.55,750.5,92.54,10.0,92.53,535.5,92.62,42.4,92.63,1289.8,92.64,401.9,92.65,1268.4,92.66,636.1
1700000203.5,407,92.61,0.060000000000002274,92.58,3043.2,92.64,164.4,8959.7,2757.7,92.61,0.0,BUY,0,92.58,3043.2,92.57,425.2,92.56,934.8,92.55,4366.3,92.54,190.2,92.64,164.4,92.65,227.8,92.66,841.0,92.67,374.2,92.68,1150.3
1700000204.0,408,92.61,0.060000000000002274,92.58,440.4,92.64,12.5,2896.6,2905.9,92.58,72.2,SELL,2,92.58,440.4,92.57,272.7,92.56,250.0,92.55,460.4,92.54,1473.1,92.64,12.5,92.65,232.9,92.66,706.0,92.67,182.3,92.68,1772.2
1700000204.5,409,92.62,0.060000000000002274,92.59,1090.1,92.65,1305.7,4391.099999999999,3380.4000000000005,92.65,5.0,BUY,2,92.59,1090.1,92.58,226.2,92.57,585.9,92.56,1171.1,92.55,1317.8,92.65,1305.7,92.66,503.2,92.67,777.7,92.68,591.0,92.69,202.8
1700000205.0,410,92.595,0.05000000000001137,92.57,555.6,92.62,58.7,3134.1999999999994,4550.6,92.57,21.7,SELL,2,92.57,555.6,92.56,1112.0,92.55,1069.8,92.54,162.1,92.53,234.7,92.62,58.7,92.63,544.6,92.64,1621.9,92.65,74.0,92.66,2251.4
1700000205.5,411,92.61,0.060000000000002274,92.58,491.9,92.64,216.5,3439.4000000000005,7856.900000000001,92.64,46.4,BUY,3,92.58,491.9,92.57,651.9,92.56,250.9,92.55,1626.4,92.54,418.3,92.64,216.5,92.65,3715.3,92.66,1548.0,92.67,295.8,92.68,2081.3
1700000206.0,412,92.61,0.060000000000002274,92.58,117.9,92.64,68.4,1124.4,3763.0,92.58,61.2,SELL,2,92.58,117.9,92.57,144.2,92.56,201.0,92.55,406.0,92.54,255.3,92.64,68.4,92.65,1246.3,92.66,526.2,92.67,619.3,92.68,1302.8
1700000206.5,413,92.6,0.060000000000002274,92.57,1064.7,92.63,396.6,3746.7999999999997,5440.1,92.57,51.4,SELL,2,92.57,1064.7,92.56,10.0,92.55,292.8,92.54,2045.6,92.53,333.7,92.63,396.6,92.64,879.4,92.65,2366.8,92.66,548.4,92.67,1248.9
1700000207.0,414,92.595,0.05000000000001137,92.57,277.5,92.62,92.9,2689.6,3252.1000000000004,92.595,0.0,BUY,0,92.57,277.5,92.56,274.4,92.55,73.8,92.54,1678.6,92.53,385.3,92.62,92.9,92.63,1543.9,92.64,576.9,92.65,759.9,92.66,278.5
1700000207.5,415,92.6,0.04000000000000625,92.58,307.6,92.62,184.5,3440.4,5006.7,92.58,5.0,SELL,4,92.58,307.6,92.57,1305.3,92.56,945.6,92.55,409.4,92.54,472.5,92.62,184.5,92.63,82.9,92.64,213.8,92.65,2982.2,92.66,1543.3
1700000208.0,416,92.6,0.04000000000000625,92.58,109.7,92.62,659.7,7112.5,3627.8,92.58,36.2,SELL,2,92.58,109.7,92.57,2880.4,92.56,892.0,92.55,856.1,92.54,2374.3,92.62,659.7,92.63,10.0,92.64,545.6,92.65,913.6,92.66,1498.9
1700000208.5,417,92.595,0.05000000000001137,92.57,44.0,92.62,658.2,3074.6000000000004,5681.4,92.57,13.9,SELL,2,92.57,44.0,92.56,565.7,92.55,1478.8,92.54,452.3,92.53,533.8,92.62,658.2,92.63,351.0,92.64,379.7,92.65,61.8,92.66,4230.7
1700000209.0,418,92.595,0.05000000000001137,92.57,73.5,92.62,10.0,1719.1000000000001,4043.3999999999996,92.57,111.7,SELL,4,92.57,73.5,92.56,459.2,92.55,417.9,92.54,117.3,92.53,651.2,92.62,10.0,92.63,2646.7,92.64,428.1,92.65,500.7,92.66,457.9
1700000209.5,419,92.595,0.05000000000001137,92.57,299.2,92.62,992.5,2339.4,5032.5,92.62,16.0,BUY,2,92.57,299.2,92.56,168.0,92.55,380.0,92.54,1175.7,92.53,316.5,92.62,992.5,92.63,2127.8,92.64,319.8,92.65,161.0,92.66,1431.4
1700000210.0,420,92.59,0.060000000000002274,92.56,1053.1,92.62,1401.4,4512.0,5323.3,92.62,50.8,BUY,1,92.56,1053.1,92.55,471.7,92.54,1167.7,92.53,69.7,92.52,1749.8,92.62,1401.4,92.63,10.0,92.64,529.1,92.65,2802.5,92.66,580.3
1700000210.5,421,92.59,0.060000000000002274,92.56,1027.2,92.62,494.7,5140.6,5174.1,92.56,118.6,SELL,1,92.56,1027.2,92.55,1222.1,92.54,378.2,92.53,1821.1,92.52,692.0,92.62,494.7,92.63,488.0,92.64,181.1,92.65,1255.5,92.66,2754.8
1700000211.0,422,92.58,0.060000000000002274,92.55,729.9,92.61,327.2,4253.8,2972.8,92.61,5.0,BUY,1,92.55,729.9,92.54,275.2,92.53,247.5,92.52,558.7,92.51,2442.5,92.61,327.2,92.62,262.0,92.63,177.7,92.64,650.8,92.65,1555.1
1700000211.5,423,92.58,0.060000000000002274,92.55,86.3,92.61,1411.6,2766.7000000000003,3587.3999999999996,92.61,5.4,BUY,3,92.55,86.3,92.54,479.8,92.53,261.2,92.52,1808.5,92.51,130.9,92.61,1411.6,92.62,869.6,92.63,449.5,92.64,796.2,92.65,60.5
1700000212.0,424,92.58,0.03999999999999204,92.56,236.2,92.6,1671.4,4062.6000000000004,6140.0,92.56,14.2,SELL,2,92.56,236.2,92.55,251.1,92.54,2196.3,92.53,1132.9,92.52,246.1,92.6,1671.4,92.61,174.9,92.62,191.9,92.63,2508.6,92.64,1593.2
1700000212.5,425,92.57,0.04000000000000625,92.55,798.4,92.59,1444.6,5217.6,6002.4,92.59,5.2,BUY,1,92.55,798.4,92.54,781.4,92.53,3212.0,92.52,367.1,92.51,58.7,92.59,1444.6,92.6,62.3,92.61,2002.8,92.62,2233.7,92.63,259.0
1700000213.0,426,92.565,0.04999999999999716,92.54,35.9,92.59,133.6,2842.8999999999996,2663.6,92.54,44.3,SELL,1,92.54,35.9,92.53,109.7,92.52,28.7,92.51,175.5,92.5,2493.1,92.59,133.6,92.6,163.0,92.61,301.0,92.62,1747.4,92.63,318.6
1700000213.5,427,92.565,0.04999999999999716,92.54,606.6,92.59,44.8,2435.6000000000004,3291.5,92.59,35.0,BUY,2,92.54,606.6,92.53,913.3,92.52,132.2,92.51,440.0,92.5,343.5,92.59,44.8,92.6,29.0,92.61,888.9,92.62,1488.1,92.63,840.7
1700000214.0,428,92.57,0.04000000000000625,92.55,729.0,92.59,222.9,3023.9,5467.9,92.55,13.4,SELL,2,92.55,729.0,92.54,988.1,92.53,1053.2,92.52,86.5,92.51,167.1,92.59,222.9,92.6,293.5,92.61,501.3,92.62,487.0,92.63,3963.2
1700000214.5,429,92.565,0.04999999999999716,92.54,730.2,92.59,996.9,3326.8,10083.9,92.59,19.1,BUY,4,92.54,730.2,92.53,533.6,92.52,65.0,92.51,1492.5,92.5,505.5,92.59,996.9,92.6,654.8,92.61,348.9,92.62,545.9,92.63,7537.4
1700000215.0,430,92.58,0.060000000000002274,92.55,942.0,92.61,534.8,3903.0,3133.6,92.58,0.0,BUY,0,92.55,942.0,92.54,2045.0,92.53,97.7,92.52,482.3,92.51,336.0,92.61,534.8,92.62,99.0,92.63,499.8,92.64,800.7,92.65,1199.3
1700000215.5,431,92.58,0.060000000000002274,92.55,519.2,92.61,212.1,4275.1,4352.3,92.55,24.0,SELL,1,92.55,519.2,92.54,1666.1,92.53,111.9,92.52,370.8,92.51,1607.1,92.61,212.1,92.62,1996.5,92.63,1935.5,92.64,126.2,92.65,82.0
1700000216.0,432,92.59,0.060000000000002274,92.56,245.7,92.62,563.8,3246.4,907.5,92.62,18.7,BUY,4,92.56,245.7,92.55,540.8,92.54,1574.9,92.53,425.5,92.52,459.5,92.62,563.8,92.63,143.4,92.64,48.0,92.65,108.6,92.66,43.7
1700000216.5,433,92.59,0.060000000000002274,92.56,674.2,92.62,320.9,4558.0,5824.0,92.59,0.0,BUY,0,92.56,674.2,92.55,237.5,92.54,819.4,92.53,44.2,92.52,2782.7,92.62,320.9,92.63,1457.4,92.64,2156.6,92.65,449.9,92.66,1439.2
1700000217.0,434,92.58,0.060000000000002274,92.55,1553.2,92.61,570.0,4255.000000000001,1271.6999999999998,92.55,26.8,SELL,4,92.55,1553.2,92.54,401.0,92.53,2001.4,92.52,71.3,92.51,228.1,92.61,570.0,92.62,87.8,92.63,233.6,92.64,60.4,92.65,319.9
1700000217.5,435,92.58,0.060000000000002274,92.55,187.2,92.61,375.3,15234.199999999999,1516.6,92.55,79.0,SELL,2,92.55,187.2,92.54,4906.4,92.53,2788.0,92.52,6069.5,92.51,1283.1,92.61,375.3,92.62,142.4,92.63,117.7,92.64,477.3,92.65,403.9
1700000218.0,436,92.58,0.060000000000002274,92.55,63.7,92.61,231.8,2306.8,6883.200000000001,92.61,26.5,BUY,1,92.55,63.7,92.54,167.0,92.53,14.2,92.52,1820.1,92.51,241.8,92.61,231.8,92.62,10.0,92.63,681.7,92.64,2708.9,92.65,3250.8
1700000218.5,437,92.58,0.03999999999999204,92.56,890.2,92.6,555.8,1849.0,2899.8,92.56,34.2,SELL,5,92.56,890.2,92.55,15.6,92.54,146.2,92.53,622.0,92.52,175.0,92.6,555.8,92.61,881.1,92.62,73.4,92.63,244.9,92.64,1144.6
1700000219.0,438,92.58,0.03999999999999204,92.56,797.2,92.6,338.2,7306.6,3717.5,92.56,18.0,SELL,3,92.56,797.2,92.55,757.3,92.54,1201.3,92.53,1328.4,92.52,3222.4,92.6,338.2,92.61,1813.3,92.62,32.9,92.63,335.6,92.64,1197.5
1700000219.5,439,92.565,0.04999999999999716,92.54,116.1,92.59,778.1,2150.6,3279.7,92.54,15.3,SELL,2,92.54,116.1,92.53,373.3,92.52,299.1,92.51,1004.4,92.5,357.7,92.59,778.1,92.6,658.6,92.61,459.5,92.62,465.4,92.63,918.1
1700000220.0,440,92.56,0.03999999999999204,92.54,190.6,92.58,293.5,2412.7999999999997,4114.5,92.54,43.8,SELL,2,92.54,190.6,92.53,30.2,92.52,157.6,92.51,1626.8,92.5,407.6,92.58,293.5,92.59,511.0,92.6,704.0,92.61,299.2,92.62,2306.8
1700000220.5,441,92.56,0.060000000000002274,92.53,176.3,92.59,52.7,5243.5,1231.4,92.53,5.0,SELL,3,92.53,176.3,92.52,1093.3,92.51,921.9,92.5,1722.9,92.49,1329.1,92.59,52.7,92.6,752.7,92.61,10.0,92.62,323.7,92.63,92.3
1700000221.0,442,92.56,0.060000000000002274,92.53,183.2,92.59,1269.1,4041.6000000000004,3836.1,92.59,40.4,BUY,2,92.53,183.2,92.52,669.7,92.51,1500.0,92.5,744.2,92.49,944.5,92.59,1269.1,92.6,1505.4,92.61,664.6,92.62,62.0,92.63,335.0
1700000221.5,443,92.565,0.04999999999999716,92.54,2193.3,92.59,237.3,6104.8,2804.2,92.565,0.0,BUY,0,92.54,2193.3,92.53,330.7,92.52,1683.0,92.51,1397.7,92.5,500.1,92.59,237.3,92.6,591.5,92.61,126.6,92.62,666.7,92.63,1182.1
1700000222.0,444,92.58,0.060000000000002274,92.55,311.3,92.61,572.5,1965.9,2384.5,92.61,24.9,BUY,1,92.55,311.3,92.54,169.7,92.53,438.3,92.52,47.1,92.51,999.5,92.61,572.5,92.62,668.0,92.63,218.1,92.64,272.4,92.65,653.5
1700000222.5,445,92.58,0.03999999999999204,92.56,672.7,92.6,472.1,3084.6,4490.6,92.6,5.1,BUY,2,92.56,672.7,92.55,37.9,92.54,291.9,92.53,784.3,92.52,1297.8,92.6,472.1,92.61,533.9,92.62,1105.1,92.63,293.6,92.64,2085.9
1700000223.0,446,92.58,0.060000000000002274,92.55,473.3,92.61,246.6,3985.6,4334.299999999999,92.61,102.2,BUY,2,92.55,473.3,92.54,693.1,92.53,282.5,92.52,692.3,92.51,1844.4,92.61,246.6,92.62,1471.4,92.63,457.1,92.64,1483.8,92.65,675.4
1700000223.5,447,92.58,0.060000000000002274,92.55,41.5,92.61,643.1,1218.0,6492.4,92.55,44.6,SELL,2,92.55,41.5,92.54,355.1,92.53,13.0,92.52,433.8,92.51,374.6,92.61,643.1,92.62,194.8,92.63,1369.0,92.64,423.6,92.65,3861.9
1700000224.0,448,92.58,0.060000000000002274,92.55,134.0,92.61,441.0,1763.1999999999998,6823.5,92.55,36.1,SELL,2,92.55,134.0,92.54,77.3,92.53,513.3,92.52,345.6,92.51,693.0,92.61,441.0,92.62,2891.4,92.63,263.5,92.64,2531.5,92.65,696.1
1700000224.5,449,92.565,0.04999999999999716,92.54,881.1,92.59,144.8,4752.5,1854.3000000000002,92.59,159.6,BUY,1,92.54,881.1,92.53,880.9,92.52,108.4,92.51,1123.4,92.5,1758.7,92.59,144.8,92.6,173.0,92.61,211.9,92.62,190.1,92.63,1134.5
1700000225.0,450,92.57,0.04000000000000625,92.55,527.3,92.59,404.9,6075.0,3777.7000000000003,92.57,0.0,BUY,0,92.55,527.3,92.54,784.8,92.53,730.2,92.52,145.7,92.51,3887.0,92.59,404.9,92.6,1279.9,92.61,751.0,92.62,485.5,92.63,856.4
1700000225.5,451,92.58,0.060000000000002274,92.55,647.5,92.61,338.4,2889.0,3944.2999999999997,92.58,0.0,BUY,0,92.55,647.5,92.54,556.4,92.53,694.5,92.52,650.4,92.51,340.2,92.61,338.4,92.62,453.5,92.63,1263.3,92.64,1726.1,92.65,163.0
1700000226.0,452,92.565,0.04999999999999716,92.54,10.0,92.59,1496.3,7249.5,5023.9,92.59,28.3,BUY,2,92.54,10.0,92.53,197.5,92.52,175.9,92.51,933.8,92.5,5932.3,92.59,1496.3,92.6,60.9,92.61,2060.2,92.62,90.2,92.63,1316.3
1700000226.5,453,92.59,0.060000000000002274,92.56,100.0,92.62,1033.5,1737.4,5321.0,92.62,5.0,BUY,2,92.56,100.0,92.55,610.4,92.54,106.1,92.53,158.9,92.52,762.0,92.62,1033.5,92.63,1270.4,92.64,1544.0,92.65,492.7,92.66,980.4
1700000227.0,454,92.58,0.060000000000002274,92.55,408.3,92.61,2051.5,4011.5,4261.5,92.55,5.0,SELL,2,92.55,408.3,92.54,1327.4,92.53,434.5,92.52,443.8,92.51,1397.5,92.61,2051.5,92.62,274.7,92.63,499.6,92.64,1405.1,92.65,30.6
1700000227.5,455,92.58,0.060000000000002274,92.55,758.0,92.61,12.4,3186.4,2912.7,92.61,117.6,BUY,2,92.55,758.0,92.54,799.5,92.53,821.0,92.52,613.0,92.51,194.9,92.61,12.4,92.62,990.1,92.63,522.3,92.64,790.3,92.65,597.6
1700000228.0,456,92.58,0.060000000000002274,92.55,73.0,92.61,464.9,1032.2,1877.5,92.61,42.3,BUY,2,92.55,73.0,92.54,133.3,92.53,137.5,92.52,502.0,92.51,186.4,92.61,464.9,92.62,267.5,92.63,479.3,92.64,15.7,92.65,650.1
1700000228.5,457,92.58,0.060000000000002274,92.55,28.2,92.61,160.6,1516.1,2563.4,92.61,23.3,BUY,1,92.55,28.2,92.54,304.9,92.53,199.3,92.52,800.9,92.51,182.8,92.61,160.6,92.62,634.1,92.63,119.1,92.64,1568.1,92.65,81.5
1700000229.0,458,92.57,0.05999999999998806,92.54,1734.6,92.6,233.5,2953.2999999999997,3573.7,92.6,99.5,BUY,3,92.54,1734.6,92.53,439.7,92.52,222.8,92.51,212.5,92.5,343.7,92.6,233.5,92.61,866.8,92.62,893.5,92.63,1155.7,92.64,424.2
1700000229.5,459,92.565,0.04999999999999716,92.54,210.2,92.59,1013.4,3228.2000000000003,7449.9,92.59,27.1,BUY,3,92.54,210.2,92.53,1048.0,92.52,61.3,92.51,974.3,92.5,934.4,92.59,1013.4,92.6,125.5,92.61,561.3,92.62,331.5,92.63,5418.2
1700000230.0,460,92.565,0.04999999999999716,92.54,87.3,92.59,699.0,3099.1000000000004,1993.6000000000001,92.59,47.3,BUY,1,92.54,87.3,92.53,1727.4,92.52,91.7,92.51,980.4,92.5,212.3,92.59,699.0,92.6,245.9,92.61,200.5,92.62,163.7,92.63,684.5
1700000230.5,461,92.565,0.04999999999999716,92.54,781.0,92.59,495.0,4845.2,6757.799999999999,92.565,0.0,BUY,0,92.54,781.0,92.53,669.3,92.52,1387.8,92.51,1525.6,92.5,481.5,92.59,495.0,92.6,915.0,92.61,1272.2,92.62,432.2,92.63,3643.4
1700000231.0,462,92.56,0.060000000000002274,92.53,798.0,92.59,1195.5,3484.5,4061.7,92.53,13.9,SELL,2,92.53,798.0,92.52,1147.0,92.51,622.1,92.5,212.2,92.49,705.2,92.59,1195.5,92.6,182.5,92.61,59.1,92.62,697.0,92.63,1927.6
1700000231.5,463,92.56,0.060000000000002274,92.53,490.3,92.59,740.2,3466.8,6956.3,92.53,27.6,SELL,3,92.53,490.3,92.52,1197.4,92.51,1018.3,92.5,35.8,92.49,725.0,92.59,740.2,92.6,1101.2,92.61,123.9,92.62,1413.5,92.63,3577.5
1700000232.0,464,92.56,0.03999999999999204,92.54,220.8,92.58,988.8,2041.6,4116.799999999999,92.58,5.0,BUY,4,92.54,220.8,92.53,13.2,92.52,1216.6,92.51,417.7,92.5,173.3,92.58,988.8,92.59,428.9,92.6,474.5,92.61,941.6,92.62,1283.0
1700000232.5,465,92.56,0.060000000000002274,92.53,69.4,92.59,166.3,2070.5,5545.6,92.53,139.1,SELL,3,92.53,69.4,92.52,783.4,92.51,189.8,92.5,575.0,92.49,452.9,92.59,166.3,92.6,88.4,92.61,3209.4,92.62,887.9,92.63,1193.6
1700000233.0,466,92.56,0.060000000000002274,92.53,872.7,92.59,259.9,1381.6999999999998,2788.6,92.53,42.7,SELL,2,92.53,872.7,92.52,39.9,92.51,247.5,92.5,156.0,92.49,65.6,92.59,259.9,92.6,1669.5,92.61,222.2,92.62,445.7,92.63,191.3
1700000233.5,467,92.56,0.060000000000002274,92.53,34.1,92.59,1627.3,7034.0,5491.7,92.59,8.4,BUY,2,92.53,34.1,92.52,1141.9,92.51,1398.9,92.5,925.6,92.49,3533.5,92.59,1627.3,92.6,473.8,92.61,409.4,92.62,1455.6,92.63,1525.6
1700000234.0,468,92.55,0.060000000000002274,92.52,150.2,92.58,440.8,3306.8,5950.299999999999,92.52,39.5,SELL,2,92.52,150.2,92.51,172.8,92.5,706.5,92.49,1860.8,92.48,416.5,92.58,440.8,92.59,440.2,92.6,2046.5,92.61,522.7,92.62,2500.1
1700000234.5,469,92.55,0.060000000000002274,92.52,336.5,92.58,238.8,4256.8,4652.499999999999,92.52,30.2,SELL,1,92.52,336.5,92.51,269.4,92.5,278.7,92.49,1740.7,92.48,1631.5,92.58,238.8,92.59,721.7,92.6,705.1,92.61,2850.7,92.62,136.2
1700000235.0,470,92.55,0.060000000000002274,92.52,10.0,92.58,128.5,3386.5,2596.1,92.58,38.8,BUY,3,92.52,10.0,92.51,409.4,92.5,1277.6,92.49,550.2,92.48,1139.3,92.58,128.5,92.59,170.5,92.6,16.1,92.61,2154.7,92.62,126.3
1700000235.5,471,92.56,0.060000000000002274,92.53,330.0,92.59,799.5,3560.5,3889.3999999999996,92.56,0.0,BUY,0,92.53,330.0,92.52,2388.2,92.51,369.9,92.5,10.0,92.49,462.4,92.59,799.5,92.6,570.5,92.61,1038.2,92.62,121.4,92.63,1359.8
1700000236.0,472,100.47999999999999,0.04000000000000625,100.46,769.7,100.5,264.5,5597.9,11896.400000000001,100.5,5.0,BUY,1,100.46,769.7,100.45,10.0,100.44,3031.7,100.43,1585.3,100.42,201.2,100.5,264.5,100.51,55.0,100.52,2659.3,100.53,8600.6,100.54,317.0
1700000236.5,473,100.48,0.060000000000002274,100.45,631.9,100.51,1014.6,4969.6,2732.9,100.51,32.4,BUY,1,100.45,631.9,100.44,977.6,100.43,1088.0,100.42,2262.1,100.41,10.0,100.51,1014.6,100.52,96.1,100.53,204.8,100.54,1025.5,100.55,391.9
1700000237.0,474,100.49,0.060000000000002274,100.46,889.2,100.52,102.0,3804.3,9665.099999999999,100.46,26.5,SELL,1,100.46,889.2,100.45,835.5,100.44,663.6,100.43,35.8,100.42,1380.2,100.52,102.0,100.53,1800.3,100.54,1178.7,100.55,60.7,100.56,6523.4
1700000237.5,475,100.49,0.060000000000002274,100.46,275.2,100.52,815.9,3078.1000000000004,6611.799999999999,100.52,41.7,BUY,1,100.46,275.2,100.45,544.7,100.44,494.5,100.43,549.0,100.42,1214.7,100.52,815.9,100.53,128.0,100.54,776.6,100.55,224.6,100.56,4666.7
1700000238.0,476,100.5,0.060000000000002274,100.47,768.2,100.53,544.2,6083.3,3019.7,100.53,99.7,BUY,2,100.47,768.2,100.46,60.0,100.45,2872.5,100.44,686.3,100.43,1696.3,100.53,544.2,100.54,201.7,100.55,714.1,100.56,1387.7,100.57,172.0
1700000238.5,477,100.51,0.060000000000002274,100.48,30.4,100.54,1961.2,1106.3,5322.6,100.54,5.0,BUY,1,100.48,30.4,100.47,227.7,100.46,255.0,100.45,583.2,100.44,10.0,100.54,1961.2,100.55,221.9,100.56,1458.7,100.57,1004.1,100.58,676.7
1700000239.0,478,100.49000000000001,0.04000000000000625,100.47,658.5,100.51,855.0,6732.0,3929.3,100.51,15.7,BUY,1,100.47,658.5,100.46,797.6,100.45,416.6,100.44,1704.8,100.43,3154.5,100.51,855.0,100.52,460.9,100.53,1369.6,100.54,769.9,100.55,473.9
1700000239.5,479,100.48,0.060000000000002274,100.45,272.1,100.51,439.1,3533.9,6558.4,100.45,28.1,SELL,2,100.45,272.1,100.44,10.0,100.43,1684.6,100.42,1100.4,100.41,466.8,100.51,439.1,100.52,2629.6,100.53,191.1,100.54,577.6,100.55,2721.0
1700000240.0,480,100.49,0.060000000000002274,100.46,57.9,100.52,832.2,2171.3,8050.5,100.49,0.0,BUY,0,100.46,57.9,100.45,116.3,100.44,507.1,100.43,1028.5,100.42,461.5,100.52,832.2,100.53,235.8,100.54,2335.5,100.55,3030.9,100.56,1616.1
1700000240.5,481,100.49,0.060000000000002274,100.46,532.2,100.52,456.9,2106.8,4883.4,100.49,0.0,BUY,0,100.46,532.2,100.45,340.6,100.44,39.3,100.43,251.9,100.42,942.8,100.52,456.9,100.53,759.7,100.54,116.8,100.55,89.6,100.56,3460.4
1700000241.0,482,100.49,0.060000000000002274,100.46,189.5,100.52,259.7,2382.4,10271.3,100.52,22.1,BUY,2,100.46,189.5,100.45,915.9,100.44,183.2,100.43,77.9,100.42,1015.9,100.52,259.7,100.53,422.5,100.54,1957.9,100.55,2820.5,100.56,4810.7
1700000241.5,483,100.48,0.060000000000002274,100.45,197.0,100.51,391.3,3840.0,2761.4,100.45,28.6,SELL,1,100.45,197.0,100.44,625.0,100.43,2107.0,100.42,388.4,100.41,522.6,100.51,391.3,100.52,122.7,100.53,415.6,100.54,876.3,100.55,955.5
1700000242.0,484,100.48,0.060000000000002274,100.45,129.1,100.51,143.7,4563.7,1437.0,100.51,13.9,BUY,1,100.45,129.1,100.44,315.4,100.43,770.5,100.42,768.5,100.41,2580.2,100.51,143.7,100.52,413.6,100.53,128.4,100.54,435.2,100.55,316.1
1700000242.5,485,100.48,0.060000000000002274,100.45,291.5,100.51,674.1,6664.4,5199.1,100.51,82.2,BUY,3,100.45,291.5,100.44,1377.7,100.43,144.7,100.42,1650.5,100.41,3200.0,100.51,674.1,100.52,1206.5,100.53,1258.7,100.54,125.9,100.55,1933.9
1700000243.0,486,100.49000000000001,0.04000000000000625,100.47,341.2,100.51,353.0,2997.3,4889.9,100.51,6.7,BUY,4,100.47,341.2,100.46,313.9,100.45,401.7,100.44,462.1,100.43,1478.4,100.51,353.0,100.52,96.6,100.53,1151.2,100.54,2300.7,100.55,988.4
1700000243.5,487,100.49,0.060000000000002274,100.46,117.4,100.52,25.7,1151.7,2516.7,100.52,5.0,BUY,4,100.46,117.4,100.45,853.0,100.44,48.5,100.43,105.5,100.42,27.3,100.52,25.7,100.53,129.9,100.54,582.7,100.55,246.9,100.56,1531.5
1700000244.0,488,100.47999999999999,0.04000000000000625,100.46,341.9,100.5,639.0,2389.2999999999997,1517.2999999999997,100.5,43.3,BUY,4,100.46,341.9,100.45,256.6,100.44,424.3,100.43,1119.4,100.42,247.1,100.5,639.0,100.51,252.1,100.52,449.0,100.53,48.1,100.54,129.1
1700000244.5,489,100.47999999999999,0.04000000000000625,100.46,49.5,100.5,928.5,1383.3000000000002,5043.3,100.5,111.1,BUY,2,100.46,49.5,100.45,495.6,100.44,607.1,100.43,144.2,100.42,86.9,100.5,928.5,100.51,3411.9,100.52,226.1,100.53,368.1,100.54,108.7
1700000245.0,490,100.47,0.060000000000002274,100.44,678.8,100.5,961.4,2656.8,3121.5,100.44,109.6,SELL,4,100.44,678.8,100.43,127.0,100.42,363.8,100.41,1445.4,100.4,41.8,100.5,961.4,100.51,125.1,100.52,258.8,100.53,1357.3,100.54,418.9
1700000245.5,491,100.45500000000001,0.04999999999999716,100.43,1379.5,100.48,364.3,5530.7,5897.299999999999,100.48,31.9,BUY,2,100.43,1379.5,100.42,298.5,100.41,868.1,100.4,1049.3,100.39,1935.3,100.48,364.3,100.49,546.9,100.5,1205.5,100.51,2273.0,100.52,1507.6
1700000246.0,492,100.45,0.060000000000002274,100.42,61.3,100.48,1822.8,4188.400000000001,5596.300000000001,100.48,14.3,BUY,2,100.42,61.3,100.41,1012.1,100.4,1910.5,100.39,480.3,100.38,724.2,100.48,1822.8,100.49,101.7,100.5,2495.1,100.51,1141.6,100.52,35.1
1700000246.5,493,100.435,0.04999999999999716,100.41,37.0,100.46,165.2,1883.1000000000001,5715.3,100.41,59.8,SELL,2,100.41,37.0,100.4,40.4,100.39,1352.6,100.38,111.4,100.37,341.7,100.46,165.2,100.47,612.2,100.48,2062.4,100.49,2120.5,100.5,755.0
1700000247.0,494,100.41,0.060000000000002274,100.38,447.0,100.44,192.5,1554.2,2656.6000000000004,100.44,113.9,BUY,3,100.38,447.0,100.37,265.5,100.36,490.7,100.35,219.3,100.34,131.7,100.44,192.5,100.45,846.2,100.46,405.6,100.47,509.7,100.48,702.6
1700000247.5,495,100.41,0.060000000000002274,100.38,599.0,100.44,105.1,3689.0,1817.9,100.38,18.4,SELL,2,100.38,599.0,100.37,474.4,100.36,692.4,100.35,370.6,100.34,1552.6,100.44,105.1,100.45,241.1,100.46,603.7,100.47,591.7,100.48,276.3
1700000248.0,496,100.39,0.060000000000002274,100.36,216.3,100.42,2613.0,5290.0,6054.999999999999,100.36,5.0,SELL,3,100.36,216.3,100.35,707.3,100.34,969.9,100.33,2224.4,100.32,1172.1,100.42,2613.0,100.43,1551.9,100.44,469.4,100.45,124.7,100.46,1296.0
1700000248.5,497,100.39,0.060000000000002274,100.36,154.0,100.42,1260.7,2051.6,3924.3999999999996,100.36,32.6,SELL,6,100.36,154.0,100.35,604.5,100.34,49.1,100.33,579.0,100.32,665.0,100.42,1260.7,100.43,636.2,100.44,1066.1,100.45,677.2,100.46,284.2
1700000249.0,498,100.38,0.060000000000002274,100.35,45.7,100.41,1012.0,879.5999999999999,2757.7,100.41,5.0,BUY,2,100.35,45.7,100.34,17.4,100.33,10.0,100.32,122.1,100.31,684.4,100.41,1012.0,100.42,1073.0,100.43,400.7,100.44,217.6,100.45,54.4
1700000249.5,499,100.37,0.060000000000002274,100.34,188.8,100.4,1190.7,1883.3999999999999,4833.900000000001,100.4,8.8,BUY,3,100.34,188.8,100.33,666.5,100.32,77.3,100.31,792.2,100.3,158.6,100.4,1190.7,100.41,261.7,100.42,847.2,100.43,323.3,100.44,2211.0
1700000250.0,500,100.37,0.060000000000002274,100.34,26.7,100.4,1092.5,1796.8999999999999,7046.799999999999,100.4,17.1,BUY,2,100.34,26.7,100.33,211.3,100.32,413.4,100.31,977.3,100.3,168.2,100.4,1092.5,100.41,2520.7,100.42,1814.3,100.43,1560.9,100.44,58.4
1700000250.5,501,100.36,0.03999999999999204,100.34,192.1,100.38,236.6,1729.1000000000004,1637.3999999999999,100.36,0.0,BUY,0,100.34,192.1,100.33,624.0,100.32,611.7,100.31,57.4,100.3,243.9,100.38,236.6,100.39,78.6,100.4,673.6,100.41,635.4,100.42,13.2
1700000251.0,502,100.38,0.060000000000002274,100.35,945.8,100.41,595.3,3397.1999999999994,2838.3,100.35,107.1,SELL,2,100.35,945.8,100.34,2016.6,100.33,70.7,100.32,294.0,100.31,70.1,100.41,595.3,100.42,855.6,100.43,529.0,100.44,720.6,100.45,137.8
1700000251.5,503,100.39,0.03999999999999204,100.37,227.3,100.41,16.3,1678.9,5457.9,100.41,61.0,BUY,4,100.37,227.3,100.36,34.8,100.35,112.0,100.34,325.0,100.33,979.8,100.41,16.3,100.42,1466.8,100.43,791.6,100.44,1070.7,100.45,2112.5
1700000252.0,504,100.39,0.060000000000002274,100.36,429.7,100.42,1115.3,2291.9,6474.6,100.42,5.0,BUY,1,100.36,429.7,100.35,553.0,100.34,545.7,100.33,365.9,100.32,397.6,100.42,1115.3,100.43,1887.4,100.44,3245.3,100.45,10.0,100.46,216.6
1700000252.5,505,100.37,0.060000000000002274,100.34,284.1,100.4,78.7,2669.1,2523.9,100.4,126.2,BUY,3,100.34,284.1,100.33,383.4,100.32,1094.5,100.31,758.7,100.3,148.4,100.4,78.7,100.41,212.6,100.42,1545.2,100.43,622.6,100.44,64.8
1700000253.0,506,100.36,0.060000000000002274,100.33,394.3,100.39,1044.1,3329.5,3689.2,100.33,9.0,SELL,3,100.33,394.3,100.32,765.3,100.31,603.3,100.3,35.4,100.29,1531.2,100.39,1044.1,100.4,928.1,100.41,406.0,100.42,234.0,100.43,1077.0
1700000253.5,507,100.34,0.04000000000000625,100.32,125.7,100.36,440.8,3728.6,6032.6,100.36,26.8,BUY,2,100.32,125.7,100.31,921.2,100.3,320.5,100.29,972.8,100.28,1388.4,100.36,440.8,100.37,371.0,100.38,4165.0,100.39,471.7,100.4,584.1
1700000254.0,508,100.34,0.060000000000002274,100.31,1730.4,100.37,70.0,5721.2,4612.0,100.37,32.0,BUY,1,100.31,1730.4,100.3,133.6,100.29,1039.6,100.28,486.2,100.27,2331.4,100.37,70.0,100.38,948.1,100.39,513.3,100.4,1882.9,100.41,1197.7
1700000254.5,509,100.34,0.060000000000002274,100.31,38.7,100.37,1545.6,3425.2,3334.3999999999996,100.31,11.3,SELL,1,100.31,38.7,100.3,64.7,100.29,397.3,100.28,1448.1,100.27,1476.4,100.37,1545.6,100.38,17.7,100.39,607.9,100.4,816.2,100.41,347.0
1700000255.0,510,100.33,0.060000000000002274,100.3,911.3,100.36,294.9,3039.5,2901.0,100.3,5.2,SELL,2,100.3,911.3,100.29,529.6,100.28,341.9,100.27,10.0,100.26,1246.7,100.36,294.9,100.37,646.1,100.38,1041.9,100.39,405.0,100.4,513.1
1700000255.5,511,100.34,0.060000000000002274,100.31,451.8,100.37,528.6,2986.4999999999995,5517.400000000001,100.37,81.9,BUY,2,100.31,451.8,100.3,691.0,100.29,1352.3,100.28,224.7,100.27,266.7,100.37,528.6,100.38,109.6,100.39,161.4,100.4,3989.5,100.41,728.3
1700000256.0,512,100.35,0.060000000000002274,100.32,189.3,100.38,57.2,2194.2,5571.2,100.35,0.0,BUY,0,100.32,189.3,100.31,180.5,100.3,334.8,100.29,514.6,100.28,975.0,100.38,57.2,100.39,98.9,100.4,659.3,100.41,4568.8,100.42,187.0
1700000256.5,513,100.35,0.060000000000002274,100.32,877.8,100.38,1125.4,4359.7,2911.2000000000003,100.32,39.4,SELL,1,100.32,877.8,100.31,2092.3,100.3,645.2,100.29,15.2,100.28,729.2,100.38,1125.4,100.39,517.9,100.4,156.2,100.41,1062.3,100.42,49.4
1700000257.0,514,100.35,0.060000000000002274,100.32,947.4,100.38,253.3,4425.500000000001,8308.1,100.38,14.6,BUY,2,100.32,947.4,100.31,1691.9,100.3,1022.0,100.29,435.1,100.28,329.1,100.38,253.3,100.39,1039.2,100.4,3779.1,100.41,1479.3,100.42,1757.2
1700000257.5,515,100.36,0.060000000000002274,100.33,480.9,100.39,520.0,2562.3,6232.799999999999,100.39,75.8,BUY,4,100.33,480.9,100.32,336.2,100.31,328.2,100.3,138.4,100.29,1278.6,100.39,520.0,100.4,1466.3,100.41,227.2,100.42,168.1,100.43,3851.2
1700000258.0,516,100.36,0.060000000000002274,100.33,430.0,100.39,2615.9,6826.499999999999,5977.6,100.39,6.4,BUY,1,100.33,430.0,100.32,2260.1,100.31,1912.8,100.3,196.9,100.29,2026.7,100.39,2615.9,100.4,168.0,100.41,853.6,100.42,495.2,100.43,1844.9
1700000258.5,517,100.36,0.060000000000002274,100.33,12.6,100.39,1416.7,1045.2,4416.6,100.39,14.6,BUY,3,100.33,12.6,100.32,88.6,100.31,338.9,100.3,369.6,100.29,235.5,100.39,1416.7,100.4,1101.7,100.41,586.4,100.42,416.7,100.43,895.1
1700000259.0,518,100.35,0.060000000000002274,100.32,616.3,100.38,130.0,4278.599999999999,3554.5,100.32,60.3,SELL,2,100.32,616.3,100.31,780.4,100.3,1412.7,100.29,822.0,100.28,647.2,100.38,130.0,100.39,1230.0,100.4,969.8,100.41,733.6,100.42,491.1
1700000259.5,519,100.35,0.060000000000002274,100.32,42.9,100.38,241.8,2792.3999999999996,2516.7,100.35,0.0,BUY,0,100.32,42.9,100.31,37.7,100.3,659.3,100.29,626.3,100.28,1426.2,100.38,241.8,100.39,29.1,100.4,621.8,100.41,839.3,100.42,784.7
1700000260.0,520,100.35,0.060000000000002274,100.32,337.1,100.38,408.1,4096.2,10271.8,100.32,26.9,SELL,4,100.32,337.1,100.31,10.0,100.3,544.4,100.29,2289.2,100.28,915.5,100.38,408.1,100.39,201.6,100.4,694.4,100.41,1010.1,100.42,7957.6
1700000260.5,521,100.36,0.060000000000002274,100.33,128.5,100.39,331.9,3097.5,1718.1,100.39,42.8,BUY,2,100.33,128.5,100.32,28.1,100.31,509.6,100.3,1295.6,100.29,1135.7,100.39,331.9,100.4,255.5,100.41,13.3,100.42,46.6,100.43,1070.8
1700000261.0,522,100.37,0.060000000000002274,100.34,918.2,100.4,132.2,3431.1,1397.1999999999998,100.34,7.1,SELL,2,100.34,918.2,100.33,388.7,100.32,1217.3,100.31,554.4,100.3,352.5,100.4,132.2,100.41,161.1,100.42,382.3,100.43,194.5,100.44,527.1
1700000261.5,523,100.37,0.060000000000002274,100.34,651.8,100.4,19.9,3714.1,3666.4,100.34,5.0,SELL,3,100.34,651.8,100.33,1368.9,100.32,1067.8,100.31,470.9,100.3,154.7,100.4,19.9,100.41,686.9,100.42,631.5,100.43,774.1,100.44,1554.0
1700000262.0,524,100.38,0.060000000000002274,100.35,90.6,100.41,1502.3,1468.2,2555.0,100.38,0.0,BUY,0,100.35,90.6,100.34,547.5,100.33,60.2,100.32,152.1,100.31,617.8,100.41,1502.3,100.42,782.2,100.43,95.3,100.44,43.2,100.45,132.0
1700000262.5,525,100.38,0.060000000000002274,100.35,86.8,100.41,754.6,1172.1,9340.3,100.35,8.3,SELL,4,100.35,86.8,100.34,53.3,100.33,207.9,100.32,122.3,100.31,701.8,100.41,754.6,100.42,1564.4,100.43,566.7,100.44,662.5,100.45,5792.1
1700000263.0,526,100.37,0.060000000000002274,100.34,480.3,100.4,10.0,2492.6,3015.7,100.4,8.3,BUY,4,100.34,480.3,100.33,717.6,100.32,32.0,100.31,431.8,100.3,830.9,100.4,10.0,100.41,452.0,100.42,474.1,100.43,81.0,100.44,1998.6
1700000263.5,527,106.1,0.04000000000000625,106.08,22.3,106.12,1147.4,2528.5,7258.7,106.08,115.6,SELL,1,106.08,22.3,106.07,843.3,106.06,651.1,106.05,299.8,106.04,712.0,106.12,1147.4,106.13,1190.1,106.14,1619.0,106.15,675.0,106.16,2627.2
1700000264.0,528,106.095,0.05000000000001137,106.07,1226.0,106.12,709.0,4645.6,3867.4000000000005,106.095,0.0,BUY,0,106.07,1226.0,106.06,356.0,106.05,1176.6,106.04,177.4,106.03,1709.6,106.12,709.0,106.13,1559.6,106.14,845.2,106.15,167.9,106.16,585.7
1700000264.5,529,106.09,0.060000000000002274,106.06,1212.6,106.12,729.8,3527.3999999999996,6116.5,106.12,58.7,BUY,1,106.06,1212.6,106.05,362.8,106.04,957.4,106.03,160.4,106.02,834.2,106.12,729.8,106.13,1392.1,106.14,299.7,106.15,1571.6,106.16,2123.3
1700000265.0,530,106.09,0.060000000000002274,106.06,99.8,106.12,612.0,4286.5,3005.7000000000003,106.12,67.7,BUY,4,106.06,99.8,106.05,947.1,106.04,46.9,106.03,451.9,106.02,2740.8,106.12,612.0,106.13,526.9,106.14,140.1,106.15,1300.9,106.16,425.8
1700000265.5,531,106.09,0.060000000000002274,106.06,366.7,106.12,1054.1,1662.7999999999997,2885.1000000000004,106.06,35.2,SELL,2,106.06,366.7,106.05,81.1,106.04,111.5,106.03,483.4,106.02,620.1,106.12,1054.1,106.13,575.2,106.14,306.3,106.15,572.2,106.16,377.3
1700000266.0,532,106.095,0.05000000000001137,106.07,244.1,106.12,894.9,3677.9,2590.3,106.07,133.2,SELL,2,106.07,244.1,106.06,1452.2,106.05,754.8,106.04,104.4,106.03,1122.4,106.12,894.9,106.13,72.3,106.14,10.0,106.15,293.8,106.16,1319.3
1700000266.5,533,106.09,0.04000000000000625,106.07,712.0,106.11,511.8,3084.9,2212.0,106.07,5.0,SELL,7,106.07,712.0,106.06,1080.4,106.05,454.1,106.04,80.3,106.03,758.1,106.11,511.8,106.12,223.1,106.13,10.0,106.14,1430.5,106.15,36.6
1700000267.0,534,106.1,0.060000000000002274,106.07,231.6,106.13,294.1,3892.5,4657.0,106.1,0.0,BUY,0,106.07,231.6,106.06,408.9,106.05,982.6,106.04,2165.9,106.03,103.5,106.13,294.1,106.14,1255.9,106.15,68.9,106.16,2716.0,106.17,322.1
1700000267.5,535,106.09,0.060000000000002274,106.06,96.8,106.12,534.4,2978.1,3670.0,106.12,58.1,BUY,3,106.06,96.8,106.05,368.5,106.04,466.7,106.03,856.0,106.02,1190.1,106.12,534.4,106.13,1930.7,106.14,136.9,106.15,686.4,106.16,381.6
1700000268.0,536,106.08,0.03999999999999204,106.06,174.0,106.1,90.5,10639.0,2171.3,106.06,76.1,SELL,1,106.06,174.0,106.05,2780.5,106.04,731.7,106.03,2331.8,106.02,4621.0,106.1,90.5,106.11,10.0,106.12,227.2,106.13,309.9,106.14,1533.7
1700000268.5,537,106.08,0.060000000000002274,106.05,540.2,106.11,147.3,1601.8000000000002,5322.700000000001,106.11,19.6,BUY,3,106.05,540.2,106.04,242.9,106.03,74.6,106.02,154.0,106.01,590.1,106.11,147.3,106.12,690.7,106.13,720.0,106.14,1768.3,106.15,1996.4
1700000269.0,538,106.08,0.060000000000002274,106.05,157.9,106.11,52.0,2464.9,4692.400000000001,106.08,0.0,BUY,0,106.05,157.9,106.04,373.4,106.03,925.1,106.02,608.4,106.01,400.1,106.11,52.0,106.12,904.6,106.13,668.2,106.14,2752.0,106.15,315.6
1700000269.5,539,106.08,0.060000000000002274,106.05,623.8,106.11,1104.9,2534.5,4508.2,106.11,14.5,BUY,2,106.05,623.8,106.04,732.5,106.03,795.3,106.02,249.3,106.01,133.6,106.11,1104.9,106.12,438.1,106.13,443.1,106.14,944.0,106.15,1578.1
1700000270.0,540,106.09,0.060000000000002274,106.06,917.7,106.12,578.8,4586.9,5552.4,106.06,8.8,SELL,3,106.06,917.7,106.05,159.7,106.04,643.9,106.03,2466.7,106.02,398.9,106.12,578.8,106.13,755.9,106.14,71.1,106.15,2285.6,106.16,1861.0
1700000270.5,541,106.09,0.060000000000002274,106.06,495.8,106.12,740.3,5545.3,3086.1,106.09,0.0,BUY,0,106.06,495.8,106.05,1931.8,106.04,163.3,106.03,2479.1,106.02,475.3,106.12,740.3,106.13,1060.9,106.14,10.0,106.15,1079.2,106.16,195.7
1700000271.0,542,106.1,0.04000000000000625,106.08,265.9,106.12,133.5,3766.0,2524.1,106.1,0.0,BUY,0,106.08,265.9,106.07,1403.1,106.06,796.9,106.05,161.8,106.04,1138.3,106.12,133.5,106.13,286.2,106.14,1653.5,106.15,286.6,106.16,164.3
1700000271.5,543,106.095,0.05000000000001137,106.07,121.4,106.12,582.8,3074.7999999999997,2412.7,106.12,43.3,BUY,3,106.07,121.4,106.06,188.6,106.05,51.4,106.04,555.3,106.03,2158.1,106.12,582.8,106.13,98.4,106.14,600.9,106.15,182.8,106.16,947.8
1700000272.0,544,106.08,0.060000000000002274,106.05,669.5,106.11,141.2,4998.5,2464.5,106.11,13.7,BUY,1,106.05,669.5,106.04,383.0,106.03,1297.5,106.02,594.6,106.01,2053.9,106.11,141.2,106.12,228.0,106.13,997.0,106.14,42.4,106.15,1055.9
1700000272.5,545,106.09,0.060000000000002274,106.06,533.8,106.12,858.2,2644.2,4610.199999999999,106.12,5.0,BUY,1,106.06,533.8,106.05,132.9,106.04,138.8,106.03,468.4,106.02,1370.3,106.12,858.2,106.13,3304.2,106.14,232.4,106.15,64.2,106.16,151.2
1700000273.0,546,106.09,0.060000000000002274,106.06,329.3,106.12,337.8,2841.4,3531.3,106.12,86.7,BUY,3,106.06,329.3,106.05,286.2,106.04,91.2,106.03,1357.2,106.02,777.5,106.12,337.8,106.13,1650.5,106.14,73.5,106.15,327.3,106.16,1142.2
1700000273.5,547,106.09,0.060000000000002274,106.06,463.5,106.12,47.8,6314.9,3435.9,106.09,0.0,BUY,0,106.06,463.5,106.05,940.5,106.04,125.7,106.03,307.4,106.02,4477.8,106.12,47.8,106.13,1605.9,106.14,48.4,106.15,1341.9,106.16,391.9
1700000274.0,548,106.08,0.03999999999999204,106.06,439.1,106.1,978.7,5034.3,10315.0,106.06,53.1,SELL,1,106.06,439.1,106.05,1427.8,106.04,2773.7,106.03,262.5,106.02,131.2,106.1,978.7,106.11,789.8,106.12,1709.5,106.13,4531.9,106.14,2305.1
1700000274.5,549,106.065,0.04999999999999716,106.04,1203.0,106.09,261.8,5145.8,3022.7000000000003,106.09,41.2,BUY,3,106.04,1203.0,106.03,322.5,106.02,590.4,106.01,459.4,106.0,2570.5,106.09,261.8,106.1,469.7,106.11,179.7,106.12,1665.7,106.13,445.8
1700000275.0,550,106.06,0.060000000000002274,106.03,245.7,106.09,53.6,4618.9,2849.1000000000004,106.09,40.2,BUY,3,106.03,245.7,106.02,248.6,106.01,226.6,106.0,592.6,105.99,3305.4,106.09,53.6,106.1,863.1,106.11,516.8,106.12,677.3,106.13,738.3
1700000275.5,551,106.065,0.04999999999999716,106.04,149.0,106.09,898.3,4167.1,4977.7,106.09,95.7,BUY,4,106.04,149.0,106.03,238.5,106.02,2105.5,106.01,565.9,106.0,1108.2,106.09,898.3,106.1,32.4,106.11,251.9,106.12,1566.3,106.13,2228.8
1700000276.0,552,106.06,0.060000000000002274,106.03,192.9,106.09,12.3,1461.4,5903.2,106.03,60.6,SELL,2,106.03,192.9,106.02,244.9,106.01,475.4,106.0,264.1,105.99,284.1,106.09,12.3,106.1,1453.0,106.11,2113.2,106.12,1780.0,106.13,544.7
1700000276.5,553,106.06,0.060000000000002274,106.03,73.8,106.09,2118.9,3896.3,3896.7999999999997,106.06,0.0,BUY,0,106.03,73.8,106.02,417.3,106.01,1593.2,106.0,137.3,105.99,1674.7,106.09,2118.9,106.1,756.3,106.11,360.5,106.12,57.5,106.13,603.6
1700000277.0,554,106.06,0.060000000000002274,106.03,507.6,106.09,226.3,2276.2999999999997,4655.9,106.09,140.4,BUY,1,106.03,507.6,106.02,418.5,106.01,489.2,106.0,726.4,105.99,134.6,106.09,226.3,106.1,133.4,106.11,51.2,106.12,3475.5,106.13,769.5
1700000277.5,555,104.12,0.060000000000002274,104.09,36.5,104.15,637.1,2299.6,10887.7,104.15,117.6,BUY,2,104.09,36.5,104.08,56.6,104.07,737.5,104.06,1106.9,104.05,362.1,104.15,637.1,104.16,130.1,104.17,2110.2,104.18,7219.1,104.19,791.2
1700000278.0,556,104.11,0.060000000000002274,104.08,815.9,104.14,129.1,3955.2,1710.6000000000001,104.14,12.3,BUY,1,104.08,815.9,104.07,684.2,104.06,323.2,104.05,366.6,104.04,1765.3,104.14,129.1,104.15,349.1,104.16,516.7,104.17,429.4,104.18,286.3
1700000278.5,557,104.09,0.060000000000002274,104.06,224.0,104.12,476.5,1054.0,2920.1,104.12,20.2,BUY,2,104.06,224.0,104.05,154.8,104.04,26.8,104.03,10.0,104.02,638.4,104.12,476.5,104.13,465.6,104.14,1478.7,104.15,99.2,104.16,400.1
1700000279.0,558,104.095,0.05000000000001137,104.07,853.3,104.12,282.8,4035.8,3452.7,104.07,8.7,SELL,1,104.07,853.3,104.06,897.6,104.05,1747.6,104.04,417.4,104.03,119.9,104.12,282.8,104.13,20.8,104.14,670.5,104.15,1878.5,104.16,600.1
1700000279.5,559,104.11,0.060000000000002274,104.08,426.7,104.14,20.7,1810.9,1346.5,104.14,5.0,BUY,3,104.08,426.7,104.07,147.0,104.06,74.4,104.05,479.8,104.04,683.0,104.14,20.7,104.15,545.2,104.16,408.5,104.17,210.0,104.18,162.1
1700000280.0,560,104.09,0.060000000000002274,104.06,249.5,104.12,1206.9,5430.599999999999,3273.6,104.06,11.5,SELL,2,104.06,249.5,104.05,516.4,104.04,880.8,104.03,2199.7,104.02,1584.2,104.12,1206.9,104.13,162.4,104.14,1265.2,104.15,169.1,104.16,470.0
1700000280.5,561,104.09,0.04000000000000625,104.07,552.5,104.11,766.8,4091.8,2394.1,104.11,37.6,BUY,2,104.07,552.5,104.06,2237.9,104.05,85.3,104.04,102.8,104.03,1113.3,104.11,766.8,104.12,671.4,104.13,261.9,104.14,255.3,104.15,438.7
1700000281.0,562,104.09,0.060000000000002274,104.06,1180.9,104.12,357.3,5519.4,4159.7,104.06,56.8,SELL,4,104.06,1180.9,104.05,139.0,104.04,233.3,104.03,2239.2,104.02,1727.0,104.12,357.3,104.13,1010.3,104.14,512.3,104.15,604.8,104.16,1675.0
1700000281.5,563,104.1,0.060000000000002274,104.07,429.9,104.13,2724.8,9007.2,8553.0,104.07,15.6,SELL,5,104.07,429.9,104.06,2058.9,104.05,2520.8,104.04,2829.1,104.03,1168.5,104.13,2724.8,104.14,705.5,104.15,92.9,104.16,1784.0,104.17,3245.8
1700000282.0,564,104.095,0.05000000000001137,104.07,844.7,104.12,10.0,4740.0,5382.3,104.12,63.3,BUY,1,104.07,844.7,104.06,828.3,104.05,674.6,104.04,2217.8,104.03,174.6,104.12,10.0,104.13,807.9,104.14,757.0,104.15,1183.9,104.16,2623.5
1700000282.5,565,104.09,0.060000000000002274,104.06,10.0,104.12,1294.6,1889.1,4165.8,104.12,34.8,BUY,3,104.06,10.0,104.05,250.0,104.04,67.0,104.03,327.0,104.02,1235.1,104.12,1294.6,104.13,941.0,104.14,199.2,104.15,818.9,104.16,912.1
1700000283.0,566,104.09,0.060000000000002274,104.06,827.2,104.12,25.4,3433.0,3567.9,104.06,6.5,SELL,2,104.06,827.2,104.05,151.5,104.04,1169.2,104.03,613.6,104.02,671.5,104.12,25.4,104.13,416.9,104.14,1410.2,104.15,1567.9,104.16,147.5
1700000283.5,567,104.09,0.060000000000002274,104.06,32.9,104.12,71.2,3130.6000000000004,3707.2999999999997,104.12,8.4,BUY,3,104.06,32.9,104.05,512.1,104.04,943.9,104.03,249.3,104.02,1392.4,104.12,71.2,104.13,1008.1,104.14,1750.6,104.15,862.5,104.16,14.9
1700000284.0,568,104.08,0.060000000000002274,104.05,609.6,104.11,433.6,2842.3,9227.5,104.08,0.0,BUY,0,104.05,609.6,104.04,358.0,104.03,231.8,104.02,752.5,104.01,890.4,104.11,433.6,104.12,929.3,104.13,1905.1,104.14,4436.8,104.15,1522.7
1700000284.5,569,104.08,0.060000000000002274,104.05,133.2,104.11,818.1,4025.3999999999996,3424.1,104.11,16.0,BUY,2,104.05,133.2,104.04,49.6,104.03,1048.1,104.02,2221.5,104.01,573.0,104.11,818.1,104.12,733.4,104.13,668.9,104.14,60.6,104.15,1143.1
1700000285.0,570,104.07,0.05999999999998806,104.04,445.4,104.1,140.9,2631.5,3453.3,104.1,78.0,BUY,1,104.04,445.4,104.03,199.5,104.02,279.2,104.01,1165.5,104.0,541.9,104.1,140.9,104.11,923.7,104.12,156.3,104.13,939.7,104.14,1292.7
1700000285.5,571,104.07,0.04000000000000625,104.05,10.0,104.09,109.0,2837.2999999999997,3125.7,104.05,59.9,SELL,1,104.05,10.0,104.04,774.6,104.03,1816.4,104.02,102.1,104.01,134.2,104.09,109.0,104.1,507.7,104.11,930.0,104.12,344.0,104.13,1235.0
1700000286.0,572,104.06,0.060000000000002274,104.03,334.0,104.09,2164.4,4913.7,7839.1,104.09,10.5,BUY,1,104.03,334.0,104.02,256.4,104.01,938.4,104.0,2535.4,103.99,849.5,104.09,2164.4,104.1,933.9,104.11,299.9,104.12,470.8,104.13,3970.1
1700000286.5,573,104.05,0.060000000000002274,104.02,1648.5,104.08,1038.1,3489.3,2292.6,104.08,33.6,BUY,3,104.02,1648.5,104.01,134.7,104.0,196.3,103.99,215.5,103.98,1294.3,104.08,1038.1,104.09,330.1,104.1,50.9,104.11,498.7,104.12,374.8
1700000287.0,574,104.04499999999999,0.04999999999999716,104.02,55.7,104.07,550.2,4390.5,3704.7,104.04499999999999,0.0,BUY,0,104.02,55.7,104.01,2517.7,104.0,849.0,103.99,102.6,103.98,865.5,104.07,550.2,104.08,607.3,104.09,654.5,104.1,244.5,104.11,1648.2
1700000287.5,575,104.05,0.060000000000002274,104.02,19.9,104.08,257.1,2827.2,3603.4000000000005,104.02,5.0,SELL,1,104.02,19.9,104.01,142.8,104.0,147.4,103.99,1189.8,103.98,1327.3,104.08,257.1,104.09,196.1,104.1,772.1,104.11,1905.3,104.12,472.8
1700000288.0,576,104.06,0.060000000000002274,104.03,212.3,104.09,139.7,2411.5,3098.5,104.06,0.0,BUY,0,104.03,212.3,104.02,478.9,104.01,293.3,104.0,100.4,103.99,1326.6,104.09,139.7,104.1,220.8,104.11,760.4,104.12,280.2,104.13,1697.4
1700000288.5,577,104.06,0.060000000000002274,104.03,187.0,104.09,184.8,7521.6,2434.0,104.09,48.3,BUY,1,104.03,187.0,104.02,1483.7,104.01,647.3,104.0,1202.5,103.99,4001.1,104.09,184.8,104.1,725.8,104.11,492.3,104.12,408.7,104.13,622.4
1700000289.0,578,104.06,0.060000000000002274,104.03,232.7,104.09,47.4,2216.7,3091.1000000000004,104.03,127.6,SELL,3,104.03,232.7,104.02,131.8,104.01,1158.8,104.0,321.2,103.99,372.2,104.09,47.4,104.1,481.8,104.11,1164.1,104.12,463.6,104.13,934.2
1700000289.5,579,104.06,0.060000000000002274,104.03,157.1,104.09,28.8,2264.6000000000004,4569.6,104.09,57.9,BUY,3,104.03,157.1,104.02,339.5,104.01,957.8,104.0,487.4,103.99,322.8,104.09,28.8,104.1,1010.7,104.11,107.9,104.12,1774.8,104.13,1647.4
1700000290.0,580,104.06,0.060000000000002274,104.03,1151.3,104.09,183.0,7330.399999999999,2235.2000000000003,104.09,10.5,BUY,1,104.03,1151.3,104.02,3670.6,104.01,948.9,104.0,479.4,103.99,1080.2,104.09,183.0,104.1,32.7,104.11,731.1,104.12,867.6,104.13,420.8
1700000290.5,581,104.06,0.060000000000002274,104.03,229.0,104.09,177.2,4432.3,2412.6,104.03,5.0,SELL,4,104.03,229.0,104.02,72.1,104.01,786.5,104.0,2790.9,103.99,553.8,104.09,177.2,104.1,148.1,104.11,997.6,104.12,952.5,104.13,137.2
1700000291.0,582,104.065,0.04999999999999716,104.04,1885.2,104.09,873.4,4336.1,2617.8,104.04,50.9,SELL,3,104.04,1885.2,104.03,54.4,104.02,1696.0,104.01,639.9,104.0,60.6,104.09,873.4,104.1,23.6,104.11,916.7,104.12,259.8,104.13,544.3
1700000291.5,583,104.06,0.060000000000002274,104.03,844.4,104.09,716.6,8755.400000000001,7986.499999999999,104.06,0.0,BUY,0,104.03,844.4,104.02,1019.4,104.01,1515.5,104.0,759.0,103.99,4617.1,104.09,716.6,104.1,66.0,104.11,2055.0,104.12,4417.2,104.13,731.7
1700000292.0,584,104.06,0.060000000000002274,104.03,26.5,104.09,538.3,2038.3,3369.8999999999996,104.06,0.0,BUY,0,104.03,26.5,104.02,1454.7,104.01,414.8,104.0,101.3,103.99,41.0,104.09,538.3,104.1,204.4,104.11,992.6,104.12,1286.6,104.13,348.0
1700000292.5,585,104.06,0.060000000000002274,104.03,635.2,104.09,808.8,2470.6000000000004,4341.4,104.09,69.8,BUY,4,104.03,635.2,104.02,386.5,104.01,13.8,104.0,726.9,103.99,708.2,104.09,808.8,104.1,296.1,104.11,527.0,104.12,1468.9,104.13,1240.6
1700000293.0,586,104.06,0.03999999999999204,104.04,144.4,104.08,395.6,5735.300000000001,4085.2000000000003,104.08,5.7,BUY,3,104.04,144.4,104.03,45.0,104.02,1168.4,104.01,3361.4,104.0,1016.1,104.08,395.6,104.09,556.8,104.1,880.0,104.11,2080.9,104.12,171.9
1700000293.5,587,104.065,0.04999999999999716,104.04,189.4,104.09,1604.4,7652.9,4315.2,104.04,155.2,SELL,1,104.04,189.4,104.03,70.6,104.02,4893.5,104.01,108.0,104.0,2391.4,104.09,1604.4,104.1,10.0,104.11,342.3,104.12,977.9,104.13,1380.6
1700000294.0,588,104.08,0.03999999999999204,104.06,734.1,104.1,519.1,3502.5,3829.2,104.06,9.3,SELL,3,104.06,734.1,104.05,58.3,104.04,47.5,104.03,1013.9,104.02,1648.7,104.1,519.1,104.11,1613.0,104.12,14.4,104.13,1460.2,104.14,222.5
1700000294.5,589,104.07,0.05999999999998806,104.04,594.3,104.1,178.7,3524.7000000000003,3005.6000000000004,104.07,0.0,BUY,0,104.04,594.3,104.03,872.5,104.02,245.5,104.01,1658.0,104.0,154.4,104.1,178.7,104.11,563.1,104.12,410.1,104.13,1176.2,104.14,677.5
1700000295.0,590,104.065,0.04999999999999716,104.04,61.9,104.09,146.6,1073.5,2456.6,104.04,44.7,SELL,3,104.04,61.9,104.03,96.3,104.02,464.5,104.01,318.4,104.0,132.4,104.09,146.6,104.1,162.1,104.11,1208.2,104.12,892.8,104.13,46.9
1700000295.5,591,104.08,0.060000000000002274,104.05,243.5,104.11,96.9,5193.700000000001,2278.7,104.11,42.0,BUY,2,104.05,243.5,104.04,1524.3,104.03,548.3,104.02,1280.2,104.01,1597.4,104.11,96.9,104.12,481.7,104.13,425.3,104.14,68.5,104.15,1206.3
1700000296.0,592,104.065,0.04999999999999716,104.04,10.7,104.09,1354.6,2449.5,7810.399999999999,104.09,22.3,BUY,2,104.04,10.7,104.03,570.8,104.02,302.8,104.01,139.4,104.0,1425.8,104.09,1354.6,104.1,1587.3,104.11,2053.4,104.12,2391.4,104.13,423.7
1700000296.5,593,104.065,0.04999999999999716,104.04,1563.2,104.09,1134.9,5707.099999999999,3949.9000000000005,104.065,0.0,BUY,0,104.04,1563.2,104.03,565.0,104.02,476.8,104.01,2173.9,104.0,928.2,104.09,1134.9,104.1,909.3,104.11,1032.4,104.12,232.9,104.13,640.4
1700000297.0,594,104.06,0.060000000000002274,104.03,160.0,104.09,612.7,3143.6000000000004,3290.7,104.09,33.8,BUY,2,104.03,160.0,104.02,447.0,104.01,1371.4,104.0,744.9,103.99,420.3,104.09,612.7,104.1,409.6,104.11,382.6,104.12,577.7,104.13,1308.1
1700000297.5,595,104.04499999999999,0.04999999999999716,104.02,487.2,104.07,835.3,3202.4,4397.5,104.02,19.9,SELL,6,104.02,487.2,104.01,957.7,104.0,291.1,103.99,366.3,103.98,1100.1,104.07,835.3,104.08,277.9,104.09,391.4,104.1,477.3,104.11,2415.6
1700000298.0,596,104.03999999999999,0.04000000000000625,104.02,558.5,104.06,1547.8,9496.7,5148.599999999999,104.02,33.2,SELL,1,104.02,558.5,104.01,955.3,104.0,598.2,103.99,5023.4,103.98,2361.3,104.06,1547.8,104.07,2096.9,104.08,550.5,104.09,500.0,104.1,453.4
1700000298.5,597,104.05,0.060000000000002274,104.02,522.1,104.08,22.0,2025.9,2956.0,104.02,17.8,SELL,2,104.02,522.1,104.01,228.8,104.0,25.1,103.99,461.2,103.98,788.7,104.08,22.0,104.09,103.6,104.1,354.7,104.11,506.8,104.12,1968.9
1700000299.0,598,104.04499999999999,0.04999999999999716,104.02,1191.9,104.07,366.0,2431.7,7287.6,104.07,121.0,BUY,3,104.02,1191.9,104.01,439.0,104.0,171.1,103.99,556.1,103.98,73.6,104.07,366.0,104.08,441.7,104.09,2337.6,104.1,3336.8,104.11,805.5
1700000299.5,599,104.04499999999999,0.04999999999999716,104.02,1696.6,104.07,165.3,2642.2,5869.2,104.07,108.3,BUY,5,104.02,1696.6,104.01,219.9,104.0,506.7,103.99,10.0,103.98,209.0,104.07,165.3,104.08,170.2,104.09,4184.9,104.1,834.3,104.11,514.5
1700000300.0,600,104.02,0.060000000000002274,103.99,254.8,104.05,1889.4,2424.0000000000005,4112.900000000001,104.02,0.0,BUY,0,103.99,254.8,103.98,797.4,103.97,319.1,103.96,936.3,103.95,116.4,104.05,1889.4,104.06,212.8,104.07,1832.6,104.08,168.1,104.09,10.0
1700000300.5,601,104.02,0.060000000000002274,103.99,79.1,104.05,132.3,3743.2000000000003,2712.4,103.99,6.8,SELL,1,103.99,79.1,103.98,368.4,103.97,1956.0,103.96,1077.3,103.95,262.4,104.05,132.3,104.06,71.7,104.07,271.1,104.08,833.3,104.09,1404.0
1700000301.0,602,104.03,0.060000000000002274,104.0,2259.9,104.06,576.7,4793.5,6651.0,104.03,0.0,BUY,0,104.0,2259.9,103.99,652.2,103.98,713.4,103.97,68.0,103.96,1100.0,104.06,576.7,104.07,2129.4,104.08,1051.0,104.09,664.3,104.1,2229.6
1700000301.5,603,104.02,0.060000000000002274,103.99,624.9,104.05,1176.4,5599.4,3877.6,104.05,34.7,BUY,1,103.99,624.9,103.98,1285.9,103.97,1072.6,103.96,1034.5,103.95,1581.5,104.05,1176.4,104.06,441.1,104.07,1670.6,104.08,101.4,104.09,488.1
1700000302.0,604,107.58,0.060000000000002274,107.55,1556.2,107.61,101.1,4138.5,1127.6000000000001,107.55,72.3,SELL,2,107.55,1556.2,107.54,765.2,107.53,662.3,107.52,1010.8,107.51,144.0,107.61,101.1,107.62,286.4,107.63,592.7,107.64,81.7,107.65,65.7
1700000302.5,605,107.58,0.060000000000002274,107.55,540.0,107.61,654.0,3651.1,4741.4,107.58,0.0,BUY,0,107.55,540.0,107.54,88.5,107.53,1028.0,107.52,687.5,107.51,1307.1,107.61,654.0,107.62,129.5,107.63,413.1,107.64,2095.9,107.65,1448.9
1700000303.0,606,107.565,0.04999999999999716,107.54,693.9,107.59,1904.8,1922.9999999999998,5455.1,107.54,23.5,SELL,1,107.54,693.9,107.53,83.8,107.52,258.0,107.51,10.0,107.5,877.3,107.59,1904.8,107.6,447.4,107.61,745.3,107.62,50.9,107.63,2306.7
1700000303.5,607,107.55,0.060000000000002274,107.52,720.0,107.58,129.7,2718.5,4454.7,107.58,7.8,BUY,1,107.52,720.0,107.51,558.0,107.5,440.5,107.49,638.9,107.48,361.1,107.58,129.7,107.59,930.6,107.6,929.9,107.61,722.0,107.62,1742.5
1700000304.0,608,107.53999999999999,0.04000000000000625,107.52,168.1,107.56,400.4,3538.8,4960.8,107.52,14.9,SELL,4,107.52,168.1,107.51,452.5,107.5,507.1,107.49,1615.9,107.48,795.2,107.56,400.4,107.57,1630.3,107.58,145.3,107.59,1138.1,107.6,1646.7
1700000304.5,609,107.54499999999999,0.04999999999999716,107.52,137.6,107.57,1164.6,4400.099999999999,4980.599999999999,107.52,20.1,SELL,4,107.52,137.6,107.51,1801.6,107.5,1309.2,107.49,975.7,107.48,176.0,107.57,1164.6,107.58,790.0,107.59,1018.4,107.6,1051.7,107.61,955.9
1700000305.0,610,107.53,0.03999999999999204,107.51,466.9,107.55,70.9,2220.3,2093.2,107.55,21.8,BUY,4,107.51,466.9,107.5,557.4,107.49,121.4,107.48,656.8,107.47,417.8,107.55,70.9,107.56,210.4,107.57,254.9,107.58,994.3,107.59,562.7
1700000305.5,611,107.54499999999999,0.04999999999999716,107.52,792.3,107.57,75.8,4547.599999999999,6345.400000000001,107.57,8.2,BUY,5,107.52,792.3,107.51,727.9,107.5,936.2,107.49,430.1,107.48,1661.1,107.57,75.8,107.58,40.5,107.59,219.8,107.6,5257.3,107.61,752.0
1700000306.0,612,111.08,0.060000000000002274,111.05,1008.3,111.11,1334.6,4503.7,5657.4,111.11,29.1,BUY,1,111.05,1008.3,111.04,1286.0,111.03,53.5,111.02,426.7,111.01,1729.2,111.11,1334.6,111.12,311.8,111.13,1294.6,111.14,2291.2,111.15,425.2
1700000306.5,613,111.08,0.060000000000002274,111.05,914.1,111.11,29.1,3993.2,5502.8,111.11,10.6,BUY,1,111.05,914.1,111.04,173.3,111.03,1065.5,111.02,1707.8,111.01,132.5,111.11,29.1,111.12,75.6,111.13,49.6,111.14,4428.3,111.15,920.2
1700000307.0,614,111.08,0.060000000000002274,111.05,725.1,111.11,227.8,4114.1,2312.6,111.11,26.4,BUY,2,111.05,725.1,111.04,455.7,111.03,612.1,111.02,370.0,111.01,1951.2,111.11,227.8,111.12,185.9,111.13,15.0,111.14,756.9,111.15,1127.0
1700000307.5,615,111.09,0.060000000000002274,111.06,758.7,111.12,415.9,2158.4,3197.7,111.12,5.0,BUY,1,111.06,758.7,111.05,676.3,111.04,280.3,111.03,373.1,111.02,70.0,111.12,415.9,111.13,624.1,111.14,183.0,111.15,1394.2,111.16,580.5
1700000308.0,616,111.09,0.060000000000002274,111.06,368.2,111.12,535.4,1881.9,6510.299999999999,111.06,49.5,SELL,2,111.06,368.2,111.05,47.8,111.04,236.9,111.03,549.0,111.02,680.0,111.12,535.4,111.13,156.4,111.14,1401.2,111.15,371.2,111.16,4046.1
1700000308.5,617,101.13,0.04000000000000625,101.11,1053.1,101.15,55.9,5778.099999999999,4345.2,101.13,0.0,BUY,0,101.11,1053.1,101.1,896.2,101.09,207.7,101.08,2824.2,101.07,796.9,101.15,55.9,101.16,37.8,101.17,510.8,101.18,581.6,101.19,3159.1
1700000309.0,618,101.13,0.04000000000000625,101.11,299.8,101.15,874.2,3799.2,1772.8999999999999,101.13,0.0,BUY,0,101.11,299.8,101.1,904.2,101.09,609.3,101.08,130.2,101.07,1855.7,101.15,874.2,101.16,421.9,101.17,157.3,101.18,191.1,101.19,128.4
1700000309.5,619,101.12,0.060000000000002274,101.09,237.7,101.15,10.0,8527.4,5895.7,101.09,5.8,SELL,3,101.09,237.7,101.08,2633.3,101.07,1185.6,101.06,1959.1,101.05,2511.7,101.15,10.0,101.16,894.6,101.17,744.0,101.18,4185.9,101.19,61.2
1700000310.0,620,101.095,0.05000000000001137,101.07,365.7,101.12,1184.7,2814.9,4079.6,101.07,80.0,SELL,1,101.07,365.7,101.06,13.3,101.05,1978.4,101.04,401.7,101.03,55.8,101.12,1184.7,101.13,1222.5,101.14,1333.0,101.15,80.4,101.16,259.0
1700000310.5,621,101.1,0.04000000000000625,101.08,315.1,101.12,287.8,4453.9,4011.2,101.1,0.0,BUY,0,101.08,315.1,101.07,766.8,101.06,139.4,101.05,1025.0,101.04,2207.6,101.12,287.8,101.13,807.8,101.14,1190.3,101.15,508.1,101.16,1217.2
1700000311.0,622,101.095,0.05000000000001137,101.07,42.8,101.12,693.7,1800.3999999999999,5798.099999999999,101.12,20.1,BUY,2,101.07,42.8,101.06,619.0,101.05,307.1,101.04,170.2,101.03,661.3,101.12,693.7,101.13,511.9,101.14,3804.8,101.15,559.0,101.16,228.7
1700000311.5,623,101.095,0.05000000000001137,101.07,524.8,101.12,397.5,3865.2,2187.1,101.07,68.9,SELL,3,101.07,524.8,101.06,48.5,101.05,2218.9,101.04,79.1,101.03,993.9,101.12,397.5,101.13,582.0,101.14,252.6,101.15,102.6,101.16,852.4
1700000312.0,624,101.08,0.060000000000002274,101.05,2083.6,101.11,1166.6,4573.2,4842.7,101.05,22.8,SELL,1,101.05,2083.6,101.04,276.7,101.03,165.0,101.02,854.0,101.01,1193.9,101.11,1166.6,101.12,957.8,101.13,105.1,101.14,926.2,101.15,1687.0
1700000312.5,625,101.065,0.04999999999999716,101.04,1698.6,101.09,779.9,5477.900000000001,4245.299999999999,101.065,0.0,BUY,0,101.04,1698.6,101.03,923.4,101.02,1152.7,101.01,1613.4,101.0,89.8,101.09,779.9,101.1,827.9,101.11,1423.6,101.12,329.6,101.13,884.3
1700000313.0,626,97.405,0.05000000000001137,97.38,977.8,97.43,79.0,3252.2999999999997,4997.200000000001,97.43,17.2,BUY,1,97.38,977.8,97.37,754.3,97.36,841.8,97.35,350.3,97.34,328.1,97.43,79.0,97.44,361.1,97.45,213.4,97.46,3945.1,97.47,398.6
1700000313.5,627,97.405,0.05000000000001137,97.38,903.2,97.43,865.1,2641.2999999999997,4306.1,97.43,17.8,BUY,2,97.38,903.2,97.37,476.8,97.36,596.9,97.35,373.7,97.34,290.7,97.43,865.1,97.44,990.7,97.45,1608.4,97.46,344.9,97.47,497.0
1700000314.0,628,97.405,0.05000000000001137,97.38,833.0,97.43,839.6,3370.1000000000004,3977.1,97.38,29.4,SELL,2,97.38,833.0,97.37,281.9,97.36,39.3,97.35,1297.6,97.34,918.3,97.43,839.6,97.44,425.4,97.45,1247.6,97.46,708.4,97.47,756.1
1700000314.5,629,97.405,0.05000000000001137,97.38,99.5,97.43,553.9,1873.7000000000003,2334.4,97.43,27.3,BUY,3,97.38,99.5,97.37,347.6,97.36,804.7,97.35,561.2,97.34,60.7,97.43,553.9,97.44,114.7,97.45,1398.3,97.46,125.5,97.47,142.0
1700000315.0,630,97.4,0.04000000000000625,97.38,2833.3,97.42,399.5,5483.1,2605.3999999999996,97.42,5.0,BUY,1,97.38,2833.3,97.37,753.1,97.36,1415.7,97.35,438.1,97.34,42.9,97.42,399.5,97.43,170.3,97.44,121.5,97.45,1065.1,97.46,849.0
1700000315.5,631,97.405,0.05000000000001137,97.38,239.6,97.43,40.5,1796.2,2703.6,97.43,33.4,BUY,1,97.38,239.6,97.37,630.2,97.36,512.2,97.35,179.8,97.34,234.4,97.43,40.5,97.44,640.5,97.45,271.5,97.46,1569.6,97.47,181.5
1700000316.0,632,97.405,0.05000000000001137,97.38,1454.2,97.43,465.3,4363.1,3199.4,97.43,102.2,BUY,1,97.38,1454.2,97.37,1254.9,97.36,514.4,97.35,378.1,97.34,761.5,97.43,465.3,97.44,451.3,97.45,91.2,97.46,1648.0,97.47,543.6
1700000316.5,633,97.405,0.05000000000001137,97.38,114.3,97.43,405.5,6158.700000000001,2561.7,97.38,81.4,SELL,3,97.38,114.3,97.37,36.5,97.36,3697.9,97.35,1386.4,97.34,923.6,97.43,405.5,97.44,445.3,97.45,1161.0,97.46,87.2,97.47,462.7
1700000317.0,634,97.4,0.04000000000000625,97.38,258.4,97.42,139.0,3160.3,973.8,97.38,19.2,SELL,1,97.38,258.4,97.37,37.6,97.36,224.9,97.35,1792.0,97.34,847.4,97.42,139.0,97.43,26.5,97.44,168.0,97.45,204.8,97.46,435.5
1700000317.5,635,97.4,0.060000000000002274,97.37,10.0,97.43,454.3,2712.3,5192.699999999999,97.43,5.0,BUY,1,97.37,10.0,97.36,346.9,97.35,1696.1,97.34,402.0,97.33,257.3,97.43,454.3,97.44,1262.7,97.45,521.2,97.46,2135.1,97.47,819.4
1700000318.0,636,97.39,0.060000000000002274,97.36,979.2,97.42,520.1,3229.7,4564.900000000001,97.42,14.6,BUY,1,97.36,979.2,97.35,545.1,97.34,654.2,97.33,215.9,97.32,835.3,97.42,520.1,97.43,512.9,97.44,1349.4,97.45,1773.4,97.46,409.1
1700000318.5,637,97.405,0.05000000000001137,97.38,2829.1,97.43,78.4,4249.3,3476.5,97.38,5.1,SELL,2,97.38,2829.1,97.37,366.8,97.36,184.1,97.35,125.4,97.34,743.9,97.43,78.4,97.44,392.6,97.45,491.6,97.46,577.2,97.47,1936.7
1700000319.0,638,97.405,0.05000000000001137,97.38,236.8,97.43,1050.9,888.8000000000001,8455.4,97.43,9.2,BUY,2,97.38,236.8,97.37,245.9,97.36,308.1,97.35,10.0,97.34,88.0,97.43,1050.9,97.44,1593.0,97.45,1707.0,97.46,2691.1,97.47,1413.4
1700000319.5,639,97.41,0.04000000000000625,97.39,272.0,97.43,229.4,3659.9999999999995,4620.900000000001,97.43,10.4,BUY,6,97.39,272.0,97.38,33.0,97.37,2629.2,97.36,593.6,97.35,132.2,97.43,229.4,97.44,994.9,97.45,1855.0,97.46,1069.8,97.47,471.8
1700000320.0,640,97.41,0.060000000000002274,97.38,206.7,97.44,296.2,1079.8999999999999,10529.499999999998,97.41,0.0,BUY,0,97.38,206.7,97.37,656.9,97.36,52.8,97.35,126.5,97.34,37.0,97.44,296.2,97.45,6709.5,97.46,337.2,97.47,1348.3,97.48,1838.3
1700000320.5,641,97.41,0.04000000000000625,97.39,1011.2,97.43,183.0,7112.200000000001,3250.3999999999996,97.43,5.0,BUY,2,97.39,1011.2,97.38,596.5,97.37,1449.4,97.36,1826.8,97.35,2228.3,97.43,183.0,97.44,228.5,97.45,2237.1,97.46,324.7,97.47,277.1
1700000321.0,642,97.405,0.05000000000001137,97.38,78.6,97.43,810.5,1978.6999999999998,5486.6,97.43,5.0,BUY,1,97.38,78.6,97.37,736.9,97.36,73.0,97.35,503.6,97.34,586.6,97.43,810.5,97.44,600.6,97.45,1082.8,97.46,1652.1,97.47,1340.6
1700000321.5,643,97.39,0.060000000000002274,97.36,364.5,97.42,683.9,1167.2,4308.4,97.36,41.6,SELL,2,97.36,364.5,97.35,217.9,97.34,196.3,97.33,160.1,97.32,228.4,97.42,683.9,97.43,370.9,97.44,867.5,97.45,2299.6,97.46,86.5
1700000322.0,644,97.38,0.060000000000002274,97.35,202.3,97.41,354.8,2487.5,4153.1,97.35,88.0,SELL,2,97.35,202.3,97.34,576.2,97.33,690.8,97.32,56.7,97.31,961.5,97.41,354.8,97.42,797.7,97.43,2529.0,97.44,250.3,97.45,221.3
1700000322.5,645,88.47,0.03999999999999204,88.45,528.7,88.49,32.2,3958.0,4729.200000000001,88.45,163.8,SELL,2,88.45,528.7,88.44,849.2,88.43,631.8,88.42,561.8,88.41,1386.5,88.49,32.2,88.5,1934.9,88.51,477.1,88.52,10.0,88.53,2275.0
1700000323.0,646,88.48,0.060000000000002274,88.45,53.8,88.51,141.8,5658.3,2429.0,88.51,5.0,BUY,3,88.45,53.8,88.44,452.8,88.43,2421.1,88.42,818.8,88.41,1911.8,88.51,141.8,88.52,95.3,88.53,281.5,88.54,680.8,88.55,1229.6
1700000323.5,647,88.47,0.060000000000002274,88.44,281.3,88.5,11.2,4061.7,3178.7000000000003,88.5,5.0,BUY,1,88.44,281.3,88.43,373.7,88.42,1140.3,88.41,1290.8,88.4,975.6,88.5,11.2,88.51,796.8,88.52,1307.9,88.53,726.9,88.54,335.9
1700000324.0,648,88.48,0.060000000000002274,88.45,2149.0,88.51,190.8,5471.1,2224.0,88.45,13.9,SELL,1,88.45,2149.0,88.44,473.3,88.43,66.9,88.42,413.5,88.41,2368.4,88.51,190.8,88.52,34.0,88.53,403.2,88.54,1391.1,88.55,204.9
1700000324.5,649,88.48,0.060000000000002274,88.45,313.4,88.51,913.9,8157.9,2015.0,88.48,0.0,BUY,0,88.45,313.4,88.44,1432.2,88.43,2117.8,88.42,2272.1,88.41,2022.4,88.51,913.9,88.52,28.5,88.53,317.1,88.54,325.1,88.55,430.4
1700000325.0,650,88.5,0.03999999999999204,88.48,84.9,88.52,665.6,3669.7,5943.8,88.48,5.0,SELL,1,88.48,84.9,88.47,405.9,88.46,134.2,88.45,1277.2,88.44,1767.5,88.52,665.6,88.53,88.2,88.54,1120.3,88.55,68.9,88.56,4000.8
1700000325.5,651,88.49000000000001,0.04000000000000625,88.47,2257.1,88.51,146.6,3698.3,2540.6,88.51,28.7,BUY,5,88.47,2257.1,88.46,413.8,88.45,231.4,88.44,301.1,88.43,494.9,88.51,146.6,88.52,251.1,88.53,365.1,88.54,881.3,88.55,896.5
1700000326.0,652,88.49000000000001,0.04000000000000625,88.47,564.6,88.51,412.6,4148.6,8855.6,88.49000000000001,0.0,BUY,0,88.47,564.6,88.46,1928.9,88.45,358.5,88.44,339.4,88.43,957.2,88.51,412.6,88.52,1187.9,88.53,260.4,88.54,364.8,88.55,6629.9
1700000326.5,653,90.75,0.060000000000002274,90.72,331.5,90.78,236.1,7359.1,3587.7999999999997,90.75,0.0,BUY,0,90.72,331.5,90.71,73.0,90.7,1969.1,90.69,1265.7,90.68,3719.8,90.78,236.1,90.79,710.6,90.8,1044.1,90.81,1149.6,90.82,447.4
1700000327.0,654,90.75,0.060000000000002274,90.72,149.7,90.78,326.3,2409.5,4120.9,90.78,5.0,BUY,3,90.72,149.7,90.71,197.6,90.7,222.9,90.69,155.0,90.68,1684.3,90.78,326.3,90.79,493.0,90.8,1239.1,90.81,1535.7,90.82,526.8
1700000327.5,655,90.75,0.03999999999999204,90.73,1979.2,90.77,426.7,4968.299999999999,1688.3,90.75,0.0,BUY,0,90.73,1979.2,90.72,286.5,90.71,581.1,90.7,1850.1,90.69,271.4,90.77,426.7,90.78,589.7,90.79,200.1,90.8,10.0,90.81,461.8
1700000328.0,656,90.75,0.03999999999999204,90.73,22.5,90.77,327.2,1835.1999999999998,2232.8,90.77,21.7,BUY,1,90.73,22.5,90.72,259.1,90.71,418.6,90.7,546.4,90.69,588.6,90.77,327.2,90.78,106.6,90.79,1234.6,90.8,283.6,90.81,280.8
1700000328.5,657,90.75999999999999,0.04000000000000625,90.74,1379.4,90.78,24.1,2878.2,5231.6,90.78,30.9,BUY,1,90.74,1379.4,90.73,479.3,90.72,509.5,90.71,197.0,90.7,313.0,90.78,24.1,90.79,187.7,90.8,2564.3,90.81,2445.5,90.82,10.0
1700000329.0,658,90.74,0.060000000000002274,90.71,43.6,90.77,696.8,5669.6,3089.0999999999995,90.77,78.2,BUY,1,90.71,43.6,90.7,1072.5,90.69,999.3,90.68,132.9,90.67,3421.3,90.77,696.8,90.78,582.0,90.79,1090.1,90.8,38.7,90.81,681.5
1700000329.5,659,90.74,0.060000000000002274,90.71,1065.5,90.77,1410.6,4409.700000000001,7880.5,90.71,11.8,SELL,3,90.71,1065.5,90.7,318.0,90.69,346.4,90.68,766.4,90.67,1913.4,90.77,1410.6,90.78,1871.2,90.79,1130.9,90.8,225.7,90.81,3242.1
1700000330.0,660,90.73,0.060000000000002274,90.7,741.2,90.76,578.5,2170.1000000000004,2515.8,90.73,0.0,BUY,0,90.7,741.2,90.69,306.1,90.68,686.3,90.67,38.5,90.66,398.0,90.76,578.5,90.77,432.2,90.78,283.3,90.79,846.9,90.8,374.9
1700000330.5,661,90.73,0.060000000000002274,90.7,41.2,90.76,467.8,1701.4,2735.3,90.7,67.7,SELL,1,90.7,41.2,90.69,666.3,90.68,57.5,90.67,63.2,90.66,873.2,90.76,467.8,90.77,321.2,90.78,150.0,90.79,102.8,90.8,1693.5
1700000331.0,662,90.74,0.060000000000002274,90.71,268.0,90.77,1244.1,4765.8,7023.5,90.74,0.0,BUY,0,90.71,268.0,90.7,10.0,90.69,1026.7,90.68,2959.3,90.67,501.8,90.77,1244.1,90.78,415.3,90.79,1901.2,90.8,1599.8,90.81,1863.1
1700000331.5,663,90.74,0.060000000000002274,90.71,35.7,90.77,48.7,1344.8000000000002,3334.0,90.77,25.0,BUY,1,90.71,35.7,90.7,575.7,90.69,239.7,90.68,287.6,90.67,206.1,90.77,48.7,90.78,834.5,90.79,27.0,90.8,159.9,90.81,2263.9
1700000332.0,664,90.75,0.060000000000002274,90.72,1046.6,90.78,587.9,7224.099999999999,2568.8999999999996,90.78,56.6,BUY,4,90.72,1046.6,90.71,63.5,90.7,1572.5,90.69,4443.8,90.68,97.7,90.78,587.9,90.79,84.4,90.8,203.9,90.81,1282.6,90.82,410.1
1700000332.5,665,90.75,0.060000000000002274,90.72,813.8,90.78,400.8,2984.5,2146.0,90.78,107.3,BUY,2,90.72,813.8,90.71,17.9,90.7,1308.3,90.69,265.6,90.68,578.9,90.78,400.8,90.79,311.6,90.8,381.6,90.81,172.7,90.82,879.3
1700000333.0,666,90.74,0.060000000000002274,90.71,173.7,90.77,311.4,2959.7000000000003,1216.0,90.71,106.4,SELL,1,90.71,173.7,90.7,1461.5,90.69,604.6,90.68,91.5,90.67,628.4,90.77,311.4,90.78,21.9,90.79,233.4,90.8,588.3,90.81,61.0
1700000333.5,667,90.74,0.060000000000002274,90.71,74.8,90.77,106.7,2264.1,2827.2000000000003,90.71,11.2,SELL,1,90.71,74.8,90.7,161.6,90.69,109.3,90.68,563.9,90.67,1354.5,90.77,106.7,90.78,148.8,90.79,862.7,90.8,1547.1,90.81,161.9
1700000334.0,668,90.75,0.060000000000002274,90.72,306.7,90.78,369.2,5945.9,5491.299999999999,90.72,38.5,SELL,1,90.72,306.7,90.71,19.7,90.7,2344.3,90.69,2745.3,90.68,529.9,90.78,369.2,90.79,19.1,90.8,1720.3,90.81,2592.2,90.82,790.5
1700000334.5,669,90.75,0.060000000000002274,90.72,804.1,90.78,10.0,2289.1,1423.0,90.78,15.3,BUY,1,90.72,804.1,90.71,921.6,90.7,307.0,90.69,164.3,90.68,92.1,90.78,10.0,90.79,709.4,90.8,379.7,90.81,56.3,90.82,267.6
1700000335.0,670,90.75999999999999,0.04000000000000625,90.74,344.5,90.78,669.0,3739.3999999999996,8312.7,90.75999999999999,0.0,BUY,0,90.74,344.5,90.73,1152.0,90.72,322.1,90.71,834.0,90.7,1086.8,90.78,669.0,90.79,141.5,90.8,661.1,90.81,4329.6,90.82,2511.5
1700000335.5,671,90.75999999999999,0.04000000000000625,90.74,508.3,90.78,739.0,2971.5,2335.5,90.78,15.8,BUY,2,90.74,508.3,90.73,61.4,90.72,1230.8,90.71,477.1,90.7,693.9,90.78,739.0,90.79,130.8,90.8,244.1,90.81,864.2,90.82,357.4
1700000336.0,672,84.56,0.060000000000002274,84.53,25.6,84.59,222.6,4028.4,1160.1,84.56,0.0,BUY,0,84.53,25.6,84.52,45.9,84.51,1606.8,84.5,1258.7,84.49,1091.4,84.59,222.6,84.6,535.0,84.61,279.8,84.62,18.1,84.63,104.6
1700000336.5,673,84.56,0.060000000000002274,84.53,42.0,84.59,411.2,3641.5,2935.5999999999995,84.56,0.0,BUY,0,84.53,42.0,84.52,203.2,84.51,51.3,84.5,617.9,84.49,2727.1,84.59,411.2,84.6,25.9,84.61,1468.0,84.62,822.3,84.63,208.2
1700000337.0,674,84.55,0.060000000000002274,84.52,863.8,84.58,556.0,2186.1,2142.2000000000003,84.52,26.5,SELL,1,84.52,863.8,84.51,199.2,84.5,64.6,84.49,89.1,84.48,969.4,84.58,556.0,84.59,602.9,84.6,31.9,84.61,819.4,84.62,132.0
1700000337.5,675,84.55,0.03999999999999204,84.53,375.4,84.57,1046.9,3535.6000000000004,10618.0,84.57,66.0,BUY,1,84.53,375.4,84.52,393.4,84.51,580.7,84.5,327.7,84.49,1858.4,84.57,1046.9,84.58,1275.6,84.59,1489.2,84.6,1216.2,84.61,5590.1
1700000338.0,676,84.54499999999999,0.04999999999999716,84.52,163.4,84.57,324.9,5525.200000000001,1234.9,84.52,9.7,SELL,3,84.52,163.4,84.51,197.7,84.5,557.0,84.49,1996.2,84.48,2610.9,84.57,324.9,84.58,339.9,84.59,180.1,84.6,255.5,84.61,134.5
1700000338.5,677,84.55,0.060000000000002274,84.52,430.4,84.58,707.7,4923.1,2313.8,84.58,23.3,BUY,1,84.52,430.4,84.51,1516.9,84.5,1254.6,84.49,352.0,84.48,1369.2,84.58,707.7,84.59,155.8,84.6,541.0,84.61,61.0,84.62,848.3
1700000339.0,678,84.53999999999999,0.05999999999998806,84.51,73.6,84.57,241.4,8032.200000000001,7662.299999999999,84.57,7.4,BUY,1,84.51,73.6,84.5,1167.9,84.49,500.3,84.48,4235.6,84.47,2054.8,84.57,241.4,84.58,1473.5,84.59,2769.5,84.6,2547.0,84.61,630.9
1700000339.5,679,84.55,0.060000000000002274,84.52,278.6,84.58,82.5,5807.6,2493.6,84.55,0.0,BUY,0,84.52,278.6,84.51,282.1,84.5,3815.9,84.49,926.3,84.48,504.7,84.58,82.5,84.59,1052.4,84.6,380.1,84.61,228.7,84.62,749.9
1700000340.0,680,84.55,0.060000000000002274,84.52,414.5,84.58,1077.2,3203.6,4295.5,84.58,80.7,BUY,1,84.52,414.5,84.51,49.2,84.5,1551.3,84.49,248.6,84.48,940.0,84.58,1077.2,84.59,706.0,84.6,752.1,84.61,230.9,84.62,1529.3
1700000340.5,681,84.54499999999999,0.04999999999999716,84.52,87.6,84.57,109.8,4174.4,1711.7999999999997,84.52,7.5,SELL,2,84.52,87.6,84.51,1220.1,84.5,616.1,84.49,12.5,84.48,2238.1,84.57,109.8,84.58,423.4,84.59,23.9,84.6,430.4,84.61,724.3
1700000341.0,682,84.54499999999999,0.04999999999999716,84.52,360.5,84.57,291.5,2583.6,8492.900000000001,84.57,47.3,BUY,2,84.52,360.5,84.51,307.0,84.5,322.3,84.49,1319.8,84.48,274.0,84.57,291.5,84.58,1103.0,84.59,1049.4,84.6,981.2,84.61,5067.8
1700000341.5,683,84.54499999999999,0.04999999999999716,84.52,223.6,84.57,10.0,4327.099999999999,5122.200000000001,84.57,9.3,BUY,5,84.52,223.6,84.51,859.3,84.5,241.4,84.49,1607.6,84.48,1395.2,84.57,10.0,84.58,981.0,84.59,1400.4,84.6,78.9,84.61,2651.9
1700000342.0,684,84.54499999999999,0.04999999999999716,84.52,303.3,84.57,485.6,4477.7,6180.499999999999,84.52,74.9,SELL,2,84.52,303.3,84.51,966.0,84.5,1993.9,84.49,894.4,84.48,320.1,84.57,485.6,84.58,2312.2,84.59,640.5,84.6,1808.5,84.61,933.7
1700000342.5,685,84.54499999999999,0.04999999999999716,84.52,27.8,84.57,358.0,1228.8,1216.7,84.57,49.0,BUY,1,84.52,27.8,84.51,340.9,84.5,641.5,84.49,17.3,84.48,201.3,84.57,358.0,84.58,65.2,84.59,350.9,84.6,254.9,84.61,187.7
1700000343.0,686,84.53999999999999,0.04000000000000625,84.52,2082.5,84.56,213.7,7705.4,5481.6,84.56,12.0,BUY,1,84.52,2082.5,84.51,419.7,84.5,1243.3,84.49,1190.8,84.48,2769.1,84.56,213.7,84.57,1662.3,84.58,891.8,84.59,1286.5,84.6,1427.3
1700000343.5,687,84.54499999999999,0.04999999999999716,84.52,420.3,84.57,537.9,2082.4,4254.3,84.57,5.0,BUY,2,84.52,420.3,84.51,298.0,84.5,606.2,84.49,118.3,84.48,639.6,84.57,537.9,84.58,963.8,84.59,45.7,84.6,1583.9,84.61,1123.0
1700000344.0,688,84.53999999999999,0.04000000000000625,84.52,209.9,84.56,1028.3,3299.8,2416.7,84.56,5.0,BUY,1,84.52,209.9,84.51,98.7,84.5,1380.7,84.49,998.3,84.48,612.2,84.56,1028.3,84.57,602.1,84.58,313.3,84.59,452.5,84.6,20.5
1700000344.5,689,84.53,0.060000000000002274,84.5,276.7,84.56,147.8,5109.1,2273.9,84.56,149.7,BUY,2,84.5,276.7,84.49,663.2,84.48,1036.5,84.47,1813.6,84.46,1319.1,84.56,147.8,84.57,60.6,84.58,188.7,84.59,1173.4,84.6,703.4
1700000345.0,690,84.52,0.060000000000002274,84.49,389.8,84.55,506.5,3346.7,2593.3999999999996,84.55,15.6,BUY,3,84.49,389.8,84.48,79.8,84.47,418.1,84.46,340.3,84.45,2118.7,84.55,506.5,84.56,203.1,84.57,948.4,84.58,30.1,84.59,905.3
1700000345.5,691,84.52000000000001,0.04000000000000625,84.5,1366.8,84.54,1310.8,3741.0,6447.6,84.52000000000001,0.0,BUY,0,84.5,1366.8,84.49,244.5,84.48,695.4,84.47,702.3,84.46,732.0,84.54,1310.8,84.55,213.6,84.56,518.2,84.57,1995.5,84.58,2409.5
1700000346.0,692,84.51,0.060000000000002274,84.48,139.1,84.54,1437.4,2441.5,4811.4,84.54,83.7,BUY,1,84.48,139.1,84.47,233.4,84.46,28.0,84.45,1845.2,84.44,195.8,84.54,1437.4,84.55,573.4,84.56,694.5,84.57,638.1,84.58,1468.0
1700000346.5,693,95.21000000000001,0.05999999999998806,95.18,318.9,95.24,1633.3,3119.0,2543.2999999999997,95.18,9.2,SELL,3,95.18,318.9,95.17,907.9,95.16,476.3,95.15,1099.9,95.14,316.0,95.24,1633.3,95.25,525.3,95.26,68.7,95.27,129.5,95.28,186.5
1700000347.0,694,95.22,0.03999999999999204,95.2,1587.8,95.24,51.0,2496.1,1541.2,95.24,36.1,BUY,1,95.2,1587.8,95.19,172.9,95.18,290.0,95.17,199.3,95.16,246.1,95.24,51.0,95.25,658.2,95.26,754.1,95.27,65.6,95.28,12.3
1700000347.5,695,95.21000000000001,0.05999999999998806,95.18,404.7,95.24,445.9,2363.5,4216.7,95.24,19.7,BUY,1,95.18,404.7,95.17,600.3,95.16,374.6,95.15,823.7,95.14,160.2,95.24,445.9,95.25,155.4,95.26,2067.5,95.27,1217.5,95.28,330.4
1700000348.0,696,95.20500000000001,0.04999999999999716,95.18,77.4,95.23,258.7,917.7,1553.1,95.20500000000001,0.0,BUY,0,95.18,77.4,95.17,43.5,95.16,50.6,95.15,138.7,95.14,607.5,95.23,258.7,95.24,12.7,95.25,50.8,95.26,822.8,95.27,408.1
1700000348.5,697,95.22,0.03999999999999204,95.2,2419.0,95.24,912.5,5716.900000000001,3620.7,95.24,49.3,BUY,1,95.2,2419.0,95.19,473.8,95.18,1678.0,95.17,628.8,95.16,517.3,95.24,912.5,95.25,375.0,95.26,458.6,95.27,319.9,95.28,1554.7
1700000349.0,698,95.20500000000001,0.04999999999999716,95.18,232.1,95.23,10.0,2814.3,3630.9,95.18,34.0,SELL,4,95.18,232.1,95.17,707.5,95.16,1610.4,95.15,141.8,95.14,122.5,95.23,10.0,95.24,377.4,95.25,413.3,95.26,908.7,95.27,1921.5
1700000349.5,699,95.22,0.060000000000002274,95.19,457.3,95.25,217.4,3168.2,2320.2,95.25,19.3,BUY,1,95.19,457.3,95.18,298.0,95.17,2033.7,95.16,232.6,95.15,146.6,95.25,217.4,95.26,526.4,95.27,102.3,95.28,1075.5,95.29,398.6
1700000350.0,700,95.21000000000001,0.04000000000000625,95.19,782.0,95.23,732.5,3358.3,6235.8,95.19,24.4,SELL,2,95.19,782.0,95.18,40.2,95.17,59.8,95.16,1756.4,95.15,719.9,95.23,732.5,95.24,1859.4,95.25,1048.2,95.26,1682.7,95.27,913.0
1700000350.5,701,95.2,0.060000000000002274,95.17,406.9,95.23,558.7,1825.6,4381.8,95.17,12.0,SELL,2,95.17,406.9,95.16,119.3,95.15,679.8,95.14,51.6,95.13,568.0,95.23,558.7,95.24,232.9,95.25,376.6,95.26,2419.9,95.27,793.7
1700000351.0,702,95.19,0.060000000000002274,95.16,1634.3,95.22,177.1,4521.7,3257.0,95.22,26.5,BUY,1,95.16,1634.3,95.15,1201.7,95.14,817.0,95.13,672.9,95.12,195.8,95.22,177.1,95.23,170.0,95.24,1984.6,95.25,268.0,95.26,657.3
1700000351.5,703,95.19,0.060000000000002274,95.16,39.4,95.22,505.1,7884.2,2504.2,95.22,5.0,BUY,1,95.16,39.4,95.15,1112.0,95.14,2708.0,95.13,541.5,95.12,3483.3,95.22,505.1,95.23,31.3,95.24,1115.2,95.25,247.8,95.26,604.8
1700000352.0,704,95.2,0.060000000000002274,95.17,53.4,95.23,306.6,6318.3,4954.1,95.23,29.7,BUY,1,95.17,53.4,95.16,1146.3,95.15,742.6,95.14,2030.4,95.13,2345.6,95.23,306.6,95.24,287.3,95.25,155.6,95.26,1889.9,95.27,2314.7
1700000352.5,705,95.19,0.060000000000002274,95.16,556.2,95.22,200.6,5984.400000000001,6199.7,95.19,0.0,BUY,0,95.16,556.2,95.15,275.5,95.14,1146.6,95.13,3074.0,95.12,932.1,95.22,200.6,95.23,165.2,95.24,3853.7,95.25,148.9,95.26,1831.3
1700000353.0,706,95.185,0.04999999999999716,95.16,701.4,95.21,370.2,4644.0,3853.1,95.16,9.4,SELL,1,95.16,701.4,95.15,364.5,95.14,591.1,95.13,2118.7,95.12,868.3,95.21,370.2,95.22,1064.3,95.23,181.6,95.24,1557.9,95.25,679.1
1700000353.5,707,95.19,0.060000000000002274,95.16,1729.5,95.22,244.9,3905.6000000000004,3342.6,95.16,6.5,SELL,2,95.16,1729.5,95.15,359.3,95.14,511.9,95.13,1095.7,95.12,209.2,95.22,244.9,95.23,465.4,95.24,326.3,95.25,651.3,95.26,1654.7
1700000354.0,708,99.59,0.060000000000002274,99.56,130.3,99.62,10.0,7668.2,3222.7999999999997,99.56,61.7,SELL,1,99.56,130.3,99.55,308.8,99.54,4024.9,99.53,2104.7,99.52,1099.5,99.62,10.0,99.63,1632.1,99.64,1544.8,99.65,10.0,99.66,25.9
1700000354.5,709,99.59,0.060000000000002274,99.56,570.5,99.62,365.5,4058.9,5368.4,99.62,39.7,BUY,3,99.56,570.5,99.55,1109.8,99.54,965.0,99.53,1202.7,99.52,210.9,99.62,365.5,99.63,147.4,99.64,2709.4,99.65,1817.2,99.66,328.9
1700000355.0,710,99.61,0.060000000000002274,99.58,349.1,99.64,867.7,2954.4,4004.7,99.61,0.0,BUY,0,99.58,349.1,99.57,67.4,99.56,1381.1,99.55,716.2,99.54,440.6,99.64,867.7,99.65,212.6,99.66,511.6,99.67,1177.8,99.68,1235.0
1700000355.5,711,99.59,0.060000000000002274,99.56,214.1,99.62,2033.8,2024.5,8850.5,99.62,17.5,BUY,4,99.56,214.1,99.55,86.9,99.54,150.4,99.53,281.6,99.52,1291.5,99.62,2033.8,99.63,208.0,99.64,313.6,99.65,2686.1,99.66,3609.0
1700000356.0,712,99.59,0.060000000000002274,99.56,144.6,99.62,145.8,2787.7,7013.1,99.62,5.2,BUY,3,99.56,144.6,99.55,722.1,99.54,26.0,99.53,657.4,99.52,1237.6,99.62,145.8,99.63,926.3,99.64,1108.0,99.65,2980.0,99.66,1853.0
1700000356.5,713,99.58,0.060000000000002274,99.55,519.5,99.61,483.2,3506.8,4682.200000000001,99.61,51.7,BUY,1,99.55,519.5,99.54,175.3,99.53,36.9,99.52,735.9,99.51,2039.2,99.61,483.2,99.62,137.4,99.63,3713.5,99.64,338.1,99.65,10.0
1700000357.0,714,99.565,0.04999999999999716,99.54,210.6,99.59,729.6,1384.0,5752.7,99.59,16.8,BUY,1,99.54,210.6,99.53,59.3,99.52,268.4,99.51,196.5,99.5,649.2,99.59,729.6,99.6,1148.0,99.61,1912.3,99.62,758.3,99.63,1204.5
1700000357.5,715,99.54499999999999,0.04999999999999716,99.52,450.1,99.57,69.3,6338.700000000001,4695.9,99.57,5.0,BUY,4,99.52,450.1,99.51,643.4,99.5,78.8,99.49,4205.6,99.48,960.8,99.57,69.3,99.58,55.6,99.59,1776.8,99.6,93.6,99.61,2700.6
1700000358.0,716,99.53,0.060000000000002274,99.5,116.4,99.56,72.1,3013.7,8627.8,99.5,120.6,SELL,2,99.5,116.4,99.49,90.3,99.48,224.5,99.47,1292.6,99.46,1289.9,99.56,72.1,99.57,377.8,99.58,257.2,99.59,736.2,99.6,7184.5
1700000358.5,717,99.53,0.060000000000002274,99.5,677.3,99.56,10.0,5257.099999999999,2208.6,99.56,5.0,BUY,1,99.5,677.3,99.49,3731.7,99.48,791.9,99.47,14.5,99.46,41.7,99.56,10.0,99.57,205.8,99.58,521.2,99.59,782.3,99.6,689.3
1700000359.0,718,99.53,0.03999999999999204,99.51,980.5,99.55,909.0,3383.7,4110.5,99.51,136.6,SELL,1,99.51,980.5,99.5,156.3,99.49,18.7,99.48,1550.1,99.47,678.1,99.55,909.0,99.56,40.5,99.57,241.7,99.58,1403.3,99.59,1516.0
1700000359.5,719,99.52,0.060000000000002274,99.49,161.4,99.55,1264.4,4184.200000000001,2224.0,99.55,13.0,BUY,5,99.49,161.4,99.48,909.2,99.47,1013.7,99.46,867.4,99.45,1232.5,99.55,1264.4,99.56,86.3,99.57,26.2,99.58,22.5,99.59,824.6
1700000360.0,720,99.52,0.060000000000002274,99.49,66.1,99.55,2905.1,5292.4,8551.4,99.52,0.0,BUY,0,99.49,66.1,99.48,979.6,99.47,1253.8,99.46,757.0,99.45,2235.9,99.55,2905.1,99.56,627.2,99.57,413.5,99.58,4116.2,99.59,489.4
1700000360.5,721,99.51,0.060000000000002274,99.48,343.6,99.54,547.7,1609.3999999999999,3675.0,99.54,29.2,BUY,5,99.48,343.6,99.47,285.0,99.46,518.4,99.45,227.3,99.44,235.1,99.54,547.7,99.55,160.3,99.56,902.3,99.57,417.6,99.58,1647.1
1700000361.0,722,99.50999999999999,0.04000000000000625,99.49,829.1,99.53,652.9,4169.3,3935.8,99.50999999999999,0.0,BUY,0,99.49,829.1,99.48,527.0,99.47,1154.1,99.46,659.9,99.45,999.2,99.53,652.9,99.54,256.5,99.55,312.3,99.56,407.2,99.57,2306.9
1700000361.5,723,99.50999999999999,0.04000000000000625,99.49,487.5,99.53,435.2,2508.5,1720.5,99.50999999999999,0.0,BUY,0,99.49,487.5,99.48,423.4,99.47,1088.9,99.46,22.5,99.45,486.2,99.53,435.2,99.54,100.8,99.55,490.1,99.56,684.4,99.57,10.0
1700000362.0,724,99.50999999999999,0.04000000000000625,99.49,787.0,99.53,698.7,10141.6,4819.9,99.49,27.8,SELL,1,99.49,787.0,99.48,4013.8,99.47,1521.3,99.46,988.3,99.45,2831.2,99.53,698.7,99.54,695.4,99.55,999.7,99.56,373.2,99.57,2052.9
1700000362.5,725,99.5,0.03999999999999204,99.48,2883.5,99.52,105.0,6425.2,2053.8,99.5,0.0,BUY,0,99.48,2883.5,99.47,206.3,99.46,2128.7,99.45,592.2,99.44,614.5,99.52,105.0,99.53,291.6,99.54,685.6,99.55,554.5,99.56,417.1
1700000363.0,726,99.49,0.060000000000002274,99.46,373.0,99.52,1687.3,3476.7999999999997,7741.3,99.52,16.8,BUY,1,99.46,373.0,99.45,465.4,99.44,493.4,99.43,1740.3,99.42,404.7,99.52,1687.3,99.53,3140.9,99.54,933.3,99.55,242.5,99.56,1737.3
1700000363.5,727,99.49,0.060000000000002274,99.46,986.1,99.52,1455.8,6825.400000000001,5126.299999999999,99.52,12.6,BUY,1,99.46,986.1,99.45,525.0,99.44,4576.1,99.43,718.4,99.42,19.8,99.52,1455.8,99.53,232.1,99.54,984.5,99.55,478.6,99.56,1975.3
1700000364.0,728,99.48,0.060000000000002274,99.45,785.4,99.51,68.9,2189.9,3029.1,99.45,5.0,SELL,2,99.45,785.4,99.44,532.5,99.43,24.9,99.42,658.9,99.41,188.2,99.51,68.9,99.52,35.1,99.53,484.8,99.54,310.7,99.55,2129.6
1700000364.5,729,99.48,0.060000000000002274,99.45,73.2,99.51,217.5,5740.4,3326.1,99.51,43.9,BUY,3,99.45,73.2,99.44,379.0,99.43,336.9,99.42,2045.1,99.41,2906.2,99.51,217.5,99.52,2150.1,99.53,411.4,99.54,411.2,99.55,135.9
1700000365.0,730,99.48,0.060000000000002274,99.45,40.0,99.51,862.4,7541.3,2677.8,99.51,5.9,BUY,1,99.45,40.0,99.44,857.0,99.43,64.2,99.42,250.1,99.41,6330.0,99.51,862.4,99.52,1099.9,99.53,417.1,99.54,101.0,99.55,197.4
1700000365.5,731,99.47,0.060000000000002274,99.44,180.1,99.5,56.4,2094.5,2024.3999999999999,99.47,0.0,BUY,0,99.44,180.1,99.43,55.0,99.42,188.7,99.41,1654.3,99.4,16.4,99.5,56.4,99.51,425.4,99.52,577.7,99.53,416.6,99.54,548.3
1700000366.0,732,89.86,0.060000000000002274,89.83,737.4,89.89,975.1,3165.8,3599.1,89.89,69.6,BUY,1,89.83,737.4,89.82,341.0,89.81,376.8,89.8,1172.3,89.79,538.3,89.89,975.1,89.9,342.4,89.91,648.7,89.92,400.8,89.93,1232.1
1700000366.5,733,89.86,0.060000000000002274,89.83,1004.7,89.89,1012.9,7323.700000000001,4593.0,89.83,20.5,SELL,1,89.83,1004.7,89.82,1176.9,89.81,30.3,89.8,1884.5,89.79,3227.3,89.89,1012.9,89.9,329.6,89.91,29.9,89.92,2767.0,89.93,453.6
1700000367.0,734,89.86,0.060000000000002274,89.83,1195.7,89.89,458.5,5375.6,4978.500000000001,89.89,32.0,BUY,1,89.83,1195.7,89.82,206.6,89.81,1040.4,89.8,1181.9,89.79,1751.0,89.89,458.5,89.9,592.7,89.91,560.6,89.92,2700.4,89.93,666.3
1700000367.5,735,89.86,0.060000000000002274,89.83,1347.1,89.89,84.6,3211.1,1974.6,89.83,64.7,SELL,1,89.83,1347.1,89.82,262.6,89.81,459.3,89.8,613.5,89.79,528.6,89.89,84.6,89.9,442.4,89.91,62.2,89.92,176.6,89.93,1208.8
1700000368.0,736,89.86,0.060000000000002274,89.83,380.8,89.89,225.3,4697.3,1924.8,89.86,0.0,BUY,0,89.83,380.8,89.82,824.1,89.81,1047.2,89.8,302.7,89.79,2142.5,89.89,225.3,89.9,732.2,89.91,731.6,89.92,156.3,89.93,79.4
1700000368.5,737,89.86,0.03999999999999204,89.84,214.1,89.88,117.3,5657.400000000001,4087.2,89.88,36.4,BUY,3,89.84,214.1,89.83,445.6,89.82,3346.6,89.81,586.8,89.8,1064.3,89.88,117.3,89.89,734.5,89.9,411.3,89.91,821.4,89.92,2002.7
1700000369.0,738,89.85,0.060000000000002274,89.82,50.3,89.88,359.6,4699.2,3026.7000000000003,89.82,5.0,SELL,3,89.82,50.3,89.81,810.6,89.8,2461.6,89.79,131.0,89.78,1245.7,89.88,359.6,89.89,88.6,89.9,1881.4,89.91,283.9,89.92,413.2
1700000369.5,739,89.34,0.060000000000002274,89.31,601.4,89.37,1078.4,1867.5,3837.7,89.31,38.2,SELL,3,89.31,601.4,89.3,70.8,89.29,57.7,89.28,674.1,89.27,463.5,89.37,1078.4,89.38,1102.8,89.39,1090.1,89.4,172.6,89.41,393.8
1700000370.0,740,89.35,0.060000000000002274,89.32,319.2,89.38,1543.5,4206.3,2721.6,89.38,25.3,BUY,1,89.32,319.2,89.31,823.7,89.3,682.7,89.29,1937.5,89.28,443.2,89.38,1543.5,89.39,498.5,89.4,289.4,89.41,85.1,89.42,305.1
1700000370.5,741,95.685,0.04999999999999716,95.66,842.6,95.71,146.9,4750.200000000001,1790.9,95.71,14.6,BUY,1,95.66,842.6,95.65,342.3,95.64,431.9,95.63,234.5,95.62,2898.9,95.71,146.9,95.72,354.0,95.73,685.1,95.74,145.7,95.75,459.2
1700000371.0,742,95.67,0.060000000000002274,95.64,56.9,95.7,60.5,3783.2,2894.3,95.7,28.3,BUY,3,95.64,56.9,95.63,72.0,95.62,334.5,95.61,390.7,95.6,2929.1,95.7,60.5,95.71,227.9,95.72,575.7,95.73,955.9,95.74,1074.3
1700000371.5,743,95.67,0.03999999999999204,95.65,1029.3,95.69,300.1,5174.2,3120.9,95.67,0.0,BUY,0,95.65,1029.3,95.64,150.5,95.63,578.4,95.62,2108.2,95.61,1307.8,95.69,300.1,95.7,1351.9,95.71,548.2,95.72,611.9,95.73,308.8
1700000372.0,744,95.66,0.060000000000002274,95.63,118.9,95.69,105.1,2430.6,7114.8,95.66,0.0,BUY,0,95.63,118.9,95.62,220.0,95.61,471.3,95.6,58.3,95.59,1562.1,95.69,105.1,95.7,2830.2,95.71,1434.1,95.72,2530.1,95.73,215.3
1700000372.5,745,95.65,0.060000000000002274,95.62,844.0,95.68,131.3,3667.7,1980.2000000000003,95.68,5.0,BUY,3,95.62,844.0,95.61,725.0,95.6,169.0,95.59,119.6,95.58,1810.1,95.68,131.3,95.69,261.7,95.7,744.9,95.71,72.7,95.72,769.6
1700000373.0,746,95.63,0.060000000000002274,95.6,1028.4,95.66,750.4,2575.1,5361.4,95.6,14.4,SELL,5,95.6,1028.4,95.59,268.6,95.58,638.7,95.57,239.0,95.56,400.4,95.66,750.4,95.67,550.8,95.68,447.6,95.69,261.2,95.7,3351.4
1700000373.5,747,95.63,0.060000000000002274,95.6,69.0,95.66,72.5,2607.8999999999996,3096.5,95.66,31.1,BUY,2,95.6,69.0,95.59,367.0,95.58,693.3,95.57,416.9,95.56,1061.7,95.66,72.5,95.67,149.7,95.68,353.9,95.69,509.1,95.7,2011.3
1700000374.0,748,95.62,0.04000000000000625,95.6,38.0,95.64,207.4,1407.1,4576.4,95.6,45.9,SELL,4,95.6,38.0,95.59,392.6,95.58,335.5,95.57,364.6,95.56,276.4,95.64,207.4,95.65,24.8,95.66,1729.3,95.67,1482.2,95.68,1132.7
1700000374.5,749,95.61,0.060000000000002274,95.58,1018.5,95.64,119.4,6591.199999999999,3051.1,95.64,5.0,BUY,2,95.58,1018.5,95.57,1050.1,95.56,175.2,95.55,1969.5,95.54,2377.9,95.64,119.4,95.65,14.5,95.66,880.6,95.67,1399.2,95.68,637.4
1700000375.0,750,95.62,0.060000000000002274,95.59,637.6,95.65,10.0,3490.7,5886.7,95.65,5.8,BUY,1,95.59,637.6,95.58,1165.9,95.57,650.0,95.56,913.6,95.55,123.6,95.65,10.0,95.66,1109.2,95.67,189.8,95.68,1590.6,95.69,2987.1
1700000375.5,751,95.62,0.060000000000002274,95.59,220.9,95.65,594.1,1822.6,2533.9,95.59,60.5,SELL,1,95.59,220.9,95.58,351.6,95.57,10.0,95.56,169.0,95.55,1071.1,95.65,594.1,95.66,356.2,95.67,810.6,95.68,386.7,95.69,386.3
1700000376.0,752,95.61,0.03999999999999204,95.59,448.6,95.63,597.8,3982.7,2564.9,95.63,10.9,BUY,1,95.59,448.6,95.58,1068.8,95.57,148.2,95.56,340.0,95.55,1977.1,95.63,597.8,95.64,464.6,95.65,380.3,95.66,317.0,95.67,805.2
1700000376.5,753,95.6,0.060000000000002274,95.57,244.4,95.63,185.8,2638.7000000000003,4061.8,95.63,98.7,BUY,2,95.57,244.4,95.56,165.1,95.55,1337.2,95.54,368.6,95.53,523.4,95.63,185.8,95.64,438.0,95.65,1042.0,95.66,10.0,95.67,2386.0
1700000377.0,754,95.595,0.05000000000001137,95.57,470.3,95.62,34.6,3654.6000000000004,2837.1,95.62,29.1,BUY,1,95.57,470.3,95.56,412.1,95.55,1599.2,95.54,1163.0,95.53,10.0,95.62,34.6,95.63,863.1,95.64,319.8,95.65,1320.5,95.66,299.1
1700000377.5,755,95.595,0.05000000000001137,95.57,313.9,95.62,857.1,1270.5,3823.8,95.57,12.2,SELL,3,95.57,313.9,95.56,233.7,95.55,128.6,95.54,400.1,95.53,194.2,95.62,857.1,95.63,422.9,95.64,195.0,95.65,2338.8,95.66,10.0
1700000378.0,756,95.595,0.05000000000001137,95.57,384.6,95.62,93.4,2117.0,2373.8999999999996,95.57,8.1,SELL,1,95.57,384.6,95.56,37.6,95.55,169.1,95.54,10.0,95.53,1515.7,95.62,93.4,95.63,253.4,95.64,1188.8,95.65,21.1,95.66,817.2
1700000378.5,757,95.6,0.04000000000000625,95.58,45.8,95.62,249.5,2054.3,4327.1,95.62,38.6,BUY,2,95.58,45.8,95.57,149.5,95.56,90.1,95.55,1555.4,95.54,213.5,95.62,249.5,95.63,627.0,95.64,768.4,95.65,2270.8,95.66,411.4
1700000379.0,758,95.59,0.060000000000002274,95.56,245.0,95.62,32.8,1915.3000000000002,3040.6,95.62,5.3,BUY,3,95.56,245.0,95.55,417.7,95.54,139.3,95.53,592.2,95.52,521.1,95.62,32.8,95.63,1794.0,95.64,168.1,95.65,515.7,95.66,530.0
1700000379.5,759,95.59,0.060000000000002274,95.56,1303.7,95.62,510.4,3979.3999999999996,1119.1,95.56,37.1,SELL,1,95.56,1303.7,95.55,48.5,95.54,766.5,95.53,468.1,95.52,1392.6,95.62,510.4,95.63,24.1,95.64,130.5,95.65,333.6,95.66,120.5
1700000380.0,760,95.59,0.060000000000002274,95.56,447.9,95.62,216.2,6084.3,9065.599999999999,95.56,38.1,SELL,2,95.56,447.9,95.55,51.6,95.54,67.7,95.53,2369.4,95.52,3147.7,95.62,216.2,95.63,960.9,95.64,3155.7,95.65,188.0,95.66,4544.8
1700000380.5,761,95.6,0.04000000000000625,95.58,119.4,95.62,10.0,2214.0,1734.6000000000001,95.58,5.0,SELL,2,95.58,119.4,95.57,433.2,95.56,148.2,95.55,738.6,95.54,774.6,95.62,10.0,95.63,473.7,95.64,1215.4,95.65,25.5,95.66,10.0
1700000381.0,762,95.59,0.060000000000002274,95.56,1386.2,95.62,587.6,4742.6,6995.099999999999,95.59,0.0,BUY,0,95.56,1386.2,95.55,35.5,95.54,26.4,95.53,1402.0,95.52,1892.5,95.62,587.6,95.63,650.9,95.64,1176.2,95.65,1076.2,95.66,3504.2
1700000381.5,763,95.59,0.060000000000002274,95.56,103.3,95.62,98.9,1937.8000000000002,6094.4,95.62,32.0,BUY,1,95.56,103.3,95.55,935.4,95.54,60.1,95.53,518.6,95.52,320.4,95.62,98.9,95.63,2510.6,95.64,526.5,95.65,804.4,95.66,2154.0
1700000382.0,764,95.58,0.060000000000002274,95.55,115.3,95.61,1838.1,1237.2,3078.1,95.55,5.0,SELL,2,95.55,115.3,95.54,203.2,95.53,477.4,95.52,231.1,95.51,210.2,95.61,1838.1,95.62,835.3,95.63,85.3,95.64,178.4,95.65,141.0
1700000382.5,765,95.58,0.060000000000002274,95.55,141.9,95.61,250.3,1793.4,2120.7000000000003,95.61,7.1,BUY,2,95.55,141.9,95.54,605.1,95.53,483.9,95.52,380.3,95.51,182.2,95.61,250.3,95.62,534.2,95.63,528.9,95.64,540.2,95.65,267.1
1700000383.0,766,95.565,0.04999999999999716,95.54,208.8,95.59,421.2,3607.7999999999997,4458.4,95.565,0.0,BUY,0,95.54,208.8,95.53,483.8,95.52,1520.1,95.51,210.6,95.5,1184.5,95.59,421.2,95.6,1044.6,95.61,363.4,95.62,336.6,95.63,2292.6
1700000383.5,767,95.56,0.060000000000002274,95.53,423.1,95.59,1891.7,2836.9,6823.9,95.56,0.0,BUY,0,95.53,423.1,95.52,140.7,95.51,1365.2,95.5,142.5,95.49,765.4,95.59,1891.7,95.6,1319.2,95.61,861.0,95.62,193.9,95.63,2558.1
1700000384.0,768,95.53999999999999,0.05999999999998806,95.51,13.0,95.57,1070.3,1955.7,2190.7999999999997,95.57,23.0,BUY,2,95.51,13.0,95.5,358.6,95.49,1067.4,95.48,211.5,95.47,305.2,95.57,1070.3,95.58,677.8,95.59,213.2,95.6,215.4,95.61,14.1
1700000384.5,769,95.53,0.060000000000002274,95.5,90.4,95.56,128.3,1149.1,2050.3,95.56,52.5,BUY,5,95.5,90.4,95.49,303.1,95.48,101.5,95.47,235.1,95.46,419.0,95.56,128.3,95.57,46.9,95.58,10.0,95.59,1255.2,95.6,609.9
1700000385.0,770,95.52,0.060000000000002274,95.49,115.2,95.55,840.7,2891.4,5881.7,95.55,24.8,BUY,2,95.49,115.2,95.48,965.5,95.47,68.7,95.46,183.3,95.45,1558.7,95.55,840.7,95.56,559.8,95.57,275.3,95.58,4009.6,95.59,196.3
1700000385.5,771,95.52,0.060000000000002274,95.49,103.7,95.55,590.8,878.9,3158.7,95.55,23.3,BUY,3,95.49,103.7,95.48,70.8,95.47,247.5,95.46,67.2,95.45,389.7,95.55,590.8,95.56,788.4,95.57,846.4,95.58,256.3,95.59,676.8
1700000386.0,772,95.51,0.060000000000002274,95.48,50.4,95.54,566.0,1761.5,1879.3,95.48,53.0,SELL,2,95.48,50.4,95.47,237.6,95.46,254.6,95.45,96.8,95.44,1122.1,95.54,566.0,95.55,54.9,95.56,957.8,95.57,148.2,95.58,152.4
1700000386.5,773,95.51,0.060000000000002274,95.48,328.1,95.54,24.5,2775.8,1074.5,95.51,0.0,BUY,0,95.48,328.1,95.47,65.2,95.46,348.0,95.45,673.0,95.44,1361.5,95.54,24.5,95.55,533.8,95.56,19.6,95.57,205.1,95.58,291.5
1700000387.0,774,95.50999999999999,0.04000000000000625,95.49,299.0,95.53,205.1,2272.9,1631.3,95.50999999999999,0.0,BUY,0,95.49,299.0,95.48,362.4,95.47,346.2,95.46,1240.4,95.45,24.9,95.53,205.1,95.54,202.6,95.55,361.1,95.56,399.2,95.57,463.3
1700000387.5,775,95.53,0.060000000000002274,95.5,654.5,95.56,644.1,4333.2,4283.3,95.56,26.5,BUY,2,95.5,654.5,95.49,205.5,95.48,330.7,95.47,353.4,95.46,2789.1,95.56,644.1,95.57,583.7,95.58,1225.6,95.59,936.4,95.6,893.5
1700000388.0,776,95.52,0.060000000000002274,95.49,1799.7,95.55,81.9,3448.6,4232.1,95.52,0.0,BUY,0,95.49,1799.7,95.48,367.3,95.47,250.5,95.46,350.2,95.45,680.9,95.55,81.9,95.56,112.2,95.57,1900.2,95.58,254.1,95.59,1883.7
1700000388.5,777,95.52,0.060000000000002274,95.49,461.3,95.55,1008.1,1608.8999999999999,3720.2000000000003,95.55,33.7,BUY,3,95.49,461.3,95.48,259.2,95.47,152.9,95.46,596.9,95.45,138.6,95.55,1008.1,95.56,246.6,95.57,860.4,95.58,1161.7,95.59,443.4
1700000389.0,778,95.51,0.060000000000002274,95.48,616.4,95.54,396.5,3436.5,3625.3,95.54,14.3,BUY,1,95.48,616.4,95.47,912.0,95.46,1156.3,95.45,564.5,95.44,187.3,95.54,396.5,95.55,147.1,95.56,108.5,95.57,124.8,95.58,2848.4
1700000389.5,779,95.51,0.060000000000002274,95.48,182.8,95.54,82.4,5166.700000000001,6281.6,95.54,105.1,BUY,1,95.48,182.8,95.47,1546.4,95.46,2415.9,95.45,1011.6,95.44,10.0,95.54,82.4,95.55,1748.5,95.56,3065.9,95.57,1233.5,95.58,151.3
1700000390.0,780,95.51,0.060000000000002274,95.48,896.5,95.54,1173.3,4622.3,3323.0,95.48,5.0,SELL,3,95.48,896.5,95.47,2176.4,95.46,844.1,95.45,80.8,95.44,624.5,95.54,1173.3,95.55,890.0,95.56,44.2,95.57,762.8,95.58,452.7
1700000390.5,781,95.52,0.060000000000002274,95.49,90.0,95.55,20.5,5682.8,1318.5,95.49,5.6,SELL,4,95.49,90.0,95.48,474.3,95.47,441.1,95.46,1245.4,95.45,3432.0,95.55,20.5,95.56,189.4,95.57,57.7,95.58,514.5,95.59,536.4
1700000391.0,782,95.51,0.060000000000002274,95.48,100.1,95.54,463.1,4058.7999999999997,4199.9,95.54,146.1,BUY,1,95.48,100.1,95.47,1532.5,95.46,208.4,95.45,1410.7,95.44,807.1,95.54,463.1,95.55,829.0,95.56,29.3,95.57,1937.3,95.58,941.2
1700000391.5,783,95.51,0.060000000000002274,95.48,148.4,95.54,137.4,4699.6,3516.3,95.48,5.2,SELL,1,95.48,148.4,95.47,955.0,95.46,519.9,95.45,348.5,95.44,2727.8,95.54,137.4,95.55,79.2,95.56,36.5,95.57,514.9,95.58,2748.3
1700000392.0,784,95.5,0.03999999999999204,95.48,331.4,95.52,467.9,5145.3,7113.200000000001,95.52,109.7,BUY,7,95.48,331.4,95.47,340.0,95.46,333.2,95.45,2538.9,95.44,1601.8,95.52,467.9,95.53,3057.5,95.54,217.6,95.55,2745.1,95.56,625.1
1700000392.5,785,95.5,0.060000000000002274,95.47,83.3,95.53,656.3,7957.1,2833.3,95.53,25.4,BUY,2,95.47,83.3,95.46,797.5,95.45,4070.3,95.44,1540.0,95.43,1466.0,95.53,656.3,95.54,78.8,95.55,140.7,95.56,1046.4,95.57,911.1
1700000393.0,786,95.5,0.060000000000002274,95.47,40.7,95.53,169.7,3599.0,3588.5000000000005,95.53,15.5,BUY,5,95.47,40.7,95.46,601.6,95.45,636.3,95.44,1287.7,95.43,1032.7,95.53,169.7,95.54,192.6,95.55,1478.4,95.56,1287.4,95.57,460.4
1700000393.5,787,95.49,0.060000000000002274,95.46,971.3,95.52,963.8,5512.6,3099.3,95.46,5.0,SELL,3,95.46,971.3,95.45,1781.2,95.44,31.4,95.43,949.1,95.42,1779.6,95.52,963.8,95.53,218.9,95.54,639.0,95.55,576.6,95.56,701.0
1700000394.0,788,95.49,0.060000000000002274,95.46,748.8,95.52,395.1,4545.3,2194.0,95.46,60.1,SELL,1,95.46,748.8,95.45,1046.2,95.44,1074.5,95.43,225.8,95.42,1450.0,95.52,395.1,95.53,130.8,95.54,69.4,95.55,155.3,95.56,1443.4
1700000394.5,789,95.48,0.060000000000002274,95.45,227.2,95.51,11.5,2573.7000000000003,2147.1,95.45,14.6,SELL,4,95.45,227.2,95.44,242.4,95.43,50.2,95.42,302.5,95.41,1751.4,95.51,11.5,95.52,10.0,95.53,249.5,95.54,194.0,95.55,1682.1
1700000395.0,790,95.48,0.060000000000002274,95.45,1139.8,95.51,1827.6,9031.0,6015.6,95.45,5.9,SELL,3,95.45,1139.8,95.44,475.9,95.43,2907.4,95.42,3767.7,95.41,740.2,95.51,1827.6,95.52,369.9,95.53,632.6,95.54,2054.1,95.55,1131.4
1700000395.5,791,95.49,0.060000000000002274,95.46,168.0,95.52,402.6,3678.1,1640.5,95.46,5.8,SELL,2,95.46,168.0,95.45,206.4,95.44,256.3,95.43,209.7,95.42,2837.7,95.52,402.6,95.53,229.6,95.54,596.0,95.55,26.7,95.56,385.6
1700000396.0,792,95.48,0.060000000000002274,95.45,51.4,95.51,791.0,2384.3,5880.9,95.51,11.4,BUY,3,95.45,51.4,95.44,260.1,95.43,401.5,95.42,353.2,95.41,1318.1,95.51,791.0,95.52,2545.3,95.53,188.4,95.54,153.2,95.55,2203.0
1700000396.5,793,95.47,0.060000000000002274,95.44,360.8,95.5,232.2,2514.0,7665.8,95.44,85.2,SELL,2,95.44,360.8,95.43,1858.2,95.42,99.1,95.41,14.9,95.4,181.0,95.5,232.2,95.51,537.2,95.52,1306.6,95.53,1165.0,95.54,4424.8
1700000397.0,794,95.45500000000001,0.04999999999999716,95.43,111.1,95.48,586.5,928.6,3589.6,95.48,8.1,BUY,2,95.43,111.1,95.42,148.6,95.41,265.0,95.4,53.8,95.39,350.1,95.48,586.5,95.49,318.2,95.5,1021.2,95.51,1528.1,95.52,135.6
1700000397.5,795,95.45500000000001,0.04999999999999716,95.43,766.7,95.48,608.9,3307.5,2608.8999999999996,95.48,10.8,BUY,1,95.43,766.7,95.42,381.9,95.41,1631.5,95.4,211.8,95.39,315.6,95.48,608.9,95.49,431.7,95.5,405.7,95.51,358.8,95.52,803.8
1700000398.0,796,95.45500000000001,0.04999999999999716,95.43,264.5,95.48,101.3,3588.2,2214.5,95.48,26.7,BUY,1,95.43,264.5,95.42,1771.1,95.41,93.2,95.4,1073.0,95.39,386.4,95.48,101.3,95.49,410.0,95.5,109.4,95.51,1095.1,95.52,498.7
1700000398.5,797,95.45,0.060000000000002274,95.42,106.9,95.48,1503.9,2011.2,3131.4000000000005,95.42,22.8,SELL,1,95.42,106.9,95.41,127.9,95.4,238.0,95.39,707.1,95.38,831.3,95.48,1503.9,95.49,97.0,95.5,601.4,95.51,537.3,95.52,391.8
1700000399.0,798,95.45,0.060000000000002274,95.42,182.2,95.48,981.4,1521.1,3314.2999999999997,95.42,25.5,SELL,2,95.42,182.2,95.41,261.2,95.4,345.7,95.39,347.9,95.38,384.1,95.48,981.4,95.49,648.8,95.5,645.0,95.51,717.7,95.52,321.4
1700000399.5,799,95.44,0.060000000000002274,95.41,64.3,95.47,262.8,3404.7,6104.900000000001,95.44,0.0,BUY,0,95.41,64.3,95.4,743.2,95.39,537.4,95.38,1962.3,95.37,97.5,95.47,262.8,95.48,1608.9,95.49,546.7,95.5,1673.2,95.51,2013.3
1700000400.0,800,95.42,0.060000000000002274,95.39,407.9,95.45,310.7,11909.3,7338.7,95.45,52.4,BUY,2,95.39,407.9,95.38,270.7,95.37,1669.9,95.36,3705.9,95.35,5854.9,95.45,310.7,95.46,725.5,95.47,3132.2,95.48,1687.5,95.49,1482.8
1700000400.5,801,95.435,0.04999999999999716,95.41,621.3,95.46,2733.1,2142.6,5846.1,95.41,29.9,SELL,2,95.41,621.3,95.4,31.9,95.39,624.3,95.38,824.7,95.37,40.4,95.46,2733.1,95.47,1013.9,95.48,187.9,95.49,183.6,95.5,1727.6
1700000401.0,802,95.435,0.04999999999999716,95.41,1753.2,95.46,55.7,6284.900000000001,2491.1000000000004,95.41,18.6,SELL,2,95.41,1753.2,95.4,552.0,95.39,1191.3,95.38,1965.6,95.37,822.8,95.46,55.7,95.47,118.2,95.48,1229.6,95.49,301.9,95.5,785.7
1700000401.5,803,95.42,0.060000000000002274,95.39,76.0,95.45,309.4,1226.4,2840.7,95.42,0.0,BUY,0,95.39,76.0,95.38,348.4,95.37,92.2,95.36,308.5,95.35,401.3,95.45,309.4,95.46,172.9,95.47,1105.3,95.48,680.8,95.49,572.3
1700000402.0,804,95.41,0.060000000000002274,95.38,10.0,95.44,326.6,1564.2,1366.5,95.41,0.0,BUY,0,95.38,10.0,95.37,451.2,95.36,793.5,95.35,137.6,95.34,171.9,95.44,326.6,95.45,38.8,95.46,388.2,95.47,533.4,95.48,79.5
1700000402.5,805,95.405,0.05000000000001137,95.38,1236.5,95.43,131.9,5782.5,3130.7,95.38,5.0,SELL,1,95.38,1236.5,95.37,67.1,95.36,618.1,95.35,245.8,95.34,3615.0,95.43,131.9,95.44,1972.3,95.45,215.5,95.46,436.1,95.47,374.9
1700000403.0,806,95.4,0.04000000000000625,95.38,168.6,95.42,628.9,3740.5999999999995,4224.5,95.42,64.8,BUY,3,95.38,168.6,95.37,1611.8,95.36,1047.0,95.35,717.6,95.34,195.6,95.42,628.9,95.43,253.3,95.44,842.0,95.45,2216.9,95.46,283.4
1700000403.5,807,95.405,0.05000000000001137,95.38,937.3,95.43,88.4,4383.8,3798.9,95.405,0.0,BUY,0,95.38,937.3,95.37,474.3,95.36,75.4,95.35,617.3,95.34,2279.5,95.43,88.4,95.44,170.1,95.45,770.4,95.46,66.9,95.47,2703.1
1700000404.0,808,95.41,0.060000000000002274,95.38,305.8,95.44,193.9,6737.1,3192.2,95.38,9.1,SELL,2,95.38,305.8,95.37,438.8,95.36,481.8,95.35,60.2,95.34,5450.5,95.44,193.9,95.45,366.1,95.46,560.0,95.47,1370.5,95.48,701.7
1700000404.5,809,95.405,0.05000000000001137,95.38,665.5,95.43,1322.6,2122.7,10191.599999999999,95.43,71.2,BUY,3,95.38,665.5,95.37,275.5,95.36,199.7,95.35,441.8,95.34,540.2,95.43,1322.6,95.44,1411.0,95.45,4832.2,95.46,1761.5,95.47,864.3
1700000405.0,810,95.405,0.05000000000001137,95.38,288.7,95.43,648.7,6798.099999999999,3535.3999999999996,95.43,13.5,BUY,2,95.38,288.7,95.37,2838.2,95.36,922.2,95.35,2449.2,95.34,299.8,95.43,648.7,95.44,538.0,95.45,1145.0,95.46,585.5,95.47,618.2
1700000405.5,811,95.39,0.060000000000002274,95.36,130.1,95.42,223.0,4102.2,3433.0,95.42,120.2,BUY,2,95.36,130.1,95.35,130.9,95.34,1538.0,95.33,1414.4,95.32,888.8,95.42,223.0,95.43,1640.5,95.44,186.5,95.45,160.7,95.46,1222.3
1700000406.0,812,95.39,0.060000000000002274,95.36,323.9,95.42,3198.4,2480.6,6732.400000000001,95.39,0.0,BUY,0,95.36,323.9,95.35,1434.7,95.34,93.6,95.33,226.1,95.32,402.3,95.42,3198.4,95.43,376.4,95.44,10.0,95.45,2511.8,95.46,635.8
1700000406.5,813,95.37,0.060000000000002274,95.34,69.9,95.4,577.2,4368.5,5143.1,95.4,5.0,BUY,2,95.34,69.9,95.33,126.1,95.32,1595.6,95.31,1308.4,95.3,1268.5,95.4,577.2,95.41,590.1,95.42,1164.9,95.43,1320.2,95.44,1490.7
1700000407.0,814,95.37,0.060000000000002274,95.34,126.7,95.4,401.6,3339.6000000000004,2468.9,95.37,0.0,BUY,0,95.34,126.7,95.33,877.7,95.32,280.8,95.31,1291.6,95.3,762.8,95.4,401.6,95.41,10.0,95.42,1501.9,95.43,10.0,95.44,545.4
1700000407.5,815,95.37,0.060000000000002274,95.34,72.0,95.4,1078.6,3572.3999999999996,4855.0,95.34,76.3,SELL,1,95.34,72.0,95.33,342.5,95.32,1774.7,95.31,235.5,95.3,1147.7,95.4,1078.6,95.41,1265.1,95.42,111.4,95.43,1379.4,95.44,1020.5
1700000408.0,816,95.37,0.060000000000002274,95.34,531.4,95.4,721.6,4270.8,4024.1,95.34,12.6,SELL,3,95.34,531.4,95.33,1165.0,95.32,883.1,95.31,1225.4,95.3,465.9,95.4,721.6,95.41,82.6,95.42,1328.3,95.43,773.2,95.44,1118.4
1700000408.5,817,95.36,0.060000000000002274,95.33,161.0,95.39,122.2,1626.1999999999998,2192.7,95.39,5.0,BUY,2,95.33,161.0,95.32,470.6,95.31,854.0,95.3,38.0,95.29,102.6,95.39,122.2,95.4,171.8,95.41,768.6,95.42,953.3,95.43,176.8
1700000409.0,818,95.36,0.03999999999999204,95.34,1370.8,95.38,281.9,3347.4,3651.2,95.38,40.1,BUY,2,95.34,1370.8,95.33,697.2,95.32,45.9,95.31,116.0,95.3,1117.5,95.38,281.9,95.39,333.3,95.4,1852.2,95.41,466.2,95.42,717.6
1700000409.5,819,95.36,0.060000000000002274,95.33,454.8,95.39,146.7,2820.7999999999997,6421.099999999999,95.33,72.1,SELL,3,95.33,454.8,95.32,209.6,95.31,857.8,95.3,392.7,95.29,905.9,95.39,146.7,95.4,212.3,95.41,2668.2,95.42,1540.2,95.43,1853.7
1700000410.0,820,95.34,0.060000000000002274,95.31,2675.9,95.37,545.2,16043.1,1961.6,95.37,107.0,BUY,2,95.31,2675.9,95.3,346.6,95.29,640.1,95.28,4785.4,95.27,7595.1,95.37,545.2,95.38,321.8,95.39,429.6,95.4,598.6,95.41,66.4
1700000410.5,821,99.05,0.060000000000002274,99.02,418.7,99.08,725.2,8351.6,4304.5,99.05,0.0,BUY,0,99.02,418.7,99.01,1234.3,99.0,1517.8,98.99,2862.7,98.98,2318.1,99.08,725.2,99.09,148.9,99.1,2023.0,99.11,1210.8,99.12,196.6
1700000411.0,822,99.05,0.060000000000002274,99.02,1523.3,99.08,683.2,3429.8999999999996,6770.0,99.02,117.0,SELL,2,99.02,1523.3,99.01,312.6,99.0,1072.8,98.99,76.6,98.98,444.6,99.08,683.2,99.09,414.3,99.1,466.4,99.11,2171.7,99.12,3034.4
1700000411.5,823,99.04499999999999,0.04999999999999716,99.02,10.0,99.07,1693.1,4747.5,6040.3,99.07,5.0,BUY,1,99.02,10.0,99.01,221.9,99.0,1985.8,98.99,318.1,98.98,2211.7,99.07,1693.1,99.08,1661.7,99.09,53.2,99.1,2298.2,99.11,334.1
1700000412.0,824,99.02,0.060000000000002274,98.99,619.1,99.05,234.8,3089.0,5578.3,99.05,23.3,BUY,5,98.99,619.1,98.98,446.9,98.97,409.1,98.96,10.5,98.95,1603.4,99.05,234.8,99.06,95.0,99.07,2930.5,99.08,897.5,99.09,1420.5
1700000412.5,825,99.02,0.060000000000002274,98.99,1622.5,99.05,138.4,2384.2,5913.800000000001,99.05,33.5,BUY,2,98.99,1622.5,98.98,264.1,98.97,86.8,98.96,400.8,98.95,10.0,99.05,138.4,99.06,1547.4,99.07,2026.9,99.08,476.2,99.09,1724.9
1700000413.0,826,99.0,0.03999999999999204,98.98,1407.7,99.02,51.5,7799.7,1155.5,98.98,46.1,SELL,2,98.98,1407.7,98.97,305.5,98.96,352.5,98.95,4228.3,98.94,1505.7,99.02,51.5,99.03,642.1,99.04,13.5,99.05,207.3,99.06,241.1
1700000413.5,827,98.99,0.060000000000002274,98.96,72.8,99.02,125.0,6434.6,3919.2,99.02,38.4,BUY,4,98.96,72.8,98.95,1012.9,98.94,561.0,98.93,125.3,98.92,4662.6,99.02,125.0,99.03,439.3,99.04,591.7,99.05,1052.2,99.06,1711.0
1700000414.0,828,98.99,0.060000000000002274,98.96,192.0,99.02,121.1,2132.5,2883.8,99.02,5.0,BUY,3,98.96,192.0,98.95,751.4,98.94,932.3,98.93,42.2,98.92,214.6,99.02,121.1,99.03,1263.5,99.04,321.0,99.05,1091.4,99.06,86.8
1700000414.5,829,99.0,0.060000000000002274,98.97,163.9,99.03,59.7,2090.8,1779.5,99.03,35.2,BUY,1,98.97,163.9,98.96,805.4,98.95,307.2,98.94,519.9,98.93,294.4,99.03,59.7,99.04,352.8,99.05,657.7,99.06,217.3,99.07,492.0
1700000415.0,830,98.99,0.060000000000002274,98.96,790.5,99.02,404.4,4048.7,11497.5,98.99,0.0,BUY,0,98.96,790.5,98.95,547.2,98.94,506.8,98.93,484.7,98.92,1719.5,99.02,404.4,99.03,1037.7,99.04,1484.5,99.05,174.0,99.06,8396.9
1700000415.5,831,98.98,0.060000000000002274,98.95,623.9,99.01,768.2,6146.5,6078.5,99.01,5.0,BUY,1,98.95,623.9,98.94,160.2,98.93,2727.6,98.92,2048.8,98.91,586.0,99.01,768.2,99.02,185.9,99.03,1875.7,99.04,693.6,99.05,2555.1
1700000416.0,832,99.0,0.060000000000002274,98.97,1496.5,99.03,89.9,5716.400000000001,857.0000000000001,98.97,23.7,SELL,1,98.97,1496.5,98.96,272.8,98.95,444.5,98.94,1831.4,98.93,1671.2,99.03,89.9,99.04,487.8,99.05,122.2,99.06,11.0,99.07,146.1
1700000416.5,833,99.0,0.060000000000002274,98.97,261.2,99.03,744.9,5450.4,3714.5999999999995,98.97,5.0,SELL,1,98.97,261.2,98.96,1543.4,98.95,722.6,98.94,531.1,98.93,2392.1,99.03,744.9,99.04,914.7,99.05,571.8,99.06,936.0,99.07,547.2
1700000417.0,834,99.0,0.03999999999999204,98.98,496.9,99.02,195.4,4918.6,3872.7000000000003,98.98,20.2,SELL,3,98.98,496.9,98.97,519.5,98.96,438.2,98.95,1484.5,98.94,1979.5,99.02,195.4,99.03,1034.9,99.04,296.3,99.05,1988.5,99.06,357.6
1700000417.5,835,99.0,0.060000000000002274,98.97,146.3,99.03,1968.2,5196.900000000001,8904.3,99.03,41.7,BUY,2,98.97,146.3,98.96,882.2,98.95,1432.4,98.94,2639.4,98.93,96.6,99.03,1968.2,99.04,779.8,99.05,1925.7,99.06,456.5,99.07,3774.1
1700000418.0,836,99.0,0.060000000000002274,98.97,457.1,99.03,149.3,2736.7,2090.7,99.03,52.0,BUY,2,98.97,457.1,98.96,155.6,98.95,516.8,98.94,748.1,98.93,859.1,99.03,149.3,99.04,327.6,99.05,158.3,99.06,401.5,99.07,1054.0
1700000418.5,837,98.99,0.060000000000002274,98.96,1206.6,99.02,117.6,1941.3999999999996,6531.1,99.02,17.4,BUY,1,98.96,1206.6,98.95,239.8,98.94,25.8,98.93,147.1,98.92,322.1,99.02,117.6,99.03,503.2,99.04,501.7,99.05,312.3,99.06,5096.3
1700000419.0,838,98.98,0.060000000000002274,98.95,275.1,99.01,634.5,5422.9,2436.4,99.01,36.8,BUY,3,98.95,275.1,98.94,1006.1,98.93,722.7,98.92,814.8,98.91,2604.2,99.01,634.5,99.02,858.3,99.03,60.1,99.04,372.2,99.05,511.3
1700000419.5,839,98.95500000000001,0.04999999999999716,98.93,54.5,98.98,464.2,4365.9,2711.8,98.93,75.2,SELL,2,98.93,54.5,98.92,936.1,98.91,10.0,98.9,1020.1,98.89,2345.2,98.98,464.2,98.99,1032.6,99.0,701.5,99.01,87.3,99.02,426.2
1700000420.0,840,98.97,0.060000000000002274,98.94,350.2,99.0,843.4,1744.3,4072.4,99.0,5.0,BUY,1,98.94,350.2,98.93,248.4,98.92,744.5,98.91,146.5,98.9,254.7,99.0,843.4,99.01,1689.5,99.02,350.6,99.03,394.5,99.04,794.4
1700000420.5,841,98.95500000000001,0.04999999999999716,98.93,51.6,98.98,173.6,4143.4,7653.799999999999,98.95500000000001,0.0,BUY,0,98.93,51.6,98.92,463.6,98.91,43.8,98.9,533.7,98.89,3050.7,98.98,173.6,98.99,2338.1,99.0,231.0,99.01,2954.1,99.02,1957.0
1700000421.0,842,98.97,0.060000000000002274,98.94,968.1,99.0,3322.9,4659.700000000001,7430.2,98.97,0.0,BUY,0,98.94,968.1,98.93,217.3,98.92,665.0,98.91,567.2,98.9,2242.1,99.0,3322.9,99.01,444.9,99.02,1115.0,99.03,1991.1,99.04,556.3
1700000421.5,843,98.97,0.060000000000002274,98.94,197.5,99.0,296.4,4871.6,6081.4,98.94,21.3,SELL,2,98.94,197.5,98.93,1132.6,98.92,645.8,98.91,2021.6,98.9,874.1,99.0,296.4,99.01,514.4,99.02,1291.2,99.03,1857.8,99.04,2121.6
1700000422.0,844,98.95,0.060000000000002274,98.92,622.4,98.98,33.7,5439.7,2104.2000000000003,98.98,5.0,BUY,3,98.92,622.4,98.91,1632.6,98.9,570.5,98.89,1648.8,98.88,965.4,98.98,33.7,98.99,1432.9,99.0,292.5,99.01,164.2,99.02,180.9
1700000422.5,845,98.95500000000001,0.04999999999999716,98.93,120.1,98.98,283.0,3152.6,3404.3,98.98,101.0,BUY,1,98.93,120.1,98.92,772.8,98.91,778.2,98.9,223.0,98.89,1258.5,98.98,283.0,98.99,558.6,99.0,725.3,99.01,132.2,99.02,1705.2
1700000423.0,846,98.96000000000001,0.05999999999998806,98.93,494.1,98.99,56.4,2707.1,4372.7,98.93,7.5,SELL,1,98.93,494.1,98.92,21.5,98.91,372.0,98.9,1216.6,98.89,602.9,98.99,56.4,99.0,597.3,99.01,588.5,99.02,2681.5,99.03,449.0
1700000423.5,847,98.95500000000001,0.04999999999999716,98.93,369.3,98.98,134.8,3215.5,2050.5,98.93,23.8,SELL,3,98.93,369.3,98.92,21.5,98.91,997.8,98.9,363.6,98.89,1463.3,98.98,134.8,98.99,865.3,99.0,350.6,99.01,677.5,99.02,22.3
1700000424.0,848,98.95500000000001,0.04999999999999716,98.93,771.7,98.98,719.8,2955.5,2205.1,98.98,21.3,BUY,1,98.93,771.7,98.92,1025.2,98.91,331.2,98.9,282.5,98.89,544.9,98.98,719.8,98.99,99.7,99.0,109.0,99.01,64.0,99.02,1212.6
1700000424.5,849,98.95,0.060000000000002274,98.92,513.0,98.98,1333.6,2723.2,2646.7,98.92,19.1,SELL,1,98.92,513.0,98.91,277.1,98.9,45.7,98.89,220.4,98.88,1667.0,98.98,1333.6,98.99,94.7,99.0,80.2,99.01,156.1,99.02,982.1
1700000425.0,850,98.94,0.060000000000002274,98.91,58.7,98.97,170.7,4927.8,3566.7000000000003,98.94,0.0,BUY,0,98.91,58.7,98.9,43.0,98.89,512.5,98.88,1816.8,98.87,2496.8,98.97,170.7,98.98,237.8,98.99,262.4,99.0,2597.4,99.01,298.4
1700000425.5,851,98.92,0.060000000000002274,98.89,35.5,98.95,331.8,3190.2,6039.7,98.89,48.0,SELL,2,98.89,35.5,98.88,577.6,98.87,1367.8,98.86,640.8,98.85,568.5,98.95,331.8,98.96,395.2,98.97,1339.0,98.98,2877.9,98.99,1095.8
1700000426.0,852,98.92,0.060000000000002274,98.89,107.8,98.95,901.6,3663.5,1310.3,98.95,34.7,BUY,2,98.89,107.8,98.88,381.5,98.87,1101.7,98.86,104.1,98.85,1968.4,98.95,901.6,98.96,18.6,98.97,16.5,98.98,230.5,98.99,143.1
1700000426.5,853,94.27,0.060000000000002274,94.24,468.8,94.3,684.1,5663.5,1538.2,94.24,11.0,SELL,1,94.24,468.8,94.23,684.3,94.22,1733.4,94.21,1197.6,94.2,1579.4,94.3,684.1,94.31,143.4,94.32,558.5,94.33,115.2,94.34,37.0
1700000427.0,854,94.27000000000001,0.04000000000000625,94.25,1235.4,94.29,2015.3,5282.199999999999,4043.0,94.25,65.2,SELL,3,94.25,1235.4,94.24,12.8,94.23,797.4,94.22,2535.2,94.21,701.4,94.29,2015.3,94.3,380.8,94.31,207.3,94.32,1367.4,94.33,72.2
1700000427.5,855,94.25999999999999,0.04000000000000625,94.24,134.7,94.28,1172.4,1981.8999999999999,8763.3,94.24,74.7,SELL,3,94.24,134.7,94.23,142.9,94.22,856.5,94.21,607.3,94.2,240.5,94.28,1172.4,94.29,117.0,94.3,1126.5,94.31,1888.0,94.32,4459.4
1700000428.0,856,94.25,0.060000000000002274,94.22,875.8,94.28,85.5,6221.2,1673.8000000000002,94.22,17.9,SELL,1,94.22,875.8,94.21,809.9,94.2,288.6,94.19,2705.4,94.18,1541.5,94.28,85.5,94.29,515.8,94.3,63.6,94.31,301.3,94.32,707.6
1700000428.5,857,94.25,0.060000000000002274,94.22,1802.9,94.28,442.3,4203.0,5805.099999999999,94.22,68.5,SELL,2,94.22,1802.9,94.21,745.5,94.2,515.1,94.19,1115.9,94.18,23.6,94.28,442.3,94.29,162.5,94.3,454.8,94.31,3196.2,94.32,1549.3
1700000429.0,858,94.25,0.03999999999999204,94.23,234.8,94.27,1003.4,2417.7999999999997,2769.0,94.23,75.3,SELL,3,94.23,234.8,94.22,777.1,94.21,29.0,94.2,1019.8,94.19,357.1,94.27,1003.4,94.28,464.8,94.29,37.2,94.3,994.9,94.31,268.7
1700000429.5,859,94.24,0.060000000000002274,94.21,428.1,94.27,2554.8,2326.8999999999996,11482.2,94.27,23.8,BUY,2,94.21,428.1,94.2,159.3,94.19,776.3,94.18,795.0,94.17,168.2,94.27,2554.8,94.28,732.9,94.29,2242.1,94.3,5269.9,94.31,682.5
1700000430.0,860,94.24,0.060000000000002274,94.21,706.6,94.27,502.8,3009.3,3231.4,94.21,7.3,SELL,1,94.21,706.6,94.2,511.6,94.19,1356.1,94.18,419.3,94.17,15.7,94.27,502.8,94.28,814.6,94.29,51.2,94.3,537.8,94.31,1325.0
1700000430.5,861,94.24,0.060000000000002274,94.21,525.4,94.27,518.2,3355.8999999999996,2260.8,94.21,170.3,SELL,1,94.21,525.4,94.2,102.1,94.19,280.6,94.18,1310.1,94.17,1137.7,94.27,518.2,94.28,37.1,94.29,377.9,94.3,374.0,94.31,953.6
1700000431.0,862,94.24,0.060000000000002274,94.21,546.8,94.27,70.7,2195.0,1689.4,94.21,24.0,SELL,4,94.21,546.8,94.2,51.7,94.19,588.2,94.18,317.1,94.17,691.2,94.27,70.7,94.28,1099.4,94.29,74.7,94.3,62.8,94.31,381.8
1700000431.5,863,94.24,0.060000000000002274,94.21,188.9,94.27,720.5,2507.2000000000003,5645.4,94.27,60.8,BUY,1,94.21,188.9,94.2,975.5,94.19,52.2,94.18,181.7,94.17,1108.9,94.27,720.5,94.28,511.6,94.29,3425.8,94.3,27.5,94.31,960.0
1700000432.0,864,94.24,0.060000000000002274,94.21,188.4,94.27,216.5,4035.0,4290.4,94.27,78.0,BUY,2,94.21,188.4,94.2,1134.7,94.19,620.9,94.18,1280.4,94.17,810.6,94.27,216.5,94.28,144.1,94.29,1780.4,94.3,1073.1,94.31,1076.3
1700000432.5,865,94.25,0.060000000000002274,94.22,306.5,94.28,770.2,5770.1,4572.3,94.28,92.9,BUY,4,94.22,306.5,94.21,854.0,94.2,565.0,94.19,939.7,94.18,3104.9,94.28,770.2,94.29,357.6,94.3,663.9,94.31,1179.6,94.32,1601.0
1700000433.0,866,94.25,0.060000000000002274,94.22,217.7,94.28,206.5,1328.5,3019.3999999999996,94.25,0.0,BUY,0,94.22,217.7,94.21,147.5,94.2,649.0,94.19,175.7,94.18,138.6,94.28,206.5,94.29,346.9,94.3,630.2,94.31,881.3,94.32,954.5
1700000433.5,867,94.23,0.060000000000002274,94.2,254.5,94.26,36.5,2954.5,2739.4,94.26,18.5,BUY,2,94.2,254.5,94.19,519.1,94.18,1391.5,94.17,412.9,94.16,376.5,94.26,36.5,94.27,48.8,94.28,291.0,94.29,1175.4,94.3,1187.7
1700000434.0,868,94.21000000000001,0.05999999999998806,94.18,503.6,94.24,29.5,2068.0,4547.900000000001,94.18,194.2,SELL,3,94.18,503.6,94.17,259.2,94.16,635.0,94.15,189.9,94.14,480.3,94.24,29.5,94.25,1873.6,94.26,1223.0,94.27,1265.7,94.28,156.1
1700000434.5,869,100.155,0.06999999999999318,100.12,1481.8,100.19,59.1,2464.5,3232.2999999999997,100.12,37.5,SELL,3,100.12,1481.8,100.11,344.8,100.1,70.2,100.09,391.9,100.08,175.8,100.19,59.1,100.2,1159.3,100.21,826.0,100.22,885.3,100.23,302.6
1700000435.0,870,100.15,0.04000000000000625,100.13,789.8,100.17,67.7,2504.1000000000004,3158.7,100.13,87.7,SELL,3,100.13,789.8,100.12,312.1,100.11,897.2,100.1,364.0,100.09,141.0,100.17,67.7,100.18,356.5,100.19,69.3,100.2,178.6,100.21,2486.6
1700000435.5,871,100.14,0.03999999999999204,100.12,442.1,100.16,228.5,1867.3000000000002,4043.0000000000005,100.14,0.0,BUY,0,100.12,442.1,100.11,446.3,100.1,204.0,100.09,414.5,100.08,360.4,100.16,228.5,100.17,2384.9,100.18,338.9,100.19,107.3,100.2,983.4
1700000436.0,872,100.14,0.060000000000002274,100.11,488.8,100.17,209.7,3837.2,7498.5,100.11,5.0,SELL,3,100.11,488.8,100.1,666.4,100.09,28.8,100.08,2633.6,100.07,19.6,100.17,209.7,100.18,4642.1,100.19,597.4,100.2,1614.4,100.21,434.9
1700000436.5,873,100.14,0.060000000000002274,100.11,208.5,100.17,135.1,6696.2,2898.4,100.17,12.9,BUY,2,100.11,208.5,100.1,2616.1,100.09,234.3,100.08,249.1,100.07,3388.2,100.17,135.1,100.18,751.7,100.19,223.4,100.2,636.5,100.21,1151.7
1700000437.0,874,100.14,0.060000000000002274,100.11,1167.8,100.17,506.9,2433.7000000000003,3213.3999999999996,100.14,0.0,BUY,0,100.11,1167.8,100.1,791.5,100.09,102.1,100.08,256.0,100.07,116.3,100.17,506.9,100.18,139.9,100.19,381.4,100.2,1822.2,100.21,363.0
1700000437.5,875,100.13,0.060000000000002274,100.1,23.3,100.16,435.0,2940.2,3557.7,100.1,31.4,SELL,2,100.1,23.3,100.09,76.4,100.08,1220.1,100.07,1215.9,100.06,404.5,100.16,435.0,100.17,14.0,100.18,2098.2,100.19,437.0,100.2,573.5
1700000438.0,876,100.12,0.04000000000000625,100.1,115.3,100.14,1402.3,4478.9,2913.9,100.12,0.0,BUY,0,100.1,115.3,100.09,107.0,100.08,135.1,100.07,1753.4,100.06,2368.1,100.14,1402.3,100.15,232.7,100.16,85.8,100.17,251.7,100.18,941.4
1700000438.5,877,100.11,0.060000000000002274,100.08,617.9,100.14,349.9,1938.0,3886.1000000000004,100.11,0.0,BUY,0,100.08,617.9,100.07,91.2,100.06,330.5,100.05,163.8,100.04,734.6,100.14,349.9,100.15,169.5,100.16,48.0,100.17,2356.3,100.18,962.4
1700000439.0,878,100.11,0.060000000000002274,100.08,661.2,100.14,2791.3,3477.2,3705.1000000000004,100.11,0.0,BUY,0,100.08,661.2,100.07,347.6,100.06,711.1,100.05,170.3,100.04,1587.0,100.14,2791.3,100.15,32.5,100.16,618.3,100.17,14.6,100.18,248.4
1700000439.5,879,100.095,0.05000000000001137,100.07,1212.1,100.12,763.2,4394.5,3683.4,100.095,0.0,BUY,0,100.07,1212.1,100.06,266.9,100.05,954.7,100.04,614.9,100.03,1345.9,100.12,763.2,100.13,506.0,100.14,1178.5,100.15,154.3,100.16,1081.4
1700000440.0,880,100.09,0.060000000000002274,100.06,358.1,100.12,281.5,3556.7000000000003,4582.6,100.06,10.8,SELL,3,100.06,358.1,100.05,159.1,100.04,259.4,100.03,594.8,100.02,2185.3,100.12,281.5,100.13,694.1,100.14,442.3,100.15,262.0,100.16,2902.7
1700000440.5,881,100.08,0.060000000000002274,100.05,605.5,100.11,1542.7,4519.9,7601.200000000001,100.11,55.5,BUY,1,100.05,605.5,100.04,531.5,100.03,38.1,100.02,1581.5,100.01,1763.3,100.11,1542.7,100.12,572.3,100.13,898.3,100.14,54.9,100.15,4533.0
1700000441.0,882,100.08,0.03999999999999204,100.06,590.3,100.1,2460.3,3691.0,4782.3,100.1,45.3,BUY,3,100.06,590.3,100.05,897.4,100.04,26.1,100.03,431.0,100.02,1746.2,100.1,2460.3,100.11,282.2,100.12,1004.1,100.13,701.4,100.14,334.3
1700000441.5,883,100.08,0.060000000000002274,100.05,367.7,100.11,641.4,2293.0,2994.5,100.11,24.0,BUY,1,100.05,367.7,100.04,213.9,100.03,960.4,100.02,44.9,100.01,706.1,100.11,641.4,100.12,195.6,100.13,1272.5,100.14,545.9,100.15,339.1
1700000442.0,884,100.07,0.04000000000000625,100.05,624.8,100.09,221.5,4885.299999999999,2102.6,100.05,9.0,SELL,4,100.05,624.8,100.04,661.4,100.03,1375.2,100.02,928.7,100.01,1295.2,100.09,221.5,100.1,155.1,100.11,130.6,100.12,443.8,100.13,1151.6
1700000442.5,885,100.06,0.060000000000002274,100.03,849.8,100.09,10.1,2318.7999999999997,2799.6000000000004,100.09,8.7,BUY,2,100.03,849.8,100.02,127.2,100.01,398.8,100.0,510.3,99.99,432.7,100.09,10.1,100.1,645.4,100.11,459.4,100.12,757.0,100.13,927.7
1700000443.0,886,100.05,0.03999999999999204,100.03,244.5,100.07,243.7,3402.7,5140.799999999999,100.07,91.0,BUY,2,100.03,244.5,100.02,369.0,100.01,16.4,100.0,137.8,99.99,2635.0,100.07,243.7,100.08,2232.6,100.09,2254.2,100.1,333.4,100.11,76.9
1700000443.5,887,100.04499999999999,0.04999999999999716,100.02,182.6,100.07,825.6,4347.299999999999,2538.4,100.02,15.7,SELL,2,100.02,182.6,100.01,219.7,100.0,1030.5,99.99,1876.1,99.98,1038.4,100.07,825.6,100.08,94.7,100.09,580.7,100.1,363.4,100.11,674.0
1700000444.0,888,100.05,0.060000000000002274,100.02,994.5,100.08,57.5,2489.8,5935.2,100.02,41.3,SELL,3,100.02,994.5,100.01,137.1,100.0,492.3,99.99,559.6,99.98,306.3,100.08,57.5,100.09,10.0,100.1,2917.2,100.11,292.1,100.12,2658.4
1700000444.5,889,100.03,0.060000000000002274,100.0,51.0,100.06,462.0,4389.9,2535.2,100.06,8.7,BUY,2,100.0,51.0,99.99,320.2,99.98,787.8,99.97,1672.1,99.96,1558.8,100.06,462.0,100.07,10.0,100.08,348.9,100.09,760.4,100.1,953.9
1700000445.0,890,100.03,0.060000000000002274,100.0,240.5,100.06,462.5,5300.1,1482.9,100.0,25.4,SELL,5,100.0,240.5,99.99,584.1,99.98,2271.0,99.97,2029.5,99.96,175.0,100.06,462.5,100.07,174.1,100.08,147.3,100.09,224.0,100.1,475.0
1700000445.5,891,100.02,0.060000000000002274,99.99,195.8,100.05,192.7,2029.3000000000002,1583.0,100.02,0.0,BUY,0,99.99,195.8,99.98,478.4,99.97,181.5,99.96,1056.7,99.95,116.9,100.05,192.7,100.06,259.7,100.07,755.4,100.08,242.2,100.09,133.0
1700000446.0,892,100.02,0.060000000000002274,99.99,454.1,100.05,119.0,6107.1,7081.2,100.05,6.6,BUY,1,99.99,454.1,99.98,473.9,99.97,790.4,99.96,313.0,99.95,4075.7,100.05,119.0,100.06,71.5,100.07,848.6,100.08,525.3,100.09,5516.8
1700000446.5,893,100.02,0.060000000000002274,99.99,734.5,100.05,123.6,3718.4,5112.0,100.05,54.9,BUY,2,99.99,734.5,99.98,452.4,99.97,443.6,99.96,674.8,99.95,1413.1,100.05,123.6,100.06,1906.0,100.07,1673.9,100.08,38.6,100.09,1369.9
1700000447.0,894,100.01,0.060000000000002274,99.98,156.0,100.04,30.4,5458.5,4644.4,99.98,55.6,SELL,3,99.98,156.0,99.97,329.2,99.96,54.8,99.95,19.5,99.94,4899.0,100.04,30.4,100.05,223.1,100.06,1781.3,100.07,2019.9,100.08,589.7
1700000447.5,895,100.00999999999999,0.04000000000000625,99.99,129.6,100.03,651.5,2538.6,8059.2,99.99,13.2,SELL,2,99.99,129.6,99.98,534.1,99.97,980.5,99.96,147.5,99.95,746.9,100.03,651.5,100.04,293.4,100.05,10.0,100.06,1184.9,100.07,5919.4
1700000448.0,896,100.02,0.060000000000002274,99.99,636.6,100.05,1596.9,6165.4,6016.300000000001,100.05,47.9,BUY,1,99.99,636.6,99.98,151.3,99.97,774.8,99.96,2486.1,99.95,2116.6,100.05,1596.9,100.06,227.2,100.07,606.8,100.08,2875.8,100.09,709.6
1700000448.5,897,100.03,0.060000000000002274,100.0,173.3,100.06,167.8,1488.1,9058.6,100.0,18.1,SELL,2,100.0,173.3,99.99,401.9,99.98,10.0,99.97,680.8,99.96,222.1,100.06,167.8,100.07,1730.3,100.08,3451.0,100.09,1841.7,100.1,1867.8
1700000449.0,898,100.03,0.060000000000002274,100.0,164.7,100.06,471.3,2306.4,6724.6,100.03,0.0,BUY,0,100.0,164.7,99.99,55.1,99.98,1175.2,99.97,365.5,99.96,545.9,100.06,471.3,100.07,372.6,100.08,877.3,100.09,3601.8,100.1,1401.6
1700000449.5,899,100.03,0.060000000000002274,100.0,541.4,100.06,995.9,3060.5999999999995,6218.2,100.0,33.7,SELL,1,100.0,541.4,99.99,587.6,99.98,624.8,99.97,1087.1,99.96,219.7,100.06,995.9,100.07,1740.3,100.08,18.0,100.09,1586.3,100.1,1877.7
1700000450.0,900,100.04499999999999,0.04999999999999716,100.02,14.3,100.07,1317.5,4174.1,5470.0,100.07,62.3,BUY,1,100.02,14.3,100.01,119.2,100.0,900.5,99.99,2026.7,99.98,1113.4,100.07,1317.5,100.08,525.5,100.09,121.5,100.1,1131.7,100.11,2373.8
1700000450.5,901,100.03,0.060000000000002274,100.0,280.7,100.06,1584.8,3468.6000000000004,5678.400000000001,100.06,64.5,BUY,1,100.0,280.7,99.99,955.8,99.98,687.3,99.97,1167.5,99.96,377.3,100.06,1584.8,100.07,1144.0,100.08,486.4,100.09,2209.4,100.1,253.8
1700000451.0,902,100.02,0.060000000000002274,99.99,283.8,100.05,246.0,2256.1000000000004,4421.900000000001,100.05,39.7,BUY,1,99.99,283.8,99.98,207.9,99.97,318.7,99.96,1203.7,99.95,242.0,100.05,246.0,100.06,749.6,100.07,649.1,100.08,194.9,100.09,2582.3
1700000451.5,903,100.01,0.060000000000002274,99.98,85.3,100.04,229.7,3080.5000000000005,4734.099999999999,100.04,16.5,BUY,1,99.98,85.3,99.97,320.5,99.96,1848.4,99.95,635.0,99.94,191.3,100.04,229.7,100.05,2219.1,100.06,880.3,100.07,780.3,100.08,624.7
1700000452.0,904,100.0,0.060000000000002274,99.97,834.6,100.03,37.3,2464.9,3962.1,99.97,104.8,SELL,2,99.97,834.6,99.96,937.1,99.95,294.1,99.94,255.7,99.93,143.4,100.03,37.3,100.04,48.5,100.05,3025.2,100.06,10.0,100.07,841.1
1700000452.5,905,99.99,0.060000000000002274,99.96,10.0,100.02,32.3,1355.8999999999999,1952.5,100.02,37.6,BUY,1,99.96,10.0,99.95,317.9,99.94,640.2,99.93,336.5,99.92,51.3,100.02,32.3,100.03,956.7,100.04,56.6,100.05,171.3,100.06,735.6
1700000453.0,906,99.98,0.060000000000002274,99.95,680.6,100.01,189.3,3699.2999999999997,2685.3,99.95,19.7,SELL,2,99.95,680.6,99.94,283.7,99.93,401.5,99.92,223.8,99.91,2109.7,100.01,189.3,100.02,1249.4,100.03,890.9,100.04,185.9,100.05,169.8
1700000453.5,907,99.98,0.060000000000002274,99.95,314.2,100.01,584.4,4023.3,3269.6,100.01,366.7,BUY,2,99.95,314.2,99.94,1051.0,99.93,1285.9,99.92,596.6,99.91,775.6,100.01,584.4,100.02,410.5,100.03,941.6,100.04,822.1,100.05,511.0
1700000454.0,908,99.95500000000001,0.04999999999999716,99.93,446.5,99.98,10.0,3751.4,4213.900000000001,99.93,12.0,SELL,3,99.93,446.5,99.92,188.0,99.91,446.5,99.9,2415.8,99.89,254.6,99.98,10.0,99.99,177.4,100.0,1956.0,100.01,1485.9,100.02,584.6
1700000454.5,909,99.95500000000001,0.04999999999999716,99.93,228.5,99.98,425.1,3348.5,2956.3999999999996,99.93,156.4,SELL,3,99.93,228.5,99.92,112.4,99.91,92.4,99.9,2032.4,99.89,882.8,99.98,425.1,99.99,1341.6,100.0,588.1,100.01,566.4,100.02,35.2
1700000455.0,910,99.95500000000001,0.04999999999999716,99.93,485.9,99.98,118.8,3278.2000000000007,3105.3999999999996,99.98,84.9,BUY,2,99.93,485.9,99.92,1554.4,99.91,390.3,99.9,762.3,99.89,85.3,99.98,118.8,99.99,858.9,100.0,279.0,100.01,827.4,100.02,1021.3
1700000455.5,911,99.95,0.060000000000002274,99.92,692.5,99.98,1358.0,7955.8,3113.7999999999997,99.92,45.1,SELL,1,99.92,692.5,99.91,343.8,99.9,2076.7,99.89,1096.5,99.88,3746.3,99.98,1358.0,99.99,943.2,100.0,321.7,100.01,266.1,100.02,224.8
1700000456.0,912,99.95,0.060000000000002274,99.92,887.9,99.98,274.4,3761.4,3057.8,99.98,68.2,BUY,2,99.92,887.9,99.91,399.0,99.9,2066.9,99.89,127.6,99.88,280.0,99.98,274.4,99.99,195.5,100.0,981.7,100.01,197.5,100.02,1408.7
1700000456.5,913,99.94,0.060000000000002274,99.91,571.4,99.97,405.9,5230.4,1384.0,99.94,0.0,BUY,0,99.91,571.4,99.9,840.8,99.89,880.9,99.88,1568.0,99.87,1369.3,99.97,405.9,99.98,106.1,99.99,376.5,100.0,409.4,100.01,86.1
1700000457.0,914,99.95,0.060000000000002274,99.92,197.3,99.98,2077.5,2797.1,4947.8,99.92,34.3,SELL,1,99.92,197.3,99.91,1081.3,99.9,290.9,99.89,549.6,99.88,678.0,99.98,2077.5,99.99,570.8,100.0,1345.7,100.01,245.3,100.02,708.5
1700000457.5,915,99.95,0.03999999999999204,99.93,253.1,99.97,452.2,4260.3,3912.5,99.97,37.8,BUY,1,99.93,253.1,99.92,125.3,99.91,2332.5,99.9,501.8,99.89,1047.6,99.97,452.2,99.98,231.3,99.99,1835.0,100.0,1155.3,100.01,238.7
1700000458.0,916,99.95,0.060000000000002274,99.92,388.0,99.98,631.7,3996.0,5607.300000000001,99.98,15.0,BUY,2,99.92,388.0,99.91,44.9,99.9,1702.7,99.89,1234.2,99.88,626.2,99.98,631.7,99.99,3272.4,100.0,404.6,100.01,1286.8,100.02,11.8
1700000458.5,917,99.95,0.060000000000002274,99.92,170.1,99.98,83.1,1489.0,4312.4,99.92,19.4,SELL,2,99.92,170.1,99.91,51.1,99.9,151.1,99.89,444.3,99.88,672.4,99.98,83.1,99.99,421.8,100.0,558.8,100.01,1968.5,100.02,1280.2
1700000459.0,918,99.95,0.060000000000002274,99.92,601.3,99.98,98.4,1646.0,1868.5,99.92,16.2,SELL,2,99.92,601.3,99.91,181.1,99.9,309.3,99.89,158.0,99.88,396.3,99.98,98.4,99.99,453.0,100.0,479.3,100.01,280.7,100.02,557.1
1700000459.5,919,89.73,0.060000000000002274,89.7,440.6,89.76,687.3,2869.9,2592.0,89.7,11.8,SELL,3,89.7,440.6,89.69,32.4,89.68,467.7,89.67,42.7,89.66,1886.5,89.76,687.3,89.77,104.1,89.78,381.6,89.79,1050.2,89.8,368.8
1700000460.0,920,89.73,0.060000000000002274,89.7,399.0,89.76,223.1,2344.8,2886.9,89.7,51.4,SELL,4,89.7,399.0,89.69,1125.9,89.68,627.9,89.67,109.7,89.66,82.3,89.76,223.1,89.77,2040.7,89.78,162.0,89.79,195.5,89.8,265.6
1700000460.5,921,89.73,0.060000000000002274,89.7,89.2,89.76,10.0,5727.2,6645.6,89.76,7.7,BUY,2,89.7,89.2,89.69,1089.6,89.68,961.1,89.67,2244.0,89.66,1343.3,89.76,10.0,89.77,945.2,89.78,883.7,89.79,4215.6,89.8,591.1
1700000461.0,922,89.72999999999999,0.04000000000000625,89.71,523.5,89.75,655.6,4865.900000000001,5666.900000000001,89.71,88.8,SELL,1,89.71,523.5,89.7,1316.3,89.69,350.6,89.68,2512.9,89.67,162.6,89.75,655.6,89.76,861.0,89.77,887.9,89.78,2796.8,89.79,465.6
1700000461.5,923,89.73,0.060000000000002274,89.7,201.0,89.76,289.8,4411.5,2475.1,89.76,14.5,BUY,1,89.7,201.0,89.69,545.5,89.68,1468.9,89.67,1354.7,89.66,841.4,89.76,289.8,89.77,678.7,89.78,555.1,89.79,36.8,89.8,914.7
1700000462.0,924,89.73,0.060000000000002274,89.7,729.2,89.76,10.0,2024.5,2751.7999999999997,89.76,29.8,BUY,1,89.7,729.2,89.69,87.6,89.68,44.5,89.67,814.9,89.66,348.3,89.76,10.0,89.77,106.3,89.78,498.8,89.79,1703.1,89.8,433.6
1700000462.5,925,89.73,0.060000000000002274,89.7,1467.2,89.76,56.3,6877.3,2994.0,89.76,6.6,BUY,1,89.7,1467.2,89.69,781.0,89.68,1468.5,89.67,205.3,89.66,2955.3,89.76,56.3,89.77,10.0,89.78,303.3,89.79,2080.9,89.8,543.5
1700000463.0,926,89.73,0.060000000000002274,89.7,242.6,89.76,319.5,2626.2,2822.8,89.76,8.0,BUY,1,89.7,242.6,89.69,492.4,89.68,101.0,89.67,847.5,89.66,942.7,89.76,319.5,89.77,460.5,89.78,1749.7,89.79,261.8,89.8,31.3
1700000463.5,927,89.73,0.060000000000002274,89.7,1044.0,89.76,10.0,4466.200000000001,6383.3,89.7,49.4,SELL,1,89.7,1044.0,89.69,228.9,89.68,462.6,89.67,666.8,89.66,2063.9,89.76,10.0,89.77,956.6,89.78,1307.9,89.79,2512.0,89.8,1596.8
1700000464.0,928,89.72,0.03999999999999204,89.7,1753.4,89.74,386.2,7174.1,4686.3,89.74,6.6,BUY,3,89.7,1753.4,89.69,1689.4,89.68,863.3,89.67,169.9,89.66,2698.1,89.74,386.2,89.75,21.6,89.76,1033.4,89.77,2530.0,89.78,715.1
1700000464.5,929,89.72,0.060000000000002274,89.69,155.0,89.75,63.8,2512.9,3433.2,89.72,0.0,BUY,0,89.69,155.0,89.68,415.1,89.67,175.3,89.66,698.4,89.65,1069.1,89.75,63.8,89.76,899.3,89.77,526.9,89.78,264.4,89.79,1678.8
1700000465.0,930,89.72,0.060000000000002274,89.69,206.4,89.75,650.2,5082.9,2700.5,89.75,138.0,BUY,3,89.69,206.4,89.68,769.2,89.67,586.9,89.66,3452.7,89.65,67.7,89.75,650.2,89.76,124.0,89.77,107.3,89.78,855.0,89.79,964.0
1700000465.5,931,89.72,0.060000000000002274,89.69,154.4,89.75,594.9,1682.0,3884.7000000000007,89.69,15.5,SELL,3,89.69,154.4,89.68,78.3,89.67,856.5,89.66,401.7,89.65,191.1,89.75,594.9,89.76,412.3,89.77,1362.4,89.78,388.8,89.79,1126.3
1700000466.0,932,96.95,0.060000000000002274,96.92,142.7,96.98,55.1,2697.9999999999995,4441.299999999999,96.95,0.0,BUY,0,96.92,142.7,96.91,301.2,96.9,565.4,96.89,1449.6,96.88,239.1,96.98,55.1,96.99,2212.2,97.0,105.5,97.01,488.5,97.02,1580.0
1700000466.5,933,96.94,0.060000000000002274,96.91,897.0,96.97,1053.9,3124.1,3528.3,96.91,5.0,SELL,1,96.91,897.0,96.9,1156.9,96.89,357.6,96.88,202.1,96.87,510.5,96.97,1053.9,96.98,537.7,96.99,378.5,97.0,837.9,97.01,720.3
1700000467.0,934,96.94,0.060000000000002274,96.91,31.2,96.97,791.2,4015.2999999999997,2068.1000000000004,96.91,8.3,SELL,3,96.91,31.2,96.9,177.3,96.89,292.4,96.88,332.7,96.87,3181.7,96.97,791.2,96.98,234.5,96.99,25.2,97.0,142.4,97.01,874.8
1700000467.5,935,96.92,0.060000000000002274,96.89,47.0,96.95,928.3,6290.0,1835.0,96.89,46.3,SELL,3,96.89,47.0,96.88,40.1,96.87,250.7,96.86,2895.4,96.85,3056.8,96.95,928.3,96.96,123.0,96.97,52.0,96.98,400.1,96.99,331.6
1700000468.0,936,96.92,0.060000000000002274,96.89,1736.3,96.95,747.2,3329.9,5887.799999999999,96.95,50.9,BUY,3,96.89,1736.3,96.88,154.5,96.87,178.4,96.86,375.3,96.85,885.4,96.95,747.2,96.96,1450.0,96.97,1207.2,96.98,1312.5,96.99,1170.9
1700000468.5,937,96.91,0.060000000000002274,96.88,165.8,96.94,837.8,3838.5,4149.599999999999,96.94,43.9,BUY,2,96.88,165.8,96.87,20.0,96.86,758.3,96.85,313.2,96.84,2581.2,96.94,837.8,96.95,458.3,96.96,1029.8,96.97,746.7,96.98,1077.0
1700000469.0,938,96.91,0.060000000000002274,96.88,500.1,96.94,1254.7,3280.8999999999996,3512.8,96.94,169.7,BUY,3,96.88,500.1,96.87,491.5,96.86,402.7,96.85,197.8,96.84,1688.8,96.94,1254.7,96.95,708.4,96.96,939.1,96.97,150.3,96.98,460.3
1700000469.5,939,96.91,0.060000000000002274,96.88,371.9,96.94,98.8,4729.0,1542.5,96.91,0.0,BUY,0,96.88,371.9,96.87,27.4,96.86,928.7,96.85,1433.4,96.84,1967.6,96.94,98.8,96.95,621.3,96.96,373.7,96.97,198.4,96.98,250.3
1700000470.0,940,96.905,0.05000000000001137,96.88,10.0,96.93,10.0,1759.6999999999998,1657.8999999999999,96.93,59.4,BUY,1,96.88,10.0,96.87,297.0,96.86,25.3,96.85,597.3,96.84,830.1,96.93,10.0,96.94,538.2,96.95,288.1,96.96,642.3,96.97,179.3
1700000470.5,941,96.91,0.04000000000000625,96.89,239.4,96.93,30.1,5645.6,4585.9,96.89,78.7,SELL,4,96.89,239.4,96.88,144.3,96.87,2080.0,96.86,1375.3,96.85,1806.6,96.93,30.1,96.94,675.6,96.95,449.1,96.96,319.9,96.97,3111.2
1700000471.0,942,96.905,0.05000000000001137,96.88,458.8,96.93,114.4,4820.2,3322.4,96.93,24.9,BUY,3,96.88,458.8,96.87,490.1,96.86,930.6,96.85,1975.1,96.84,965.6,96.93,114.4,96.94,65.0,96.95,581.2,96.96,1947.3,96.97,614.5
1700000471.5,943,96.9,0.060000000000002274,96.87,152.2,96.93,308.3,6076.0,6711.0,96.93,12.3,BUY,1,96.87,152.2,96.86,575.9,96.85,569.3,96.84,2370.7,96.83,2407.9,96.93,308.3,96.94,349.7,96.95,4609.9,96.96,550.3,96.97,892.8
1700000472.0,944,96.89,0.060000000000002274,96.86,504.9,96.92,349.1,2556.8,2099.0,96.89,0.0,BUY,0,96.86,504.9,96.85,1014.7,96.84,416.0,96.83,199.4,96.82,421.8,96.92,349.1,96.93,451.6,96.94,270.6,96.95,725.5,96.96,302.2
1700000472.5,945,96.905,0.05000000000001137,96.88,491.2,96.93,151.4,6763.900000000001,3864.0,96.905,0.0,BUY,0,96.88,491.2,96.87,3753.9,96.86,793.3,96.85,1715.5,96.84,10.0,96.93,151.4,96.94,103.2,96.95,111.4,96.96,779.7,96.97,2718.3
1700000473.0,946,96.9,0.04000000000000625,96.88,1546.6,96.92,444.6,7811.9,3430.1,96.92,5.3,BUY,2,96.88,1546.6,96.87,511.7,96.86,1137.4,96.85,1478.3,96.84,3137.9,96.92,444.6,96.93,1325.4,96.94,245.3,96.95,258.4,96.96,1156.4
1700000473.5,947,96.905,0.05000000000001137,96.88,267.5,96.93,1637.8,3112.4,2669.0999999999995,96.93,6.1,BUY,2,96.88,267.5,96.87,146.5,96.86,563.6,96.85,563.7,96.84,1571.1,96.93,1637.8,96.94,51.1,96.95,411.8,96.96,478.2,96.97,90.2
1700000474.0,948,96.92,0.060000000000002274,96.89,642.4,96.95,677.4,3144.0,2235.8,96.89,15.6,SELL,1,96.89,642.4,96.88,83.2,96.87,1354.5,96.86,275.1,96.85,788.8,96.95,677.4,96.96,194.7,96.97,1125.0,96.98,111.9,96.99,126.8
1700000474.5,949,96.92,0.060000000000002274,96.89,462.1,96.95,33.6,3451.6,1061.0,96.95,22.1,BUY,1,96.89,462.1,96.88,10.0,96.87,245.9,96.86,1402.2,96.85,1331.4,96.95,33.6,96.96,36.9,96.97,290.1,96.98,574.9,96.99,125.5
1700000475.0,950,96.92,0.060000000000002274,96.89,13.2,96.95,736.2,621.4,3030.2000000000003,96.95,13.1,BUY,1,96.89,13.2,96.88,120.0,96.87,206.0,96.86,114.6,96.85,167.6,96.95,736.2,96.96,565.7,96.97,698.9,96.98,42.4,96.99,987.0
1700000475.5,951,96.935,0.04999999999999716,96.91,245.5,96.96,231.6,4515.7,2333.6,96.935,0.0,BUY,0,96.91,245.5,96.9,55.1,96.89,661.8,96.88,2466.1,96.87,1087.2,96.96,231.6,96.97,44.2,96.98,195.1,96.99,460.0,97.0,1402.7
1700000476.0,952,96.92,0.03999999999999204,96.9,637.8,96.94,945.3,5030.2,11252.5,96.94,74.0,BUY,2,96.9,637.8,96.89,519.2,96.88,1127.1,96.87,2247.9,96.86,498.2,96.94,945.3,96.95,54.3,96.96,1191.3,96.97,6779.9,96.98,2281.7
1700000476.5,953,110.72,0.060000000000002274,110.69,1556.6,110.75,447.5,4360.8,2844.8,110.69,103.9,SELL,4,110.69,1556.6,110.68,161.6,110.67,61.8,110.66,824.6,110.65,1756.2,110.75,447.5,110.76,402.4,110.77,10.0,110.78,169.0,110.79,1815.9
1700000477.0,954,110.71000000000001,0.04000000000000625,110.69,421.0,110.73,243.4,3691.8,7908.299999999999,110.73,5.9,BUY,2,110.69,421.0,110.68,933.5,110.67,1530.0,110.66,32.4,110.65,774.9,110.73,243.4,110.74,2435.3,110.75,2052.7,110.76,1306.3,110.77,1870.6
1700000477.5,955,104.95,0.060000000000002274,104.92,430.6,104.98,330.4,2921.0,5238.7,104.92,66.0,SELL,4,104.92,430.6,104.91,1281.3,104.9,317.6,104.89,234.4,104.88,657.1,104.98,330.4,104.99,1307.2,105.0,1953.3,105.01,1006.8,105.02,641.0
1700000478.0,956,104.95,0.060000000000002274,104.92,156.9,104.98,371.3,3680.3,4571.7,104.95,0.0,BUY,0,104.92,156.9,104.91,822.7,104.9,1018.7,104.89,1227.1,104.88,454.9,104.98,371.3,104.99,116.7,105.0,1363.2,105.01,1933.2,105.02,787.3
1700000478.5,957,104.94,0.060000000000002274,104.91,202.4,104.97,1269.3,4271.8,5095.900000000001,104.97,5.0,BUY,1,104.91,202.4,104.9,302.4,104.89,2241.2,104.88,484.9,104.87,1040.9,104.97,1269.3,104.98,763.9,104.99,2231.9,105.0,788.5,105.01,42.3
1700000479.0,958,104.935,0.04999999999999716,104.91,134.3,104.96,97.0,2216.5,4889.8,104.96,47.6,BUY,3,104.91,134.3,104.9,200.3,104.89,481.3,104.88,619.7,104.87,780.9,104.96,97.0,104.97,885.6,104.98,939.6,104.99,2308.1,105.0,659.5
1700000479.5,959,104.92,0.060000000000002274,104.89,171.0,104.95,472.2,1569.9,5427.5,104.89,51.6,SELL,2,104.89,171.0,104.88,10.0,104.87,1082.4,104.86,240.0,104.85,66.5,104.95,472.2,104.96,2020.0,104.97,1006.9,104.98,789.7,104.99,1138.7
1700000480.0,960,104.92,0.060000000000002274,104.89,334.6,104.95,419.2,3787.8,4400.9,104.95,8.9,BUY,2,104.89,334.6,104.88,1078.3,104.87,650.5,104.86,196.1,104.85,1528.3,104.95,419.2,104.96,355.3,104.97,227.5,104.98,1939.8,104.99,1459.1
1700000480.5,961,104.91,0.060000000000002274,104.88,334.6,104.94,933.6,1484.1999999999998,5484.7,104.88,75.6,SELL,1,104.88,334.6,104.87,283.2,104.86,122.9,104.85,217.7,104.84,525.8,104.94,933.6,104.95,342.4,104.96,3099.1,104.97,651.9,104.98,457.7
1700000481.0,962,104.905,0.05000000000001137,104.88,157.8,104.93,949.7,2809.3999999999996,6143.4,104.93,40.9,BUY,5,104.88,157.8,104.87,1695.3,104.86,586.6,104.85,96.1,104.84,273.6,104.93,949.7,104.94,463.8,104.95,323.7,104.96,3648.5,104.97,757.7
1700000481.5,963,104.905,0.05000000000001137,104.88,18.7,104.93,245.0,3855.3999999999996,3473.4999999999995,104.88,75.6,SELL,5,104.88,18.7,104.87,394.1,104.86,459.3,104.85,1208.0,104.84,1775.3,104.93,245.0,104.94,578.3,104.95,2181.9,104.96,287.1,104.97,181.2
1700000482.0,964,104.89,0.060000000000002274,104.86,346.8,104.92,317.3,2592.3,4851.0,104.89,0.0,BUY,0,104.86,346.8,104.85,93.3,104.84,202.5,104.83,1153.2,104.82,796.5,104.92,317.3,104.93,1560.3,104.94,325.1,104.95,1209.6,104.96,1438.7
1700000482.5,965,104.88,0.060000000000002274,104.85,83.1,104.91,728.1,5673.4,7496.599999999999,104.88,0.0,BUY,0,104.85,83.1,104.84,1200.0,104.83,349.1,104.82,2989.1,104.81,1052.1,104.91,728.1,104.92,1245.4,104.93,606.2,104.94,1734.7,104.95,3182.2
1700000483.0,966,104.88,0.060000000000002274,104.85,26.4,104.91,782.2,3244.8999999999996,8898.9,104.91,11.8,BUY,4,104.85,26.4,104.84,762.5,104.83,401.7,104.82,207.1,104.81,1847.2,104.91,782.2,104.92,380.3,104.93,478.2,104.94,3506.5,104.95,3751.7
1700000483.5,967,104.88,0.04000000000000625,104.86,73.4,104.9,326.6,3979.3,2542.7999999999997,104.88,0.0,BUY,0,104.86,73.4,104.85,43.1,104.84,1336.6,104.83,2263.9,104.82,262.3,104.9,326.6,104.91,1025.6,104.92,203.8,104.93,418.4,104.94,568.4
1700000484.0,968,104.88,0.060000000000002274,104.85,334.2,104.91,1959.6,1581.8000000000002,4492.3,104.85,63.6,SELL,2,104.85,334.2,104.84,645.0,104.83,319.1,104.82,111.3,104.81,172.2,104.91,1959.6,104.92,520.5,104.93,78.4,104.94,1719.3,104.95,214.5
1700000484.5,969,104.87,0.04000000000000625,104.85,332.5,104.89,800.6,3258.0,2340.3,104.85,66.4,SELL,3,104.85,332.5,104.84,10.0,104.83,314.4,104.82,2420.2,104.81,180.9,104.89,800.6,104.9,204.0,104.91,49.7,104.92,274.8,104.93,1011.2
1700000485.0,970,104.84,0.04000000000000625,104.82,71.3,104.86,964.7,3431.2,2843.1,104.82,46.3,SELL,1,104.82,71.3,104.81,456.8,104.8,996.9,104.79,938.5,104.78,967.7,104.86,964.7,104.87,232.8,104.88,988.1,104.89,533.4,104.9,124.1
1700000485.5,971,104.85,0.060000000000002274,104.82,238.5,104.88,464.4,3158.9,6267.0,104.82,22.7,SELL,3,104.82,238.5,104.81,185.5,104.8,253.0,104.79,1204.5,104.78,1277.4,104.88,464.4,104.89,5118.1,104.9,47.6,104.91,215.4,104.92,421.5
1700000486.0,972,104.85,0.060000000000002274,104.82,366.7,104.88,295.5,2456.5,2688.7000000000003,104.82,57.6,SELL,4,104.82,366.7,104.81,1358.1,104.8,173.5,104.79,17.6,104.78,540.6,104.88,295.5,104.89,120.8,104.9,1344.4,104.91,210.4,104.92,717.6
1700000486.5,973,104.84,0.060000000000002274,104.81,613.5,104.87,393.0,4128.5,4201.299999999999,104.84,0.0,BUY,0,104.81,613.5,104.8,195.1,104.79,442.9,104.78,102.0,104.77,2775.0,104.87,393.0,104.88,551.5,104.89,2192.7,104.9,867.6,104.91,196.5
1700000487.0,974,104.84,0.060000000000002274,104.81,289.3,104.87,406.6,3225.1000000000004,3506.8999999999996,104.81,108.6,SELL,2,104.81,289.3,104.8,583.3,104.79,714.8,104.78,1076.9,104.77,560.8,104.87,406.6,104.88,446.3,104.89,443.3,104.9,363.9,104.91,1846.8
1700000487.5,975,104.84,0.060000000000002274,104.81,110.5,104.87,148.3,4643.1,6149.6,104.81,5.0,SELL,1,104.81,110.5,104.8,1390.9,104.79,10.0,104.78,2883.1,104.77,248.6,104.87,148.3,104.88,244.5,104.89,1557.8,104.9,657.5,104.91,3541.5
1700000488.0,976,104.85,0.04000000000000625,104.83,628.3,104.87,273.5,2240.6,7276.0,104.87,13.8,BUY,2,104.83,628.3,104.82,742.3,104.81,59.8,104.8,233.9,104.79,576.3,104.87,273.5,104.88,925.8,104.89,2219.7,104.9,3380.8,104.91,476.2
1700000488.5,977,104.83,0.060000000000002274,104.8,511.6,104.86,223.4,2840.5,5938.599999999999,104.86,76.4,BUY,2,104.8,511.6,104.79,18.0,104.78,372.0,104.77,385.0,104.76,1553.9,104.86,223.4,104.87,870.5,104.88,1679.3,104.89,984.7,104.9,2180.7
1700000489.0,978,104.82,0.05999999999998806,104.79,435.9,104.85,541.6,4325.5,3305.2,104.82,0.0,BUY,0,104.79,435.9,104.78,963.2,104.77,2054.0,104.76,768.1,104.75,104.3,104.85,541.6,104.86,765.6,104.87,1206.2,104.88,566.6,104.89,225.2
1700000489.5,979,104.815,0.04999999999999716,104.79,1585.6,104.84,344.1,3153.1,2849.6,104.84,73.0,BUY,4,104.79,1585.6,104.78,153.3,104.77,309.3,104.76,594.8,104.75,510.1,104.84,344.1,104.85,847.7,104.86,406.8,104.87,326.9,104.88,924.1
1700000490.0,980,104.82,0.05999999999998806,104.79,10.1,104.85,257.1,5592.4,5134.799999999999,104.79,25.9,SELL,1,104.79,10.1,104.78,1530.0,104.77,127.9,104.76,3751.0,104.75,173.4,104.85,257.1,104.86,370.6,104.87,3063.0,104.88,593.2,104.89,850.9
1700000490.5,981,104.81,0.060000000000002274,104.78,332.9,104.84,1154.9,3302.8,4063.9,104.78,5.0,SELL,4,104.78,332.9,104.77,95.3,104.76,334.7,104.75,873.0,104.74,1666.9,104.84,1154.9,104.85,881.2,104.86,610.7,104.87,844.1,104.88,573.0
1700000491.0,982,104.82,0.05999999999998806,104.79,1678.2,104.85,112.9,5330.6,4777.5,104.85,5.0,BUY,3,104.79,1678.2,104.78,92.6,104.77,556.3,104.76,18.1,104.75,2985.4,104.85,112.9,104.86,400.5,104.87,3336.4,104.88,455.4,104.89,472.3
1700000491.5,983,104.81,0.060000000000002274,104.78,1235.4,104.84,388.6,4868.900000000001,1848.6,104.78,24.2,SELL,1,104.78,1235.4,104.77,574.9,104.76,590.0,104.75,1854.3,104.74,614.3,104.84,388.6,104.85,245.2,104.86,228.3,104.87,676.1,104.88,310.4
1700000492.0,984,104.8,0.060000000000002274,104.77,627.4,104.83,176.5,4796.4,2476.5,104.77,248.5,SELL,3,104.77,627.4,104.76,105.7,104.75,320.7,104.74,1561.6,104.73,2181.0,104.83,176.5,104.84,719.9,104.85,1143.3,104.86,95.9,104.87,340.9
1700000492.5,985,104.81,0.060000000000002274,104.78,566.7,104.84,154.1,4900.900000000001,5667.1,104.78,9.3,SELL,1,104.78,566.7,104.77,659.6,104.76,2451.3,104.75,51.5,104.74,1171.8,104.84,154.1,104.85,451.8,104.86,1539.9,104.87,1512.3,104.88,2009.0
1700000493.0,986,104.8,0.060000000000002274,104.77,119.0,104.83,225.3,3602.2,1391.0,104.8,0.0,BUY,0,104.77,119.0,104.76,190.0,104.75,176.7,104.74,1366.1,104.73,1750.4,104.83,225.3,104.84,11.5,104.85,97.6,104.86,360.7,104.87,695.9
1700000493.5,987,104.8,0.060000000000002274,104.77,215.0,104.83,1990.3,3098.6,6514.0,104.77,39.3,SELL,3,104.77,215.0,104.76,157.5,104.75,417.4,104.74,1168.7,104.73,1140.0,104.83,1990.3,104.84,340.5,104.85,2637.4,104.86,723.9,104.87,821.9
1700000494.0,988,104.78,0.060000000000002274,104.75,239.5,104.81,518.3,1666.8000000000002,4550.799999999999,104.81,76.9,BUY,3,104.75,239.5,104.74,494.9,104.73,30.9,104.72,845.1,104.71,56.4,104.81,518.3,104.82,2744.6,104.83,222.4,104.84,489.2,104.85,576.3
1700000494.5,989,104.78,0.060000000000002274,104.75,177.3,104.81,1107.0,1347.7,4745.299999999999,104.78,0.0,BUY,0,104.75,177.3,104.74,295.5,104.73,10.0,104.72,212.7,104.71,652.2,104.81,1107.0,104.82,364.2,104.83,223.3,104.84,273.1,104.85,2777.7
1700000495.0,990,104.78999999999999,0.04000000000000625,104.77,1362.8,104.81,1465.4,4891.3,5000.9,104.81,109.1,BUY,1,104.77,1362.8,104.76,2148.6,104.75,63.9,104.74,796.7,104.73,519.3,104.81,1465.4,104.82,1449.0,104.83,695.5,104.84,301.9,104.85,1089.1
1700000495.5,991,104.79499999999999,0.04999999999999716,104.77,259.5,104.82,33.5,3471.0,2093.7,104.82,104.9,BUY,1,104.77,259.5,104.76,540.8,104.75,327.0,104.74,184.3,104.73,2159.4,104.82,33.5,104.83,1081.1,104.84,95.5,104.85,564.1,104.86,319.5
1700000496.0,992,104.78,0.060000000000002274,104.75,292.2,104.81,559.4,1629.1000000000001,4225.5,104.81,33.5,BUY,2,104.75,292.2,104.74,375.4,104.73,584.4,104.72,296.9,104.71,80.2,104.81,559.4,104.82,1842.1,104.83,531.1,104.84,329.0,104.85,963.9
1700000496.5,993,104.79499999999999,0.04999999999999716,104.77,381.7,104.82,163.4,3555.7,2879.8,104.77,11.5,SELL,4,104.77,381.7,104.76,1352.0,104.75,241.5,104.74,1405.0,104.73,175.5,104.82,163.4,104.83,1788.1,104.84,458.9,104.85,46.6,104.86,422.8
1700000497.0,994,104.78999999999999,0.05999999999998806,104.76,415.0,104.82,1045.7,1846.8000000000002,3057.3,104.76,38.1,SELL,3,104.76,415.0,104.75,204.1,104.74,725.7,104.73,131.2,104.72,370.8,104.82,1045.7,104.83,287.2,104.84,51.2,104.85,754.0,104.86,919.2
1700000497.5,995,104.78,0.03999999999999204,104.76,1031.5,104.8,199.8,4431.0,3341.1,104.8,5.0,BUY,1,104.76,1031.5,104.75,452.7,104.74,378.0,104.73,216.3,104.72,2352.5,104.8,199.8,104.81,176.6,104.82,689.9,104.83,1449.2,104.84,825.6
1700000498.0,996,104.77,0.060000000000002274,104.74,23.0,104.8,374.4,5194.300000000001,1792.6999999999998,104.74,5.0,SELL,1,104.74,23.0,104.73,2320.3,104.72,498.4,104.71,1839.0,104.7,513.6,104.8,374.4,104.81,78.6,104.82,320.9,104.83,245.4,104.84,773.4
1700000498.5,997,104.76,0.060000000000002274,104.73,1384.0,104.79,270.0,8542.1,4898.2,104.79,60.5,BUY,1,104.73,1384.0,104.72,608.0,104.71,2548.5,104.7,2880.6,104.69,1121.0,104.79,270.0,104.8,257.6,104.81,945.5,104.82,695.5,104.83,2729.6
1700000499.0,998,104.75,0.060000000000002274,104.72,306.2,104.78,910.5,3667.0,3234.4,104.72,9.5,SELL,1,104.72,306.2,104.71,103.2,104.7,129.5,104.69,2171.6,104.68,956.5,104.78,910.5,104.79,266.3,104.8,787.8,104.81,87.8,104.82,1182.0
1700000499.5,999,104.74,0.060000000000002274,104.71,68.8,104.77,587.5,1377.9,6803.5,104.77,31.4,BUY,5,104.71,68.8,104.7,677.0,104.69,248.0,104.68,209.9,104.67,174.2,104.77,587.5,104.78,1483.7,104.79,778.1,104.8,2606.9,104.81,1347.3
1700000500.0,1000,104.74,0.060000000000002274,104.71,188.8,104.77,889.7,2510.0,4997.3,104.71,139.7,SELL,2,104.71,188.8,104.7,100.9,104.69,119.9,104.68,270.2,104.67,1830.2,104.77,889.7,104.78,1460.1,104.79,459.4,104.8,1000.6,104.81,1187.5
1700000500.5,1001,104.74,0.060000000000002274,104.71,1039.6,104.77,129.1,5927.3,7431.5,104.71,90.0,SELL,3,104.71,1039.6,104.7,294.6,104.69,1722.0,104.68,1870.8,104.67,1000.3,104.77,129.1,104.78,1053.0,104.79,247.9,104.8,5692.5,104.81,309.0
1700000501.0,1002,104.73,0.060000000000002274,104.7,265.7,104.76,530.0,3550.8,10177.7,104.76,87.7,BUY,3,104.7,265.7,104.69,264.6,104.68,1262.2,104.67,1289.9,104.66,468.4,104.76,530.0,104.77,1297.5,104.78,4579.8,104.79,45.2,104.8,3725.2
1700000501.5,1003,104.72,0.060000000000002274,104.69,31.4,104.75,892.4,5573.599999999999,3329.2,104.69,130.9,SELL,2,104.69,31.4,104.68,2385.4,104.67,2108.6,104.66,670.9,104.65,377.3,104.75,892.4,104.76,552.1,104.77,1481.6,104.78,71.1,104.79,332.0
1700000502.0,1004,104.7,0.060000000000002274,104.67,155.1,104.73,1214.8,5101.1,6206.0,104.7,0.0,BUY,0,104.67,155.1,104.66,254.2,104.65,542.2,104.64,2107.7,104.63,2041.9,104.73,1214.8,104.74,131.4,104.75,696.2,104.76,201.1,104.77,3962.5
1700000502.5,1005,104.72,0.060000000000002274,104.69,182.1,104.75,568.8,2205.4999999999995,2268.7,104.69,5.0,SELL,4,104.69,182.1,104.68,1338.3,104.67,10.0,104.66,652.5,104.65,22.6,104.75,568.8,104.76,827.5,104.77,292.9,104.78,512.2,104.79,67.3
1700000503.0,1006,104.70500000000001,0.04999999999999716,104.68,1135.3,104.73,331.8,6706.2,6498.0,104.73,7.8,BUY,1,104.68,1135.3,104.67,1659.4,104.66,2410.8,104.65,587.9,104.64,912.8,104.73,331.8,104.74,127.1,104.75,3532.9,104.76,574.5,104.77,1931.7
1700000503.5,1007,104.71000000000001,0.05999999999998806,104.68,786.7,104.74,664.4,5965.2,4804.8,104.68,31.4,SELL,1,104.68,786.7,104.67,3298.4,104.66,481.4,104.65,505.3,104.64,893.4,104.74,664.4,104.75,945.7,104.76,142.9,104.77,1741.9,104.78,1309.9
1700000504.0,1008,104.70500000000001,0.04999999999999716,104.68,170.8,104.73,998.4,4019.8999999999996,2908.8,104.73,45.2,BUY,2,104.68,170.8,104.67,625.2,104.66,977.8,104.65,1077.4,104.64,1168.7,104.73,998.4,104.74,56.8,104.75,1015.5,104.76,548.8,104.77,289.3
1700000504.5,1009,104.71000000000001,0.04000000000000625,104.69,809.3,104.73,38.6,3300.3,1444.8000000000002,104.73,73.2,BUY,2,104.69,809.3,104.68,916.6,104.67,881.9,104.66,567.6,104.65,124.9,104.73,38.6,104.74,499.9,104.75,71.8,104.76,416.1,104.77,418.4
1700000505.0,1010,104.7,0.060000000000002274,104.67,408.0,104.73,202.8,4411.6,1327.5,104.73,56.1,BUY,1,104.67,408.0,104.66,1451.0,104.65,122.6,104.64,1296.0,104.63,1134.0,104.73,202.8,104.74,35.2,104.75,565.6,104.76,247.0,104.77,276.9
1700000505.5,1011,104.7,0.060000000000002274,104.67,150.1,104.73,598.5,5472.599999999999,2820.4,104.67,5.0,SELL,2,104.67,150.1,104.66,195.1,104.65,2857.7,104.64,1525.5,104.63,744.2,104.73,598.5,104.74,122.8,104.75,905.7,104.76,675.5,104.77,517.9
1700000506.0,1012,104.69,0.060000000000002274,104.66,255.6,104.72,25.6,1595.8000000000002,3131.9,104.66,27.3,SELL,3,104.66,255.6,104.65,437.9,104.64,194.0,104.63,432.7,104.62,275.6,104.72,25.6,104.73,52.1,104.74,899.5,104.75,2018.6,104.76,136.1
1700000506.5,1013,104.69,0.060000000000002274,104.66,1440.3,104.72,527.5,3185.6,4231.4,104.69,0.0,BUY,0,104.66,1440.3,104.65,731.2,104.64,568.3,104.63,179.1,104.62,266.7,104.72,527.5,104.73,1041.6,104.74,978.8,104.75,1218.7,104.76,464.8
1700000507.0,1014,104.685,0.04999999999999716,104.66,753.6,104.71,45.8,4681.3,2891.2000000000003,104.71,34.5,BUY,1,104.66,753.6,104.65,258.2,104.64,338.1,104.63,1013.2,104.62,2318.2,104.71,45.8,104.72,2409.4,104.73,90.2,104.74,222.0,104.75,123.8
1700000507.5,1015,104.68,0.04000000000000625,104.66,515.3,104.7,1518.1,1847.9,2504.2999999999997,104.7,5.6,BUY,3,104.66,515.3,104.65,183.9,104.64,241.1,104.63,743.6,104.62,164.0,104.7,1518.1,104.71,101.6,104.72,570.1,104.73,48.7,104.74,265.8
1700000508.0,1016,104.685,0.04999999999999716,104.66,840.2,104.71,1160.6,6309.700000000001,3955.2,104.66,6.4,SELL,1,104.66,840.2,104.65,3418.3,104.64,1723.5,104.63,177.1,104.62,150.6,104.71,1160.6,104.72,181.2,104.73,781.3,104.74,1287.3,104.75,544.8
1700000508.5,1017,104.67,0.060000000000002274,104.64,229.6,104.7,280.4,2373.6,5214.4,104.64,52.1,SELL,2,104.64,229.6,104.63,166.1,104.62,589.1,104.61,147.2,104.6,1241.6,104.7,280.4,104.71,248.9,104.72,3923.9,104.73,579.4,104.74,181.8
1700000509.0,1018,104.67,0.060000000000002274,104.64,275.8,104.7,263.1,3779.3,6605.599999999999,104.64,18.7,SELL,1,104.64,275.8,104.63,55.4,104.62,820.7,104.61,1130.5,104.6,1496.9,104.7,263.1,104.71,2022.3,104.72,296.3,104.73,3574.7,104.74,449.2
1700000509.5,1019,104.66,0.060000000000002274,104.63,140.8,104.69,1288.9,1862.5,6489.8,104.63,48.0,SELL,1,104.63,140.8,104.62,367.4,104.61,436.9,104.6,435.5,104.59,481.9,104.69,1288.9,104.7,1616.8,104.71,1035.0,104.72,1142.3,104.73,1406.8
1700000510.0,1020,104.64,0.060000000000002274,104.61,1095.0,104.67,630.5,3130.4,3987.1,104.61,50.1,SELL,2,104.61,1095.0,104.6,882.0,104.59,499.4,104.58,314.9,104.57,339.1,104.67,630.5,104.68,921.6,104.69,10.0,104.7,2044.6,104.71,380.4
1700000510.5,1021,104.63,0.04000000000000625,104.61,530.7,104.65,656.6,5143.5,6579.0,104.65,116.1,BUY,2,104.61,530.7,104.6,1990.2,104.59,1481.4,104.58,246.9,104.57,894.3,104.65,656.6,104.66,207.8,104.67,351.9,104.68,4601.7,104.69,761.0
1700000511.0,1022,104.63,0.060000000000002274,104.6,353.0,104.66,293.1,2203.6,5003.6,104.63,0.0,BUY,0,104.6,353.0,104.59,220.8,104.58,370.7,104.57,805.8,104.56,453.3,104.66,293.1,104.67,549.1,104.68,69.6,104.69,3947.2,104.7,144.6
1700000511.5,1023,104.63,0.060000000000002274,104.6,969.4,104.66,879.8,3819.5,5000.8,104.66,5.9,BUY,1,104.6,969.4,104.59,1772.2,104.58,340.4,104.57,516.4,104.56,221.1,104.66,879.8,104.67,402.9,104.68,2890.8,104.69,690.8,104.7,136.5
1700000512.0,1024,104.64,0.060000000000002274,104.61,589.0,104.67,165.4,2181.1,5342.6,104.67,5.0,BUY,4,104.61,589.0,104.6,149.4,104.59,443.7,104.58,115.9,104.57,883.1,104.67,165.4,104.68,1077.9,104.69,2410.5,104.7,32.4,104.71,1656.4
1700000512.5,1025,104.64,0.060000000000002274,104.61,202.8,104.67,97.9,4611.6,1945.8,104.67,67.0,BUY,3,104.61,202.8,104.6,1199.3,104.59,606.4,104.58,668.2,104.57,1934.9,104.67,97.9,104.68,277.0,104.69,120.2,104.7,376.9,104.71,1073.8
1700000513.0,1026,104.63,0.060000000000002274,104.6,1356.6,104.66,237.4,4536.0,803.6,104.6,5.0,SELL,1,104.6,1356.6,104.59,184.7,104.58,1065.1,104.57,700.2,104.56,1229.4,104.66,237.4,104.67,126.4,104.68,98.8,104.69,186.9,104.7,154.1
1700000513.5,1027,104.62,0.060000000000002274,104.59,344.8,104.65,562.7,2257.6000000000004,5177.1,104.65,24.0,BUY,1,104.59,344.8,104.58,274.7,104.57,321.2,104.56,1064.4,104.55,252.5,104.65,562.7,104.66,920.0,104.67,817.9,104.68,1094.6,104.69,1781.9
1700000514.0,1028,104.61,0.060000000000002274,104.58,877.1,104.64,401.1,3888.9999999999995,3190.2,104.61,0.0,BUY,0,104.58,877.1,104.57,64.5,104.56,1406.1,104.55,620.7,104.54,920.6,104.64,401.1,104.65,41.0,104.66,2122.1,104.67,449.5,104.68,176.5
1700000514.5,1029,104.61,0.060000000000002274,104.58,11.7,104.64,146.1,6419.9,2562.7000000000003,104.61,0.0,BUY,0,104.58,11.7,104.57,2791.0,104.56,1114.1,104.55,2373.0,104.54,130.1,104.64,146.1,104.65,1063.4,104.66,168.9,104.67,235.4,104.68,948.9
1700000515.0,1030,104.58,0.03999999999999204,104.56,54.0,104.6,662.8,2133.0,5632.5,104.6,122.6,BUY,2,104.56,54.0,104.55,169.0,104.54,389.2,104.53,1308.0,104.52,212.8,104.6,662.8,104.61,2162.4,104.62,115.0,104.63,653.8,104.64,2038.5
1700000515.5,1031,104.58,0.060000000000002274,104.55,1839.0,104.61,43.0,5075.299999999999,1047.0,104.55,39.4,SELL,1,104.55,1839.0,104.54,576.4,104.53,1138.8,104.52,194.1,104.51,1327.0,104.61,43.0,104.62,336.1,104.63,86.2,104.64,176.3,104.65,405.4
1700000516.0,1032,104.565,0.04999999999999716,104.54,1241.0,104.59,393.2,5467.4,3072.4,104.54,77.4,SELL,2,104.54,1241.0,104.53,394.8,104.52,688.2,104.51,948.6,104.5,2194.8,104.59,393.2,104.6,223.5,104.61,332.6,104.62,879.1,104.63,1244.0
1700000516.5,1033,105.59,0.060000000000002274,105.56,125.2,105.62,453.4,806.3000000000001,2163.4,105.59,0.0,BUY,0,105.56,125.2,105.55,486.0,105.54,110.0,105.53,53.6,105.52,31.5,105.62,453.4,105.63,367.9,105.64,731.6,105.65,246.1,105.66,364.4
1700000517.0,1034,105.59,0.060000000000002274,105.56,326.6,105.62,19.9,1447.1,3349.3999999999996,105.56,130.6,SELL,3,105.56,326.6,105.55,262.9,105.54,445.1,105.53,158.8,105.52,253.7,105.62,19.9,105.63,517.5,105.64,513.7,105.65,281.3,105.66,2017.0
1700000517.5,1035,105.58,0.060000000000002274,105.55,2840.6,105.61,388.2,8500.999999999998,1053.8,105.55,5.0,SELL,2,105.55,2840.6,105.54,4395.7,105.53,34.4,105.52,872.4,105.51,357.9,105.61,388.2,105.62,130.6,105.63,196.2,105.64,307.3,105.65,31.5
1700000518.0,1036,105.56,0.060000000000002274,105.53,168.0,105.59,258.5,1387.0,4599.6,105.53,109.6,SELL,6,105.53,168.0,105.52,36.9,105.51,761.6,105.5,174.9,105.49,245.6,105.59,258.5,105.6,2936.6,105.61,373.0,105.62,662.0,105.63,369.5
1700000518.5,1037,105.55,0.03999999999999204,105.53,60.5,105.57,53.0,3023.1,4134.099999999999,105.53,6.8,SELL,1,105.53,60.5,105.52,15.1,105.51,921.5,105.5,898.4,105.49,1127.6,105.57,53.0,105.58,206.1,105.59,1079.0,105.6,2614.1,105.61,181.9
1700000519.0,1038,105.56,0.060000000000002274,105.53,164.8,105.59,426.0,1849.3000000000002,1312.8000000000002,105.53,11.0,SELL,2,105.53,164.8,105.52,193.7,105.51,147.5,105.5,365.6,105.49,977.7,105.59,426.0,105.6,10.0,105.61,85.0,105.62,548.4,105.63,243.4
1700000519.5,1039,105.56,0.060000000000002274,105.53,1547.5,105.59,1442.2,4609.5,4963.0,105.59,19.4,BUY,2,105.53,1547.5,105.52,47.3,105.51,74.6,105.5,2761.0,105.49,179.1,105.59,1442.2,105.6,331.9,105.61,1397.6,105.62,579.2,105.63,1212.1
1700000520.0,1040,105.55,0.060000000000002274,105.52,614.4,105.58,709.9,3586.0,4584.9,105.52,77.2,SELL,1,105.52,614.4,105.51,97.8,105.5,1162.7,105.49,1166.9,105.48,544.2,105.58,709.9,105.59,302.6,105.6,1386.1,105.61,1844.4,105.62,341.9
1700000520.5,1041,105.54499999999999,0.04999999999999716,105.52,637.5,105.57,431.1,4051.4,4123.400000000001,105.57,5.0,BUY,1,105.52,637.5,105.51,1772.6,105.5,862.9,105.49,262.9,105.48,515.5,105.57,431.1,105.58,1702.8,105.59,1446.4,105.6,533.1,105.61,10.0
1700000521.0,1042,105.55,0.060000000000002274,105.52,126.6,105.58,647.4,4366.4,6093.4,105.52,47.9,SELL,4,105.52,126.6,105.51,447.9,105.5,781.2,105.49,911.6,105.48,2099.1,105.58,647.4,105.59,1322.0,105.6,557.8,105.61,2031.0,105.62,1535.2
1700000521.5,1043,105.55,0.060000000000002274,105.52,180.4,105.58,75.2,1512.3,2423.4,105.55,0.0,BUY,0,105.52,180.4,105.51,165.0,105.5,377.9,105.49,672.8,105.48,116.2,105.58,75.2,105.59,211.1,105.6,996.7,105.61,88.7,105.62,1051.7
1700000522.0,1044,105.55,0.060000000000002274,105.52,790.7,105.58,45.8,2206.9,2955.0,105.52,98.0,SELL,5,105.52,790.7,105.51,410.3,105.5,317.5,105.49,666.9,105.48,21.5,105.58,45.8,105.59,828.2,105.6,510.8,105.61,1116.2,105.62,454.0
1700000522.5,1045,105.565,0.04999999999999716,105.54,226.1,105.59,34.2,4534.7,6742.700000000001,105.565,0.0,BUY,0,105.54,226.1,105.53,1252.9,105.52,988.6,105.51,524.4,105.5,1542.7,105.59,34.2,105.6,223.5,105.61,798.0,105.62,2203.6,105.63,3483.4
1700000523.0,1046,105.56,0.060000000000002274,105.53,161.5,105.59,37.1,4815.3,1094.3,105.53,129.5,SELL,2,105.53,161.5,105.52,70.0,105.51,2658.4,105.5,1777.2,105.49,148.2,105.59,37.1,105.6,340.4,105.61,70.7,105.62,86.6,105.63,559.5
1700000523.5,1047,105.565,0.04999999999999716,105.54,677.3,105.59,1103.0,3059.3999999999996,5216.1,105.54,33.6,SELL,2,105.54,677.3,105.53,88.5,105.52,1510.1,105.51,752.4,105.5,31.1,105.59,1103.0,105.6,1460.8,105.61,734.7,105.62,1063.0,105.63,854.6
1700000524.0,1048,105.56,0.060000000000002274,105.53,55.7,105.59,401.8,5432.1,3078.8,105.59,16.0,BUY,2,105.53,55.7,105.52,832.5,105.51,1467.0,105.5,374.6,105.49,2702.3,105.59,401.8,105.6,111.3,105.61,911.7,105.62,1335.8,105.63,318.2
1700000524.5,1049,105.55,0.060000000000002274,105.52,12.4,105.58,1074.9,2272.6,4069.5,105.52,53.3,SELL,2,105.52,12.4,105.51,740.5,105.5,342.2,105.49,391.7,105.48,785.8,105.58,1074.9,105.59,158.2,105.6,1928.0,105.61,107.7,105.62,800.7
1700000525.0,1050,105.55,0.060000000000002274,105.52,1071.2,105.58,37.2,5876.6,11340.9,105.58,105.0,BUY,1,105.52,1071.2,105.51,2438.1,105.5,85.1,105.49,380.3,105.48,1901.9,105.58,37.2,105.59,837.4,105.6,3546.6,105.61,1894.5,105.62,5025.2
1700000525.5,1051,105.54499999999999,0.04999999999999716,105.52,1077.2,105.57,455.6,3441.5000000000005,4654.099999999999,105.57,5.5,BUY,4,105.52,1077.2,105.51,246.2,105.5,39.9,105.49,1715.9,105.48,362.3,105.57,455.6,105.58,1724.1,105.59,1501.2,105.6,319.1,105.61,654.1
1700000526.0,1052,105.55,0.060000000000002274,105.52,567.9,105.58,163.3,1383.6999999999998,5267.4,105.52,45.9,SELL,2,105.52,567.9,105.51,267.2,105.5,91.0,105.49,375.3,105.48,82.3,105.58,163.3,105.59,411.8,105.6,1370.6,105.61,2726.0,105.62,595.7
1700000526.5,1053,105.55,0.060000000000002274,105.52,154.0,105.58,26.3,939.7,4491.9,105.52,18.6,SELL,2,105.52,154.0,105.51,266.1,105.5,43.6,105.49,234.0,105.48,242.0,105.58,26.3,105.59,47.7,105.6,128.5,105.61,3681.2,105.62,608.2
1700000527.0,1054,105.54499999999999,0.04999999999999716,105.52,1223.3,105.57,126.9,2083.9,2065.2999999999997,105.57,29.0,BUY,1,105.52,1223.3,105.51,282.5,105.5,95.9,105.49,54.8,105.48,427.4,105.57,126.9,105.58,227.3,105.59,459.6,105.6,1014.8,105.61,236.7
1700000527.5,1055,105.54499999999999,0.04999999999999716,105.52,1589.8,105.57,759.3,5062.6,2917.3999999999996,105.52,12.4,SELL,1,105.52,1589.8,105.51,1177.3,105.5,87.1,105.49,220.8,105.48,1987.6,105.57,759.3,105.58,721.4,105.59,138.6,105.6,362.0,105.61,936.1
1700000528.0,1056,105.53,0.060000000000002274,105.5,82.6,105.56,854.0,5048.099999999999,2188.8,105.53,0.0,BUY,0,105.5,82.6,105.49,511.1,105.48,400.9,105.47,3375.1,105.46,678.4,105.56,854.0,105.57,10.0,105.58,605.2,105.59,387.3,105.6,332.3
1700000528.5,1057,105.53,0.060000000000002274,105.5,456.5,105.56,10.0,5922.700000000001,5947.0,105.53,0.0,BUY,0,105.5,456.5,105.49,272.0,105.48,277.8,105.47,190.3,105.46,4726.1,105.56,10.0,105.57,1199.8,105.58,1062.4,105.59,398.6,105.6,3276.2
1700000529.0,1058,105.53999999999999,0.04000000000000625,105.52,63.3,105.56,426.3,2127.2,2236.5,105.52,13.5,SELL,3,105.52,63.3,105.51,205.7,105.5,457.1,105.49,687.6,105.48,713.5,105.56,426.3,105.57,540.7,105.58,299.4,105.59,573.8,105.6,396.3
1700000529.5,1059,105.53,0.060000000000002274,105.5,378.6,105.56,501.8,2414.4,2077.6000000000004,105.56,53.4,BUY,1,105.5,378.6,105.49,107.1,105.48,81.4,105.47,1076.8,105.46,770.5,105.56,501.8,105.57,562.9,105.58,409.6,105.59,206.0,105.6,397.3
1700000530.0,1060,105.52,0.060000000000002274,105.49,331.8,105.55,511.9,2502.9,2989.6,105.52,0.0,BUY,0,105.49,331.8,105.48,379.5,105.47,162.0,105.46,1292.2,105.45,337.4,105.55,511.9,105.56,376.5,105.57,10.0,105.58,239.4,105.59,1851.8
1700000530.5,1061,105.52,0.060000000000002274,105.49,1309.6,105.55,70.9,3582.1000000000004,1958.1,105.52,0.0,BUY,0,105.49,1309.6,105.48,321.7,105.47,650.2,105.46,900.8,105.45,399.8,105.55,70.9,105.56,776.4,105.57,111.3,105.58,400.0,105.59,599.5
1700000531.0,1062,105.52,0.060000000000002274,105.49,326.8,105.55,500.1,1794.7,1788.8999999999999,105.49,6.6,SELL,2,105.49,326.8,105.48,186.8,105.47,83.2,105.46,12.9,105.45,1185.0,105.55,500.1,105.56,829.0,105.57,126.0,105.58,236.0,105.59,97.8
1700000531.5,1063,105.53,0.060000000000002274,105.5,209.3,105.56,216.9,2804.7999999999997,3245.4,105.56,88.4,BUY,2,105.5,209.3,105.49,116.7,105.48,36.1,105.47,1940.0,105.46,502.7,105.56,216.9,105.57,287.0,105.58,181.3,105.59,1423.2,105.6,1137.0
1700000532.0,1064,105.53,0.060000000000002274,105.5,71.8,105.56,175.0,2503.4000000000005,2516.4,105.5,20.0,SELL,1,105.5,71.8,105.49,138.9,105.48,1388.7,105.47,559.7,105.46,344.3,105.56,175.0,105.57,934.1,105.58,796.4,105.59,144.1,105.6,466.8
1700000532.5,1065,105.52000000000001,0.04000000000000625,105.5,165.0,105.54,209.2,2264.4,1889.6999999999998,105.5,5.0,SELL,4,105.5,165.0,105.49,39.3,105.48,386.4,105.47,226.6,105.46,1447.1,105.54,209.2,105.55,132.7,105.56,902.3,105.57,312.8,105.58,332.7
1700000533.0,1066,105.52,0.060000000000002274,105.49,488.1,105.55,125.6,3975.0,5000.2,105.55,38.6,BUY,2,105.49,488.1,105.48,2234.5,105.47,629.4,105.46,436.6,105.45,186.4,105.55,125.6,105.56,118.0,105.57,2748.9,105.58,403.2,105.59,1604.5
1700000533.5,1067,105.51,0.060000000000002274,105.48,167.1,105.54,406.4,2330.3999999999996,2605.9,105.48,6.3,SELL,2,105.48,167.1,105.47,38.6,105.46,392.6,105.45,934.9,105.44,797.2,105.54,406.4,105.55,503.1,105.56,245.7,105.57,1087.8,105.58,362.9
1700000534.0,1068,105.5,0.03999999999999204,105.48,507.9,105.52,1806.1,3086.7999999999997,5635.6,105.5,0.0,BUY,0,105.48,507.9,105.47,358.4,105.46,340.5,105.45,348.4,105.44,1531.6,105.52,1806.1,105.53,180.2,105.54,152.9,105.55,1201.4,105.56,2295.0
1700000534.5,1069,100.13,0.060000000000002274,100.1,90.6,100.16,1505.4,2861.8,4763.200000000001,100.1,7.1,SELL,1,100.1,90.6,100.09,187.1,100.08,1204.1,100.07,1134.0,100.06,246.0,100.16,1505.4,100.17,208.2,100.18,230.8,100.19,186.8,100.2,2632.0
1700000535.0,1070,100.12,0.060000000000002274,100.09,461.5,100.15,359.6,3786.6000000000004,3055.4,100.15,25.8,BUY,2,100.09,461.5,100.08,1243.9,100.07,732.0,100.06,279.0,100.05,1070.2,100.15,359.6,100.16,183.0,100.17,536.6,100.18,1843.8,100.19,132.4
1700000535.5,1071,100.12,0.060000000000002274,100.09,610.4,100.15,82.8,5928.4,7797.699999999999,100.15,10.5,BUY,3,100.09,610.4,100.08,1971.1,100.07,304.3,100.06,1063.0,100.05,1979.6,100.15,82.8,100.16,135.6,100.17,4868.4,100.18,2272.9,100.19,438.0
1700000536.0,1072,100.11,0.060000000000002274,100.08,96.1,100.14,306.7,2747.3999999999996,5927.4,100.08,9.6,SELL,1,100.08,96.1,100.07,1387.8,100.06,220.0,100.05,290.3,100.04,753.2,100.14,306.7,100.15,953.7,100.16,10.0,100.17,4380.0,100.18,277.0
1700000536.5,1073,100.11,0.060000000000002274,100.08,293.8,100.14,323.1,2873.4,3411.2,100.14,18.2,BUY,1,100.08,293.8,100.07,158.4,100.06,120.7,100.05,459.2,100.04,1841.3,100.14,323.1,100.15,994.7,100.16,275.0,100.17,348.6,100.18,1469.8
1700000537.0,1074,100.11,0.060000000000002274,100.08,29.0,100.14,205.0,1542.4,3433.2,100.08,25.6,SELL,4,100.08,29.0,100.07,466.2,100.06,73.2,100.05,388.5,100.04,585.5,100.14,205.0,100.15,542.3,100.16,1286.8,100.17,484.8,100.18,914.3
1700000537.5,1075,100.095,0.05000000000001137,100.07,495.1,100.12,313.6,3634.0,7397.1,100.095,0.0,BUY,0,100.07,495.1,100.06,55.2,100.05,438.1,100.04,1668.5,100.03,977.1,100.12,313.6,100.13,183.4,100.14,608.6,100.15,2675.9,100.16,3615.6
1700000538.0,1076,100.095,0.05000000000001137,100.07,895.5,100.12,353.1,7537.799999999999,1925.6000000000001,100.12,19.2,BUY,4,100.07,895.5,100.06,515.8,100.05,1884.3,100.04,3077.8,100.03,1164.4,100.12,353.1,100.13,339.4,100.14,844.4,100.15,286.5,100.16,102.2
1700000538.5,1077,100.09,0.04000000000000625,100.07,178.8,100.11,1157.4,1007.7,3479.4,100.07,60.8,SELL,2,100.07,178.8,100.06,664.4,100.05,68.9,100.04,73.2,100.03,22.4,100.11,1157.4,100.12,404.3,100.13,293.3,100.14,904.8,100.15,719.6
1700000539.0,1078,100.08,0.060000000000002274,100.05,227.6,100.11,1096.6,2722.7000000000003,7831.2,100.11,48.2,BUY,1,100.05,227.6,100.04,1292.2,100.03,305.6,100.02,664.7,100.01,232.6,100.11,1096.6,100.12,812.3,100.13,2071.8,100.14,537.8,100.15,3312.7
1700000539.5,1079,100.065,0.04999999999999716,100.04,363.0,100.09,183.6,2110.7000000000003,3429.3,100.04,5.0,SELL,2,100.04,363.0,100.03,86.3,100.02,910.9,100.01,292.2,100.0,458.3,100.09,183.6,100.1,1029.8,100.11,351.4,100.12,771.7,100.13,1092.8
1700000540.0,1080,100.06,0.060000000000002274,100.03,147.1,100.09,455.4,2812.6,4114.2,100.06,0.0,BUY,0,100.03,147.1,100.02,749.6,100.01,1121.1,100.0,304.7,99.99,490.1,100.09,455.4,100.1,298.5,100.11,631.2,100.12,674.5,100.13,2054.6
1700000540.5,1081,100.06,0.060000000000002274,100.03,21.5,100.09,409.7,5365.8,3452.2000000000003,100.09,95.8,BUY,4,100.03,21.5,100.02,27.6,100.01,245.8,100.0,2919.0,99.99,2151.9,100.09,409.7,100.1,1195.6,100.11,75.8,100.12,1166.2,100.13,604.9
1700000541.0,1082,100.065,0.04999999999999716,100.04,664.6,100.09,133.8,1557.3999999999999,3221.2,100.04,212.0,SELL,2,100.04,664.6,100.03,387.5,100.02,395.4,100.01,42.1,100.0,67.8,100.09,133.8,100.1,185.2,100.11,45.1,100.12,824.6,100.13,2032.5
1700000541.5,1083,100.065,0.04999999999999716,100.04,10.0,100.09,292.4,1916.1999999999998,3823.0,100.065,0.0,BUY,0,100.04,10.0,100.03,104.6,100.02,884.5,100.01,269.2,100.0,647.9,100.09,292.4,100.1,530.3,100.11,791.2,100.12,1687.6,100.13,521.5
1700000542.0,1084,100.08,0.060000000000002274,100.05,195.9,100.11,577.5,2623.4,3699.7000000000003,100.05,5.0,SELL,3,100.05,195.9,100.04,405.1,100.03,1473.9,100.02,393.9,100.01,154.6,100.11,577.5,100.12,387.4,100.13,2042.5,100.14,121.8,100.15,570.5
1700000542.5,1085,100.065,0.04999999999999716,100.04,794.4,100.09,204.2,3033.3,2422.5,100.04,12.5,SELL,3,100.04,794.4,100.03,855.5,100.02,255.0,100.01,10.0,100.0,1118.4,100.09,204.2,100.1,865.2,100.11,401.3,100.12,569.2,100.13,382.6
1700000543.0,1086,100.05,0.060000000000002274,100.02,250.5,100.08,249.2,9215.5,8122.7,100.08,5.0,BUY,1,100.02,250.5,100.01,267.3,100.0,853.0,99.99,7325.1,99.98,519.6,100.08,249.2,100.09,1458.5,100.1,644.6,100.11,539.5,100.12,5230.9
1700000543.5,1087,100.05,0.060000000000002274,100.02,706.0,100.08,1323.1,3727.8,5536.099999999999,100.08,7.7,BUY,1,100.02,706.0,100.01,25.2,100.0,623.6,99.99,1779.4,99.98,593.6,100.08,1323.1,100.09,58.8,100.1,3508.2,100.11,246.3,100.12,399.7
1700000544.0,1088,100.03999999999999,0.05999999999998806,100.01,89.6,100.07,185.4,3714.3,4461.1,100.01,90.1,SELL,2,100.01,89.6,100.0,940.6,99.99,10.0,99.98,2316.9,99.97,357.2,100.07,185.4,100.08,2028.9,100.09,148.6,100.1,1390.5,100.11,707.7
1700000544.5,1089,100.03,0.060000000000002274,100.0,10.0,100.06,1341.8,4423.1,4087.9,100.06,9.3,BUY,2,100.0,10.0,99.99,1344.1,99.98,875.7,99.97,908.6,99.96,1284.7,100.06,1341.8,100.07,546.5,100.08,366.7,100.09,1661.5,100.1,171.4
1700000545.0,1090,100.03,0.03999999999999204,100.01,537.0,100.05,355.7,2937.2,4756.4,100.05,5.0,BUY,1,100.01,537.0,100.0,342.3,99.99,1300.9,99.98,160.5,99.97,596.5,100.05,355.7,100.06,1065.4,100.07,556.3,100.08,336.7,100.09,2442.3
1700000545.5,1091,100.03,0.03999999999999204,100.01,93.7,100.05,983.6,2519.1000000000004,2466.9,100.01,7.0,SELL,2,100.01,93.7,100.0,865.6,99.99,159.0,99.98,663.6,99.97,737.2,100.05,983.6,100.06,450.1,100.07,439.9,100.08,51.9,100.09,541.4
1700000546.0,1092,100.03,0.060000000000002274,100.0,1231.2,100.06,221.4,5499.8,3916.3,100.03,0.0,BUY,0,100.0,1231.2,99.99,289.9,99.98,1577.4,99.97,1330.0,99.96,1071.3,100.06,221.4,100.07,1842.0,100.08,120.8,100.09,1648.1,100.1,84.0
1700000546.5,1093,100.02,0.060000000000002274,99.99,28.4,100.05,26.4,4293.7,2475.1000000000004,99.99,58.5,SELL,1,99.99,28.4,99.98,448.1,99.97,1298.6,99.96,250.8,99.95,2267.8,100.05,26.4,100.06,10.0,100.07,158.7,100.08,417.1,100.09,1862.9
1700000547.0,1094,100.01,0.060000000000002274,99.98,79.8,100.04,189.5,4542.7,4066.8999999999996,100.04,9.2,BUY,1,99.98,79.8,99.97,1042.9,99.96,929.3,99.95,139.6,99.94,2351.1,100.04,189.5,100.05,370.8,100.06,2001.6,100.07,847.4,100.08,657.6
1700000547.5,1095,109.94,0.060000000000002274,109.91,623.3,109.97,1160.8,3921.4,5263.5,109.97,56.4,BUY,1,109.91,623.3,109.9,99.2,109.89,678.2,109.88,2068.8,109.87,451.9,109.97,1160.8,109.98,465.9,109.99,1315.2,110.0,1609.3,110.01,712.3
1700000548.0,1096,109.95,0.060000000000002274,109.92,275.1,109.98,2137.6,2365.7,3805.9999999999995,109.92,18.0,SELL,1,109.92,275.1,109.91,632.1,109.9,228.6,109.89,50.1,109.88,1179.8,109.98,2137.6,109.99,94.6,110.0,312.2,110.01,299.6,110.02,962.0
1700000548.5,1097,109.95,0.060000000000002274,109.92,278.0,109.98,10.0,939.6,1847.6,109.98,48.9,BUY,5,109.92,278.0,109.91,34.8,109.9,52.3,109.89,242.6,109.88,331.9,109.98,10.0,109.99,331.0,110.0,786.7,110.01,21.3,110.02,698.6
1700000549.0,1098,109.94,0.060000000000002274,109.91,36.7,109.97,269.8,4436.3,4057.5,109.91,63.8,SELL,4,109.91,36.7,109.9,810.6,109.89,1272.4,109.88,711.6,109.87,1605.0,109.97,269.8,109.98,921.9,109.99,469.7,110.0,677.8,110.01,1718.3
1700000549.5,1099,109.935,0.04999999999999716,109.91,231.1,109.96,323.2,2982.6000000000004,1211.8999999999999,109.96,5.0,BUY,1,109.91,231.1,109.9,183.0,109.89,543.2,109.88,268.4,109.87,1756.9,109.96,323.2,109.97,16.6,109.98,604.0,109.99,158.6,110.0,109.5
1700000550.0,1100,109.92,0.060000000000002274,109.89,1200.1,109.95,112.3,2536.7,1125.8,109.92,0.0,BUY,0,109.89,1200.1,109.88,595.0,109.87,245.6,109.86,317.4,109.85,178.6,109.95,112.3,109.96,612.3,109.97,28.2,109.98,143.3,109.99,229.7
1700000550.5,1101,109.905,0.05000000000001137,109.88,454.5,109.93,855.6,2086.1,2607.4,109.88,44.3,SELL,2,109.88,454.5,109.87,62.8,109.86,1142.2,109.85,80.5,109.84,346.1,109.93,855.6,109.94,832.8,109.95,530.8,109.96,114.9,109.97,273.3
1700000551.0,1102,109.905,0.05000000000001137,109.88,342.6,109.93,239.1,3102.9,2662.7,109.905,0.0,BUY,0,109.88,342.6,109.87,18.5,109.86,1672.7,109.85,205.6,109.84,863.5,109.93,239.1,109.94,123.1,109.95,313.5,109.96,332.2,109.97,1654.8
1700000551.5,1103,109.91,0.060000000000002274,109.88,549.8,109.94,1412.0,2395.4,5621.6,109.88,114.8,SELL,2,109.88,549.8,109.87,72.7,109.86,12.2,109.85,302.2,109.84,1458.5,109.94,1412.0,109.95,1109.9,109.96,604.7,109.97,382.2,109.98,2112.8
1700000552.0,1104,109.92,0.060000000000002274,109.89,119.3,109.95,251.2,4213.2,6214.7,109.95,5.0,BUY,2,109.89,119.3,109.88,770.7,109.87,355.4,109.86,2595.5,109.85,372.3,109.95,251.2,109.96,1501.8,109.97,979.5,109.98,2436.7,109.99,1045.5
1700000552.5,1105,109.92,0.060000000000002274,109.89,451.0,109.95,2046.9,3780.1,3551.0000000000005,109.89,105.8,SELL,1,109.89,451.0,109.88,343.9,109.87,1509.7,109.86,458.9,109.85,1016.6,109.95,2046.9,109.96,48.0,109.97,867.0,109.98,341.8,109.99,247.3
1700000553.0,1106,109.93,0.04000000000000625,109.91,622.6,109.95,168.1,1893.4,1228.2,109.95,5.0,BUY,1,109.91,622.6,109.9,91.0,109.89,111.4,109.88,296.3,109.87,772.1,109.95,168.1,109.96,99.4,109.97,643.8,109.98,132.4,109.99,184.5
1700000553.5,1107,109.94,0.060000000000002274,109.91,666.6,109.97,208.2,3177.1000000000004,3184.7999999999997,109.91,35.1,SELL,3,109.91,666.6,109.9,1102.4,109.89,1258.8,109.88,126.9,109.87,22.4,109.97,208.2,109.98,202.6,109.99,540.8,110.0,2179.7,110.01,53.5
1700000554.0,1108,98.35,0.060000000000002274,98.32,757.2,98.38,520.3,3786.2000000000003,2894.3,98.32,29.0,SELL,3,98.32,757.2,98.31,954.5,98.3,305.1,98.29,682.9,98.28,1086.5,98.38,520.3,98.39,419.7,98.4,159.7,98.41,1084.6,98.42,710.0
1700000554.5,1109,98.36,0.03999999999999204,98.34,154.6,98.38,254.8,1842.9,2588.8,98.38,59.0,BUY,2,98.34,154.6,98.33,215.0,98.32,219.7,98.31,590.2,98.3,663.4,98.38,254.8,98.39,720.8,98.4,739.0,98.41,74.5,98.42,799.7
1700000555.0,1110,98.35,0.060000000000002274,98.32,46.6,98.38,109.5,2528.6000000000004,2592.3,98.32,7.6,SELL,2,98.32,46.6,98.31,139.5,98.3,161.6,98.29,895.0,98.28,1285.9,98.38,109.5,98.39,1891.2,98.4,209.1,98.41,250.5,98.42,132.0
1700000555.5,1111,98.34,0.060000000000002274,98.31,252.7,98.37,40.6,4621.9,1910.4,98.37,176.5,BUY,1,98.31,252.7,98.3,156.2,98.29,515.0,98.28,1410.5,98.27,2287.5,98.37,40.6,98.38,152.9,98.39,12.7,98.4,853.3,98.41,850.9
1700000556.0,1112,98.33,0.060000000000002274,98.3,16.4,98.36,82.4,8374.9,2895.0,98.3,68.2,SELL,1,98.3,16.4,98.29,757.6,98.28,2077.0,98.27,3158.2,98.26,2365.7,98.36,82.4,98.37,83.5,98.38,477.4,98.39,152.2,98.4,2099.5
1700000556.5,1113,98.33,0.060000000000002274,98.3,238.6,98.36,10.0,3670.5,3842.8,98.3,69.1,SELL,1,98.3,238.6,98.29,347.3,98.28,1945.6,98.27,389.2,98.26,749.8,98.36,10.0,98.37,1227.5,98.38,272.0,98.39,1922.5,98.4,410.8
1700000557.0,1114,98.33,0.060000000000002274,98.3,835.9,98.36,138.6,4312.8,1725.7,98.36,49.4,BUY,1,98.3,835.9,98.29,523.6,98.28,1194.5,98.27,1123.7,98.26,635.1,98.36,138.6,98.37,388.7,98.38,241.9,98.39,708.8,98.4,247.7
1700000557.5,1115,98.34,0.060000000000002274,98.31,707.7,98.37,335.5,9071.7,3724.5,98.34,0.0,BUY,0,98.31,707.7,98.3,1886.4,98.29,791.1,98.28,2108.0,98.27,3578.5,98.37,335.5,98.38,2471.0,98.39,247.4,98.4,383.1,98.41,287.5
1700000558.0,1116,98.34,0.060000000000002274,98.31,328.4,98.37,1081.6,2992.8999999999996,4098.9,98.31,121.4,SELL,2,98.31,328.4,98.3,390.5,98.29,560.8,98.28,637.8,98.27,1075.4,98.37,1081.6,98.38,43.8,98.39,533.8,98.4,371.3,98.41,2068.4
1700000558.5,1117,98.33,0.060000000000002274,98.3,577.4,98.36,306.2,4996.599999999999,2168.9,98.36,55.0,BUY,2,98.3,577.4,98.29,529.4,98.28,1303.9,98.27,2180.0,98.26,405.9,98.36,306.2,98.37,786.0,98.38,323.5,98.39,55.2,98.4,698.0
1700000559.0,1118,98.32,0.05999999999998806,98.29,117.9,98.35,773.1,7696.299999999999,5773.5,98.35,75.3,BUY,2,98.29,117.9,98.28,1636.3,98.27,1096.0,98.26,643.1,98.25,4203.0,98.35,773.1,98.36,185.0,98.37,1042.7,98.38,1564.0,98.39,2208.7
1700000559.5,1119,98.315,0.04999999999999716,98.29,162.6,98.34,299.1,2673.3999999999996,4218.2,98.29,40.6,SELL,3,98.29,162.6,98.28,1006.0,98.27,831.6,98.26,354.5,98.25,318.7,98.34,299.1,98.35,549.6,98.36,245.7,98.37,2336.7,98.38,787.1
1700000560.0,1120,98.32,0.04000000000000625,98.3,93.6,98.34,25.5,4676.5,1694.1999999999998,98.34,236.1,BUY,1,98.3,93.6,98.29,390.4,98.28,244.7,98.27,1768.1,98.26,2179.7,98.34,25.5,98.35,185.3,98.36,262.2,98.37,285.9,98.38,935.3
1700000560.5,1121,98.31,0.060000000000002274,98.28,1196.5,98.34,293.4,2670.6,5600.0,98.28,5.0,SELL,1,98.28,1196.5,98.27,160.9,98.26,980.5,98.25,285.0,98.24,47.7,98.34,293.4,98.35,1847.7,98.36,772.5,98.37,534.5,98.38,2151.9
1700000561.0,1122,98.315,0.04999999999999716,98.29,1798.4,98.34,82.4,4361.6,1711.0,98.315,0.0,BUY,0,98.29,1798.4,98.28,211.2,98.27,979.2,98.26,1240.0,98.25,132.8,98.34,82.4,98.35,243.4,98.36,1007.3,98.37,10.0,98.38,367.9
1700000561.5,1123,98.31,0.060000000000002274,98.28,775.7,98.34,78.7,4631.200000000001,708.8,98.28,59.4,SELL,2,98.28,775.7,98.27,82.1,98.26,454.1,98.25,2139.4,98.24,1179.9,98.34,78.7,98.35,47.0,98.36,113.2,98.37,18.7,98.38,451.2
1700000562.0,1124,98.29499999999999,0.04999999999999716,98.27,175.2,98.32,51.9,4137.8,2532.3999999999996,98.29499999999999,0.0,BUY,0,98.27,175.2,98.26,396.3,98.25,854.3,98.24,1977.7,98.23,734.3,98.32,51.9,98.33,56.2,98.34,177.0,98.35,260.2,98.36,1987.1
1700000562.5,1125,98.29499999999999,0.04999999999999716,98.27,904.6,98.32,437.1,4838.8,1874.7000000000003,98.32,13.5,BUY,2,98.27,904.6,98.26,271.2,98.25,1221.3,98.24,406.4,98.23,2035.3,98.32,437.1,98.33,86.0,98.34,721.2,98.35,158.2,98.36,472.2
1700000563.0,1126,98.29499999999999,0.04999999999999716,98.27,722.7,98.32,765.7,2906.6000000000004,6603.400000000001,98.32,24.1,BUY,1,98.27,722.7,98.26,440.7,98.25,517.7,98.24,952.0,98.23,273.5,98.32,765.7,98.33,185.9,98.34,1543.3,98.35,1712.2,98.36,2396.3
1700000563.5,1127,98.29499999999999,0.04999999999999716,98.27,73.6,98.32,226.3,6604.700000000001,7164.9,98.27,41.5,SELL,1,98.27,73.6,98.26,255.2,98.25,5250.6,98.24,845.7,98.23,179.6,98.32,226.3,98.33,438.7,98.34,469.0,98.35,5057.0,98.36,973.9
1700000564.0,1128,98.28999999999999,0.05999999999998806,98.26,405.3,98.32,448.4,2765.2000000000003,7175.0,98.32,10.8,BUY,1,98.26,405.3,98.25,454.3,98.24,716.2,98.23,850.4,98.22,339.0,98.32,448.4,98.33,3314.7,98.34,946.8,98.35,2013.5,98.36,451.6
1700000564.5,1129,98.28,0.060000000000002274,98.25,414.7,98.31,769.3,2149.1,8115.6,98.25,15.6,SELL,1,98.25,414.7,98.24,443.1,98.23,533.2,98.22,63.3,98.21,694.8,98.31,769.3,98.32,523.3,98.33,2125.0,98.34,1960.6,98.35,2737.4
1700000565.0,1130,98.28,0.060000000000002274,98.25,182.5,98.31,54.3,2408.3999999999996,6714.3,98.25,18.6,SELL,1,98.25,182.5,98.24,55.3,98.23,1362.6,98.22,619.8,98.21,188.2,98.31,54.3,98.32,2546.2,98.33,687.8,98.34,2056.3,98.35,1369.7
1700000565.5,1131,98.28,0.060000000000002274,98.25,263.6,98.31,133.0,2111.8,9694.699999999999,98.25,28.7,SELL,3,98.25,263.6,98.24,567.4,98.23,82.6,98.22,1033.9,98.21,164.3,98.31,133.0,98.32,1032.6,98.33,5109.2,98.34,1419.6,98.35,2000.3
1700000566.0,1132,98.27,0.060000000000002274,98.24,376.6,98.3,1113.6,1954.1000000000001,2317.8999999999996,98.27,0.0,BUY,0,98.24,376.6,98.23,91.9,98.22,429.5,98.21,24.2,98.2,1031.9,98.3,1113.6,98.31,75.6,98.32,684.5,98.33,333.1,98.34,111.1
1700000566.5,1133,98.26,0.060000000000002274,98.23,450.1,98.29,1272.1,3182.2000000000003,5533.4,98.29,159.7,BUY,2,98.23,450.1,98.22,902.4,98.21,218.7,98.2,1440.7,98.19,170.3,98.29,1272.1,98.3,626.5,98.31,1855.7,98.32,85.6,98.33,1693.5
1700000567.0,1134,98.25,0.060000000000002274,98.22,1361.0,98.28,418.7,3517.7000000000003,3975.2,98.22,32.4,SELL,2,98.22,1361.0,98.21,70.6,98.2,516.5,98.19,1216.2,98.18,353.4,98.28,418.7,98.29,2371.1,98.3,468.2,98.31,287.8,98.32,429.4
1700000567.5,1135,98.23,0.060000000000002274,98.2,23.6,98.26,351.5,2096.1,3208.5,98.26,52.6,BUY,3,98.2,23.6,98.19,690.8,98.18,82.1,98.17,1223.0,98.16,76.6,98.26,351.5,98.27,913.8,98.28,756.0,98.29,556.8,98.3,630.4
1700000568.0,1136,98.23,0.060000000000002274,98.2,470.6,98.26,445.2,6607.0,4305.8,98.26,52.8,BUY,6,98.2,470.6,98.19,875.5,98.18,2174.3,98.17,2572.7,98.16,513.9,98.26,445.2,98.27,1328.1,98.28,380.6,98.29,1038.9,98.3,1113.0
1700000568.5,1137,98.23,0.060000000000002274,98.2,110.9,98.26,129.0,2156.0,4144.9,98.26,20.2,BUY,1,98.2,110.9,98.19,241.1,98.18,269.0,98.17,656.4,98.16,878.6,98.26,129.0,98.27,1269.1,98.28,718.0,98.29,625.5,98.3,1403.3
1700000569.0,1138,98.23,0.060000000000002274,98.2,159.7,98.26,1265.8,3142.9,10526.8,98.2,29.9,SELL,3,98.2,159.7,98.19,360.2,98.18,173.0,98.17,120.0,98.16,2330.0,98.26,1265.8,98.27,889.3,98.28,438.9,98.29,4770.6,98.3,3162.2
1700000569.5,1139,98.22,0.060000000000002274,98.19,310.9,98.25,798.4,3307.7000000000003,7069.8,98.25,71.0,BUY,1,98.19,310.9,98.18,462.5,98.17,693.0,98.16,1140.9,98.15,700.4,98.25,798.4,98.26,1180.9,98.27,144.2,98.28,1999.1,98.29,2947.2
1700000570.0,1140,98.20500000000001,0.04999999999999716,98.18,587.9,98.23,416.9,3231.0,3885.5,98.20500000000001,0.0,BUY,0,98.18,587.9,98.17,544.8,98.16,720.0,98.15,329.0,98.14,1049.3,98.23,416.9,98.24,58.6,98.25,1006.6,98.26,2388.6,98.27,14.8
1700000570.5,1141,98.21000000000001,0.05999999999998806,98.18,949.7,98.24,137.3,2323.2000000000003,1460.1000000000001,98.18,53.1,SELL,7,98.18,949.7,98.17,927.1,98.16,153.5,98.15,236.5,98.14,56.4,98.24,137.3,98.25,144.3,98.26,241.8,98.27,823.3,98.28,113.4
1700000571.0,1142,98.20500000000001,0.04999999999999716,98.18,296.7,98.23,522.6,1785.7,4649.8,98.23,50.2,BUY,1,98.18,296.7,98.17,15.8,98.16,325.7,98.15,739.2,98.14,408.3,98.23,522.6,98.24,1440.5,98.25,225.8,98.26,272.4,98.27,2188.5
1700000571.5,1143,98.2,0.060000000000002274,98.17,397.8,98.23,882.3,1795.6,3844.0,98.23,5.0,BUY,1,98.17,397.8,98.16,559.0,98.15,506.3,98.14,30.7,98.13,301.8,98.23,882.3,98.24,456.3,98.25,257.9,98.26,130.2,98.27,2117.3
1700000572.0,1144,98.185,0.04999999999999716,98.16,233.7,98.21,1093.5,5762.900000000001,7165.700000000001,98.21,7.3,BUY,1,98.16,233.7,98.15,3108.0,98.14,1038.9,98.13,702.5,98.12,679.8,98.21,1093.5,98.22,2175.5,98.23,1646.3,98.24,1206.4,98.25,1044.0
1700000572.5,1145,98.17,0.060000000000002274,98.14,11.8,98.2,69.1,2854.2,8973.2,98.17,0.0,BUY,0,98.14,11.8,98.13,123.2,98.12,191.3,98.11,1416.7,98.1,1111.2,98.2,69.1,98.21,4321.9,98.22,398.4,98.23,1243.1,98.24,2940.7
1700000573.0,1146,98.15,0.04000000000000625,98.13,1128.4,98.17,440.9,2310.7,2493.7,98.13,5.3,SELL,1,98.13,1128.4,98.12,138.8,98.11,621.9,98.1,169.5,98.09,252.1,98.17,440.9,98.18,137.3,98.19,1308.1,98.2,16.3,98.21,591.1
1700000573.5,1147,98.14,0.03999999999999204,98.12,442.5,98.16,355.2,1968.6999999999998,3754.7000000000003,98.16,7.7,BUY,1,98.12,442.5,98.11,815.1,98.1,229.2,98.09,405.3,98.08,76.6,98.16,355.2,98.17,184.1,98.18,139.0,98.19,2973.5,98.2,102.9
1700000574.0,1148,98.13,0.060000000000002274,98.1,247.5,98.16,322.5,2631.7,3146.2000000000003,98.13,0.0,BUY,0,98.1,247.5,98.09,491.3,98.08,279.4,98.07,432.0,98.06,1181.5,98.16,322.5,98.17,357.2,98.18,966.7,98.19,722.4,98.2,777.4
1700000574.5,1149,98.12,0.060000000000002274,98.09,206.0,98.15,817.2,6042.9,1806.2,98.09,44.9,SELL,2,98.09,206.0,98.08,566.6,98.07,2292.1,98.06,1097.3,98.05,1880.9,98.15,817.2,98.16,192.9,98.17,378.9,98.18,404.2,98.19,13.0
1700000575.0,1150,98.12,0.04000000000000625,98.1,65.4,98.14,1062.8,3355.0,2550.4,98.14,5.0,BUY,3,98.1,65.4,98.09,855.4,98.08,39.5,98.07,254.8,98.06,2139.9,98.14,1062.8,98.15,535.6,98.16,179.7,98.17,35.8,98.18,736.5
1700000575.5,1151,98.13,0.060000000000002274,98.1,828.2,98.16,94.8,4379.0,2513.1,98.1,32.0,SELL,1,98.1,828.2,98.09,1454.4,98.08,227.0,98.07,387.8,98.06,1481.6,98.16,94.8,98.17,355.6,98.18,86.8,98.19,1474.6,98.2,501.3
1700000576.0,1152,98.11,0.060000000000002274,98.08,178.9,98.14,977.5,1834.3999999999999,3506.6000000000004,98.08,38.5,SELL,2,98.08,178.9,98.07,426.1,98.06,169.3,98.05,506.8,98.04,553.3,98.14,977.5,98.15,470.5,98.16,493.4,98.17,351.3,98.18,1213.9
1700000576.5,1153,98.11,0.060000000000002274,98.08,295.8,98.14,41.1,3932.5,3592.7,98.08,119.1,SELL,3,98.08,295.8,98.07,354.3,98.06,305.4,98.05,508.7,98.04,2468.3,98.14,41.1,98.15,1297.0,98.16,52.4,98.17,59.1,98.18,2143.1
1700000577.0,1154,98.12,0.060000000000002274,98.09,128.4,98.15,659.9,2806.0,5341.700000000001,98.12,0.0,BUY,0,98.09,128.4,98.08,949.6,98.07,633.3,98.06,657.7,98.05,437.0,98.15,659.9,98.16,1028.9,98.17,288.4,98.18,1978.4,98.19,1386.1
1700000577.5,1155,98.12,0.060000000000002274,98.09,933.6,98.15,720.7,9846.9,4592.5,98.15,5.0,BUY,1,98.09,933.6,98.08,185.3,98.07,2791.4,98.06,2941.7,98.05,2994.9,98.15,720.7,98.16,208.7,98.17,647.9,98.18,2830.1,98.19,185.1
1700000578.0,1156,98.13,0.060000000000002274,98.1,150.4,98.16,1356.2,5940.799999999999,2623.0000000000005,98.13,0.0,BUY,0,98.1,150.4,98.09,1648.0,98.08,1147.8,98.07,1105.6,98.06,1889.0,98.16,1356.2,98.17,161.6,98.18,401.6,98.19,415.3,98.2,288.3
1700000578.5,1157,98.11,0.060000000000002274,98.08,577.6,98.14,56.8,10162.0,4089.3,98.11,0.0,BUY,0,98.08,577.6,98.07,1103.9,98.06,741.0,98.05,415.3,98.04,7324.2,98.14,56.8,98.15,454.2,98.16,938.4,98.17,2509.4,98.18,130.5
1700000579.0,1158,98.1,0.04000000000000625,98.08,403.8,98.12,165.5,2434.7,1493.5,98.08,5.0,SELL,5,98.08,403.8,98.07,299.1,98.06,565.2,98.05,573.9,98.04,592.7,98.12,165.5,98.13,64.5,98.14,723.4,98.15,250.3,98.16,289.8
1700000579.5,1159,98.095,0.05000000000001137,98.07,265.7,98.12,434.6,1386.1999999999998,2518.1,98.07,5.0,SELL,3,98.07,265.7,98.06,174.1,98.05,52.0,98.04,125.0,98.03,769.4,98.12,434.6,98.13,32.8,98.14,744.1,98.15,793.2,98.16,513.4
1700000580.0,1160,98.11,0.060000000000002274,98.08,99.7,98.14,987.3,5359.8,5159.6,98.11,0.0,BUY,0,98.08,99.7,98.07,984.7,98.06,176.7,98.05,926.0,98.04,3172.7,98.14,987.3,98.15,422.7,98.16,581.6,98.17,967.0,98.18,2201.0
1700000580.5,1161,98.095,0.05000000000001137,98.07,492.3,98.12,805.1,3487.6,3200.1,98.07,21.7,SELL,1,98.07,492.3,98.06,149.8,98.05,384.0,98.04,1749.4,98.03,712.1,98.12,805.1,98.13,1493.8,98.14,497.1,98.15,114.4,98.16,289.7
1700000581.0,1162,98.09,0.060000000000002274,98.06,562.2,98.12,256.6,3463.6,4386.8,98.12,158.3,BUY,1,98.06,562.2,98.05,1620.7,98.04,390.9,98.03,142.7,98.02,747.1,98.12,256.6,98.13,1573.8,98.14,228.5,98.15,177.6,98.16,2150.3
1700000581.5,1163,98.09,0.060000000000002274,98.06,1095.4,98.12,59.1,4652.200000000001,3002.7,98.06,6.2,SELL,2,98.06,1095.4,98.05,283.9,98.04,1550.3,98.03,1044.1,98.02,678.5,98.12,59.1,98.13,1384.8,98.14,215.2,98.15,475.2,98.16,868.4
1700000582.0,1164,98.095,0.05000000000001137,98.07,396.3,98.12,131.0,3162.9,2254.0,98.095,0.0,BUY,0,98.07,396.3,98.06,255.6,98.05,626.4,98.04,574.6,98.03,1310.0,98.12,131.0,98.13,497.1,98.14,57.2,98.15,426.8,98.16,1141.9
1700000582.5,1165,98.09,0.060000000000002274,98.06,337.3,98.12,450.9,2411.8999999999996,3759.2000000000003,98.12,25.2,BUY,2,98.06,337.3,98.05,144.1,98.04,121.0,98.03,275.2,98.02,1534.3,98.12,450.9,98.13,195.1,98.14,1897.3,98.15,498.8,98.16,717.1
1700000583.0,1166,98.09,0.060000000000002274,98.06,39.8,98.12,266.6,3235.2,2143.0,98.12,5.0,BUY,2,98.06,39.8,98.05,238.1,98.04,1214.8,98.03,1029.1,98.02,713.4,98.12,266.6,98.13,228.4,98.14,1200.3,98.15,108.9,98.16,338.8
1700000583.5,1167,98.09,0.060000000000002274,98.06,197.8,98.12,658.7,2576.0,5669.2,98.12,111.8,BUY,3,98.06,197.8,98.05,49.7,98.04,392.2,98.03,1348.6,98.02,587.7,98.12,658.7,98.13,1034.8,98.14,874.1,98.15,1005.1,98.16,2096.5
1700000584.0,1168,98.095,0.05000000000001137,98.07,1130.0,98.12,788.8,2349.3,5484.0,98.12,37.5,BUY,3,98.07,1130.0,98.06,40.4,98.05,448.7,98.04,449.8,98.03,280.4,98.12,788.8,98.13,555.2,98.14,2451.2,98.15,550.1,98.16,1138.7
1700000584.5,1169,98.095,0.05000000000001137,98.07,392.9,98.12,42.4,3896.7999999999997,5748.299999999999,98.07,5.0,SELL,1,98.07,392.9,98.06,1321.0,98.05,590.3,98.04,73.0,98.03,1519.6,98.12,42.4,98.13,1291.9,98.14,856.2,98.15,179.1,98.16,3378.7
1700000585.0,1170,98.09,0.04000000000000625,98.07,412.3,98.11,498.9,2614.2999999999997,2982.7,98.11,80.0,BUY,2,98.07,412.3,98.06,1220.2,98.05,80.5,98.04,490.2,98.03,411.1,98.11,498.9,98.12,683.9,98.13,225.1,98.14,277.0,98.15,1297.8
1700000585.5,1171,98.08,0.060000000000002274,98.05,88.7,98.11,1005.8,1105.6,5972.8,98.05,9.6,SELL,2,98.05,88.7,98.04,271.9,98.03,107.3,98.02,503.7,98.01,134.0,98.11,1005.8,98.12,986.6,98.13,460.9,98.14,1814.2,98.15,1705.3
1700000586.0,1172,98.09,0.04000000000000625,98.07,380.9,98.11,208.6,6102.1,4169.0,98.07,9.9,SELL,5,98.07,380.9,98.06,10.0,98.05,435.9,98.04,1964.5,98.03,3310.8,98.11,208.6,98.12,976.9,98.13,346.6,98.14,1995.7,98.15,641.2
1700000586.5,1173,98.09,0.060000000000002274,98.06,227.6,98.12,275.5,5238.9,5582.7,98.09,0.0,BUY,0,98.06,227.6,98.05,1329.0,98.04,758.9,98.03,1181.3,98.02,1742.1,98.12,275.5,98.13,562.6,98.14,316.9,98.15,900.1,98.16,3527.6
1700000587.0,1174,98.08,0.060000000000002274,98.05,379.6,98.11,100.9,4092.2,2801.1,98.08,0.0,BUY,0,98.05,379.6,98.04,773.2,98.03,533.4,98.02,1202.8,98.01,1203.2,98.11,100.9,98.12,2242.4,98.13,244.9,98.14,46.2,98.15,166.7
1700000587.5,1175,98.08,0.060000000000002274,98.05,35.9,98.11,214.2,2965.7,689.1,98.08,0.0,BUY,0,98.05,35.9,98.04,1057.4,98.03,1201.0,98.02,501.7,98.01,169.7,98.11,214.2,98.12,205.0,98.13,166.2,98.14,84.5,98.15,19.2
1700000588.0,1176,98.08,0.060000000000002274,98.05,544.0,98.11,1867.6,1974.9,8019.5,98.05,11.8,SELL,1,98.05,544.0,98.04,520.9,98.03,335.0,98.02,565.0,98.01,10.0,98.11,1867.6,98.12,556.3,98.13,458.2,98.14,3309.4,98.15,1828.0
1700000588.5,1177,98.07,0.05999999999998806,98.04,139.2,98.1,654.0,4416.3,4971.1,98.1,20.7,BUY,2,98.04,139.2,98.03,650.8,98.02,1064.5,98.01,708.0,98.0,1853.8,98.1,654.0,98.11,239.6,98.12,1294.8,98.13,335.5,98.14,2447.2
1700000589.0,1178,98.06,0.060000000000002274,98.03,1130.1,98.09,598.1,4055.8999999999996,1893.5,98.09,55.2,BUY,2,98.03,1130.1,98.02,11.6,98.01,646.3,98.0,1642.1,97.99,625.8,98.09,598.1,98.1,80.1,98.11,266.7,98.12,823.0,98.13,125.6
1700000589.5,1179,98.065,0.04999999999999716,98.04,370.3,98.09,327.3,3232.7,1455.2,98.04,5.0,SELL,2,98.04,370.3,98.03,306.5,98.02,932.4,98.01,65.6,98.0,1557.9,98.09,327.3,98.1,213.3,98.11,256.4,98.12,225.2,98.13,433.0
1700000590.0,1180,98.06,0.060000000000002274,98.03,337.5,98.09,356.1,4699.1,2611.7,98.09,11.9,BUY,2,98.03,337.5,98.02,953.8,98.01,1363.0,98.0,732.3,97.99,1312.5,98.09,356.1,98.1,540.4,98.11,270.5,98.12,1198.6,98.13,246.1
1700000590.5,1181,98.06,0.060000000000002274,98.03,160.7,98.09,311.0,873.0,4020.6000000000004,98.09,8.3,BUY,3,98.03,160.7,98.02,49.4,98.01,110.6,98.0,184.7,97.99,367.6,98.09,311.0,98.1,1105.2,98.11,193.5,98.12,46.4,98.13,2364.5
1700000591.0,1182,98.06,0.060000000000002274,98.03,413.5,98.09,720.5,4463.9,4660.8,98.03,24.0,SELL,1,98.03,413.5,98.02,418.5,98.01,303.6,98.0,2271.1,97.99,1057.2,98.09,720.5,98.1,503.5,98.11,343.6,98.12,2178.1,98.13,915.1
1700000591.5,1183,104.91,0.060000000000002274,104.88,500.8,104.94,1057.9,2326.0,4443.7,104.88,5.0,SELL,2,104.88,500.8,104.87,237.0,104.86,702.0,104.85,833.0,104.84,53.2,104.94,1057.9,104.95,789.1,104.96,1445.6,104.97,946.7,104.98,204.4
1700000592.0,1184,104.91,0.060000000000002274,104.88,275.4,104.94,533.9,3992.5,10346.8,104.88,127.4,SELL,1,104.88,275.4,104.87,16.4,104.86,939.5,104.85,671.2,104.84,2090.0,104.94,533.9,104.95,1956.2,104.96,1252.1,104.97,1320.6,104.98,5284.0
1700000592.5,1185,104.9,0.04000000000000625,104.88,253.8,104.92,62.1,1618.5,3994.9,104.92,56.7,BUY,1,104.88,253.8,104.87,1009.0,104.86,42.7,104.85,269.5,104.84,43.5,104.92,62.1,104.93,1452.0,104.94,1366.6,104.95,347.3,104.96,766.9
1700000593.0,1186,104.19,0.060000000000002274,104.16,290.5,104.22,56.0,3734.2,11936.5,104.19,0.0,BUY,0,104.16,290.5,104.15,188.5,104.14,80.8,104.13,914.8,104.12,2259.6,104.22,56.0,104.23,1418.5,104.24,198.0,104.25,8959.3,104.26,1304.7
1700000593.5,1187,104.2,0.060000000000002274,104.17,46.2,104.23,437.4,679.1999999999999,5925.4,104.23,34.8,BUY,2,104.17,46.2,104.16,85.3,104.15,127.0,104.14,385.3,104.13,35.4,104.23,437.4,104.24,1858.8,104.25,467.2,104.26,1688.0,104.27,1474.0
1700000594.0,1188,104.2,0.060000000000002274,104.17,734.5,104.23,1147.1,2025.2,2117.8999999999996,104.17,22.6,SELL,1,104.17,734.5,104.16,823.5,104.15,277.8,104.14,179.4,104.13,10.0,104.23,1147.1,104.24,46.0,104.25,215.7,104.26,489.9,104.27,219.2
1700000594.5,1189,104.20500000000001,0.04999999999999716,104.18,171.8,104.23,79.0,2549.2,1893.1,104.20500000000001,0.0,BUY,0,104.18,171.8,104.17,452.9,104.16,1213.8,104.15,680.6,104.14,30.1,104.23,79.0,104.24,10.0,104.25,91.6,104.26,898.6,104.27,813.9
1700000595.0,1190,104.20500000000001,0.04999999999999716,104.18,72.1,104.23,343.2,1686.9,3928.4,104.18,22.6,SELL,3,104.18,72.1,104.17,725.1,104.16,217.7,104.15,642.1,104.14,29.9,104.23,343.2,104.24,883.7,104.25,1271.9,104.26,438.7,104.27,990.9
1700000595.5,1191,104.2,0.060000000000002274,104.17,512.8,104.23,161.2,1679.0000000000002,7701.2,104.2,0.0,BUY,0,104.17,512.8,104.16,436.5,104.15,400.6,104.14,78.9,104.13,250.2,104.23,161.2,104.24,479.9,104.25,2001.7,104.26,1818.2,104.27,3240.2
1700000596.0,1192,104.2,0.060000000000002274,104.17,204.7,104.23,304.8,3305.7,4655.3,104.17,5.8,SELL,5,104.17,204.7,104.16,1495.9,104.15,567.9,104.14,67.4,104.13,969.8,104.23,304.8,104.24,1543.8,104.25,435.4,104.26,615.9,104.27,1755.4
1700000596.5,1193,104.20500000000001,0.04999999999999716,104.18,977.9,104.23,164.7,4224.5,1489.1,104.23,72.2,BUY,6,104.18,977.9,104.17,1365.2,104.16,434.2,104.15,1306.4,104.14,140.8,104.23,164.7,104.24,199.8,104.25,453.7,104.26,472.3,104.27,198.6
1700000597.0,1194,104.2,0.060000000000002274,104.17,21.0,104.23,617.7,5375.0,4740.0,104.23,7.9,BUY,2,104.17,21.0,104.16,761.9,104.15,442.7,104.14,1142.5,104.13,3006.9,104.23,617.7,104.24,154.0,104.25,447.0,104.26,346.2,104.27,3175.1
1700000597.5,1195,104.2,0.060000000000002274,104.17,857.8,104.23,288.9,2967.0,3544.2,104.17,31.8,SELL,1,104.17,857.8,104.16,924.6,104.15,493.9,104.14,60.4,104.13,630.3,104.23,288.9,104.24,1580.4,104.25,134.5,104.26,209.6,104.27,1330.8
1700000598.0,1196,104.19,0.060000000000002274,104.16,1617.1,104.22,2682.4,4990.5,3469.0,104.22,27.4,BUY,1,104.16,1617.1,104.15,1273.6,104.14,1057.3,104.13,250.7,104.12,791.8,104.22,2682.4,104.23,72.6,104.24,603.0,104.25,69.6,104.26,41.4
1700000598.5,1197,104.185,0.04999999999999716,104.16,73.2,104.21,323.3,3209.3,4577.8,104.185,0.0,BUY,0,104.16,73.2,104.15,781.9,104.14,169.3,104.13,1169.4,104.12,1015.5,104.21,323.3,104.22,302.6,104.23,1351.5,104.24,198.4,104.25,2402.0
1700000599.0,1198,92.27000000000001,0.04000000000000625,92.25,10.0,92.29,194.7,3276.8999999999996,4837.1,92.29,9.3,BUY,1,92.25,10.0,92.24,659.2,92.23,1066.2,92.22,1136.3,92.21,405.2,92.29,194.7,92.3,202.9,92.31,149.4,92.32,874.5,92.33,3415.6
1700000599.5,1199,92.27,0.060000000000002274,92.24,1692.3,92.3,74.7,4017.0,3141.0999999999995,92.27,0.0,BUY,0,92.24,1692.3,92.23,179.7,92.22,39.8,92.21,402.3,92.2,1702.9,92.3,74.7,92.31,2119.7,92.32,100.1,92.33,409.4,92.34,437.2
1700000600.0,1200,92.28,0.060000000000002274,92.25,380.1,92.31,364.8,2346.7,2373.7000000000003,92.28,0.0,BUY,0,92.25,380.1,92.24,218.4,92.23,242.9,92.22,1154.2,92.21,351.1,92.31,364.8,92.32,12.3,92.33,1135.3,92.34,579.0,92.35,282.3
1700000600.5,1201,92.27,0.060000000000002274,92.24,151.6,92.3,10.0,11038.3,3734.9,92.3,11.8,BUY,1,92.24,151.6,92.23,21.4,92.22,2002.3,92.21,5221.3,92.2,3641.7,92.3,10.0,92.31,72.8,92.32,448.2,92.33,1572.9,92.34,1631.0
1700000601.0,1202,92.27,0.060000000000002274,92.24,1595.4,92.3,571.4,3389.2,3700.2000000000003,92.3,45.8,BUY,1,92.24,1595.4,92.23,181.9,92.22,231.1,92.21,202.2,92.2,1178.6,92.3,571.4,92.31,868.1,92.32,1087.5,92.33,709.4,92.34,463.8
1700000601.5,1203,92.26,0.060000000000002274,92.23,314.4,92.29,168.6,4748.8,4395.5,92.29,91.8,BUY,1,92.23,314.4,92.22,848.8,92.21,122.4,92.2,122.9,92.19,3340.3,92.29,168.6,92.3,1747.0,92.31,452.2,92.32,393.9,92.33,1633.8
1700000602.0,1204,92.26,0.060000000000002274,92.23,51.4,92.29,989.9,3344.2,2601.7,92.29,23.8,BUY,2,92.23,51.4,92.22,38.1,92.21,1649.0,92.2,743.5,92.19,862.2,92.29,989.9,92.3,733.2,92.31,662.4,92.32,53.5,92.33,162.7
1700000602.5,1205,92.26,0.060000000000002274,92.23,86.9,92.29,434.3,6484.300000000001,2165.3,92.29,62.8,BUY,2,92.23,86.9,92.22,367.4,92.21,2961.3,92.2,356.4,92.19,2712.3,92.29,434.3,92.3,418.8,92.31,39.1,92.32,40.5,92.33,1232.6
1700000603.0,1206,92.24,0.060000000000002274,92.21,353.1,92.27,77.0,2446.8999999999996,2348.4,92.27,81.7,BUY,1,92.21,353.1,92.2,726.0,92.19,23.3,92.18,252.5,92.17,1092.0,92.27,77.0,92.28,874.2,92.29,182.7,92.3,306.5,92.31,908.0
1700000603.5,1207,92.23,0.060000000000002274,92.2,402.0,92.26,96.1,2608.7999999999997,2304.2,92.2,32.6,SELL,2,92.2,402.0,92.19,795.8,92.18,83.8,92.17,1144.0,92.16,183.2,92.26,96.1,92.27,143.7,92.28,1933.7,92.29,73.6,92.3,57.1
1700000604.0,1208,92.23,0.060000000000002274,92.2,618.1,92.26,35.2,3119.5,2060.5,92.26,5.0,BUY,1,92.2,618.1,92.19,989.2,92.18,320.9,92.17,242.2,92.16,949.1,92.26,35.2,92.27,430.7,92.28,387.6,92.29,644.3,92.3,562.7
1700000604.5,1209,92.23,0.060000000000002274,92.2,425.3,92.26,677.1,4554.5,5939.0,92.26,19.5,BUY,1,92.2,425.3,92.19,1180.9,92.18,1443.8,92.17,1024.4,92.16,480.1,92.26,677.1,92.27,165.6,92.28,2014.2,92.29,2867.2,92.3,214.9
1700000605.0,1210,92.23,0.060000000000002274,92.2,75.0,92.26,1044.8,2864.5,4658.7,92.26,27.2,BUY,4,92.2,75.0,92.19,1200.4,92.18,213.5,92.17,756.1,92.16,619.5,92.26,1044.8,92.27,39.7,92.28,1329.0,92.29,1775.8,92.3,469.4
1700000605.5,1211,92.20500000000001,0.04999999999999716,92.18,873.2,92.23,234.6,5361.7,4457.400000000001,92.23,6.4,BUY,1,92.18,873.2,92.17,458.2,92.16,2072.1,92.15,297.4,92.14,1660.8,92.23,234.6,92.24,1841.4,92.25,776.8,92.26,642.9,92.27,961.7
1700000606.0,1212,92.19,0.060000000000002274,92.16,399.8,92.22,127.2,2702.8,2595.7000000000003,92.16,49.5,SELL,1,92.16,399.8,92.15,442.1,92.14,140.8,92.13,1432.6,92.12,287.5,92.22,127.2,92.23,199.7,92.24,1102.9,92.25,535.5,92.26,630.4
1700000606.5,1213,92.19,0.03999999999999204,92.17,285.9,92.21,21.9,1999.3,3922.6,92.17,38.2,SELL,3,92.17,285.9,92.16,279.7,92.15,1098.1,92.14,72.9,92.13,262.7,92.21,21.9,92.22,1197.1,92.23,878.5,92.24,1324.1,92.25,501.0
1700000607.0,1214,92.19,0.060000000000002274,92.16,181.8,92.22,176.1,3936.0,1592.8,92.16,36.9,SELL,3,92.16,181.8,92.15,10.0,92.14,1420.2,92.13,1038.8,92.12,1285.2,92.22,176.1,92.23,855.4,92.24,296.5,92.25,243.5,92.26,21.3
1700000607.5,1215,92.185,0.04999999999999716,92.16,10.0,92.21,127.0,8186.6,5667.4,92.16,38.1,SELL,3,92.16,10.0,92.15,611.0,92.14,1387.6,92.13,486.8,92.12,5691.2,92.21,127.0,92.22,262.2,92.23,1813.6,92.24,816.1,92.25,2648.5
1700000608.0,1216,92.185,0.04999999999999716,92.16,142.2,92.21,209.4,2730.0,4848.3,92.16,33.1,SELL,3,92.16,142.2,92.15,344.4,92.14,1483.2,92.13,185.9,92.12,574.3,92.21,209.4,92.22,1654.4,92.23,717.9,92.24,248.7,92.25,2017.9
1700000608.5,1217,92.18,0.05999999999998806,92.15,371.2,92.21,541.3,2499.0,3238.4,92.21,78.6,BUY,3,92.15,371.2,92.14,399.6,92.13,820.7,92.12,280.5,92.11,627.0,92.21,541.3,92.22,92.2,92.23,1263.3,92.24,787.7,92.25,553.9
1700000609.0,1218,92.2,0.060000000000002274,92.17,309.5,92.23,26.5,5229.2,2264.8,92.23,9.3,BUY,1,92.17,309.5,92.16,1191.5,92.15,35.3,92.14,1565.1,92.13,2127.8,92.23,26.5,92.24,1253.7,92.25,445.0,92.26,223.2,92.27,316.4
1700000609.5,1219,106.14,0.060000000000002274,106.11,34.8,106.17,387.6,3417.2,4852.2,106.17,5.0,BUY,1,106.11,34.8,106.1,770.5,106.09,1537.9,106.08,321.1,106.07,752.9,106.17,387.6,106.18,1208.1,106.19,1771.1,106.2,599.0,106.21,886.4
1700000610.0,1220,106.14,0.060000000000002274,106.11,476.9,106.17,684.2,6184.0,4743.3,106.11,10.7,SELL,3,106.11,476.9,106.1,167.9,106.09,372.9,106.08,2601.5,106.07,2564.8,106.17,684.2,106.18,658.8,106.19,558.4,106.2,1224.2,106.21,1617.7
1700000610.5,1221,106.12,0.060000000000002274,106.09,196.1,106.15,556.2,1407.2,7175.5,106.09,49.1,SELL,2,106.09,196.1,106.08,278.1,106.07,307.0,106.06,439.7,106.05,186.3,106.15,556.2,106.16,726.3,106.17,1090.2,106.18,901.5,106.19,3901.3
1700000611.0,1222,107.63,0.060000000000002274,107.6,40.8,107.66,113.1,3932.0000000000005,5199.8,107.66,65.2,BUY,3,107.6,40.8,107.59,27.9,107.58,497.0,107.57,3035.4,107.56,330.9,107.66,113.1,107.67,761.3,107.68,979.5,107.69,2995.2,107.7,350.7
1700000611.5,1223,107.62,0.060000000000002274,107.59,435.0,107.65,210.1,3590.7999999999997,2559.2,107.59,39.4,SELL,2,107.59,435.0,107.58,887.1,107.57,941.1,107.56,931.4,107.55,396.2,107.65,210.1,107.66,610.2,107.67,123.9,107.68,529.7,107.69,1085.3
1700000612.0,1224,107.62,0.04000000000000625,107.6,161.8,107.64,92.2,1748.7000000000003,1698.7000000000003,107.6,46.6,SELL,2,107.6,161.8,107.59,13.6,107.58,1034.7,107.57,488.6,107.56,50.0,107.64,92.2,107.65,179.3,107.66,183.6,107.67,941.7,107.68,301.9
1700000612.5,1225,107.62,0.060000000000002274,107.59,442.4,107.65,95.2,2986.7,4942.0,107.62,0.0,BUY,0,107.59,442.4,107.58,545.8,107.57,111.3,107.56,1150.1,107.55,737.1,107.65,95.2,107.66,55.1,107.67,2537.7,107.68,1889.9,107.69,364.1
1700000613.0,1226,107.62,0.060000000000002274,107.59,257.2,107.65,169.7,2542.3,3920.6,107.62,0.0,BUY,0,107.59,257.2,107.58,770.1,107.57,471.1,107.56,536.3,107.55,507.6,107.65,169.7,107.66,248.5,107.67,507.7,107.68,917.6,107.69,2077.1
1700000613.5,1227,107.62,0.060000000000002274,107.59,103.4,107.65,12.9,3581.7,1091.0,107.65,26.5,BUY,3,107.59,103.4,107.58,407.8,107.57,525.8,107.56,1736.9,107.55,807.8,107.65,12.9,107.66,42.7,107.67,20.3,107.68,875.8,107.69,139.3
1700000614.0,1228,107.62,0.060000000000002274,107.59,157.9,107.65,484.5,3209.3,3495.5,107.59,6.9,SELL,2,107.59,157.9,107.58,15.0,107.57,58.0,107.56,890.6,107.55,2087.8,107.65,484.5,107.66,920.2,107.67,330.8,107.68,139.7,107.69,1620.3
1700000614.5,1229,107.62,0.060000000000002274,107.59,13.9,107.65,132.5,3239.9,4279.3,107.59,134.1,SELL,3,107.59,13.9,107.58,237.3,107.57,678.0,107.56,2036.7,107.55,274.0,107.65,132.5,107.66,18.3,107.67,10.0,107.68,1319.9,107.69,2798.6
1700000615.0,1230,107.62,0.060000000000002274,107.59,95.5,107.65,1092.2,3012.2,3231.7000000000003,107.59,19.7,SELL,3,107.59,95.5,107.58,393.3,107.57,93.1,107.56,415.7,107.55,2014.6,107.65,1092.2,107.66,512.4,107.67,70.9,107.68,1216.9,107.69,339.3
1700000615.5,1231,96.92,0.060000000000002274,96.89,637.8,96.95,616.1,8622.3,4891.0,96.89,56.7,SELL,1,96.89,637.8,96.88,262.6,96.87,3506.3,96.86,1712.4,96.85,2503.2,96.95,616.1,96.96,191.9,96.97,1014.0,96.98,2420.7,96.99,648.3
1700000616.0,1232,96.92,0.060000000000002274,96.89,111.8,96.95,75.2,4155.3,5299.2,96.95,78.6,BUY,3,96.89,111.8,96.88,353.5,96.87,2670.0,96.86,121.6,96.85,898.4,96.95,75.2,96.96,644.2,96.97,311.3,96.98,744.5,96.99,3524.0
1700000616.5,1233,96.92,0.060000000000002274,96.89,620.6,96.95,1180.0,3496.1000000000004,2757.9,96.89,16.9,SELL,3,96.89,620.6,96.88,56.8,96.87,10.0,96.86,58.9,96.85,2749.8,96.95,1180.0,96.96,440.7,96.97,96.9,96.98,290.7,96.99,749.6
1700000617.0,1234,96.89,0.060000000000002274,96.86,758.8,96.92,655.2,4498.6,4942.799999999999,96.86,21.8,SELL,2,96.86,758.8,96.85,282.1,96.84,402.7,96.83,2523.4,96.82,531.6,96.92,655.2,96.93,500.3,96.94,883.3,96.95,290.8,96.96,2613.2
1700000617.5,1235,96.88,0.060000000000002274,96.85,1111.9,96.91,63.3,7762.300000000001,1809.3000000000002,96.85,8.9,SELL,2,96.85,1111.9,96.84,912.9,96.83,327.0,96.82,2856.4,96.81,2554.1,96.91,63.3,96.92,157.8,96.93,638.3,96.94,372.5,96.95,577.4
1700000618.0,1236,96.87,0.060000000000002274,96.84,10.0,96.9,889.4,5741.6,6146.400000000001,96.84,128.8,SELL,2,96.84,10.0,96.83,352.6,96.82,561.7,96.81,2057.7,96.8,2759.6,96.9,889.4,96.91,153.6,96.92,3537.6,96.93,762.6,96.94,803.2
1700000618.5,1237,96.87,0.060000000000002274,96.84,364.7,96.9,31.1,4120.3,2287.7,96.9,53.8,BUY,2,96.84,364.7,96.83,455.9,96.82,128.4,96.81,1464.5,96.8,1706.8,96.9,31.1,96.91,314.2,96.92,126.5,96.93,223.9,96.94,1592.0
1700000619.0,1238,96.87,0.04000000000000625,96.85,875.5,96.89,207.3,4248.4,3882.2000000000003,96.89,22.6,BUY,3,96.85,875.5,96.84,1234.0,96.83,960.7,96.82,219.9,96.81,958.3,96.89,207.3,96.9,190.5,96.91,1301.0,96.92,2125.3,96.93,58.1
1700000619.5,1239,96.86,0.03999999999999204,96.84,249.8,96.88,337.4,2947.1000000000004,7899.700000000001,96.84,5.0,SELL,5,96.84,249.8,96.83,702.8,96.82,156.3,96.81,1648.9,96.8,189.3,96.88,337.4,96.89,516.2,96.9,1685.2,96.91,3675.4,96.92,1685.5
1700000620.0,1240,96.86,0.060000000000002274,96.83,404.0,96.89,235.0,2840.8,6976.8,96.83,15.9,SELL,3,96.83,404.0,96.82,758.2,96.81,231.4,96.8,1345.9,96.79,101.3,96.89,235.0,96.9,1330.6,96.91,298.6,96.92,2965.8,96.93,2146.8
1700000620.5,1241,96.86,0.060000000000002274,96.83,437.2,96.89,931.7,5396.599999999999,3570.0000000000005,96.83,147.5,SELL,1,96.83,437.2,96.82,1815.0,96.81,1060.8,96.8,1928.9,96.79,154.7,96.89,931.7,96.9,1377.9,96.91,164.6,96.92,358.8,96.93,737.0
1700000621.0,1242,96.86,0.060000000000002274,96.83,438.3,96.89,367.8,4081.1000000000004,15271.6,96.89,15.8,BUY,5,96.83,438.3,96.82,10.0,96.81,356.4,96.8,1886.2,96.79,1390.2,96.89,367.8,96.9,1413.9,96.91,1951.8,96.92,3424.1,96.93,8114.0
1700000621.5,1243,96.86,0.060000000000002274,96.83,229.0,96.89,86.2,3580.7,3167.8,96.89,87.9,BUY,1,96.83,229.0,96.82,185.5,96.81,1251.3,96.8,270.5,96.79,1644.4,96.89,86.2,96.9,845.2,96.91,826.5,96.92,1303.2,96.93,106.7
1700000622.0,1244,96.85,0.060000000000002274,96.82,202.0,96.88,323.0,1897.8999999999996,3832.8,96.82,21.3,SELL,1,96.82,202.0,96.81,30.6,96.8,1061.6,96.79,574.1,96.78,29.6,96.88,323.0,96.89,2857.5,96.9,216.8,96.91,21.9,96.92,413.6
1700000622.5,1245,96.86,0.060000000000002274,96.83,61.4,96.89,54.5,2280.1000000000004,2053.8,96.89,42.2,BUY,6,96.83,61.4,96.82,1515.4,96.81,207.9,96.8,159.2,96.79,336.2,96.89,54.5,96.9,270.1,96.91,881.8,96.92,670.4,96.93,177.0
1700000623.0,1246,96.85,0.060000000000002274,96.82,1182.7,96.88,642.9,4250.3,4105.8,96.88,6.0,BUY,2,96.82,1182.7,96.81,234.4,96.8,1020.2,96.79,900.7,96.78,912.3,96.88,642.9,96.89,57.6,96.9,216.5,96.91,384.0,96.92,2804.8
1700000623.5,1247,96.86,0.060000000000002274,96.83,117.3,96.89,729.1,6149.700000000001,2857.3,96.89,50.2,BUY,3,96.83,117.3,96.82,745.6,96.81,2051.8,96.8,153.1,96.79,3081.9,96.89,729.1,96.9,262.5,96.91,147.3,96.92,1543.7,96.93,174.7
1700000624.0,1248,96.85,0.060000000000002274,96.82,312.0,96.88,427.3,5236.8,4322.099999999999,96.82,87.7,SELL,1,96.82,312.0,96.81,1663.0,96.8,878.5,96.79,673.5,96.78,1709.8,96.88,427.3,96.89,933.7,96.9,1798.5,96.91,810.2,96.92,352.4
1700000624.5,1249,96.87,0.060000000000002274,96.84,431.8,96.9,89.8,4557.6,3149.1,96.87,0.0,BUY,0,96.84,431.8,96.83,1477.5,96.82,2088.5,96.81,165.6,96.8,394.2,96.9,89.8,96.91,163.8,96.92,725.0,96.93,1616.1,96.94,554.4
1700000625.0,1250,96.88,0.060000000000002274,96.85,914.8,96.91,399.3,2612.6,3193.5,96.91,29.0,BUY,2,96.85,914.8,96.84,83.9,96.83,946.8,96.82,175.6,96.81,491.5,96.91,399.3,96.92,375.9,96.93,433.1,96.94,1037.4,96.95,947.8
1700000625.5,1251,96.86,0.060000000000002274,96.83,2005.5,96.89,28.3,4418.5,5411.4,96.89,35.2,BUY,5,96.83,2005.5,96.82,330.5,96.81,386.9,96.8,488.7,96.79,1206.9,96.89,28.3,96.9,283.5,96.91,355.5,96.92,2773.4,96.93,1970.7
1700000626.0,1252,96.86,0.060000000000002274,96.83,25.0,96.89,892.4,1690.5,5063.3,96.89,33.8,BUY,3,96.83,25.0,96.82,70.3,96.81,702.0,96.8,516.3,96.79,376.9,96.89,892.4,96.9,910.0,96.91,291.3,96.92,2550.3,96.93,419.3
1700000626.5,1253,96.87,0.060000000000002274,96.84,556.8,96.9,186.6,5263.0,1003.2,96.84,59.3,SELL,1,96.84,556.8,96.83,2591.6,96.82,1240.6,96.81,539.5,96.8,334.5,96.9,186.6,96.91,31.3,96.92,205.7,96.93,238.3,96.94,341.3
1700000627.0,1254,96.88,0.060000000000002274,96.85,10.0,96.91,192.1,348.6,991.1000000000001,96.88,0.0,BUY,0,96.85,10.0,96.84,25.4,96.83,21.7,96.82,196.0,96.81,95.5,96.91,192.1,96.92,150.5,96.93,46.8,96.94,74.5,96.95,527.2
1700000627.5,1255,96.9,0.04000000000000625,96.88,380.4,96.92,142.7,8367.3,2017.4,96.92,55.5,BUY,1,96.88,380.4,96.87,2436.0,96.86,2799.9,96.85,1203.2,96.84,1547.8,96.92,142.7,96.93,523.4,96.94,338.7,96.95,477.5,96.96,535.1
1700000628.0,1256,96.9,0.060000000000002274,96.87,762.2,96.93,822.9,3713.7,5221.5,96.93,127.8,BUY,2,96.87,762.2,96.86,886.9,96.85,1090.0,96.84,715.1,96.83,259.5,96.93,822.9,96.94,442.1,96.95,1599.5,96.96,805.7,96.97,1551.3
1700000628.5,1257,96.89,0.060000000000002274,96.86,116.9,96.92,719.8,3300.7,3735.8,96.86,65.4,SELL,1,96.86,116.9,96.85,757.8,96.84,1195.8,96.83,952.2,96.82,278.0,96.92,719.8,96.93,130.4,96.94,203.2,96.95,1194.7,96.96,1487.7
1700000629.0,1258,96.88,0.060000000000002274,96.85,461.4,96.91,152.2,2950.3,2490.0,96.91,17.3,BUY,2,96.85,461.4,96.84,494.5,96.83,839.1,96.82,1046.3,96.81,109.0,96.91,152.2,96.92,459.3,96.93,730.8,96.94,1090.8,96.95,56.9
1700000629.5,1259,96.87,0.060000000000002274,96.84,305.4,96.9,193.3,7864.599999999999,7011.7,96.87,0.0,BUY,0,96.84,305.4,96.83,479.2,96.82,2693.1,96.81,128.5,96.8,4258.4,96.9,193.3,96.91,637.2,96.92,1779.1,96.93,994.8,96.94,3407.3
1700000630.0,1260,96.86,0.060000000000002274,96.83,158.6,96.89,560.4,7323.799999999999,5054.7,96.89,52.8,BUY,4,96.83,158.6,96.82,2585.8,96.81,1286.3,96.8,191.7,96.79,3101.4,96.89,560.4,96.9,1380.0,96.91,620.3,96.92,1416.5,96.93,1077.5
1700000630.5,1261,96.85,0.04000000000000625,96.83,10.0,96.87,13.4,3416.5,2539.3999999999996,96.87,32.0,BUY,1,96.83,10.0,96.82,865.5,96.81,1170.4,96.8,1172.9,96.79,197.7,96.87,13.4,96.88,247.1,96.89,38.1,96.9,1459.1,96.91,781.7
1700000631.0,1262,96.85,0.060000000000002274,96.82,1087.8,96.88,307.6,2718.1,7090.1,96.85,0.0,BUY,0,96.82,1087.8,96.81,137.6,96.8,1249.8,96.79,68.0,96.78,174.9,96.88,307.6,96.89,347.0,96.9,10.0,96.91,1625.9,96.92,4799.6
1700000631.5,1263,96.85,0.060000000000002274,96.82,190.7,96.88,1602.8,4947.1,8041.3,96.85,0.0,BUY,0,96.82,190.7,96.81,1482.6,96.8,1716.5,96.79,141.1,96.78,1416.2,96.88,1602.8,96.89,2590.8,96.9,76.9,96.91,2378.1,96.92,1392.7
1700000632.0,1264,96.86,0.03999999999999204,96.84,99.7,96.88,436.4,3404.5,4449.5,96.84,146.4,SELL,1,96.84,99.7,96.83,1505.2,96.82,95.9,96.81,168.6,96.8,1535.1,96.88,436.4,96.89,1011.6,96.9,148.6,96.91,457.6,96.92,2395.3
1700000632.5,1265,96.85,0.060000000000002274,96.82,177.3,96.88,296.8,2244.5,2625.5,96.85,0.0,BUY,0,96.82,177.3,96.81,534.1,96.8,351.1,96.79,466.3,96.78,715.7,96.88,296.8,96.89,484.0,96.9,332.9,96.91,526.9,96.92,984.9
1700000633.0,1266,96.85,0.060000000000002274,96.82,1423.0,96.88,2283.5,2211.6,4147.5,96.82,64.6,SELL,2,96.82,1423.0,96.81,138.3,96.8,82.7,96.79,555.4,96.78,12.2,96.88,2283.5,96.89,466.5,96.9,1035.9,96.91,120.2,96.92,241.4
1700000633.5,1267,96.85,0.060000000000002274,96.82,46.7,96.88,154.9,6465.900000000001,5375.799999999999,96.82,20.0,SELL,7,96.82,46.7,96.81,3782.8,96.8,2029.7,96.79,594.6,96.78,12.1,96.88,154.9,96.89,96.0,96.9,2176.3,96.91,2478.7,96.92,469.9
1700000634.0,1268,98.44,0.060000000000002274,98.41,101.3,98.47,15.2,6082.8,3707.7,98.41,15.0,SELL,1,98.41,101.3,98.4,1664.7,98.39,2415.1,98.38,1890.5,98.37,11.2,98.47,15.2,98.48,2477.1,98.49,81.8,98.5,999.4,98.51,134.2
1700000634.5,1269,98.44,0.060000000000002274,98.41,885.6,98.47,793.7,2569.6000000000004,6628.0,98.44,0.0,BUY,0,98.41,885.6,98.4,797.7,98.39,252.8,98.38,605.6,98.37,27.9,98.47,793.7,98.48,1896.8,98.49,3571.7,98.5,355.8,98.51,10.0
1700000635.0,1270,98.45,0.060000000000002274,98.42,146.3,98.48,84.4,2617.7,6359.9,98.48,5.1,BUY,1,98.42,146.3,98.41,373.0,98.4,109.5,98.39,84.9,98.38,1904.0,98.48,84.4,98.49,975.9,98.5,449.6,98.51,1388.4,98.52,3461.6
1700000635.5,1271,98.44,0.060000000000002274,98.41,11.7,98.47,490.2,5837.2,2654.0,98.41,82.0,SELL,1,98.41,11.7,98.4,1311.9,98.39,2137.6,98.38,923.5,98.37,1452.5,98.47,490.2,98.48,367.0,98.49,228.1,98.5,210.9,98.51,1357.8
1700000636.0,1272,98.45,0.03999999999999204,98.43,426.1,98.47,48.6,3721.2999999999997,6265.499999999999,98.43,33.9,SELL,1,98.43,426.1,98.42,484.2,98.41,1235.9,98.4,970.1,98.39,605.0,98.47,48.6,98.48,1435.1,98.49,2021.1,98.5,1730.0,98.51,1030.7
1700000636.5,1273,98.44,0.03999999999999204,98.42,508.3,98.46,83.9,4326.7,7329.7,98.46,5.0,BUY,1,98.42,508.3,98.41,95.5,98.4,1217.3,98.39,918.1,98.38,1587.5,98.46,83.9,98.47,1755.8,98.48,4298.6,98.49,780.9,98.5,410.5
1700000637.0,1274,98.43,0.05999999999998806,98.4,41.1,98.46,476.6,4338.299999999999,3072.5,98.4,79.8,SELL,2,98.4,41.1,98.39,1110.5,98.38,586.1,98.37,2091.6,98.36,509.0,98.46,476.6,98.47,18.0,98.48,1735.9,98.49,151.0,98.5,691.0
1700000637.5,1275,98.435,0.04999999999999716,98.41,349.0,98.46,472.2,5720.9,5631.4,98.46,121.1,BUY,2,98.41,349.0,98.4,1115.4,98.39,572.3,98.38,2860.0,98.37,824.2,98.46,472.2,98.47,632.8,98.48,429.7,98.49,1819.5,98.5,2277.2
1700000638.0,1276,98.435,0.04999999999999716,98.41,48.5,98.46,139.8,2981.3999999999996,3776.6000000000004,98.46,7.0,BUY,1,98.41,48.5,98.4,18.7,98.39,1101.1,98.38,1492.4,98.37,320.7,98.46,139.8,98.47,2234.9,98.48,462.3,98.49,303.8,98.5,635.8
1700000638.5,1277,98.43,0.05999999999998806,98.4,855.0,98.46,174.4,3106.8999999999996,4574.400000000001,98.4,15.8,SELL,4,98.4,855.0,98.39,122.4,98.38,672.7,98.37,499.6,98.36,957.2,98.46,174.4,98.47,1456.9,98.48,1488.8,98.49,400.3,98.5,1054.0
1700000639.0,1278,98.405,0.05000000000001137,98.38,26.9,98.43,276.3,2548.1,4001.6000000000004,98.405,0.0,BUY,0,98.38,26.9,98.37,1001.0,98.36,1045.0,98.35,206.1,98.34,269.1,98.43,276.3,98.44,528.4,98.45,2047.6,98.46,580.6,98.47,568.7
1700000639.5,1279,98.41,0.060000000000002274,98.38,442.6,98.44,353.1,3540.6000000000004,1013.8,98.41,0.0,BUY,0,98.38,442.6,98.37,210.5,98.36,107.1,98.35,1190.2,98.34,1590.2,98.44,353.1,98.45,137.0,98.46,218.6,98.47,97.4,98.48,207.7
1700000640.0,1280,98.39,0.03999999999999204,98.37,663.3,98.41,75.0,3126.2,4789.2,98.39,0.0,BUY,0,98.37,663.3,98.36,597.5,98.35,580.2,98.34,1215.6,98.33,69.6,98.41,75.0,98.42,2129.8,98.43,1854.4,98.44,482.1,98.45,247.9
1700000640.5,1281,98.38,0.060000000000002274,98.35,126.1,98.41,299.2,3884.7999999999997,1851.4,98.41,27.2,BUY,5,98.35,126.1,98.34,1716.9,98.33,1149.1,98.32,660.3,98.31,232.4,98.41,299.2,98.42,304.6,98.43,638.2,98.44,426.4,98.45,183.0
1700000641.0,1282,98.39,0.03999999999999204,98.37,102.0,98.41,153.5,5198.6,5163.3,98.41,33.3,BUY,3,98.37,102.0,98.36,777.2,98.35,1435.2,98.34,1649.5,98.33,1234.7,98.41,153.5,98.42,152.4,98.43,1115.3,98.44,2958.9,98.45,783.2
1700000641.5,1283,97.03999999999999,0.05999999999998806,97.01,173.8,97.07,490.6,4608.400000000001,5364.4,97.01,86.0,SELL,2,97.01,173.8,97.0,2316.6,96.99,1164.7,96.98,103.8,96.97,849.5,97.07,490.6,97.08,1544.8,97.09,677.0,97.1,637.3,97.11,2014.7
1700000642.0,1284,97.05,0.060000000000002274,97.02,428.9,97.08,16.4,3754.2999999999993,2236.7000000000003,97.02,5.3,SELL,1,97.02,428.9,97.01,754.8,97.0,1779.6,96.99,161.7,96.98,629.3,97.08,16.4,97.09,507.5,97.1,216.8,97.11,167.1,97.12,1328.9
1700000642.5,1285,97.06,0.060000000000002274,97.03,583.0,97.09,437.3,3341.2999999999997,2547.3,97.09,20.6,BUY,1,97.03,583.0,97.02,955.3,97.01,910.8,97.0,525.8,96.99,366.4,97.09,437.3,97.1,237.5,97.11,212.3,97.12,1450.4,97.13,209.8
1700000643.0,1286,97.05,0.060000000000002274,97.02,880.6,97.08,441.3,5849.700000000001,2084.2,97.02,27.4,SELL,4,97.02,880.6,97.01,237.5,97.0,2140.1,96.99,1677.4,96.98,914.1,97.08,441.3,97.09,582.4,97.1,490.8,97.11,27.7,97.12,542.0
1700000643.5,1287,97.04499999999999,0.04999999999999716,97.02,96.2,97.07,874.9,4847.5,4663.4,97.07,56.8,BUY,4,97.02,96.2,97.01,254.3,97.0,901.5,96.99,534.4,96.98,3061.1,97.07,874.9,97.08,113.0,97.09,51.4,97.1,2872.6,97.11,751.5
1700000644.0,1288,97.03,0.060000000000002274,97.0,251.2,97.06,296.4,2272.5,5665.7,97.0,32.0,SELL,1,97.0,251.2,96.99,645.5,96.98,194.4,96.97,207.7,96.96,973.7,97.06,296.4,97.07,1152.3,97.08,440.5,97.09,2600.2,97.1,1176.3
1700000644.5,1289,97.02,0.060000000000002274,96.99,681.3,97.05,831.0,2766.9,4348.4,97.05,69.1,BUY,1,96.99,681.3,96.98,556.7,96.97,593.8,96.96,314.5,96.95,620.6,97.05,831.0,97.06,435.0,97.07,1728.6,97.08,752.9,97.09,600.9
1700000645.0,1290,97.02,0.060000000000002274,96.99,242.6,97.05,100.1,7603.0,1646.3999999999999,97.02,0.0,BUY,0,96.99,242.6,96.98,1124.2,96.97,92.2,96.96,3989.1,96.95,2154.9,97.05,100.1,97.06,1110.3,97.07,254.4,97.08,134.5,97.09,47.1
1700000645.5,1291,97.05,0.060000000000002274,97.02,1227.1,97.08,1221.1,4163.2,4628.8,97.02,110.7,SELL,1,97.02,1227.1,97.01,184.5,97.0,580.9,96.99,84.2,96.98,2086.5,97.08,1221.1,97.09,33.9,97.1,1324.0,97.11,596.4,97.12,1453.4
1700000646.0,1292,97.06,0.060000000000002274,97.03,31.9,97.09,79.7,3082.1000000000004,2581.3,97.09,88.1,BUY,3,97.03,31.9,97.02,168.3,97.01,86.7,97.0,1326.4,96.99,1468.8,97.09,79.7,97.1,598.2,97.11,10.0,97.12,715.6,97.13,1177.8
1700000646.5,1293,97.06,0.060000000000002274,97.03,299.5,97.09,544.1,1283.8,11353.1,97.09,5.6,BUY,5,97.03,299.5,97.02,337.1,97.01,283.4,97.0,152.8,96.99,211.0,97.09,544.1,97.1,687.5,97.11,3366.9,97.12,1103.1,97.13,5651.5
1700000647.0,1294,97.03999999999999,0.04000000000000625,97.02,21.0,97.06,192.5,8475.7,4273.3,97.03999999999999,0.0,BUY,0,97.02,21.0,97.01,1208.2,97.0,860.4,96.99,1104.7,96.98,5281.4,97.06,192.5,97.07,457.3,97.08,664.7,97.09,2948.8,97.1,10.0
1700000647.5,1295,97.03,0.060000000000002274,97.0,48.3,97.06,297.6,1629.1999999999998,1917.1,97.0,17.2,SELL,1,97.0,48.3,96.99,118.5,96.98,719.5,96.97,631.3,96.96,111.6,97.06,297.6,97.07,114.4,97.08,53.9,97.09,1422.3,97.1,28.9
1700000648.0,1296,97.04499999999999,0.04999999999999716,97.02,220.7,97.07,316.7,2666.7,4436.1,97.07,81.5,BUY,2,97.02,220.7,97.01,326.4,97.0,380.2,96.99,826.3,96.98,913.1,97.07,316.7,97.08,420.6,97.09,72.5,97.1,1005.5,97.11,2620.8
1700000648.5,1297,97.04499999999999,0.04999999999999716,97.02,403.1,97.07,159.2,5552.6,2549.3,97.02,23.6,SELL,1,97.02,403.1,97.01,545.2,97.0,164.4,96.99,1671.3,96.98,2768.6,97.07,159.2,97.08,907.7,97.09,272.2,97.1,481.9,97.11,728.3
1700000649.0,1298,97.03999999999999,0.04000000000000625,97.02,344.2,97.06,22.3,3070.0,2939.7999999999997,97.06,39.2,BUY,1,97.02,344.2,97.01,130.8,97.0,1028.4,96.99,672.0,96.98,894.6,97.06,22.3,97.07,420.0,97.08,595.5,97.09,1297.4,97.1,604.6
1700000649.5,1299,97.03999999999999,0.05999999999998806,97.01,702.1,97.07,921.2,2623.2,3774.7,97.07,172.2,BUY,3,97.01,702.1,97.0,108.6,96.99,1409.3,96.98,308.7,96.97,94.5,97.07,921.2,97.08,519.3,97.09,1000.0,97.1,143.6,97.11,1190.6
1700000650.0,1300,97.03,0.03999999999999204,97.01,70.1,97.05,114.7,2854.6000000000004,2418.4000000000005,97.05,31.5,BUY,5,97.01,70.1,97.0,773.1,96.99,320.8,96.98,193.7,96.97,1496.9,97.05,114.7,97.06,208.0,97.07,1031.9,97.08,352.1,97.09,711.7
1700000650.5,1301,97.02,0.060000000000002274,96.99,821.1,97.05,462.2,5209.099999999999,5530.1,96.99,44.3,SELL,2,96.99,821.1,96.98,1382.1,96.97,388.4,96.96,2112.3,96.95,505.2,97.05,462.2,97.06,64.7,97.07,2559.0,97.08,1400.9,97.09,1043.3
1700000651.0,1302,97.03,0.060000000000002274,97.0,36.4,97.06,16.7,1596.1999999999998,2305.7,97.06,5.0,BUY,1,97.0,36.4,96.99,314.6,96.98,399.4,96.97,209.7,96.96,636.1,97.06,16.7,97.07,134.5,97.08,48.1,97.09,391.7,97.1,1714.7
1700000651.5,1303,97.02,0.060000000000002274,96.99,526.1,97.05,157.0,4929.799999999999,5072.5,97.05,5.0,BUY,1,96.99,526.1,96.98,722.0,96.97,2117.7,96.96,847.3,96.95,716.7,97.05,157.0,97.06,114.7,97.07,768.1,97.08,2323.7,97.09,1709.0
1700000652.0,1304,97.02000000000001,0.04000000000000625,97.0,1922.1,97.04,431.3,7484.9,1507.5,97.0,96.9,SELL,3,97.0,1922.1,96.99,150.4,96.98,1516.1,96.97,3095.2,96.96,801.1,97.04,431.3,97.05,263.7,97.06,254.7,97.07,371.2,97.08,186.6
1700000652.5,1305,97.01,0.060000000000002274,96.98,544.6,97.04,576.6,4265.8,5155.6,96.98,35.9,SELL,1,96.98,544.6,96.97,159.7,96.96,338.8,96.95,159.3,96.94,3063.4,97.04,576.6,97.05,163.8,97.06,789.9,97.07,531.3,97.08,3094.0
1700000653.0,1306,97.01,0.060000000000002274,96.98,444.1,97.04,849.2,2185.6,6520.6,97.04,20.6,BUY,2,96.98,444.1,96.97,234.2,96.96,1005.5,96.95,294.6,96.94,207.2,97.04,849.2,97.05,20.2,97.06,1400.1,97.07,3374.5,97.08,876.6
1700000653.5,1307,97.02,0.060000000000002274,96.99,1223.6,97.05,717.2,4745.5,6001.1,97.05,14.4,BUY,1,96.99,1223.6,96.98,320.4,96.97,684.4,96.96,2174.1,96.95,343.0,97.05,717.2,97.06,1791.7,97.07,2827.6,97.08,296.0,97.09,368.6
1700000654.0,1308,97.02,0.060000000000002274,96.99,882.9,97.05,343.0,1896.5,3006.4,97.05,7.1,BUY,2,96.99,882.9,96.98,148.3,96.97,742.2,96.96,10.0,96.95,113.1,97.05,343.0,97.06,1026.8,97.07,229.4,97.08,162.7,97.09,1244.5
1700000654.5,1309,97.01,0.060000000000002274,96.98,205.0,97.04,1086.0,1219.4,5470.3,97.04,14.8,BUY,1,96.98,205.0,96.97,305.7,96.96,225.2,96.95,131.8,96.94,351.7,97.04,1086.0,97.05,2939.9,97.06,90.9,97.07,907.7,97.08,445.8
1700000655.0,1310,97.0,0.060000000000002274,96.97,2674.4,97.03,88.8,6895.0,4768.7,96.97,33.8,SELL,2,96.97,2674.4,96.96,319.6,96.95,496.2,96.94,2271.9,96.93,1132.9,97.03,88.8,97.04,1007.4,97.05,999.8,97.06,2464.2,97.07,208.5
1700000655.5,1311,96.99000000000001,0.04000000000000625,96.97,128.5,97.01,221.6,887.3,5255.4,97.01,9.4,BUY,1,96.97,128.5,96.96,62.4,96.95,173.6,96.94,291.5,96.93,231.3,97.01,221.6,97.02,636.7,97.03,894.8,97.04,2175.4,97.05,1326.9
1700000656.0,1312,96.99000000000001,0.04000000000000625,96.97,92.3,97.01,193.2,2391.9,3813.6000000000004,96.97,17.4,SELL,2,96.97,92.3,96.96,766.5,96.95,297.7,96.94,341.5,96.93,893.9,97.01,193.2,97.02,294.8,97.03,1424.4,97.04,1796.7,97.05,104.5
1700000656.5,1313,96.97,0.060000000000002274,96.94,728.3,97.0,46.4,3119.0000000000005,3136.0,97.0,36.1,BUY,1,96.94,728.3,96.93,1477.0,96.92,241.9,96.91,269.3,96.9,402.5,97.0,46.4,97.01,283.3,97.02,1191.7,97.03,1604.6,97.04,10.0
1700000657.0,1314,96.95500000000001,0.04999999999999716,96.93,10.0,96.98,1271.4,6088.7,2392.4,96.93,67.8,SELL,3,96.93,10.0,96.92,1142.5,96.91,1791.7,96.9,2139.8,96.89,1004.7,96.98,1271.4,96.99,137.4,97.0,158.3,97.01,197.9,97.02,627.4
1700000657.5,1315,96.96000000000001,0.05999999999998806,96.93,696.5,96.99,229.4,2419.0,3252.6000000000004,96.99,10.2,BUY,2,96.93,696.5,96.92,886.1,96.91,593.9,96.9,99.3,96.89,143.2,96.99,229.4,97.0,614.6,97.01,10.0,97.02,479.2,97.03,1919.4
1700000658.0,1316,96.95,0.060000000000002274,96.92,432.5,96.98,513.5,3393.7000000000003,3042.0,96.98,18.7,BUY,2,96.92,432.5,96.91,31.0,96.9,678.6,96.89,2045.7,96.88,205.9,96.98,513.5,96.99,346.1,97.0,332.5,97.01,704.8,97.02,1145.1
1700000658.5,1317,96.94,0.060000000000002274,96.91,25.7,96.97,1182.6,1525.3,5287.599999999999,96.91,24.2,SELL,3,96.91,25.7,96.9,372.6,96.89,74.9,96.88,857.5,96.87,194.6,96.97,1182.6,96.98,1543.4,96.99,664.2,97.0,1387.6,97.01,509.8
1700000659.0,1318,96.94,0.060000000000002274,96.91,733.1,96.97,707.9,3676.5999999999995,5602.8,96.91,44.8,SELL,1,96.91,733.1,96.9,333.0,96.89,510.3,96.88,1219.5,96.87,880.7,96.97,707.9,96.98,1878.1,96.99,630.4,97.0,1379.8,97.01,1006.6
1700000659.5,1319,96.935,0.04999999999999716,96.91,298.1,96.96,30.5,2658.4,3570.8999999999996,96.91,15.3,SELL,1,96.91,298.1,96.9,536.9,96.89,672.4,96.88,1086.4,96.87,64.6,96.96,30.5,96.97,399.3,96.98,930.8,96.99,903.8,97.0,1306.5
1700000660.0,1320,96.93,0.05999999999998806,96.9,87.7,96.96,695.8,6331.3,4302.900000000001,96.93,0.0,BUY,0,96.9,87.7,96.89,734.4,96.88,2798.0,96.87,943.4,96.86,1767.8,96.96,695.8,96.97,2910.5,96.98,360.4,96.99,14.0,97.0,322.2
1700000660.5,1321,96.92,0.060000000000002274,96.89,503.6,96.95,495.2,2287.3,4976.4,96.95,85.4,BUY,2,96.89,503.6,96.88,111.6,96.87,301.8,96.86,1360.3,96.85,10.0,96.95,495.2,96.96,2481.2,96.97,393.6,96.98,517.8,96.99,1088.6
1700000661.0,1322,96.91,0.04000000000000625,96.89,1768.9,96.93,156.0,8757.2,1981.0000000000002,96.91,0.0,BUY,0,96.89,1768.9,96.88,510.1,96.87,252.6,96.86,6068.1,96.85,157.5,96.93,156.0,96.94,1207.7,96.95,430.0,96.96,68.4,96.97,118.9
1700000661.5,1323,96.92,0.03999999999999204,96.9,49.9,96.94,572.4,564.5,5842.7,96.9,19.9,SELL,1,96.9,49.9,96.89,289.7,96.88,27.9,96.87,10.5,96.86,186.5,96.94,572.4,96.95,744.8,96.96,397.8,96.97,1141.9,96.98,2985.8
1700000662.0,1324,96.92,0.03999999999999204,96.9,589.5,96.94,160.0,2764.9999999999995,1250.2,96.94,31.7,BUY,1,96.9,589.5,96.89,232.8,96.88,1571.8,96.87,244.2,96.86,126.7,96.94,160.0,96.95,635.7,96.96,60.1,96.97,357.8,96.98,36.6
1700000662.5,1325,96.91,0.060000000000002274,96.88,246.9,96.94,134.3,1334.3999999999999,2522.9,96.94,26.1,BUY,1,96.88,246.9,96.87,440.1,96.86,109.4,96.85,288.7,96.84,249.3,96.94,134.3,96.95,1370.5,96.96,629.3,96.97,195.9,96.98,192.9
1700000663.0,1326,96.905,0.05000000000001137,96.88,723.3,96.93,360.8,5132.8,6378.1,96.93,68.9,BUY,10,96.88,723.3,96.87,633.9,96.86,250.3,96.85,1608.5,96.84,1916.8,96.93,360.8,96.94,227.4,96.95,1538.6,96.96,1131.0,96.97,3120.3
1700000663.5,1327,96.905,0.05000000000001137,96.88,672.6,96.93,400.7,3927.7000000000003,5136.3,96.93,33.2,BUY,1,96.88,672.6,96.87,1594.8,96.86,10.0,96.85,752.7,96.84,897.6,96.93,400.7,96.94,70.0,96.95,605.9,96.96,665.4,96.97,3394.3
1700000664.0,1328,96.905,0.05000000000001137,96.88,80.3,96.93,298.4,2071.9,1266.5,96.88,16.9,SELL,4,96.88,80.3,96.87,854.6,96.86,318.3,96.85,564.7,96.84,254.0,96.93,298.4,96.94,10.0,96.95,84.6,96.96,539.3,96.97,334.2
1700000664.5,1329,96.89,0.060000000000002274,96.86,845.6,96.92,114.6,7137.8,2873.4,96.92,5.0,BUY,1,96.86,845.6,96.85,970.1,96.84,2195.0,96.83,156.8,96.82,2970.3,96.92,114.6,96.93,369.1,96.94,442.4,96.95,1897.7,96.96,49.6
1700000665.0,1330,96.89,0.060000000000002274,96.86,714.1,96.92,345.9,2964.3,3950.6000000000004,96.89,0.0,BUY,0,96.86,714.1,96.85,198.4,96.84,167.5,96.83,1810.5,96.82,73.8,96.92,345.9,96.93,468.1,96.94,362.9,96.95,1023.7,96.96,1750.0
1700000665.5,1331,96.88,0.060000000000002274,96.85,352.0,96.91,48.8,3606.8999999999996,3445.8,96.85,55.5,SELL,1,96.85,352.0,96.84,156.7,96.83,1676.0,96.82,199.2,96.81,1223.0,96.91,48.8,96.92,368.6,96.93,1997.4,96.94,593.3,96.95,437.7
1700000666.0,1332,96.87,0.060000000000002274,96.84,133.6,96.9,98.9,2886.7,2150.2,96.9,5.0,BUY,1,96.84,133.6,96.83,804.5,96.82,1040.6,96.81,274.3,96.8,633.7,96.9,98.9,96.91,623.4,96.92,499.0,96.93,689.3,96.94,239.6
1700000666.5,1333,96.87,0.060000000000002274,96.84,528.4,96.9,376.7,3844.1,5462.8,96.84,39.6,SELL,2,96.84,528.4,96.83,1502.2,96.82,66.5,96.81,1564.5,96.8,182.5,96.9,376.7,96.91,1815.2,96.92,2101.8,96.93,853.4,96.94,315.7
1700000667.0,1334,96.86,0.03999999999999204,96.84,965.2,96.88,824.0,7023.2,2799.8999999999996,96.84,5.0,SELL,1,96.84,965.2,96.83,721.5,96.82,3205.5,96.81,1916.7,96.8,214.3,96.88,824.0,96.89,74.5,96.9,691.8,96.91,61.5,96.92,1148.1
1700000667.5,1335,96.85,0.060000000000002274,96.82,401.6,96.88,220.2,4681.9,3545.1000000000004,96.88,10.6,BUY,1,96.82,401.6,96.81,10.0,96.8,887.7,96.79,2978.2,96.78,404.4,96.88,220.2,96.89,1004.2,96.9,943.5,96.91,567.7,96.92,809.5
1700000668.0,1336,96.86,0.03999999999999204,96.84,283.6,96.88,209.1,3948.2999999999997,2308.7,96.88,5.0,BUY,3,96.84,283.6,96.83,653.6,96.82,1161.0,96.81,1636.5,96.8,213.6,96.88,209.1,96.89,838.9,96.9,197.7,96.91,10.0,96.92,1053.0
1700000668.5,1337,104.86,0.060000000000002274,104.83,1052.6,104.89,364.9,3837.0,3423.8999999999996,104.89,21.0,BUY,2,104.83,1052.6,104.82,281.1,104.81,990.5,104.8,678.6,104.79,834.2,104.89,364.9,104.9,1504.1,104.91,276.5,104.92,362.1,104.93,916.3
1700000669.0,1338,104.85,0.060000000000002274,104.82,235.3,104.88,20.4,2719.4,2398.4,104.82,12.1,SELL,3,104.82,235.3,104.81,276.9,104.8,168.3,104.79,1947.9,104.78,91.0,104.88,20.4,104.89,493.9,104.9,427.4,104.91,972.1,104.92,484.6
1700000669.5,1339,104.85,0.060000000000002274,104.82,523.4,104.88,359.6,3893.5,3249.5,104.82,87.9,SELL,1,104.82,523.4,104.81,16.1,104.8,786.5,104.79,602.9,104.78,1964.6,104.88,359.6,104.89,175.4,104.9,1373.7,104.91,1093.5,104.92,247.3
1700000670.0,1340,104.86,0.060000000000002274,104.83,340.6,104.89,906.0,5691.599999999999,6119.200000000001,104.89,46.9,BUY,1,104.83,340.6,104.82,2732.5,104.81,1638.9,104.8,312.7,104.79,666.9,104.89,906.0,104.9,438.3,104.91,91.1,104.92,1133.4,104.93,3550.4
1700000670.5,1341,104.87,0.060000000000002274,104.84,244.3,104.9,765.9,2338.3,3496.0,104.84,8.0,SELL,3,104.84,244.3,104.83,290.8,104.82,168.1,104.81,1257.7,104.8,377.4,104.9,765.9,104.91,156.2,104.92,103.4,104.93,1957.6,104.94,512.9
1700000671.0,1342,104.87,0.060000000000002274,104.84,112.1,104.9,521.2,2842.3,2043.2000000000003,104.9,84.6,BUY,1,104.84,112.1,104.83,439.2,104.82,245.8,104.81,1466.0,104.8,579.2,104.9,521.2,104.91,80.6,104.92,513.5,104.93,331.7,104.94,596.2
1700000671.5,1343,104.87,0.04000000000000625,104.85,243.1,104.89,190.7,2178.6000000000004,5268.5,104.89,8.4,BUY,1,104.85,243.1,104.84,232.0,104.83,215.9,104.82,371.7,104.81,1115.9,104.89,190.7,104.9,624.1,104.91,160.5,104.92,1708.3,104.93,2584.9
1700000672.0,1344,104.87,0.060000000000002274,104.84,65.5,104.9,342.3,3017.2000000000003,3337.7,104.84,47.8,SELL,1,104.84,65.5,104.83,1408.4,104.82,328.7,104.81,42.2,104.8,1172.4,104.9,342.3,104.91,829.5,104.92,1080.9,104.93,979.6,104.94,105.4
1700000672.5,1345,104.88,0.060000000000002274,104.85,256.3,104.91,551.6,5333.999999999999,3470.2,104.88,0.0,BUY,0,104.85,256.3,104.84,196.8,104.83,2044.0,104.82,2631.7,104.81,205.2,104.91,551.6,104.92,342.5,104.93,2093.4,104.94,276.2,104.95,206.5
1700000673.0,1346,104.88,0.060000000000002274,104.85,464.9,104.91,722.1,4880.299999999999,6410.1,104.91,12.0,BUY,4,104.85,464.9,104.84,923.5,104.83,913.5,104.82,979.3,104.81,1599.1,104.91,722.1,104.92,468.8,104.93,3094.4,104.94,1039.4,104.95,1085.4
1700000673.5,1347,104.86,0.060000000000002274,104.83,37.0,104.89,19.6,4169.0,1549.8999999999999,104.83,5.0,SELL,2,104.83,37.0,104.82,349.2,104.81,2297.3,104.8,436.4,104.79,1049.1,104.89,19.6,104.9,569.0,104.91,16.4,104.92,544.1,104.93,400.8
1700000674.0,1348,104.87,0.060000000000002274,104.84,1236.3,104.9,503.3,2739.5,2582.0,104.9,13.2,BUY,7,104.84,1236.3,104.83,391.0,104.82,610.7,104.81,58.8,104.8,442.7,104.9,503.3,104.91,265.1,104.92,57.4,104.93,1176.2,104.94,580.0
1700000674.5,1349,104.87,0.060000000000002274,104.84,2120.9,104.9,92.0,4824.8,2485.0,104.9,5.0,BUY,2,104.84,2120.9,104.83,964.7,104.82,303.9,104.81,669.9,104.8,765.4,104.9,92.0,104.91,1380.6,104.92,189.4,104.93,533.9,104.94,289.1
1700000675.0,1350,104.88,0.060000000000002274,104.85,538.4,104.91,172.6,2368.7,3844.9000000000005,104.85,37.9,SELL,3,104.85,538.4,104.84,758.8,104.83,172.1,104.82,882.6,104.81,16.8,104.91,172.6,104.92,500.8,104.93,1278.5,104.94,153.8,104.95,1739.2
1700000675.5,1351,104.88,0.060000000000002274,104.85,520.0,104.91,358.4,3358.8,5317.8,104.85,73.5,SELL,2,104.85,520.0,104.84,403.0,104.83,878.5,104.82,14.8,104.81,1542.5,104.91,358.4,104.92,496.4,104.93,1928.7,104.94,482.8,104.95,2051.5
1700000676.0,1352,104.89,0.060000000000002274,104.86,1547.5,104.92,374.0,3106.8999999999996,1714.6,104.92,36.8,BUY,2,104.86,1547.5,104.85,13.3,104.84,976.9,104.83,371.1,104.82,198.1,104.92,374.0,104.93,647.7,104.94,218.0,104.95,292.3,104.96,182.6
1700000676.5,1353,104.88,0.060000000000002274,104.85,320.1,104.91,652.7,1439.2,2927.3,104.85,117.2,SELL,2,104.85,320.1,104.84,122.1,104.83,189.1,104.82,719.1,104.81,88.8,104.91,652.7,104.92,915.8,104.93,179.5,104.94,1021.5,104.95,157.8
1700000677.0,1354,104.89,0.060000000000002274,104.86,404.7,104.92,55.1,4293.799999999999,3280.7,104.92,35.0,BUY,3,104.86,404.7,104.85,935.7,104.84,74.8,104.83,623.9,104.82,2254.7,104.92,55.1,104.93,111.9,104.94,2432.1,104.95,125.4,104.96,556.2
1700000677.5,1355,104.89,0.060000000000002274,104.86,349.6,104.92,120.0,3131.8999999999996,1931.5,104.86,157.9,SELL,6,104.86,349.6,104.85,508.2,104.84,1918.3,104.83,114.2,104.82,241.6,104.92,120.0,104.93,1417.2,104.94,15.5,104.95,94.6,104.96,284.2
1700000678.0,1356,104.89,0.060000000000002274,104.86,315.0,104.92,521.2,5781.8,6756.9,104.86,35.7,SELL,2,104.86,315.0,104.85,769.3,104.84,4286.9,104.83,356.1,104.82,54.5,104.92,521.2,104.93,909.7,104.94,194.3,104.95,596.4,104.96,4535.3
1700000678.5,1357,104.905,0.05000000000001137,104.88,735.4,104.93,185.1,5507.0,1464.5,104.93,28.0,BUY,4,104.88,735.4,104.87,431.1,104.86,1109.7,104.85,740.6,104.84,2490.2,104.93,185.1,104.94,93.3,104.95,155.5,104.96,753.9,104.97,276.7
1700000679.0,1358,104.91,0.060000000000002274,104.88,409.8,104.94,1174.0,2562.6000000000004,2344.4,104.94,160.5,BUY,3,104.88,409.8,104.87,407.1,104.86,615.9,104.85,315.4,104.84,814.4,104.94,1174.0,104.95,89.4,104.96,107.0,104.97,91.9,104.98,882.1
1700000679.5,1359,85.3,0.060000000000002274,85.27,254.1,85.33,450.6,3527.5,7348.9,85.27,34.4,SELL,1,85.27,254.1,85.26,988.3,85.25,202.6,85.24,1823.0,85.23,259.5,85.33,450.6,85.34,2159.4,85.35,1746.0,85.36,196.3,85.37,2796.6
1700000680.0,1360,85.095,0.05000000000001137,85.07,263.4,85.12,26.0,1810.2,8445.1,85.12,27.4,BUY,4,85.07,263.4,85.06,854.4,85.05,198.9,85.04,158.8,85.03,334.7,85.12,26.0,85.13,1265.9,85.14,641.2,85.15,1555.5,85.16,4956.5
1700000680.5,1361,85.09,0.060000000000002274,85.06,115.0,85.12,258.2,2368.7,4499.7,85.06,33.9,SELL,3,85.06,115.0,85.05,82.7,85.04,142.6,85.03,309.3,85.02,1719.1,85.12,258.2,85.13,188.9,85.14,1612.4,85.15,2019.2,85.16,421.0
1700000681.0,1362,85.09,0.060000000000002274,85.06,342.8,85.12,472.5,7182.2,3192.5,85.06,75.9,SELL,6,85.06,342.8,85.05,2018.0,85.04,547.1,85.03,2206.1,85.02,2068.2,85.12,472.5,85.13,487.5,85.14,459.6,85.15,66.5,85.16,1706.4
1700000681.5,1363,85.1,0.04000000000000625,85.08,421.8,85.12,126.1,4243.5,1098.6,85.08,20.8,SELL,1,85.08,421.8,85.07,451.1,85.06,2535.9,85.05,723.8,85.04,110.9,85.12,126.1,85.13,142.1,85.14,120.1,85.15,594.4,85.16,115.9
1700000682.0,1364,85.11,0.060000000000002274,85.08,274.4,85.14,126.8,1748.5,4665.7,85.08,5.9,SELL,1,85.08,274.4,85.07,68.2,85.06,87.4,85.05,670.3,85.04,648.2,85.14,126.8,85.15,2152.9,85.16,829.9,85.17,1014.9,85.18,541.2
1700000682.5,1365,85.11,0.060000000000002274,85.08,171.7,85.14,757.9,7235.4,3180.7000000000003,85.14,13.0,BUY,1,85.08,171.7,85.07,264.3,85.06,4407.9,85.05,837.0,85.04,1554.5,85.14,757.9,85.15,87.7,85.16,1254.7,85.17,884.9,85.18,195.5
1700000683.0,1366,85.1,0.04000000000000625,85.08,254.9,85.12,300.9,3516.2,5563.400000000001,85.08,52.6,SELL,2,85.08,254.9,85.07,75.1,85.06,401.6,85.05,1592.9,85.04,1191.7,85.12,300.9,85.13,2052.8,85.14,1035.4,85.15,1561.2,85.16,613.1
1700000683.5,1367,85.09,0.060000000000002274,85.06,133.6,85.12,1783.5,6301.900000000001,3244.7,85.12,18.2,BUY,7,85.06,133.6,85.05,536.1,85.04,1151.0,85.03,1231.9,85.02,3249.3,85.12,1783.5,85.13,508.8,85.14,78.0,85.15,736.2,85.16,138.2
1700000684.0,1368,85.08,0.03999999999999204,85.06,426.5,85.1,345.1,4207.1,7922.5,85.1,14.2,BUY,1,85.06,426.5,85.05,366.4,85.04,301.9,85.03,649.6,85.02,2462.7,85.1,345.1,85.11,243.9,85.12,960.1,85.13,4413.8,85.14,1959.6
1700000684.5,1369,85.08,0.060000000000002274,85.05,1306.4,85.11,655.8,3952.0000000000005,2685.8,85.11,52.2,BUY,2,85.05,1306.4,85.04,753.7,85.03,364.4,85.02,837.1,85.01,690.4,85.11,655.8,85.12,276.1,85.13,302.3,85.14,864.6,85.15,587.0
1700000685.0,1370,85.08,0.060000000000002274,85.05,280.6,85.11,389.0,1246.8,2463.8,85.11,14.7,BUY,3,85.05,280.6,85.04,197.9,85.03,10.0,85.02,593.0,85.01,165.3,85.11,389.0,85.12,1146.8,85.13,230.7,85.14,395.0,85.15,302.3
1700000685.5,1371,85.08,0.060000000000002274,85.05,85.9,85.11,226.7,3917.2,2671.0,85.05,43.8,SELL,2,85.05,85.9,85.04,913.7,85.03,205.2,85.02,1428.1,85.01,1284.3,85.11,226.7,85.12,522.2,85.13,450.9,85.14,323.7,85.15,1147.5
1700000686.0,1372,85.08,0.060000000000002274,85.05,17.2,85.11,16.6,6521.0,3575.5,85.08,0.0,BUY,0,85.05,17.2,85.04,2052.9,85.03,1475.7,85.02,1451.5,85.01,1523.7,85.11,16.6,85.12,342.3,85.13,1646.3,85.14,418.7,85.15,1151.6
1700000686.5,1373,85.08,0.060000000000002274,85.05,789.4,85.11,278.7,8361.3,2035.8000000000002,85.08,0.0,BUY,0,85.05,789.4,85.04,1034.1,85.03,490.9,85.02,1551.7,85.01,4495.2,85.11,278.7,85.12,403.0,85.13,322.5,85.14,874.1,85.15,157.5
1700000687.0,1374,85.095,0.05000000000001137,85.07,225.2,85.12,568.5,1164.6999999999998,7775.6,85.12,33.4,BUY,4,85.07,225.2,85.06,216.6,85.05,228.9,85.04,461.4,85.03,32.6,85.12,568.5,85.13,1282.0,85.14,1474.1,85.15,4216.0,85.16,235.0
1700000687.5,1375,85.09,0.060000000000002274,85.06,641.1,85.12,756.7,3071.0999999999995,4480.4,85.12,10.8,BUY,4,85.06,641.1,85.05,1057.1,85.04,354.0,85.03,334.2,85.02,684.7,85.12,756.7,85.13,292.6,85.14,704.6,85.15,138.9,85.16,2587.6
1700000688.0,1376,85.08,0.060000000000002274,85.05,328.9,85.11,1079.3,3794.2999999999997,5397.400000000001,85.05,22.7,SELL,1,85.05,328.9,85.04,230.4,85.03,222.0,85.02,167.4,85.01,2845.6,85.11,1079.3,85.12,3049.8,85.13,484.6,85.14,249.0,85.15,534.7
1700000688.5,1377,85.08,0.03999999999999204,85.06,1160.8,85.1,971.4,4006.0,2748.2000000000003,85.1,5.0,BUY,3,85.06,1160.8,85.05,1301.7,85.04,426.5,85.03,918.1,85.02,198.9,85.1,971.4,85.11,430.2,85.12,808.0,85.13,152.3,85.14,386.3
1700000689.0,1378,85.09,0.060000000000002274,85.06,184.2,85.12,515.4,986.3999999999999,1375.3999999999999,85.12,30.2,BUY,3,85.06,184.2,85.05,137.4,85.04,279.7,85.03,330.3,85.02,54.8,85.12,515.4,85.13,129.4,85.14,232.6,85.15,33.8,85.16,464.2
1700000689.5,1379,85.09,0.060000000000002274,85.06,29.3,85.12,304.2,4315.1,6120.0,85.06,54.5,SELL,1,85.06,29.3,85.05,181.4,85.04,428.6,85.03,2889.1,85.02,786.7,85.12,304.2,85.13,1388.9,85.14,1049.5,85.15,1746.0,85.16,1631.4
1700000690.0,1380,85.09,0.04000000000000625,85.07,305.0,85.11,2002.5,1298.6999999999998,4096.1,85.09,0.0,BUY,0,85.07,305.0,85.06,120.4,85.05,138.2,85.04,561.0,85.03,174.1,85.11,2002.5,85.12,1083.0,85.13,203.3,85.14,405.6,85.15,401.7
1700000690.5,1381,85.08,0.060000000000002274,85.05,520.3,85.11,1361.9,7168.400000000001,3202.0,85.11,39.8,BUY,4,85.05,520.3,85.04,647.7,85.03,1612.2,85.02,3967.9,85.01,420.3,85.11,1361.9,85.12,790.3,85.13,106.3,85.14,908.7,85.15,34.8
1700000691.0,1382,85.08,0.060000000000002274,85.05,1493.8,85.11,532.2,2872.3,1943.7999999999997,85.08,0.0,BUY,0,85.05,1493.8,85.04,143.5,85.03,862.4,85.02,77.3,85.01,295.3,85.11,532.2,85.12,295.0,85.13,480.4,85.14,246.1,85.15,390.1
1700000691.5,1383,85.06,0.060000000000002274,85.03,64.9,85.09,901.8,1892.3000000000002,6362.1,85.03,34.1,SELL,1,85.03,64.9,85.02,48.8,85.01,72.8,85.0,577.9,84.99,1127.9,85.09,901.8,85.1,1433.7,85.11,346.4,85.12,186.0,85.13,3494.2
1700000692.0,1384,85.05,0.060000000000002274,85.02,386.9,85.08,897.8,6393.8,6347.200000000001,85.05,0.0,BUY,0,85.02,386.9,85.01,454.6,85.0,883.2,84.99,3084.1,84.98,1585.0,85.08,897.8,85.09,2685.5,85.1,1632.8,85.11,617.6,85.12,513.5
1700000692.5,1385,85.06,0.060000000000002274,85.03,164.6,85.09,2044.6,3414.6,5269.1,85.03,68.2,SELL,1,85.03,164.6,85.02,81.3,85.01,1591.9,85.0,1472.7,84.99,104.1,85.09,2044.6,85.1,536.6,85.11,911.4,85.12,1133.7,85.13,642.8
1700000693.0,1386,85.06,0.060000000000002274,85.03,272.2,85.09,69.0,2761.6,3827.3,85.03,91.1,SELL,3,85.03,272.2,85.02,136.0,85.01,1793.4,85.0,447.5,84.99,112.5,85.09,69.0,85.1,443.5,85.11,574.1,85.12,1062.9,85.13,1677.8
1700000693.5,1387,85.065,0.04999999999999716,85.04,405.1,85.09,217.5,3358.9000000000005,4626.6,85.065,0.0,BUY,0,85.04,405.1,85.03,236.2,85.02,1780.0,85.01,383.8,85.0,553.8,85.09,217.5,85.1,220.3,85.11,1289.2,85.12,2149.8,85.13,749.8
1700000694.0,1388,85.07,0.05999999999998806,85.04,208.8,85.1,1890.5,2301.1000000000004,6134.4,85.04,5.1,SELL,1,85.04,208.8,85.03,99.9,85.02,42.6,85.01,466.9,85.0,1482.9,85.1,1890.5,85.11,865.2,85.12,468.2,85.13,1739.8,85.14,1170.7
1700000694.5,1389,85.07,0.04000000000000625,85.05,800.3,85.09,29.8,5427.4,3789.8,85.05,6.7,SELL,1,85.05,800.3,85.04,539.3,85.03,2443.0,85.02,1586.8,85.01,58.0,85.09,29.8,85.1,2429.0,85.11,290.3,85.12,679.7,85.13,361.0
1700000695.0,1390,85.07,0.05999999999998806,85.04,257.5,85.1,96.3,3484.6,1314.5,85.1,22.9,BUY,1,85.04,257.5,85.03,304.0,85.02,524.9,85.01,127.5,85.0,2270.7,85.1,96.3,85.11,15.8,85.12,87.4,85.13,223.4,85.14,891.6
1700000695.5,1391,85.065,0.04999999999999716,85.04,545.2,85.09,1487.4,2339.6000000000004,2268.1,85.09,81.2,BUY,6,85.04,545.2,85.03,816.3,85.02,243.0,85.01,492.8,85.0,242.3,85.09,1487.4,85.1,128.3,85.11,95.4,85.12,225.3,85.13,331.7
1700000696.0,1392,85.06,0.060000000000002274,85.03,155.8,85.09,1001.1,2944.5,5217.9,85.03,145.4,SELL,1,85.03,155.8,85.02,803.3,85.01,973.6,85.0,123.5,84.99,888.3,85.09,1001.1,85.1,1208.9,85.11,1159.2,85.12,1705.6,85.13,143.1
1700000696.5,1393,85.06,0.03999999999999204,85.04,19.4,85.08,791.8,3350.3,3765.0,85.08,8.4,BUY,3,85.04,19.4,85.03,1495.7,85.02,1141.0,85.01,442.2,85.0,252.0,85.08,791.8,85.09,480.7,85.1,10.0,85.11,1477.9,85.12,1004.6
1700000697.0,1394,85.05,0.060000000000002274,85.02,33.6,85.08,424.9,6805.099999999999,4127.7,85.08,110.5,BUY,2,85.02,33.6,85.01,737.5,85.0,165.7,84.99,458.9,84.98,5409.4,85.08,424.9,85.09,784.6,85.1,1312.0,85.11,778.8,85.12,827.4
1700000697.5,1395,85.05,0.060000000000002274,85.02,364.4,85.08,354.3,2853.5999999999995,4078.4,85.08,31.3,BUY,3,85.02,364.4,85.01,391.6,85.0,635.3,84.99,1033.1,84.98,429.2,85.08,354.3,85.09,623.3,85.1,65.3,85.11,900.7,85.12,2134.8
1700000698.0,1396,85.05,0.060000000000002274,85.02,332.8,85.08,804.1,2628.8,2355.7,85.08,95.1,BUY,1,85.02,332.8,85.01,466.7,85.0,464.7,84.99,1177.2,84.98,187.4,85.08,804.1,85.09,1024.0,85.1,26.8,85.11,274.3,85.12,226.5
1700000698.5,1397,85.06,0.060000000000002274,85.03,368.5,85.09,2193.6,3647.8,5849.1,85.09,35.6,BUY,3,85.03,368.5,85.02,2392.9,85.01,209.6,85.0,543.4,84.99,133.4,85.09,2193.6,85.1,463.4,85.11,804.5,85.12,1044.7,85.13,1342.9
1700000699.0,1398,85.05,0.060000000000002274,85.02,706.1,85.08,196.5,4531.200000000001,5910.199999999999,85.08,45.0,BUY,1,85.02,706.1,85.01,338.6,85.0,1164.1,84.99,57.4,84.98,2265.0,85.08,196.5,85.09,3515.2,85.1,306.2,85.11,98.2,85.12,1794.1
1700000699.5,1399,85.05,0.060000000000002274,85.02,461.0,85.08,1829.4,2568.5,8585.7,85.02,22.1,SELL,2,85.02,461.0,85.01,559.7,85.0,375.7,84.99,88.4,84.98,1083.7,85.08,1829.4,85.09,1251.7,85.1,2771.1,85.11,64.7,85.12,2668.8
1700000700.0,1400,85.04499999999999,0.04999999999999716,85.02,403.6,85.07,304.5,2347.4,1530.0,85.04499999999999,0.0,BUY,0,85.02,403.6,85.01,166.3,85.0,464.0,84.99,230.8,84.98,1082.7,85.07,304.5,85.08,381.4,85.09,118.6,85.1,359.1,85.11,366.4
1700000700.5,1401,85.03,0.060000000000002274,85.0,290.0,85.06,240.7,2454.4,4658.8,85.0,10.4,SELL,2,85.0,290.0,84.99,1378.5,84.98,239.7,84.97,20.7,84.96,525.5,85.06,240.7,85.07,1183.2,85.08,1441.8,85.09,243.9,85.1,1549.2
1700000701.0,1402,85.03,0.060000000000002274,85.0,242.1,85.06,1066.5,2175.1,2232.2,85.03,0.0,BUY,0,85.0,242.1,84.99,20.9,84.98,909.1,84.97,293.5,84.96,709.5,85.06,1066.5,85.07,292.3,85.08,245.8,85.09,10.0,85.1,617.6
1700000701.5,1403,85.02000000000001,0.04000000000000625,85.0,391.3,85.04,52.2,3788.8,4785.6,85.0,19.3,SELL,2,85.0,391.3,84.99,55.0,84.98,203.1,84.97,2545.5,84.96,593.9,85.04,52.2,85.05,261.1,85.06,54.7,85.07,3573.4,85.08,844.2
1700000702.0,1404,85.02,0.060000000000002274,84.99,197.8,85.05,398.0,2278.3,6638.599999999999,85.02,0.0,BUY,0,84.99,197.8,84.98,120.2,84.97,232.2,84.96,1022.4,84.95,705.7,85.05,398.0,85.06,476.5,85.07,5594.8,85.08,31.4,85.09,137.9
1700000702.5,1405,85.02000000000001,0.04000000000000625,85.0,155.4,85.04,208.4,3041.3,3246.5000000000005,85.04,12.4,BUY,1,85.0,155.4,84.99,324.1,84.98,191.8,84.97,924.8,84.96,1445.2,85.04,208.4,85.05,618.7,85.06,1395.2,85.07,334.8,85.08,689.4
1700000703.0,1406,85.02000000000001,0.04000000000000625,85.0,908.3,85.04,297.7,9426.1,2886.6000000000004,85.02000000000001,0.0,BUY,0,85.0,908.3,84.99,729.5,84.98,203.7,84.97,3238.8,84.96,4345.8,85.04,297.7,85.05,809.5,85.06,357.9,85.07,1065.7,85.08,355.8
1700000703.5,1407,85.02,0.060000000000002274,84.99,35.1,85.05,295.6,2677.3,2462.3,84.99,24.9,SELL,2,84.99,35.1,84.98,668.9,84.97,470.4,84.96,1390.5,84.95,112.4,85.05,295.6,85.06,974.4,85.07,377.7,85.08,746.8,85.09,67.8
1700000704.0,1408,85.02,0.060000000000002274,84.99,319.1,85.05,68.8,9643.8,4026.9,85.05,6.9,BUY,1,84.99,319.1,84.98,2420.7,84.97,1797.8,84.96,1183.1,84.95,3923.1,85.05,68.8,85.06,428.6,85.07,1269.7,85.08,2236.2,85.09,23.6
1700000704.5,1409,85.02,0.060000000000002274,84.99,1567.2,85.05,5515.8,3229.7,9094.1,84.99,18.9,SELL,1,84.99,1567.2,84.98,169.8,84.97,213.8,84.96,21.6,84.95,1257.3,85.05,5515.8,85.06,513.3,85.07,242.5,85.08,370.8,85.09,2451.7
1700000705.0,1410,85.02,0.060000000000002274,84.99,251.1,85.05,465.5,3540.0,2417.3,85.02,0.0,BUY,0,84.99,251.1,84.98,375.5,84.97,935.3,84.96,1313.0,84.95,665.1,85.05,465.5,85.06,936.8,85.07,768.0,85.08,120.3,85.09,126.7
1700000705.5,1411,85.02,0.060000000000002274,84.99,102.0,85.05,394.9,1521.9,5328.0,84.99,83.8,SELL,1,84.99,102.0,84.98,598.8,84.97,187.0,84.96,147.9,84.95,486.2,85.05,394.9,85.06,328.1,85.07,1923.2,85.08,12.4,85.09,2669.4
1700000706.0,1412,85.02,0.060000000000002274,84.99,478.3,85.05,2012.8,3705.1000000000004,4780.5,85.05,5.0,BUY,5,84.99,478.3,84.98,999.4,84.97,229.3,84.96,148.2,84.95,1849.9,85.05,2012.8,85.06,1716.7,85.07,711.7,85.08,286.1,85.09,53.2
1700000706.5,1413,85.02,0.060000000000002274,84.99,1065.9,85.05,484.2,2862.5,3312.8,85.05,10.2,BUY,3,84.99,1065.9,84.98,706.6,84.97,245.6,84.96,226.4,84.95,618.0,85.05,484.2,85.06,411.4,85.07,804.5,85.08,793.2,85.09,819.5
1700000707.0,1414,85.02,0.060000000000002274,84.99,157.6,85.05,942.5,2991.1000000000004,7482.200000000001,85.05,5.0,BUY,2,84.99,157.6,84.98,194.9,84.97,15.3,84.96,1128.9,84.95,1494.4,85.05,942.5,85.06,1162.6,85.07,461.9,85.08,2636.8,85.09,2278.4
1700000707.5,1415,85.02,0.060000000000002274,84.99,1159.1,85.05,114.4,2803.3999999999996,1501.9,84.99,19.1,SELL,1,84.99,1159.1,84.98,225.6,84.97,541.2,84.96,429.3,84.95,448.2,85.05,114.4,85.06,204.5,85.07,863.1,85.08,224.7,85.09,95.2
1700000708.0,1416,85.02,0.060000000000002274,84.99,334.9,85.05,904.8,3786.0,3781.5,84.99,12.4,SELL,4,84.99,334.9,84.98,289.5,84.97,592.3,84.96,995.8,84.95,1573.5,85.05,904.8,85.06,146.7,85.07,191.0,85.08,1146.3,85.09,1392.7
1700000708.5,1417,89.88,0.060000000000002274,89.85,218.5,89.91,242.6,3164.0,2450.0,89.85,20.0,SELL,2,89.85,218.5,89.84,102.5,89.83,342.1,89.82,1606.9,89.81,894.0,89.91,242.6,89.92,297.1,89.93,831.0,89.94,1050.6,89.95,28.7
1700000709.0,1418,89.87,0.060000000000002274,89.84,254.2,89.9,142.7,2659.3,5813.7,89.84,28.9,SELL,2,89.84,254.2,89.83,43.2,89.82,331.0,89.81,333.2,89.8,1697.7,89.9,142.7,89.91,459.3,89.92,680.0,89.93,1334.2,89.94,3197.5
1700000709.5,1419,89.87,0.060000000000002274,89.84,22.1,89.9,173.6,1908.0000000000002,3680.0,89.9,5.7,BUY,3,89.84,22.1,89.83,961.1,89.82,43.4,89.81,535.2,89.8,346.2,89.9,173.6,89.91,164.7,89.92,812.2,89.93,1931.8,89.94,597.7
1700000710.0,1420,89.87,0.060000000000002274,89.84,406.2,89.9,83.1,5373.7,2341.2999999999997,89.84,7.1,SELL,3,89.84,406.2,89.83,423.0,89.82,1663.3,89.81,2446.2,89.8,435.0,89.9,83.1,89.91,613.0,89.92,615.0,89.93,71.8,89.94,958.4
1700000710.5,1421,89.87,0.060000000000002274,89.84,124.4,89.9,156.3,3240.4,3599.3,89.84,47.4,SELL,2,89.84,124.4,89.83,1148.2,89.82,896.4,89.81,629.0,89.8,442.4,89.9,156.3,89.91,108.9,89.92,472.2,89.93,1596.6,89.94,1265.3
1700000711.0,1422,89.86,0.060000000000002274,89.83,101.2,89.89,70.8,4955.4,2161.0,89.83,273.7,SELL,1,89.83,101.2,89.82,117.5,89.81,2803.4,89.8,215.1,89.79,1718.2,89.89,70.8,89.9,283.3,89.91,603.6,89.92,940.1,89.93,263.2
1700000711.5,1423,89.86,0.03999999999999204,89.84,172.5,89.88,880.2,3871.5,3306.6,89.88,21.5,BUY,2,89.84,172.5,89.83,628.9,89.82,221.7,89.81,793.2,89.8,2055.2,89.88,880.2,89.89,657.7,89.9,1237.1,89.91,321.2,89.92,210.4
1700000712.0,1424,89.86,0.03999999999999204,89.84,190.5,89.88,665.2,1144.6,4133.6,89.86,0.0,BUY,0,89.84,190.5,89.83,163.4,89.82,19.8,89.81,312.5,89.8,458.4,89.88,665.2,89.89,542.4,89.9,55.3,89.91,1769.9,89.92,1100.8
1700000712.5,1425,89.85,0.060000000000002274,89.82,115.3,89.88,67.5,1842.8,3883.5,89.82,33.8,SELL,1,89.82,115.3,89.81,368.1,89.8,45.6,89.79,1152.7,89.78,161.1,89.88,67.5,89.89,817.5,89.9,1894.7,89.91,332.1,89.92,771.7
1700000713.0,1426,89.85,0.060000000000002274,89.82,26.4,89.88,545.0,6681.0,2732.6000000000004,89.82,42.4,SELL,3,89.82,26.4,89.81,43.7,89.8,627.2,89.79,766.4,89.78,5217.3,89.88,545.0,89.89,225.7,89.9,703.0,89.91,403.2,89.92,855.7
1700000713.5,1427,89.86,0.060000000000002274,89.83,379.2,89.89,508.0,6053.9,2633.2,89.83,25.8,SELL,2,89.83,379.2,89.82,217.4,89.81,67.4,89.8,2941.2,89.79,2448.7,89.89,508.0,89.9,135.3,89.91,1248.9,89.92,205.5,89.93,535.5
1700000714.0,1428,89.86,0.060000000000002274,89.83,39.5,89.89,1686.8,4092.5,3629.5999999999995,89.89,17.1,BUY,3,89.83,39.5,89.82,375.8,89.81,272.2,89.8,318.1,89.79,3086.9,89.89,1686.8,89.9,321.7,89.91,431.2,89.92,343.2,89.93,846.7
1700000714.5,1429,89.86,0.060000000000002274,89.83,200.6,89.89,713.1,2614.7,4422.7,89.86,0.0,BUY,0,89.83,200.6,89.82,27.6,89.81,481.6,89.8,1757.9,89.79,147.0,89.89,713.1,89.9,1263.9,89.91,682.2,89.92,320.2,89.93,1443.3
1700000715.0,1430,89.87,0.060000000000002274,89.84,914.6,89.9,680.3,3162.7999999999997,1174.2,89.87,0.0,BUY,0,89.84,914.6,89.83,297.5,89.82,604.1,89.81,679.1,89.8,667.5,89.9,680.3,89.91,66.9,89.92,45.6,89.93,140.2,89.94,241.2
1700000715.5,1431,89.86,0.060000000000002274,89.83,384.0,89.89,1047.3,5857.0,3911.5999999999995,89.83,5.0,SELL,1,89.83,384.0,89.82,492.2,89.81,1131.1,89.8,199.2,89.79,3650.5,89.89,1047.3,89.9,53.6,89.91,1277.5,89.92,160.2,89.93,1373.0
1700000716.0,1432,89.86,0.060000000000002274,89.83,73.6,89.89,116.8,2976.3,3478.8,89.89,12.1,BUY,2,89.83,73.6,89.82,515.4,89.81,189.2,89.8,1409.6,89.79,788.5,89.89,116.8,89.9,64.5,89.91,2117.2,89.92,1024.8,89.93,155.5
1700000716.5,1433,89.86,0.060000000000002274,89.83,225.4,89.89,129.5,2181.1,2923.7999999999997,89.83,104.6,SELL,2,89.83,225.4,89.82,102.7,89.81,386.4,89.8,1067.4,89.79,399.2,89.89,129.5,89.9,252.7,89.91,629.4,89.92,1507.5,89.93,404.7
1700000717.0,1434,89.87,0.060000000000002274,89.84,781.2,89.9,174.9,2076.9,7234.700000000001,89.9,68.1,BUY,2,89.84,781.2,89.83,335.9,89.82,19.1,89.81,534.9,89.8,405.8,89.9,174.9,89.91,2352.4,89.92,3116.3,89.93,1564.8,89.94,26.3
1700000717.5,1435,86.78,0.03999999999999204,86.76,291.1,86.8,798.9,7326.7,4494.700000000001,86.8,23.7,BUY,1,86.76,291.1,86.75,3551.8,86.74,581.9,86.73,1429.7,86.72,1472.2,86.8,798.9,86.81,586.8,86.82,590.9,86.83,2398.0,86.84,120.1
1700000718.0,1436,86.78,0.03999999999999204,86.76,39.2,86.8,93.8,5337.8,11150.1,86.76,79.8,SELL,3,86.76,39.2,86.75,543.5,86.74,3353.4,86.73,907.8,86.72,493.9,86.8,93.8,86.81,409.8,86.82,1417.6,86.83,3137.4,86.84,6091.5
1700000718.5,1437,86.76,0.060000000000002274,86.73,29.5,86.79,80.3,3887.5,3361.4,86.79,46.6,BUY,4,86.73,29.5,86.72,491.7,86.71,1015.8,86.7,1056.7,86.69,1293.8,86.79,80.3,86.8,416.6,86.81,427.5,86.82,681.9,86.83,1755.1
1700000719.0,1438,86.77,0.060000000000002274,86.74,1277.2,86.8,204.7,4323.0,2857.8999999999996,86.74,48.4,SELL,2,86.74,1277.2,86.73,187.0,86.72,814.3,86.71,869.5,86.7,1175.0,86.8,204.7,86.81,37.8,86.82,108.1,86.83,1440.1,86.84,1067.2
1700000719.5,1439,86.77,0.060000000000002274,86.74,482.4,86.8,218.1,2981.2999999999997,3777.9000000000005,86.8,70.8,BUY,2,86.74,482.4,86.73,31.2,86.72,1159.4,86.71,398.7,86.7,909.6,86.8,218.1,86.81,66.4,86.82,829.4,86.83,106.2,86.84,2557.8
1700000720.0,1440,86.76,0.060000000000002274,86.73,91.5,86.79,465.5,1338.9,4858.0,86.79,86.6,BUY,1,86.73,91.5,86.72,254.7,86.71,83.5,86.7,776.8,86.69,132.4,86.79,465.5,86.8,811.5,86.81,353.2,86.82,890.9,86.83,2336.9
1700000720.5,1441,86.75,0.03999999999999204,86.73,302.4,86.77,73.0,1475.9,8039.800000000001,86.77,6.2,BUY,2,86.73,302.4,86.72,159.8,86.71,251.8,86.7,83.1,86.69,678.8,86.77,73.0,86.78,1821.6,86.79,295.8,86.8,5064.3,86.81,785.1
1700000721.0,1442,86.75,0.060000000000002274,86.72,818.9,86.78,1546.0,3214.2000000000003,13826.099999999999,86.75,0.0,BUY,0,86.72,818.9,86.71,330.6,86.7,1880.0,86.69,56.9,86.68,127.8,86.78,1546.0,86.79,2868.4,86.8,1018.4,86.81,664.6,86.82,7728.7
1700000721.5,1443,86.74,0.060000000000002274,86.71,231.4,86.77,794.7,1520.3999999999999,2393.7999999999997,86.74,0.0,BUY,0,86.71,231.4,86.7,490.6,86.69,739.1,86.68,10.0,86.67,49.3,86.77,794.7,86.78,640.9,86.79,840.6,86.8,10.0,86.81,107.6
1700000722.0,1444,86.74,0.060000000000002274,86.71,175.6,86.77,32.5,4074.8,3593.5,86.71,22.0,SELL,2,86.71,175.6,86.7,671.0,86.69,874.6,86.68,424.9,86.67,1928.7,86.77,32.5,86.78,324.1,86.79,1967.7,86.8,279.5,86.81,989.7
1700000722.5,1445,86.75,0.060000000000002274,86.72,24.9,86.78,10.0,6257.9,1578.3,86.78,5.0,BUY,1,86.72,24.9,86.71,944.6,86.7,1756.5,86.69,3095.4,86.68,436.5,86.78,10.0,86.79,171.0,86.8,865.5,86.81,385.8,86.82,146.0
1700000723.0,1446,86.75,0.060000000000002274,86.72,224.7,86.78,194.3,2838.8,2370.2,86.75,0.0,BUY,0,86.72,224.7,86.71,995.1,86.7,267.5,86.69,1264.7,86.68,86.8,86.78,194.3,86.79,294.1,86.8,220.3,86.81,878.0,86.82,783.5
1700000723.5,1447,86.75999999999999,0.04000000000000625,86.74,344.2,86.78,1575.8,6684.5,2853.7,86.74,24.9,SELL,1,86.74,344.2,86.73,345.1,86.72,62.7,86.71,591.2,86.7,5341.3,86.78,1575.8,86.79,154.6,86.8,893.2,86.81,91.6,86.82,138.5
1700000724.0,1448,86.78,0.060000000000002274,86.75,304.2,86.81,524.5,5560.0,2315.4,86.75,17.3,SELL,3,86.75,304.2,86.74,555.1,86.73,2023.2,86.72,2012.0,86.71,665.5,86.81,524.5,86.82,1096.0,86.83,343.4,86.84,41.0,86.85,310.5
1700000724.5,1449,86.78,0.060000000000002274,86.75,93.3,86.81,930.6,1476.6000000000001,5515.0,86.81,28.2,BUY,3,86.75,93.3,86.74,393.7,86.73,582.7,86.72,110.7,86.71,296.2,86.81,930.6,86.82,223.8,86.83,2087.3,86.84,1045.7,86.85,1227.6
1700000725.0,1450,86.77,0.060000000000002274,86.74,1056.9,86.8,1052.6,5340.0,2949.0,86.77,0.0,BUY,0,86.74,1056.9,86.73,606.9,86.72,282.1,86.71,640.7,86.7,2753.4,86.8,1052.6,86.81,26.0,86.82,281.4,86.83,89.3,86.84,1499.7
1700000725.5,1451,86.75,0.060000000000002274,86.72,347.6,86.78,311.2,2925.0,6319.799999999999,86.78,6.5,BUY,2,86.72,347.6,86.71,458.1,86.7,439.8,86.69,260.4,86.68,1419.1,86.78,311.2,86.79,2666.9,86.8,491.7,86.81,204.7,86.82,2645.3
1700000726.0,1452,86.76,0.060000000000002274,86.73,315.8,86.79,503.9,5202.7,3074.3,86.73,73.2,SELL,2,86.73,315.8,86.72,731.2,86.71,388.6,86.7,264.7,86.69,3502.4,86.79,503.9,86.8,1029.0,86.81,174.2,86.82,370.0,86.83,997.2
1700000726.5,1453,86.75,0.060000000000002274,86.72,94.1,86.78,342.8,2282.8,4650.5,86.72,56.9,SELL,2,86.72,94.1,86.71,199.2,86.7,155.7,86.69,1246.8,86.68,587.0,86.78,342.8,86.79,419.3,86.8,303.3,86.81,285.9,86.82,3299.2
1700000727.0,1454,86.74,0.060000000000002274,86.71,98.3,86.77,20.8,7996.400000000001,2580.8999999999996,86.77,31.2,BUY,2,86.71,98.3,86.7,1362.1,86.69,4534.8,86.68,1443.9,86.67,557.3,86.77,20.8,86.78,1474.8,86.79,82.5,86.8,401.0,86.81,601.8
1700000727.5,1455,86.73,0.060000000000002274,86.7,290.9,86.76,197.8,8689.8,2843.2000000000003,86.7,5.0,SELL,2,86.7,290.9,86.69,1099.5,86.68,1069.7,86.67,2907.2,86.66,3322.5,86.76,197.8,86.77,827.2,86.78,1345.9,86.79,82.8,86.8,389.5
1700000728.0,1456,86.72,0.03999999999999204,86.7,851.7,86.74,46.3,8585.400000000001,6158.8,86.7,42.5,SELL,2,86.7,851.7,86.69,121.4,86.68,385.8,86.67,3928.3,86.66,3298.2,86.74,46.3,86.75,1122.1,86.76,1418.9,86.77,429.6,86.78,3141.9
1700000728.5,1457,86.72,0.060000000000002274,86.69,112.6,86.75,530.7,2887.6000000000004,4428.1,86.75,37.8,BUY,1,86.69,112.6,86.68,233.0,86.67,1289.9,86.66,579.9,86.65,672.2,86.75,530.7,86.76,72.1,86.77,2052.8,86.78,75.9,86.79,1696.6
1700000729.0,1458,86.72,0.03999999999999204,86.7,40.2,86.74,260.6,1091.8,5134.4,86.72,0.0,BUY,0,86.7,40.2,86.69,203.6,86.68,304.8,86.67,337.2,86.66,206.0,86.74,260.6,86.75,1042.7,86.76,2478.7,86.77,394.9,86.78,957.5
1700000729.5,1459,86.73,0.060000000000002274,86.7,892.9,86.76,689.1,2645.3999999999996,2406.4,86.7,10.7,SELL,3,86.7,892.9,86.69,28.8,86.68,994.0,86.67,10.0,86.66,719.7,86.76,689.1,86.77,30.3,86.78,451.0,86.79,1169.5,86.8,66.5
1700000730.0,1460,86.72,0.060000000000002274,86.69,1129.8,86.75,1944.7,2254.8,6909.5,86.75,18.7,BUY,1,86.69,1129.8,86.68,123.1,86.67,51.9,86.66,401.3,86.65,548.7,86.75,1944.7,86.76,298.6,86.77,1531.8,86.78,2958.5,86.79,175.9
1700000730.5,1461,86.70500000000001,0.04999999999999716,86.68,291.8,86.73,1374.8,3139.5,4018.8,86.68,5.0,SELL,3,86.68,291.8,86.67,543.4,86.66,370.3,86.65,1854.8,86.64,79.2,86.73,1374.8,86.74,403.7,86.75,579.2,86.76,1319.3,86.77,341.8
1700000731.0,1462,86.70500000000001,0.04999999999999716,86.68,563.9,86.73,1130.8,3254.0,4212.4,86.68,80.1,SELL,1,86.68,563.9,86.67,375.4,86.66,1303.8,86.65,458.4,86.64,552.5,86.73,1130.8,86.74,10.0,86.75,867.0,86.76,1785.6,86.77,419.0
1700000731.5,1463,86.7,0.060000000000002274,86.67,487.0,86.73,425.9,1623.6999999999998,3641.6,86.73,25.8,BUY,1,86.67,487.0,86.66,111.8,86.65,855.4,86.64,24.6,86.63,144.9,86.73,425.9,86.74,105.5,86.75,2563.1,86.76,404.1,86.77,143.0
1700000732.0,1464,86.7,0.060000000000002274,86.67,16.5,86.73,1100.1,2824.3,3888.7000000000003,86.7,0.0,BUY,0,86.67,16.5,86.66,1332.2,86.65,290.1,86.64,96.0,86.63,1089.5,86.73,1100.1,86.74,785.0,86.75,983.2,86.76,951.6,86.77,68.8
1700000732.5,1465,86.69,0.060000000000002274,86.66,133.6,86.72,69.1,1527.2,3857.5,86.72,31.0,BUY,2,86.66,133.6,86.65,1117.5,86.64,203.9,86.63,30.4,86.62,41.8,86.72,69.1,86.73,1279.9,86.74,860.7,86.75,737.8,86.76,910.0
1700000733.0,1466,86.7,0.060000000000002274,86.67,883.4,86.73,374.5,2880.2,2331.2,86.73,9.7,BUY,1,86.67,883.4,86.66,778.7,86.65,942.0,86.64,137.2,86.63,138.9,86.73,374.5,86.74,404.7,86.75,424.0,86.76,463.9,86.77,664.1
1700000733.5,1467,86.7,0.060000000000002274,86.67,482.1,86.73,128.2,2974.1,4051.4,86.67,68.6,SELL,2,86.67,482.1,86.66,1970.9,86.65,274.2,86.64,19.1,86.63,227.8,86.73,128.2,86.74,1844.1,86.75,861.1,86.76,821.4,86.77,396.6
1700000734.0,1468,86.7,0.03999999999999204,86.68,92.8,86.72,589.8,3345.8,2329.6,86.72,12.7,BUY,1,86.68,92.8,86.67,657.6,86.66,230.3,86.65,2096.3,86.64,268.8,86.72,589.8,86.73,61.0,86.74,399.4,86.75,621.4,86.76,658.0
1700000734.5,1469,86.7,0.060000000000002274,86.67,348.0,86.73,2169.7,4394.900000000001,6339.799999999999,86.67,32.1,SELL,1,86.67,348.0,86.66,1893.3,86.65,134.8,86.64,599.0,86.63,1419.8,86.73,2169.7,86.74,628.9,86.75,114.2,86.76,277.6,86.77,3149.4
1700000735.0,1470,86.7,0.060000000000002274,86.67,53.8,86.73,977.6,4132.2,6988.1,86.73,39.0,BUY,2,86.67,53.8,86.66,555.5,86.65,1499.3,86.64,425.4,86.63,1598.2,86.73,977.6,86.74,388.1,86.75,2702.9,86.76,2627.4,86.77,292.1
1700000735.5,1471,86.70500000000001,0.04999999999999716,86.68,489.3,86.73,741.4,5035.5,3833.3,86.73,35.8,BUY,1,86.68,489.3,86.67,1123.0,86.66,2284.2,86.65,1056.1,86.64,82.9,86.73,741.4,86.74,446.9,86.75,90.0,86.76,1774.0,86.77,781.0
1700000736.0,1472,86.73,0.060000000000002274,86.7,808.0,86.76,1165.5,4276.0,9763.0,86.76,6.1,BUY,2,86.7,808.0,86.69,1442.4,86.68,282.3,86.67,214.4,86.66,1528.9,86.76,1165.5,86.77,1340.0,86.78,334.0,86.79,6181.3,86.8,742.2
1700000736.5,1473,86.72,0.060000000000002274,86.69,139.2,86.75,934.6,3050.1,6415.1,86.75,102.9,BUY,3,86.69,139.2,86.68,10.5,86.67,436.2,86.66,418.7,86.65,2045.5,86.75,934.6,86.76,817.2,86.77,2060.2,86.78,140.1,86.79,2463.0
1700000737.0,1474,86.72,0.060000000000002274,86.69,10.0,86.75,880.7,5069.9,7313.5,86.72,0.0,BUY,0,86.69,10.0,86.68,1385.8,86.67,802.8,86.66,702.6,86.65,2168.7,86.75,880.7,86.76,3844.3,86.77,591.6,86.78,205.8,86.79,1791.1
1700000737.5,1475,86.72,0.060000000000002274,86.69,810.2,86.75,89.4,4384.799999999999,5264.6,86.75,45.8,BUY,3,86.69,810.2,86.68,2408.7,86.67,101.7,86.66,927.2,86.65,137.0,86.75,89.4,86.76,288.7,86.77,635.2,86.78,2198.0,86.79,2053.3
1700000738.0,1476,86.70500000000001,0.04999999999999716,86.68,2262.1,86.73,1033.4,8092.2,4548.1,86.70500000000001,0.0,BUY,0,86.68,2262.1,86.67,971.4,86.66,1042.0,86.65,1152.2,86.64,2664.5,86.73,1033.4,86.74,629.6,86.75,830.8,86.76,150.5,86.77,1903.8
1700000738.5,1477,86.72,0.060000000000002274,86.69,717.1,86.75,479.7,7231.200000000001,3654.2999999999997,86.75,175.3,BUY,2,86.69,717.1,86.68,314.3,86.67,1238.9,86.66,4563.1,86.65,397.8,86.75,479.7,86.76,1025.3,86.77,751.2,86.78,10.0,86.79,1388.1
1700000739.0,1478,86.72,0.060000000000002274,86.69,694.1,86.75,252.6,8089.5,7199.799999999999,86.75,47.6,BUY,2,86.69,694.1,86.68,1660.0,86.67,2222.9,86.66,2612.7,86.65,899.8,86.75,252.6,86.76,86.3,86.77,2635.2,86.78,2117.8,86.79,2107.9
1700000739.5,1479,86.70500000000001,0.04999999999999716,86.68,991.6,86.73,49.3,3208.9,5968.199999999999,86.73,131.5,BUY,5,86.68,991.6,86.67,91.9,86.66,1762.7,86.65,227.9,86.64,134.8,86.73,49.3,86.74,2323.7,86.75,583.2,86.76,1326.6,86.77,1685.4
1700000740.0,1480,86.72,0.060000000000002274,86.69,270.7,86.75,635.5,3431.1,3342.0,86.75,24.9,BUY,3,86.69,270.7,86.68,643.8,86.67,223.2,86.66,1001.0,86.65,1292.4,86.75,635.5,86.76,1352.6,86.77,464.3,86.78,755.4,86.79,134.2
1700000740.5,1481,86.71000000000001,0.05999999999998806,86.68,118.9,86.74,390.4,3235.2,2946.9,86.68,34.8,SELL,1,86.68,118.9,86.67,410.0,86.66,1273.3,86.65,1075.5,86.64,357.5,86.74,390.4,86.75,106.6,86.76,1405.6,86.77,683.0,86.78,361.3
1700000741.0,1482,86.7,0.060000000000002274,86.67,1258.5,86.73,1129.5,2569.1,7269.7,86.7,0.0,BUY,0,86.67,1258.5,86.66,699.5,86.65,327.7,86.64,142.8,86.63,140.6,86.73,1129.5,86.74,953.0,86.75,873.3,86.76,3603.5,86.77,710.4
1700000741.5,1483,86.7,0.060000000000002274,86.67,1151.8,86.73,17.8,2782.6,2819.6,86.73,5.0,BUY,2,86.67,1151.8,86.66,464.9,86.65,267.0,86.64,35.2,86.63,863.7,86.73,17.8,86.74,661.5,86.75,244.4,86.76,639.1,86.77,1256.8
1700000742.0,1484,86.7,0.060000000000002274,86.67,1659.2,86.73,169.0,4559.700000000001,5530.9,86.73,5.2,BUY,4,86.67,1659.2,86.66,1357.3,86.65,523.5,86.64,779.1,86.63,240.6,86.73,169.0,86.74,905.0,86.75,995.6,86.76,863.0,86.77,2598.3
1700000742.5,1485,86.7,0.060000000000002274,86.67,2276.4,86.73,751.6,3060.2000000000003,2842.9,86.67,5.0,SELL,1,86.67,2276.4,86.66,317.0,86.65,157.4,86.64,255.3,86.63,54.1,86.73,751.6,86.74,843.1,86.75,555.1,86.76,588.2,86.77,104.9
1700000743.0,1486,86.69,0.060000000000002274,86.66,126.5,86.72,464.3,3702.4,3088.1,86.72,71.0,BUY,1,86.66,126.5,86.65,988.2,86.64,375.1,86.63,1300.2,86.62,912.4,86.72,464.3,86.73,822.7,86.74,56.7,86.75,612.9,86.76,1131.5
1700000743.5,1487,86.69,0.060000000000002274,86.66,1427.2,86.72,203.4,7571.3,4215.8,86.66,26.9,SELL,1,86.66,1427.2,86.65,816.8,86.64,1025.4,86.63,948.2,86.62,3353.7,86.72,203.4,86.73,211.0,86.74,966.0,86.75,2460.4,86.76,375.0
1700000744.0,1488,86.69,0.060000000000002274,86.66,579.7,86.72,752.5,3391.0,7503.6,86.72,5.0,BUY,2,86.66,579.7,86.65,585.2,86.64,158.9,86.63,744.1,86.62,1323.1,86.72,752.5,86.73,188.0,86.74,1853.7,86.75,353.9,86.76,4355.5
1700000744.5,1489,86.67,0.060000000000002274,86.64,144.5,86.7,1049.0,3087.9,5457.599999999999,86.67,0.0,BUY,0,86.64,144.5,86.63,1400.9,86.62,359.4,86.61,83.6,86.6,1099.5,86.7,1049.0,86.71,97.2,86.72,2893.6,86.73,1143.1,86.74,274.7
1700000745.0,1490,86.68,0.04000000000000625,86.66,137.1,86.7,1333.0,3980.0,4491.099999999999,86.66,34.2,SELL,1,86.66,137.1,86.65,385.4,86.64,934.2,86.63,614.4,86.62,1908.9,86.7,1333.0,86.71,1260.2,86.72,89.6,86.73,1161.1,86.74,647.2
1700000745.5,1491,86.68,0.04000000000000625,86.66,69.1,86.7,531.0,2964.3,5729.700000000001,86.66,5.0,SELL,1,86.66,69.1,86.65,473.5,86.64,173.3,86.63,716.4,86.62,1532.0,86.7,531.0,86.71,1503.7,86.72,898.8,86.73,1168.1,86.74,1628.1
1700000746.0,1492,86.68,0.05999999999998806,86.65,18.4,86.71,1214.3,3156.0,9729.5,86.65,11.3,SELL,5,86.65,18.4,86.64,425.2,86.63,565.4,86.62,495.0,86.61,1652.0,86.71,1214.3,86.72,1115.6,86.73,565.1,86.74,6678.6,86.75,155.9
1700000746.5,1493,86.685,0.04999999999999716,86.66,616.8,86.71,768.7,4908.4,3748.7999999999997,86.71,5.0,BUY,3,86.66,616.8,86.65,2558.6,86.64,67.2,86.63,444.8,86.62,1221.0,86.71,768.7,86.72,905.4,86.73,608.3,86.74,981.8,86.75,484.6
1700000747.0,1494,86.68,0.04000000000000625,86.66,568.6,86.7,50.2,3609.7,4097.3,86.68,0.0,BUY,0,86.66,568.6,86.65,711.4,86.64,173.3,86.63,1990.8,86.62,165.6,86.7,50.2,86.71,769.6,86.72,682.0,86.73,2166.4,86.74,429.1
1700000747.5,1495,86.685,0.04999999999999716,86.66,314.3,86.71,977.5,840.3000000000001,3669.7,86.66,9.2,SELL,3,86.66,314.3,86.65,63.8,86.64,357.5,86.63,64.6,86.62,40.1,86.71,977.5,86.72,321.7,86.73,271.0,86.74,267.4,86.75,1832.1
1700000748.0,1496,86.685,0.04999999999999716,86.66,261.2,86.71,130.3,1221.5,6227.6,86.71,22.9,BUY,3,86.66,261.2,86.65,349.4,86.64,190.4,86.63,35.9,86.62,384.6,86.71,130.3,86.72,2016.4,86.73,201.4,86.74,2200.8,86.75,1678.7
1700000748.5,1497,86.67,0.060000000000002274,86.64,203.2,86.7,309.2,3136.9,3308.0000000000005,86.64,28.4,SELL,1,86.64,203.2,86.63,883.6,86.62,1419.0,86.61,617.0,86.6,14.1,86.7,309.2,86.71,1698.7,86.72,315.8,86.73,742.0,86.74,242.3
1700000749.0,1498,86.66,0.060000000000002274,86.63,1270.8,86.69,973.1,3933.0999999999995,4099.400000000001,86.69,10.9,BUY,1,86.63,1270.8,86.62,193.7,86.61,683.6,86.6,789.8,86.59,995.2,86.69,973.1,86.7,763.8,86.71,471.4,86.72,911.4,86.73,979.7
1700000749.5,1499,86.66,0.060000000000002274,86.63,435.0,86.69,781.5,5990.4,2863.0,86.69,35.6,BUY,2,86.63,435.0,86.62,607.5,86.61,469.6,86.6,736.9,86.59,3741.4,86.69,781.5,86.7,361.9,86.71,284.4,86.72,11.8,86.73,1423.4
