timestamp,sequence_id,mid_price,spread,best_bid,best_bid_size,best_ask,best_ask_size,total_bid_depth,total_ask_depth,last_trade_price,last_trade_size,last_trade_side,num_recent_trades,bid_price_0,bid_size_0,bid_price_1,bid_size_1,bid_price_2,bid_size_2,bid_price_3,bid_size_3,bid_price_4,bid_size_4,ask_price_0,ask_size_0,ask_price_1,ask_size_1,ask_price_2,ask_size_2,ask_price_3,ask_size_3,ask_price_4,ask_size_4
1700000000.0,0,100.0,0.060000000000002274,99.97,482.2,100.03,380.7,4166.0,4466.7,99.97,42.6,SELL,3,99.97,482.2,99.96,384.6,99.95,1064.2,99.94,762.6,99.93,1472.4,100.03,380.7,100.04,15.3,100.05,3572.1,100.06,460.9,100.07,37.7
1700000000.5,1,100.0,0.060000000000002274,99.97,1603.8,100.03,1025.8,8089.200000000001,5605.900000000001,99.97,20.8,SELL,2,99.97,1603.8,99.96,347.7,99.95,2165.6,99.94,482.2,99.93,3489.9,100.03,1025.8,100.04,373.7,100.05,3022.0,100.06,604.8,100.07,579.6
1700000001.0,2,100.01,0.060000000000002274,99.98,1669.7,100.04,45.7,3289.3999999999996,3819.0,99.98,9.4,SELL,4,99.98,1669.7,99.97,112.7,99.96,1329.8,99.95,154.1,99.94,23.1,100.04,45.7,100.05,736.0,100.06,125.3,100.07,2217.9,100.08,694.1
1700000001.5,3,100.00999999999999,0.04000000000000625,99.99,590.9,100.03,343.5,7727.499999999999,5217.3,99.99,31.5,SELL,1,99.99,590.9,99.98,1695.6,99.97,3176.9,99.96,1246.2,99.95,1017.9,100.03,343.5,100.04,2164.0,100.05,1418.5,100.06,1082.2,100.07,209.1
1700000002.0,4,100.0,0.060000000000002274,99.97,1152.0,100.03,1362.9,5745.8,5216.3,100.03,38.0,BUY,1,99.97,1152.0,99.96,1084.6,99.95,729.0,99.94,1340.7,99.93,1439.5,100.03,1362.9,100.04,1356.1,100.05,409.3,100.06,156.0,100.07,1932.0
1700000002.5,5,100.0,0.060000000000002274,99.97,804.8,100.03,125.5,3663.3999999999996,2647.9,99.97,69.4,SELL,2,99.97,804.8,99.96,939.4,99.95,256.3,99.94,411.7,99.93,1251.2,100.03,125.5,100.04,42.5,100.05,1816.8,100.06,164.7,100.07,498.4
1700000003.0,6,99.99,0.060000000000002274,99.96,52.2,100.02,128.5,1364.8,3748.8000000000006,99.96,9.2,SELL,2,99.96,52.2,99.95,429.6,99.94,453.9,99.93,147.1,99.92,282.0,100.02,128.5,100.03,787.2,100.04,1204.9,100.05,1269.8,100.06,358.4
1700000003.5,7,100.0,0.03999999999999204,99.98,204.5,100.02,234.1,1217.4,1954.9,100.02,40.1,BUY,4,99.98,204.5,99.97,324.6,99.96,239.1,99.95,46.8,99.94,402.4,100.02,234.1,100.03,95.3,100.04,258.7,100.05,1129.9,100.06,236.9
1700000004.0,8,99.99,0.060000000000002274,99.96,376.8,100.02,333.1,5374.0,3436.9,100.02,17.5,BUY,1,99.96,376.8,99.95,1027.5,99.94,1108.0,99.93,1432.4,99.92,1429.3,100.02,333.1,100.03,17.8,100.04,909.8,100.05,296.7,100.06,1879.5
1700000004.5,9,100.0,0.060000000000002274,99.97,419.6,100.03,140.8,2083.7,3318.4,99.97,71.4,SELL,3,99.97,419.6,99.96,71.8,99.95,524.6,99.94,74.8,99.93,992.9,100.03,140.8,100.04,46.5,100.05,595.4,100.06,166.2,100.07,2369.5
1700000005.0,10,100.0,0.060000000000002274,99.97,229.3,100.03,2274.1,3672.5,6979.8,100.03,76.9,BUY,2,99.97,229.3,99.96,308.2,99.95,522.4,99.94,103.8,99.93,2508.8,100.03,2274.1,100.04,164.3,100.05,443.6,100.06,2135.0,100.07,1962.8
1700000005.5,11,99.99,0.060000000000002274,99.96,10.0,100.02,262.3,6087.6,1828.1999999999998,99.99,0.0,BUY,0,99.96,10.0,99.95,1014.4,99.94,1752.3,99.93,896.8,99.92,2414.1,100.02,262.3,100.03,172.1,100.04,504.1,100.05,859.6,100.06,30.1
1700000006.0,12,99.99,0.060000000000002274,99.96,881.7,100.02,2467.9,2643.2,7608.2,99.99,0.0,BUY,0,99.96,881.7,99.95,85.1,99.94,82.1,99.93,200.0,99.92,1394.3,100.02,2467.9,100.03,1656.7,100.04,958.9,100.05,670.2,100.06,1854.5
1700000006.5,13,100.0,0.060000000000002274,99.97,562.6,100.03,115.6,2671.6,4344.6,100.03,58.7,BUY,1,99.97,562.6,99.96,312.4,99.95,1041.0,99.94,102.0,99.93,653.6,100.03,115.6,100.04,10.0,100.05,406.0,100.06,1216.9,100.07,2596.1
1700000007.0,14,100.0,0.060000000000002274,99.97,608.8,100.03,97.6,3698.2,1520.3000000000002,100.03,27.0,BUY,2,99.97,608.8,99.96,853.1,99.95,1163.5,99.94,1062.8,99.93,10.0,100.03,97.6,100.04,11.4,100.05,394.0,100.06,424.1,100.07,593.2
1700000007.5,15,98.93,0.04000000000000625,98.91,120.4,98.95,69.8,7919.400000000001,2393.3,98.91,31.3,SELL,2,98.91,120.4,98.9,3596.9,98.89,1929.5,98.88,824.8,98.87,1447.8,98.95,69.8,98.96,584.7,98.97,894.4,98.98,568.7,98.99,275.7
1700000008.0,16,98.93,0.05999999999998806,98.9,648.4,98.96,896.4,2760.2,4815.8,98.9,62.1,SELL,2,98.9,648.4,98.89,639.2,98.88,66.4,98.87,41.9,98.86,1364.3,98.96,896.4,98.97,138.0,98.98,600.6,98.99,342.7,99.0,2838.1
1700000008.5,17,98.935,0.04999999999999716,98.91,204.2,98.96,300.6,6725.0,1692.7,98.935,0.0,BUY,0,98.91,204.2,98.9,1109.1,98.89,1084.3,98.88,10.0,98.87,4317.4,98.96,300.6,98.97,760.3,98.98,258.2,98.99,334.5,99.0,39.1
1700000009.0,18,98.93,0.04000000000000625,98.91,343.8,98.95,1109.6,5245.8,6243.9,98.91,29.6,SELL,2,98.91,343.8,98.9,190.1,98.89,595.0,98.88,3323.2,98.87,793.7,98.95,1109.6,98.96,517.8,98.97,2162.7,98.98,740.4,98.99,1713.4
1700000009.5,19,98.93,0.05999999999998806,98.9,1017.3,98.96,477.4,7825.0,3884.7999999999997,98.96,28.4,BUY,1,98.9,1017.3,98.89,954.8,98.88,247.6,98.87,1237.0,98.86,4368.3,98.96,477.4,98.97,107.1,98.98,198.8,98.99,92.8,99.0,3008.7
1700000010.0,20,98.94,0.060000000000002274,98.91,665.2,98.97,46.0,3947.9000000000005,4358.6,98.97,13.4,BUY,4,98.91,665.2,98.9,258.7,98.89,1309.2,98.88,935.5,98.87,779.3,98.97,46.0,98.98,41.9,98.99,507.9,99.0,216.7,99.01,3546.1
1700000010.5,21,98.94,0.060000000000002274,98.91,259.8,98.97,450.2,2004.6,3121.4,98.91,33.2,SELL,4,98.91,259.8,98.9,207.4,98.89,436.8,98.88,241.7,98.87,858.9,98.97,450.2,98.98,650.0,98.99,318.3,99.0,1622.4,99.01,80.5
1700000011.0,22,98.94,0.060000000000002274,98.91,126.0,98.97,375.6,5253.7,6311.8,98.94,0.0,BUY,0,98.91,126.0,98.9,63.7,98.89,721.1,98.88,835.3,98.87,3507.6,98.97,375.6,98.98,1697.2,98.99,701.9,99.0,1200.8,99.01,2336.3
1700000011.5,23,98.94,0.060000000000002274,98.91,597.0,98.97,94.9,5438.2,1034.9,98.91,8.5,SELL,1,98.91,597.0,98.9,1793.8,98.89,1087.3,98.88,1701.2,98.87,258.9,98.97,94.9,98.98,17.0,98.99,203.8,99.0,172.0,99.01,547.2
1700000012.0,24,98.935,0.04999999999999716,98.91,51.0,98.96,218.5,2085.2999999999997,2874.8999999999996,98.91,8.2,SELL,2,98.91,51.0,98.9,670.1,98.89,350.2,98.88,736.9,98.87,277.1,98.96,218.5,98.97,1558.1,98.98,50.0,98.99,465.1,99.0,583.2
1700000012.5,25,98.935,0.04999999999999716,98.91,171.0,98.96,361.8,1868.8000000000002,3825.5000000000005,98.91,36.7,SELL,1,98.91,171.0,98.9,362.3,98.89,763.0,98.88,29.9,98.87,542.6,98.96,361.8,98.97,195.4,98.98,983.0,98.99,1124.4,99.0,1160.9
1700000013.0,26,98.92,0.03999999999999204,98.9,152.0,98.94,140.5,2672.0,3214.9,98.94,5.0,BUY,5,98.9,152.0,98.89,369.7,98.88,471.1,98.87,1371.2,98.86,308.0,98.94,140.5,98.95,573.5,98.96,97.4,98.97,1097.9,98.98,1305.6
1700000013.5,27,98.92,0.060000000000002274,98.89,579.6,98.95,473.5,3817.0,1348.7,98.95,35.1,BUY,1,98.89,579.6,98.88,455.1,98.87,962.9,98.86,1674.4,98.85,145.0,98.95,473.5,98.96,172.1,98.97,135.7,98.98,26.7,98.99,540.7
1700000014.0,28,98.92,0.060000000000002274,98.89,2278.1,98.95,1860.8,5978.2,4291.6,98.92,0.0,BUY,0,98.89,2278.1,98.88,1144.0,98.87,914.8,98.86,740.6,98.85,900.7,98.95,1860.8,98.96,271.9,98.97,1843.9,98.98,292.4,98.99,22.6
1700000014.5,29,98.91,0.060000000000002274,98.88,48.3,98.94,86.2,1897.9,6369.2,98.88,41.1,SELL,2,98.88,48.3,98.87,517.1,98.86,156.1,98.85,797.7,98.84,378.7,98.94,86.2,98.95,1012.3,98.96,1381.6,98.97,1658.3,98.98,2230.8
1700000015.0,30,92.51,0.060000000000002274,92.48,66.0,92.54,185.2,4850.2,7442.3,92.54,22.8,BUY,3,92.48,66.0,92.47,259.5,92.46,913.9,92.45,720.1,92.44,2890.7,92.54,185.2,92.55,1085.3,92.56,746.0,92.57,4686.0,92.58,739.8
1700000015.5,31,92.50999999999999,0.04000000000000625,92.49,324.0,92.53,888.3,1723.2000000000003,4980.499999999999,92.53,5.0,BUY,1,92.49,324.0,92.48,954.4,92.47,354.9,92.46,29.9,92.45,60.0,92.53,888.3,92.54,742.5,92.55,151.6,92.56,2977.2,92.57,220.9
1700000016.0,32,92.51,0.060000000000002274,92.48,270.3,92.54,352.2,1975.3000000000002,4367.3,92.48,25.9,SELL,1,92.48,270.3,92.47,981.4,92.46,190.1,92.45,227.4,92.44,306.1,92.54,352.2,92.55,363.7,92.56,827.2,92.57,1561.5,92.58,1262.7
1700000016.5,33,92.51,0.060000000000002274,92.48,829.1,92.54,45.6,2628.0,1843.9,92.54,5.0,BUY,2,92.48,829.1,92.47,219.5,92.46,371.1,92.45,325.7,92.44,882.6,92.54,45.6,92.55,176.9,92.56,676.5,92.57,10.0,92.58,934.9
1700000017.0,34,92.51,0.060000000000002274,92.48,355.4,92.54,155.0,4323.3,7338.3,92.48,33.3,SELL,1,92.48,355.4,92.47,309.2,92.46,1376.1,92.45,1499.5,92.44,783.1,92.54,155.0,92.55,1584.5,92.56,1694.3,92.57,1495.3,92.58,2409.2
1700000017.5,35,92.51,0.060000000000002274,92.48,191.5,92.54,299.5,7552.599999999999,3350.5,92.48,9.3,SELL,2,92.48,191.5,92.47,471.5,92.46,1982.2,92.45,60.0,92.44,4847.4,92.54,299.5,92.55,740.0,92.56,1672.5,92.57,619.0,92.58,19.5
1700000018.0,36,92.5,0.060000000000002274,92.47,1144.2,92.53,609.1,6770.900000000001,5954.4,92.47,9.0,SELL,1,92.47,1144.2,92.46,578.1,92.45,2098.2,92.44,1526.6,92.43,1423.8,92.53,609.1,92.54,564.1,92.55,452.6,92.56,1900.2,92.57,2428.4
1700000018.5,37,92.5,0.060000000000002274,92.47,279.6,92.53,342.0,1955.8000000000002,9210.8,92.53,101.2,BUY,2,92.47,279.6,92.46,40.0,92.45,10.0,92.44,42.0,92.43,1584.2,92.53,342.0,92.54,234.7,92.55,963.2,92.56,1232.4,92.57,6438.5
1700000019.0,38,92.51,0.060000000000002274,92.48,720.1,92.54,10.0,4102.8,4234.5,92.48,36.5,SELL,2,92.48,720.1,92.47,102.2,92.46,85.0,92.45,310.9,92.44,2884.6,92.54,10.0,92.55,1100.4,92.56,738.9,92.57,875.8,92.58,1509.4
1700000019.5,39,92.50999999999999,0.04000000000000625,92.49,501.7,92.53,237.0,8392.6,4126.7,92.49,5.0,SELL,2,92.49,501.7,92.48,770.3,92.47,781.1,92.46,5140.0,92.45,1199.5,92.53,237.0,92.54,2389.1,92.55,882.6,92.56,131.1,92.57,486.9
1700000020.0,40,92.51,0.060000000000002274,92.48,165.1,92.54,351.3,2759.2,4407.3,92.51,0.0,BUY,0,92.48,165.1,92.47,383.3,92.46,668.1,92.45,585.2,92.44,957.5,92.54,351.3,92.55,968.3,92.56,641.6,92.57,2397.3,92.58,48.8
1700000020.5,41,92.51,0.060000000000002274,92.48,473.3,92.54,66.3,3676.4000000000005,4002.2,92.54,66.4,BUY,2,92.48,473.3,92.47,590.4,92.46,515.6,92.45,1879.8,92.44,217.3,92.54,66.3,92.55,1816.7,92.56,36.5,92.57,938.5,92.58,1144.2
1700000021.0,42,92.52,0.060000000000002274,92.49,192.1,92.55,3052.5,3283.7,7251.9,92.52,0.0,BUY,0,92.49,192.1,92.48,276.1,92.47,529.3,92.46,1507.0,92.45,779.2,92.55,3052.5,92.56,165.5,92.57,1496.4,92.58,642.5,92.59,1895.0
1700000021.5,43,92.52,0.060000000000002274,92.49,10.0,92.55,78.8,7376.0,5612.6,92.55,35.0,BUY,1,92.49,10.0,92.48,3203.8,92.47,2500.7,92.46,757.7,92.45,903.8,92.55,78.8,92.56,296.3,92.57,1737.1,92.58,805.0,92.59,2695.4
1700000022.0,44,92.52,0.060000000000002274,92.49,10.0,92.55,109.1,3609.2,895.6,92.49,5.0,SELL,1,92.49,10.0,92.48,91.7,92.47,175.0,92.46,603.4,92.45,2729.1,92.55,109.1,92.56,121.7,92.57,341.8,92.58,266.1,92.59,56.9
1700000022.5,45,92.52,0.060000000000002274,92.49,953.5,92.55,395.2,4928.9,4615.400000000001,92.49,5.0,SELL,2,92.49,953.5,92.48,284.7,92.47,267.8,92.46,872.4,92.45,2550.5,92.55,395.2,92.56,740.5,92.57,2801.6,92.58,146.3,92.59,531.8
1700000023.0,46,92.52,0.060000000000002274,92.49,115.7,92.55,279.6,1376.5,3864.8999999999996,92.52,0.0,BUY,0,92.49,115.7,92.48,376.2,92.47,55.6,92.46,37.7,92.45,791.3,92.55,279.6,92.56,1182.9,92.57,1493.1,92.58,162.2,92.59,747.1
1700000023.5,47,92.52,0.060000000000002274,92.49,91.9,92.55,194.2,2801.6000000000004,1517.9,92.55,55.0,BUY,2,92.49,91.9,92.48,466.9,92.47,586.6,92.46,1477.4,92.45,178.8,92.55,194.2,92.56,179.5,92.57,639.3,92.58,198.2,92.59,306.7
1700000024.0,48,92.52,0.060000000000002274,92.49,760.0,92.55,930.7,3053.2999999999997,4712.3,92.55,11.4,BUY,2,92.49,760.0,92.48,48.4,92.47,128.5,92.46,544.3,92.45,1572.1,92.55,930.7,92.56,398.2,92.57,1971.8,92.58,391.3,92.59,1020.3
1700000024.5,49,92.52,0.060000000000002274,92.49,192.3,92.55,302.6,4260.5,4598.7,92.55,57.2,BUY,1,92.49,192.3,92.48,1837.6,92.47,906.6,92.46,386.0,92.45,938.0,92.55,302.6,92.56,1075.2,92.57,2259.1,92.58,20.0,92.59,941.8
1700000025.0,50,92.52,0.060000000000002274,92.49,1198.6,92.55,120.3,3764.2,1666.9,92.55,6.7,BUY,4,92.49,1198.6,92.48,367.9,92.47,42.0,92.46,1083.4,92.45,1072.3,92.55,120.3,92.56,412.0,92.57,304.1,92.58,263.6,92.59,566.9
1700000025.5,51,92.52,0.060000000000002274,92.49,234.2,92.55,1132.9,3099.0000000000005,5469.4,92.55,57.7,BUY,2,92.49,234.2,92.48,707.5,92.47,1143.4,92.46,728.9,92.45,285.0,92.55,1132.9,92.56,407.0,92.57,1296.3,92.58,1403.8,92.59,1229.4
1700000026.0,52,92.52,0.060000000000002274,92.49,861.0,92.55,37.2,4661.6,6852.4,92.55,21.7,BUY,3,92.49,861.0,92.48,323.4,92.47,988.3,92.46,705.9,92.45,1783.0,92.55,37.2,92.56,1237.4,92.57,2425.1,92.58,804.6,92.59,2348.1
1700000026.5,53,92.52,0.060000000000002274,92.49,147.2,92.55,263.0,3350.6,2248.7,92.55,11.1,BUY,1,92.49,147.2,92.48,151.3,92.47,1885.5,92.46,955.5,92.45,211.1,92.55,263.0,92.56,490.5,92.57,451.0,92.58,672.8,92.59,371.4
1700000027.0,54,92.52,0.060000000000002274,92.49,294.0,92.55,646.1,5071.299999999999,5991.7,92.55,5.0,BUY,3,92.49,294.0,92.48,1765.0,92.47,313.7,92.46,1805.2,92.45,893.4,92.55,646.1,92.56,762.0,92.57,1565.7,92.58,1970.1,92.59,1047.8
1700000027.5,55,92.52,0.060000000000002274,92.49,478.0,92.55,72.3,4333.8,2053.0,92.55,6.7,BUY,1,92.49,478.0,92.48,205.6,92.47,114.6,92.46,282.2,92.45,3253.4,92.55,72.3,92.56,130.9,92.57,821.7,92.58,251.7,92.59,776.4
1700000028.0,56,92.52,0.060000000000002274,92.49,344.9,92.55,440.9,3308.3,2926.6000000000004,92.49,73.2,SELL,3,92.49,344.9,92.48,1322.5,92.47,276.6,92.46,407.6,92.45,956.7,92.55,440.9,92.56,813.9,92.57,435.6,92.58,636.2,92.59,600.0
1700000028.5,57,92.52,0.060000000000002274,92.49,181.0,92.55,137.3,1685.6000000000001,8655.5,92.52,0.0,BUY,0,92.49,181.0,92.48,174.0,92.47,716.2,92.46,471.0,92.45,143.4,92.55,137.3,92.56,291.9,92.57,2829.8,92.58,5334.2,92.59,62.3
1700000029.0,58,92.52,0.060000000000002274,92.49,77.8,92.55,35.6,3185.6,1100.3000000000002,92.55,66.4,BUY,2,92.49,77.8,92.48,666.8,92.47,477.9,92.46,1490.4,92.45,472.7,92.55,35.6,92.56,401.1,92.57,250.7,92.58,110.3,92.59,302.6
1700000029.5,59,92.52,0.060000000000002274,92.49,634.5,92.55,2248.5,3573.5,7501.1,92.49,5.2,SELL,1,92.49,634.5,92.48,179.5,92.47,1387.0,92.46,777.8,92.45,594.7,92.55,2248.5,92.56,2057.0,92.57,1670.8,92.58,31.9,92.59,1492.9
1700000030.0,60,92.53,0.060000000000002274,92.5,400.9,92.56,60.4,3616.7,3848.3,92.5,11.5,SELL,2,92.5,400.9,92.49,965.8,92.48,568.3,92.47,156.0,92.46,1525.7,92.56,60.4,92.57,305.3,92.58,438.7,92.59,3017.5,92.6,26.4
1700000030.5,61,92.54499999999999,0.04999999999999716,92.52,190.9,92.57,55.1,3229.1,2365.2000000000003,92.52,5.0,SELL,1,92.52,190.9,92.51,121.0,92.5,1231.7,92.49,947.4,92.48,738.1,92.57,55.1,92.58,10.0,92.59,818.8,92.6,1293.5,92.61,187.8
1700000031.0,62,92.53999999999999,0.04000000000000625,92.52,234.6,92.56,747.6,3068.0,2587.1,92.53999999999999,0.0,BUY,0,92.52,234.6,92.51,469.8,92.5,288.2,92.49,1494.0,92.48,581.4,92.56,747.6,92.57,283.6,92.58,128.0,92.59,955.3,92.6,472.6
1700000031.5,63,92.54499999999999,0.04999999999999716,92.52,906.2,92.57,692.2,5448.0,4998.4,92.52,58.4,SELL,1,92.52,906.2,92.51,1214.5,92.5,2018.8,92.49,800.0,92.48,508.5,92.57,692.2,92.58,462.8,92.59,253.8,92.6,1672.1,92.61,1917.5
1700000032.0,64,92.55,0.060000000000002274,92.52,185.9,92.58,12.9,3567.7,2793.9,92.58,49.2,BUY,2,92.52,185.9,92.51,46.8,92.5,1070.0,92.49,1648.2,92.48,616.8,92.58,12.9,92.59,290.5,92.6,1489.5,92.61,670.9,92.62,330.1
1700000032.5,65,92.53999999999999,0.05999999999998806,92.51,774.7,92.57,153.3,3580.6,4449.2,92.57,54.9,BUY,4,92.51,774.7,92.5,852.0,92.49,10.0,92.48,1920.3,92.47,23.6,92.57,153.3,92.58,150.5,92.59,319.2,92.6,1232.8,92.61,2593.4
1700000033.0,66,92.54499999999999,0.04999999999999716,92.52,474.8,92.57,561.1,7531.299999999999,6917.0,92.52,21.4,SELL,2,92.52,474.8,92.51,1225.1,92.5,1030.5,92.49,1384.8,92.48,3416.1,92.57,561.1,92.58,1616.8,92.59,436.5,92.6,3793.6,92.61,509.0
1700000033.5,67,92.55,0.060000000000002274,92.52,5472.7,92.58,169.9,6757.3,4525.700000000001,92.58,14.9,BUY,2,92.52,5472.7,92.51,1051.5,92.5,182.5,92.49,15.0,92.48,35.6,92.58,169.9,92.59,2117.3,92.6,334.8,92.61,183.0,92.62,1720.7
1700000034.0,68,92.53999999999999,0.04000000000000625,92.52,56.4,92.56,420.5,3406.1,2014.9,92.52,62.6,SELL,2,92.52,56.4,92.51,1251.2,92.5,594.4,92.49,252.2,92.48,1251.9,92.56,420.5,92.57,104.8,92.58,214.9,92.59,159.5,92.6,1115.2
1700000034.5,69,92.53,0.060000000000002274,92.5,824.8,92.56,165.5,4078.0,3338.3,92.56,10.7,BUY,2,92.5,824.8,92.49,1228.3,92.48,1328.3,92.47,612.8,92.46,83.8,92.56,165.5,92.57,526.0,92.58,1470.3,92.59,690.6,92.6,485.9
1700000035.0,70,92.54499999999999,0.04999999999999716,92.52,303.3,92.57,155.5,3590.2,5473.799999999999,92.57,49.4,BUY,1,92.52,303.3,92.51,41.7,92.5,1243.7,92.49,576.5,92.48,1425.0,92.57,155.5,92.58,1391.0,92.59,356.1,92.6,3515.2,92.61,56.0
1700000035.5,71,92.54499999999999,0.04999999999999716,92.52,763.0,92.57,329.8,7985.2,1178.2,92.52,11.8,SELL,4,92.52,763.0,92.51,1332.2,92.5,854.1,92.49,3625.7,92.48,1410.2,92.57,329.8,92.58,71.7,92.59,151.8,92.6,514.1,92.61,110.8
1700000036.0,72,92.54499999999999,0.04999999999999716,92.52,732.8,92.57,419.9,5788.8,2741.8999999999996,92.57,34.8,BUY,1,92.52,732.8,92.51,292.0,92.5,2346.0,92.49,179.1,92.48,2238.9,92.57,419.9,92.58,888.6,92.59,726.6,92.6,309.2,92.61,397.6
1700000036.5,73,92.54499999999999,0.04999999999999716,92.52,10.0,92.57,635.1,6207.9,2194.0,92.54499999999999,0.0,BUY,0,92.52,10.0,92.51,659.4,92.5,1759.1,92.49,2202.3,92.48,1577.1,92.57,635.1,92.58,268.7,92.59,47.7,92.6,319.9,92.61,922.6
1700000037.0,74,92.53999999999999,0.04000000000000625,92.52,1291.9,92.56,107.7,9751.199999999999,4053.5,92.52,10.8,SELL,2,92.52,1291.9,92.51,1783.6,92.5,4551.8,92.49,1140.0,92.48,983.9,92.56,107.7,92.57,149.7,92.58,2705.5,92.59,72.2,92.6,1018.4
1700000037.5,75,92.54499999999999,0.04999999999999716,92.52,266.6,92.57,339.4,2933.2,944.3000000000001,92.52,5.0,SELL,2,92.52,266.6,92.51,542.8,92.5,555.9,92.49,470.4,92.48,1097.5,92.57,339.4,92.58,179.6,92.59,97.6,92.6,227.5,92.61,100.2
1700000038.0,76,92.54499999999999,0.04999999999999716,92.52,43.6,92.57,1094.9,5718.6,3404.2999999999997,92.52,6.0,SELL,1,92.52,43.6,92.51,809.9,92.5,79.7,92.49,1217.8,92.48,3567.6,92.57,1094.9,92.58,896.0,92.59,259.1,92.6,654.2,92.61,500.1
1700000038.5,77,92.54499999999999,0.04999999999999716,92.52,51.0,92.57,401.9,3954.8,4331.3,92.52,53.2,SELL,1,92.52,51.0,92.51,717.3,92.5,2271.0,92.49,45.4,92.48,870.1,92.57,401.9,92.58,330.2,92.59,1210.1,92.6,1689.8,92.61,699.3
1700000039.0,78,92.54499999999999,0.04999999999999716,92.52,2630.8,92.57,200.0,4626.3,3603.0,92.52,38.1,SELL,2,92.52,2630.8,92.51,702.7,92.5,324.8,92.49,462.2,92.48,505.8,92.57,200.0,92.58,1757.2,92.59,799.8,92.6,10.0,92.61,836.0
1700000039.5,79,92.53,0.060000000000002274,92.5,1098.4,92.56,145.7,7138.0,6885.1,92.5,52.5,SELL,2,92.5,1098.4,92.49,479.2,92.48,151.4,92.47,4893.4,92.46,515.6,92.56,145.7,92.57,722.5,92.58,3634.6,92.59,955.7,92.6,1426.6
1700000040.0,80,92.54499999999999,0.04999999999999716,92.52,692.4,92.57,173.3,4573.799999999999,3362.0,92.57,10.4,BUY,2,92.52,692.4,92.51,1494.3,92.5,527.2,92.49,677.2,92.48,1182.7,92.57,173.3,92.58,309.8,92.59,344.7,92.6,291.7,92.61,2242.5
1700000040.5,81,92.53,0.060000000000002274,92.5,302.8,92.56,1020.5,3878.6,3469.2,92.5,79.2,SELL,3,92.5,302.8,92.49,61.9,92.48,513.4,92.47,2054.4,92.46,946.1,92.56,1020.5,92.57,223.5,92.58,413.0,92.59,436.4,92.6,1375.8
1700000041.0,82,92.53,0.060000000000002274,92.5,162.6,92.56,431.8,1883.2,5357.099999999999,92.53,0.0,BUY,0,92.5,162.6,92.49,770.7,92.48,812.7,92.47,10.0,92.46,127.2,92.56,431.8,92.57,2767.2,92.58,485.0,92.59,1191.2,92.6,481.9
1700000041.5,83,92.53,0.03999999999999204,92.51,532.2,92.55,294.3,3692.3,9176.599999999999,92.55,6.5,BUY,1,92.51,532.2,92.5,325.1,92.49,192.2,92.48,1727.8,92.47,915.0,92.55,294.3,92.56,215.8,92.57,677.1,92.58,3551.5,92.59,4437.9
1700000042.0,84,92.53,0.03999999999999204,92.51,15.7,92.55,1627.6,3503.3,6551.9,92.51,23.4,SELL,2,92.51,15.7,92.5,192.9,92.49,644.0,92.48,1890.2,92.47,760.5,92.55,1627.6,92.56,247.3,92.57,271.1,92.58,122.6,92.59,4283.3
1700000042.5,85,92.53,0.060000000000002274,92.5,1758.2,92.56,1441.7,6269.6,5216.9,92.5,51.3,SELL,1,92.5,1758.2,92.49,140.9,92.48,2917.6,92.47,151.6,92.46,1301.3,92.56,1441.7,92.57,299.1,92.58,332.5,92.59,1034.0,92.6,2109.6
1700000043.0,86,92.54499999999999,0.04999999999999716,92.52,324.6,92.57,316.3,5751.1,4755.199999999999,92.52,19.5,SELL,2,92.52,324.6,92.51,140.0,92.5,254.0,92.49,4159.5,92.48,873.0,92.57,316.3,92.58,852.4,92.59,347.4,92.6,2858.2,92.61,380.9
1700000043.5,87,92.53,0.060000000000002274,92.5,730.5,92.56,196.1,3311.5,2833.4,92.56,19.9,BUY,1,92.5,730.5,92.49,162.4,92.48,1272.8,92.47,1112.5,92.46,33.3,92.56,196.1,92.57,120.0,92.58,73.6,92.59,2215.6,92.6,228.1
1700000044.0,88,92.52,0.060000000000002274,92.49,271.2,92.55,110.5,2397.2,3327.4999999999995,92.52,0.0,BUY,0,92.49,271.2,92.48,657.6,92.47,213.7,92.46,1192.6,92.45,62.1,92.55,110.5,92.56,1005.6,92.57,1182.6,92.58,256.7,92.59,772.1
1700000044.5,89,92.52,0.060000000000002274,92.49,565.7,92.55,248.9,4508.7,2534.4,92.49,13.0,SELL,5,92.49,565.7,92.48,888.6,92.47,356.8,92.46,2578.2,92.45,119.4,92.55,248.9,92.56,415.8,92.57,713.7,92.58,196.9,92.59,959.1
1700000045.0,90,92.52,0.060000000000002274,92.49,2843.2,92.55,205.8,5054.9,1353.6,92.52,0.0,BUY,0,92.49,2843.2,92.48,439.2,92.47,594.5,92.46,709.1,92.45,468.9,92.55,205.8,92.56,229.9,92.57,10.0,92.58,186.4,92.59,721.5
1700000045.5,91,92.52,0.060000000000002274,92.49,211.4,92.55,84.9,5774.200000000001,3612.4000000000005,92.49,10.3,SELL,3,92.49,211.4,92.48,143.4,92.47,1447.9,92.46,2334.9,92.45,1636.6,92.55,84.9,92.56,1191.5,92.57,655.2,92.58,532.6,92.59,1148.2
1700000046.0,92,92.53,0.060000000000002274,92.5,358.5,92.56,199.1,4301.9,4359.299999999999,92.5,41.9,SELL,2,92.5,358.5,92.49,1477.4,92.48,1182.3,92.47,265.1,92.46,1018.6,92.56,199.1,92.57,2061.4,92.58,248.7,92.59,714.6,92.6,1135.5
1700000046.5,93,92.53,0.03999999999999204,92.51,1584.2,92.55,10.0,5445.299999999999,5102.0,92.55,61.6,BUY,1,92.51,1584.2,92.5,790.6,92.49,1610.0,92.48,268.4,92.47,1192.1,92.55,10.0,92.56,1744.4,92.57,545.6,92.58,11.0,92.59,2791.0
1700000047.0,94,92.53,0.060000000000002274,92.5,2067.8,92.56,432.2,4657.0,2627.3,92.5,12.3,SELL,2,92.5,2067.8,92.49,783.4,92.48,780.4,92.47,273.7,92.46,751.7,92.56,432.2,92.57,658.0,92.58,214.1,92.59,420.5,92.6,902.5
1700000047.5,95,92.53999999999999,0.04000000000000625,92.52,27.1,92.56,1619.6,1399.3000000000002,4742.9,92.52,36.4,SELL,1,92.52,27.1,92.51,289.7,92.5,641.2,92.49,255.9,92.48,185.4,92.56,1619.6,92.57,218.4,92.58,129.8,92.59,1435.0,92.6,1340.1
1700000048.0,96,92.55,0.060000000000002274,92.52,519.9,92.58,105.4,6235.6,3935.2,92.58,12.8,BUY,1,92.52,519.9,92.51,3534.9,92.5,29.2,92.49,19.3,92.48,2132.3,92.58,105.4,92.59,433.6,92.6,211.7,92.61,1796.3,92.62,1388.2
1700000048.5,97,92.56,0.03999999999999204,92.54,633.9,92.58,1470.9,1942.8,4086.1000000000004,92.54,48.4,SELL,1,92.54,633.9,92.53,430.0,92.52,81.3,92.51,241.1,92.5,556.5,92.58,1470.9,92.59,418.8,92.6,26.8,92.61,1743.8,92.62,425.8
1700000049.0,98,92.56,0.03999999999999204,92.54,1392.2,92.58,356.6,4275.4,3350.0000000000005,92.58,63.7,BUY,1,92.54,1392.2,92.53,864.9,92.52,121.9,92.51,1186.9,92.5,709.5,92.58,356.6,92.59,831.2,92.6,397.5,92.61,1303.3,92.62,461.4
1700000049.5,99,92.55,0.060000000000002274,92.52,286.9,92.58,64.4,4555.3,1839.9000000000003,92.58,15.5,BUY,2,92.52,286.9,92.51,2363.9,92.5,72.5,92.49,1007.6,92.48,824.4,92.58,64.4,92.59,1024.9,92.6,404.7,92.61,185.0,92.62,160.9
1700000050.0,100,92.54499999999999,0.04999999999999716,92.52,134.1,92.57,106.5,3525.0,1989.8,92.57,20.5,BUY,3,92.52,134.1,92.51,817.2,92.5,831.5,92.49,823.9,92.48,918.3,92.57,106.5,92.58,10.0,92.59,519.5,92.6,294.2,92.61,1059.6
1700000050.5,101,92.54499999999999,0.04999999999999716,92.52,553.3,92.57,143.1,4066.7,8933.7,92.52,5.0,SELL,2,92.52,553.3,92.51,496.0,92.5,1005.4,92.49,1967.5,92.48,44.5,92.57,143.1,92.58,65.8,92.59,4026.1,92.6,609.0,92.61,4089.7
1700000051.0,102,92.55,0.060000000000002274,92.52,1597.8,92.58,102.9,6872.0,1834.8999999999999,92.58,22.2,BUY,1,92.52,1597.8,92.51,44.0,92.5,456.8,92.49,562.8,92.48,4210.6,92.58,102.9,92.59,836.0,92.6,281.1,92.61,29.1,92.62,585.8
1700000051.5,103,92.55,0.060000000000002274,92.52,168.7,92.58,324.3,1604.7999999999997,1036.6000000000001,92.52,27.2,SELL,3,92.52,168.7,92.51,166.7,92.5,321.7,92.49,490.1,92.48,457.6,92.58,324.3,92.59,415.1,92.6,102.4,92.61,143.0,92.62,51.8
1700000052.0,104,92.55,0.060000000000002274,92.52,228.6,92.58,431.4,2241.7000000000003,2249.1999999999994,92.55,0.0,BUY,0,92.52,228.6,92.51,300.1,92.5,407.8,92.49,1050.9,92.48,254.3,92.58,431.4,92.59,645.7,92.6,1063.8,92.61,90.7,92.62,17.6
1700000052.5,105,92.55,0.03999999999999204,92.53,174.3,92.57,10.0,8293.3,943.1,92.53,8.0,SELL,2,92.53,174.3,92.52,2248.9,92.51,165.2,92.5,1677.4,92.49,4027.5,92.57,10.0,92.58,216.3,92.59,352.2,92.6,137.5,92.61,227.1
1700000053.0,106,92.55,0.060000000000002274,92.52,599.2,92.58,361.3,4511.3,4680.7,92.52,26.3,SELL,1,92.52,599.2,92.51,1398.3,92.5,1310.4,92.49,316.6,92.48,886.8,92.58,361.3,92.59,795.7,92.6,1711.1,92.61,865.8,92.62,946.8
1700000053.5,107,92.55,0.060000000000002274,92.52,382.6,92.58,651.2,3326.8,5825.700000000001,92.52,39.1,SELL,3,92.52,382.6,92.51,587.3,92.5,122.5,92.49,406.0,92.48,1828.4,92.58,651.2,92.59,844.4,92.6,482.5,92.61,121.3,92.62,3726.3
1700000054.0,108,92.55,0.060000000000002274,92.52,296.5,92.58,323.6,3358.2999999999997,2542.0,92.52,5.0,SELL,3,92.52,296.5,92.51,491.6,92.5,1631.0,92.49,359.6,92.48,579.6,92.58,323.6,92.59,309.0,92.6,1027.5,92.61,837.1,92.62,44.8
1700000054.5,109,92.55,0.03999999999999204,92.53,698.1,92.57,599.0,2770.0,8378.8,92.55,0.0,BUY,0,92.53,698.1,92.52,475.3,92.51,94.4,92.5,655.2,92.49,847.0,92.57,599.0,92.58,433.5,92.59,1232.2,92.6,3358.0,92.61,2756.1
1700000055.0,110,92.54499999999999,0.04999999999999716,92.52,293.6,92.57,290.9,3500.2000000000003,2571.8,92.54499999999999,0.0,BUY,0,92.52,293.6,92.51,1566.3,92.5,221.5,92.49,137.4,92.48,1281.4,92.57,290.9,92.58,637.6,92.59,398.1,92.6,454.0,92.61,791.2
1700000055.5,111,92.54499999999999,0.04999999999999716,92.52,194.8,92.57,693.6,1661.6,2087.5,92.52,5.0,SELL,3,92.52,194.8,92.51,151.3,92.5,259.1,92.49,236.0,92.48,820.4,92.57,693.6,92.58,775.6,92.59,277.2,92.6,270.4,92.61,70.7
1700000056.0,112,92.55,0.060000000000002274,92.52,162.1,92.58,490.1,3003.4,6141.3,92.52,6.2,SELL,1,92.52,162.1,92.51,150.1,92.5,263.3,92.49,2189.4,92.48,238.5,92.58,490.1,92.59,672.5,92.6,4327.8,92.61,70.6,92.62,580.3
1700000056.5,113,92.55,0.060000000000002274,92.52,54.5,92.58,571.0,2874.9,3657.3,92.58,15.1,BUY,2,92.52,54.5,92.51,645.4,92.5,1024.6,92.49,637.3,92.48,513.1,92.58,571.0,92.59,96.7,92.6,944.5,92.61,819.3,92.62,1225.8
1700000057.0,114,84.55,0.060000000000002274,84.52,246.2,84.58,161.1,1467.7,1738.6,84.55,0.0,BUY,0,84.52,246.2,84.51,69.4,84.5,56.1,84.49,801.0,84.48,295.0,84.58,161.1,84.59,136.4,84.6,144.2,84.61,1194.6,84.62,102.3
1700000057.5,115,84.55,0.060000000000002274,84.52,855.1,84.58,474.8,3606.2,7901.2,84.55,0.0,BUY,0,84.52,855.1,84.51,836.0,84.5,179.1,84.49,902.7,84.48,833.3,84.58,474.8,84.59,1242.7,84.6,102.4,84.61,1565.8,84.62,4515.5
1700000058.0,116,84.55,0.03999999999999204,84.53,543.1,84.57,51.6,2729.4,1725.7999999999997,84.57,14.3,BUY,3,84.53,543.1,84.52,841.6,84.51,10.0,84.5,895.3,84.49,439.4,84.57,51.6,84.58,168.3,84.59,777.8,84.6,497.5,84.61,230.6
1700000058.5,117,84.56,0.060000000000002274,84.53,295.3,84.59,49.5,4193.0,1829.5,84.59,25.3,BUY,2,84.53,295.3,84.52,423.2,84.51,376.4,84.5,29.2,84.49,3068.9,84.59,49.5,84.6,290.7,84.61,261.8,84.62,579.2,84.63,648.3
1700000059.0,118,84.56,0.060000000000002274,84.53,273.5,84.59,724.5,1580.4,3734.0,84.56,0.0,BUY,0,84.53,273.5,84.52,44.7,84.51,389.3,84.5,553.8,84.49,319.1,84.59,724.5,84.6,455.6,84.61,825.9,84.62,1437.0,84.63,291.0
1700000059.5,119,79.4,0.04000000000000625,79.38,689.5,79.42,12.6,2048.9,4727.799999999999,79.38,32.0,SELL,2,79.38,689.5,79.37,86.1,79.36,456.7,79.35,166.7,79.34,649.9,79.42,12.6,79.43,144.5,79.44,43.6,79.45,2858.1,79.46,1669.0
1700000060.0,120,79.405,0.05000000000001137,79.38,614.6,79.43,1698.4,5722.6,4889.900000000001,79.405,0.0,BUY,0,79.38,614.6,79.37,376.5,79.36,2957.5,79.35,1004.0,79.34,770.0,79.43,1698.4,79.44,279.8,79.45,670.7,79.46,1944.7,79.47,296.3
1700000060.5,121,79.41,0.060000000000002274,79.38,345.8,79.44,99.3,1545.0,3848.5,79.44,11.9,BUY,2,79.38,345.8,79.37,167.7,79.36,664.9,79.35,271.6,79.34,95.0,79.44,99.3,79.45,1661.5,79.46,608.8,79.47,1177.2,79.48,301.7
1700000061.0,122,79.41,0.04000000000000625,79.39,334.9,79.43,884.4,8295.9,4967.9,79.43,47.4,BUY,1,79.39,334.9,79.38,983.1,79.37,3086.5,79.36,1581.2,79.35,2310.2,79.43,884.4,79.44,219.9,79.45,296.3,79.46,2079.4,79.47,1487.9
1700000061.5,123,79.41,0.060000000000002274,79.38,702.4,79.44,521.9,2827.9,5172.199999999999,79.44,17.9,BUY,1,79.38,702.4,79.37,931.4,79.36,891.0,79.35,148.4,79.34,154.7,79.44,521.9,79.45,1397.1,79.46,415.2,79.47,1765.6,79.48,1072.4
1700000062.0,124,79.41,0.060000000000002274,79.38,151.6,79.44,215.9,4374.2,2628.0,79.44,77.8,BUY,2,79.38,151.6,79.37,10.0,79.36,1097.3,79.35,18.0,79.34,3097.3,79.44,215.9,79.45,69.2,79.46,227.1,79.47,1156.0,79.48,959.8
1700000062.5,125,79.41,0.060000000000002274,79.38,192.1,79.44,1136.0,6743.699999999999,4744.1,79.44,59.4,BUY,1,79.38,192.1,79.37,165.1,79.36,3195.7,79.35,1563.4,79.34,1627.4,79.44,1136.0,79.45,405.9,79.46,1490.4,79.47,1229.5,79.48,482.3
1700000063.0,126,79.41,0.060000000000002274,79.38,112.8,79.44,503.2,5082.4,3827.2999999999997,79.38,38.1,SELL,3,79.38,112.8,79.37,252.0,79.36,124.6,79.35,1082.0,79.34,3511.0,79.44,503.2,79.45,1389.6,79.46,109.8,79.47,1743.1,79.48,81.6
1700000063.5,127,79.405,0.05000000000001137,79.38,626.7,79.43,721.3,4775.8,3875.2999999999997,79.43,21.3,BUY,2,79.38,626.7,79.37,1093.9,79.36,602.1,79.35,621.5,79.34,1831.6,79.43,721.3,79.44,122.1,79.45,424.7,79.46,2298.1,79.47,309.1
1700000064.0,128,79.41,0.04000000000000625,79.39,227.5,79.43,10.0,2609.2000000000003,1026.4,79.39,188.9,SELL,2,79.39,227.5,79.38,196.3,79.37,237.3,79.36,1858.2,79.35,89.9,79.43,10.0,79.44,352.4,79.45,360.5,79.46,37.6,79.47,265.9
1700000064.5,129,79.41,0.060000000000002274,79.38,72.8,79.44,19.9,2220.9,6741.599999999999,79.44,61.3,BUY,1,79.38,72.8,79.37,333.7,79.36,1319.2,79.35,240.7,79.34,254.5,79.44,19.9,79.45,3190.1,79.46,3408.5,79.47,58.2,79.48,64.9
1700000065.0,130,79.42,0.060000000000002274,79.39,1147.4,79.45,99.8,6245.2,3109.0,79.42,0.0,BUY,0,79.39,1147.4,79.38,332.2,79.37,255.6,79.36,931.3,79.35,3578.7,79.45,99.8,79.46,283.6,79.47,210.8,79.48,1751.6,79.49,763.2
1700000065.5,131,79.42,0.060000000000002274,79.39,160.2,79.45,230.0,2297.5,6625.0,79.39,87.8,SELL,2,79.39,160.2,79.38,958.9,79.37,475.1,79.36,289.4,79.35,413.9,79.45,230.0,79.46,2939.2,79.47,775.7,79.48,797.1,79.49,1883.0
1700000066.0,132,79.42,0.060000000000002274,79.39,112.6,79.45,467.7,4911.1,1057.8999999999999,79.45,9.6,BUY,1,79.39,112.6,79.38,86.7,79.37,42.9,79.36,1175.9,79.35,3493.0,79.45,467.7,79.46,37.8,79.47,363.8,79.48,172.1,79.49,16.5
1700000066.5,133,79.93,0.04000000000000625,79.91,979.7,79.95,37.4,3046.8,3365.0,79.91,34.6,SELL,1,79.91,979.7,79.9,160.2,79.89,1154.1,79.88,180.8,79.87,572.0,79.95,37.4,79.96,1592.0,79.97,86.4,79.98,1593.1,79.99,56.1
1700000067.0,134,79.935,0.04999999999999716,79.91,211.5,79.96,365.9,1751.9,2071.3,79.935,0.0,BUY,0,79.91,211.5,79.9,656.9,79.89,359.1,79.88,438.4,79.87,86.0,79.96,365.9,79.97,34.8,79.98,285.1,79.99,575.8,80.0,809.7
1700000067.5,135,79.935,0.04999999999999716,79.91,945.1,79.96,117.3,5182.1,3556.0,79.96,29.8,BUY,1,79.91,945.1,79.9,1195.9,79.89,215.3,79.88,953.6,79.87,1872.2,79.96,117.3,79.97,905.2,79.98,452.5,79.99,1453.3,80.0,627.7
1700000068.0,136,79.92,0.03999999999999204,79.9,30.5,79.94,538.1,3052.0,5092.4,79.94,11.6,BUY,2,79.9,30.5,79.89,210.9,79.88,116.2,79.87,411.5,79.86,2282.9,79.94,538.1,79.95,1063.1,79.96,96.3,79.97,1516.4,79.98,1878.5
1700000068.5,137,79.935,0.04999999999999716,79.91,1135.6,79.96,1065.2,2750.5999999999995,4148.0,79.935,0.0,BUY,0,79.91,1135.6,79.9,224.4,79.89,287.6,79.88,404.7,79.87,698.3,79.96,1065.2,79.97,364.3,79.98,1656.1,79.99,337.7,80.0,724.7
1700000069.0,138,79.935,0.04999999999999716,79.91,1744.6,79.96,534.5,5598.2,2914.8,79.91,38.3,SELL,1,79.91,1744.6,79.9,1074.5,79.89,1678.6,79.88,1069.2,79.87,31.3,79.96,534.5,79.97,128.2,79.98,290.5,79.99,1644.8,80.0,316.8
1700000069.5,139,79.93,0.05999999999998806,79.9,448.9,79.96,107.9,1157.4,455.0,79.9,12.0,SELL,1,79.9,448.9,79.89,135.8,79.88,287.5,79.87,79.8,79.86,205.4,79.96,107.9,79.97,50.8,79.98,46.6,79.99,34.0,80.0,215.7
1700000070.0,140,79.93,0.04000000000000625,79.91,1387.0,79.95,1101.8,6854.800000000001,5075.3,79.95,18.9,BUY,2,79.91,1387.0,79.9,271.2,79.89,1203.4,79.88,2191.8,79.87,1801.4,79.95,1101.8,79.96,1600.3,79.97,536.7,79.98,139.4,79.99,1697.1
1700000070.5,141,79.935,0.04999999999999716,79.91,146.4,79.96,930.5,3935.7000000000003,3668.6000000000004,79.96,55.4,BUY,2,79.91,146.4,79.9,59.3,79.89,578.2,79.88,402.4,79.87,2749.4,79.96,930.5,79.97,232.4,79.98,878.9,79.99,1463.5,80.0,163.3
1700000071.0,142,82.68,0.05999999999998806,82.65,611.7,82.71,275.8,6456.400000000001,986.3000000000001,82.65,10.8,SELL,1,82.65,611.7,82.64,1978.3,82.63,2721.5,82.62,295.1,82.61,849.8,82.71,275.8,82.72,93.0,82.73,247.8,82.74,22.2,82.75,347.5
1700000071.5,143,82.68,0.05999999999998806,82.65,167.8,82.71,56.5,2186.7,3253.8,82.71,40.2,BUY,1,82.65,167.8,82.64,528.4,82.63,95.9,82.62,211.2,82.61,1183.4,82.71,56.5,82.72,192.3,82.73,10.0,82.74,494.4,82.75,2500.6
1700000072.0,144,82.69,0.060000000000002274,82.66,442.1,82.72,125.9,6901.3,3239.1,82.66,12.1,SELL,1,82.66,442.1,82.65,541.7,82.64,539.7,82.63,3692.8,82.62,1685.0,82.72,125.9,82.73,704.5,82.74,391.3,82.75,1082.5,82.76,934.9
1700000072.5,145,82.69,0.060000000000002274,82.66,40.7,82.72,184.7,5611.1,5495.4,82.72,20.0,BUY,3,82.66,40.7,82.65,1287.4,82.64,1885.9,82.63,690.4,82.62,1706.7,82.72,184.7,82.73,527.5,82.74,313.9,82.75,395.8,82.76,4073.5
1700000073.0,146,82.7,0.060000000000002274,82.67,966.6,82.73,262.1,5084.6,2004.6,82.7,0.0,BUY,0,82.67,966.6,82.66,916.7,82.65,392.9,82.64,490.8,82.63,2317.6,82.73,262.1,82.74,61.1,82.75,1122.6,82.76,86.0,82.77,472.8
1700000073.5,147,82.7,0.03999999999999204,82.68,666.3,82.72,1210.3,5109.5,2926.0,82.7,0.0,BUY,0,82.68,666.3,82.67,1047.8,82.66,179.9,82.65,1353.4,82.64,1862.1,82.72,1210.3,82.73,482.3,82.74,319.1,82.75,212.0,82.76,702.3
1700000074.0,148,82.7,0.060000000000002274,82.67,99.9,82.73,10.0,6203.7,857.5999999999999,82.7,0.0,BUY,0,82.67,99.9,82.66,1474.2,82.65,528.5,82.64,3920.9,82.63,180.2,82.73,10.0,82.74,24.7,82.75,341.8,82.76,131.7,82.77,349.4
1700000074.5,149,82.7,0.060000000000002274,82.67,1467.8,82.73,186.0,6559.0,5289.3,82.67,110.4,SELL,3,82.67,1467.8,82.66,354.1,82.65,1953.4,82.64,2577.1,82.63,206.6,82.73,186.0,82.74,567.6,82.75,558.8,82.76,1169.4,82.77,2807.5
1700000075.0,150,82.69,0.060000000000002274,82.66,226.7,82.72,1337.6,4352.2,2399.7,82.72,89.5,BUY,2,82.66,226.7,82.65,144.1,82.64,258.7,82.63,3632.3,82.62,90.4,82.72,1337.6,82.73,196.5,82.74,413.3,82.75,269.7,82.76,182.6
1700000075.5,151,82.68,0.04000000000000625,82.66,502.9,82.7,1053.0,6827.0,2602.2,82.7,25.2,BUY,1,82.66,502.9,82.65,1056.4,82.64,1101.5,82.63,1267.3,82.62,2898.9,82.7,1053.0,82.71,68.9,82.72,1033.8,82.73,94.0,82.74,352.5
1700000076.0,152,82.685,0.04999999999999716,82.66,380.6,82.71,1270.7,5078.1,4540.1,82.66,59.5,SELL,3,82.66,380.6,82.65,526.0,82.64,63.9,82.63,2801.8,82.62,1305.8,82.71,1270.7,82.72,773.1,82.73,145.5,82.74,53.2,82.75,2297.6
1700000076.5,153,82.67,0.060000000000002274,82.64,84.5,82.7,576.5,3182.1000000000004,6231.7,82.67,0.0,BUY,0,82.64,84.5,82.63,270.4,82.62,19.0,82.61,837.0,82.6,1971.2,82.7,576.5,82.71,120.0,82.72,10.0,82.73,856.2,82.74,4669.0
1700000077.0,154,82.67,0.060000000000002274,82.64,113.2,82.7,533.9,1693.0,5003.700000000001,82.64,6.8,SELL,2,82.64,113.2,82.63,589.3,82.62,94.3,82.61,121.9,82.6,774.3,82.7,533.9,82.71,1202.4,82.72,964.8,82.73,1971.0,82.74,331.6
1700000077.5,155,82.66,0.060000000000002274,82.63,235.2,82.69,207.9,6449.799999999999,2506.8,82.63,15.6,SELL,1,82.63,235.2,82.62,573.3,82.61,1729.2,82.6,3208.6,82.59,703.5,82.69,207.9,82.7,240.6,82.71,46.9,82.72,1196.6,82.73,814.8
1700000078.0,156,82.66,0.060000000000002274,82.63,69.0,82.69,204.1,3457.4,3828.8999999999996,82.66,0.0,BUY,0,82.63,69.0,82.62,683.1,82.61,569.3,82.6,177.8,82.59,1958.2,82.69,204.1,82.7,563.8,82.71,1938.7,82.72,312.2,82.73,810.1
1700000078.5,157,82.66,0.060000000000002274,82.63,570.3,82.69,336.5,5571.3,1666.1,82.63,63.7,SELL,4,82.63,570.3,82.62,1039.9,82.61,1665.8,82.6,483.3,82.59,1812.0,82.69,336.5,82.7,259.6,82.71,89.3,82.72,498.6,82.73,482.1
1700000079.0,158,82.66,0.060000000000002274,82.63,248.7,82.69,789.4,1860.1000000000001,4344.9,82.66,0.0,BUY,0,82.63,248.7,82.62,178.3,82.61,21.8,82.6,1324.9,82.59,86.4,82.69,789.4,82.7,1696.1,82.71,95.8,82.72,455.7,82.73,1307.9
1700000079.5,159,82.66,0.060000000000002274,82.63,66.4,82.69,692.3,988.3,2650.3,82.63,26.2,SELL,3,82.63,66.4,82.62,10.0,82.61,389.5,82.6,253.0,82.59,269.4,82.69,692.3,82.7,59.9,82.71,229.7,82.72,482.6,82.73,1185.8
1700000080.0,160,82.66,0.060000000000002274,82.63,185.0,82.69,195.1,2583.4,2558.2,82.63,26.0,SELL,3,82.63,185.0,82.62,600.6,82.61,594.9,82.6,150.5,82.59,1052.4,82.69,195.1,82.7,909.8,82.71,190.6,82.72,435.5,82.73,827.2
1700000080.5,161,82.67,0.060000000000002274,82.64,291.8,82.7,103.7,1886.8000000000002,2903.2,82.7,10.1,BUY,1,82.64,291.8,82.63,388.6,82.62,107.7,82.61,714.3,82.6,384.4,82.7,103.7,82.71,282.1,82.72,268.5,82.73,345.6,82.74,1903.3
1700000081.0,162,82.66,0.060000000000002274,82.63,377.1,82.69,427.2,3532.4,3741.0,82.63,8.5,SELL,3,82.63,377.1,82.62,901.8,82.61,2124.1,82.6,20.1,82.59,109.3,82.69,427.2,82.7,83.5,82.71,304.7,82.72,2205.0,82.73,720.6
1700000081.5,163,82.66,0.04000000000000625,82.64,947.3,82.68,652.1,2866.1,3002.2,82.66,0.0,BUY,0,82.64,947.3,82.63,559.3,82.62,204.3,82.61,1121.2,82.6,34.0,82.68,652.1,82.69,399.2,82.7,939.4,82.71,433.6,82.72,577.9
1700000082.0,164,82.67,0.060000000000002274,82.64,289.5,82.7,29.6,2615.7,886.3,82.7,31.9,BUY,2,82.64,289.5,82.63,691.9,82.62,267.0,82.61,910.1,82.6,457.2,82.7,29.6,82.71,601.7,82.72,89.8,82.73,155.2,82.74,10.0
1700000082.5,165,82.685,0.04999999999999716,82.66,284.0,82.71,152.6,1365.5,6051.499999999999,82.66,86.7,SELL,1,82.66,284.0,82.65,82.0,82.64,12.1,82.63,629.0,82.62,358.4,82.71,152.6,82.72,507.7,82.73,3165.1,82.74,1398.9,82.75,827.2
1700000083.0,166,81.8,0.060000000000002274,81.77,742.4,81.83,177.7,2899.7999999999997,3493.3,81.77,22.3,SELL,1,81.77,742.4,81.76,360.5,81.75,483.8,81.74,1101.5,81.73,211.6,81.83,177.7,81.84,816.7,81.85,110.5,81.86,456.7,81.87,1931.7
1700000083.5,167,81.78999999999999,0.04000000000000625,81.77,299.0,81.81,201.6,2867.4,2874.3,81.77,127.9,SELL,1,81.77,299.0,81.76,714.5,81.75,334.1,81.74,1258.5,81.73,261.3,81.81,201.6,81.82,314.5,81.83,299.5,81.84,1153.5,81.85,905.2
1700000084.0,168,81.79499999999999,0.04999999999999716,81.77,1042.6,81.82,1840.5,4043.6,5511.5,81.77,35.9,SELL,1,81.77,1042.6,81.76,490.6,81.75,775.4,81.74,111.1,81.73,1623.9,81.82,1840.5,81.83,164.8,81.84,43.6,81.85,142.1,81.86,3320.5
1700000084.5,169,81.79499999999999,0.04999999999999716,81.77,99.7,81.82,183.5,2449.2,4581.3,81.77,9.8,SELL,3,81.77,99.7,81.76,17.0,81.75,15.6,81.74,876.7,81.73,1440.2,81.82,183.5,81.83,755.8,81.84,2414.3,81.85,448.5,81.86,779.2
1700000085.0,170,81.78999999999999,0.05999999999998806,81.76,169.9,81.82,320.4,2598.7999999999997,4081.8999999999996,81.76,164.7,SELL,1,81.76,169.9,81.75,272.1,81.74,208.9,81.73,1531.7,81.72,416.2,81.82,320.4,81.83,795.9,81.84,1784.1,81.85,217.7,81.86,963.8
1700000085.5,171,81.8,0.060000000000002274,81.77,942.5,81.83,79.9,3376.5,3098.5,81.77,34.4,SELL,2,81.77,942.5,81.76,371.1,81.75,499.9,81.74,725.6,81.73,837.4,81.83,79.9,81.84,1352.8,81.85,424.1,81.86,511.2,81.87,730.5
1700000086.0,172,81.8,0.060000000000002274,81.77,478.1,81.83,171.2,4163.1,3153.2,81.77,44.3,SELL,1,81.77,478.1,81.76,1122.9,81.75,1163.3,81.74,239.2,81.73,1159.6,81.83,171.2,81.84,226.4,81.85,723.2,81.86,51.8,81.87,1980.6
1700000086.5,173,81.79499999999999,0.04999999999999716,81.77,81.1,81.82,184.5,3659.1,5042.0,81.82,16.5,BUY,1,81.77,81.1,81.76,752.0,81.75,608.9,81.74,1287.7,81.73,929.4,81.82,184.5,81.83,258.4,81.84,2126.9,81.85,1235.2,81.86,1237.0
1700000087.0,174,81.79499999999999,0.04999999999999716,81.77,635.5,81.82,112.0,3944.7000000000003,7602.9,81.77,11.0,SELL,2,81.77,635.5,81.76,812.9,81.75,523.4,81.74,939.5,81.73,1033.4,81.82,112.0,81.83,1206.5,81.84,1296.7,81.85,493.8,81.86,4493.9
1700000087.5,175,81.79499999999999,0.04999999999999716,81.77,970.3,81.82,351.7,2502.6000000000004,4234.4,81.82,5.0,BUY,2,81.77,970.3,81.76,120.9,81.75,852.7,81.74,548.7,81.73,10.0,81.82,351.7,81.83,15.7,81.84,2232.3,81.85,23.2,81.86,1611.5
1700000088.0,176,81.8,0.060000000000002274,81.77,991.0,81.83,154.3,5965.0,4024.7,81.8,0.0,BUY,0,81.77,991.0,81.76,382.8,81.75,1822.8,81.74,1382.8,81.73,1385.6,81.83,154.3,81.84,243.9,81.85,304.0,81.86,329.0,81.87,2993.5
1700000088.5,177,81.78999999999999,0.04000000000000625,81.77,1308.8,81.81,232.7,5420.800000000001,5103.799999999999,81.77,67.6,SELL,1,81.77,1308.8,81.76,594.2,81.75,1042.8,81.74,2121.4,81.73,353.6,81.81,232.7,81.82,143.0,81.83,709.9,81.84,1218.1,81.85,2800.1
1700000089.0,178,81.78999999999999,0.05999999999998806,81.76,1494.0,81.82,757.4,3319.2999999999997,2503.1,81.76,56.9,SELL,3,81.76,1494.0,81.75,532.6,81.74,38.1,81.73,1131.2,81.72,123.4,81.82,757.4,81.83,29.9,81.84,818.2,81.85,496.7,81.86,400.9
1700000089.5,179,81.79499999999999,0.04999999999999716,81.77,1046.0,81.82,1117.8,6589.9,6965.5,81.82,5.6,BUY,2,81.77,1046.0,81.76,127.3,81.75,819.0,81.74,3886.6,81.73,711.0,81.82,1117.8,81.83,2231.1,81.84,2138.8,81.85,1158.0,81.86,319.8
1700000090.0,180,81.8,0.03999999999999204,81.78,1068.4,81.82,148.0,4476.1,2231.2,81.78,39.2,SELL,1,81.78,1068.4,81.77,1432.0,81.76,330.2,81.75,1593.0,81.74,52.5,81.82,148.0,81.83,597.7,81.84,622.3,81.85,23.5,81.86,839.7
1700000090.5,181,81.81,0.060000000000002274,81.78,465.3,81.84,29.6,2885.8,3326.4,81.84,104.7,BUY,1,81.78,465.3,81.77,558.0,81.76,853.2,81.75,901.8,81.74,107.5,81.84,29.6,81.85,153.9,81.86,1616.0,81.87,280.5,81.88,1246.4
1700000091.0,182,81.81,0.060000000000002274,81.78,1691.7,81.84,917.9,4411.3,3831.1,81.78,63.2,SELL,5,81.78,1691.7,81.77,273.5,81.76,2271.2,81.75,36.3,81.74,138.6,81.84,917.9,81.85,2195.7,81.86,178.1,81.87,350.6,81.88,188.8
1700000091.5,183,81.81,0.060000000000002274,81.78,170.8,81.84,125.9,2699.9,4803.599999999999,81.84,10.3,BUY,2,81.78,170.8,81.77,10.0,81.76,97.8,81.75,1397.7,81.74,1023.6,81.84,125.9,81.85,1361.7,81.86,1451.8,81.87,1070.3,81.88,793.9
1700000092.0,184,81.81,0.060000000000002274,81.78,683.6,81.84,309.6,3659.0,5433.4,81.84,26.9,BUY,2,81.78,683.6,81.77,497.1,81.76,213.7,81.75,1141.9,81.74,1122.7,81.84,309.6,81.85,450.4,81.86,479.9,81.87,945.6,81.88,3247.9
1700000092.5,185,81.81,0.060000000000002274,81.78,10.0,81.84,131.6,4051.1000000000004,5283.2,81.78,8.7,SELL,3,81.78,10.0,81.77,10.0,81.76,1645.6,81.75,1645.7,81.74,739.8,81.84,131.6,81.85,3325.3,81.86,59.3,81.87,1744.6,81.88,22.4
1700000093.0,186,81.81,0.060000000000002274,81.78,527.7,81.84,472.2,5313.799999999999,2495.8999999999996,81.84,33.5,BUY,1,81.78,527.7,81.77,679.0,81.76,212.0,81.75,3189.7,81.74,705.4,81.84,472.2,81.85,181.0,81.86,1476.3,81.87,120.7,81.88,245.7
1700000093.5,187,81.81,0.060000000000002274,81.78,34.4,81.84,108.9,6305.599999999999,6802.5,81.78,30.8,SELL,2,81.78,34.4,81.77,61.3,81.76,3815.6,81.75,1807.6,81.74,586.7,81.84,108.9,81.85,1115.8,81.86,1240.3,81.87,1780.1,81.88,2557.4
1700000094.0,188,81.81,0.060000000000002274,81.78,637.0,81.84,55.8,3284.9,3083.4,81.78,61.9,SELL,3,81.78,637.0,81.77,176.1,81.76,1211.0,81.75,59.3,81.74,1201.5,81.84,55.8,81.85,327.8,81.86,1374.7,81.87,437.1,81.88,888.0
1700000094.5,189,81.815,0.04999999999999716,81.79,367.0,81.84,267.5,5027.9,1534.9,81.79,5.1,SELL,2,81.79,367.0,81.78,153.9,81.77,624.1,81.76,2827.1,81.75,1055.8,81.84,267.5,81.85,787.5,81.86,37.0,81.87,424.5,81.88,18.4
1700000095.0,190,81.82,0.05999999999998806,81.79,295.8,81.85,260.9,4583.3,6980.200000000001,81.79,35.8,SELL,2,81.79,295.8,81.78,719.9,81.77,842.2,81.76,243.3,81.75,2482.1,81.85,260.9,81.86,330.0,81.87,3169.3,81.88,536.6,81.89,2683.4
1700000095.5,191,81.83,0.060000000000002274,81.8,169.7,81.86,139.8,1751.3,3645.3,81.86,5.0,BUY,1,81.8,169.7,81.79,516.9,81.78,138.6,81.77,663.6,81.76,262.5,81.86,139.8,81.87,269.5,81.88,146.1,81.89,751.6,81.9,2338.3
1700000096.0,192,81.815,0.04999999999999716,81.79,183.6,81.84,202.3,4059.0,4909.8,81.79,14.0,SELL,3,81.79,183.6,81.78,228.9,81.77,1300.3,81.76,423.9,81.75,1922.3,81.84,202.3,81.85,833.6,81.86,1295.4,81.87,1120.6,81.88,1457.9
1700000096.5,193,81.815,0.04999999999999716,81.79,1182.3,81.84,228.3,7798.8,2323.7,81.84,13.5,BUY,4,81.79,1182.3,81.78,451.6,81.77,450.7,81.76,2952.5,81.75,2761.7,81.84,228.3,81.85,455.9,81.86,1044.1,81.87,311.7,81.88,283.7
1700000097.0,194,81.83,0.060000000000002274,81.8,2372.2,81.86,482.7,3991.3999999999996,4133.7,81.86,184.3,BUY,2,81.8,2372.2,81.79,217.5,81.78,748.2,81.77,396.2,81.76,257.3,81.86,482.7,81.87,1325.6,81.88,975.6,81.89,1108.8,81.9,241.0
1700000097.5,195,81.83,0.060000000000002274,81.8,276.9,81.86,99.9,3201.6,3479.9,81.8,19.4,SELL,5,81.8,276.9,81.79,23.4,81.78,78.0,81.77,181.1,81.76,2642.2,81.86,99.9,81.87,695.5,81.88,1049.2,81.89,1352.9,81.9,282.4
1700000098.0,196,81.83,0.060000000000002274,81.8,627.8,81.86,157.7,2641.6000000000004,1619.8,81.86,42.7,BUY,7,81.8,627.8,81.79,223.8,81.78,189.3,81.77,1268.4,81.76,332.3,81.86,157.7,81.87,192.6,81.88,434.1,81.89,210.2,81.9,625.2
1700000098.5,197,81.83,0.060000000000002274,81.8,620.2,81.86,256.9,5184.5,2140.2,81.86,5.0,BUY,1,81.8,620.2,81.79,71.8,81.78,130.9,81.77,1085.6,81.76,3276.0,81.86,256.9,81.87,174.4,81.88,269.9,81.89,197.5,81.9,1241.5
1700000099.0,198,81.83,0.060000000000002274,81.8,104.2,81.86,249.1,3699.4999999999995,1573.1,81.8,16.8,SELL,2,81.8,104.2,81.79,636.4,81.78,2258.5,81.77,658.8,81.76,41.6,81.86,249.1,81.87,421.5,81.88,578.0,81.89,270.9,81.9,53.6
1700000099.5,199,81.83,0.060000000000002274,81.8,59.5,81.86,72.1,4698.4,4822.8,81.86,70.3,BUY,3,81.8,59.5,81.79,297.9,81.78,1618.5,81.77,956.6,81.76,1765.9,81.86,72.1,81.87,581.7,81.88,1213.7,81.89,1243.4,81.9,1711.9
1700000100.0,200,81.83,0.060000000000002274,81.8,952.3,81.86,336.3,5996.699999999999,9091.9,81.86,8.5,BUY,4,81.8,952.3,81.79,3714.4,81.78,253.4,81.77,632.2,81.76,444.4,81.86,336.3,81.87,404.2,81.88,984.3,81.89,2091.1,81.9,5276.0
1700000100.5,201,81.83,0.060000000000002274,81.8,10.0,81.86,129.1,1970.1,8597.9,81.86,5.0,BUY,3,81.8,10.0,81.79,444.0,81.78,23.1,81.77,73.7,81.76,1419.3,81.86,129.1,81.87,1539.8,81.88,387.2,81.89,1631.0,81.9,4910.8
1700000101.0,202,81.83,0.060000000000002274,81.8,2214.1,81.86,340.0,4361.400000000001,3247.1000000000004,81.8,97.8,SELL,4,81.8,2214.1,81.79,117.3,81.78,128.3,81.77,1356.5,81.76,545.2,81.86,340.0,81.87,32.6,81.88,726.8,81.89,1884.4,81.9,263.3
1700000101.5,203,81.83,0.03999999999999204,81.81,10.0,81.85,19.4,2626.3,3979.6,81.81,28.9,SELL,4,81.81,10.0,81.8,401.2,81.79,643.3,81.78,334.3,81.77,1237.5,81.85,19.4,81.86,421.9,81.87,222.2,81.88,1743.7,81.89,1572.4
1700000102.0,204,81.83,0.060000000000002274,81.8,154.6,81.86,142.7,1176.7,7506.700000000001,81.83,0.0,BUY,0,81.8,154.6,81.79,115.7,81.78,470.3,81.77,143.8,81.76,292.3,81.86,142.7,81.87,1214.7,81.88,1128.0,81.89,2647.2,81.9,2374.1
1700000102.5,205,81.815,0.04999999999999716,81.79,838.1,81.84,1282.6,5198.2,3662.1,81.79,39.1,SELL,2,81.79,838.1,81.78,838.1,81.77,1667.3,81.76,608.9,81.75,1245.8,81.84,1282.6,81.85,165.0,81.86,1263.4,81.87,229.5,81.88,721.6
1700000103.0,206,81.82,0.05999999999998806,81.79,372.6,81.85,2383.8,2917.4,8556.9,81.85,11.0,BUY,1,81.79,372.6,81.78,761.9,81.77,861.5,81.76,904.4,81.75,17.0,81.85,2383.8,81.86,305.4,81.87,203.0,81.88,2112.2,81.89,3552.5
1700000103.5,207,81.83,0.060000000000002274,81.8,35.9,81.86,150.3,3139.1,4599.0,81.8,13.7,SELL,2,81.8,35.9,81.79,10.0,81.78,157.5,81.77,1324.6,81.76,1611.1,81.86,150.3,81.87,10.0,81.88,168.6,81.89,604.2,81.9,3665.9
1700000104.0,208,81.83,0.060000000000002274,81.8,193.2,81.86,124.1,1847.9,3283.5,81.86,32.2,BUY,1,81.8,193.2,81.79,180.3,81.78,625.3,81.77,196.2,81.76,652.9,81.86,124.1,81.87,955.4,81.88,2030.1,81.89,66.5,81.9,107.4
1700000104.5,209,81.815,0.04999999999999716,81.79,1410.4,81.84,64.4,4474.1,3004.8,81.79,10.3,SELL,1,81.79,1410.4,81.78,1177.7,81.77,97.4,81.76,1144.5,81.75,644.1,81.84,64.4,81.85,484.0,81.86,1153.1,81.87,695.8,81.88,607.5
1700000105.0,210,81.83,0.060000000000002274,81.8,52.6,81.86,98.4,3864.6,4309.9,81.86,16.8,BUY,2,81.8,52.6,81.79,1049.1,81.78,557.8,81.77,473.6,81.76,1731.5,81.86,98.4,81.87,1658.3,81.88,473.1,81.89,1394.6,81.9,685.5
1700000105.5,211,81.83,0.060000000000002274,81.8,54.6,81.86,243.0,2552.2999999999997,4062.9,81.86,5.1,BUY,2,81.8,54.6,81.79,1321.6,81.78,957.7,81.77,36.3,81.76,182.1,81.86,243.0,81.87,2305.0,81.88,82.5,81.89,1422.4,81.9,10.0
1700000106.0,212,81.83,0.060000000000002274,81.8,539.0,81.86,229.7,2766.2,3387.9000000000005,81.86,60.7,BUY,6,81.8,539.0,81.79,487.8,81.78,917.3,81.77,812.1,81.76,10.0,81.86,229.7,81.87,368.5,81.88,407.6,81.89,2329.8,81.9,52.3
1700000106.5,213,81.815,0.04999999999999716,81.79,386.6,81.84,1011.0,2324.6000000000004,3466.5,81.79,24.8,SELL,1,81.79,386.6,81.78,132.5,81.77,411.8,81.76,214.8,81.75,1178.9,81.84,1011.0,81.85,931.7,81.86,999.3,81.87,372.5,81.88,152.0
1700000107.0,214,81.81,0.060000000000002274,81.78,46.7,81.84,106.7,6314.6,3942.6,81.81,0.0,BUY,0,81.78,46.7,81.77,648.6,81.76,776.3,81.75,848.2,81.74,3994.8,81.84,106.7,81.85,94.8,81.86,211.2,81.87,69.5,81.88,3460.4
1700000107.5,215,81.8,0.060000000000002274,81.77,250.8,81.83,527.3,6548.1,2206.4,81.83,58.0,BUY,5,81.77,250.8,81.76,2929.7,81.75,197.0,81.74,312.9,81.73,2857.7,81.83,527.3,81.84,772.1,81.85,171.5,81.86,312.7,81.87,422.8
1700000108.0,216,81.79499999999999,0.04999999999999716,81.77,587.9,81.82,444.4,7904.3,5256.8,81.82,99.4,BUY,3,81.77,587.9,81.76,627.9,81.75,543.8,81.74,2152.9,81.73,3991.8,81.82,444.4,81.83,530.0,81.84,2174.0,81.85,1645.3,81.86,463.1
1700000108.5,217,81.78999999999999,0.05999999999998806,81.76,1704.6,81.82,225.9,7137.3,2618.7,81.82,47.7,BUY,1,81.76,1704.6,81.75,469.5,81.74,133.5,81.73,3358.4,81.72,1471.3,81.82,225.9,81.83,1367.7,81.84,350.3,81.85,389.2,81.86,285.6
1700000109.0,218,81.78999999999999,0.05999999999998806,81.76,65.4,81.82,145.4,4730.4,5034.299999999999,81.82,41.7,BUY,4,81.76,65.4,81.75,238.3,81.74,230.4,81.73,178.8,81.72,4017.5,81.82,145.4,81.83,1003.6,81.84,881.6,81.85,985.6,81.86,2018.1
1700000109.5,219,81.79499999999999,0.04999999999999716,81.77,222.4,81.82,1186.3,1064.9,3950.1,81.82,31.6,BUY,3,81.77,222.4,81.76,272.5,81.75,278.6,81.74,21.5,81.73,269.9,81.82,1186.3,81.83,585.8,81.84,342.6,81.85,1400.9,81.86,434.5
1700000110.0,220,81.79499999999999,0.04999999999999716,81.77,331.1,81.82,619.0,4440.4,5940.900000000001,81.79499999999999,0.0,BUY,0,81.77,331.1,81.76,1469.5,81.75,630.1,81.74,853.6,81.73,1156.1,81.82,619.0,81.83,2268.4,81.84,2089.7,81.85,213.3,81.86,750.5
1700000110.5,221,81.79499999999999,0.04999999999999716,81.77,317.3,81.82,302.0,3946.4,6081.900000000001,81.82,27.2,BUY,1,81.77,317.3,81.76,230.6,81.75,395.3,81.74,1699.3,81.73,1303.9,81.82,302.0,81.83,144.0,81.84,1648.3,81.85,3248.0,81.86,739.6
1700000111.0,222,81.78999999999999,0.05999999999998806,81.76,161.1,81.82,19.4,4034.0,2676.9,81.78999999999999,0.0,BUY,0,81.76,161.1,81.75,290.2,81.74,85.4,81.73,778.4,81.72,2718.9,81.82,19.4,81.83,2023.5,81.84,289.1,81.85,320.0,81.86,24.9
1700000111.5,223,81.8,0.03999999999999204,81.78,2127.3,81.82,1104.5,8024.6,9249.1,81.82,14.4,BUY,4,81.78,2127.3,81.77,115.9,81.76,2973.8,81.75,503.1,81.74,2304.5,81.82,1104.5,81.83,547.2,81.84,387.9,81.85,984.4,81.86,6225.1
1700000112.0,224,81.8,0.060000000000002274,81.77,509.6,81.83,86.9,2571.7000000000003,932.5,81.77,5.0,SELL,1,81.77,509.6,81.76,464.8,81.75,1024.3,81.74,320.6,81.73,252.4,81.83,86.9,81.84,10.0,81.85,91.8,81.86,684.0,81.87,59.8
1700000112.5,225,81.8,0.060000000000002274,81.77,736.6,81.83,1102.4,6708.8,3005.2,81.77,135.4,SELL,3,81.77,736.6,81.76,512.2,81.75,840.2,81.74,2837.8,81.73,1782.0,81.83,1102.4,81.84,590.3,81.85,387.7,81.86,861.3,81.87,63.5
1700000113.0,226,81.8,0.060000000000002274,81.77,622.0,81.83,785.0,1964.9999999999998,4139.1,81.83,69.4,BUY,3,81.77,622.0,81.76,148.5,81.75,881.3,81.74,268.4,81.73,44.8,81.83,785.0,81.84,112.6,81.85,843.6,81.86,413.6,81.87,1984.3
1700000113.5,227,81.815,0.030000000000001137,81.8,457.1,81.83,260.2,2001.6,6542.4,81.83,112.7,BUY,2,81.8,457.1,81.79,57.2,81.78,84.8,81.77,258.5,81.76,1144.0,81.83,260.2,81.84,645.9,81.85,1912.8,81.86,640.8,81.87,3082.7
1700000114.0,228,81.815,0.04999999999999716,81.79,201.2,81.84,897.4,5872.9,2977.1000000000004,81.84,33.2,BUY,2,81.79,201.2,81.78,162.2,81.77,1501.4,81.76,1351.7,81.75,2656.4,81.84,897.4,81.85,111.0,81.86,348.5,81.87,560.3,81.88,1059.9
1700000114.5,229,81.83,0.03999999999999204,81.81,826.2,81.85,1292.5,5060.799999999999,6022.599999999999,81.81,39.1,SELL,2,81.81,826.2,81.8,66.8,81.79,614.2,81.78,866.5,81.77,2687.1,81.85,1292.5,81.86,2266.4,81.87,300.2,81.88,634.8,81.89,1528.7
1700000115.0,230,81.83,0.03999999999999204,81.81,153.0,81.85,377.1,1326.8,3737.0,81.83,0.0,BUY,0,81.81,153.0,81.8,68.0,81.79,21.1,81.78,966.3,81.77,118.4,81.85,377.1,81.86,209.2,81.87,84.5,81.88,558.4,81.89,2507.8
1700000115.5,231,81.83,0.060000000000002274,81.8,360.3,81.86,495.4,3758.8,1249.1999999999998,81.8,32.4,SELL,3,81.8,360.3,81.79,1891.0,81.78,373.6,81.77,617.7,81.76,516.2,81.86,495.4,81.87,158.9,81.88,166.3,81.89,47.8,81.9,380.8
1700000116.0,232,81.83,0.060000000000002274,81.8,620.7,81.86,98.9,3398.2,3200.2,81.86,28.2,BUY,1,81.8,620.7,81.79,1284.0,81.78,117.9,81.77,394.8,81.76,980.8,81.86,98.9,81.87,525.9,81.88,25.0,81.89,1150.9,81.9,1399.5
1700000116.5,233,81.83,0.060000000000002274,81.8,167.0,81.86,33.0,4350.799999999999,5788.6,81.86,22.8,BUY,3,81.8,167.0,81.79,480.8,81.78,2907.1,81.77,251.2,81.76,544.7,81.86,33.0,81.87,1139.8,81.88,778.3,81.89,246.0,81.9,3591.5
1700000117.0,234,81.83,0.060000000000002274,81.8,40.3,81.86,43.8,1384.0,828.8,81.86,30.7,BUY,2,81.8,40.3,81.79,766.2,81.78,412.7,81.77,54.7,81.76,110.1,81.86,43.8,81.87,113.1,81.88,121.1,81.89,212.5,81.9,338.3
1700000117.5,235,81.84,0.060000000000002274,81.81,402.4,81.87,270.5,3894.1000000000004,5072.0,81.81,31.4,SELL,1,81.81,402.4,81.8,14.6,81.79,1980.6,81.78,417.3,81.77,1079.2,81.87,270.5,81.88,374.3,81.89,1658.2,81.9,1475.4,81.91,1293.6
1700000118.0,236,81.85,0.060000000000002274,81.82,321.7,81.88,528.2,2136.4,2785.8999999999996,81.82,7.1,SELL,1,81.82,321.7,81.81,388.7,81.8,319.4,81.79,446.2,81.78,660.4,81.88,528.2,81.89,1258.3,81.9,370.1,81.91,619.3,81.92,10.0
1700000118.5,237,81.85,0.060000000000002274,81.82,933.4,81.88,20.1,6890.2,3626.5,81.82,5.0,SELL,4,81.82,933.4,81.81,80.0,81.8,1630.4,81.79,1772.1,81.78,2474.3,81.88,20.1,81.89,680.9,81.9,440.4,81.91,1358.9,81.92,1126.2
1700000119.0,238,81.86,0.060000000000002274,81.83,10.0,81.89,274.1,1841.1999999999998,1193.6000000000001,81.83,33.1,SELL,1,81.83,10.0,81.82,387.6,81.81,107.7,81.8,12.1,81.79,1323.8,81.89,274.1,81.9,348.8,81.91,24.4,81.92,300.5,81.93,245.8
1700000119.5,239,81.85,0.060000000000002274,81.82,393.4,81.88,260.1,6106.3,3680.6000000000004,81.88,63.9,BUY,2,81.82,393.4,81.81,420.2,81.8,782.4,81.79,2453.0,81.78,2057.3,81.88,260.1,81.89,398.9,81.9,324.0,81.91,2000.9,81.92,696.7
1700000120.0,240,81.86,0.060000000000002274,81.83,967.1,81.89,205.4,4199.9,6013.699999999999,81.86,0.0,BUY,0,81.83,967.1,81.82,843.4,81.81,219.5,81.8,1544.6,81.79,625.3,81.89,205.4,81.9,1863.6,81.91,1232.7,81.92,1775.6,81.93,936.4
1700000120.5,241,81.85,0.060000000000002274,81.82,706.0,81.88,82.0,8218.3,4598.9,81.88,122.8,BUY,1,81.82,706.0,81.81,443.0,81.8,1410.0,81.79,4503.3,81.78,1156.0,81.88,82.0,81.89,947.5,81.9,3440.0,81.91,19.4,81.92,110.0
1700000121.0,242,82.16,0.060000000000002274,82.13,28.4,82.19,748.1,5800.2,2476.7,82.16,0.0,BUY,0,82.13,28.4,82.12,995.0,82.11,646.2,82.1,3126.1,82.09,1004.5,82.19,748.1,82.2,452.0,82.21,356.8,82.22,90.3,82.23,829.5
1700000121.5,243,82.17,0.060000000000002274,82.14,140.2,82.2,1471.1,6349.5,2365.5,82.2,62.5,BUY,2,82.14,140.2,82.13,163.4,82.12,1094.1,82.11,2214.1,82.1,2737.7,82.2,1471.1,82.21,125.2,82.22,220.2,82.23,92.8,82.24,456.2
1700000122.0,244,82.17,0.060000000000002274,82.14,75.8,82.2,136.5,2758.4,3417.6,82.14,22.2,SELL,2,82.14,75.8,82.13,1184.9,82.12,626.4,82.11,656.0,82.1,215.3,82.2,136.5,82.21,1473.8,82.22,937.3,82.23,620.4,82.24,249.6
1700000122.5,245,82.16,0.060000000000002274,82.13,189.2,82.19,131.4,6005.700000000001,2358.2,82.16,0.0,BUY,0,82.13,189.2,82.12,1278.3,82.11,942.3,82.1,2132.5,82.09,1463.4,82.19,131.4,82.2,205.3,82.21,601.0,82.22,225.6,82.23,1194.9
1700000123.0,246,82.15,0.04000000000000625,82.13,10.0,82.17,184.5,5282.1,6051.6,82.15,0.0,BUY,0,82.13,10.0,82.12,1208.7,82.11,237.2,82.1,1621.3,82.09,2204.9,82.17,184.5,82.18,10.0,82.19,1034.4,82.2,2839.4,82.21,1983.3
1700000123.5,247,82.15,0.04000000000000625,82.13,567.7,82.17,1073.3,5267.400000000001,5663.700000000001,82.17,54.4,BUY,4,82.13,567.7,82.12,1003.6,82.11,452.5,82.1,401.3,82.09,2842.3,82.17,1073.3,82.18,39.8,82.19,491.4,82.2,444.8,82.21,3614.4
1700000124.0,248,82.16,0.060000000000002274,82.13,1625.8,82.19,512.3,3189.5,7154.2,82.19,56.1,BUY,4,82.13,1625.8,82.12,25.9,82.11,10.4,82.1,239.9,82.09,1287.5,82.19,512.3,82.2,1355.9,82.21,270.6,82.22,4546.5,82.23,468.9
1700000124.5,249,82.17,0.060000000000002274,82.14,1317.9,82.2,211.4,7154.0,3331.5,82.17,0.0,BUY,0,82.14,1317.9,82.13,1506.5,82.12,216.2,82.11,73.5,82.1,4039.9,82.2,211.4,82.21,136.5,82.22,492.8,82.23,866.6,82.24,1624.2
1700000125.0,250,82.16,0.060000000000002274,82.13,604.9,82.19,14.0,3160.5999999999995,3217.3999999999996,82.19,53.5,BUY,1,82.13,604.9,82.12,489.7,82.11,1129.5,82.1,323.2,82.09,613.3,82.19,14.0,82.2,1542.9,82.21,147.5,82.22,859.8,82.23,653.2
1700000125.5,251,82.16,0.060000000000002274,82.13,305.7,82.19,334.5,4924.0,3034.9,82.19,144.8,BUY,4,82.13,305.7,82.12,2002.4,82.11,672.9,82.1,166.7,82.09,1776.3,82.19,334.5,82.2,779.0,82.21,893.4,82.22,430.5,82.23,597.5
1700000126.0,252,82.16,0.060000000000002274,82.13,1351.1,82.19,219.7,3177.1,1934.1,82.16,0.0,BUY,0,82.13,1351.1,82.12,338.7,82.11,768.6,82.1,390.5,82.09,328.2,82.19,219.7,82.2,666.9,82.21,92.3,82.22,72.6,82.23,882.6
1700000126.5,253,82.17,0.060000000000002274,82.14,1094.7,82.2,118.7,4884.0,2033.1000000000001,82.14,8.3,SELL,5,82.14,1094.7,82.13,381.4,82.12,1039.7,82.11,1748.6,82.1,619.6,82.2,118.7,82.21,828.6,82.22,345.5,82.23,608.2,82.24,132.1
1700000127.0,254,80.53,0.03999999999999204,80.51,263.3,80.55,98.7,4500.2,987.4,80.51,11.0,SELL,1,80.51,263.3,80.5,1112.4,80.49,99.8,80.48,1240.5,80.47,1784.2,80.55,98.7,80.56,112.1,80.57,41.4,80.58,121.8,80.59,613.4
1700000127.5,255,80.53,0.060000000000002274,80.5,411.7,80.56,74.6,2487.5000000000005,1108.6000000000001,80.56,50.3,BUY,2,80.5,411.7,80.49,93.7,80.48,1777.4,80.47,114.4,80.46,90.3,80.56,74.6,80.57,183.5,80.58,28.3,80.59,283.0,80.6,539.2
1700000128.0,256,80.53999999999999,0.04000000000000625,80.52,40.1,80.56,117.2,3914.7000000000003,4274.7,80.53999999999999,0.0,BUY,0,80.52,40.1,80.51,1681.7,80.5,335.0,80.49,909.8,80.48,948.1,80.56,117.2,80.57,1023.3,80.58,16.4,80.59,1925.1,80.6,1192.7
1700000128.5,257,80.54499999999999,0.04999999999999716,80.52,2649.9,80.57,1150.3,5395.1,3959.8,80.52,9.3,SELL,3,80.52,2649.9,80.51,438.5,80.5,242.6,80.49,687.0,80.48,1377.1,80.57,1150.3,80.58,718.4,80.59,188.3,80.6,1633.4,80.61,269.4
1700000129.0,258,80.54499999999999,0.04999999999999716,80.52,17.4,80.57,88.2,3951.3999999999996,904.3,80.52,31.4,SELL,1,80.52,17.4,80.51,157.9,80.5,1421.6,80.49,122.5,80.48,2232.0,80.57,88.2,80.58,15.3,80.59,15.8,80.6,215.4,80.61,569.6
1700000129.5,259,80.54499999999999,0.04999999999999716,80.52,10.0,80.57,224.0,6673.700000000001,1336.0,80.54499999999999,0.0,BUY,0,80.52,10.0,80.51,636.3,80.5,112.5,80.49,2054.5,80.48,3860.4,80.57,224.0,80.58,412.1,80.59,95.0,80.6,373.1,80.61,231.8
1700000130.0,260,80.55,0.060000000000002274,80.52,418.0,80.58,289.0,2638.3,4049.2999999999997,80.52,143.2,SELL,5,80.52,418.0,80.51,994.5,80.5,253.9,80.49,10.0,80.48,961.9,80.58,289.0,80.59,153.4,80.6,1034.3,80.61,969.1,80.62,1603.5
1700000130.5,261,80.55,0.060000000000002274,80.52,373.7,80.58,417.0,2951.7999999999997,2617.3,80.58,153.6,BUY,3,80.52,373.7,80.51,311.6,80.5,525.4,80.49,1330.7,80.48,410.4,80.58,417.0,80.59,422.6,80.6,1418.8,80.61,290.9,80.62,68.0
1700000131.0,262,80.55,0.060000000000002274,80.52,1058.2,80.58,837.4,4050.2000000000003,5498.5,80.52,121.2,SELL,1,80.52,1058.2,80.51,480.2,80.5,267.3,80.49,937.1,80.48,1307.4,80.58,837.4,80.59,938.7,80.6,969.1,80.61,948.7,80.62,1804.6
1700000131.5,263,80.55,0.060000000000002274,80.52,72.0,80.58,884.4,2835.9999999999995,5004.6,80.58,23.1,BUY,2,80.52,72.0,80.51,258.8,80.5,1558.1,80.49,539.4,80.48,407.7,80.58,884.4,80.59,852.2,80.6,290.8,80.61,1354.2,80.62,1623.0
1700000132.0,264,80.55,0.03999999999999204,80.53,1299.1,80.57,600.1,3581.2,4864.8,80.53,9.1,SELL,1,80.53,1299.1,80.52,138.6,80.51,949.4,80.5,526.0,80.49,668.1,80.57,600.1,80.58,395.9,80.59,178.1,80.6,62.7,80.61,3628.0
1700000132.5,265,80.55,0.03999999999999204,80.53,1315.7,80.57,1180.3,4025.9000000000005,5618.3,80.57,31.0,BUY,2,80.53,1315.7,80.52,839.6,80.51,302.5,80.5,708.9,80.49,859.2,80.57,1180.3,80.58,619.6,80.59,432.0,80.6,992.2,80.61,2394.2
1700000133.0,266,80.55,0.060000000000002274,80.52,36.3,80.58,365.2,3590.8,4896.900000000001,80.58,12.3,BUY,1,80.52,36.3,80.51,200.6,80.5,1490.1,80.49,1696.3,80.48,167.5,80.58,365.2,80.59,841.6,80.6,736.4,80.61,2397.4,80.62,556.3
1700000133.5,267,80.54499999999999,0.04999999999999716,80.52,1139.7,80.57,125.8,5325.1,5278.9,80.57,13.7,BUY,5,80.52,1139.7,80.51,2238.9,80.5,873.9,80.49,48.3,80.48,1024.3,80.57,125.8,80.58,1429.2,80.59,1663.0,80.6,492.2,80.61,1568.7
1700000134.0,268,80.53999999999999,0.05999999999998806,80.51,192.9,80.57,1292.2,2928.7,3086.5,80.51,123.2,SELL,1,80.51,192.9,80.5,82.4,80.49,1335.6,80.48,119.0,80.47,1198.8,80.57,1292.2,80.58,933.6,80.59,39.1,80.6,186.9,80.61,634.7
1700000134.5,269,80.55,0.060000000000002274,80.52,157.6,80.58,665.2,3142.7000000000003,2211.8,80.58,8.8,BUY,3,80.52,157.6,80.51,74.7,80.5,421.8,80.49,207.3,80.48,2281.3,80.58,665.2,80.59,303.8,80.6,424.2,80.61,202.3,80.62,616.3
1700000135.0,270,80.54499999999999,0.04999999999999716,80.52,339.9,80.57,328.1,5228.8,6388.700000000001,80.54499999999999,0.0,BUY,0,80.52,339.9,80.51,794.6,80.5,972.4,80.49,1499.7,80.48,1622.2,80.57,328.1,80.58,386.1,80.59,1458.9,80.6,2579.2,80.61,1636.4
1700000135.5,271,80.54499999999999,0.04999999999999716,80.52,1000.6,80.57,581.7,3386.3,2469.7,80.57,11.5,BUY,2,80.52,1000.6,80.51,13.6,80.5,97.6,80.49,318.7,80.48,1955.8,80.57,581.7,80.58,617.4,80.59,195.6,80.6,934.1,80.61,140.9
1700000136.0,272,80.55,0.060000000000002274,80.52,574.4,80.58,51.0,5417.4,10957.6,80.55,0.0,BUY,0,80.52,574.4,80.51,23.3,80.5,1518.4,80.49,225.3,80.48,3076.0,80.58,51.0,80.59,2217.2,80.6,2801.0,80.61,4064.5,80.62,1823.9
1700000136.5,273,80.55,0.060000000000002274,80.52,597.1,80.58,436.6,2451.0,1598.3,80.55,0.0,BUY,0,80.52,597.1,80.51,71.7,80.5,483.7,80.49,958.3,80.48,340.2,80.58,436.6,80.59,109.4,80.6,444.8,80.61,200.7,80.62,406.8
1700000137.0,274,80.54499999999999,0.04999999999999716,80.52,32.8,80.57,94.1,2359.1,1439.3000000000002,80.54499999999999,0.0,BUY,0,80.52,32.8,80.51,223.4,80.5,378.2,80.49,998.3,80.48,726.4,80.57,94.1,80.58,318.9,80.59,313.4,80.6,377.8,80.61,335.1
1700000137.5,275,80.54499999999999,0.04999999999999716,80.52,293.9,80.57,228.2,6298.1,2858.2,80.57,29.1,BUY,1,80.52,293.9,80.51,569.3,80.5,1049.5,80.49,881.9,80.48,3503.5,80.57,228.2,80.58,676.4,80.59,1249.2,80.6,397.7,80.61,306.7
1700000138.0,276,84.56,0.060000000000002274,84.53,13.4,84.59,416.5,1335.6,8532.599999999999,84.53,92.4,SELL,2,84.53,13.4,84.52,133.2,84.51,25.6,84.5,71.7,84.49,1091.7,84.59,416.5,84.6,446.4,84.61,3673.5,84.62,1002.2,84.63,2994.0
1700000138.5,277,84.56,0.060000000000002274,84.53,1373.4,84.59,805.4,3923.4,4072.7000000000003,84.53,42.0,SELL,3,84.53,1373.4,84.52,129.7,84.51,812.2,84.5,1598.1,84.49,10.0,84.59,805.4,84.6,284.0,84.61,368.9,84.62,100.4,84.63,2514.0
1700000139.0,278,84.55,0.060000000000002274,84.52,1372.9,84.58,1883.6,5630.3,3496.7,84.52,15.7,SELL,2,84.52,1372.9,84.51,1242.7,84.5,1596.8,84.49,592.0,84.48,825.9,84.58,1883.6,84.59,10.5,84.6,411.8,84.61,1030.3,84.62,160.5
1700000139.5,279,84.54499999999999,0.04999999999999716,84.52,808.4,84.57,473.4,3980.1000000000004,5537.2,84.52,35.8,SELL,2,84.52,808.4,84.51,322.2,84.5,1497.7,84.49,383.3,84.48,968.5,84.57,473.4,84.58,677.0,84.59,507.4,84.6,622.2,84.61,3257.2
1700000140.0,280,84.55,0.03999999999999204,84.53,329.2,84.57,126.7,2805.0,2938.4999999999995,84.53,5.0,SELL,3,84.53,329.2,84.52,332.4,84.51,932.0,84.5,294.4,84.49,917.0,84.57,126.7,84.58,1289.7,84.59,679.8,84.6,362.6,84.61,479.7
1700000140.5,281,84.55,0.060000000000002274,84.52,151.4,84.58,681.9,2649.0,9975.099999999999,84.52,42.5,SELL,3,84.52,151.4,84.51,1085.4,84.5,153.2,84.49,133.5,84.48,1125.5,84.58,681.9,84.59,4328.1,84.6,642.4,84.61,2642.7,84.62,1680.0
1700000141.0,282,84.53999999999999,0.05999999999998806,84.51,430.9,84.57,38.0,4194.8,2883.0,84.57,65.1,BUY,1,84.51,430.9,84.5,1080.8,84.49,621.1,84.48,1900.7,84.47,161.3,84.57,38.0,84.58,179.0,84.59,1278.0,84.6,416.8,84.61,971.2
1700000141.5,283,84.53999999999999,0.04000000000000625,84.52,756.2,84.56,209.7,2950.1,1922.7999999999997,84.56,21.4,BUY,2,84.52,756.2,84.51,10.0,84.5,69.8,84.49,1839.9,84.48,274.2,84.56,209.7,84.57,507.1,84.58,911.4,84.59,69.8,84.6,224.8
1700000142.0,284,84.54499999999999,0.04999999999999716,84.52,1463.3,84.57,342.0,5415.2,3108.8,84.52,53.5,SELL,1,84.52,1463.3,84.51,1147.5,84.5,956.1,84.49,1111.6,84.48,736.7,84.57,342.0,84.58,469.4,84.59,478.5,84.6,1647.5,84.61,171.4
1700000142.5,285,84.54499999999999,0.04999999999999716,84.52,675.8,84.57,234.1,5109.1,1803.1999999999998,84.54499999999999,0.0,BUY,0,84.52,675.8,84.51,385.6,84.5,2832.5,84.49,1112.7,84.48,102.5,84.57,234.1,84.58,88.3,84.59,521.0,84.6,413.4,84.61,546.4
1700000143.0,286,84.53999999999999,0.05999999999998806,84.51,668.2,84.57,1276.2,5824.6,4310.9,84.51,5.0,SELL,2,84.51,668.2,84.5,956.3,84.49,319.7,84.48,3794.1,84.47,86.3,84.57,1276.2,84.58,373.4,84.59,470.1,84.6,492.1,84.61,1699.1
1700000143.5,287,84.53,0.060000000000002274,84.5,820.7,84.56,171.9,3461.6000000000004,7661.400000000001,84.56,44.2,BUY,1,84.5,820.7,84.49,26.5,84.48,28.8,84.47,864.2,84.46,1721.4,84.56,171.9,84.57,3273.0,84.58,467.3,84.59,937.4,84.6,2811.8
1700000144.0,288,84.52,0.060000000000002274,84.49,27.9,84.55,363.2,2028.9,4298.8,84.49,5.0,SELL,1,84.49,27.9,84.48,66.7,84.47,259.9,84.46,245.5,84.45,1428.9,84.55,363.2,84.56,1235.9,84.57,993.0,84.58,1407.3,84.59,299.4
1700000144.5,289,84.51,0.060000000000002274,84.48,189.5,84.54,669.3,4017.1000000000004,5834.200000000001,84.51,0.0,BUY,0,84.48,189.5,84.47,653.2,84.46,980.1,84.45,1622.3,84.44,572.0,84.54,669.3,84.55,989.3,84.56,1670.9,84.57,72.9,84.58,2431.8
1700000145.0,290,84.51,0.060000000000002274,84.48,389.8,84.54,326.1,6198.6,5331.8,84.48,36.7,SELL,2,84.48,389.8,84.47,604.8,84.46,674.6,84.45,1272.9,84.44,3256.5,84.54,326.1,84.55,52.9,84.56,3737.5,84.57,621.6,84.58,593.7
1700000145.5,291,84.5,0.060000000000002274,84.47,146.6,84.53,98.6,2505.7,4569.200000000001,84.53,94.4,BUY,3,84.47,146.6,84.46,1030.7,84.45,341.5,84.44,801.3,84.43,185.6,84.53,98.6,84.54,79.2,84.55,2775.9,84.56,1276.2,84.57,339.3
1700000146.0,292,84.5,0.060000000000002274,84.47,496.2,84.53,713.1,864.4,3501.0,84.47,31.9,SELL,2,84.47,496.2,84.46,71.2,84.45,12.1,84.44,168.4,84.43,116.5,84.53,713.1,84.54,362.5,84.55,85.3,84.56,1178.9,84.57,1161.2
1700000146.5,293,84.5,0.060000000000002274,84.47,153.0,84.53,680.3,4153.3,8094.0,84.47,5.1,SELL,5,84.47,153.0,84.46,110.0,84.45,1807.7,84.44,1315.3,84.43,767.3,84.53,680.3,84.54,2228.4,84.55,3317.3,84.56,1012.9,84.57,855.1
1700000147.0,294,84.5,0.060000000000002274,84.47,655.0,84.53,661.0,3736.2000000000003,4589.0,84.5,0.0,BUY,0,84.47,655.0,84.46,154.9,84.45,1355.4,84.44,187.4,84.43,1383.5,84.53,661.0,84.54,1947.3,84.55,1038.7,84.56,560.2,84.57,381.8
1700000147.5,295,84.51,0.060000000000002274,84.48,111.7,84.54,481.3,2994.8,3000.6,84.54,12.1,BUY,2,84.48,111.7,84.47,658.9,84.46,699.0,84.45,266.7,84.44,1258.5,84.54,481.3,84.55,931.1,84.56,619.3,84.57,188.3,84.58,780.6
1700000148.0,296,84.5,0.060000000000002274,84.47,453.8,84.53,552.7,2830.3,2005.3,84.47,5.0,SELL,4,84.47,453.8,84.46,416.2,84.45,520.7,84.44,890.3,84.43,549.3,84.53,552.7,84.54,104.4,84.55,178.2,84.56,982.3,84.57,187.7
1700000148.5,297,84.51,0.060000000000002274,84.48,1098.9,84.54,649.0,3398.7000000000003,2561.6,84.51,0.0,BUY,0,84.48,1098.9,84.47,851.6,84.46,262.5,84.45,871.8,84.44,313.9,84.54,649.0,84.55,550.6,84.56,127.6,84.57,683.4,84.58,551.0
1700000149.0,298,84.51,0.060000000000002274,84.48,688.8,84.54,602.0,3459.5,3444.0,84.54,30.1,BUY,3,84.48,688.8,84.47,234.5,84.46,133.5,84.45,1866.5,84.44,536.2,84.54,602.0,84.55,30.0,84.56,1421.4,84.57,77.9,84.58,1312.7
1700000149.5,299,84.51,0.060000000000002274,84.48,93.5,84.54,236.5,9109.6,3847.3999999999996,84.51,0.0,BUY,0,84.48,93.5,84.47,321.5,84.46,576.1,84.45,4486.2,84.44,3632.3,84.54,236.5,84.55,866.3,84.56,1792.1,84.57,26.9,84.58,925.6
1700000150.0,300,84.5,0.060000000000002274,84.47,49.8,84.53,135.1,897.5000000000001,2527.3,84.47,17.7,SELL,2,84.47,49.8,84.46,340.2,84.45,55.6,84.44,186.8,84.43,265.1,84.53,135.1,84.54,1438.4,84.55,12.7,84.56,716.2,84.57,224.9
1700000150.5,301,84.51,0.060000000000002274,84.48,74.2,84.54,884.1,3480.6000000000004,2028.1,84.54,5.0,BUY,1,84.48,74.2,84.47,111.1,84.46,96.6,84.45,261.9,84.44,2936.8,84.54,884.1,84.55,135.0,84.56,70.0,84.57,743.1,84.58,195.9
1700000151.0,302,84.5,0.060000000000002274,84.47,725.4,84.53,569.1,2042.1000000000001,3974.2,84.53,5.0,BUY,1,84.47,725.4,84.46,37.8,84.45,218.3,84.44,309.9,84.43,750.7,84.53,569.1,84.54,856.5,84.55,78.6,84.56,444.7,84.57,2025.3
1700000151.5,303,84.51,0.060000000000002274,84.48,444.3,84.54,146.0,4239.3,4605.2,84.54,63.8,BUY,1,84.48,444.3,84.47,341.6,84.46,1316.4,84.45,523.9,84.44,1613.1,84.54,146.0,84.55,795.1,84.56,1201.3,84.57,732.6,84.58,1730.2
1700000152.0,304,84.51,0.060000000000002274,84.48,932.5,84.54,755.4,3041.2,4899.5,84.54,24.0,BUY,1,84.48,932.5,84.47,431.6,84.46,366.7,84.45,1222.1,84.44,88.3,84.54,755.4,84.55,940.2,84.56,2070.6,84.57,644.5,84.58,488.8
1700000152.5,305,84.5,0.060000000000002274,84.47,407.3,84.53,780.2,3996.1000000000004,5583.2,84.47,31.5,SELL,1,84.47,407.3,84.46,367.9,84.45,51.6,84.44,2392.5,84.43,776.8,84.53,780.2,84.54,2886.3,84.55,846.0,84.56,638.7,84.57,432.0
1700000153.0,306,84.5,0.060000000000002274,84.47,16.2,84.53,731.3,4180.0,2183.4,84.53,12.6,BUY,1,84.47,16.2,84.46,274.9,84.45,2356.4,84.44,132.9,84.43,1399.6,84.53,731.3,84.54,78.5,84.55,296.8,84.56,949.7,84.57,127.1
1700000153.5,307,84.51,0.060000000000002274,84.48,106.5,84.54,1016.6,1711.3000000000002,6516.0,84.48,15.5,SELL,3,84.48,106.5,84.47,828.0,84.46,373.7,84.45,264.2,84.44,138.9,84.54,1016.6,84.55,1037.1,84.56,331.1,84.57,1451.0,84.58,2680.2
1700000154.0,308,84.52,0.060000000000002274,84.49,431.0,84.55,99.4,4420.8,3625.4,84.52,0.0,BUY,0,84.49,431.0,84.48,148.2,84.47,1407.9,84.46,250.7,84.45,2183.0,84.55,99.4,84.56,621.2,84.57,276.8,84.58,2190.8,84.59,437.2
1700000154.5,309,84.52,0.060000000000002274,84.49,1031.9,84.55,374.0,6447.3,5067.3,84.49,16.3,SELL,1,84.49,1031.9,84.48,859.5,84.47,2170.1,84.46,2121.1,84.45,264.7,84.55,374.0,84.56,984.7,84.57,1883.5,84.58,1092.4,84.59,732.7
1700000155.0,310,84.50999999999999,0.04000000000000625,84.49,399.2,84.53,221.3,7622.9,2518.0,84.53,37.2,BUY,2,84.49,399.2,84.48,836.1,84.47,735.1,84.46,1769.9,84.45,3882.6,84.53,221.3,84.54,591.5,84.55,45.8,84.56,813.0,84.57,846.4
1700000155.5,311,84.52,0.060000000000002274,84.49,253.2,84.55,1699.8,3383.3,6735.4,84.55,5.0,BUY,1,84.49,253.2,84.48,132.7,84.47,273.7,84.46,755.2,84.45,1968.5,84.55,1699.8,84.56,457.7,84.57,1218.7,84.58,135.1,84.59,3224.1
1700000156.0,312,84.53,0.060000000000002274,84.5,85.2,84.56,154.0,2781.7,1358.2999999999997,84.56,27.8,BUY,1,84.5,85.2,84.49,135.6,84.48,183.8,84.47,1849.0,84.46,528.1,84.56,154.0,84.57,50.5,84.58,197.9,84.59,778.8,84.6,177.1
1700000156.5,313,84.53,0.03999999999999204,84.51,677.6,84.55,270.6,1985.1,2281.2999999999997,84.51,14.9,SELL,4,84.51,677.6,84.5,358.1,84.49,670.0,84.48,269.4,84.47,10.0,84.55,270.6,84.56,1083.6,84.57,78.7,84.58,223.0,84.59,625.4
1700000157.0,314,84.53,0.060000000000002274,84.5,792.3,84.56,176.7,2298.3,3325.9,84.5,8.7,SELL,2,84.5,792.3,84.49,865.6,84.48,180.4,84.47,74.3,84.46,385.7,84.56,176.7,84.57,142.9,84.58,49.9,84.59,1641.5,84.6,1314.9
1700000157.5,315,84.53999999999999,0.05999999999998806,84.51,79.7,84.57,342.7,4093.7999999999997,2846.5,84.57,50.7,BUY,1,84.51,79.7,84.5,1491.3,84.49,626.7,84.48,724.1,84.47,1172.0,84.57,342.7,84.58,1246.0,84.59,674.4,84.6,88.0,84.61,495.4
1700000158.0,316,84.54499999999999,0.04999999999999716,84.52,473.4,84.57,70.3,1333.6,2099.9,84.52,5.9,SELL,1,84.52,473.4,84.51,110.9,84.5,48.4,84.49,468.8,84.48,232.1,84.57,70.3,84.58,94.9,84.59,328.5,84.6,566.7,84.61,1039.5
1700000158.5,317,84.54499999999999,0.04999999999999716,84.52,156.6,84.57,789.6,1424.5,2310.2000000000003,84.57,9.5,BUY,1,84.52,156.6,84.51,535.1,84.5,94.1,84.49,272.1,84.48,366.6,84.57,789.6,84.58,905.7,84.59,117.0,84.6,243.6,84.61,254.3
1700000159.0,318,84.55,0.060000000000002274,84.52,10.0,84.58,117.8,2273.4,5277.0,84.58,39.6,BUY,1,84.52,10.0,84.51,569.2,84.5,147.7,84.49,793.7,84.48,752.8,84.58,117.8,84.59,211.1,84.6,759.7,84.61,2403.0,84.62,1785.4
1700000159.5,319,84.55,0.060000000000002274,84.52,279.2,84.58,1891.4,2629.6000000000004,5286.6,84.58,48.6,BUY,4,84.52,279.2,84.51,551.2,84.5,739.3,84.49,111.4,84.48,948.5,84.58,1891.4,84.59,642.9,84.6,153.6,84.61,590.4,84.62,2008.3
1700000160.0,320,84.55,0.060000000000002274,84.52,1071.2,84.58,316.2,3371.7999999999997,1450.8,84.52,18.7,SELL,1,84.52,1071.2,84.51,232.1,84.5,126.8,84.49,1439.6,84.48,502.1,84.58,316.2,84.59,186.8,84.6,443.8,84.61,459.7,84.62,44.3
1700000160.5,321,84.55,0.060000000000002274,84.52,561.9,84.58,39.2,4344.4,3762.2,84.58,31.5,BUY,1,84.52,561.9,84.51,157.1,84.5,1022.7,84.49,419.4,84.48,2183.3,84.58,39.2,84.59,108.4,84.6,994.7,84.61,80.7,84.62,2539.2
1700000161.0,322,84.55,0.060000000000002274,84.52,421.4,84.58,87.1,2887.6,2361.7999999999997,84.52,59.4,SELL,1,84.52,421.4,84.51,311.5,84.5,715.3,84.49,175.9,84.48,1263.5,84.58,87.1,84.59,102.0,84.6,1363.0,84.61,543.0,84.62,266.7
1700000161.5,323,84.54499999999999,0.04999999999999716,84.52,466.4,84.57,102.1,4390.5,3255.2,84.54499999999999,0.0,BUY,0,84.52,466.4,84.51,1073.8,84.5,405.3,84.49,703.6,84.48,1741.4,84.57,102.1,84.58,628.4,84.59,1051.5,84.6,759.7,84.61,713.5
1700000162.0,324,84.55,0.060000000000002274,84.52,175.8,84.58,221.3,1044.2,4890.5,84.52,34.2,SELL,1,84.52,175.8,84.51,353.7,84.5,47.7,84.49,344.1,84.48,122.9,84.58,221.3,84.59,1588.6,84.6,1632.1,84.61,1073.3,84.62,375.2
1700000162.5,325,84.55,0.060000000000002274,84.52,678.2,84.58,1889.2,4414.8,5621.900000000001,84.58,21.0,BUY,2,84.52,678.2,84.51,562.2,84.5,1125.9,84.49,790.9,84.48,1257.6,84.58,1889.2,84.59,162.3,84.6,668.8,84.61,2065.8,84.62,835.8
1700000163.0,326,84.56,0.060000000000002274,84.53,400.8,84.59,573.8,2205.1,4740.2,84.59,161.3,BUY,1,84.53,400.8,84.52,37.8,84.51,968.0,84.5,163.1,84.49,635.4,84.59,573.8,84.6,211.0,84.61,1467.7,84.62,1389.6,84.63,1098.1
1700000163.5,327,84.56,0.060000000000002274,84.53,294.1,84.59,286.3,2026.3,4210.799999999999,84.59,26.5,BUY,2,84.53,294.1,84.52,188.1,84.51,113.3,84.5,1144.0,84.49,286.8,84.59,286.3,84.6,361.5,84.61,884.8,84.62,253.1,84.63,2425.1
1700000164.0,328,84.56,0.060000000000002274,84.53,341.5,84.59,1233.8,2716.5,3234.0,84.53,29.3,SELL,4,84.53,341.5,84.52,162.8,84.51,634.8,84.5,153.6,84.49,1423.8,84.59,1233.8,84.6,1128.3,84.61,124.8,84.62,135.3,84.63,611.8
1700000164.5,329,84.57,0.05999999999998806,84.54,1186.3,84.6,110.8,4203.5,778.4,84.57,0.0,BUY,0,84.54,1186.3,84.53,341.5,84.52,154.5,84.51,152.0,84.5,2369.2,84.6,110.8,84.61,199.2,84.62,198.6,84.63,134.4,84.64,135.4
1700000165.0,330,84.56,0.03999999999999204,84.54,1520.3,84.58,120.6,5332.9,3327.3,84.54,15.0,SELL,1,84.54,1520.3,84.53,683.9,84.52,311.1,84.51,1527.8,84.5,1289.8,84.58,120.6,84.59,46.2,84.6,1672.9,84.61,1152.7,84.62,334.9
1700000165.5,331,84.56,0.060000000000002274,84.53,102.6,84.59,1001.4,2705.7999999999997,6885.999999999999,84.53,134.9,SELL,1,84.53,102.6,84.52,593.8,84.51,576.9,84.5,1192.4,84.49,240.1,84.59,1001.4,84.6,1513.8,84.61,370.5,84.62,1959.1,84.63,2041.2
1700000166.0,332,84.565,0.04999999999999716,84.54,608.6,84.59,2243.0,3323.4000000000005,7141.200000000001,84.59,21.1,BUY,4,84.54,608.6,84.53,542.5,84.52,1428.7,84.51,133.8,84.5,609.8,84.59,2243.0,84.6,698.9,84.61,658.9,84.62,150.9,84.63,3389.5
1700000166.5,333,84.565,0.04999999999999716,84.54,908.6,84.59,980.8,6613.7,4117.700000000001,84.565,0.0,BUY,0,84.54,908.6,84.53,296.5,84.52,2092.0,84.51,488.6,84.5,2828.0,84.59,980.8,84.6,205.2,84.61,2169.9,84.62,78.3,84.63,683.5
1700000167.0,334,84.565,0.04999999999999716,84.54,54.3,84.59,74.8,6861.0,2871.7,84.565,0.0,BUY,0,84.54,54.3,84.53,434.4,84.52,599.7,84.51,3751.2,84.5,2021.4,84.59,74.8,84.6,705.7,84.61,47.7,84.62,267.2,84.63,1776.3
1700000167.5,335,84.565,0.04999999999999716,84.54,160.1,84.59,215.6,2143.7,4483.5,84.59,13.4,BUY,3,84.54,160.1,84.53,468.0,84.52,17.9,84.51,400.3,84.5,1097.4,84.59,215.6,84.6,455.1,84.61,134.5,84.62,2066.1,84.63,1612.2
1700000168.0,336,84.56,0.060000000000002274,84.53,164.4,84.59,103.5,2486.6000000000004,3654.3999999999996,84.53,57.7,SELL,2,84.53,164.4,84.52,552.0,84.51,1211.4,84.5,514.8,84.49,44.0,84.59,103.5,84.6,496.3,84.61,585.4,84.62,606.1,84.63,1863.1
1700000168.5,337,84.56,0.060000000000002274,84.53,126.1,84.59,1022.4,5560.4,5721.9,84.53,5.0,SELL,2,84.53,126.1,84.52,487.2,84.51,630.1,84.5,3015.1,84.49,1301.9,84.59,1022.4,84.6,3206.6,84.61,220.6,84.62,855.4,84.63,416.9
1700000169.0,338,82.87,0.04000000000000625,82.85,10.0,82.89,379.9,2690.5,8994.8,82.85,135.1,SELL,1,82.85,10.0,82.84,1050.1,82.83,138.1,82.82,642.0,82.81,850.3,82.89,379.9,82.9,2099.5,82.91,2757.1,82.92,153.7,82.93,3604.6
1700000169.5,339,82.86,0.060000000000002274,82.83,1046.2,82.89,203.9,4908.1,6457.799999999999,82.83,98.6,SELL,1,82.83,1046.2,82.82,2432.4,82.81,347.1,82.8,1017.9,82.79,64.5,82.89,203.9,82.9,123.3,82.91,1475.2,82.92,915.8,82.93,3739.6
1700000170.0,340,80.84,0.060000000000002274,80.81,446.4,80.87,10.0,7187.6,1290.1999999999998,80.81,6.4,SELL,3,80.81,446.4,80.8,207.7,80.79,179.2,80.78,1554.5,80.77,4799.8,80.87,10.0,80.88,657.6,80.89,10.0,80.9,565.0,80.91,47.6
1700000170.5,341,80.84,0.060000000000002274,80.81,28.8,80.87,86.0,1877.1999999999998,4817.299999999999,80.81,25.1,SELL,4,80.81,28.8,80.8,411.9,80.79,140.5,80.78,934.4,80.77,361.6,80.87,86.0,80.88,2592.6,80.89,2063.3,80.9,65.4,80.91,10.0
1700000171.0,342,80.83,0.060000000000002274,80.8,743.8,80.86,341.1,2441.7999999999997,4182.6,80.86,16.1,BUY,2,80.8,743.8,80.79,409.9,80.78,556.3,80.77,70.9,80.76,660.9,80.86,341.1,80.87,401.4,80.88,1380.2,80.89,2049.9,80.9,10.0
1700000171.5,343,80.82,0.05999999999998806,80.79,29.0,80.85,315.2,1418.8,4235.7,80.79,76.1,SELL,1,80.79,29.0,80.78,332.4,80.77,11.0,80.76,90.9,80.75,955.5,80.85,315.2,80.86,565.9,80.87,624.4,80.88,2565.8,80.89,164.4
1700000172.0,344,80.815,0.04999999999999716,80.79,23.6,80.84,746.5,5600.700000000001,4479.7,80.815,0.0,BUY,0,80.79,23.6,80.78,1757.2,80.77,800.6,80.76,1089.4,80.75,1929.9,80.84,746.5,80.85,1011.7,80.86,2111.5,80.87,463.1,80.88,146.9
1700000172.5,345,80.82,0.05999999999998806,80.79,46.3,80.85,808.1,2163.5,3453.4,80.85,16.2,BUY,1,80.79,46.3,80.78,72.8,80.77,96.8,80.76,1512.8,80.75,434.8,80.85,808.1,80.86,937.5,80.87,240.5,80.88,1161.0,80.89,306.3
1700000173.0,346,80.82,0.04000000000000625,80.8,100.4,80.84,150.3,4081.8,4575.5,80.84,25.6,BUY,2,80.8,100.4,80.79,613.5,80.78,431.8,80.77,313.1,80.76,2623.0,80.84,150.3,80.85,1012.9,80.86,2420.3,80.87,425.9,80.88,566.1
1700000173.5,347,80.83,0.060000000000002274,80.8,766.3,80.86,82.8,3536.2000000000003,3694.2,80.86,5.2,BUY,2,80.8,766.3,80.79,1546.5,80.78,549.0,80.77,642.3,80.76,32.1,80.86,82.8,80.87,239.2,80.88,10.0,80.89,456.2,80.9,2906.0
1700000174.0,348,80.83,0.03999999999999204,80.81,342.1,80.85,80.6,9240.0,2459.7,80.85,133.1,BUY,1,80.81,342.1,80.8,1202.8,80.79,2416.5,80.78,1805.9,80.77,3472.7,80.85,80.6,80.86,221.6,80.87,269.8,80.88,601.8,80.89,1285.9
1700000174.5,349,80.83,0.03999999999999204,80.81,838.7,80.85,86.4,3927.6,3039.0,80.85,49.7,BUY,2,80.81,838.7,80.8,1027.3,80.79,550.0,80.78,1273.7,80.77,237.9,80.85,86.4,80.86,640.8,80.87,924.0,80.88,949.9,80.89,437.9
1700000175.0,350,80.84,0.060000000000002274,80.81,348.9,80.87,835.6,3266.0000000000005,4047.8999999999996,80.87,5.0,BUY,1,80.81,348.9,80.8,659.2,80.79,941.3,80.78,1232.2,80.77,84.4,80.87,835.6,80.88,76.4,80.89,289.1,80.9,2495.6,80.91,351.2
1700000175.5,351,80.84,0.060000000000002274,80.81,821.2,80.87,1795.0,5145.2,3547.0,80.81,165.8,SELL,3,80.81,821.2,80.8,2040.0,80.79,699.5,80.78,763.6,80.77,820.9,80.87,1795.0,80.88,66.9,80.89,376.5,80.9,1179.0,80.91,129.6
1700000176.0,352,80.84,0.060000000000002274,80.81,711.2,80.87,141.1,1441.6000000000001,4851.0,80.87,12.6,BUY,1,80.81,711.2,80.8,166.9,80.79,184.8,80.78,296.7,80.77,82.0,80.87,141.1,80.88,316.0,80.89,185.4,80.9,2108.9,80.91,2099.6
1700000176.5,353,80.83,0.060000000000002274,80.8,565.1,80.86,168.9,6845.4,3693.8,80.86,8.2,BUY,2,80.8,565.1,80.79,1763.1,80.78,2668.0,80.77,1139.2,80.76,710.0,80.86,168.9,80.87,43.9,80.88,1163.5,80.89,220.6,80.9,2096.9
1700000177.0,354,80.83,0.03999999999999204,80.81,1256.8,80.85,67.1,3234.2000000000003,1202.5,80.81,5.0,SELL,2,80.81,1256.8,80.8,248.9,80.79,746.3,80.78,377.3,80.77,604.9,80.85,67.1,80.86,170.8,80.87,290.7,80.88,606.9,80.89,67.0
1700000177.5,355,80.84,0.060000000000002274,80.81,32.3,80.87,253.3,3300.8,2571.1,80.81,222.5,SELL,3,80.81,32.3,80.8,1201.9,80.79,910.6,80.78,813.1,80.77,342.9,80.87,253.3,80.88,1486.0,80.89,517.2,80.9,209.9,80.91,104.7
1700000178.0,356,80.84,0.060000000000002274,80.81,1236.5,80.87,644.1,4231.1,3079.5,80.81,33.3,SELL,4,80.81,1236.5,80.8,811.5,80.79,971.3,80.78,1074.9,80.77,136.9,80.87,644.1,80.88,411.5,80.89,1523.2,80.9,28.2,80.91,472.5
1700000178.5,357,80.85,0.060000000000002274,80.82,2391.0,80.88,426.7,5093.9,3418.3,80.88,59.6,BUY,1,80.82,2391.0,80.81,1003.2,80.8,871.7,80.79,758.3,80.78,69.7,80.88,426.7,80.89,633.7,80.9,1558.9,80.91,93.5,80.92,705.5
1700000179.0,358,80.85,0.060000000000002274,80.82,401.9,80.88,270.7,1780.5,3403.1000000000004,80.82,29.6,SELL,1,80.82,401.9,80.81,105.8,80.8,111.9,80.79,146.0,80.78,1014.9,80.88,270.7,80.89,576.4,80.9,824.9,80.91,1098.3,80.92,632.8
1700000179.5,359,80.85,0.060000000000002274,80.82,605.3,80.88,320.7,3496.2000000000003,1621.3,80.82,39.9,SELL,2,80.82,605.3,80.81,88.2,80.8,2285.4,80.79,293.0,80.78,224.3,80.88,320.7,80.89,468.7,80.9,133.9,80.91,99.5,80.92,598.5
1700000180.0,360,80.85,0.060000000000002274,80.82,264.4,80.88,256.2,2631.9,2978.1000000000004,80.82,17.2,SELL,2,80.82,264.4,80.81,96.2,80.8,85.7,80.79,62.6,80.78,2123.0,80.88,256.2,80.89,270.7,80.9,333.3,80.91,831.7,80.92,1286.2
1700000180.5,361,80.84,0.060000000000002274,80.81,544.9,80.87,517.8,5833.1,4505.0,80.87,5.0,BUY,1,80.81,544.9,80.8,2767.7,80.79,1347.7,80.78,924.6,80.77,248.2,80.87,517.8,80.88,748.7,80.89,503.9,80.9,1905.4,80.91,829.2
1700000181.0,362,80.84,0.060000000000002274,80.81,598.2,80.87,571.7,1574.4,5941.5,80.84,0.0,BUY,0,80.81,598.2,80.8,187.7,80.79,684.5,80.78,93.8,80.77,10.2,80.87,571.7,80.88,90.8,80.89,3554.2,80.9,324.7,80.91,1400.1
1700000181.5,363,80.84,0.060000000000002274,80.81,40.2,80.87,547.9,2192.3,6528.3,80.81,17.1,SELL,4,80.81,40.2,80.8,152.0,80.79,1593.9,80.78,50.9,80.77,355.3,80.87,547.9,80.88,1126.7,80.89,2145.9,80.9,1203.5,80.91,1504.3
1700000182.0,364,80.84,0.060000000000002274,80.81,112.6,80.87,591.4,1958.1,2346.8,80.81,33.5,SELL,4,80.81,112.6,80.8,248.3,80.79,344.6,80.78,414.6,80.77,838.0,80.87,591.4,80.88,649.8,80.89,335.9,80.9,411.7,80.91,358.0
1700000182.5,365,80.84,0.060000000000002274,80.81,1027.0,80.87,331.1,5078.1,3108.2,80.81,51.2,SELL,1,80.81,1027.0,80.8,492.3,80.79,2482.8,80.78,705.5,80.77,370.5,80.87,331.1,80.88,485.3,80.89,716.1,80.9,280.7,80.91,1295.0
1700000183.0,366,80.85,0.04000000000000625,80.83,293.9,80.87,1035.0,5596.4,3524.5,80.83,6.7,SELL,3,80.83,293.9,80.82,1137.2,80.81,1049.5,80.8,2223.2,80.79,892.6,80.87,1035.0,80.88,535.9,80.89,610.1,80.9,373.3,80.91,970.2
1700000183.5,367,80.85,0.060000000000002274,80.82,36.1,80.88,149.1,1265.6000000000001,8727.3,80.88,25.6,BUY,1,80.82,36.1,80.81,427.3,80.8,179.9,80.79,537.1,80.78,85.2,80.88,149.1,80.89,581.9,80.9,563.3,80.91,2865.7,80.92,4567.3
1700000184.0,368,80.85,0.060000000000002274,80.82,762.9,80.88,35.3,4543.200000000001,7664.3,80.85,0.0,BUY,0,80.82,762.9,80.81,497.6,80.8,559.5,80.79,2431.6,80.78,291.6,80.88,35.3,80.89,1472.3,80.9,2220.0,80.91,1671.2,80.92,2265.5
1700000184.5,369,80.85,0.060000000000002274,80.82,317.2,80.88,496.0,2143.3,3222.5,80.82,28.6,SELL,2,80.82,317.2,80.81,412.5,80.8,572.0,80.79,769.7,80.78,71.9,80.88,496.0,80.89,910.7,80.9,115.8,80.91,943.1,80.92,756.9
1700000185.0,370,80.84,0.060000000000002274,80.81,301.5,80.87,228.9,4159.0,2092.2,80.81,91.1,SELL,3,80.81,301.5,80.8,381.5,80.79,1454.3,80.78,558.4,80.77,1463.3,80.87,228.9,80.88,79.1,80.89,69.9,80.9,76.8,80.91,1637.5
1700000185.5,371,80.83,0.060000000000002274,80.8,158.5,80.86,80.8,7773.4,3350.5,80.86,16.9,BUY,1,80.8,158.5,80.79,1673.7,80.78,10.0,80.77,2011.5,80.76,3919.7,80.86,80.8,80.87,106.0,80.88,699.1,80.89,1654.9,80.9,809.7
1700000186.0,372,80.83,0.060000000000002274,80.8,847.6,80.86,355.8,6006.3,8086.1,80.83,0.0,BUY,0,80.8,847.6,80.79,64.0,80.78,441.4,80.77,989.4,80.76,3663.9,80.86,355.8,80.87,2692.2,80.88,614.9,80.89,607.6,80.9,3815.6
1700000186.5,373,80.815,0.04999999999999716,80.79,255.5,80.84,325.6,2600.5,10907.9,80.79,16.7,SELL,2,80.79,255.5,80.78,28.0,80.77,86.5,80.76,2070.2,80.75,160.3,80.84,325.6,80.85,1461.2,80.86,1114.1,80.87,4849.0,80.88,3158.0
1700000187.0,374,80.815,0.04999999999999716,80.79,589.8,80.84,311.5,3330.6,5676.200000000001,80.84,24.0,BUY,2,80.79,589.8,80.78,357.7,80.77,1259.2,80.76,922.0,80.75,201.9,80.84,311.5,80.85,557.7,80.86,253.0,80.87,1509.9,80.88,3044.1
1700000187.5,375,80.815,0.04999999999999716,80.79,394.1,80.84,122.3,5201.4,2329.8,80.79,30.2,SELL,4,80.79,394.1,80.78,408.6,80.77,251.3,80.76,466.5,80.75,3680.9,80.84,122.3,80.85,1318.1,80.86,148.2,80.87,553.2,80.88,188.0
1700000188.0,376,80.815,0.04999999999999716,80.79,515.5,80.84,379.4,3939.7,2575.8999999999996,80.79,26.2,SELL,1,80.79,515.5,80.78,1297.4,80.77,659.0,80.76,743.8,80.75,724.0,80.84,379.4,80.85,316.7,80.86,172.3,80.87,585.8,80.88,1121.7
1700000188.5,377,80.815,0.04999999999999716,80.79,1317.1,80.84,357.1,3134.6,1874.8,80.84,5.0,BUY,2,80.79,1317.1,80.78,60.3,80.77,599.6,80.76,768.2,80.75,389.4,80.84,357.1,80.85,63.7,80.86,115.6,80.87,938.6,80.88,399.8
1700000189.0,378,80.815,0.04999999999999716,80.79,395.7,80.84,732.1,7384.1,4382.9,80.79,26.1,SELL,3,80.79,395.7,80.78,1295.3,80.77,1650.3,80.76,2697.2,80.75,1345.6,80.84,732.1,80.85,1264.8,80.86,774.3,80.87,1030.5,80.88,581.2
1700000189.5,379,80.815,0.04999999999999716,80.79,232.4,80.84,161.0,3291.1000000000004,2543.0,80.84,90.4,BUY,2,80.79,232.4,80.78,506.7,80.77,720.2,80.76,748.4,80.75,1083.4,80.84,161.0,80.85,237.0,80.86,16.2,80.87,1707.4,80.88,421.4
1700000190.0,380,80.81,0.060000000000002274,80.78,400.5,80.84,1382.1,1586.4,5416.5,80.78,5.0,SELL,1,80.78,400.5,80.77,68.8,80.76,92.8,80.75,390.0,80.74,634.3,80.84,1382.1,80.85,829.1,80.86,1186.4,80.87,1565.8,80.88,453.1
1700000190.5,381,80.81,0.03999999999999204,80.79,653.5,80.83,265.8,4050.5,3849.6000000000004,80.79,28.0,SELL,1,80.79,653.5,80.78,548.5,80.77,335.9,80.76,2485.4,80.75,27.2,80.83,265.8,80.84,676.0,80.85,1001.3,80.86,1618.7,80.87,287.8
1700000191.0,382,80.81,0.060000000000002274,80.78,76.4,80.84,71.7,5842.0,2838.7999999999997,80.84,22.5,BUY,1,80.78,76.4,80.77,1097.9,80.76,1379.7,80.75,144.4,80.74,3143.6,80.84,71.7,80.85,766.8,80.86,120.8,80.87,1684.8,80.88,194.7
1700000191.5,383,80.81,0.060000000000002274,80.78,223.2,80.84,128.8,3335.7,6102.9,80.78,51.8,SELL,1,80.78,223.2,80.77,545.6,80.76,196.5,80.75,311.0,80.74,2059.4,80.84,128.8,80.85,488.5,80.86,1404.3,80.87,2627.2,80.88,1454.1
1700000192.0,384,80.81,0.060000000000002274,80.78,183.1,80.84,427.0,1542.5000000000002,6037.4,80.81,0.0,BUY,0,80.78,183.1,80.77,826.6,80.76,60.9,80.75,411.6,80.74,60.3,80.84,427.0,80.85,886.7,80.86,527.3,80.87,568.5,80.88,3627.9
1700000192.5,385,80.81,0.060000000000002274,80.78,266.8,80.84,106.4,3578.5,3020.0,80.81,0.0,BUY,0,80.78,266.8,80.77,571.9,80.76,679.3,80.75,333.5,80.74,1727.0,80.84,106.4,80.85,105.1,80.86,1393.7,80.87,427.1,80.88,987.7
1700000193.0,386,80.81,0.060000000000002274,80.78,1823.8,80.84,1072.1,4613.5,3632.1000000000004,80.78,12.3,SELL,1,80.78,1823.8,80.77,1104.8,80.76,1591.2,80.75,44.2,80.74,49.5,80.84,1072.1,80.85,319.6,80.86,1411.3,80.87,707.3,80.88,121.8
1700000193.5,387,80.8,0.060000000000002274,80.77,630.5,80.83,193.3,3768.7,2592.5,80.83,27.7,BUY,2,80.77,630.5,80.76,18.2,80.75,1653.8,80.74,1192.2,80.73,274.0,80.83,193.3,80.84,896.2,80.85,469.4,80.86,404.1,80.87,629.5
1700000194.0,388,80.8,0.03999999999999204,80.78,101.2,80.82,449.4,2279.1,2531.2000000000003,80.8,0.0,BUY,0,80.78,101.2,80.77,484.6,80.76,556.4,80.75,570.5,80.74,566.4,80.82,449.4,80.83,960.7,80.84,609.0,80.85,57.3,80.86,454.8
1700000194.5,389,80.79499999999999,0.04999999999999716,80.77,53.8,80.82,295.7,1540.3999999999999,4040.1,80.77,6.8,SELL,3,80.77,53.8,80.76,665.3,80.75,10.0,80.74,346.1,80.73,465.2,80.82,295.7,80.83,1626.3,80.84,371.2,80.85,1441.3,80.86,305.6
1700000195.0,390,80.78,0.060000000000002274,80.75,380.9,80.81,16.4,1877.1999999999998,2216.9,80.75,20.3,SELL,4,80.75,380.9,80.74,161.6,80.73,51.4,80.72,887.8,80.71,395.5,80.81,16.4,80.82,1077.0,80.83,202.3,80.84,439.5,80.85,481.7
1700000195.5,391,80.79499999999999,0.04999999999999716,80.77,596.2,80.82,594.6,3329.2,1426.3000000000002,80.77,35.5,SELL,3,80.77,596.2,80.76,317.4,80.75,1677.0,80.74,132.2,80.73,606.4,80.82,594.6,80.83,172.7,80.84,428.2,80.85,122.9,80.86,107.9
1700000196.0,392,80.78999999999999,0.04000000000000625,80.77,1605.3,80.81,119.5,5242.2,4923.0,80.81,40.5,BUY,1,80.77,1605.3,80.76,1919.8,80.75,547.8,80.74,33.8,80.73,1135.5,80.81,119.5,80.82,597.5,80.83,841.7,80.84,1529.8,80.85,1834.5
1700000196.5,393,80.78999999999999,0.04000000000000625,80.77,533.7,80.81,571.5,4220.3,2743.8999999999996,80.81,37.9,BUY,2,80.77,533.7,80.76,564.7,80.75,737.8,80.74,655.6,80.73,1728.5,80.81,571.5,80.82,936.5,80.83,1181.1,80.84,16.6,80.85,38.2
1700000197.0,394,80.78,0.03999999999999204,80.76,849.2,80.8,54.8,2391.2999999999997,5119.400000000001,80.8,9.8,BUY,1,80.76,849.2,80.75,825.3,80.74,206.2,80.73,358.4,80.72,152.2,80.8,54.8,80.81,283.9,80.82,1323.7,80.83,1749.7,80.84,1707.3
1700000197.5,395,80.77,0.060000000000002274,80.74,367.3,80.8,19.0,2316.4,3070.2999999999997,80.74,25.4,SELL,1,80.74,367.3,80.73,466.3,80.72,1416.0,80.71,32.3,80.7,34.5,80.8,19.0,80.81,1697.1,80.82,684.4,80.83,38.7,80.84,631.1
1700000198.0,396,80.77,0.060000000000002274,80.74,931.6,80.8,450.2,2210.6,2511.3999999999996,80.74,8.1,SELL,3,80.74,931.6,80.73,174.7,80.72,229.4,80.71,327.8,80.7,547.1,80.8,450.2,80.81,60.8,80.82,148.3,80.83,770.3,80.84,1081.8
1700000198.5,397,80.77,0.060000000000002274,80.74,1013.8,80.8,101.6,4118.1,3474.8999999999996,80.8,5.0,BUY,2,80.74,1013.8,80.73,514.6,80.72,947.7,80.71,778.7,80.7,863.3,80.8,101.6,80.81,1369.0,80.82,385.4,80.83,334.1,80.84,1284.8
1700000199.0,398,80.77,0.060000000000002274,80.74,354.0,80.8,273.3,4182.3,2560.6,80.8,42.9,BUY,4,80.74,354.0,80.73,50.7,80.72,810.3,80.71,689.9,80.7,2277.4,80.8,273.3,80.81,85.3,80.82,427.4,80.83,1276.7,80.84,497.9
1700000199.5,399,80.77,0.060000000000002274,80.74,30.8,80.8,92.9,3755.3999999999996,1567.5,80.77,0.0,BUY,0,80.74,30.8,80.73,1483.7,80.72,1016.5,80.71,421.6,80.7,802.8,80.8,92.9,80.81,553.4,80.82,32.9,80.83,66.5,80.84,821.8
1700000200.0,400,80.76,0.060000000000002274,80.73,354.0,80.79,10.0,3488.8,4014.3,80.79,5.0,BUY,1,80.73,354.0,80.72,919.4,80.71,74.0,80.7,1319.0,80.69,822.4,80.79,10.0,80.8,64.4,80.81,3023.3,80.82,794.9,80.83,121.7
1700000200.5,401,80.77,0.060000000000002274,80.74,347.6,80.8,1053.3,5646.1,2894.3,80.8,91.0,BUY,1,80.74,347.6,80.73,357.9,80.72,272.6,80.71,2883.0,80.7,1785.0,80.8,1053.3,80.81,833.1,80.82,132.2,80.83,376.8,80.84,498.9
1700000201.0,402,78.00999999999999,0.04000000000000625,77.99,578.9,78.03,509.7,7365.700000000001,4883.299999999999,78.00999999999999,0.0,BUY,0,77.99,578.9,77.98,253.5,77.97,567.0,77.96,3557.7,77.95,2408.6,78.03,509.7,78.04,592.8,78.05,578.3,78.06,1817.1,78.07,1385.4
1700000201.5,403,78.0,0.060000000000002274,77.97,237.4,78.03,39.2,2918.2000000000003,5305.0,78.03,13.7,BUY,4,77.97,237.4,77.96,1003.0,77.95,1089.4,77.94,475.5,77.93,112.9,78.03,39.2,78.04,976.3,78.05,545.0,78.06,2685.3,78.07,1059.2
1700000202.0,404,78.0,0.060000000000002274,77.97,825.9,78.03,140.5,3376.8,6006.999999999999,77.97,6.2,SELL,3,77.97,825.9,77.96,421.8,77.95,813.6,77.94,1138.8,77.93,176.7,78.03,140.5,78.04,151.2,78.05,4144.4,78.06,262.4,78.07,1308.5
1700000202.5,405,78.01,0.060000000000002274,77.98,117.6,78.04,553.3,6864.3,8774.300000000001,77.98,133.9,SELL,1,77.98,117.6,77.97,729.3,77.96,2653.7,77.95,1919.0,77.94,1444.7,78.04,553.3,78.05,4132.3,78.06,663.6,78.07,1765.0,78.08,1660.1
1700000203.0,406,78.00999999999999,0.04000000000000625,77.99,485.6,78.03,404.5,3788.5999999999995,6191.9,77.99,114.5,SELL,2,77.99,485.6,77.98,158.0,77.97,1907.6,77.96,1201.7,77.95,35.7,78.03,404.5,78.04,694.8,78.05,1194.9,78.06,624.2,78.07,3273.5
1700000203.5,407,78.00999999999999,0.04000000000000625,77.99,216.2,78.03,1934.2,1119.1999999999998,7061.4,78.00999999999999,0.0,BUY,0,77.99,216.2,77.98,318.7,77.97,171.7,77.96,22.9,77.95,389.7,78.03,1934.2,78.04,1955.4,78.05,66.6,78.06,79.5,78.07,3025.7
1700000204.0,408,78.00999999999999,0.04000000000000625,77.99,328.0,78.03,1091.4,1553.2,3088.9000000000005,77.99,7.3,SELL,2,77.99,328.0,77.98,38.5,77.97,392.6,77.96,77.5,77.95,716.6,78.03,1091.4,78.04,10.0,78.05,672.9,78.06,982.3,78.07,332.3
1700000204.5,409,78.01,0.060000000000002274,77.98,94.8,78.04,64.4,5457.7,868.2,77.98,82.3,SELL,2,77.98,94.8,77.97,1645.0,77.96,1371.9,77.95,271.9,77.94,2074.1,78.04,64.4,78.05,20.3,78.06,183.8,78.07,204.7,78.08,395.0
1700000205.0,410,78.01,0.060000000000002274,77.98,361.5,78.04,668.4,2027.3999999999999,2736.8,77.98,5.0,SELL,1,77.98,361.5,77.97,855.0,77.96,75.6,77.95,367.1,77.94,368.2,78.04,668.4,78.05,155.0,78.06,1544.9,78.07,18.8,78.08,349.7
1700000205.5,411,78.02000000000001,0.04000000000000625,78.0,369.2,78.04,193.8,1801.3,2912.7,78.04,11.8,BUY,2,78.0,369.2,77.99,381.6,77.98,70.2,77.97,345.6,77.96,634.7,78.04,193.8,78.05,360.7,78.06,1450.9,78.07,224.6,78.08,682.7
1700000206.0,412,78.01,0.060000000000002274,77.98,1335.4,78.04,97.7,4729.3,6865.3,77.98,109.3,SELL,4,77.98,1335.4,77.97,307.4,77.96,2275.2,77.95,793.1,77.94,18.2,78.04,97.7,78.05,367.8,78.06,3105.0,78.07,3163.6,78.08,131.2
1700000206.5,413,78.01,0.060000000000002274,77.98,322.7,78.04,1464.3,5359.0,2831.5,78.01,0.0,BUY,0,77.98,322.7,77.97,1475.0,77.96,2078.2,77.95,422.7,77.94,1060.4,78.04,1464.3,78.05,241.8,78.06,222.8,78.07,464.8,78.08,437.8
1700000207.0,414,78.0,0.060000000000002274,77.97,318.4,78.03,241.7,7784.799999999999,2542.0,77.97,12.3,SELL,1,77.97,318.4,77.96,4061.0,77.95,709.9,77.94,286.1,77.93,2409.4,78.03,241.7,78.04,62.5,78.05,59.8,78.06,1172.7,78.07,1005.3
1700000207.5,415,77.99000000000001,0.04000000000000625,77.97,574.3,78.01,677.2,2459.5,11303.7,78.01,5.0,BUY,1,77.97,574.3,77.96,286.7,77.95,63.1,77.94,139.3,77.93,1396.1,78.01,677.2,78.02,513.1,78.03,5140.8,78.04,107.7,78.05,4864.9
1700000208.0,416,77.99,0.060000000000002274,77.96,2986.8,78.02,361.4,7696.800000000001,1828.4,78.02,5.0,BUY,2,77.96,2986.8,77.95,210.8,77.94,285.4,77.93,3229.2,77.92,984.6,78.02,361.4,78.03,251.3,78.04,713.5,78.05,276.6,78.06,225.6
1700000208.5,417,77.99,0.060000000000002274,77.96,1445.8,78.02,904.8,6278.3,3092.3999999999996,78.02,29.5,BUY,4,77.96,1445.8,77.95,2493.5,77.94,1253.3,77.93,306.4,77.92,779.3,78.02,904.8,78.03,393.8,78.04,241.3,78.05,409.2,78.06,1143.3
1700000209.0,418,77.99,0.060000000000002274,77.96,667.9,78.02,256.5,2977.1000000000004,3024.1,77.96,25.3,SELL,1,77.96,667.9,77.95,1201.9,77.94,85.5,77.93,55.4,77.92,966.4,78.02,256.5,78.03,495.3,78.04,116.3,78.05,1783.6,78.06,372.4
1700000209.5,419,77.99,0.060000000000002274,77.96,78.7,78.02,243.7,10977.0,3605.9,78.02,24.2,BUY,2,77.96,78.7,77.95,4286.3,77.94,1279.5,77.93,3831.0,77.92,1501.5,78.02,243.7,78.03,1234.6,78.04,281.9,78.05,905.8,78.06,939.9
1700000210.0,420,77.99000000000001,0.04000000000000625,77.97,545.8,78.01,156.6,3537.3,678.7999999999998,78.01,17.5,BUY,3,77.97,545.8,77.96,277.6,77.95,296.7,77.94,1532.4,77.93,884.8,78.01,156.6,78.02,198.6,78.03,262.4,78.04,48.4,78.05,12.8
1700000210.5,421,77.99,0.060000000000002274,77.96,108.4,78.02,620.5,4111.8,5310.0,77.96,27.3,SELL,2,77.96,108.4,77.95,664.5,77.94,895.3,77.93,1782.9,77.92,660.7,78.02,620.5,78.03,503.3,78.04,917.4,78.05,426.2,78.06,2842.6
1700000211.0,422,78.0,0.060000000000002274,77.97,1540.9,78.03,148.0,5403.2,4918.2,78.03,43.2,BUY,1,77.97,1540.9,77.96,198.1,77.95,703.2,77.94,394.3,77.93,2566.7,78.03,148.0,78.04,689.1,78.05,459.0,78.06,1136.8,78.07,2485.3
1700000211.5,423,78.0,0.060000000000002274,77.97,33.3,78.03,786.7,2667.2,4414.5,78.0,0.0,BUY,0,77.97,33.3,77.96,595.1,77.95,591.7,77.94,1120.9,77.93,326.2,78.03,786.7,78.04,234.1,78.05,296.4,78.06,2969.1,78.07,128.2
1700000212.0,424,77.99,0.060000000000002274,77.96,43.2,78.02,457.7,2402.7,7989.2,78.02,23.7,BUY,1,77.96,43.2,77.95,33.5,77.94,65.5,77.93,2101.6,77.92,158.9,78.02,457.7,78.03,1091.6,78.04,1908.4,78.05,2682.5,78.06,1849.0
1700000212.5,425,78.0,0.060000000000002274,77.97,766.5,78.03,298.7,3686.6,3169.2,78.03,132.3,BUY,1,77.97,766.5,77.96,1000.0,77.95,1191.7,77.94,286.9,77.93,441.5,78.03,298.7,78.04,34.1,78.05,481.8,78.06,348.5,78.07,2006.1
1700000213.0,426,78.0,0.060000000000002274,77.97,302.5,78.03,23.1,4071.5000000000005,3602.8999999999996,78.0,0.0,BUY,0,77.97,302.5,77.96,1714.3,77.95,465.6,77.94,1499.2,77.93,89.9,78.03,23.1,78.04,329.5,78.05,209.9,78.06,957.7,78.07,2082.7
1700000213.5,427,78.0,0.03999999999999204,77.98,1075.2,78.02,394.4,3558.0,7299.0,77.98,8.2,SELL,1,77.98,1075.2,77.97,658.6,77.96,826.9,77.95,720.6,77.94,276.7,78.02,394.4,78.03,457.2,78.04,811.9,78.05,2850.8,78.06,2784.7
1700000214.0,428,78.0,0.060000000000002274,77.97,1398.2,78.03,410.2,4911.3,7202.700000000001,78.03,33.6,BUY,1,77.97,1398.2,77.96,364.7,77.95,10.5,77.94,1727.1,77.93,1410.8,78.03,410.2,78.04,3043.9,78.05,1350.4,78.06,1464.6,78.07,933.6
1700000214.5,429,78.01,0.060000000000002274,77.98,88.3,78.04,138.9,5210.1,4091.2000000000003,78.01,0.0,BUY,0,77.98,88.3,77.97,52.8,77.96,1095.7,77.95,2470.2,77.94,1503.1,78.04,138.9,78.05,516.2,78.06,822.1,78.07,1032.1,78.08,1581.9
1700000215.0,430,78.01,0.060000000000002274,77.98,418.4,78.04,1078.8,1665.6,5233.9,78.04,34.6,BUY,1,77.98,418.4,77.97,364.1,77.96,201.0,77.95,377.7,77.94,304.4,78.04,1078.8,78.05,2717.4,78.06,618.4,78.07,477.5,78.08,341.8
1700000215.5,431,72.28,0.060000000000002274,72.25,99.2,72.31,285.8,2849.6,4753.900000000001,72.31,30.0,BUY,3,72.25,99.2,72.24,760.4,72.23,212.5,72.22,230.5,72.21,1547.0,72.31,285.8,72.32,168.3,72.33,2983.3,72.34,375.8,72.35,940.7
1700000216.0,432,72.27,0.060000000000002274,72.24,147.2,72.3,464.2,3143.8,2875.4,72.3,53.7,BUY,2,72.24,147.2,72.23,1099.9,72.22,1321.9,72.21,256.4,72.2,318.4,72.3,464.2,72.31,87.8,72.32,1490.9,72.33,500.8,72.34,331.7
1700000216.5,433,72.27,0.060000000000002274,72.24,238.0,72.3,1109.6,4840.3,5968.2,72.24,9.0,SELL,1,72.24,238.0,72.23,297.8,72.22,75.4,72.21,1819.8,72.2,2409.3,72.3,1109.6,72.31,923.3,72.32,97.2,72.33,1086.8,72.34,2751.3
1700000217.0,434,72.27,0.060000000000002274,72.24,89.0,72.3,292.3,1880.1000000000001,8780.7,72.27,0.0,BUY,0,72.24,89.0,72.23,120.1,72.22,242.7,72.21,1394.4,72.2,33.9,72.3,292.3,72.31,3103.2,72.32,920.1,72.33,352.2,72.34,4112.9
1700000217.5,435,72.28,0.060000000000002274,72.25,34.7,72.31,133.3,1757.0000000000002,6917.299999999999,72.31,60.6,BUY,2,72.25,34.7,72.24,712.2,72.23,366.7,72.22,345.1,72.21,298.3,72.31,133.3,72.32,97.5,72.33,203.4,72.34,3130.2,72.35,3352.9
1700000218.0,436,72.27,0.060000000000002274,72.24,61.8,72.3,557.0,2959.0,2854.8,72.24,22.3,SELL,1,72.24,61.8,72.23,1098.7,72.22,960.6,72.21,258.7,72.2,579.2,72.3,557.0,72.31,95.9,72.32,298.4,72.33,376.7,72.34,1526.8
1700000218.5,437,72.26,0.060000000000002274,72.23,108.0,72.29,1044.7,5191.0,1667.5,72.29,95.0,BUY,2,72.23,108.0,72.22,39.5,72.21,1627.1,72.2,1813.0,72.19,1603.4,72.29,1044.7,72.3,216.0,72.31,16.0,72.32,274.4,72.33,116.4
1700000219.0,438,72.26,0.060000000000002274,72.23,52.1,72.29,267.0,5385.5,1420.8000000000002,72.23,7.6,SELL,2,72.23,52.1,72.22,543.2,72.21,3346.6,72.2,1217.6,72.19,226.0,72.29,267.0,72.3,420.5,72.31,482.9,72.32,240.4,72.33,10.0
1700000219.5,439,72.27000000000001,0.04000000000000625,72.25,97.1,72.29,980.4,3828.1,3005.3999999999996,72.25,76.2,SELL,5,72.25,97.1,72.24,493.2,72.23,708.1,72.22,328.6,72.21,2201.1,72.29,980.4,72.3,64.7,72.31,636.4,72.32,31.6,72.33,1292.3
1700000220.0,440,72.28,0.060000000000002274,72.25,369.0,72.31,1489.3,1790.4,5878.5,72.28,0.0,BUY,0,72.25,369.0,72.24,456.6,72.23,517.8,72.22,189.5,72.21,257.5,72.31,1489.3,72.32,618.1,72.33,498.8,72.34,1299.9,72.35,1972.4
1700000220.5,441,72.28999999999999,0.04000000000000625,72.27,10.0,72.31,471.4,1717.3,5617.799999999999,72.27,21.9,SELL,2,72.27,10.0,72.26,388.1,72.25,450.2,72.24,631.2,72.23,237.8,72.31,471.4,72.32,590.8,72.33,1465.7,72.34,1826.2,72.35,1263.7
1700000221.0,442,72.28,0.060000000000002274,72.25,485.2,72.31,393.7,5173.9,4022.8999999999996,72.28,0.0,BUY,0,72.25,485.2,72.24,74.2,72.23,2234.1,72.22,683.7,72.21,1696.7,72.31,393.7,72.32,579.4,72.33,309.5,72.34,33.7,72.35,2706.6
1700000221.5,443,72.28,0.060000000000002274,72.25,520.8,72.31,290.2,959.3,3460.7,72.28,0.0,BUY,0,72.25,520.8,72.24,196.8,72.23,56.9,72.22,128.6,72.21,56.2,72.31,290.2,72.32,559.8,72.33,274.7,72.34,353.0,72.35,1983.0
1700000222.0,444,72.28,0.03999999999999204,72.26,274.1,72.3,68.5,2729.7,2251.7,72.26,5.0,SELL,1,72.26,274.1,72.25,461.4,72.24,281.8,72.23,435.3,72.22,1277.1,72.3,68.5,72.31,178.6,72.32,1228.8,72.33,464.0,72.34,311.8
1700000222.5,445,72.28,0.060000000000002274,72.25,102.8,72.31,273.5,3164.1,3847.1,72.25,71.0,SELL,4,72.25,102.8,72.24,518.1,72.23,886.2,72.22,705.5,72.21,951.5,72.31,273.5,72.32,494.3,72.33,1266.7,72.34,1795.9,72.35,16.7
1700000223.0,446,72.28999999999999,0.05999999999998806,72.26,152.7,72.32,465.2,3976.3,4098.900000000001,72.26,51.5,SELL,2,72.26,152.7,72.25,246.0,72.24,746.0,72.23,459.1,72.22,2372.5,72.32,465.2,72.33,841.2,72.34,690.9,72.35,1770.5,72.36,331.1
1700000223.5,447,72.29499999999999,0.04999999999999716,72.27,45.3,72.32,332.5,1389.1,2868.4000000000005,72.27,5.0,SELL,2,72.27,45.3,72.26,531.4,72.25,15.6,72.24,277.6,72.23,519.2,72.32,332.5,72.33,424.7,72.34,1350.9,72.35,229.4,72.36,530.9
1700000224.0,448,69.67,0.060000000000002274,69.64,85.6,69.7,42.3,2595.2000000000003,1561.6,69.64,46.9,SELL,3,69.64,85.6,69.63,555.5,69.62,514.2,69.61,215.2,69.6,1224.7,69.7,42.3,69.71,304.2,69.72,368.4,69.73,605.8,69.74,240.9
1700000224.5,449,69.67,0.060000000000002274,69.64,1726.9,69.7,1232.3,4081.8,8481.6,69.7,8.0,BUY,1,69.64,1726.9,69.63,986.6,69.62,345.7,69.61,78.9,69.6,943.7,69.7,1232.3,69.71,2561.8,69.72,442.8,69.73,3549.5,69.74,695.2
1700000225.0,450,69.67,0.060000000000002274,69.64,27.5,69.7,100.4,5723.9,2643.7000000000003,69.7,49.5,BUY,3,69.64,27.5,69.63,1216.0,69.62,767.5,69.61,2611.4,69.6,1101.5,69.7,100.4,69.71,96.8,69.72,1660.2,69.73,638.2,69.74,148.1
1700000225.5,451,69.67,0.060000000000002274,69.64,394.9,69.7,771.6,11441.400000000001,6332.1,69.64,59.5,SELL,1,69.64,394.9,69.63,3897.4,69.62,742.8,69.61,886.3,69.6,5520.0,69.7,771.6,69.71,1760.6,69.72,1414.7,69.73,1801.6,69.74,583.6
1700000226.0,452,69.67,0.060000000000002274,69.64,1150.0,69.7,11.2,6548.4,1452.3,69.64,87.0,SELL,2,69.64,1150.0,69.63,203.3,69.62,2468.6,69.61,183.5,69.6,2543.0,69.7,11.2,69.71,764.7,69.72,219.4,69.73,322.7,69.74,134.3
1700000226.5,453,69.67,0.060000000000002274,69.64,1112.9,69.7,188.3,2501.0,4787.2,69.7,15.0,BUY,1,69.64,1112.9,69.63,620.3,69.62,218.0,69.61,100.5,69.6,449.3,69.7,188.3,69.71,373.2,69.72,3071.5,69.73,875.8,69.74,278.4
1700000227.0,454,69.66,0.060000000000002274,69.63,159.3,69.69,352.2,2890.6000000000004,5830.1,69.63,33.1,SELL,3,69.63,159.3,69.62,1054.5,69.61,854.5,69.6,141.9,69.59,680.4,69.69,352.2,69.7,217.9,69.71,538.1,69.72,1667.6,69.73,3054.3
1700000227.5,455,68.28999999999999,0.04000000000000625,68.27,402.1,68.31,257.6,5269.400000000001,4430.0,68.27,28.4,SELL,3,68.27,402.1,68.26,744.7,68.25,46.4,68.24,2564.3,68.23,1511.9,68.31,257.6,68.32,1199.0,68.33,356.2,68.34,1423.8,68.35,1193.4
1700000228.0,456,68.29499999999999,0.04999999999999716,68.27,45.4,68.32,1203.9,2315.0,6656.9,68.32,6.8,BUY,3,68.27,45.4,68.26,188.0,68.25,618.4,68.24,158.8,68.23,1304.4,68.32,1203.9,68.33,833.7,68.34,443.5,68.35,3375.4,68.36,800.4
1700000228.5,457,68.29499999999999,0.04999999999999716,68.27,971.8,68.32,401.8,2582.6,5655.6,68.32,37.2,BUY,5,68.27,971.8,68.26,364.9,68.25,78.5,68.24,401.5,68.23,765.9,68.32,401.8,68.33,1036.1,68.34,160.8,68.35,1899.9,68.36,2157.0
1700000229.0,458,68.28,0.060000000000002274,68.25,425.8,68.31,630.4,4466.7,5175.0,68.31,5.0,BUY,3,68.25,425.8,68.24,161.5,68.23,267.8,68.22,1434.0,68.21,2177.6,68.31,630.4,68.32,793.5,68.33,498.0,68.34,67.7,68.35,3185.4
1700000229.5,459,68.28,0.060000000000002274,68.25,1231.1,68.31,958.0,4194.7,5413.5,68.25,12.1,SELL,1,68.25,1231.1,68.24,1361.1,68.23,114.5,68.22,959.9,68.21,528.1,68.31,958.0,68.32,775.9,68.33,600.7,68.34,207.3,68.35,2871.6
1700000230.0,460,68.28,0.060000000000002274,68.25,830.4,68.31,741.6,4746.5,2144.7,68.31,118.5,BUY,2,68.25,830.4,68.24,902.2,68.23,1757.9,68.22,705.2,68.21,550.8,68.31,741.6,68.32,975.8,68.33,163.2,68.34,15.6,68.35,248.5
1700000230.5,461,68.28,0.060000000000002274,68.25,1756.6,68.31,23.9,8393.7,3166.1,68.25,27.1,SELL,1,68.25,1756.6,68.24,1481.2,68.23,2258.5,68.22,1699.4,68.21,1198.0,68.31,23.9,68.32,343.8,68.33,253.3,68.34,2119.7,68.35,425.4
1700000231.0,462,68.28,0.060000000000002274,68.25,168.7,68.31,48.6,3324.4,2786.4,68.25,104.4,SELL,1,68.25,168.7,68.24,1245.6,68.23,1187.9,68.22,67.8,68.21,654.4,68.31,48.6,68.32,1871.3,68.33,102.2,68.34,259.4,68.35,504.9
1700000231.5,463,68.28,0.060000000000002274,68.25,78.1,68.31,600.0,3518.8,2571.1,68.31,8.1,BUY,1,68.25,78.1,68.24,363.9,68.23,733.0,68.22,864.1,68.21,1479.7,68.31,600.0,68.32,30.4,68.33,946.7,68.34,406.0,68.35,588.0
1700000232.0,464,68.28,0.060000000000002274,68.25,377.5,68.31,875.7,2361.4,6758.700000000001,68.28,0.0,BUY,0,68.25,377.5,68.24,123.8,68.23,203.1,68.22,418.5,68.21,1238.5,68.31,875.7,68.32,1682.6,68.33,962.5,68.34,1297.5,68.35,1940.4
1700000232.5,465,68.28,0.060000000000002274,68.25,799.4,68.31,1838.8,7942.4,3397.1,68.31,5.0,BUY,3,68.25,799.4,68.24,804.3,68.23,599.0,68.22,1036.4,68.21,4703.3,68.31,1838.8,68.32,58.2,68.33,964.1,68.34,70.7,68.35,465.3
1700000233.0,466,68.28,0.060000000000002274,68.25,1214.6,68.31,44.4,3000.5,4525.0,68.28,0.0,BUY,0,68.25,1214.6,68.24,162.3,68.23,1462.6,68.22,134.3,68.21,26.7,68.31,44.4,68.32,560.4,68.33,3054.9,68.34,372.6,68.35,492.7
1700000233.5,467,68.27,0.060000000000002274,68.24,472.2,68.3,646.9,2207.3,2916.7000000000003,68.3,5.0,BUY,2,68.24,472.2,68.23,35.1,68.22,411.0,68.21,402.6,68.2,886.4,68.3,646.9,68.31,137.1,68.32,704.4,68.33,1110.9,68.34,317.4
1700000234.0,468,68.27,0.060000000000002274,68.24,37.7,68.3,74.1,1839.5,1572.1,68.24,9.3,SELL,5,68.24,37.7,68.23,660.1,68.22,194.4,68.21,899.7,68.2,47.6,68.3,74.1,68.31,127.6,68.32,1247.1,68.33,23.6,68.34,99.7
1700000234.5,469,68.27000000000001,0.04000000000000625,68.25,642.2,68.29,2532.2,1493.3000000000002,6047.0,68.25,8.3,SELL,2,68.25,642.2,68.24,173.1,68.23,307.8,68.22,158.9,68.21,211.3,68.29,2532.2,68.3,539.4,68.31,777.6,68.32,2158.9,68.33,38.9
1700000235.0,470,68.27,0.060000000000002274,68.24,277.7,68.3,1443.4,1761.7,6623.2,68.3,83.8,BUY,1,68.24,277.7,68.23,31.4,68.22,471.3,68.21,943.4,68.2,37.9,68.3,1443.4,68.31,399.8,68.32,262.1,68.33,155.0,68.34,4362.9
1700000235.5,471,68.27000000000001,0.04000000000000625,68.25,1448.7,68.29,282.7,5776.4,6678.9,68.25,5.0,SELL,1,68.25,1448.7,68.24,1436.9,68.23,1524.4,68.22,803.9,68.21,562.5,68.29,282.7,68.3,542.3,68.31,1097.7,68.32,1529.6,68.33,3226.6
1700000236.0,472,68.27000000000001,0.04000000000000625,68.25,98.6,68.29,48.7,954.0,1368.9,68.27000000000001,0.0,BUY,0,68.25,98.6,68.24,98.6,68.23,386.1,68.22,286.6,68.21,84.1,68.29,48.7,68.3,54.2,68.31,291.9,68.32,272.5,68.33,701.6
1700000236.5,473,68.27,0.060000000000002274,68.24,530.3,68.3,1765.2,1765.5,6954.100000000001,68.24,93.5,SELL,2,68.24,530.3,68.23,715.3,68.22,72.9,68.21,419.5,68.2,27.5,68.3,1765.2,68.31,2116.6,68.32,2427.9,68.33,288.3,68.34,356.1
1700000237.0,474,68.28,0.03999999999999204,68.26,113.6,68.3,80.8,1840.5,4061.8999999999996,68.26,87.8,SELL,1,68.26,113.6,68.25,602.9,68.24,958.5,68.23,119.8,68.22,45.7,68.3,80.8,68.31,1287.4,68.32,2382.5,68.33,13.2,68.34,298.0
1700000237.5,475,68.27,0.060000000000002274,68.24,162.3,68.3,348.3,3965.9000000000005,4625.1,68.24,82.1,SELL,2,68.24,162.3,68.23,1337.4,68.22,373.6,68.21,1489.4,68.2,603.2,68.3,348.3,68.31,3381.5,68.32,117.2,68.33,752.3,68.34,25.8
1700000238.0,476,68.28,0.060000000000002274,68.25,367.5,68.31,149.4,6082.6,5213.8,68.25,21.8,SELL,1,68.25,367.5,68.24,4152.1,68.23,455.8,68.22,568.9,68.21,538.3,68.31,149.4,68.32,1342.7,68.33,2135.0,68.34,1060.4,68.35,526.3
1700000238.5,477,68.28,0.03999999999999204,68.26,236.5,68.3,230.2,4020.7,6012.8,68.26,106.7,SELL,2,68.26,236.5,68.25,271.3,68.24,1276.2,68.23,1939.5,68.22,297.2,68.3,230.2,68.31,140.0,68.32,796.9,68.33,216.7,68.34,4629.0
1700000239.0,478,68.28,0.060000000000002274,68.25,809.4,68.31,176.7,4712.9,1755.5,68.28,0.0,BUY,0,68.25,809.4,68.24,1439.9,68.23,507.6,68.22,940.0,68.21,1016.0,68.31,176.7,68.32,266.2,68.33,385.9,68.34,319.7,68.35,607.0
1700000239.5,479,68.28,0.060000000000002274,68.25,85.6,68.31,300.3,1800.8,2461.0,68.28,0.0,BUY,0,68.25,85.6,68.24,717.2,68.23,201.7,68.22,564.3,68.21,232.0,68.31,300.3,68.32,544.5,68.33,888.3,68.34,260.4,68.35,467.5
1700000240.0,480,68.28,0.060000000000002274,68.25,539.0,68.31,463.5,2364.4,6935.0,68.31,5.0,BUY,1,68.25,539.0,68.24,735.7,68.23,73.9,68.22,365.5,68.21,650.3,68.31,463.5,68.32,102.2,68.33,2347.7,68.34,394.2,68.35,3627.4
1700000240.5,481,68.71000000000001,0.05999999999998806,68.68,705.7,68.74,468.2,3371.2999999999997,4991.9,68.68,15.7,SELL,3,68.68,705.7,68.67,225.9,68.66,481.5,68.65,1056.3,68.64,901.9,68.74,468.2,68.75,3088.8,68.76,507.2,68.77,226.2,68.78,701.5
1700000241.0,482,68.72,0.060000000000002274,68.69,170.0,68.75,10.0,3955.7,1923.9,68.75,19.2,BUY,4,68.69,170.0,68.68,945.9,68.67,1795.6,68.66,409.0,68.65,635.2,68.75,10.0,68.76,115.5,68.77,206.7,68.78,613.8,68.79,977.9
1700000241.5,483,68.72,0.03999999999999204,68.7,403.2,68.74,148.4,1467.8999999999999,4888.599999999999,68.74,5.0,BUY,1,68.7,403.2,68.69,127.2,68.68,544.4,68.67,93.3,68.66,299.8,68.74,148.4,68.75,14.1,68.76,789.5,68.77,3492.4,68.78,444.2
1700000242.0,484,68.73,0.060000000000002274,68.7,25.5,68.76,599.6,2440.0,2930.5,68.73,0.0,BUY,0,68.7,25.5,68.69,41.6,68.68,182.0,68.67,723.2,68.66,1467.7,68.76,599.6,68.77,397.3,68.78,104.0,68.79,272.8,68.8,1556.8
1700000242.5,485,68.72999999999999,0.04000000000000625,68.71,1215.6,68.75,347.2,5367.6,3838.1,68.71,34.6,SELL,1,68.71,1215.6,68.7,220.1,68.69,395.7,68.68,820.8,68.67,2715.4,68.75,347.2,68.76,20.9,68.77,2574.7,68.78,650.4,68.79,244.9
1700000243.0,486,68.73,0.060000000000002274,68.7,288.2,68.76,63.7,3618.5,3211.2999999999997,68.7,26.5,SELL,3,68.7,288.2,68.69,33.2,68.68,815.4,68.67,1137.3,68.66,1344.4,68.76,63.7,68.77,555.2,68.78,1444.3,68.79,690.9,68.8,457.2
1700000243.5,487,68.73,0.060000000000002274,68.7,40.8,68.76,242.8,2036.8,6711.799999999999,68.7,7.4,SELL,5,68.7,40.8,68.69,283.7,68.68,77.8,68.67,1015.7,68.66,618.8,68.76,242.8,68.77,12.9,68.78,135.7,68.79,5567.9,68.8,752.5
1700000244.0,488,68.73,0.060000000000002274,68.7,305.6,68.76,279.2,2096.6,4247.1,68.7,115.4,SELL,1,68.7,305.6,68.69,675.0,68.68,656.0,68.67,435.0,68.66,25.0,68.76,279.2,68.77,549.0,68.78,903.7,68.79,2432.9,68.8,82.3
1700000244.5,489,68.73,0.060000000000002274,68.7,668.9,68.76,113.5,3711.3,3946.3,68.76,10.7,BUY,2,68.7,668.9,68.69,1595.9,68.68,86.7,68.67,53.5,68.66,1306.3,68.76,113.5,68.77,390.5,68.78,3085.3,68.79,258.9,68.8,98.1
1700000245.0,490,68.73,0.060000000000002274,68.7,10.0,68.76,244.7,1922.3999999999999,3162.7000000000003,68.7,46.2,SELL,4,68.7,10.0,68.69,681.7,68.68,254.5,68.67,729.9,68.66,246.3,68.76,244.7,68.77,488.7,68.78,192.5,68.79,1220.4,68.8,1016.4
1700000245.5,491,68.73,0.060000000000002274,68.7,1093.7,68.76,249.2,7667.9,1373.7,68.7,18.8,SELL,2,68.7,1093.7,68.69,63.8,68.68,480.6,68.67,297.8,68.66,5732.0,68.76,249.2,68.77,596.8,68.78,25.3,68.79,406.5,68.8,95.9
1700000246.0,492,68.73,0.060000000000002274,68.7,2169.9,68.76,311.6,5690.799999999999,5054.2,68.7,7.2,SELL,2,68.7,2169.9,68.69,755.6,68.68,1284.0,68.67,332.7,68.66,1148.6,68.76,311.6,68.77,49.6,68.78,2609.8,68.79,569.5,68.8,1513.7
1700000246.5,493,68.72,0.060000000000002274,68.69,438.3,68.75,117.6,5640.7,5754.8,68.72,0.0,BUY,0,68.69,438.3,68.68,40.9,68.67,258.4,68.66,1962.8,68.65,2940.3,68.75,117.6,68.76,335.2,68.77,3705.5,68.78,117.3,68.79,1479.2
1700000247.0,494,68.73,0.060000000000002274,68.7,317.8,68.76,744.8,3848.8,5578.099999999999,68.76,16.8,BUY,4,68.7,317.8,68.69,542.4,68.68,39.4,68.67,671.6,68.66,2277.6,68.76,744.8,68.77,3541.4,68.78,28.2,68.79,604.0,68.8,659.7
1700000247.5,495,68.74,0.060000000000002274,68.71,813.9,68.77,1239.7,3752.7999999999997,2417.5,68.71,5.0,SELL,3,68.71,813.9,68.7,828.0,68.69,1187.3,68.68,366.0,68.67,557.6,68.77,1239.7,68.78,136.6,68.79,425.9,68.8,117.8,68.81,497.5
1700000248.0,496,68.74000000000001,0.04000000000000625,68.72,1047.6,68.76,74.0,3581.6,3107.9,68.76,5.0,BUY,2,68.72,1047.6,68.71,577.5,68.7,709.6,68.69,161.4,68.68,1085.5,68.76,74.0,68.77,1583.5,68.78,556.9,68.79,508.1,68.8,385.4
1700000248.5,497,68.73,0.060000000000002274,68.7,744.2,68.76,103.5,4062.2,1132.8,68.76,22.9,BUY,4,68.7,744.2,68.69,2023.3,68.68,737.6,68.67,450.2,68.66,106.9,68.76,103.5,68.77,361.4,68.78,53.3,68.79,171.3,68.8,443.3
1700000249.0,498,68.73,0.060000000000002274,68.7,510.8,68.76,30.6,3849.4,2031.6999999999998,68.7,15.1,SELL,1,68.7,510.8,68.69,331.2,68.68,113.3,68.67,1902.7,68.66,991.4,68.76,30.6,68.77,1338.7,68.78,100.3,68.79,151.0,68.8,411.1
1700000249.5,499,68.73,0.060000000000002274,68.7,64.3,68.76,71.3,7854.4,5904.6,68.76,64.9,BUY,1,68.7,64.3,68.69,477.2,68.68,1812.3,68.67,919.9,68.66,4580.7,68.76,71.3,68.77,608.4,68.78,3799.9,68.79,237.4,68.8,1187.6
1700000250.0,500,68.72,0.03999999999999204,68.7,72.0,68.74,125.1,1738.2,5830.0,68.74,5.0,BUY,3,68.7,72.0,68.69,508.8,68.68,358.5,68.67,596.7,68.66,202.2,68.74,125.1,68.75,1475.4,68.76,843.5,68.77,3068.6,68.78,317.4
1700000250.5,501,68.72,0.060000000000002274,68.69,608.4,68.75,2251.5,2342.8,6097.999999999999,68.69,27.9,SELL,4,68.69,608.4,68.68,116.9,68.67,99.7,68.66,300.6,68.65,1217.2,68.75,2251.5,68.76,1208.1,68.77,2247.7,68.78,87.7,68.79,303.0
1700000251.0,502,68.72,0.060000000000002274,68.69,46.0,68.75,513.2,2745.8999999999996,4139.0,68.75,43.5,BUY,2,68.69,46.0,68.68,1608.5,68.67,804.7,68.66,202.1,68.65,84.6,68.75,513.2,68.76,617.1,68.77,1795.1,68.78,651.3,68.79,562.3
1700000251.5,503,68.72,0.060000000000002274,68.69,131.6,68.75,240.2,7342.299999999999,1192.7,68.72,0.0,BUY,0,68.69,131.6,68.68,3079.6,68.67,2072.2,68.66,167.3,68.65,1891.6,68.75,240.2,68.76,67.1,68.77,26.6,68.78,701.4,68.79,157.4
1700000252.0,504,68.72,0.060000000000002274,68.69,62.4,68.75,167.8,3504.3999999999996,2247.2999999999997,68.69,23.0,SELL,3,68.69,62.4,68.68,377.2,68.67,178.5,68.66,452.8,68.65,2433.5,68.75,167.8,68.76,747.5,68.77,184.6,68.78,198.8,68.79,948.6
1700000252.5,505,68.72,0.060000000000002274,68.69,413.1,68.75,851.0,2625.7000000000003,2530.2,68.69,25.5,SELL,1,68.69,413.1,68.68,371.1,68.67,227.0,68.66,1040.1,68.65,574.4,68.75,851.0,68.76,326.9,68.77,589.6,68.78,71.6,68.79,691.1
1700000253.0,506,68.72,0.060000000000002274,68.69,733.2,68.75,886.6,3486.9,4526.1,68.69,7.6,SELL,1,68.69,733.2,68.68,232.0,68.67,695.2,68.66,1277.6,68.65,548.9,68.75,886.6,68.76,367.2,68.77,1921.0,68.78,575.4,68.79,775.9
1700000253.5,507,68.72,0.060000000000002274,68.69,364.6,68.75,1035.6,3894.5000000000005,7408.6,68.69,25.6,SELL,1,68.69,364.6,68.68,837.2,68.67,754.5,68.66,1662.9,68.65,275.3,68.75,1035.6,68.76,1334.3,68.77,2564.8,68.78,863.1,68.79,1610.8
1700000254.0,508,68.70500000000001,0.04999999999999716,68.68,712.4,68.73,10.0,2131.6,5477.9,68.68,5.0,SELL,1,68.68,712.4,68.67,151.8,68.66,297.4,68.65,430.9,68.64,539.1,68.73,10.0,68.74,640.3,68.75,120.0,68.76,92.9,68.77,4614.7
1700000254.5,509,68.70500000000001,0.04999999999999716,68.68,393.9,68.73,518.3,2704.3,8526.8,68.73,54.5,BUY,2,68.68,393.9,68.67,23.6,68.66,178.2,68.65,1476.9,68.64,631.7,68.73,518.3,68.74,325.5,68.75,1138.6,68.76,644.2,68.77,5900.2
1700000255.0,510,68.70500000000001,0.04999999999999716,68.68,169.0,68.73,520.3,4353.1,5483.799999999999,68.70500000000001,0.0,BUY,0,68.68,169.0,68.67,1438.1,68.66,74.1,68.65,259.5,68.64,2412.4,68.73,520.3,68.74,290.7,68.75,1386.2,68.76,2604.7,68.77,681.9
1700000255.5,511,68.71000000000001,0.04000000000000625,68.69,75.8,68.73,495.2,1890.3000000000002,3662.2000000000003,68.69,5.0,SELL,4,68.69,75.8,68.68,344.3,68.67,134.8,68.66,800.3,68.65,535.1,68.73,495.2,68.74,1427.2,68.75,10.0,68.76,1030.2,68.77,699.6
1700000256.0,512,68.70500000000001,0.04999999999999716,68.68,644.5,68.73,33.2,3774.5,3490.5,68.73,21.0,BUY,2,68.68,644.5,68.67,345.5,68.66,1322.7,68.65,585.9,68.64,875.9,68.73,33.2,68.74,196.1,68.75,2599.0,68.76,451.0,68.77,211.2
1700000256.5,513,68.70500000000001,0.04999999999999716,68.68,46.5,68.73,304.8,4992.3,4090.5,68.73,198.3,BUY,3,68.68,46.5,68.67,4275.8,68.66,269.9,68.65,171.1,68.64,229.0,68.73,304.8,68.74,26.0,68.75,1736.7,68.76,1901.8,68.77,121.2
1700000257.0,514,68.70500000000001,0.04999999999999716,68.68,90.8,68.73,220.6,6676.6,2227.2999999999997,68.70500000000001,0.0,BUY,0,68.68,90.8,68.67,415.3,68.66,1086.2,68.65,2023.4,68.64,3060.9,68.73,220.6,68.74,1158.8,68.75,312.4,68.76,480.3,68.77,55.2
1700000257.5,515,68.70500000000001,0.04999999999999716,68.68,172.4,68.73,92.4,2198.0,1252.9,68.68,123.1,SELL,2,68.68,172.4,68.67,174.3,68.66,41.4,68.65,162.0,68.64,1647.9,68.73,92.4,68.74,117.1,68.75,170.1,68.76,622.6,68.77,250.7
1700000258.0,516,68.71000000000001,0.04000000000000625,68.69,60.7,68.73,44.8,1661.4,1384.2,68.73,37.4,BUY,1,68.69,60.7,68.68,74.8,68.67,647.9,68.66,423.5,68.65,454.5,68.73,44.8,68.74,208.7,68.75,868.9,68.76,226.6,68.77,35.2
1700000258.5,517,68.7,0.03999999999999204,68.68,33.5,68.72,467.6,5406.1,4377.9,68.68,5.1,SELL,2,68.68,33.5,68.67,152.0,68.66,2160.3,68.65,2033.0,68.64,1027.3,68.72,467.6,68.73,57.0,68.74,176.6,68.75,646.6,68.76,3030.1
1700000259.0,518,68.69,0.060000000000002274,68.66,880.2,68.72,831.7,2678.4,3113.3,68.72,24.0,BUY,1,68.66,880.2,68.65,1115.7,68.64,413.4,68.63,24.6,68.62,244.5,68.72,831.7,68.73,449.0,68.74,476.6,68.75,1178.8,68.76,177.2
1700000259.5,519,68.69,0.03999999999999204,68.67,973.5,68.71,113.1,4105.0,3278.2,68.71,9.1,BUY,1,68.67,973.5,68.66,861.0,68.65,1074.9,68.64,1153.0,68.63,42.6,68.71,113.1,68.72,34.3,68.73,534.6,68.74,1919.0,68.75,677.2
1700000260.0,520,68.69,0.060000000000002274,68.66,152.6,68.72,1321.9,1635.2,5030.299999999999,68.66,32.2,SELL,1,68.66,152.6,68.65,210.0,68.64,639.5,68.63,198.9,68.62,434.2,68.72,1321.9,68.73,141.1,68.74,47.9,68.75,901.8,68.76,2617.6
1700000260.5,521,68.685,0.04999999999999716,68.66,249.0,68.71,730.2,2009.8,2020.3000000000002,68.66,11.3,SELL,2,68.66,249.0,68.65,392.9,68.64,275.7,68.63,281.7,68.62,810.5,68.71,730.2,68.72,123.7,68.73,363.0,68.74,424.7,68.75,378.7
1700000261.0,522,68.685,0.04999999999999716,68.66,434.9,68.71,202.6,3596.8999999999996,3701.4,68.71,13.8,BUY,2,68.66,434.9,68.65,415.1,68.64,190.6,68.63,531.0,68.62,2025.3,68.71,202.6,68.72,348.6,68.73,160.6,68.74,982.9,68.75,2006.7
1700000261.5,523,68.685,0.04999999999999716,68.66,10.0,68.71,572.8,2323.2999999999997,1765.1999999999998,68.71,40.1,BUY,1,68.66,10.0,68.65,1024.0,68.64,384.5,68.63,630.6,68.62,274.2,68.71,572.8,68.72,10.0,68.73,428.5,68.74,110.5,68.75,643.4
1700000262.0,524,68.685,0.04999999999999716,68.66,192.0,68.71,216.7,4098.7,1578.5,68.66,5.0,SELL,4,68.66,192.0,68.65,584.8,68.64,1657.3,68.63,114.7,68.62,1549.9,68.71,216.7,68.72,208.6,68.73,715.7,68.74,235.6,68.75,201.9
1700000262.5,525,68.685,0.04999999999999716,68.66,324.8,68.71,158.7,2681.1,4872.5,68.66,59.2,SELL,3,68.66,324.8,68.65,695.1,68.64,526.3,68.63,531.0,68.62,603.9,68.71,158.7,68.72,1069.3,68.73,2454.5,68.74,578.6,68.75,611.4
1700000263.0,526,68.69,0.060000000000002274,68.66,1166.8,68.72,1116.8,7245.799999999999,2411.3,68.69,0.0,BUY,0,68.66,1166.8,68.65,1758.8,68.64,902.8,68.63,705.5,68.62,2711.9,68.72,1116.8,68.73,249.5,68.74,92.2,68.75,437.1,68.76,515.7
1700000263.5,527,68.69,0.060000000000002274,68.66,146.2,68.72,67.5,3203.1,1511.6999999999998,68.69,0.0,BUY,0,68.66,146.2,68.65,461.7,68.64,206.1,68.63,1278.7,68.62,1110.4,68.72,67.5,68.73,10.0,68.74,114.9,68.75,670.9,68.76,648.4
1700000264.0,528,68.685,0.04999999999999716,68.66,2077.0,68.71,419.5,5275.3,2189.1000000000004,68.71,21.0,BUY,2,68.66,2077.0,68.65,170.3,68.64,213.5,68.63,1437.0,68.62,1377.5,68.71,419.5,68.72,836.3,68.73,494.6,68.74,181.4,68.75,257.3
1700000264.5,529,68.68,0.05999999999998806,68.65,36.3,68.71,225.9,3576.8,3284.2,68.65,16.6,SELL,3,68.65,36.3,68.64,15.7,68.63,671.5,68.62,2118.4,68.61,734.9,68.71,225.9,68.72,563.4,68.73,481.2,68.74,509.9,68.75,1503.8
1700000265.0,530,68.685,0.04999999999999716,68.66,1142.6,68.71,267.9,6194.4,3693.6,68.66,19.0,SELL,1,68.66,1142.6,68.65,477.0,68.64,2385.2,68.63,1036.2,68.62,1153.4,68.71,267.9,68.72,265.2,68.73,316.7,68.74,824.0,68.75,2019.8
1700000265.5,531,68.67,0.060000000000002274,68.64,596.1,68.7,123.2,6514.400000000001,1488.8999999999999,68.64,12.1,SELL,5,68.64,596.1,68.63,1455.8,68.62,3328.1,68.61,1089.1,68.6,45.3,68.7,123.2,68.71,336.8,68.72,282.8,68.73,439.3,68.74,306.8
1700000266.0,532,68.66,0.04000000000000625,68.64,119.1,68.68,770.5,4805.200000000001,4576.4,68.68,5.0,BUY,1,68.64,119.1,68.63,1512.4,68.62,2682.1,68.61,298.6,68.6,193.0,68.68,770.5,68.69,1638.7,68.7,304.0,68.71,396.5,68.72,1466.7
1700000266.5,533,68.66,0.060000000000002274,68.63,275.9,68.69,824.4,2311.2,2020.8999999999999,68.63,128.5,SELL,2,68.63,275.9,68.62,571.0,68.61,70.9,68.6,660.9,68.59,732.5,68.69,824.4,68.7,24.2,68.71,436.7,68.72,666.0,68.73,69.6
1700000267.0,534,68.65,0.060000000000002274,68.62,749.2,68.68,936.5,4497.3,7823.400000000001,68.68,24.0,BUY,2,68.62,749.2,68.61,2662.9,68.6,579.8,68.59,453.2,68.58,52.2,68.68,936.5,68.69,550.4,68.7,2490.2,68.71,2728.5,68.72,1117.8
1700000267.5,535,73.065,0.04999999999999716,73.04,954.0,73.09,319.2,5795.400000000001,1876.0,73.04,115.0,SELL,1,73.04,954.0,73.03,658.0,73.02,1772.4,73.01,1903.7,73.0,507.3,73.09,319.2,73.1,156.5,73.11,919.7,73.12,367.6,73.13,113.0
1700000268.0,536,73.07,0.05999999999998806,73.04,150.7,73.1,297.6,2519.8,1684.6,73.04,42.9,SELL,2,73.04,150.7,73.03,56.7,73.02,334.4,73.01,1417.7,73.0,560.3,73.1,297.6,73.11,82.2,73.12,170.8,73.13,67.8,73.14,1066.2
1700000268.5,537,73.08,0.060000000000002274,73.05,398.4,73.11,746.7,5479.1,3906.1000000000004,73.05,41.9,SELL,1,73.05,398.4,73.04,1589.3,73.03,399.4,73.02,1689.6,73.01,1402.4,73.11,746.7,73.12,155.5,73.13,1039.9,73.14,1321.7,73.15,642.3
1700000269.0,538,73.08,0.060000000000002274,73.05,3012.4,73.11,522.1,7330.400000000001,2697.3,73.11,53.6,BUY,4,73.05,3012.4,73.04,3239.9,73.03,420.6,73.02,222.6,73.01,434.9,73.11,522.1,73.12,378.4,73.13,87.7,73.14,336.7,73.15,1372.4
1700000269.5,539,73.08,0.060000000000002274,73.05,11.8,73.11,641.3,3863.7,2250.7000000000003,73.05,5.0,SELL,2,73.05,11.8,73.04,301.4,73.03,320.5,73.02,1146.1,73.01,2083.9,73.11,641.3,73.12,303.7,73.13,246.2,73.14,144.4,73.15,915.1
1700000270.0,540,73.08,0.060000000000002274,73.05,385.9,73.11,573.6,5120.3,2660.1,73.05,106.9,SELL,4,73.05,385.9,73.04,1090.5,73.03,2035.0,73.02,685.7,73.01,923.2,73.11,573.6,73.12,49.6,73.13,907.4,73.14,165.8,73.15,963.7
1700000270.5,541,73.09,0.060000000000002274,73.06,773.6,73.12,631.3,4581.8,4094.2999999999997,73.12,7.1,BUY,1,73.06,773.6,73.05,65.8,73.04,20.9,73.03,1065.6,73.02,2655.9,73.12,631.3,73.13,479.7,73.14,2155.5,73.15,167.7,73.16,660.1
1700000271.0,542,73.095,0.05000000000001137,73.07,294.4,73.12,450.8,3100.2999999999997,3236.0,73.07,7.5,SELL,3,73.07,294.4,73.06,1317.0,73.05,60.3,73.04,1175.0,73.03,253.6,73.12,450.8,73.13,177.9,73.14,1638.5,73.15,57.9,73.16,910.9
1700000271.5,543,67.86,0.060000000000002274,67.83,974.2,67.89,926.3,2265.4,4974.3,67.83,5.0,SELL,2,67.83,974.2,67.82,76.8,67.81,937.1,67.8,43.4,67.79,233.9,67.89,926.3,67.9,1804.2,67.91,787.6,67.92,1397.9,67.93,58.3
1700000272.0,544,67.86,0.060000000000002274,67.83,1329.2,67.89,84.3,3654.0,9600.0,67.83,5.3,SELL,1,67.83,1329.2,67.82,495.6,67.81,637.5,67.8,114.2,67.79,1077.5,67.89,84.3,67.9,224.6,67.91,1937.3,67.92,5344.6,67.93,2009.2
1700000272.5,545,67.87,0.060000000000002274,67.84,297.9,67.9,108.9,7412.6,3005.8,67.84,12.1,SELL,3,67.84,297.9,67.83,220.4,67.82,2814.8,67.81,4015.7,67.8,63.8,67.9,108.9,67.91,21.5,67.92,88.4,67.93,2384.4,67.94,402.6
1700000273.0,546,67.87,0.060000000000002274,67.84,407.7,67.9,298.6,2334.8,1683.6000000000004,67.9,36.5,BUY,3,67.84,407.7,67.83,1051.7,67.82,63.9,67.81,72.2,67.8,739.3,67.9,298.6,67.91,53.1,67.92,961.6,67.93,160.9,67.94,209.4
1700000273.5,547,67.87,0.060000000000002274,67.84,44.4,67.9,259.1,4719.0,1235.3000000000002,67.9,123.2,BUY,4,67.84,44.4,67.83,1492.1,67.82,1141.9,67.81,988.1,67.8,1052.5,67.9,259.1,67.91,206.2,67.92,372.9,67.93,59.5,67.94,337.6
1700000274.0,548,67.87,0.060000000000002274,67.84,151.6,67.9,58.9,5071.999999999999,5580.5,67.9,48.7,BUY,1,67.84,151.6,67.83,746.1,67.82,2249.0,67.81,1620.1,67.8,305.2,67.9,58.9,67.91,2962.6,67.92,22.7,67.93,1126.2,67.94,1410.1
1700000274.5,549,67.87,0.060000000000002274,67.84,234.1,67.9,26.0,3465.0,3940.9999999999995,67.9,5.0,BUY,1,67.84,234.1,67.83,799.0,67.82,505.4,67.81,1357.4,67.8,569.1,67.9,26.0,67.91,1199.0,67.92,1074.7,67.93,1513.2,67.94,128.1
1700000275.0,550,67.87,0.060000000000002274,67.84,1391.8,67.9,163.1,2734.0,2223.2,67.84,75.9,SELL,1,67.84,1391.8,67.83,76.4,67.82,21.1,67.81,126.4,67.8,1118.3,67.9,163.1,67.91,1365.1,67.92,346.1,67.93,88.8,67.94,260.1
1700000275.5,551,67.87,0.060000000000002274,67.84,284.8,67.9,155.7,3417.5999999999995,5769.599999999999,67.84,86.6,SELL,1,67.84,284.8,67.83,1408.5,67.82,583.8,67.81,323.2,67.8,817.3,67.9,155.7,67.91,428.5,67.92,3936.7,67.93,829.0,67.94,419.7
1700000276.0,552,67.87,0.060000000000002274,67.84,14.3,67.9,301.4,3660.0,3278.1000000000004,67.9,5.0,BUY,2,67.84,14.3,67.83,979.6,67.82,610.3,67.81,1389.5,67.8,666.3,67.9,301.4,67.91,153.2,67.92,617.6,67.93,2023.4,67.94,182.5
1700000276.5,553,67.87,0.060000000000002274,67.84,34.3,67.9,162.6,4696.1,4772.7,67.9,32.0,BUY,1,67.84,34.3,67.83,2302.7,67.82,169.7,67.81,1021.3,67.8,1168.1,67.9,162.6,67.91,1465.1,67.92,663.2,67.93,1951.0,67.94,530.8
1700000277.0,554,67.86,0.060000000000002274,67.83,62.7,67.89,179.5,4259.1,3128.6000000000004,67.86,0.0,BUY,0,67.83,62.7,67.82,879.8,67.81,948.7,67.8,1057.6,67.79,1310.3,67.89,179.5,67.9,23.2,67.91,901.2,67.92,312.8,67.93,1711.9
1700000277.5,555,67.86,0.060000000000002274,67.83,807.2,67.89,16.9,7165.6,1146.4,67.89,17.1,BUY,2,67.83,807.2,67.82,224.5,67.81,965.4,67.8,600.9,67.79,4567.6,67.89,16.9,67.9,108.3,67.91,200.5,67.92,470.1,67.93,350.6
1700000278.0,556,67.86,0.03999999999999204,67.84,102.4,67.88,99.6,1885.6,1778.9,67.88,15.9,BUY,2,67.84,102.4,67.83,282.1,67.82,855.3,67.81,291.5,67.8,354.3,67.88,99.6,67.89,123.8,67.9,1076.0,67.91,430.4,67.92,49.1
1700000278.5,557,67.86,0.060000000000002274,67.83,273.5,67.89,648.7,735.3,4170.3,67.89,10.4,BUY,2,67.83,273.5,67.82,40.6,67.81,18.8,67.8,304.9,67.79,97.5,67.89,648.7,67.9,1104.0,67.91,710.2,67.92,157.5,67.93,1549.9
1700000279.0,558,67.86,0.060000000000002274,67.83,10.0,67.89,45.3,2095.4,3209.3,67.89,5.0,BUY,4,67.83,10.0,67.82,313.3,67.81,1050.4,67.8,517.3,67.79,204.4,67.89,45.3,67.9,1260.6,67.91,495.7,67.92,224.0,67.93,1183.7
1700000279.5,559,67.86,0.060000000000002274,67.83,133.0,67.89,378.9,2815.1,3400.8999999999996,67.89,6.1,BUY,1,67.83,133.0,67.82,173.4,67.81,608.3,67.8,218.4,67.79,1682.0,67.89,378.9,67.9,255.0,67.91,186.4,67.92,724.4,67.93,1856.2
1700000280.0,560,67.87,0.060000000000002274,67.84,253.6,67.9,350.5,3730.6000000000004,2584.8,67.9,35.0,BUY,1,67.84,253.6,67.83,912.0,67.82,180.3,67.81,1933.9,67.8,450.8,67.9,350.5,67.91,958.4,67.92,10.0,67.93,551.0,67.94,714.9
1700000280.5,561,67.87,0.060000000000002274,67.84,451.8,67.9,321.1,5952.4,2683.0,67.84,25.2,SELL,2,67.84,451.8,67.83,184.2,67.82,96.3,67.81,3673.9,67.8,1546.2,67.9,321.1,67.91,506.1,67.92,1050.0,67.93,68.2,67.94,737.6
1700000281.0,562,67.87,0.060000000000002274,67.84,1474.7,67.9,133.9,4990.1,2619.4,67.9,163.9,BUY,1,67.84,1474.7,67.83,357.6,67.82,1137.8,67.81,1246.4,67.8,773.6,67.9,133.9,67.91,860.7,67.92,569.1,67.93,140.8,67.94,914.9
1700000281.5,563,67.87,0.060000000000002274,67.84,121.3,67.9,1233.3,2582.0,7548.2,67.9,16.7,BUY,2,67.84,121.3,67.83,613.9,67.82,185.6,67.81,1249.9,67.8,411.3,67.9,1233.3,67.91,300.0,67.92,1029.1,67.93,4269.1,67.94,716.7
1700000282.0,564,67.87,0.060000000000002274,67.84,441.7,67.9,1316.1,5113.6,5997.299999999999,67.87,0.0,BUY,0,67.84,441.7,67.83,1407.4,67.82,491.5,67.81,437.5,67.8,2335.5,67.9,1316.1,67.91,121.0,67.92,806.8,67.93,3035.9,67.94,717.5
1700000282.5,565,67.87,0.04000000000000625,67.85,35.5,67.89,1025.9,1112.5,5078.6,67.85,123.2,SELL,3,67.85,35.5,67.84,10.0,67.83,709.6,67.82,23.6,67.81,333.8,67.89,1025.9,67.9,1509.2,67.91,89.8,67.92,150.2,67.93,2303.5
1700000283.0,566,67.87,0.060000000000002274,67.84,1298.3,67.9,10.0,7918.4,1151.3,67.84,17.7,SELL,2,67.84,1298.3,67.83,318.5,67.82,1683.2,67.81,3091.8,67.8,1526.6,67.9,10.0,67.91,45.8,67.92,164.7,67.93,447.6,67.94,483.2
1700000283.5,567,67.87,0.060000000000002274,67.84,204.2,67.9,1590.6,3792.9999999999995,3158.2,67.84,109.4,SELL,4,67.84,204.2,67.83,505.3,67.82,2723.7,67.81,154.7,67.8,205.1,67.9,1590.6,67.91,290.2,67.92,50.9,67.93,573.9,67.94,652.6
1700000284.0,568,67.87,0.060000000000002274,67.84,658.8,67.9,217.3,2795.2,4320.7,67.84,5.0,SELL,3,67.84,658.8,67.83,327.6,67.82,498.4,67.81,992.3,67.8,318.1,67.9,217.3,67.91,231.3,67.92,2136.4,67.93,1362.1,67.94,373.6
1700000284.5,569,67.86,0.060000000000002274,67.83,1487.7,67.89,287.2,7371.699999999999,2561.1,67.83,33.1,SELL,4,67.83,1487.7,67.82,125.4,67.81,3465.1,67.8,399.4,67.79,1894.1,67.89,287.2,67.9,666.3,67.91,740.7,67.92,269.0,67.93,597.9
1700000285.0,570,67.85,0.060000000000002274,67.82,1285.3,67.88,264.7,3894.1000000000004,2574.1,67.82,28.5,SELL,2,67.82,1285.3,67.81,1117.5,67.8,269.5,67.79,1054.3,67.78,167.5,67.88,264.7,67.89,781.7,67.9,215.3,67.91,826.9,67.92,485.5
1700000285.5,571,67.85,0.060000000000002274,67.82,159.4,67.88,203.6,4155.400000000001,2850.4,67.82,5.0,SELL,1,67.82,159.4,67.81,18.0,67.8,1264.9,67.79,2263.0,67.78,450.1,67.88,203.6,67.89,1629.9,67.9,461.5,67.91,67.9,67.92,487.5
1700000286.0,572,67.85,0.060000000000002274,67.82,30.4,67.88,160.2,4106.0,5107.2,67.85,0.0,BUY,0,67.82,30.4,67.81,982.6,67.8,877.1,67.79,82.4,67.78,2133.5,67.88,160.2,67.89,2663.5,67.9,983.2,67.91,987.0,67.92,313.3
1700000286.5,573,67.85,0.060000000000002274,67.82,162.0,67.88,712.0,5060.7,4274.2,67.88,16.6,BUY,2,67.82,162.0,67.81,73.0,67.8,2121.7,67.79,1175.7,67.78,1528.3,67.88,712.0,67.89,1166.6,67.9,1187.8,67.91,344.9,67.92,862.9
1700000287.0,574,67.86,0.060000000000002274,67.83,96.8,67.89,818.6,2982.7,2104.9,67.83,13.7,SELL,2,67.83,96.8,67.82,1368.2,67.81,548.2,67.8,611.0,67.79,358.5,67.89,818.6,67.9,808.2,67.91,289.6,67.92,165.7,67.93,22.8
1700000287.5,575,67.86,0.03999999999999204,67.84,777.5,67.88,1075.6,3601.8999999999996,3771.1,67.84,29.7,SELL,1,67.84,777.5,67.83,59.1,67.82,391.9,67.81,322.8,67.8,2050.6,67.88,1075.6,67.89,29.0,67.9,1566.9,67.91,420.2,67.92,679.4
1700000288.0,576,67.86,0.060000000000002274,67.83,173.2,67.89,1489.0,1842.9,4722.4,67.83,41.9,SELL,1,67.83,173.2,67.82,492.8,67.81,71.8,67.8,812.5,67.79,292.6,67.89,1489.0,67.9,1275.5,67.91,880.6,67.92,323.4,67.93,753.9
1700000288.5,577,67.86,0.060000000000002274,67.83,198.4,67.89,73.0,4988.4,4391.8,67.86,0.0,BUY,0,67.83,198.4,67.82,772.2,67.81,1901.4,67.8,1126.5,67.79,989.9,67.89,73.0,67.9,458.8,67.91,1588.2,67.92,1829.8,67.93,442.0
1700000289.0,578,67.85,0.060000000000002274,67.82,563.6,67.88,85.7,2194.1,2902.8,67.88,14.4,BUY,1,67.82,563.6,67.81,148.9,67.8,28.9,67.79,729.3,67.78,723.4,67.88,85.7,67.89,582.6,67.9,822.6,67.91,204.6,67.92,1207.3
1700000289.5,579,67.86,0.060000000000002274,67.83,932.5,67.89,738.5,4740.700000000001,5934.700000000001,67.89,29.6,BUY,2,67.83,932.5,67.82,854.7,67.81,978.8,67.8,296.8,67.79,1677.9,67.89,738.5,67.9,2198.3,67.91,2491.7,67.92,280.1,67.93,226.1
1700000290.0,580,67.86,0.060000000000002274,67.83,31.4,67.89,43.2,1321.7,3510.6000000000004,67.86,0.0,BUY,0,67.83,31.4,67.82,236.7,67.81,174.5,67.8,258.4,67.79,620.7,67.89,43.2,67.9,133.2,67.91,181.1,67.92,269.3,67.93,2883.8
1700000290.5,581,67.86,0.060000000000002274,67.83,50.5,67.89,563.9,4533.5,3911.2,67.83,14.6,SELL,1,67.83,50.5,67.82,198.6,67.81,172.5,67.8,3946.7,67.79,165.2,67.89,563.9,67.9,1269.2,67.91,126.1,67.92,229.0,67.93,1723.0
1700000291.0,582,67.86,0.060000000000002274,67.83,270.2,67.89,798.3,5017.4,7167.9,67.83,57.5,SELL,3,67.83,270.2,67.82,408.0,67.81,454.7,67.8,626.5,67.79,3258.0,67.89,798.3,67.9,636.4,67.91,3135.2,67.92,1251.8,67.93,1346.2
1700000291.5,583,67.87,0.04000000000000625,67.85,511.2,67.89,524.1,5352.5,4667.400000000001,67.89,5.0,BUY,1,67.85,511.2,67.84,126.1,67.83,2901.0,67.82,29.1,67.81,1785.1,67.89,524.1,67.9,80.6,67.91,2233.9,67.92,86.5,67.93,1742.3
1700000292.0,584,67.87,0.060000000000002274,67.84,26.2,67.9,29.0,2153.6,2533.3999999999996,67.9,5.2,BUY,1,67.84,26.2,67.83,361.1,67.82,127.3,67.81,1268.3,67.8,370.7,67.9,29.0,67.91,25.8,67.92,471.5,67.93,576.5,67.94,1430.6
1700000292.5,585,67.87,0.060000000000002274,67.84,668.6,67.9,425.5,2178.8999999999996,8338.599999999999,67.87,0.0,BUY,0,67.84,668.6,67.83,10.0,67.82,198.4,67.81,161.3,67.8,1140.6,67.9,425.5,67.91,244.6,67.92,1549.1,67.93,2492.7,67.94,3626.7
1700000293.0,586,67.87,0.060000000000002274,67.84,227.7,67.9,79.5,944.2,3039.8,67.87,0.0,BUY,0,67.84,227.7,67.83,424.0,67.82,68.9,67.81,10.0,67.8,213.6,67.9,79.5,67.91,442.5,67.92,314.4,67.93,235.7,67.94,1967.7
1700000293.5,587,67.86,0.060000000000002274,67.83,212.6,67.89,464.1,1373.3000000000002,3231.7000000000003,67.83,9.7,SELL,1,67.83,212.6,67.82,595.0,67.81,309.4,67.8,48.4,67.79,207.9,67.89,464.1,67.9,1490.7,67.91,1044.1,67.92,50.4,67.93,182.4
1700000294.0,588,67.87,0.060000000000002274,67.84,362.0,67.9,379.2,2690.0000000000005,4416.099999999999,67.9,29.6,BUY,1,67.84,362.0,67.83,1238.0,67.82,42.4,67.81,689.2,67.8,358.4,67.9,379.2,67.91,925.2,67.92,1803.3,67.93,401.5,67.94,906.9
1700000294.5,589,67.87,0.060000000000002274,67.84,43.1,67.9,147.1,4387.599999999999,1215.0,67.87,0.0,BUY,0,67.84,43.1,67.83,1634.2,67.82,1676.6,67.81,985.9,67.8,47.8,67.9,147.1,67.91,429.1,67.92,75.5,67.93,499.0,67.94,64.3
1700000295.0,590,67.87,0.04000000000000625,67.85,439.2,67.89,734.7,2494.5,5344.6,67.85,14.3,SELL,3,67.85,439.2,67.84,271.3,67.83,936.0,67.82,379.6,67.81,468.4,67.89,734.7,67.9,817.3,67.91,256.8,67.92,409.9,67.93,3125.9
1700000295.5,591,67.87,0.060000000000002274,67.84,85.5,67.9,921.8,3295.6,7488.5,67.9,127.3,BUY,3,67.84,85.5,67.83,1359.5,67.82,518.6,67.81,1065.4,67.8,266.6,67.9,921.8,67.91,1435.1,67.92,1036.5,67.93,2314.3,67.94,1780.8
1700000296.0,592,67.88,0.060000000000002274,67.85,713.7,67.91,46.3,6029.700000000001,1835.6,67.85,104.8,SELL,2,67.85,713.7,67.84,1923.9,67.83,1394.4,67.82,1133.1,67.81,864.6,67.91,46.3,67.92,744.1,67.93,355.6,67.94,151.1,67.95,538.5
1700000296.5,593,67.89,0.060000000000002274,67.86,859.4,67.92,182.9,10372.8,1139.3000000000002,67.92,106.1,BUY,3,67.86,859.4,67.85,2430.7,67.84,454.1,67.83,1801.0,67.82,4827.6,67.92,182.9,67.93,450.0,67.94,379.5,67.95,86.0,67.96,40.9
1700000297.0,594,67.89,0.060000000000002274,67.86,382.8,67.92,681.4,10431.9,3048.5,67.86,50.5,SELL,1,67.86,382.8,67.85,2823.3,67.84,251.1,67.83,4106.3,67.82,2868.4,67.92,681.4,67.93,811.0,67.94,10.0,67.95,1142.6,67.96,403.5
1700000297.5,595,67.89,0.060000000000002274,67.86,544.2,67.92,297.3,4017.0,7954.6,67.92,16.6,BUY,2,67.86,544.2,67.85,1221.3,67.84,1079.2,67.83,1112.8,67.82,59.5,67.92,297.3,67.93,1915.7,67.94,155.8,67.95,2034.3,67.96,3551.5
1700000298.0,596,67.88,0.04000000000000625,67.86,184.1,67.9,1424.2,2248.7,4618.3,67.86,33.4,SELL,1,67.86,184.1,67.85,273.1,67.84,236.2,67.83,321.7,67.82,1233.6,67.9,1424.2,67.91,897.9,67.92,168.6,67.93,2055.9,67.94,71.7
1700000298.5,597,67.88,0.060000000000002274,67.85,382.0,67.91,683.7,3796.5,2652.3999999999996,67.85,7.5,SELL,1,67.85,382.0,67.84,668.7,67.83,66.9,67.82,422.7,67.81,2256.2,67.91,683.7,67.92,10.0,67.93,822.8,67.94,638.7,67.95,497.2
1700000299.0,598,67.88,0.060000000000002274,67.85,413.8,67.91,407.3,1248.2,4317.9,67.85,13.7,SELL,4,67.85,413.8,67.84,733.4,67.83,43.7,67.82,11.5,67.81,45.8,67.91,407.3,67.92,532.7,67.93,1653.2,67.94,1159.6,67.95,565.1
1700000299.5,599,67.88,0.060000000000002274,67.85,50.6,67.91,978.9,1558.4,6303.300000000001,67.91,50.1,BUY,1,67.85,50.6,67.84,674.9,67.83,198.6,67.82,452.9,67.81,181.4,67.91,978.9,67.92,498.0,67.93,1809.4,67.94,1027.4,67.95,1989.6
1700000300.0,600,67.88,0.060000000000002274,67.85,221.6,67.91,665.3,3763.5000000000005,2684.8999999999996,67.91,5.0,BUY,1,67.85,221.6,67.84,203.0,67.83,57.8,67.82,3150.8,67.81,130.3,67.91,665.3,67.92,548.2,67.93,509.3,67.94,448.9,67.95,513.2
1700000300.5,601,67.88,0.060000000000002274,67.85,244.9,67.91,214.3,5684.7,3022.9,67.91,72.4,BUY,3,67.85,244.9,67.84,254.8,67.83,650.8,67.82,761.3,67.81,3772.9,67.91,214.3,67.92,238.4,67.93,338.2,67.94,420.8,67.95,1811.2
1700000301.0,602,67.88,0.060000000000002274,67.85,562.3,67.91,90.5,8261.9,3266.9,67.91,18.0,BUY,1,67.85,562.3,67.84,1188.4,67.83,1038.9,67.82,1083.4,67.81,4388.9,67.91,90.5,67.92,403.3,67.93,21.5,67.94,581.6,67.95,2170.0
1700000301.5,603,67.87,0.060000000000002274,67.84,115.9,67.9,632.8,3982.6000000000004,2883.2999999999997,67.9,53.3,BUY,2,67.84,115.9,67.83,162.6,67.82,1925.3,67.81,113.9,67.8,1664.9,67.9,632.8,67.91,638.8,67.92,663.4,67.93,605.6,67.94,342.7
1700000302.0,604,67.87,0.060000000000002274,67.84,404.5,67.9,190.4,6672.1,2130.7999999999997,67.84,8.2,SELL,2,67.84,404.5,67.83,838.0,67.82,756.1,67.81,126.2,67.8,4547.3,67.9,190.4,67.91,250.2,67.92,1063.9,67.93,138.1,67.94,488.2
1700000302.5,605,67.87,0.060000000000002274,67.84,84.0,67.9,735.0,4178.6,2316.2,67.87,0.0,BUY,0,67.84,84.0,67.83,14.5,67.82,143.2,67.81,1226.1,67.8,2710.8,67.9,735.0,67.91,137.4,67.92,40.5,67.93,405.7,67.94,997.6
1700000303.0,606,67.88,0.060000000000002274,67.85,376.0,67.91,2210.9,2371.2999999999997,3441.0000000000005,67.91,7.1,BUY,1,67.85,376.0,67.84,988.1,67.83,464.6,67.82,293.6,67.81,249.0,67.91,2210.9,67.92,537.2,67.93,508.0,67.94,152.9,67.95,32.0
1700000303.5,607,67.88,0.060000000000002274,67.85,104.3,67.91,553.4,2239.5,3284.3999999999996,67.91,94.3,BUY,3,67.85,104.3,67.84,162.4,67.83,1414.3,67.82,48.0,67.81,510.5,67.91,553.4,67.92,478.4,67.93,805.5,67.94,1137.1,67.95,310.0
1700000304.0,608,67.88,0.060000000000002274,67.85,1017.5,67.91,329.4,5026.700000000001,4409.0,67.91,156.0,BUY,1,67.85,1017.5,67.84,1098.0,67.83,588.6,67.82,1673.0,67.81,649.6,67.91,329.4,67.92,333.6,67.93,429.1,67.94,1749.2,67.95,1567.7
1700000304.5,609,67.88,0.060000000000002274,67.85,893.2,67.91,287.2,3194.3999999999996,6200.099999999999,67.91,5.0,BUY,1,67.85,893.2,67.84,272.9,67.83,1440.3,67.82,49.0,67.81,539.0,67.91,287.2,67.92,1366.2,67.93,550.9,67.94,1977.6,67.95,2018.2
1700000305.0,610,67.89,0.060000000000002274,67.86,96.7,67.92,41.7,1930.0,4704.0,67.86,5.0,SELL,4,67.86,96.7,67.85,100.7,67.84,586.1,67.83,231.4,67.82,915.1,67.92,41.7,67.93,995.3,67.94,2181.4,67.95,94.3,67.96,1391.3
1700000305.5,611,67.89,0.060000000000002274,67.86,665.7,67.92,973.0,3469.3999999999996,2720.9,67.92,46.3,BUY,4,67.86,665.7,67.85,665.5,67.84,491.5,67.83,163.1,67.82,1483.6,67.92,973.0,67.93,575.0,67.94,475.8,67.95,56.6,67.96,640.5
1700000306.0,612,67.9,0.060000000000002274,67.87,1446.9,67.93,10.0,7902.5,2179.7,67.87,13.4,SELL,1,67.87,1446.9,67.86,1905.6,67.85,512.2,67.84,1006.7,67.83,3031.1,67.93,10.0,67.94,409.4,67.95,488.7,67.96,841.4,67.97,430.2
1700000306.5,613,67.905,0.05000000000001137,67.88,471.5,67.93,33.0,2030.3999999999999,5490.6,67.93,10.9,BUY,3,67.88,471.5,67.87,691.3,67.86,298.5,67.85,544.5,67.84,24.6,67.93,33.0,67.94,775.6,67.95,178.8,67.96,2547.4,67.97,1955.8
1700000307.0,614,67.89,0.060000000000002274,67.86,305.0,67.92,695.5,2343.1,7962.2,67.92,5.0,BUY,1,67.86,305.0,67.85,387.8,67.84,1321.2,67.83,24.5,67.82,304.6,67.92,695.5,67.93,1701.6,67.94,48.1,67.95,3770.2,67.96,1746.8
1700000307.5,615,67.89,0.060000000000002274,67.86,84.5,67.92,515.0,1007.4,6961.3,67.92,29.4,BUY,1,67.86,84.5,67.85,24.1,67.84,138.4,67.83,750.4,67.82,10.0,67.92,515.0,67.93,157.2,67.94,1080.2,67.95,2488.7,67.96,2720.2
1700000308.0,616,67.89,0.060000000000002274,67.86,252.1,67.92,106.9,2747.0,3479.7,67.89,0.0,BUY,0,67.86,252.1,67.85,179.3,67.84,348.9,67.83,1639.5,67.82,327.2,67.92,106.9,67.93,178.6,67.94,73.7,67.95,1880.4,67.96,1240.1
1700000308.5,617,67.89,0.060000000000002274,67.86,372.1,67.92,426.4,5195.5,2355.2,67.86,11.8,SELL,2,67.86,372.1,67.85,100.3,67.84,527.7,67.83,3162.5,67.82,1032.9,67.92,426.4,67.93,220.7,67.94,1070.9,67.95,140.3,67.96,496.9
1700000309.0,618,67.89,0.060000000000002274,67.86,142.4,67.92,1413.8,1566.8,3126.8999999999996,67.92,5.0,BUY,3,67.86,142.4,67.85,387.0,67.84,26.8,67.83,878.1,67.82,132.5,67.92,1413.8,67.93,42.3,67.94,340.4,67.95,1289.2,67.96,41.2
1700000309.5,619,67.88,0.04000000000000625,67.86,186.4,67.9,833.8,3323.4999999999995,2303.4999999999995,67.9,21.6,BUY,1,67.86,186.4,67.85,300.1,67.84,942.3,67.83,1862.6,67.82,32.1,67.9,833.8,67.91,209.8,67.92,1100.5,67.93,93.2,67.94,66.2
1700000310.0,620,67.87,0.060000000000002274,67.84,371.2,67.9,98.9,1059.1,3468.3,67.84,21.3,SELL,3,67.84,371.2,67.83,87.3,67.82,497.0,67.81,11.1,67.8,92.5,67.9,98.9,67.91,1527.5,67.92,173.6,67.93,580.4,67.94,1087.9
1700000310.5,621,67.87,0.060000000000002274,67.84,455.2,67.9,562.3,4418.9,5357.400000000001,67.87,0.0,BUY,0,67.84,455.2,67.83,1145.2,67.82,349.3,67.81,533.4,67.8,1935.8,67.9,562.3,67.91,199.6,67.92,333.5,67.93,3814.2,67.94,447.8
1700000311.0,622,67.87,0.060000000000002274,67.84,23.1,67.9,634.2,1990.5,11789.6,67.9,19.9,BUY,2,67.84,23.1,67.83,738.1,67.82,959.0,67.81,149.1,67.8,121.2,67.9,634.2,67.91,2617.4,67.92,3630.6,67.93,4600.4,67.94,307.0
1700000311.5,623,67.86,0.03999999999999204,67.84,2371.5,67.88,109.3,4831.900000000001,2485.3,67.86,0.0,BUY,0,67.84,2371.5,67.83,433.3,67.82,1003.4,67.81,397.9,67.8,625.8,67.88,109.3,67.89,790.9,67.9,37.6,67.91,236.6,67.92,1310.9
1700000312.0,624,67.86,0.060000000000002274,67.83,925.1,67.89,181.3,3639.5999999999995,2319.2000000000003,67.89,5.0,BUY,2,67.83,925.1,67.82,1119.3,67.81,818.3,67.8,624.2,67.79,152.7,67.89,181.3,67.9,28.4,67.91,757.5,67.92,349.1,67.93,1002.9
1700000312.5,625,67.86,0.03999999999999204,67.84,1577.8,67.88,356.4,5652.0,3274.5,67.88,5.0,BUY,3,67.84,1577.8,67.83,225.5,67.82,3480.5,67.81,40.5,67.8,327.7,67.88,356.4,67.89,823.2,67.9,385.8,67.91,1498.6,67.92,210.5
1700000313.0,626,67.86,0.03999999999999204,67.84,214.9,67.88,545.8,4434.9,3413.8999999999996,67.84,69.7,SELL,1,67.84,214.9,67.83,835.0,67.82,1524.4,67.81,1469.2,67.8,391.4,67.88,545.8,67.89,779.8,67.9,315.1,67.91,1478.6,67.92,294.6
1700000313.5,627,67.86,0.060000000000002274,67.83,36.3,67.89,342.5,5373.4,4215.5,67.83,28.8,SELL,1,67.83,36.3,67.82,2371.0,67.81,335.2,67.8,890.5,67.79,1740.4,67.89,342.5,67.9,378.6,67.91,1138.1,67.92,191.3,67.93,2165.0
1700000314.0,628,67.86,0.060000000000002274,67.83,195.7,67.89,324.1,2740.3,2812.0,67.89,32.5,BUY,3,67.83,195.7,67.82,320.8,67.81,242.3,67.8,524.1,67.79,1457.4,67.89,324.1,67.9,100.8,67.91,303.7,67.92,325.9,67.93,1757.5
1700000314.5,629,67.86,0.060000000000002274,67.83,96.8,67.89,186.7,1406.6999999999998,4730.4,67.83,237.0,SELL,1,67.83,96.8,67.82,157.2,67.81,339.0,67.8,506.1,67.79,307.6,67.89,186.7,67.9,245.7,67.91,490.1,67.92,2177.6,67.93,1630.3
1700000315.0,630,67.86,0.060000000000002274,67.83,225.3,67.89,201.3,1380.8000000000002,3693.1,67.86,0.0,BUY,0,67.83,225.3,67.82,48.5,67.81,293.6,67.8,681.2,67.79,132.2,67.89,201.3,67.9,723.8,67.91,2725.7,67.92,32.3,67.93,10.0
1700000315.5,631,67.85,0.060000000000002274,67.82,93.9,67.88,605.5,2597.7,5299.5,67.82,33.2,SELL,3,67.82,93.9,67.81,165.6,67.8,193.7,67.79,1343.2,67.78,801.3,67.88,605.5,67.89,1006.8,67.9,1113.6,67.91,2545.0,67.92,28.6
1700000316.0,632,67.85,0.060000000000002274,67.82,367.7,67.88,316.3,4237.8,1624.5,67.82,5.0,SELL,1,67.82,367.7,67.81,1840.3,67.8,263.4,67.79,773.3,67.78,993.1,67.88,316.3,67.89,537.5,67.9,123.1,67.91,575.4,67.92,72.2
1700000316.5,633,67.86,0.060000000000002274,67.83,817.1,67.89,459.6,7156.9,1797.0000000000002,67.89,14.3,BUY,3,67.83,817.1,67.82,2553.7,67.81,1114.3,67.8,1613.2,67.79,1058.6,67.89,459.6,67.9,151.1,67.91,376.6,67.92,376.0,67.93,433.7
1700000317.0,634,67.86,0.060000000000002274,67.83,543.1,67.89,1336.0,4803.1,4817.999999999999,67.89,142.4,BUY,4,67.83,543.1,67.82,29.3,67.81,3213.2,67.8,120.9,67.79,896.6,67.89,1336.0,67.9,1844.1,67.91,145.1,67.92,893.4,67.93,599.4
1700000317.5,635,67.86,0.060000000000002274,67.83,745.1,67.89,645.6,3370.7,3222.7999999999997,67.83,80.4,SELL,1,67.83,745.1,67.82,24.2,67.81,978.5,67.8,1068.7,67.79,554.2,67.89,645.6,67.9,50.9,67.91,278.3,67.92,1824.9,67.93,423.1
1700000318.0,636,70.14,0.060000000000002274,70.11,172.0,70.17,552.6,4774.2,2039.0,70.11,33.3,SELL,4,70.11,172.0,70.1,2249.8,70.09,934.0,70.08,205.6,70.07,1212.8,70.17,552.6,70.18,633.1,70.19,76.2,70.2,439.0,70.21,338.1
1700000318.5,637,70.14,0.060000000000002274,70.11,248.1,70.17,373.8,4726.799999999999,1243.7,70.11,13.0,SELL,3,70.11,248.1,70.1,1443.6,70.09,1343.7,70.08,1442.5,70.07,248.9,70.17,373.8,70.18,247.2,70.19,146.0,70.2,103.4,70.21,373.3
1700000319.0,638,70.15,0.060000000000002274,70.12,1397.2,70.18,148.6,5216.3,3668.1,70.18,12.3,BUY,1,70.12,1397.2,70.11,84.1,70.1,2424.9,70.09,409.0,70.08,901.1,70.18,148.6,70.19,60.7,70.2,579.5,70.21,227.6,70.22,2651.7
1700000319.5,639,70.15,0.060000000000002274,70.12,834.7,70.18,1299.6,3384.3,7227.900000000001,70.12,15.8,SELL,1,70.12,834.7,70.11,327.4,70.1,1589.2,70.09,191.8,70.08,441.2,70.18,1299.6,70.19,327.8,70.2,2482.1,70.21,1396.6,70.22,1721.8
1700000320.0,640,70.14,0.060000000000002274,70.11,485.4,70.17,571.0,3330.1,2338.0,70.11,9.1,SELL,1,70.11,485.4,70.1,97.7,70.09,208.9,70.08,1560.5,70.07,977.6,70.17,571.0,70.18,682.6,70.19,357.5,70.2,551.0,70.21,175.9
1700000320.5,641,70.14,0.060000000000002274,70.11,451.7,70.17,944.3,1568.7,10761.9,70.11,5.0,SELL,1,70.11,451.7,70.1,84.6,70.09,661.2,70.08,276.8,70.07,94.4,70.17,944.3,70.18,2368.7,70.19,477.2,70.2,81.2,70.21,6890.5
1700000321.0,642,70.15,0.060000000000002274,70.12,420.7,70.18,937.7,3415.2999999999997,2507.8,70.18,50.0,BUY,3,70.12,420.7,70.11,1229.8,70.1,291.4,70.09,1313.8,70.08,159.6,70.18,937.7,70.19,938.6,70.2,163.9,70.21,448.2,70.22,19.4
1700000321.5,643,70.15,0.060000000000002274,70.12,56.0,70.18,902.9,2414.1,4295.9,70.18,39.8,BUY,2,70.12,56.0,70.11,389.8,70.1,326.7,70.09,271.5,70.08,1370.1,70.18,902.9,70.19,198.3,70.2,2456.8,70.21,232.6,70.22,505.3
1700000322.0,644,67.05,0.060000000000002274,67.02,41.6,67.08,848.4,1461.8,4906.299999999999,67.08,30.2,BUY,3,67.02,41.6,67.01,405.7,67.0,230.6,66.99,207.9,66.98,576.0,67.08,848.4,67.09,433.7,67.1,1289.8,67.11,2137.5,67.12,196.9
1700000322.5,645,67.05,0.060000000000002274,67.02,713.1,67.08,697.1,3457.9,11825.599999999999,67.02,16.1,SELL,3,67.02,713.1,67.01,989.6,67.0,573.1,66.99,949.7,66.98,232.4,67.08,697.1,67.09,761.7,67.1,4647.0,67.11,678.4,67.12,5041.4
1700000323.0,646,67.04499999999999,0.04999999999999716,67.02,173.8,67.07,177.9,2041.7,2170.2,67.04499999999999,0.0,BUY,0,67.02,173.8,67.01,257.8,67.0,19.2,66.99,617.1,66.98,973.8,67.07,177.9,67.08,28.6,67.09,802.2,67.1,765.5,67.11,396.0
1700000323.5,647,67.04499999999999,0.04999999999999716,67.02,38.1,67.07,160.6,5301.599999999999,1031.0,67.02,28.6,SELL,4,67.02,38.1,67.01,458.5,67.0,195.4,66.99,96.4,66.98,4513.2,67.07,160.6,67.08,44.4,67.09,172.8,67.1,501.8,67.11,151.4
1700000324.0,648,67.04499999999999,0.04999999999999716,67.02,130.5,67.07,86.0,3507.1000000000004,2820.7,67.02,41.7,SELL,2,67.02,130.5,67.01,2329.5,67.0,454.3,66.99,348.4,66.98,244.4,67.07,86.0,67.08,371.8,67.09,1783.3,67.1,262.5,67.11,317.1
1700000324.5,649,67.04499999999999,0.04999999999999716,67.02,169.9,67.07,277.3,3434.6,5189.5,67.04499999999999,0.0,BUY,0,67.02,169.9,67.01,24.5,67.0,1094.5,66.99,78.1,66.98,2067.6,67.07,277.3,67.08,2643.5,67.09,302.4,67.1,637.2,67.11,1329.1
1700000325.0,650,67.03,0.060000000000002274,67.0,456.9,67.06,91.1,3575.8999999999996,2620.0,67.0,26.1,SELL,1,67.0,456.9,66.99,162.6,66.98,1260.6,66.97,1414.8,66.96,281.0,67.06,91.1,67.07,131.0,67.08,969.6,67.09,950.9,67.1,477.4
1700000325.5,651,67.03,0.060000000000002274,67.0,100.5,67.06,187.0,4264.2,2379.4,67.06,8.8,BUY,1,67.0,100.5,66.99,680.1,66.98,2928.8,66.97,279.4,66.96,275.4,67.06,187.0,67.07,244.4,67.08,274.8,67.09,190.4,67.1,1482.8
1700000326.0,652,67.03,0.060000000000002274,67.0,55.2,67.06,100.8,3751.7000000000003,3134.9,67.03,0.0,BUY,0,67.0,55.2,66.99,1251.1,66.98,135.8,66.97,721.2,66.96,1588.4,67.06,100.8,67.07,1788.9,67.08,539.3,67.09,159.4,67.1,546.5
1700000326.5,653,67.02000000000001,0.04000000000000625,67.0,1271.5,67.04,1565.0,2178.8999999999996,7934.7,67.04,20.1,BUY,2,67.0,1271.5,66.99,91.1,66.98,479.1,66.97,58.7,66.96,278.5,67.04,1565.0,67.05,1811.6,67.06,1036.4,67.07,1575.9,67.08,1945.8
1700000327.0,654,67.02,0.060000000000002274,66.99,578.2,67.05,224.3,6615.2,2559.5,66.99,29.6,SELL,2,66.99,578.2,66.98,2032.7,66.97,1539.9,66.96,1080.7,66.95,1383.7,67.05,224.3,67.06,315.1,67.07,497.9,67.08,786.1,67.09,736.1
1700000327.5,655,67.02,0.060000000000002274,66.99,10.0,67.05,210.9,2460.6,3460.9000000000005,67.02,0.0,BUY,0,66.99,10.0,66.98,515.3,66.97,209.2,66.96,454.1,66.95,1272.0,67.05,210.9,67.06,836.2,67.07,852.7,67.08,410.8,67.09,1150.3
1700000328.0,656,67.03,0.060000000000002274,67.0,554.1,67.06,226.6,4788.800000000001,3995.8,67.03,0.0,BUY,0,67.0,554.1,66.99,859.7,66.98,1607.9,66.97,518.7,66.96,1248.4,67.06,226.6,67.07,478.7,67.08,1289.5,67.09,243.1,67.1,1757.9
1700000328.5,657,67.03,0.060000000000002274,67.0,24.7,67.06,127.7,2023.8,1322.5,67.0,5.0,SELL,3,67.0,24.7,66.99,439.0,66.98,322.3,66.97,658.1,66.96,579.7,67.06,127.7,67.07,123.6,67.08,12.4,67.09,488.8,67.1,570.0
1700000329.0,658,67.03,0.060000000000002274,67.0,258.5,67.06,1113.5,3031.7,4682.5,67.06,5.0,BUY,3,67.0,258.5,66.99,267.1,66.98,68.5,66.97,2197.9,66.96,239.7,67.06,1113.5,67.07,430.3,67.08,961.3,67.09,2123.3,67.1,54.1
1700000329.5,659,65.0,0.060000000000002274,64.97,658.7,65.03,1162.7,3074.6000000000004,2751.6,65.03,65.3,BUY,1,64.97,658.7,64.96,1386.0,64.95,357.3,64.94,146.9,64.93,525.7,65.03,1162.7,65.04,224.7,65.05,231.1,65.06,682.0,65.07,451.1
1700000330.0,660,64.99,0.060000000000002274,64.96,941.1,65.02,188.6,4920.5,1059.0,65.02,5.0,BUY,2,64.96,941.1,64.95,560.2,64.94,1847.7,64.93,882.2,64.92,689.3,65.02,188.6,65.03,749.3,65.04,10.3,65.05,46.5,65.06,64.3
1700000330.5,661,64.99,0.060000000000002274,64.96,750.9,65.02,243.8,5041.7,3817.2,64.96,42.9,SELL,2,64.96,750.9,64.95,576.9,64.94,1093.3,64.93,725.4,64.92,1895.2,65.02,243.8,65.03,610.0,65.04,361.6,65.05,1392.6,65.06,1209.2
1700000331.0,662,67.8,0.060000000000002274,67.77,495.1,67.83,10.0,2888.1,1670.4999999999998,67.77,149.2,SELL,1,67.77,495.1,67.76,656.6,67.75,631.1,67.74,767.7,67.73,337.6,67.83,10.0,67.84,89.0,67.85,374.9,67.86,571.3,67.87,625.3
1700000331.5,663,67.8,0.060000000000002274,67.77,1036.7,67.83,342.9,7122.6,1699.2999999999997,67.77,21.1,SELL,1,67.77,1036.7,67.76,1975.0,67.75,389.2,67.74,2151.6,67.73,1570.1,67.83,342.9,67.84,10.0,67.85,717.8,67.86,206.8,67.87,421.8
1700000332.0,664,67.79499999999999,0.04999999999999716,67.77,425.2,67.82,84.1,3895.9,3976.3,67.77,63.4,SELL,2,67.77,425.2,67.76,1133.5,67.75,46.7,67.74,2184.0,67.73,106.5,67.82,84.1,67.83,98.2,67.84,898.7,67.85,1974.8,67.86,920.5
1700000332.5,665,67.79499999999999,0.04999999999999716,67.77,198.7,67.82,718.0,6493.200000000001,2872.6,67.82,35.5,BUY,2,67.77,198.7,67.76,1334.2,67.75,509.3,67.74,350.2,67.73,4100.8,67.82,718.0,67.83,896.5,67.84,199.7,67.85,966.5,67.86,91.9
1700000333.0,666,67.78,0.060000000000002274,67.75,117.6,67.81,1686.9,4860.199999999999,4706.6,67.81,58.5,BUY,1,67.75,117.6,67.74,22.1,67.73,2874.1,67.72,1198.5,67.71,647.9,67.81,1686.9,67.82,654.2,67.83,514.6,67.84,81.6,67.85,1769.3
1700000333.5,667,67.78,0.060000000000002274,67.75,909.8,67.81,709.5,3871.9,2385.7999999999997,67.81,15.5,BUY,6,67.75,909.8,67.74,272.3,67.73,2039.9,67.72,583.9,67.71,66.0,67.81,709.5,67.82,325.3,67.83,1130.6,67.84,12.0,67.85,208.4
1700000334.0,668,67.78,0.060000000000002274,67.75,639.3,67.81,1703.1,5400.0,4498.1,67.75,44.3,SELL,1,67.75,639.3,67.74,2163.0,67.73,23.5,67.72,1342.0,67.71,1232.2,67.81,1703.1,67.82,31.4,67.83,507.2,67.84,2112.8,67.85,143.6
1700000334.5,669,67.78999999999999,0.05999999999998806,67.76,2208.7,67.82,276.4,7288.099999999999,2102.9,67.76,60.6,SELL,2,67.76,2208.7,67.75,1137.9,67.74,2125.8,67.73,548.2,67.72,1267.5,67.82,276.4,67.83,53.9,67.84,642.8,67.85,126.9,67.86,1002.9
1700000335.0,670,67.78,0.060000000000002274,67.75,139.3,67.81,2046.2,5602.900000000001,3949.5999999999995,67.78,0.0,BUY,0,67.75,139.3,67.74,2123.0,67.73,1533.4,67.72,294.3,67.71,1512.9,67.81,2046.2,67.82,10.0,67.83,885.4,67.84,784.8,67.85,223.2
1700000335.5,671,67.78,0.060000000000002274,67.75,637.6,67.81,358.3,1912.8,2660.5,67.81,23.4,BUY,2,67.75,637.6,67.74,89.3,67.73,649.1,67.72,526.8,67.71,10.0,67.81,358.3,67.82,427.3,67.83,54.5,67.84,1647.7,67.85,172.7
1700000336.0,672,67.77,0.060000000000002274,67.74,118.7,67.8,66.1,2586.6000000000004,6099.499999999999,67.74,5.5,SELL,2,67.74,118.7,67.73,567.7,67.72,62.7,67.71,1022.6,67.7,814.9,67.8,66.1,67.81,2152.5,67.82,151.6,67.83,3552.1,67.84,177.2
1700000336.5,673,67.78,0.060000000000002274,67.75,759.0,67.81,765.3,5858.9,4992.6,67.78,0.0,BUY,0,67.75,759.0,67.74,1525.5,67.73,24.6,67.72,2091.7,67.71,1458.1,67.81,765.3,67.82,223.8,67.83,381.4,67.84,3032.0,67.85,590.1
1700000337.0,674,67.79499999999999,0.04999999999999716,67.77,483.5,67.82,1098.0,2665.8,2361.0,67.79499999999999,0.0,BUY,0,67.77,483.5,67.76,536.6,67.75,561.1,67.74,185.8,67.73,898.8,67.82,1098.0,67.83,235.4,67.84,460.6,67.85,282.2,67.86,284.8
1700000337.5,675,67.78,0.060000000000002274,67.75,469.4,67.81,569.1,6212.2,5748.299999999999,67.75,22.4,SELL,2,67.75,469.4,67.74,438.5,67.73,760.4,67.72,942.3,67.71,3601.6,67.81,569.1,67.82,129.5,67.83,2559.1,67.84,534.6,67.85,1956.0
1700000338.0,676,67.78,0.03999999999999204,67.76,145.0,67.8,212.3,8700.4,3016.1,67.8,5.0,BUY,4,67.76,145.0,67.75,10.0,67.74,7593.9,67.73,773.2,67.72,178.3,67.8,212.3,67.81,640.1,67.82,136.8,67.83,1529.7,67.84,497.2
1700000338.5,677,67.78999999999999,0.04000000000000625,67.77,363.8,67.81,594.2,5160.7,5550.4,67.77,14.2,SELL,1,67.77,363.8,67.76,168.2,67.75,992.0,67.74,378.3,67.73,3258.4,67.81,594.2,67.82,108.7,67.83,10.0,67.84,4170.4,67.85,667.1
1700000339.0,678,67.79499999999999,0.04999999999999716,67.77,276.6,67.82,50.4,2570.8,3403.7,67.82,104.7,BUY,1,67.77,276.6,67.76,33.7,67.75,756.4,67.74,1413.8,67.73,90.3,67.82,50.4,67.83,688.0,67.84,1243.6,67.85,647.5,67.86,774.2
1700000339.5,679,67.78999999999999,0.05999999999998806,67.76,41.4,67.82,653.9,2618.8,3579.2,67.82,188.5,BUY,3,67.76,41.4,67.75,68.8,67.74,1779.0,67.73,334.7,67.72,394.9,67.82,653.9,67.83,1143.1,67.84,176.3,67.85,215.3,67.86,1390.6
1700000340.0,680,67.78999999999999,0.05999999999998806,67.76,243.4,67.82,333.7,1535.9,2789.6,67.82,11.0,BUY,1,67.76,243.4,67.75,174.7,67.74,71.9,67.73,822.4,67.72,223.5,67.82,333.7,67.83,754.3,67.84,1208.2,67.85,468.6,67.86,24.8
1700000340.5,681,67.8,0.060000000000002274,67.77,210.4,67.83,149.0,899.7,7054.200000000001,67.8,0.0,BUY,0,67.77,210.4,67.76,64.1,67.75,48.2,67.74,41.4,67.73,535.6,67.83,149.0,67.84,4976.8,67.85,437.6,67.86,933.7,67.87,557.1
1700000341.0,682,67.8,0.060000000000002274,67.77,889.7,67.83,535.5,5332.999999999999,1787.6999999999998,67.8,0.0,BUY,0,67.77,889.7,67.76,1098.1,67.75,1680.4,67.74,937.9,67.73,726.9,67.83,535.5,67.84,566.0,67.85,428.8,67.86,61.3,67.87,196.1
1700000341.5,683,67.8,0.060000000000002274,67.77,807.3,67.83,394.1,6745.799999999999,2901.5,67.77,32.8,SELL,1,67.77,807.3,67.76,1526.7,67.75,2511.5,67.74,1723.4,67.73,176.9,67.83,394.1,67.84,512.5,67.85,326.4,67.86,951.9,67.87,716.6
1700000342.0,684,67.79499999999999,0.04999999999999716,67.77,388.8,67.82,669.6,5445.4,4023.8,67.77,14.7,SELL,3,67.77,388.8,67.76,10.0,67.75,1676.5,67.74,800.4,67.73,2569.7,67.82,669.6,67.83,1060.2,67.84,1835.7,67.85,276.8,67.86,181.5
1700000342.5,685,67.78999999999999,0.04000000000000625,67.77,613.7,67.81,856.9,4685.9,3957.9,67.81,5.0,BUY,1,67.77,613.7,67.76,1625.5,67.75,1483.7,67.74,818.8,67.73,144.2,67.81,856.9,67.82,182.2,67.83,757.5,67.84,1254.4,67.85,906.9
1700000343.0,686,67.79499999999999,0.04999999999999716,67.77,194.4,67.82,109.2,6161.000000000001,2403.2999999999997,67.82,34.5,BUY,1,67.77,194.4,67.76,1475.2,67.75,1410.2,67.74,3008.9,67.73,72.3,67.82,109.2,67.83,999.4,67.84,10.0,67.85,1196.3,67.86,88.4
1700000343.5,687,67.79499999999999,0.04999999999999716,67.77,293.2,67.82,358.6,5444.0,4605.1,67.82,5.0,BUY,1,67.77,293.2,67.76,112.5,67.75,1315.5,67.74,2969.0,67.73,753.8,67.82,358.6,67.83,158.2,67.84,903.6,67.85,334.2,67.86,2850.5
1700000344.0,688,67.79499999999999,0.04999999999999716,67.77,223.0,67.82,332.4,2266.7,3074.6000000000004,67.79499999999999,0.0,BUY,0,67.77,223.0,67.76,66.5,67.75,417.0,67.74,29.8,67.73,1530.4,67.82,332.4,67.83,32.7,67.84,144.5,67.85,640.6,67.86,1924.4
1700000344.5,689,67.79499999999999,0.04999999999999716,67.77,827.8,67.82,242.7,5244.4,4366.8,67.77,18.6,SELL,1,67.77,827.8,67.76,819.8,67.75,796.5,67.74,1615.6,67.73,1184.7,67.82,242.7,67.83,403.0,67.84,1455.8,67.85,1341.4,67.86,923.9
1700000345.0,690,67.79499999999999,0.04999999999999716,67.77,464.6,67.82,99.0,5274.2,1674.3,67.77,10.9,SELL,1,67.77,464.6,67.76,1351.1,67.75,1244.8,67.74,1385.3,67.73,828.4,67.82,99.0,67.83,296.5,67.84,753.4,67.85,195.6,67.86,329.8
1700000345.5,691,67.79499999999999,0.04999999999999716,67.77,1056.6,67.82,1163.3,8008.5,7912.700000000001,67.79499999999999,0.0,BUY,0,67.77,1056.6,67.76,1353.0,67.75,458.7,67.74,818.4,67.73,4321.8,67.82,1163.3,67.83,2380.0,67.84,1155.8,67.85,1701.1,67.86,1512.5
1700000346.0,692,67.8,0.060000000000002274,67.77,98.2,67.83,76.7,885.0999999999999,2997.2,67.77,38.3,SELL,2,67.77,98.2,67.76,323.3,67.75,116.3,67.74,316.4,67.73,30.9,67.83,76.7,67.84,707.3,67.85,1198.1,67.86,488.3,67.87,526.8
1700000346.5,693,67.8,0.060000000000002274,67.77,228.3,67.83,558.4,4032.2,5043.599999999999,67.83,5.0,BUY,1,67.77,228.3,67.76,414.1,67.75,431.2,67.74,829.0,67.73,2129.6,67.83,558.4,67.84,674.8,67.85,132.9,67.86,102.3,67.87,3575.2
1700000347.0,694,67.81,0.060000000000002274,67.78,1025.3,67.84,609.3,2690.5,3659.6,67.81,0.0,BUY,0,67.78,1025.3,67.77,495.3,67.76,966.5,67.75,77.1,67.74,126.3,67.84,609.3,67.85,1059.6,67.86,646.8,67.87,900.4,67.88,443.5
1700000347.5,695,67.81,0.03999999999999204,67.79,306.4,67.83,343.7,3196.3,1742.2,67.83,80.5,BUY,2,67.79,306.4,67.78,56.8,67.77,570.3,67.76,2176.9,67.75,85.9,67.83,343.7,67.84,228.3,67.85,158.5,67.86,837.7,67.87,174.0
1700000348.0,696,67.81,0.060000000000002274,67.78,174.6,67.84,321.2,2127.0,3635.5,67.78,23.5,SELL,1,67.78,174.6,67.77,103.2,67.76,1059.0,67.75,209.0,67.74,581.2,67.84,321.2,67.85,366.9,67.86,994.8,67.87,1678.2,67.88,274.4
1700000348.5,697,67.815,0.04999999999999716,67.79,496.3,67.84,183.2,4346.5,1919.6999999999998,67.79,54.2,SELL,4,67.79,496.3,67.78,1140.9,67.77,983.2,67.76,1058.7,67.75,667.4,67.84,183.2,67.85,222.1,67.86,331.7,67.87,771.1,67.88,411.6
1700000349.0,698,67.82,0.04000000000000625,67.8,36.0,67.84,198.2,1335.6,1664.6999999999998,67.84,84.0,BUY,3,67.8,36.0,67.79,165.8,67.78,102.2,67.77,10.0,67.76,1021.6,67.84,198.2,67.85,257.9,67.86,53.5,67.87,24.0,67.88,1131.1
1700000349.5,699,67.82,0.05999999999998806,67.79,186.7,67.85,326.2,2678.2,2507.3,67.79,36.7,SELL,3,67.79,186.7,67.78,660.4,67.77,609.8,67.76,448.4,67.75,772.9,67.85,326.2,67.86,268.4,67.87,1247.4,67.88,394.8,67.89,270.5
1700000350.0,700,67.815,0.04999999999999716,67.79,75.5,67.84,710.4,2028.0,6050.3,67.84,24.5,BUY,3,67.79,75.5,67.78,1343.9,67.77,442.5,67.76,107.6,67.75,58.5,67.84,710.4,67.85,726.2,67.86,3466.1,67.87,33.6,67.88,1114.0
1700000350.5,701,67.83,0.060000000000002274,67.8,1975.5,67.86,350.2,4632.0,7416.4,67.8,19.2,SELL,2,67.8,1975.5,67.79,1493.0,67.78,501.1,67.77,413.5,67.76,248.9,67.86,350.2,67.87,276.8,67.88,2224.8,67.89,2576.1,67.9,1988.5
1700000351.0,702,67.83,0.060000000000002274,67.8,200.7,67.86,607.6,3134.7,6390.1,67.8,10.2,SELL,2,67.8,200.7,67.79,179.9,67.78,237.1,67.77,1142.6,67.76,1374.4,67.86,607.6,67.87,265.0,67.88,1344.9,67.89,714.9,67.9,3457.7
1700000351.5,703,67.83,0.060000000000002274,67.8,50.2,67.86,575.0,5069.0,3084.5,67.8,25.9,SELL,1,67.8,50.2,67.79,195.7,67.78,2243.1,67.77,1688.4,67.76,891.6,67.86,575.0,67.87,37.2,67.88,16.7,67.89,1403.8,67.9,1051.8
1700000352.0,704,67.83,0.060000000000002274,67.8,161.1,67.86,619.7,3410.3,3583.2000000000003,67.8,13.3,SELL,4,67.8,161.1,67.79,461.3,67.78,36.9,67.77,2402.8,67.76,348.2,67.86,619.7,67.87,1769.1,67.88,429.7,67.89,149.3,67.9,615.4
1700000352.5,705,67.82,0.05999999999998806,67.79,59.0,67.85,143.7,7209.400000000001,1913.4,67.85,26.7,BUY,2,67.79,59.0,67.78,1263.0,67.77,1352.4,67.76,4427.2,67.75,107.8,67.85,143.7,67.86,1202.9,67.87,167.7,67.88,329.8,67.89,69.3
1700000353.0,706,67.815,0.04999999999999716,67.79,1751.5,67.84,825.9,7939.5,5360.2,67.815,0.0,BUY,0,67.79,1751.5,67.78,3215.3,67.77,612.4,67.76,628.2,67.75,1732.1,67.84,825.9,67.85,1301.1,67.86,519.1,67.87,2532.3,67.88,181.8
1700000353.5,707,67.82,0.05999999999998806,67.79,44.9,67.85,32.9,3156.9,3686.1000000000004,67.79,18.8,SELL,1,67.79,44.9,67.78,208.4,67.77,602.6,67.76,2177.9,67.75,123.1,67.85,32.9,67.86,2119.0,67.87,200.5,67.88,388.9,67.89,944.8
1700000354.0,708,67.815,0.04999999999999716,67.79,272.1,67.84,307.3,3317.6,1750.3000000000002,67.84,10.7,BUY,1,67.79,272.1,67.78,42.3,67.77,929.1,67.76,1834.6,67.75,239.5,67.84,307.3,67.85,168.0,67.86,24.1,67.87,634.2,67.88,616.7
1700000354.5,709,67.815,0.04999999999999716,67.79,157.6,67.84,35.0,5817.999999999999,3587.2000000000003,67.79,67.2,SELL,3,67.79,157.6,67.78,1524.8,67.77,3092.2,67.76,438.2,67.75,605.2,67.84,35.0,67.85,34.2,67.86,1253.2,67.87,800.7,67.88,1464.1
1700000355.0,710,67.815,0.04999999999999716,67.79,1069.1,67.84,174.4,2648.3999999999996,4013.5,67.815,0.0,BUY,0,67.79,1069.1,67.78,175.9,67.77,544.1,67.76,832.3,67.75,27.0,67.84,174.4,67.85,287.1,67.86,1705.1,67.87,337.9,67.88,1509.0
1700000355.5,711,67.83,0.060000000000002274,67.8,807.7,67.86,18.9,5630.799999999999,7161.000000000001,67.86,7.4,BUY,4,67.8,807.7,67.79,1185.6,67.78,483.7,67.77,892.7,67.76,2261.1,67.86,18.9,67.87,539.2,67.88,3444.3,67.89,2652.8,67.9,505.8
1700000356.0,712,67.815,0.04999999999999716,67.79,153.1,67.84,946.3,1266.4,5323.2,67.79,43.9,SELL,4,67.79,153.1,67.78,259.0,67.77,87.9,67.76,14.5,67.75,751.9,67.84,946.3,67.85,1448.9,67.86,428.1,67.87,760.7,67.88,1739.2
1700000356.5,713,67.815,0.04999999999999716,67.79,228.5,67.84,844.1,1764.4,7166.799999999999,67.84,39.5,BUY,3,67.79,228.5,67.78,628.4,67.77,279.5,67.76,201.8,67.75,426.2,67.84,844.1,67.85,1237.0,67.86,2703.3,67.87,1376.2,67.88,1006.2
1700000357.0,714,67.82,0.05999999999998806,67.79,1229.5,67.85,1080.5,3486.9,3940.5,67.85,43.5,BUY,1,67.79,1229.5,67.78,135.0,67.77,2008.9,67.76,55.7,67.75,57.8,67.85,1080.5,67.86,226.0,67.87,1493.8,67.88,413.6,67.89,726.6
1700000357.5,715,67.81,0.060000000000002274,67.78,1612.7,67.84,10.9,5840.3,1574.3000000000002,67.81,0.0,BUY,0,67.78,1612.7,67.77,19.4,67.76,72.9,67.75,3986.4,67.74,148.9,67.84,10.9,67.85,73.2,67.86,344.9,67.87,95.1,67.88,1050.2
1700000358.0,716,67.8,0.060000000000002274,67.77,867.2,67.83,159.8,3808.3,2205.7,67.83,50.5,BUY,1,67.77,867.2,67.76,1511.9,67.75,561.7,67.74,300.3,67.73,567.2,67.83,159.8,67.84,158.6,67.85,73.2,67.86,755.7,67.87,1058.4
1700000358.5,717,67.8,0.060000000000002274,67.77,110.9,67.83,657.7,2262.2,3780.6,67.83,6.8,BUY,2,67.77,110.9,67.76,607.1,67.75,210.6,67.74,564.1,67.73,769.5,67.83,657.7,67.84,149.1,67.85,1467.7,67.86,1179.1,67.87,327.0
1700000359.0,718,67.81,0.060000000000002274,67.78,223.1,67.84,39.4,2852.0,1797.3,67.78,37.9,SELL,1,67.78,223.1,67.77,370.0,67.76,1123.6,67.75,430.9,67.74,704.4,67.84,39.4,67.85,288.5,67.86,10.7,67.87,394.9,67.88,1063.8
1700000359.5,719,67.81,0.060000000000002274,67.78,84.8,67.84,266.5,4211.4,2441.1,67.84,23.8,BUY,4,67.78,84.8,67.77,752.6,67.76,557.2,67.75,876.8,67.74,1940.0,67.84,266.5,67.85,52.1,67.86,128.2,67.87,760.8,67.88,1233.5
1700000360.0,720,67.81,0.060000000000002274,67.78,143.9,67.84,155.8,6028.2,965.9,67.78,36.8,SELL,3,67.78,143.9,67.77,4136.0,67.76,53.9,67.75,1660.1,67.74,34.3,67.84,155.8,67.85,437.2,67.86,184.3,67.87,13.5,67.88,175.1
1700000360.5,721,67.81,0.060000000000002274,67.78,285.6,67.84,325.7,1642.8999999999999,2101.1000000000004,67.81,0.0,BUY,0,67.78,285.6,67.77,241.1,67.76,548.9,67.75,144.5,67.74,422.8,67.84,325.7,67.85,748.1,67.86,807.1,67.87,178.9,67.88,41.3
1700000361.0,722,67.81,0.060000000000002274,67.78,490.5,67.84,300.5,2554.1000000000004,3134.7,67.78,56.5,SELL,2,67.78,490.5,67.77,456.1,67.76,171.3,67.75,1228.2,67.74,208.0,67.84,300.5,67.85,38.2,67.86,495.9,67.87,1036.9,67.88,1263.2
1700000361.5,723,67.81,0.060000000000002274,67.78,500.5,67.84,357.4,3265.5,4440.5,67.81,0.0,BUY,0,67.78,500.5,67.77,682.1,67.76,533.4,67.75,1340.1,67.74,209.4,67.84,357.4,67.85,1241.4,67.86,384.1,67.87,1480.2,67.88,977.4
1700000362.0,724,67.82,0.05999999999998806,67.79,23.0,67.85,649.5,1108.5,3927.2,67.79,32.7,SELL,2,67.79,23.0,67.78,647.4,67.77,97.7,67.76,170.6,67.75,169.8,67.85,649.5,67.86,159.7,67.87,2749.3,67.88,10.0,67.89,358.7
1700000362.5,725,67.815,0.04999999999999716,67.79,392.8,67.84,561.2,2981.6000000000004,4907.400000000001,67.84,17.2,BUY,4,67.79,392.8,67.78,104.6,67.77,10.0,67.76,1116.4,67.75,1357.8,67.84,561.2,67.85,679.1,67.86,400.4,67.87,214.7,67.88,3052.0
1700000363.0,726,67.83,0.060000000000002274,67.8,344.7,67.86,323.6,2956.2,1239.6,67.8,15.4,SELL,2,67.8,344.7,67.79,10.0,67.78,350.9,67.77,1949.6,67.76,301.0,67.86,323.6,67.87,62.0,67.88,278.7,67.89,564.9,67.9,10.4
1700000363.5,727,67.83,0.060000000000002274,67.8,1142.9,67.86,233.4,2667.5,1741.3,67.8,40.9,SELL,3,67.8,1142.9,67.79,407.3,67.78,936.9,67.77,11.5,67.76,168.9,67.86,233.4,67.87,152.4,67.88,974.7,67.89,360.0,67.9,20.8
1700000364.0,728,67.83,0.060000000000002274,67.8,354.0,67.86,10.0,4407.0,4482.9,67.83,0.0,BUY,0,67.8,354.0,67.79,533.6,67.78,1714.1,67.77,513.8,67.76,1291.5,67.86,10.0,67.87,1674.5,67.88,712.1,67.89,307.7,67.9,1778.6
1700000364.5,729,67.84,0.060000000000002274,67.81,10.0,67.87,271.8,2093.1000000000004,3510.7,67.87,5.8,BUY,4,67.81,10.0,67.8,533.1,67.79,837.7,67.78,163.7,67.77,548.6,67.87,271.8,67.88,220.6,67.89,1383.7,67.9,668.0,67.91,966.6
1700000365.0,730,67.84,0.060000000000002274,67.81,70.6,67.87,943.1,4361.7,3028.3,67.84,0.0,BUY,0,67.81,70.6,67.8,51.3,67.79,1918.6,67.78,1295.0,67.77,1026.2,67.87,943.1,67.88,111.6,67.89,211.4,67.9,304.8,67.91,1457.4
1700000365.5,731,67.84,0.060000000000002274,67.81,150.0,67.87,300.2,7283.1,6139.1,67.81,5.0,SELL,2,67.81,150.0,67.8,2237.3,67.79,2456.4,67.78,1782.2,67.77,657.2,67.87,300.2,67.88,432.2,67.89,1461.2,67.9,251.3,67.91,3694.2
1700000366.0,732,67.85,0.04000000000000625,67.83,930.1,67.87,371.3,2643.9,4703.299999999999,67.83,35.4,SELL,2,67.83,930.1,67.82,423.9,67.81,94.5,67.8,156.5,67.79,1038.9,67.87,371.3,67.88,89.1,67.89,164.4,67.9,1855.4,67.91,2223.1
1700000366.5,733,67.84,0.060000000000002274,67.81,419.9,67.87,336.6,2314.0,1841.5,67.81,12.2,SELL,1,67.81,419.9,67.8,29.3,67.79,453.3,67.78,1023.9,67.77,387.6,67.87,336.6,67.88,596.3,67.89,395.5,67.9,135.5,67.91,377.6
1700000367.0,734,67.84,0.060000000000002274,67.81,1491.3,67.87,616.4,4712.400000000001,6759.099999999999,67.87,5.0,BUY,3,67.81,1491.3,67.8,1527.8,67.79,559.1,67.78,583.6,67.77,550.6,67.87,616.4,67.88,610.8,67.89,1072.1,67.9,4008.5,67.91,451.3
1700000367.5,735,67.84,0.060000000000002274,67.81,747.0,67.87,601.7,6894.9,2767.2,67.87,19.2,BUY,1,67.81,747.0,67.8,1738.8,67.79,867.4,67.78,2049.8,67.77,1491.9,67.87,601.7,67.88,220.3,67.89,161.2,67.9,1510.3,67.91,273.7
1700000368.0,736,67.83,0.060000000000002274,67.8,404.7,67.86,1637.7,3943.4,4223.5,67.8,82.2,SELL,1,67.8,404.7,67.79,1231.9,67.78,159.3,67.77,49.9,67.76,2097.6,67.86,1637.7,67.87,195.0,67.88,615.4,67.89,1591.3,67.9,184.1
1700000368.5,737,67.84,0.04000000000000625,67.82,97.5,67.86,530.6,3946.2,6677.200000000001,67.82,13.2,SELL,1,67.82,97.5,67.81,311.4,67.8,2409.6,67.79,402.6,67.78,725.1,67.86,530.6,67.87,1449.7,67.88,359.1,67.89,3723.7,67.9,614.1
1700000369.0,738,67.84,0.060000000000002274,67.81,1247.1,67.87,570.1,6598.3,3680.3,67.81,34.5,SELL,1,67.81,1247.1,67.8,10.0,67.79,2509.9,67.78,446.3,67.77,2385.0,67.87,570.1,67.88,181.0,67.89,1506.7,67.9,297.5,67.91,1125.0
1700000369.5,739,67.84,0.060000000000002274,67.81,413.2,67.87,702.5,2381.6,5452.099999999999,67.87,20.5,BUY,6,67.81,413.2,67.8,1200.7,67.79,364.4,67.78,108.7,67.77,294.6,67.87,702.5,67.88,498.1,67.89,417.5,67.9,2065.7,67.91,1768.3
1700000370.0,740,67.83,0.060000000000002274,67.8,247.1,67.86,71.8,5406.8,6323.900000000001,67.86,34.7,BUY,3,67.8,247.1,67.79,1844.7,67.78,289.3,67.77,847.2,67.76,2178.5,67.86,71.8,67.87,557.4,67.88,938.3,67.89,4426.6,67.9,329.8
1700000370.5,741,67.83,0.03999999999999204,67.81,406.3,67.85,252.2,3675.9,2190.4,67.85,42.1,BUY,3,67.81,406.3,67.8,221.7,67.79,875.3,67.78,376.2,67.77,1796.4,67.85,252.2,67.86,1111.0,67.87,304.1,67.88,216.2,67.89,306.9
1700000371.0,742,67.83,0.060000000000002274,67.8,1298.0,67.86,1023.3,2868.9,4531.299999999999,67.8,17.5,SELL,3,67.8,1298.0,67.79,711.3,67.78,795.5,67.77,42.4,67.76,21.7,67.86,1023.3,67.87,1307.6,67.88,1035.4,67.89,282.6,67.9,882.4
1700000371.5,743,67.84,0.060000000000002274,67.81,210.7,67.87,401.0,2448.0,7197.400000000001,67.87,44.7,BUY,1,67.81,210.7,67.8,1787.3,67.79,129.8,67.78,242.5,67.77,77.7,67.87,401.0,67.88,1760.4,67.89,997.7,67.9,2946.0,67.91,1092.3
1700000372.0,744,67.84,0.060000000000002274,67.81,720.5,67.87,84.4,4617.799999999999,4249.9,67.87,91.4,BUY,2,67.81,720.5,67.8,534.7,67.79,929.8,67.78,281.7,67.77,2151.1,67.87,84.4,67.88,534.2,67.89,400.0,67.9,1746.0,67.91,1485.3
1700000372.5,745,67.84,0.060000000000002274,67.81,368.0,67.87,38.9,1525.5,4899.4,67.87,5.0,BUY,1,67.81,368.0,67.8,26.8,67.79,516.8,67.78,56.4,67.77,557.5,67.87,38.9,67.88,411.1,67.89,10.8,67.9,86.4,67.91,4352.2
1700000373.0,746,67.84,0.060000000000002274,67.81,591.1,67.87,122.4,4927.1,8871.1,67.81,80.9,SELL,2,67.81,591.1,67.8,227.0,67.79,2535.1,67.78,261.3,67.77,1312.6,67.87,122.4,67.88,239.2,67.89,625.9,67.9,2239.0,67.91,5644.6
1700000373.5,747,67.84,0.060000000000002274,67.81,584.2,67.87,111.3,7604.0,1859.6,67.87,10.4,BUY,3,67.81,584.2,67.8,357.8,67.79,203.6,67.78,684.2,67.77,5774.2,67.87,111.3,67.88,10.0,67.89,534.0,67.9,545.3,67.91,659.0
1700000374.0,748,67.84,0.060000000000002274,67.81,365.4,67.87,22.0,4785.5,1683.8000000000002,67.87,5.0,BUY,1,67.81,365.4,67.8,1753.7,67.79,133.8,67.78,1018.9,67.77,1513.7,67.87,22.0,67.88,10.0,67.89,593.1,67.9,465.6,67.91,593.1
1700000374.5,749,67.84,0.04000000000000625,67.82,361.9,67.86,1433.2,6723.2,4554.900000000001,67.86,5.0,BUY,2,67.82,361.9,67.81,1026.7,67.8,2855.6,67.79,2083.7,67.78,395.3,67.86,1433.2,67.87,1212.4,67.88,361.3,67.89,959.0,67.9,589.0
1700000375.0,750,67.85,0.04000000000000625,67.83,559.6,67.87,56.3,2041.6999999999998,1879.5,67.85,0.0,BUY,0,67.83,559.6,67.82,141.6,67.81,55.0,67.8,641.4,67.79,644.1,67.87,56.3,67.88,472.5,67.89,23.6,67.9,1064.7,67.91,262.4
1700000375.5,751,67.84,0.04000000000000625,67.82,607.7,67.86,193.9,8860.7,4167.400000000001,67.86,9.4,BUY,4,67.82,607.7,67.81,560.4,67.8,1245.2,67.79,59.1,67.78,6388.3,67.86,193.9,67.87,354.2,67.88,110.6,67.89,1286.9,67.9,2221.8
1700000376.0,752,67.84,0.060000000000002274,67.81,390.7,67.87,956.4,3869.1,5164.6,67.81,28.1,SELL,1,67.81,390.7,67.8,588.5,67.79,1557.0,67.78,1226.3,67.77,106.6,67.87,956.4,67.88,702.1,67.89,321.7,67.9,670.8,67.91,2513.6
1700000376.5,753,67.84,0.060000000000002274,67.81,240.4,67.87,495.4,4428.7,2431.5,67.87,74.1,BUY,2,67.81,240.4,67.8,202.8,67.79,2200.0,67.78,319.1,67.77,1466.4,67.87,495.4,67.88,297.9,67.89,1130.1,67.9,10.0,67.91,498.1
1700000377.0,754,67.84,0.060000000000002274,67.81,530.9,67.87,101.8,8347.5,475.7,67.84,0.0,BUY,0,67.81,530.9,67.8,2800.3,67.79,321.2,67.78,937.5,67.77,3757.6,67.87,101.8,67.88,117.4,67.89,53.2,67.9,133.8,67.91,69.5
1700000377.5,755,68.23,0.060000000000002274,68.2,31.5,68.26,161.3,1568.9,2967.0,68.2,94.2,SELL,2,68.2,31.5,68.19,380.3,68.18,120.8,68.17,699.8,68.16,336.5,68.26,161.3,68.27,1201.3,68.28,290.8,68.29,744.3,68.3,569.3
1700000378.0,756,68.22,0.060000000000002274,68.19,333.0,68.25,304.3,4365.2,6992.9,68.19,5.0,SELL,3,68.19,333.0,68.18,175.3,68.17,1947.8,68.16,1480.7,68.15,428.4,68.25,304.3,68.26,2112.2,68.27,22.7,68.28,4167.8,68.29,385.9
1700000378.5,757,68.22,0.060000000000002274,68.19,151.1,68.25,943.4,4357.1,3326.3,68.19,54.7,SELL,1,68.19,151.1,68.18,1490.5,68.17,314.3,68.16,1779.4,68.15,621.8,68.25,943.4,68.26,717.0,68.27,207.6,68.28,39.5,68.29,1418.8
1700000379.0,758,68.22,0.060000000000002274,68.19,1051.5,68.25,98.6,2869.1,2487.7999999999997,68.19,94.3,SELL,2,68.19,1051.5,68.18,315.6,68.17,151.8,68.16,1087.2,68.15,263.0,68.25,98.6,68.26,140.3,68.27,1341.5,68.28,471.7,68.29,435.7
1700000379.5,759,68.22,0.060000000000002274,68.19,398.3,68.25,597.4,6619.200000000001,3049.7,68.25,38.2,BUY,1,68.19,398.3,68.18,1576.6,68.17,396.8,68.16,2576.4,68.15,1671.1,68.25,597.4,68.26,607.9,68.27,695.9,68.28,722.7,68.29,425.8
1700000380.0,760,68.23,0.060000000000002274,68.2,1113.9,68.26,72.5,4303.5,3066.7,68.26,25.0,BUY,1,68.2,1113.9,68.19,494.7,68.18,2360.0,68.17,266.5,68.16,68.4,68.26,72.5,68.27,1028.2,68.28,809.0,68.29,15.1,68.3,1141.9
1700000380.5,761,68.23,0.060000000000002274,68.2,550.0,68.26,911.0,2692.3,4855.3,68.26,5.0,BUY,4,68.2,550.0,68.19,842.1,68.18,1161.9,68.17,112.3,68.16,26.0,68.26,911.0,68.27,320.0,68.28,3032.3,68.29,331.5,68.3,260.5
1700000381.0,762,68.22999999999999,0.04000000000000625,68.21,1043.9,68.25,1662.4,2519.7000000000003,4705.7,68.25,44.3,BUY,3,68.21,1043.9,68.2,104.6,68.19,159.4,68.18,282.4,68.17,929.4,68.25,1662.4,68.26,410.8,68.27,939.3,68.28,1001.3,68.29,691.9
1700000381.5,763,68.23,0.060000000000002274,68.2,603.9,68.26,794.2,2787.4,9385.0,68.26,5.0,BUY,2,68.2,603.9,68.19,10.0,68.18,267.6,68.17,1453.9,68.16,452.0,68.26,794.2,68.27,1354.9,68.28,1170.1,68.29,2661.8,68.3,3404.0
1700000382.0,764,68.23,0.060000000000002274,68.2,52.1,68.26,12.5,2548.0,1324.1999999999998,68.26,15.6,BUY,2,68.2,52.1,68.19,525.8,68.18,447.9,68.17,198.0,68.16,1324.2,68.26,12.5,68.27,52.4,68.28,955.8,68.29,82.9,68.3,220.6
1700000382.5,765,68.22,0.060000000000002274,68.19,515.9,68.25,290.3,3635.8999999999996,6912.3,68.19,32.6,SELL,2,68.19,515.9,68.18,896.7,68.17,371.7,68.16,1323.4,68.15,528.2,68.25,290.3,68.26,910.1,68.27,286.8,68.28,390.0,68.29,5035.1
1700000383.0,766,68.22,0.060000000000002274,68.19,309.0,68.25,47.7,1985.6999999999998,6178.0,68.22,0.0,BUY,0,68.19,309.0,68.18,734.8,68.17,458.0,68.16,126.5,68.15,357.4,68.25,47.7,68.26,831.4,68.27,11.8,68.28,3505.5,68.29,1781.6
1700000383.5,767,68.20500000000001,0.04999999999999716,68.18,495.6,68.23,379.3,7278.1,3090.8999999999996,68.20500000000001,0.0,BUY,0,68.18,495.6,68.17,540.1,68.16,1220.7,68.15,1758.9,68.14,3262.8,68.23,379.3,68.24,1727.3,68.25,55.0,68.26,276.2,68.27,653.1
1700000384.0,768,68.21000000000001,0.05999999999998806,68.18,644.1,68.24,333.6,5161.9,1961.1,68.18,9.4,SELL,1,68.18,644.1,68.17,207.7,68.16,2950.7,68.15,28.9,68.14,1330.5,68.24,333.6,68.25,343.4,68.26,401.1,68.27,10.0,68.28,873.0
1700000384.5,769,68.21000000000001,0.05999999999998806,68.18,521.8,68.24,397.7,2785.2999999999997,3196.3,68.18,34.2,SELL,2,68.18,521.8,68.17,602.9,68.16,1336.4,68.15,10.0,68.14,314.2,68.24,397.7,68.25,239.1,68.26,220.8,68.27,123.2,68.28,2215.5
1700000385.0,770,68.20500000000001,0.04999999999999716,68.18,424.5,68.23,10.0,2189.5,4136.4,68.23,36.9,BUY,1,68.18,424.5,68.17,70.4,68.16,808.1,68.15,332.1,68.14,554.4,68.23,10.0,68.24,546.9,68.25,3152.7,68.26,192.4,68.27,234.4
1700000385.5,771,68.20500000000001,0.04999999999999716,68.18,86.6,68.23,238.9,2516.7,6129.0,68.18,15.4,SELL,1,68.18,86.6,68.17,10.0,68.16,716.6,68.15,295.4,68.14,1408.1,68.23,238.9,68.24,266.6,68.25,3177.8,68.26,10.0,68.27,2435.7
1700000386.0,772,67.16,0.04000000000000625,67.14,1005.1,67.18,84.2,4177.700000000001,1304.3,67.18,14.7,BUY,4,67.14,1005.1,67.13,933.8,67.12,370.0,67.11,1810.7,67.1,58.1,67.18,84.2,67.19,664.9,67.2,143.4,67.21,172.8,67.22,239.0
1700000386.5,773,67.16,0.060000000000002274,67.13,182.5,67.19,600.9,4132.0,6203.0,67.19,5.0,BUY,5,67.13,182.5,67.12,540.9,67.11,480.8,67.1,488.9,67.09,2438.9,67.19,600.9,67.2,2836.8,67.21,1661.1,67.22,15.4,67.23,1088.8
1700000387.0,774,67.16,0.04000000000000625,67.14,564.9,67.18,344.0,4368.7,5865.499999999999,67.14,16.9,SELL,1,67.14,564.9,67.13,124.3,67.12,943.2,67.11,2034.0,67.1,702.3,67.18,344.0,67.19,3562.6,67.2,188.2,67.21,1630.8,67.22,139.9
1700000387.5,775,67.16,0.060000000000002274,67.13,34.2,67.19,584.6,1621.3,6579.599999999999,67.13,19.8,SELL,3,67.13,34.2,67.12,159.3,67.11,164.1,67.1,479.9,67.09,783.8,67.19,584.6,67.2,301.4,67.21,250.0,67.22,4238.4,67.23,1205.2
1700000388.0,776,67.16,0.060000000000002274,67.13,1404.6,67.19,824.4,4582.4,4275.7,67.19,15.6,BUY,2,67.13,1404.6,67.12,688.8,67.11,335.7,67.1,2075.4,67.09,77.9,67.19,824.4,67.2,949.8,67.21,663.1,67.22,621.6,67.23,1216.8
1700000388.5,777,67.16,0.060000000000002274,67.13,14.4,67.19,462.0,2230.9,4464.4,67.19,75.5,BUY,3,67.13,14.4,67.12,1695.0,67.11,10.0,67.1,300.7,67.09,210.8,67.19,462.0,67.2,3007.2,67.21,429.7,67.22,281.8,67.23,283.7
1700000389.0,778,67.16,0.060000000000002274,67.13,1133.7,67.19,33.2,8826.5,2880.0,67.13,46.0,SELL,3,67.13,1133.7,67.12,542.6,67.11,126.5,67.1,4654.0,67.09,2369.7,67.19,33.2,67.2,474.4,67.21,865.2,67.22,142.5,67.23,1364.7
1700000389.5,779,67.16,0.060000000000002274,67.13,34.9,67.19,1004.1,2423.2,4833.699999999999,67.16,0.0,BUY,0,67.13,34.9,67.12,238.1,67.11,10.0,67.1,588.1,67.09,1552.1,67.19,1004.1,67.2,331.4,67.21,1053.6,67.22,2167.2,67.23,277.4
1700000390.0,780,67.17,0.03999999999999204,67.15,326.3,67.19,619.6,4634.5,3587.1,67.15,28.3,SELL,3,67.15,326.3,67.14,1008.2,67.13,912.8,67.12,2248.1,67.11,139.1,67.19,619.6,67.2,849.2,67.21,294.9,67.22,911.8,67.23,911.6
1700000390.5,781,67.17,0.060000000000002274,67.14,22.6,67.2,1597.0,3376.5,4680.299999999999,67.2,40.6,BUY,3,67.14,22.6,67.13,135.9,67.12,721.9,67.11,574.3,67.1,1921.8,67.2,1597.0,67.21,53.5,67.22,43.8,67.23,1450.1,67.24,1535.9
1700000391.0,782,67.17,0.060000000000002274,67.14,168.9,67.2,71.1,999.7,1797.5,67.2,116.5,BUY,3,67.14,168.9,67.13,153.0,67.12,267.0,67.11,242.8,67.1,168.0,67.2,71.1,67.21,79.5,67.22,466.6,67.23,623.2,67.24,557.1
1700000391.5,783,67.17,0.060000000000002274,67.14,52.5,67.2,597.0,2826.7000000000003,2310.7000000000003,67.2,48.3,BUY,1,67.14,52.5,67.13,483.4,67.12,454.3,67.11,1437.6,67.1,398.9,67.2,597.0,67.21,302.1,67.22,400.6,67.23,133.9,67.24,877.1
1700000392.0,784,67.64,0.060000000000002274,67.61,427.3,67.67,883.1,5372.4,2651.7,67.61,35.7,SELL,1,67.61,427.3,67.6,11.2,67.59,711.9,67.58,1349.5,67.57,2872.5,67.67,883.1,67.68,338.5,67.69,677.9,67.7,121.0,67.71,631.2
1700000392.5,785,67.63,0.060000000000002274,67.6,50.2,67.66,1184.9,3284.2,4082.4,67.66,61.6,BUY,4,67.6,50.2,67.59,2205.3,67.58,320.1,67.57,698.6,67.56,10.0,67.66,1184.9,67.67,348.1,67.68,944.3,67.69,474.2,67.7,1130.9
1700000393.0,786,67.62,0.060000000000002274,67.59,35.4,67.65,96.7,2930.6,2753.8,67.65,43.3,BUY,2,67.59,35.4,67.58,1004.9,67.57,625.3,67.56,235.2,67.55,1029.8,67.65,96.7,67.66,247.9,67.67,102.0,67.68,1400.9,67.69,906.3
1700000393.5,787,67.62,0.060000000000002274,67.59,508.2,67.65,831.9,8498.0,2558.0,67.59,39.1,SELL,3,67.59,508.2,67.58,1367.7,67.57,1106.9,67.56,4363.3,67.55,1151.9,67.65,831.9,67.66,330.9,67.67,335.1,67.68,566.6,67.69,493.5
1700000394.0,788,67.62,0.060000000000002274,67.59,302.7,67.65,707.3,3636.5,7940.9,67.65,61.3,BUY,1,67.59,302.7,67.58,55.0,67.57,2439.1,67.56,299.9,67.55,539.8,67.65,707.3,67.66,738.8,67.67,3519.8,67.68,1557.8,67.69,1417.2
1700000394.5,789,67.62,0.060000000000002274,67.59,10.0,67.65,57.9,5211.8,3777.7,67.59,47.4,SELL,1,67.59,10.0,67.58,874.0,67.57,809.3,67.56,352.1,67.55,3166.4,67.65,57.9,67.66,1059.3,67.67,648.5,67.68,209.7,67.69,1802.3
1700000395.0,790,67.62,0.060000000000002274,67.59,10.0,67.65,36.6,2437.9,1857.9,67.59,45.9,SELL,5,67.59,10.0,67.58,261.0,67.57,331.2,67.56,1019.2,67.55,816.5,67.65,36.6,67.66,39.9,67.67,43.2,67.68,480.7,67.69,1257.5
1700000395.5,791,67.62,0.04000000000000625,67.6,1375.3,67.64,278.5,2008.2,2743.9,67.6,17.5,SELL,3,67.6,1375.3,67.59,310.3,67.58,30.9,67.57,260.5,67.56,31.2,67.64,278.5,67.65,472.5,67.66,1130.7,67.67,253.8,67.68,608.4
1700000396.0,792,67.62,0.060000000000002274,67.59,306.1,67.65,189.4,2289.4,8829.6,67.65,18.5,BUY,1,67.59,306.1,67.58,312.9,67.57,1193.3,67.56,120.7,67.55,356.4,67.65,189.4,67.66,783.8,67.67,768.2,67.68,2068.9,67.69,5019.3
1700000396.5,793,67.62,0.060000000000002274,67.59,303.2,67.65,90.5,3678.4,5022.5,67.65,51.3,BUY,2,67.59,303.2,67.58,177.2,67.57,1671.2,67.56,1088.5,67.55,438.3,67.65,90.5,67.66,1889.6,67.67,1081.4,67.68,280.7,67.69,1680.3
1700000397.0,794,67.61,0.060000000000002274,67.58,1233.7,67.64,199.4,4126.4,6549.400000000001,67.64,66.2,BUY,1,67.58,1233.7,67.57,716.5,67.56,1718.8,67.55,281.7,67.54,175.7,67.64,199.4,67.65,60.8,67.66,4928.6,67.67,1071.8,67.68,288.8
1700000397.5,795,67.61,0.060000000000002274,67.58,186.5,67.64,285.8,2405.8,3064.1000000000004,67.64,99.9,BUY,2,67.58,186.5,67.57,290.2,67.56,243.7,67.55,909.9,67.54,775.5,67.64,285.8,67.65,1931.5,67.66,41.7,67.67,300.8,67.68,504.3
1700000398.0,796,67.61,0.03999999999999204,67.59,546.6,67.63,426.7,2346.6,4253.5,67.59,38.2,SELL,1,67.59,546.6,67.58,196.2,67.57,949.2,67.56,593.2,67.55,61.4,67.63,426.7,67.64,1274.6,67.65,727.9,67.66,1147.5,67.67,676.8
1700000398.5,797,67.61,0.060000000000002274,67.58,490.1,67.64,68.5,2941.8,2556.8,67.64,52.9,BUY,2,67.58,490.1,67.57,264.1,67.56,175.0,67.55,348.7,67.54,1663.9,67.64,68.5,67.65,958.4,67.66,273.7,67.67,412.4,67.68,843.8
1700000399.0,798,67.61,0.060000000000002274,67.58,759.4,67.64,423.1,4029.5,5651.9,67.58,89.7,SELL,3,67.58,759.4,67.57,250.7,67.56,359.5,67.55,576.1,67.54,2083.8,67.64,423.1,67.65,3486.2,67.66,55.7,67.67,577.3,67.68,1109.6
1700000399.5,799,67.61,0.060000000000002274,67.58,147.3,67.64,108.4,1685.9,4870.9,67.64,10.3,BUY,1,67.58,147.3,67.57,12.2,67.56,10.0,67.55,1330.0,67.54,186.4,67.64,108.4,67.65,2590.5,67.66,61.5,67.67,1167.8,67.68,942.7
1700000400.0,800,67.62,0.04000000000000625,67.6,180.1,67.64,374.4,2031.3,2800.2,67.62,0.0,BUY,0,67.6,180.1,67.59,369.9,67.58,641.3,67.57,63.7,67.56,776.3,67.64,374.4,67.65,64.2,67.66,1131.2,67.67,651.2,67.68,579.2
1700000400.5,801,67.62,0.060000000000002274,67.59,783.4,67.65,308.6,6347.9,3450.7000000000003,67.65,5.0,BUY,1,67.59,783.4,67.58,254.5,67.57,1621.5,67.56,446.8,67.55,3241.7,67.65,308.6,67.66,725.4,67.67,368.4,67.68,1800.5,67.69,247.8
1700000401.0,802,67.62,0.04000000000000625,67.6,231.1,67.64,323.0,2223.7,4319.5,67.62,0.0,BUY,0,67.6,231.1,67.59,940.1,67.58,388.9,67.57,619.9,67.56,43.7,67.64,323.0,67.65,932.6,67.66,310.0,67.67,954.9,67.68,1799.0
1700000401.5,803,65.87,0.060000000000002274,65.84,646.0,65.9,229.0,4889.5,3384.6000000000004,65.87,0.0,BUY,0,65.84,646.0,65.83,2199.0,65.82,1095.7,65.81,599.6,65.8,349.2,65.9,229.0,65.91,160.6,65.92,703.8,65.93,2070.9,65.94,220.3
1700000402.0,804,65.87,0.060000000000002274,65.84,373.2,65.9,169.0,3223.3,2860.3,65.84,12.1,SELL,2,65.84,373.2,65.83,831.9,65.82,453.4,65.81,287.3,65.8,1277.5,65.9,169.0,65.91,423.4,65.92,267.7,65.93,435.9,65.94,1564.3
1700000402.5,805,65.87,0.04000000000000625,65.85,410.2,65.89,359.0,1982.6,5021.299999999999,65.89,35.6,BUY,2,65.85,410.2,65.84,866.4,65.83,67.7,65.82,357.9,65.81,280.4,65.89,359.0,65.9,358.3,65.91,248.0,65.92,893.9,65.93,3162.1
1700000403.0,806,65.88,0.060000000000002274,65.85,167.0,65.91,157.8,5600.0,4104.3,65.88,0.0,BUY,0,65.85,167.0,65.84,1518.0,65.83,925.9,65.82,1490.0,65.81,1499.1,65.91,157.8,65.92,406.5,65.93,1473.8,65.94,1709.2,65.95,357.0
1700000403.5,807,65.88,0.04000000000000625,65.86,907.4,65.9,786.3,1673.2,8323.6,65.86,11.0,SELL,1,65.86,907.4,65.85,243.5,65.84,24.2,65.83,368.8,65.82,129.3,65.9,786.3,65.91,746.2,65.92,2183.8,65.93,3282.1,65.94,1325.2
1700000404.0,808,65.875,0.06999999999999318,65.84,108.6,65.91,1115.5,4993.1,3185.2,65.84,30.3,SELL,2,65.84,108.6,65.83,589.2,65.82,3061.8,65.81,755.3,65.8,478.2,65.91,1115.5,65.92,138.5,65.93,39.2,65.94,32.1,65.95,1859.9
1700000404.5,809,65.88,0.04000000000000625,65.86,83.1,65.9,945.0,2337.6000000000004,4057.8,65.9,139.0,BUY,3,65.86,83.1,65.85,653.3,65.84,632.1,65.83,851.3,65.82,117.8,65.9,945.0,65.91,175.1,65.92,1029.1,65.93,348.8,65.94,1559.8
1700000405.0,810,65.89,0.060000000000002274,65.86,1121.5,65.92,149.0,2614.7,7460.0,65.86,7.8,SELL,2,65.86,1121.5,65.85,86.2,65.84,1023.7,65.83,77.6,65.82,305.7,65.92,149.0,65.93,76.2,65.94,3545.8,65.95,2311.3,65.96,1377.7
1700000405.5,811,65.89,0.060000000000002274,65.86,1138.1,65.92,19.9,2810.2,4588.6,65.89,0.0,BUY,0,65.86,1138.1,65.85,144.6,65.84,891.3,65.83,154.0,65.82,482.2,65.92,19.9,65.93,83.3,65.94,1095.8,65.95,555.2,65.96,2834.4
1700000406.0,812,65.89,0.060000000000002274,65.86,29.4,65.92,267.9,1688.6,4817.1,65.92,93.5,BUY,4,65.86,29.4,65.85,285.6,65.84,39.5,65.83,358.7,65.82,975.4,65.92,267.9,65.93,1844.0,65.94,243.6,65.95,1017.0,65.96,1444.6
1700000406.5,813,65.88,0.060000000000002274,65.85,630.7,65.91,244.7,3733.0,1923.8999999999999,65.91,15.9,BUY,1,65.85,630.7,65.84,92.2,65.83,2023.2,65.82,195.2,65.81,791.7,65.91,244.7,65.92,1529.6,65.93,71.9,65.94,27.1,65.95,50.6
1700000407.0,814,65.88,0.060000000000002274,65.85,1658.7,65.91,890.2,4972.0,3154.0,65.85,21.7,SELL,3,65.85,1658.7,65.84,1393.4,65.83,440.6,65.82,1464.9,65.81,14.4,65.91,890.2,65.92,399.6,65.93,168.2,65.94,178.6,65.95,1517.4
1700000407.5,815,65.88,0.060000000000002274,65.85,493.5,65.91,516.0,3011.4,2881.2000000000003,65.85,39.7,SELL,2,65.85,493.5,65.84,106.4,65.83,196.0,65.82,1585.9,65.81,629.6,65.91,516.0,65.92,953.2,65.93,105.7,65.94,380.4,65.95,925.9
1700000408.0,816,65.88,0.060000000000002274,65.85,1735.0,65.91,231.6,4686.3,2474.9,65.91,193.4,BUY,3,65.85,1735.0,65.84,165.4,65.83,442.4,65.82,1299.0,65.81,1044.5,65.91,231.6,65.92,197.1,65.93,390.3,65.94,25.2,65.95,1630.7
1700000408.5,817,65.88,0.060000000000002274,65.85,171.8,65.91,243.8,5184.599999999999,4004.4000000000005,65.85,5.0,SELL,2,65.85,171.8,65.84,1384.0,65.83,1763.6,65.82,543.6,65.81,1321.6,65.91,243.8,65.92,346.3,65.93,1215.3,65.94,1832.2,65.95,366.8
1700000409.0,818,65.88,0.04000000000000625,65.86,93.1,65.9,175.9,3848.1000000000004,3879.9,65.9,18.5,BUY,2,65.86,93.1,65.85,1165.0,65.84,1087.9,65.83,561.3,65.82,940.8,65.9,175.9,65.91,154.4,65.92,458.1,65.93,1627.5,65.94,1464.0
1700000409.5,819,65.88,0.04000000000000625,65.86,208.2,65.9,267.7,5423.5,1440.9,65.9,92.6,BUY,1,65.86,208.2,65.85,312.1,65.84,659.5,65.83,15.2,65.82,4228.5,65.9,267.7,65.91,103.9,65.92,549.4,65.93,249.7,65.94,270.2
1700000410.0,820,65.89,0.060000000000002274,65.86,345.7,65.92,338.8,3351.9,4761.9,65.89,0.0,BUY,0,65.86,345.7,65.85,93.0,65.84,113.7,65.83,2624.7,65.82,174.8,65.92,338.8,65.93,464.7,65.94,1157.2,65.95,970.5,65.96,1830.7
1700000410.5,821,65.89,0.060000000000002274,65.86,1905.9,65.92,40.1,4884.2,1597.3000000000002,65.92,48.9,BUY,1,65.86,1905.9,65.85,378.4,65.84,158.6,65.83,901.5,65.82,1539.8,65.92,40.1,65.93,18.0,65.94,405.8,65.95,298.2,65.96,835.2
1700000411.0,822,65.89,0.060000000000002274,65.86,380.2,65.92,446.0,2179.5,3986.6000000000004,65.92,87.5,BUY,2,65.86,380.2,65.85,690.7,65.84,267.9,65.83,503.6,65.82,337.1,65.92,446.0,65.93,2128.4,65.94,452.4,65.95,725.5,65.96,234.3
1700000411.5,823,65.89,0.060000000000002274,65.86,10.0,65.92,85.2,2122.8,3808.7000000000003,65.89,0.0,BUY,0,65.86,10.0,65.85,1606.4,65.84,35.4,65.83,10.0,65.82,461.0,65.92,85.2,65.93,625.3,65.94,2095.0,65.95,685.9,65.96,317.3
1700000412.0,824,65.89,0.060000000000002274,65.86,1013.8,65.92,28.9,3953.5,3810.7000000000003,65.86,14.9,SELL,1,65.86,1013.8,65.85,733.2,65.84,358.7,65.83,968.5,65.82,879.3,65.92,28.9,65.93,1277.0,65.94,43.5,65.95,1711.9,65.96,749.4
1700000412.5,825,65.89,0.060000000000002274,65.86,877.6,65.92,297.5,4608.3,4173.3,65.86,9.7,SELL,3,65.86,877.6,65.85,77.2,65.84,1632.4,65.83,482.3,65.82,1538.8,65.92,297.5,65.93,708.1,65.94,331.6,65.95,509.3,65.96,2326.8
1700000413.0,826,65.89,0.060000000000002274,65.86,10.0,65.92,420.4,2893.7999999999997,2702.8,65.86,22.9,SELL,3,65.86,10.0,65.85,803.7,65.84,1404.8,65.83,310.1,65.82,365.2,65.92,420.4,65.93,290.3,65.94,24.8,65.95,357.5,65.96,1609.8
1700000413.5,827,65.89,0.03999999999999204,65.87,40.0,65.91,906.4,2297.1000000000004,3634.0,65.91,17.5,BUY,6,65.87,40.0,65.86,805.5,65.85,978.9,65.84,370.9,65.83,101.8,65.91,906.4,65.92,637.7,65.93,10.5,65.94,86.6,65.95,1992.8
1700000414.0,828,65.89,0.060000000000002274,65.86,1281.5,65.92,328.6,5844.799999999999,3402.5,65.86,15.0,SELL,2,65.86,1281.5,65.85,920.5,65.84,1212.9,65.83,1619.5,65.82,810.4,65.92,328.6,65.93,575.7,65.94,544.8,65.95,1840.9,65.96,112.5
1700000414.5,829,65.905,0.05000000000001137,65.88,353.4,65.93,582.4,3847.5,3119.5,65.93,70.3,BUY,3,65.88,353.4,65.87,46.7,65.86,1203.8,65.85,515.6,65.84,1728.0,65.93,582.4,65.94,1023.7,65.95,93.9,65.96,710.9,65.97,708.6
1700000415.0,830,65.89,0.03999999999999204,65.87,751.6,65.91,207.9,3784.5,2851.6,65.89,0.0,BUY,0,65.87,751.6,65.86,1101.1,65.85,470.8,65.84,538.3,65.83,922.7,65.91,207.9,65.92,187.5,65.93,914.7,65.94,1422.4,65.95,119.1
1700000415.5,831,65.89,0.060000000000002274,65.86,396.5,65.92,463.6,6441.0,2481.8,65.89,0.0,BUY,0,65.86,396.5,65.85,692.2,65.84,1149.9,65.83,1525.8,65.82,2676.6,65.92,463.6,65.93,960.3,65.94,10.0,65.95,1037.9,65.96,10.0
1700000416.0,832,65.905,0.05000000000001137,65.88,1605.5,65.93,573.4,4886.700000000001,3042.3999999999996,65.93,51.5,BUY,3,65.88,1605.5,65.87,528.6,65.86,1422.1,65.85,1240.4,65.84,90.1,65.93,573.4,65.94,781.8,65.95,171.0,65.96,24.0,65.97,1492.2
1700000416.5,833,65.905,0.05000000000001137,65.88,591.7,65.93,1023.6,2058.3,6496.3,65.93,33.6,BUY,1,65.88,591.7,65.87,450.5,65.86,914.7,65.85,64.8,65.84,36.6,65.93,1023.6,65.94,3533.6,65.95,407.5,65.96,988.1,65.97,543.5
1700000417.0,834,65.905,0.05000000000001137,65.88,141.3,65.93,1245.7,1646.6000000000001,6586.299999999999,65.93,11.7,BUY,1,65.88,141.3,65.87,332.4,65.86,753.1,65.85,212.9,65.84,206.9,65.93,1245.7,65.94,471.9,65.95,760.8,65.96,386.1,65.97,3721.8
1700000417.5,835,65.89,0.03999999999999204,65.87,541.4,65.91,513.2,9010.6,3466.7000000000003,65.87,14.7,SELL,1,65.87,541.4,65.86,3676.4,65.85,64.6,65.84,1169.0,65.83,3559.2,65.91,513.2,65.92,558.6,65.93,945.6,65.94,1213.7,65.95,235.6
1700000418.0,836,65.89,0.03999999999999204,65.87,572.5,65.91,385.6,4798.900000000001,4252.0,65.87,7.9,SELL,1,65.87,572.5,65.86,326.6,65.85,100.0,65.84,3550.0,65.83,249.8,65.91,385.6,65.92,610.6,65.93,1469.1,65.94,1565.2,65.95,221.5
1700000418.5,837,65.905,0.05000000000001137,65.88,288.3,65.93,36.7,6623.300000000001,3746.9,65.88,5.0,SELL,1,65.88,288.3,65.87,4539.1,65.86,582.5,65.85,968.6,65.84,244.8,65.93,36.7,65.94,30.2,65.95,2276.2,65.96,475.9,65.97,927.9
1700000419.0,838,65.905,0.05000000000001137,65.88,292.5,65.93,1425.0,2629.6,2187.2,65.93,46.2,BUY,4,65.88,292.5,65.87,330.7,65.86,640.4,65.85,874.4,65.84,491.6,65.93,1425.0,65.94,376.0,65.95,10.0,65.96,122.3,65.97,253.9
1700000419.5,839,65.905,0.05000000000001137,65.88,71.4,65.93,118.9,1482.0,4402.8,65.88,16.6,SELL,2,65.88,71.4,65.87,922.0,65.86,35.8,65.85,340.9,65.84,111.9,65.93,118.9,65.94,381.9,65.95,21.2,65.96,2002.9,65.97,1877.9
1700000420.0,840,65.9,0.060000000000002274,65.87,800.1,65.93,375.9,2774.7999999999997,2586.4,65.87,132.8,SELL,1,65.87,800.1,65.86,122.0,65.85,164.9,65.84,1563.1,65.83,124.7,65.93,375.9,65.94,165.9,65.95,695.0,65.96,761.0,65.97,588.6
1700000420.5,841,65.905,0.05000000000001137,65.88,837.2,65.93,811.4,5537.3,3299.4,65.88,45.9,SELL,2,65.88,837.2,65.87,2763.5,65.86,1050.3,65.85,15.3,65.84,871.0,65.93,811.4,65.94,1492.2,65.95,111.5,65.96,702.5,65.97,181.8
1700000421.0,842,65.905,0.05000000000001137,65.88,942.2,65.93,476.4,7745.9,3682.4,65.88,67.2,SELL,1,65.88,942.2,65.87,895.1,65.86,802.3,65.85,2701.2,65.84,2405.1,65.93,476.4,65.94,250.6,65.95,876.0,65.96,76.2,65.97,2003.2
1700000421.5,843,65.905,0.05000000000001137,65.88,45.6,65.93,452.9,2514.0,5502.5,65.93,11.8,BUY,2,65.88,45.6,65.87,1401.9,65.86,565.5,65.85,37.8,65.84,463.2,65.93,452.9,65.94,1573.7,65.95,1393.2,65.96,883.7,65.97,1199.0
1700000422.0,844,65.905,0.05000000000001137,65.88,1136.8,65.93,775.7,3593.8,2019.8000000000002,65.905,0.0,BUY,0,65.88,1136.8,65.87,1005.5,65.86,131.5,65.85,1088.9,65.84,231.1,65.93,775.7,65.94,363.1,65.95,36.5,65.96,390.6,65.97,453.9
1700000422.5,845,65.91,0.060000000000002274,65.88,163.8,65.94,402.1,3787.6,3678.5,65.88,73.1,SELL,1,65.88,163.8,65.87,28.0,65.86,700.6,65.85,221.1,65.84,2674.1,65.94,402.1,65.95,93.7,65.96,2031.0,65.97,21.2,65.98,1130.5
1700000423.0,846,65.91,0.060000000000002274,65.88,76.1,65.94,278.2,4943.9,1839.1999999999998,65.88,56.4,SELL,1,65.88,76.1,65.87,1012.5,65.86,1988.8,65.85,369.5,65.84,1497.0,65.94,278.2,65.95,176.2,65.96,344.5,65.97,334.9,65.98,705.4
1700000423.5,847,65.905,0.05000000000001137,65.88,553.5,65.93,759.3,7130.0,3212.9,65.905,0.0,BUY,0,65.88,553.5,65.87,2422.7,65.86,1939.4,65.85,151.5,65.84,2062.9,65.93,759.3,65.94,849.5,65.95,163.3,65.96,75.4,65.97,1365.4
1700000424.0,848,65.9,0.060000000000002274,65.87,519.2,65.93,359.0,1932.1,7315.5,65.87,160.1,SELL,1,65.87,519.2,65.86,124.2,65.85,594.3,65.84,194.6,65.83,499.8,65.93,359.0,65.94,1469.4,65.95,72.1,65.96,323.6,65.97,5091.4
1700000424.5,849,65.9,0.04000000000000625,65.88,363.6,65.92,309.4,2414.0,9157.4,65.88,31.9,SELL,2,65.88,363.6,65.87,499.6,65.86,1038.2,65.85,137.3,65.84,375.3,65.92,309.4,65.93,1969.1,65.94,771.2,65.95,5548.1,65.96,559.6
1700000425.0,850,65.905,0.05000000000001137,65.88,110.4,65.93,121.0,2778.3,2035.1000000000001,65.905,0.0,BUY,0,65.88,110.4,65.87,367.2,65.86,608.1,65.85,1077.9,65.84,614.7,65.93,121.0,65.94,177.6,65.95,519.1,65.96,994.0,65.97,223.4
1700000425.5,851,65.9,0.04000000000000625,65.88,825.4,65.92,595.6,9574.6,2739.8999999999996,65.92,48.5,BUY,4,65.88,825.4,65.87,631.7,65.86,517.2,65.85,2813.7,65.84,4786.6,65.92,595.6,65.93,27.9,65.94,1309.1,65.95,474.6,65.96,332.7
1700000426.0,852,65.905,0.05000000000001137,65.88,81.3,65.93,1037.7,4027.4,2205.6,65.905,0.0,BUY,0,65.88,81.3,65.87,452.2,65.86,186.2,65.85,2038.7,65.84,1269.0,65.93,1037.7,65.94,220.9,65.95,99.7,65.96,464.6,65.97,382.7
1700000426.5,853,65.905,0.05000000000001137,65.88,94.0,65.93,241.1,3105.2,2660.8999999999996,65.88,8.4,SELL,5,65.88,94.0,65.87,1747.9,65.86,856.1,65.85,57.7,65.84,349.5,65.93,241.1,65.94,150.5,65.95,291.2,65.96,1280.8,65.97,697.3
1700000427.0,854,65.9,0.04000000000000625,65.88,60.5,65.92,980.8,2671.5,3733.5,65.88,16.9,SELL,2,65.88,60.5,65.87,1679.7,65.86,528.8,65.85,272.0,65.84,130.5,65.92,980.8,65.93,361.3,65.94,293.2,65.95,439.0,65.96,1659.2
1700000427.5,855,65.91,0.060000000000002274,65.88,798.4,65.94,380.5,1854.5,1607.3,65.94,5.0,BUY,2,65.88,798.4,65.87,382.8,65.86,290.7,65.85,363.3,65.84,19.3,65.94,380.5,65.95,10.1,65.96,676.6,65.97,447.8,65.98,92.3
1700000428.0,856,65.91,0.060000000000002274,65.88,628.5,65.94,151.0,2726.5,7249.900000000001,65.91,0.0,BUY,0,65.88,628.5,65.87,10.0,65.86,365.8,65.85,1279.0,65.84,443.2,65.94,151.0,65.95,1129.9,65.96,5343.7,65.97,29.7,65.98,595.6
1700000428.5,857,65.91,0.04000000000000625,65.89,405.6,65.93,402.1,1069.1999999999998,6711.0,65.93,90.8,BUY,1,65.89,405.6,65.88,298.7,65.87,15.9,65.86,305.5,65.85,43.5,65.93,402.1,65.94,410.6,65.95,135.7,65.96,1116.9,65.97,4645.7
1700000429.0,858,65.91,0.060000000000002274,65.88,2190.6,65.94,208.6,9826.099999999999,1785.1,65.88,36.1,SELL,2,65.88,2190.6,65.87,655.6,65.86,1366.6,65.85,1799.4,65.84,3813.9,65.94,208.6,65.95,1238.3,65.96,49.7,65.97,278.5,65.98,10.0
1700000429.5,859,65.92,0.060000000000002274,65.89,554.6,65.95,1502.0,4971.9,7204.5,65.95,8.3,BUY,1,65.89,554.6,65.88,507.8,65.87,436.1,65.86,372.5,65.85,3100.9,65.95,1502.0,65.96,406.1,65.97,688.0,65.98,2309.1,65.99,2299.3
1700000430.0,860,65.92,0.03999999999999204,65.9,1090.1,65.94,267.9,2972.7999999999997,3444.9,65.94,13.0,BUY,6,65.9,1090.1,65.89,253.9,65.88,737.7,65.87,550.0,65.86,341.1,65.94,267.9,65.95,146.3,65.96,1991.3,65.97,913.8,65.98,125.6
1700000430.5,861,66.47,0.060000000000002274,66.44,1229.3,66.5,736.3,2790.2,4307.2,66.5,14.5,BUY,3,66.44,1229.3,66.43,27.7,66.42,209.8,66.41,198.4,66.4,1125.0,66.5,736.3,66.51,628.4,66.52,175.0,66.53,715.1,66.54,2052.4
1700000431.0,862,66.47,0.060000000000002274,66.44,499.3,66.5,44.8,3627.6,4343.1,66.5,6.4,BUY,3,66.44,499.3,66.43,47.8,66.42,1903.1,66.41,445.0,66.4,732.4,66.5,44.8,66.51,10.7,66.52,1746.1,66.53,2411.0,66.54,130.5
1700000431.5,863,66.47,0.060000000000002274,66.44,39.8,66.5,70.8,3029.7000000000003,3764.8,66.44,125.8,SELL,4,66.44,39.8,66.43,302.8,66.42,1050.9,66.41,1195.8,66.4,440.4,66.5,70.8,66.51,278.8,66.52,1254.1,66.53,419.4,66.54,1741.7
1700000432.0,864,66.45500000000001,0.04999999999999716,66.43,174.9,66.48,997.3,1686.2,5199.4,66.48,113.2,BUY,5,66.43,174.9,66.42,49.2,66.41,158.1,66.4,1195.8,66.39,108.2,66.48,997.3,66.49,1484.3,66.5,1676.6,66.51,469.0,66.52,572.2
1700000432.5,865,66.46000000000001,0.05999999999998806,66.43,559.7,66.49,658.1,8734.5,5045.7,66.49,47.2,BUY,2,66.43,559.7,66.42,890.8,66.41,291.4,66.4,1619.1,66.39,5373.5,66.49,658.1,66.5,1463.6,66.51,316.7,66.52,1759.8,66.53,847.5
1700000433.0,866,66.47,0.060000000000002274,66.44,18.5,66.5,222.3,3183.4,4066.5,66.44,77.7,SELL,1,66.44,18.5,66.43,584.2,66.42,890.3,66.41,1063.5,66.4,626.9,66.5,222.3,66.51,1081.0,66.52,1715.7,66.53,406.1,66.54,641.4
1700000433.5,867,66.47,0.060000000000002274,66.44,858.7,66.5,298.8,4575.2,2630.2,66.47,0.0,BUY,0,66.44,858.7,66.43,1620.2,66.42,62.2,66.41,304.3,66.4,1729.8,66.5,298.8,66.51,1420.3,66.52,179.9,66.53,443.2,66.54,288.0
1700000434.0,868,66.47,0.03999999999999204,66.45,744.2,66.49,630.8,4063.5,4885.400000000001,66.49,8.6,BUY,2,66.45,744.2,66.44,618.3,66.43,1091.5,66.42,1599.5,66.41,10.0,66.49,630.8,66.5,277.2,66.51,1325.1,66.52,2553.0,66.53,99.3
1700000434.5,869,66.48,0.060000000000002274,66.45,44.4,66.51,133.7,5387.6,3006.7999999999997,66.45,58.3,SELL,1,66.45,44.4,66.44,1124.5,66.43,878.7,66.42,1487.6,66.41,1852.4,66.51,133.7,66.52,851.6,66.53,357.3,66.54,744.6,66.55,919.6
1700000435.0,870,66.48,0.060000000000002274,66.45,1251.2,66.51,550.4,3970.9,7494.1,66.45,43.8,SELL,2,66.45,1251.2,66.44,595.3,66.43,865.8,66.42,286.5,66.41,972.1,66.51,550.4,66.52,1066.5,66.53,1771.3,66.54,419.6,66.55,3686.3
1700000435.5,871,66.48,0.060000000000002274,66.45,801.2,66.51,10.1,3973.4,2991.6,66.45,23.4,SELL,2,66.45,801.2,66.44,886.3,66.43,342.4,66.42,1435.0,66.41,508.5,66.51,10.1,66.52,217.0,66.53,1228.6,66.54,247.9,66.55,1288.0
1700000436.0,872,66.48,0.060000000000002274,66.45,1042.9,66.51,780.5,3324.0,3236.7999999999997,66.51,26.4,BUY,5,66.45,1042.9,66.44,831.3,66.43,814.3,66.42,327.5,66.41,308.0,66.51,780.5,66.52,664.0,66.53,427.6,66.54,50.1,66.55,1314.6
1700000436.5,873,66.48,0.060000000000002274,66.45,664.4,66.51,181.2,12547.5,4605.3,66.45,32.1,SELL,1,66.45,664.4,66.44,297.3,66.43,4623.2,66.42,3448.6,66.41,3514.0,66.51,181.2,66.52,767.1,66.53,453.0,66.54,1572.5,66.55,1631.5
1700000437.0,874,66.48,0.060000000000002274,66.45,373.9,66.51,29.5,3816.3,2940.8,66.51,56.7,BUY,1,66.45,373.9,66.44,374.1,66.43,2784.3,66.42,215.3,66.41,68.7,66.51,29.5,66.52,584.1,66.53,906.7,66.54,928.0,66.55,492.5
1700000437.5,875,66.48,0.060000000000002274,66.45,160.5,66.51,18.2,1782.7,1659.8,66.51,50.6,BUY,3,66.45,160.5,66.44,24.0,66.43,425.3,66.42,47.7,66.41,1125.2,66.51,18.2,66.52,700.4,66.53,121.5,66.54,597.4,66.55,222.3
1700000438.0,876,66.48,0.060000000000002274,66.45,23.7,66.51,190.1,2548.1,2760.5,66.51,145.0,BUY,2,66.45,23.7,66.44,554.2,66.43,1621.6,66.42,133.0,66.41,215.6,66.51,190.1,66.52,634.5,66.53,716.9,66.54,1012.6,66.55,206.4
1700000438.5,877,66.47999999999999,0.04000000000000625,66.46,308.2,66.5,1231.3,3547.9,5765.2,66.5,39.4,BUY,1,66.46,308.2,66.45,47.1,66.44,377.5,66.43,607.7,66.42,2207.4,66.5,1231.3,66.51,224.3,66.52,681.4,66.53,391.5,66.54,3236.7
1700000439.0,878,66.47999999999999,0.04000000000000625,66.46,204.5,66.5,797.7,5184.9,4668.0,66.46,6.2,SELL,2,66.46,204.5,66.45,374.2,66.44,346.2,66.43,284.0,66.42,3976.0,66.5,797.7,66.51,188.9,66.52,469.3,66.53,327.9,66.54,2884.2
1700000439.5,879,66.47999999999999,0.04000000000000625,66.46,268.6,66.5,1337.0,3992.5,3219.2000000000003,66.46,59.0,SELL,3,66.46,268.6,66.45,587.6,66.44,452.8,66.43,2209.2,66.42,474.3,66.5,1337.0,66.51,69.9,66.52,778.2,66.53,529.9,66.54,504.2
1700000440.0,880,66.47999999999999,0.04000000000000625,66.46,678.0,66.5,185.8,4534.0,6284.3,66.47999999999999,0.0,BUY,0,66.46,678.0,66.45,283.0,66.44,3257.5,66.43,248.7,66.42,66.8,66.5,185.8,66.51,3437.6,66.52,462.9,66.53,1186.5,66.54,1011.5
1700000440.5,881,66.48,0.060000000000002274,66.45,967.3,66.51,1024.4,3944.3,3845.2999999999997,66.51,22.6,BUY,1,66.45,967.3,66.44,1057.7,66.43,1516.4,66.42,392.9,66.41,10.0,66.51,1024.4,66.52,629.0,66.53,1222.8,66.54,53.2,66.55,915.9
1700000441.0,882,66.49,0.060000000000002274,66.46,38.0,66.52,10.0,3447.8,3148.5,66.49,0.0,BUY,0,66.46,38.0,66.45,1184.2,66.44,859.3,66.43,798.0,66.42,568.3,66.52,10.0,66.53,62.2,66.54,2052.4,66.55,334.7,66.56,689.2
1700000441.5,883,66.49,0.060000000000002274,66.46,470.6,66.52,892.8,2440.2000000000003,2904.1,66.49,0.0,BUY,0,66.46,470.6,66.45,251.4,66.44,320.9,66.43,1161.0,66.42,236.3,66.52,892.8,66.53,731.6,66.54,458.4,66.55,61.7,66.56,759.6
1700000442.0,884,66.49000000000001,0.04000000000000625,66.47,838.8,66.51,565.8,2176.8999999999996,6923.6,66.47,10.0,SELL,2,66.47,838.8,66.46,820.9,66.45,72.2,66.44,267.0,66.43,178.0,66.51,565.8,66.52,10.0,66.53,1359.7,66.54,4251.8,66.55,736.3
1700000442.5,885,66.49,0.060000000000002274,66.46,191.8,66.52,181.6,1776.3000000000002,1360.8999999999999,66.52,5.0,BUY,4,66.46,191.8,66.45,670.1,66.44,277.7,66.43,380.6,66.42,256.1,66.52,181.6,66.53,160.6,66.54,58.2,66.55,565.3,66.56,395.2
1700000443.0,886,66.49,0.060000000000002274,66.46,333.5,66.52,631.1,3531.1,2915.0,66.46,15.3,SELL,3,66.46,333.5,66.45,77.2,66.44,1944.4,66.43,750.6,66.42,425.4,66.52,631.1,66.53,20.6,66.54,772.3,66.55,193.0,66.56,1298.0
1700000443.5,887,66.5,0.03999999999999204,66.48,65.6,66.52,250.0,3999.6,1801.1,66.52,68.9,BUY,3,66.48,65.6,66.47,1790.4,66.46,1503.5,66.45,310.0,66.44,330.1,66.52,250.0,66.53,168.1,66.54,165.5,66.55,974.5,66.56,243.0
1700000444.0,888,66.49000000000001,0.04000000000000625,66.47,1764.3,66.51,278.4,5470.3,5641.9,66.51,103.6,BUY,2,66.47,1764.3,66.46,206.8,66.45,667.0,66.44,553.7,66.43,2278.5,66.51,278.4,66.52,498.3,66.53,2162.2,66.54,889.5,66.55,1813.5
1700000444.5,889,66.49,0.060000000000002274,66.46,388.9,66.52,855.4,7065.1,5776.799999999999,66.49,0.0,BUY,0,66.46,388.9,66.45,464.1,66.44,613.4,66.43,2872.6,66.42,2726.1,66.52,855.4,66.53,1343.7,66.54,930.8,66.55,667.1,66.56,1979.8
1700000445.0,890,66.48,0.060000000000002274,66.45,1000.6,66.51,1342.6,1781.1,4124.4,66.51,5.8,BUY,3,66.45,1000.6,66.44,12.9,66.43,224.8,66.42,308.0,66.41,234.8,66.51,1342.6,66.52,1195.3,66.53,182.4,66.54,1191.0,66.55,213.1
1700000445.5,891,66.48,0.060000000000002274,66.45,737.7,66.51,1315.0,2733.3,4700.5,66.45,7.1,SELL,1,66.45,737.7,66.44,905.5,66.43,236.4,66.42,124.3,66.41,729.4,66.51,1315.0,66.52,826.7,66.53,1144.9,66.54,963.7,66.55,450.2
1700000446.0,892,66.48,0.060000000000002274,66.45,108.0,66.51,516.4,2652.9,8670.5,66.51,8.9,BUY,4,66.45,108.0,66.44,29.7,66.43,31.1,66.42,1528.5,66.41,955.6,66.51,516.4,66.52,708.6,66.53,308.1,66.54,2648.7,66.55,4488.7
1700000446.5,893,66.47999999999999,0.04000000000000625,66.46,82.3,66.5,95.8,4863.0,2182.6,66.46,14.7,SELL,1,66.46,82.3,66.45,962.0,66.44,833.6,66.43,584.6,66.42,2400.5,66.5,95.8,66.51,937.7,66.52,319.3,66.53,627.7,66.54,202.1
1700000447.0,894,66.48,0.060000000000002274,66.45,74.2,66.51,1400.3,1993.4,2902.8999999999996,66.48,0.0,BUY,0,66.45,74.2,66.44,212.2,66.43,28.3,66.42,1171.3,66.41,507.4,66.51,1400.3,66.52,616.8,66.53,413.1,66.54,462.7,66.55,10.0
1700000447.5,895,66.49,0.060000000000002274,66.46,868.2,66.52,73.9,2538.1,1465.6,66.46,100.7,SELL,3,66.46,868.2,66.45,14.1,66.44,1121.7,66.43,185.5,66.42,348.6,66.52,73.9,66.53,398.1,66.54,193.9,66.55,60.2,66.56,739.5
1700000448.0,896,67.37,0.060000000000002274,67.34,620.8,67.4,469.1,1909.1999999999998,6539.2,67.4,5.0,BUY,1,67.34,620.8,67.33,137.2,67.32,63.0,67.31,382.8,67.3,705.4,67.4,469.1,67.41,338.2,67.42,420.8,67.43,2475.6,67.44,2835.5
1700000448.5,897,67.37,0.060000000000002274,67.34,403.8,67.4,1208.9,2323.2000000000003,6469.9,67.37,0.0,BUY,0,67.34,403.8,67.33,420.7,67.32,629.3,67.31,722.0,67.3,147.4,67.4,1208.9,67.41,424.9,67.42,353.5,67.43,1292.1,67.44,3190.5
1700000449.0,898,67.37,0.060000000000002274,67.34,10.0,67.4,1584.6,3026.8999999999996,6290.8,67.34,12.0,SELL,3,67.34,10.0,67.33,250.5,67.32,103.2,67.31,349.1,67.3,2314.1,67.4,1584.6,67.41,827.2,67.42,794.4,67.43,2581.9,67.44,502.7
1700000449.5,899,67.37,0.060000000000002274,67.34,376.9,67.4,135.3,2007.7000000000003,4356.8,67.34,72.5,SELL,2,67.34,376.9,67.33,234.8,67.32,229.4,67.31,530.7,67.3,635.9,67.4,135.3,67.41,192.0,67.42,1301.8,67.43,1219.2,67.44,1508.5
1700000450.0,900,67.37,0.04000000000000625,67.35,1166.2,67.39,417.4,2969.4,2775.8,67.39,120.4,BUY,2,67.35,1166.2,67.34,133.7,67.33,1138.3,67.32,399.8,67.31,131.4,67.39,417.4,67.4,840.1,67.41,127.0,67.42,683.8,67.43,707.5
1700000450.5,901,67.36,0.03999999999999204,67.34,530.4,67.38,114.3,4868.6,3639.3999999999996,67.34,33.2,SELL,2,67.34,530.4,67.33,235.5,67.32,1632.8,67.31,641.5,67.3,1828.4,67.38,114.3,67.39,557.1,67.4,684.2,67.41,1035.6,67.42,1248.2
1700000451.0,902,67.36,0.060000000000002274,67.33,49.1,67.39,21.4,3028.7000000000003,2351.2,67.36,0.0,BUY,0,67.33,49.1,67.32,2126.4,67.31,237.3,67.3,85.4,67.29,530.5,67.39,21.4,67.4,271.3,67.41,419.4,67.42,350.5,67.43,1288.6
1700000451.5,903,67.35,0.060000000000002274,67.32,365.9,67.38,665.1,3767.6000000000004,4620.1,67.35,0.0,BUY,0,67.32,365.9,67.31,434.9,67.3,10.0,67.29,988.6,67.28,1968.2,67.38,665.1,67.39,903.1,67.4,764.3,67.41,279.4,67.42,2008.2
1700000452.0,904,67.34,0.060000000000002274,67.31,564.4,67.37,128.8,1713.5,3955.4,67.31,19.6,SELL,2,67.31,564.4,67.3,324.1,67.29,154.2,67.28,266.7,67.27,404.1,67.37,128.8,67.38,2830.7,67.39,808.6,67.4,177.3,67.41,10.0
1700000452.5,905,67.34,0.060000000000002274,67.31,767.6,67.37,31.8,4609.5,4782.0,67.37,18.9,BUY,2,67.31,767.6,67.3,599.7,67.29,2446.5,67.28,10.2,67.27,785.5,67.37,31.8,67.38,2584.4,67.39,1553.8,67.4,154.7,67.41,457.3
1700000453.0,906,67.34,0.060000000000002274,67.31,606.1,67.37,224.4,5691.6,3260.7000000000003,67.31,11.4,SELL,1,67.31,606.1,67.3,357.2,67.29,1370.2,67.28,1891.7,67.27,1466.4,67.37,224.4,67.38,2325.8,67.39,214.9,67.4,292.4,67.41,203.2
1700000453.5,907,67.34,0.060000000000002274,67.31,1497.2,67.37,827.4,7706.5,2446.3999999999996,67.34,0.0,BUY,0,67.31,1497.2,67.3,962.3,67.29,2053.2,67.28,618.0,67.27,2575.8,67.37,827.4,67.38,523.8,67.39,96.0,67.4,89.9,67.41,909.3
1700000454.0,908,67.34,0.04000000000000625,67.32,716.5,67.36,202.8,3802.5,1985.7,67.32,5.8,SELL,3,67.32,716.5,67.31,531.5,67.3,587.7,67.29,140.2,67.28,1826.6,67.36,202.8,67.37,777.5,67.38,207.0,67.39,663.2,67.4,135.2
1700000454.5,909,67.33,0.03999999999999204,67.31,274.3,67.35,584.8,3726.2,8372.6,67.31,12.0,SELL,3,67.31,274.3,67.3,796.2,67.29,836.6,67.28,1260.5,67.27,558.6,67.35,584.8,67.36,10.0,67.37,1085.2,67.38,599.3,67.39,6093.3
1700000455.0,910,67.315,0.04999999999999716,67.29,508.7,67.34,550.1,2941.4,3770.1000000000004,67.29,29.7,SELL,2,67.29,508.7,67.28,472.8,67.27,366.4,67.26,569.7,67.25,1023.8,67.34,550.1,67.35,1012.0,67.36,172.2,67.37,1935.5,67.38,100.3
1700000455.5,911,67.315,0.04999999999999716,67.29,255.6,67.34,27.0,3483.8,4839.5,67.315,0.0,BUY,0,67.29,255.6,67.28,533.6,67.27,1344.3,67.26,603.5,67.25,746.8,67.34,27.0,67.35,292.1,67.36,63.5,67.37,877.2,67.38,3579.7
1700000456.0,912,67.315,0.04999999999999716,67.29,45.0,67.34,198.2,2088.7,6159.1,67.29,20.9,SELL,1,67.29,45.0,67.28,568.9,67.27,780.1,67.26,410.7,67.25,284.0,67.34,198.2,67.35,670.9,67.36,364.9,67.37,1263.4,67.38,3661.7
1700000456.5,913,67.315,0.04999999999999716,67.29,1536.8,67.34,159.0,4506.200000000001,2786.5,67.315,0.0,BUY,0,67.29,1536.8,67.28,744.5,67.27,902.7,67.26,170.8,67.25,1151.4,67.34,159.0,67.35,288.2,67.36,1051.1,67.37,837.2,67.38,451.0
1700000457.0,914,67.32,0.05999999999998806,67.29,381.7,67.35,352.3,2213.2,4283.9,67.35,86.4,BUY,2,67.29,381.7,67.28,302.8,67.27,430.2,67.26,346.8,67.25,751.7,67.35,352.3,67.36,1626.3,67.37,15.2,67.38,887.4,67.39,1402.7
1700000457.5,915,67.32,0.05999999999998806,67.29,133.9,67.35,577.1,6928.5,2230.3,67.32,0.0,BUY,0,67.29,133.9,67.28,154.1,67.27,387.1,67.26,2878.1,67.25,3375.3,67.35,577.1,67.36,61.9,67.37,182.3,67.38,218.1,67.39,1190.9
1700000458.0,916,67.31,0.060000000000002274,67.28,301.0,67.34,1832.6,5534.1,5313.099999999999,67.34,95.8,BUY,2,67.28,301.0,67.27,181.1,67.26,2860.2,67.25,839.9,67.24,1351.9,67.34,1832.6,67.35,123.7,67.36,19.0,67.37,1596.6,67.38,1741.2
1700000458.5,917,67.31,0.060000000000002274,67.28,721.4,67.34,84.0,1693.6,6678.8,67.28,83.4,SELL,2,67.28,721.4,67.27,119.6,67.26,383.6,67.25,269.8,67.24,199.2,67.34,84.0,67.35,196.3,67.36,2484.0,67.37,595.1,67.38,3319.4
1700000459.0,918,67.31,0.060000000000002274,67.28,359.9,67.34,434.7,4544.200000000001,7193.700000000001,67.28,5.0,SELL,2,67.28,359.9,67.27,1560.6,67.26,702.3,67.25,538.9,67.24,1382.5,67.34,434.7,67.35,87.7,67.36,907.6,67.37,3443.1,67.38,2320.6
1700000459.5,919,67.31,0.060000000000002274,67.28,10.0,67.34,201.6,2599.3,4995.799999999999,67.34,18.3,BUY,2,67.28,10.0,67.27,1416.2,67.26,483.9,67.25,183.9,67.24,505.3,67.34,201.6,67.35,2404.0,67.36,174.6,67.37,1048.7,67.38,1166.9
1700000460.0,920,67.31,0.060000000000002274,67.28,908.9,67.34,294.2,4636.3,3587.4,67.28,19.8,SELL,2,67.28,908.9,67.27,605.3,67.26,134.8,67.25,10.0,67.24,2977.3,67.34,294.2,67.35,657.5,67.36,189.2,67.37,2324.5,67.38,122.0
1700000460.5,921,67.31,0.060000000000002274,67.28,1864.6,67.34,508.8,10343.1,4193.6,67.28,9.3,SELL,2,67.28,1864.6,67.27,3320.7,67.26,1605.6,67.25,1377.6,67.24,2174.6,67.34,508.8,67.35,310.0,67.36,2509.0,67.37,572.1,67.38,293.7
1700000461.0,922,67.31,0.060000000000002274,67.28,1591.8,67.34,365.9,8445.8,3212.3,67.28,50.2,SELL,4,67.28,1591.8,67.27,1145.2,67.26,2797.0,67.25,1500.9,67.24,1410.9,67.34,365.9,67.35,570.0,67.36,241.3,67.37,720.1,67.38,1315.0
1700000461.5,923,67.31,0.060000000000002274,67.28,682.5,67.34,499.0,2396.1,1033.5,67.34,60.6,BUY,4,67.28,682.5,67.27,432.0,67.26,1031.7,67.25,34.9,67.24,215.0,67.34,499.0,67.35,15.2,67.36,100.3,67.37,296.6,67.38,122.4
1700000462.0,924,67.32,0.05999999999998806,67.29,173.3,67.35,41.0,2464.6,1964.5,67.29,54.2,SELL,2,67.29,173.3,67.28,423.4,67.27,1688.2,67.26,90.5,67.25,89.2,67.35,41.0,67.36,850.4,67.37,565.0,67.38,206.1,67.39,302.0
1700000462.5,925,67.315,0.04999999999999716,67.29,561.4,67.34,95.1,5528.9,5993.4,67.29,117.2,SELL,2,67.29,561.4,67.28,675.8,67.27,907.7,67.26,1361.6,67.25,2022.4,67.34,95.1,67.35,2483.0,67.36,521.4,67.37,1995.5,67.38,898.4
1700000463.0,926,67.315,0.04999999999999716,67.29,302.6,67.34,532.1,3682.2999999999997,4013.6000000000004,67.34,19.7,BUY,2,67.29,302.6,67.28,593.9,67.27,330.2,67.26,1650.0,67.25,805.6,67.34,532.1,67.35,313.3,67.36,238.5,67.37,1715.9,67.38,1213.8
1700000463.5,927,67.33,0.060000000000002274,67.3,140.0,67.36,194.5,854.9000000000001,2693.1,67.3,9.6,SELL,3,67.3,140.0,67.29,176.8,67.28,417.9,67.27,88.0,67.26,32.2,67.36,194.5,67.37,501.0,67.38,476.6,67.39,474.7,67.4,1046.3
1700000464.0,928,67.34,0.04000000000000625,67.32,300.7,67.36,401.2,4664.6,2920.1,67.32,8.3,SELL,2,67.32,300.7,67.31,370.0,67.3,490.3,67.29,373.2,67.28,3130.4,67.36,401.2,67.37,18.1,67.38,1047.3,67.39,1403.1,67.4,50.4
1700000464.5,929,67.34,0.060000000000002274,67.31,611.6,67.37,171.3,5104.0,3017.7,67.31,103.8,SELL,2,67.31,611.6,67.3,1758.5,67.29,1641.8,67.28,111.5,67.27,980.6,67.37,171.3,67.38,695.4,67.39,50.6,67.4,219.1,67.41,1881.3
1700000465.0,930,67.33,0.060000000000002274,67.3,647.8,67.36,290.9,2489.8,1546.1,67.36,88.4,BUY,2,67.3,647.8,67.29,135.4,67.28,801.1,67.27,137.9,67.26,767.6,67.36,290.9,67.37,301.3,67.38,365.4,67.39,210.5,67.4,378.0
1700000465.5,931,67.33,0.060000000000002274,67.3,27.6,67.36,1076.4,4041.1000000000004,2237.8,67.3,55.2,SELL,3,67.3,27.6,67.29,1465.2,67.28,230.5,67.27,631.0,67.26,1686.8,67.36,1076.4,67.37,52.3,67.38,51.9,67.39,167.1,67.4,890.1
1700000466.0,932,67.34,0.060000000000002274,67.31,97.0,67.37,717.7,3287.2,1266.7,67.37,5.0,BUY,1,67.31,97.0,67.3,283.0,67.29,551.4,67.28,638.1,67.27,1717.7,67.37,717.7,67.38,37.2,67.39,68.3,67.4,224.2,67.41,219.3
1700000466.5,933,67.33,0.060000000000002274,67.3,344.8,67.36,376.4,5678.200000000001,6344.2,67.3,30.1,SELL,1,67.3,344.8,67.29,658.8,67.28,447.7,67.27,2411.0,67.26,1815.9,67.36,376.4,67.37,935.5,67.38,611.9,67.39,3548.7,67.4,871.7
1700000467.0,934,67.33,0.060000000000002274,67.3,613.0,67.36,1296.8,2688.3,4531.7,67.3,34.6,SELL,4,67.3,613.0,67.29,312.6,67.28,168.2,67.27,203.0,67.26,1391.5,67.36,1296.8,67.37,917.7,67.38,949.3,67.39,453.7,67.4,914.2
1700000467.5,935,67.33,0.03999999999999204,67.31,554.2,67.35,218.6,1873.9,2903.2,67.33,0.0,BUY,0,67.31,554.2,67.3,389.6,67.29,122.0,67.28,744.3,67.27,63.8,67.35,218.6,67.36,10.0,67.37,1163.5,67.38,840.0,67.39,671.1
1700000468.0,936,67.33,0.060000000000002274,67.3,10.5,67.36,51.2,3024.6,1903.1000000000001,67.3,83.4,SELL,2,67.3,10.5,67.29,748.4,67.28,432.7,67.27,70.9,67.26,1762.1,67.36,51.2,67.37,52.4,67.38,525.9,67.39,1145.7,67.4,127.9
1700000468.5,937,67.34,0.060000000000002274,67.31,142.3,67.37,47.4,1319.0,4077.1,67.37,16.1,BUY,1,67.31,142.3,67.3,401.7,67.29,157.3,67.28,201.6,67.27,416.1,67.37,47.4,67.38,2093.8,67.39,389.5,67.4,636.3,67.41,910.1
1700000469.0,938,67.34,0.060000000000002274,67.31,521.1,67.37,28.7,2255.0,2376.0,67.31,54.9,SELL,6,67.31,521.1,67.3,1130.8,67.29,61.8,67.28,352.5,67.27,188.8,67.37,28.7,67.38,58.1,67.39,495.3,67.4,1164.4,67.41,629.5
1700000469.5,939,67.35,0.060000000000002274,67.32,746.4,67.38,885.2,3450.2,4014.8999999999996,67.32,12.2,SELL,1,67.32,746.4,67.31,2053.6,67.3,341.4,67.29,73.6,67.28,235.2,67.38,885.2,67.39,206.7,67.4,460.1,67.41,2350.2,67.42,112.7
1700000470.0,940,67.36,0.03999999999999204,67.34,209.7,67.38,375.5,2456.0,6213.299999999999,67.38,101.7,BUY,1,67.34,209.7,67.33,484.3,67.32,716.7,67.31,553.6,67.3,491.7,67.38,375.5,67.39,4438.4,67.4,983.4,67.41,208.0,67.42,208.0
1700000470.5,941,67.36,0.060000000000002274,67.33,152.1,67.39,651.0,2330.0,4224.4,67.39,61.3,BUY,2,67.33,152.1,67.32,229.5,67.31,624.9,67.3,1245.1,67.29,78.4,67.39,651.0,67.4,80.6,67.41,2198.4,67.42,479.4,67.43,815.0
1700000471.0,942,65.94,0.060000000000002274,65.91,1546.3,65.97,454.4,4780.199999999999,2883.8,65.94,0.0,BUY,0,65.91,1546.3,65.9,237.8,65.89,30.0,65.88,2846.2,65.87,119.9,65.97,454.4,65.98,397.3,65.99,793.4,66.0,166.5,66.01,1072.2
1700000471.5,943,65.94,0.060000000000002274,65.91,207.7,65.97,778.1,3435.3,10126.3,65.91,69.3,SELL,3,65.91,207.7,65.9,107.6,65.89,1391.7,65.88,787.3,65.87,941.0,65.97,778.1,65.98,1687.9,65.99,2420.2,66.0,4251.3,66.01,988.8
1700000472.0,944,65.935,0.04999999999999716,65.91,431.7,65.96,656.9,4544.3,2230.1,65.96,92.4,BUY,1,65.91,431.7,65.9,39.9,65.89,1284.0,65.88,438.3,65.87,2350.4,65.96,656.9,65.97,437.7,65.98,287.9,65.99,252.5,66.0,595.1
1700000472.5,945,65.935,0.04999999999999716,65.91,1721.6,65.96,387.2,4464.999999999999,1966.2,65.935,0.0,BUY,0,65.91,1721.6,65.9,336.1,65.89,1188.5,65.88,962.9,65.87,255.9,65.96,387.2,65.97,156.4,65.98,906.8,65.99,481.6,66.0,34.2
1700000473.0,946,65.93,0.05999999999998806,65.9,178.9,65.96,322.4,2691.5,10823.3,65.96,26.2,BUY,4,65.9,178.9,65.89,375.4,65.88,354.5,65.87,1620.7,65.86,162.0,65.96,322.4,65.97,444.6,65.98,5330.4,65.99,524.5,66.0,4201.4
1700000473.5,947,65.93,0.04000000000000625,65.91,167.9,65.95,797.1,4651.200000000001,6757.6,65.91,37.7,SELL,2,65.91,167.9,65.9,236.0,65.89,715.5,65.88,2630.8,65.87,901.0,65.95,797.1,65.96,3515.0,65.97,17.3,65.98,504.1,65.99,1924.1
1700000474.0,948,65.93,0.05999999999998806,65.9,2364.9,65.96,412.9,3169.3,3264.8,65.9,92.5,SELL,2,65.9,2364.9,65.89,443.1,65.88,31.5,65.87,290.8,65.86,39.0,65.96,412.9,65.97,895.9,65.98,475.8,65.99,969.9,66.0,510.3
1700000474.5,949,65.935,0.04999999999999716,65.91,68.8,65.96,857.8,761.0,2512.9,65.96,13.2,BUY,1,65.91,68.8,65.9,452.3,65.89,74.4,65.88,155.5,65.87,10.0,65.96,857.8,65.97,535.4,65.98,497.8,65.99,515.5,66.0,106.4
1700000475.0,950,65.935,0.04999999999999716,65.91,1050.1,65.96,244.5,1705.7999999999997,3324.9,65.91,37.8,SELL,3,65.91,1050.1,65.9,62.3,65.89,358.4,65.88,99.1,65.87,135.9,65.96,244.5,65.97,1567.3,65.98,169.2,65.99,83.9,66.0,1260.0
1700000475.5,951,65.92,0.060000000000002274,65.89,299.9,65.95,1248.2,5423.8,4414.400000000001,65.92,0.0,BUY,0,65.89,299.9,65.88,2915.2,65.87,631.7,65.86,396.8,65.85,1180.2,65.95,1248.2,65.96,290.6,65.97,622.0,65.98,1116.8,65.99,1136.8
1700000476.0,952,65.92,0.060000000000002274,65.89,497.9,65.95,138.0,2672.2999999999997,4564.2,65.92,0.0,BUY,0,65.89,497.9,65.88,215.5,65.87,1348.2,65.86,511.1,65.85,99.6,65.95,138.0,65.96,1638.7,65.97,42.3,65.98,935.7,65.99,1809.5
1700000476.5,953,65.92,0.060000000000002274,65.89,270.9,65.95,151.9,6618.6,1469.3000000000002,65.89,10.7,SELL,2,65.89,270.9,65.88,1324.2,65.87,658.1,65.86,59.8,65.85,4305.6,65.95,151.9,65.96,198.1,65.97,224.2,65.98,10.0,65.99,885.1
1700000477.0,954,65.92,0.060000000000002274,65.89,1247.4,65.95,176.8,4070.7,4018.3,65.95,5.0,BUY,2,65.89,1247.4,65.88,784.7,65.87,344.4,65.86,1496.7,65.85,197.5,65.95,176.8,65.96,49.6,65.97,1258.9,65.98,917.0,65.99,1616.0
1700000477.5,955,65.92,0.060000000000002274,65.89,313.6,65.95,58.5,1546.9,2464.0,65.95,39.8,BUY,2,65.89,313.6,65.88,237.7,65.87,286.7,65.86,332.7,65.85,376.2,65.95,58.5,65.96,188.9,65.97,72.9,65.98,1511.1,65.99,632.6
1700000478.0,956,65.92,0.060000000000002274,65.89,1614.0,65.95,417.6,6274.0,5666.5,65.92,0.0,BUY,0,65.89,1614.0,65.88,457.0,65.87,200.7,65.86,3167.5,65.85,834.8,65.95,417.6,65.96,2410.5,65.97,260.6,65.98,1022.8,65.99,1555.0
1700000478.5,957,65.93,0.05999999999998806,65.9,385.9,65.96,413.2,3001.0,5981.5,65.9,13.2,SELL,3,65.9,385.9,65.89,543.3,65.88,569.7,65.87,10.0,65.86,1492.1,65.96,413.2,65.97,132.1,65.98,1187.8,65.99,1107.5,66.0,3140.9
1700000479.0,958,65.935,0.04999999999999716,65.91,430.5,65.96,438.2,3576.6,5616.2,65.935,0.0,BUY,0,65.91,430.5,65.9,2127.5,65.89,439.6,65.88,453.7,65.87,125.3,65.96,438.2,65.97,783.1,65.98,2284.9,65.99,746.2,66.0,1363.8
1700000479.5,959,65.935,0.04999999999999716,65.91,643.9,65.96,33.3,3709.2000000000003,3293.9,65.91,14.0,SELL,1,65.91,643.9,65.9,427.0,65.89,1829.4,65.88,114.5,65.87,694.4,65.96,33.3,65.97,2473.1,65.98,59.2,65.99,241.8,66.0,486.5
1700000480.0,960,65.935,0.04999999999999716,65.91,913.7,65.96,678.2,2380.1,7911.0,65.91,88.1,SELL,1,65.91,913.7,65.9,10.6,65.89,661.1,65.88,137.8,65.87,656.9,65.96,678.2,65.97,43.1,65.98,2864.5,65.99,1938.8,66.0,2386.4
1700000480.5,961,65.94,0.060000000000002274,65.91,844.1,65.97,134.4,4385.4,9097.3,65.91,20.5,SELL,2,65.91,844.1,65.9,630.9,65.89,1257.2,65.88,417.4,65.87,1235.8,65.97,134.4,65.98,1859.8,65.99,1181.2,66.0,1001.0,66.01,4920.9
1700000481.0,962,65.935,0.04999999999999716,65.91,1023.3,65.96,205.1,3138.4999999999995,2229.1000000000004,65.96,5.0,BUY,1,65.91,1023.3,65.9,833.0,65.89,447.3,65.88,635.3,65.87,199.6,65.96,205.1,65.97,575.6,65.98,331.2,65.99,330.2,66.0,787.0
1700000481.5,963,65.935,0.04999999999999716,65.91,624.6,65.96,265.7,3682.2,2861.9000000000005,65.91,23.0,SELL,1,65.91,624.6,65.9,304.0,65.89,739.5,65.88,357.8,65.87,1656.3,65.96,265.7,65.97,896.1,65.98,375.1,65.99,578.7,66.0,746.3
1700000482.0,964,65.93,0.04000000000000625,65.91,347.1,65.95,587.0,2663.6,4466.1,65.91,33.7,SELL,2,65.91,347.1,65.9,447.7,65.89,423.9,65.88,521.3,65.87,923.6,65.95,587.0,65.96,24.1,65.97,1440.9,65.98,846.3,65.99,1567.8
1700000482.5,965,65.935,0.04999999999999716,65.91,251.7,65.96,373.1,2273.0,3836.1,65.91,6.8,SELL,4,65.91,251.7,65.9,734.1,65.89,164.8,65.88,193.7,65.87,928.7,65.96,373.1,65.97,358.1,65.98,2248.5,65.99,605.8,66.0,250.6
1700000483.0,966,65.93,0.05999999999998806,65.9,385.7,65.96,239.9,1863.0,2879.5,65.9,132.1,SELL,1,65.9,385.7,65.89,52.3,65.88,1029.2,65.87,87.3,65.86,308.5,65.96,239.9,65.97,362.5,65.98,661.1,65.99,1163.0,66.0,453.0
1700000483.5,967,65.935,0.04999999999999716,65.91,405.6,65.96,464.1,2871.0,3894.7000000000003,65.91,122.8,SELL,3,65.91,405.6,65.9,184.5,65.89,276.0,65.88,131.4,65.87,1873.5,65.96,464.1,65.97,23.7,65.98,312.9,65.99,365.6,66.0,2728.4
1700000484.0,968,65.935,0.04999999999999716,65.91,615.0,65.96,585.6,3596.3999999999996,4568.2,65.935,0.0,BUY,0,65.91,615.0,65.9,48.5,65.89,324.3,65.88,2350.1,65.87,258.5,65.96,585.6,65.97,1138.8,65.98,808.6,65.99,1843.0,66.0,192.2
1700000484.5,969,65.92,0.060000000000002274,65.89,1172.4,65.95,479.3,3854.3,4903.799999999999,65.95,92.1,BUY,1,65.89,1172.4,65.88,1253.0,65.87,1073.2,65.86,62.1,65.85,293.6,65.95,479.3,65.96,808.5,65.97,1142.9,65.98,441.5,65.99,2031.6
1700000485.0,970,65.92,0.060000000000002274,65.89,94.7,65.95,62.2,2795.0,3681.3,65.95,14.5,BUY,4,65.89,94.7,65.88,634.1,65.87,524.3,65.86,1482.2,65.85,59.7,65.95,62.2,65.96,158.7,65.97,10.0,65.98,2634.6,65.99,815.8
1700000485.5,971,65.92,0.060000000000002274,65.89,73.2,65.95,59.9,653.0,5927.5,65.95,35.8,BUY,4,65.89,73.2,65.88,88.6,65.87,20.4,65.86,345.4,65.85,125.4,65.95,59.9,65.96,2424.3,65.97,298.8,65.98,754.1,65.99,2390.4
1700000486.0,972,65.92,0.03999999999999204,65.9,132.7,65.94,160.5,3273.8,1484.5,65.94,20.3,BUY,3,65.9,132.7,65.89,91.1,65.88,215.9,65.87,1988.3,65.86,845.8,65.94,160.5,65.95,198.8,65.96,544.9,65.97,233.1,65.98,347.2
1700000486.5,973,65.92,0.060000000000002274,65.89,38.8,65.95,894.0,2249.9,4040.6000000000004,65.92,0.0,BUY,0,65.89,38.8,65.88,209.8,65.87,556.8,65.86,505.1,65.85,939.4,65.95,894.0,65.96,262.9,65.97,749.1,65.98,411.3,65.99,1723.3
1700000487.0,974,65.92,0.060000000000002274,65.89,1325.9,65.95,334.0,5411.1,4049.2,65.89,9.0,SELL,3,65.89,1325.9,65.88,125.7,65.87,86.0,65.86,260.7,65.85,3612.8,65.95,334.0,65.96,734.3,65.97,1048.6,65.98,691.3,65.99,1241.0
1700000487.5,975,65.92,0.060000000000002274,65.89,2449.0,65.95,157.3,8505.4,2185.7000000000003,65.92,0.0,BUY,0,65.89,2449.0,65.88,162.7,65.87,2617.2,65.86,650.4,65.85,2626.1,65.95,157.3,65.96,498.9,65.97,1325.7,65.98,10.0,65.99,193.8
1700000488.0,976,65.92,0.060000000000002274,65.89,1592.6,65.95,190.2,8409.4,7366.7,65.89,31.3,SELL,2,65.89,1592.6,65.88,914.5,65.87,827.5,65.86,1053.3,65.85,4021.5,65.95,190.2,65.96,360.2,65.97,1305.9,65.98,5500.2,65.99,10.2
1700000488.5,977,61.754999999999995,0.05000000000000426,61.73,500.0,61.78,1679.1,2352.9,7804.099999999999,61.78,6.3,BUY,1,61.73,500.0,61.72,1151.9,61.71,337.5,61.7,141.1,61.69,222.4,61.78,1679.1,61.79,651.8,61.8,2307.2,61.81,1952.2,61.82,1213.8
1700000489.0,978,61.760000000000005,0.03999999999999915,61.74,794.1,61.78,491.8,3584.2000000000003,6538.799999999999,61.78,6.2,BUY,1,61.74,794.1,61.73,372.6,61.72,143.5,61.71,1025.9,61.7,1248.1,61.78,491.8,61.79,388.5,61.8,523.7,61.81,244.9,61.82,4889.9
1700000489.5,979,61.760000000000005,0.03999999999999915,61.74,46.4,61.78,608.7,6380.6,3522.0,61.78,79.5,BUY,1,61.74,46.4,61.73,494.2,61.72,3965.8,61.71,849.0,61.7,1025.2,61.78,608.7,61.79,1710.5,61.8,328.8,61.81,630.0,61.82,244.0
1700000490.0,980,61.775,0.04999999999999716,61.75,202.7,61.8,2017.9,4390.7,4243.2,61.75,78.9,SELL,1,61.75,202.7,61.74,208.1,61.73,990.9,61.72,1244.0,61.71,1745.0,61.8,2017.9,61.81,195.7,61.82,225.4,61.83,481.0,61.84,1323.2
1700000490.5,981,61.760000000000005,0.03999999999999915,61.74,84.0,61.78,108.2,5878.7,2387.3,61.74,9.3,SELL,2,61.74,84.0,61.73,845.8,61.72,2252.9,61.71,428.5,61.7,2267.5,61.78,108.2,61.79,1413.4,61.8,59.5,61.81,152.4,61.82,653.8
1700000491.0,982,61.760000000000005,0.03999999999999915,61.74,204.4,61.78,508.6,2596.5,2150.3,61.78,5.1,BUY,2,61.74,204.4,61.73,714.4,61.72,762.0,61.71,545.9,61.7,369.8,61.78,508.6,61.79,947.9,61.8,263.2,61.81,420.6,61.82,10.0
1700000491.5,983,61.75,0.04000000000000625,61.73,651.8,61.77,934.1,3378.4999999999995,5699.5,61.73,17.9,SELL,3,61.73,651.8,61.72,1362.2,61.71,107.1,61.7,978.8,61.69,278.6,61.77,934.1,61.78,553.8,61.79,10.0,61.8,1597.0,61.81,2604.6
1700000492.0,984,61.75,0.04000000000000625,61.73,306.1,61.77,259.9,2617.5,1980.4,61.77,48.4,BUY,1,61.73,306.1,61.72,91.5,61.71,997.0,61.7,598.0,61.69,624.9,61.77,259.9,61.78,72.3,61.79,48.5,61.8,1527.3,61.81,72.4
1700000492.5,985,61.75,0.04000000000000625,61.73,21.3,61.77,466.3,1794.6,2715.9999999999995,61.73,18.9,SELL,2,61.73,21.3,61.72,73.9,61.71,383.7,61.7,498.0,61.69,817.7,61.77,466.3,61.78,442.5,61.79,1139.4,61.8,180.6,61.81,487.2
1700000493.0,986,61.75,0.04000000000000625,61.73,309.6,61.77,160.4,2516.9,3758.6,61.75,0.0,BUY,0,61.73,309.6,61.72,784.0,61.71,506.9,61.7,29.0,61.69,887.4,61.77,160.4,61.78,388.2,61.79,1012.0,61.8,11.1,61.81,2186.9
1700000493.5,987,61.75,0.060000000000002274,61.72,264.2,61.78,531.9,3802.7999999999997,3506.5,61.78,8.3,BUY,1,61.72,264.2,61.71,129.7,61.7,222.5,61.69,900.8,61.68,2285.6,61.78,531.9,61.79,1005.9,61.8,18.3,61.81,645.2,61.82,1305.2
1700000494.0,988,61.75,0.04000000000000625,61.73,199.7,61.77,889.1,3212.0,5896.799999999999,61.77,13.4,BUY,2,61.73,199.7,61.72,354.3,61.71,120.1,61.7,2009.3,61.69,528.6,61.77,889.1,61.78,261.5,61.79,543.6,61.8,3149.6,61.81,1053.0
1700000494.5,989,61.75,0.04000000000000625,61.73,630.2,61.77,1522.6,2259.4,7229.2,61.75,0.0,BUY,0,61.73,630.2,61.72,39.3,61.71,206.6,61.7,1348.3,61.69,35.0,61.77,1522.6,61.78,2690.2,61.79,59.2,61.8,1488.4,61.81,1468.8
1700000495.0,990,61.75,0.060000000000002274,61.72,75.6,61.78,202.4,5847.400000000001,4631.9,61.78,205.4,BUY,2,61.72,75.6,61.71,325.3,61.7,1833.0,61.69,2875.8,61.68,737.7,61.78,202.4,61.79,2025.8,61.8,1718.0,61.81,55.5,61.82,630.2
1700000495.5,991,61.75,0.04000000000000625,61.73,564.1,61.77,65.0,1277.3999999999999,1918.6,61.73,7.2,SELL,2,61.73,564.1,61.72,23.4,61.71,560.5,61.7,85.1,61.69,44.3,61.77,65.0,61.78,54.9,61.79,698.3,61.8,349.0,61.81,751.4
1700000496.0,992,61.75,0.04000000000000625,61.73,302.3,61.77,699.9,2726.7000000000003,4371.4,61.73,39.8,SELL,2,61.73,302.3,61.72,185.4,61.71,1279.4,61.7,491.5,61.69,468.1,61.77,699.9,61.78,919.9,61.79,152.6,61.8,1069.1,61.81,1529.9
1700000496.5,993,61.74,0.060000000000002274,61.71,383.2,61.77,479.1,4157.5,3607.4,61.74,0.0,BUY,0,61.71,383.2,61.7,429.6,61.69,1580.9,61.68,1753.8,61.67,10.0,61.77,479.1,61.78,828.9,61.79,1731.8,61.8,124.4,61.81,443.2
1700000497.0,994,61.745000000000005,0.05000000000000426,61.72,494.7,61.77,550.8,3957.0,2925.0,61.77,24.2,BUY,2,61.72,494.7,61.71,487.5,61.7,31.1,61.69,334.0,61.68,2609.7,61.77,550.8,61.78,568.0,61.79,1095.2,61.8,187.0,61.81,524.0
1700000497.5,995,61.74,0.060000000000002274,61.71,1793.8,61.77,232.5,5439.8,1827.7,61.71,16.5,SELL,1,61.71,1793.8,61.7,423.8,61.69,10.0,61.68,1959.5,61.67,1252.7,61.77,232.5,61.78,507.7,61.79,211.4,61.8,43.2,61.81,832.9
1700000498.0,996,61.745000000000005,0.05000000000000426,61.72,77.7,61.77,151.4,1464.6,1810.9,61.72,5.0,SELL,8,61.72,77.7,61.71,151.3,61.7,458.4,61.69,135.3,61.68,641.9,61.77,151.4,61.78,890.0,61.79,569.4,61.8,157.6,61.81,42.5
1700000498.5,997,62.599999999999994,0.03999999999999915,62.58,302.9,62.62,432.4,2838.0,1883.4,62.62,34.8,BUY,1,62.58,302.9,62.57,605.8,62.56,1313.4,62.55,56.2,62.54,559.7,62.62,432.4,62.63,130.3,62.64,512.6,62.65,507.8,62.66,300.3
1700000499.0,998,62.599999999999994,0.03999999999999915,62.58,566.7,62.62,320.8,1504.3000000000002,5353.200000000001,62.62,34.4,BUY,1,62.58,566.7,62.57,301.1,62.56,353.6,62.55,165.5,62.54,117.4,62.62,320.8,62.63,152.4,62.64,1356.4,62.65,569.3,62.66,2954.3
1700000499.5,999,62.599999999999994,0.03999999999999915,62.58,288.4,62.62,502.7,4516.2,7120.9,62.62,45.4,BUY,1,62.58,288.4,62.57,741.1,62.56,1836.2,62.55,1509.7,62.54,140.8,62.62,502.7,62.63,3896.2,62.64,10.7,62.65,509.2,62.66,2202.1
1700000500.0,1000,62.599999999999994,0.03999999999999915,62.58,634.1,62.62,128.3,2542.9,2306.6,62.62,97.4,BUY,2,62.58,634.1,62.57,218.1,62.56,337.5,62.55,1343.2,62.54,10.0,62.62,128.3,62.63,98.7,62.64,304.6,62.65,1509.3,62.66,265.7
1700000500.5,1001,62.599999999999994,0.03999999999999915,62.58,233.2,62.62,204.3,3768.7000000000003,2393.4,62.599999999999994,0.0,BUY,0,62.58,233.2,62.57,10.0,62.56,1400.3,62.55,940.3,62.54,1184.9,62.62,204.3,62.63,807.7,62.64,287.7,62.65,10.0,62.66,1083.7
1700000501.0,1002,62.6,0.060000000000002274,62.57,29.3,62.63,275.2,5803.4,2756.7,62.57,5.4,SELL,1,62.57,29.3,62.56,409.4,62.55,24.1,62.54,2857.9,62.53,2482.7,62.63,275.2,62.64,763.8,62.65,871.8,62.66,641.7,62.67,204.2
1700000501.5,1003,62.599999999999994,0.03999999999999915,62.58,62.9,62.62,548.5,1488.8000000000002,4288.3,62.62,53.9,BUY,3,62.58,62.9,62.57,694.6,62.56,26.0,62.55,288.9,62.54,416.4,62.62,548.5,62.63,115.1,62.64,1738.9,62.65,1143.2,62.66,742.6
1700000502.0,1004,62.599999999999994,0.03999999999999915,62.58,484.7,62.62,344.8,1209.6,4783.3,62.58,66.6,SELL,5,62.58,484.7,62.57,65.0,62.56,163.9,62.55,203.7,62.54,292.3,62.62,344.8,62.63,436.9,62.64,2633.0,62.65,762.8,62.66,605.8
1700000502.5,1005,62.599999999999994,0.03999999999999915,62.58,1541.1,62.62,572.0,5208.799999999999,1723.4999999999998,62.599999999999994,0.0,BUY,0,62.58,1541.1,62.57,1329.2,62.56,1287.1,62.55,264.2,62.54,787.2,62.62,572.0,62.63,338.3,62.64,13.3,62.65,253.6,62.66,546.3
1700000503.0,1006,62.599999999999994,0.03999999999999915,62.58,671.5,62.62,42.5,4697.2,4144.8,62.62,5.0,BUY,2,62.58,671.5,62.57,352.4,62.56,650.3,62.55,1418.3,62.54,1604.7,62.62,42.5,62.63,222.1,62.64,578.9,62.65,3051.9,62.66,249.4
1700000503.5,1007,62.599999999999994,0.03999999999999915,62.58,508.3,62.62,912.3,4345.6,3048.7,62.58,17.2,SELL,3,62.58,508.3,62.57,170.8,62.56,595.4,62.55,1804.6,62.54,1266.5,62.62,912.3,62.63,1007.8,62.64,326.5,62.65,111.4,62.66,690.7
1700000504.0,1008,62.599999999999994,0.03999999999999915,62.58,1073.3,62.62,487.6,5853.5,1789.1,62.62,166.3,BUY,1,62.58,1073.3,62.57,1022.8,62.56,1438.4,62.55,1482.7,62.54,836.3,62.62,487.6,62.63,91.7,62.64,651.8,62.65,58.6,62.66,499.4
1700000504.5,1009,62.59,0.05999999999999517,62.56,25.4,62.62,169.2,1851.0,1803.4,62.62,35.3,BUY,1,62.56,25.4,62.55,682.4,62.54,37.1,62.53,30.2,62.52,1075.9,62.62,169.2,62.63,106.0,62.64,251.0,62.65,707.7,62.66,569.5
1700000505.0,1010,62.575,0.05000000000000426,62.55,161.9,62.6,164.6,4148.1,2400.5,62.575,0.0,BUY,0,62.55,161.9,62.54,2857.8,62.53,53.3,62.52,719.7,62.51,355.4,62.6,164.6,62.61,346.8,62.62,594.7,62.63,1228.2,62.64,66.2
1700000505.5,1011,62.58,0.03999999999999915,62.56,235.2,62.6,542.9,2823.3,3142.6000000000004,62.6,13.2,BUY,1,62.56,235.2,62.55,43.2,62.54,1208.0,62.53,426.5,62.52,910.4,62.6,542.9,62.61,108.2,62.62,1459.7,62.63,681.5,62.64,350.3
1700000506.0,1012,62.57,0.04000000000000625,62.55,429.4,62.59,664.6,2174.8999999999996,5831.700000000001,62.57,0.0,BUY,0,62.55,429.4,62.54,1128.7,62.53,10.0,62.52,127.8,62.51,479.0,62.59,664.6,62.6,252.1,62.61,2263.9,62.62,586.6,62.63,2064.5
1700000506.5,1013,62.56,0.03999999999999915,62.54,789.6,62.58,153.1,7961.7,5490.6,62.58,113.9,BUY,2,62.54,789.6,62.53,1262.2,62.52,1569.7,62.51,1040.4,62.5,3299.8,62.58,153.1,62.59,478.9,62.6,460.3,62.61,3283.5,62.62,1114.8
1700000507.0,1014,62.56,0.060000000000002274,62.53,1361.3,62.59,265.2,5524.799999999999,2381.7000000000003,62.53,5.5,SELL,2,62.53,1361.3,62.52,135.1,62.51,1381.9,62.5,1788.1,62.49,858.4,62.59,265.2,62.6,172.4,62.61,504.1,62.62,1302.6,62.63,137.4
1700000507.5,1015,62.57,0.060000000000002274,62.54,790.7,62.6,35.3,3012.6000000000004,4628.6,62.54,51.7,SELL,1,62.54,790.7,62.53,81.9,62.52,663.1,62.51,286.6,62.5,1190.3,62.6,35.3,62.61,1046.0,62.62,71.7,62.63,3070.1,62.64,405.5
1700000508.0,1016,62.57,0.04000000000000625,62.55,571.2,62.59,82.4,1586.7,4352.0,62.57,0.0,BUY,0,62.55,571.2,62.54,229.5,62.53,554.8,62.52,99.9,62.51,131.3,62.59,82.4,62.6,880.0,62.61,499.0,62.62,836.7,62.63,2053.9
1700000508.5,1017,62.57,0.04000000000000625,62.55,415.7,62.59,161.6,3149.9,2026.8999999999999,62.59,5.0,BUY,1,62.55,415.7,62.54,284.6,62.53,844.1,62.52,736.9,62.51,868.6,62.59,161.6,62.6,552.1,62.61,433.9,62.62,191.3,62.63,688.0
1700000509.0,1018,62.57,0.04000000000000625,62.55,61.6,62.59,244.7,534.9,5395.299999999999,62.55,20.3,SELL,2,62.55,61.6,62.54,110.5,62.53,10.5,62.52,23.0,62.51,329.3,62.59,244.7,62.6,962.6,62.61,716.7,62.62,439.1,62.63,3032.2
1700000509.5,1019,62.57,0.04000000000000625,62.55,358.4,62.59,2454.2,3836.8,4968.5,62.57,0.0,BUY,0,62.55,358.4,62.54,292.2,62.53,1083.8,62.52,201.5,62.51,1900.9,62.59,2454.2,62.6,385.6,62.61,216.5,62.62,72.5,62.63,1839.7
1700000510.0,1020,62.57,0.060000000000002274,62.54,2230.2,62.6,164.9,5735.9,3072.0,62.6,5.0,BUY,2,62.54,2230.2,62.53,194.9,62.52,1139.7,62.51,2157.7,62.5,13.4,62.6,164.9,62.61,232.6,62.62,976.0,62.63,721.2,62.64,977.3
1700000510.5,1021,62.57,0.04000000000000625,62.55,228.7,62.59,1573.7,3504.7000000000003,5445.7,62.59,69.0,BUY,1,62.55,228.7,62.54,2333.3,62.53,10.0,62.52,216.3,62.51,716.4,62.59,1573.7,62.6,763.0,62.61,208.7,62.62,280.8,62.63,2619.5
1700000511.0,1022,62.575,0.05000000000000426,62.55,10.6,62.6,72.5,4107.5,3292.4,62.575,0.0,BUY,0,62.55,10.6,62.54,646.5,62.53,1263.5,62.52,377.2,62.51,1809.7,62.6,72.5,62.61,35.0,62.62,1506.9,62.63,318.0,62.64,1360.0
1700000511.5,1023,62.575,0.05000000000000426,62.55,298.6,62.6,1104.8,2236.2,5403.299999999999,62.6,11.6,BUY,2,62.55,298.6,62.54,245.2,62.53,974.8,62.52,582.1,62.51,135.5,62.6,1104.8,62.61,804.4,62.62,1781.7,62.63,224.5,62.64,1487.9
1700000512.0,1024,62.575,0.05000000000000426,62.55,67.0,62.6,520.6,4428.8,2898.5,62.575,0.0,BUY,0,62.55,67.0,62.54,618.0,62.53,1230.4,62.52,380.4,62.51,2133.0,62.6,520.6,62.61,719.6,62.62,33.8,62.63,55.5,62.64,1569.0
1700000512.5,1025,62.58,0.060000000000002274,62.55,323.8,62.61,1595.2,2351.2,4288.9,62.61,5.3,BUY,3,62.55,323.8,62.54,143.9,62.53,52.5,62.52,1530.8,62.51,300.2,62.61,1595.2,62.62,183.3,62.63,577.1,62.64,1355.1,62.65,578.2
1700000513.0,1026,62.57,0.04000000000000625,62.55,10.0,62.59,294.6,3536.4,1933.3000000000002,62.59,18.9,BUY,2,62.55,10.0,62.54,1379.7,62.53,125.9,62.52,1798.7,62.51,222.1,62.59,294.6,62.6,305.2,62.61,758.2,62.62,41.9,62.63,533.4
1700000513.5,1027,62.57,0.04000000000000625,62.55,20.1,62.59,24.0,4916.099999999999,3477.6000000000004,62.59,5.1,BUY,1,62.55,20.1,62.54,1862.5,62.53,552.3,62.52,581.9,62.51,1899.3,62.59,24.0,62.6,1023.5,62.61,63.7,62.62,691.0,62.63,1675.4
1700000514.0,1028,62.57,0.04000000000000625,62.55,483.1,62.59,202.4,7475.400000000001,1753.8,62.55,5.9,SELL,2,62.55,483.1,62.54,393.2,62.53,1711.0,62.52,503.0,62.51,4385.1,62.59,202.4,62.6,87.0,62.61,407.5,62.62,705.4,62.63,351.5
1700000514.5,1029,62.575,0.05000000000000426,62.55,664.1,62.6,620.4,8459.2,4728.0,62.55,71.1,SELL,2,62.55,664.1,62.54,1011.2,62.53,531.6,62.52,2253.0,62.51,3999.3,62.6,620.4,62.61,492.4,62.62,454.3,62.63,1200.3,62.64,1960.6
1700000515.0,1030,62.575,0.05000000000000426,62.55,954.6,62.6,39.2,6326.800000000001,2661.5999999999995,62.55,21.4,SELL,2,62.55,954.6,62.54,403.8,62.53,1800.5,62.52,2565.8,62.51,602.1,62.6,39.2,62.61,30.3,62.62,592.3,62.63,1430.1,62.64,569.7
1700000515.5,1031,62.575,0.05000000000000426,62.55,11.1,62.6,174.9,4846.0,4296.200000000001,62.575,0.0,BUY,0,62.55,11.1,62.54,363.5,62.53,895.4,62.52,482.7,62.51,3093.3,62.6,174.9,62.61,182.3,62.62,758.6,62.63,1802.9,62.64,1377.5
1700000516.0,1032,62.575,0.05000000000000426,62.55,584.4,62.6,283.3,5045.200000000001,3646.6000000000004,62.6,144.8,BUY,2,62.55,584.4,62.54,1219.9,62.53,947.8,62.52,1298.5,62.51,994.6,62.6,283.3,62.61,538.7,62.62,1128.2,62.63,1486.9,62.64,209.5
1700000516.5,1033,62.57,0.060000000000002274,62.54,252.5,62.6,965.1,2085.8,5846.699999999999,62.54,89.9,SELL,2,62.54,252.5,62.53,703.7,62.52,675.8,62.51,144.9,62.5,308.9,62.6,965.1,62.61,612.8,62.62,1037.3,62.63,1876.1,62.64,1355.4
1700000517.0,1034,62.57,0.04000000000000625,62.55,2475.3,62.59,425.4,7118.6,2802.2,62.55,34.8,SELL,1,62.55,2475.3,62.54,600.2,62.53,805.8,62.52,88.2,62.51,3149.1,62.59,425.4,62.6,248.1,62.61,1464.4,62.62,533.1,62.63,131.2
1700000517.5,1035,62.57,0.04000000000000625,62.55,588.4,62.59,111.4,4007.7999999999997,3796.2000000000003,62.59,34.5,BUY,1,62.55,588.4,62.54,927.7,62.53,332.6,62.52,1535.5,62.51,623.6,62.59,111.4,62.6,162.3,62.61,2312.1,62.62,827.3,62.63,383.1
1700000518.0,1036,65.49,0.060000000000002274,65.46,101.7,65.52,113.7,1206.6999999999998,6425.400000000001,65.52,9.2,BUY,1,65.46,101.7,65.45,364.9,65.44,52.9,65.43,85.3,65.42,601.9,65.52,113.7,65.53,2127.3,65.54,1843.1,65.55,1845.7,65.56,495.6
1700000518.5,1037,65.49,0.060000000000002274,65.46,284.1,65.52,128.5,4528.3,5012.0,65.46,29.0,SELL,4,65.46,284.1,65.45,1062.6,65.44,249.4,65.43,1195.9,65.42,1736.3,65.52,128.5,65.53,2474.0,65.54,1442.3,65.55,648.9,65.56,318.3
1700000519.0,1038,65.5,0.060000000000002274,65.47,148.3,65.53,277.4,3315.6,1579.4999999999998,65.47,44.3,SELL,5,65.47,148.3,65.46,251.4,65.45,2519.7,65.44,105.4,65.43,290.8,65.53,277.4,65.54,126.4,65.55,798.4,65.56,300.3,65.57,77.0
1700000519.5,1039,65.49,0.060000000000002274,65.46,45.0,65.52,233.2,4965.2,4685.099999999999,65.46,29.5,SELL,1,65.46,45.0,65.45,1364.6,65.44,23.5,65.43,1921.1,65.42,1611.0,65.52,233.2,65.53,25.9,65.54,2406.7,65.55,1383.8,65.56,635.5
1700000520.0,1040,65.49,0.060000000000002274,65.46,360.2,65.52,1121.4,1723.6999999999998,6777.300000000001,65.46,98.9,SELL,2,65.46,360.2,65.45,409.9,65.44,485.1,65.43,114.5,65.42,354.0,65.52,1121.4,65.53,139.9,65.54,452.4,65.55,2218.8,65.56,2844.8
1700000520.5,1041,65.47999999999999,0.04000000000000625,65.46,289.8,65.5,320.4,3467.6,2497.6,65.5,29.4,BUY,1,65.46,289.8,65.45,687.5,65.44,387.5,65.43,433.0,65.42,1669.8,65.5,320.4,65.51,90.7,65.52,347.3,65.53,301.7,65.54,1437.5
1700000521.0,1042,65.48,0.060000000000002274,65.45,389.1,65.51,229.4,6212.7,3938.0,65.45,32.0,SELL,1,65.45,389.1,65.44,479.6,65.43,980.0,65.42,4271.8,65.41,92.2,65.51,229.4,65.52,313.0,65.53,473.1,65.54,1472.7,65.55,1449.8
1700000521.5,1043,65.48,0.060000000000002274,65.45,116.5,65.51,1103.3,1825.3000000000002,6225.200000000001,65.45,148.7,SELL,1,65.45,116.5,65.44,92.1,65.43,323.9,65.42,457.6,65.41,835.2,65.51,1103.3,65.52,217.3,65.53,1124.9,65.54,284.8,65.55,3494.9
1700000522.0,1044,65.47999999999999,0.04000000000000625,65.46,25.3,65.5,367.2,2936.8,3134.7,65.46,13.8,SELL,2,65.46,25.3,65.45,835.2,65.44,607.9,65.43,537.9,65.42,930.5,65.5,367.2,65.51,766.2,65.52,267.6,65.53,664.1,65.54,1069.6
1700000522.5,1045,65.47999999999999,0.04000000000000625,65.46,511.9,65.5,123.9,3902.3999999999996,2117.6,65.46,15.6,SELL,4,65.46,511.9,65.45,666.4,65.44,36.3,65.43,1470.0,65.42,1217.8,65.5,123.9,65.51,402.8,65.52,656.3,65.53,829.2,65.54,105.4
1700000523.0,1046,65.48,0.060000000000002274,65.45,73.2,65.51,68.6,3765.0,3645.9999999999995,65.51,10.5,BUY,2,65.45,73.2,65.44,332.2,65.43,10.0,65.42,1779.1,65.41,1570.5,65.51,68.6,65.52,403.4,65.53,500.1,65.54,2559.7,65.55,114.2
1700000523.5,1047,65.48,0.060000000000002274,65.45,265.0,65.51,532.9,1890.6,6500.0,65.51,125.9,BUY,2,65.45,265.0,65.44,919.0,65.43,270.5,65.42,361.3,65.41,74.8,65.51,532.9,65.52,680.2,65.53,1894.5,65.54,384.8,65.55,3007.6
1700000524.0,1048,65.49,0.060000000000002274,65.46,236.0,65.52,531.6,3398.6,4056.6,65.46,15.2,SELL,3,65.46,236.0,65.45,110.3,65.44,10.0,65.43,633.7,65.42,2408.6,65.52,531.6,65.53,952.7,65.54,1202.5,65.55,1064.6,65.56,305.2
1700000524.5,1049,65.48,0.060000000000002274,65.45,1471.2,65.51,576.1,6131.900000000001,3206.5,65.48,0.0,BUY,0,65.45,1471.2,65.44,568.3,65.43,196.7,65.42,2310.4,65.41,1585.3,65.51,576.1,65.52,52.4,65.53,949.7,65.54,413.4,65.55,1214.9
1700000525.0,1050,65.47,0.060000000000002274,65.44,382.1,65.5,1489.1,2482.2000000000003,4659.6,65.44,20.5,SELL,1,65.44,382.1,65.43,1218.9,65.42,257.4,65.41,578.2,65.4,45.6,65.5,1489.1,65.51,377.4,65.52,842.4,65.53,751.1,65.54,1199.6
1700000525.5,1051,65.47,0.060000000000002274,65.44,20.7,65.5,1253.8,4909.799999999999,4248.7,65.44,5.0,SELL,2,65.44,20.7,65.43,1304.2,65.42,3163.5,65.41,10.0,65.4,411.4,65.5,1253.8,65.51,1265.6,65.52,207.4,65.53,1107.6,65.54,414.3
1700000526.0,1052,65.47,0.060000000000002274,65.44,1811.7,65.5,813.0,3830.2,4212.3,65.5,5.0,BUY,2,65.44,1811.7,65.43,477.5,65.42,195.4,65.41,1260.3,65.4,85.3,65.5,813.0,65.51,20.8,65.52,468.1,65.53,2428.2,65.54,482.2
1700000526.5,1053,65.47,0.060000000000002274,65.44,927.2,65.5,1827.9,6298.9,5411.299999999999,65.44,32.3,SELL,7,65.44,927.2,65.43,149.7,65.42,223.7,65.41,456.8,65.4,4541.5,65.5,1827.9,65.51,415.6,65.52,1335.5,65.53,1808.4,65.54,23.9
1700000527.0,1054,65.47,0.03999999999999204,65.45,664.0,65.49,658.5,2485.5,2958.0,65.49,22.2,BUY,2,65.45,664.0,65.44,579.5,65.43,204.8,65.42,831.5,65.41,205.7,65.49,658.5,65.5,807.3,65.51,670.2,65.52,72.8,65.53,749.2
1700000527.5,1055,65.45500000000001,0.04999999999999716,65.43,128.6,65.48,88.6,1692.3,2466.5,65.48,10.0,BUY,5,65.43,128.6,65.42,77.4,65.41,179.7,65.4,680.9,65.39,625.7,65.48,88.6,65.49,471.9,65.5,941.3,65.51,829.7,65.52,135.0
1700000528.0,1056,65.45500000000001,0.04999999999999716,65.43,832.1,65.48,327.9,4318.900000000001,2993.5,65.43,66.9,SELL,3,65.43,832.1,65.42,189.6,65.41,1925.8,65.4,1092.8,65.39,278.6,65.48,327.9,65.49,171.5,65.5,830.1,65.51,132.7,65.52,1531.3
1700000528.5,1057,65.45500000000001,0.04999999999999716,65.43,1179.6,65.48,180.1,2111.7,1923.3000000000002,65.43,7.8,SELL,1,65.43,1179.6,65.42,105.3,65.41,448.5,65.4,10.0,65.39,368.3,65.48,180.1,65.49,61.3,65.5,551.5,65.51,31.7,65.52,1098.7
1700000529.0,1058,65.46000000000001,0.04000000000000625,65.44,32.4,65.48,1010.5,6524.4,2424.1,65.44,6.4,SELL,1,65.44,32.4,65.43,1223.1,65.42,86.0,65.41,2780.9,65.4,2402.0,65.48,1010.5,65.49,486.7,65.5,436.2,65.51,106.8,65.52,383.9
1700000529.5,1059,65.45,0.03999999999999204,65.43,84.9,65.47,107.2,4644.8,5298.5,65.47,152.7,BUY,5,65.43,84.9,65.42,193.7,65.41,31.6,65.4,3761.9,65.39,572.7,65.47,107.2,65.48,1063.4,65.49,3251.4,65.5,746.4,65.51,130.1
1700000530.0,1060,65.45,0.060000000000002274,65.42,635.7,65.48,111.7,1671.0,272.2,65.48,161.7,BUY,1,65.42,635.7,65.41,110.8,65.4,74.5,65.39,833.6,65.38,16.4,65.48,111.7,65.49,97.3,65.5,10.2,65.51,10.0,65.52,43.0
1700000530.5,1061,65.45,0.060000000000002274,65.42,433.6,65.48,12.8,3905.3,5137.8,65.42,69.3,SELL,1,65.42,433.6,65.41,411.3,65.4,1351.0,65.39,750.1,65.38,959.3,65.48,12.8,65.49,211.6,65.5,501.1,65.51,2370.4,65.52,2041.9
1700000531.0,1062,65.45,0.060000000000002274,65.42,1028.8,65.48,562.1,6226.9,902.4,65.48,26.3,BUY,1,65.42,1028.8,65.41,2703.9,65.4,420.3,65.39,201.9,65.38,1872.0,65.48,562.1,65.49,56.0,65.5,50.5,65.51,127.4,65.52,106.4
1700000531.5,1063,65.34,0.060000000000002274,65.31,986.4,65.37,249.4,3073.7,2200.6000000000004,65.37,6.4,BUY,1,65.31,986.4,65.3,313.9,65.29,253.9,65.28,227.1,65.27,1292.4,65.37,249.4,65.38,638.5,65.39,240.9,65.4,310.6,65.41,761.2
1700000532.0,1064,65.34,0.04000000000000625,65.32,259.5,65.36,782.6,7010.2,2580.2,65.32,10.4,SELL,1,65.32,259.5,65.31,884.3,65.3,1372.5,65.29,3674.6,65.28,819.3,65.36,782.6,65.37,323.4,65.38,272.6,65.39,881.3,65.4,320.3
1700000532.5,1065,65.33,0.03999999999999204,65.31,150.3,65.35,507.8,3404.2,2339.2,65.31,97.6,SELL,3,65.31,150.3,65.3,1354.5,65.29,1420.6,65.28,126.4,65.27,352.4,65.35,507.8,65.36,63.4,65.37,1001.8,65.38,444.8,65.39,321.4
1700000533.0,1066,60.78,0.060000000000002274,60.75,776.7,60.81,403.7,5573.3,4284.3,60.81,168.7,BUY,3,60.75,776.7,60.74,543.9,60.73,2653.5,60.72,550.7,60.71,1048.5,60.81,403.7,60.82,1185.5,60.83,942.7,60.84,940.3,60.85,812.1
1700000533.5,1067,60.78,0.03999999999999915,60.76,544.5,60.8,311.3,3269.8999999999996,2543.2999999999997,60.8,15.2,BUY,4,60.76,544.5,60.75,1158.8,60.74,307.8,60.73,702.0,60.72,556.8,60.8,311.3,60.81,684.2,60.82,432.4,60.83,669.3,60.84,446.1
1700000534.0,1068,60.769999999999996,0.05999999999999517,60.74,120.3,60.8,421.5,3490.5,3019.8999999999996,60.8,89.3,BUY,2,60.74,120.3,60.73,942.0,60.72,582.5,60.71,728.8,60.7,1116.9,60.8,421.5,60.81,771.9,60.82,462.1,60.83,594.2,60.84,770.2
1700000534.5,1069,60.775,0.04999999999999716,60.75,562.3,60.8,193.9,2746.0,7542.5,60.75,5.0,SELL,1,60.75,562.3,60.74,185.3,60.73,1702.4,60.72,186.6,60.71,109.4,60.8,193.9,60.81,547.5,60.82,727.4,60.83,2229.6,60.84,3844.1
1700000535.0,1070,60.775,0.04999999999999716,60.75,770.6,60.8,2608.5,2173.2000000000003,10891.8,60.775,0.0,BUY,0,60.75,770.6,60.74,61.6,60.73,958.7,60.72,291.5,60.71,90.8,60.8,2608.5,60.81,953.3,60.82,2542.2,60.83,1184.3,60.84,3603.5
1700000535.5,1071,60.775,0.04999999999999716,60.75,24.8,60.8,169.9,2879.6000000000004,8375.1,60.8,141.6,BUY,2,60.75,24.8,60.74,1505.4,60.73,738.8,60.72,311.3,60.71,299.3,60.8,169.9,60.81,173.1,60.82,2100.2,60.83,2537.4,60.84,3394.5
1700000536.0,1072,60.754999999999995,0.05000000000000426,60.73,214.3,60.78,1033.0,3779.2999999999997,4065.7,60.78,22.1,BUY,1,60.73,214.3,60.72,144.8,60.71,1990.1,60.7,363.0,60.69,1067.1,60.78,1033.0,60.79,100.2,60.8,850.9,60.81,853.0,60.82,1228.6
1700000536.5,1073,60.760000000000005,0.03999999999999915,60.74,306.0,60.78,17.1,3178.9,2318.0,60.74,5.0,SELL,3,60.74,306.0,60.73,848.2,60.72,52.0,60.71,272.0,60.7,1700.7,60.78,17.1,60.79,279.7,60.8,1134.1,60.81,111.0,60.82,776.1
1700000537.0,1074,60.75,0.04000000000000625,60.73,303.7,60.77,10.0,2638.3,3731.9999999999995,60.73,56.7,SELL,1,60.73,303.7,60.72,15.9,60.71,573.8,60.7,133.2,60.69,1611.7,60.77,10.0,60.78,25.1,60.79,1463.5,60.8,2122.2,60.81,111.2
1700000537.5,1075,60.75,0.060000000000002274,60.72,195.2,60.78,446.9,1618.7,4078.5,60.78,9.5,BUY,1,60.72,195.2,60.71,119.2,60.7,87.5,60.69,102.3,60.68,1114.5,60.78,446.9,60.79,1422.0,60.8,760.5,60.81,128.7,60.82,1320.4
1700000538.0,1076,60.75,0.04000000000000625,60.73,16.1,60.77,423.3,5751.5,6325.999999999999,60.75,0.0,BUY,0,60.73,16.1,60.72,424.9,60.71,66.0,60.7,703.6,60.69,4540.9,60.77,423.3,60.78,3899.1,60.79,740.2,60.8,425.5,60.81,837.9
1700000538.5,1077,60.75,0.04000000000000625,60.73,405.3,60.77,2186.8,2636.5000000000005,6618.900000000001,60.73,89.7,SELL,3,60.73,405.3,60.72,985.1,60.71,415.4,60.7,500.4,60.69,330.3,60.77,2186.8,60.78,730.1,60.79,222.9,60.8,2339.4,60.81,1139.7
1700000539.0,1078,60.75,0.04000000000000625,60.73,463.1,60.77,39.3,6621.2,3754.9999999999995,60.77,5.0,BUY,2,60.73,463.1,60.72,1471.8,60.71,248.2,60.7,3663.1,60.69,775.0,60.77,39.3,60.78,1594.5,60.79,1372.4,60.8,492.2,60.81,256.6
1700000539.5,1079,60.75,0.04000000000000625,60.73,250.3,60.77,476.5,3598.7999999999997,3688.5,60.77,78.2,BUY,2,60.73,250.3,60.72,520.5,60.71,857.0,60.7,1835.1,60.69,135.9,60.77,476.5,60.78,126.4,60.79,1920.8,60.8,389.6,60.81,775.2
1700000540.0,1080,60.75,0.04000000000000625,60.73,159.9,60.77,155.6,915.2,8410.6,60.73,87.2,SELL,1,60.73,159.9,60.72,114.0,60.71,88.6,60.7,306.2,60.69,246.5,60.77,155.6,60.78,79.6,60.79,636.5,60.8,2846.1,60.81,4692.8
1700000540.5,1081,60.754999999999995,0.05000000000000426,60.73,416.8,60.78,170.2,6338.7,6236.5,60.73,34.4,SELL,3,60.73,416.8,60.72,443.2,60.71,1299.7,60.7,1924.5,60.69,2254.5,60.78,170.2,60.79,2348.3,60.8,304.3,60.81,2935.3,60.82,478.4
1700000541.0,1082,60.760000000000005,0.03999999999999915,60.74,347.6,60.78,482.0,7631.5,6120.799999999999,60.74,8.2,SELL,5,60.74,347.6,60.73,700.1,60.72,1365.5,60.71,2118.0,60.7,3100.3,60.78,482.0,60.79,2050.3,60.8,150.7,60.81,810.7,60.82,2627.1
1700000541.5,1083,60.76,0.060000000000002274,60.73,1787.3,60.79,614.9,5960.7,4507.5,60.73,5.0,SELL,1,60.73,1787.3,60.72,240.7,60.71,196.6,60.7,3561.6,60.69,174.5,60.79,614.9,60.8,170.0,60.81,1807.9,60.82,1892.3,60.83,22.4
1700000542.0,1084,60.754999999999995,0.05000000000000426,60.73,477.1,60.78,101.1,5810.400000000001,1898.4,60.78,31.7,BUY,3,60.73,477.1,60.72,1750.0,60.71,1478.6,60.7,1622.9,60.69,481.8,60.78,101.1,60.79,231.5,60.8,798.3,60.81,46.3,60.82,721.2
1700000542.5,1085,60.754999999999995,0.05000000000000426,60.73,196.3,60.78,451.4,2004.7,10720.3,60.78,5.9,BUY,5,60.73,196.3,60.72,115.5,60.71,776.3,60.7,819.9,60.69,96.7,60.78,451.4,60.79,1038.3,60.8,4679.0,60.81,2700.8,60.82,1850.8
1700000543.0,1086,60.754999999999995,0.05000000000000426,60.73,129.2,60.78,118.4,2319.6,3057.9,60.73,11.0,SELL,1,60.73,129.2,60.72,562.9,60.71,486.7,60.7,120.7,60.69,1020.1,60.78,118.4,60.79,628.5,60.8,596.4,60.81,1419.3,60.82,295.3
1700000543.5,1087,60.754999999999995,0.05000000000000426,60.73,521.7,60.78,476.9,2168.9,1825.4,60.78,72.4,BUY,1,60.73,521.7,60.72,364.8,60.71,253.2,60.7,178.4,60.69,850.8,60.78,476.9,60.79,458.2,60.8,87.1,60.81,613.8,60.82,189.4
1700000544.0,1088,60.754999999999995,0.05000000000000426,60.73,348.4,60.78,210.4,6922.5,4417.3,60.78,159.3,BUY,3,60.73,348.4,60.72,1207.2,60.71,423.0,60.7,4213.9,60.69,730.0,60.78,210.4,60.79,374.0,60.8,1560.5,60.81,527.9,60.82,1744.5
1700000544.5,1089,60.754999999999995,0.05000000000000426,60.73,1262.2,60.78,592.9,2650.9999999999995,3415.1,60.73,22.9,SELL,2,60.73,1262.2,60.72,220.0,60.71,763.4,60.7,65.2,60.69,340.2,60.78,592.9,60.79,1567.3,60.8,491.1,60.81,671.2,60.82,92.6
1700000545.0,1090,60.754999999999995,0.05000000000000426,60.73,908.3,60.78,153.7,1289.3999999999999,3915.9,60.754999999999995,0.0,BUY,0,60.73,908.3,60.72,17.4,60.71,156.0,60.7,68.0,60.69,139.7,60.78,153.7,60.79,1719.1,60.8,414.2,60.81,917.4,60.82,711.5
1700000545.5,1091,60.760000000000005,0.03999999999999915,60.74,28.8,60.78,282.6,1153.3,2389.9,60.760000000000005,0.0,BUY,0,60.74,28.8,60.73,904.7,60.72,17.5,60.71,80.2,60.7,122.1,60.78,282.6,60.79,206.8,60.8,77.7,60.81,355.4,60.82,1467.4
1700000546.0,1092,60.76,0.060000000000002274,60.73,312.5,60.79,126.3,3935.8999999999996,2250.9,60.73,38.8,SELL,1,60.73,312.5,60.72,916.4,60.71,76.6,60.7,1704.2,60.69,926.2,60.79,126.3,60.8,472.0,60.81,75.1,60.82,248.3,60.83,1329.2
1700000546.5,1093,60.760000000000005,0.03999999999999915,60.74,978.9,60.78,12.2,5527.300000000001,3611.8,60.74,44.8,SELL,2,60.74,978.9,60.73,1311.4,60.72,1095.9,60.71,2115.5,60.7,25.6,60.78,12.2,60.79,546.5,60.8,781.0,60.81,183.5,60.82,2088.6
1700000547.0,1094,60.754999999999995,0.05000000000000426,60.73,101.1,60.78,160.4,2495.1,1030.9,60.73,114.9,SELL,4,60.73,101.1,60.72,195.7,60.71,1126.1,60.7,930.4,60.69,141.8,60.78,160.4,60.79,380.1,60.8,87.1,60.81,113.5,60.82,289.8
1700000547.5,1095,60.76,0.060000000000002274,60.73,100.0,60.79,1164.7,4379.8,4449.1,60.73,24.1,SELL,1,60.73,100.0,60.72,532.1,60.71,513.2,60.7,753.8,60.69,2480.7,60.79,1164.7,60.8,58.3,60.81,125.8,60.82,608.7,60.83,2491.6
1700000548.0,1096,60.769999999999996,0.05999999999999517,60.74,278.4,60.8,103.2,2952.2000000000003,2314.0,60.769999999999996,0.0,BUY,0,60.74,278.4,60.73,489.0,60.72,657.6,60.71,838.3,60.7,688.9,60.8,103.2,60.81,1120.6,60.82,27.8,60.83,838.2,60.84,224.2
1700000548.5,1097,60.78,0.03999999999999915,60.76,323.5,60.8,99.0,3412.1000000000004,1186.0,60.8,5.0,BUY,1,60.76,323.5,60.75,484.6,60.74,634.2,60.73,1864.9,60.72,104.9,60.8,99.0,60.81,360.5,60.82,161.6,60.83,525.1,60.84,39.8
1700000549.0,1098,60.78,0.03999999999999915,60.76,112.3,60.8,496.5,1885.5,2645.1,60.8,46.8,BUY,1,60.76,112.3,60.75,10.0,60.74,200.5,60.73,661.7,60.72,901.0,60.8,496.5,60.81,392.8,60.82,516.3,60.83,129.8,60.84,1109.7
1700000549.5,1099,60.775,0.04999999999999716,60.75,557.8,60.8,70.6,9075.5,1694.6999999999998,60.75,81.4,SELL,1,60.75,557.8,60.74,647.3,60.73,3248.9,60.72,1438.9,60.71,3182.6,60.8,70.6,60.81,768.1,60.82,458.4,60.83,231.6,60.84,166.0
1700000550.0,1100,60.775,0.04999999999999716,60.75,55.0,60.8,281.2,2733.7999999999997,5989.4,60.75,16.1,SELL,1,60.75,55.0,60.74,784.8,60.73,591.3,60.72,160.1,60.71,1142.6,60.8,281.2,60.81,93.7,60.82,1433.1,60.83,1282.4,60.84,2899.0
1700000550.5,1101,60.78,0.03999999999999915,60.76,533.0,60.8,291.1,2791.7,2895.7999999999997,60.8,11.5,BUY,2,60.76,533.0,60.75,927.7,60.74,219.7,60.73,965.1,60.72,146.2,60.8,291.1,60.81,1094.5,60.82,28.1,60.83,537.7,60.84,944.4
1700000551.0,1102,60.78,0.03999999999999915,60.76,100.5,60.8,97.5,6900.499999999999,2270.2,60.8,38.6,BUY,3,60.76,100.5,60.75,3719.2,60.74,1584.0,60.73,1035.1,60.72,461.7,60.8,97.5,60.81,16.4,60.82,1723.3,60.83,363.3,60.84,69.7
1700000551.5,1103,60.775,0.04999999999999716,60.75,337.6,60.8,804.3,2963.0,3322.4,60.775,0.0,BUY,0,60.75,337.6,60.74,117.1,60.73,657.8,60.72,1109.4,60.71,741.1,60.8,804.3,60.81,511.3,60.82,1171.2,60.83,91.0,60.84,744.6
1700000552.0,1104,60.775,0.04999999999999716,60.75,154.8,60.8,530.7,6232.8,2876.5,60.75,155.8,SELL,1,60.75,154.8,60.74,82.1,60.73,176.8,60.72,2032.1,60.71,3787.0,60.8,530.7,60.81,208.7,60.82,293.1,60.83,148.3,60.84,1695.7
1700000552.5,1105,60.775,0.04999999999999716,60.75,83.6,60.8,144.5,2355.7000000000003,2712.5,60.775,0.0,BUY,0,60.75,83.6,60.74,204.1,60.73,1065.4,60.72,708.3,60.71,294.3,60.8,144.5,60.81,930.1,60.82,255.0,60.83,292.6,60.84,1090.3
1700000553.0,1106,60.760000000000005,0.03999999999999915,60.74,369.8,60.78,125.5,2377.7000000000003,3500.6,60.760000000000005,0.0,BUY,0,60.74,369.8,60.73,173.8,60.72,206.6,60.71,1440.2,60.7,187.3,60.78,125.5,60.79,10.0,60.8,365.3,60.81,42.7,60.82,2957.1
1700000553.5,1107,60.754999999999995,0.05000000000000426,60.73,100.2,60.78,87.3,2921.6,3391.2,60.73,11.7,SELL,1,60.73,100.2,60.72,429.2,60.71,1460.1,60.7,786.0,60.69,146.1,60.78,87.3,60.79,1267.7,60.8,337.8,60.81,168.3,60.82,1530.1
1700000554.0,1108,60.754999999999995,0.05000000000000426,60.73,365.6,60.78,10.0,5564.8,7453.299999999999,60.78,87.9,BUY,2,60.73,365.6,60.72,82.7,60.71,2565.9,60.7,1682.4,60.69,868.2,60.78,10.0,60.79,823.8,60.8,436.7,60.81,4953.9,60.82,1228.9
1700000554.5,1109,60.754999999999995,0.05000000000000426,60.73,10.0,60.78,283.3,6769.0,934.4000000000001,60.78,122.3,BUY,2,60.73,10.0,60.72,767.0,60.71,3130.4,60.7,223.2,60.69,2638.4,60.78,283.3,60.79,86.2,60.8,76.7,60.81,392.5,60.82,95.7
1700000555.0,1110,60.754999999999995,0.05000000000000426,60.73,1079.4,60.78,464.2,1598.3,2315.0,60.73,8.1,SELL,1,60.73,1079.4,60.72,178.5,60.71,71.6,60.7,196.7,60.69,72.1,60.78,464.2,60.79,63.8,60.8,81.5,60.81,986.6,60.82,718.9
1700000555.5,1111,60.754999999999995,0.05000000000000426,60.73,49.8,60.78,30.3,6669.7,2294.6000000000004,60.754999999999995,0.0,BUY,0,60.73,49.8,60.72,1296.2,60.71,2984.2,60.7,1487.8,60.69,851.7,60.78,30.3,60.79,845.6,60.8,474.0,60.81,28.7,60.82,916.0
1700000556.0,1112,60.754999999999995,0.05000000000000426,60.73,144.4,60.78,221.6,3320.5999999999995,1797.2,60.73,55.7,SELL,1,60.73,144.4,60.72,2521.2,60.71,210.2,60.7,53.1,60.69,391.7,60.78,221.6,60.79,231.0,60.8,1047.2,60.81,57.8,60.82,239.6
1700000556.5,1113,60.754999999999995,0.05000000000000426,60.73,95.3,60.78,36.1,4109.7,4600.3,60.78,28.8,BUY,2,60.73,95.3,60.72,43.6,60.71,389.5,60.7,2735.2,60.69,846.1,60.78,36.1,60.79,1291.4,60.8,270.0,60.81,2601.0,60.82,401.8
1700000557.0,1114,60.754999999999995,0.05000000000000426,60.73,272.1,60.78,42.3,2015.6000000000001,2594.0,60.754999999999995,0.0,BUY,0,60.73,272.1,60.72,1287.7,60.71,89.8,60.7,291.3,60.69,74.7,60.78,42.3,60.79,322.9,60.8,638.5,60.81,387.3,60.82,1203.0
1700000557.5,1115,60.754999999999995,0.05000000000000426,60.73,491.4,60.78,113.6,1579.3000000000002,2229.0,60.78,12.0,BUY,1,60.73,491.4,60.72,255.3,60.71,164.7,60.7,68.2,60.69,599.7,60.78,113.6,60.79,203.4,60.8,681.6,60.81,1083.8,60.82,146.6
1700000558.0,1116,60.754999999999995,0.05000000000000426,60.73,85.1,60.78,334.8,6010.4,1911.8,60.73,5.0,SELL,1,60.73,85.1,60.72,861.3,60.71,2367.2,60.7,2167.2,60.69,529.6,60.78,334.8,60.79,306.0,60.8,338.3,60.81,858.9,60.82,73.8
1700000558.5,1117,60.754999999999995,0.05000000000000426,60.73,209.6,60.78,803.9,4149.1,1807.8,60.73,16.0,SELL,1,60.73,209.6,60.72,1863.4,60.71,763.5,60.7,140.7,60.69,1171.9,60.78,803.9,60.79,298.2,60.8,198.9,60.81,292.1,60.82,214.7
1700000559.0,1118,60.76,0.060000000000002274,60.73,86.4,60.79,136.4,4400.2,1986.1000000000001,60.73,16.3,SELL,2,60.73,86.4,60.72,872.4,60.71,556.0,60.7,213.9,60.69,2671.5,60.79,136.4,60.8,447.5,60.81,153.6,60.82,808.4,60.83,440.2
1700000559.5,1119,60.76,0.060000000000002274,60.73,233.0,60.79,440.4,4085.8,2142.3,60.73,24.9,SELL,3,60.73,233.0,60.72,1419.2,60.71,686.5,60.7,1456.8,60.69,290.3,60.79,440.4,60.8,1042.0,60.81,161.8,60.82,73.1,60.83,425.0
1700000560.0,1120,60.775,0.04999999999999716,60.75,931.1,60.8,426.5,5535.8,1264.3,60.775,0.0,BUY,0,60.75,931.1,60.74,804.2,60.73,353.6,60.72,721.9,60.71,2725.0,60.8,426.5,60.81,173.4,60.82,74.6,60.83,462.6,60.84,127.2
1700000560.5,1121,60.775,0.04999999999999716,60.75,313.5,60.8,95.7,8874.6,12138.4,60.8,41.4,BUY,2,60.75,313.5,60.74,572.9,60.73,3614.4,60.72,4363.8,60.71,10.0,60.8,95.7,60.81,254.6,60.82,2108.1,60.83,9343.9,60.84,336.1
1700000561.0,1122,60.775,0.04999999999999716,60.75,1034.7,60.8,3244.3,2759.0,7796.2,60.775,0.0,BUY,0,60.75,1034.7,60.74,386.9,60.73,405.9,60.72,295.8,60.71,635.7,60.8,3244.3,60.81,1649.0,60.82,1147.7,60.83,994.0,60.84,761.2
1700000561.5,1123,60.775,0.04999999999999716,60.75,868.3,60.8,308.7,9159.7,2984.2,60.75,29.4,SELL,1,60.75,868.3,60.74,355.8,60.73,1889.2,60.72,1015.6,60.71,5030.8,60.8,308.7,60.81,789.3,60.82,42.8,60.83,940.4,60.84,903.0
1700000562.0,1124,60.769999999999996,0.05999999999999517,60.74,720.4,60.8,3155.2,2567.1000000000004,10250.900000000001,60.8,13.4,BUY,3,60.74,720.4,60.73,307.2,60.72,740.7,60.71,510.0,60.7,288.8,60.8,3155.2,60.81,957.6,60.82,4359.9,60.83,723.1,60.84,1055.1
1700000562.5,1125,60.769999999999996,0.03999999999999915,60.75,1505.5,60.79,1922.1,3007.5,4971.3,60.79,5.0,BUY,2,60.75,1505.5,60.74,198.9,60.73,559.8,60.72,256.9,60.71,486.4,60.79,1922.1,60.8,95.2,60.81,2554.0,60.82,298.7,60.83,101.3
1700000563.0,1126,60.76,0.060000000000002274,60.73,302.5,60.79,1592.2,2744.9,3905.5,60.73,37.1,SELL,2,60.73,302.5,60.72,481.4,60.71,524.4,60.7,277.2,60.69,1159.4,60.79,1592.2,60.8,19.7,60.81,332.0,60.82,491.1,60.83,1470.5
1700000563.5,1127,60.760000000000005,0.03999999999999915,60.74,1344.5,60.78,222.9,5362.5,2154.6,60.78,21.0,BUY,3,60.74,1344.5,60.73,1148.7,60.72,375.7,60.71,2452.0,60.7,41.6,60.78,222.9,60.79,799.1,60.8,690.3,60.81,10.0,60.82,432.3
1700000564.0,1128,60.76,0.060000000000002274,60.73,902.2,60.79,559.7,2079.0,2242.7000000000003,60.73,35.5,SELL,1,60.73,902.2,60.72,565.8,60.71,116.3,60.7,433.1,60.69,61.6,60.79,559.7,60.8,10.0,60.81,731.2,60.82,281.4,60.83,660.4
1700000564.5,1129,60.754999999999995,0.05000000000000426,60.73,135.0,60.78,251.1,3953.2,3414.3999999999996,60.78,29.4,BUY,1,60.73,135.0,60.72,105.4,60.71,220.6,60.7,1231.5,60.69,2260.7,60.78,251.1,60.79,1342.2,60.8,57.4,60.81,721.5,60.82,1042.2
1700000565.0,1130,60.754999999999995,0.05000000000000426,60.73,506.5,60.78,645.8,1636.1000000000001,6420.700000000001,60.78,7.1,BUY,3,60.73,506.5,60.72,10.0,60.71,22.8,60.7,844.1,60.69,252.7,60.78,645.8,60.79,316.5,60.8,239.7,60.81,3864.3,60.82,1354.4
1700000565.5,1131,60.754999999999995,0.05000000000000426,60.73,591.3,60.78,10.0,3555.2999999999997,2903.5,60.73,82.7,SELL,2,60.73,591.3,60.72,646.4,60.71,966.4,60.7,1018.3,60.69,332.9,60.78,10.0,60.79,219.2,60.8,571.2,60.81,1859.3,60.82,243.8
1700000566.0,1132,60.754999999999995,0.05000000000000426,60.73,649.2,60.78,185.9,4312.1,2918.9,60.754999999999995,0.0,BUY,0,60.73,649.2,60.72,671.4,60.71,235.2,60.7,386.5,60.69,2369.8,60.78,185.9,60.79,224.5,60.8,572.2,60.81,449.3,60.82,1487.0
1700000566.5,1133,60.760000000000005,0.03999999999999915,60.74,70.5,60.78,283.5,2793.4,4283.8,60.78,5.0,BUY,1,60.74,70.5,60.73,69.6,60.72,591.1,60.71,1190.3,60.7,871.9,60.78,283.5,60.79,43.9,60.8,352.4,60.81,378.7,60.82,3225.3
1700000567.0,1134,61.43,0.04000000000000625,61.41,874.5,61.45,249.5,2938.8,6210.099999999999,61.41,19.1,SELL,1,61.41,874.5,61.4,354.0,61.39,1136.7,61.38,454.8,61.37,118.8,61.45,249.5,61.46,237.7,61.47,2395.9,61.48,1264.8,61.49,2062.2
1700000567.5,1135,61.42,0.03999999999999915,61.4,23.7,61.44,317.9,3092.8,3581.6000000000004,61.4,8.9,SELL,2,61.4,23.7,61.39,602.9,61.38,103.2,61.37,493.3,61.36,1869.7,61.44,317.9,61.45,421.5,61.46,444.0,61.47,1049.7,61.48,1348.5
1700000568.0,1136,61.425,0.05000000000000426,61.4,848.3,61.45,217.5,4810.4,3565.3999999999996,61.45,7.6,BUY,1,61.4,848.3,61.39,2051.1,61.38,265.8,61.37,1550.6,61.36,94.6,61.45,217.5,61.46,684.0,61.47,1709.6,61.48,418.1,61.49,536.2
1700000568.5,1137,61.43,0.04000000000000625,61.41,188.9,61.45,10.0,7798.9,4071.5,61.43,0.0,BUY,0,61.41,188.9,61.4,352.6,61.39,514.9,61.38,2217.5,61.37,4525.0,61.45,10.0,61.46,1076.6,61.47,432.1,61.48,2486.9,61.49,65.9
1700000569.0,1138,61.43,0.04000000000000625,61.41,107.3,61.45,340.9,3292.0,3037.7,61.45,31.6,BUY,1,61.41,107.3,61.4,688.6,61.39,1691.0,61.38,74.8,61.37,730.3,61.45,340.9,61.46,373.9,61.47,1401.4,61.48,564.3,61.49,357.2
1700000569.5,1139,61.43,0.04000000000000625,61.41,192.2,61.45,862.5,2230.8,4729.900000000001,61.43,0.0,BUY,0,61.41,192.2,61.4,799.6,61.39,557.0,61.38,167.3,61.37,514.7,61.45,862.5,61.46,1556.1,61.47,841.7,61.48,1407.4,61.49,62.2
1700000570.0,1140,61.43,0.04000000000000625,61.41,215.3,61.45,221.1,3019.0,1448.5,61.45,42.6,BUY,1,61.41,215.3,61.4,1676.4,61.39,733.3,61.38,80.7,61.37,313.3,61.45,221.1,61.46,132.8,61.47,678.9,61.48,267.6,61.49,148.1
1700000570.5,1141,61.43,0.04000000000000625,61.41,606.4,61.45,580.3,6789.099999999999,2701.7999999999993,61.41,5.0,SELL,3,61.41,606.4,61.4,1782.8,61.39,858.4,61.38,1760.8,61.37,1780.7,61.45,580.3,61.46,1629.1,61.47,132.0,61.48,219.7,61.49,140.7
1700000571.0,1142,61.43,0.04000000000000625,61.41,233.1,61.45,486.8,4961.699999999999,2647.7999999999997,61.41,7.2,SELL,2,61.41,233.1,61.4,73.8,61.39,3838.7,61.38,645.2,61.37,170.9,61.45,486.8,61.46,236.2,61.47,206.4,61.48,954.3,61.49,764.1
1700000571.5,1143,61.43,0.04000000000000625,61.41,207.7,61.45,1539.1,3056.2000000000003,6955.3,61.41,20.3,SELL,2,61.41,207.7,61.4,1211.0,61.39,71.8,61.38,1124.4,61.37,441.3,61.45,1539.1,61.46,1394.3,61.47,364.1,61.48,3090.5,61.49,567.3
1700000572.0,1144,61.435,0.05000000000000426,61.41,684.8,61.46,368.0,4856.5,5219.700000000001,61.46,7.3,BUY,1,61.41,684.8,61.4,1089.3,61.39,832.9,61.38,1864.4,61.37,385.1,61.46,368.0,61.47,1200.2,61.48,1734.1,61.49,313.5,61.5,1603.9
1700000572.5,1145,61.435,0.05000000000000426,61.41,1478.9,61.46,97.5,8085.1,3826.8,61.46,21.7,BUY,1,61.41,1478.9,61.4,508.0,61.39,722.2,61.38,1957.1,61.37,3418.9,61.46,97.5,61.47,321.9,61.48,941.4,61.49,2333.8,61.5,132.2
1700000573.0,1146,61.44,0.03999999999999915,61.42,203.6,61.46,1353.3,2159.9,4481.699999999999,61.42,21.4,SELL,1,61.42,203.6,61.41,540.0,61.4,302.4,61.39,409.3,61.38,704.6,61.46,1353.3,61.47,788.9,61.48,494.1,61.49,819.3,61.5,1026.1
1700000573.5,1147,61.435,0.05000000000000426,61.41,126.6,61.46,175.2,4372.200000000001,1375.4999999999998,61.41,9.3,SELL,1,61.41,126.6,61.4,962.1,61.39,520.7,61.38,225.9,61.37,2536.9,61.46,175.2,61.47,125.9,61.48,878.5,61.49,105.1,61.5,90.8
1700000574.0,1148,61.435,0.05000000000000426,61.41,310.2,61.46,187.1,1931.5,8533.0,61.46,70.8,BUY,1,61.41,310.2,61.4,356.9,61.39,715.9,61.38,240.6,61.37,307.9,61.46,187.1,61.47,3611.0,61.48,458.4,61.49,1465.5,61.5,2811.0
1700000574.5,1149,61.455,0.04999999999999716,61.43,95.7,61.48,944.4,6076.0,4859.599999999999,61.455,0.0,BUY,0,61.43,95.7,61.42,1057.2,61.41,51.8,61.4,364.4,61.39,4506.9,61.48,944.4,61.49,438.7,61.5,2772.1,61.51,347.7,61.52,356.7
1700000575.0,1150,61.455,0.04999999999999716,61.43,328.6,61.48,949.2,2975.6,5493.0,61.48,27.2,BUY,3,61.43,328.6,61.42,394.2,61.41,350.4,61.4,1402.9,61.39,499.5,61.48,949.2,61.49,1194.7,61.5,700.6,61.51,1889.7,61.52,758.8
1700000575.5,1151,61.455,0.04999999999999716,61.43,62.6,61.48,23.6,5896.200000000001,2123.1,61.43,103.5,SELL,1,61.43,62.6,61.42,1315.8,61.41,743.7,61.4,548.7,61.39,3225.4,61.48,23.6,61.49,1468.4,61.5,178.3,61.51,249.5,61.52,203.3
1700000576.0,1152,61.455,0.04999999999999716,61.43,198.9,61.48,172.0,4513.0,8687.599999999999,61.455,0.0,BUY,0,61.43,198.9,61.42,104.1,61.41,451.9,61.4,2978.1,61.39,780.0,61.48,172.0,61.49,671.0,61.5,3782.4,61.51,398.4,61.52,3663.8
1700000576.5,1153,61.455,0.04999999999999716,61.43,814.9,61.48,422.7,3213.8999999999996,1417.2,61.43,14.8,SELL,4,61.43,814.9,61.42,121.9,61.41,1008.0,61.4,649.3,61.39,619.8,61.48,422.7,61.49,76.4,61.5,116.1,61.51,398.0,61.52,404.0
1700000577.0,1154,61.44,0.03999999999999915,61.42,1231.8,61.46,1160.8,8150.0,2047.5,61.46,5.0,BUY,3,61.42,1231.8,61.41,923.1,61.4,938.2,61.39,4020.2,61.38,1036.7,61.46,1160.8,61.47,23.8,61.48,184.5,61.49,178.4,61.5,500.0
1700000577.5,1155,61.435,0.05000000000000426,61.41,152.7,61.46,105.6,3048.9,2029.6000000000001,61.46,79.0,BUY,1,61.41,152.7,61.4,730.3,61.39,1653.1,61.38,276.9,61.37,235.9,61.46,105.6,61.47,835.8,61.48,499.0,61.49,177.5,61.5,411.7
1700000578.0,1156,61.44,0.03999999999999915,61.42,111.3,61.46,208.7,3438.7,2395.9,61.46,9.5,BUY,1,61.42,111.3,61.41,717.4,61.4,769.7,61.39,537.0,61.38,1303.3,61.46,208.7,61.47,196.8,61.48,324.3,61.49,951.7,61.5,714.4
1700000578.5,1157,61.43,0.04000000000000625,61.41,761.4,61.45,750.3,3577.7999999999997,1897.5,61.43,0.0,BUY,0,61.41,761.4,61.4,546.3,61.39,214.8,61.38,1232.8,61.37,822.5,61.45,750.3,61.46,86.1,61.47,478.9,61.48,404.2,61.49,178.0
1700000579.0,1158,61.43,0.060000000000002274,61.4,10.0,61.46,679.4,2505.0,4832.000000000001,61.46,49.5,BUY,3,61.4,10.0,61.39,1038.0,61.38,501.5,61.37,421.6,61.36,533.9,61.46,679.4,61.47,815.1,61.48,3143.1,61.49,49.1,61.5,145.3
1700000579.5,1159,61.43,0.04000000000000625,61.41,103.7,61.45,10.0,2189.0000000000005,903.3,61.45,14.0,BUY,3,61.41,103.7,61.4,911.0,61.39,21.9,61.38,888.6,61.37,263.8,61.45,10.0,61.46,138.2,61.47,394.7,61.48,26.8,61.49,333.6
1700000580.0,1160,61.43,0.060000000000002274,61.4,54.8,61.46,1407.9,1315.7999999999997,4418.9,61.43,0.0,BUY,0,61.4,54.8,61.39,738.0,61.38,98.8,61.37,228.6,61.36,195.6,61.46,1407.9,61.47,89.3,61.48,524.9,61.49,464.9,61.5,1931.9
1700000580.5,1161,61.425,0.05000000000000426,61.4,348.8,61.45,456.5,4340.4,4484.2,61.4,5.0,SELL,3,61.4,348.8,61.39,257.5,61.38,705.7,61.37,236.6,61.36,2791.8,61.45,456.5,61.46,811.6,61.47,124.8,61.48,2955.6,61.49,135.7
1700000581.0,1162,61.425,0.05000000000000426,61.4,240.3,61.45,523.2,3708.1,4263.4,61.45,41.7,BUY,3,61.4,240.3,61.39,775.4,61.38,1496.2,61.37,725.6,61.36,470.6,61.45,523.2,61.46,289.9,61.47,219.3,61.48,2865.2,61.49,365.8
1700000581.5,1163,61.42,0.03999999999999915,61.4,41.6,61.44,11.1,1843.3999999999999,6895.200000000001,61.42,0.0,BUY,0,61.4,41.6,61.39,281.0,61.38,70.9,61.37,279.8,61.36,1170.1,61.44,11.1,61.45,1072.1,61.46,115.9,61.47,5315.1,61.48,381.0
1700000582.0,1164,61.425,0.05000000000000426,61.4,141.3,61.45,1022.2,3300.4,4158.700000000001,61.4,17.8,SELL,1,61.4,141.3,61.39,805.1,61.38,782.4,61.37,1179.0,61.36,392.6,61.45,1022.2,61.46,508.6,61.47,676.4,61.48,560.6,61.49,1390.9
1700000582.5,1165,61.405,0.04999999999999716,61.38,401.7,61.43,41.9,2756.4,2735.6,61.43,16.1,BUY,1,61.38,401.7,61.37,961.5,61.36,81.2,61.35,252.3,61.34,1059.7,61.43,41.9,61.44,384.8,61.45,800.9,61.46,664.0,61.47,844.0
1700000583.0,1166,61.425,0.05000000000000426,61.4,686.9,61.45,282.9,3393.8,2482.2,61.45,27.5,BUY,1,61.4,686.9,61.39,516.9,61.38,400.1,61.37,665.7,61.36,1124.2,61.45,282.9,61.46,919.9,61.47,221.2,61.48,1037.5,61.49,20.7
1700000583.5,1167,61.42,0.060000000000002274,61.39,160.4,61.45,1587.6,1545.7,3403.1000000000004,61.39,23.7,SELL,1,61.39,160.4,61.38,52.9,61.37,1001.6,61.36,131.8,61.35,199.0,61.45,1587.6,61.46,53.0,61.47,1470.2,61.48,10.0,61.49,282.3
1700000584.0,1168,61.425,0.05000000000000426,61.4,1016.7,61.45,1389.1,4996.9,7140.099999999999,61.45,5.0,BUY,2,61.4,1016.7,61.39,937.8,61.38,649.0,61.37,793.2,61.36,1600.2,61.45,1389.1,61.46,55.4,61.47,1909.6,61.48,2855.8,61.49,930.2
1700000584.5,1169,61.425,0.05000000000000426,61.4,364.4,61.45,962.5,1510.8,5281.0,61.4,24.8,SELL,3,61.4,364.4,61.39,675.1,61.38,305.1,61.37,156.2,61.36,10.0,61.45,962.5,61.46,106.5,61.47,371.4,61.48,1198.5,61.49,2642.1
1700000585.0,1170,61.41,0.05999999999999517,61.38,412.0,61.44,97.9,2260.7999999999997,3543.5,61.38,42.7,SELL,3,61.38,412.0,61.37,104.1,61.36,29.8,61.35,1284.8,61.34,430.1,61.44,97.9,61.45,432.6,61.46,1179.0,61.47,570.2,61.48,1263.8
1700000585.5,1171,61.400000000000006,0.03999999999999915,61.38,249.5,61.42,139.0,2276.5,6155.8,61.38,83.8,SELL,2,61.38,249.5,61.37,545.5,61.36,502.1,61.35,119.4,61.34,860.0,61.42,139.0,61.43,234.3,61.44,1043.7,61.45,1973.0,61.46,2765.8
1700000586.0,1172,61.400000000000006,0.03999999999999915,61.38,364.7,61.42,617.5,3016.7999999999997,5328.8,61.38,211.2,SELL,3,61.38,364.7,61.37,1639.3,61.36,116.5,61.35,640.1,61.34,256.2,61.42,617.5,61.43,967.3,61.44,1193.4,61.45,1091.3,61.46,1459.3
1700000586.5,1173,61.400000000000006,0.03999999999999915,61.38,120.0,61.42,264.5,2748.6,2394.1,61.42,5.0,BUY,2,61.38,120.0,61.37,1106.1,61.36,475.2,61.35,188.9,61.34,858.4,61.42,264.5,61.43,1720.4,61.44,85.5,61.45,295.7,61.46,28.0
1700000587.0,1174,61.400000000000006,0.03999999999999915,61.38,10.0,61.42,313.3,1629.0,4606.0,61.42,59.1,BUY,3,61.38,10.0,61.37,659.1,61.36,240.0,61.35,411.6,61.34,308.3,61.42,313.3,61.43,219.3,61.44,937.0,61.45,476.7,61.46,2659.7
1700000587.5,1175,61.400000000000006,0.03999999999999915,61.38,61.7,61.42,716.1,4096.7,5727.7,61.38,52.7,SELL,2,61.38,61.7,61.37,107.8,61.36,80.1,61.35,2214.2,61.34,1632.9,61.42,716.1,61.43,208.7,61.44,151.6,61.45,3283.5,61.46,1367.8
1700000588.0,1176,61.400000000000006,0.03999999999999915,61.38,104.3,61.42,460.1,2550.6000000000004,5382.4,61.42,57.0,BUY,1,61.38,104.3,61.37,1114.8,61.36,592.2,61.35,415.5,61.34,323.8,61.42,460.1,61.43,1579.9,61.44,727.6,61.45,535.2,61.46,2079.6
1700000588.5,1177,61.39,0.03999999999999915,61.37,30.8,61.41,1088.6,2529.2,3496.0,61.41,5.6,BUY,2,61.37,30.8,61.36,233.6,61.35,849.8,61.34,998.2,61.33,416.8,61.41,1088.6,61.42,1680.4,61.43,243.5,61.44,166.6,61.45,316.9
1700000589.0,1178,61.39,0.03999999999999915,61.37,307.0,61.41,426.7,7884.400000000001,4976.5,61.39,0.0,BUY,0,61.37,307.0,61.36,1089.2,61.35,1979.9,61.34,2639.8,61.33,1868.5,61.41,426.7,61.42,519.4,61.43,106.3,61.44,3247.4,61.45,676.7
1700000589.5,1179,61.39,0.03999999999999915,61.37,351.0,61.41,357.0,5270.200000000001,8740.8,61.37,5.0,SELL,1,61.37,351.0,61.36,1555.5,61.35,501.6,61.34,1454.2,61.33,1407.9,61.41,357.0,61.42,1502.7,61.43,4389.1,61.44,1399.1,61.45,1092.9
1700000590.0,1180,61.39,0.03999999999999915,61.37,272.7,61.41,231.0,5926.4,4090.2,61.41,27.0,BUY,2,61.37,272.7,61.36,734.4,61.35,869.7,61.34,1274.6,61.33,2775.0,61.41,231.0,61.42,282.5,61.43,1585.9,61.44,917.6,61.45,1073.2
1700000590.5,1181,61.39,0.03999999999999915,61.37,670.5,61.41,177.2,3992.2,6715.1,61.41,23.3,BUY,2,61.37,670.5,61.36,150.1,61.35,604.8,61.34,62.7,61.33,2504.1,61.41,177.2,61.42,54.6,61.43,93.5,61.44,1559.0,61.45,4830.8
1700000591.0,1182,61.39,0.03999999999999915,61.37,391.4,61.41,515.5,3182.7,4905.2,61.39,0.0,BUY,0,61.37,391.4,61.36,2130.7,61.35,173.1,61.34,10.0,61.33,477.5,61.41,515.5,61.42,2468.5,61.43,1451.9,61.44,201.6,61.45,267.7
1700000591.5,1183,61.39,0.03999999999999915,61.37,343.3,61.41,625.9,1842.3999999999999,3508.2000000000003,61.41,11.8,BUY,4,61.37,343.3,61.36,464.7,61.35,253.3,61.34,236.3,61.33,544.8,61.41,625.9,61.42,178.6,61.43,1617.8,61.44,582.3,61.45,503.6
1700000592.0,1184,61.39,0.03999999999999915,61.37,93.5,61.41,747.9,3755.7,5301.1,61.37,15.5,SELL,1,61.37,93.5,61.36,756.0,61.35,1084.8,61.34,753.6,61.33,1067.8,61.41,747.9,61.42,1889.8,61.43,799.9,61.44,1154.7,61.45,708.8
1700000592.5,1185,61.39,0.03999999999999915,61.37,39.3,61.41,226.8,2224.1,4992.1,61.41,11.9,BUY,4,61.37,39.3,61.36,947.7,61.35,1049.9,61.34,49.7,61.33,137.5,61.41,226.8,61.42,2038.9,61.43,1084.8,61.44,160.3,61.45,1481.3
1700000593.0,1186,61.400000000000006,0.03999999999999915,61.38,14.1,61.42,639.2,5114.900000000001,6340.6,61.42,14.9,BUY,2,61.38,14.1,61.37,95.4,61.36,2035.3,61.35,810.8,61.34,2159.3,61.42,639.2,61.43,242.9,61.44,72.9,61.45,849.4,61.46,4536.2
1700000593.5,1187,65.095,0.05000000000001137,65.07,76.4,65.12,404.7,1093.3,2386.4,65.07,5.0,SELL,3,65.07,76.4,65.06,36.9,65.05,129.0,65.04,213.7,65.03,637.3,65.12,404.7,65.13,119.4,65.14,987.8,65.15,249.5,65.16,625.0
1700000594.0,1188,65.095,0.05000000000001137,65.07,415.6,65.12,809.4,5582.7,5211.9,65.07,5.0,SELL,1,65.07,415.6,65.06,120.5,65.05,444.9,65.04,3071.4,65.03,1530.3,65.12,809.4,65.13,665.3,65.14,10.9,65.15,753.6,65.16,2972.7
1700000594.5,1189,65.11,0.060000000000002274,65.08,176.7,65.14,181.1,2652.5,3352.7,65.08,87.4,SELL,1,65.08,176.7,65.07,378.7,65.06,265.5,65.05,547.5,65.04,1284.1,65.14,181.1,65.15,659.3,65.16,1099.3,65.17,994.5,65.18,418.5
1700000595.0,1190,65.11,0.060000000000002274,65.08,787.7,65.14,370.5,2807.1,7903.7,65.14,65.6,BUY,2,65.08,787.7,65.07,760.4,65.06,570.3,65.05,557.3,65.04,131.4,65.14,370.5,65.15,1256.4,65.16,1135.9,65.17,16.5,65.18,5124.4
1700000595.5,1191,65.095,0.05000000000001137,65.07,512.9,65.12,15.5,2887.8999999999996,2753.5,65.095,0.0,BUY,0,65.07,512.9,65.06,40.8,65.05,25.0,65.04,694.1,65.03,1615.1,65.12,15.5,65.13,476.1,65.14,380.4,65.15,1258.1,65.16,623.4
1700000596.0,1192,65.09,0.04000000000000625,65.07,824.0,65.11,352.0,5004.400000000001,4296.8,65.07,18.9,SELL,1,65.07,824.0,65.06,63.8,65.05,937.4,65.04,2630.9,65.03,548.3,65.11,352.0,65.12,1328.8,65.13,188.2,65.14,122.7,65.15,2305.1
1700000596.5,1193,65.09,0.060000000000002274,65.06,472.9,65.12,69.0,3956.8,3978.3,65.12,5.0,BUY,3,65.06,472.9,65.05,118.4,65.04,697.1,65.03,2220.0,65.02,448.4,65.12,69.0,65.13,595.0,65.14,384.0,65.15,927.4,65.16,2002.9
1700000597.0,1194,65.08,0.060000000000002274,65.05,494.1,65.11,443.3,3497.1,4169.2,65.05,12.6,SELL,2,65.05,494.1,65.04,44.9,65.03,891.5,65.02,468.5,65.01,1598.1,65.11,443.3,65.12,2042.3,65.13,41.5,65.14,1612.4,65.15,29.7
1700000597.5,1195,65.08,0.060000000000002274,65.05,400.4,65.11,23.2,1694.2,2710.5,65.11,57.7,BUY,2,65.05,400.4,65.04,537.7,65.03,124.1,65.02,200.5,65.01,431.5,65.11,23.2,65.12,1024.0,65.13,231.6,65.14,581.7,65.15,850.0
1700000598.0,1196,65.07,0.04000000000000625,65.05,306.6,65.09,63.2,8166.700000000001,4651.7,65.07,0.0,BUY,0,65.05,306.6,65.04,2431.8,65.03,946.6,65.02,2373.8,65.01,2107.9,65.09,63.2,65.1,347.5,65.11,984.7,65.12,1521.6,65.13,1734.7
1700000598.5,1197,65.07,0.05999999999998806,65.04,88.9,65.1,361.3,856.7,5165.6,65.04,12.1,SELL,3,65.04,88.9,65.03,52.8,65.02,250.4,65.01,342.4,65.0,122.2,65.1,361.3,65.11,1099.4,65.12,277.4,65.13,1839.2,65.14,1588.3
1700000599.0,1198,65.06,0.060000000000002274,65.03,253.8,65.09,166.3,6739.0,5412.9,65.03,18.7,SELL,1,65.03,253.8,65.02,263.7,65.01,2543.3,65.0,760.5,64.99,2917.7,65.09,166.3,65.1,1558.4,65.11,316.5,65.12,306.2,65.13,3065.5
1700000599.5,1199,65.06,0.060000000000002274,65.03,248.2,65.09,640.8,2112.7000000000003,5752.5,65.03,5.0,SELL,5,65.03,248.2,65.02,333.5,65.01,548.1,65.0,28.8,64.99,954.1,65.09,640.8,65.1,437.0,65.11,299.3,65.12,1983.1,65.13,2392.3
1700000600.0,1200,65.06,0.060000000000002274,65.03,112.9,65.09,445.7,2723.0,3765.8,65.03,25.7,SELL,2,65.03,112.9,65.02,69.6,65.01,707.4,65.0,1610.8,64.99,222.3,65.09,445.7,65.1,497.7,65.11,718.6,65.12,1469.6,65.13,634.2
1700000600.5,1201,65.05,0.060000000000002274,65.02,23.8,65.08,259.7,4207.1,4162.9,65.02,12.5,SELL,5,65.02,23.8,65.01,2381.2,65.0,52.9,64.99,598.0,64.98,1151.2,65.08,259.7,65.09,1252.3,65.1,1609.7,65.11,457.3,65.12,583.9
1700000601.0,1202,65.05,0.03999999999999204,65.03,1768.8,65.07,75.9,7188.299999999999,2483.1,65.03,54.3,SELL,1,65.03,1768.8,65.02,2585.4,65.01,1085.6,65.0,534.9,64.99,1213.6,65.07,75.9,65.08,1416.7,65.09,194.5,65.1,326.8,65.11,469.2
1700000601.5,1203,65.06,0.060000000000002274,65.03,868.2,65.09,325.2,3226.7,6099.799999999999,65.06,0.0,BUY,0,65.03,868.2,65.02,658.4,65.01,91.7,65.0,1241.9,64.99,366.5,65.09,325.2,65.1,441.1,65.11,401.4,65.12,2517.7,65.13,2414.4
1700000602.0,1204,65.06,0.03999999999999204,65.04,511.1,65.08,169.3,4855.099999999999,4775.9,65.06,0.0,BUY,0,65.04,511.1,65.03,203.1,65.02,2363.3,65.01,832.2,65.0,945.4,65.08,169.3,65.09,66.9,65.1,1617.3,65.11,2180.1,65.12,742.3
1700000602.5,1205,65.06,0.03999999999999204,65.04,173.8,65.08,307.6,3637.2999999999997,4064.0000000000005,65.04,15.2,SELL,2,65.04,173.8,65.03,93.1,65.02,61.2,65.01,2107.2,65.0,1202.0,65.08,307.6,65.09,2291.9,65.1,139.8,65.11,231.3,65.12,1093.4
1700000603.0,1206,65.06,0.060000000000002274,65.03,13.0,65.09,355.8,3592.7999999999997,4482.8,65.06,0.0,BUY,0,65.03,13.0,65.02,220.8,65.01,1941.8,65.0,365.6,64.99,1051.6,65.09,355.8,65.1,1100.2,65.11,555.1,65.12,911.5,65.13,1560.2
1700000603.5,1207,65.06,0.060000000000002274,65.03,667.5,65.09,127.1,2857.6,5354.6,65.09,5.3,BUY,1,65.03,667.5,65.02,22.8,65.01,619.7,65.0,421.6,64.99,1126.0,65.09,127.1,65.1,591.3,65.11,3073.3,65.12,71.9,65.13,1491.0
1700000604.0,1208,65.065,0.04999999999999716,65.04,1354.6,65.09,845.1,5835.1,4046.5,65.065,0.0,BUY,0,65.04,1354.6,65.03,255.3,65.02,2296.9,65.01,92.9,65.0,1835.4,65.09,845.1,65.1,126.5,65.11,474.2,65.12,642.2,65.13,1958.5
1700000604.5,1209,65.06,0.03999999999999204,65.04,136.0,65.08,1257.7,2067.1,2433.3,65.06,0.0,BUY,0,65.04,136.0,65.03,67.4,65.02,1457.8,65.01,297.4,65.0,108.5,65.08,1257.7,65.09,102.5,65.1,176.7,65.11,482.7,65.12,413.7
1700000605.0,1210,65.06,0.060000000000002274,65.03,307.7,65.09,671.4,3229.9,3073.3999999999996,65.06,0.0,BUY,0,65.03,307.7,65.02,856.2,65.01,1233.8,65.0,724.9,64.99,107.3,65.09,671.4,65.1,209.2,65.11,110.4,65.12,1830.3,65.13,252.1
1700000605.5,1211,65.06,0.03999999999999204,65.04,70.0,65.08,241.4,5640.0,4998.200000000001,65.04,16.0,SELL,2,65.04,70.0,65.03,345.1,65.02,57.0,65.01,664.5,65.0,4503.4,65.08,241.4,65.09,1126.1,65.1,162.1,65.11,884.2,65.12,2584.4
1700000606.0,1212,65.06,0.060000000000002274,65.03,239.6,65.09,344.7,2469.7000000000003,4474.6,65.03,29.9,SELL,1,65.03,239.6,65.02,507.5,65.01,393.8,65.0,465.7,64.99,863.1,65.09,344.7,65.1,1036.4,65.11,1529.4,65.12,1342.8,65.13,221.3
1700000606.5,1213,65.06,0.03999999999999204,65.04,105.5,65.08,207.5,6687.900000000001,5053.8,65.08,60.8,BUY,1,65.04,105.5,65.03,1010.8,65.02,3603.3,65.01,785.1,65.0,1183.2,65.08,207.5,65.09,1476.4,65.1,1805.9,65.11,21.2,65.12,1542.8
1700000607.0,1214,65.06,0.060000000000002274,65.03,385.3,65.09,73.5,1650.6000000000001,4756.9,65.09,25.9,BUY,1,65.03,385.3,65.02,468.4,65.01,60.1,65.0,452.0,64.99,284.8,65.09,73.5,65.1,324.8,65.11,370.6,65.12,631.9,65.13,3356.1
1700000607.5,1215,65.06,0.03999999999999204,65.04,846.7,65.08,203.6,2450.0,9431.1,65.04,70.8,SELL,1,65.04,846.7,65.03,51.7,65.02,121.1,65.01,575.0,65.0,855.5,65.08,203.6,65.09,196.0,65.1,1132.2,65.11,6505.3,65.12,1394.0
1700000608.0,1216,65.06,0.060000000000002274,65.03,829.7,65.09,622.2,4311.1,7379.5,65.09,9.8,BUY,2,65.03,829.7,65.02,414.8,65.01,24.9,65.0,1196.9,64.99,1844.8,65.09,622.2,65.1,2295.6,65.11,2241.9,65.12,24.4,65.13,2195.4
1700000608.5,1217,65.06,0.060000000000002274,65.03,436.1,65.09,697.0,4250.8,3778.0,65.09,102.2,BUY,2,65.03,436.1,65.02,584.8,65.01,219.4,65.0,2054.3,64.99,956.2,65.09,697.0,65.1,379.1,65.11,243.0,65.12,762.6,65.13,1696.3
1700000609.0,1218,65.06,0.060000000000002274,65.03,1174.0,65.09,1320.6,1776.0999999999997,5311.0,65.03,35.3,SELL,2,65.03,1174.0,65.02,74.3,65.01,50.1,65.0,288.9,64.99,188.8,65.09,1320.6,65.1,1038.2,65.11,1677.8,65.12,599.0,65.13,675.4
1700000609.5,1219,65.06,0.060000000000002274,65.03,184.5,65.09,11.0,3852.8,4536.599999999999,65.06,0.0,BUY,0,65.03,184.5,65.02,163.9,65.01,107.6,65.0,2903.9,64.99,492.9,65.09,11.0,65.1,650.9,65.11,1922.0,65.12,1606.3,65.13,346.4
1700000610.0,1220,65.06,0.060000000000002274,65.03,628.4,65.09,1357.6,3519.2,4844.2,65.06,0.0,BUY,0,65.03,628.4,65.02,522.2,65.01,144.4,65.0,95.2,64.99,2129.0,65.09,1357.6,65.1,81.1,65.11,1823.4,65.12,869.4,65.13,712.7
1700000610.5,1221,65.06,0.060000000000002274,65.03,1151.2,65.09,1123.7,3042.6,6366.700000000001,65.09,5.0,BUY,1,65.03,1151.2,65.02,108.6,65.01,221.6,65.0,246.2,64.99,1315.0,65.09,1123.7,65.1,1133.3,65.11,227.4,65.12,2747.9,65.13,1134.4
1700000611.0,1222,65.06,0.060000000000002274,65.03,1225.0,65.09,362.8,5188.6,3158.3,65.06,0.0,BUY,0,65.03,1225.0,65.02,422.0,65.01,658.9,65.0,83.2,64.99,2799.5,65.09,362.8,65.1,416.2,65.11,1586.4,65.12,459.5,65.13,333.4
1700000611.5,1223,65.05,0.060000000000002274,65.02,31.1,65.08,432.1,2334.7,6815.3,65.08,351.4,BUY,3,65.02,31.1,65.01,629.6,65.0,202.5,64.99,82.9,64.98,1388.6,65.08,432.1,65.09,2206.3,65.1,2546.2,65.11,631.0,65.12,999.7
1700000612.0,1224,65.04499999999999,0.04999999999999716,65.02,83.7,65.07,550.1,11075.8,3362.7,65.04499999999999,0.0,BUY,0,65.02,83.7,65.01,2375.3,65.0,434.3,64.99,1314.7,64.98,6867.8,65.07,550.1,65.08,78.6,65.09,777.3,65.1,546.7,65.11,1410.0
1700000612.5,1225,65.03999999999999,0.05999999999998806,65.01,501.0,65.07,296.1,3976.8999999999996,2083.7,65.01,50.2,SELL,3,65.01,501.0,65.0,464.6,64.99,905.5,64.98,978.0,64.97,1127.8,65.07,296.1,65.08,137.3,65.09,161.3,65.1,159.2,65.11,1329.8
1700000613.0,1226,65.04499999999999,0.04999999999999716,65.02,494.4,65.07,69.6,3345.7999999999997,4230.7,65.07,50.1,BUY,1,65.02,494.4,65.01,1230.6,65.0,1043.6,64.99,306.5,64.98,270.7,65.07,69.6,65.08,1656.0,65.09,200.7,65.1,10.0,65.11,2294.4
1700000613.5,1227,65.03999999999999,0.04000000000000625,65.02,127.5,65.06,570.2,2126.0,1621.5,65.06,131.1,BUY,1,65.02,127.5,65.01,450.9,65.0,184.5,64.99,680.7,64.98,682.4,65.06,570.2,65.07,318.7,65.08,151.2,65.09,256.3,65.1,325.1
1700000614.0,1228,65.03999999999999,0.04000000000000625,65.02,10.0,65.06,739.5,2701.8,4067.2000000000003,65.03999999999999,0.0,BUY,0,65.02,10.0,65.01,468.1,65.0,355.1,64.99,1715.8,64.98,152.8,65.06,739.5,65.07,916.4,65.08,113.4,65.09,1619.8,65.1,678.1
1700000614.5,1229,65.04499999999999,0.04999999999999716,65.02,1533.5,65.07,159.8,3447.0,3204.7,65.07,100.6,BUY,3,65.02,1533.5,65.01,50.6,65.0,493.9,64.99,1145.5,64.98,223.5,65.07,159.8,65.08,1590.6,65.09,897.4,65.1,246.6,65.11,310.3
1700000615.0,1230,61.845,0.04999999999999716,61.82,320.5,61.87,274.4,1301.0,2495.3,61.82,70.0,SELL,1,61.82,320.5,61.81,44.0,61.8,69.0,61.79,747.0,61.78,120.5,61.87,274.4,61.88,265.9,61.89,892.5,61.9,708.1,61.91,354.4
1700000615.5,1231,61.83,0.060000000000002274,61.8,399.6,61.86,10.0,6875.2,3185.4999999999995,61.86,41.9,BUY,2,61.8,399.6,61.79,729.4,61.78,1266.2,61.77,279.2,61.76,4200.8,61.86,10.0,61.87,373.0,61.88,1879.2,61.89,859.2,61.9,64.1
1700000616.0,1232,61.825,0.05000000000000426,61.8,10.0,61.85,386.7,2203.8999999999996,5708.799999999999,61.85,34.0,BUY,1,61.8,10.0,61.79,248.1,61.78,679.3,61.77,885.8,61.76,380.7,61.85,386.7,61.86,68.4,61.87,302.1,61.88,2596.7,61.89,2354.9
1700000616.5,1233,61.825,0.05000000000000426,61.8,48.9,61.85,28.8,1552.8000000000002,3031.3,61.85,15.7,BUY,1,61.8,48.9,61.79,232.0,61.78,342.6,61.77,264.1,61.76,665.2,61.85,28.8,61.86,358.4,61.87,164.8,61.88,1443.7,61.89,1035.6
1700000617.0,1234,61.83,0.060000000000002274,61.8,1568.0,61.86,38.5,4493.3,4502.2,61.8,85.0,SELL,2,61.8,1568.0,61.79,210.9,61.78,556.7,61.77,728.4,61.76,1429.3,61.86,38.5,61.87,1492.5,61.88,396.1,61.89,2533.9,61.9,41.2
1700000617.5,1235,61.825,0.05000000000000426,61.8,295.6,61.85,848.0,2612.2,4019.3,61.825,0.0,BUY,0,61.8,295.6,61.79,91.6,61.78,1140.8,61.77,93.5,61.76,990.7,61.85,848.0,61.86,623.5,61.87,664.8,61.88,96.0,61.89,1787.0
1700000618.0,1236,61.83,0.060000000000002274,61.8,606.8,61.86,198.2,8496.8,2723.4,61.86,6.2,BUY,3,61.8,606.8,61.79,958.1,61.78,6392.1,61.77,69.3,61.76,470.5,61.86,198.2,61.87,636.1,61.88,88.2,61.89,107.9,61.9,1693.0
1700000618.5,1237,61.825,0.05000000000000426,61.8,964.2,61.85,368.0,3224.7,4310.3,61.825,0.0,BUY,0,61.8,964.2,61.79,318.4,61.78,43.1,61.77,121.6,61.76,1777.4,61.85,368.0,61.86,745.8,61.87,1014.4,61.88,1805.5,61.89,376.6
1700000619.0,1238,61.83,0.060000000000002274,61.8,184.8,61.86,307.5,972.7,3356.6,61.83,0.0,BUY,0,61.8,184.8,61.79,40.9,61.78,43.1,61.77,435.3,61.76,268.6,61.86,307.5,61.87,28.0,61.88,1191.3,61.89,1557.4,61.9,272.4
1700000619.5,1239,61.82,0.04000000000000625,61.8,96.9,61.84,10.0,2294.2999999999997,1575.3999999999999,61.84,7.4,BUY,1,61.8,96.9,61.79,592.9,61.78,926.9,61.77,114.2,61.76,563.4,61.84,10.0,61.85,22.3,61.86,541.1,61.87,528.2,61.88,473.8
1700000620.0,1240,61.82,0.060000000000002274,61.79,119.1,61.85,600.0,4595.8,2478.5,61.85,30.0,BUY,1,61.79,119.1,61.78,380.6,61.77,1389.1,61.76,1859.4,61.75,847.6,61.85,600.0,61.86,421.8,61.87,880.4,61.88,83.9,61.89,492.4
1700000620.5,1241,61.82,0.060000000000002274,61.79,577.7,61.85,780.9,1895.5000000000002,3989.0,61.85,11.3,BUY,3,61.79,577.7,61.78,825.3,61.77,242.9,61.76,232.7,61.75,16.9,61.85,780.9,61.86,1800.5,61.87,410.6,61.88,686.1,61.89,310.9
1700000621.0,1242,61.82,0.060000000000002274,61.79,42.5,61.85,414.1,1883.3,5018.9,61.79,35.5,SELL,1,61.79,42.5,61.78,419.9,61.77,562.3,61.76,388.9,61.75,469.7,61.85,414.1,61.86,1949.9,61.87,447.6,61.88,1765.1,61.89,442.2
1700000621.5,1243,61.82,0.04000000000000625,61.8,2060.0,61.84,1171.4,5390.9,4683.8,61.84,48.1,BUY,1,61.8,2060.0,61.79,493.9,61.78,566.6,61.77,1164.9,61.76,1105.5,61.84,1171.4,61.85,1648.6,61.86,804.3,61.87,662.8,61.88,396.7
1700000622.0,1244,61.82,0.04000000000000625,61.8,11.3,61.84,180.7,3520.3,980.5,61.8,15.5,SELL,1,61.8,11.3,61.79,175.2,61.78,105.6,61.77,2941.4,61.76,286.8,61.84,180.7,61.85,11.6,61.86,10.0,61.87,216.1,61.88,562.1
1700000622.5,1245,61.82,0.04000000000000625,61.8,454.3,61.84,296.4,4331.799999999999,6248.299999999999,61.8,31.0,SELL,2,61.8,454.3,61.79,1045.6,61.78,408.9,61.77,169.7,61.76,2253.3,61.84,296.4,61.85,58.4,61.86,1294.0,61.87,413.3,61.88,4186.2
1700000623.0,1246,61.815,0.05000000000000426,61.79,182.4,61.84,547.4,2837.9,1571.8,61.815,0.0,BUY,0,61.79,182.4,61.78,1672.7,61.77,425.8,61.76,471.1,61.75,85.9,61.84,547.4,61.85,590.1,61.86,152.6,61.87,271.7,61.88,10.0
1700000623.5,1247,61.815,0.05000000000000426,61.79,668.2,61.84,975.5,1469.1000000000001,5785.0,61.84,70.7,BUY,1,61.79,668.2,61.78,169.4,61.77,48.6,61.76,52.2,61.75,530.7,61.84,975.5,61.85,1124.0,61.86,2172.8,61.87,1449.3,61.88,63.4
1700000624.0,1248,63.53,0.03999999999999915,63.51,95.6,63.55,429.7,6125.4,5388.599999999999,63.55,21.2,BUY,2,63.51,95.6,63.5,298.6,63.49,1218.3,63.48,2596.4,63.47,1916.5,63.55,429.7,63.56,1825.4,63.57,491.7,63.58,1262.8,63.59,1379.0
1700000624.5,1249,63.53,0.03999999999999915,63.51,185.5,63.55,193.0,6719.9,2013.6,63.51,5.0,SELL,1,63.51,185.5,63.5,41.0,63.49,1620.8,63.48,745.2,63.47,4127.4,63.55,193.0,63.56,232.1,63.57,51.8,63.58,780.1,63.59,756.6
1700000625.0,1250,63.53,0.03999999999999915,63.51,334.2,63.55,139.1,3831.7,4412.8,63.55,148.2,BUY,5,63.51,334.2,63.5,1248.4,63.49,1043.1,63.48,1110.4,63.47,95.6,63.55,139.1,63.56,1523.9,63.57,844.4,63.58,126.8,63.59,1778.6
1700000625.5,1251,63.540000000000006,0.03999999999999915,63.52,62.0,63.56,2050.9,5540.4,6637.5,63.56,67.7,BUY,1,63.52,62.0,63.51,739.5,63.5,327.0,63.49,773.5,63.48,3638.4,63.56,2050.9,63.57,398.9,63.58,28.2,63.59,2025.4,63.6,2134.1
1700000626.0,1252,63.540000000000006,0.03999999999999915,63.52,211.9,63.56,446.5,6776.0,3584.4,63.540000000000006,0.0,BUY,0,63.52,211.9,63.51,630.6,63.5,394.2,63.49,3967.0,63.48,1572.3,63.56,446.5,63.57,535.1,63.58,903.9,63.59,782.5,63.6,916.4
1700000626.5,1253,63.540000000000006,0.03999999999999915,63.52,1472.9,63.56,57.5,4791.9,4317.5,63.56,14.7,BUY,2,63.52,1472.9,63.51,161.4,63.5,1001.6,63.49,877.6,63.48,1278.4,63.56,57.5,63.57,2193.4,63.58,74.6,63.59,68.7,63.6,1923.3
1700000627.0,1254,63.540000000000006,0.03999999999999915,63.52,1061.8,63.56,303.3,7489.500000000001,5326.4,63.56,77.9,BUY,3,63.52,1061.8,63.51,88.8,63.5,1488.2,63.49,2461.9,63.48,2388.8,63.56,303.3,63.57,346.5,63.58,456.7,63.59,2985.7,63.6,1234.2
1700000627.5,1255,63.53,0.03999999999999915,63.51,1374.8,63.55,1485.1,3095.1000000000004,4977.7,63.51,17.3,SELL,3,63.51,1374.8,63.5,406.5,63.49,70.8,63.48,586.2,63.47,656.8,63.55,1485.1,63.56,22.4,63.57,311.4,63.58,2176.9,63.59,981.9
1700000628.0,1256,63.53,0.03999999999999915,63.51,1094.3,63.55,159.9,6568.099999999999,3314.9,63.55,5.0,BUY,3,63.51,1094.3,63.5,877.2,63.49,1347.6,63.48,2509.7,63.47,739.3,63.55,159.9,63.56,342.9,63.57,1516.5,63.58,737.5,63.59,558.1
1700000628.5,1257,63.53,0.03999999999999915,63.51,10.0,63.55,45.3,645.0,5308.799999999999,63.55,49.7,BUY,2,63.51,10.0,63.5,206.6,63.49,74.2,63.48,161.6,63.47,192.6,63.55,45.3,63.56,2809.5,63.57,161.2,63.58,1588.4,63.59,704.4
1700000629.0,1258,63.519999999999996,0.05999999999999517,63.49,306.8,63.55,114.5,1380.5,1548.6,63.55,110.5,BUY,5,63.49,306.8,63.48,177.3,63.47,274.5,63.46,332.6,63.45,289.3,63.55,114.5,63.56,240.7,63.57,131.1,63.58,369.6,63.59,692.7
1700000629.5,1259,63.525,0.04999999999999716,63.5,147.7,63.55,183.8,5030.0,6028.6,63.5,41.1,SELL,2,63.5,147.7,63.49,1889.0,63.48,211.8,63.47,10.0,63.46,2771.5,63.55,183.8,63.56,1212.0,63.57,181.1,63.58,1747.9,63.59,2703.8
1700000630.0,1260,63.53,0.060000000000002274,63.5,199.3,63.56,347.7,4073.8999999999996,3301.5000000000005,63.5,27.7,SELL,3,63.5,199.3,63.49,638.7,63.48,1818.1,63.47,457.5,63.46,960.3,63.56,347.7,63.57,607.7,63.58,1498.2,63.59,755.6,63.6,92.3
1700000630.5,1261,63.53,0.03999999999999915,63.51,178.8,63.55,226.2,4886.3,4216.7,63.51,38.1,SELL,1,63.51,178.8,63.5,108.5,63.49,733.3,63.48,532.2,63.47,3333.5,63.55,226.2,63.56,170.0,63.57,993.1,63.58,393.7,63.59,2433.7
1700000631.0,1262,63.53,0.03999999999999915,63.51,626.7,63.55,20.3,2675.6,2707.1,63.55,69.2,BUY,1,63.51,626.7,63.5,94.6,63.49,125.2,63.48,1093.1,63.47,736.0,63.55,20.3,63.56,1060.5,63.57,556.8,63.58,484.9,63.59,584.6
1700000631.5,1263,63.53,0.03999999999999915,63.51,107.0,63.55,152.4,3345.8999999999996,2487.2,63.51,101.7,SELL,4,63.51,107.0,63.5,13.6,63.49,266.9,63.48,2818.7,63.47,139.7,63.55,152.4,63.56,287.9,63.57,530.4,63.58,613.9,63.59,902.6
1700000632.0,1264,63.53,0.03999999999999915,63.51,436.4,63.55,136.8,4441.1,1356.1,63.55,88.5,BUY,1,63.51,436.4,63.5,1524.7,63.49,679.7,63.48,1551.3,63.47,249.0,63.55,136.8,63.56,109.2,63.57,359.8,63.58,337.6,63.59,412.7
1700000632.5,1265,63.53,0.03999999999999915,63.51,497.7,63.55,27.8,1722.1,3018.1000000000004,63.53,0.0,BUY,0,63.51,497.7,63.5,235.4,63.49,435.0,63.48,480.2,63.47,73.8,63.55,27.8,63.56,239.9,63.57,203.6,63.58,10.0,63.59,2536.8
1700000633.0,1266,63.53,0.060000000000002274,63.5,230.8,63.56,221.5,1328.0,3587.6,63.53,0.0,BUY,0,63.5,230.8,63.49,329.1,63.48,417.1,63.47,39.0,63.46,312.0,63.56,221.5,63.57,354.9,63.58,1157.9,63.59,1765.1,63.6,88.2
1700000633.5,1267,63.53,0.03999999999999915,63.51,278.6,63.55,185.1,3764.3,2487.1000000000004,63.53,0.0,BUY,0,63.51,278.6,63.5,2491.0,63.49,598.9,63.48,385.8,63.47,10.0,63.55,185.1,63.56,295.9,63.57,1633.8,63.58,10.0,63.59,362.3
1700000634.0,1268,63.53,0.03999999999999915,63.51,52.5,63.55,27.9,5639.9,7908.699999999999,63.51,104.6,SELL,2,63.51,52.5,63.5,217.8,63.49,365.4,63.48,628.4,63.47,4375.8,63.55,27.9,63.56,3503.2,63.57,3825.7,63.58,415.0,63.59,136.9
1700000634.5,1269,63.519999999999996,0.03999999999999915,63.5,14.1,63.54,563.5,3160.5,1652.3000000000002,63.5,69.7,SELL,1,63.5,14.1,63.49,85.7,63.48,488.2,63.47,1542.2,63.46,1030.3,63.54,563.5,63.55,387.4,63.56,128.3,63.57,151.0,63.58,422.1
1700000635.0,1270,63.53,0.03999999999999915,63.51,2955.2,63.55,33.1,6550.5,4704.400000000001,63.51,9.7,SELL,2,63.51,2955.2,63.5,1328.3,63.49,541.7,63.48,708.3,63.47,1017.0,63.55,33.1,63.56,252.6,63.57,672.7,63.58,3499.8,63.59,246.2
1700000635.5,1271,63.53,0.03999999999999915,63.51,2555.2,63.55,2331.9,8324.2,4327.8,63.51,60.6,SELL,1,63.51,2555.2,63.5,218.1,63.49,985.8,63.48,470.1,63.47,4095.0,63.55,2331.9,63.56,609.1,63.57,556.2,63.58,172.5,63.59,658.1
1700000636.0,1272,63.53,0.03999999999999915,63.51,339.5,63.55,82.9,4115.700000000001,3046.8,63.53,0.0,BUY,0,63.51,339.5,63.5,1969.3,63.49,175.9,63.48,1316.4,63.47,314.6,63.55,82.9,63.56,222.2,63.57,298.1,63.58,172.8,63.59,2270.8
1700000636.5,1273,63.53,0.03999999999999915,63.51,492.2,63.55,987.4,3154.7,2839.5,63.53,0.0,BUY,0,63.51,492.2,63.5,801.9,63.49,604.9,63.48,468.7,63.47,787.0,63.55,987.4,63.56,152.8,63.57,16.4,63.58,823.6,63.59,859.3
1700000637.0,1274,63.53,0.03999999999999915,63.51,676.9,63.55,33.2,3670.1000000000004,3363.5,63.53,0.0,BUY,0,63.51,676.9,63.5,103.2,63.49,952.7,63.48,815.0,63.47,1122.3,63.55,33.2,63.56,584.3,63.57,34.6,63.58,545.8,63.59,2165.6
1700000637.5,1275,63.53,0.03999999999999915,63.51,923.5,63.55,428.8,7791.1,2417.6,63.55,33.7,BUY,2,63.51,923.5,63.5,319.5,63.49,2227.3,63.48,4081.3,63.47,239.5,63.55,428.8,63.56,339.6,63.57,693.1,63.58,593.9,63.59,362.2
1700000638.0,1276,63.540000000000006,0.03999999999999915,63.52,841.9,63.56,152.5,2092.9,1583.9,63.52,137.7,SELL,2,63.52,841.9,63.51,410.0,63.5,221.8,63.49,10.0,63.48,609.2,63.56,152.5,63.57,96.9,63.58,811.7,63.59,336.2,63.6,186.6
1700000638.5,1277,63.545,0.04999999999999716,63.52,929.1,63.57,136.6,5650.1,5658.700000000001,63.52,58.8,SELL,1,63.52,929.1,63.51,220.6,63.5,109.0,63.49,1493.4,63.48,2898.0,63.57,136.6,63.58,1303.2,63.59,226.7,63.6,2782.1,63.61,1210.1
1700000639.0,1278,63.565,0.05000000000000426,63.54,264.5,63.59,1714.9,3127.5,7303.200000000001,63.59,35.0,BUY,2,63.54,264.5,63.53,560.5,63.52,10.0,63.51,756.8,63.5,1535.7,63.59,1714.9,63.6,911.7,63.61,1172.6,63.62,1284.1,63.63,2219.9
1700000639.5,1279,63.57,0.04000000000000625,63.55,315.8,63.59,203.7,4899.599999999999,2516.5,63.55,59.8,SELL,2,63.55,315.8,63.54,1492.8,63.53,1542.0,63.52,707.3,63.51,841.7,63.59,203.7,63.6,937.0,63.61,333.6,63.62,253.3,63.63,788.9
1700000640.0,1280,63.575,0.05000000000000426,63.55,649.1,63.6,26.3,4562.0,1822.0,63.6,64.5,BUY,1,63.55,649.1,63.54,180.9,63.53,1070.8,63.52,2202.3,63.51,458.9,63.6,26.3,63.61,594.0,63.62,305.7,63.63,46.8,63.64,849.2
1700000640.5,1281,63.575,0.05000000000000426,63.55,408.4,63.6,304.5,4639.6,3882.5,63.575,0.0,BUY,0,63.55,408.4,63.54,371.8,63.53,1146.8,63.52,1301.0,63.51,1411.6,63.6,304.5,63.61,300.9,63.62,316.8,63.63,2030.6,63.64,929.7
1700000641.0,1282,63.575,0.05000000000000426,63.55,348.8,63.6,619.3,2908.9,6186.9,63.6,5.0,BUY,2,63.55,348.8,63.54,711.6,63.53,221.3,63.52,426.1,63.51,1201.1,63.6,619.3,63.61,451.5,63.62,590.4,63.63,3709.7,63.64,816.0
1700000641.5,1283,63.595,0.04999999999999716,63.57,153.3,63.62,107.3,2705.4,1188.7,63.595,0.0,BUY,0,63.57,153.3,63.56,429.2,63.55,1299.5,63.54,813.4,63.53,10.0,63.62,107.3,63.63,376.0,63.64,446.0,63.65,152.4,63.66,107.0
1700000642.0,1284,63.575,0.05000000000000426,63.55,25.0,63.6,387.3,5266.0,2944.7000000000003,63.6,21.5,BUY,1,63.55,25.0,63.54,1465.5,63.53,2946.3,63.52,684.0,63.51,145.2,63.6,387.3,63.61,1832.4,63.62,153.3,63.63,300.6,63.64,271.1
1700000642.5,1285,63.58,0.060000000000002274,63.55,24.4,63.61,290.0,2202.0,2946.1000000000004,63.61,25.3,BUY,3,63.55,24.4,63.54,422.3,63.53,849.0,63.52,777.3,63.51,129.0,63.61,290.0,63.62,208.0,63.63,273.7,63.64,1737.4,63.65,437.0
1700000643.0,1286,63.575,0.05000000000000426,63.55,745.8,63.6,136.3,4510.299999999999,1656.1,63.55,15.2,SELL,1,63.55,745.8,63.54,606.3,63.53,2976.8,63.52,70.7,63.51,110.7,63.6,136.3,63.61,553.3,63.62,558.2,63.63,109.4,63.64,298.9
1700000643.5,1287,63.59,0.03999999999999915,63.57,158.9,63.61,477.3,2815.6000000000004,1974.0,63.57,11.9,SELL,4,63.57,158.9,63.56,360.6,63.55,201.6,63.54,665.1,63.53,1429.4,63.61,477.3,63.62,238.3,63.63,394.9,63.64,599.8,63.65,263.7
1700000644.0,1288,63.595,0.04999999999999716,63.57,73.2,63.62,401.0,2831.0,4210.0,63.62,12.9,BUY,2,63.57,73.2,63.56,255.5,63.55,1355.2,63.54,225.7,63.53,921.4,63.62,401.0,63.63,47.2,63.64,463.2,63.65,1538.0,63.66,1760.6
1700000644.5,1289,63.595,0.04999999999999716,63.57,533.5,63.62,271.0,2999.6000000000004,4428.4,63.595,0.0,BUY,0,63.57,533.5,63.56,384.7,63.55,459.7,63.54,343.4,63.53,1278.3,63.62,271.0,63.63,1857.5,63.64,185.1,63.65,1647.5,63.66,467.3
1700000645.0,1290,63.595,0.04999999999999716,63.57,118.1,63.62,722.9,1191.8,3122.9,63.62,27.4,BUY,3,63.57,118.1,63.56,501.9,63.55,229.5,63.54,49.4,63.53,292.9,63.62,722.9,63.63,162.1,63.64,245.9,63.65,1171.9,63.66,820.1
1700000645.5,1291,63.599999999999994,0.03999999999999915,63.58,139.8,63.62,166.5,2312.2,6112.9,63.58,37.2,SELL,3,63.58,139.8,63.57,795.9,63.56,399.2,63.55,735.3,63.54,242.0,63.62,166.5,63.63,1144.4,63.64,1658.8,63.65,1978.7,63.66,1164.5
1700000646.0,1292,63.599999999999994,0.03999999999999915,63.58,577.9,63.62,1322.4,2848.7,3193.6,63.58,73.2,SELL,1,63.58,577.9,63.57,931.3,63.56,195.1,63.55,839.5,63.54,304.9,63.62,1322.4,63.63,1099.5,63.64,112.5,63.65,222.0,63.66,437.2
1700000646.5,1293,63.6,0.060000000000002274,63.57,424.0,63.63,32.8,1395.2,4993.0,63.63,16.7,BUY,3,63.57,424.0,63.56,66.6,63.55,398.8,63.54,271.2,63.53,234.6,63.63,32.8,63.64,977.6,63.65,3130.6,63.66,714.8,63.67,137.2
1700000647.0,1294,63.6,0.060000000000002274,63.57,24.4,63.63,269.6,4446.6,834.2,63.63,10.6,BUY,1,63.57,24.4,63.56,1545.4,63.55,358.5,63.54,143.8,63.53,2374.5,63.63,269.6,63.64,121.5,63.65,278.8,63.66,154.3,63.67,10.0
1700000647.5,1295,63.6,0.060000000000002274,63.57,1272.0,63.63,526.6,2395.0,7864.6,63.6,0.0,BUY,0,63.57,1272.0,63.56,101.2,63.55,164.8,63.54,472.6,63.53,384.4,63.63,526.6,63.64,828.5,63.65,4541.3,63.66,834.1,63.67,1134.1
1700000648.0,1296,63.61,0.060000000000002274,63.58,94.7,63.64,616.5,2010.2,5291.1,63.64,19.5,BUY,2,63.58,94.7,63.57,659.2,63.56,301.8,63.55,410.5,63.54,544.0,63.64,616.5,63.65,363.2,63.66,2274.2,63.67,1967.1,63.68,70.1
1700000648.5,1297,63.61,0.03999999999999915,63.59,481.6,63.63,153.4,2923.0,2904.2000000000003,63.61,0.0,BUY,0,63.59,481.6,63.58,573.7,63.57,1017.1,63.56,76.1,63.55,774.5,63.63,153.4,63.64,878.1,63.65,29.4,63.66,727.4,63.67,1115.9
1700000649.0,1298,63.599999999999994,0.03999999999999915,63.58,794.4,63.62,361.5,3784.0,4898.0,63.58,19.7,SELL,3,63.58,794.4,63.57,70.8,63.56,400.3,63.55,1168.9,63.54,1349.6,63.62,361.5,63.63,1420.2,63.64,211.5,63.65,1863.0,63.66,1041.8
1700000649.5,1299,63.599999999999994,0.03999999999999915,63.58,494.8,63.62,158.6,4464.9,4560.0,63.58,91.0,SELL,2,63.58,494.8,63.57,230.0,63.56,486.4,63.55,2339.7,63.54,914.0,63.62,158.6,63.63,37.9,63.64,2402.5,63.65,201.4,63.66,1759.6
1700000650.0,1300,63.599999999999994,0.03999999999999915,63.58,802.5,63.62,1026.6,3636.1000000000004,5713.6,63.58,31.1,SELL,1,63.58,802.5,63.57,116.4,63.56,763.1,63.55,458.3,63.54,1495.8,63.62,1026.6,63.63,1899.5,63.64,1388.7,63.65,671.2,63.66,727.6
1700000650.5,1301,63.599999999999994,0.03999999999999915,63.58,204.6,63.62,1075.2,1867.6,6836.5,63.58,14.0,SELL,1,63.58,204.6,63.57,623.8,63.56,84.8,63.55,168.9,63.54,785.5,63.62,1075.2,63.63,143.1,63.64,570.9,63.65,625.5,63.66,4421.8
1700000651.0,1302,63.599999999999994,0.03999999999999915,63.58,10.0,63.62,444.0,1259.6,2657.9,63.62,6.9,BUY,3,63.58,10.0,63.57,368.9,63.56,197.4,63.55,162.0,63.54,521.3,63.62,444.0,63.63,199.8,63.64,858.3,63.65,831.4,63.66,324.4
1700000651.5,1303,63.599999999999994,0.03999999999999915,63.58,250.4,63.62,178.0,7672.900000000001,7850.5,63.58,83.6,SELL,1,63.58,250.4,63.57,810.8,63.56,750.0,63.55,1739.9,63.54,4121.8,63.62,178.0,63.63,1058.5,63.64,274.2,63.65,598.3,63.66,5741.5
1700000652.0,1304,66.42,0.060000000000002274,66.39,196.3,66.45,1518.7,4233.2,4625.0,66.42,0.0,BUY,0,66.39,196.3,66.38,54.5,66.37,1527.0,66.36,1735.5,66.35,719.9,66.45,1518.7,66.46,364.3,66.47,1634.5,66.48,637.2,66.49,470.3
1700000652.5,1305,66.435,0.04999999999999716,66.41,2388.7,66.46,62.0,5751.699999999999,6143.400000000001,66.46,191.2,BUY,4,66.41,2388.7,66.4,35.4,66.39,1426.1,66.38,1658.6,66.37,242.9,66.46,62.0,66.47,1205.0,66.48,506.7,66.49,3794.6,66.5,575.1
1700000653.0,1306,66.435,0.04999999999999716,66.41,134.2,66.46,109.8,4188.6,5077.700000000001,66.46,287.2,BUY,1,66.41,134.2,66.4,132.5,66.39,632.7,66.38,205.7,66.37,3083.5,66.46,109.8,66.47,610.2,66.48,451.0,66.49,736.9,66.5,3169.8
1700000653.5,1307,66.44,0.060000000000002274,66.41,316.1,66.47,302.1,1982.0,2055.3,66.44,0.0,BUY,0,66.41,316.1,66.4,463.8,66.39,205.6,66.38,500.4,66.37,496.1,66.47,302.1,66.48,875.3,66.49,749.2,66.5,94.3,66.51,34.4
1700000654.0,1308,66.44,0.060000000000002274,66.41,153.7,66.47,1237.6,1853.2,6380.6,66.47,8.5,BUY,2,66.41,153.7,66.4,24.8,66.39,217.8,66.38,452.8,66.37,1004.1,66.47,1237.6,66.48,481.4,66.49,3037.8,66.5,1324.2,66.51,299.6
1700000654.5,1309,66.45,0.060000000000002274,66.42,583.3,66.48,161.5,6467.6,3044.2000000000003,66.48,11.5,BUY,2,66.42,583.3,66.41,308.5,66.4,1689.2,66.39,1546.1,66.38,2340.5,66.48,161.5,66.49,241.2,66.5,490.7,66.51,1240.9,66.52,909.9
1700000655.0,1310,66.45500000000001,0.04999999999999716,66.43,151.4,66.48,54.0,4121.4,2637.5,66.43,7.9,SELL,1,66.43,151.4,66.42,99.6,66.41,214.5,66.4,3236.6,66.39,419.3,66.48,54.0,66.49,448.4,66.5,242.3,66.51,1829.8,66.52,63.0
1700000655.5,1311,66.45500000000001,0.04999999999999716,66.43,87.5,66.48,1871.3,2641.3,3170.1,66.48,74.9,BUY,1,66.43,87.5,66.42,994.0,66.41,363.7,66.4,1059.2,66.39,136.9,66.48,1871.3,66.49,329.2,66.5,355.1,66.51,286.6,66.52,327.9
1700000656.0,1312,66.45500000000001,0.04999999999999716,66.43,10.0,66.48,1658.4,2330.3,5183.0,66.43,142.9,SELL,3,66.43,10.0,66.42,719.2,66.41,164.8,66.4,862.8,66.39,573.5,66.48,1658.4,66.49,44.0,66.5,753.9,66.51,572.7,66.52,2154.0
1700000656.5,1313,66.46000000000001,0.05999999999998806,66.43,326.0,66.49,908.2,3643.8999999999996,2218.7999999999997,66.49,22.5,BUY,4,66.43,326.0,66.42,1208.1,66.41,10.0,66.4,1302.5,66.39,797.3,66.49,908.2,66.5,452.4,66.51,239.8,66.52,457.9,66.53,160.5
1700000657.0,1314,66.46000000000001,0.05999999999998806,66.43,885.8,66.49,288.6,3923.6,5553.8,66.46000000000001,0.0,BUY,0,66.43,885.8,66.42,245.9,66.41,595.8,66.4,1558.2,66.39,637.9,66.49,288.6,66.5,566.7,66.51,363.8,66.52,282.2,66.53,4052.5
1700000657.5,1315,66.45500000000001,0.04999999999999716,66.43,765.0,66.48,422.3,4575.3,2024.3000000000002,66.45500000000001,0.0,BUY,0,66.43,765.0,66.42,816.4,66.41,1215.1,66.4,848.9,66.39,929.9,66.48,422.3,66.49,360.1,66.5,861.4,66.51,141.7,66.52,238.8
1700000658.0,1316,66.46000000000001,0.05999999999998806,66.43,58.6,66.49,13.5,2289.5,2271.8,66.49,66.1,BUY,4,66.43,58.6,66.42,1350.9,66.41,255.7,66.4,467.7,66.39,156.6,66.49,13.5,66.5,332.0,66.51,30.7,66.52,1150.5,66.53,745.1
1700000658.5,1317,66.45500000000001,0.04999999999999716,66.43,104.9,66.48,221.2,3758.4999999999995,1934.5,66.48,9.5,BUY,1,66.43,104.9,66.42,833.6,66.41,98.8,66.4,2419.6,66.39,301.6,66.48,221.2,66.49,21.9,66.5,246.7,66.51,155.9,66.52,1288.8
1700000659.0,1318,66.45,0.03999999999999204,66.43,14.5,66.47,575.2,2931.2000000000003,3451.1000000000004,66.47,63.8,BUY,2,66.43,14.5,66.42,155.8,66.41,283.8,66.4,1746.2,66.39,730.9,66.47,575.2,66.48,1292.1,66.49,864.0,66.5,238.0,66.51,481.8
1700000659.5,1319,66.44,0.060000000000002274,66.41,1744.9,66.47,168.7,9067.9,3927.2999999999997,66.47,64.2,BUY,3,66.41,1744.9,66.4,1101.1,66.39,1885.3,66.38,1277.5,66.37,3059.1,66.47,168.7,66.48,728.0,66.49,2365.0,66.5,102.6,66.51,563.0
1700000660.0,1320,66.44,0.060000000000002274,66.41,694.8,66.47,467.4,4267.3,2379.3,66.41,93.6,SELL,2,66.41,694.8,66.4,1433.0,66.39,626.1,66.38,39.9,66.37,1473.5,66.47,467.4,66.48,431.3,66.49,29.7,66.5,217.8,66.51,1233.1
1700000660.5,1321,66.44,0.060000000000002274,66.41,624.3,66.47,418.6,3694.6,4058.2,66.41,9.8,SELL,2,66.41,624.3,66.4,1390.1,66.39,389.1,66.38,1013.6,66.37,277.5,66.47,418.6,66.48,603.0,66.49,500.7,66.5,93.1,66.51,2442.8
1700000661.0,1322,66.44,0.03999999999999204,66.42,992.8,66.46,857.7,4150.5,3301.2,66.42,55.7,SELL,3,66.42,992.8,66.41,29.5,66.4,110.3,66.39,1494.1,66.38,1523.8,66.46,857.7,66.47,79.8,66.48,812.6,66.49,1149.9,66.5,401.2
1700000661.5,1323,66.45,0.060000000000002274,66.42,298.6,66.48,145.9,4137.8,4491.8,66.45,0.0,BUY,0,66.42,298.6,66.41,596.8,66.4,75.9,66.39,594.1,66.38,2572.4,66.48,145.9,66.49,182.9,66.5,1376.7,66.51,2375.3,66.52,411.0
1700000662.0,1324,66.45,0.060000000000002274,66.42,1081.9,66.48,10.0,6284.1,3438.6000000000004,66.48,5.0,BUY,2,66.42,1081.9,66.41,2666.6,66.4,190.5,66.39,1947.0,66.38,398.1,66.48,10.0,66.49,801.0,66.5,285.7,66.51,1639.2,66.52,702.7
1700000662.5,1325,66.45,0.060000000000002274,66.42,138.8,66.48,1005.6,3365.7,5152.7,66.45,0.0,BUY,0,66.42,138.8,66.41,135.7,66.4,83.2,66.39,2367.0,66.38,641.0,66.48,1005.6,66.49,2127.0,66.5,132.3,66.51,1782.3,66.52,105.5
1700000663.0,1326,66.45,0.060000000000002274,66.42,243.6,66.48,588.2,5404.6,4826.6,66.42,68.3,SELL,2,66.42,243.6,66.41,3252.2,66.4,273.5,66.39,638.2,66.38,997.1,66.48,588.2,66.49,1471.3,66.5,192.7,66.51,397.9,66.52,2176.5
1700000663.5,1327,66.44,0.060000000000002274,66.41,159.7,66.47,298.4,4888.9,1943.1000000000001,66.41,27.0,SELL,2,66.41,159.7,66.4,364.2,66.39,308.1,66.38,992.1,66.37,3064.8,66.47,298.4,66.48,342.2,66.49,281.7,66.5,986.6,66.51,34.2
1700000664.0,1328,66.44,0.060000000000002274,66.41,470.6,66.47,60.7,4015.4,7409.0,66.47,20.7,BUY,1,66.41,470.6,66.4,2682.1,66.39,538.0,66.38,228.8,66.37,95.9,66.47,60.7,66.48,417.9,66.49,5153.4,66.5,77.1,66.51,1699.9
1700000664.5,1329,66.44,0.060000000000002274,66.41,776.0,66.47,1612.4,4814.0,6526.6,66.44,0.0,BUY,0,66.41,776.0,66.4,651.5,66.39,1599.7,66.38,1245.4,66.37,541.4,66.47,1612.4,66.48,816.0,66.49,1250.9,66.5,575.3,66.51,2272.0
1700000665.0,1330,66.44,0.060000000000002274,66.41,1097.7,66.47,410.4,3165.0,2177.6000000000004,66.47,89.7,BUY,1,66.41,1097.7,66.4,135.1,66.39,193.7,66.38,815.3,66.37,923.2,66.47,410.4,66.48,258.0,66.49,286.6,66.5,299.4,66.51,923.2
1700000665.5,1331,66.44,0.03999999999999204,66.42,599.2,66.46,60.9,3223.6000000000004,2708.5,66.46,14.6,BUY,2,66.42,599.2,66.41,759.3,66.4,853.5,66.39,911.3,66.38,100.3,66.46,60.9,66.47,358.0,66.48,524.1,66.49,1154.9,66.5,610.6
1700000666.0,1332,66.44,0.060000000000002274,66.41,273.7,66.47,87.8,4689.7,1896.0,66.47,11.2,BUY,1,66.41,273.7,66.4,1510.3,66.39,199.8,66.38,2646.1,66.37,59.8,66.47,87.8,66.48,278.5,66.49,100.2,66.5,160.5,66.51,1269.0
1700000666.5,1333,66.43,0.04000000000000625,66.41,64.6,66.45,1594.7,2017.6000000000001,8341.8,66.41,42.5,SELL,3,66.41,64.6,66.4,579.1,66.39,10.0,66.38,468.1,66.37,895.8,66.45,1594.7,66.46,2023.4,66.47,173.2,66.48,2510.6,66.49,2039.9
1700000667.0,1334,66.435,0.04999999999999716,66.41,65.8,66.46,404.1,7264.9,3246.4,66.41,18.7,SELL,2,66.41,65.8,66.4,436.9,66.39,1936.5,66.38,2694.8,66.37,2130.9,66.46,404.1,66.47,395.9,66.48,1189.5,66.49,146.0,66.5,1110.9
1700000667.5,1335,66.435,0.04999999999999716,66.41,190.2,66.46,421.1,1765.8000000000002,3347.8,66.41,5.9,SELL,2,66.41,190.2,66.4,345.5,66.39,293.1,66.38,457.0,66.37,480.0,66.46,421.1,66.47,526.6,66.48,871.5,66.49,1487.7,66.5,40.9
1700000668.0,1336,66.435,0.04999999999999716,66.41,235.9,66.46,1513.3,3696.7,7212.400000000001,66.41,5.8,SELL,1,66.41,235.9,66.4,427.6,66.39,2188.7,66.38,312.9,66.37,531.6,66.46,1513.3,66.47,621.7,66.48,4751.1,66.49,187.2,66.5,139.1
1700000668.5,1337,66.435,0.04999999999999716,66.41,144.6,66.46,1224.9,2516.3999999999996,3134.3,66.41,16.3,SELL,1,66.41,144.6,66.4,377.2,66.39,428.2,66.38,249.3,66.37,1317.1,66.46,1224.9,66.47,28.8,66.48,827.1,66.49,868.6,66.5,184.9
1700000669.0,1338,66.435,0.04999999999999716,66.41,133.1,66.46,374.1,724.7,2481.7000000000003,66.46,60.7,BUY,2,66.41,133.1,66.4,199.0,66.39,174.1,66.38,208.5,66.37,10.0,66.46,374.1,66.47,749.2,66.48,586.8,66.49,222.0,66.5,549.6
1700000669.5,1339,66.44,0.060000000000002274,66.41,1251.4,66.47,400.0,7530.800000000001,2547.4,66.47,26.1,BUY,1,66.41,1251.4,66.4,2406.6,66.39,460.6,66.38,951.8,66.37,2460.4,66.47,400.0,66.48,203.6,66.49,682.6,66.5,602.0,66.51,659.2
1700000670.0,1340,66.44,0.060000000000002274,66.41,132.9,66.47,231.3,4365.7,1854.5,66.41,5.0,SELL,4,66.41,132.9,66.4,1080.6,66.39,132.1,66.38,2253.7,66.37,766.4,66.47,231.3,66.48,87.1,66.49,543.0,66.5,919.4,66.51,73.7
1700000670.5,1341,66.45,0.060000000000002274,66.42,363.4,66.48,28.5,3229.2000000000003,3092.4,66.42,21.5,SELL,5,66.42,363.4,66.41,154.4,66.4,790.3,66.39,782.7,66.38,1138.4,66.48,28.5,66.49,243.4,66.5,317.6,66.51,125.4,66.52,2377.5
1700000671.0,1342,66.45,0.060000000000002274,66.42,204.4,66.48,60.9,2465.3999999999996,2494.0,66.42,6.5,SELL,2,66.42,204.4,66.41,487.0,66.4,302.6,66.39,124.6,66.38,1346.8,66.48,60.9,66.49,104.7,66.5,1435.7,66.51,728.3,66.52,164.4
1700000671.5,1343,66.45,0.060000000000002274,66.42,251.3,66.48,378.8,5749.6,3590.7000000000003,66.45,0.0,BUY,0,66.42,251.3,66.41,400.5,66.4,438.7,66.39,200.3,66.38,4458.8,66.48,378.8,66.49,15.8,66.5,193.6,66.51,477.7,66.52,2524.8
1700000672.0,1344,66.45,0.060000000000002274,66.42,36.3,66.48,333.8,4838.5,2871.0000000000005,66.42,16.9,SELL,2,66.42,36.3,66.41,1361.5,66.4,71.2,66.39,89.7,66.38,3279.8,66.48,333.8,66.49,501.3,66.5,871.7,66.51,694.9,66.52,469.3
1700000672.5,1345,66.45,0.03999999999999204,66.43,732.3,66.47,1136.4,1661.7,6131.5,66.43,19.8,SELL,3,66.43,732.3,66.42,104.9,66.41,409.6,66.4,302.0,66.39,112.9,66.47,1136.4,66.48,3483.4,66.49,263.5,66.5,1118.3,66.51,129.9
1700000673.0,1346,66.45,0.03999999999999204,66.43,1555.9,66.47,360.0,4682.7,6445.4,66.43,11.8,SELL,1,66.43,1555.9,66.42,829.7,66.41,1219.6,66.4,819.6,66.39,257.9,66.47,360.0,66.48,1825.8,66.49,287.0,66.5,1657.5,66.51,2315.1
1700000673.5,1347,66.45,0.060000000000002274,66.42,229.5,66.48,10.0,6507.6,4247.799999999999,66.48,35.3,BUY,2,66.42,229.5,66.41,834.5,66.4,101.1,66.39,4066.9,66.38,1275.6,66.48,10.0,66.49,477.2,66.5,1683.5,66.51,1722.7,66.52,354.4
1700000674.0,1348,66.45,0.060000000000002274,66.42,309.1,66.48,974.5,2778.2,5593.5,66.42,70.8,SELL,3,66.42,309.1,66.41,77.3,66.4,648.8,66.39,15.5,66.38,1727.5,66.48,974.5,66.49,1689.9,66.5,556.1,66.51,2224.3,66.52,148.7
1700000674.5,1349,66.45,0.060000000000002274,66.42,172.1,66.48,177.8,1006.7,2039.9,66.48,58.9,BUY,1,66.42,172.1,66.41,25.2,66.4,43.9,66.39,70.9,66.38,694.6,66.48,177.8,66.49,895.5,66.5,10.0,66.51,386.1,66.52,570.5
1700000675.0,1350,66.45,0.060000000000002274,66.42,629.2,66.48,335.8,4843.9,3647.2,66.48,67.6,BUY,2,66.42,629.2,66.41,11.3,66.4,72.1,66.39,865.3,66.38,3266.0,66.48,335.8,66.49,134.5,66.5,268.7,66.51,305.3,66.52,2602.9
1700000675.5,1351,66.45,0.060000000000002274,66.42,452.3,66.48,271.8,2104.9,5610.3,66.42,59.4,SELL,1,66.42,452.3,66.41,274.7,66.4,271.2,66.39,995.3,66.38,111.4,66.48,271.8,66.49,1711.0,66.5,1011.3,66.51,1297.9,66.52,1318.3
1700000676.0,1352,66.45,0.060000000000002274,66.42,93.8,66.48,767.8,2258.1,3757.8,66.45,0.0,BUY,0,66.42,93.8,66.41,1356.8,66.4,70.0,66.39,684.9,66.38,52.6,66.48,767.8,66.49,321.3,66.5,324.1,66.51,1471.4,66.52,873.2
1700000676.5,1353,66.45,0.060000000000002274,66.42,246.1,66.48,190.8,1507.1999999999998,2163.8,66.42,5.0,SELL,2,66.42,246.1,66.41,312.3,66.4,221.9,66.39,219.3,66.38,507.6,66.48,190.8,66.49,181.0,66.5,796.7,66.51,78.7,66.52,916.6
1700000677.0,1354,66.45,0.060000000000002274,66.42,1364.8,66.48,174.6,5036.299999999999,907.3,66.45,0.0,BUY,0,66.42,1364.8,66.41,144.4,66.4,1299.5,66.39,801.6,66.38,1426.0,66.48,174.6,66.49,34.3,66.5,113.9,66.51,78.7,66.52,505.8
1700000677.5,1355,66.45,0.060000000000002274,66.42,218.6,66.48,448.3,2730.3,5797.6,66.48,24.5,BUY,2,66.42,218.6,66.41,622.8,66.4,444.2,66.39,78.8,66.38,1365.9,66.48,448.3,66.49,55.7,66.5,616.4,66.51,3031.3,66.52,1645.9
1700000678.0,1356,66.45500000000001,0.04999999999999716,66.43,526.5,66.48,504.0,3380.3,4530.5,66.43,81.6,SELL,2,66.43,526.5,66.42,695.6,66.41,277.7,66.4,22.5,66.39,1858.0,66.48,504.0,66.49,2200.1,66.5,107.3,66.51,205.6,66.52,1513.5
1700000678.5,1357,66.45500000000001,0.04999999999999716,66.43,916.0,66.48,262.9,2743.0,2566.7,66.45500000000001,0.0,BUY,0,66.43,916.0,66.42,40.3,66.41,265.9,66.4,573.6,66.39,947.2,66.48,262.9,66.49,268.1,66.5,1213.8,66.51,604.4,66.52,217.5
1700000679.0,1358,66.45500000000001,0.04999999999999716,66.43,1005.6,66.48,285.6,3835.3,3434.4,66.45500000000001,0.0,BUY,0,66.43,1005.6,66.42,245.7,66.41,635.6,66.4,531.2,66.39,1417.2,66.48,285.6,66.49,415.2,66.5,1341.8,66.51,1213.0,66.52,178.8
1700000679.5,1359,66.45,0.060000000000002274,66.42,177.8,66.48,582.5,3876.2,3116.2000000000003,66.45,0.0,BUY,0,66.42,177.8,66.41,502.8,66.4,339.8,66.39,596.1,66.38,2259.7,66.48,582.5,66.49,121.5,66.5,127.7,66.51,921.6,66.52,1362.9
1700000680.0,1360,66.46000000000001,0.04000000000000625,66.44,1631.4,66.48,117.9,5262.799999999999,3572.5,66.44,7.7,SELL,1,66.44,1631.4,66.43,389.8,66.42,614.8,66.41,503.2,66.4,2123.6,66.48,117.9,66.49,389.8,66.5,401.1,66.51,2195.7,66.52,468.0
1700000680.5,1361,66.45500000000001,0.04999999999999716,66.43,649.4,66.48,94.2,12418.1,1502.2,66.43,28.0,SELL,1,66.43,649.4,66.42,1000.5,66.41,185.2,66.4,6660.5,66.39,3922.5,66.48,94.2,66.49,697.6,66.5,511.9,66.51,100.7,66.52,97.8
1700000681.0,1362,66.46000000000001,0.05999999999998806,66.43,280.3,66.49,824.5,2195.2000000000003,5105.3,66.43,102.2,SELL,2,66.43,280.3,66.42,33.1,66.41,757.3,66.4,274.6,66.39,849.9,66.49,824.5,66.5,649.8,66.51,1631.3,66.52,171.5,66.53,1828.2
1700000681.5,1363,66.45500000000001,0.04999999999999716,66.43,64.8,66.48,295.2,3102.5,3137.3,66.48,8.8,BUY,1,66.43,64.8,66.42,702.0,66.41,1475.1,66.4,326.3,66.39,534.3,66.48,295.2,66.49,1181.8,66.5,95.7,66.51,375.5,66.52,1189.1
1700000682.0,1364,66.45500000000001,0.04999999999999716,66.43,425.6,66.48,243.2,5902.5,3025.8,66.43,28.0,SELL,1,66.43,425.6,66.42,125.3,66.41,4233.3,66.4,789.8,66.39,328.5,66.48,243.2,66.49,712.8,66.5,161.9,66.51,1833.7,66.52,74.2
1700000682.5,1365,66.45500000000001,0.04999999999999716,66.43,278.4,66.48,302.9,2947.9999999999995,10118.3,66.43,89.7,SELL,2,66.43,278.4,66.42,1099.3,66.41,592.8,66.4,691.4,66.39,286.1,66.48,302.9,66.49,20.5,66.5,537.9,66.51,845.1,66.52,8411.9
1700000683.0,1366,66.45500000000001,0.04999999999999716,66.43,194.8,66.48,887.3,1383.0,5405.099999999999,66.45500000000001,0.0,BUY,0,66.43,194.8,66.42,10.0,66.41,94.1,66.4,536.6,66.39,547.5,66.48,887.3,66.49,445.9,66.5,1559.1,66.51,41.6,66.52,2471.2
1700000683.5,1367,66.46000000000001,0.04000000000000625,66.44,850.9,66.48,773.9,2406.3,7285.9,66.48,8.2,BUY,3,66.44,850.9,66.43,609.3,66.42,683.9,66.41,42.9,66.4,219.3,66.48,773.9,66.49,1848.2,66.5,2310.7,66.51,1347.8,66.52,1005.3
1700000684.0,1368,66.45500000000001,0.04999999999999716,66.43,760.1,66.48,909.9,4496.2,3974.8,66.48,14.7,BUY,1,66.43,760.1,66.42,1047.0,66.41,1050.7,66.4,1121.7,66.39,516.7,66.48,909.9,66.49,428.5,66.5,486.2,66.51,468.7,66.52,1681.5
1700000684.5,1369,66.47,0.060000000000002274,66.44,796.3,66.5,244.7,6720.4,3071.5,66.44,30.7,SELL,2,66.44,796.3,66.43,643.2,66.42,268.8,66.41,456.3,66.4,4555.8,66.5,244.7,66.51,38.7,66.52,172.1,66.53,696.0,66.54,1920.0
1700000685.0,1370,66.47,0.060000000000002274,66.44,343.2,66.5,73.7,3023.6000000000004,2985.3,66.5,52.9,BUY,2,66.44,343.2,66.43,505.5,66.42,475.8,66.41,952.3,66.4,746.8,66.5,73.7,66.51,132.2,66.52,1093.1,66.53,362.5,66.54,1323.8
1700000685.5,1371,66.47,0.060000000000002274,66.44,607.7,66.5,132.2,3735.7,6123.8,66.5,60.6,BUY,4,66.44,607.7,66.43,437.8,66.42,1201.2,66.41,1394.4,66.4,94.6,66.5,132.2,66.51,1428.1,66.52,372.4,66.53,252.8,66.54,3938.3
1700000686.0,1372,66.47,0.060000000000002274,66.44,15.2,66.5,770.1,5688.799999999999,4754.8,66.44,24.3,SELL,2,66.44,15.2,66.43,2053.1,66.42,100.6,66.41,1216.5,66.4,2303.4,66.5,770.1,66.51,357.9,66.52,1590.8,66.53,1225.7,66.54,810.3
1700000686.5,1373,66.47,0.060000000000002274,66.44,1274.8,66.5,1253.7,5124.9,3610.6000000000004,66.44,46.8,SELL,1,66.44,1274.8,66.43,168.2,66.42,233.0,66.41,778.3,66.4,2670.6,66.5,1253.7,66.51,536.0,66.52,587.7,66.53,1185.4,66.54,47.8
1700000687.0,1374,66.48,0.060000000000002274,66.45,138.2,66.51,61.7,5994.700000000001,4817.099999999999,66.45,40.0,SELL,2,66.45,138.2,66.44,314.7,66.43,2234.9,66.42,820.0,66.41,2486.9,66.51,61.7,66.52,2214.0,66.53,986.9,66.54,546.3,66.55,1008.2
1700000687.5,1375,66.48,0.060000000000002274,66.45,28.3,66.51,759.8,4585.0,5223.4,66.45,74.2,SELL,1,66.45,28.3,66.44,949.7,66.43,2335.9,66.42,1195.4,66.41,75.7,66.51,759.8,66.52,600.8,66.53,298.7,66.54,129.9,66.55,3434.2
1700000688.0,1376,66.48,0.060000000000002274,66.45,3824.3,66.51,927.3,6896.400000000001,3510.9,66.48,0.0,BUY,0,66.45,3824.3,66.44,765.2,66.43,367.1,66.42,191.3,66.41,1748.5,66.51,927.3,66.52,543.1,66.53,437.0,66.54,45.4,66.55,1558.1
1700000688.5,1377,66.47999999999999,0.04000000000000625,66.46,899.4,66.5,410.4,4644.6,3207.6,66.47999999999999,0.0,BUY,0,66.46,899.4,66.45,1083.6,66.44,1048.5,66.43,426.6,66.42,1186.5,66.5,410.4,66.51,546.1,66.52,771.9,66.53,1450.3,66.54,28.9
1700000689.0,1378,66.48,0.060000000000002274,66.45,334.8,66.51,286.3,5823.4,3931.0,66.45,36.9,SELL,2,66.45,334.8,66.44,1831.1,66.43,1414.6,66.42,633.8,66.41,1609.1,66.51,286.3,66.52,762.8,66.53,1423.4,66.54,281.0,66.55,1177.5
1700000689.5,1379,66.48,0.060000000000002274,66.45,189.0,66.51,509.6,3134.6000000000004,6142.700000000001,66.48,0.0,BUY,0,66.45,189.0,66.44,1293.8,66.43,267.0,66.42,232.4,66.41,1152.4,66.51,509.6,66.52,267.9,66.53,826.4,66.54,3276.8,66.55,1262.0
1700000690.0,1380,66.48,0.060000000000002274,66.45,408.7,66.51,77.5,4710.7,3032.4,66.51,69.6,BUY,2,66.45,408.7,66.44,728.6,66.43,15.3,66.42,794.8,66.41,2763.3,66.51,77.5,66.52,400.1,66.53,975.2,66.54,913.2,66.55,666.4
1700000690.5,1381,66.47,0.060000000000002274,66.44,325.2,66.5,510.8,3607.3999999999996,3233.5,66.47,0.0,BUY,0,66.44,325.2,66.43,306.4,66.42,1545.8,66.41,371.3,66.4,1058.7,66.5,510.8,66.51,63.4,66.52,29.4,66.53,2310.3,66.54,319.6
1700000691.0,1382,66.47,0.060000000000002274,66.44,199.5,66.5,626.0,5534.7,6630.2,66.44,25.8,SELL,3,66.44,199.5,66.43,2519.4,66.42,174.8,66.41,738.3,66.4,1902.7,66.5,626.0,66.51,662.1,66.52,449.4,66.53,943.2,66.54,3949.5
1700000691.5,1383,66.47,0.060000000000002274,66.44,1449.1,66.5,181.2,6733.899999999999,1377.6999999999998,66.44,39.9,SELL,3,66.44,1449.1,66.43,1678.3,66.42,2165.4,66.41,1187.9,66.4,253.2,66.5,181.2,66.51,114.5,66.52,154.8,66.53,103.9,66.54,823.3
1700000692.0,1384,66.47,0.060000000000002274,66.44,134.6,66.5,142.9,5963.900000000001,4672.5,66.5,15.8,BUY,4,66.44,134.6,66.43,2411.8,66.42,1007.5,66.41,2277.2,66.4,132.8,66.5,142.9,66.51,10.0,66.52,735.9,66.53,608.8,66.54,3174.9
1700000692.5,1385,66.47,0.060000000000002274,66.44,948.3,66.5,683.9,3795.3,5258.3,66.5,53.6,BUY,2,66.44,948.3,66.43,396.9,66.42,16.9,66.41,575.2,66.4,1858.0,66.5,683.9,66.51,789.3,66.52,310.4,66.53,1972.9,66.54,1501.8
1700000693.0,1386,66.47,0.060000000000002274,66.44,510.5,66.5,130.6,3606.4,2349.8,66.47,0.0,BUY,0,66.44,510.5,66.43,654.1,66.42,717.4,66.41,783.9,66.4,940.5,66.5,130.6,66.51,10.0,66.52,1073.5,66.53,1125.7,66.54,10.0
1700000693.5,1387,66.46000000000001,0.04000000000000625,66.44,1205.4,66.48,139.4,3118.5,2434.2,66.44,22.5,SELL,2,66.44,1205.4,66.43,473.1,66.42,597.8,66.41,204.7,66.4,637.5,66.48,139.4,66.49,37.4,66.5,763.5,66.51,590.1,66.52,903.8
1700000694.0,1388,66.45500000000001,0.04999999999999716,66.43,2296.3,66.48,1069.8,6052.5,3459.5,66.48,5.0,BUY,2,66.43,2296.3,66.42,1880.5,66.41,609.3,66.4,29.9,66.39,1236.5,66.48,1069.8,66.49,1132.2,66.5,265.4,66.51,865.5,66.52,126.6
1700000694.5,1389,66.45500000000001,0.04999999999999716,66.43,294.1,66.48,753.0,4049.0999999999995,3843.6000000000004,66.48,13.1,BUY,1,66.43,294.1,66.42,871.9,66.41,183.3,66.4,2498.1,66.39,201.7,66.48,753.0,66.49,173.7,66.5,1897.3,66.51,311.8,66.52,707.8
1700000695.0,1390,66.46000000000001,0.04000000000000625,66.44,95.1,66.48,426.6,1900.1999999999998,1279.3000000000002,66.46000000000001,0.0,BUY,0,66.44,95.1,66.43,135.2,66.42,301.5,66.41,748.4,66.4,620.0,66.48,426.6,66.49,226.0,66.5,179.3,66.51,435.5,66.52,11.9
1700000695.5,1391,66.45500000000001,0.04999999999999716,66.43,260.5,66.48,544.9,3372.2000000000003,6593.0,66.48,20.6,BUY,3,66.43,260.5,66.42,1211.2,66.41,1132.6,66.4,274.1,66.39,493.8,66.48,544.9,66.49,31.3,66.5,1007.2,66.51,3253.0,66.52,1756.6
1700000696.0,1392,66.45,0.060000000000002274,66.42,562.8,66.48,643.8,7275.5,7439.7,66.48,5.0,BUY,4,66.42,562.8,66.41,3604.0,66.4,1584.5,66.39,344.4,66.38,1179.8,66.48,643.8,66.49,116.1,66.5,1385.3,66.51,572.7,66.52,4721.8
1700000696.5,1393,66.45,0.060000000000002274,66.42,14.0,66.48,402.0,3065.9,2351.0,66.45,0.0,BUY,0,66.42,14.0,66.41,70.7,66.4,2230.1,66.39,393.3,66.38,357.8,66.48,402.0,66.49,334.0,66.5,1065.3,66.51,531.8,66.52,17.9
1700000697.0,1394,66.45,0.060000000000002274,66.42,329.5,66.48,143.5,4191.9,2160.6,66.48,23.9,BUY,2,66.42,329.5,66.41,156.1,66.4,1094.1,66.39,1044.0,66.38,1568.2,66.48,143.5,66.49,309.0,66.5,1051.3,66.51,59.0,66.52,597.8
1700000697.5,1395,66.45,0.060000000000002274,66.42,356.9,66.48,724.3,3008.7,4439.2,66.48,17.7,BUY,1,66.42,356.9,66.41,568.4,66.4,1503.8,66.39,255.6,66.38,324.0,66.48,724.3,66.49,2053.1,66.5,582.4,66.51,635.7,66.52,443.7
1700000698.0,1396,66.45,0.060000000000002274,66.42,73.5,66.48,97.6,2875.6,5134.599999999999,66.48,5.0,BUY,1,66.42,73.5,66.41,346.8,66.4,300.2,66.39,199.3,66.38,1955.8,66.48,97.6,66.49,1644.8,66.5,395.3,66.51,1256.6,66.52,1740.3
1700000698.5,1397,66.45,0.060000000000002274,66.42,373.0,66.48,409.3,2847.6,8827.7,66.42,17.2,SELL,1,66.42,373.0,66.41,100.4,66.4,72.1,66.39,777.0,66.38,1525.1,66.48,409.3,66.49,5631.2,66.5,649.7,66.51,1362.9,66.52,774.6
1700000699.0,1398,66.45,0.060000000000002274,66.42,45.5,66.48,694.9,2720.1,4829.3,66.42,24.6,SELL,2,66.42,45.5,66.41,472.6,66.4,394.1,66.39,986.8,66.38,821.1,66.48,694.9,66.49,1183.9,66.5,79.8,66.51,638.0,66.52,2232.7
1700000699.5,1399,66.45500000000001,0.04999999999999716,66.43,370.6,66.48,206.5,4176.4,3643.9999999999995,66.48,6.7,BUY,4,66.43,370.6,66.42,68.8,66.41,1554.5,66.4,1631.0,66.39,551.5,66.48,206.5,66.49,1973.7,66.5,424.0,66.51,663.6,66.52,376.2
1700000700.0,1400,66.45500000000001,0.04999999999999716,66.43,38.3,66.48,293.2,2760.1,3241.1000000000004,66.48,7.4,BUY,1,66.43,38.3,66.42,112.6,66.41,242.4,66.4,421.1,66.39,1945.7,66.48,293.2,66.49,433.1,66.5,2020.5,66.51,25.9,66.52,468.4
1700000700.5,1401,66.45500000000001,0.04999999999999716,66.43,111.6,66.48,1496.6,938.8,3811.0,66.48,26.9,BUY,4,66.43,111.6,66.42,247.0,66.41,117.8,66.4,117.2,66.39,345.2,66.48,1496.6,66.49,246.4,66.5,39.0,66.51,1777.3,66.52,251.7
1700000701.0,1402,66.46000000000001,0.04000000000000625,66.44,90.9,66.48,1917.9,1779.1000000000001,3207.8,66.48,23.2,BUY,2,66.44,90.9,66.43,120.2,66.42,151.6,66.41,141.0,66.4,1275.4,66.48,1917.9,66.49,366.9,66.5,850.5,66.51,31.6,66.52,40.9
1700000701.5,1403,66.45500000000001,0.04999999999999716,66.43,70.8,66.48,298.0,3353.4,2631.7000000000003,66.43,25.5,SELL,3,66.43,70.8,66.42,32.5,66.41,1058.4,66.4,377.3,66.39,1814.4,66.48,298.0,66.49,636.5,66.5,1384.4,66.51,196.8,66.52,116.0
1700000702.0,1404,66.46000000000001,0.04000000000000625,66.44,186.0,66.48,170.0,10484.900000000001,1173.0,66.48,51.4,BUY,1,66.44,186.0,66.43,1560.2,66.42,621.6,66.41,6195.1,66.4,1922.0,66.48,170.0,66.49,88.9,66.5,361.0,66.51,265.2,66.52,287.9
1700000702.5,1405,66.45500000000001,0.04999999999999716,66.43,313.5,66.48,369.5,6798.3,2579.2000000000003,66.45500000000001,0.0,BUY,0,66.43,313.5,66.42,1060.0,66.41,160.9,66.4,1153.4,66.39,4110.5,66.48,369.5,66.49,220.9,66.5,129.7,66.51,1704.2,66.52,154.9
1700000703.0,1406,66.46000000000001,0.05999999999998806,66.43,24.4,66.49,103.6,2693.6,818.8,66.49,9.3,BUY,2,66.43,24.4,66.42,495.5,66.41,106.5,66.4,356.5,66.39,1710.7,66.49,103.6,66.5,476.5,66.51,152.0,66.52,18.4,66.53,68.3
1700000703.5,1407,66.45,0.03999999999999204,66.43,517.9,66.47,668.6,4164.0,2219.4,66.43,15.6,SELL,2,66.43,517.9,66.42,709.4,66.41,502.0,66.4,128.0,66.39,2306.7,66.47,668.6,66.48,721.6,66.49,188.5,66.5,575.2,66.51,65.5
1700000704.0,1408,66.45,0.060000000000002274,66.42,308.2,66.48,56.6,1246.0,6810.299999999999,66.48,19.1,BUY,2,66.42,308.2,66.41,35.8,66.4,302.6,66.39,437.1,66.38,162.3,66.48,56.6,66.49,716.6,66.5,1470.8,66.51,2634.7,66.52,1931.6
1700000704.5,1409,66.45,0.060000000000002274,66.42,499.0,66.48,67.9,1926.5,7243.700000000001,66.48,5.0,BUY,4,66.42,499.0,66.41,128.5,66.4,335.0,66.39,519.7,66.38,444.3,66.48,67.9,66.49,2770.9,66.5,449.1,66.51,768.4,66.52,3187.4
1700000705.0,1410,66.45,0.060000000000002274,66.42,53.5,66.48,825.9,6708.900000000001,3314.7,66.45,0.0,BUY,0,66.42,53.5,66.41,563.0,66.4,105.4,66.39,1315.9,66.38,4671.1,66.48,825.9,66.49,549.9,66.5,10.0,66.51,1484.8,66.52,444.1
1700000705.5,1411,66.45,0.060000000000002274,66.42,518.7,66.48,227.9,3810.3000000000006,6195.400000000001,66.48,35.3,BUY,3,66.42,518.7,66.41,225.7,66.4,2401.8,66.39,634.7,66.38,29.4,66.48,227.9,66.49,1101.5,66.5,3678.1,66.51,536.8,66.52,651.1
1700000706.0,1412,66.45,0.060000000000002274,66.42,227.1,66.48,135.5,4202.4,2488.7,66.48,31.1,BUY,5,66.42,227.1,66.41,219.8,66.4,807.6,66.39,995.6,66.38,1952.3,66.48,135.5,66.49,1458.1,66.5,10.0,66.51,123.1,66.52,762.0
1700000706.5,1413,66.45,0.060000000000002274,66.42,608.3,66.48,153.2,5274.1,3783.7,66.48,21.6,BUY,3,66.42,608.3,66.41,316.4,66.4,187.8,66.39,2319.0,66.38,1842.6,66.48,153.2,66.49,1562.8,66.5,598.5,66.51,1172.0,66.52,297.2
1700000707.0,1414,66.45,0.060000000000002274,66.42,957.3,66.48,1217.9,5895.1,3341.3,66.42,5.0,SELL,1,66.42,957.3,66.41,2565.8,66.4,371.9,66.39,218.9,66.38,1781.2,66.48,1217.9,66.49,233.7,66.5,1587.7,66.51,125.3,66.52,176.7
1700000707.5,1415,66.45500000000001,0.04999999999999716,66.43,42.5,66.48,49.1,7767.2,2175.7,66.48,133.7,BUY,3,66.43,42.5,66.42,256.1,66.41,5994.0,66.4,954.9,66.39,519.7,66.48,49.1,66.49,85.6,66.5,201.0,66.51,1357.1,66.52,482.9
1700000708.0,1416,66.47,0.060000000000002274,66.44,208.5,66.5,87.3,2924.6000000000004,7195.6,66.5,18.6,BUY,3,66.44,208.5,66.43,456.7,66.42,661.1,66.41,1146.9,66.4,451.4,66.5,87.3,66.51,10.0,66.52,2440.2,66.53,121.4,66.54,4536.7
1700000708.5,1417,66.47999999999999,0.04000000000000625,66.46,1286.5,66.5,1478.6,4078.1,3201.0,66.46,124.4,SELL,1,66.46,1286.5,66.45,345.8,66.44,745.7,66.43,1548.0,66.42,152.1,66.5,1478.6,66.51,388.2,66.52,267.7,66.53,383.1,66.54,683.4
1700000709.0,1418,66.48,0.060000000000002274,66.45,841.3,66.51,622.1,5601.400000000001,3582.0999999999995,66.45,55.1,SELL,1,66.45,841.3,66.44,461.1,66.43,2282.0,66.42,1121.4,66.41,895.6,66.51,622.1,66.52,930.5,66.53,1291.8,66.54,511.2,66.55,226.5
1700000709.5,1419,66.49,0.060000000000002274,66.46,552.6,66.52,1302.6,5409.200000000001,3093.0,66.52,110.3,BUY,1,66.46,552.6,66.45,1446.0,66.44,223.4,66.43,832.9,66.42,2354.3,66.52,1302.6,66.53,1227.2,66.54,90.6,66.55,137.7,66.56,334.9
1700000710.0,1420,66.49,0.060000000000002274,66.46,159.5,66.52,719.5,5908.3,3742.2,66.49,0.0,BUY,0,66.46,159.5,66.45,773.7,66.44,1092.8,66.43,2081.0,66.42,1801.3,66.52,719.5,66.53,194.5,66.54,75.8,66.55,1125.4,66.56,1627.0
1700000710.5,1421,66.48,0.060000000000002274,66.45,342.2,66.51,162.7,2402.1000000000004,3555.0,66.45,5.0,SELL,3,66.45,342.2,66.44,508.7,66.43,237.4,66.42,721.6,66.41,592.2,66.51,162.7,66.52,1317.0,66.53,1140.7,66.54,225.2,66.55,709.4
1700000711.0,1422,66.48,0.060000000000002274,66.45,217.2,66.51,477.5,1048.4,6324.1,66.51,10.0,BUY,1,66.45,217.2,66.44,152.1,66.43,447.2,66.42,221.9,66.41,10.0,66.51,477.5,66.52,1578.5,66.53,2478.7,66.54,51.0,66.55,1738.4
1700000711.5,1423,66.48,0.060000000000002274,66.45,426.9,66.51,430.8,7876.799999999999,6874.1,66.45,63.8,SELL,1,66.45,426.9,66.44,709.2,66.43,4799.2,66.42,1156.1,66.41,785.4,66.51,430.8,66.52,1815.9,66.53,222.4,66.54,84.6,66.55,4320.4
1700000712.0,1424,66.48,0.060000000000002274,66.45,327.0,66.51,282.0,5386.200000000001,3057.3999999999996,66.51,35.4,BUY,3,66.45,327.0,66.44,520.8,66.43,1287.7,66.42,1813.3,66.41,1437.4,66.51,282.0,66.52,1502.2,66.53,341.9,66.54,375.5,66.55,555.8
1700000712.5,1425,66.48,0.060000000000002274,66.45,601.5,66.51,45.1,3443.6,1902.4,66.45,95.4,SELL,1,66.45,601.5,66.44,301.3,66.43,1537.2,66.42,153.6,66.41,850.0,66.51,45.1,66.52,546.1,66.53,263.3,66.54,660.8,66.55,387.1
1700000713.0,1426,66.48,0.060000000000002274,66.45,245.9,66.51,199.5,2194.8,2149.8,66.45,12.2,SELL,1,66.45,245.9,66.44,436.3,66.43,560.8,66.42,477.8,66.41,474.0,66.51,199.5,66.52,471.5,66.53,64.7,66.54,1371.2,66.55,42.9
1700000713.5,1427,66.48,0.060000000000002274,66.45,471.9,66.51,198.5,3643.2,2261.8,66.48,0.0,BUY,0,66.45,471.9,66.44,215.4,66.43,333.8,66.42,83.0,66.41,2539.1,66.51,198.5,66.52,1330.5,66.53,55.1,66.54,416.7,66.55,261.0
1700000714.0,1428,66.48,0.060000000000002274,66.45,862.5,66.51,603.8,4362.599999999999,5002.9,66.51,39.1,BUY,1,66.45,862.5,66.44,568.6,66.43,1387.6,66.42,147.1,66.41,1396.8,66.51,603.8,66.52,1557.4,66.53,1530.2,66.54,27.9,66.55,1283.6
1700000714.5,1429,66.47,0.060000000000002274,66.44,92.9,66.5,402.9,4910.5,1524.8000000000002,66.44,88.7,SELL,2,66.44,92.9,66.43,2570.2,66.42,466.2,66.41,763.7,66.4,1017.5,66.5,402.9,66.51,73.2,66.52,252.4,66.53,50.7,66.54,745.6
1700000715.0,1430,66.48,0.060000000000002274,66.45,3467.7,66.51,517.4,8885.099999999999,3596.9999999999995,66.45,10.8,SELL,3,66.45,3467.7,66.44,320.8,66.43,245.4,66.42,326.8,66.41,4524.4,66.51,517.4,66.52,1233.1,66.53,773.1,66.54,927.3,66.55,146.1
1700000715.5,1431,64.28,0.060000000000002274,64.25,96.0,64.31,101.2,2067.6,1137.3,64.25,6.6,SELL,2,64.25,96.0,64.24,823.8,64.23,10.0,64.22,1083.8,64.21,54.0,64.31,101.2,64.32,429.7,64.33,16.7,64.34,124.4,64.35,465.3
1700000716.0,1432,64.28,0.03999999999999204,64.26,387.8,64.3,445.9,3081.1,11974.4,64.3,59.2,BUY,4,64.26,387.8,64.25,615.9,64.24,22.3,64.23,1806.4,64.22,248.7,64.3,445.9,64.31,515.0,64.32,693.7,64.33,9667.0,64.34,652.8
1700000716.5,1433,64.27,0.060000000000002274,64.24,292.9,64.3,139.5,3036.1000000000004,3893.7,64.3,68.3,BUY,1,64.24,292.9,64.23,988.1,64.22,746.9,64.21,851.2,64.2,157.0,64.3,139.5,64.31,245.2,64.32,34.2,64.33,1130.8,64.34,2344.0
1700000717.0,1434,64.27,0.060000000000002274,64.24,254.6,64.3,803.7,1904.1,6579.9,64.3,5.0,BUY,3,64.24,254.6,64.23,472.9,64.22,557.4,64.21,542.1,64.2,77.1,64.3,803.7,64.31,242.8,64.32,1728.9,64.33,2254.0,64.34,1550.5
1700000717.5,1435,64.26,0.060000000000002274,64.23,1511.8,64.29,12.9,2688.7,1831.2,64.23,5.0,SELL,2,64.23,1511.8,64.22,408.3,64.21,402.7,64.2,194.6,64.19,171.3,64.29,12.9,64.3,220.2,64.31,739.8,64.32,454.6,64.33,403.7
1700000718.0,1436,64.26,0.060000000000002274,64.23,717.0,64.29,33.5,4202.4,6376.1,64.29,40.1,BUY,1,64.23,717.0,64.22,1686.2,64.21,600.7,64.2,1040.4,64.19,158.1,64.29,33.5,64.3,1003.2,64.31,320.6,64.32,486.8,64.33,4532.0
1700000718.5,1437,64.26,0.060000000000002274,64.23,231.0,64.29,1710.5,8234.5,4959.8,64.23,68.2,SELL,2,64.23,231.0,64.22,162.5,64.21,3402.6,64.2,3772.2,64.19,666.2,64.29,1710.5,64.3,1384.1,64.31,52.9,64.32,1203.3,64.33,609.0
1700000719.0,1438,64.26,0.060000000000002274,64.23,790.8,64.29,64.5,1623.2999999999997,3891.3999999999996,64.29,58.8,BUY,1,64.23,790.8,64.22,10.0,64.21,128.3,64.2,200.8,64.19,493.4,64.29,64.5,64.3,944.5,64.31,53.6,64.32,931.6,64.33,1897.2
1700000719.5,1439,64.26,0.060000000000002274,64.23,687.2,64.29,171.0,5312.1,3359.6000000000004,64.23,5.0,SELL,3,64.23,687.2,64.22,102.8,64.21,1903.4,64.2,1756.1,64.19,862.6,64.29,171.0,64.3,866.0,64.31,1169.0,64.32,419.3,64.33,734.3
1700000720.0,1440,64.26,0.060000000000002274,64.23,524.6,64.29,67.5,3272.6000000000004,286.1,64.23,14.0,SELL,4,64.23,524.6,64.22,382.2,64.21,380.6,64.2,1627.4,64.19,357.8,64.29,67.5,64.3,45.0,64.31,10.0,64.32,71.1,64.33,92.5
1700000720.5,1441,64.26,0.060000000000002274,64.23,202.8,64.29,600.8,1509.9,1860.9,64.29,5.0,BUY,2,64.23,202.8,64.22,538.8,64.21,228.6,64.2,279.8,64.19,259.9,64.29,600.8,64.3,82.3,64.31,289.9,64.32,352.8,64.33,535.1
1700000721.0,1442,64.26,0.060000000000002274,64.23,370.6,64.29,1587.4,4649.3,7528.200000000001,64.29,11.9,BUY,2,64.23,370.6,64.22,1055.7,64.21,1101.5,64.2,536.0,64.19,1585.5,64.29,1587.4,64.3,483.5,64.31,139.8,64.32,4228.9,64.33,1088.6
1700000721.5,1443,64.25999999999999,0.04000000000000625,64.24,865.3,64.28,190.5,2352.3999999999996,6010.799999999999,64.24,88.1,SELL,1,64.24,865.3,64.23,10.0,64.22,380.4,64.21,1032.5,64.2,64.2,64.28,190.5,64.29,176.0,64.3,3947.9,64.31,1510.4,64.32,186.0
1700000722.0,1444,64.26,0.060000000000002274,64.23,554.0,64.29,244.6,2634.7999999999997,3018.2,64.23,13.3,SELL,3,64.23,554.0,64.22,190.8,64.21,715.8,64.2,792.8,64.19,381.4,64.29,244.6,64.3,348.6,64.31,1237.7,64.32,1093.8,64.33,93.5
1700000722.5,1445,64.26,0.060000000000002274,64.23,426.5,64.29,1223.7,805.5,3363.8,64.23,33.8,SELL,4,64.23,426.5,64.22,218.0,64.21,57.5,64.2,60.5,64.19,43.0,64.29,1223.7,64.3,841.6,64.31,497.4,64.32,648.3,64.33,152.8
1700000723.0,1446,64.26,0.060000000000002274,64.23,2497.7,64.29,1224.6,4838.5,3625.3999999999996,64.23,57.6,SELL,1,64.23,2497.7,64.22,1340.4,64.21,115.9,64.2,309.3,64.19,575.2,64.29,1224.6,64.3,875.4,64.31,25.1,64.32,866.6,64.33,633.7
1700000723.5,1447,64.25999999999999,0.04000000000000625,64.24,358.4,64.28,17.2,4565.6,4659.3,64.24,25.6,SELL,2,64.24,358.4,64.23,596.3,64.22,899.6,64.21,608.7,64.2,2102.6,64.28,17.2,64.29,1378.0,64.3,741.8,64.31,1544.0,64.32,978.3
1700000724.0,1448,64.25999999999999,0.04000000000000625,64.24,952.0,64.28,686.7,3985.9,4296.2,64.24,9.6,SELL,4,64.24,952.0,64.23,219.4,64.22,2423.4,64.21,329.4,64.2,61.7,64.28,686.7,64.29,1062.3,64.3,562.0,64.31,426.7,64.32,1558.5
1700000724.5,1449,64.26,0.060000000000002274,64.23,509.3,64.29,917.8,2754.6,3511.1000000000004,64.23,73.9,SELL,1,64.23,509.3,64.22,10.0,64.21,183.3,64.2,888.5,64.19,1163.5,64.29,917.8,64.3,1449.0,64.31,300.5,64.32,90.8,64.33,753.0
1700000725.0,1450,64.26,0.060000000000002274,64.23,387.3,64.29,712.2,2508.8,2962.4,64.23,15.8,SELL,1,64.23,387.3,64.22,287.8,64.21,700.6,64.2,814.2,64.19,318.9,64.29,712.2,64.3,1036.3,64.31,94.8,64.32,867.5,64.33,251.6
1700000725.5,1451,64.25999999999999,0.04000000000000625,64.24,671.8,64.28,533.2,4825.2,4407.0,64.24,50.9,SELL,1,64.24,671.8,64.23,83.0,64.22,61.0,64.21,1505.8,64.2,2503.6,64.28,533.2,64.29,683.6,64.3,283.5,64.31,2309.9,64.32,596.8
1700000726.0,1452,64.25999999999999,0.04000000000000625,64.24,453.0,64.28,344.5,3852.1,2178.0,64.24,37.9,SELL,3,64.24,453.0,64.23,1060.8,64.22,129.1,64.21,2159.1,64.2,50.1,64.28,344.5,64.29,298.0,64.3,979.3,64.31,493.1,64.32,63.1
1700000726.5,1453,64.26,0.060000000000002274,64.23,406.6,64.29,16.2,2682.7000000000003,2410.1,64.29,37.3,BUY,2,64.23,406.6,64.22,385.0,64.21,395.3,64.2,1219.4,64.19,276.4,64.29,16.2,64.3,52.3,64.31,1287.0,64.32,101.2,64.33,953.4
1700000727.0,1454,64.26,0.060000000000002274,64.23,231.5,64.29,96.4,4077.0,1211.1,64.29,5.0,BUY,4,64.23,231.5,64.22,1334.4,64.21,1000.0,64.2,212.6,64.19,1298.5,64.29,96.4,64.3,96.3,64.31,219.3,64.32,285.4,64.33,513.7
1700000727.5,1455,64.26,0.060000000000002274,64.23,59.5,64.29,595.2,3462.9,2745.5,64.23,5.0,SELL,4,64.23,59.5,64.22,751.5,64.21,2342.0,64.2,241.6,64.19,68.3,64.29,595.2,64.3,660.9,64.31,720.2,64.32,562.1,64.33,207.1
1700000728.0,1456,64.26,0.060000000000002274,64.23,1227.8,64.29,219.0,5093.3,7953.2,64.29,16.7,BUY,3,64.23,1227.8,64.22,82.4,64.21,1488.3,64.2,2038.8,64.19,256.0,64.29,219.0,64.3,1682.9,64.31,1168.4,64.32,2877.1,64.33,2005.8
1700000728.5,1457,64.26,0.060000000000002274,64.23,282.9,64.29,149.2,2489.0,5162.9,64.23,76.1,SELL,2,64.23,282.9,64.22,981.4,64.21,439.3,64.2,260.6,64.19,524.8,64.29,149.2,64.3,425.3,64.31,1383.7,64.32,466.4,64.33,2738.3
1700000729.0,1458,64.26,0.060000000000002274,64.23,569.8,64.29,89.3,2951.3999999999996,4683.0,64.23,55.3,SELL,1,64.23,569.8,64.22,148.8,64.21,1296.8,64.2,255.3,64.19,680.7,64.29,89.3,64.3,1447.4,64.31,875.5,64.32,1080.2,64.33,1190.6
1700000729.5,1459,64.27,0.060000000000002274,64.24,485.6,64.3,626.8,3215.0,3013.4,64.3,8.8,BUY,1,64.24,485.6,64.23,89.3,64.22,1404.3,64.21,374.6,64.2,861.2,64.3,626.8,64.31,220.9,64.32,1529.3,64.33,146.1,64.34,490.3
1700000730.0,1460,64.27,0.060000000000002274,64.24,357.8,64.3,651.1,2986.4,2098.5,64.24,22.9,SELL,2,64.24,357.8,64.23,185.5,64.22,332.1,64.21,1795.7,64.2,315.3,64.3,651.1,64.31,117.2,64.32,320.3,64.33,684.4,64.34,325.5
1700000730.5,1461,64.27000000000001,0.04000000000000625,64.25,419.2,64.29,311.3,10396.7,2637.5,64.29,38.2,BUY,3,64.25,419.2,64.24,1383.0,64.23,410.0,64.22,3524.3,64.21,4660.2,64.29,311.3,64.3,91.4,64.31,472.0,64.32,298.8,64.33,1464.0
1700000731.0,1462,64.27000000000001,0.04000000000000625,64.25,364.0,64.29,911.8,2959.5,5123.3,64.29,66.1,BUY,4,64.25,364.0,64.24,132.6,64.23,428.7,64.22,1544.4,64.21,489.8,64.29,911.8,64.3,271.5,64.31,2747.0,64.32,628.1,64.33,564.9
1700000731.5,1463,64.28,0.060000000000002274,64.25,741.0,64.31,303.7,2344.5,1935.1,64.25,26.0,SELL,3,64.25,741.0,64.24,105.9,64.23,344.0,64.22,860.6,64.21,293.0,64.31,303.7,64.32,380.6,64.33,265.1,64.34,497.6,64.35,488.1
1700000732.0,1464,64.28,0.060000000000002274,64.25,106.4,64.31,536.8,2073.8999999999996,6153.1,64.31,26.4,BUY,1,64.25,106.4,64.24,10.0,64.23,486.4,64.22,443.9,64.21,1027.2,64.31,536.8,64.32,17.6,64.33,1818.4,64.34,2526.4,64.35,1253.9
1700000732.5,1465,64.28,0.060000000000002274,64.25,1296.2,64.31,111.0,3665.4,4082.0000000000005,64.31,10.2,BUY,2,64.25,1296.2,64.24,75.6,64.23,401.3,64.22,565.2,64.21,1327.1,64.31,111.0,64.32,1914.2,64.33,781.6,64.34,850.4,64.35,424.8
1700000733.0,1466,64.27,0.060000000000002274,64.24,443.0,64.3,861.9,2502.4,5330.0,64.24,39.0,SELL,1,64.24,443.0,64.23,14.3,64.22,888.9,64.21,497.8,64.2,658.4,64.3,861.9,64.31,1192.7,64.32,1208.7,64.33,697.0,64.34,1369.7
1700000733.5,1467,64.27,0.060000000000002274,64.24,297.0,64.3,305.4,4757.700000000001,2288.2999999999997,64.3,80.4,BUY,1,64.24,297.0,64.23,1260.6,64.22,1140.2,64.21,820.5,64.2,1239.4,64.3,305.4,64.31,136.3,64.32,10.0,64.33,1608.9,64.34,227.7
1700000734.0,1468,64.28,0.060000000000002274,64.25,650.7,64.31,266.5,1856.2,2183.4,64.25,35.3,SELL,1,64.25,650.7,64.24,388.6,64.23,204.1,64.22,295.8,64.21,317.0,64.31,266.5,64.32,113.6,64.33,488.8,64.34,1059.4,64.35,255.1
1700000734.5,1469,64.28,0.060000000000002274,64.25,102.0,64.31,366.0,3138.3999999999996,6196.7,64.31,36.8,BUY,2,64.25,102.0,64.24,87.3,64.23,136.7,64.22,1837.1,64.21,975.3,64.31,366.0,64.32,664.4,64.33,1153.5,64.34,230.7,64.35,3782.1
1700000735.0,1470,64.28,0.060000000000002274,64.25,103.2,64.31,508.2,3564.2999999999997,2138.8,64.25,24.2,SELL,2,64.25,103.2,64.24,318.1,64.23,1045.8,64.22,1912.8,64.21,184.4,64.31,508.2,64.32,142.4,64.33,518.7,64.34,233.2,64.35,736.3
1700000735.5,1471,64.28,0.060000000000002274,64.25,529.7,64.31,58.5,2004.5,2131.5,64.25,86.6,SELL,1,64.25,529.7,64.24,73.7,64.23,368.9,64.22,839.4,64.21,192.8,64.31,58.5,64.32,19.4,64.33,103.3,64.34,1819.3,64.35,131.0
1700000736.0,1472,64.28,0.060000000000002274,64.25,355.9,64.31,74.8,6243.4,2287.2,64.31,32.0,BUY,1,64.25,355.9,64.24,157.2,64.23,2321.5,64.22,3354.3,64.21,54.5,64.31,74.8,64.32,134.8,64.33,271.7,64.34,1002.3,64.35,803.6
1700000736.5,1473,62.455,0.04999999999999716,62.43,651.1,62.48,57.5,4893.300000000001,1715.4,62.48,5.0,BUY,1,62.43,651.1,62.42,1789.8,62.41,665.2,62.4,427.8,62.39,1359.4,62.48,57.5,62.49,80.6,62.5,167.8,62.51,437.3,62.52,972.2
1700000737.0,1474,62.459999999999994,0.03999999999999915,62.44,346.9,62.48,1813.0,2748.6,4029.2999999999997,62.44,83.8,SELL,1,62.44,346.9,62.43,207.0,62.42,700.6,62.41,1119.1,62.4,375.0,62.48,1813.0,62.49,406.0,62.5,1090.2,62.51,401.5,62.52,318.6
1700000737.5,1475,62.459999999999994,0.03999999999999915,62.44,764.4,62.48,577.3,3806.0,4959.5,62.48,37.3,BUY,2,62.44,764.4,62.43,367.7,62.42,1444.4,62.41,1016.1,62.4,213.4,62.48,577.3,62.49,68.3,62.5,414.3,62.51,521.8,62.52,3377.8
1700000738.0,1476,62.47,0.03999999999999915,62.45,669.5,62.49,184.9,3350.0,2294.2,62.49,47.6,BUY,3,62.45,669.5,62.44,245.2,62.43,766.1,62.42,501.5,62.41,1167.7,62.49,184.9,62.5,12.4,62.51,548.4,62.52,1300.6,62.53,247.9
1700000738.5,1477,62.47,0.03999999999999915,62.45,85.2,62.49,768.8,4730.3,10279.8,62.45,41.7,SELL,2,62.45,85.2,62.44,817.7,62.43,2317.8,62.42,251.0,62.41,1258.6,62.49,768.8,62.5,604.1,62.51,413.8,62.52,2028.2,62.53,6464.9
1700000739.0,1478,62.47,0.060000000000002274,62.44,163.5,62.5,243.0,2967.2,1782.7,62.44,5.0,SELL,5,62.44,163.5,62.43,30.8,62.42,831.9,62.41,215.3,62.4,1725.7,62.5,243.0,62.51,170.8,62.52,238.4,62.53,256.1,62.54,874.4
1700000739.5,1479,62.47,0.03999999999999915,62.45,96.1,62.49,779.5,1429.0999999999997,4542.6,62.47,0.0,BUY,0,62.45,96.1,62.44,1238.1,62.43,10.0,62.42,13.1,62.41,71.8,62.49,779.5,62.5,1317.9,62.51,378.0,62.52,482.4,62.53,1584.8
1700000740.0,1480,62.459999999999994,0.03999999999999915,62.44,545.2,62.48,76.5,4723.4,2585.0,62.44,20.9,SELL,2,62.44,545.2,62.43,767.7,62.42,1550.6,62.41,500.1,62.4,1359.8,62.48,76.5,62.49,425.8,62.5,36.6,62.51,1288.2,62.52,757.9
1700000740.5,1481,62.47,0.03999999999999915,62.45,216.6,62.49,677.2,3249.1,4654.7,62.45,22.1,SELL,1,62.45,216.6,62.44,18.7,62.43,384.6,62.42,1230.2,62.41,1399.0,62.49,677.2,62.5,705.9,62.51,24.7,62.52,245.7,62.53,3001.2
1700000741.0,1482,62.47,0.03999999999999915,62.45,482.3,62.49,497.9,2151.6,8002.3,62.45,31.2,SELL,3,62.45,482.3,62.44,1095.7,62.43,220.2,62.42,341.0,62.41,12.4,62.49,497.9,62.5,800.8,62.51,2736.2,62.52,3204.8,62.53,762.6
1700000741.5,1483,62.47,0.060000000000002274,62.44,150.5,62.5,72.8,2874.7,2649.1000000000004,62.5,44.4,BUY,2,62.44,150.5,62.43,387.1,62.42,905.9,62.41,45.1,62.4,1386.1,62.5,72.8,62.51,716.6,62.52,916.6,62.53,241.4,62.54,701.7
1700000742.0,1484,62.47,0.060000000000002274,62.44,1187.4,62.5,44.3,3593.7,1382.8,62.5,47.2,BUY,2,62.44,1187.4,62.43,610.5,62.42,1034.4,62.41,444.7,62.4,316.7,62.5,44.3,62.51,656.5,62.52,512.2,62.53,114.6,62.54,55.2
1700000742.5,1485,62.47,0.060000000000002274,62.44,193.4,62.5,596.7,3695.1,3070.4,62.5,14.9,BUY,3,62.44,193.4,62.43,269.0,62.42,776.3,62.41,1334.3,62.4,1122.1,62.5,596.7,62.51,140.0,62.52,819.2,62.53,458.5,62.54,1056.0
1700000743.0,1486,62.459999999999994,0.03999999999999915,62.44,44.9,62.48,717.2,1175.1999999999998,2165.7999999999997,62.48,29.0,BUY,1,62.44,44.9,62.43,33.9,62.42,166.4,62.41,887.9,62.4,42.1,62.48,717.2,62.49,651.3,62.5,524.1,62.51,139.1,62.52,134.1
1700000743.5,1487,62.455,0.04999999999999716,62.43,169.2,62.48,442.7,3290.5,4436.6,62.48,74.5,BUY,3,62.43,169.2,62.42,1505.9,62.41,1171.4,62.4,62.9,62.39,381.1,62.48,442.7,62.49,1207.4,62.5,1749.5,62.51,987.1,62.52,49.9
1700000744.0,1488,62.45,0.05999999999999517,62.42,342.2,62.48,222.6,2588.7999999999997,2166.0,62.48,18.3,BUY,1,62.42,342.2,62.41,538.8,62.4,578.1,62.39,16.6,62.38,1113.1,62.48,222.6,62.49,331.6,62.5,48.5,62.51,31.9,62.52,1531.4
1700000744.5,1489,62.455,0.04999999999999716,62.43,859.1,62.48,54.9,5671.700000000001,3264.7,62.455,0.0,BUY,0,62.43,859.1,62.42,2041.9,62.41,180.3,62.4,10.0,62.39,2580.4,62.48,54.9,62.49,738.1,62.5,382.7,62.51,1631.3,62.52,457.7
1700000745.0,1490,62.455,0.04999999999999716,62.43,1572.4,62.48,570.8,7326.1,2209.0,62.43,86.8,SELL,1,62.43,1572.4,62.42,2198.5,62.41,653.9,62.4,1225.8,62.39,1675.5,62.48,570.8,62.49,477.6,62.5,201.1,62.51,717.7,62.52,241.8
1700000745.5,1491,62.455,0.04999999999999716,62.43,322.0,62.48,103.0,3720.5,4102.4,62.48,67.9,BUY,1,62.43,322.0,62.42,539.1,62.41,1201.9,62.4,341.5,62.39,1316.0,62.48,103.0,62.49,811.2,62.5,272.4,62.51,2192.3,62.52,723.5
1700000746.0,1492,62.455,0.04999999999999716,62.43,411.9,62.48,159.5,5677.2,1219.3,62.48,58.5,BUY,1,62.43,411.9,62.42,1265.9,62.41,859.3,62.4,3041.2,62.39,98.9,62.48,159.5,62.49,640.4,62.5,307.3,62.51,48.5,62.52,63.6
1700000746.5,1493,62.45,0.05999999999999517,62.42,571.6,62.48,340.0,3727.7000000000003,6551.3,62.42,109.7,SELL,1,62.42,571.6,62.41,593.3,62.4,841.9,62.39,505.9,62.38,1215.0,62.48,340.0,62.49,859.8,62.5,753.1,62.51,2386.2,62.52,2212.2
1700000747.0,1494,62.455,0.04999999999999716,62.43,893.8,62.48,1069.1,4400.8,6482.5,62.455,0.0,BUY,0,62.43,893.8,62.42,139.7,62.41,318.1,62.4,277.8,62.39,2771.4,62.48,1069.1,62.49,539.2,62.5,1453.6,62.51,1775.8,62.52,1644.8
1700000747.5,1495,62.455,0.04999999999999716,62.43,1740.8,62.48,365.6,6252.3,919.8,62.455,0.0,BUY,0,62.43,1740.8,62.42,344.6,62.41,754.5,62.4,950.6,62.39,2461.8,62.48,365.6,62.49,239.7,62.5,41.0,62.51,61.7,62.52,211.8
1700000748.0,1496,62.455,0.04999999999999716,62.43,383.7,62.48,215.5,6725.1,1263.8,62.43,40.1,SELL,1,62.43,383.7,62.42,243.6,62.41,1263.2,62.4,3132.6,62.39,1702.0,62.48,215.5,62.49,11.0,62.5,262.1,62.51,762.9,62.52,12.3
1700000748.5,1497,62.459999999999994,0.03999999999999915,62.44,1390.3,62.48,62.9,5163.700000000001,2755.9000000000005,62.44,5.0,SELL,1,62.44,1390.3,62.43,231.0,62.42,2478.3,62.41,424.6,62.4,639.5,62.48,62.9,62.49,997.2,62.5,244.9,62.51,341.0,62.52,1109.9
1700000749.0,1498,62.46,0.060000000000002274,62.43,526.3,62.49,1551.8,6185.0,8223.099999999999,62.43,26.8,SELL,2,62.43,526.3,62.42,277.6,62.41,1690.0,62.4,2664.4,62.39,1026.7,62.49,1551.8,62.5,256.0,62.51,1465.8,62.52,183.6,62.53,4765.9
1700000749.5,1499,62.46,0.060000000000002274,62.43,24.1,62.49,879.4,1711.2,2487.1,62.49,68.2,BUY,1,62.43,24.1,62.42,969.7,62.41,361.0,62.4,156.6,62.39,199.8,62.49,879.4,62.5,541.5,62.51,195.6,62.52,263.3,62.53,607.3
